entity_iri	sample_id_ecology	trip_ecology	site_ecology	compartment_ecology	measurement_date_ecology	ph_value_ecology	slope_percent_ecology	ph10_check_ecology	sample_id_successor	trip_successor	site_successor	compartment_successor	measurement_date_successor	ph_value_successor	slope_percent_successor	ph10_check_successor	disposition
https://rubalkhali.science/kb/RAK_PH_VALUE_6301b81829cf19e75b2b28431485429501acc9ede53b5e365dae6d4d825ee0fc									S41Dr1	4	41	Deep	2026-08-02	8.24	97.8	10.03	ADDED_IN_SUCCESSOR
https://rubalkhali.science/kb/RAK_PH_VALUE_d67c3970c6e493663107a823194d3ff11f5ec1c5c61f636f19ed266b174db7fb									S41PRr1	4	41	Rhizosphere	2026-08-02	8.18	97.8	10.03	ADDED_IN_SUCCESSOR
https://rubalkhali.science/kb/RAK_PH_VALUE_869bbe4c3e55f495cef6eb4abd5fa6a35b54b324eda6ef1a097958bfb3d7fb69									S41Sr1	4	41	Surface	2026-08-02	8.33	97.8	10.03	ADDED_IN_SUCCESSOR
https://rubalkhali.science/kb/RAK_PH_VALUE_0ef9996a651820469688720e7588ea25f779437e3d5bb5c1abdc65e07430b247									S42Dr1	4	42	Deep	2026-08-02	8.36	97.8	10.03	ADDED_IN_SUCCESSOR
https://rubalkhali.science/kb/RAK_PH_VALUE_c6f3b96131fca6a5e622912fbec59ec2c6350aa7391fd2cd66a0ed679817ffd9									S42PRr1	4	42	Rhizosphere	2026-08-02	8.21	97.8	10.03	ADDED_IN_SUCCESSOR
https://rubalkhali.science/kb/RAK_PH_VALUE_69c608f83d9b46478e51632058ec1ef835fe4c097dff12786f21d06f709196b9									S42Sr1	4	42	Surface	2026-08-02	8.41	97.8	10.03	ADDED_IN_SUCCESSOR
https://rubalkhali.science/kb/RAK_PH_VALUE_f6b994b2262f55c7962e66f00189a26936e4120799cb2aad6048785b61a54175									S43Dr1	4	43	Deep	2026-08-02	8.22	97.8	10.03	ADDED_IN_SUCCESSOR
https://rubalkhali.science/kb/RAK_PH_VALUE_b545896622f8bb1d15851f1a17d29a7dd7eec42ba6dc6b169cbb2858cecfeacb									S43PRr1	4	43	Rhizosphere	2026-08-02	8.09	97.8	10.03	ADDED_IN_SUCCESSOR
https://rubalkhali.science/kb/RAK_PH_VALUE_506a892e6ef1ba02f66952727c6b33b03d060898430d3b1423429a43c822b3a8									S43Sr1	4	43	Surface	2026-08-02	8.27	97.8	10.03	ADDED_IN_SUCCESSOR
https://rubalkhali.science/kb/RAK_PH_VALUE_f0a5600f9172b7f3f618f19f7835470074aaad7bc1b4a0ebc98a16b2ae171523									S44Dr1	4	44	Deep	2026-08-02	8.21	97.8	10.03	ADDED_IN_SUCCESSOR
https://rubalkhali.science/kb/RAK_PH_VALUE_d4f9db1da626ac172adb5cfa0b945aab0a4a09a8ebd7fda0b6953e2b05a77cdd									S44PRr1	4	44	Rhizosphere	2026-08-02	8.1	97.8	10.03	ADDED_IN_SUCCESSOR
https://rubalkhali.science/kb/RAK_PH_VALUE_c53586cd001e26b44adf6705bb63d3922f59b62303c35fb721593ebe171f4aff									S44Sr1	4	44	Surface	2026-08-02	8.25	97.8	10.03	ADDED_IN_SUCCESSOR
https://rubalkhali.science/kb/RAK_PH_VALUE_22e58ac29951a85c62f3d29bba1d8cd66091eccd6a2b68a196b379e792c3d9a5									S45Dr1	4	45	Deep	2026-08-02	8.21	97.8	10.03	ADDED_IN_SUCCESSOR
https://rubalkhali.science/kb/RAK_PH_VALUE_65ccea185099e3d988d86cb0175a9cd0e34c6c7d67972b82817e4f83101eb5bd									S45PRr1	4	45	Rhizosphere	2026-08-02	8.1	97.8	10.03	ADDED_IN_SUCCESSOR
https://rubalkhali.science/kb/RAK_PH_VALUE_b97eb5cd4181db44158afc6facae8b57d0dc2302d1c7df9b12568c931b296e6d									S45Sr1	4	45	Surface	2026-08-02	8.13	97.8	10.03	ADDED_IN_SUCCESSOR
https://rubalkhali.science/kb/RAK_PH_VALUE_c9ece38cada7539053f32971c77efd3599bffbf6850e6268d4ed5b079d978e52									S46Dr1	4	46	Deep	2026-08-02	8.23	97.8	10.03	ADDED_IN_SUCCESSOR
https://rubalkhali.science/kb/RAK_PH_VALUE_f074c46df6ff85d3846722978617b8c7a94e25ad5c8f1cc97f726148fb2604fb									S46PRr1	4	46	Rhizosphere	2026-08-02	7.96	97.8	10.03	ADDED_IN_SUCCESSOR
https://rubalkhali.science/kb/RAK_PH_VALUE_862cbfa702ff21f5a136ea7a243dc62d253e8850d1ce84d33dfb16ed50c146fb									S46Sr1	4	46	Surface	2026-08-02	8.16	97.8	10.03	ADDED_IN_SUCCESSOR
https://rubalkhali.science/kb/RAK_PH_VALUE_a284a2a53912f95892cb6cccc717dd84c59b49227ed75d2f8a70864a9b2f5f19									S47Dr1	4	47	Deep	2026-08-02	8.1	97.8	10.03	ADDED_IN_SUCCESSOR
https://rubalkhali.science/kb/RAK_PH_VALUE_57034a44cad40a950590788a195dcd1948046c723e9fc26ada4e99ef008425f6									S47PRr1	4	47	Rhizosphere	2026-08-02	8.19	97.8	10.03	ADDED_IN_SUCCESSOR
https://rubalkhali.science/kb/RAK_PH_VALUE_37dc3a2f51629670aab8444a2ace72b3acc52e4d5d446321988640c825bd431d									S47Sr1	4	47	Surface	2026-08-02	8.13	97.8	10.03	ADDED_IN_SUCCESSOR
https://rubalkhali.science/kb/RAK_PH_VALUE_e3b1f5935374d4cf0e6b941cc8357b25c747766af7b42bb626c99dafc3048ad6									S48Dr1	4	48	Deep	2026-08-02	8.11	97.8	10.03	ADDED_IN_SUCCESSOR
https://rubalkhali.science/kb/RAK_PH_VALUE_6c4ceeb482efa78be5b14c7d5101b85c92d7bf48eb261ed322257ed808f7e3cf									S48PRr1	4	48	Rhizosphere	2026-08-02	8.2	97.8	10.03	ADDED_IN_SUCCESSOR
https://rubalkhali.science/kb/RAK_PH_VALUE_6183ffd8722ec7376d3c70f6239fce3ca2565430e242450ebc2849737add3911									S48Sr1	4	48	Surface	2026-08-02	8.28	97.8	10.03	ADDED_IN_SUCCESSOR
https://rubalkhali.science/kb/RAK_PH_VALUE_1e3b6eae612238c34cb42986dea1af6e426c0a9fddfc96f56329a497c72866c0									S49Dr1	4	49	Deep	2026-08-02	8.42	97.8	10.06	ADDED_IN_SUCCESSOR
https://rubalkhali.science/kb/RAK_PH_VALUE_85fca9564be53595af36fe61477486d7bdc0854cdb6f30c4a20d05228010d15e									S49PRr1	4	49	Rhizosphere	2026-08-02	8.28	97.8	10.06	ADDED_IN_SUCCESSOR
https://rubalkhali.science/kb/RAK_PH_VALUE_bc23bdff0b663dbf8c9bb76efadfe858630bab6749ada0f98e9c978d37f980d8									S49Sr1	4	49	Surface	2026-08-02	8.31	97.8	10.03	ADDED_IN_SUCCESSOR
https://rubalkhali.science/kb/RAK_PH_VALUE_226f477a4c2760b8a3295c369b82bc98d72c698003fcb271d43780f0e990115f									S50Dr1	4	50	Deep	2026-08-02	8.36	97.8	10.06	ADDED_IN_SUCCESSOR
https://rubalkhali.science/kb/RAK_PH_VALUE_bf466492786cef2f6367d2f49ab84dbd7763328cff6d80792786184a4ce82976									S50PRr1	4	50	Rhizosphere	2026-08-02	8.21	97.8	10.06	ADDED_IN_SUCCESSOR
https://rubalkhali.science/kb/RAK_PH_VALUE_6bbafb6fdde9ae7771dd86e73a5419ef3f6cd0831f0d4cc27c363881a66d0c6a									S50Sr1	4	50	Surface	2026-08-02	8.45	97.8	10.06	ADDED_IN_SUCCESSOR
https://rubalkhali.science/kb/RAK_PH_VALUE_77162d464e78dd5a323adcce223fd5c9b854639da47432cae75e3861a4695fac									S51Dr1	4	51	Deep	2026-08-02	7.93	97.8	10.06	ADDED_IN_SUCCESSOR
https://rubalkhali.science/kb/RAK_PH_VALUE_7bc78721d00db3a7c1c1433dcc3d79ef327ee3ad93addce477349236b518d2e1									S51PRr1	4	51	Rhizosphere	2026-08-02	7.84	97.8	10.06	ADDED_IN_SUCCESSOR
https://rubalkhali.science/kb/RAK_PH_VALUE_600852e91f510d65dc914e769e48f3a0e63cdc72143002f5ac99cfa2a7c65a5f									S51Sr1	4	51	Surface	2026-08-02	7.81	97.8	10.06	ADDED_IN_SUCCESSOR
https://rubalkhali.science/kb/RAK_PH_VALUE_8763f52fa532e09017d1c08a7f027e73dfece15f775e28289e1a1fb9ec968170									S52Dr1	4	52	Deep	2026-08-02	8.37	97.8	10.06	ADDED_IN_SUCCESSOR
https://rubalkhali.science/kb/RAK_PH_VALUE_83e3128d2d0be83adc0cda6490b3d89c10cb39f2b281dd7fa84acbef3027b341									S52PRr1	4	52	Rhizosphere	2026-08-02	8.4	97.8	10.06	ADDED_IN_SUCCESSOR
https://rubalkhali.science/kb/RAK_PH_VALUE_20c9f3e9eeb7cdf2cefebb7dbd9642d7a17043cf68ae21ce36b354223d5a5926									S52Sr1	4	52	Surface	2026-08-02	8.25	97.8	10.06	ADDED_IN_SUCCESSOR
https://rubalkhali.science/kb/RAK_PH_VALUE_f1721f0d4024f79ce65782506a80fa5edef53575320ab113948e04ed0440537d									S53Dr1	4	53	Deep	2026-08-02	8.16	97.8	10.06	ADDED_IN_SUCCESSOR
https://rubalkhali.science/kb/RAK_PH_VALUE_5f44673741c0e4843d0e9da67b4ae7d7aab5a141adb0b23ed55b404c72acd963									S53PRr1	4	53	Rhizosphere	2026-08-02	8.1	97.8	10.06	ADDED_IN_SUCCESSOR
https://rubalkhali.science/kb/RAK_PH_VALUE_b77d843c011ca116c7a4c6ead438999d690718d70ff58c9cc4c32c58bd518275									S53Sr1	4	53	Surface	2026-08-02	8.18	97.8	10.06	ADDED_IN_SUCCESSOR
https://rubalkhali.science/kb/RAK_PH_VALUE_907c1057a81330030b4de4276cf5f553dde712bc9a97fe3c7df9ffb8793b7b2b									S54Dr1	4	54	Deep	2026-08-02	8.29	97.8	10.06	ADDED_IN_SUCCESSOR
https://rubalkhali.science/kb/RAK_PH_VALUE_454853b8fcd59d0ee3dc1c26d2a46715228ec37c4591285030ef8791df815603									S54PRr1	4	54	Rhizosphere	2026-08-02	8.22	97.8	10.06	ADDED_IN_SUCCESSOR
https://rubalkhali.science/kb/RAK_PH_VALUE_4cee9f9f13128ebf165abdd6c9c8701909e00f2b66aca5f818530a3a21b6d2bd									S54Sr1	4	54	Surface	2026-08-02	8.49	97.8	10.06	ADDED_IN_SUCCESSOR
https://rubalkhali.science/kb/RAK_PH_VALUE_8596427b82e721117ce837b8cb5e76796f739f8cf381d45d3b8855d749a83543									S55Dr1	4	55	Deep	2026-08-02	8.31	97.8	10.06	ADDED_IN_SUCCESSOR
https://rubalkhali.science/kb/RAK_PH_VALUE_f9db98094edd971372dfa580fe485ac8a737c06453132570108321f6b7566298									S55PRr1	4	55	Rhizosphere	2026-08-02	8.34	97.8	10.06	ADDED_IN_SUCCESSOR
https://rubalkhali.science/kb/RAK_PH_VALUE_6b7129cc757d04e31a250eb98eee7c1b3c52a4ab2c700cf5ef05eddb27995381									S55Sr1	4	55	Surface	2026-08-02	8.27	97.8	10.06	ADDED_IN_SUCCESSOR
https://rubalkhali.science/kb/RAK_PH_VALUE_b72e3620258836150c03d432610a373cbb7379a9d82c46cbe6cb08b7f4185bb3									S56Dr1	4	56	Deep	2026-08-02	8.39	97.8	10.06	ADDED_IN_SUCCESSOR
https://rubalkhali.science/kb/RAK_PH_VALUE_b24d8fd85d26958265fb16090e4e29096125e6ca2c3531041085bba883afc67e									S56PRr1	4	56	Rhizosphere	2026-08-02	8.29	97.8	10.06	ADDED_IN_SUCCESSOR
https://rubalkhali.science/kb/RAK_PH_VALUE_fbc3a5d1308e6881bca2589f50d9459898ac38dbdeee8c14fc013c80efa5a534									S56Sr1	4	56	Surface	2026-08-02	8.42	97.8	10.06	ADDED_IN_SUCCESSOR
https://rubalkhali.science/kb/RAK_PH_VALUE_724ccc4347e2635c04e9ab5fe618b49d9ae43d56f522e5d06412847ba6fdf08f									S57PRr1	4	57	Rhizosphere	2026-08-02	8.32	97.8	10.06	ADDED_IN_SUCCESSOR
https://rubalkhali.science/kb/RAK_PH_VALUE_725298b8803b70972c0e02f86af19fa6e9c2b572265893b13fb037c37e1c4b72									S57Sr1	4	57	Surface	2026-08-02	8.43	97.8	10.06	ADDED_IN_SUCCESSOR
https://rubalkhali.science/kb/RAK_PH_VALUE_3170aa5cbebb5c1c87e47bdb06cb333b0ad6a571e57f34c38874f180f1612f8c									S58Dr1	4	58	Deep	2026-08-02	8.34	97.8	10.07	ADDED_IN_SUCCESSOR
https://rubalkhali.science/kb/RAK_PH_VALUE_e3ea15ea7a5f813460cb82307473eae5e05cae81fc82f29e8b3a01ccfa85e507									S58PRr1	4	58	Rhizosphere	2026-08-02	8.24	97.8	10.07	ADDED_IN_SUCCESSOR
https://rubalkhali.science/kb/RAK_PH_VALUE_89e135055524eece74f838759499916885fa81ac513d269a42d9969dae1cb1bc									S58Sr1	4	58	Surface	2026-08-02	8.54	97.8	10.07	ADDED_IN_SUCCESSOR
https://rubalkhali.science/kb/RAK_PH_VALUE_266bb0679fd500bbd9a0d54effd6d1f49bcd681f521847061090f6cd1908b954									S59Dr1	4	59	Deep	2026-08-02	8.36	97.8	10.07	ADDED_IN_SUCCESSOR
https://rubalkhali.science/kb/RAK_PH_VALUE_19e31fb21bcf555e930d685d6e9b76248e7f4f29a98857bf4f7efef9773936ba									S59PRr1	4	59	Rhizosphere	2026-08-02	8.47	97.8	10.07	ADDED_IN_SUCCESSOR
https://rubalkhali.science/kb/RAK_PH_VALUE_32bb1de9f785b9fbd86b14dd2ef141b2002b1e41f4e8091c3ab0224e50a1872d									S59Sr1	4	59	Surface	2026-08-02	8.45	97.8	10.07	ADDED_IN_SUCCESSOR
https://rubalkhali.science/kb/RAK_PH_VALUE_eb5c983cdfa76a983af22146a8dc93bfdd790e33a44d5ffd2b950298d425e502									S60Dr1	4	60	Deep	2026-08-02	7.94	97.8	10.07	ADDED_IN_SUCCESSOR
https://rubalkhali.science/kb/RAK_PH_VALUE_8888b6e9fb0dc89df74fd31ffaebcc62c98b4d5a2e1a16d1a01c63bab24e7636									S60PRr1	4	60	Rhizosphere	2026-08-02	9.98	97.8	10.07	ADDED_IN_SUCCESSOR
https://rubalkhali.science/kb/RAK_PH_VALUE_d93382d58f0e9e8690e52719ae9186efe498b9fd675de361e9ba6c70ebe2ad77									S60Sr1	4	60	Surface	2026-08-02	8.17	97.8	10.07	ADDED_IN_SUCCESSOR
https://rubalkhali.science/kb/RAK_PH_VALUE_e185aa0df0628e1f9cc47ac6ec3cf173ede8b5b0567327497c3353e071e0bd38	1Dr1	1.0	1.0	Deep	2026-07-21	8.0	97.4	10.06	1Dr1	1	1	Deep	2026-07-21	8.0	97.4	10.06	UNCHANGED
https://rubalkhali.science/kb/RAK_PH_VALUE_2dd21b7ee3194cbe193d0d8f2c612a04959f5e10baa737850ff628df602709da	1Dr2	1.0	1.0	Deep	2026-07-21	7.99	97.4	10.06	1Dr2	1	1	Deep	2026-07-21	7.99	97.4	10.06	UNCHANGED
https://rubalkhali.science/kb/RAK_PH_VALUE_f983e039a59b5544aaa581ff346accd07f401384602a3c563fd00a33d3277492	1Dr3	1.0	1.0	Deep	2026-07-21	8.0	97.4	10.06	1Dr3	1	1	Deep	2026-07-21	8.0	97.4	10.06	UNCHANGED
https://rubalkhali.science/kb/RAK_PH_VALUE_b54e2a0679107fec7c681161a951a611cc1f00caa45b6faf555d7cb12562215b	1PRr3	1.0	1.0	Rhizosphere	2026-07-21	7.95	97.4	10.06	1PRr3	1	1	Rhizosphere	2026-07-21	7.95	97.4	10.06	UNCHANGED
https://rubalkhali.science/kb/RAK_PH_VALUE_11a779a45483e95f6676fce2c39fe9baa8cc3b6ee8a4a00a16e662a08c1c1e2e	1Sr1	1.0	1.0	Surface	2026-07-21	7.99	97.4	10.06	1Sr1	1	1	Surface	2026-07-21	7.99	97.4	10.06	UNCHANGED
https://rubalkhali.science/kb/RAK_PH_VALUE_d520eea386e3b406026d9a649441b093ad37907320ed4456c57b9a665730c9f9	1Sr2	1.0	1.0	Surface	2026-07-21	8.0	97.4	10.06	1Sr2	1	1	Surface	2026-07-21	8.0	97.4	10.06	UNCHANGED
https://rubalkhali.science/kb/RAK_PH_VALUE_983086b7a8b8c472059ae61a8f566171107f88cdc26de9b2cb7c3be95dc0aa6a	1Sr3	1.0	1.0	Surface	2026-07-21	7.98	97.4	10.06	1Sr3	1	1	Surface	2026-07-21	7.98	97.4	10.06	UNCHANGED
https://rubalkhali.science/kb/RAK_PH_VALUE_f6b5546098570e5cc95957b350b0fdf70d27d78e013947fb61527bbe902e338e	2Dr2	1.0	2.0	Deep	2026-07-22	8.07	96.1	10.06	2Dr2	1	2	Deep	2026-07-22	8.07	96.1	10.06	UNCHANGED
https://rubalkhali.science/kb/RAK_PH_VALUE_d5a24e6e252649105ee1ada914b2cf06b406ae90ca7950999e9e62846fe752f7	2PRr2	1.0	2.0	Rhizosphere	2026-07-22	7.9	96.1	10.06	2PRr2	1	2	Rhizosphere	2026-07-22	7.9	96.1	10.06	UNCHANGED
https://rubalkhali.science/kb/RAK_PH_VALUE_d773e36bf5db165636da61130dd8e6fec2791635273f0e6f9d900fc0be6ab533	2Sr1	1.0	2.0	Surface	2026-07-22	8.15	96.1	10.06	2Sr1	1	2	Surface	2026-07-22	8.15	96.1	10.06	UNCHANGED
https://rubalkhali.science/kb/RAK_PH_VALUE_1a6abe234d6957b9c93e84062572184738279637733549e8d7032d7b391753dc	3Dr2	1.0	3.0	Deep	2026-07-22	7.77	96.1	10.06	3Dr2	1	3	Deep	2026-07-22	7.77	96.1	10.06	UNCHANGED
https://rubalkhali.science/kb/RAK_PH_VALUE_17566380cbc3d17fea64316c0a5d4f94a4fefac24e7df17bbe70ef43020a96ee	3PRr1	1.0	3.0	Rhizosphere	2026-07-22	7.65	96.1	10.06	3PRr1	1	3	Rhizosphere	2026-07-22	7.65	96.1	10.06	UNCHANGED
https://rubalkhali.science/kb/RAK_PH_VALUE_5b430c613a865c685e3d69775d480abe87f9f7183cea6b1199f37b73f1a35b1d	3Sr1	1.0	3.0	Surface	2026-07-22	7.84	96.1	10.06	3Sr1	1	3	Surface	2026-07-22	7.84	96.1	10.06	UNCHANGED
https://rubalkhali.science/kb/RAK_PH_VALUE_7762b4d8a03c73512449c3434272c842d01a94253a9c81f9ce6b944625dae0bc	4Dr1	1.0	4.0	Deep	2026-07-22	7.97	96.1	10.06	4Dr1	1	4	Deep	2026-07-22	7.97	96.1	10.06	UNCHANGED
https://rubalkhali.science/kb/RAK_PH_VALUE_5064760a9115c068306131c5c9d509f4a1cf468a5cb09a7529a01b0f2ee09718	4PRr1	1.0	4.0	Rhizosphere	2026-07-22	7.93	96.1	10.06	4PRr1	1	4	Rhizosphere	2026-07-22	7.93	96.1	10.06	UNCHANGED
https://rubalkhali.science/kb/RAK_PH_VALUE_95a5faa6a73165600e0da07f5442350ea73c3eb491750cc105068a6c88866de3	4Sr1	1.0	4.0	Surface	2026-07-22	8.02	96.1	10.06	4Sr1	1	4	Surface	2026-07-22	8.02	96.1	10.06	UNCHANGED
https://rubalkhali.science/kb/RAK_PH_VALUE_921334f2dc95c7e9998f4ca83e0e5083a69aeedd95ce3a043232743e5df1dfb5	5Dr1	1.0	5.0	Deep	2026-07-22	7.99	96.1	10.06	5Dr1	1	5	Deep	2026-07-22	7.99	96.1	10.06	UNCHANGED
https://rubalkhali.science/kb/RAK_PH_VALUE_abed8322a625f0e7479661dea9609e895840094fe2443b58d129b98f0c548843	5Sr1	1.0	5.0	Surface	2026-07-22	8.03	96.1	10.06	5Sr1	1	5	Surface	2026-07-22	8.03	96.1	10.06	UNCHANGED
https://rubalkhali.science/kb/RAK_PH_VALUE_4af00501cc199999460b3461b51e2f0911c575f0d6540a3cf32282facacf1f46	6Dr1	1.0	6.0	Deep	2026-07-22	7.93	96.1	10.06	6Dr1	1	6	Deep	2026-07-22	7.93	96.1	10.06	UNCHANGED
https://rubalkhali.science/kb/RAK_PH_VALUE_bd1a0c8e23d51436a28bfb3bb6fc411bfdc8bf780ca0b6d6d9c96dce5e6b4b5d	6PRr1	1.0	6.0	Rhizosphere	2026-07-22	7.88	96.1	10.06	6PRr1	1	6	Rhizosphere	2026-07-22	7.88	96.1	10.06	UNCHANGED
https://rubalkhali.science/kb/RAK_PH_VALUE_6bb57a47fd808b7b25e2467c2ca9c6cf9bf5c875ea75f7240899fa61081e1121	6Sr1	1.0	6.0	Surface	2026-07-22	7.96	96.1	10.06	6Sr1	1	6	Surface	2026-07-22	7.96	96.1	10.06	UNCHANGED
https://rubalkhali.science/kb/RAK_PH_VALUE_4980dd8d19028f972f2d4c3ff26743d7497687b11b571cac0eafc60e9a55c8f8	7Dr2	1.0	7.0	Deep	2026-07-22	7.95	96.1	10.06	7Dr2	1	7	Deep	2026-07-22	7.95	96.1	10.06	UNCHANGED
https://rubalkhali.science/kb/RAK_PH_VALUE_872ab9d8ee53b4a87d7189a3fa2896d6968671d6d0f4bacadc4f54ff261d29f9	7PRr2	1.0	7.0	Rhizosphere	2026-07-22	7.7	96.1	10.06	7PRr2	1	7	Rhizosphere	2026-07-22	7.7	96.1	10.06	UNCHANGED
https://rubalkhali.science/kb/RAK_PH_VALUE_2043370f25bedfb9688e420a542037eb3355a7660f0dc916033c7e46c24553e5	7Sr2	1.0	7.0	Surface	2026-07-22	8.04	96.1	10.06	7Sr2	1	7	Surface	2026-07-22	8.04	96.1	10.06	UNCHANGED
https://rubalkhali.science/kb/RAK_PH_VALUE_562564efde084680e7d9393a22371bad91014c374a6b3bad7785676d06285fb6	8PRr1	1.0	8.0	Rhizosphere	2026-07-21	7.71	97.4	10.06	8PRr1	1	8	Rhizosphere	2026-07-21	7.71	97.4	10.06	UNCHANGED
https://rubalkhali.science/kb/RAK_PH_VALUE_b8863e612efd6424669165a9b7635f16ac00df78b852ade3ce16ae69d6f314f3	8PRr2	1.0	8.0	Rhizosphere	2026-07-21	7.77	97.4	10.06	8PRr2	1	8	Rhizosphere	2026-07-21	7.77	97.4	10.06	UNCHANGED
https://rubalkhali.science/kb/RAK_PH_VALUE_c8204904a882a119c37538da2f2a451d2b120e6dbf6934ebd5f6fc089bd6ba69	8PRr3	1.0	8.0	Rhizosphere	2026-07-21	7.69	97.4	10.06	8PRr3	1	8	Rhizosphere	2026-07-21	7.69	97.4	10.06	UNCHANGED
https://rubalkhali.science/kb/RAK_PH_VALUE_3e48851a76e07248f14e40047b14cf060ba1f0de5f955096521e33780094681b	8Sr2	1.0	8.0	Surface	2026-07-21	7.4	97.4	10.06	8Sr2	1	8	Surface	2026-07-21	7.4	97.4	10.06	UNCHANGED
https://rubalkhali.science/kb/RAK_PH_VALUE_57614c1ac3750ba8ca160059250b2dd03faa2e2f3a84796e0d9b9e54fdd06125	8Sr3	1.0	8.0	Surface	2026-07-21	7.39	97.4	10.06	8Sr3	1	8	Surface	2026-07-21	7.39	97.4	10.06	UNCHANGED
https://rubalkhali.science/kb/RAK_PH_VALUE_1e83dbaeaf20fa16cff9ec5dccf8c6bc7c1ca0731e5ae29712eafffded687ca4	9Dr1	1.0	9.0	Deep	2026-07-22	7.97	96.1	10.06	9Dr1	1	9	Deep	2026-07-22	7.97	96.1	10.06	UNCHANGED
https://rubalkhali.science/kb/RAK_PH_VALUE_46ebc5c47773e9e8f8f2f29cdfa0567c8cf709b8cfc7c74910da533d38e6b01c	9PRr2	1.0	9.0	Rhizosphere	2026-07-22	7.9	96.1	10.06	9PRr2	1	9	Rhizosphere	2026-07-22	7.9	96.1	10.06	UNCHANGED
https://rubalkhali.science/kb/RAK_PH_VALUE_aaf200184a925ed179a619764494446fe0a70c94dbfc1b03ecc4de984e079ad5	9Sr1	1.0	9.0	Surface	2026-07-22	8.09	96.1	10.06	9Sr1	1	9	Surface	2026-07-22	8.09	96.1	10.06	UNCHANGED
https://rubalkhali.science/kb/RAK_PH_VALUE_78e69a4309de9e8d905f3e288780376725257dfb653beecfd3068cfae84db11c	10Dr2	1.0	10.0	Deep	2026-07-22	7.7	96.1	10.06	10Dr2	1	10	Deep	2026-07-22	7.7	96.1	10.06	UNCHANGED
https://rubalkhali.science/kb/RAK_PH_VALUE_819356d792f67dbcd80ac214f8dc9f6862de2476073536dd993677f51bbf7ba7	10PRr2	1.0	10.0	Rhizosphere	2026-07-22	8.02	96.1	10.06	10PRr2	1	10	Rhizosphere	2026-07-22	8.02	96.1	10.06	UNCHANGED
https://rubalkhali.science/kb/RAK_PH_VALUE_7ce18e514b988133464c844ce3ad7824c212bdaac5493eb51a5fca299a747d47	10Sr2	1.0	10.0	Surface	2026-07-22	8.01	96.1	10.06	10Sr2	1	10	Surface	2026-07-22	8.01	96.1	10.06	UNCHANGED
https://rubalkhali.science/kb/RAK_PH_VALUE_2c9b57eee7064f10adf38a05a0d3f9ab8c030fc457839a9698d855d211e99cb9	11Dr1	1.0	11.0	Deep	2026-07-22	8.13	96.1	10.06	11Dr1	1	11	Deep	2026-07-22	8.13	96.1	10.06	UNCHANGED
https://rubalkhali.science/kb/RAK_PH_VALUE_e06611e49615c7b881840c1997a411a27dbb620aa31040e4f4d77d45062084e6	11PRr3	1.0	11.0	Rhizosphere	2026-07-22	8.01	96.1	10.07	11PRr3	1	11	Rhizosphere	2026-07-22	8.01	96.1	10.07	UNCHANGED
https://rubalkhali.science/kb/RAK_PH_VALUE_e1e0735ee017b07263baaa8657ea5f4ee5a53143f35818322107e983a86623de	11Sr2	1.0	11.0	Surface	2026-07-22	8.12	96.1	10.06	11Sr2	1	11	Surface	2026-07-22	8.12	96.1	10.06	UNCHANGED
https://rubalkhali.science/kb/RAK_PH_VALUE_6f64dac9f729d76729a15ceda27631eb9eafdce280353aff5c2c33cca3b517d2	13Dr1	1.0	13.0	Deep	2026-07-22	8.03	96.1	10.07	13Dr1	1	13	Deep	2026-07-22	8.03	96.1	10.07	UNCHANGED
https://rubalkhali.science/kb/RAK_PH_VALUE_2f5e7c9c8feb89e5f95dc01b61babd4172e50d49a19f02a26a067b18384fa4d8	13Sr2	1.0	13.0	Surface	2026-07-22	8.02	96.1	10.07	13Sr2	1	13	Surface	2026-07-22	8.02	96.1	10.07	UNCHANGED
https://rubalkhali.science/kb/RAK_PH_VALUE_7d1fb16d39321a4fb97d0ec1365adb81beaa4e8a9269457f8275d0dc90e0feef	15Dr1	1.0	15.0	Deep	2026-07-22	7.93	96.1	10.07	15Dr1	1	15	Deep	2026-07-22	7.93	96.1	10.07	UNCHANGED
https://rubalkhali.science/kb/RAK_PH_VALUE_43488ea80455f095c4c9327e8adf4db7573b358621af018aad960734ff5b061f	15PRr2	1.0	15.0	Rhizosphere	2026-07-22	7.8	96.1	10.07	15PRr2	1	15	Rhizosphere	2026-07-22	7.8	96.1	10.07	UNCHANGED
https://rubalkhali.science/kb/RAK_PH_VALUE_92da9ba6bbfb8f6b678e5aeaa4dbe68cbbd240880fa754052d5ac583f2977641	15Sr1	1.0	15.0	Surface	2026-07-22	7.97	96.1	10.07	15Sr1	1	15	Surface	2026-07-22	7.97	96.1	10.07	UNCHANGED
https://rubalkhali.science/kb/RAK_PH_VALUE_3a85145ccf72d4e9841ceba2b49e1c20aac223bc942e84b4ee715a78c230f8f0	16Dr1	1.0	16.0	Deep	2026-07-22	7.91	96.1	10.07	16Dr1	1	16	Deep	2026-07-22	7.91	96.1	10.07	UNCHANGED
https://rubalkhali.science/kb/RAK_PH_VALUE_87a5165684a8209ceb4d12b0ea327d876b848c58118d247ec040cb13dafa17b1	16PRr1	1.0	16.0	Rhizosphere	2026-07-22	7.8	96.1	10.07	16PRr1	1	16	Rhizosphere	2026-07-22	7.8	96.1	10.07	UNCHANGED
https://rubalkhali.science/kb/RAK_PH_VALUE_58026d5185b7d33e7d9f02d4f39c3f97a9f3e0b22a8d7760073d74dac4eb7028	16Sr1	1.0	16.0	Surface	2026-07-22	7.88	96.1	10.07	16Sr1	1	16	Surface	2026-07-22	7.88	96.1	10.07	UNCHANGED
https://rubalkhali.science/kb/RAK_PH_VALUE_4e65b35efc3e674692aae97722eb5b8ae736ecd4ad0e8c2e4516e88be056faf8	17Dr1	1.0	17.0	Deep	2026-07-22	7.99	96.1	10.07	17Dr1	1	17	Deep	2026-07-22	7.99	96.1	10.07	UNCHANGED
https://rubalkhali.science/kb/RAK_PH_VALUE_6133b3fab90068fbb544fd5fb9155e75e0f5e2e69f6c354b80129b3f9d17c08b	17PRr2	1.0	17.0	Rhizosphere	2026-07-22	7.7	96.1	10.07	17PRr2	1	17	Rhizosphere	2026-07-22	7.7	96.1	10.07	UNCHANGED
https://rubalkhali.science/kb/RAK_PH_VALUE_0f4caac428b484795ca365db43415239343dff0ac8aaf2292def3fdb6c4b2b90	17Sr1	1.0	17.0	Surface	2026-07-22	8.01	96.1	10.07	17Sr1	1	17	Surface	2026-07-22	8.01	96.1	10.07	UNCHANGED
https://rubalkhali.science/kb/RAK_PH_VALUE_250082d324fa6f1e297a8213df46e0b144921ac94deacfad5593a09738bbfab6	18Dr2	1.0	18.0	Deep	2026-07-21	7.61	97.4	10.06	18Dr2	1	18	Deep	2026-07-21	7.61	97.4	10.06	UNCHANGED
https://rubalkhali.science/kb/RAK_PH_VALUE_9781afaa2f43c73e2f2eba45a251a28f050dfaf856ea8ff48eca7449a029b79b	18PRr2	1.0	18.0	Rhizosphere	2026-07-21	7.91	97.4	10.06	18PRr2	1	18	Rhizosphere	2026-07-21	7.91	97.4	10.06	UNCHANGED
https://rubalkhali.science/kb/RAK_PH_VALUE_bd450f9c63f389fc0a1d27267463e9e9f2ee1b2ad406845512b593c1857129cf	18Sr1	1.0	18.0	Surface	2026-07-21	7.82	97.4	10.06	18Sr1	1	18	Surface	2026-07-21	7.82	97.4	10.06	UNCHANGED
https://rubalkhali.science/kb/RAK_PH_VALUE_096b5e52390647d72d7634eb556e2010c94767f717c74bb130917e224c8132f3	18Sr2	1.0	18.0	Surface	2026-07-21	7.93	97.4	10.06	18Sr2	1	18	Surface	2026-07-21	7.93	97.4	10.06	UNCHANGED
https://rubalkhali.science/kb/RAK_PH_VALUE_0ff9f17b89144aa4b196fef62dc6b67aac64e59b788a41ea41c62dc87b321bc1	19Dr2	1.0	19.0	Deep	2026-07-22	7.7	96.1	10.07	19Dr2	1	19	Deep	2026-07-22	7.7	96.1	10.07	UNCHANGED
https://rubalkhali.science/kb/RAK_PH_VALUE_5b0cf310558c914bbf9eabc4e8eae8832f653ea4417006951de71711360f9b3a	19Sr1	1.0	19.0	Surface	2026-07-22	7.78	96.1	10.07	19Sr1	1	19	Surface	2026-07-22	7.78	96.1	10.07	UNCHANGED
https://rubalkhali.science/kb/RAK_PH_VALUE_ad951ebadf580015db5cbb7ef8e10d6b472bcc541ba57c701271f0cf0042a4ed	20Dr1	1.0	20.0	Deep	2026-07-22	7.79	96.1	10.07	20Dr1	1	20	Deep	2026-07-22	7.79	96.1	10.07	UNCHANGED
https://rubalkhali.science/kb/RAK_PH_VALUE_a16c38ca8d62e10534f7d851d0d24a86178607db99d769f03c73fe511e289dbf	20Sr1	1.0	20.0	Surface	2026-07-22	7.81	96.1	10.07	20Sr1	1	20	Surface	2026-07-22	7.81	96.1	10.07	UNCHANGED
https://rubalkhali.science/kb/RAK_PH_VALUE_bd5f922677df85c3a44ad34ecfad2bed275babe1bb7afcb7d0f7a92ab89400f1	22Dr1	1.0	22.0	Deep	2026-07-21	7.99	97.4	10.06	22Dr1	1	22	Deep	2026-07-21	7.99	97.4	10.06	UNCHANGED
https://rubalkhali.science/kb/RAK_PH_VALUE_39edb6a30b463221daf57014e66d3526f50628ea45f15401274fde5003ded589	22Dr2	1.0	22.0	Deep	2026-07-21	7.96	97.4	10.06	22Dr2	1	22	Deep	2026-07-21	7.96	97.4	10.06	UNCHANGED
https://rubalkhali.science/kb/RAK_PH_VALUE_63838f5a4579b77f5b8c88a535043db272d65f26888aa724742419a7027249dc	22PRr3	1.0	22.0	Rhizosphere	2026-07-21	7.97	97.4	10.06	22PRr3	1	22	Rhizosphere	2026-07-21	7.97	97.4	10.06	UNCHANGED
https://rubalkhali.science/kb/RAK_PH_VALUE_62daf9c2d48cf941a0e7550bde25afd62479b0093ee31ff6e5e9ed4054ae625b	22Sr1	1.0	22.0	Surface	2026-07-21	7.98	97.4	10.06	22Sr1	1	22	Surface	2026-07-21	7.98	97.4	10.06	UNCHANGED
https://rubalkhali.science/kb/RAK_PH_VALUE_6589949a8dad2d78904b5353f11f1a43c92b97a949e5984adb17c0fe5f220832	22Sr3	1.0	22.0	Surface	2026-07-21	7.91	97.4	10.06	22Sr3	1	22	Surface	2026-07-21	7.91	97.4	10.06	UNCHANGED
https://rubalkhali.science/kb/RAK_PH_VALUE_f0c3ff7863b15f40e3157ffb3022a12ac61401f52f356bdecd96f0ca35a5f697	23Dr1	1.0	23.0	Deep	2026-07-23	8.03	98.1	10.04	23Dr1	1	23	Deep	2026-07-23	8.03	98.1	10.04	UNCHANGED
https://rubalkhali.science/kb/RAK_PH_VALUE_1edddc1dc173e93998177c98b452f3307ccc2d4fc204ac53d2a89b6658677bc2	23PRr1	1.0	23.0	Rhizosphere	2026-07-23	7.8	98.1	10.04	23PRr1	1	23	Rhizosphere	2026-07-23	7.8	98.1	10.04	UNCHANGED
https://rubalkhali.science/kb/RAK_PH_VALUE_44eb87c7e11c35f73b7aa2bc27c166468d22acefabc00087aefc1bf3520bfdb2	23Sr2	1.0	23.0	Surface	2026-07-23	7.96	98.1	10.04	23Sr2	1	23	Surface	2026-07-23	7.96	98.1	10.04	UNCHANGED
https://rubalkhali.science/kb/RAK_PH_VALUE_150c2531561a0e1cc9501346200c8e51937fc81c21e0e3f286ff6886c8704d21	24Dr2	1.0	24.0	Deep	2026-07-23	8.02	98.1	10.04	24Dr2	1	24	Deep	2026-07-23	8.02	98.1	10.04	UNCHANGED
https://rubalkhali.science/kb/RAK_PH_VALUE_114b9cabfaf1996d4f7cd0daa4ca25ffdc20f5574a651967e672dda8b771ec5d	24PRr2	1.0	24.0	Rhizosphere	2026-07-23	7.97	98.1	10.04	24PRr2	1	24	Rhizosphere	2026-07-23	7.97	98.1	10.04	UNCHANGED
https://rubalkhali.science/kb/RAK_PH_VALUE_81f90e793fc59064e7e0b14d1848c651f8ee2e7a978652a6936d8e03e3cf4fcf	24Sr1	1.0	24.0	Surface	2026-07-23	7.79	98.1	10.04	24Sr1	1	24	Surface	2026-07-23	7.79	98.1	10.04	UNCHANGED
https://rubalkhali.science/kb/RAK_PH_VALUE_554d28b85cc2c1ccf4ae39c808eecdd22935109ae9c2750df58c653e945c11f7	25Dr3	1.0	25.0	Deep	2026-07-23	7.89	98.1	10.04	25Dr3	1	25	Deep	2026-07-23	7.89	98.1	10.04	UNCHANGED
https://rubalkhali.science/kb/RAK_PH_VALUE_590d5c0927b88206e6329910d86cd9ec39857ddb341ff732ed08b6c1c52607be	25PRr2	1.0	25.0	Rhizosphere	2026-07-23	7.73	98.1	10.04	25PRr2	1	25	Rhizosphere	2026-07-23	7.73	98.1	10.04	UNCHANGED
https://rubalkhali.science/kb/RAK_PH_VALUE_0ee1db108a32f1ed2461c31aea248611f5ba48490a909239725dfb32ec76058a	25Sr1	1.0	25.0	Surface	2026-07-23	7.99	98.1	10.04	25Sr1	1	25	Surface	2026-07-23	7.99	98.1	10.04	UNCHANGED
https://rubalkhali.science/kb/RAK_PH_VALUE_ca9bede1c8f31415888e1a3acf7b03b776598f4ee664c8acd59a7e8b9f58b648	27Dr1	1.0	27.0	Deep	2026-07-23	7.89	98.1	10.04	27Dr1	1	27	Deep	2026-07-23	7.89	98.1	10.04	UNCHANGED
https://rubalkhali.science/kb/RAK_PH_VALUE_cf20c1f0bbfec053ac070c6f6620f5fb4e523ae994243c64b030beae0768f062	27PRr2	1.0	27.0	Rhizosphere	2026-07-23	7.29	98.1	10.04	27PRr2	1	27	Rhizosphere	2026-07-23	7.29	98.1	10.04	UNCHANGED
https://rubalkhali.science/kb/RAK_PH_VALUE_b37c033a750237d28f51fff3976baa86d8df162c357d3b9f1b17a946d4645bc0	27Sr2	1.0	27.0	Surface	2026-07-23	7.92	98.1	10.04	27Sr2	1	27	Surface	2026-07-23	7.92	98.1	10.04	UNCHANGED
https://rubalkhali.science/kb/RAK_PH_VALUE_2510e528d647621cf51772d60918879875225abc9528ef54b02a4120871a4607	28Dr1	1.0	28.0	Deep	2026-07-23	7.98	98.1	10.04	28Dr1	1	28	Deep	2026-07-23	7.98	98.1	10.04	UNCHANGED
https://rubalkhali.science/kb/RAK_PH_VALUE_1363f7edf56b3e5763af019f4bb681fe0e2f50a1d1731cc826c2d30174b84bd4	28PRr3	1.0	28.0	Rhizosphere	2026-07-23	8.01	98.1	10.04	28PRr3	1	28	Rhizosphere	2026-07-23	8.01	98.1	10.04	UNCHANGED
https://rubalkhali.science/kb/RAK_PH_VALUE_b1964df2fbced7f0880fdf5834a37937a8dfd590e29a1428a60986e1c681e7fe	28Sr2	1.0	28.0	Surface	2026-07-23	8.0	98.1	10.04	28Sr2	1	28	Surface	2026-07-23	8.0	98.1	10.04	UNCHANGED
https://rubalkhali.science/kb/RAK_PH_VALUE_d21a08401fe01b18248333376571ada32bd2540a8363b28be8624048b3401f7e	29Dr2	1.0	29.0	Deep	2026-07-23	8.03	98.1	10.04	29Dr2	1	29	Deep	2026-07-23	8.03	98.1	10.04	UNCHANGED
https://rubalkhali.science/kb/RAK_PH_VALUE_5db3e3bbe94a196ff959f3ade1b4219af91956841704d26632a067533a861144	29PRr3	1.0	29.0	Rhizosphere	2026-07-23	7.94	98.1	10.04	29PRr3	1	29	Rhizosphere	2026-07-23	7.94	98.1	10.04	UNCHANGED
https://rubalkhali.science/kb/RAK_PH_VALUE_ea204b96b1954db05c9679a2f16afe37f36897597d3c2cf84345cbbce70f7403	29Sr1	1.0	29.0	Surface	2026-07-23	7.78	98.1	10.04	29Sr1	1	29	Surface	2026-07-23	7.78	98.1	10.04	UNCHANGED
https://rubalkhali.science/kb/RAK_PH_VALUE_a981eee404b4a3bbfacf9a9988d6f60b5cfcabbd537065023c2c2e7d307c8f78	30Dr1	1.0	30.0	Deep	2026-07-23	8.1	98.1	10.04	30Dr1	1	30	Deep	2026-07-23	8.1	98.1	10.04	UNCHANGED
https://rubalkhali.science/kb/RAK_PH_VALUE_ccf45dc8ec93474d2cdddfb8512f5524404d3a7f61bb828ceb6eec073a16af9c	30PRr1	1.0	30.0	Rhizosphere	2026-07-23	8.04	98.1	10.04	30PRr1	1	30	Rhizosphere	2026-07-23	8.04	98.1	10.04	UNCHANGED
https://rubalkhali.science/kb/RAK_PH_VALUE_67e730ce580193c593c5ffe13a8489c4a94551d3582db3cf9f70a3b7bf6473ba	30Sr3	1.0	30.0	Surface	2026-07-23	7.93	98.1	10.04	30Sr3	1	30	Surface	2026-07-23	7.93	98.1	10.04	UNCHANGED
https://rubalkhali.science/kb/RAK_PH_VALUE_2221c75e975a52edd069ccfcbe2a29ca96a6ed198c93451ddead743113465977	31Dr2	1.0	31.0	Deep	2026-07-23	8.27	98.1	10.06	31Dr2	1	31	Deep	2026-07-23	8.27	98.1	10.06	UNCHANGED
https://rubalkhali.science/kb/RAK_PH_VALUE_f0385970acfd49afef1980b66c1c4197764ed6eb925e493a076e22d5624d1afa	31PRr2	1.0	31.0	Rhizosphere	2026-07-23	8.0	98.1	10.06	31PRr2	1	31	Rhizosphere	2026-07-23	8.0	98.1	10.06	UNCHANGED
https://rubalkhali.science/kb/RAK_PH_VALUE_3ac4e47af90ef45135c8adca1594fc973e81a1e8705e7f112d7ed00f42cfe164	31Sr2	1.0	31.0	Surface	2026-07-23	8.16	98.1	10.04	31Sr2	1	31	Surface	2026-07-23	8.16	98.1	10.04	UNCHANGED
https://rubalkhali.science/kb/RAK_PH_VALUE_e327363120b22e66e33c9d8c943e3ab4441c9edb7fd848279e73bddbc85786aa	32Dr3	1.0	32.0	Deep	2026-07-23	8.1	98.1	10.06	32Dr3	1	32	Deep	2026-07-23	8.1	98.1	10.06	UNCHANGED
https://rubalkhali.science/kb/RAK_PH_VALUE_59e534a20cdd8d6d50c5d052350bacd03988ad989e3be1c622c597b2394d92f4	32PRr3	1.0	32.0	Rhizosphere	2026-07-23	8.04	98.1	10.06	32PRr3	1	32	Rhizosphere	2026-07-23	8.04	98.1	10.06	UNCHANGED
https://rubalkhali.science/kb/RAK_PH_VALUE_109ebdcf52899ff61ed3d6634999d3a0b0dccd2e63da9e3959b0b8fb0a073bca	33Dr1	1.0	33.0	Deep	2026-07-23	7.9	98.1	10.06	33Dr1	1	33	Deep	2026-07-23	7.9	98.1	10.06	UNCHANGED
https://rubalkhali.science/kb/RAK_PH_VALUE_77a6b92914bb698e980909ffc3fa989aae8d7f1d645c76cedc610cf25c5f9692	33PRr2	1.0	33.0	Rhizosphere	2026-07-23	7.7	98.1	10.06	33PRr2	1	33	Rhizosphere	2026-07-23	7.7	98.1	10.06	UNCHANGED
https://rubalkhali.science/kb/RAK_PH_VALUE_a478b7fc7a534e86924e62d42eb60e5b74b5d84951676d288ddcd6b94ec533dc	33Sr2	1.0	33.0	Surface	2026-07-23	8.08	98.1	10.06	33Sr2	1	33	Surface	2026-07-23	8.08	98.1	10.06	UNCHANGED
https://rubalkhali.science/kb/RAK_PH_VALUE_22c450404a9b7be23218cf5e2120bb0b688f0b9de8db1d21d49224386e0cb635	34Dr3	1.0	34.0	Deep	2026-07-23	7.81	98.1	10.06	34Dr3	1	34	Deep	2026-07-23	7.81	98.1	10.06	UNCHANGED
https://rubalkhali.science/kb/RAK_PH_VALUE_49785d8e23cc1a8a008326888a7da9fd4ca7d2225427c6e0b8f6338c379b82a2	34PRr1	1.0	34.0	Rhizosphere	2026-07-23	7.8	98.1	10.06	34PRr1	1	34	Rhizosphere	2026-07-23	7.8	98.1	10.06	UNCHANGED
https://rubalkhali.science/kb/RAK_PH_VALUE_86d6e386cbf5e804573c9bb9faf109ed8a82bdf0866bb6385ae4d923d2a1232e	34Sr3	1.0	34.0	Surface	2026-07-23	7.87	98.1	10.06	34Sr3	1	34	Surface	2026-07-23	7.87	98.1	10.06	UNCHANGED
https://rubalkhali.science/kb/RAK_PH_VALUE_39c69d73485d23174867b6ab6596ca85ec885c3b642bb0b8db05234cd20d85a9	35Dr2	1.0	35.0	Deep	2026-07-26	7.92	97.6	10.03	35Dr2	1	35	Deep	2026-07-26	7.92	97.6	10.03	UNCHANGED
https://rubalkhali.science/kb/RAK_PH_VALUE_294f6766270b23cc12b46cf2415a40dd7a97855fe61cde458fcf5daa38027dad	35PRr1	1.0	35.0	Rhizosphere	2026-07-26	7.91	97.6	10.03	35PRr1	1	35	Rhizosphere	2026-07-26	7.91	97.6	10.03	UNCHANGED
https://rubalkhali.science/kb/RAK_PH_VALUE_7c87058426add2840e286cd7efa7edc2d3ef8a9a3d906ca9a468f260d8daf93e	35Sr2	1.0	35.0	Surface	2026-07-26	8.18	97.6	10.03	35Sr2	1	35	Surface	2026-07-26	8.18	97.6	10.03	UNCHANGED
https://rubalkhali.science/kb/RAK_PH_VALUE_2e30476509f7c9451b4580c12e1e38cec8361e91611698cf7028806b8b9eae89	36Dr2	1.0	36.0	Deep	2026-07-26	8.0	97.6	10.03	36Dr2	1	36	Deep	2026-07-26	8.0	97.6	10.03	UNCHANGED
https://rubalkhali.science/kb/RAK_PH_VALUE_6efe5bc1f7f09311e4fdf3bcce85d09ea3d11686e7483ad8351f42a8450b9dcb	36Sr1	1.0	36.0	Surface	2026-07-26	8.05	97.6	10.03	36Sr1	1	36	Surface	2026-07-26	8.05	97.6	10.03	UNCHANGED
https://rubalkhali.science/kb/RAK_PH_VALUE_228076f54d8e3c70073e608e89f4339fadafe96098433813f38577460f2a7428	37Dr2	1.0	37.0	Deep	2026-07-26	8.22	97.6	10.03	37Dr2	1	37	Deep	2026-07-26	8.22	97.6	10.03	UNCHANGED
https://rubalkhali.science/kb/RAK_PH_VALUE_4577b9448e2f5c7a6b4c8d9daa15cfffb327636e7586612026f92f70227e7197	37PRr2	1.0	37.0	Rhizosphere	2026-07-26	8.19	97.6	10.03	37PRr2	1	37	Rhizosphere	2026-07-26	8.19	97.6	10.03	UNCHANGED
https://rubalkhali.science/kb/RAK_PH_VALUE_4f5ff47ef2a967c7f1718e8281df95e93116976d4f2054247d8832cd2da30460	37Sr1	1.0	37.0	Surface	2026-07-26	8.24	97.6	10.03	37Sr1	1	37	Surface	2026-07-26	8.24	97.6	10.03	UNCHANGED
https://rubalkhali.science/kb/RAK_PH_VALUE_4ff3327cae88c8a5b2290ace14b4469a4efaafb87b5628e1d910dd4072791095	38Dr3	1.0	38.0	Deep	2026-07-26	7.94	97.6	10.03	38Dr3	1	38	Deep	2026-07-26	7.94	97.6	10.03	UNCHANGED
https://rubalkhali.science/kb/RAK_PH_VALUE_83c03de1809c3ee5bcaf37e98c4e696123df84c7d9dd5947ee63728824d9048e	38PRr2	1.0	38.0	Rhizosphere	2026-07-26	8.03	97.6	10.03	38PRr2	1	38	Rhizosphere	2026-07-26	8.03	97.6	10.03	UNCHANGED
https://rubalkhali.science/kb/RAK_PH_VALUE_0b43711ae1a2f377319ffe7ff6df3df369261544365893a8ccd6c7ed7ece7a3c	38Sr3	1.0	38.0	Surface	2026-07-26	7.96	97.6	10.03	38Sr3	1	38	Surface	2026-07-26	7.96	97.6	10.03	UNCHANGED
https://rubalkhali.science/kb/RAK_PH_VALUE_522425ae6698d6de11e5bf09893ce94cd34430d49f0d618647e4f195cf8c4e2a	39Dr3	1.0	39.0	Deep	2026-07-26	8.04	97.6	10.03	39Dr3	1	39	Deep	2026-07-26	8.04	97.6	10.03	UNCHANGED
https://rubalkhali.science/kb/RAK_PH_VALUE_5a9179f480170922e07cf6a450519b68125df007336f8a2aa793016a36b0808e	39PRr3	1.0	39.0	Rhizosphere	2026-07-26	8.05	97.6	10.03	39PRr3	1	39	Rhizosphere	2026-07-26	8.05	97.6	10.03	UNCHANGED
https://rubalkhali.science/kb/RAK_PH_VALUE_05b226181e71ec95c2b968ff3dc7ec4451b225dda5d3d0246c0366cba461446f	39Sr3	1.0	39.0	Surface	2026-07-26	7.92	97.6	10.03	39Sr3	1	39	Surface	2026-07-26	7.92	97.6	10.03	UNCHANGED
https://rubalkhali.science/kb/RAK_PH_VALUE_27281b26d5393e6741da27d707f21dd82d10c0a6df2978cf7d0f13ab35cf8505	40Dr1	1.0	40.0	Deep	2026-07-26	7.96	97.6	10.03	40Dr1	1	40	Deep	2026-07-26	7.96	97.6	10.03	UNCHANGED
https://rubalkhali.science/kb/RAK_PH_VALUE_169a1f5ba568d4537370526143b02d1d2eb4c06ba2ccdb3415f09cc01289e85d	40PRr3	1.0	40.0	Rhizosphere	2026-07-26	8.06	97.6	10.03	40PRr3	1	40	Rhizosphere	2026-07-26	8.06	97.6	10.03	UNCHANGED
https://rubalkhali.science/kb/RAK_PH_VALUE_46838afac20a889d066a087030be548124c70d8793cde67f48f188bcb317435a	41Dr1	1.0	41.0	Deep	2026-07-26	8.07	97.6	10.03	41Dr1	1	41	Deep	2026-07-26	8.07	97.6	10.03	UNCHANGED
https://rubalkhali.science/kb/RAK_PH_VALUE_47ba430819b7ca9865dd731ff973e9dd3284acb5dd59aaf951e8bf869bc41cad	41PRr2	1.0	41.0	Rhizosphere	2026-07-26	7.98	97.6	10.03	41PRr2	1	41	Rhizosphere	2026-07-26	7.98	97.6	10.03	UNCHANGED
https://rubalkhali.science/kb/RAK_PH_VALUE_f80791225ed1cff3aacae4ca9f1fe6278d2fec0bea1c8e3d95d1912330bc9ee2	42Dr1	1.0	42.0	Deep	2026-07-26	7.99	97.6	10.03	42Dr1	1	42	Deep	2026-07-26	7.99	97.6	10.03	UNCHANGED
https://rubalkhali.science/kb/RAK_PH_VALUE_499e1281796ea620638be887f9c569dfe63c865423c8ff69268dbbe94e5abc70	42PRr2	1.0	42.0	Rhizosphere	2026-07-26	8.02	97.6	10.03	42PRr2	1	42	Rhizosphere	2026-07-26	8.02	97.6	10.03	UNCHANGED
https://rubalkhali.science/kb/RAK_PH_VALUE_4d231e1b3ddbda2f6dd6577a34d5fa299d80f7e1acd8a290756191a94217026d	42Sr1	1.0	42.0	Surface	2026-07-26	8.01	97.6	10.03	42Sr1	1	42	Surface	2026-07-26	8.01	97.6	10.03	UNCHANGED
https://rubalkhali.science/kb/RAK_PH_VALUE_7fe3644c92656c9b0597dcf1c9c2fff88da48185491ebc972e125a9d6b4cbdf8	43Dr1	1.0	43.0	Deep	2026-07-21	8.1	97.4	10.06	43Dr1	1	43	Deep	2026-07-21	8.1	97.4	10.06	UNCHANGED
https://rubalkhali.science/kb/RAK_PH_VALUE_205061822922ca7b731f0a0d14da222e9d4f6f1e4bc5ae67252685b525e0deda	43Dr2	1.0	43.0	Deep	2026-07-21	8.01	97.4	10.06	43Dr2	1	43	Deep	2026-07-21	8.01	97.4	10.06	UNCHANGED
https://rubalkhali.science/kb/RAK_PH_VALUE_4aa2972087e262aec5f09453992670866250eb7836141d1773488567955f97b4	43PRr2	1.0	43.0	Rhizosphere	2026-07-21	8.0	97.4	10.06	43PRr2	1	43	Rhizosphere	2026-07-21	8.0	97.4	10.06	UNCHANGED
https://rubalkhali.science/kb/RAK_PH_VALUE_13e2040cfd74618daac91c7e3e4a24bbc852718b7e2e240b69acbdba2e12c03a	43Sr2	1.0	43.0	Surface	2026-07-21	8.09	97.4	10.06	43Sr2	1	43	Surface	2026-07-21	8.09	97.4	10.06	UNCHANGED
https://rubalkhali.science/kb/RAK_PH_VALUE_b8a6368e41c3dbca31373564c618dcbc0584609913307de1c0e9135391d80f05	44Dr2	1.0	44.0	Deep	2026-07-26	7.99	97.6	10.03	44Dr2	1	44	Deep	2026-07-26	7.99	97.6	10.03	UNCHANGED
https://rubalkhali.science/kb/RAK_PH_VALUE_ef9e90bdbe4b5e4cd0999065b86117ed112a2d87084bfb3af985bb0834d88d2c	44PRr2	1.0	44.0	Rhizosphere	2026-07-26	8.0	97.6	10.06	44PRr2	1	44	Rhizosphere	2026-07-26	8.0	97.6	10.06	UNCHANGED
https://rubalkhali.science/kb/RAK_PH_VALUE_9923505933314e1f7233449a1187281af034c47d2665cb4bf9481188dd75666b	45Dr1	1.0	45.0	Deep	2026-07-21	8.23	97.4	10.06	45Dr1	1	45	Deep	2026-07-21	8.23	97.4	10.06	UNCHANGED
https://rubalkhali.science/kb/RAK_PH_VALUE_e3efc1a602cd26058defecb7701d96cbbd7f3a8680a445b4108b8382734cf7bc	45PRr2	1.0	45.0	Rhizosphere	2026-07-21	8.06	97.4	10.06	45PRr2	1	45	Rhizosphere	2026-07-21	8.06	97.4	10.06	UNCHANGED
https://rubalkhali.science/kb/RAK_PH_VALUE_3210348016b178340e5e1cff2fb5d9c54358e22de215d61db70c32f05a18455c	45Sr1	1.0	45.0	Surface	2026-07-21	8.15	97.4	10.06	45Sr1	1	45	Surface	2026-07-21	8.15	97.4	10.06	UNCHANGED
https://rubalkhali.science/kb/RAK_PH_VALUE_9e2203b17400b950951ec295e5e12e6f11d33da614a32c644ae6fb2c60a7fc5c	46Dr1	1.0	46.0	Deep	2026-07-26	8.2	97.6	10.06	46Dr1	1	46	Deep	2026-07-26	8.2	97.6	10.06	UNCHANGED
https://rubalkhali.science/kb/RAK_PH_VALUE_552af1991fa8681f23a22337a4e44d20700621586730d0468121d7f25989ef79	46PRr1	1.0	46.0	Rhizosphere	2026-07-26	8.18	97.6	10.06	46PRr1	1	46	Rhizosphere	2026-07-26	8.18	97.6	10.06	UNCHANGED
https://rubalkhali.science/kb/RAK_PH_VALUE_53ec96fc8bded27aad74710eb8ca52c41a916ed0364655ea7476ad537e15a0d9	46Sr3	1.0	46.0	Surface	2026-07-26	8.16	97.6	10.06	46Sr3	1	46	Surface	2026-07-26	8.16	97.6	10.06	UNCHANGED
https://rubalkhali.science/kb/RAK_PH_VALUE_142a964a6f9eacae00ac16d3698d6a6edf3fc06b4a9ebf2d361d7cfbf8c7f89f	47Dr2	1.0	47.0	Deep	2026-07-26	8.1	97.6	10.06	47Dr2	1	47	Deep	2026-07-26	8.1	97.6	10.06	UNCHANGED
https://rubalkhali.science/kb/RAK_PH_VALUE_3c2c7cefcea8605a52611dcccf74e8e4a8672f7c1046c0123ed97caf3b9be5d9	47PRr1	1.0	47.0	Rhizosphere	2026-07-26	8.08	97.6	10.06	47PRr1	1	47	Rhizosphere	2026-07-26	8.08	97.6	10.06	UNCHANGED
https://rubalkhali.science/kb/RAK_PH_VALUE_1bff62a751cc10d64acc87f20460056fb795e75c2d42ec9317c7ac4eb18da1d0	47Sr1	1.0	47.0	Surface	2026-07-26	8.14	97.6	10.06	47Sr1	1	47	Surface	2026-07-26	8.14	97.6	10.06	UNCHANGED
https://rubalkhali.science/kb/RAK_PH_VALUE_10e28fb0607c299f1fd94a9333fa97c5327becc4274cd6230a329c20a66da81c	48Dr2	1.0	48.0	Deep	2026-07-26	8.0	97.6	10.06	48Dr2	1	48	Deep	2026-07-26	8.0	97.6	10.06	UNCHANGED
https://rubalkhali.science/kb/RAK_PH_VALUE_11c7ef7e31b051936b0ffb512ca131dbc23b077c479e176f0b4eb7db8a8fc440	48PRr3	1.0	48.0	Rhizosphere	2026-07-26	8.12	97.6	10.06	48PRr3	1	48	Rhizosphere	2026-07-26	8.12	97.6	10.06	UNCHANGED
https://rubalkhali.science/kb/RAK_PH_VALUE_16723a801336730f8b18fdf1f26e08d8d668763822f3b52d0532968998611338	48Sr2	1.0	48.0	Surface	2026-07-26	8.1	97.6	10.06	48Sr2	1	48	Surface	2026-07-26	8.1	97.6	10.06	UNCHANGED
https://rubalkhali.science/kb/RAK_PH_VALUE_1c9deeca70dabd5d312ccdadef032eb299847d519406b9c249f80ed5359001c3	49Dr2	1.0	49.0	Deep	2026-07-26	8.29	97.6	10.06	49Dr2	1	49	Deep	2026-07-26	8.29	97.6	10.06	UNCHANGED
https://rubalkhali.science/kb/RAK_PH_VALUE_46c8bf6807092c0a33ce7ddd31b589c5e0d5898443d11c07b400b4de18004c5e	49PRr2	1.0	49.0	Rhizosphere	2026-07-26	8.27	97.6	10.06	49PRr2	1	49	Rhizosphere	2026-07-26	8.27	97.6	10.06	UNCHANGED
https://rubalkhali.science/kb/RAK_PH_VALUE_ee7fc5f6235753dcd3840341fbbfeabf4d713dd2b56413373a6f66b8df379c20	50Dr2	1.0	50.0	Deep	2026-07-26	8.27	97.6	10.06	50Dr2	1	50	Deep	2026-07-26	8.27	97.6	10.06	UNCHANGED
https://rubalkhali.science/kb/RAK_PH_VALUE_691939dbe6f4a78d438157adb16348c962865768e1369722360aa928d9c9c68b	50PRr2	1.0	50.0	Rhizosphere	2026-07-26	8.09	97.6	10.06	50PRr2	1	50	Rhizosphere	2026-07-26	8.09	97.6	10.06	UNCHANGED
https://rubalkhali.science/kb/RAK_PH_VALUE_82d7a99234583a40ce771c7fff3fa4b5d30ef7df987df6cf495230b3284fc19d	50Sr3	1.0	50.0	Surface	2026-07-26	8.21	97.6	10.06	50Sr3	1	50	Surface	2026-07-26	8.21	97.6	10.06	UNCHANGED
https://rubalkhali.science/kb/RAK_PH_VALUE_26b4b943d1c4a0f36ea57a013b087fbb50cbb49d96e1e1314113fb38ba2e32a0	51Dr1	1.0	51.0	Deep	2026-07-26	8.31	97.6	10.06	51Dr1	1	51	Deep	2026-07-26	8.31	97.6	10.06	UNCHANGED
https://rubalkhali.science/kb/RAK_PH_VALUE_18e700f2b0037ca72e562895b5b9445268cd00fe1ac4fd4d66fdbf03db050ce2	51PRr3	1.0	51.0	Rhizosphere	2026-07-26	8.28	97.6	10.06	51PRr3	1	51	Rhizosphere	2026-07-26	8.28	97.6	10.06	UNCHANGED
https://rubalkhali.science/kb/RAK_PH_VALUE_68f71f976d3cc87df43e24bb88465b4fcaacea30770b1288b0e32357212a5ec8	52Dr1	1.0	52.0	Deep	2026-07-26	8.27	97.6	10.06	52Dr1	1	52	Deep	2026-07-26	8.27	97.6	10.06	UNCHANGED
https://rubalkhali.science/kb/RAK_PH_VALUE_1e53de8ef94f7d32a7c807744465c57293ab7506789573796d465ec98d1cda6e	53Dr2	1.0	53.0	Deep	2026-07-26	8.39	97.6	10.06	53Dr2	1	53	Deep	2026-07-26	8.39	97.6	10.06	UNCHANGED
https://rubalkhali.science/kb/RAK_PH_VALUE_b414595c2c79edb71de8a3653720bd7f29b73921bc141f783550184716758bc1	53PRr1	1.0	53.0	Rhizosphere	2026-07-26	8.31	97.6	10.05	53PRr1	1	53	Rhizosphere	2026-07-26	8.31	97.6	10.05	UNCHANGED
https://rubalkhali.science/kb/RAK_PH_VALUE_b852215b22ab954a1d6651d31b5174a158824446df69a42a84a8c716bbe55ee0	53Sr3	1.0	53.0	Surface	2026-07-26	8.42	97.6	10.06	53Sr3	1	53	Surface	2026-07-26	8.42	97.6	10.06	UNCHANGED
https://rubalkhali.science/kb/RAK_PH_VALUE_ac7b166541fd9cd24f7762eb0c954a6358082ff5c983ac1e946caaeee467f290	54Dr1	1.0	54.0	Deep	2026-07-26	8.21	97.6	10.05	54Dr1	1	54	Deep	2026-07-26	8.21	97.6	10.05	UNCHANGED
https://rubalkhali.science/kb/RAK_PH_VALUE_13e5a659a01be79f3aa566f1f01644b468fa8b1d104f037ab3329d00cc9a8d4d	54PRr1	1.0	54.0	Rhizosphere	2026-07-26	8.17	97.6	10.05	54PRr1	1	54	Rhizosphere	2026-07-26	8.17	97.6	10.05	UNCHANGED
https://rubalkhali.science/kb/RAK_PH_VALUE_4175525990f597ad5cafc5d7b84164da1b3505dec70dda4ff6a3a75b3b34d63d	54Sr1	1.0	54.0	Surface	2026-07-26	8.15	97.6	10.05	54Sr1	1	54	Surface	2026-07-26	8.15	97.6	10.05	UNCHANGED
https://rubalkhali.science/kb/RAK_PH_VALUE_560adddedce946ec93d579dd6a60e577e3f88463fd0fd816a55fbe2aa0da2328	56Dr1	1.0	56.0	Deep	2026-07-26	8.18	97.6	10.05	56Dr1	1	56	Deep	2026-07-26	8.18	97.6	10.05	UNCHANGED
https://rubalkhali.science/kb/RAK_PH_VALUE_21b1c2117214e5e3a32002c9ba999a53225fc5e57a88d2a2cd799340fef4f5a3	56Sr1	1.0	56.0	Surface	2026-07-26	8.11	97.6	10.05	56Sr1	1	56	Surface	2026-07-26	8.11	97.6	10.05	UNCHANGED
https://rubalkhali.science/kb/RAK_PH_VALUE_281828d0562549b7568b1e782cb58a55633625941263985d7a693f9764a7d526	57Dr3	1.0	57.0	Deep	2026-07-26	8.39	97.6	10.05	57Dr3	1	57	Deep	2026-07-26	8.39	97.6	10.05	UNCHANGED
https://rubalkhali.science/kb/RAK_PH_VALUE_47c58feaff07b78b4c3c136876f6702c865b6f69a76b505b07fddc579dec123a	57PRr3	1.0	57.0	Rhizosphere	2026-07-26	8.4	97.6	10.05	57PRr3	1	57	Rhizosphere	2026-07-26	8.4	97.6	10.05	UNCHANGED
https://rubalkhali.science/kb/RAK_PH_VALUE_7d2a2ef8c21fada0f3d2c1a6ee4ab5f3ca0b534425c66b5fcaa78c569192066a	57Sr2	1.0	57.0	Surface	2026-07-26	8.43	97.6	10.05	57Sr2	1	57	Surface	2026-07-26	8.43	97.6	10.05	UNCHANGED
https://rubalkhali.science/kb/RAK_PH_VALUE_6baf692a2256a4076730ce61fba0ead93780fdf330a2f2ec56a36d430765ad18	58PRr1	1.0	58.0	Rhizosphere	2026-07-26	8.23	97.6	10.05	58PRr1	1	58	Rhizosphere	2026-07-26	8.23	97.6	10.05	UNCHANGED
https://rubalkhali.science/kb/RAK_PH_VALUE_e952aface1121a77398dbbca365f44ca42602bb603b26fe6a2a3d1ded5c03837	58Sr2	1.0	58.0	Surface	2026-07-26	8.26	97.6	10.05	58Sr2	1	58	Surface	2026-07-26	8.26	97.6	10.05	UNCHANGED
https://rubalkhali.science/kb/RAK_PH_VALUE_10e6750a2750850583fcec053a8e4745edc2d9e67bbd5b2bfae12412f90061d6	59PRr3	1.0	59.0	Rhizosphere	2026-07-26	8.45	97.6	10.05	59PRr3	1	59	Rhizosphere	2026-07-26	8.45	97.6	10.05	UNCHANGED
https://rubalkhali.science/kb/RAK_PH_VALUE_ec7eccf317da2242f2f3e4fc73dd313bbd768a5cc758275dd5e978420a413919	60Dr2	1.0	60.0	Deep	2026-07-26	8.2	97.6	10.05	60Dr2	1	60	Deep	2026-07-26	8.2	97.6	10.05	UNCHANGED
https://rubalkhali.science/kb/RAK_PH_VALUE_92c3256e61def0ce49c2f228a9f25af8e9a04ce73960a1574a839b7a185f9124	60Sr3	1.0	60.0	Surface	2026-07-26	8.22	97.6	10.05	60Sr3	1	60	Surface	2026-07-26	8.22	97.6	10.05	UNCHANGED
https://rubalkhali.science/kb/RAK_PH_VALUE_8b526886b0ebd7d032b179f5cbb6083ff9063559244f0aabb5908afec2c2c976	T1Dr1	2.0	1.0	Deep	2026-07-13	7.81	98.0	10.06	T1Dr1	2	1	Deep	2026-07-13	7.81	98.0	10.06	UNCHANGED
https://rubalkhali.science/kb/RAK_PH_VALUE_ee9b52c5a613c4c6f642bfcfd85470e797afd8228fa6d32d21486f9ddbb31f0c	T2Dr2	2.0	2.0	Deep	2026-07-13	7.8	98.0	10.06	T2Dr2	2	2	Deep	2026-07-13	7.8	98.0	10.06	UNCHANGED
https://rubalkhali.science/kb/RAK_PH_VALUE_66cc5f4410c15cbad62d660b9d43278b332961bfbbc06471f742992d6a5ed77b	T2PRr1	2.0	2.0	Rhizosphere	2026-07-13	7.4	98.0	10.06	T2PRr1	2	2	Rhizosphere	2026-07-13	7.4	98.0	10.06	UNCHANGED
https://rubalkhali.science/kb/RAK_PH_VALUE_c00eedb177050849f2fe46ab1fde59848b755b6b54bdf6a19097a3d286c689a0	T2PRr3	2.0	2.0	Rhizosphere	2026-07-13	7.49	98.0	10.06	T2PRr3	2	2	Rhizosphere	2026-07-13	7.49	98.0	10.06	UNCHANGED
https://rubalkhali.science/kb/RAK_PH_VALUE_73b261bba704da9bac7a09471927b8ea0d30aa68e1443bb3521bcb05f22f44c6	T4PRr1	2.0	4.0	Rhizosphere	2026-07-13	7.7	98.0	10.06	T4PRr1	2	4	Rhizosphere	2026-07-13	7.7	98.0	10.06	UNCHANGED
https://rubalkhali.science/kb/RAK_PH_VALUE_0e263b35b710a26f9eddc39941c9f1ef05420b1569ae44686c5f299c4085fadb	T4PRr2	2.0	4.0	Rhizosphere	2026-07-13	7.84	98.0	10.06	T4PRr2	2	4	Rhizosphere	2026-07-13	7.84	98.0	10.06	UNCHANGED
https://rubalkhali.science/kb/RAK_PH_VALUE_6c1bce1c99b9b71cd59dd58937dadb9b5030f4a780738525eaa83de06fb5e744	T4Sr1	2.0	4.0	Surface	2026-07-13	7.79	98.0	10.06	T4Sr1	2	4	Surface	2026-07-13	7.79	98.0	10.06	UNCHANGED
https://rubalkhali.science/kb/RAK_PH_VALUE_973bc490f71bd1d82cd56d6329e46f4c2726376664a890d02092878d86b4cac4	T5PRr1	2.0	5.0	Rhizosphere	2026-07-13	7.59	98.0	10.06	T5PRr1	2	5	Rhizosphere	2026-07-13	7.59	98.0	10.06	UNCHANGED
https://rubalkhali.science/kb/RAK_PH_VALUE_bdaaabe548d990e50ed4cdfff33167101b0dc454cb92a878085c5aa02e261255	T5Sr1	2.0	5.0	Surface	2026-07-13	7.75	98.0	10.06	T5Sr1	2	5	Surface	2026-07-13	7.75	98.0	10.06	UNCHANGED
https://rubalkhali.science/kb/RAK_PH_VALUE_d338440b7c5934e912971685655ed143d0608fc89064e6ad4a0cc31a5d981420	T5Sr2	2.0	5.0	Surface	2026-07-13	7.75	98.0	10.06	T5Sr2	2	5	Surface	2026-07-13	7.75	98.0	10.06	UNCHANGED
https://rubalkhali.science/kb/RAK_PH_VALUE_e4a8a9e62d02d7fe23201c2ffd376afee522b05ff99bc123f20eea0274a3feb2	T5Sr3	2.0	5.0	Surface	2026-07-13	7.82	98.0	10.06	T5Sr3	2	5	Surface	2026-07-13	7.82	98.0	10.06	UNCHANGED
https://rubalkhali.science/kb/RAK_PH_VALUE_56654c4de955d559444d390be7b49336fa35a1a875d303b107ca55a9fb975d60	T6Dr1	2.0	6.0	Deep	2026-07-13	7.64	98.0	10.06	T6Dr1	2	6	Deep	2026-07-13	7.64	98.0	10.06	UNCHANGED
https://rubalkhali.science/kb/RAK_PH_VALUE_a8b222dc4768840f4938f5133224b9ace63bb5274393d19ba7f8d6818c110593	T6Dr2	2.0	6.0	Deep	2026-07-13	7.55	98.0	10.06	T6Dr2	2	6	Deep	2026-07-13	7.55	98.0	10.06	UNCHANGED
https://rubalkhali.science/kb/RAK_PH_VALUE_8112de281ba3247027dcbe5ddbef0f9fc98de547246ec36a5306fd5d4e53acf6	T6PRr2	2.0	6.0	Rhizosphere	2026-07-13	7.55	98.0	10.06	T6PRr2	2	6	Rhizosphere	2026-07-13	7.55	98.0	10.06	UNCHANGED
https://rubalkhali.science/kb/RAK_PH_VALUE_5041c44ef9c92d9a50301d5a0e0d7508db558d060aed7e7d6791dd0f102509b9	T6PRr3	2.0	6.0	Rhizosphere	2026-07-13	7.57	98.0	10.06	T6PRr3	2	6	Rhizosphere	2026-07-13	7.57	98.0	10.06	UNCHANGED
https://rubalkhali.science/kb/RAK_PH_VALUE_f0b6dddd6a0d739f44e52ec6f5a82fb44820360a02c31c20d6ce5903d60165c2	T7PRr1	2.0	7.0	Rhizosphere	2026-07-13	7.62	98.0	10.06	T7PRr1	2	7	Rhizosphere	2026-07-13	7.62	98.0	10.06	UNCHANGED
https://rubalkhali.science/kb/RAK_PH_VALUE_7ea3d735bab2dca2d3d31e022f878c92595a01cc9f709c609f9505c035df459c	T7PRr2	2.0	7.0	Rhizosphere	2026-07-13	7.57	98.0	10.06	T7PRr2	2	7	Rhizosphere	2026-07-13	7.57	98.0	10.06	UNCHANGED
https://rubalkhali.science/kb/RAK_PH_VALUE_51a02d0971bc52e21529939c5911c47b168fb0db937ec4efe3429dacadd51ce9	T7PRr3	2.0	7.0	Rhizosphere	2026-07-13	7.5	98.0	10.06	T7PRr3	2	7	Rhizosphere	2026-07-13	7.5	98.0	10.06	UNCHANGED
https://rubalkhali.science/kb/RAK_PH_VALUE_32b50a53fa4d58b67e06655b5b4ad8a9894979db686acce00a8e570a84acb2ac	T8Dr1	2.0	8.0	Deep	2026-07-13	7.91	98.0	10.06	T8Dr1	2	8	Deep	2026-07-13	7.91	98.0	10.06	UNCHANGED
https://rubalkhali.science/kb/RAK_PH_VALUE_63b45141aaf5a3d725c910af597adcf904fc94d442dba0ded867e8d798b9b96a	T8Dr3	2.0	8.0	Deep	2026-07-13	7.87	98.0	10.06	T8Dr3	2	8	Deep	2026-07-13	7.87	98.0	10.06	UNCHANGED
https://rubalkhali.science/kb/RAK_PH_VALUE_63e21ab138cdf7a857baa8768c4afc9e4bd2d0b301963453bb83ee9c6ef583d7	T8PRr1	2.0	8.0	Rhizosphere	2026-07-13	7.56	98.0	10.06	T8PRr1	2	8	Rhizosphere	2026-07-13	7.56	98.0	10.06	UNCHANGED
https://rubalkhali.science/kb/RAK_PH_VALUE_4dfbc19c30d65a4b581dca95e195e9048939ceb9ef919b3baa65b28c25a28856	T8PRr3	2.0	8.0	Rhizosphere	2026-07-13	7.49	98.0	10.06	T8PRr3	2	8	Rhizosphere	2026-07-13	7.49	98.0	10.06	UNCHANGED
https://rubalkhali.science/kb/RAK_PH_VALUE_90ab3193369423d6f28a1caff34863da1feba53ffa88e4ff82e8251914ce7af4	T8Sr3	2.0	8.0	Surface	2026-07-13	7.53	98.0	10.06	T8Sr3	2	8	Surface	2026-07-13	7.53	98.0	10.06	UNCHANGED
https://rubalkhali.science/kb/RAK_PH_VALUE_997f71fc9070acbc3f1a79f27c8b4ee7dbe52f2c1641118eee7e19872a064fcc	F5Dr2	3.0	5.0	Deep	2026-07-27	8.2	97.9	10.06	F5Dr2	3	5	Deep	2026-07-27	8.2	97.9	10.06	UNCHANGED
https://rubalkhali.science/kb/RAK_PH_VALUE_e93ce3645ec0beeeaad9fc8ab32056704bf295fa431a8a798b009365ddff373c	F5PRr2	3.0	5.0	Rhizosphere	2026-07-27	8.23	97.9	10.06	F5PRr2	3	5	Rhizosphere	2026-07-27	8.23	97.9	10.06	UNCHANGED
https://rubalkhali.science/kb/RAK_PH_VALUE_bfce37e539e806e7b7959e7f31573922a792a2c0897d63f5bfaadd4e674868f6	F5Sr1	3.0	5.0	Surface	2026-07-27	8.27	97.9	10.06	F5Sr1	3	5	Surface	2026-07-27	8.27	97.9	10.06	UNCHANGED
https://rubalkhali.science/kb/RAK_PH_VALUE_dd26bee429c330924436f6f6ba7a1a4d6e5c848417f7b1a9191860b38c2e9a79	F6Dr1	3.0	6.0	Deep	2026-07-27	7.74	97.9	10.06	F6Dr1	3	6	Deep	2026-07-27	7.74	97.9	10.06	UNCHANGED
https://rubalkhali.science/kb/RAK_PH_VALUE_60258988dcdf64308b052745eee0e4c0c82d7ce6d389b8e503435564460df304	F6PRr1	3.0	6.0	Rhizosphere	2026-07-27	7.69	97.9	10.06	F6PRr1	3	6	Rhizosphere	2026-07-27	7.69	97.9	10.06	UNCHANGED
https://rubalkhali.science/kb/RAK_PH_VALUE_476910b33cdab086caefa3aba3e8125e79d0b4160bf712e9cafa84896ca4fdca	F6Sr1	3.0	6.0	Surface	2026-07-27	7.7	97.9	10.06	F6Sr1	3	6	Surface	2026-07-27	7.7	97.9	10.06	UNCHANGED
https://rubalkhali.science/kb/RAK_PH_VALUE_03acb8b64edb4ff8595cadd6c168d04197ce451490eeb19b2788788bdf0dfc43	F7Dr1	3.0	7.0	Deep	2026-07-27	7.84	97.9	10.06	F7Dr1	3	7	Deep	2026-07-27	7.84	97.9	10.06	UNCHANGED
https://rubalkhali.science/kb/RAK_PH_VALUE_824fd7978b69b9b73557b06a6576636cd04089526ba4baef2b2766c6cc2dccd6	F7PRr1	3.0	7.0	Rhizosphere	2026-07-27	7.81	97.9	10.06	F7PRr1	3	7	Rhizosphere	2026-07-27	7.81	97.9	10.06	UNCHANGED
https://rubalkhali.science/kb/RAK_PH_VALUE_ae33b0e50623a4c6126b11955e7d2664e096e2bae36f37f9f73613871d8a99ca	F7Sr1	3.0	7.0	Surface	2026-07-27	7.8	97.9	10.06	F7Sr1	3	7	Surface	2026-07-27	7.8	97.9	10.06	UNCHANGED
https://rubalkhali.science/kb/RAK_PH_VALUE_a7ad26ebdc4598b6f598de1aa03a77ff6f9f121fe8a5567d3096d614c2d94307	F9Dr1	3.0	9.0	Deep	2026-07-27	7.73	97.9	10.06	F9Dr1	3	9	Deep	2026-07-27	7.73	97.9	10.06	UNCHANGED
https://rubalkhali.science/kb/RAK_PH_VALUE_6c3845bb007cb17dd94f40ca051bf24e9df3ca4de137c8eeecadac506a71a4ba	F9PRr1	3.0	9.0	Rhizosphere	2026-07-27	7.71	97.9	10.06	F9PRr1	3	9	Rhizosphere	2026-07-27	7.71	97.9	10.06	UNCHANGED
https://rubalkhali.science/kb/RAK_PH_VALUE_c5720dd96e29e960a0d4fe879a4ad8e4f01a8a30b0f15c425c31ddb3f435dcfc	F9Sr1	3.0	9.0	Surface	2026-07-27	7.69	97.9	10.06	F9Sr1	3	9	Surface	2026-07-27	7.69	97.9	10.06	UNCHANGED
https://rubalkhali.science/kb/RAK_PH_VALUE_021fc28345035448343454c00355521e2031fa7550f48dcbd70a955d0615a405	F10Dr1	3.0	10.0	Deep	2026-07-27	7.79	97.9	10.06	F10Dr1	3	10	Deep	2026-07-27	7.79	97.9	10.06	UNCHANGED
https://rubalkhali.science/kb/RAK_PH_VALUE_3bc0f5d1ff1e660bebefbaef4b3df6d918bb0777165edfaebbf0d7c4a4d4870e	F10PRr1	3.0	10.0	Rhizosphere	2026-07-27	7.7	97.9	10.06	F10PRr1	3	10	Rhizosphere	2026-07-27	7.7	97.9	10.06	UNCHANGED
https://rubalkhali.science/kb/RAK_PH_VALUE_a123f20419467918c935bd1b852af45a4dcbcee65136236d9566626e750fa553	F10Sr1	3.0	10.0	Surface	2026-07-27	7.76	97.9	10.06	F10Sr1	3	10	Surface	2026-07-27	7.76	97.9	10.06	UNCHANGED
https://rubalkhali.science/kb/RAK_PH_VALUE_19547e4478b2b3659ae9aaec2087c317bedd37531df42c640e8cde39e7ea61d1	F11Dr1	3.0	11.0	Deep	2026-07-27	7.69	97.9	10.06	F11Dr1	3	11	Deep	2026-07-27	7.69	97.9	10.06	UNCHANGED
https://rubalkhali.science/kb/RAK_PH_VALUE_c00c29740bea853393bec4e46479b36e9236d8491c22716ad0c447e06de73dea	F11PRr1	3.0	11.0	Rhizosphere	2026-07-27	7.65	97.9	10.06	F11PRr1	3	11	Rhizosphere	2026-07-27	7.65	97.9	10.06	UNCHANGED
https://rubalkhali.science/kb/RAK_PH_VALUE_1d7c9b3b7dcb138fd2396f5ce969a6ec44e54926c730f42b250147a3d6b45bc3	F11Sr1	3.0	11.0	Surface	2026-07-27	7.61	97.9	10.06	F11Sr1	3	11	Surface	2026-07-27	7.61	97.9	10.06	UNCHANGED
https://rubalkhali.science/kb/RAK_PH_VALUE_353605c7b42829b8bf859689bdbceeea082942d381e9c9df86fec2392953ba0b	F12Dr1	3.0	12.0	Deep	2026-07-13	8.11	98.8	10.06	F12Dr1	3	12	Deep	2026-07-13	8.11	98.8	10.06	UNCHANGED
https://rubalkhali.science/kb/RAK_PH_VALUE_9b972e386cfd575cd4be529c7a54b3b0cdfe1ff22348aedc8bc50f208f6cb96b	F12Dr2	3.0	12.0	Deep	2026-07-13	7.97	98.8	10.06	F12Dr2	3	12	Deep	2026-07-13	7.97	98.8	10.06	UNCHANGED
https://rubalkhali.science/kb/RAK_PH_VALUE_7cf9cf52a0fb25fb5525511d2a6e30842365f7575675c5631e6f86afb551fb4a	F12PRr1	3.0	12.0	Rhizosphere	2026-07-13	8.1	98.8	10.06	F12PRr1	3	12	Rhizosphere	2026-07-13	8.1	98.8	10.06	UNCHANGED
https://rubalkhali.science/kb/RAK_PH_VALUE_76e1b81bcff97af6498070f923b8de547ded155db8bc68b8310f2ce9fadea5ce	F12PRr2	3.0	12.0	Rhizosphere	2026-07-13	8.07	98.8	10.06	F12PRr2	3	12	Rhizosphere	2026-07-13	8.07	98.8	10.06	UNCHANGED
https://rubalkhali.science/kb/RAK_PH_VALUE_f56598c0d003f7dbdfc20f94dfe55bc58444debef27d0572e2749738306ca0f5	F12PRr3	3.0	12.0	Rhizosphere	2026-07-13	8.11	98.8	10.06	F12PRr3	3	12	Rhizosphere	2026-07-13	8.11	98.8	10.06	UNCHANGED
https://rubalkhali.science/kb/RAK_PH_VALUE_9f089b706a13d97398d9ffa0bbe70f491f58c019d7064a75ac96bb2857ca7650	F12Sr2	3.0	12.0	Surface	2026-07-13	8.05	98.8	10.06	F12Sr2	3	12	Surface	2026-07-13	8.05	98.8	10.06	UNCHANGED
https://rubalkhali.science/kb/RAK_PH_VALUE_a3fbc17361bd0e70c13e7a8843232fcfda8cd3a4ca7b816855915e0636c2c7fd	F12Sr3	3.0	12.0	Surface	2026-07-13	8.0	98.8	10.06	F12Sr3	3	12	Surface	2026-07-13	8.0	98.8	10.06	UNCHANGED
https://rubalkhali.science/kb/RAK_PH_VALUE_bb1e5a91a68ea23a54eb3b4b9252d3815042c6ab0705b82369ede1c719933214	F13Dr1	3.0	13.0	Deep	2026-07-27	7.9	97.9	10.06	F13Dr1	3	13	Deep	2026-07-27	7.9	97.9	10.06	UNCHANGED
https://rubalkhali.science/kb/RAK_PH_VALUE_fa553765eea33eba37227de9fbe2d6f2d8bcab6aa9b6c746bd157cbbd1875a77	F13PRr1	3.0	13.0	Rhizosphere	2026-07-27	7.86	97.9	10.06	F13PRr1	3	13	Rhizosphere	2026-07-27	7.86	97.9	10.06	UNCHANGED
https://rubalkhali.science/kb/RAK_PH_VALUE_33358e5204ac4e74db143971a905863fb23728429a597f3fbf70d393ce8bd686	F13Sr1	3.0	13.0	Surface	2026-07-27	7.88	97.9	10.06	F13Sr1	3	13	Surface	2026-07-27	7.88	97.9	10.06	UNCHANGED
https://rubalkhali.science/kb/RAK_PH_VALUE_a85aed2749a329641c20085374e0f40be58f879750a3aad5168157ff5897f36f	F14Dr1	3.0	14.0	Deep	2026-07-27	8.01	97.9	10.06	F14Dr1	3	14	Deep	2026-07-27	8.01	97.9	10.06	UNCHANGED
https://rubalkhali.science/kb/RAK_PH_VALUE_25754981a2d10a436172ca6abfb40e1b991a0c33450b559553f16ea03ad3fda6	F14PRr1	3.0	14.0	Rhizosphere	2026-07-27	7.94	97.9	10.06	F14PRr1	3	14	Rhizosphere	2026-07-27	7.94	97.9	10.06	UNCHANGED
https://rubalkhali.science/kb/RAK_PH_VALUE_4bef8751709e107968cf8463299c0c140c5b03c41caa78f64e6974a36f16b5d7	F14Sr1	3.0	14.0	Surface	2026-07-27	7.97	97.9	10.06	F14Sr1	3	14	Surface	2026-07-27	7.97	97.9	10.06	UNCHANGED
https://rubalkhali.science/kb/RAK_PH_VALUE_f434990ff8b18638e0a7493edc237d361b69e5e67dd8cbf7722bdad421aab885	F15Dr1	3.0	15.0	Deep	2026-07-27	8.02	97.9	10.06	F15Dr1	3	15	Deep	2026-07-27	8.02	97.9	10.06	UNCHANGED
https://rubalkhali.science/kb/RAK_PH_VALUE_7ae4875ed46391066288922b469bbff4a628c99ef153d004cdd54ecb084e34c5	F15PRr1	3.0	15.0	Rhizosphere	2026-07-27	7.79	97.9	10.06	F15PRr1	3	15	Rhizosphere	2026-07-27	7.79	97.9	10.06	UNCHANGED
https://rubalkhali.science/kb/RAK_PH_VALUE_9389cd921e252216e1d37fbb5ef5a4d03f75e348fcf6a4ede5a111fd3ae1da4d	F15Sr1	3.0	15.0	Surface	2026-07-27	8.0	97.9	10.06	F15Sr1	3	15	Surface	2026-07-27	8.0	97.9	10.06	UNCHANGED
https://rubalkhali.science/kb/RAK_PH_VALUE_7079977b0e532752121943edfec9c8815234e12737652803648939fbf5b3fb01	F16Dr1	3.0	16.0	Deep	2026-07-27	7.8	97.9	10.06	F16Dr1	3	16	Deep	2026-07-27	7.8	97.9	10.06	UNCHANGED
https://rubalkhali.science/kb/RAK_PH_VALUE_b2ba24f31a2472a64bbe08b9fb52f74926ff94f671f30022f8e660a32ae149f5	F16PRr1	3.0	16.0	Rhizosphere	2026-07-27	7.89	97.9	10.06	F16PRr1	3	16	Rhizosphere	2026-07-27	7.89	97.9	10.06	UNCHANGED
https://rubalkhali.science/kb/RAK_PH_VALUE_4e7c9760028e14c852cebbb50e281753cb74dd60942b14b9cc983151b806b20f	F16Sr1	3.0	16.0	Surface	2026-07-27	7.96	97.9	10.06	F16Sr1	3	16	Surface	2026-07-27	7.96	97.9	10.06	UNCHANGED
https://rubalkhali.science/kb/RAK_PH_VALUE_3ee60808a66d4d71ff1e380711054b4e26d7949bd970f10aab6b1d7f4a2fd3e7	F17Dr1	3.0	17.0	Deep	2026-07-27	7.63	97.9	10.06	F17Dr1	3	17	Deep	2026-07-27	7.63	97.9	10.06	UNCHANGED
https://rubalkhali.science/kb/RAK_PH_VALUE_d4dd24e2a254a6b2b98c95295cea1b5eb17338eeea4679bc4871507766ed4d6d	F17PRr1	3.0	17.0	Rhizosphere	2026-07-27	7.58	97.9	10.06	F17PRr1	3	17	Rhizosphere	2026-07-27	7.58	97.9	10.06	UNCHANGED
https://rubalkhali.science/kb/RAK_PH_VALUE_7d87f8b5c322d65a7097249194af2018f4d5a87a3c7792bfd259641f1edeb876	F17Sr1	3.0	17.0	Surface	2026-07-27	7.6	97.9	10.06	F17Sr1	3	17	Surface	2026-07-27	7.6	97.9	10.06	UNCHANGED
https://rubalkhali.science/kb/RAK_PH_VALUE_9bfe759f9dc51c2644ef75a401ea06746077beda0a4d83ccc8c206edd30930ab	F19Dr1	3.0	19.0	Deep	2026-07-27	7.77	97.9	10.06	F19Dr1	3	19	Deep	2026-07-27	7.77	97.9	10.06	UNCHANGED
https://rubalkhali.science/kb/RAK_PH_VALUE_aae64063eeb3a383170c488449c100eef08cfb886829d947bdbc2c50074b5a87	F19PRr1	3.0	19.0	Rhizosphere	2026-07-27	7.74	97.9	10.06	F19PRr1	3	19	Rhizosphere	2026-07-27	7.74	97.9	10.06	UNCHANGED
https://rubalkhali.science/kb/RAK_PH_VALUE_78099d82cb90f9b7fe1e545bec6b002e326ec6a0f0dc059ed06a2ef36352e19e	F19Sr1	3.0	19.0	Surface	2026-07-27	7.72	97.9	10.06	F19Sr1	3	19	Surface	2026-07-27	7.72	97.9	10.06	UNCHANGED
https://rubalkhali.science/kb/RAK_PH_VALUE_2118e8ca1eb6ecc8daf5792e51d5fa6c37860a541f1ca5ee12f52cfa75be0855	F20Dr1	3.0	20.0	Deep	2026-07-27	7.77	97.9	10.06	F20Dr1	3	20	Deep	2026-07-27	7.77	97.9	10.06	UNCHANGED
https://rubalkhali.science/kb/RAK_PH_VALUE_8d087cb993da9c9d0e5dadc7e7098b31bbed5573ed1434cf68500f839beb1092	F20PRr1	3.0	20.0	Rhizosphere	2026-07-27	7.74	97.9	10.06	F20PRr1	3	20	Rhizosphere	2026-07-27	7.74	97.9	10.06	UNCHANGED
https://rubalkhali.science/kb/RAK_PH_VALUE_0fe108d23f7e0911923d64a625e23ce9e7da44445cf2ab5c797bd469b0e0f750	F20Sr2	3.0	20.0	Surface	2026-07-27	7.72	97.9	10.06	F20Sr2	3	20	Surface	2026-07-27	7.72	97.9	10.06	UNCHANGED
https://rubalkhali.science/kb/RAK_PH_VALUE_24122418d13c026f77b5e7dd764c8d673808fcbed8a224b43b490a8be5652663	F21Dr1	3.0	21.0	Deep	2026-07-27	7.69	97.9	10.06	F21Dr1	3	21	Deep	2026-07-27	7.69	97.9	10.06	UNCHANGED
https://rubalkhali.science/kb/RAK_PH_VALUE_ff552c2c111edeabb2a174acf9f912c42a8b6a9cb36e3f295ea60fe418e891d0	F21PRr1	3.0	21.0	Rhizosphere	2026-07-27	7.61	97.9	10.06	F21PRr1	3	21	Rhizosphere	2026-07-27	7.61	97.9	10.06	UNCHANGED
https://rubalkhali.science/kb/RAK_PH_VALUE_b7eb268dfcc1d20f9f13a3920560deb514bbd14d7f109fce1ea96c378522c585	F21Sr1	3.0	21.0	Surface	2026-07-27	7.53	97.9	10.06	F21Sr1	3	21	Surface	2026-07-27	7.53	97.9	10.06	UNCHANGED
https://rubalkhali.science/kb/RAK_PH_VALUE_403635441c1466c168eb4c313a4a6f5358633670bb1c57db62052aac8c4c63ae	F23Dr1	3.0	23.0	Deep	2026-07-27	7.58	97.9	10.06	F23Dr1	3	23	Deep	2026-07-27	7.58	97.9	10.06	UNCHANGED
https://rubalkhali.science/kb/RAK_PH_VALUE_be576ab916d2bb9eb7c0c2d396ec3f83fad59e2b53e3c47303042f4ab89c6262	F23PRr1	3.0	23.0	Rhizosphere	2026-07-27	7.54	97.9	10.06	F23PRr1	3	23	Rhizosphere	2026-07-27	7.54	97.9	10.06	UNCHANGED
https://rubalkhali.science/kb/RAK_PH_VALUE_7c91dbe9969ca190e690b468e38f07f82bfc7a8d069577a8bb45610dac6287fe	F23Sr1	3.0	23.0	Surface	2026-07-27	7.6	97.9	10.06	F23Sr1	3	23	Surface	2026-07-27	7.6	97.9	10.06	UNCHANGED
https://rubalkhali.science/kb/RAK_PH_VALUE_c5e323514b736e05361dda23ff4832c9b1e1fea45b2a8ea0726e2611c4d9f920	F24Dr1	3.0	24.0	Deep	2026-07-27	8.03	97.9	10.06	F24Dr1	3	24	Deep	2026-07-27	8.03	97.9	10.06	UNCHANGED
https://rubalkhali.science/kb/RAK_PH_VALUE_c2019ff1ec7d50ce2ad6726e09d3ca10d4b6228a64b24b738dd7f55eb50041fa	F24PRr1	3.0	24.0	Rhizosphere	2026-07-27	7.92	97.9	10.06	F24PRr1	3	24	Rhizosphere	2026-07-27	7.92	97.9	10.06	UNCHANGED
https://rubalkhali.science/kb/RAK_PH_VALUE_27abf733a139cc10e682ecbe6c1ecc4af864d4dc94a73a35863c883520d22519	F24Sr1	3.0	24.0	Surface	2026-07-27	8.02	97.9	10.06	F24Sr1	3	24	Surface	2026-07-27	8.02	97.9	10.06	UNCHANGED
https://rubalkhali.science/kb/RAK_PH_VALUE_6eec904cab2ec8b807a6d3b1bc9a6a1ad996bd10a0defb40d7360f2fab8ee7f5	F25Dr1	3.0	25.0	Deep	2026-07-27	7.78	97.9	10.06	F25Dr1	3	25	Deep	2026-07-27	7.78	97.9	10.06	UNCHANGED
https://rubalkhali.science/kb/RAK_PH_VALUE_e0f523ae4178a36f2871df7c64c81f70888381e6edb5cf7e3636e31fe8bbf491	F25PRr1	3.0	25.0	Rhizosphere	2026-07-27	7.7	97.9	10.06	F25PRr1	3	25	Rhizosphere	2026-07-27	7.7	97.9	10.06	UNCHANGED
https://rubalkhali.science/kb/RAK_PH_VALUE_6b2b1f5b1e97e062bc1a3a92fdc650a2d3d528a26e69582fc4d47a0a01a2b3e7	F25Sr1	3.0	25.0	Surface	2026-07-27	7.79	97.9	10.06	F25Sr1	3	25	Surface	2026-07-27	7.79	97.9	10.06	UNCHANGED
https://rubalkhali.science/kb/RAK_PH_VALUE_e31955c06e8a7f4a1d649f32e1cf540c14ea4dac7d6266cd736916ed616dad9b	F26Dr1	3.0	26.0	Deep	2026-07-27	7.82	97.9	10.06	F26Dr1	3	26	Deep	2026-07-27	7.82	97.9	10.06	UNCHANGED
https://rubalkhali.science/kb/RAK_PH_VALUE_ddf8d875c5de8cd2d4ebd5b0f6a151a32b91ff946ceb68461961bf45dcfdad5b	F26PRr1	3.0	26.0	Rhizosphere	2026-07-27	7.75	97.9	10.06	F26PRr1	3	26	Rhizosphere	2026-07-27	7.75	97.9	10.06	UNCHANGED
https://rubalkhali.science/kb/RAK_PH_VALUE_e52c9c882120177e58e07333424d91bd239c9d235cc267d3abc1278cabca8132	F26Sr1	3.0	26.0	Surface	2026-07-27	7.76	97.9	10.06	F26Sr1	3	26	Surface	2026-07-27	7.76	97.9	10.06	UNCHANGED
https://rubalkhali.science/kb/RAK_PH_VALUE_d01b0b3c3203f59e93505a58a4d36f1b7916832f08ccfecddb7b5ca291d27fd9	F27Dr1	3.0	27.0	Deep	2026-07-27	7.95	97.9	10.06	F27Dr1	3	27	Deep	2026-07-27	7.95	97.9	10.06	UNCHANGED
https://rubalkhali.science/kb/RAK_PH_VALUE_5dbdfe7442aeefda4c76df6ce9a5c3c26a1bcec2772c290b5d0c706bc2986274	F27PRr1	3.0	27.0	Rhizosphere	2026-07-27	7.89	97.9	10.06	F27PRr1	3	27	Rhizosphere	2026-07-27	7.89	97.9	10.06	UNCHANGED
https://rubalkhali.science/kb/RAK_PH_VALUE_8fcee006884f64fff2d143b9f745599284aaa2cb5f64de226f2bfa6a995558de	F27Sr1	3.0	27.0	Surface	2026-07-27	7.89	97.9	10.06	F27Sr1	3	27	Surface	2026-07-27	7.89	97.9	10.06	UNCHANGED
https://rubalkhali.science/kb/RAK_PH_VALUE_453924f26186052b003a44bdf66df1bebd5239fe568679f3aeeddc2588bea0c8	F28Dr1	3.0	28.0	Deep	2026-07-27	8.21	97.9	10.06	F28Dr1	3	28	Deep	2026-07-27	8.21	97.9	10.06	UNCHANGED
https://rubalkhali.science/kb/RAK_PH_VALUE_80a9e9ce4d47dae7e118b422c479c3ef5b193b96a761a8fafce3667522cdbe18	F28PRr1	3.0	28.0	Rhizosphere	2026-07-27	8.03	97.9	10.06	F28PRr1	3	28	Rhizosphere	2026-07-27	8.03	97.9	10.06	UNCHANGED
https://rubalkhali.science/kb/RAK_PH_VALUE_edd4698a6c4f012bff09ff6b797009afef3a0bf30aeab2c63515581d93302d8e	F28Sr1	3.0	28.0	Surface	2026-07-27	8.11	97.9	10.06	F28Sr1	3	28	Surface	2026-07-27	8.11	97.9	10.06	UNCHANGED
https://rubalkhali.science/kb/RAK_PH_VALUE_73da9dac00359d8bc76a85e936a0bb89eaf9dd74eea7169d594474f0be562d45	F29Dr1	3.0	29.0	Deep	2026-07-27	8.13	97.9	10.06	F29Dr1	3	29	Deep	2026-07-27	8.13	97.9	10.06	UNCHANGED
https://rubalkhali.science/kb/RAK_PH_VALUE_3abcf204439505abe3697dd45d7259a3d5e14ced444411ce31855c126ac271af	F29PRr1	3.0	29.0	Rhizosphere	2026-07-27	8.08	97.9	10.06	F29PRr1	3	29	Rhizosphere	2026-07-27	8.08	97.9	10.06	UNCHANGED
https://rubalkhali.science/kb/RAK_PH_VALUE_477db776b6be4af71fa86b9247d8103bb148d1221b722828cc1103375431e30e	F29Sr1	3.0	29.0	Surface	2026-07-27	7.93	97.9	10.06	F29Sr1	3	29	Surface	2026-07-27	7.93	97.9	10.06	UNCHANGED
https://rubalkhali.science/kb/RAK_PH_VALUE_4e43a4bb720d3c04b193db13ac332f631fb457015a9fe97fc85732022ccf119f	F30Dr1	3.0	30.0	Deep	2026-07-27	8.16	97.9	10.06	F30Dr1	3	30	Deep	2026-07-27	8.16	97.9	10.06	UNCHANGED
https://rubalkhali.science/kb/RAK_PH_VALUE_f40656f428c0039596a1eb29fc6e13e1ea0c0d4175f8dfb0f170c94f92fd2d49	F30PRr1	3.0	30.0	Rhizosphere	2026-07-27	8.0	97.9	10.06	F30PRr1	3	30	Rhizosphere	2026-07-27	8.0	97.9	10.06	UNCHANGED
https://rubalkhali.science/kb/RAK_PH_VALUE_655feeddb8d114df9df269bc0a4c239d816fbe29d797ffe3f2a828e61167b3c3	F30Sr1	3.0	30.0	Surface	2026-07-27	8.04	97.9	10.06	F30Sr1	3	30	Surface	2026-07-27	8.04	97.9	10.06	UNCHANGED
https://rubalkhali.science/kb/RAK_PH_VALUE_ca0a7d34e9abd6c1e1f4591a639df16e0854088da4ac902435c918937eb50814	F31Dr1	3.0	31.0	Deep	2026-07-28	7.92	97.7	10.03	F31Dr1	3	31	Deep	2026-07-28	7.92	97.7	10.03	UNCHANGED
https://rubalkhali.science/kb/RAK_PH_VALUE_50fb39489dffa56a8640ac21c3f3488b5588c5e93f7fe3541b3f3b0c8b21f04c	F31PRr1	3.0	31.0	Rhizosphere	2026-07-28	7.9	97.7	10.03	F31PRr1	3	31	Rhizosphere	2026-07-28	7.9	97.7	10.03	UNCHANGED
https://rubalkhali.science/kb/RAK_PH_VALUE_157d750a6a352c116622251e06b01eb268840c5dcac6b9818129dcd4cbebd129	F31Sr2	3.0	31.0	Surface	2026-07-28	7.98	97.7	10.03	F31Sr2	3	31	Surface	2026-07-28	7.98	97.7	10.03	UNCHANGED
https://rubalkhali.science/kb/RAK_PH_VALUE_48d271c50ac3da83a5c8cd80a21dfb799e165c6601785ab51602aa7f366da1bd	F32Dr1	3.0	32.0	Deep	2026-07-28	7.93	97.7	10.03	F32Dr1	3	32	Deep	2026-07-28	7.93	97.7	10.03	UNCHANGED
https://rubalkhali.science/kb/RAK_PH_VALUE_b058592a64b2ed34bada7d7294f947a096efb677d76a9f434019453a7ccaec7d	F32PRr1	3.0	32.0	Rhizosphere	2026-07-28	7.89	97.7	10.03	F32PRr1	3	32	Rhizosphere	2026-07-28	7.89	97.7	10.03	UNCHANGED
https://rubalkhali.science/kb/RAK_PH_VALUE_ee1e51d2992b5f06adb1ab43a9097e656444e76588e1f92107f2b7dad3dddb64	F32Sr1	3.0	32.0	Surface	2026-07-28	7.82	97.7	10.03	F32Sr1	3	32	Surface	2026-07-28	7.82	97.7	10.03	UNCHANGED
https://rubalkhali.science/kb/RAK_PH_VALUE_839c978b05fea137606b19fa1370020ee0e997b1810695d6492b274c714d1063	F33Dr1	3.0	33.0	Deep	2026-07-28	8.01	97.7	10.03	F33Dr1	3	33	Deep	2026-07-28	8.01	97.7	10.03	UNCHANGED
https://rubalkhali.science/kb/RAK_PH_VALUE_104dd9e6cff31806ea17655c4e5f4a54552b576904e602bcf6187d24f4f54334	F33PRr2	3.0	33.0	Rhizosphere	2026-07-28	7.87	97.7	10.03	F33PRr2	3	33	Rhizosphere	2026-07-28	7.87	97.7	10.03	UNCHANGED
https://rubalkhali.science/kb/RAK_PH_VALUE_41710c86ba563c83bcaaec66aa80cbba97c70559bd0fc51d9d869ff6ba7047d1	F33Sr1	3.0	33.0	Surface	2026-07-28	7.93	97.7	10.03	F33Sr1	3	33	Surface	2026-07-28	7.93	97.7	10.03	UNCHANGED
https://rubalkhali.science/kb/RAK_PH_VALUE_0740697a266c50429934d44de69ba1d54a599fd310788e980347c131dfed029a	F34Dr1	3.0	34.0	Deep	2026-07-28	7.79	97.7	10.03	F34Dr1	3	34	Deep	2026-07-28	7.79	97.7	10.03	UNCHANGED
https://rubalkhali.science/kb/RAK_PH_VALUE_b9a3ab5ef9c40ab91d6ec770ce32335b4f8f02422abc811d197bf5d7c670874f	F34PRr1	3.0	34.0	Rhizosphere	2026-07-28	7.71	97.7	10.03	F34PRr1	3	34	Rhizosphere	2026-07-28	7.71	97.7	10.03	UNCHANGED
https://rubalkhali.science/kb/RAK_PH_VALUE_cd597d515e8e97cfa35e5b2fca506681dc25cd0e27e2420a844b60739e4c5029	F34Sr1	3.0	34.0	Surface	2026-07-28	7.8	97.7	10.03	F34Sr1	3	34	Surface	2026-07-28	7.8	97.7	10.03	UNCHANGED
https://rubalkhali.science/kb/RAK_PH_VALUE_b926792d0d420babb578332aec4e7b376c30bc4ca4be2fcef424ca5eadc8adab	F35Dr1	3.0	35.0	Deep	2026-07-28	8.17	97.7	10.03	F35Dr1	3	35	Deep	2026-07-28	8.17	97.7	10.03	UNCHANGED
https://rubalkhali.science/kb/RAK_PH_VALUE_7a130496dd669c283701af676a98d51eaa498a21528803cffe9e4854b44201a1	F35PRr1	3.0	35.0	Rhizosphere	2026-07-28	7.97	97.7	10.03	F35PRr1	3	35	Rhizosphere	2026-07-28	7.97	97.7	10.03	UNCHANGED
https://rubalkhali.science/kb/RAK_PH_VALUE_ec59a6afdefdfdee722b2a162ed0f265ac7dbff75f8535740c72c4faacb1cc08	F35Sr1	3.0	35.0	Surface	2026-07-28	8.02	97.7	10.03	F35Sr1	3	35	Surface	2026-07-28	8.02	97.7	10.03	UNCHANGED
https://rubalkhali.science/kb/RAK_PH_VALUE_8fedd2b50b287c14a75e432e9c9b0a6bfeac6a87b8bca05c977cd29a75c7f5c0	F36Dr1	3.0	36.0	Deep	2026-07-28	8.07	97.7	10.03	F36Dr1	3	36	Deep	2026-07-28	8.07	97.7	10.03	UNCHANGED
https://rubalkhali.science/kb/RAK_PH_VALUE_edeac6e49f3ecbb137d97c9e753080a68dd419e7cc9a5106a631f74f0009082f	F36PRr1	3.0	36.0	Rhizosphere	2026-07-28	7.86	97.7	10.03	F36PRr1	3	36	Rhizosphere	2026-07-28	7.86	97.7	10.03	UNCHANGED
https://rubalkhali.science/kb/RAK_PH_VALUE_dd403005c2d7c9426d8096b2046aa29a56a4fdb53b88f75890ecdf5a1045c90b	F36Sr1	3.0	36.0	Surface	2026-07-28	7.88	97.7	10.03	F36Sr1	3	36	Surface	2026-07-28	7.88	97.7	10.03	UNCHANGED
https://rubalkhali.science/kb/RAK_PH_VALUE_a63346340a2bb03c709106eaa56f7139faff19917a9f4f5875c97e97c02e50a7	F37Dr1	3.0	37.0	Deep	2026-07-28	8.09	97.7	10.03	F37Dr1	3	37	Deep	2026-07-28	8.09	97.7	10.03	UNCHANGED
https://rubalkhali.science/kb/RAK_PH_VALUE_be10c5b28a7b810972796eefb418dc8489b83f8fd1698c590519324b3881204b	F37PRr1	3.0	37.0	Rhizosphere	2026-07-28	8.01	97.7	10.03	F37PRr1	3	37	Rhizosphere	2026-07-28	8.01	97.7	10.03	UNCHANGED
https://rubalkhali.science/kb/RAK_PH_VALUE_41c213a22ab7d6a194424d94181813dfe4f94eb6409672197a615d4732a12f1d	F37Sr1	3.0	37.0	Surface	2026-07-28	7.98	97.7	10.03	F37Sr1	3	37	Surface	2026-07-28	7.98	97.7	10.03	UNCHANGED
https://rubalkhali.science/kb/RAK_PH_VALUE_165219f7ec159335b8ba3a3d9c6e85bb4e66abeb0e4c9cc69cd7b6e86fb0a677	F38Dr2	3.0	38.0	Deep	2026-07-28	8.03	97.7	10.03	F38Dr2	3	38	Deep	2026-07-28	8.03	97.7	10.03	UNCHANGED
https://rubalkhali.science/kb/RAK_PH_VALUE_4f77993a187fa747855846c8e623242cf4cc6a59367777fb3d1b1e7330873b23	F38PRr1	3.0	38.0	Rhizosphere	2026-07-28	7.88	97.7	10.03	F38PRr1	3	38	Rhizosphere	2026-07-28	7.88	97.7	10.03	UNCHANGED
https://rubalkhali.science/kb/RAK_PH_VALUE_f1c707f02e10301773af04c3f77b3510c7bac9ce0d47c17ad133fe351bd651bf	F38Sr1	3.0	38.0	Surface	2026-07-28	7.83	97.7	10.03	F38Sr1	3	38	Surface	2026-07-28	7.83	97.7	10.03	UNCHANGED
https://rubalkhali.science/kb/RAK_PH_VALUE_233a24202c542172a14d2e625a0521e207838f92a78572f5c24e8cc764de2898	F39Dr2	3.0	39.0	Deep	2026-07-28	8.1	97.7	10.04	F39Dr2	3	39	Deep	2026-07-28	8.1	97.7	10.04	UNCHANGED
https://rubalkhali.science/kb/RAK_PH_VALUE_fbcf2e6b80a953eed1f13554666f8bb9071bf1b22f8fbc5bb60e72347c0ac14f	F39PRr1	3.0	39.0	Rhizosphere	2026-07-28	8.06	97.7	10.04	F39PRr1	3	39	Rhizosphere	2026-07-28	8.06	97.7	10.04	UNCHANGED
https://rubalkhali.science/kb/RAK_PH_VALUE_5632260dd9b32e657aa4874515f67eb6a501083b9f8d34c6c8310035f7418266	F39Sr1	3.0	39.0	Surface	2026-07-28	7.91	97.7	10.03	F39Sr1	3	39	Surface	2026-07-28	7.91	97.7	10.03	UNCHANGED
https://rubalkhali.science/kb/RAK_PH_VALUE_99e6f85deeac314b4d7e44ce4607ecc8bb931877f2cb0f7d302e1c4ac6ad3a40	F40Dr1	3.0	40.0	Deep	2026-07-28	8.1	97.7	10.04	F40Dr1	3	40	Deep	2026-07-28	8.1	97.7	10.04	UNCHANGED
https://rubalkhali.science/kb/RAK_PH_VALUE_8a60c4b01e0a1f706a8f204491a3b1d80b717b6692c642a42c1595470ca0ec31	F40PRr1	3.0	40.0	Rhizosphere	2026-07-28	8.14	97.7	10.04	F40PRr1	3	40	Rhizosphere	2026-07-28	8.14	97.7	10.04	UNCHANGED
https://rubalkhali.science/kb/RAK_PH_VALUE_91f2999cc574d35c86ad20e0d17f495a802f3bfe0540c988020ccb13a29961a8	F40Sr1	3.0	40.0	Surface	2026-07-28	8.18	97.7	10.04	F40Sr1	3	40	Surface	2026-07-28	8.18	97.7	10.04	UNCHANGED
https://rubalkhali.science/kb/RAK_PH_VALUE_46f14be6b82b438e6052b7b2560fce342fe94653b19c2ccac692011d87fc9c52	F42Dr1	3.0	42.0	Deep	2026-07-28	8.2	97.7	10.04	F42Dr1	3	42	Deep	2026-07-28	8.2	97.7	10.04	UNCHANGED
https://rubalkhali.science/kb/RAK_PH_VALUE_77d7dc6dd08a1f7a754703953e8781fbe58cc4039b1ca7ae9066ab2e8ba0ff95	F42PRr1	3.0	42.0	Rhizosphere	2026-07-28	8.09	97.7	10.04	F42PRr1	3	42	Rhizosphere	2026-07-28	8.09	97.7	10.04	UNCHANGED
https://rubalkhali.science/kb/RAK_PH_VALUE_368b74cfe1fccad46f674373380cf999de591e5befb4b4542d75c121dfbdd291	F42Sr1	3.0	42.0	Surface	2026-07-28	8.11	97.7	10.04	F42Sr1	3	42	Surface	2026-07-28	8.11	97.7	10.04	UNCHANGED
https://rubalkhali.science/kb/RAK_PH_VALUE_4855b01c7c1b4a82161717b91aebf712e502859269b8ecf369a5a0c6e138017f	F43Dr1	3.0	43.0	Deep	2026-07-13	7.97	98.8	10.05	F43Dr1	3	43	Deep	2026-07-13	7.97	98.8	10.05	UNCHANGED
https://rubalkhali.science/kb/RAK_PH_VALUE_014f294f42b93fe59aa05972e4733cdcbe92547a506e88c3a95b90a60da27be6	F43Dr2	3.0	43.0	Deep	2026-07-13	8.0	98.8	10.05	F43Dr2	3	43	Deep	2026-07-13	8.0	98.8	10.05	UNCHANGED
https://rubalkhali.science/kb/RAK_PH_VALUE_d44aec851e429fe4d27f7dd813c22c52353a8d2f252bb23c94a94611bc202137	F43PRr1	3.0	43.0	Rhizosphere	2026-07-13	7.95	98.8	10.05	F43PRr1	3	43	Rhizosphere	2026-07-13	7.95	98.8	10.05	UNCHANGED
https://rubalkhali.science/kb/RAK_PH_VALUE_6e9aa04656241e9a0e5b2698e03559317ee68a85d477ac638685aa36d1dd44c2	F43PRr2	3.0	43.0	Rhizosphere	2026-07-13	7.98	98.8	10.05	F43PRr2	3	43	Rhizosphere	2026-07-13	7.98	98.8	10.05	UNCHANGED
https://rubalkhali.science/kb/RAK_PH_VALUE_d59f9347fe843e1cf85f3f83781ecac535655c39e1ec5d03b832e7ee05531c82	F43PRr3	3.0	43.0	Rhizosphere	2026-07-13	7.99	98.8	10.05	F43PRr3	3	43	Rhizosphere	2026-07-13	7.99	98.8	10.05	UNCHANGED
https://rubalkhali.science/kb/RAK_PH_VALUE_1ccaef5013e571a549f872dc65735e46d4af7cb6e9d1c093e2d309e90fa3e50f	F43Sr1	3.0	43.0	Surface	2026-07-13	8.14	98.8	10.05	F43Sr1	3	43	Surface	2026-07-13	8.14	98.8	10.05	UNCHANGED
https://rubalkhali.science/kb/RAK_PH_VALUE_85a35b99e83f4c20d0396fd94224d8b22f13089c7130d27e9f3b7e793de1c7bd	F43Sr2	3.0	43.0	Surface	2026-07-13	8.06	98.8	10.05	F43Sr2	3	43	Surface	2026-07-13	8.06	98.8	10.05	UNCHANGED
https://rubalkhali.science/kb/RAK_PH_VALUE_ee1e565f43996dfc8c7a031c75f54d73cb2ddec79e39515f732acb21551ce2ab	F43Sr3	3.0	43.0	Surface	2026-07-13	8.07	98.8	10.05	F43Sr3	3	43	Surface	2026-07-13	8.07	98.8	10.05	UNCHANGED
https://rubalkhali.science/kb/RAK_PH_VALUE_b98247ba32a82793be0c7a1751aa6c0ad8955216e88b6eeff5a47812b3bcd77d	F44Dr1	3.0	44.0	Deep	2026-07-28	8.01	97.7	10.04	F44Dr1	3	44	Deep	2026-07-28	8.01	97.7	10.04	UNCHANGED
https://rubalkhali.science/kb/RAK_PH_VALUE_d599df6a43ebae173bf28d51bb6a2af842df74c331f3a21728ec463f7017a64d	F44PRr1	3.0	44.0	Rhizosphere	2026-07-28	8.07	97.7	10.04	F44PRr1	3	44	Rhizosphere	2026-07-28	8.07	97.7	10.04	UNCHANGED
https://rubalkhali.science/kb/RAK_PH_VALUE_0cfe62320eb52f9a43671f5bda3e23efc310f62fe66ebd4433f7ecafc9d4d01e	F44Sr1	3.0	44.0	Surface	2026-07-28	8.06	97.7	10.04	F44Sr1	3	44	Surface	2026-07-28	8.06	97.7	10.04	UNCHANGED
https://rubalkhali.science/kb/RAK_PH_VALUE_a746d58eefde8f065a930fabb99ed441d08150d6e61b1509424726381c549825	F45Dr1	3.0	45.0	Deep	2026-07-13	8.26	98.8	10.06	F45Dr1	3	45	Deep	2026-07-13	8.26	98.8	10.06	UNCHANGED
https://rubalkhali.science/kb/RAK_PH_VALUE_550509b86d83034131548b5b629100ecc2f20f122652c02c745093e135398646	F45Dr2	3.0	45.0	Deep	2026-07-13	8.34	98.8	10.06	F45Dr2	3	45	Deep	2026-07-13	8.34	98.8	10.06	UNCHANGED
https://rubalkhali.science/kb/RAK_PH_VALUE_fb27d7189a5789b92aaee8fda8473bb241ec1757276534e78599ba56d2048082	F45Dr3	3.0	45.0	Deep	2026-07-13	8.33	98.8	10.06	F45Dr3	3	45	Deep	2026-07-13	8.33	98.8	10.06	UNCHANGED
https://rubalkhali.science/kb/RAK_PH_VALUE_c9e4fe13063a4fd80389172cee890d30da76811c6163d404f69ff2d425cdbedb	F45PRr1	3.0	45.0	Rhizosphere	2026-07-13	7.87	98.8	10.06	F45PRr1	3	45	Rhizosphere	2026-07-13	7.87	98.8	10.06	UNCHANGED
https://rubalkhali.science/kb/RAK_PH_VALUE_44ad9f6d6a50a9a5581ea79d6ded7d813f3b9e8b84a331ff890f2c02eb1aa598	F45PRr2	3.0	45.0	Rhizosphere	2026-07-13	8.0	98.8	10.06	F45PRr2	3	45	Rhizosphere	2026-07-13	8.0	98.8	10.06	UNCHANGED
https://rubalkhali.science/kb/RAK_PH_VALUE_7d9e7a65afe33c1a0674df73841d61e5679197165c0429a1408f95515460425c	F45PRr3	3.0	45.0	Rhizosphere	2026-07-13	7.96	98.8	10.06	F45PRr3	3	45	Rhizosphere	2026-07-13	7.96	98.8	10.06	UNCHANGED
https://rubalkhali.science/kb/RAK_PH_VALUE_bb365209d331e1a5240126397f65bf0450b5f1f1f67f055ebb07ee1d31b23e99	F45Sr1	3.0	45.0	Surface	2026-07-13	8.12	98.8	10.06	F45Sr1	3	45	Surface	2026-07-13	8.12	98.8	10.06	UNCHANGED
https://rubalkhali.science/kb/RAK_PH_VALUE_e422134fd20356603767dc7a7e6c74111631ba9f2220c7e14175a2f4a3a6c22d	F45Sr2	3.0	45.0	Surface	2026-07-13	8.14	98.8	10.06	F45Sr2	3	45	Surface	2026-07-13	8.14	98.8	10.06	UNCHANGED
https://rubalkhali.science/kb/RAK_PH_VALUE_936dbc752cac9829923de322c6a80cb27830fe9de3d6f66d05e96ef5be9ded7b	F45Sr3	3.0	45.0	Surface	2026-07-13	8.17	98.8	10.06	F45Sr3	3	45	Surface	2026-07-13	8.17	98.8	10.06	UNCHANGED
https://rubalkhali.science/kb/RAK_PH_VALUE_81e7410b85cf92e200789b216c75e0c87205f5e3808e5888477c87af84f02352	F46Dr1	3.0	46.0	Deep	2026-07-28	8.13	97.7	10.04	F46Dr1	3	46	Deep	2026-07-28	8.13	97.7	10.04	UNCHANGED
https://rubalkhali.science/kb/RAK_PH_VALUE_327c44da1f7296e7014b12581977039701dd454e7bc74120c9b009c0e55bd4cb	F46Sr2	3.0	46.0	Surface	2026-07-28	8.05	97.7	10.04	F46Sr2	3	46	Surface	2026-07-28	8.05	97.7	10.04	UNCHANGED
https://rubalkhali.science/kb/RAK_PH_VALUE_636789aaf79b1436b847fd54798d7326e8c9148f6d50412a78534008394d1f29	F47Dr1	3.0	47.0	Deep	2026-07-28	8.04	97.7	10.04	F47Dr1	3	47	Deep	2026-07-28	8.04	97.7	10.04	UNCHANGED
https://rubalkhali.science/kb/RAK_PH_VALUE_1761546e7becdca51c9999ed5450cec5bf7e44ecaf27475e71b60e9a00e81bfb	F47PRr1	3.0	47.0	Rhizosphere	2026-07-28	8.16	97.7	10.04	F47PRr1	3	47	Rhizosphere	2026-07-28	8.16	97.7	10.04	UNCHANGED
https://rubalkhali.science/kb/RAK_PH_VALUE_559578861e7673c209971e2c343093128c156ff7547451a379ca2e1a971db19a	F47Sr3	3.0	47.0	Surface	2026-07-28	8.12	97.7	10.04	F47Sr3	3	47	Surface	2026-07-28	8.12	97.7	10.04	UNCHANGED
https://rubalkhali.science/kb/RAK_PH_VALUE_a9d79f2123d6a46f974d84e5f1cd90a3f35c3f5579c663f134d405f23fae6d52	F48Dr1	3.0	48.0	Deep	2026-07-28	8.21	97.7	10.04	F48Dr1	3	48	Deep	2026-07-28	8.21	97.7	10.04	UNCHANGED
https://rubalkhali.science/kb/RAK_PH_VALUE_da19451b2e1a7fd41ad0b8ff9e5e6ba9419db23c825de68992a4552720921513	F49Dr1	3.0	49.0	Deep	2026-07-28	7.94	97.7	10.04	F49Dr1	3	49	Deep	2026-07-28	7.94	97.7	10.04	UNCHANGED
https://rubalkhali.science/kb/RAK_PH_VALUE_6f95baca280af36876f77d165761cc8ed28dfabd57c89e856d72fde4337af40f	F49PRr1	3.0	49.0	Rhizosphere	2026-07-28	7.9	97.7	10.04	F49PRr1	3	49	Rhizosphere	2026-07-28	7.9	97.7	10.04	UNCHANGED
https://rubalkhali.science/kb/RAK_PH_VALUE_02acc71e9988f4d2cb95c3d4dc20aa27c8dbed482807a009793d0b4e60c54b2a	F49Sr1	3.0	49.0	Surface	2026-07-28	8.09	97.7	10.04	F49Sr1	3	49	Surface	2026-07-28	8.09	97.7	10.04	UNCHANGED
https://rubalkhali.science/kb/RAK_PH_VALUE_7389331c0c167b5e0c8fbb3bad6f189e6d7181ceda00eecd8c42b76a5c0ebcc8	F50Dr1	3.0	50.0	Deep	2026-07-28	8.09	97.7	10.04	F50Dr1	3	50	Deep	2026-07-28	8.09	97.7	10.04	UNCHANGED
https://rubalkhali.science/kb/RAK_PH_VALUE_6e6ba2ed15dadaad1f339c21026a1fc63ffae81e2e39517a5cf220a1c4311f07	F50PRr1	3.0	50.0	Rhizosphere	2026-07-28	8.2	97.7	10.04	F50PRr1	3	50	Rhizosphere	2026-07-28	8.2	97.7	10.04	UNCHANGED
https://rubalkhali.science/kb/RAK_PH_VALUE_4f1df8a0c14888ee6b0419242b1b0a9af339e9033baa27a3302c85747a61d869	F50Sr1	3.0	50.0	Surface	2026-07-28	8.19	97.7	10.04	F50Sr1	3	50	Surface	2026-07-28	8.19	97.7	10.04	UNCHANGED
https://rubalkhali.science/kb/RAK_PH_VALUE_12c4147deedd4b1d14ada916987c6b412a7f7d860a4f1e3f16c2e19e2f8542a2	F51Dr3	3.0	51.0	Deep	2026-07-28	8.38	97.7	10.04	F51Dr3	3	51	Deep	2026-07-28	8.38	97.7	10.04	UNCHANGED
https://rubalkhali.science/kb/RAK_PH_VALUE_146bad401102f08a58b1805a41543cce5c3fd8285b3fe7c88b525c44011a68a0	F51PRr2	3.0	51.0	Rhizosphere	2026-07-29	8.37	97.6	10.03	F51PRr2	3	51	Rhizosphere	2026-07-29	8.37	97.6	10.03	UNCHANGED
https://rubalkhali.science/kb/RAK_PH_VALUE_112cdf45e56ba80686329b3279c6069162f53caff7b547be437745980477e1c7	F51Sr3	3.0	51.0	Surface	2026-07-28	8.43	97.7	10.04	F51Sr3	3	51	Surface	2026-07-28	8.43	97.7	10.04	UNCHANGED
https://rubalkhali.science/kb/RAK_PH_VALUE_5c7849c1aff0de1318c21a7c3df1957cfac643dd6cbf7eebb8da6b1bc7656d6d	F52Sr1	3.0	52.0	Surface	2026-07-29	8.41	97.6	10.03	F52Sr1	3	52	Surface	2026-07-29	8.41	97.6	10.03	UNCHANGED
https://rubalkhali.science/kb/RAK_PH_VALUE_c7afa17ae23dd22e4c7c5590755fde3ef6f9ba8878fbde388e3ec84cb7b36515	F53Dr1	3.0	53.0	Deep	2026-07-29	8.3	97.6	10.03	F53Dr1	3	53	Deep	2026-07-29	8.3	97.6	10.03	UNCHANGED
https://rubalkhali.science/kb/RAK_PH_VALUE_c34bfad358d12deb6b4d48049934c1f16d2388c1d5ad32af465876e20258ffdd	F53PRr1	3.0	53.0	Rhizosphere	2026-07-29	8.2	97.6	10.03	F53PRr1	3	53	Rhizosphere	2026-07-29	8.2	97.6	10.03	UNCHANGED
https://rubalkhali.science/kb/RAK_PH_VALUE_cd20cdb01030ec49544105272614b054ecffb39804c73bc5ae9021e4125c5a47	F53Sr3	3.0	53.0	Surface	2026-07-29	8.27	97.6	10.03	F53Sr3	3	53	Surface	2026-07-29	8.27	97.6	10.03	UNCHANGED
https://rubalkhali.science/kb/RAK_PH_VALUE_a6d3e4be3124832fd7d36d66835d75d98c45d084f72360151968b3fd4a363caa	F54PRr2	3.0	54.0	Rhizosphere	2026-07-29	8.1	97.6	10.03	F54PRr2	3	54	Rhizosphere	2026-07-29	8.1	97.6	10.03	UNCHANGED
https://rubalkhali.science/kb/RAK_PH_VALUE_351a88877941787340d3e351b8e526e8104d7586a9163e082307b2507bd165ee	F56Sr2	3.0	56.0	Surface	2026-07-29	8.14	97.6	10.03	F56Sr2	3	56	Surface	2026-07-29	8.14	97.6	10.03	UNCHANGED
https://rubalkhali.science/kb/RAK_PH_VALUE_bc5ad9a5bc85c60fdde1e16080da52060184eb6b5623b08141844aee846a279b	F57Dr1	3.0	57.0	Deep	2026-07-29	8.39	97.6	10.03	F57Dr1	3	57	Deep	2026-07-29	8.39	97.6	10.03	UNCHANGED
https://rubalkhali.science/kb/RAK_PH_VALUE_74e72fbf6f5586c17c163fe548d6322b5a4a75dff4c0ad12a99b66d239ff7599	F57PRr1	3.0	57.0	Rhizosphere	2026-07-29	8.42	97.6	10.03	F57PRr1	3	57	Rhizosphere	2026-07-29	8.42	97.6	10.03	UNCHANGED
https://rubalkhali.science/kb/RAK_PH_VALUE_660133afa12ca3f66b569bc9c7c1914e3a76e304eada9446aa73d628be994de3	F57Sr3	3.0	57.0	Surface	2026-07-29	8.34	97.6	10.03	F57Sr3	3	57	Surface	2026-07-29	8.34	97.6	10.03	UNCHANGED
https://rubalkhali.science/kb/RAK_PH_VALUE_e32628e39e64bd14387978734ef415d55184a0dfd3877d78d0415ff38c3e86b6	F58Dr1	3.0	58.0	Deep	2026-07-29	8.28	97.6	10.03	F58Dr1	3	58	Deep	2026-07-29	8.28	97.6	10.03	UNCHANGED
https://rubalkhali.science/kb/RAK_PH_VALUE_50920f89748ca9c57b673e33355759613d349656a9f08cd5cd6136ac0f88bb6b	F58PRr1	3.0	58.0	Rhizosphere	2026-07-29	8.38	97.6	10.03	F58PRr1	3	58	Rhizosphere	2026-07-29	8.38	97.6	10.03	UNCHANGED
https://rubalkhali.science/kb/RAK_PH_VALUE_f32a0bc3d804f85a889705f0c446a28f068848c255ed80f0a9a865459d41922f	F58Sr1	3.0	58.0	Surface	2026-07-29	8.23	97.6	10.03	F58Sr1	3	58	Surface	2026-07-29	8.23	97.6	10.03	UNCHANGED
https://rubalkhali.science/kb/RAK_PH_VALUE_501ec3d3367db365931ba15132afddadcebf8539d909f6ce84bc04dee58d3b73	F59Sr3	3.0	59.0	Surface	2026-07-29	8.49	97.6	10.03	F59Sr3	3	59	Surface	2026-07-29	8.49	97.6	10.03	UNCHANGED
https://rubalkhali.science/kb/RAK_PH_VALUE_fc353a0d65dbc301d70d42e82e3127d1799080d579a3b00a695cb4d330a30042	F60PRr1	3.0	60.0	Rhizosphere	2026-07-29	8.46	97.6	10.03	F60PRr1	3	60	Rhizosphere	2026-07-29	8.46	97.6	10.03	UNCHANGED
https://rubalkhali.science/kb/RAK_PH_VALUE_59074d3bb105339abefb8ede672e5486c8b420f66b06e77f19872dcc7b911ab2	F60Sr1	3.0	60.0	Surface	2026-07-29	8.53	97.6	10.03	F60Sr1	3	60	Surface	2026-07-29	8.53	97.6	10.03	UNCHANGED
https://rubalkhali.science/kb/RAK_PH_VALUE_82cb32b31b381931d522c1b47b9715075f5b8d150c0f3337c4c7a1f7d2f0ee2b	S4Dr1	4.0	4.0	Deep	2026-07-29	7.8	97.6	10.07	S4Dr1	4	4	Deep	2026-07-29	7.8	97.6	10.07	UNCHANGED
https://rubalkhali.science/kb/RAK_PH_VALUE_ee078b40285012d49d214c076d5e7bbb3843b1dd5f6062abb4baa195a6cc1a3e	S4PRr1	4.0	4.0	Rhizosphere	2026-07-29	7.72	97.6	10.07	S4PRr1	4	4	Rhizosphere	2026-07-29	7.72	97.6	10.07	UNCHANGED
https://rubalkhali.science/kb/RAK_PH_VALUE_ee0c7503daa4b0e81c449a1c5bb66da6f234121e25dde7790a6b22168e6bac74	S4Sr1	4.0	4.0	Surface	2026-07-29	8.07	97.6	10.07	S4Sr1	4	4	Surface	2026-07-29	8.07	97.6	10.07	UNCHANGED
https://rubalkhali.science/kb/RAK_PH_VALUE_43ef789f61bfbdcf6a43604721af8285d55b04d9d6011ef01ebe6b12b140b71e	S5Dr1	4.0	5.0	Deep	2026-07-29	7.86	97.6	10.07	S5Dr1	4	5	Deep	2026-07-29	7.86	97.6	10.07	UNCHANGED
https://rubalkhali.science/kb/RAK_PH_VALUE_8b946ea41bb71e59718ad9bd32bf1751411b3c8a1278082154c450c8ace57e5e	S5PRr1	4.0	5.0	Rhizosphere	2026-07-29	7.7	97.6	10.07	S5PRr1	4	5	Rhizosphere	2026-07-29	7.7	97.6	10.07	UNCHANGED
https://rubalkhali.science/kb/RAK_PH_VALUE_e41ce5f94eef11813057ceb3ea1993bf7b477d2c63a8144867ee13e5aceadd78	S5Sr1	4.0	5.0	Surface	2026-07-29	8.04	97.6	10.07	S5Sr1	4	5	Surface	2026-07-29	8.04	97.6	10.07	UNCHANGED
https://rubalkhali.science/kb/RAK_PH_VALUE_5149285501cfa60bc424d68aa4cd6032d6fee6a924efa8bbdd56ae1a50f0cf76	S8Dr1	4.0	8.0	Deep	2026-07-29	7.64	97.6	10.07	S8Dr1	4	8	Deep	2026-07-29	7.64	97.6	10.07	UNCHANGED
https://rubalkhali.science/kb/RAK_PH_VALUE_6b36d8ba88a8245fd28971b181890fb0ace90ef77d214e14a5c595cbd9fb6407	S8PRr1	4.0	8.0	Rhizosphere	2026-07-29	7.57	97.6	10.07	S8PRr1	4	8	Rhizosphere	2026-07-29	7.57	97.6	10.07	UNCHANGED
https://rubalkhali.science/kb/RAK_PH_VALUE_a6c0e1d0f152963bf6f1f19403b20fcce92739ac94ca3466ea619e4ee85771f4	S9Dr1	4.0	9.0	Deep	2026-07-29	7.56	97.6	10.07	S9Dr1	4	9	Deep	2026-07-29	7.56	97.6	10.07	UNCHANGED
https://rubalkhali.science/kb/RAK_PH_VALUE_f69e71b9657fdbd88fc83a73925298a90da27f882deba3fedb59ad47fc7f4c34	S9PRr1	4.0	9.0	Rhizosphere	2026-07-29	7.61	97.6	10.07	S9PRr1	4	9	Rhizosphere	2026-07-29	7.61	97.6	10.07	UNCHANGED
https://rubalkhali.science/kb/RAK_PH_VALUE_e28ca5881948103ec814c9da62895e93c8b7894c1d5e3a3f2efa9735a1b282ea	S9Sr1	4.0	9.0	Surface	2026-07-29	7.65	97.6	10.07	S9Sr1	4	9	Surface	2026-07-29	7.65	97.6	10.07	UNCHANGED
https://rubalkhali.science/kb/RAK_PH_VALUE_82676a657518659588e7ce26ecc596d26e7535f1e6f53fc8e04263c21db43da5	S10Dr1	4.0	10.0	Deep	2026-07-29	7.4	97.6	10.07	S10Dr1	4	10	Deep	2026-07-29	7.4	97.6	10.07	UNCHANGED
https://rubalkhali.science/kb/RAK_PH_VALUE_522c8c58fb40cf522b90ed25836f2dd8ea492fd7e2f7740475eacf23c02c5224	S10PRr1	4.0	10.0	Rhizosphere	2026-07-29	7.51	97.6	10.07	S10PRr1	4	10	Rhizosphere	2026-07-29	7.51	97.6	10.07	UNCHANGED
https://rubalkhali.science/kb/RAK_PH_VALUE_aaf7dd920fdd1bf4a2d522c517cd7afd3e9fdbdf249072ac6a467f40ea38c53c	S10Sr1	4.0	10.0	Surface	2026-07-29	7.53	97.6	10.07	S10Sr1	4	10	Surface	2026-07-29	7.53	97.6	10.07	UNCHANGED
https://rubalkhali.science/kb/RAK_PH_VALUE_b7bd6cdf0b59670b248e0fe7b10086ecf89dc4fae203cc00f15f5592f34632a4	S11Dr1	4.0	11.0	Deep	2026-07-29	7.9	97.6	10.07	S11Dr1	4	11	Deep	2026-07-29	7.9	97.6	10.07	UNCHANGED
https://rubalkhali.science/kb/RAK_PH_VALUE_0d7e8e6b6c09ec4debc71ca790fed91240fd7b2f3a07c87dd028fcf78081dc20	S11PRr1	4.0	11.0	Rhizosphere	2026-07-29	7.79	97.6	10.07	S11PRr1	4	11	Rhizosphere	2026-07-29	7.79	97.6	10.07	UNCHANGED
https://rubalkhali.science/kb/RAK_PH_VALUE_8b0f1a18a3faf1020e2cba952945ffc68aa123f1c13e8763a6aba002dff880f8	S11Sr1	4.0	11.0	Surface	2026-07-29	7.83	97.6	10.07	S11Sr1	4	11	Surface	2026-07-29	7.83	97.6	10.07	UNCHANGED
https://rubalkhali.science/kb/RAK_PH_VALUE_332159790d40a87a6699413849acfac24e3b214a42a68c0cb47ded87e265e054	S12Dr1	4.0	12.0	Deep	2026-07-29	8.16	97.6	10.05	S12Dr1	4	12	Deep	2026-07-29	8.16	97.6	10.05	UNCHANGED
https://rubalkhali.science/kb/RAK_PH_VALUE_c2c8fa1d84c3ec9cf9f619fde9b7588824a7005ca3091e49514ac37c68a741ad	S12PRr1	4.0	12.0	Rhizosphere	2026-07-29	8.1	97.6	10.05	S12PRr1	4	12	Rhizosphere	2026-07-29	8.1	97.6	10.05	UNCHANGED
https://rubalkhali.science/kb/RAK_PH_VALUE_6e0e6e58d8377acaae1bbfcd1122af59f85889c7fc29ca767ec70a3b7e1a8710	S12Sr1	4.0	12.0	Surface	2026-07-29	7.84	97.6	10.07	S12Sr1	4	12	Surface	2026-07-29	7.84	97.6	10.07	UNCHANGED
https://rubalkhali.science/kb/RAK_PH_VALUE_0a762ea36868a007889a72b97ece76280edc2836c8b82876b98fed30606690d3	S13Dr1	4.0	13.0	Deep	2026-07-29	7.86	97.6	10.05	S13Dr1	4	13	Deep	2026-07-29	7.86	97.6	10.05	UNCHANGED
https://rubalkhali.science/kb/RAK_PH_VALUE_43adf5cc863b84801a5c2df11d3d727c1899df4ca2cc08cde9f019600895ec32	S13PRr1	4.0	13.0	Rhizosphere	2026-07-29	7.93	97.6	10.05	S13PRr1	4	13	Rhizosphere	2026-07-29	7.93	97.6	10.05	UNCHANGED
https://rubalkhali.science/kb/RAK_PH_VALUE_17a46e928593cdf9545bbbcc7b7074065691528d156ba576a0c3974d3d24f8fc	S13Sr1	4.0	13.0	Surface	2026-07-29	8.04	97.6	10.05	S13Sr1	4	13	Surface	2026-07-29	8.04	97.6	10.05	UNCHANGED
https://rubalkhali.science/kb/RAK_PH_VALUE_359febd9e82fa037a755632b7d7ec23a50c648d1251c14effb2d3a993daefbb0	S14Dr1	4.0	14.0	Deep	2026-07-29	7.9	97.6	10.05	S14Dr1	4	14	Deep	2026-07-29	7.9	97.6	10.05	UNCHANGED
https://rubalkhali.science/kb/RAK_PH_VALUE_79d560eb747176eb62430282e0770a97b4e1aa3ff35f6697326ab0297e66aadb	S14PRr1	4.0	14.0	Rhizosphere	2026-07-29	7.96	97.6	10.05	S14PRr1	4	14	Rhizosphere	2026-07-29	7.96	97.6	10.05	UNCHANGED
https://rubalkhali.science/kb/RAK_PH_VALUE_5aaf1dc4aefd88213ba31327292108cd7b262d1181b8995e2d2c7bac566c47f4	S14Sr1	4.0	14.0	Surface	2026-07-29	8.0	97.6	10.05	S14Sr1	4	14	Surface	2026-07-29	8.0	97.6	10.05	UNCHANGED
https://rubalkhali.science/kb/RAK_PH_VALUE_b651db16a66c74ca3ecebada40af34cd8cc5aadabb51f08c79f375d36020f07f	S15Dr1	4.0	15.0	Deep	2026-07-29	7.77	97.6	10.05	S15Dr1	4	15	Deep	2026-07-29	7.77	97.6	10.05	UNCHANGED
https://rubalkhali.science/kb/RAK_PH_VALUE_dde6834a08c1a2468a008de86b2bdf68902e62391f7bb43e6fb9d3832a330444	S15PRr1	4.0	15.0	Rhizosphere	2026-07-29	7.85	97.6	10.05	S15PRr1	4	15	Rhizosphere	2026-07-29	7.85	97.6	10.05	UNCHANGED
https://rubalkhali.science/kb/RAK_PH_VALUE_0235f3fa8e62c5fc18c4072db5742a87c1e250d5e3d2724037f1e48da3e3345b	S15Sr1	4.0	15.0	Surface	2026-07-29	7.88	97.6	10.05	S15Sr1	4	15	Surface	2026-07-29	7.88	97.6	10.05	UNCHANGED
https://rubalkhali.science/kb/RAK_PH_VALUE_40d16217c41093d1a77c328b98c160310e23898d18ffbac557f142b3af370838	S16Dr1	4.0	16.0	Deep	2026-07-29	7.64	97.6	10.05	S16Dr1	4	16	Deep	2026-07-29	7.64	97.6	10.05	UNCHANGED
https://rubalkhali.science/kb/RAK_PH_VALUE_020c3a9cc91864b6fa56f91e102627f6e4768ff84467baca9b4138c7018f6a39	S16PRr1	4.0	16.0	Rhizosphere	2026-07-29	7.87	97.6	10.05	S16PRr1	4	16	Rhizosphere	2026-07-29	7.87	97.6	10.05	UNCHANGED
https://rubalkhali.science/kb/RAK_PH_VALUE_6530370bfbf66be13b034aa3758d3d0ba9cf5d1faac85fb489ff0a7a3f0a87f5	S16Sr1	4.0	16.0	Surface	2026-07-29	7.7	97.6	10.05	S16Sr1	4	16	Surface	2026-07-29	7.7	97.6	10.05	UNCHANGED
https://rubalkhali.science/kb/RAK_PH_VALUE_0865dd2cbac396200fd725ca6be204c86c882dff174a331074c8971040a70cb2	S17Dr1	4.0	17.0	Deep	2026-07-29	7.71	97.6	10.05	S17Dr1	4	17	Deep	2026-07-29	7.71	97.6	10.05	UNCHANGED
https://rubalkhali.science/kb/RAK_PH_VALUE_22b8a12e8cfe4280871c3a939d6085c6ec79db59012fc66766b868ae41620670	S17PRr1	4.0	17.0	Rhizosphere	2026-07-29	7.99	97.6	10.05	S17PRr1	4	17	Rhizosphere	2026-07-29	7.99	97.6	10.05	UNCHANGED
https://rubalkhali.science/kb/RAK_PH_VALUE_6b6a1f12d8ac09c24236eb2b97548fb4e1edcdcf0acd52a60046b7d61874a765	S17Sr1	4.0	17.0	Surface	2026-07-29	7.9	97.6	10.05	S17Sr1	4	17	Surface	2026-07-29	7.9	97.6	10.05	UNCHANGED
https://rubalkhali.science/kb/RAK_PH_VALUE_89959c2b9d59bd383ad46c423afe1e8325664120e25a0d4322153b251e9b5919	S18Dr1	4.0	18.0	Deep	2026-07-29	7.9	97.6	10.05	S18Dr1	4	18	Deep	2026-07-29	7.9	97.6	10.05	UNCHANGED
https://rubalkhali.science/kb/RAK_PH_VALUE_5b4e652a2f75bfc617de7b03c4303b3a4fad25c1a80bfcbfbcd29c460f529379	S18PRr1	4.0	18.0	Rhizosphere	2026-07-29	7.83	97.6	10.05	S18PRr1	4	18	Rhizosphere	2026-07-29	7.83	97.6	10.05	UNCHANGED
https://rubalkhali.science/kb/RAK_PH_VALUE_651c7089a4f813e64cac58d5c279a7f65d1d3051e43970855339d269702245fe	S18Sr1	4.0	18.0	Surface	2026-07-29	8.06	97.6	10.05	S18Sr1	4	18	Surface	2026-07-29	8.06	97.6	10.05	UNCHANGED
https://rubalkhali.science/kb/RAK_PH_VALUE_f76d8c8d04f387c78b468ee80d40b5ac003e88176a63522e9ca7f4210922b61c	S19Dr1	4.0	19.0	Deep	2026-07-29	7.7	97.6	10.05	S19Dr1	4	19	Deep	2026-07-29	7.7	97.6	10.05	UNCHANGED
https://rubalkhali.science/kb/RAK_PH_VALUE_69247034ae3f8f9255b6dbe4b6bdeec9e539a147aeb552129690db6803a48430	S19PRr1	4.0	19.0	Rhizosphere	2026-07-29	7.64	97.6	10.05	S19PRr1	4	19	Rhizosphere	2026-07-29	7.64	97.6	10.05	UNCHANGED
https://rubalkhali.science/kb/RAK_PH_VALUE_0ef405a5e13af398f241e0d024c252e24649da776116199cae3f707e368a5546	S19Sr1	4.0	19.0	Surface	2026-07-29	7.86	97.6	10.05	S19Sr1	4	19	Surface	2026-07-29	7.86	97.6	10.05	UNCHANGED
https://rubalkhali.science/kb/RAK_PH_VALUE_f3350f56d61954ff71901f8e729fba63fc258e4d5dd612bf025231c18517e855	S20Dr1	4.0	20.0	Deep	2026-07-30	7.75	97.0	10.05	S20Dr1	4	20	Deep	2026-07-30	7.75	97.0	10.05	UNCHANGED
https://rubalkhali.science/kb/RAK_PH_VALUE_5b470d710a56ea0f1bcbe526086ec04a7dc6b1d5ffb1b053c319bf0d0d812109	S20PRr1	4.0	20.0	Rhizosphere	2026-07-30	7.71	97.0	10.05	S20PRr1	4	20	Rhizosphere	2026-07-30	7.71	97.0	10.05	UNCHANGED
https://rubalkhali.science/kb/RAK_PH_VALUE_8609ccb545351440c1caf552b58aaa1a94ac122c9fcda42bf21fd918f01ad3aa	S20Sr1	4.0	20.0	Surface	2026-07-30	7.97	97.0	10.05	S20Sr1	4	20	Surface	2026-07-30	7.97	97.0	10.05	UNCHANGED
https://rubalkhali.science/kb/RAK_PH_VALUE_5e0efaf3060914face6add477e130fd1e64dff86601772a5c2714da22c2fc39e	S21Dr1	4.0	21.0	Deep	2026-07-30	7.93	97.0	10.05	S21Dr1	4	21	Deep	2026-07-30	7.93	97.0	10.05	UNCHANGED
https://rubalkhali.science/kb/RAK_PH_VALUE_37ab054f0881960be3df2a8549ed199d8f9f2ccc52e8d60fcef41dcd68b44e1f	S21PRr1	4.0	21.0	Rhizosphere	2026-07-30	7.84	97.0	10.05	S21PRr1	4	21	Rhizosphere	2026-07-30	7.84	97.0	10.05	UNCHANGED
https://rubalkhali.science/kb/RAK_PH_VALUE_94eb975dd9bf4d11310433111478fe1a75d0532c5f6e774f2da1f3bd398d3efd	S21Sr1	4.0	21.0	Surface	2026-07-30	7.81	97.0	10.05	S21Sr1	4	21	Surface	2026-07-30	7.81	97.0	10.05	UNCHANGED
https://rubalkhali.science/kb/RAK_PH_VALUE_ebae4d5759c024eff6ef3e71db7a6288824c6cd7d367b88a1899a643020b358a	S22Dr1	4.0	22.0	Deep	2026-07-30	7.66	97.0	10.05	S22Dr1	4	22	Deep	2026-07-30	7.66	97.0	10.05	UNCHANGED
https://rubalkhali.science/kb/RAK_PH_VALUE_a9c031f6cb68c814b7f5e791c6bfa5387148bd29c925e6f6c92febfcbe381bcb	S22PRr1	4.0	22.0	Rhizosphere	2026-07-30	7.74	97.0	10.05	S22PRr1	4	22	Rhizosphere	2026-07-30	7.74	97.0	10.05	UNCHANGED
https://rubalkhali.science/kb/RAK_PH_VALUE_10690bdfc146f694060a8b12e05e5d09b0ea93954c3e7d8609193aac7a801ab7	S22Sr1	4.0	22.0	Surface	2026-07-30	7.76	97.0	10.05	S22Sr1	4	22	Surface	2026-07-30	7.76	97.0	10.05	UNCHANGED
https://rubalkhali.science/kb/RAK_PH_VALUE_6a8f1cb832aecf8088f4dc21ccd49734f1c598e32feaf1bb798d8a81f8ce88ea	S23Dr1	4.0	23.0	Deep	2026-07-30	7.95	97.0	10.05	S23Dr1	4	23	Deep	2026-07-30	7.95	97.0	10.05	UNCHANGED
https://rubalkhali.science/kb/RAK_PH_VALUE_07b6c55f1fffcaf3dbcfde49c0d9bad5f6821e573d8804ac6a873806cb4c4290	S23PRr1	4.0	23.0	Rhizosphere	2026-07-30	7.91	97.0	10.05	S23PRr1	4	23	Rhizosphere	2026-07-30	7.91	97.0	10.05	UNCHANGED
https://rubalkhali.science/kb/RAK_PH_VALUE_947b324cf8071ebe627c4bdd5abf4a5dd07283201b6b625b6c93c5fafe0f60e0	S23Sr1	4.0	23.0	Surface	2026-07-30	7.81	97.0	10.05	S23Sr1	4	23	Surface	2026-07-30	7.81	97.0	10.05	UNCHANGED
https://rubalkhali.science/kb/RAK_PH_VALUE_5a551af01c073c583417ba42de778aa7870c948afc023d83a073435932ab9093	S24Dr1	4.0	24.0	Deep	2026-07-30	7.63	97.0	10.05	S24Dr1	4	24	Deep	2026-07-30	7.63	97.0	10.05	UNCHANGED
https://rubalkhali.science/kb/RAK_PH_VALUE_1fa310cd0bde88edd9dc5d30bc83e736532a839922e48b0d4405c3bae990fce7	S24PRr1	4.0	24.0	Rhizosphere	2026-07-30	7.71	97.0	10.05	S24PRr1	4	24	Rhizosphere	2026-07-30	7.71	97.0	10.05	UNCHANGED
https://rubalkhali.science/kb/RAK_PH_VALUE_1cd6491febc534b6ee88d8edc13ceb851386bc376b16bb22b44b802f1d110950	S24Sr1	4.0	24.0	Surface	2026-07-30	7.76	97.0	10.05	S24Sr1	4	24	Surface	2026-07-30	7.76	97.0	10.05	UNCHANGED
https://rubalkhali.science/kb/RAK_PH_VALUE_eed5b76d8abdd45a0e2b745b96b7719002731b0fe5e08b1b48eaa9d8aaf26c09	S25Dr1	4.0	25.0	Deep	2026-07-30	7.69	97.0	10.05	S25Dr1	4	25	Deep	2026-07-30	7.69	97.0	10.05	UNCHANGED
https://rubalkhali.science/kb/RAK_PH_VALUE_f6cef9aab29f9db4c94a62ce64b40237be1acac244a934940b4c5b231941c17f	S25PRr1	4.0	25.0	Rhizosphere	2026-07-30	7.78	97.0	10.05	S25PRr1	4	25	Rhizosphere	2026-07-30	7.78	97.0	10.05	UNCHANGED
https://rubalkhali.science/kb/RAK_PH_VALUE_13aa99b242c7d8a01cddd1dc03b11595359c1d76e079a743a04455984643cc6c	S26Dr1	4.0	26.0	Deep	2026-07-30	7.7	97.0	10.05	S26Dr1	4	26	Deep	2026-07-30	7.7	97.0	10.05	UNCHANGED
https://rubalkhali.science/kb/RAK_PH_VALUE_06403275b2ca20e7d45e3a99bff0b855b8a30d1ed477251fb01e5a9be4f3d1fe	S26PRr1	4.0	26.0	Rhizosphere	2026-07-30	7.75	97.0	10.05	S26PRr1	4	26	Rhizosphere	2026-07-30	7.75	97.0	10.05	UNCHANGED
https://rubalkhali.science/kb/RAK_PH_VALUE_8efda8b127b8d9444df50c1dca6cdaa679ab8f5ef165597a6f06afd7a4ebd44e	S26Sr1	4.0	26.0	Surface	2026-07-30	7.61	97.0	10.05	S26Sr1	4	26	Surface	2026-07-30	7.61	97.0	10.05	UNCHANGED
https://rubalkhali.science/kb/RAK_PH_VALUE_ed423fbf73d6c98420ea5534f1b894e9ddaf2ba02833fb8dd5d71d0561b6214c	S27Dr1	4.0	27.0	Deep	2026-07-30	7.77	97.0	10.05	S27Dr1	4	27	Deep	2026-07-30	7.77	97.0	10.05	UNCHANGED
https://rubalkhali.science/kb/RAK_PH_VALUE_bd3d10db2de523eb113cb729d93814e47caf43e8f3ae5e32fa251ef9d2fffa33	S27PRr1	4.0	27.0	Rhizosphere	2026-07-30	7.82	97.0	10.05	S27PRr1	4	27	Rhizosphere	2026-07-30	7.82	97.0	10.05	UNCHANGED
https://rubalkhali.science/kb/RAK_PH_VALUE_4b82a7189772038c008b9721d40f2c033fba119e3b2fe56c2fcee4cb0f24cade	S28Dr2	4.0	28.0	Deep	2026-07-30	7.98	97.0	10.05	S28Dr2	4	28	Deep	2026-07-30	7.98	97.0	10.05	UNCHANGED
https://rubalkhali.science/kb/RAK_PH_VALUE_bc403c6978a52819958a4587be0b5ab881f54bebf4dbae5f4647af1fa5e877e4	S28PRr1	4.0	28.0	Rhizosphere	2026-07-30	7.88	97.0	10.03	S28PRr1	4	28	Rhizosphere	2026-07-30	7.88	97.0	10.03	UNCHANGED
https://rubalkhali.science/kb/RAK_PH_VALUE_df034c2beba4f6a047a2c5620e0eaf400f9b32e0a599c6e14d9f95711d2797ec	S29PRr1	4.0	29.0	Rhizosphere	2026-07-30	8.0	97.0	10.03	S29PRr1	4	29	Rhizosphere	2026-07-30	8.0	97.0	10.03	UNCHANGED
https://rubalkhali.science/kb/RAK_PH_VALUE_5ec288e28bb9336dc76758049d3e4a5626e36c5ce654b130e65b6520416f540b	S30Dr1	4.0	30.0	Deep	2026-07-30	7.87	97.0	10.03	S30Dr1	4	30	Deep	2026-07-30	7.87	97.0	10.03	UNCHANGED
https://rubalkhali.science/kb/RAK_PH_VALUE_62b67b7da040b74103d7889b1b6d05626a57a0b76dde508dd7648e28a744a33b	S30PRr1	4.0	30.0	Rhizosphere	2026-07-30	7.9	97.0	10.03	S30PRr1	4	30	Rhizosphere	2026-07-30	7.9	97.0	10.03	UNCHANGED
https://rubalkhali.science/kb/RAK_PH_VALUE_f73a70f82bd35ccfc95fdeb1d6d94e66a78f8d5754018141e892928057dbe2ef	S30Sr1	4.0	30.0	Surface	2026-07-30	7.86	97.0	10.03	S30Sr1	4	30	Surface	2026-07-30	7.86	97.0	10.03	UNCHANGED
https://rubalkhali.science/kb/RAK_PH_VALUE_ceb8a175a881e920a8639e905e10d75b940d5a6aa6cf707fad6a8f8ccc6f5727	S31Dr1	4.0	31.0	Deep	2026-07-30	7.9	97.0	10.03	S31Dr1	4	31	Deep	2026-07-30	7.9	97.0	10.03	UNCHANGED
https://rubalkhali.science/kb/RAK_PH_VALUE_0ee664c9cd76a77dac1836cb17213350a4e406c0bf45c25f319b8364cc44dcea	S31PRr1	4.0	31.0	Rhizosphere	2026-07-30	7.89	97.0	10.03	S31PRr1	4	31	Rhizosphere	2026-07-30	7.89	97.0	10.03	UNCHANGED
https://rubalkhali.science/kb/RAK_PH_VALUE_452363bc8eb44792b0b99402cfe4111944d7b3583de20ede384d7fa21a9de845	S31Sr1	4.0	31.0	Surface	2026-07-30	7.81	97.0	10.03	S31Sr1	4	31	Surface	2026-07-30	7.81	97.0	10.03	UNCHANGED
https://rubalkhali.science/kb/RAK_PH_VALUE_366dd21e06ab97fa372a874222c46b8dc4a2c7fa3d455d25a0bb4e43e9d80c6f	S32Dr1	4.0	32.0	Deep	2026-07-30	8.01	97.0	10.03	S32Dr1	4	32	Deep	2026-07-30	8.01	97.0	10.03	UNCHANGED
https://rubalkhali.science/kb/RAK_PH_VALUE_01e9b3ec60256944c3be419ded5b33d91b430229765856348975de57cd7e90e4	S32PRr1	4.0	32.0	Rhizosphere	2026-07-30	7.94	97.0	10.03	S32PRr1	4	32	Rhizosphere	2026-07-30	7.94	97.0	10.03	UNCHANGED
https://rubalkhali.science/kb/RAK_PH_VALUE_39001b7972f231764a56377f48a2e27db42d99e539bce8103424672e811f318e	S32Sr1	4.0	32.0	Surface	2026-07-30	7.85	97.0	10.03	S32Sr1	4	32	Surface	2026-07-30	7.85	97.0	10.03	UNCHANGED
https://rubalkhali.science/kb/RAK_PH_VALUE_5bcace51c98dd4dfb554985b4a055234594a4cade39e6ccdddda5ba36bcbc70e	S33Dr1	4.0	33.0	Deep	2026-07-30	7.93	97.0	10.03	S33Dr1	4	33	Deep	2026-07-30	7.93	97.0	10.03	UNCHANGED
https://rubalkhali.science/kb/RAK_PH_VALUE_387555c78cba9d7cb7995a09b64aba2c8341759d84708d6d5e422f4085e9c7df	S33PRr1	4.0	33.0	Rhizosphere	2026-07-30	7.88	97.0	10.03	S33PRr1	4	33	Rhizosphere	2026-07-30	7.88	97.0	10.03	UNCHANGED
https://rubalkhali.science/kb/RAK_PH_VALUE_17a9bbaf1fba09b41687a0363030a76d74c5818aa9eed3cf18a00b149b25846e	S33Sr1	4.0	33.0	Surface	2026-07-30	8.0	97.0	10.03	S33Sr1	4	33	Surface	2026-07-30	8.0	97.0	10.03	UNCHANGED
https://rubalkhali.science/kb/RAK_PH_VALUE_c25287eb57274df7288ba9bfc6438257baa66b110908f26b1d476631809d1043	S34PRr1	4.0	34.0	Rhizosphere	2026-07-30	7.86	97.0	10.03	S34PRr1	4	34	Rhizosphere	2026-07-30	7.86	97.0	10.03	UNCHANGED
https://rubalkhali.science/kb/RAK_PH_VALUE_5fbab4c442b8bd24f24c8cece2badba049ecb63e2b39ae5858b232a86a28c5b1	S34Sr1	4.0	34.0	Surface	2026-07-30	7.87	97.0	10.03	S34Sr1	4	34	Surface	2026-07-30	7.87	97.0	10.03	UNCHANGED
https://rubalkhali.science/kb/RAK_PH_VALUE_36c1fcc94016f4d14ad809903349ac8c09125204e7d71611ea1e7332f0557552	S35Dr1	4.0	35.0	Deep	2026-07-30	8.0	97.0	10.03	S35Dr1	4	35	Deep	2026-07-30	8.0	97.0	10.03	UNCHANGED
https://rubalkhali.science/kb/RAK_PH_VALUE_cbe2532674a49edcec192bd52410d64aeabec70674c37a6f14d0861971966aa8	S35PRr1	4.0	35.0	Rhizosphere	2026-07-30	7.92	97.0	10.03	S35PRr1	4	35	Rhizosphere	2026-07-30	7.92	97.0	10.03	UNCHANGED
https://rubalkhali.science/kb/RAK_PH_VALUE_7359b43d8692a03d565d0f8745104aa3fb737a1b25f70ea526fdf7b439265532	S35Sr1	4.0	35.0	Surface	2026-07-30	7.98	97.0	10.03	S35Sr1	4	35	Surface	2026-07-30	7.98	97.0	10.03	UNCHANGED
https://rubalkhali.science/kb/RAK_PH_VALUE_058400bfc733fd6e4ae8da284ef8829fefc8d09f28730b1987641e16abefcf1f	S36Dr1	4.0	36.0	Deep	2026-07-30	8.0	97.0	10.03	S36Dr1	4	36	Deep	2026-07-30	8.0	97.0	10.03	UNCHANGED
https://rubalkhali.science/kb/RAK_PH_VALUE_b9abba570761b656f873172c3891207ca8cb5e0aef0dc40f703c0472c84b72d2	S36PRr1	4.0	36.0	Rhizosphere	2026-07-30	7.89	97.0	10.03	S36PRr1	4	36	Rhizosphere	2026-07-30	7.89	97.0	10.03	UNCHANGED
https://rubalkhali.science/kb/RAK_PH_VALUE_dc0b03e8692e18cae1e008a1eaa925507077670aa21c9eec5746225cff298256	S36Sr1	4.0	36.0	Surface	2026-07-30	8.03	97.0	10.03	S36Sr1	4	36	Surface	2026-07-30	8.03	97.0	10.03	UNCHANGED
https://rubalkhali.science/kb/RAK_PH_VALUE_7589360adc1f647f00d8848e09e36fbed8413c3400005a0b3f3e13d8b41d6e18	S37Dr1	4.0	37.0	Deep	2026-07-30	8.1	97.0	10.04	S37Dr1	4	37	Deep	2026-07-30	8.1	97.0	10.04	UNCHANGED
https://rubalkhali.science/kb/RAK_PH_VALUE_305336a7294133fd8ddd0e5ae807065c9788657979d3dd3586966de3bfa95666	S37PRr1	4.0	37.0	Rhizosphere	2026-07-30	7.92	97.0	10.04	S37PRr1	4	37	Rhizosphere	2026-07-30	7.92	97.0	10.04	UNCHANGED
https://rubalkhali.science/kb/RAK_PH_VALUE_5dc053858a85a8a528ff335f709fb674ea44dc4ae94c6f9346075708f3d6b393	S37Sr1	4.0	37.0	Surface	2026-07-30	8.04	97.0	10.04	S37Sr1	4	37	Surface	2026-07-30	8.04	97.0	10.04	UNCHANGED
https://rubalkhali.science/kb/RAK_PH_VALUE_87193ebdf0f19da7708e880443c21f1ded1b4ac4bf5f1924c92160579c5302c3	S38Dr1	4.0	38.0	Deep	2026-07-30	8.08	97.0	10.04	S38Dr1	4	38	Deep	2026-07-30	8.08	97.0	10.04	UNCHANGED
https://rubalkhali.science/kb/RAK_PH_VALUE_34d2ebeb4f4d9150b3cdece0c97f6073ba84644fc8fab76737f75f670321c294	S38PRr1	4.0	38.0	Rhizosphere	2026-07-30	8.06	97.0	10.04	S38PRr1	4	38	Rhizosphere	2026-07-30	8.06	97.0	10.04	UNCHANGED
https://rubalkhali.science/kb/RAK_PH_VALUE_bba4754e5e7efdb8d165a7330df887127b7279ff7e552b8ee3e55864efa7e28c	S38Sr1	4.0	38.0	Surface	2026-07-30	8.11	97.0	10.04	S38Sr1	4	38	Surface	2026-07-30	8.11	97.0	10.04	UNCHANGED
https://rubalkhali.science/kb/RAK_PH_VALUE_34867bb88d98204e4ca0046b8875b8950b931c9340a9aa54e3cac724d74f44a1	S39Dr1	4.0	39.0	Deep	2026-07-30	8.19	97.0	10.04	S39Dr1	4	39	Deep	2026-07-30	8.19	97.0	10.04	UNCHANGED
https://rubalkhali.science/kb/RAK_PH_VALUE_5834631445b9ec0836dd027337ffe750e3f14902ac413c3dd79050cd91c549ff	S39PRr1	4.0	39.0	Rhizosphere	2026-07-30	7.92	97.0	10.04	S39PRr1	4	39	Rhizosphere	2026-07-30	7.92	97.0	10.04	UNCHANGED
https://rubalkhali.science/kb/RAK_PH_VALUE_eb065314ce248d30d48bc16f871fbfaecfc28d431080e075a204d68962068079	S39Sr1	4.0	39.0	Surface	2026-07-30	8.05	97.0	10.04	S39Sr1	4	39	Surface	2026-07-30	8.05	97.0	10.04	UNCHANGED
https://rubalkhali.science/kb/RAK_PH_VALUE_32800d4f0acc24076ffcf2bbb9cd7ca132643c34b01d72d71664b0a7345138ff	S40Dr1	4.0	40.0	Deep	2026-07-30	8.18	97.0	10.04	S40Dr1	4	40	Deep	2026-07-30	8.18	97.0	10.04	UNCHANGED
https://rubalkhali.science/kb/RAK_PH_VALUE_97db862bb5a2b363319ec1633249f387691f9508f27203b84e9a1a363ee40a18	S40Sr1	4.0	40.0	Surface	2026-07-30	8.13	97.0	10.04	S40Sr1	4	40	Surface	2026-07-30	8.13	97.0	10.04	UNCHANGED
https://rubalkhali.science/kb/RAK_PH_VALUE_e0d06e3508371af139d79b77b835765438d299f0a4cffc46541e944cc8dc362f	V1Dr1	5.0	1.0	Deep	2026-07-14	8.01	95.5	10.04	V1Dr1	5	1	Deep	2026-07-14	8.01	95.5	10.04	UNCHANGED
https://rubalkhali.science/kb/RAK_PH_VALUE_bf6f4e505d46cea7f172d95e946f783e0a85c414578acc4f3037803b3ad81341	V1Dr3	5.0	1.0	Deep	2026-07-14	8.05	95.5	10.04	V1Dr3	5	1	Deep	2026-07-14	8.05	95.5	10.04	UNCHANGED
https://rubalkhali.science/kb/RAK_PH_VALUE_edad51c4fbd7e49d242f562ee831c52080673756e9e9927e3f6cad83597485a7	V1PRr1	5.0	1.0	Rhizosphere	2026-07-14	8.0	95.5	10.04	V1PRr1	5	1	Rhizosphere	2026-07-14	8.0	95.5	10.04	UNCHANGED
https://rubalkhali.science/kb/RAK_PH_VALUE_fc5bdb95644361969723b94c80e08c454f864261d2076073cd0f0385adb797b5	V1PRr2	5.0	1.0	Rhizosphere	2026-07-14	7.92	95.5	10.04	V1PRr2	5	1	Rhizosphere	2026-07-14	7.92	95.5	10.04	UNCHANGED
https://rubalkhali.science/kb/RAK_PH_VALUE_17c478f2b590c651570369057ab16b7a701d2797a92b00da037c9ee837d9a0a0	V1PRr3	5.0	1.0	Rhizosphere	2026-07-14	7.86	95.5	10.04	V1PRr3	5	1	Rhizosphere	2026-07-14	7.86	95.5	10.04	UNCHANGED
https://rubalkhali.science/kb/RAK_PH_VALUE_3e7af188ae17b687628805a16589b67f632464568389475acde01fdd0c30e98a	V2Dr1	5.0	2.0	Deep	2026-07-14	8.11	95.5	10.04	V2Dr1	5	2	Deep	2026-07-14	8.11	95.5	10.04	UNCHANGED
https://rubalkhali.science/kb/RAK_PH_VALUE_852eb095f5f6161d0c6c244820efc7b5dc1e67490991008cf533bf44566b8e71	V2Dr2	5.0	2.0	Deep	2026-07-14	8.16	95.5	10.04	V2Dr2	5	2	Deep	2026-07-14	8.16	95.5	10.04	UNCHANGED
https://rubalkhali.science/kb/RAK_PH_VALUE_7a34a9662250182ac475e8994902dddb5d3e094a8caa9aa425da9e4cc6751eb1	V2PRr1	5.0	2.0	Rhizosphere	2026-07-14	7.6	95.5	10.04	V2PRr1	5	2	Rhizosphere	2026-07-14	7.6	95.5	10.04	UNCHANGED
https://rubalkhali.science/kb/RAK_PH_VALUE_7057def1c921986f22193b7d12b4704e225f8570f82a650dbc21075fd85060d6	V2PRr2	5.0	2.0	Rhizosphere	2026-07-14	7.61	95.5	10.04	V2PRr2	5	2	Rhizosphere	2026-07-14	7.61	95.5	10.04	UNCHANGED
https://rubalkhali.science/kb/RAK_PH_VALUE_023fdbf18f51cd55158da6ebf7d6b662a5e8115cd7c07998598a434524bf1c42	V2PRr3	5.0	2.0	Rhizosphere	2026-07-14	7.57	95.5	10.04	V2PRr3	5	2	Rhizosphere	2026-07-14	7.57	95.5	10.04	UNCHANGED
https://rubalkhali.science/kb/RAK_PH_VALUE_a2f8e6896b001f96db412daaa67a01732317148f5face8f8cf831dbe999800bb	V2Sr1	5.0	2.0	Surface	2026-07-14	7.98	95.5	10.04	V2Sr1	5	2	Surface	2026-07-14	7.98	95.5	10.04	UNCHANGED
https://rubalkhali.science/kb/RAK_PH_VALUE_61a74192a6d9554913f0d1c2e47ccf87fa487312540dbd222f923757176fb5ab	V2Sr2	5.0	2.0	Surface	2026-07-14	7.9	95.5	10.04	V2Sr2	5	2	Surface	2026-07-14	7.9	95.5	10.04	UNCHANGED
https://rubalkhali.science/kb/RAK_PH_VALUE_f36d63ac4d67da08c3fea8bf2592837ebd1fe1e24f27ef253e3f1c4f976384ad	V3PRr1	5.0	3.0	Rhizosphere	2026-07-14	7.56	95.5	10.04	V3PRr1	5	3	Rhizosphere	2026-07-14	7.56	95.5	10.04	UNCHANGED
https://rubalkhali.science/kb/RAK_PH_VALUE_09584399162e5e7b6dfe095dc7be2e121f3a23de0ce7a58bc372e3bbd7f746e4	V3PRr2	5.0	3.0	Rhizosphere	2026-07-14	7.51	95.5	10.04	V3PRr2	5	3	Rhizosphere	2026-07-14	7.51	95.5	10.04	UNCHANGED
https://rubalkhali.science/kb/RAK_PH_VALUE_0471375818b6ffac1a44bc42c29e57ed3ca0ec2a8d2f2d9965ca5f9f4a47c487	V3PRr3	5.0	3.0	Rhizosphere	2026-07-14	7.48	95.5	10.04	V3PRr3	5	3	Rhizosphere	2026-07-14	7.48	95.5	10.04	UNCHANGED
https://rubalkhali.science/kb/RAK_PH_VALUE_b8eb116d7d82ecd0f45eeef58c993a34a84f7c55cdfaef9545ac730dc7531976	V4Dr1	5.0	4.0	Deep	2026-07-14	7.89	95.5	10.04	V4Dr1	5	4	Deep	2026-07-14	7.89	95.5	10.04	UNCHANGED
https://rubalkhali.science/kb/RAK_PH_VALUE_f6831d4c7418bb8263a0089e7b15273b1396c8ffdb36a01f0e3591badd65009f	V4Dr2	5.0	4.0	Deep	2026-07-14	7.9	95.5	10.04	V4Dr2	5	4	Deep	2026-07-14	7.9	95.5	10.04	UNCHANGED
https://rubalkhali.science/kb/RAK_PH_VALUE_d9fe1a75edf65c822458ae8b270ae92a3905c890431cad71dd6fccc222e03190	V4Dr3	5.0	4.0	Deep	2026-07-14	7.94	95.5	10.04	V4Dr3	5	4	Deep	2026-07-14	7.94	95.5	10.04	UNCHANGED
https://rubalkhali.science/kb/RAK_PH_VALUE_6102cf96da0c10ae64b3ec75e570770014a9ff995bbed755a1f0b5f9b9012f6c	V4PRr1	5.0	4.0	Rhizosphere	2026-07-14	7.94	95.5	10.04	V4PRr1	5	4	Rhizosphere	2026-07-14	7.94	95.5	10.04	UNCHANGED
https://rubalkhali.science/kb/RAK_PH_VALUE_c681e0c495d69c47ee7964b9b239ab19fedbdb845917da1e50fd89612f86caad	V4PRr2	5.0	4.0	Rhizosphere	2026-07-14	8.0	95.5	10.04	V4PRr2	5	4	Rhizosphere	2026-07-14	8.0	95.5	10.04	UNCHANGED
https://rubalkhali.science/kb/RAK_PH_VALUE_d98e04b7ca71e827be7569eaabc412b2d420209a0ae05a2225db999de9999026	V4PRr3	5.0	4.0	Rhizosphere	2026-07-14	7.91	95.5	10.04	V4PRr3	5	4	Rhizosphere	2026-07-14	7.91	95.5	10.04	UNCHANGED
https://rubalkhali.science/kb/RAK_PH_VALUE_7ea6e417aeb273029824895334181e85ecc28765d40664263a4a2a13eea23e51	V4Sr1	5.0	4.0	Surface	2026-07-14	8.01	95.5	10.04	V4Sr1	5	4	Surface	2026-07-14	8.01	95.5	10.04	UNCHANGED
https://rubalkhali.science/kb/RAK_PH_VALUE_f0ae3d097bdf61c75418bd6ae06f3021ada0c4475b371f9d393adae675eb6766	V4Sr3	5.0	4.0	Surface	2026-07-14	7.96	95.5	10.04	V4Sr3	5	4	Surface	2026-07-14	7.96	95.5	10.04	UNCHANGED
https://rubalkhali.science/kb/RAK_PH_VALUE_06ae5b3871c7543aaee85389b41df62b1c7545e89b27dfcf807f4735a42722a8	V5Dr1	5.0	5.0	Deep	2026-07-14	8.01	95.5	10.04	V5Dr1	5	5	Deep	2026-07-14	8.01	95.5	10.04	UNCHANGED
https://rubalkhali.science/kb/RAK_PH_VALUE_a91cf9bd7cd9b32cac2e1e8db07f60582eaade439ebeac641dd2b933be848106	V5PRr1	5.0	5.0	Rhizosphere	2026-07-14	8.03	95.5	10.04	V5PRr1	5	5	Rhizosphere	2026-07-14	8.03	95.5	10.04	UNCHANGED
https://rubalkhali.science/kb/RAK_PH_VALUE_f9c9aad5d9437b9adedfccd500469c5dc18b29e7eb51cb8a26806c6c31513180	V5PRr2	5.0	5.0	Rhizosphere	2026-07-14	8.02	95.5	10.04	V5PRr2	5	5	Rhizosphere	2026-07-14	8.02	95.5	10.04	UNCHANGED
https://rubalkhali.science/kb/RAK_PH_VALUE_72683702bfa7abd4be6d1563d83f7933bec98a00c68881cc8d7cdd1187e2e2eb	V5PRr3	5.0	5.0	Rhizosphere	2026-07-14	8.0	95.5	10.04	V5PRr3	5	5	Rhizosphere	2026-07-14	8.0	95.5	10.04	UNCHANGED
https://rubalkhali.science/kb/RAK_PH_VALUE_19b603889991c25b5f30be8f0b5eea80b51a2add88fe3cdffaabfe7060bd2f76	V5Sr1	5.0	5.0	Surface	2026-07-14	8.06	95.5	10.04	V5Sr1	5	5	Surface	2026-07-14	8.06	95.5	10.04	UNCHANGED
https://rubalkhali.science/kb/RAK_PH_VALUE_fd7f25094946ccafd5c39da4807c98d99c4122d575709c23aa631ab4b47944c7	V5Sr3	5.0	5.0	Surface	2026-07-14	8.01	95.5	10.04	V5Sr3	5	5	Surface	2026-07-14	8.01	95.5	10.04	UNCHANGED
https://rubalkhali.science/kb/RAK_PH_VALUE_00136b2b88637110b45cfc80bb50418e7df8ba0370bfb3c90d4891e7c1936c56	V6Dr1	5.0	6.0	Deep	2026-07-14	7.86	95.5	10.04	V6Dr1	5	6	Deep	2026-07-14	7.86	95.5	10.04	UNCHANGED
https://rubalkhali.science/kb/RAK_PH_VALUE_2e5187232ee83adee36bb472b1c6ac08e798a065bddecda3264945b4f341f7c2	V6PRr1	5.0	6.0	Rhizosphere	2026-07-14	7.89	95.5	10.04	V6PRr1	5	6	Rhizosphere	2026-07-14	7.89	95.5	10.04	UNCHANGED
https://rubalkhali.science/kb/RAK_PH_VALUE_097d83e6f8d35d5b8caad85a1c9b3041e986aed50b08cdc572be342c61f7b22c	V6PRr2	5.0	6.0	Rhizosphere	2026-07-14	7.8	95.5	10.04	V6PRr2	5	6	Rhizosphere	2026-07-14	7.8	95.5	10.04	UNCHANGED
https://rubalkhali.science/kb/RAK_PH_VALUE_ef4e7f54c312404bf021365b1d1a9635468df78022008b0ca0aa161e7e2cd39a	V6PRr3	5.0	6.0	Rhizosphere	2026-07-14	7.85	95.5	10.04	V6PRr3	5	6	Rhizosphere	2026-07-14	7.85	95.5	10.04	UNCHANGED
https://rubalkhali.science/kb/RAK_PH_VALUE_09f13cbd106158975356ec91f399970277705868a20ab31c5025187a93329ec9	V6Sr1	5.0	6.0	Surface	2026-07-14	7.88	95.5	10.04	V6Sr1	5	6	Surface	2026-07-14	7.88	95.5	10.04	UNCHANGED
https://rubalkhali.science/kb/RAK_PH_VALUE_8563c905f9d4c896add65eb3acf6213358cbd980736eb6647d9abc16239ad060	V6Sr3	5.0	6.0	Surface	2026-07-14	7.85	95.5	10.04	V6Sr3	5	6	Surface	2026-07-14	7.85	95.5	10.04	UNCHANGED
https://rubalkhali.science/kb/RAK_PH_VALUE_dea8e46427823315cb92aed4f90ddf96661d3959fe4c8a1c93cca9e373f75f18	V7Dr1	5.0	7.0	Deep	2026-07-14	7.89	95.5	10.04	V7Dr1	5	7	Deep	2026-07-14	7.89	95.5	10.04	UNCHANGED
https://rubalkhali.science/kb/RAK_PH_VALUE_3739fe34a74188cfc248faf220eae42c2d8a524589e43fccac75a077d705e62f	V7Dr3	5.0	7.0	Deep	2026-07-14	7.8	95.5	10.04	V7Dr3	5	7	Deep	2026-07-14	7.8	95.5	10.04	UNCHANGED
https://rubalkhali.science/kb/RAK_PH_VALUE_57ed4971b595ad3bb4e2685934407df189dd631e22c930323f47f8adb8b66d0c	V7PRr1	5.0	7.0	Rhizosphere	2026-07-14	7.85	95.5	10.04	V7PRr1	5	7	Rhizosphere	2026-07-14	7.85	95.5	10.04	UNCHANGED
https://rubalkhali.science/kb/RAK_PH_VALUE_23189872c746f7d2b676b8f0c8994f4c34b7ae62d77b0e7f05243de40048d285	V7PRr2	5.0	7.0	Rhizosphere	2026-07-14	7.8	95.5	10.04	V7PRr2	5	7	Rhizosphere	2026-07-14	7.8	95.5	10.04	UNCHANGED
https://rubalkhali.science/kb/RAK_PH_VALUE_f0986f91b182d9d0d3064c525f2bda666de2e7ad171068ecf8755e9ecf82c17a	V7PRr3	5.0	7.0	Rhizosphere	2026-07-14	7.81	95.5	10.04	V7PRr3	5	7	Rhizosphere	2026-07-14	7.81	95.5	10.04	UNCHANGED
https://rubalkhali.science/kb/RAK_PH_VALUE_d8f1f529088d8d42536bb3039ee01bcecee02e61535b7932e2bcf2150a901ba4	V8Dr3	5.0	8.0	Deep	2026-07-14	7.78	95.5	10.03	V8Dr3	5	8	Deep	2026-07-14	7.78	95.5	10.03	UNCHANGED
https://rubalkhali.science/kb/RAK_PH_VALUE_32797b980e4fa14e2fc0ba04dc983b7b4dbad4d5ae76a41d70d5fde2f5881f05	V8PRr1	5.0	8.0	Rhizosphere	2026-07-14	7.9	95.5	10.03	V8PRr1	5	8	Rhizosphere	2026-07-14	7.9	95.5	10.03	UNCHANGED
https://rubalkhali.science/kb/RAK_PH_VALUE_a8e9667050953f82cdc7fea3be51e89b72fec128e11868052098719fdb43528d	V8PRr2	5.0	8.0	Rhizosphere	2026-07-14	7.91	95.5	10.03	V8PRr2	5	8	Rhizosphere	2026-07-14	7.91	95.5	10.03	UNCHANGED
https://rubalkhali.science/kb/RAK_PH_VALUE_c5ee3def6f0dd87ab8b1c75f8b6783fd6763fa60993aba5d84ee3db1bb04d77f	V8PRr3	5.0	8.0	Rhizosphere	2026-07-14	7.94	95.5	10.03	V8PRr3	5	8	Rhizosphere	2026-07-14	7.94	95.5	10.03	UNCHANGED
https://rubalkhali.science/kb/RAK_PH_VALUE_bc4bd8236f2c2329a859dc892e158392c70f11b827023ea676de3a29f0ee2ec9	V9PRr1	5.0	9.0	Rhizosphere	2026-07-14	7.76	95.5	10.03	V9PRr1	5	9	Rhizosphere	2026-07-14	7.76	95.5	10.03	UNCHANGED
https://rubalkhali.science/kb/RAK_PH_VALUE_66cf44918b56377b5fa438a6ba5e71fea1ba3cef546f6e6c8c887e787458a411	V9PRr2	5.0	9.0	Rhizosphere	2026-07-14	7.66	95.5	10.03	V9PRr2	5	9	Rhizosphere	2026-07-14	7.66	95.5	10.03	UNCHANGED
https://rubalkhali.science/kb/RAK_PH_VALUE_7096b8d29951d5a6a31ea6cb67aa124d16363bce7a8f4dc94d378499417dba36	V9PRr3	5.0	9.0	Rhizosphere	2026-07-14	7.67	95.5	10.03	V9PRr3	5	9	Rhizosphere	2026-07-14	7.67	95.5	10.03	UNCHANGED
https://rubalkhali.science/kb/RAK_PH_VALUE_1c561992c09c50664d3e199b0210840d7fa68984fe6ac25fa4790f55331fad6e	V10Dr1	5.0	10.0	Deep	2026-07-15	7.81	97.1	10.06	V10Dr1	5	10	Deep	2026-07-15	7.81	97.1	10.06	UNCHANGED
https://rubalkhali.science/kb/RAK_PH_VALUE_65f38b3df2d56746a35135c4b4c067881e861616cd90ebaffcf03e6250bf121c	V10PRr2	5.0	10.0	Rhizosphere	2026-07-15	7.9	97.1	10.06	V10PRr2	5	10	Rhizosphere	2026-07-15	7.9	97.1	10.06	UNCHANGED
https://rubalkhali.science/kb/RAK_PH_VALUE_246dd7b99418b514e6270894e7462e76a543ba44eb6f8b26d4fe2fcf2ca50c5c	V11Dr3	5.0	11.0	Deep	2026-07-15	7.97	97.1	10.06	V11Dr3	5	11	Deep	2026-07-15	7.97	97.1	10.06	UNCHANGED
https://rubalkhali.science/kb/RAK_PH_VALUE_c9ff5f9732f830140da7d0568c29c6d42c7fb43a47a40e80e8c1481d026aa471	V11PRr2	5.0	11.0	Rhizosphere	2026-07-15	7.7	97.1	10.06	V11PRr2	5	11	Rhizosphere	2026-07-15	7.7	97.1	10.06	UNCHANGED
https://rubalkhali.science/kb/RAK_PH_VALUE_eaff9c6527e3836b58eb126721321c1a5a4c584a80f187fa3d3981a302e2a3cb	V11PRr3	5.0	11.0	Rhizosphere	2026-07-15	7.78	97.1	10.06	V11PRr3	5	11	Rhizosphere	2026-07-15	7.78	97.1	10.06	UNCHANGED
https://rubalkhali.science/kb/RAK_PH_VALUE_2887c6ad839fa8aaeb23e3817d48200b57408d5d1a5d951733450e5acfa8ab4a	V11Sr2	5.0	11.0	Surface	2026-07-15	7.85	97.1	10.06	V11Sr2	5	11	Surface	2026-07-15	7.85	97.1	10.06	UNCHANGED
https://rubalkhali.science/kb/RAK_PH_VALUE_08aa6b7e8385d146c23bf83e7ab3d82978db37782e303f1d13442d2d205a41e3	V12Dr3	5.0	12.0	Deep	2026-07-15	7.94	97.1	10.06	V12Dr3	5	12	Deep	2026-07-15	7.94	97.1	10.06	UNCHANGED
https://rubalkhali.science/kb/RAK_PH_VALUE_7c56582a60be79268546d76436c0b914b22d00ad84acbf43ed914e67c3f444ad	V12PRr1	5.0	12.0	Rhizosphere	2026-07-15	8.02	97.1	10.06	V12PRr1	5	12	Rhizosphere	2026-07-15	8.02	97.1	10.06	UNCHANGED
https://rubalkhali.science/kb/RAK_PH_VALUE_9e93722f1fa17661e5552de2c884bf135e484d5eaf95da2c43d8796e410cf954	V12PRr2	5.0	12.0	Rhizosphere	2026-07-15	8.0	97.1	10.06	V12PRr2	5	12	Rhizosphere	2026-07-15	8.0	97.1	10.06	UNCHANGED
https://rubalkhali.science/kb/RAK_PH_VALUE_cc68d88065b30ec15212c97728dcf447184aeadaf7c4250051f7e282b2cd46c5	V12PRr3	5.0	12.0	Rhizosphere	2026-07-15	7.98	97.1	10.06	V12PRr3	5	12	Rhizosphere	2026-07-15	7.98	97.1	10.06	UNCHANGED
https://rubalkhali.science/kb/RAK_PH_VALUE_b64317d3afed491a9a14f3bca8f866e2f27e21fc39285d0a3affa7a760134738	V12Sr1	5.0	12.0	Surface	2026-07-15	7.97	97.1	10.06	V12Sr1	5	12	Surface	2026-07-15	7.97	97.1	10.06	UNCHANGED
https://rubalkhali.science/kb/RAK_PH_VALUE_d15552d21f46670d9a1802db07e0c1f210e44f1b89205494aac0b5442f8ecc91	V12Sr3	5.0	12.0	Surface	2026-07-15	7.9	97.1	10.06	V12Sr3	5	12	Surface	2026-07-15	7.9	97.1	10.06	UNCHANGED
https://rubalkhali.science/kb/RAK_PH_VALUE_c553baa33b1d7e8f76015dea4134c9b24c8cbe5a7b76b745c29c77d44d959798	V13PRr1	5.0	13.0	Rhizosphere	2026-07-15	7.88	97.1	10.06	V13PRr1	5	13	Rhizosphere	2026-07-15	7.88	97.1	10.06	UNCHANGED
https://rubalkhali.science/kb/RAK_PH_VALUE_38c9bcf01b20ffc479728e9ec8e69445fe30a45139e0ce6d31964f83d0af533c	V13PRr2	5.0	13.0	Rhizosphere	2026-07-15	7.83	97.1	10.06	V13PRr2	5	13	Rhizosphere	2026-07-15	7.83	97.1	10.06	UNCHANGED
https://rubalkhali.science/kb/RAK_PH_VALUE_6c2e1ea9b38df59825f5ace5de7a7fc4513a77dea9c5cfbd6518428a78b7811c	V13Sr3	5.0	13.0	Surface	2026-07-15	7.85	97.1	10.06	V13Sr3	5	13	Surface	2026-07-15	7.85	97.1	10.06	UNCHANGED
https://rubalkhali.science/kb/RAK_PH_VALUE_788b258b7e4724f6a131849f0fe5dd0eafd80262b4d30321697edec830c1e06b	V14Dr3	5.0	14.0	Deep	2026-07-15	8.1	97.1	10.06	V14Dr3	5	14	Deep	2026-07-15	8.1	97.1	10.06	UNCHANGED
https://rubalkhali.science/kb/RAK_PH_VALUE_add04f4efb688f80a2066ef3cd9891b5a1e350e06472d7b5fa1d9b75d36b612c	V14PRr1	5.0	14.0	Rhizosphere	2026-07-15	8.29	97.1	10.06	V14PRr1	5	14	Rhizosphere	2026-07-15	8.29	97.1	10.06	UNCHANGED
https://rubalkhali.science/kb/RAK_PH_VALUE_2ef27ebc131e93fe4f3237a15985d552817ec69f8b19f2ffad7d513ecea55f5f	V14PRr2	5.0	14.0	Rhizosphere	2026-07-15	8.26	97.1	10.06	V14PRr2	5	14	Rhizosphere	2026-07-15	8.26	97.1	10.06	UNCHANGED
https://rubalkhali.science/kb/RAK_PH_VALUE_18e7fdefdef26535a17c3c3c26a728cba0815fa537476dd1f39f60d5e7358c19	V14PRr3	5.0	14.0	Rhizosphere	2026-07-15	8.12	97.1	10.06	V14PRr3	5	14	Rhizosphere	2026-07-15	8.12	97.1	10.06	UNCHANGED
https://rubalkhali.science/kb/RAK_PH_VALUE_f78d8348480f08f8a478b6d47f34f025e1f18b51ac82f09d2f100d9bece6e49c	V14Sr1	5.0	14.0	Surface	2026-07-15	8.09	97.1	10.06	V14Sr1	5	14	Surface	2026-07-15	8.09	97.1	10.06	UNCHANGED
https://rubalkhali.science/kb/RAK_PH_VALUE_28d0249ecfbd9c62012319056d871f4968ef0922bf94e9c2062660bfa76abb61	V15Dr1	5.0	15.0	Deep	2026-07-15	7.88	97.1	10.06	V15Dr1	5	15	Deep	2026-07-15	7.88	97.1	10.06	UNCHANGED
https://rubalkhali.science/kb/RAK_PH_VALUE_37db538304c529d23a56b728dca2efde6d98f3cf719e58c5b873f203f8a97a53	V15Dr2	5.0	15.0	Deep	2026-07-15	7.9	97.1	10.06	V15Dr2	5	15	Deep	2026-07-15	7.9	97.1	10.06	UNCHANGED
https://rubalkhali.science/kb/RAK_PH_VALUE_d52f54d52290067a38bf2757460cb9178e68a5a525b2b5505ce74d8e217b087f	V15Dr3	5.0	15.0	Deep	2026-07-15	7.86	97.1	10.06	V15Dr3	5	15	Deep	2026-07-15	7.86	97.1	10.06	UNCHANGED
https://rubalkhali.science/kb/RAK_PH_VALUE_0934f148920e3770f76603644dbd49c1f8ad7b7570bb61e7ff8cf54a50c64b34	V15PRr1	5.0	15.0	Rhizosphere	2026-07-15	8.09	97.1	10.06	V15PRr1	5	15	Rhizosphere	2026-07-15	8.09	97.1	10.06	UNCHANGED
https://rubalkhali.science/kb/RAK_PH_VALUE_8b4d545535e4137cd1270f54307acf423047998be5b74aabf58c936e14dc075a	V15PRr2	5.0	15.0	Rhizosphere	2026-07-15	8.14	97.1	10.06	V15PRr2	5	15	Rhizosphere	2026-07-15	8.14	97.1	10.06	UNCHANGED
https://rubalkhali.science/kb/RAK_PH_VALUE_f3d6ed0052ab1c2f09574075dc01857f6a4f62c361c01646827cde7910432716	V15PRr3	5.0	15.0	Rhizosphere	2026-07-15	7.99	97.1	10.06	V15PRr3	5	15	Rhizosphere	2026-07-15	7.99	97.1	10.06	UNCHANGED
https://rubalkhali.science/kb/RAK_PH_VALUE_2d376bb6056aa9e126d939435965f1c2ca00cc41c3106ac7789c9e74e1db0a53	V15Sr1	5.0	15.0	Surface	2026-07-15	7.83	97.1	10.06	V15Sr1	5	15	Surface	2026-07-15	7.83	97.1	10.06	UNCHANGED
https://rubalkhali.science/kb/RAK_PH_VALUE_7fdafbb04fc83e0493894dcd97e2bb1e31302fcb3b0f214f4746c056cbe63a2f	V15Sr2	5.0	15.0	Surface	2026-07-15	7.79	97.1	10.06	V15Sr2	5	15	Surface	2026-07-15	7.79	97.1	10.06	UNCHANGED
https://rubalkhali.science/kb/RAK_PH_VALUE_f96c52399506630b51d401dd9c41aa546a41fb0c90d2fee6502693d1f8908b58	V16Dr1	5.0	16.0	Deep	2026-07-15	8.07	97.1	10.06	V16Dr1	5	16	Deep	2026-07-15	8.07	97.1	10.06	UNCHANGED
https://rubalkhali.science/kb/RAK_PH_VALUE_58eb11f7cb509718784304577b4cedb0b5b9837471200ee43309e02fc601bc01	V16Dr3	5.0	16.0	Deep	2026-07-15	8.06	97.1	10.06	V16Dr3	5	16	Deep	2026-07-15	8.06	97.1	10.06	UNCHANGED
https://rubalkhali.science/kb/RAK_PH_VALUE_1937ca8019abdbc3da6eb5f6ea1ffc5a7740083ddd5e9af4feb76d504bb253a2	V16PRr1	5.0	16.0	Rhizosphere	2026-07-15	8.26	97.1	10.06	V16PRr1	5	16	Rhizosphere	2026-07-15	8.26	97.1	10.06	UNCHANGED
https://rubalkhali.science/kb/RAK_PH_VALUE_1d01e39448625442afe3bf7843dd25d5485dac476f000e8ee026ab11c8c2d9cf	V16PRr2	5.0	16.0	Rhizosphere	2026-07-15	8.28	97.1	10.06	V16PRr2	5	16	Rhizosphere	2026-07-15	8.28	97.1	10.06	UNCHANGED
https://rubalkhali.science/kb/RAK_PH_VALUE_468c688311bbf10868f7b5df5eed1ba1bc40a0934f5d1d20047e4269a22911f2	V16PRr3	5.0	16.0	Rhizosphere	2026-07-15	8.2	97.1	10.06	V16PRr3	5	16	Rhizosphere	2026-07-15	8.2	97.1	10.06	UNCHANGED
https://rubalkhali.science/kb/RAK_PH_VALUE_06cab447015f9f4597b4e88701c369c8b63d707943e7d28ab1db4272f8bb38df	V16Sr1	5.0	16.0	Surface	2026-07-15	8.03	97.1	10.06	V16Sr1	5	16	Surface	2026-07-15	8.03	97.1	10.06	UNCHANGED
https://rubalkhali.science/kb/RAK_PH_VALUE_624f6996d352c84a45f45e835e91401ff920e89b34af6704a0978c57daddb0fc	V17Dr1	5.0	17.0	Deep	2026-07-15	8.06	97.1	10.06	V17Dr1	5	17	Deep	2026-07-15	8.06	97.1	10.06	UNCHANGED
https://rubalkhali.science/kb/RAK_PH_VALUE_bbb5705b886fcc9e726c7457d4d6ce1f0d06dac128b26e05ac4dcf1e4e59c07d	V17Dr2	5.0	17.0	Deep	2026-07-15	8.05	97.1	10.06	V17Dr2	5	17	Deep	2026-07-15	8.05	97.1	10.06	UNCHANGED
https://rubalkhali.science/kb/RAK_PH_VALUE_53739d38a9a6d77a3a88d6eae20b02d1c63d648a9ab2b37c762dc2b08a72bb34	V17PRr1	5.0	17.0	Rhizosphere	2026-07-15	7.85	97.1	10.06	V17PRr1	5	17	Rhizosphere	2026-07-15	7.85	97.1	10.06	UNCHANGED
https://rubalkhali.science/kb/RAK_PH_VALUE_ee23402f6b4dcda6a04ae2300cdb63d1aeb3027c941d571874b6a01b523b6502	V17PRr2	5.0	17.0	Rhizosphere	2026-07-15	7.93	97.1	10.06	V17PRr2	5	17	Rhizosphere	2026-07-15	7.93	97.1	10.06	UNCHANGED
https://rubalkhali.science/kb/RAK_PH_VALUE_e22f1ae073a2326edabf9b18ce3085514cfa11e448576c2906a855191a794a55	V17PRr3	5.0	17.0	Rhizosphere	2026-07-15	7.91	97.1	10.06	V17PRr3	5	17	Rhizosphere	2026-07-15	7.91	97.1	10.06	UNCHANGED
https://rubalkhali.science/kb/RAK_PH_VALUE_f0e816a5375fc167e7a2f0e5db8a6c54aa4dc66d8f8df8fbd8bb736d904e9a96	V18PRr2	5.0	18.0	Rhizosphere	2026-07-15	8.06	97.1	10.06	V18PRr2	5	18	Rhizosphere	2026-07-15	8.06	97.1	10.06	UNCHANGED
https://rubalkhali.science/kb/RAK_PH_VALUE_62caa799fc121ebf954ff3482251a83e79fe6e05694407de0f588233db23ea68	V18PRr3	5.0	18.0	Rhizosphere	2026-07-15	8.09	97.1	10.06	V18PRr3	5	18	Rhizosphere	2026-07-15	8.09	97.1	10.06	UNCHANGED
https://rubalkhali.science/kb/RAK_PH_VALUE_3209051289e4602c3492fb20c5e67b326478adcb5129b3f1a822580e9f6aad27	V19Dr2	5.0	19.0	Deep	2026-07-15	8.1	97.1	10.06	V19Dr2	5	19	Deep	2026-07-15	8.1	97.1	10.06	UNCHANGED
https://rubalkhali.science/kb/RAK_PH_VALUE_f0614110292a5ebf98c3326720cc9f5f054676cafdace1ae4843a4a45a1420aa	V19Dr3	5.0	19.0	Deep	2026-07-15	8.12	97.1	10.06	V19Dr3	5	19	Deep	2026-07-15	8.12	97.1	10.06	UNCHANGED
https://rubalkhali.science/kb/RAK_PH_VALUE_8ae846468a736fc3a7f64213578a9f9630ddc6fad6c04eb29c1d6eb344fb8afa	V19PRr1	5.0	19.0	Rhizosphere	2026-07-15	7.97	97.1	10.06	V19PRr1	5	19	Rhizosphere	2026-07-15	7.97	97.1	10.06	UNCHANGED
https://rubalkhali.science/kb/RAK_PH_VALUE_c55e361794201866bcd9ab431d2cbe7b51e5cfa93205e4db40613c4af5275ef6	V19PRr2	5.0	19.0	Rhizosphere	2026-07-15	7.95	97.1	10.06	V19PRr2	5	19	Rhizosphere	2026-07-15	7.95	97.1	10.06	UNCHANGED
https://rubalkhali.science/kb/RAK_PH_VALUE_3ebf172fcf80fcd66b747bc6f791a23bbfea8cf2ca585f8adbd8e46c446f9599	V19PRr3	5.0	19.0	Rhizosphere	2026-07-15	7.93	97.1	10.06	V19PRr3	5	19	Rhizosphere	2026-07-15	7.93	97.1	10.06	UNCHANGED
https://rubalkhali.science/kb/RAK_PH_VALUE_22770eabc6cf3681a828808d17b9c4dc34d85a6316990049c390ba5a1074c1ae	V19Sr3	5.0	19.0	Surface	2026-07-15	7.8	97.1	10.06	V19Sr3	5	19	Surface	2026-07-15	7.8	97.1	10.06	UNCHANGED
https://rubalkhali.science/kb/RAK_PH_VALUE_7ff63da37961641cf0a8cf6f43949ddaac8871a517cfe809d5bd2d0702bd46e2	V20PRr1	5.0	20.0	Rhizosphere	2026-07-15	7.56	97.1	10.06	V20PRr1	5	20	Rhizosphere	2026-07-15	7.56	97.1	10.06	UNCHANGED
https://rubalkhali.science/kb/RAK_PH_VALUE_c7e11b3ce5c254302dc9529623aefb72a7a4399befbd869fe49952910b51502c	V20PRr2	5.0	20.0	Rhizosphere	2026-07-15	7.58	97.1	10.06	V20PRr2	5	20	Rhizosphere	2026-07-15	7.58	97.1	10.06	UNCHANGED
https://rubalkhali.science/kb/RAK_PH_VALUE_8b3c981443ea76c987b3000ebc8304671dc80bf2f8bbba9d1321acf50205ca6d	V20PRr3	5.0	20.0	Rhizosphere	2026-07-15	7.63	97.1	10.06	V20PRr3	5	20	Rhizosphere	2026-07-15	7.63	97.1	10.06	UNCHANGED
https://rubalkhali.science/kb/RAK_PH_VALUE_a18ad43f3a672be3cc3e89393fe238d64ff7dcd70a3c2b76d44365f1a97428da	V20Sr2	5.0	20.0	Surface	2026-07-15	7.85	97.1	10.06	V20Sr2	5	20	Surface	2026-07-15	7.85	97.1	10.06	UNCHANGED
https://rubalkhali.science/kb/RAK_PH_VALUE_77cbbe3a8ac834796eccb1316acef78b21794e4d871ff737c7a7798bc86c6221	V21Dr1	5.0	21.0	Deep	2026-07-15	7.7	97.1	10.06	V21Dr1	5	21	Deep	2026-07-15	7.7	97.1	10.06	UNCHANGED
https://rubalkhali.science/kb/RAK_PH_VALUE_a867de0ec9ce4e1667e81bdb70c046da49c6b9b080ccbb3fecb8a42acbcc6cae	V21Dr2	5.0	21.0	Deep	2026-07-15	7.79	97.1	10.06	V21Dr2	5	21	Deep	2026-07-15	7.79	97.1	10.06	UNCHANGED
https://rubalkhali.science/kb/RAK_PH_VALUE_73a7775684ebb9f17ab9a43b1f4facd6096732bb62b52356436c4628aaa024a4	V21PRr1	5.0	21.0	Rhizosphere	2026-07-15	7.7	97.1	10.06	V21PRr1	5	21	Rhizosphere	2026-07-15	7.7	97.1	10.06	UNCHANGED
https://rubalkhali.science/kb/RAK_PH_VALUE_a95f1306545148f88cde2431f30d2718022ffa3bed3f3591d379275a83f3e553	V21PRr2	5.0	21.0	Rhizosphere	2026-07-15	7.62	97.1	10.06	V21PRr2	5	21	Rhizosphere	2026-07-15	7.62	97.1	10.06	UNCHANGED
https://rubalkhali.science/kb/RAK_PH_VALUE_311fdb2aec43d7788ddfa636e2537469b6d1c160752577b40bbbb2492cbdb7b5	V21PRr3	5.0	21.0	Rhizosphere	2026-07-15	7.61	97.1	10.06	V21PRr3	5	21	Rhizosphere	2026-07-15	7.61	97.1	10.06	UNCHANGED
https://rubalkhali.science/kb/RAK_PH_VALUE_0d81524b2c4633601d461b044fa535c21bfc4fb0689f775489364893ed07e2ef	V21Sr3	5.0	21.0	Surface	2026-07-15	7.84	97.1	10.06	V21Sr3	5	21	Surface	2026-07-15	7.84	97.1	10.06	UNCHANGED
https://rubalkhali.science/kb/RAK_PH_VALUE_2251c86c1ba0e180e17010b731e8983a37529b193a5b7147b20f47ee4ffa8888	V22PRr2	5.0	22.0	Rhizosphere	2026-07-15	7.94	97.1	10.06	V22PRr2	5	22	Rhizosphere	2026-07-15	7.94	97.1	10.06	UNCHANGED
https://rubalkhali.science/kb/RAK_PH_VALUE_5abbb484ef90961ec9e87df8a506584681e23ae3f5ba9c103f33ea2598287621	V23Dr1	5.0	23.0	Deep	2026-07-16	8.17	97.9	10.06	V23Dr1	5	23	Deep	2026-07-16	8.17	97.9	10.06	UNCHANGED
https://rubalkhali.science/kb/RAK_PH_VALUE_7b05f12f06a02df6081b60060761ec5df73881017d0d9b4661d32281048c2d0e	V23PRr1	5.0	23.0	Rhizosphere	2026-07-16	7.7	97.9	10.06	V23PRr1	5	23	Rhizosphere	2026-07-16	7.7	97.9	10.06	UNCHANGED
https://rubalkhali.science/kb/RAK_PH_VALUE_8d952dd60fd4ccc66d6e3d5a97b8f04ce6e49c1898424d03b133ea32467a8033	V23PRr2	5.0	23.0	Rhizosphere	2026-07-16	7.67	97.9	10.06	V23PRr2	5	23	Rhizosphere	2026-07-16	7.67	97.9	10.06	UNCHANGED
https://rubalkhali.science/kb/RAK_PH_VALUE_5a97ce07ac49cf17ab42a2704aa6126d9c3cf957346aac21badb2d0f62dc78f3	V24Dr1	5.0	24.0	Deep	2026-07-16	8.01	97.9	10.06	V24Dr1	5	24	Deep	2026-07-16	8.01	97.9	10.06	UNCHANGED
https://rubalkhali.science/kb/RAK_PH_VALUE_47716fa4ca7338e29532257be31e2d106350cfad0d687472b1236f1526a6080a	V24PRr1	5.0	24.0	Rhizosphere	2026-07-16	7.76	97.9	10.06	V24PRr1	5	24	Rhizosphere	2026-07-16	7.76	97.9	10.06	UNCHANGED
https://rubalkhali.science/kb/RAK_PH_VALUE_a1751070cd135fe3ce42c524ccbf7585aa4f2eb95dbadc7f9c39f3810509873c	V24PRr3	5.0	24.0	Rhizosphere	2026-07-16	7.82	97.9	10.06	V24PRr3	5	24	Rhizosphere	2026-07-16	7.82	97.9	10.06	UNCHANGED
https://rubalkhali.science/kb/RAK_PH_VALUE_4cc62d8365e5dc06a1d1d303c469d34ed6b03cf10864cb33c8af3a064167ec2f	V25Dr3	5.0	25.0	Deep	2026-07-16	7.87	97.9	10.06	V25Dr3	5	25	Deep	2026-07-16	7.87	97.9	10.06	UNCHANGED
https://rubalkhali.science/kb/RAK_PH_VALUE_1045a345ea49c3ae0fafb796ecbf5e579cb82988d3c4a6dc5749bb4b1d173d93	V25PRr1	5.0	25.0	Rhizosphere	2026-07-16	7.72	97.9	10.06	V25PRr1	5	25	Rhizosphere	2026-07-16	7.72	97.9	10.06	UNCHANGED
https://rubalkhali.science/kb/RAK_PH_VALUE_a14c784356619683b462beb13d31676f9a555f116271c5472e8aafd24313d22b	V25PRr2	5.0	25.0	Rhizosphere	2026-07-16	7.63	97.9	10.06	V25PRr2	5	25	Rhizosphere	2026-07-16	7.63	97.9	10.06	UNCHANGED
https://rubalkhali.science/kb/RAK_PH_VALUE_7f518f896ab0c818b7dddcf36308fccafa402a22f692c7ad2e2fa47af603514e	V25PRr3	5.0	25.0	Rhizosphere	2026-07-16	7.62	97.9	10.06	V25PRr3	5	25	Rhizosphere	2026-07-16	7.62	97.9	10.06	UNCHANGED
https://rubalkhali.science/kb/RAK_PH_VALUE_c54c90e082c8711a48a41efa2b5844da9b24fe3b648b3fac66eb3e82726ab7ea	V25Sr2	5.0	25.0	Surface	2026-07-16	7.7	97.9	10.06	V25Sr2	5	25	Surface	2026-07-16	7.7	97.9	10.06	UNCHANGED
https://rubalkhali.science/kb/RAK_PH_VALUE_b859bedf979200f9c7c85cead1515b3bcda705e5b9c715614d986347c1105207	V25Sr3	5.0	25.0	Surface	2026-07-16	7.79	97.9	10.06	V25Sr3	5	25	Surface	2026-07-16	7.79	97.9	10.06	UNCHANGED
https://rubalkhali.science/kb/RAK_PH_VALUE_623348e21d9684bbb6d9873aeaf6240d2ca231ce08c98466c021174bfcbebbe9	V26Dr2	5.0	26.0	Deep	2026-07-16	7.6	97.9	10.06	V26Dr2	5	26	Deep	2026-07-16	7.6	97.9	10.06	UNCHANGED
https://rubalkhali.science/kb/RAK_PH_VALUE_c75bb00fc034a9f18ff2965acb6bd6fe224f30f9aba723a77d1b373c102bf798	V26Dr3	5.0	26.0	Deep	2026-07-16	7.69	97.9	10.06	V26Dr3	5	26	Deep	2026-07-16	7.69	97.9	10.06	UNCHANGED
https://rubalkhali.science/kb/RAK_PH_VALUE_3542ba02059deb1ee97d15e13bf7a1366e575d8c8e347ae84664cd43743c70e6	V26PRr1	5.0	26.0	Rhizosphere	2026-07-16	7.72	97.9	10.06	V26PRr1	5	26	Rhizosphere	2026-07-16	7.72	97.9	10.06	UNCHANGED
https://rubalkhali.science/kb/RAK_PH_VALUE_79591d7d59a269a988d70d828689aa0e9e9c6d97e3da8515e1f952305494165c	V26PRr2	5.0	26.0	Rhizosphere	2026-07-16	7.68	97.9	10.06	V26PRr2	5	26	Rhizosphere	2026-07-16	7.68	97.9	10.06	UNCHANGED
https://rubalkhali.science/kb/RAK_PH_VALUE_68f6c950d7fd94dab485633e56ad7958b9577690603d01e32392e0e9a6865697	V26Sr2	5.0	26.0	Surface	2026-07-16	7.67	97.9	10.06	V26Sr2	5	26	Surface	2026-07-16	7.67	97.9	10.06	UNCHANGED
https://rubalkhali.science/kb/RAK_PH_VALUE_9041556f7f42bc0fd5111de381a4cffdb8a641e4b91589ea0ccdbb0ecd4d217b	V27Dr2	5.0	27.0	Deep	2026-07-16	7.74	97.9	10.06	V27Dr2	5	27	Deep	2026-07-16	7.74	97.9	10.06	UNCHANGED
https://rubalkhali.science/kb/RAK_PH_VALUE_4f08bdac9a5f90d3d342f451867cceeebb2521c72632b529a1ba5c153914dcbe	V27Dr3	5.0	27.0	Deep	2026-07-16	7.7	97.9	10.06	V27Dr3	5	27	Deep	2026-07-16	7.7	97.9	10.06	UNCHANGED
https://rubalkhali.science/kb/RAK_PH_VALUE_5a2930e643845eb3167cd4c595ee7f4ef336d6adddac86062b59a26f71337264	V27PRr1	5.0	27.0	Rhizosphere	2026-07-16	7.7	97.9	10.06	V27PRr1	5	27	Rhizosphere	2026-07-16	7.7	97.9	10.06	UNCHANGED
https://rubalkhali.science/kb/RAK_PH_VALUE_47da2c62156bbf8e6196059546bf6a8b72aea79a70fed9955551dd5e740b635a	V27PRr2	5.0	27.0	Rhizosphere	2026-07-16	7.63	97.9	10.06	V27PRr2	5	27	Rhizosphere	2026-07-16	7.63	97.9	10.06	UNCHANGED
https://rubalkhali.science/kb/RAK_PH_VALUE_b420caa2a3aff4c2b665493fdf76745cb625ebc8209f8f52626721f0539e89ca	V27PRr3	5.0	27.0	Rhizosphere	2026-07-16	7.67	97.9	10.06	V27PRr3	5	27	Rhizosphere	2026-07-16	7.67	97.9	10.06	UNCHANGED
https://rubalkhali.science/kb/RAK_PH_VALUE_2dda55634edaa1e9ce3a829ce01ad7f94e7723e8ec8d416457e2e6ec1d6e7ddf	V28Dr1	5.0	28.0	Deep	2026-07-16	7.69	97.9	10.06	V28Dr1	5	28	Deep	2026-07-16	7.69	97.9	10.06	UNCHANGED
https://rubalkhali.science/kb/RAK_PH_VALUE_b9fbf567057fc26e2598cb9b67b42f039a228501b7c0b91260974b38908ab267	V28Dr3	5.0	28.0	Deep	2026-07-16	7.7	97.9	10.06	V28Dr3	5	28	Deep	2026-07-16	7.7	97.9	10.06	UNCHANGED
https://rubalkhali.science/kb/RAK_PH_VALUE_20a9b38e43864f42423f8d7fc32a6109984d6bc9f6434ae9e650f8ed4f4943cf	V28PRr1	5.0	28.0	Rhizosphere	2026-07-16	7.66	97.9	10.06	V28PRr1	5	28	Rhizosphere	2026-07-16	7.66	97.9	10.06	UNCHANGED
https://rubalkhali.science/kb/RAK_PH_VALUE_a6540c114a0048724f23f9974493a2ed0ee92817a6dbccf8f31c560cd1a50434	V28PRr2	5.0	28.0	Rhizosphere	2026-07-16	7.6	97.9	10.06	V28PRr2	5	28	Rhizosphere	2026-07-16	7.6	97.9	10.06	UNCHANGED
https://rubalkhali.science/kb/RAK_PH_VALUE_02067f4ff1147f359b4d0fb4e9fb0d1c130564b06412c384a3bfc1e0caf761b1	V28PRr3	5.0	28.0	Rhizosphere	2026-07-16	7.57	97.9	10.06	V28PRr3	5	28	Rhizosphere	2026-07-16	7.57	97.9	10.06	UNCHANGED
https://rubalkhali.science/kb/RAK_PH_VALUE_8c47c19bf9c1cf80fb90172bbb2f0cef39a648887f8570879465f5f6ec077b62	V29PRr2	5.0	29.0	Rhizosphere	2026-07-16	7.73	97.9	10.06	V29PRr2	5	29	Rhizosphere	2026-07-16	7.73	97.9	10.06	UNCHANGED
https://rubalkhali.science/kb/RAK_PH_VALUE_df59384dd0bbc967ec1fb42b1d9a6ca07b5b84283da5bce656aaa74e5b3c74f8	V29PRr3	5.0	29.0	Rhizosphere	2026-07-16	7.65	97.9	10.06	V29PRr3	5	29	Rhizosphere	2026-07-16	7.65	97.9	10.06	UNCHANGED
https://rubalkhali.science/kb/RAK_PH_VALUE_6311fecb5194736683b928ee1118c1ea348d2b4965042588df184bfd3424ffd2	V30PRr1	5.0	30.0	Rhizosphere	2026-07-16	7.56	97.9	10.06	V30PRr1	5	30	Rhizosphere	2026-07-16	7.56	97.9	10.06	UNCHANGED
https://rubalkhali.science/kb/RAK_PH_VALUE_5f6e7d0cf507a2cb1d611ad091e2a7893c34499eeb1262b3422d3c0ed1925d88	V30PRr2	5.0	30.0	Rhizosphere	2026-07-16	7.6	97.9	10.06	V30PRr2	5	30	Rhizosphere	2026-07-16	7.6	97.9	10.06	UNCHANGED
https://rubalkhali.science/kb/RAK_PH_VALUE_58d177ffe79d69ff108272e1a302463ee00b864069906ea507b53fd7d665879f	V30PRr3	5.0	30.0	Rhizosphere	2026-07-16	7.61	97.9	10.06	V30PRr3	5	30	Rhizosphere	2026-07-16	7.61	97.9	10.06	UNCHANGED
https://rubalkhali.science/kb/RAK_PH_VALUE_a9bab9268e055bcae6879ede89a435200d2f647692f3180d1c6847e2c87797c3	V30Sr2	5.0	30.0	Surface	2026-07-16	7.51	97.9	10.06	V30Sr2	5	30	Surface	2026-07-16	7.51	97.9	10.06	UNCHANGED
https://rubalkhali.science/kb/RAK_PH_VALUE_161977cacd58a1f2e78a932cac83861734df9f02414131648f41c2109d4c9755	V31Dr1	5.0	31.0	Deep	2026-07-19	7.99	98.0	10.06	V31Dr1	5	31	Deep	2026-07-19	7.99	98.0	10.06	UNCHANGED
https://rubalkhali.science/kb/RAK_PH_VALUE_85c42242a8ffa43d69f7e3f366c6ed27fcb1b7d83d25d12e8884a615702a7130	V31Dr3	5.0	31.0	Deep	2026-07-19	7.88	98.0	10.06	V31Dr3	5	31	Deep	2026-07-19	7.88	98.0	10.06	UNCHANGED
https://rubalkhali.science/kb/RAK_PH_VALUE_bc0381d98abdf75ecc8a8ad44bac4633d04e4e848af4ee6604cb6a24b305d1b6	V32PRr1	5.0	32.0	Rhizosphere	2026-07-19	7.65	98.0	10.06	V32PRr1	5	32	Rhizosphere	2026-07-19	7.65	98.0	10.06	UNCHANGED
https://rubalkhali.science/kb/RAK_PH_VALUE_1d9a890c851b99d6e5e4f22819912975c5d998a416cf7cdca9063634abe691fd	V32PRr2	5.0	32.0	Rhizosphere	2026-07-19	7.61	98.0	10.06	V32PRr2	5	32	Rhizosphere	2026-07-19	7.61	98.0	10.06	UNCHANGED
https://rubalkhali.science/kb/RAK_PH_VALUE_c42e07ba043ffcab73ffb7d7097ca41512480b82da3ffe33e99143d0c99ab17d	V32PRr3	5.0	32.0	Rhizosphere	2026-07-19	7.6	98.0	10.06	V32PRr3	5	32	Rhizosphere	2026-07-19	7.6	98.0	10.06	UNCHANGED
https://rubalkhali.science/kb/RAK_PH_VALUE_0bdf40d42a8121cc81c1e03881c48ebaef49f5259666bd5a31892c8bc8c445c5	V33PRr1	5.0	33.0	Rhizosphere	2026-07-19	8.06	98.0	10.06	V33PRr1	5	33	Rhizosphere	2026-07-19	8.06	98.0	10.06	UNCHANGED
https://rubalkhali.science/kb/RAK_PH_VALUE_0042d876863dab18e3ea177ccc5c3dd654ce0898baca25aa538e12d5bcf47337	V33PRr2	5.0	33.0	Rhizosphere	2026-07-19	7.98	98.0	10.06	V33PRr2	5	33	Rhizosphere	2026-07-19	7.98	98.0	10.06	UNCHANGED
https://rubalkhali.science/kb/RAK_PH_VALUE_ceae69f78b3e6d5382fbeafa9a2331e31d78c707fc6588c496669356445d07ed	V33PRr3	5.0	33.0	Rhizosphere	2026-07-19	8.0	98.0	10.06	V33PRr3	5	33	Rhizosphere	2026-07-19	8.0	98.0	10.06	UNCHANGED
https://rubalkhali.science/kb/RAK_PH_VALUE_79c7c14efc76418101b33c1e6e403a9531aaef25c401e983f6f3c8906418078b	V34Dr2	5.0	34.0	Deep	2026-07-19	8.01	98.0	10.06	V34Dr2	5	34	Deep	2026-07-19	8.01	98.0	10.06	UNCHANGED
https://rubalkhali.science/kb/RAK_PH_VALUE_9398533afe580d6d24c6bc972f4ea7aea6f648949595b300943d54c3957651ae	V34PRr1	5.0	34.0	Rhizosphere	2026-07-19	8.07	98.0	10.06	V34PRr1	5	34	Rhizosphere	2026-07-19	8.07	98.0	10.06	UNCHANGED
https://rubalkhali.science/kb/RAK_PH_VALUE_f4b1b39ba4a5d66db486df8cab3f6cb2f3f81ba7d74f93cddd247ac064acec49	V34PRr2	5.0	34.0	Rhizosphere	2026-07-19	8.09	98.0	10.06	V34PRr2	5	34	Rhizosphere	2026-07-19	8.09	98.0	10.06	UNCHANGED
https://rubalkhali.science/kb/RAK_PH_VALUE_17165e33e1f4421c3b223f55aa1b73e3133f8d513334f1ec71a9b044d4471fec	V34PRr3	5.0	34.0	Rhizosphere	2026-07-19	8.11	98.0	10.06	V34PRr3	5	34	Rhizosphere	2026-07-19	8.11	98.0	10.06	UNCHANGED
https://rubalkhali.science/kb/RAK_PH_VALUE_717aeac61dd44be61856bab0633fc1923647967c4d4b54c1d23b25b905fd5df1	V35Dr1	5.0	35.0	Deep	2026-07-19	8.1	98.0	10.06	V35Dr1	5	35	Deep	2026-07-19	8.1	98.0	10.06	UNCHANGED
https://rubalkhali.science/kb/RAK_PH_VALUE_a6ac606bb63022c4dcfa5508657ce7f1b3a0a493f8c5186b140c011b76afffed	V35PRr1	5.0	35.0	Rhizosphere	2026-07-19	8.42	98.0	10.06	V35PRr1	5	35	Rhizosphere	2026-07-19	8.42	98.0	10.06	UNCHANGED
https://rubalkhali.science/kb/RAK_PH_VALUE_ccf9c47b8b622a6f78bd114a5b87683c4f7dab77aec752ab8fcbf138d1d0ffd0	V35PRr2	5.0	35.0	Rhizosphere	2026-07-19	8.37	98.0	10.06	V35PRr2	5	35	Rhizosphere	2026-07-19	8.37	98.0	10.06	UNCHANGED
https://rubalkhali.science/kb/RAK_PH_VALUE_beaaf4368fdfa22b16a8d1c65e4d7c352e0fdbcd6f07acaac5f1eb38e50d5754	V35PRr3	5.0	35.0	Rhizosphere	2026-07-19	8.41	98.0	10.06	V35PRr3	5	35	Rhizosphere	2026-07-19	8.41	98.0	10.06	UNCHANGED
https://rubalkhali.science/kb/RAK_PH_VALUE_791cb0f24e8c7ab9b2ab3d40e1c4c1182a61fa9b0b7aab5bafe5861118a92331	V37Dr1	5.0	37.0	Deep	2026-07-19	8.22	98.0	10.06	V37Dr1	5	37	Deep	2026-07-19	8.22	98.0	10.06	UNCHANGED
https://rubalkhali.science/kb/RAK_PH_VALUE_4741970c26391ae2b13ee61a3bdc7338e2e040933a867056223b7562b7ee8eb9	V37PRr2	5.0	37.0	Rhizosphere	2026-07-19	8.03	98.0	10.06	V37PRr2	5	37	Rhizosphere	2026-07-19	8.03	98.0	10.06	UNCHANGED
https://rubalkhali.science/kb/RAK_PH_VALUE_3abacb4a6d08d60af42f732d6eca999521437ee2ae855de8abe1f16fc86a1426	V37PRr3	5.0	37.0	Rhizosphere	2026-07-19	7.99	98.0	10.06	V37PRr3	5	37	Rhizosphere	2026-07-19	7.99	98.0	10.06	UNCHANGED
https://rubalkhali.science/kb/RAK_PH_VALUE_419efef8671936500baa0715e82d689db5cbeac6e5a2eac52465167fb03b1e66	V38PRr3	5.0	38.0	Rhizosphere	2026-07-19	8.17	98.0	10.06	V38PRr3	5	38	Rhizosphere	2026-07-19	8.17	98.0	10.06	UNCHANGED
https://rubalkhali.science/kb/RAK_PH_VALUE_a1f82b94371f4af0afd1a7951be51b7bd742f5e1c1872c2ef6696b3d3200aff7	V38Sr2	5.0	38.0	Surface	2026-07-19	8.14	98.0	10.06	V38Sr2	5	38	Surface	2026-07-19	8.14	98.0	10.06	UNCHANGED
https://rubalkhali.science/kb/RAK_PH_VALUE_62988908acc42db6fc5498708011027a8a8b9abb03e22fb8420a205a91cc7b96	V39Dr1	5.0	39.0	Deep	2026-07-19	8.28	98.0	10.06	V39Dr1	5	39	Deep	2026-07-19	8.28	98.0	10.06	UNCHANGED
https://rubalkhali.science/kb/RAK_PH_VALUE_bcf60715a2bebf6f65b918954e647f42e47681a1477436de9da14b5aefc4ce4f	V39Dr3	5.0	39.0	Deep	2026-07-19	8.23	98.0	10.06	V39Dr3	5	39	Deep	2026-07-19	8.23	98.0	10.06	UNCHANGED
https://rubalkhali.science/kb/RAK_PH_VALUE_f134f7e8543bba501f72581c807166c449e251f02eee0ea1dfe465c6561c1d6f	V39PRr1	5.0	39.0	Rhizosphere	2026-07-19	8.18	98.0	10.06	V39PRr1	5	39	Rhizosphere	2026-07-19	8.18	98.0	10.06	UNCHANGED
https://rubalkhali.science/kb/RAK_PH_VALUE_2176835f4d79ff4afffd85d2f54b469de5b58f816584fafaa6fdb2617069b565	V39PRr2	5.0	39.0	Rhizosphere	2026-07-19	8.2	98.0	10.06	V39PRr2	5	39	Rhizosphere	2026-07-19	8.2	98.0	10.06	UNCHANGED
https://rubalkhali.science/kb/RAK_PH_VALUE_b243e7946ea2a597062a62c449bce6cb8694078ed311c5ad071e9fe3927a1eca	V39PRr3	5.0	39.0	Rhizosphere	2026-07-19	8.19	98.0	10.06	V39PRr3	5	39	Rhizosphere	2026-07-19	8.19	98.0	10.06	UNCHANGED
https://rubalkhali.science/kb/RAK_PH_VALUE_135ef2dd728275fceb70164971b126e68ff57b35963503835fe06bff2fa48981	V39Sr2	5.0	39.0	Surface	2026-07-19	8.06	98.0	10.06	V39Sr2	5	39	Surface	2026-07-19	8.06	98.0	10.06	UNCHANGED
https://rubalkhali.science/kb/RAK_PH_VALUE_f1ef989da7c53b8fa5fb0332c729cb4928b466b86f2b22602eef4b201edd2875	V40Dr1	5.0	40.0	Deep	2026-07-19	7.99	98.0	10.06	V40Dr1	5	40	Deep	2026-07-19	7.99	98.0	10.06	UNCHANGED
https://rubalkhali.science/kb/RAK_PH_VALUE_ddd7685e2055cd2143e040eafac1cf595cd664f56b00955667190165efaa3ebe	V40PRr1	5.0	40.0	Rhizosphere	2026-07-19	7.89	98.0	10.06	V40PRr1	5	40	Rhizosphere	2026-07-19	7.89	98.0	10.06	UNCHANGED
https://rubalkhali.science/kb/RAK_PH_VALUE_e6e020e086b5803fd4419df87d117856f42c08130a716fb9b59d9eb930b1b261	V40PRr2	5.0	40.0	Rhizosphere	2026-07-19	7.9	98.0	10.06	V40PRr2	5	40	Rhizosphere	2026-07-19	7.9	98.0	10.06	UNCHANGED
https://rubalkhali.science/kb/RAK_PH_VALUE_6119a5dbfe7a5c46d0968c9cc30ab541a7ce84c40d2ad3864d63332801671910	V40PRr3	5.0	40.0	Rhizosphere	2026-07-19	7.97	98.0	10.06	V40PRr3	5	40	Rhizosphere	2026-07-19	7.97	98.0	10.06	UNCHANGED
https://rubalkhali.science/kb/RAK_PH_VALUE_3cce2f047524ab1898ea4306b8109daa6b3a7560a4b9598478693fbb79f3f518	V40Sr3	5.0	40.0	Surface	2026-07-19	7.91	98.0	10.06	V40Sr3	5	40	Surface	2026-07-19	7.91	98.0	10.06	UNCHANGED
https://rubalkhali.science/kb/RAK_PH_VALUE_10ab8b595b2ebbb5dccc348f63e4327bec71ecf92141734006fc7cf46adefea0	V41Dr3	5.0	41.0	Deep	2026-07-19	7.92	98.0	10.06	V41Dr3	5	41	Deep	2026-07-19	7.92	98.0	10.06	UNCHANGED
https://rubalkhali.science/kb/RAK_PH_VALUE_4f609751088586e26b4f68b32c821443a861615a8d47f231122ce2f3bd5a0ffd	V42PRr2	5.0	42.0	Rhizosphere	2026-07-19	8.13	98.0	10.06	V42PRr2	5	42	Rhizosphere	2026-07-19	8.13	98.0	10.06	UNCHANGED
https://rubalkhali.science/kb/RAK_PH_VALUE_3ededd69fd36d20492f7cc55d7272a9bb8244113e3b131317ea9a6d1a899ec8b	V42Sr2	5.0	42.0	Surface	2026-07-19	7.86	98.0	10.06	V42Sr2	5	42	Surface	2026-07-19	7.86	98.0	10.06	UNCHANGED
https://rubalkhali.science/kb/RAK_PH_VALUE_15062f66970835e97789cfcc59f3f0c9ad04c74abebcf8cc7ac1ee7ff90daf2b	V43Dr1	5.0	43.0	Deep	2026-07-19	7.9	98.0	10.06	V43Dr1	5	43	Deep	2026-07-19	7.9	98.0	10.06	UNCHANGED
https://rubalkhali.science/kb/RAK_PH_VALUE_a991890100f7b57a0d70875705ba367ea32916240599f198fa28e34a6c5f5fc1	V43Dr2	5.0	43.0	Deep	2026-07-19	7.85	98.0	10.06	V43Dr2	5	43	Deep	2026-07-19	7.85	98.0	10.06	UNCHANGED
https://rubalkhali.science/kb/RAK_PH_VALUE_217c72e6a7edcbde08e29f68320c4d9cc4556579a1e8a4ca2346fb53d150b4a9	V43Dr3	5.0	43.0	Deep	2026-07-19	7.87	98.0	10.06	V43Dr3	5	43	Deep	2026-07-19	7.87	98.0	10.06	UNCHANGED
https://rubalkhali.science/kb/RAK_PH_VALUE_aab7cc3312542014436c63bd02624937efdf0b456c327553765df16a822de1a5	V43PRr1	5.0	43.0	Rhizosphere	2026-07-19	7.89	98.0	10.06	V43PRr1	5	43	Rhizosphere	2026-07-19	7.89	98.0	10.06	UNCHANGED
https://rubalkhali.science/kb/RAK_PH_VALUE_6f6bbe46d6e58af41b6aa17a6af5d6ff67cb790fc09827382fb3aec10af1221a	V43PRr2	5.0	43.0	Rhizosphere	2026-07-19	7.9	98.0	10.06	V43PRr2	5	43	Rhizosphere	2026-07-19	7.9	98.0	10.06	UNCHANGED
https://rubalkhali.science/kb/RAK_PH_VALUE_e6fa92ef96be3f60d61fe261ef2ba1499b9307ebba8c0cd753b97e0b3df73202	V43PRr3	5.0	43.0	Rhizosphere	2026-07-19	7.93	98.0	10.06	V43PRr3	5	43	Rhizosphere	2026-07-19	7.93	98.0	10.06	UNCHANGED
https://rubalkhali.science/kb/RAK_PH_VALUE_e024747e45b149eb9aa53cf85c7a509716da0ec14d605a1456f4f0d4f11a7028	V44Dr1	5.0	44.0	Deep	2026-07-19	7.83	98.0	10.06	V44Dr1	5	44	Deep	2026-07-19	7.83	98.0	10.06	UNCHANGED
https://rubalkhali.science/kb/RAK_PH_VALUE_e0a8d981acf0cbf7b4ac0154fbe1af888cbaef9166a7f94a5836454fbfdbe1af	V44PRr1	5.0	44.0	Rhizosphere	2026-07-19	7.95	98.0	10.06	V44PRr1	5	44	Rhizosphere	2026-07-19	7.95	98.0	10.06	UNCHANGED
https://rubalkhali.science/kb/RAK_PH_VALUE_042bbedeeecd5baee80dfc22a225b6c8ac8657246ff7fd50d1b306e3218dc9ca	V44PRr2	5.0	44.0	Rhizosphere	2026-07-19	7.9	98.0	10.06	V44PRr2	5	44	Rhizosphere	2026-07-19	7.9	98.0	10.06	UNCHANGED
https://rubalkhali.science/kb/RAK_PH_VALUE_f5d80a246b136425f231e469ce18ed3eb696fd35971a316a5dab8edfc8fb7860	V45Dr1	5.0	45.0	Deep	2026-07-19	8.12	98.0	10.06	V45Dr1	5	45	Deep	2026-07-19	8.12	98.0	10.06	UNCHANGED
https://rubalkhali.science/kb/RAK_PH_VALUE_252889bb80b67e9629af7a4908f458813e30473d25456a1fe344bed651d9adfc	V45Dr2	5.0	45.0	Deep	2026-07-19	8.15	98.0	10.06	V45Dr2	5	45	Deep	2026-07-19	8.15	98.0	10.06	UNCHANGED
https://rubalkhali.science/kb/RAK_PH_VALUE_eedbc796aaa8b6715ded9505cee9bc3bac9b0bf043bd58f70aa5ad0a9e61a3f4	V45Dr3	5.0	45.0	Deep	2026-07-19	8.2	98.0	10.06	V45Dr3	5	45	Deep	2026-07-19	8.2	98.0	10.06	UNCHANGED
https://rubalkhali.science/kb/RAK_PH_VALUE_8891f9ce759dcd837e4fdaed5a649666a39875684b824525a8e93e39cbfa9450	V45PRr1	5.0	45.0	Rhizosphere	2026-07-19	7.8	98.0	10.06	V45PRr1	5	45	Rhizosphere	2026-07-19	7.8	98.0	10.06	UNCHANGED
https://rubalkhali.science/kb/RAK_PH_VALUE_3b28f3c6c98d1c47917048a097b7ca058017ad802e2b5dbf97f705340dac594e	V45PRr2	5.0	45.0	Rhizosphere	2026-07-19	7.89	98.0	10.06	V45PRr2	5	45	Rhizosphere	2026-07-19	7.89	98.0	10.06	UNCHANGED
https://rubalkhali.science/kb/RAK_PH_VALUE_217978420f50ae90a78e93d66706c13886a9d59d0f2f2391ce80e3050adad7d7	V45PRr3	5.0	45.0	Rhizosphere	2026-07-19	7.9	98.0	10.06	V45PRr3	5	45	Rhizosphere	2026-07-19	7.9	98.0	10.06	UNCHANGED
https://rubalkhali.science/kb/RAK_PH_VALUE_5bdff46b8b00d1b002ef83fba0659629dfc2106f763102ae8a343300c6909811	V45Sr3	5.0	45.0	Surface	2026-07-19	8.0	98.0	10.06	V45Sr3	5	45	Surface	2026-07-19	8.0	98.0	10.06	UNCHANGED
https://rubalkhali.science/kb/RAK_PH_VALUE_68dd1816f6c85800ce77f28c5c112236b9bd413257c044f4b7c943fe118ee027	V46PRr1	5.0	46.0	Rhizosphere	2026-07-20	8.06	97.9	10.07	V46PRr1	5	46	Rhizosphere	2026-07-20	8.06	97.9	10.07	UNCHANGED
https://rubalkhali.science/kb/RAK_PH_VALUE_7ead3c4e2c68e1675c3246484250caba26283e3647907f04ff49d81e7b129bfe	V46PRr2	5.0	46.0	Rhizosphere	2026-07-20	8.09	97.9	10.07	V46PRr2	5	46	Rhizosphere	2026-07-20	8.09	97.9	10.07	UNCHANGED
https://rubalkhali.science/kb/RAK_PH_VALUE_338a8acbd59198d170eebd6553e64a871ce39ec15dabc2d5a16463395bcd5dc1	V46PRr3	5.0	46.0	Rhizosphere	2026-07-20	8.05	97.9	10.07	V46PRr3	5	46	Rhizosphere	2026-07-20	8.05	97.9	10.07	UNCHANGED
https://rubalkhali.science/kb/RAK_PH_VALUE_6e4ce364262aa3058fba37f05f1f729c9c539b5e02d94741989f94e4dcb21aff	V47PRr1	5.0	47.0	Rhizosphere	2026-07-20	8.24	97.9	10.07	V47PRr1	5	47	Rhizosphere	2026-07-20	8.24	97.9	10.07	UNCHANGED
https://rubalkhali.science/kb/RAK_PH_VALUE_1e1ce8fcda3af72d41e825348b7287a653e8b47cc2750a72dd67aa04497b2ba4	V47PRr2	5.0	47.0	Rhizosphere	2026-07-20	8.28	97.9	10.07	V47PRr2	5	47	Rhizosphere	2026-07-20	8.28	97.9	10.07	UNCHANGED
https://rubalkhali.science/kb/RAK_PH_VALUE_9c50a78cdc7c0e3de7b5b84c390666fddd3dfbd227c38a7fe5a22dfb12ee6e77	V47PRr3	5.0	47.0	Rhizosphere	2026-07-20	8.2	97.9	10.07	V47PRr3	5	47	Rhizosphere	2026-07-20	8.2	97.9	10.07	UNCHANGED
https://rubalkhali.science/kb/RAK_PH_VALUE_f1628a328f73de07b5ef0ca45404b1a974a2fdf8ded79a4063d604be5d99a90f	V48Dr1	5.0	48.0	Deep	2026-07-20	8.4	97.9	10.07	V48Dr1	5	48	Deep	2026-07-20	8.4	97.9	10.07	UNCHANGED
https://rubalkhali.science/kb/RAK_PH_VALUE_c5fe5adf5231c852c74fd1129ae4c4c40bb7bef8d7d3f8614aff20a9fd347b8c	V48Dr2	5.0	48.0	Deep	2026-07-20	8.42	97.9	10.07	V48Dr2	5	48	Deep	2026-07-20	8.42	97.9	10.07	UNCHANGED
https://rubalkhali.science/kb/RAK_PH_VALUE_afa4f4d82a77ee75bcb9aa521b89504ecfb43ec1fa0b8d9824a42338128dfcff	V48Dr3	5.0	48.0	Deep	2026-07-20	8.37	97.9	10.07	V48Dr3	5	48	Deep	2026-07-20	8.37	97.9	10.07	UNCHANGED
https://rubalkhali.science/kb/RAK_PH_VALUE_49023b3d8d4e7433d5bfc9fd7e856a3cb02fc72ad21670ad734c586e16800a5b	V48PRr1	5.0	48.0	Rhizosphere	2026-07-20	8.31	97.9	10.07	V48PRr1	5	48	Rhizosphere	2026-07-20	8.31	97.9	10.07	UNCHANGED
https://rubalkhali.science/kb/RAK_PH_VALUE_f82ca0b2290ba6efd27864bcb21405818dd75e5df0f9b8986ca4d806a11a523a	V49Dr2	5.0	49.0	Deep	2026-07-20	8.45	97.9	10.07	V49Dr2	5	49	Deep	2026-07-20	8.45	97.9	10.07	UNCHANGED
https://rubalkhali.science/kb/RAK_PH_VALUE_fa0d284ae71dadc1080dcfc24c9101bdf4838c04147b31a12f5a499e6c8a375c	V50PRr2	5.0	50.0	Rhizosphere	2026-07-20	8.26	97.9	10.07	V50PRr2	5	50	Rhizosphere	2026-07-20	8.26	97.9	10.07	UNCHANGED
https://rubalkhali.science/kb/RAK_PH_VALUE_fe405d6847b9075cf9dc57812d785c928f2b1eee5c615e07fe99937e128e1042	V51PRr2	5.0	51.0	Rhizosphere	2026-07-20	8.32	97.9	10.07	V51PRr2	5	51	Rhizosphere	2026-07-20	8.32	97.9	10.07	UNCHANGED
https://rubalkhali.science/kb/RAK_PH_VALUE_c87763b26ec4292cef779c7bbf81661d6c7ad0ab5ea132f1d4f20f0ca7510553	V51PRr3	5.0	51.0	Rhizosphere	2026-07-20	8.28	97.9	10.07	V51PRr3	5	51	Rhizosphere	2026-07-20	8.28	97.9	10.07	UNCHANGED
https://rubalkhali.science/kb/RAK_PH_VALUE_1f53d8f74c017bb760942e2d49937b540b2e303bd7120fa4f120f4baf835f8cf	V53PRr2	5.0	53.0	Rhizosphere	2026-07-20	8.23	97.9	10.07	V53PRr2	5	53	Rhizosphere	2026-07-20	8.23	97.9	10.07	UNCHANGED
https://rubalkhali.science/kb/RAK_PH_VALUE_2fac19044b003813fb5ff8506c04076024e7531f3d0efbcdaf77d7405f084674	V54PRr1	5.0	54.0	Rhizosphere	2026-07-20	8.43	97.9	10.07	V54PRr1	5	54	Rhizosphere	2026-07-20	8.43	97.9	10.07	UNCHANGED
https://rubalkhali.science/kb/RAK_PH_VALUE_16f5012f67603f1f5d23a3b6c007e036a33e3059d8fcc2863a0d002c2ef378ef	V54PRr2	5.0	54.0	Rhizosphere	2026-07-20	8.41	97.9	10.07	V54PRr2	5	54	Rhizosphere	2026-07-20	8.41	97.9	10.07	UNCHANGED
https://rubalkhali.science/kb/RAK_PH_VALUE_561b4e475f7bed84240dd58af7b98c47a932b31e2c7a8fb33cedb7e127c76f5f	V54PRr3	5.0	54.0	Rhizosphere	2026-07-20	8.38	97.9	10.07	V54PRr3	5	54	Rhizosphere	2026-07-20	8.38	97.9	10.07	UNCHANGED
https://rubalkhali.science/kb/RAK_PH_VALUE_66e399e2cafe8abed255ab79bd292650c993a13614c24c85b101e675b2b02bcb	V55Dr1	5.0	55.0	Deep	2026-07-20	8.43	97.9	10.07	V55Dr1	5	55	Deep	2026-07-20	8.43	97.9	10.07	UNCHANGED
https://rubalkhali.science/kb/RAK_PH_VALUE_a944a5b5bc6bec014aba4fdf3d7ba962b1d9bf9dde98b7a3cadcae07be45592d	V55PRr1	5.0	55.0	Rhizosphere	2026-07-20	8.48	97.9	10.07	V55PRr1	5	55	Rhizosphere	2026-07-20	8.48	97.9	10.07	UNCHANGED
https://rubalkhali.science/kb/RAK_PH_VALUE_03c3b583c892c50504590ce4c0d3a5c8c9bfea7f602bd08f7ca85873b316ebb4	V55PRr2	5.0	55.0	Rhizosphere	2026-07-20	8.44	97.9	10.07	V55PRr2	5	55	Rhizosphere	2026-07-20	8.44	97.9	10.07	UNCHANGED
https://rubalkhali.science/kb/RAK_PH_VALUE_fc23e3fa28e3b16660d27743c416c0bd0d641b5cd8575c823817c21ec119511b	V55PRr3	5.0	55.0	Rhizosphere	2026-07-20	8.39	97.9	10.07	V55PRr3	5	55	Rhizosphere	2026-07-20	8.39	97.9	10.07	UNCHANGED
https://rubalkhali.science/kb/RAK_PH_VALUE_39e60176ab7f216dc154d857059bd983347c977f07cf6873a4852f0e1e15c41a	V55Sr2	5.0	55.0	Surface	2026-07-20	8.45	97.9	10.07	V55Sr2	5	55	Surface	2026-07-20	8.45	97.9	10.07	UNCHANGED
https://rubalkhali.science/kb/RAK_PH_VALUE_f4ecadb6814df2f5f4266f218f87630c0a6afaa06dd4abf28cec371924c1d269	V55Sr3	5.0	55.0	Surface	2026-07-20	8.4	97.9	10.07	V55Sr3	5	55	Surface	2026-07-20	8.4	97.9	10.07	UNCHANGED
https://rubalkhali.science/kb/RAK_PH_VALUE_9eabcb3412156c3e26043c908fb0df9d521d84739dbaa348d6a28c220d02c447	V57PRr2	5.0	57.0	Rhizosphere	2026-07-20	8.03	97.9	10.07	V57PRr2	5	57	Rhizosphere	2026-07-20	8.03	97.9	10.07	UNCHANGED
https://rubalkhali.science/kb/RAK_PH_VALUE_74c0489c5d68c33569e1d9ca7eb028fd5a7f3a4e1467bebb6f5a69f4e0a06357	V57PRr3	5.0	57.0	Rhizosphere	2026-07-20	8.05	97.9	10.07	V57PRr3	5	57	Rhizosphere	2026-07-20	8.05	97.9	10.07	UNCHANGED
https://rubalkhali.science/kb/RAK_PH_VALUE_7f7edc30286701083f069586d2fc6be669e070b598623a283318417509b6b76a	V58PRr1	5.0	58.0	Rhizosphere	2026-07-20	8.33	97.9	10.07	V58PRr1	5	58	Rhizosphere	2026-07-20	8.33	97.9	10.07	UNCHANGED
https://rubalkhali.science/kb/RAK_PH_VALUE_1c6ee0d9159dd49cb8c40d8788e9d1afecd43d334609eb91e2b8478bfe681dc8	V58PRr2	5.0	58.0	Rhizosphere	2026-07-20	8.29	97.9	10.07	V58PRr2	5	58	Rhizosphere	2026-07-20	8.29	97.9	10.07	UNCHANGED
https://rubalkhali.science/kb/RAK_PH_VALUE_3c2508b0eb1d2fae99bffb245a939f18721b62cc559442020d10d9cd6ac0a65a	V58PRr3	5.0	58.0	Rhizosphere	2026-07-20	8.35	97.9	10.07	V58PRr3	5	58	Rhizosphere	2026-07-20	8.35	97.9	10.07	UNCHANGED
https://rubalkhali.science/kb/RAK_PH_VALUE_d356c0654af95c4788788a96aeb533d91fb596574aedada94fa8e31cc582af0e	V60PRr1	5.0	60.0	Rhizosphere	2026-07-20	8.26	97.9	10.07	V60PRr1	5	60	Rhizosphere	2026-07-20	8.26	97.9	10.07	UNCHANGED
https://rubalkhali.science/kb/RAK_PH_VALUE_487c4bcbebf739176ae9c079b56e58a078afdea75e50fab6635b1d7661ec7a0a	V60PRr2	5.0	60.0	Rhizosphere	2026-07-20	8.24	97.9	10.07	V60PRr2	5	60	Rhizosphere	2026-07-20	8.24	97.9	10.07	UNCHANGED
