path	bytes	sha256
.github/workflows/validate.yml	1348	a6c96c8eb2124acd2980ed7bedb36977a81c70b59ed3573e9b0caf07668fa28e
.gitignore	1184	6845f7ea39bb8162610096c1d4948097f7fe305576b22dc52a73ee5a48bc2859
BULK_ARTIFACTS.tsv	1881	66c0a66ad2f15058828fbf915947f94c8264e486f5d8d729b3ad332a5c121631
LICENSE	1483	102a18f668de4ca9ab5cd2b04f65cd434766f4a1382fa7867c1c9e1b4dc42796
Makefile	1452	efe3b08a7b6c8d484377c6571e9fe57fa0eda1a26a083bd7547f82c4a054228d
PRE_RELEASE_MANIFEST.tsv	338523	d2025765e91fabdab6db074985b130c603f5712db7a9c6d5f0e6b71502c30394
README.md	20563	04e547c1b9e212877cd3a66f6e035d0688471c1b8d931f9bdd1b7fc969c40fec
REPRODUCE.md	5486	a7b3026795d00ae90cf8b2ad3d58a9efaff63586363bb2f542a2f8b19f55a7c0
config/codes/biome_codes.yml	1323	327d898b53fb669ffac6df4aef50cc5eb3fc4429256a4ebf12a857196d402cb4
config/codes/xrf_chebi_mapping.yml	4219	b2178f4f8f04827c4336453239bad77e5837973cb7672495eab12caaa0d33a48
config/codes/xrf_chebi_mapping_validated.yml	4219	b2178f4f8f04827c4336453239bad77e5837973cb7672495eab12caaa0d33a48
config/codes/xrf_chemical_mapping.yml	11723	fcebc8ba8c10344fa3f86109d35d7100b7bc7008aacbca9124098d2eb0628a3e
config/codes/xrf_pubchem_snapshot.json	18903	6238d737e15036e8f1fbb12f5d826343c583950e6295b8bf11ff0b21d7936a85
deploy_onto.sh	7020	67458123feec50529a338bae465400be37bde8214245df668897a9b5dd12dec7
docs/CONTROL.md	4837	676500dacfb0cdaa723f03ad87d9d7ce815ea51dc71c9d8348510b26123be5e5
docs/CONVENTIONS.md	1418	0c80f08d65887d3a2c553d1dfc14837c8a7a50122ea0fc6c28b2066cf5f06788
docs/MEASUREMENT_PATTERN.md	8000	b76c62fc25295962d887393906c4738556494ada4758e5cb7274a05cae4f2ca8
docs/VALIDATION.md	6135	3a30ed7fbc7239d6a91eacb58548bd55ffe87c901291ac3868196fee012d96a5
docs/XRF_PROVENANCE_AUDIT.md	4508	521bc5e9352253adb9f4d457a81586f33de3be68dd4e6a3c96d394034bb23c98
environment/environment.yml	678	3f7d28fe1b50f50f3e45fcc6b721bdec4de0bde46f828e95be6511e9e9a53f56
environment/requirements.in	518	c8594d18b551b824f015469f03c9f0c4451759eff1752d48532bb5afaf547ab1
environment/requirements.lock.txt	78869	b10cf25f9bd92fb75a13c46ed71c2aaf6d4debd4f9faed3dc2a759bdd3617fa0
evidence/accessions/PRJNA1065643_read_runs.tsv	9105	4e2041cec15270f86fdec144b2b7ec5f4785efbe4527efef3258069af6dd13db
evidence/accessions/accession_reconciliation.json	302804	6d0ef9acace630134f413c3b17f944f056a66c41dfc88f4aaa854605501590cb
evidence/accessions/ena_response_snapshots/batch_0000.tsv	86	e051c5d3dc06a9cdcc9ac3784ccf7e821cf7eea3f4d147ceb32a720c5a0040f5
evidence/accessions/ena_response_snapshots/batch_0001.tsv	86	e051c5d3dc06a9cdcc9ac3784ccf7e821cf7eea3f4d147ceb32a720c5a0040f5
evidence/accessions/ena_response_snapshots/batch_0002.tsv	86	e051c5d3dc06a9cdcc9ac3784ccf7e821cf7eea3f4d147ceb32a720c5a0040f5
evidence/accessions/ena_response_snapshots/batch_0003.tsv	86	e051c5d3dc06a9cdcc9ac3784ccf7e821cf7eea3f4d147ceb32a720c5a0040f5
evidence/accessions/ena_response_snapshots/batch_0004.tsv	86	e051c5d3dc06a9cdcc9ac3784ccf7e821cf7eea3f4d147ceb32a720c5a0040f5
evidence/accessions/ena_response_snapshots/batch_0005.tsv	86	e051c5d3dc06a9cdcc9ac3784ccf7e821cf7eea3f4d147ceb32a720c5a0040f5
evidence/accessions/ena_response_snapshots/batch_0006.tsv	86	e051c5d3dc06a9cdcc9ac3784ccf7e821cf7eea3f4d147ceb32a720c5a0040f5
evidence/bibliography/source_custody.json	22976	7329de321e0152c0e834c01e110b7d09c0f337f2f63efe94ca54e33404700f43
evidence/companion-analysis/derived_input_archives.SHA256SUMS	442	be7dbe82be15eafd310881d27244bf0a432186f93b39723af356033c749bc1af
evidence/competency-query/SHA256SUMS	280	a827acdb0534976a7a1a430614b302d653961bcd07c99b793cfaa7ae938f684f
evidence/competency-query/competency_query_validation.json	1526	08f21e06ccedfbbf4d3dda1d7df21f45afe4f0a93309cda2841802f3383b5b9f
evidence/competency-query/field_xrf_site10.rq	681	8a9e352277bdd674a1015ea90fdb9abf79bad3acd7ee41bb79cde14e8b7adcce
evidence/competency-query/field_xrf_site10_results.tsv	3940	90f0cb2a3a2b0b35fc59f296dc523103c59515dada9b5f800c09274699dcf0ea
evidence/contaminant-screen/README.md	1005	f453f6d7a1adf23163af8fc8784980dee6316da94c0743199dabba33092d67dc
evidence/contaminant-screen/control_prevalent_features_annotated.tsv	1875050	ea08ba7c9318360856fe7d4f710a15542e70b91c5b62cf64a042253d8199f4c2
evidence/contaminant-screen/removal_fraction_by_group.tsv	876	1f2f45c02cd0f23b22d99b70ebbf6a923a3f6053b513a076b5bb4d07a9eda862
evidence/contaminant-screen/removal_fraction_by_sample.tsv	83772	71829c5c64c033c2c5591b7362e32e4f659d0dbb1ffe4c309c7f18b7e04a045f
evidence/contaminant-screen/summary.json	2093	9f44e61455397bfaf5eec36dd5167a95b0009b0d0d74c72e883ffcdcc55999db
evidence/control-audit/SHA256SUMS	2372	8f4f6e56ff5adc36b5d3e7bdb672bf3ff75bcb044e9427999f15517b278949f3
evidence/control-audit/control_analysis_roles.tsv	3427	da2f31eab24df55adb9ab7a76147d18bc6b43f0b45b733559ee56a78f4188e16
evidence/control-audit/positive_control_dominant_taxa.tsv	11926	be8c7524c0ed1f1a374eb63cab0cb57e12efe65d483edf0f60092475d8a7864c
evidence/control-audit/positive_control_expected_asv_occurrences.tsv	37528	139b2d4d9e597ab826e285c4d09d7730eba6f6805ed4e92bb217c9335c7262e0
evidence/control-audit/positive_control_expected_taxon_recovery.tsv	16134	a3d1279f40e16a167d4f501befd3b732570285cfea4ebd0aebc6c7a6c3096e4a
evidence/control-audit/positive_control_index_neighbours.tsv	1066	7223022a37018e868ec82b4e918d2e93088efcfcf95f6e2e613750f76be0ec69
evidence/control-audit/positive_control_profiles.tsv	1946	5d3ca3c3ca5ce7d9bff6a5b4b1bab957b974d8f7b2f520621c277dc9385f7691
evidence/control-audit/positive_control_spillover_summary.json	1083	5b689796d70469561ef37072a3ba55edd1916c29656ca3291f470273a1a853e7
evidence/control-audit/positive_control_spillover_summary.tsv	1661	e6243d03bff1984caba45b50e79bc03844fe17481a6f7ff676bee4cbca4ad204
evidence/control-audit/run_manifest.json	3891	1cf7c936567ac80e6006c44b5aaabb80cdeb2a5e62f3fd256e245ed1a1f2637d
evidence/control-audit/sensitivity_inputs/alpha.tsv	122946	4c7078ced219b5b08488c6ba7d25f7387f928b8c26cb47e67722b01ed4a87705
evidence/control-audit/sensitivity_inputs/alpha_diversity_sensitivity.tsv	23196	db4d932b14aed453645ab481749820ad23e270c31195228d1d342651b2f6e2a6
evidence/control-audit/sensitivity_inputs/asv_filt_counts.tsv.gz	3671413	19abb89cb50921fb48e95783be03e7a05e9263198f22ee5dcc28a8a902a4c230
evidence/control-audit/sensitivity_inputs/genus_counts.tsv.gz	630810	05d1056349b07a48171f161b22d84bdff52a9bd913949d723e83d1804ab7b73a
evidence/control-audit/sensitivity_inputs/summary.json	2625	4aed0d81c5af0e8984e274f0087191470aa6272a9bcaf44efd744cbc43dc289f
evidence/control-audit/sensitivity_inputs/trip5_paired_compartment_sensitivity.tsv	589	2e1e31680573b56a235e686b187c73fef4fb21c2be0d15bf58bc9fe2d7074d22
evidence/control-audit/summary.json	3368	8ab6fe2ff06bdcb202320f2da1f4ebc077f535f9595587eceed435a07370a3c4
evidence/control-audit/trip5_extraction_batch_summary.tsv	1667	9c875392714e2295317138b9ecc18db22e37840b7871976f7afd98c82826d760
evidence/control-audit/trip5_filter_sensitivity.tsv	377	a18f7e107cf6111cf0ae7fa9b5666b4ce37a4bce1a81c8f346397200024b4f40
evidence/control-audit/trip5_mapped_feature_table_control_filtered.tsv.gz	9256116	b7916acba11df3c1ae78b6ef0a430a730634e63e05801a3b99072ad3275cdf37
evidence/control-audit/trip5_primary_contaminant_calls.tsv	67494	cee9ba8db4c91bc6c1b3e73e1e8c5541676ee165c92c323ef0074d5903d7149f
evidence/control-audit/trip5_removal_fraction_by_campaign.tsv	284	9a612de02f21984d69c8601e601ec3f40fbdfb51897f7e4ad601f02ecbab32ae
evidence/control-audit/trip5_removal_fraction_by_compartment.tsv	437	7c0b25d84c57e098efbab9c9b8fec974f6df4052a617972f08c36f82f1290817
evidence/control-audit/trip5_removal_fraction_by_profile.tsv	25728	515b008f9c8e1887aa4e1aa80911e6679f0c4fa96f687c5ae668fa703d6df736
evidence/control-sensitivity/SHA256SUMS	364	cd128a39e13a81363121850fcd33b4a215ed0b0ce68401db67d3ffc89bb38a61
evidence/control-sensitivity/commands.sh	189	10c149323f0e289afb0198bf92e3574ff4f9d2be74ce40bdd2de275c705f82ee
evidence/control-sensitivity/commands_repository.sh	400	6316ed5cfdfd0ecd05cf809646b5089778f4d5720884fba24baffa8fa2dc65c4
evidence/control-sensitivity/headline_result_sensitivity.json	2469	9d1f53b35c372e45d883f976259a9f5e86900ff03e7f55fbb2020aa8fb29f17c
evidence/control-sensitivity/headline_result_sensitivity.tsv	4564	d3fda0975460b5af88b54a0d4b4821147016875c06e21ab9edfb2d62a0f2f0d7
evidence/controls/README.md	2895	fe24bef5aef80e423311dd657fa73f5e102fca8db3723ba48c96dd905b845318
evidence/controls/SHA256SUMS	961	1265e76d461598d38969e5a3254e35def7e20b27640f6c56b63d2d536f0c1d82
evidence/controls/author_control_confirmation_20260729.md	2234	c37fcd47423f5e1776d2e7d6cd4ad6b3630dd70d6523daa048b5cf9c6d01f0d0
evidence/controls/author_control_confirmation_20260729.tsv	2701	610874a89769da14901e3865a25e87d98de850140c6435c409d6521717a8108a
evidence/controls/control_ground_truth.tsv	3934	c82fd3431cbde565486b8e226869f315f71bcea7d9b40f67904e026664b008b6
evidence/controls/control_inventory.tsv	7778	d01bbae8574738a3ec483472394ad79e4d6102cd91bc0076ac8b2472abd53479
evidence/controls/control_profile_dominant_taxa.tsv	8403	f4c6509d60e8e55653a6b92691be4e5fc990d3065c9fdc4bd4e07cc0b6d6c534
evidence/controls/control_provenance.json	2477	5180cf4cb162681f0fdcdfda4846f1b5397264bb20e96fc747ad82aae4b68e48
evidence/controls/control_read_and_asv_load.tsv	814	71beb3cf13a63f6f13bdb6c1d47747afbde3335b754c0bd8410fc5f312d93db6
evidence/controls/preliminary_control_identity.tsv	38251	f894858e8a41ace14c4b900e3f52e9728aa3581fafaa9797814a1b5a620418ae
evidence/controls/preliminary_control_identity_summary.json	1801	4ab1d91c45acd14fdd8c2131cba945192b41c28d05efdb0de995cbf9391f72a3
evidence/controls/source_snapshots/ibex_20250714_16s_samplesheet.tsv	359563	007a06c18466314b956b3a66508b627244288ed1a750a298b2c7076f825fd57f
evidence/controls/source_snapshots/ibex_20250714_qiime2/controls-metadata.tsv	5946	c221f162e1a75c43a9b5faa1e58d78c154d93793ef2cd0c1d1bf4c320f7ccd1f
evidence/controls/source_snapshots/ibex_trip5_16s_samplesheet.tsv	91201	00440065d724de6690cdc8006d300b6090bf8cfec16cc6bf8c2123c6fc23d8b4
evidence/core-kg-regeneration/SHA256SUMS	994	7d1c34dcc35a722f67f9686f7f081b9cac2430d6a4486c13c4efec851f7bedab
evidence/core-kg-regeneration/core_kg_manifest.json	2755	8a74267d58c567a1819338bda8ef8c2e424d9602d60676a114b11f833f89c4c0
evidence/core-kg-regeneration/input_manifest.tsv	159750	d644c578dc5acaf0197ad66bd7327615809b50d8056e80bc39fff6df38f0000e
evidence/core-kg-regeneration/ontology_declaration_audit.json	1147	a07cb10db10e18ade8aab49570a9d175a9321409d0dd51cb199a695d1a93516d
evidence/ecology-canonical/SHA256SUMS	12253	a1eba27463eb367a26e9ad259c7150fb69bc5abce8ef3837c69c624a103336f1
evidence/ecology-canonical/cache/alpha.tsv	123109	e6083716b713a36a5e6984826b20107613a1fd65359172a1e9cf10a7b3161c2c
evidence/ecology-canonical/cache/asv_filt_counts.tsv	39792100	6b5a98d4d59566dea26f25e0412a7ad5d7663de3d8a672a476813b62e8e78750
evidence/ecology-canonical/cache/genus_counts.tsv	8401418	324d19da3669d489a42b60e0bdd6ca7f3238308bbadc72b8a28ae6098ddc8481
evidence/ecology-canonical/cache/meta.json	150	60af40cadc7d9cc956e4dc0b5b282906f2ca7b28ebe51771544b0805c1566d2e
evidence/ecology-canonical/compartment_composition/README.md	2503	6e245789bd6f4da11fcd230cf8a2755ceee369d97309b1854782836e9af61613
evidence/ecology-canonical/compartment_composition/SHA256SUMS	548	076ea0126d7b92a37e513727635a836910fb8cd9046c2bf5edde04cc5a69e64a
evidence/ecology-canonical/compartment_composition/claim_verdict.json	5201	2c0d58e8ab043f012d452959393113647a410108b76574c1cd723ce1c271be85
evidence/ecology-canonical/compartment_composition/cohort_accounting.tsv	17294	1587dea6ef849128e08e83eaacffa813160810e39348ab82135cc42b9c9a3abd
evidence/ecology-canonical/compartment_composition/compartment_dispersion_results.tsv	5802	f18ceb53a228c739d50df0284091aa22577ffc7fc60afdd9855ff3563b92a755
evidence/ecology-canonical/compartment_composition/compartment_location_results.tsv	8053	25b5df98ddb524d27656f78a19cf8e9852decf814ddcd28a3da34b21b50bd825
evidence/ecology-canonical/compartment_composition/paired_displacement_loadings.tsv	25786	d8b2a6d5775c48eda3181a9ff6b844cce0e06a08a0290e769026c1989f715428
evidence/ecology-canonical/cross_desert_context/README.md	1670	fdaff735bd541734bba9f3f26375a1d4328e90adbeef8ac8b680b53102492a1c
evidence/ecology-canonical/cross_desert_context/SHA256SUMS	346	c415e9f3e3619d90ecb1ebdc89da54602689033ab6c9fa299c86d791c41883b0
evidence/ecology-canonical/cross_desert_context/atacama_pit_depth_alpha.tsv	990	c71e0eaf030ddc67171164aacd12bb118fd3a536fb7182a64b67fd4d71699bac
evidence/ecology-canonical/cross_desert_context/comparison_statistics.tsv	2393	ff915e1249cd9a3d696b2152714feee64a97f80e19bf6a17e3c18bf4690eb5b9
evidence/ecology-canonical/cross_desert_context/run_manifest.json	1830	73f9d569f195fcd2941504ccdd6632748dd03457cbac298f57990f9c116a397b
evidence/ecology-canonical/depth_extraction/README.md	2712	de6726a387f4d901a150a952a1094e65b523d52f235f2b4db4ea5ffb9a52ab16
evidence/ecology-canonical/depth_extraction/SHA256SUMS	836	a38d18acf509346f914477d59eb7192cbf12b56e554850af9dfebd9959ffb91b
evidence/ecology-canonical/depth_extraction/adjusted_position_contrasts.tsv	2207	6074ee0c9010b382ee49fadb6b3bc6171ba3d1f895f0e38fa7eaa23f744b9131
evidence/ecology-canonical/depth_extraction/claim_verdict.json	7130	a2f1a32a54bc848dd8f7fb97bd8e563e22e8f60f0b750fee7e8bc869530d9de1
evidence/ecology-canonical/depth_extraction/extraction_kit_by_campaign.tsv	192	19746834bfe7155cabe4d3ba270f8d6aca4f3786bb90747921752bbb6ea08624
evidence/ecology-canonical/depth_extraction/gee_coefficients.tsv	13340	d047f155b33b9ac388ce0f5fd0bc7d1c707466d44779803fb41645467bf7da39
evidence/ecology-canonical/depth_extraction/group_analysis_table.tsv	39652	313b4cb9dc5ed57732bf292652ecf4c0be58b089e01e65d4bb3caefd5f5b734e
evidence/ecology-canonical/depth_extraction/model_identifiability.tsv	864	e1c0613a0cc08eba5f7e33ce8e0bc3537090fe11246cc80461b0d8b102ffb6cc
evidence/ecology-canonical/depth_extraction/paired_contrasts_after_depth_adjustment.tsv	1540	332bdcac692e8f426a99d32836ff283e71c6a0d16f7cb59ffb87f8a0e02d9d0d
evidence/ecology-canonical/depth_extraction/profile_extraction_join_audit.tsv	91254	b0d8b8ab63cef51a6d5d3b4f3f703a52e3ae8812cc8b412ece941ebadf628e55
evidence/ecology-canonical/distance_decay_turnover/README.md	982	502c691501e28305fbb3b6d7c570eb6694352bcd2e2728d8c086cd0d3aa119e2
evidence/ecology-canonical/distance_decay_turnover/SHA256SUMS	445	96f0d291aa68c2153a27ebec58aa5e4b1bb603096abe445a94ab64826688c073
evidence/ecology-canonical/distance_decay_turnover/claim_verdict.json	1725	af12997b8feaae60801914ff9cf793da88ee36ab3abf89f9965631108ce2f5b1
evidence/ecology-canonical/distance_decay_turnover/distance_decay_pairs.tsv	273415	7ed10913bbc32c1e80c9f86c9ca68020d747101e6b102c41b3ff1407417ee0ef
evidence/ecology-canonical/distance_decay_turnover/distance_decay_slopes.tsv	1514	ecca675b2b9fb068b01981857e565ebad1850f76bb10b6153a409612b2928d38
evidence/ecology-canonical/distance_decay_turnover/turnover_nestedness_components.tsv	709	ac0a9606156f5523226961ac6df59784daeaab99eaa5a400b20bcedf4d2d10c2
evidence/ecology-canonical/environment_associations/README.md	287	299c1a0ccf487f870e1232c1efc0c84f89a80c70341fe89afcd6b2887f1af881
evidence/ecology-canonical/environment_associations/SHA256SUMS	1017	d670e26c81da05292ed03e0067034dd6455c649d949aed8576ee8b721645c230
evidence/ecology-canonical/environment_associations/analysis_decision.json	1977	5d52bce6c0c3a2cde930b4db2627ecfa58514b37dbb38b2059f5f894b1f4c578
evidence/ecology-canonical/environment_associations/climate_alpha_correlations.tsv	1161	5f70fa844f7dd44700be10d871f7b3d8a6adca9033127dede0dfb5437694bb6d
evidence/ecology-canonical/environment_associations/climate_covariation.tsv	596	4cfee3a59d3d802dec490194053e649f808bb7bbf2f6cea33faf16629b979072
evidence/ecology-canonical/environment_associations/climate_genus_correlations.tsv	52398	7b0822112124f057df39d82706cc690c1865e68672d569f53bbf278f88aef3ce
evidence/ecology-canonical/environment_associations/climate_site_summary.tsv	6762	f1e5c44b47d603d8f9f199500db95ed033ef37e17822049d28b24eebad0327c3
evidence/ecology-canonical/environment_associations/field_weather_adjusted_models.tsv	949	ac0ef8e73644fa93e53a491c2761e44d3669f96914621fc39e2eee726f7ce84b
evidence/ecology-canonical/environment_associations/field_weather_raw_correlations.tsv	791	53bb5cbab178a55c007856392e2daf95f70479832581775603c4e2da7406581d
evidence/ecology-canonical/environment_associations/field_weather_site_campaign.tsv	16271	beefb62a4748f0e644fdfb6a85bee92d74de966876a78ccc3594b5775a835bbb
evidence/ecology-canonical/environment_associations/field_weather_summary.tsv	241	fe3d7179a4a1618eb49a49a8e9707d7a7480b291e99c26b2cb209892e1759fdc
evidence/ecology-canonical/environment_associations/selected_genera.tsv	8938	2aa8552bfd7a991baf7ec1ebfa3c30a270438a76e36c3d8500317d986b525002
evidence/ecology-canonical/evenness_decomposition/README.md	2498	46057639d4a726ca8f2220ba5e23f81bc2776f914f5d83199469a37ecb0a546c
evidence/ecology-canonical/evenness_decomposition/SHA256SUMS	536	b9141bcff06f128e5eca4f0c930dc365eeec049e84dcbecab56289fcb1e3d08e
evidence/ecology-canonical/evenness_decomposition/claim_verdict.json	6575	ee9ce73ead4d4c0f08306c981b42d5e6375184aa40b93d8b288f68fa57687efc
evidence/ecology-canonical/evenness_decomposition/evenness_depth_sensitivity.tsv	1752	099879e4442d362e65a5b3e8c670dd83e7f29cee011dc17a08be2c5259fad614
evidence/ecology-canonical/evenness_decomposition/paired_contrasts.tsv	2656	7b5dd22de48f8657c4b74448c9184a7605b15b33188a034dc04d59e855cd238c
evidence/ecology-canonical/evenness_decomposition/site_campaign_position_metrics.tsv	50271	6bcd51d72f336fe35038144b7922c98d98e48b86e7ba5e20fa4cc1985498ef27
evidence/ecology-canonical/evenness_decomposition/site_position_means.tsv	12476	13a0843d2ce6c442429ea8713a013c340997c4414df9a2baf67fff7e26e596bf
evidence/ecology-canonical/geographic_prediction/README.md	2573	13c68d728402c817a2bedd4bd18f14cb8932ea050ea915f600812decbdc10025
evidence/ecology-canonical/geographic_prediction/SHA256SUMS	521	ed1a1cfb0f3628db90012e9d725c6c21788cbe0dd067da5f3e96ce888e7cd264
evidence/ecology-canonical/geographic_prediction/claim_verdict.json	3722	4d63a9f383745f0c6812bed8d5c65aec09586b9a952bcb300d4556e7f3ebd9a2
evidence/ecology-canonical/geographic_prediction/collection_order_alias.tsv	562	6300512297f96388b664e1fed6c9a207d00fcf684a44fbdfb8c2c948cb02582d
evidence/ecology-canonical/geographic_prediction/prediction_folds.tsv	632	ff2259b9d0a892ae89ab68a636879967e35a4bf5111460cae84d67d7d710776c
evidence/ecology-canonical/geographic_prediction/prediction_nulls.tsv	556	fa54a7743606f8afbdeff18e8ce631f012e8ca4232cb8ead017a0664532ec68a
evidence/ecology-canonical/geographic_prediction/site_level_block_folds.tsv	284	baf99427d979b690a799ddd936d3285a9d5b6526e61e68c025a8ef5eda27db92
evidence/ecology-canonical/picrust2_ecology/README.md	267	9aa76929a03e6fde5e96ba9f934dd7de8a87f9ef9d90138b85f4a209806ad8ee
evidence/ecology-canonical/picrust2_ecology/SHA256SUMS	728	a90df9a41247833c0b9b0580681b794efb78d63c20b8596db75a9d0d1d39880c
evidence/ecology-canonical/picrust2_ecology/analysis_decision.json	3575	49af72ab8a802ab698f2f05649942b21c57c84d5c2715df538849fc2ba8115a1
evidence/ecology-canonical/picrust2_ecology/geographic_profile_tests.tsv	909	35b90c531e8be636adb23d0f69f74917a53f808b780272dcd0a1a8a8a8ded6cb
evidence/ecology-canonical/picrust2_ecology/pathway_geographic_correlations.tsv	20672	a2f9f5528b17987d8f53d6e61fdf0facc559e7d11146a6bdecadfcec530d8ce5
evidence/ecology-canonical/picrust2_ecology/pathway_position_effects.tsv	68117	8d45dabcc13c7f74b7170122c59d041597da6a6d5d6e45296b95021fb416e67f
evidence/ecology-canonical/picrust2_ecology/pathway_ranking.tsv	33097	33d893bb548c692d1688d7e4030064d2019de29accb48c82b051bdba58c38c7d
evidence/ecology-canonical/picrust2_ecology/position_profile_tests.tsv	4950	1b5b4e893c0574e49a730bd4bd05a1669d4b96ce549f1c64e89688b5fb52ce46
evidence/ecology-canonical/picrust2_ecology/weighted_nsti_summary.tsv	707	a60f172a0f51b9777d02644cac69da75ef97660c6a41d109015e026bd478f6ba
evidence/ecology-canonical/rain_response_window/README.md	1898	301b28067bfcaa371fbf0db63e0dccece2f7835d086a4bfd4e3b8f86c8a12e65
evidence/ecology-canonical/rain_response_window/SHA256SUMS	1567	1ac882d0a57b9fb9d137831e13358726385e16640720cd8291addacbbb7991a3
evidence/ecology-canonical/rain_response_window/analysis_decision.json	2889	8b4258bad5c4201738422940bfa10dcc08b1cb137ee383ae70cde2de61b7ac2d
evidence/ecology-canonical/rain_response_window/climate_product_agreement.tsv	1199	b2d602c0ac6fe61bc8c4dded6dcf31abd5cdcc22d4d008060633a12d2111aa6f
evidence/ecology-canonical/rain_response_window/cumulative_window_scan.tsv	47028	ddcfd3b253146b04f5bd5113aeb67b40d7d3a8f5805554cfc434d6a4731f664e
evidence/ecology-canonical/rain_response_window/disjoint_lag_models.tsv	3683	63fa493d2ba48fa2ef87a9426a6cd142bc49a043fb9754f8391c6b45a951bf35
evidence/ecology-canonical/rain_response_window/exposure_diagnostics.tsv	1939	b3ad6adef62ee003459cf49e3ff2d725377bfd7b9208c31b42d02f679de7013e
evidence/ecology-canonical/rain_response_window/minimum_detectable_effect.tsv	1070	2c1622b369cd1da090224f80d4fb0b0374a2ccca14f8f4d549ac16d39d15ca71
evidence/ecology-canonical/rain_response_window/negative_control_placebos.tsv	1634	a19398cbe3f6c290e9654c5ffb83141424be1a7e9fbd8e7334f6504c298fee8a
evidence/ecology-canonical/rain_response_window/paired_analysis_cohort.tsv	30316	516c7a4641a66c240e253aacc691ff244f2b4456b805ca552c70ffedf11ce0ad
evidence/ecology-canonical/rain_response_window/power_grid_membership.tsv	2364	99af52051db1ff13417a3b856074eafa09045e2bc6a20664e5de3a33b76642ef
evidence/ecology-canonical/rain_response_window/rain_response_window.pdf	18248	fb08b5d290355eead3b578c67d36565d1f7a41b4ec72c0b2bf954bd787279306
evidence/ecology-canonical/rain_response_window/rain_route_alias.tsv	5502	218ec9a232acd0f9d106dbe7bb1178ab5940a97f60c3c4644371e8da6655bf12
evidence/ecology-canonical/rain_response_window/run_manifest.json	4110	9f131a94fe25fa4f4ef5cad04644756e9d1a4032529449baade47d30aeba5e10
evidence/ecology-canonical/rain_response_window/sensitivity_summary.json	1009	a0e1420a73b592afca4e73df1bba66340ece28723951bf504d869eeeaf4917af
evidence/ecology-canonical/rain_response_window/spatial_half_validation.tsv	1116	6e909e4d818d849b3654cc0dbb86ed9a713a83e7580f6d8f9c2517a6604b3c82
evidence/ecology-canonical/rain_response_window/time_shift_null_cumulative_scan.tsv.gz	216057	ffa0297bb51817c772652b0c240debe8035c6333743b40cdc322e82aa1973522
evidence/ecology-canonical/rain_response_window/time_shift_null_disjoint_lags.tsv.gz	210918	4044a9acd62f2072443d71d2021451f54e3732dcb22b5e3c67ff8cd886dd174d
evidence/ecology-canonical/results/README.md	1430	1e1c214e0629d024d1fac27ce98c2c37cd0bec1a502c581e9179132639b8e0fd
evidence/ecology-canonical/results/SHA256SUMS	1086	f97861a99de37934dc96fdc5f2fa3ef02d0adb801f14c88b39b20a3e3a34db3b
evidence/ecology-canonical/results/SUPERSEDED_RAIN_ANALYSIS.md	637	5611a386b3937a1009600209b7eb0c63032d546b2a71173fbe6ed8a70e4c85c9
evidence/ecology-canonical/results/campaign_compartment_model.tsv	2818	78f55be73d3cd6c324c9a82e8d002b5cb4c6d98581ca996ce1b0a06e79fa37cc
evidence/ecology-canonical/results/claim_ledger.json	6860	48a63ec4242edf9a1c619763c361b9ae3b2d9382fb40f5012a735c1d663c3bd4
evidence/ecology-canonical/results/claim_ledger.tsv	5586	66a15331265537f9141c4d7187dc0d30fc2fc86a65caef571537bdbb10ba302d
evidence/ecology-canonical/results/claim_rescue_summary.pdf	21798	05bc6fba9914e4190b3478292c4bdb93b9d1c6720f3ce9dc48cbf13e9bedd0a0
evidence/ecology-canonical/results/cohort_accounting.tsv	445	03e7f56bde0c17503e3d4b2fd71e3c9d5d812d6214d0c63ec1c6480ef6dcebf4
evidence/ecology-canonical/results/paired_compartment_effects.tsv	6377	5841c45fe8c6c5d79f018814100dfa0455b817bb6a41201df2d693cec86b0d65
evidence/ecology-canonical/results/rain_leave_one_campaign.tsv	37284	8c70918b6ebd9b98721b84a2b4e78bbc62fb08d7f93d2a5c27ae38f03c020135
evidence/ecology-canonical/results/rain_window_models.tsv	9263	df95a558bf85b02e8220ba9ae6f1940a69f7e771789647b28e3105f1c62ca6fe
evidence/ecology-canonical/results/run_manifest.json	1840	d6862243cf1daf67490786ca0623b877c9f40ecd89713feb6039fbc7dd083069
evidence/ecology-canonical/results/site_campaign_compartment_observations.tsv	48973	61a96c0859a0ad658bba5363606056f3fdbef53a8baeacb9f2a7207b0d9a9754
evidence/ecology-canonical/spatial_resolution_sensitivity/README.md	1153	17c9b1e7ea611066ac6aa6693c6c2e063e7d6dc4d630fbe79a633a63dea0416c
evidence/ecology-canonical/spatial_resolution_sensitivity/SHA256SUMS	348	05ecfd0ec1948053ba03b35a08ae079709338d29d49b4aabce073c94c1c449cf
evidence/ecology-canonical/spatial_resolution_sensitivity/asv_resolution_sensitivity.tsv	411	fb8ec2664e4f1803cc9ef90fd9408ea2a3a885b4148e75db48b74d9e3583c092
evidence/ecology-canonical/spatial_resolution_sensitivity/claim_verdict.json	2252	c3f386f2e412e0c50f9adec43ec0cc7e40462b356780a02a145c8c8d1073f268
evidence/ecology-canonical/spatial_resolution_sensitivity/moran_k_sensitivity.tsv	458	457ee41b7a4201367d3572480490b7bb379b59634b7fb1c410284eb8ab48539f
evidence/ecology-canonical/spatial_turnover_rescue/results/README.md	776	4b11e4de84aae26e3dc8911b3681d6879a9e4e2977fb63c5719bad272bbc31d6
evidence/ecology-canonical/spatial_turnover_rescue/results/SHA256SUMS	340	17606838ae12b5b4e7e272bb404e9d9773ec4565c9742c582ee0802e414ad4c2
evidence/ecology-canonical/spatial_turnover_rescue/results/claim_verdict.json	1476	1df97532883204877ce299fd89f4d26b87671a9624af1a1a2eca58aa008bb64f
evidence/ecology-canonical/spatial_turnover_rescue/results/site_coordinates.tsv	3812	0baced56bb5ccc80a0d1df4c5be3d66778c58c1da5e7ad674cd0a0724ab045a6
evidence/ecology-canonical/spatial_turnover_rescue/results/spatial_model_results.tsv	1006	557b0a64e0b3c7f2eca7e04059041dbc131e679889d452a2aec3a4c9cb9c17c7
evidence/ecology-canonical/xrf_community_clr/README.md	1448	a6aa03c1e28c25a40ae41285affe27192b7d60e1cc566ce822f4b14631254f09
evidence/ecology-canonical/xrf_community_clr/SHA256SUMS	347	fbc6ebd53ce64ea75c4abde348de2d40536aab5278877fc19707b466c464756c
evidence/ecology-canonical/xrf_community_clr/claim_verdict.json	2951	d5193c298cbc598d22e79b86f99a69d440b823d7adffae0d22941760863f6c85
evidence/ecology-canonical/xrf_community_clr/clr_analysis_cohort.tsv	16322	2dc627cc8f25d971b4341c5a73bb54900d4dead8c92577cd33ac7f90a5f64fe2
evidence/ecology-canonical/xrf_community_clr/clr_elemental_axis_models.tsv	1619	1e86a5b769502143633ed3bce0a689121fac63458cf2abb1590e229573e5e7e4
evidence/environmental/Trip_Metadata.xlsx	22480	910867a949e3355374208bd278575171d41ca930fb23ccd00938b9ab9310d572
evidence/environmental/environmental_measurements_audit.json	3797	15beefe37d5303cfb0173926c80d1252aa55cb82af0c880825619dc433d95d17
evidence/ph/SHA256SUMS	4541	f4388ff692d7435c890f55c6104c0151543e4948cd079abebd7f0c23f463bb9b
evidence/ph/ecology/README.md	900	9eedab3c0f6f587360050e1352595f35134a1b7a881cd79edb0ddf25b78fca80
evidence/ph/ecology/SHA256SUMS	1151	7071083d3dd420581c6673f3ce017320eda0419a97f088a140e6a4a787a27ebb
evidence/ph/ecology/input_manifest.tsv	1001	9b088f67bbb70c31024aef51b37f4531a910109f7b569af851686a3e08b8c1d4
evidence/ph/ecology/ph_alpha_models.tsv	723	7f64a5ef19712b7b20e03b0c4ca1a05ecf689bae38fe0113e5f924246a37f83a
evidence/ph/ecology/ph_composition_models.tsv	814	10b22fd2a8bd56a5648393e05f9f60df9597b3b6d4fe4346760fd577090fb565
evidence/ph/ecology/ph_coverage.tsv	1096	69c7e9f917269f2725566f56b6389d9ab43db2b3b9c04a61b907e055033022c0
evidence/ph/ecology/ph_geographic_adjustment.tsv	418	efb7bf619c4243f8b91252565b6a74ccdec379756a3f38af769ec926417e3a91
evidence/ph/ecology/ph_group_analysis_table.tsv	48275	132695fad159625b5fbbfe4708c97e9680e008e496176f787c48b38b478c9b13
evidence/ph/ecology/ph_influence_sensitivity.tsv	770	7aaea3973dca6eb89700686cb4234a67b0506467b9bdb35f374803e5ccc6618e
evidence/ph/ecology/ph_paired_position_contrasts.tsv	502	7ffdcc46bcd333a1c13837aa32f5792837a58c1f15b9510b3ddd028be72835cf
evidence/ph/ecology/ph_sample_profile_join.tsv	168698	3f66a8bef066a8476500e09b707e8824efdc81b011e4ba7be33230f5a3791ea7
evidence/ph/ecology/ph_xrf_relation.tsv	282	d515263b6201536eb3d79b35545a0e24bbe54eced02ee08513a3ecd1a560d8e4
evidence/ph/ecology/software_versions.json	115	3508fdf3d8ede4cf977441dad254c5293b851c6867b156b3e89b0b8374391163
evidence/ph/ecology/summary.json	3137	ce0922d164995e13e49a2d08c0471d7c683950067c7d967291574a9ef9a99d39
evidence/ph/input_output_manifest.tsv	1862	7428ee65efd4566f018cca9ce5ab7989221540db7bcdb999b081a9b6052586ec
evidence/ph/ph_negative_missing_unit.shexmap	186	6578d65093c47cf577f8b4db253ffc097aa728695589f43e09ee7c67ce5bda8c
evidence/ph/ph_negative_missing_unit.ttl	8452	fac4b87247fca723ca3c50a5858ec1eb9c5496aa4eafb729b8db2dc9ba75a893
evidence/ph/ph_validation.shexmap	404269	c6995c62187ff141931220874c84c6d99fe6ef9734f9a2e1dc545e943c112348
evidence/ph/predecessor/KG_MODEL.md	2687	12530a88de956a338bf403bb81422c22b6fbf4fa231ccd2c000e493927fa1c68
evidence/ph/predecessor/README.md	888	71c9948e4dde2c6b3e3cdab57c0e1d552368ed9da038345574664b2690346922
evidence/ph/predecessor/ecology/README.md	804	bdf8f288dcb7c95f95808dcb0f24e80fb87997c994d90aaebd820c3ccdd9dec8
evidence/ph/predecessor/ecology/SHA256SUMS	1056	159035d620e7b40a0de8045ba6da7f4fe2c7692b3eb68238fc68c73d612c1c6e
evidence/ph/predecessor/ecology/input_manifest.tsv	1004	b9b8a270682cda9faaf0dcf81b8b2417808549d3b2ecdc2448c8ad71e6929627
evidence/ph/predecessor/ecology/ph_alpha_models.tsv	724	9211cf4a7a3a33aa5be0dabafe73d963085219ed21cd2945ccabec9e22024840
evidence/ph/predecessor/ecology/ph_composition_models.tsv	813	a16e4a90420c82e5dd3ff9e29a829dc053d01ea367efe1c720aaec0e2613f081
evidence/ph/predecessor/ecology/ph_coverage.tsv	1084	d13572a3387a6698e5f70d17cc5f1ad9e3558f6adfea607fb4b502affdb438b9
evidence/ph/predecessor/ecology/ph_geographic_adjustment.tsv	373	20b491c787639fd70a525d01890fe0630ac83cfa1f9891d5e69802861b5a6831
evidence/ph/predecessor/ecology/ph_group_analysis_table.tsv	43504	147aa48dd11c4f3afead5c6b9ddeed7e069b30a165393e49c583783d7c9172d0
evidence/ph/predecessor/ecology/ph_paired_position_contrasts.tsv	435	269941c8b9066fff4cbb828a0eba1c1c3e739fac911422535d5ed281ed6c8e5d
evidence/ph/predecessor/ecology/ph_sample_profile_join.tsv	154498	6c97a731bda38c9372b43ff827ccfcb377b438d6af181e71fdabb0414da1260b
evidence/ph/predecessor/ecology/ph_xrf_relation.tsv	283	b568f688a43d8eb5314cf5e239ef400ac775df083267d557b7db6f6801722b02
evidence/ph/predecessor/ecology/software_versions.json	115	3508fdf3d8ede4cf977441dad254c5293b851c6867b156b3e89b0b8374391163
evidence/ph/predecessor/ecology/summary.json	2662	6d52c4bb2711b0ccbd5d28dcd75b57f44af49dd41318aba482c13a0faec10f2c
evidence/ph/predecessor/input_output_manifest.tsv	1730	fea7c6a697407a4a2638b5e1af32d5bbf52d31917f0055bfe439d662101e8fd8
evidence/ph/predecessor/kg/ph_measurements.shex	2010	766437385d49761e7c034fbeb318077f5e199a7da3749fb7f0954ef546439814
evidence/ph/predecessor/kg/rubalkhali_ph_measurements.ttl	3820812	4eaa50117731eba0166c2c7f6f622588d66d94fad833303f430e0e787e5694ba
evidence/ph/predecessor/normalized/ph_accepted_measurements.tsv	128658	1b224ec02f2d6b438bf17a6dfdfd0b26eb197f0884c8969b3fb36c46487e3dd5
evidence/ph/predecessor/normalized/ph_entity_registry.tsv	537138	ce0e8e8c5a1f1337812732335b58e082ead819650be64765c64cbdda6f61c082
evidence/ph/predecessor/normalized/ph_measurement_sessions.tsv	9277	1c1a2e0d7b287707edca80c9c12e184b7789aa8d81992ef1aef8c59ce486b840
evidence/ph/predecessor/normalized/ph_observation_audit.tsv	219752	161151a0367617dddd162c8d05e4a587d05473cf907053ec6e09fc0218045212
evidence/ph/predecessor/summary.json	2292	5d2ffc1ff0d7ffdc97a4d419524001b2b4b4ddaf5473216fe62783605f6a0f56
evidence/ph/predecessor/validation_report.json	661	1468a9d3dca01bd0dce8712fe422bd574799eb98f3c54cb2aba0c7acf8abce47
evidence/ph/summary.json	2441	97ebe64b1ff98f42643ff3748833ebe57f7f9455e8b5d055942f1b5632448ecc
evidence/ph/validation_report.json	1234	972f07b92598d0c14128dade611372a088d251bd41c7451ff0f681f0b843d88b
evidence/ph/version_comparison/measurement_version_comparison.tsv	152686	1e121990589f53e592f4eb3e22de297620c728982b0d16bd75acb1e887dabefa
evidence/ph/version_comparison/summary.json	549	a89d30ea47f8dceca27dfa4875771251aad85fb49d7726ecb8537c1fa4cd1563
evidence/primer-identity/README.md	2112	e04bc32c2d022e2df5429c148faa1a56a3fe5af61d526c4eee18a0e41317e0f3
evidence/primer-identity/SHA256SUMS	243	f1bd5db2b741c6077af8caa7d12a0168f92025570f1595009c4ce9c2606aa678
evidence/primer-identity/primer_counts.tsv	1425	a456f6f1adff26596d3ac1cfbcbb96770cd661d174a1f31a3b94c285cecb3774
evidence/primer-identity/source_paths.tsv	4096	b7b618d1838244975baf3b9b97414cae2e39d2c2c374d91bd03adcc4af5ff22a
evidence/release/README.md	1739	509f18d72e134d1c4ca168cc5beb52a3906a3a979ccc7db1ef87930dc151ae41
evidence/release/profile_duplicate_audit.tsv	2946	c342cae537c460b203c0752b0540afd0840b6cc64ddc387813059113e567580e
evidence/release/release_evidence.json	23704	d9817b6f92a0040ae5841928268d8b60c81e4fb642edc6ee48670f73942642f2
evidence/release/release_manifest.tsv	4634	33545bf91f33a6db9a6b31da3e61487b1a652b3efc94759efd7afa6d6018343b
evidence/release/sample_ledger.tsv	558402	cf7affd4d58803417fc5cf03ab71e6455e7fe190db449b0eb7ebaedfb4d1c99f
evidence/release/taxonomy_mapping_audit/README.md	795	e8ffdcff0e5a91a795f357f28d2707bf24074137979c5d908ebaa8a84e578cca
evidence/release/taxonomy_mapping_audit/SHA256SUMS	505	aeb369c5c47733a94dadf651ef028db3d2522542c247709ef751c0c52529fb9b
evidence/release/taxonomy_mapping_audit/historical_taxonomy_mapping_violations.tsv	10427	1617dccd18018fd729f80cad934e990f1c70fcaeed795a0fa9e58adde8e38457
evidence/release/taxonomy_mapping_audit/taxonomy_mapping_audit.json	5126	32123691593dabde6576a6b87c87c08810451da5fae44fd4b34b90399b7e9131
evidence/release/taxonomy_mapping_audit/taxonomy_mapping_decisions.tsv	13817313	72e232fd8408aa2b6c2a10d84c7410439ecea01fedcd387a2bb22ed813391acc
evidence/release/taxonomy_mapping_audit/taxonomy_source_extra_species_audit.tsv	33034	229b6bddd01b7391c9dffe92f1b385d1e65338578160b1342d6f78e76403c5d3
evidence/release/taxonomy_mapping_audit/taxonomy_source_schema_audit.json	1833	d0daf62b460c507c41f859b6b6e956ee765293dae26bb0e1169053338f78cfcc
evidence/release/taxonomy_mapping_audit/taxonomy_source_supplementary_species.tsv	33034	229b6bddd01b7391c9dffe92f1b385d1e65338578160b1342d6f78e76403c5d3
evidence/semantic-validation/SHA256SUMS	623	8033f8f89d69e19f17c8ea10df7a60196bf3c12d9021475746e35f6b82a427a6
evidence/semantic-validation/control_semantic_validation_20260801.json	5795	9bbee3fa78adbebf24fa48e1f6d9bf790c892c83efcdaa1ff9c4d7fedba48b90
evidence/semantic-validation/ontology_declaration_audit.json	1147	a07cb10db10e18ade8aab49570a9d175a9321409d0dd51cb199a695d1a93516d
evidence/semantic-validation/sample_visit_wiring_audit_20260801_rc25.json	2932	ced57110d9ba4885ce85a181f437e65e350a3dbb1058940ce9c6140d7a06f04e
evidence/semantic-validation/semantic_validation_20260801.json	3164	b5bea22cb59e218f0792f4b8c034670f163d9e1a8f0c4210d980f45de9fc1f88
evidence/taxonomy-abox/SHA256SUMS	396	c8853d05976fd62bb128b21b45b9fa7eca75aef302c665fe0f2ac3fa356e0338
evidence/taxonomy-abox/taxonomy_abox_SHA256SUMS	189	060e14fc623801948a73fad5eae3a1bad2bcb230bbadd4c0be3bdbe70eaa736f
evidence/taxonomy-abox/taxonomy_abox_manifest.json	2240	884951478a0e5757d5b58d5f06804dc13a45a3938c0f513aef8ba3cd0879e57b
evidence/taxonomy-abox/taxonomy_abox_streaming_validation.json	7057	89fe97949b276ba4da87d6426d83dae26f18cd5331ea64d56c264237aca4b635
evidence/xrf-community/SHA256SUMS	183	139dc7f7a67247a233a92e3e446a84af247472cc501c24699c39262b236b503c
evidence/xrf-community/elemental_pc1_loadings.tsv	428	747bc732bee6255a601260bbea1ba9363da8d989f80fb40e5a7858d4e65815ad
evidence/xrf-community/laboratory_xrf_axis.tsv	37817	5cc9008bcd24b6c284339d684d05ee55bacc4f12d44b77549d5a9286d4718d6a
evidence/xrf_audit/xrf_aggregation_group_details.tsv	27478	6ac1e93f1d413962f5e08b4b81da63bd4d1e70f56ade9498d89d01d190227cc8
evidence/xrf_audit/xrf_aggregation_sensitivity.tsv	10304	d3d176096ab5618980be0d2ef0c20e215b93def94d181bb43c6e915bbf044515
evidence/xrf_audit/xrf_audit_summary.json	2536	4240e4cec94c137c1fca5e230169f7d97a5a28929baf71cdf1cdfedb5b718c30
evidence/xrf_audit/xrf_current_table_discrepancies.tsv	4757	6c044ec66cf37ce4ea4a6c69299009ca0ea3b2b358c10f77431cccd6ab0db64e
evidence/xrf_audit/xrf_evidence_report.md	11613	a6c9f466e4ede0d0c1c9f0ea046e3cebaa7f1b128df92a5aa5a3cf845075a8c5
evidence/xrf_audit/xrf_field_lab_agreement.tsv	5097	dac0072c6dbbd5927da9c2c82fff74f9e0cb6c35205fc3758a77edc5e62a4727
evidence/xrf_audit/xrf_field_lab_site_matches.tsv	14110	2bce443acd7c95c2dcad8d53de03360d7bf15d4c6ae1576ef3485fd1593a5c84
evidence/xrf_audit/xrf_field_replicate_precision.tsv	830	93bd22dc2ca3e1d09b0f554303b42435f083c2140faea9bb710d347ad2ab52b4
evidence/xrf_audit/xrf_metadata_gaps.tsv	2834	83b81fa29271be086bccd459d301bb1e303aae968d2e49a004f7c995d8cb91af
evidence/xrf_audit/xrf_method_metadata.tsv	1303	c37284262510f64e0cb7c9d9d942ff6100c0b2d44d113a5aedbe7b5304e3eb5a
evidence/xrf_audit/xrf_reconciliation.tsv	2216	107f216bef8244f6c27b0ffe4e6e221651171c45b6aa8ef7ee9fb0f721961e8f
evidence/xrf_audit/xrf_source_inventory.tsv	14128	9ef00e07f374bc4751a77337848e367ab7c678a29a6e34886256f81ee6c8cc6e
evidence/xrf_chemical_mapping_audit/SHA256SUMS	195	55ae73c51519c56087cd87ff43d0e3f8292c8cea68b1a5b07de22f6ffc03e9d2
evidence/xrf_chemical_mapping_audit/xrf_chemical_mapping_audit.json	62635	0492ed8d415cb14217d89a0e7deef1c0957af5d39a9ccfee6e14dfb379735f74
evidence/xrf_chemical_mapping_audit/xrf_chemical_mapping_audit.tsv	21667	4a16fd261612b7b4950ded1d26fb093ffcef3b7bff8bb05e8a8d72b9ad148800
manage.sh	4668	da275880fb46929784bb0137de1db1527db85ea9f13f66a42c039ab6c07b7ee4
metadata/DATA_DICTIONARY.tsv	97735	d057338d271ab2bfbaa2df21a88553de4da640291678bec28c19488be7d592af
metadata/QC_reads/multiqc_fastqc.txt	305195	81738fcccee6b0118d3e1b1796ddcde527fe9ee62f4e06c711bebd5974053eb0
metadata/QC_reads/multiqc_general_stats.txt	120090	e06494040042a1c1a6aaeedbffdc766e49887336e0d935e58f5aa02e8b022e17
metadata/amplicon/README.md	2900	316b48c94d1530ffd9f7eb2a75eb39ecc9447a7a8d2efcc1bf02c0b663151a77
metadata/amplicon/ampliseq_resources.config	221	459bb7c6b35dc165df4aec3b9abe6980c3f0ece0e071f969e837d2616899e83d
metadata/amplicon/combined_samplesheet_accessions.tsv	244878	c74ba99ab6baa3c47d2d445d7037c1c88160dfb92bc966825c7e745a0362967e
metadata/amplicon/combined_samplesheet_portable.csv	123135	bf6f0c5b83a430d2935ff01a19919a28cc6e4b772ddb61d0a46791e93fe5909c
metadata/amplicon/portable_samplesheet_summary.json	1658	23c02f225011fcc2ca421b7c2e7577bcd907f26749b10be2d192281a4b16b9d0
metadata/climate/climate_acquisition_frozen.json	2737	7588a5c3f5f9189cd96597b3ffd9e662f9c3423806282b9e5aa449ff62434940
metadata/climate/climate_fetch_key_ledger.tsv	11401	1bb368f22cfe107a26233a44be51a37652ae6e337cc7442194cab7ce0169973b
metadata/climate/climate_key_audit.json	2640	de20d7ffebec29274f698a04e1f071eaefb1fdd5f8e1e08c21a3b79156d16120
metadata/climate/daily_weather.tsv	3456797	290eb42524cd5095b894abd93fa73e3e4b09a96e38b58dd1ef9e2fcb4ad4ae8f
metadata/climate/daily_weather_canonical.tsv	2708694	6cb570e7a8a85a9508fdc910ae0a11bf7db614ef05e0d22fd6fd6a599966581a
metadata/climate/monthly_weather_averages.tsv	134912	7a2d46d59057c9a85e8a232519672634ab0a4d3a90233408c9caa2b56b9f9751
metadata/climate/monthly_weather_averages_canonical.tsv	106378	cde0a115147408bb846919a1e61e55cf88df7942f0e81f921de3305b49e33f9d
metadata/climate/nasa_power_daily_precipitation.manifest.json	761	9f668cedbe7dd38643c5bdafb59369659d6d840376a855fb961212af7d1f1aaf
metadata/climate/nasa_power_daily_precipitation.tsv.gz	229859	71d11a8c930760b0dfcb45b59017d3f00321f75ade4f01ad50ea8f1b47379cc2
metadata/climate/rain_event_product_exposures.manifest.json	1806	1c989f15f36d62470c93823ae5d2220e1491b7dd0274d77da7bd1fde50e4e41e
metadata/climate/rain_event_product_exposures.tsv	53928	7b7d7abc159d2123b933d119451edf699b8d8c96ab7e6338f820b0a74258912b
metadata/climate/rain_event_product_sources.tsv	6150	037e1b25182b603a26db831101121d755d91e50a9e6f984bf57eb1c8632a7311
metadata/comparators/atacama/gradient/atacama_per_site.csv	1464	7d12c3ff102a8fa9d535d4bb55f1832ce756ba4c07ee24cbc4cbd7bff8a29b97
metadata/comparators/atacama/pit/ASV_table.tsv	1480567	0ccc857ae41b929c280f876f827f67559154378cc9e0927b11f4971125626c1e
metadata/comparators/atacama/pit/ASV_tax.silva_138_2.tsv	3340348	835aa7811d9669378f579bf034de1f5731ef5eefd9122db4eddd7e48ca998014
metadata/comparators/atacama/pit/sample_depth_map.tsv	1530	48214b4912729005498aa3f0f0e9332f10602d56fff7bd7c6abef8aa8041e985
metadata/controls/SHA256SUMS	817	cea15424fc3f7c29d56311adbae175af1874663eac6938c24fde9206823f5ca4
metadata/controls/control_aliases.tsv	10884	87168ea7b74930fca59885eebb0e717c516ba299c3affcc545c26c3e966fef11
metadata/controls/control_assertions.tsv	20092	e96b7880e726f5558da98ab2b069634eb47713a4c06b992369dbe3272acf52f3
metadata/controls/control_composition.tsv	10366	cf1457cd283d4b6636242a6e3ca56af5081e846da41e97a2958a4e3880d8f5a6
metadata/controls/control_entity_registry.tsv	265663	c7f2d920f45f5f5cbb4b1b67bd8cd119aed78944235221edf35b9c9d14835a10
metadata/controls/control_metadata_dispositions.tsv	15570	4dbdb1029979e2d75e38ed9686c98a49bbf01b6c979809431513724c78340f4f
metadata/controls/control_roles.tsv	21584	326460f4dffd07f13b7570031a4e141688cc7fdbf893e9d162788752067b2edb
metadata/controls/control_sequence_occurrences.tsv	36028	dc2513ee350494cf0f68544a3e5859cbd4ac201c76d99d774f0c147525810016
metadata/controls/laboratory_processes.tsv	143510	2c2bfbb796c5b4156d5fa6e0ee8b4acb993aaf23f630354155bd8784a552bd18
metadata/controls/run_manifest.json	1389	85463f76140e80e446a1dbbaa8715711d6806a5240ac6f3137077ad05892bbfc
metadata/environmental/environmental_measurements_curated.tsv	47733	1b8cb5c71fa05f6d15cee34c489105d755a0c42b900ec36fe4007f7cd19c5559
metadata/functional/PICRUST2.md	8513	0bf5789ac36e3f2a4a9e79e18344d4e7da37431087ff1607e29670ab64025847
metadata/functional/picrust2/merged/path_abun_unstrat.tsv	9333373	41bf98b763fa4b7dc392fcf25e2d4ccd37c5f7d351f7ce87002dea0ab3c6fa1d
metadata/functional/picrust2/merged/sample_metadata.tsv	155089	4f6b4f67a54bd06f66a74e566e463ae5225116b53a23aa6f7b08002f6e2cb082
metadata/functional/picrust2/merged/weighted_nsti.tsv	38854	2a3468f5239627d8c22e1c3e9abeb7b8ddd0088e0676932c4e9f4e7913eb67e0
metadata/functional/picrust2/path_abun_unstrat_descriptions.tsv	7402205	cf7d23ac7d03d6174f5ee3cd919cfedc6f827927a0df0b1ac977a18aa6f7bdc3
metadata/geochemistry/xrf/Site_10/Test_5847/vanta_data_5847.csv	2738	736cee2961a97d987865138013bdca2de6291a75a4bd5ed807baad182b729353
metadata/geochemistry/xrf/Site_10/Test_5847/vanta_metadata_5847.csv	125	0c738cf48bb54af09987b1aa1e01faf260b93f1d655be203905abbdb6323af70
metadata/geochemistry/xrf/Site_10/Test_5848/vanta_data_5848.csv	2738	539bcb37d0cede38368f19fe62d44a5c6ae06bb3c11916d433ce5bfae2c0f784
metadata/geochemistry/xrf/Site_10/Test_5848/vanta_metadata_5848.csv	125	c99d8db5fa84176b5016fbbfc9da62820ff3b476e93b64d52d278719edfd415a
metadata/geochemistry/xrf/Site_11/Test_5853/vanta_data_5853.csv	2738	3a2d4d7ef93f962caa7b211aab85d87b6ed47a2be804d9a1ed4a72002007784a
metadata/geochemistry/xrf/Site_11/Test_5853/vanta_metadata_5853.csv	125	4ff4210e02df497d7a5cd7ad03d749d6277da34a38dcd5921cd7c5892f4cffba
metadata/geochemistry/xrf/Site_12/Test_5854/vanta_data_5854.csv	2738	a07c0f92dac16a7cdb79ce9410064eaaec6475b555c7c199e17d079de9bcc3a6
metadata/geochemistry/xrf/Site_12/Test_5854/vanta_metadata_5854.csv	125	cf7b0b26eda76977c0b5abe58beab1a195e7a3c9be1fe422dc75f9a06d957435
metadata/geochemistry/xrf/Site_13/Test_5855/vanta_data_5855.csv	2738	1fb7ebc12da64b508a5a035a72cbac8e8c14e6eaef2e6427048ce2e15f90c5f3
metadata/geochemistry/xrf/Site_13/Test_5855/vanta_metadata_5855.csv	125	f835ab831d0a79730d584cc5ed886233f47ee8f199c0a1187d9da2c943740a69
metadata/geochemistry/xrf/Site_14/Test_5857/vanta_data_5857.csv	2738	b998bc0ce3ddb5e1846b2bac530a40f83203c5fa1c5b3211560d0211bb17307b
metadata/geochemistry/xrf/Site_14/Test_5857/vanta_metadata_5857.csv	125	29b65f457ba64c6534518c50e966f8444a7d310e758cd2c3dd65ca94b748061c
metadata/geochemistry/xrf/Site_15/Test_5859/vanta_data_5859.csv	2738	7b530da3f0942d2bddb154d4dca81208ea21da963ff07e3c89ff628b25667170
metadata/geochemistry/xrf/Site_15/Test_5859/vanta_metadata_5859.csv	125	32a529d1f6d34b44e299b3840a1de658c0cbd61df12815637d1942610655ac0a
metadata/geochemistry/xrf/Site_16/Test_5860/vanta_data_5860.csv	2738	9cdddbd4a82429eaa349a59c97e40f7331b546e6a68de1e09dc8857babcda83b
metadata/geochemistry/xrf/Site_16/Test_5860/vanta_metadata_5860.csv	125	86935b2a1d213174cf24b3c630eb475da87d8d35c508d2dfcdcfac124fbe8eaf
metadata/geochemistry/xrf/Site_17/Test_5864/vanta_data_5864.csv	2738	745e89ff3e3aa424718b725c3f931165e0c6b7d24e4dda8114c7f30f96e99144
metadata/geochemistry/xrf/Site_17/Test_5864/vanta_metadata_5864.csv	125	4ccc3836096d36de6889f7f2a58c061fa80e76d30af00169d064211cae5355ce
metadata/geochemistry/xrf/Site_18/Test_5865/vanta_data_5865.csv	2738	7b51c78162cb5ef78f851cefa9ac629fb8ca561f153ddd1ef557bd516ce45ca1
metadata/geochemistry/xrf/Site_18/Test_5865/vanta_metadata_5865.csv	125	fb2a19d04df1469346c6c7e2813ea485045590b7a71ef5927f50a47fb9199e9f
metadata/geochemistry/xrf/Site_19/Test_5868/vanta_data_5868.csv	2738	a454bb767ac497c49d06c79062092e0f6e1069610c80baf170df83b2bfdbac3c
metadata/geochemistry/xrf/Site_19/Test_5868/vanta_metadata_5868.csv	125	afe67030c1790c257cee82264d52c948172a7111ab90658ba10685171178a352
metadata/geochemistry/xrf/Site_2/Test_5830/vanta_data_5830.csv	2738	1fe16b0f92763a529922cf3e45fd8a8e42b375bdc30d4a15afa762ede9d0b3c3
metadata/geochemistry/xrf/Site_2/Test_5830/vanta_metadata_5830.csv	125	4e5e3ddf094c2efec2ebfa9c8afe80d8bb95d50ef78766e5a431ff3f35a18cd6
metadata/geochemistry/xrf/Site_20/Test_5869/vanta_data_5869.csv	2738	b168998eb22ce502500046a0b53dd6fe8faaa36b73a3d03ff331c09bf65ddf51
metadata/geochemistry/xrf/Site_20/Test_5869/vanta_metadata_5869.csv	125	449c022521bc56e8e654650230adf4ef39a0147e3dd6b812816d06ca380e2ff9
metadata/geochemistry/xrf/Site_21/Test_5870/vanta_data_5870.csv	2738	072a8dd0635103d5343939391eac04a4a67d133685ef6d40faf5364aad943769
metadata/geochemistry/xrf/Site_21/Test_5870/vanta_metadata_5870.csv	125	d51c54b2db4008c2eab5845eff9196f16cae4b2bc0c878a09c21c904ca612a24
metadata/geochemistry/xrf/Site_22/Test_5871/vanta_data_5871.csv	2739	158cbb248ad60268218d5f12ac2aa5c3a539a99bdc2d1c34eca1d85d4af4d41f
metadata/geochemistry/xrf/Site_22/Test_5871/vanta_metadata_5871.csv	125	e13bda76ceaa9453afe8fe48997d1efffa6e9987b5916a2effcfd41e82d08210
metadata/geochemistry/xrf/Site_23/Test_5875/vanta_data_5875.csv	2738	1170768bf91798384451522f1a06cfbe72addb7cf600a889ac1027178526372b
metadata/geochemistry/xrf/Site_23/Test_5875/vanta_metadata_5875.csv	125	90903dce7cc80da26c18f318e830440ef959e0d5093ceecc99ca4300bd6b0041
metadata/geochemistry/xrf/Site_24/Test_5877/vanta_data_5877.csv	2738	ecf3048851e6c0aa2add0f2d3f88d9b3df31d47ee191dce7748501f40394540f
metadata/geochemistry/xrf/Site_24/Test_5877/vanta_metadata_5877.csv	125	5aabbd1db1d6e8f5f6580e3d4db7aaf9738dc6043cf4e2eb6fa28267ce86ad8a
metadata/geochemistry/xrf/Site_25/Test_5878/vanta_data_5878.csv	2738	585f121e795d55b87c0e5c3bfde1e4f63d018abc6189e7407422624f81df2772
metadata/geochemistry/xrf/Site_25/Test_5878/vanta_metadata_5878.csv	125	5be48788d00e4d84c9b97d3decdef80a74ac8a105d2495d73cb495e6c09b5de5
metadata/geochemistry/xrf/Site_26/Test_5880/vanta_data_5880.csv	2738	8e6e9403425a764c8f01a84dfc310e2c63c6f5f359dcb0d67730f12320f3b32c
metadata/geochemistry/xrf/Site_26/Test_5880/vanta_metadata_5880.csv	125	a657df732181f98ac0e2e3f561ebc3a7d0661552ace803b235935e045887de00
metadata/geochemistry/xrf/Site_27/Test_5881/vanta_data_5881.csv	2738	48c1729eccbe0078e1a10415fede2f9467980c39680aa0d77c19aa6b8b780c3e
metadata/geochemistry/xrf/Site_27/Test_5881/vanta_metadata_5881.csv	125	bd3ee4a180d1c61c143b6892645c1fb88f25bc44b4a75d3d6be07a9273f9fd7e
metadata/geochemistry/xrf/Site_28/Test_5882/vanta_data_5882.csv	2738	b37787bbbbc08a55ace268a5ccbe51ec437f2c3d5ffb7734e816a4f910ea76d5
metadata/geochemistry/xrf/Site_28/Test_5882/vanta_metadata_5882.csv	125	7d80adffab9b42a281b827e3c63bf55ccb67b092ece92635abd721fce6587bc6
metadata/geochemistry/xrf/Site_3/Test_5832/vanta_data_5832.csv	2738	a1a3a9b8be6aebeb327c93159a48945eec7d1b2c6341b063a4f60f5002c831ef
metadata/geochemistry/xrf/Site_3/Test_5832/vanta_metadata_5832.csv	125	8093a3d917be9e834cea6f190ce79fed4118c023aba82a8c21185c214c905b4f
metadata/geochemistry/xrf/Site_30/Test_5885/vanta_data_5885.csv	2738	f62f8861282cf1b288fd9853e94d7093d4410a7f32e2b1b6ba8835d7feb28831
metadata/geochemistry/xrf/Site_30/Test_5885/vanta_metadata_5885.csv	125	9a2910959996bafbf13fee54a4edfe7c20bc4080e376ca2e59b10b570533587c
metadata/geochemistry/xrf/Site_31/Test_5888/vanta_data_5888.csv	2738	583c141cb9990dff2f6093e51b9d473b89f9b241569e52431756bdff1457f2e5
metadata/geochemistry/xrf/Site_31/Test_5888/vanta_metadata_5888.csv	125	b20c5c9d7641364eb4a12bc1aae1d1ca9ec2a0e74b594ff67ebd7e3ae475ec26
metadata/geochemistry/xrf/Site_32/Test_5890/vanta_data_5890.csv	2738	e3764ecc60d2a6e9d99a85c1941ab1bf092cd9effcabf93595a5fda11b39500b
metadata/geochemistry/xrf/Site_32/Test_5890/vanta_metadata_5890.csv	125	c1e5f444e3dfba4f2b4a2fdd0edd9e4fceac083b90c8366e7064ede9960bbf36
metadata/geochemistry/xrf/Site_33/Test_5892/vanta_data_5892.csv	2738	cbf8cf2a2cf39265ee37f99070c4db74bd32f9f12c2abb34b8b4f40ea5d1fd55
metadata/geochemistry/xrf/Site_33/Test_5892/vanta_metadata_5892.csv	125	d854e75f3057a8260b1765e084d479f40d74e07afded5df787b6fe822b7e5ad4
metadata/geochemistry/xrf/Site_34/Test_5893/vanta_data_5893.csv	2738	ade17a5b8b8b16bba82317378ea849a0a51aa1ffaa12c38ca04908183df6e5f2
metadata/geochemistry/xrf/Site_34/Test_5893/vanta_metadata_5893.csv	125	23d36280c63ce4b7d58160459a5d2ea33baa33270ad0afb888ce3fdc62f407e0
metadata/geochemistry/xrf/Site_35/Test_5894/vanta_data_5894.csv	2738	b8fc6bafa188701b12d0a0939f78d7ce6811fc90234983b3cf22f3618fa8a134
metadata/geochemistry/xrf/Site_35/Test_5894/vanta_metadata_5894.csv	125	55590bd61f99ab95fa2abb5f543477ec14876504bc645e210a4aef7e78c9ea1c
metadata/geochemistry/xrf/Site_36/Test_5896/vanta_data_5896.csv	2738	c100d319f77dd5f231b8de06fac8a7c02043f4dadc8719a40c15d6553babe2c8
metadata/geochemistry/xrf/Site_36/Test_5896/vanta_metadata_5896.csv	125	22a7a7994a2cae18d7fd8ec30b253f5836d6f7f6dcb63257410500d09dc51216
metadata/geochemistry/xrf/Site_36/Test_5897/vanta_data_5897.csv	2738	e6bb04b562d346cace4f9e04e8d11c760ebb28d4b21c687089c9433ce997c921
metadata/geochemistry/xrf/Site_36/Test_5897/vanta_metadata_5897.csv	125	68c224c456222e308bf35199db5ca2caf7d939c421cd9900a9e57bc4beebe50e
metadata/geochemistry/xrf/Site_37/Test_5898/vanta_data_5898.csv	2738	858b1531424590c23fc9654483ffdfddd80895718fc9bf6efe0101c645e0b266
metadata/geochemistry/xrf/Site_37/Test_5898/vanta_metadata_5898.csv	125	3f85b24fa9d0fa9a7dd6565fe2de87399e62a095c89999d7ceceea43634c3646
metadata/geochemistry/xrf/Site_38/Test_5899/vanta_data_5899.csv	2738	f70801d7b38df7b446c8f0625304f1f9d8dbe3da51f2b391b7b7dfca3f3224c1
metadata/geochemistry/xrf/Site_38/Test_5899/vanta_metadata_5899.csv	125	ed21ae9fb3efb83de9b3426380d1e6c333b99f638f65e6b3973eba7feec866f9
metadata/geochemistry/xrf/Site_39/Test_5900/vanta_data_5900.csv	2738	2f4f9d1e5b71b2f2c2ffb173aa6906345867ef4debe00a95b0a96fbd0d04e90b
metadata/geochemistry/xrf/Site_39/Test_5900/vanta_metadata_5900.csv	125	dc02b9b3ae2704f533bf931efc62dccbfcdb7b57e6f235e70cb2cf3b07d09b34
metadata/geochemistry/xrf/Site_39/Test_5901/vanta_data_5901.csv	2739	c266d2fe258d9f1f144ed79df7efca0018b6330768708a1cd0b919467062d920
metadata/geochemistry/xrf/Site_39/Test_5901/vanta_metadata_5901.csv	125	c7ae126bba2bb8942500a0cbe612ed57b8b0531f2f79235ae30d739748265022
metadata/geochemistry/xrf/Site_4/Test_5833/vanta_data_5833.csv	2738	e79fea4dd7e46dfdd7f1964cd87959f5a319fd3c452ccda5b748db9905210607
metadata/geochemistry/xrf/Site_4/Test_5833/vanta_metadata_5833.csv	125	6c08cf540f46b0bad11924189f7ba544bd72d77b9846fc22f683cfd2d32129d5
metadata/geochemistry/xrf/Site_4/Test_5835/vanta_data_5835.csv	2738	18c0bbe132b1fc4a4041ab590f428ba2ca6947d85d7b82549d789408c516312c
metadata/geochemistry/xrf/Site_4/Test_5835/vanta_metadata_5835.csv	125	37b9aff168cfc11cebe812519fa468ffe999891cf9a97342505d6f913d9f09bf
metadata/geochemistry/xrf/Site_40/Test_5902/vanta_data_5902.csv	2738	75929efbff0f458f805f58ee18588c7d1825c8595dd3045d4c41eafdf0aee223
metadata/geochemistry/xrf/Site_40/Test_5902/vanta_metadata_5902.csv	125	ace1f5f0cabe904f129e6accf470a5979b277c3d047b7c9733b735cda7dc4fb6
metadata/geochemistry/xrf/Site_41/Test_5903/vanta_data_5903.csv	2738	124094dd64dad79d5edec9a12eb4a76881acfc090fa1608c300f1def60c45ee8
metadata/geochemistry/xrf/Site_41/Test_5903/vanta_metadata_5903.csv	125	5e85a753dd9162a653ecb72ab66b26f8d3aea048866b3c15891aaf01cc985d6d
metadata/geochemistry/xrf/Site_42/Test_5904/vanta_data_5904.csv	2738	e9d0c9e824e4d3922c6a9490140d1b0e954081f467fdd6a185e94cfdd9d2c533
metadata/geochemistry/xrf/Site_42/Test_5904/vanta_metadata_5904.csv	125	f555d0bcb8d8ab218aa35714df9e0c0064962ff76db3339750052d9928c0a9b1
metadata/geochemistry/xrf/Site_43/Test_5905/vanta_data_5905.csv	2738	4a86f6c31d0be02ceb54ed2a18ffcf7fb21409e3c03cee0a66a8e24956113ed3
metadata/geochemistry/xrf/Site_43/Test_5905/vanta_metadata_5905.csv	125	b90c374ee48c1fffb846710948b9b9c2786dcf023bb38a9171cb0abcb853e54c
metadata/geochemistry/xrf/Site_44/Test_5906/vanta_data_5906.csv	2738	608f7a1527bbdafe0b1e0f9092206357fddb22d9a5f65eb729a250373867789f
metadata/geochemistry/xrf/Site_44/Test_5906/vanta_metadata_5906.csv	125	550b3ca139ffbcf80454182336a598218d896eeab2e98be96b2f1fe078364d10
metadata/geochemistry/xrf/Site_45/Test_5907/vanta_data_5907.csv	2737	dda7a9b0e925c8341d2083adedffe9bd6d3f58e45f6a12562b4864b06284a9eb
metadata/geochemistry/xrf/Site_45/Test_5907/vanta_metadata_5907.csv	125	42f17e5047228412432b75d526333a12f2323febb82a4a873ecc0e1efa0ba55b
metadata/geochemistry/xrf/Site_46/Test_5908/vanta_data_5908.csv	2738	f7e5a5e545c80af4c72748316f308eabd7e4eda4897476e67114d1a5c60a4b7e
metadata/geochemistry/xrf/Site_46/Test_5908/vanta_metadata_5908.csv	125	dd9be891793ca77a18dec4bc130231be6da9c779457eb2867ad5b85e5f2e8968
metadata/geochemistry/xrf/Site_47/Test_5909/vanta_data_5909.csv	2738	559e32b8e0e444eef6cea21b2c0eb5ef0adc1c25b308a760bac7e1fedce0bf39
metadata/geochemistry/xrf/Site_47/Test_5909/vanta_metadata_5909.csv	125	f851fbc791b6c34d02156f503cb6f7e18a19154b4a309bc31cae1a7a81092409
metadata/geochemistry/xrf/Site_48/Test_5910/vanta_data_5910.csv	2738	419876aaf8055794cc7fd2912b771747edb4e23b98aae7e612eeab01a816494c
metadata/geochemistry/xrf/Site_48/Test_5910/vanta_metadata_5910.csv	125	ed401ac9ac0c914067f2b5777fbe90b143dc21b8bd17c744e69904001260f74e
metadata/geochemistry/xrf/Site_48/Test_5911/vanta_data_5911.csv	2738	19f54f3dff4e637d3ea4488a91541fb34625f6f1c4383058adb57e50d41dc752
metadata/geochemistry/xrf/Site_48/Test_5911/vanta_metadata_5911.csv	125	a23c971e0b207dd41b179f5e9bf1b29f88ebe8b148792a980c97a88a28512055
metadata/geochemistry/xrf/Site_49/Test_5912/vanta_data_5912.csv	2738	296fe715cab392e16db8255e45dfebdc1a22b79013834dd78fa99d175bd459e2
metadata/geochemistry/xrf/Site_49/Test_5912/vanta_metadata_5912.csv	125	58ab305e4e21fe3f43764c589270d4a2d1d0175fb10fc3967c35fc4e9028555d
metadata/geochemistry/xrf/Site_5/Test_5838/vanta_data_5838.csv	2737	03ceffde9fe3b01c165988827bed844ce15fdbe87d1c4abeabc6156c0ce39b9b
metadata/geochemistry/xrf/Site_5/Test_5838/vanta_metadata_5838.csv	125	82d7699954c4e76ce424e881316568ffb615f198b729954bfb48f2d287f0d438
metadata/geochemistry/xrf/Site_50/Test_5913/vanta_data_5913.csv	2738	8967f60f9a3f3947cb69643a35122b95564fd06129685598eb9e38449c9d02cd
metadata/geochemistry/xrf/Site_50/Test_5913/vanta_metadata_5913.csv	125	44cb5f8334d34966679b0d83f4f1b9d44260cb012d52654b3070c747c4968047
metadata/geochemistry/xrf/Site_51/Test_5914/vanta_data_5914.csv	2738	da84a19f2280b4998008b2bb2e40a1e12ae1eab446dc3df7d16b406367cc0dd8
metadata/geochemistry/xrf/Site_51/Test_5914/vanta_metadata_5914.csv	125	6e9b6f4559955802e61a237051052eeb5cd7e4693ec64038db995d264b5f9b2d
metadata/geochemistry/xrf/Site_52/Test_5915/vanta_data_5915.csv	2738	ada6cfa2b70e4f047a564e4831e847defe49dd35f481400f8ff7829308b1faf0
metadata/geochemistry/xrf/Site_52/Test_5915/vanta_metadata_5915.csv	125	c0e6397cb009609e0a9f5bd2089422ff92b9df280df5e8a7c39b550b3e0b6afc
metadata/geochemistry/xrf/Site_52/Test_5916/vanta_data_5916.csv	2738	65b870168a27c79bcd2a64d0be1a9277d7b003942a1afe1943e39bcc8f8fc24c
metadata/geochemistry/xrf/Site_52/Test_5916/vanta_metadata_5916.csv	125	874ab39be5f7be20a054e97527f3fc75e1c5a84b9e9101e6a41fb10493be9288
metadata/geochemistry/xrf/Site_52/Test_5917/vanta_data_5917.csv	2737	3de2507b5748cefac47143457d14213111781fb4120fc6b32e2ae21742e60d76
metadata/geochemistry/xrf/Site_52/Test_5917/vanta_metadata_5917.csv	125	0452cd0175d5e8fcc25532d491557ae64074b62b2530bbaa2c2ec6abafa759f0
metadata/geochemistry/xrf/Site_52/Test_5918/vanta_data_5918.csv	2738	301ef61463952f6acabae8117f9685344e1282e3c5e1d9c1423371581e5fc0d9
metadata/geochemistry/xrf/Site_52/Test_5918/vanta_metadata_5918.csv	125	5de32a0c70527d4e70926485dcea411ab91e92c8aee691ef08e96832d503fe83
metadata/geochemistry/xrf/Site_52/Test_5919/vanta_data_5919.csv	2738	d0da645f58c66d08ed3993c031f3f41d8316fecfd6e7322fcabe90b8c6cde284
metadata/geochemistry/xrf/Site_52/Test_5919/vanta_metadata_5919.csv	125	cb9809b2d64b560681d8d21fe4e83a53a80e752e69178b70f294f877ac10659b
metadata/geochemistry/xrf/Site_53/Test_5920/vanta_data_5920.csv	2738	e72c3f772129fe7475d9e860d0606ecf46765761d6ff32619d4f14890a37721d
metadata/geochemistry/xrf/Site_53/Test_5920/vanta_metadata_5920.csv	125	085ed3eb544c25a0db6c38862003a4d5ff0c21b314e40216a417b9ec24814067
metadata/geochemistry/xrf/Site_54/Test_5921/vanta_data_5921.csv	2738	449bbec4663b5eab5a1377f6457a7a043f03b9c57067ed0ab8ea8d6d89b280d1
metadata/geochemistry/xrf/Site_54/Test_5921/vanta_metadata_5921.csv	125	77987d49a80b2e7b207e734ba1165aa13d940758082c7301a333dffc49753631
metadata/geochemistry/xrf/Site_54/Test_5922/vanta_data_5922.csv	2737	ee2ca6a9231aba8da0bc2f8d1fc6af460d65f1e0033c1dbcd0cf3b1a5090d9d1
metadata/geochemistry/xrf/Site_54/Test_5922/vanta_metadata_5922.csv	125	2688970a1d70afddb543986e5795023ce1db50a7d6902eb36916977cdae7b536
metadata/geochemistry/xrf/Site_55/Test_5925/vanta_data_5925.csv	2738	de5c726f49405913c50409ea2152fa25fa7cb3e476d53f004af42ebba3399ed9
metadata/geochemistry/xrf/Site_55/Test_5925/vanta_metadata_5925.csv	125	666c36a68d58e4b1a5795bac0b71c55121efc638d9e95a9fc3bb1c18343a0b08
metadata/geochemistry/xrf/Site_56/Test_5926/vanta_data_5926.csv	2738	1f6e60110c8a458ad66f6b7f96a3973b85d4813dd65b64fbb77b9409b63374b9
metadata/geochemistry/xrf/Site_56/Test_5926/vanta_metadata_5926.csv	125	723d7144689f2f8a4a2cc76aa36e92562e079f871f6ebb1f5e88fb177a0adfa0
metadata/geochemistry/xrf/Site_56/Test_5927/vanta_data_5927.csv	2737	af175d3b7c11daee577902d1183e547b499f8ad6621ea2fb77d1fdbcd7d35df4
metadata/geochemistry/xrf/Site_56/Test_5927/vanta_metadata_5927.csv	125	89f977f04ab16c0b010c5881667f90614a20979fd53cda96b9927563ef33fd38
metadata/geochemistry/xrf/Site_56/Test_5928/vanta_data_5928.csv	2738	30dccabb30a242641aa88d82abf9752ba9161428df22fa2ff64267fa2586bdc6
metadata/geochemistry/xrf/Site_56/Test_5928/vanta_metadata_5928.csv	125	f7229aac782cc9fe22d4590a1086cfcccc8c3ac7c10d7a0323e2eb1e324fd86f
metadata/geochemistry/xrf/Site_57/Test_5930/vanta_data_5930.csv	2738	0c6c6c522c1d4cacf9319f185fd52c4a9737af804799fdb22eb13ba20a5ad379
metadata/geochemistry/xrf/Site_57/Test_5930/vanta_metadata_5930.csv	125	9d4288c77ee5d7f286a2a58fa008afc29f3f3d23e024eeafedf91e3c0f1d2143
metadata/geochemistry/xrf/Site_57/Test_5931/vanta_data_5931.csv	2738	6985e77e413b9fee2ac588df5c53a1f562236dc2e58f1b67674de2a26bc21453
metadata/geochemistry/xrf/Site_57/Test_5931/vanta_metadata_5931.csv	125	0aaa317d722df5200c34bee01384d64fb89c2fc9cc3109111510b7da5d2504dd
metadata/geochemistry/xrf/Site_58/Test_5932/vanta_data_5932.csv	2738	6cb6d4cf9ea2895ab0e2dce8c8d2c1232a25154c9c36339fdb2d8291f86531cd
metadata/geochemistry/xrf/Site_58/Test_5932/vanta_metadata_5932.csv	125	f628783136254d37bc94afd5a48f640146bf2b0061aef21e50d8e5dd2bcffff7
metadata/geochemistry/xrf/Site_59/Test_5933/vanta_data_5933.csv	2737	e585fc16d395856d5729bd09378b3b7aabaff89bd9597a7983583318cbcc51c0
metadata/geochemistry/xrf/Site_59/Test_5933/vanta_metadata_5933.csv	125	b0509544227dd6a29617c941d566e37d7ff4ea265eb587cd16db69e3bb177328
metadata/geochemistry/xrf/Site_6/Test_5839/vanta_data_5839.csv	2738	4894b548bb02f7105868d6ad8a16535e3f078af0d93f8c55353229f1737ef127
metadata/geochemistry/xrf/Site_6/Test_5839/vanta_metadata_5839.csv	125	35530f213e83c8fd45e31e4a8444270a8212671c441f58d96f59a63057447af5
metadata/geochemistry/xrf/Site_60/Test_5934/vanta_data_5934.csv	2738	1075e854975c51b7cad8826f30eaa8f0fb4f868ed450d9fc22704acfda0a0ba6
metadata/geochemistry/xrf/Site_60/Test_5934/vanta_metadata_5934.csv	125	cfc21d4e3290e0c5643ac540d51e9071dba2907c05aa1e71bb60737c760638d2
metadata/geochemistry/xrf/Site_7/Test_5841/vanta_data_5841.csv	2738	1e5807d881c683170bc36ee1f5c3fae5a9baea646f623eaa0c7056b5d0203907
metadata/geochemistry/xrf/Site_7/Test_5841/vanta_metadata_5841.csv	125	62292c12db311d390a6b76e9b020e43b273d1157cf3e8fa057a1da56368be25a
metadata/geochemistry/xrf/Site_8/Test_5845/vanta_data_5845.csv	2738	a993f2e9782023c41f39065f2b68c0faecff94f700b749c6e141ccfffb92b416
metadata/geochemistry/xrf/Site_8/Test_5845/vanta_metadata_5845.csv	125	dc6a2a7a7abf4f585b01165422663b6effa3d64a82f770d9bfe9fb55b5f7b813
metadata/geochemistry/xrf/Site_9/Test_5846/vanta_data_5846.csv	2738	b36608295ef2617bcdc2b7e0be3a941994038c98eb0c56507dcb69aa6acc1083
metadata/geochemistry/xrf/Site_9/Test_5846/vanta_metadata_5846.csv	125	536320ebded891a60558359c7f65cda97d76104f5612e7d3a4a3d56d753e16c6
metadata/geochemistry/xrf_field_table.tsv	83415	78090ab1d0deacf220b4650c24f9dd9584bbb9268ebd9d5c86f08dfb44d81575
metadata/geochemistry/xrf_lab_combined.tsv	31861	5cb7dc29ea9cd1b2df4ffad2f70f55fdb55e898039739882f8d5451ce0ae9706
metadata/geochemistry/xrf_lab_table_filtered.tsv	58955	8e11d540f5220dcc976f101ad4f6ddb916b8011803a610d9100534d1be98a4ca
metadata/geochemistry/xrf_lab_table_trips1-4.tsv	121086	afc0282badd602a2d6f51e3f3d4339f43fe0ddfa9914b83d6a0e3644671565f6
metadata/geodata/empty_quarter_boundary.kml	1408	ccdcb2a206de57cd4ea57302dc53b8b710a98f827034f36db07eaa6f8bdfafbd
metadata/geodata/site_altitudes.tsv	3418	c90b546995fec37e1f2e7d96fd6d5ad175fdbe5fb2519082c43fbe0487580ad7
metadata/geodata/site_trip_map.json	1013	db144ed3ca535f00fa0fb009e32f0e085276c6c277fa7f88542f5a8eaa77dbb5
metadata/geodata/trip1_geodata.tsv	5995	083bd02bf41b34733d18996fea070b6f185865f9a51a413fafe4b7d45a5fb3ea
metadata/geodata/trip2_geodata.tsv	888	5935cde2684936a653ab3f1358209ff8dbe6d090cb8d618e136123fb84120855
metadata/geodata/trip3_geodata.tsv	7590	d4b3adc1b22a996a674873981f9a34604ff1cc9d2b71dd2a5ef0bf4c10f310b8
metadata/geodata/trip4_geodata.tsv	5610	d60d815a0b0ec8a471513fef4ae367bd6b49b88178daedf178613b2430123237
metadata/geodata/trip5_geodata.tsv	2928	3d94c3d63ba81932af72fdfcbdff5d97a9ae9a6d2c4c02142ccb9d0193cf1fc7
metadata/metagenome/coverm_profiles.tar.gz	710534	a33923313f0d648a092259848a21b1951b7fdee7678414b03d7913f58b4f9aba
metadata/ph/ph_accepted_measurements.tsv	140371	2f89d80eaf630d014099a8f58d2e9c2635cfa30a18b5888ebf35145f4125fa8e
metadata/ph/ph_entity_registry.tsv	585960	7f0f2b3a4f8d97d5f1464f92ea97fac0dfe5d5fa3d355e7bebb475e8bd1bfee9
metadata/ph/ph_measurement_sessions.tsv	10339	b82db09b986cee2f21b81d23a8fa26b663ff17ee36763232391e0d659cfc31d0
metadata/ph/ph_observation_audit.tsv	221838	597243849e44746168774a1ce089f9f9f72b9a71ee5c629e8a6b6d76397c422e
metadata/protocols/README.md	1749	deb13e264f952b8ed4bc1e5dc4445776285ac11478dce3453dfec05cd108191c
metadata/protocols/extraction/DNA_ext_powersoil.md	756	83c0a5a4c322a0086aa4e0906da0eba69d374710f2cb9c6f3382881d93e9307e
metadata/protocols/extraction/DNA_ext_powersoilpro.md	760	bb0498f9045cafc1a9d9f2d8bcd99d6887ff6c2c83e943783f6c3474b70dc0f5
metadata/protocols/lib_prep/16S_amplicon_lib_prep.md	2357	0e1ea0a2984d9a4a1f964604e4035a5398e6bae14a7abf93535325da8990579b
metadata/protocols/lib_prep/18S_amplicon_lib_prep.md	663	4a1d76302788d4b6be2b708032d9ac1065fd7dcb31111dd0a92dd214353578c1
metadata/protocols/lib_prep/NEBNext_WGS_lib_prep.md	411	b85c367a22f3a2d9d52d25b921e42de268130bc58ee659393177d1eb5fa89d8b
metadata/protocols/lib_prep/QIAseq_WGS_lib_prep.md	340	54e50c894f4c7574b37594ce623db3395e9ac5a704eb101c9a65f9b7c28d654c
metadata/protocols/measurement/DNA_conc_measurement.md	424	ec1fd34f1d076f66d12bac33b5ef4c3421f672d06f47d312eef5de21936c2c3c
metadata/protocols/measurement/XRF_measurement.md	317	a9ce046589a5398ec7f8979bb4b4121df609efdd7c2dfdd5e3da31035a13cbef
metadata/protocols/measurement/amplicon_size_measurement.md	437	8fb52d6d80327bee5d4d62e5efc3fb3bf54d6007eb3fd96cf2f415ecd586e704
metadata/protocols/sequencing/Illumina_MiSeq.md	607	d706b0b85096ad2195f7bafcf9a6d1f85c6241fca5a1bcd54eb2fb29af51a734
metadata/protocols/sequencing/Illumina_NovaSeq.md	475	0a9c07e933d0c4f1db00b30d9eec7f2bdac8d79cf192b347aac5dfd689cdd44a
metadata/relic-dna/PMA_ASV_table.tsv	452179	ab504fdd38483f467529bcfeff23f1d7037a9b8399f1135fd4b877f12719a2d3
metadata/samples/EB_Sample_Map_FourthTrip2.xlsx	9700	7724fe99bf8f42432b3220b1ee419662992d61f070d26a13ece6f202e4618e76
metadata/samples/Sample_Mastersheet.xlsx	159544	26012ce94b22e4e9b0f12d78cf96c2817ce906b8043aa75e9449b5389a9e70f6
metadata/samples/Sequenced_Samples_by_EB_FifthTrip.xlsx	10183	15bb92fc8a7c6389a74663718fffea207a2a030bf2f7b12f5955c57022671708
metadata/samples/environmental_measurement_corrections.tsv	8635	cf3ef3b4627daeab6185c8ab2a7bb1d3e6ef8ad4530ff3859979a95388ae27d5
metadata/samples/ph/README.md	1404	0fe9eadbf78c344d62114e4fde4f3d2ec761e76b557c264591d75fc31794170c
metadata/samples/ph/version_registry.tsv	572	d6f9d7d70f09968839cae30930f0ee7267252a60f6684572410247acb5c28906
metadata/samples/ph/versions/EQ-PH-ECOLOGY-v1.0.0/manifest.json	1121	ed7bac602e99c97ade982c390357ed9bc62bb6a32cd0d0e98e1885fbce396fa1
metadata/samples/ph/versions/EQ-PH-ECOLOGY-v1.0.0/ph_measurements.xlsx	178875	0986fdde4af4635252ead8f601e8725749228c0adf4f906e08b364801ab08398
metadata/samples/ph/versions/EQ-PH-SHARED-v1.0.0/manifest.json	1582	add2aa2e18296e83c5890b058362cb8f1d6866c3b7470a89c6bd6e92c4fbd4ab
metadata/samples/ph/versions/EQ-PH-SHARED-v1.0.0/ph_measurements.xlsx	179809	701db2a771b257da09bb276c8ca29df4408ba5986bd515821ccea275a8c692c1
metadata/samples/plants.tsv	4845	5a0b8a10a49a45eaadabb8a5f19bf817af0419c7209f8f1e2673fe2cc600baa2
metadata/samples/sample_corrections.tsv	1291	4fc06df5822139852e71d6b0eb4ba0e32deaf437f7f6b4e0bc5043d11123daa0
metadata/samples/site_aliases.tsv	1128	eba7c55b7ce3344be91077ec2226e5af8a76d8b3aa683beac0926eedc637de2b
metadata/samples/site_iri_registry.tsv	1233	3c06493397372cfe518e6bb1cd8a3275c0f6ed67a83b9ef6bc84f51c1efce7d4
metadata/samplesheets/additional_fastqs_v2.tsv	166982	eba6f748ef7f9875b98af6c4d8241b3af36d183feda4dbb4a0cffbcbed3d7958
metadata/samplesheets/trip1-2023.tsv	7557	b8589609285fb7f4f443ae3926b14dad1e2dade8912dea03724d017d8b620fb6
metadata/samplesheets/trip2-2023.tsv	828	ef8669ed00262aa7a82005f343dea27f394be2f0a6b2768cdff71f7cc41be960
metadata/samplesheets/trip3-2024.tsv	9315	1e4f72e4a15b7e2779bbe8f6a6d30aaa99ef3cb987836fc2e85ac39141a72ccd
metadata/samplesheets/trip4-2024.tsv	5623	7c0496c356a46e60363ce6ae9397c656cb3f2f023364a388b4e72d68f3d92639
metadata/samplesheets/trip5-2025.tsv	9381	57a9274dab7edb8426fc238dc065c2274a5bec3df2ba22d43c7ab1517ea511d8
metadata/sra-submissions/submission-sheet-trip5.tsv	33530	4a28870c3f865e89adbee2e5d1a2406eb6859f6f18481ddb643e93e970bd8f7c
metadata/sra-submissions/submission-sheet.tsv	162154	3813e534e69ff7e8e475eca5db7d94a5a827d70c3b42c4a69dd984eafe40fbde
metadata/taxonomy/README.md	2376	91cfe8d267f62cad355159798487393b66700ec687b185c3afec94c4c818a69f
metadata/taxonomy/taxonomy-trips1-5.tsv	39741062	fcf0a3ea0ca8ed956532fb4d7bffa0c20249e3048779a219155cc1bb7e483d35
metadata/taxonomy/taxonomy.tsv	7878855	5cbca6e9904ffe395fe2e4215f6005622e47a9af71528c209398a22669c3b5db
metadata/taxonomy/unique_taxa.txt	213805	039b8be31e81b49a5fa6237fad281149f8ebb9b40cbfdee51064e4fe2187af9d
metadata/xrf/all-trips-consolidated/EQ_XRF_All_Trips_Consolidated.xlsx	2419587	23f405833ed4ace209bce826391b79f5011e704f65c542e28fa3b87bca70e037
metadata/xrf/trip-5-lab/10.tsv	4284	0ef677d8e8fa20cccd8a41de2334814e47624fe8e9ea5e10fe24d6228254ccdb
metadata/xrf/trip-5-lab/11.tsv	3398	9d44ce6bd72b862af8b48474352a458b947993b8281e7613ca64a466f37589bd
metadata/xrf/trip-5-lab/12.tsv	4628	eba27bceaec18e31119d77143bca5d0172944f799d135a5eb579811f7bfa4f14
metadata/xrf/trip-5-lab/13.tsv	4363	2d3eacb56a1e182600f4290e5162e7ca17a07c79607cf27f558a23f5c87f5c55
metadata/xrf/trip-5-lab/14.tsv	4641	ef31c27213a51d3ec8464e9626a327dec37b1fa3e77354be0a678cf1929a3cc4
metadata/xrf/trip-5-lab/15.tsv	3948	1a0657e08696556f733d00377ad53276c920d755bfe6aecd93d0029ae20fe8ee
metadata/xrf/trip-5-lab/16.tsv	4608	e6027aaf4f12997a13f60055bac89cf687fb1e520d09fe761306bfc6af8ca867
metadata/xrf/trip-5-lab/17.tsv	4503	fa5286651343f0caeaf577f741bc982380723250317fedb4c660af05016494d9
metadata/xrf/trip-5-lab/19.tsv	3339	ccd41ada07f7808fdde8e21cd965244c35e43b4c59b3772d84004d08ed72ff98
metadata/xrf/trip-5-lab/1Dr1.tsv	3464	9f7bfe5c8c944d0958391a0f1a982e91c596e4de70b6cf8f0d174fd374f8f4ba
metadata/xrf/trip-5-lab/2.tsv	3767	ffd411337e4c6f0c82a2b5d495eba10bc281ef1e6146747e01fb23c5bf75b1c0
metadata/xrf/trip-5-lab/20.tsv	4281	84b98cdedc6835250c9c6382edb3e46c6599ae8cf5a2c2dbcfe41212c789ce1a
metadata/xrf/trip-5-lab/21 Dr1.tsv	3807	c1c57550d2a9b1ea3da6cf995da8070cfa11d89aaf5b9daf8986f87fe42efaf5
metadata/xrf/trip-5-lab/22Dr1.tsv	3370	7314ec35661861f83b3e80998e6c4f67e8d7dae7a2e788a5b03fb4da016bd4bb
metadata/xrf/trip-5-lab/23Dr1.tsv	4641	61bf7ec53f2f5fd5e789ef5c9539c735bf5aa66f1c3b4deed6ddc5e762ca440c
metadata/xrf/trip-5-lab/24Dr1.tsv	3730	32d2018f941c26e7888aaf060e82ab207b2bf00946d9bd2d1710b7ffd8e5189a
metadata/xrf/trip-5-lab/25Dr1.tsv	3807	3b696f70e5621c85ebea5a1c5fa44788ea39f444f02637b4145a98312c4801b1
metadata/xrf/trip-5-lab/26Dr1.tsv	3387	9396c14dbe8e2dc865e4192255bcc7c2799115110fe60ed06b62c3916e582253
metadata/xrf/trip-5-lab/27Dr1.tsv	4272	a1a74c164fe50c88821d484dc4526fef01ffb3d441e40d1d431c1c9887cbb019
metadata/xrf/trip-5-lab/28Dr1.tsv	4214	6083a4c8bf1a0f4f21351b8b20af436652b964acba74fbf84db07fa60943b7e2
metadata/xrf/trip-5-lab/29Dr1.tsv	4267	87d1fc236ceb5b52615f8b2df04a068657ff81714e8b4ffab86fa01ff25c0db0
metadata/xrf/trip-5-lab/3.tsv	4285	539deb5d0321cc19ca1e17021cb6d81d08d33b4396c5e34282d8d7e2c4137fa5
metadata/xrf/trip-5-lab/30Dr1.tsv	3464	8bca26b224bf7ee34b0a5ac87a03067b691f821b161390dd0ed90efda07646a0
metadata/xrf/trip-5-lab/31Dr1.tsv	4198	602b760681707cb0b61af06f403c07b7362f0d4f6b05099109c695c62792fcb9
metadata/xrf/trip-5-lab/32Dr1.tsv	4663	3724f2f5906f8418ac285793658cc2f429eef2a6c5fe1f0ce2254172c4de988e
metadata/xrf/trip-5-lab/33Dr1.tsv	5438	604c77538a364de143b888d3a7c974c53bc08ec0200f7c2d8e489699d75b4712
metadata/xrf/trip-5-lab/34Dr1.tsv	4220	2c4f3ef04dab2034dca590f396bc3cb427debb285ca0f7d02e1bdb066a4500cf
metadata/xrf/trip-5-lab/35Dr1.tsv	3673	8ca99c2f517bbd2a04d58f34aa620bb9b2483c8e553205706d32539c7c65e45d
metadata/xrf/trip-5-lab/36Dr1.tsv	4091	62d438d8aea78e365ac33c10665d1eb93c3a6298a27bde8bf014842e9cba891b
metadata/xrf/trip-5-lab/37Dr1.tsv	3914	f47785eac59d515b135560efe9c64909e121bdc4e2bee68b6f508e9e3305710c
metadata/xrf/trip-5-lab/38Dr1.tsv	4300	ef62380d6ee188f0b9bde57fac6d0b29cc7ee79297a5a0eb9ff488ea9bb01cdc
metadata/xrf/trip-5-lab/39Dr1.tsv	3930	c1aaf3869dc76d4ffbaaad3c811fc5e05a224455638eb1ae593e9696ccfeec85
metadata/xrf/trip-5-lab/40Dr1.tsv	4553	1feb2f4007749351aced0297dc0e9f263e2c2420759bd81d49761f77bd26d765
metadata/xrf/trip-5-lab/41Dr1.tsv	4721	d6b0848d94670659d407eb1f4bb188c4fc8b310df87952e534550c6b8cb3d62c
metadata/xrf/trip-5-lab/42Dr1.tsv	4650	704ad9027cf450c2a74de6779c482ec1c655d32c188a20938a0fdb3897b2b7c2
metadata/xrf/trip-5-lab/43Dr1.tsv	4205	954718a58f814bfb7410db4dd62efb2b719c4285b81706fee4f6361f9b5ca1aa
metadata/xrf/trip-5-lab/44Dr1.tsv	4171	f14de66614bc05ee7b190bb6fc910361f525dff26e985ace203628e368eb1238
metadata/xrf/trip-5-lab/45Dr1.tsv	4225	59447651e6e7863c2d5a87d1c026a9f5a6c298ca45d38d239c0c3f52535a959d
metadata/xrf/trip-5-lab/46Dr1.tsv	3799	fbfde858955e1b09667b9db89e4e2d349951f88b90b58a50d676fada63d5ab42
metadata/xrf/trip-5-lab/47Dr1.tsv	4067	af3ad456ec2978abb0f505b67dc299bd898801b50da36ef836d27a5a9d1088cf
metadata/xrf/trip-5-lab/48Dr1.tsv	4681	64af6c3eb460c1a0e0ec3570aa7d051703e8beba0d48ced43131271fa96a21df
metadata/xrf/trip-5-lab/49Dr1.tsv	3643	1d2c5f70f89997760a0fb9602a48b517a0f0c653cbce1aeb21026bacedd46459
metadata/xrf/trip-5-lab/5.tsv	4981	108e416ca551e7130d9f819f118c231de46179514f61fe35612a097f99b2b4ef
metadata/xrf/trip-5-lab/50Dr1.tsv	3742	1debb386536b4c6b0307f4d97bb8ad02ff63f83b243e11bac8f6882a000909ef
metadata/xrf/trip-5-lab/51Dr1.tsv	4711	7428bee3f12dd8f27da285a2668b0f1624d019dbddc6aca63edee8ba50bd248a
metadata/xrf/trip-5-lab/52Dr1.tsv	4998	13468f00e1f21a7c32bfb6b350348457572ba387097ac03ece69d50da7bcff63
metadata/xrf/trip-5-lab/53Dr1.tsv	3710	9e06325fcc806bf576026b49382ade72dadd6c123d5c7ccdcb542d433a0c90f8
metadata/xrf/trip-5-lab/54Dr1.tsv	4677	fe3c75b191e4e4122bd590f628f2ef817d02d2006e3ef8bbd65dbb0737ccbd21
metadata/xrf/trip-5-lab/55Dr1.tsv	4569	4125cbc65208d9593d27942518cd0f0b7d61ef9c577424ce7b3c73486acc013a
metadata/xrf/trip-5-lab/56Dr1.tsv	4495	debbf869901cc3a21b7d6c15c2e577855fffd7c29c161e476b5194180174ec5c
metadata/xrf/trip-5-lab/57Dr1.tsv	3955	8e49ec1aaeac6ee280cabc5e2764e311f35e3d8e1589aa25a3fb4f9371207d5f
metadata/xrf/trip-5-lab/58Dr1.tsv	4719	9190dbd7e57b0a83cf2313df1e6b2674e072212c00a5b6c78b69a54f39a7289c
metadata/xrf/trip-5-lab/59Dr1.tsv	4393	fe3843cad47f9d8a441765087cf2dc62ab0f1da7c1fac03b39c6bc1c48fcedcd
metadata/xrf/trip-5-lab/6.tsv	4069	37d37ef35e80d8703a85a1d161ed975c4b5ddb33a539fa75c2ca5dc50d895870
metadata/xrf/trip-5-lab/60Dr1.tsv	3972	73afef5a639cdd64d61d100895ea034766da39922d47182c903b7ac8ff69a39b
metadata/xrf/trip-5-lab/7.tsv	3756	769ed860ca7315211e5ca3ccf5c3068973c4f4ff85b98bb7c3a4220726f0c622
metadata/xrf/trip-5-lab/8.tsv	4112	a5425fc155ac1e721672fdd6bf0bea45fbc9d158af5efb4c95f64f7c92440e83
metadata/xrf/trip-5-lab/9.tsv	3267	464cf96cd83087d5389f213e69c8fb5ea4f97a217916887d464382077a208b27
metadata/xrf/trip-5-lab/V18Dr3 Best Detection.tsv	5387	66c90a50e9256016943a3d70663f01b25ce2517002837ffe18a8bee2cc456855
metadata/xrf/trip-5-lab/V18Dr3 Fast screening.tsv	4490	5db886760014f7d36168628309da41feaf91e64b725b65ce4d87eb13b017e492
metadata/xrf/trip-5-lab/V4Dr3 Best Detection8 .tsv	4558	10ef50fb2f25c61de35dc2def4f2e6810d868ca757fd227b5cb125d00ac61d6c
metadata/xrf/trip-5-lab/V4Dr3Fast screening.tsv	4813	57b8a6cd6491c329a6d02a911a2f4c535e6f7056fa08348a4f7dac0f96de634d
metadata/xrf/xrf-lab/EQ 5th Trip XRF PRr Results.xlsx	215339	4081a60ab71826758d80e40ef5c5dc9b517e74a136c9707581a263656cb27d2b
metadata/xrf/xrf-lab/EQ 5th Trip XRF Sr Results.xlsx	217247	ec21d4357e173ab75ff7589cbf6509672ea87541c7ca523b1bcca1fef2fe47c7
metadata/xrf/xrf-lab/EQ XRF results (Fifth trip).xlsx	449487	6ae1512ae6d400dbe7837d0706479722830c817e6eb69dc2c0846ca5872b9350
metadata/xrf/xrf-measurements.tsv	5919	41f5c47030b74e96d8c6ff5964a51a7bad9869023780ac61bf5ee7a76eb9ed47
ontology-src/analysis.ttl	4498	88b588c1645807a6c9beead6e17e5dfd95d6d9b981e5b6ef0984acd70e455f01
ontology-src/rubalkhali-root.ttl	1611	19521a52ff52bbec848a075bde287be79dd264c491088cc43e4d1a62e50ecf11
ontology-src/samples.ttl	1818	524231941934c8e9fdb0a1caa2814c0158576d24b77d481f38d95abb8fefa17f
ontology-src/sites.ttl	1899	c08b2000aaeda6bf6a83a859a89f807aa1f6e1918f88b28b25dd1b93a37ca853
ontology/ecosystem_module.owl	4852434	ff5e8e88975504130438fdcd1e7c867a581f1a43883a325e028a5157a0a0a457
ontology/ecosystem_module.ttl	4605839	5c4cc5bb85d0bcf46fbe94959eb89062ced28575cfa4c37f01a86f60f70b51bc
ontology/mapped_taxonomy.json	3004815	433e4bf0a7b7ed35891ccdbcd6988bb4b9027bbb06daa499dc0011a36b67e3cb
ontology/mapped_taxonomy.tsv	2164656	c9e746a4fc9570b33d96aaedbf9d0b89c654c9f80456c8d3ca5d2a1f77bfa9cd
ontology/mapped_taxonomy_corrected.json	19886830	ad9899dea09c10688bc45b93349c542958234f3e9d7ac0480b1f1cb242c18aae
ontology/mapped_taxonomy_corrected.manifest.json	4204	c853f26e8f27b1300552828e8bd0d96e802960f9cb89c7a6c9d3572730b46a1d
ontology/mapped_taxonomy_corrected.tsv	3997202	35dac225c30df165a8a0dc6c510749ca7f62a3574051880fd9f58fd2ebdb65a8
ontology/ncbitaxon_module.owl	613915	53281f99e31738c7e8f8c455ebd8d4b235518fc10d776b86f8912a666c5a6b46
ontology/ncbitaxon_release_identity.json	742	bc320e08b6a93f73c533a6f9ec5192de9daaa64d0655cf82a98e9fd40d98f093
ontology/rubalkhali.owl	128996	9c9a435c98c815dfd755ac7787f5f25bab0514a0457e4d3ea03e37fde486b98e
ontology/rubalkhali_controls.owl	506657	de8d99575800b8a1109627861f0df895545bbc54b69724ca2ea8758cb5dcdb2c
ontology/rubalkhali_controls.ttl	304252	e56255b9129e71c867429331c10a8128cd425f623667a4bf669cd95aec0be9d8
ontology/rubalkhali_dna.owl	3988180	44a5c549800299e5de1ea4cf725a92224624068210391693c54a3376ea82a608
ontology/rubalkhali_kb.owl	121544	cfa04ed4cc3693ce626a880a0a3332b67eaacbd0c214f08d1434395fad96c37c
ontology/rubalkhali_measurements.owl	27522832	29391e4b91d441b1dacb19767e04c8a79c9031ec9290ca3e6fa7d975f4a079a1
ontology/rubalkhali_ph_eq_ph_shared_v1_0_0.owl	2376965	6d40ee6bee6c5c2c1732af3add56dbca26467f88be37a18b355a62d1dd120716
ontology/rubalkhali_ph_eq_ph_shared_v1_0_0.ttl	4167015	22a36f62d64bf38e0efc06d31f3104dd210f1518d205c7fb5032ddd8c42728cb
ontology/rubalkhali_qc.owl	7571078	bc858f728e2541f745f4e0107139f79f7e4077fce5d3fd628b803e52d0bc67e0
ontology/rubalkhali_samples.owl	2701346	ab9339969a861920ca8d734294d2a61f1e60e5f291314066f7f6b995987e937f
ontology/rubalkhali_sites.owl	87211	87db62ce596d20562525c9f93ee752e7d6fb0f425ff6ea5f67dfa37e820f8ea4
ontology/rubalkhali_sra.owl	3971140	b33687d3a5c0a2a740e087d431af7ebf723e9e1514af212983ebe9a2ba94617a
ontology/rubalkhali_taxonomy_abox.owl	1175	9f8a63739b90d5c2b9e7aace4cb8202971881554dcfce55afd20b60162648646
ontology/rubalkhali_taxonomy_rak.owl	138349	6afd256bc6e28111f4a1a74f1768e956feceb02456d099bbf7062173f551dede
ontology/rubalkhali_xrf.owl	25966489	5c9a7df5fdc53ed221d4a55c005ded8776d6615523a5546de910c7d9415fae5f
paper/01_introduction.tex	9582	69c1c6e15cfddf6ed754c7b9812a610ecf33656c1f02afeaaca115bc12989ec7
paper/02_methods.tex	34448	6281b8baf421c0bc861197a1c94bba648af85bad8883bc4d2a8522fa75e6435a
paper/02_methods_taxonomy.tex	4941	c5f72b403f888af5bb3397e68eff0bb5a89d7a99834035979cb8f0308f0daa5f
paper/03_knowledge_representation.tex	22598	427bee9e0a81394ac655edcc3f579d0e8345916ec96561b308acd745508fa44b
paper/04_data_records.tex	23303	08f10de9a10a2e2b142a5e070551be9d673f715e39597e386f7ea3d89027b27d
paper/05_validation.tex	15888	e69bdac51f4b6c7a271e8fc566332b1200804a0a37c23fdfbb283b9f1c749dd6
paper/06_usage.tex	11233	16becf653e225cd8c8878d1e90e18ec91c37e48425070077648de76b153fc5fc
paper/AUTHORITATIVE_MANUSCRIPT.md	314	e434d6e91a6044e418a271e5c136b53503ce922302e8c3137ae38819181032b9
paper/PRE_SUBMISSION_CHECKLIST.md	8714	fb7427f2701fe4393d5e02aa410983d03b5a47b0d09166514353481371a2bfd2
paper/README.md	586	2a673426450770edb36bdd6f983d41e3a1e3dc8e14290d0157c28687d989745d
paper/env_table.tex	26197	90fb40aee9b20b7d5533b5830a2c02079e81b22cf8ffb9da94cdb64d4acf9380
paper/kr_supplement.tex	22261	b0e2f09b6a634cc591be54f67177572b8f8acceb52a5b5b9c6355ef44287e31e
paper/sn-apacite.bst	146013	1c931a116ba5759952308c8d939fd348827e99a5c7bbce783b0310ea3cbc7e4d
paper/sn-aps.bst	29828	51464202b6682152fcd80583e0898c18b6abc5e8486ec98a9cbabea2004de15d
paper/sn-article.pdf	482299	87d9e42ff746253138a0e7ea57c92c052118cfef115684d9da49a2236129a58d
paper/sn-article.tex	3812	2f67959afe846b260cb94e4486b0f600159e109299de4ff50566e83d01375153
paper/sn-basic.bst	35515	4b368414cc5593169907933b417aacfdb0ce905866a39bdf55d21aad65e9d46c
paper/sn-bibliography.bib	35600	76e3e91d292fd0ab1c2c09e05bea423ad849d2ce3b0ba687e466846a89f23131
paper/sn-chicago.bst	33968	079647ab15887274acccfc3bd15b3e9928dd16adde8cfc95cf5f1bc5c98b7ba3
paper/sn-jnl.cls	55857	afdd709e43a76c1452c8696429d428b1c35a9339de050c7ca8a9b6f32c180556
paper/sn-mathphys-ay.bst	64023	6a2306683997db76b5e58190acea4dac360c742044114f6a923a4380fbab9008
paper/sn-mathphys-num.bst	64166	fbe2ad5ada72b1080791fc2ecf64455d68d815c3c1e3f9b77bdb50658548d734
paper/sn-nature.bst	37333	67052a89a0351d2b64b7f670a7ae95851880da68227fceb2069a4bd477e54d70
paper/sn-vancouver-ay.bst	39951	8f4603d045e2e24c304acc9aa9f4389dc0877811c24ff74d62de1a7dad3ebb63
paper/sn-vancouver-num.bst	40758	7fa6df12ec8e8945c86958a50fb703d181522745adcf72bf95a86f3633540e8a
paper/supplement.pdf	271094	14cdcbee7faecc04cffb6d780ca6a5f78cf519a3edcaa8e4631c34609f795b7f
paper/supplement.tex	1324	9f2a3e467c8f5b3aec992b956fb977684da73e682d65f3476fa1b7d1032023d5
paper/transect_altitude.png	38573	2f9594e384215f331b4143180f5870d2fb1edde4a034f37965b171a6b94c5af3
paper/xrf_table.tex	4384	078bfce28b1df68e3a968f9a0c296b970d812c42432266cd1dae3523c903e83f
pytest.ini	52	4551307f5b1a58adb7ec215d513089ba670b1737b81ada5a5863afe796d67343
scripts/amplicon/build_portable_samplesheet.py	8357	d0c6df98c1751d6cf64a65ec294544228311eac04f5b02e5521b354aa2dd1e9d
scripts/analysis/build_cache.py	6094	74327e95ad7a012db2519fec02c57ea76841dabd9575f74daeb106ec8b81fe6f
scripts/analysis/build_tree.py	2723	191803c593891185d51e8636c22b4efcf0387b4aad858900244fd4e27c4f5fe2
scripts/analysis/claim_rescue.py	38247	0bf7a632361b072b9350b7a26f021e7d4caa2ffbedaf9ee3797c1bb7d2dc747a
scripts/analysis/compare_ph_versions.py	5743	65d16a3ba45cca3faf8447f6fede0712d896120a2639711ca2dba47b9f369ced
scripts/analysis/compartment_composition_rescue.py	37306	2625852aa091ffa7e28cd009bbd9a6f756d60ed48c66d83f3fead5dccc9e1eed
scripts/analysis/cross_desert_context.py	17449	f32a8f07049ba6f0cfbc4c5f2461ac56397f5b697028c0626e96435188e92b53
scripts/analysis/depth_extraction_sensitivity.py	35195	8bbe6d8a5686aa6d1489e9c127e83bf04b7c71c1819cbf303685ef35c2d2ba61
scripts/analysis/distance_decay_turnover.py	20260	666c331eaa7991c6025da9e4a498b45e783759761a527a37290294983998d732
scripts/analysis/environment_associations.py	21669	9dbc318c871f84e81cde099292bfccad93f47b73c7aaff300624dd08260cfdce
scripts/analysis/evenness_decomposition_analysis.py	23341	50059c94e91a244c170fa5843cbf2932f5b1d47b7f0468c02cf860a6b28c263c
scripts/analysis/functional_redundancy_null.py	16798	8ddc8b402d597ae960b43eb0caa75061cb26518aa34e15ee72779f35f034ec7a
scripts/analysis/geographic_prediction.py	35540	23cb105c3266adb33939bb77d8f9cecb20d5a309d6c88ae8f7bc5f87fdf17191
scripts/analysis/make_submission_figures.py	37250	578a61e1a70204558ef8338ec71b6336a6941735ccd39a7508a75b2bf6134f55
scripts/analysis/measured_function_summary.py	26809	e7e7b1a8a56b4a5b7b690ee10ff19ca0ef7cedb4f83786b1b9b3fcf01f860925
scripts/analysis/midpoint_root_tree.py	1280	0b16b36e2828748949e9057b1eab69edbd421353baf4ac46ec77473727fb3757
scripts/analysis/ph_ecology_analysis.py	37163	4fd55dcffdb4f7a07f1f8dba8c3411180d7fdf8ec0bfd493db7bb8df544662b6
scripts/analysis/phylo_signal_test.py	9530	7617847d368f965eab3713f87e6a2d8a791ac539e357efcb5116ee741fe01e60
scripts/analysis/picrust2_ecology.py	31240	52f44796d79090378f4cefdde2c0dd7ea5e4401b29d43059a00b357fa9897d9d
scripts/analysis/pma_endpoint_analysis.py	16028	89a391c86a63e4fa755c3798afbd4b3ca7eb2a20b010d00ab1d96b860ab1bc82
scripts/analysis/primer_identity_audit.py	2978	a5ae9e31404957ae63e07b68cb248de776720bd11f528d1f6950d6ab60c63b37
scripts/analysis/rain_pulse_response.py	55706	c76a9ca4353db1cb723feb29048dad4875ae4c9ab925219c9c8194b0057ae725
scripts/analysis/rain_response_window.py	65003	2ebf7ae6538fa82eac0ef240529003b86806b046203c68e49aca128ae7cf3b54
scripts/analysis/render_ph_ecology_tex.py	10862	1b783ccd8046de1bcff7dff007c1ffdae8f89acba030755f24baacd7f205e98e
scripts/analysis/run_network_rescue.py	64264	cbe09ca987dfd0f31bf7e99785c68393e96d55c0a6f201ef4817d3fce6c0eb7a
scripts/analysis/run_ph_shared_v1.sh	2985	f18ddf2fe5c96a7d70ca8937d9dee4855df352cd7f262f8be8320ae985ffaf27
scripts/analysis/run_rain_pulse_suite.py	13469	ce57746998e35910071e3bebee9fc68776d41b4da4a3b9929f4ca987dfa64a51
scripts/analysis/spatial_resolution_sensitivity.py	14398	c93c56169c1b0fba6399ff2183490089aa2bca065bde510c6980c39b1f08dc11
scripts/analysis/spatial_turnover_rescue.py	20458	95f96b26469cb434da96704a2e9287d917ad19fa0d76346713f20eddf8b45c95
scripts/analysis/transect_altitude_figure.py	8017	1942aa00f0028d75cc95baad962d9adf9b156116f96c08a261ead06a82f4b253
scripts/analysis/xrf_community_clr_sensitivity.py	32483	7fe0e0109af120ae174f29b64436d97bb8038f76c23eb9b939505eedc0dfbcaf
scripts/analysis/xrf_community_rescue.py	19274	fedd76d333cebebcbfbae532f3088d14b225854fe6295532f8f39647c674be52
scripts/climate/build_rain_event_product_exposures.py	16764	a7d820414f7a79fba6f0f4e298789a3cea5dde4776a3a55b0961bc607764d4d1
scripts/climate/curate_climate_keys.py	13533	24b822910bc65dc9e2f3424e9084247638285648a2208f2e7ce3984aa23e52f0
scripts/climate/freeze_climate_acquisition.py	5865	18ff7e5758c121509dabc0d24fd7893543ce65c21563d4bbbd03e4e24542800d
scripts/climate/freeze_nasa_power_precipitation.py	4184	61268295da03ab9ef1e99d823bfc4533a3f3d8c041f0ec2645eaf8c66023f37b
scripts/controls/audit_positive_control_spillover.py	16790	7876e736e6ad02a3ffec3acee2195c61ef0807f087754dfa7545339a1d8f71c0
scripts/controls/build_control_inventory.py	13262	37770dac90bc476eef99e96ae4d604d06e6bdc7d987aec42dcea745f048fd1a2
scripts/controls/build_control_sensitivity_inputs.py	18439	469ec0016cf8a2b04d368a4a9abaaafeeaf980da7d52164fd41499ff75be8fed
scripts/controls/build_preliminary_identity.py	25723	7ac8eaf03bd7a8e2e1889cdf2f498451e304c59573e8f3f8fa301ab1dd22fc2b
scripts/controls/contaminant_prevalence.py	14191	8184d50a61d2e5159d94bbcb18a5a6d9e996f10650845c746c2a24d2d5e3b9a1
scripts/controls/replay_control_sensitivity_package.sh	5824	1ebd9d0e7acfd2d3cd3abbd539a10beabd478f7acef0fd067f0018c059f35585
scripts/controls/run_assay_aware_control_audit.py	32683	83d2b22df7f907be617414d0ed1fde500e5ed1cc20f6f7e6155b71a2604f1fea
scripts/controls/run_control_ecology_sensitivity.sh	4762	e384bec53a1bac54a9a26a4089bb4a9d727f14d7678842841e54661903403944
scripts/controls/stage_control_release.py	30392	ec4016f8ab299f924cec05a2e27c9bc86436f372b942c840463369e6871c4dbd
scripts/controls/summarize_control_ecology_sensitivity.py	13676	8aab808a1709a3b8b6bd57d5a0b389e2c43d245c88dfb47f53e3f0c79f81349c
scripts/controls/write_control_manifests.py	2397	af2c8b92a23ebdd85a212b0f3ec7dde711cc353b0d0d33bea87cfa6570b538db
scripts/manuscript/audit_bibliography_custody.py	8205	90e21e3de5cdb61ff676e5c9cb4ffc90d3ef289508b30171b811cc149f9667b7
scripts/manuscript/audit_xrf_inventory.py	4164	055ec172f94479d91f57548fc0d97f470d02a6c5dda95288c2f34531895a7cd7
scripts/manuscript/benchmark_cqs.py	7913	840d35a4c1c877ab3d0e6a94455613d2e26d853b6a5a70ca47f54aee3d7af091
scripts/manuscript/benchmark_elk.groovy	3653	727c882d6256a124093dc880179ca66ce31cf7b1da8b7741bba98b4556c0c103
scripts/manuscript/build_companion_release_inputs.py	10961	3287c11b174e33b50c7940570e9b827b1b0ef87892d500034864a1666c22d9cc
scripts/manuscript/build_reviewer_package.py	14446	ccff3d22966b6ef61e0bac854a0924feaa705b162ef8014fd35270fdde1fc37c
scripts/manuscript/check_cross_paper_consistency.py	10098	fa15ac70f97ccd1bbf93ed5b10287f6ff603ba65dfb4ede12c36f79642955717
scripts/manuscript/generate_env_table.py	23024	338a75a4e95af03264060161f15ca6b2675b089cba9c2fbc66e7fae933297c0c
scripts/manuscript/generate_xrf_table.py	5050	584707a6bcfa1b7a9ce9fceba0617045663f65d5fc833183071098f51ccf8db7
scripts/manuscript/get_stats.py	1151	27949442eee4df7985668fc45ef2524e0294dee576068ae9f8bd9542fa7763d5
scripts/manuscript/reconcile_accessions.py	10113	da9c8e73672e396c3160b7ad402c81a3f14c22b2584c44005a3de15bd7b39cae
scripts/manuscript/run_with_rss.py	1878	065ec88c4ea7c4866fa55c03b84f4fed4887387f17e36d7ac5542e726e54e9eb
scripts/manuscript/smoke_test_reviewer_package.py	12072	5408a11244fbfeca0a80ed1ee9589bf7bca1a21b888bec3fe0550451b614371b
scripts/manuscript/test_manuscript_consistency.py	44122	dfe984d6b50abf912a5a0dfe24ea4eb01b976f928fd3c2b282e32edadd214d2f
scripts/manuscript/update_pre_release_manifest.py	33514	f3c0300e89ef6e322ef1ca5d068136104e6512162d75bca4121c6442067edbd5
scripts/manuscript/verify_manuscript_listings.py	14251	e25e7b35b82846379c5dca86de51d7d2cfa1fc8117288ebf2ba6f1623be51f89
scripts/metadata/generate_env_table.py	23024	338a75a4e95af03264060161f15ca6b2675b089cba9c2fbc66e7fae933297c0c
scripts/rdf/MapToEcosystem.groovy	13316	29cd3056971bdc248d6e1d045503c574f05f05fda6822bc36a89289436bab598
scripts/rdf/generate_controls_abox.py	47913	11b4db904159a71eb30f522034dccd875190d6633bda088514087815841ae0bd
scripts/rdf/generate_dna_abox.groovy	14492	f46fa80464d3724b436f00ac4c77953bce66f5435e4e3598a2edbaaec6adca92
scripts/rdf/generate_measurements_abox.groovy	35572	8152db67c3c258dd395b3a002701766830df34a910eeeab185994682a17a778d
scripts/rdf/generate_ph_dataset.py	31367	9a054c6093f9c3e58e6026566c8e3ea0ce70e91bc0b3d5800087fb15883163e6
scripts/rdf/generate_qc_abox.groovy	16082	476f6d9de13bf98f1b5fe3dea2825f8025a256981f8d42675a0e356085a46033
scripts/rdf/generate_samples_abox.groovy	14518	6ab90411a58a253a4982c2d30cd74a104b1e32b4240c3bdd76bc93798cf35b87
scripts/rdf/generate_site_ontology.groovy	11649	b8e306854bcd8c3fa5f9f81bb44a5421a216ec68875f87e3277c02c535f7c431
scripts/rdf/generate_sra_abox.groovy	9831	ed04d40a7b5f697098297b2b3f40ee7686df2a5aa87767737527058fbcc9bdae
scripts/rdf/generate_taxonomy_abox.groovy	42889	48142606a8684e54b89ffb1d2ebcfd74769fb444c5dd8c6b8d44c82100ce54f9
scripts/rdf/generate_xrf_abox.groovy	19010	cef7f73645340900fe20207ff2d1e044d80852a940c8f102fa38ae1e4f07c740
scripts/rdf/run_le_query.groovy	1506	dcbfe95e60ecd05710099525d7c8ce21157e66231513dcba3ff68683297bc2b7
scripts/rdf/update_rubalkhali_ontology.groovy	31582	43a9c6703c1767de151c60bfccfc34903d86259f0bf97298063a110feba933ab
scripts/release/add_package_paths_to_analysis_manifest.py	3484	4ea3a23295d315b69f9f0e3e35345f351eb1237e8f9529adaedd6f1f6dd5a5ab
scripts/release/bootstrap_package_layout.sh	6667	5691ab70b196e8b633f51a54c17ae9f7e61150f0e25ac69fa11f5b5ceecd7a30
scripts/release/build_release_evidence.py	35903	85e07b6ba47d8eced5e2dd546a1dc0f60eceb9b27c978a3eae1887ca400efc25
scripts/release/build_repository_manifest.py	2470	77f1a713edb74c1b64339352fd0a71d0f6ce6a5fb57b6ce3db3ae71a81ba5993
scripts/release/download_bulk_artifacts.sh	4523	e6dcb367126ad817c0fb58de4ade54ceec8118fd20f834150251277fc80f2d15
scripts/release/verify_repository.py	4713	f14737879bf30806f6c72c7e2a0c9dbf3870c35b79c473d3edbd92ed8332fd99
scripts/taxonomy-alignment/ConvertInatToOwl.groovy	6354	37db888fadda16e87571c486d009f5e78ffbc188341c00d53b74c98d3adcceae
scripts/taxonomy-alignment/GraftInat.groovy	8582	8e129361c0fd45ab4b958b8c725b333571a5616cfe4e57eb13372b4cd88c5a0e
scripts/taxonomy-alignment/LexicalAlign.groovy	9068	f0f4be05bb7be3fb1918e6744644e6d59fc7c36390b7b1107f37d2f54123131e
scripts/taxonomy-alignment/MergeTaxonomies.groovy	15243	6bed723736f554a2a37f9886eb2408e8921d3047c860769bc1ee74528fbc945f
scripts/taxonomy-alignment/PrepAgentCandidates.groovy	9973	ac191ac8c847baa0c5d3b3dbcf9e79eadd4ae35a45a1808f68745c4a2809f722
scripts/taxonomy-alignment/ResolveConflicts.groovy	8462	ba3aa7d8c484329641d7c8b12d969d794ce045e9b230db7429234a5c73f5115c
scripts/taxonomy-alignment/VerifySeeds.groovy	10828	246b851137819cfe05b9bc296586e3a4ed1237a37382270eadea3cc31f581a3a
scripts/taxonomy/__init__.py	75	c9b0d861d67bf5d02a5a310cafda00532a628e4f3bd33584c14d1a99e2c100a3
scripts/taxonomy/build_canonical_taxonomy.py	62308	33073c6209414b55048b8b14e7178122b47756e004ed016312395407081e2139
scripts/taxonomy/ncbi_index.py	12264	de1de0e493526b381ce38f9866834658fd46ba2f502b7c72cc9a409e858222fa
scripts/utils/fetch_daily_weather.py	4532	9fd09c7239d4590d29e577ccef7190af4ebb4046dc37f9e7cc7bbbc10b416322
scripts/utils/fetch_monthly_weather.py	8733	5e72aa1702c679c84adb3549e37841f11ebb489d692cea34c8e7db4fa5831610
scripts/validation/ShexValidate.java	3593	585ee17e85e55980137ca7186d8239412d85fc0af4d7a5e0e3095d9b0d44caf5
scripts/validation/VerifyTaxonomyCompleteness.groovy	5697	f63a12fb2d717adf94269c1a6b11b173bfd60e8cc2945aff22c45fa09e0d6fbe
scripts/validation/audit_taxonomy_mapping.py	18206	d922ca15574620a0c056acd28d556ebfe86a1ee162f8482d5ecfa059f144224c
scripts/validation/audit_taxonomy_source_schema.py	8045	cffed226841aff30fe88f8cb736ae79b90c947ef9145235015e4cb08686ee312
scripts/validation/audit_xrf_inventory.py	4164	055ec172f94479d91f57548fc0d97f470d02a6c5dda95288c2f34531895a7cd7
scripts/validation/check_iri_lengths.groovy	2219	79bf31c4088bed401cbf6cae1274545b0c18d6f46d22b1ec4f037e6b11f13b02
scripts/validation/check_iri_registry.py	7090	3faf90292da6fcd03c7e6c8619583115da59f404714337fb185a24e197e33c85
scripts/validation/debug_excel_headers.groovy	532	d27520326084f41d476392c26170862cf4c0a22a249748f6f8ea51fb9fca2f9a
scripts/validation/debug_plants_sheet.groovy	756	917f3555f6029d6212f925e075fd974eed8a6fb6f67246b2e36f0c32532c488f
scripts/validation/debug_plants_sheet_v2.groovy	754	eee610fb7537d8c61216f510af6a0d6423dab0931637dc088f3cc628b472a11a
scripts/validation/debug_sparql.groovy	993	d26962ade5bbd4fb33fc6edb6649fe612a3b1f2c6be9d53184a6658c55be1a93
scripts/validation/debug_taxonomy_duplication.groovy	1930	27f1e9809a03dacaaa51db3db56dd16ef3273fb4fce1ca52ec2801c8fdfc806d
scripts/validation/debug_trip_prefixes.groovy	779	f865b99d4d6ad1e8fa63166209b4bda6d80f1d6494d55a11989f7a72dceee775
scripts/validation/debug_visit_validation.groovy	1220	ab7ca26fdab1a870e05f9f00af3be45514d54aaaad75425f22bfe10401f8a9dc
scripts/validation/fetch_shex_jars.groovy	1246	ec26cf246675f0d049ddc73f483ddc3d40cbd4a4c145a9a24e67d0379d6ae271
scripts/validation/freeze_control_semantic_validation.py	12899	6050e73ced35e9b8806902f2ec9744b422bbfaf2873597bc68b04bf922426a16
scripts/validation/freeze_semantic_validation.py	5904	a65e8360acf0f85995964e1e9a81ab1dca61b598c37ce87df2bbbb52d5e3a35b
scripts/validation/inspect_measurement_process.groovy	1548	647ea1e5364f715b0351e69dc019ab394a822a068ba1f22571da77585835dfc4
scripts/validation/shexvalidate.sh	2278	c8bb1ed7100fa03fc67924697b2d540ffd1a7d7ec366c8a67833e0e4de95c1b4
scripts/validation/test_dna_generation.groovy	4291	9e963bf971f8bb0d52f04f94610a118019a17f685c418b37db8976e6d1faeb5c
scripts/validation/test_gtdb.sh	514	1bc22b09f31f9d149bf8818f0cc9ee22b613de86e7a471986a4be3fb9a6fa873
scripts/validation/test_remote_api.py	2717	f1c6cfa82debe4050bf781749648f7cec2ad59b0c183b813dc89553c17bd511e
scripts/validation/test_remote_deployment.groovy	2940	e8613d1840e96c0cd617f8d46faace02f72aaacb40422a9f71fb721bfdfcd40b
scripts/validation/test_samples_endpoint.py	856	5f3270220978bf98cb141880bdcad0f7b8e63ca14408dd4efb55a66066bd9597
scripts/validation/test_sparql_queries.groovy	4068	fed8fb2722cbc2a798c8e5996090c7bcab2337707dc939c25c784f1eac4f4b77
scripts/validation/test_virtuoso_sparql.groovy	6570	54afe9c6076074855029187be924c2342aca107835a32eb58b2f2005ab2f2914
scripts/validation/test_xrf_process.py	1234	67c13b8953594ab5757200034fe806a20e7a24aaa9d27f47931b9f3636a77882
scripts/validation/test_xrf_shex.groovy	1991	45979a78e6530a28fac9c21b55f5f256e7c019ba57b15b37ffe5e8f32808ff08
scripts/validation/validate_all.sh	4881	f972c64d24bf21768af97085d9df22d863ffe3685e9f0db63880983fa409139a
scripts/validation/validate_competency_query.py	4236	5b9a80abd9cf4ac72973bc286b88afc4203b19bed1d7d62292c832a80ba2affe
scripts/validation/validate_consistency.groovy	9557	d692c4ad2bf2ea8e2e7de157ac1d8090ce5b1ff45d988e9b63190420cd820570
scripts/validation/validate_controls.py	27045	7c9d942f6c1eb6719746acbf8b704f788b6d1e345de4541456b21e08f2de7746
scripts/validation/validate_dna_generation.groovy	2242	68167f00bf824f0429b99286585c79f1da151dbd24476308dcd95c1851ddc02f
scripts/validation/validate_labels.groovy	7417	7e1f6afd0928227ac5ef34bdfc43d979c84660d3a98a20ed0a968c3b89195859
scripts/validation/validate_materialized.sh	4773	67f84645fa2beca5174f4a69b7a03bde6ea131baace5f97199e04b78c0c0c2e7
scripts/validation/validate_original.sh	3443	24bc88af3499ba2e5b22c38e7f9485b701c921bc376d1cfa80ee4843cf38046f
scripts/validation/validate_ph_ecology.py	15125	f22a6ab5947c49f4c9908a011400e78aa3fc1c785ab2ff1114066a821503eefe
scripts/validation/validate_rdf.groovy	9754	db60b5b9fa7daf7b3dd5e19f68b674fb00cf7eb5d9b7935a59b0e390d4d5d358
scripts/validation/validate_sequencing_results.py	6644	5060556ae08261040af330c210a606b33511065271e03a5b1b72278b403802b3
scripts/validation/validate_site_biome_completeness.py	4899	c8c1ac99e126eb4824476c171669edb81ada262c368edefa2942c9298fcead83
scripts/validation/validate_taxonomy_abox_streaming.py	49717	b4f59f44ada336920abc8da55e7dcf2f51af87240f9898ce67a1d8cd6a7b5a1d
scripts/validation/validate_taxonomy_abundance.groovy	5623	9c229d759d11e3a1e0724416d13fb175309c6ff2685828462c00b4260521ef90
scripts/validation/validate_taxonomy_values.groovy	3675	6dd83edf61eb8721f6c2b12d57e0c6b0f19d730bf74770101a3ec32cedcb90e0
scripts/validation/validate_taxonomy_virtuoso.groovy	1696	30e2ab446442d75b4555aa281d52aaa143f30b1611a75fcf538ab424feb46e1c
scripts/validation/validate_xrf_concentrations.groovy	4017	7701f14d4c0dd3c6ebc51a7657e5273517dd966f59bc2da54dab9d4c01fd0621
scripts/validation/validate_xrf_sample_types.groovy	7888	4b66f83d6d2df15fc270c07cd67f755560613a1888a3d5b454ed7e10fb5e5e35
scripts/validation/verify_manuscript_listings.py	14251	e25e7b35b82846379c5dca86de51d7d2cfa1fc8117288ebf2ba6f1623be51f89
scripts/validation/verify_xrf_integrity.groovy	5785	18e16dd1cd5a9b89a2e94c5551fc66b49faf03bc145cda074d354d6755731065
scripts/xrf/audit_xrf_chemical_mapping.py	19025	62edae8e19cb47196efae7aa006806c99cce1e8072f2caa03d5196280b6a5b81
scripts/xrf/audit_xrf_provenance.py	78939	2a2fd6d0589c5d5ab8b0f2b8ca633a0735624880c69eb5cfd2e0f67b30ca6c2e
scripts/xrf/audit_xrf_unit_evidence.py	6647	255b3b17eea85f9ba03b2152d633607995c14ec44a9accff86a09a8910ba714c
scripts/xrf/compare_xrf_profiles.py	5469	f5c7768f27f408dcb987690f97d7f904ff4e633f086e6bf3632eeb32090f940a
scripts/xrf/generate_vanta_measurements.sh	811	27ec35ab1def46cf3b8eb97854bd2e40380d0d484fa0e03a93c93cd1be7e8c75
scripts/xrf/normalize_xrf_chebi.groovy	3046	b88519d89d6f6f1fe223977d35022895458b56d060aac39527efb0cde465b887
scripts/xrf/process_consolidated_xlsx.py	7091	9450bbe697fbded6f445cdf5c1e0c96ae5bcfea12ac842a80e62c85190b286cc
scripts/xrf/process_trip5_lab_data.py	5332	2487db8f7314de17514f0332e3ab98a82595eb27d98993786032eda6e3032db8
scripts/xrf/requirements.txt	117	8596ff9747f18e6c405bf581cc5852f6a6f0347990bb8b7697ef16f0cee8dc7f
shex/controls.shex	3414	e96850844965d42cd7d96ae53d98e153d25afb74f11befbb7b0b213344e16894
shex/dna.shex	2674	75ed22e03e40ca5fd8505ef48682d5862990d408264a0f2318d8a3d8c06e65b2
shex/label_uniqueness.shex	692	046a6ea4ada02b83ab1251f34639ac1e378f3ffab8331a3313aaa23926f45a83
shex/measurements.shex	3135	f14345d209d99bcc1df68bff901db7ef41f82b001ec580778b2f777c5138981f
shex/ph_measurements.shex	2117	8bf074adfdfdc5e46b3b0a03df7b82c1179b0a9fdc2f50441a2503d54f9290a9
shex/qc.shex	2808	b766619cbcf2cdc4a3781f0793ff29b255ac66984c38bf3ec90cfa57f4a9c966
shex/samples.shex	1268	0b1002c411218ee697af72e65f131bbe8642c3ff35043330f21a89db16d0eff4
shex/sites.shex	1104	2095a9234ccae3e7ba7d7b273f91f6529192572badaa6e8da2e73a4cf9067bc4
shex/sra.shex	2334	deed1f49c34ea5e41704804871884b44de6630b585cb8c90c735b59fccea2976
shex/taxonomy.shex	2497	4fc652de1f7b2740f51f637390302290c43fe30d2833fc3f8d4423c09510cad5
shex/xrf.shex	1433	3f6a9dd627aad23a4dc06b2233b3c691b8c0df79ce4476027fc7c0207f2f3ab9
sparql/ODP.md	10053	ebbc2227f6426de22e6cdf07f06cdbf6ad38c5b554996f419fa6c0884bd90c35
sparql/SCHEMA.md	10174	4cb3b2de94678b4f9d08c1ffd036af3406439b234638bc7bc7003aa32a9f2fff
sparql/SPARQL.md	9399	d43820bb554591f9ebce607d0fab6895d0ee9eb341174ee1ca0e132a595d02e5
sparql/field_xrf_site10.rq	681	8a9e352277bdd674a1015ea90fdb9abf79bad3acd7ee41bb79cde14e8b7adcce
tests/shex_negatives/control_negative_missing_specification_source.ttl	961	a1c9dc7c3cefedba8f0c99d3ddb7f50115f340872e4fd6d9e061d6fbdb6e13b5
tests/shex_negatives/control_negative_wrong_blank_stage.ttl	939	d70d00cf97bc93214788953f5605a44c2e1418df0c82440696e30aa4a075497a
tests/shex_negatives/control_positive.ttl	2347	69571f99f5773ee64b4461b1225a5fdf175f7f1361aed017a2cfa70fa0cfddd0
tests/shex_negatives/negative_invalid_datatype.ttl	831	baf0bdf11f699d6e28d1c9c33b2ad1498567936213b02f1bdfccd5dbfaaa2239
tests/shex_negatives/negative_missing_coordinates.ttl	499	0ef72bc54174df9d4877b26565dae4502c9a076233889aaa6f6f8b3517a1c6a7
tests/shex_negatives/negative_missing_process_input.ttl	1084	3fb6606688d9ad5571694322a683d0fea4c8818972461223b111459aab2db72c
tests/shex_negatives/negative_reversed_measurement_link.ttl	852	652153c725ebe6687b8aad187f3a15f738ef0e930e49b8d7e013c19688df36f5
tests/shex_negatives/positive.ttl	995	40396d40ab3c7d53d79c86d45eecbad1335a7cfa291c91957b4aa6f2590c3b55
tests/shex_negatives/run_tests.groovy	6784	1796c6433504db7b43f8b19b08a410ff66fe0402972481a6fdc0853f8bc4e5c9
tests/shex_negatives/site_positive.ttl	474	fb25e897a6cc89d6524b800aa2ac0051a4b4d602b98af03c48e9a18be8e3ae7e
tests/shex_negatives/xrf_positive.ttl	1106	9e57d9085f85be73aa32b85e1a5b9aedad4a8fdf64b9cb6863ce71f8402c62f7
tests/test_canonical_taxonomy_builder.py	12552	e6c431649ce8058da78f9b6917c2b2b31d348b5efbcd16a4b42f267aefa278da
tests/test_control_author_confirmation.py	8367	b1d3423cecee88fde2a6888de2dd13fc1157c26dbda216cd94d28b352dd7825e
tests/test_control_kg.py	6913	50c13f550ea3827bab49c53c592eff5aadbc94af27d186cc3a14191d3aa3069f
tests/test_control_negative_invariants.py	2610	e928910767c08b78ccbcd160e6742a9f4e7d46472d4ecc782b4b8931b19a437c
tests/test_iri_registry.py	2855	599adff3de2baf6bdfc2fbf32d98dd6fce838c35fd5db064768f7f243ad1741b
tests/test_ph_shared.py	13358	46300b23b533fa3020b7b2b1537488e78bee0d7d7697b1ac5d6a545577939f45
tests/test_release_evidence.py	6889	b9dbb4d7268c6cc0083fb694dc2d8876b6f13882ee6e8c0cf032ad59300be201
tests/test_sample_visit_wiring.py	2877	258610a2bcab7aa51848da15e48ccb697f5129e38013690239e154359b9a6e9c
tests/test_samplesheet_environment.py	8522	58cbb873e282b7871756b4db47955ce71e77c56264dc30cdf2429fa38010ff33
tests/test_site_ontology_determinism.py	1751	9b015d510fa3b604781e5088f4c5ac46a7672386ddf4fbdb19b2c7433f6ab9e3
tests/test_taxonomy_abox_generator.py	15606	6831789f2887d3033fb512dc27a51e4602eb4199635a32311490251cb709b9a9
tests/test_taxonomy_abox_streaming.py	10096	8fba8c83a594ab87a9784a3a89ee4cb65612d64a62f74e789a6d2e253fd27f78
tests/test_taxonomy_mapping_audit.py	4491	e16002ab6e4e13740e997012e91811523814800a48fe750378d3b6c28ebbfe05
tests/test_transect_altitude_figure.py	2073	7b5e8dcb2ee785f2eb7d3a09ab08185df7afa1dacda9990b45455c1103f48861
tests/test_xrf_data.py	22737	7568b75731206be41c589cd724a4c50ca74da8990a29baa60a7ced376e5af494
tests/test_xrf_provenance_audit.py	5658	c81d2ea9789ea3901e6c4d306219bbb349092fa2db515e3906d7d0d4a281d735
void.ttl	709	207190299b2b8d28fa8d27c3ccf000bc02650218f4d29aa5328a81fbd96fee84
workflow/.gitignore	32	31c208306c6379657d16feceb089451bee6333b36295004d53230965c0d45b3d
workflow/README.md	16219	13be3f3b4145bd852e149a86f10fb4f69cc08788c103f9899af78e390bfb9f38
workflow/analysis_manifest.tsv	19964	16cfe26d54745e9a3d420194962ee7e449b274bd8a237c9d985fca24bbb12e4c
workflow/bin/bootstrap_nextflow.sh	2470	5751b74a9e3a953bed83b4ea3c6cdd091cc727723cfd661a4b2b411f1a76dfa3
workflow/bin/build_papers.sh	15583	4b5681d6df8833d77607cfd140a4e10eba959f40f127977f42d367d8afa90f31
workflow/bin/capture_execution_environment.sh	8350	40a9180c48b12d527ca6d4d68cd20f8dbfe56dfe33f44bc1f3fcff98d8d5b12d
workflow/bin/capture_provenance.sh	1173	9c961262247468d006a564ba77a62fa6e44ab2775ef4db394a6670543ae2e3f9
workflow/bin/capture_source_snapshot.py	13828	9b9e7a1a99f8948eeb22ae1281c0b3291e05f2477d027102482c96907a533c07
workflow/bin/pdf_metadata.py	3458	6229be4eee18697ca8a5556a6e2a50a80fc80b4ad02630f5408ffc545d2ce495
workflow/bin/run_control_analysis.sh	3711	eee7af6740929021dade15c486a0ad465d3526f723d7774ea07cb81cc7bbb816
workflow/bin/run_core_kg_generation.sh	12795	878948ed7e3978ffd8cf2dfa8332e69356f78b4d79516709365eebc57a7be6e4
workflow/bin/run_ecology_advanced.sh	3074	79589286224383c583c54ce38e486dbf803645809686f1058140055d9a6628cb
workflow/bin/run_ecology_core.sh	8187	7c8f8ccd5a1aeb0ac1fad88cf9da1417e58552bd23c49f3b6126f9ad3af205dc
workflow/bin/run_kg_validation.sh	14930	d12d6d21d00c7999562682c58b35d2f4678e4083813fe64edb0a4307221ada27
workflow/bin/run_rain_pulse_suite.sh	2653	48958b44767a7c08e382c0d4ff5cd0e69a20b92a4c55682635eaca987e14cc3e
workflow/bin/run_taxonomy_abox_generation.sh	3763	eee32a3d0fcce0d93e9cbc9a4d2794faba6f4f0f2f3ba9d485b5a326dda218ae
workflow/ibex/functional_redundancy_null.sbatch	1434	c699e1e9bbd21b2a80a72dc28d567592cf143c65dbc636e1142a44ebf876ba78
workflow/ibex/launch_debug.sbatch	816	65d5efac7042920045ce997c5b7456be17c223557855ed9656ebe6b0c8acd844
workflow/ibex/launch_full.sbatch	1500	9a6f17e4413442acc041fb01c611b2668eb6a4926b73a6461fce39337f810919
workflow/main.nf	33517	9ac7115a1723588e94d9229c7f52420637908391611d28f563a9483c87311638
workflow/nextflow.config	7498	70d123ef4dbeaf68587914f2e32ca2ec4ce01ff7fb0cdb88ad6d09fdfdf5e453
workflow/tests/test_capture_source_snapshot.py	5257	ec7b30b3f95ec1250946b1cfbd3da93287ff41d81c3b9fe4a9997f967b28ece6
workflow/tests/test_competency_query_validator.py	2332	184f02f86bc2ebec9c16ea55aa4f37c3f76a0b878c323230d7da0cc5e832ca2c
workflow/tests/test_core_kg_wiring.py	3192	0ee71ef8062216b2ef3f21ae7896c4e0a6382aec06a0a79ca07fdcc64842301a
workflow/tests/test_data_paper_figure_wiring.py	3113	23a5bfd249ccc8fcde3553e4cccb76860d7ff9b66e1952831449c5b1c1d0e548
workflow/tests/test_ecology_workflow_wiring.py	5429	6365c796b9ef77b9f7ef7861a24e5d1be68430ac8ab2c9977cbfb29c7ee735f0
workflow/tests/test_environment_lock_alignment.py	1857	24088ebeb833555be478f340428b81dce869284e21625d2c89761032fc1c35fa
workflow/tests/test_package_sample_visit_wiring.py	2726	b811274dbd42c295e454b618d74fa745d16dfb8f9971cada25959f63e4321939
workflow/tests/test_release_dictionary.py	946	631a431969a30fea023a59defe1ccf23238c8cae186bf056670cfd796f48abc9
