profile	trip	site	compartment	depth	lat	lon	lib_series	lib_number	dna_conc	dna_kit
e0325_10Dr2	1	10	Deep	503679.0	19.420469722222222	46.460795277777784	JUL_M25	325	0.023396143844205	Pro
e0326_10PRr2	1	10	Rhizosphere	234734.0	19.420469722222222	46.460795277777784	JUL_M25	326	0	Pro
e0327_10Sr2	1	10	Surface	1634081.0	19.420469722222222	46.460795277777784	JUL_M25	327	0.015569376299201	Pro
e0328_10Sr3	1	10	Surface	1049003.0	19.420469722222222	46.460795277777784	JUL_M25	328	0.009257466988714	Pro
e0329_11Dr3	1	11	Deep	152441.0	19.44435222222222	46.6356325	JUL_M25	329	5.34025399123065	Pro
e0330_11PRr3	1	11	Rhizosphere	847369.0	19.44435222222222	46.6356325	JUL_M25	330		
e0331_11Sr2	1	11	Surface	125604.0	19.44435222222222	46.6356325	JUL_M25	331	0.00324011344605	Pro
e0332_12PRr1	1	12	Rhizosphere	43484.0	19.47793361111111	46.83437333333334	JUL_M25	332	0.014896105972749	Pro
e0333_12PRr3	1	12	Rhizosphere	311186.0	19.47793361111111	46.83437333333334	JUL_M25	333	0.062782457941644	Pro
e0334_12Sr1	1	12	Surface	182291.0	19.47793361111111	46.83437333333334	JUL_M25	334	0.008331720289843	Pro
e0335_12Sr3	1	12	Surface	145306.0	19.47793361111111	46.83437333333334	JUL_M25	335	0	Pro
e0336_13Dr1	1	13	Deep	473455.0	19.52934611111111	47.053284444444444	JUL_M25	336	0.013128771365813	Pro
e0337_13Dr3	1	13	Deep	1852185.0	19.52934611111111	47.053284444444444	JUL_M25	337	0.002945557678227	Pro
e0338_13Sr2	1	13	Surface	357173.0	19.52934611111111	47.053284444444444	JUL_M25	338	0.01321293015662	Pro
e0339_14Dr1	1	14	Deep	655184.0	19.581338055555555	47.2920225	JUL_M25	339	0.014391153227911	Pro
e0340_14Dr3	1	14	Deep	1195294.0	19.581338055555555	47.2920225	JUL_M25	340	1.3103102934617	PowerSoil
e0341_14PRr1	1	14	Rhizosphere	529395.0	19.581338055555555	47.2920225	JUL_M25	341	1.44454356479806	Pro
e0342_14PRr2	1	14	Rhizosphere	458988.0	19.581338055555555	47.2920225	JUL_M25	342	7.17070769127189	Pro
e0343_14Sr2	1	14	Surface	1079644.0	19.581338055555555	47.2920225	JUL_M25	343	0.415281553234643	Pro
e0344_15Dr1	1	15	Deep	943660.0	19.613749722222224	47.47587194444445	JUL_M25	344	0.060720567566885	Pro
e0345_15Dr3	1	15	Deep	1181250.0	19.613749722222224	47.47587194444445	JUL_M25	345	0.028193194920175	Pro
e0346_15PRr1	1	15	Rhizosphere	532453.0	19.613749722222224	47.47587194444445	JUL_M25	346	0.835654713313079	PowerSoil
e0347_15PRr2	1	15	Rhizosphere	909284.0	19.613749722222224	47.47587194444445	JUL_M25	347	0.793996111863865	Pro
e0348_15PRr3	1	15	Rhizosphere	594206.0	19.613749722222224	47.47587194444445	JUL_M25	348	0.4523114211895	Pro
e0349_15Sr1	1	15	Surface	900509.0	19.613749722222224	47.47587194444445	JUL_M25	349	0.047675954991879	Pro
e0350_15Sr3	1	15	Surface	71452.0	19.613749722222224	47.47587194444445	JUL_M25	350	0.011740151317506	Pro
e0351_16Dr1	1	16	Deep	416803.0	19.644455833333332	47.62611861111111	JUL_M25	351	0.038460567398568	Pro
e0352_16Dr3	1	16	Deep	120288.0	19.644455833333332	47.62611861111111	JUL_M25	352	0.017420869696944	Pro
e0353_16PRr2	1	16	Rhizosphere	869078.0	19.644455833333332	47.62611861111111	JUL_M25	353	0.04704476406083	Pro
e0354_16PRr3	1	16	Rhizosphere	822232.0	19.644455833333332	47.62611861111111	JUL_M25	354	0.056428469235754	Pro
e0355_16Sr1	1	16	Surface	214146.0	19.644455833333332	47.62611861111111	JUL_M25	355	0.033789754508807	Pro
e0356_17Dr1	1	17	Deep	133041.0	19.676460000000002	47.82730555555556	JUL_M25	356	0.02099761830622	Pro
e0357_17Dr3	1	17	Deep	145553.0	19.676460000000002	47.82730555555556	JUL_M25	357	0.01152975434049	Pro
e0358_17PRr2	1	17	Rhizosphere	218408.0	19.676460000000002	47.82730555555556	JUL_M25	358	4.00928271462596	Pro
e0359_18PRr1	1	18	Rhizosphere	701029.0	19.732518055555555	48.046860555555554	JUL_M25	359	0.075784991121248	Pro
e0360_18PRr2	1	18	Rhizosphere	554215.0	19.732518055555555	48.046860555555554	JUL_M25	360	9.11898369844222	Pro
e0361_18Sr1	1	18	Surface	41294.0	19.732518055555555	48.046860555555554	JUL_M25	361	0	Pro
e0362_18Sr2	1	18	Surface	188918.0	19.732518055555555	48.046860555555554	JUL_M25	362	0.00336635163226	Pro
e0363_19Dr2	1	19	Deep	141570.0	19.81231916666667	48.24049472222222	JUL_M25	363	0.002693081305808	PowerSoil
e0364_1Dr1	1	1	Deep	80130.0	19.149770555555556	45.166511388888885	JUL_M25	364	0.4565193607	PowerSoil
e0365_1Dr2	1	1	Deep	127644.0	19.149770555555556	45.166511388888885	JUL_M25	365	5.403373084	PowerSoil
e0366_1PRr2	1	1	Rhizosphere	234664.0	19.149770555555556	45.166511388888885	JUL_M25	366	6.3147509	PowerSoil
e0367_1PRr3	1	1	Rhizosphere	186884.0	19.149770555555556	45.166511388888885	JUL_M25	367	9.758590509	PowerSoil
e0368_1Sr1	1	1	Surface	466832.0	19.149770555555556	45.166511388888885	JUL_M25	368	0.01451739141	Pro
e0369_1Sr3	1	1	Surface	448797.0	19.149770555555556	45.166511388888885	JUL_M25	369	0.4157023472	PowerSoil
e0370_20Dr2	1	20	Deep	227053.0	19.869310833333333	48.42464444444444	JUL_M25	370	0	Pro
e0371_20PRr1	1	20	Rhizosphere	431003.0	19.869310833333333	48.42464444444444	JUL_M25	371	0	Pro
e0372_20PRr2	1	20	Rhizosphere	403872.0	19.869310833333333	48.42464444444444	JUL_M25	372	0.013699803065331	Pro
e0373_21Dr1	1	21	Deep	355097.0	19.9011325	48.48646388888889	JUL_M25	373		
e0374_21Sr1	1	21	Surface	365318.0	19.9011325	48.48646388888889	JUL_M25	374	0	Pro
e0375_21Sr2	1	21	Surface	423925.0	19.9011325	48.48646388888889	JUL_M25	375		
e0376_22Dr1	1	22	Deep	520766.0	19.97866972222222	48.63943555555556	JUL_M25	376	0.62218511858892	Pro
e0377_22Dr2	1	22	Deep	645847.0	19.97866972222222	48.63943555555556	JUL_M25	377	0.033222022433428	Pro
e0378_22PRr1	1	22	Rhizosphere	182436.0	19.97866972222222	48.63943555555556	JUL_M25	378	0.069440876787396	Pro
e0379_22PRr3	1	22	Rhizosphere	473079.0	19.97866972222222	48.63943555555556	JUL_M25	379	0.041912835002997	Pro
e0380_23Dr1	1	23	Deep	221753.0	20.049265555555557	48.773331388888884	JUL_M25	380	0	Pro
e0381_23Sr2	1	23	Surface	621961.0	20.049265555555557	48.773331388888884	JUL_M25	381		
e0382_24Dr1	1	24	Deep	488598.0	20.09273861111111	48.89939527777778	JUL_M25	382	0.001712475383166	Pro
e0383_24Dr2	1	24	Deep	510802.0	20.09273861111111	48.89939527777778	JUL_M25	383	0.067343094443017	Pro
e0385_25Dr1	1	25	Deep	798052.0	20.100259722222223	48.95421972222223	JUL_M25	385	0.007063960955561	Pro
e0386_25Dr3	1	25	Deep	499676.0	20.100259722222223	48.95421972222223	JUL_M25	386	0.004538059765391	Pro
e0387_25PRr2	1	25	Rhizosphere	375595.0	20.100259722222223	48.95421972222223	JUL_M25	387	0.720224334275195	Pro
e0388_25Sr1	1	25	Surface	376969.0	20.100259722222223	48.95421972222223	JUL_M25	388	0	Pro
e0389_25Sr2	1	25	Surface	817704.0	20.100259722222223	48.95421972222223	JUL_M25	389	0	Pro
e0390_26Dr1	1	26	Deep	446320.0	20.148753888888887	49.07873861111111	JUL_M25	390	0	Pro
e0391_26Dr2	1	26	Deep	498989.0	20.148753888888887	49.07873861111111	JUL_M25	391	0	Pro
e0392_26Dr3	1	26	Deep	574611.0	20.148753888888887	49.07873861111111	JUL_M25	392	0	PowerSoil
e0393_26PRr2	1	26	Rhizosphere	248983.0	20.148753888888887	49.07873861111111	JUL_M25	393	0.011559208836373	Pro
e0394_26PRr3	1	26	Rhizosphere	100296.0	20.148753888888887	49.07873861111111	JUL_M25	394	0	Pro
e0395_26Sr2	1	26	Surface	650203.0	20.148753888888887	49.07873861111111	JUL_M25	395	0.004152752804178	Pro
e0396_26Sr3	1	26	Surface	588644.0	20.148753888888887	49.07873861111111	JUL_M25	396	0	Pro
e0397_27Dr1	1	27	Deep	740948.0	20.2038574	49.1959834	JUL_M25	397	0	Pro
e0398_27Dr3	1	27	Deep	564013.0	20.2038574	49.1959834	JUL_M25	398	0.057796044181865	Pro
e0399_27PRr1	1	27	Rhizosphere	423526.0	20.2038574	49.1959834	JUL_M25	399		
e0400_27PRr2	1	27	Rhizosphere	443610.0	20.2038574	49.1959834	JUL_M25	400	0.141707337957017	Pro
e0401_27Sr2	1	27	Surface	630451.0	20.2038574	49.1959834	JUL_M25	401	0	Pro
e0402_27Sr3	1	27	Surface	768933.0	20.2038574	49.1959834	JUL_M25	402	0	Pro
e0403_28Dr1	1	28	Deep	258543.0	20.24376861111111	49.37088472222222	JUL_M25	403	0	Pro
e0404_28Dr3	1	28	Deep	202314.0	20.24376861111111	49.37088472222222	JUL_M25	404	0	Pro
e0405_28PRr3	1	28	Rhizosphere	495049.0	20.24376861111111	49.37088472222222	JUL_M25	405	0.0288552	Pro
e0406_28Sr2	1	28	Surface	514475.0	20.24376861111111	49.37088472222222	JUL_M25	406	0	Pro
e0407_28Sr3	1	28	Surface	1158070.0	20.24376861111111	49.37088472222222	JUL_M25	407		
e0408_29Dr1	1	29	Deep	163295.0	20.2597976	49.5675445	JUL_M25	408	0	Pro
e0409_29Dr2	1	29	Deep	572404.0	20.2597976	49.5675445	JUL_M25	409	0	Pro
e0410_29Dr3	1	29	Deep	433370.0	20.2597976	49.5675445	JUL_M25	410	0	PowerSoil
e0411_29PRr1	1	29	Rhizosphere	368860.0	20.2597976	49.5675445	JUL_M25	411		
e0412_29PRr3	1	29	Rhizosphere	174179.0	20.2597976	49.5675445	JUL_M25	412	0.022334458516281	Pro
e0413_29Sr1	1	29	Surface	421606.0	20.2597976	49.5675445	JUL_M25	413	0	Pro
e0414_2Dr1	1	2	Deep	526775.0	19.203468333333333	45.2447675	JUL_M25	414		
e0415_2Dr3	1	2	Deep	925540.0	19.203468333333333	45.2447675	JUL_M25	415		
e0416_2PRr2	1	2	Rhizosphere	227586.0	19.203468333333333	45.2447675	JUL_M25	416	11.18929	Pro
e0417_2Sr3	1	2	Surface	666636.0	19.203468333333333	45.2447675	JUL_M25	417	0.8890955	PowerSoil
e0418_30Dr1	1	30	Deep	139558.0	20.269303055555554	49.68367333333333	JUL_M25	418	0	Pro
e0419_30PRr1	1	30	Rhizosphere	880174.0	20.269303055555554	49.68367333333333	JUL_M25	419	0.2375631	Pro
e0420_30PRr3	1	30	Rhizosphere	245489.0	20.269303055555554	49.68367333333333	JUL_M25	420	0.635028683962668	Pro
e0421_30Sr1	1	30	Surface	470055.0	20.269303055555554	49.68367333333333	JUL_M25	421	0	Pro
e0422_30Sr3	1	30	Surface	448049.0	20.269303055555554	49.68367333333333	JUL_M25	422		
e0423_31Dr2	1	31	Deep	462115.0	20.294623333333334	49.891405	JUL_M25	423	0	Pro
e0424_31PRr2	1	31	Rhizosphere	300114.0	20.294623333333334	49.891405	JUL_M25	424	0.713374432742529	Pro
e0425_31PRr3	1	31	Rhizosphere	227752.0	20.294623333333334	49.891405	JUL_M25	425	1.13592773353883	Pro
e0426_31Sr2	1	31	Surface	489913.0	20.294623333333334	49.891405	JUL_M25	426	0.011302337528898	Pro
e0427_32PRr2	1	32	Rhizosphere	657703.0	20.310684166666668	50.09302138888889	JUL_M25	427	0	PowerSoil
e0428_33Dr2	1	33	Deep	567168.0	20.317507777777777	50.30307027777778	JUL_M25	428	0.00560835687987	PowerSoil
e0429_33PRr1	1	33	Rhizosphere	328498.0	20.317507777777777	50.30307027777778	JUL_M25	429	0.016182892370922	Pro
e0430_33PRr2	1	33	Rhizosphere	396883.0	20.317507777777777	50.30307027777778	JUL_M25	430	0	Pro
e0431_33Sr1	1	33	Surface	140311.0	20.317507777777777	50.30307027777778	JUL_M25	431	0	Pro
e0432_34Dr2	1	34	Deep	543711.0	20.344394444444443	50.5153725	JUL_M25	432	0	Pro
e0433_34PRr1	1	34	Rhizosphere	274524.0	20.344394444444443	50.5153725	JUL_M25	433	0.979664354824899	
e0434_34PRr3	1	34	Rhizosphere	435953.0	20.344394444444443	50.5153725	JUL_M25	434	0.833247709564175	Pro
e0435_34Sr1	1	34	Surface	429096.0	20.344394444444443	50.5153725	JUL_M25	435	0	Pro
e0436_34Sr3	1	34	Surface	830488.0	20.344394444444443	50.5153725	JUL_M25	436	0	Pro
e0437_35Dr2	1	35	Deep	405578.0	20.371795833333334	50.72999222222222	JUL_M25	437	0	Pro
e0438_35Dr3	1	35	Deep	1708225.0	20.371795833333334	50.72999222222222	JUL_M25	438	0.000899049576162	Pro
e0439_35Sr2	1	35	Surface	768244.0	20.371795833333334	50.72999222222222	JUL_M25	439	0.024507866234485	Pro
e0440_36Dr2	1	36	Deep	270651.0	20.42319	51.14483	JUL_M25	440	0.195311882362242	Pro
e0441_36Dr3	1	36	Deep	622304.0	20.42319	51.14483	JUL_M25	441	0.024468337417978	Pro
e0442_36Sr3	1	36	Surface	48989.0	20.42319	51.14483	JUL_M25	442	0.001185864495217	Pro
e0443_37Dr2	1	37	Deep	357294.0	20.454150277777778	51.344883333333335	JUL_M25	443	0.022966242390703	Pro
e0444_37Dr3	1	37	Deep	210787.0	20.454150277777778	51.344883333333335	JUL_M25	444	0.001818325559333	Pro
e0445_37PRr2	1	37	Rhizosphere	376528.0	20.454150277777778	51.344883333333335	JUL_M25	445	1.2753972646059	Pro
e0446_37PRr3	1	37	Rhizosphere	529869.0	20.454150277777778	51.344883333333335	JUL_M25	446	0.425132421535299	Pro
e0447_37Sr1	1	37	Surface	472516.0	20.454150277777778	51.344883333333335	JUL_M25	447	0.005099217329433	Pro
e0448_37Sr2	1	37	Surface	70128.0	20.454150277777778	51.344883333333335	JUL_M25	448	0.021898964345008	Pro
e0449_38Dr2	1	38	Deep	382952.0	20.4610275	51.370224722222225	JUL_M25	449		
e0450_38Dr3	1	38	Deep	232842.0	20.4610275	51.370224722222225	JUL_M25	450	0.005454976677998	Pro
e0451_38PRr2	1	38	Rhizosphere	625188.0	20.4610275	51.370224722222225	JUL_M25	451	1.30148628350067	Pro
e0452_38Sr2	1	38	Surface	316594.0	20.4610275	51.370224722222225	JUL_M25	452		
e0453_39Dr2	1	39	Deep	20268.0	20.51023	51.59742	JUL_M25	453	0.020278282868211	
e0454_39PRr1	1	39	Rhizosphere	724952.0	20.51023	51.59742	JUL_M25	454	0.09917780061665	
e0455_39PRr3	1	39	Rhizosphere	201061.0	20.51023	51.59742	JUL_M25	455	0.290734445410704	Pro
e0456_39Sr3	1	39	Surface	132265.0	20.51023	51.59742	JUL_M25	456	0	Pro
e0457_3Dr2	1	3	Deep	569675.0	19.301079444444444	45.384414166666666	JUL_M25	457	0.07161913098	PowerSoil
e0458_3PRr1	1	3	Rhizosphere	295697.0	19.301079444444444	45.384414166666666	JUL_M25	458	0.4743005274	PowerSoil
e0459_3PRr3	1	3	Rhizosphere	232915.0	19.301079444444444	45.384414166666666	JUL_M25	459	0.8313875	PowerSoil
e0460_40Dr1	1	40	Deep	522507.0	20.54718	51.82559	JUL_M25	460		PowerSoil
e0461_40Dr2	1	40	Deep	39355.0	20.54718	51.82559	JUL_M25	461	0.008024349750968	Pro
e0462_40PRr2	1	40	Rhizosphere	227277.0	20.54718	51.82559	JUL_M25	462	0.013597912878488	Pro
e0463_41PRr2	1	41	Rhizosphere	330261.0	20.539777222222224	51.94610583333333	JUL_M25	463		
e0464_42Dr1	1	42	Deep	148967.0	20.55516	52.12403	JUL_M25	464	0.009091627796664	Pro
e0466_42PRr1	1	42	Rhizosphere	164059.0	20.55516	52.12403	JUL_M25	466	1.79006245553008	Pro
e0467_42PRr2	1	42	Rhizosphere	453138.0	20.55516	52.12403	JUL_M25	467		
e0468_42Sr1	1	42	Surface	113641.0	20.55516	52.12403	JUL_M25	468	0.02344058818879	Pro
e0469_42Sr2	1	42	Surface	405120.0	20.55516	52.12403	JUL_M25	469	0.029172266582339	PowerSoil
e0470_43Dr1	1	43	Deep	484466.0	20.567575555555557	52.22413277777778	JUL_M25	470	0.055577516009171	Pro
e0471_43Dr2	1	43	Deep	152625.0	20.567575555555557	52.22413277777778	JUL_M25	471	0.046169657680449	Pro
e0472_43PRr2	1	43	Rhizosphere	301967.0	20.567575555555557	52.22413277777778	JUL_M25	472	0.036761799351728	Pro
e0473_43Sr2	1	43	Surface	110391.0	20.567575555555557	52.22413277777778	JUL_M25	473	0.02415210688592	Pro
e0474_44Dr2	1	44	Deep	737956.0	20.56783	52.41036	JUL_M25	474	1.20187366590244	Pro
e0475_44PRr3	1	44	Rhizosphere	68024.0	20.56783	52.41036	JUL_M25	475	0.025100798482094	Pro
e0476_45Dr3	1	45	Deep	449178.0	20.56346	52.46776	JUL_M25	476		
e0477_45PRr2	1	45	Rhizosphere	258006.0	20.56346	52.46776	JUL_M25	477	7.96327772946478	Pro
e0478_46PRr1	1	46	Rhizosphere	2046.0	20.553746111111113	52.66920777777778	JUL_M25	478	0.014744248557198	Pro
e0480_47Dr2	1	47	Deep	259795.0	20.54181555555556	52.868785833333334	JUL_M25	480	0.012412048383271	Pro
e0481_47Dr3	1	47	Deep	49982.0	20.54181555555556	52.868785833333334	JUL_M25	481	0.023322001739268	Pro
e0482_47PRr1	1	47	Rhizosphere	21560.0	20.54181555555556	52.868785833333334	JUL_M25	482	0	Pro
e0483_47Sr1	1	47	Surface	382238.0	20.54181555555556	52.868785833333334	JUL_M25	483	0.029686141196933	Pro
e0484_48Dr2	1	48	Deep	175317.0	20.568648333333332	53.09404833333333	JUL_M25	484	0.346470076685904	Pro
e0486_48Sr2	1	48	Surface	300759.0	20.568648333333332	53.09404833333333	JUL_M25	486	65.4144596410783	Pro
e0487_49Dr2	1	49	Deep	191915.0	20.644662222222223	53.28794	JUL_M25	487	3.25065222547237	Pro
e0488_49Sr2	1	49	Surface	63756.0	20.644662222222223	53.28794	JUL_M25	488		
e0489_49Sr3	1	49	Surface	35349.0	20.644662222222223	53.28794	JUL_M25	489	0.015020950272749	PowerSoil
e0490_4Dr3	1	4	Deep	700555.0	19.379571666666667	45.55182694444444	JUL_M25	490	1.319988554	Pro
e0491_4PRr1	1	4	Rhizosphere	961183.0	19.379571666666667	45.55182694444444	JUL_M25	491	5.150896712	PowerSoil
e0492_4PRr2	1	4	Rhizosphere	763429.0	19.379571666666667	45.55182694444444	JUL_M25	492	0.3214445015	Pro
e0493_4PRr3	1	4	Rhizosphere	1143608.0	19.379571666666667	45.55182694444444	JUL_M25	493		
e0494_4Sr1	1	4	Surface	641748.0	19.379571666666667	45.55182694444444	JUL_M25	494	0.01906196612	Pro
e0495_50Dr1	1	50	Deep	43434.0	20.71385	53.4123	JUL_M25	495	17.620167602182	Pro
e0496_50Dr2	1	50	Deep	90101.0	20.71385	53.4123	JUL_M25	496		
e0497_50PRr2	1	50	Rhizosphere	534861.0	20.71385	53.4123	JUL_M25	497	0.159577832239703	Pro
e0498_50Sr1	1	50	Surface	103148.0	20.71385	53.4123	JUL_M25	498	0.011068068622026	Pro
e0499_50Sr3	1	50	Surface	23333.0	20.71385	53.4123	JUL_M25	499	0.006798956439244	Pro
e0500_51Dr1	1	51	Deep	1278036.0	20.7987	53.487	JUL_M25	500	0.716459799193612	Pro
e0501_51Dr3	1	51	Deep	688726.0	20.7987	53.487	JUL_M25	501	0.020120167602182	PowerSoil
e0502_51PRr3	1	51	Rhizosphere	333425.0	20.7987	53.487	JUL_M25	502	1.3082061823069	Pro
e0503_52Dr1	1	52	Deep	405299.0	20.82784	53.57835	JUL_M25	503	0.032848446517511	Pro
e0504_53Dr2	1	53	Deep	525288.0	20.851514166666668	53.75788444444444	JUL_M25	504	0.008522727272727	PowerSoil
e0505_53Dr3	1	53	Deep	24518.0	20.851514166666668	53.75788444444444	JUL_M25	505	0	Pro
e0506_53PRr2	1	53	Rhizosphere	486506.0	20.851514166666668	53.75788444444444	JUL_M25	506	0.056978233034571	PowerSoil
e0507_54PRr1	1	54	Rhizosphere	140880.0	20.92017888888889	53.962204444444446	JUL_M25	507	0.000920294494238	Pro
e0508_54PRr2	1	54	Rhizosphere	126880.0	20.92017888888889	53.962204444444446	JUL_M25	508	0.055097631241998	PowerSoil
e0509_54PRr3	1	54	Rhizosphere	2235.0	20.92017888888889	53.962204444444446	JUL_M25	509	0	Pro
e0510_54Sr1	1	54	Surface	1230.0	20.92017888888889	53.962204444444446	JUL_M25	510	0	Pro
e0511_54Sr2	1	54	Surface	7943.0	20.92017888888889	53.962204444444446	JUL_M25	511	0.007740920281211	PowerSoil
e0512_54Sr3	1	54	Surface	63080.0	20.92017888888889	53.962204444444446	JUL_M25	512	0	Pro
e0513_55Dr2	1	55	Deep	106266.0	20.9022725	54.0024376	JUL_M25	513	13.4106514084507	Pro
e0514_55PRr3	1	55	Rhizosphere	63950.0	20.9022725	54.0024376	JUL_M25	514	0.063660371318822	Pro
e0515_55Sr3	1	55	Surface	38195.0	20.9022725	54.0024376	JUL_M25	515	7.51276408450704	Pro
e0516_56Dr1	1	56	Deep	21885.0	20.821580833333332	54.22385916666667	JUL_M25	516	0.017005441741357	Pro
e0517_56Dr3	1	56	Deep	33492.0	20.821580833333332	54.22385916666667	JUL_M25	517	0	Pro
e0518_56Sr1	1	56	Surface	21640.0	20.821580833333332	54.22385916666667	JUL_M25	518	0	Pro
e0519_56Sr3	1	56	Surface	254964.0	20.821580833333332	54.22385916666667	JUL_M25	519	0.0010403	PowerSoil
e0520_57Dr3	1	57	Deep	31250.0	20.7349775	54.41764333333333	JUL_M25	520	0.002200704225352	Pro
e0521_57PRr3	1	57	Rhizosphere	426086.0	20.7349775	54.41764333333333	JUL_M25	521	0.00520166453265	Pro
e0522_58PRr1	1	58	Rhizosphere	197756.0	20.66540111111111	54.59327444444445	JUL_M25	522	0.022727272727273	Pro
e0523_58Sr2	1	58	Surface	14313.0	20.66540111111111	54.59327444444445	JUL_M25	523	0	Pro
e0524_58Sr3	1	58	Surface	3415.0	20.66540111111111	54.59327444444445	JUL_M25	524	0.000240076824584	Pro
e0525_59PRr3	1	59	Rhizosphere	8737.0	20.65626	54.635868055555555	JUL_M25	525	0.019486235595391	Pro
e0526_5Dr1	1	5	Deep	156969.0	19.407155277777775	45.659501388888884	JUL_M25	526	0.07149289279	Pro
e0527_5Sr1	1	5	Surface	244857.0	19.407155277777775	45.659501388888884	JUL_M25	527	0.02398525538	Pro
e0528_5Sr3	1	5	Surface	753668.0	19.407155277777775	45.659501388888884	JUL_M25	528	0.01405451806	Pro
e0529_60Sr3	1	60	Surface	142260.0	20.706374444444442	54.732105555555556	JUL_M25	529	0	PowerSoil
e0530_62PRr2	1	62	Rhizosphere	116619.0			JUL_M25	530	0.17737676056338	Pro
e0531_62Sr3	1	62	Surface	7769.0			JUL_M25	531	0	Pro
e0532_63PRr3	1	63	Rhizosphere	8574.0			JUL_M25	532	0.003000960307298	Pro
e0534_64Dr3	1	64	Deep	104449.0			JUL_M25	534	16.9357794494238	Pro
e0535_64PRr2	1	64	Rhizosphere	2823.0			JUL_M25	535	89.731073943662	Pro
e0536_64PRr3	1	64	Rhizosphere	21605.0			JUL_M25	536	86.9301776568502	Pro
e0537_64Sr1	1	64	Surface	124927.0			JUL_M25	537	0.832626440460947	Pro
e0538_64Sr2	1	64	Surface	268375.0			JUL_M25	538	1.15633002560819	Pro
e0539_64Sr3	1	64	Surface	224078.0			JUL_M25	539	1.0446943021767	Pro
e0540_6Dr1	1	6	Deep	963407.0	19.405739166666667	45.8161425	JUL_M25	540	2.488112571	Pro
e0541_6PRr2	1	6	Rhizosphere	852292.0	19.405739166666667	45.8161425	JUL_M25	541	3.389032426	
e0542_6Sr2	1	6	Surface	519335.0	19.405739166666667	45.8161425	JUL_M25	542	0.003702986795	Pro
e0543_7Sr1	1	7	Surface	148007.0	19.407005277777778	45.953943611111114	JUL_M25	543	0.0446462	Pro
e0544_7Sr2	1	7	Surface	53896.0	19.407005277777778	45.953943611111114	JUL_M25	544		
e0545_8Sr3	1	8	Surface	31544.0	19.393154166666665	46.110734722222226	JUL_M25	545	0.010014896105973	Pro
e0546_9Dr1	1	9	Deep	318005.0	19.411200277777777	46.30267361111111	JUL_M25	546	0.033579357531791	Pro
e0547_9Dr3	1	9	Deep	254617.0	19.411200277777777	46.30267361111111	JUL_M25	547		
e0548_9PRr2	1	9	Rhizosphere	462436.0	19.411200277777777	46.30267361111111	JUL_M25	548	0.022470397145334	Pro
e0549_9PRr3	1	9	Rhizosphere	19514.0	19.411200277777777	46.30267361111111	JUL_M25	549	0.035851644883566	Pro
e0550_9Sr1	1	9	Surface	366332.0	19.411200277777777	46.30267361111111	JUL_M25	550	0	PowerSoil
e0551_9Sr2	1	9	Surface	282631.0	19.411200277777777	46.30267361111111	JUL_M25	551		
e0552_9Sr3	1	9	Surface	129533.0	19.411200277777777	46.30267361111111	JUL_M25	552	0	Pro
e0592_S22PRr1	4	22	Rhizosphere	527445.0	19.97866972222222	48.63943555555556	JUL_M25	592		QIACube
e0593_S22Sr1	4	22	Surface	412497.0	19.97866972222222	48.63943555555556	JUL_M25	593		QIACube
e0594_S22Dr1	4	22	Deep	478018.0	19.97866972222222	48.63943555555556	JUL_M25	594		QIACube
e0595_S28PRr1	4	28	Rhizosphere	381757.0	20.24376861111111	49.37088472222222	JUL_M25	595		
e0596_S28Sr1	4	28	Surface	475638.0	20.24376861111111	49.37088472222222	JUL_M25	596		
e0597_S28Dr2	4	28	Deep	446785.0	20.24376861111111	49.37088472222222	JUL_M25	597		
e0598_S35PRr1	4	35	Rhizosphere	349063.0	20.371795833333334	50.72999222222222	JUL_M25	598		
e0599_S35Sr1	4	35	Surface	702152.0	20.371795833333334	50.72999222222222	JUL_M25	599		
e0600_S35Dr1	4	35	Deep	400056.0	20.371795833333334	50.72999222222222	JUL_M25	600		
e0601_S43PRr1	4	43	Rhizosphere	223024.0	20.567575555555557	52.22413277777778	JUL_M25	601		
e0602_S43Sr1	4	43	Surface	460770.0	20.567575555555557	52.22413277777778	JUL_M25	602		
e0603_S43Dr1	4	43	Deep	437288.0	20.567575555555557	52.22413277777778	JUL_M25	603		
e0604_S53PRr1	4	53	Rhizosphere	63649.0	20.851514166666668	53.75788444444444	JUL_M25	604		
e0605_S53Sr1	4	53	Surface	44735.0	20.851514166666668	53.75788444444444	JUL_M25	605		
e0606_S53Dr1	4	53	Deep	15697.0	20.851514166666668	53.75788444444444	JUL_M25	606		
e0607_S46PRr1	4	46	Rhizosphere	97674.0	20.553746111111113	52.66920777777778	JUL_M25	607		
e0608_S46Sr1	4	46	Surface	53792.0	20.553746111111113	52.66920777777778	JUL_M25	608		
e0609_S46Dr1	4	46	Deep	321601.0	20.553746111111113	52.66920777777778	JUL_M25	609		
e0610_S47PRr1	4	47	Rhizosphere	468453.0	20.54181555555556	52.868785833333334	JUL_M25	610		
e0611_S47Sr1	4	47	Surface	467362.0	20.54181555555556	52.868785833333334	JUL_M25	611		
e0612_S47Dr1	4	47	Deep	181613.0	20.54181555555556	52.868785833333334	JUL_M25	612		QIACube
e0613_S58PRr1	4	58	Rhizosphere	85984.0	20.66540111111111	54.59327444444445	JUL_M25	613		
e0614_S58Sr1	4	58	Surface	90160.0	20.66540111111111	54.59327444444445	JUL_M25	614		
e0615_S58Dr1	4	58	Deep	28112.0	20.66540111111111	54.59327444444445	JUL_M25	615		
e0616_S13PRr1	4	13	Rhizosphere	519732.0	19.52934611111111	47.053284444444444	JUL_M25	616		
e0617_S13Sr1	4	13	Surface	569978.0	19.52934611111111	47.053284444444444	JUL_M25	617		
e0618_S13Dr1	4	13	Deep	602152.0	19.52934611111111	47.053284444444444	JUL_M25	618		
e0619_S25PRr1	4	25	Rhizosphere	242997.0	20.100259722222223	48.95421972222223	JUL_M25	619		
e0620_S25Sr1	4	25	Surface	719569.0	20.100259722222223	48.95421972222223	JUL_M25	620		
e0621_S25Dr1	4	25	Deep	388881.0	20.100259722222223	48.95421972222223	JUL_M25	621		
e0622_S54PRr1	4	54	Rhizosphere	221041.0	20.92017888888889	53.962204444444446	JUL_M25	622		
e0623_S54Sr1	4	54	Surface	15266.0	20.92017888888889	53.962204444444446	JUL_M25	623		
e0624_S54Dr1	4	54	Deep	159416.0	20.92017888888889	53.962204444444446	JUL_M25	624		
e0625_S55PRr1	4	55	Rhizosphere	119617.0	20.9022725	54.0024376	JUL_M25	625		
e0626_S55Sr1	4	55	Surface	93822.0	20.9022725	54.0024376	JUL_M25	626		
e0627_S55Dr1	4	55	Deep	114126.0	20.9022725	54.0024376	JUL_M25	627		
e0628_S44PRr1	4	44	Rhizosphere	236291.0	20.56783	52.41036	JUL_M25	628		
e0629_S44Sr1	4	44	Surface	554370.0	20.56783	52.41036	JUL_M25	629		
e0630_S44Dr1	4	44	Deep	560521.0	20.56783	52.41036	JUL_M25	630		
e0631_S38PRr1	4	38	Rhizosphere	212973.0	20.4610275	51.370224722222225	JUL_M25	631		
e0632_S38Sr1	4	38	Surface	450747.0	20.4610275	51.370224722222225	JUL_M25	632		
e0633_S38Dr1	4	38	Deep	518648.0	20.4610275	51.370224722222225	JUL_M25	633		
e0634_S41PRr1	4	41	Rhizosphere	219888.0	20.539777222222224	51.94610583333333	JUL_M25	634		
e0635_S41Sr1	4	41	Surface	464378.0	20.539777222222224	51.94610583333333	JUL_M25	635		
e0636_S41Dr1	4	41	Deep	441537.0	20.539777222222224	51.94610583333333	JUL_M25	636		
e0637_S33PRr1	4	33	Rhizosphere	634824.0	20.317507777777777	50.30307027777778	JUL_M25	637		
e0638_S33Sr1	4	33	Surface	253904.0	20.317507777777777	50.30307027777778	JUL_M25	638		
e0639_S33Dr1	4	33	Deep	598794.0	20.317507777777777	50.30307027777778	JUL_M25	639		
e0640_S2Sr1	4	2	Surface	430872.0	19.203468333333333	45.2447675	JUL_M25	640		
e0641_S2Dr1	4	2	Deep	211591.0	19.203468333333333	45.2447675	JUL_M25	641		
e0642_S27PRr1	4	27	Rhizosphere	361496.0	20.2038574	49.1959834	JUL_M25	642		
e0643_S27Sr1	4	27	Surface	434304.0	20.2038574	49.1959834	JUL_M25	643		
e0644_S27Dr1	4	27	Deep	509270.0	20.2038574	49.1959834	JUL_M25	644		
e0645_S51PRr1	4	51	Rhizosphere	450329.0	20.7987	53.487	JUL_M25	645		
e0646_S51Sr1	4	51	Surface	63682.0	20.7987	53.487	JUL_M25	646		
e0647_S51Dr1	4	51	Deep	509352.0	20.7987	53.487	JUL_M25	647		
e0648_S16PRr1	4	16	Rhizosphere	357655.0	19.644455833333332	47.62611861111111	JUL_M25	648		
e0649_S16Sr1	4	16	Surface	618043.0	19.644455833333332	47.62611861111111	JUL_M25	649		
e0650_S16Dr1	4	16	Deep	475095.0	19.644455833333332	47.62611861111111	JUL_M25	650		
e0651_S56PRr1	4	56	Rhizosphere	37594.0	20.821580833333332	54.22385916666667	JUL_M25	651		
e0652_S56Sr1	4	56	Surface	34250.0	20.821580833333332	54.22385916666667	JUL_M25	652		
e0653_S56Dr1	4	56	Deep	25214.0	20.821580833333332	54.22385916666667	JUL_M25	653		
e0654_S57PRr1	4	57	Rhizosphere	115623.0	20.7349775	54.41764333333333	JUL_M25	654		
e0655_S57Sr1	4	57	Surface	302229.0	20.7349775	54.41764333333333	JUL_M25	655		
e0656_S57Dr1	4	57	Deep	134129.0	20.7349775	54.41764333333333	JUL_M25	656		
e0657_S60PRr1	4	60	Rhizosphere	269463.0	20.706374444444442	54.732105555555556	JUL_M25	657		
e0658_S60Sr1	4	60	Surface	37387.0	20.706374444444442	54.732105555555556	JUL_M25	658		
e0659_S60Dr1	4	60	Deep	476823.0	20.706374444444442	54.732105555555556	JUL_M25	659		
e0660_S37PRr1	4	37	Rhizosphere	436420.0	20.454150277777778	51.344883333333335	JUL_M25	660		
e0661_S37Sr1	4	37	Surface	351005.0	20.454150277777778	51.344883333333335	JUL_M25	661		
e0662_S37Dr1	4	37	Deep	489679.0	20.454150277777778	51.344883333333335	JUL_M25	662		
e0663_S49PRr1	4	49	Rhizosphere	46683.0	20.644662222222223	53.28794	JUL_M25	663		
e0664_S49Sr1	4	49	Surface	140943.0	20.644662222222223	53.28794	JUL_M25	664		
e0665_S49Dr1	4	49	Deep	178016.0	20.644662222222223	53.28794	JUL_M25	665		
e0666_S45PRr1	4	45	Rhizosphere	449184.0	20.56346	52.46776	JUL_M25	666		
e0667_S45Sr1	4	45	Surface	599288.0	20.56346	52.46776	JUL_M25	667		
e0668_S45Dr1	4	45	Deep	549047.0	20.56346	52.46776	JUL_M25	668		
e0669_S59PRr1	4	59	Rhizosphere	87477.0	20.65626	54.635868055555555	JUL_M25	669		
e0670_S59Sr1	4	59	Surface	194102.0	20.65626	54.635868055555555	JUL_M25	670		
e0671_S59Dr1	4	59	Deep	17783.0	20.65626	54.635868055555555	JUL_M25	671		
e0672_S4PRr1	4	4	Rhizosphere	194618.0	19.379571666666667	45.55182694444444	JUL_M25	672		
e0673_S4Sr1	4	4	Surface	391895.0	19.379571666666667	45.55182694444444	JUL_M25	673		
e0674_S4Dr1	4	4	Deep	416306.0	19.379571666666667	45.55182694444444	JUL_M25	674		
e0675_S8PRr1	4	8	Rhizosphere	563748.0	19.393154166666665	46.110734722222226	JUL_M25	675		
e0676_S8Sr1	4	8	Surface	543835.0	19.393154166666665	46.110734722222226	JUL_M25	676		
e0677_S8Dr1	4	8	Deep	583897.0	19.393154166666665	46.110734722222226	JUL_M25	677		
e0678_S11PRr1	4	11	Rhizosphere	259816.0	19.44435222222222	46.6356325	JUL_M25	678		
e0679_S11Sr1	4	11	Surface	490941.0	19.44435222222222	46.6356325	JUL_M25	679		
e0680_S11Dr1	4	11	Deep	443602.0	19.44435222222222	46.6356325	JUL_M25	680		
e0681_S36Sr1	4	36	Surface	422374.0	20.42319	51.14483	JUL_M25	681		
e0682_S36PRr1	4	36	Rhizosphere	198470.0	20.42319	51.14483	JUL_M25	682		
e0683_S36Dr1	4	36	Deep	471473.0	20.42319	51.14483	JUL_M25	683		
e0685_S6PRr1	4	6	Rhizosphere	507052.0	19.405739166666667	45.8161425	JUL_M25	685		
e0686_S6Sr1	4	6	Surface	795417.0	19.405739166666667	45.8161425	JUL_M25	686		
e0687_S6Dr1	4	6	Deep	367860.0	19.405739166666667	45.8161425	JUL_M25	687		
e0688_S9PRr1	4	9	Rhizosphere	99086.0	19.411200277777777	46.30267361111111	JUL_M25	688		
e0689_S9Sr1	4	9	Surface	518496.0	19.411200277777777	46.30267361111111	JUL_M25	689		
e0690_S9Dr1	4	9	Deep	339715.0	19.411200277777777	46.30267361111111	JUL_M25	690		
e0691_S12PRr1	4	12	Rhizosphere	290486.0	19.47793361111111	46.83437333333334	JUL_M25	691		
e0692_S12Sr1	4	12	Surface	883286.0	19.47793361111111	46.83437333333334	JUL_M25	692		
e0693_S12Dr1	4	12	Deep	637514.0	19.47793361111111	46.83437333333334	JUL_M25	693		
e0694_S15PRr1	4	15	Rhizosphere	355904.0	19.613749722222224	47.47587194444445	JUL_M25	694		
e0695_S15Sr1	4	15	Surface	594496.0	19.613749722222224	47.47587194444445	JUL_M25	695		
e0696_S15Dr1	4	15	Deep	477736.0	19.613749722222224	47.47587194444445	JUL_M25	696		
e0697_S17PRr1	4	17	Rhizosphere	195282.0	19.676460000000002	47.82730555555556	JUL_M25	697		
e0698_S17Sr1	4	17	Surface	481857.0	19.676460000000002	47.82730555555556	JUL_M25	698		
e0699_S17Dr1	4	17	Deep	522026.0	19.676460000000002	47.82730555555556	JUL_M25	699		
e0700_S23PRr1	4	23	Rhizosphere	296625.0	20.049265555555557	48.773331388888884	JUL_M25	700		
e0701_S23Sr1	4	23	Surface	541334.0	20.049265555555557	48.773331388888884	JUL_M25	701		
e0702_S23Dr1	4	23	Deep	160888.0	20.049265555555557	48.773331388888884	JUL_M25	702		
e0703_S29PRr1	4	29	Rhizosphere	443026.0	20.2597976	49.5675445	JUL_M25	703		
e0704_S29Sr1	4	29	Surface	444766.0	20.2597976	49.5675445	JUL_M25	704		
e0705_S29Dr1	4	29	Deep	575172.0	20.2597976	49.5675445	JUL_M25	705		
e0706_S30PRr1	4	30	Rhizosphere	148689.0	20.269303055555554	49.68367333333333	JUL_M25	706		
e0707_S30Sr1	4	30	Surface	481269.0	20.269303055555554	49.68367333333333	JUL_M25	707		
e0708_S30Dr1	4	30	Deep	541835.0	20.269303055555554	49.68367333333333	JUL_M25	708		
e0709_S3PRr1	4	3	Rhizosphere	322317.0	19.301079444444444	45.384414166666666	JUL_M25	709		
e0710_S3Sr1	4	3	Surface	504288.0	19.301079444444444	45.384414166666666	JUL_M25	710		
e0711_S3Dr1	4	3	Deep	550224.0	19.301079444444444	45.384414166666666	JUL_M25	711		
e0712_S7PRr1	4	7	Rhizosphere	221959.0	19.407005277777778	45.953943611111114	JUL_M25	712		
e0713_S7Sr1	4	7	Surface	529525.0	19.407005277777778	45.953943611111114	JUL_M25	713		
e0714_S7Dr1	4	7	Deep	556882.0	19.407005277777778	45.953943611111114	JUL_M25	714		
e0715_S14PRr1	4	14	Rhizosphere	209711.0	19.581338055555555	47.2920225	JUL_M25	715		
e0716_S14Sr1	4	14	Surface	403700.0	19.581338055555555	47.2920225	JUL_M25	716		
e0717_S14Dr1	4	14	Deep	652895.0	19.581338055555555	47.2920225	JUL_M25	717		
e0718_S21PRr1	4	21	Rhizosphere	137986.0	19.9011325	48.48646388888889	JUL_M25	718		
e0719_S21Sr1	4	21	Surface	379049.0	19.9011325	48.48646388888889	JUL_M25	719		
e0720_S21Dr1	4	21	Deep	483111.0	19.9011325	48.48646388888889	JUL_M25	720		
e0721_S31PRr1	4	31	Rhizosphere	36064.0	20.294623333333334	49.891405	JUL_M25	721		
e0722_S31Sr1	4	31	Surface	615421.0	20.294623333333334	49.891405	JUL_M25	722		
e0723_S31Dr1	4	31	Deep	490807.0	20.294623333333334	49.891405	JUL_M25	723		
e0724_S48PRr1	4	48	Rhizosphere	325754.0	20.568648333333332	53.09404833333333	JUL_M25	724		
e0725_S48Sr1	4	48	Surface	552873.0	20.568648333333332	53.09404833333333	JUL_M25	725		
e0726_S48Dr1	4	48	Deep	29529.0	20.568648333333332	53.09404833333333	JUL_M25	726		
e0727_S32PRr1	4	32	Rhizosphere	168044.0	20.310684166666668	50.09302138888889	JUL_M25	727		
e0728_S32Sr1	4	32	Surface	630929.0	20.310684166666668	50.09302138888889	JUL_M25	728		
e0729_S32Dr1	4	32	Deep	485503.0	20.310684166666668	50.09302138888889	JUL_M25	729		
e0730_S39PRr1	4	39	Rhizosphere	88140.0	20.51023	51.59742	JUL_M25	730		
e0731_S39Sr1	4	39	Surface	392885.0	20.51023	51.59742	JUL_M25	731		
e0732_S39Dr1	4	39	Deep	453888.0	20.51023	51.59742	JUL_M25	732		
e0733_S50PRr1	4	50	Rhizosphere	248627.0	20.71385	53.4123	JUL_M25	733		
e0734_S50Sr1	4	50	Surface	601146.0	20.71385	53.4123	JUL_M25	734		
e0735_S50Dr1	4	50	Deep	663527.0	20.71385	53.4123	JUL_M25	735		
e0736_S1PRr1	4	1	Rhizosphere	136718.0	19.149770555555556	45.166511388888885	JUL_M25	736		
e0737_S1Sr1	4	1	Surface	244296.0	19.149770555555556	45.166511388888885	JUL_M25	737		
e0738_S1Dr1	4	1	Deep	368561.0	19.149770555555556	45.166511388888885	JUL_M25	738		
e0739_S5PRr1	4	5	Rhizosphere	362651.0	19.407155277777775	45.659501388888884	JUL_M25	739		
e0740_S5Sr1	4	5	Surface	112226.0	19.407155277777775	45.659501388888884	JUL_M25	740		
e0741_S5Dr1	4	5	Deep	380915.0	19.407155277777775	45.659501388888884	JUL_M25	741		
e0742_S10PRr1	4	10	Rhizosphere	175679.0	19.420469722222222	46.460795277777784	JUL_M25	742		
e0743_S10Sr1	4	10	Surface	448414.0	19.420469722222222	46.460795277777784	JUL_M25	743		
e0744_S10Dr1	4	10	Deep	427301.0	19.420469722222222	46.460795277777784	JUL_M25	744		
e0745_S20PRr1	4	20	Rhizosphere	198502.0	19.869310833333333	48.42464444444444	JUL_M25	745		
e0746_S20Sr1	4	20	Surface	484245.0	19.869310833333333	48.42464444444444	JUL_M25	746		
e0747_S20Dr1	4	20	Deep	488075.0	19.869310833333333	48.42464444444444	JUL_M25	747		
e0748_S24PRr1	4	24	Rhizosphere	490020.0	20.09273861111111	48.89939527777778	JUL_M25	748		
e0749_S24Sr1	4	24	Surface	565700.0	20.09273861111111	48.89939527777778	JUL_M25	749		
e0750_S24Dr1	4	24	Deep	528256.0	20.09273861111111	48.89939527777778	JUL_M25	750		
e0751_S34PRr1	4	34	Rhizosphere	95569.0	20.344394444444443	50.5153725	JUL_M25	751		
e0752_S34Sr1	4	34	Surface	545675.0	20.344394444444443	50.5153725	JUL_M25	752		
e0754_S40Sr1	4	40	Surface	633853.0	20.54718	51.82559	JUL_M25	754		
e0755_S40Dr1	4	40	Deep	183318.0	20.54718	51.82559	JUL_M25	755		
e0756_S52PRr1	4	52	Rhizosphere	95285.0	20.82784	53.57835	JUL_M25	756		
e0757_S52Sr1	4	52	Surface	54874.0	20.82784	53.57835	JUL_M25	757		
e0758_S52Dr1	4	52	Deep	76639.0	20.82784	53.57835	JUL_M25	758		
e0759_S19PRr1	4	19	Rhizosphere	294742.0	19.81231916666667	48.24049472222222	JUL_M25	759		
e0760_S19Sr1	4	19	Surface	533436.0	19.81231916666667	48.24049472222222	JUL_M25	760		
e0761_S19Dr1	4	19	Deep	167221.0	19.81231916666667	48.24049472222222	JUL_M25	761		
e0762_S26PRr1	4	26	Rhizosphere	52990.0	20.148753888888887	49.07873861111111	JUL_M25	762		
e0763_S26Sr1	4	26	Surface	491484.0	20.148753888888887	49.07873861111111	JUL_M25	763		
e0764_S26Dr1	4	26	Deep	512137.0	20.148753888888887	49.07873861111111	JUL_M25	764		
e0765_S42PRr1	4	42	Rhizosphere	89400.0	20.55516	52.12403	JUL_M25	765		
e0766_S42Sr1	4	42	Surface	491030.0	20.55516	52.12403	JUL_M25	766		
e0767_S42Dr1	4	42	Deep	202429.0	20.55516	52.12403	JUL_M25	767		
e0775_F15PRr1	3	15	Rhizosphere	44056.0	19.613749722222224	47.47587194444445	JUL_M25	775	1.991830936	PowerSoil
e0776_F20Sr3	3	20	Surface	519118.0	19.869310833333333	48.42464444444444	JUL_M25	776	0.03408589712	Pro
e0777_F24PRr3	3	24	Rhizosphere	135900.0	20.09273861111111	48.89939527777778	JUL_M25	777	0.273751594	PowerSoil
e0778_F31Sr2	3	31	Surface	346747.0	20.294623333333334	49.891405	JUL_M25	778	0.02656687999	PowerSoil
e0779_F31Sr3	3	31	Surface	330334.0	20.294623333333334	49.891405	JUL_M25	779	0.01041041973	PowerSoil
e0780_F33Dr1	3	33	Deep	638705.0	20.317507777777777	50.30307027777778	JUL_M25	780	0.06572519432	PowerSoil
e0781_F34Sr1	3	34	Surface	640860.0	20.344394444444443	50.5153725	JUL_M25	781		
e0782_F40Dr3	3	40	Deep	527271.0	20.54718	51.82559	JUL_M25	782	0.04164764788	PowerSoil
e0784_F41Dr3	3	41	Deep	453018.0	20.539777222222224	51.94610583333333	JUL_M25	784	0.1946190867	PowerSoil
e0785_F43Dr1	3	43	Deep	631922.0	20.567575555555557	52.22413277777778	JUL_M25	785	0.0126927297	PowerSoil
e0786_F43Sr2	3	43	Surface	514441.0	20.567575555555557	52.22413277777778	JUL_M25	786	0.00404286946	PowerSoil
e0787_F47PRr1	3	47	Rhizosphere	164406.0	20.54181555555556	52.868785833333334	JUL_M25	787	0.01226963871	PowerSoil MoBio
e0788_F48PRr3	3	48	Rhizosphere	171036.0	20.568648333333332	53.09404833333333	JUL_M25	788	0.03939447218	PowerSoil MoBio
e0789_F51Sr3	3	51	Surface	283169.0	20.7987	53.487	JUL_M25	789	0.7775942294	PowerSoil MoBio
e0790_F52Sr2	3	52	Surface	97694.0	20.82784	53.57835	JUL_M25	790	0	PowerSoil MoBio
e0791_F55Sr1	3	55	Surface	1060384.0	20.9022725	54.0024376	JUL_M25	791	0.01495820502	PowerSoil MoBio
e0792_F56Sr2	3	56	Surface	100406.0	20.821580833333332	54.22385916666667	JUL_M25	792	0.004487461505	PowerSoil MoBio
e0793_F56Sr3	3	56	Surface	40862.0	20.821580833333332	54.22385916666667	JUL_M25	793	0	Pro
e0794_F57Dr1	3	57	Deep	141218.0	20.7349775	54.41764333333333	JUL_M25	794	0.002595688517	Pro
e0795_F57Sr3	3	57	Surface	122158.0	20.7349775	54.41764333333333	JUL_M25	795	0.02160140783	Pro
e0796_F58Dr1	3	58	Deep	3571.0	20.66540111111111	54.59327444444445	JUL_M25	796	0.01223053234	Pro
e0797_F58Sr3	3	58	Surface	340345.0	20.66540111111111	54.59327444444445	JUL_M25	797	0.1357677079	Pro
e0798_F59Dr2	3	59	Deep	32260.0	20.65626	54.635868055555555	JUL_M25	798	0.04021117466	Pro
e0799_F59PRr1	3	59	Rhizosphere	54837.0	20.65626	54.635868055555555	JUL_M25	799	0.006467223933	Pro
e0800_F59Sr3	3	59	Surface	32805.0	20.65626	54.635868055555555	JUL_M25	800	0.002375714914	Pro
e0801_F60PRr1	3	60	Rhizosphere	88416.0	20.706374444444442	54.732105555555556	JUL_M25	801	0.01121865376	Pro
e0802_F60PRr2	3	60	Rhizosphere	98782.0	20.706374444444442	54.732105555555556	JUL_M25	802	0.01561812582	Pro
e0803_F60Sr3	3	60	Surface	74139.0	20.706374444444442	54.732105555555556	JUL_M25	803	0.008974923009	Pro
e0804_T1Dr1	2	1	Deep	1485.0	19.149770555555556	45.166511388888885	JUL_M25	804	0.6052561008	PowerSoil
e0806_1Sr2	1	1	Surface	79374.0	19.149770555555556	45.166511388888885	JUL_M25	806	0.138	PowerSoil
e0807_2Dr2	1	2	Deep	20729.0	19.203468333333333	45.2447675	JUL_M25	807	0.763	PowerSoil
e0808_2Sr1	1	2	Surface	18569.0	19.203468333333333	45.2447675	JUL_M25	808		
e0809_2PRr1	1	2	Rhizosphere	6345.0	19.203468333333333	45.2447675	JUL_M25	809	4.030660588	PowerSoil
e0810_3Dr3	1	3	Deep	48105.0	19.301079444444444	45.384414166666666	JUL_M25	810	0.015228	PowerSoil
e0811_3Sr1	1	3	Surface	68097.0	19.301079444444444	45.384414166666666	JUL_M25	811		PowerSoil
e0812_3PRr2	1	3	Rhizosphere	11513.0	19.301079444444444	45.384414166666666	JUL_M25	812	1.946129958	Pro
e0813_4Dr1	1	4	Deep	12168.0	19.379571666666667	45.55182694444444	JUL_M25	813	0.8313875	PowerSoil
e0814_5Dr2	1	5	Deep	10785.0	19.407155277777775	45.659501388888884	JUL_M25	814	0.1324751944	PowerSoil
e0815_5Sr2	1	5	Surface	14283.0	19.407155277777775	45.659501388888884	JUL_M25	815	0.2982792315	PowerSoil
e0816_6Dr3	1	6	Deep	15584.0	19.405739166666667	45.8161425	JUL_M25	816		PowerSoil
e0817_6Sr1	1	6	Surface	53354.0	19.405739166666667	45.8161425	JUL_M25	817	0	PowerSoil
e0818_6PRr1	1	6	Rhizosphere	16591.0	19.405739166666667	45.8161425	JUL_M25	818	1.187977463	PowerSoil
e0819_7Dr1	1	7	Deep	68741.0	19.407005277777778	45.953943611111114	JUL_M25	819		PowerSoil
e0821_7PRr2	1	7	Rhizosphere	14554.0	19.407005277777778	45.953943611111114	JUL_M25	821	0.7411280951	PowerSoil
e0822_8Sr2	1	8	Surface	166155.0	19.393154166666665	46.110734722222226	JUL_M25	822	0.04165549298	PowerSoil
e0823_8PRr1	1	8	Rhizosphere	9811.0	19.393154166666665	46.110734722222226	JUL_M25	823	0	PowerSoil
e0824_8PRr2	1	8	Rhizosphere	336935.0	19.393154166666665	46.110734722222226	JUL_M25	824	0.0347725038	PowerSoil
e0825_11PRr1	1	11	Rhizosphere	14098.0	19.44435222222222	46.6356325	JUL_M25	825		PowerSoil
e0826_12Sr2	1	12	Surface	154766.0	19.47793361111111	46.83437333333334	JUL_M25	826		
e0827_14Dr2	1	14	Deep	89414.0	19.581338055555555	47.2920225	JUL_M25	827		PowerSoil
e0828_16PRr1	1	16	Rhizosphere	16917.0	19.644455833333332	47.62611861111111	JUL_M25	828	0	PowerSoil
e0829_17Dr2	1	17	Deep	99156.0	19.676460000000002	47.82730555555556	JUL_M25	829	0.035912794091521	PowerSoil
e0830_17Sr1	1	17	Surface	23551.0	19.676460000000002	47.82730555555556	JUL_M25	830	0.015925991726098	PowerSoil
e0831_17Sr2	1	17	Surface	403191.0	19.676460000000002	47.82730555555556	JUL_M25	831	0	Pro
e0832_17Sr3	1	17	Surface	303928.0	19.676460000000002	47.82730555555556	JUL_M25	832	0.006648544473713	Pro
e0833_17PRr3	1	17	Rhizosphere	36376.0	19.676460000000002	47.82730555555556	JUL_M25	833		PowerSoil
e0834_18Dr2	1	18	Deep	299805.0	19.732518055555555	48.046860555555554	JUL_M25	834	0.003045607979493	PowerSoil
e0835_21Sr3	1	21	Surface	77341.0	19.9011325	48.48646388888889	JUL_M25	835		PowerSoil
e0836_22Dr3	1	22	Deep	149063.0	19.97866972222222	48.63943555555556	JUL_M25	836	0.004187710971803	PowerSoil
e0837_23Dr3	1	23	Deep	92422.0	20.049265555555557	48.773331388888884	JUL_M25	837		PowerSoil
e0838_23Sr3	1	23	Surface	316406.0	20.049265555555557	48.773331388888884	JUL_M25	838		PowerSoil
e0839_23PRr1	1	23	Rhizosphere	55872.0	20.049265555555557	48.773331388888884	JUL_M25	839		PowerSoil
e0840_24Sr2	1	24	Surface	90168.0	20.09273861111111	48.89939527777778	JUL_M25	840		PowerSoil
e0841_26Sr1	1	26	Surface	296583.0	20.148753888888887	49.07873861111111	JUL_M25	841	0.012245882084211	PowerSoil
e0842_27Dr2	1	27	Deep	180892.0	20.2038574	49.1959834	JUL_M25	842	0.120364965356209	PowerSoil
e0843_28Sr1	1	28	Surface	49818.0	20.24376861111111	49.37088472222222	JUL_M25	843		PowerSoil
e0844_28PRr1	1	28	Rhizosphere	71385.0	20.24376861111111	49.37088472222222	JUL_M25	844		PowerSoil
e0845_30Sr2	1	30	Surface	416195.0	20.269303055555554	49.68367333333333	JUL_M25	845	0.012943833912845	PowerSoil
e0846_31Sr3	1	31	Surface	71347.0	20.294623333333334	49.891405	JUL_M25	846		PowerSoil
e0848_33Dr3	1	33	Deep	270235.0	20.317507777777777	50.30307027777778	JUL_M25	848		
e0849_35PRr3	1	35	Rhizosphere	12324.0	20.371795833333334	50.72999222222222	JUL_M25	849		PowerSoil
e0850_36Sr2	1	36	Surface	112627.0	20.42319	51.14483	JUL_M25	850	0.070620035024492	PowerSoil
e0851_38PRr3	1	38	Rhizosphere	13906.0	20.4610275	51.370224722222225	JUL_M25	851		PowerSoil
e0852_39Dr3	1	39	Deep	229779.0	20.51023	51.59742	JUL_M25	852		PowerSoil
e0853_39PRr2	1	39	Rhizosphere	24646.0	20.51023	51.59742	JUL_M25	853	0.072840790842872	PowerSoil
e0854_41Dr1	1	41	Deep	24318.0	20.539777222222224	51.94610583333333	JUL_M25	854	0.036230044922718	PowerSoil
e0855_42Sr3	1	42	Surface	194361.0	20.55516	52.12403	JUL_M25	855		PowerSoil
e0857_50Sr2	1	50	Surface	245134.0	20.71385	53.4123	JUL_M25	857	0.054259408241709	PowerSoil
e0858_53Sr3	1	53	Surface	67648.0	20.851514166666668	53.75788444444444	JUL_M25	858		
e0859_53PRr1	1	53	Rhizosphere	34154.0	20.851514166666668	53.75788444444444	JUL_M25	859		PowerSoil
e0860_55Sr1	1	55	Surface	24663.0	20.9022725	54.0024376	JUL_M25	860		
e0861_61Sr2	1	61	Surface	8125.0			JUL_M25	861		PowerSoil
e0862_T2Dr2	2	2	Deep	12566.0	19.203468333333333	45.2447675	JUL_M25	862		
e0863_T2PRr1	2	2	Rhizosphere	3658.0	19.203468333333333	45.2447675	JUL_M25	863	23.29766693	PowerSoil
e0864_T3Dr2	2	3	Deep	6881.0	19.301079444444444	45.384414166666666	JUL_M25	864	0.009654062751	PowerSoil
e0865_T5Sr3	2	5	Surface	318680.0	19.407155277777775	45.659501388888884	JUL_M25	865	0.004441511637	PowerSoil
e0866_T6PRr2	2	6	Rhizosphere	22057.0	19.405739166666667	45.8161425	JUL_M25	866	0.141	PowerSoil
e0867_T7PRr2	2	7	Rhizosphere	37427.0	19.407005277777778	45.953943611111114	JUL_M25	867	0.04505229284	PowerSoil
e0868_T8Dr1	2	8	Deep	13407.0	19.393154166666665	46.110734722222226	JUL_M25	868	0	PowerSoil
e0869_T8PRr1	2	8	Rhizosphere	6670.0	19.393154166666665	46.110734722222226	JUL_M25	869		
e0873_F1PRr2	3	1	Rhizosphere	4027.0	19.149770555555556	45.166511388888885	JUL_M25	873	0.717449961	PowerSoil
e0876_S18PRr1	4	18	Rhizosphere	13267.0	19.732518055555555	48.046860555555554	JUL_M25	876		
e0877_S18Sr1	4	18	Surface	300562.0	19.732518055555555	48.046860555555554	JUL_M25	877		
e0878_S18Dr1	4	18	Deep	342752.0	19.732518055555555	48.046860555555554	JUL_M25	878		
e0880_3Sr3	1	3	Surface	25999.0	19.301079444444444	45.384414166666666	JUL_M25	880	0	Pro
e0881_4Dr2	1	4	Deep	409201.0	19.379571666666667	45.55182694444444	JUL_M25	881	3.763539045	Pro
e0882_7Dr2	1	7	Deep	470585.0	19.407005277777778	45.953943611111114	JUL_M25	882	0	Pro
e0883_8PRr3	1	8	Rhizosphere	416315.0	19.393154166666665	46.110734722222226	JUL_M25	883	0.007069338427745	Pro
e0884_10PRr3	1	10	Rhizosphere	507390.0	19.420469722222222	46.460795277777784	JUL_M25	884	0.008500037871456	Pro
e0885_11Dr1	1	11	Deep	487056.0	19.44435222222222	46.6356325	JUL_M25	885	0.025836748777594	Pro
e0886_11PRr2	1	11	Rhizosphere	683083.0	19.44435222222222	46.6356325	JUL_M25	886	0	Pro
e0887_12Dr2	1	12	Deep	362379.0	19.47793361111111	46.83437333333334	JUL_M25	887	0.018514933977429	Pro
e0888_12Dr3	1	12	Deep	372934.0	19.47793361111111	46.83437333333334	JUL_M25	888	0.004754971680567	Pro
e0889_19Dr3	1	19	Deep	46223.0	19.81231916666667	48.24049472222222	JUL_M25	889	0	Pro
e0890_19Sr1	1	19	Surface	416258.0	19.81231916666667	48.24049472222222	JUL_M25	890	0	Pro
e0891_19Sr3	1	19	Surface	480124.0	19.81231916666667	48.24049472222222	JUL_M25	891	0.016953506293347	Pro
e0892_20Dr1	1	20	Deep	594658.0	19.869310833333333	48.42464444444444	JUL_M25	892	1.28748180494905	Pro
e0893_20Sr1	1	20	Surface	395135.0	19.869310833333333	48.42464444444444	JUL_M25	893	0.513014812912064	Pro
e0894_20Sr3	1	20	Surface	486142.0	19.869310833333333	48.42464444444444	JUL_M25	894	0	Pro
e0895_22Sr1	1	22	Surface	32727.0	19.97866972222222	48.63943555555556	JUL_M25	895	0	Pro
e0896_22Sr3	1	22	Surface	301456.0	19.97866972222222	48.63943555555556	JUL_M25	896	0	Pro
e0897_23PRr2	1	23	Rhizosphere	61807.0	20.049265555555557	48.773331388888884	JUL_M25	897	1.84489254216971	Pro
e0898_23PRr3	1	23	Rhizosphere	168736.0	20.049265555555557	48.773331388888884	JUL_M25	898		
e0899_23Sr1	1	23	Surface	603514.0	20.049265555555557	48.773331388888884	JUL_M25	899	0	Pro
e0900_24Sr1	1	24	Surface	55712.0	20.09273861111111	48.89939527777778	JUL_M25	900		
e0901_29PRr2	1	29	Rhizosphere	431788.0	20.2597976	49.5675445	JUL_M25	901	0	Pro
e0902_29Sr2	1	29	Surface	410151.0	20.2597976	49.5675445	JUL_M25	902	0	Pro
e0903_32PRr1	1	32	Rhizosphere	314296.0	20.310684166666668	50.09302138888889	JUL_M25	903	0	PowerSoil
e0904_32PRr3	1	32	Rhizosphere	156644.0	20.310684166666668	50.09302138888889	JUL_M25	904	0	Pro
e0905_33Dr1	1	33	Deep	523517.0	20.317507777777777	50.30307027777778	JUL_M25	905	0	Pro
e0906_33Sr2	1	33	Surface	271531.0	20.317507777777777	50.30307027777778	JUL_M25	906	0	Pro
e0907_34Dr3	1	34	Deep	431609.0	20.344394444444443	50.5153725	JUL_M25	907	0.019950338213888	Pro
e0908_35PRr1	1	35	Rhizosphere	205859.0	20.371795833333334	50.72999222222222	JUL_M25	908	0.014111787493083	
e0909_35Sr1	1	35	Surface	489712.0	20.371795833333334	50.72999222222222	JUL_M25	909	0	Pro
e0910_36Sr1	1	36	Surface	20015.0	20.42319	51.14483	JUL_M25	910	0.015653411336865	PowerSoil
e0911_38Sr3	1	38	Surface	460036.0	20.4610275	51.370224722222225	JUL_M25	911	0.005020159696419	Pro
e0912_40PRr3	1	40	Rhizosphere	379688.0	20.54718	51.82559	JUL_M25	912	0.006482725907186	Pro
e0913_43Sr1	1	43	Surface	193191.0	20.567575555555557	52.22413277777778	JUL_M25	913	0	Pro
e0914_44PRr2	1	44	Rhizosphere	216052.0	20.56783	52.41036	JUL_M25	914	0.041189026800538	Pro
e0915_45Dr1	1	45	Deep	339044.0	20.56346	52.46776	JUL_M25	915	0.002885603605028	Pro
e0916_45Sr1	1	45	Surface	512753.0	20.56346	52.46776	JUL_M25	916	0.02229425251008	Pro
e0917_46Dr1	1	46	Deep	129263.0	20.553746111111113	52.66920777777778	JUL_M25	917	0	Pro
e0918_46Sr3	1	46	Surface	107990.0	20.553746111111113	52.66920777777778	JUL_M25	918	0.011977231401692	Pro
e0919_49PRr2	1	49	Rhizosphere	109413.0	20.644662222222223	53.28794	JUL_M25	919	0.031425409123251	Pro
e0920_51Sr2	1	51	Surface	159042.0	20.7987	53.487	JUL_M25	920	0.023875405170369	Pro
e0921_50PRr1	1	50	Rhizosphere	506213.0	20.71385	53.4123	JUL_M25	921	0.007629061585896	Pro
e0922_54Dr1	1	54	Deep	406279.0	20.92017888888889	53.962204444444446	JUL_M25	922	0	PowerSoil
e0923_54Dr2	1	54	Deep	404123.0	20.92017888888889	53.962204444444446	JUL_M25	923	0.006121959026889	Pro
e0924_55PRr1	1	55	Rhizosphere	71865.0	20.9022725	54.0024376	JUL_M25	924	4.89192541613316	Pro
e0925_57PRr1	1	57	Rhizosphere	249953.0	20.7349775	54.41764333333333	JUL_M25	925	0	Pro
e0926_57Sr2	1	57	Surface	94954.0	20.7349775	54.41764333333333	JUL_M25	926	0.002200704225352	Pro
e0927_60Dr2	1	60	Deep	147421.0	20.706374444444442	54.732105555555556	JUL_M25	927	0.02812900128041	Pro
e0928_60Dr3	1	60	Deep	267243.0	20.706374444444442	54.732105555555556	JUL_M25	928	0	Pro
e683_T4PRr1	2	4	Rhizosphere	545420.0	19.379571666666667	45.55182694444444			1.936265308	PowerSoil
e695_T6Dr2	2	6	Deep	299544.0	19.405739166666667	45.8161425				
e705_T5PRr1	2	5	Rhizosphere	301075.0	19.407155277777775	45.659501388888884				
e707_T7Dr3	2	7	Deep	570327.0	19.407005277777778	45.953943611111114				
e717_T6PRr3	2	6	Rhizosphere	1068.0	19.405739166666667	45.8161425			14.3	Pro
e719_T8Sr3	2	8	Surface	603513.0	19.393154166666665	46.110734722222226			0.189	Pro
e730_T6Dr1	2	6	Deep	500407.0	19.405739166666667	45.8161425			0.02806829356	PowerSoil
e734_T5Sr2	2	5	Surface	2054565.0	19.407155277777775	45.659501388888884			2.65	Pro
e740_T6Sr3	2	6	Surface	1406593.0	19.405739166666667	45.8161425			0	Pro
e744_T8PRr3	2	8	Rhizosphere	619986.0	19.393154166666665	46.110734722222226			0	Pro
e753_T4Sr1	2	4	Surface	226775.0	19.379571666666667	45.55182694444444			0	Pro
e756_T2PRr3	2	2	Rhizosphere	662013.0	19.203468333333333	45.2447675			39.3	Pro
e758_T7PRr3	2	7	Rhizosphere	573620.0	19.407005277777778	45.953943611111114			0	Pro
e767_T1PRr3	2	1	Rhizosphere	470193.0	19.149770555555556	45.166511388888885			5.122106016	PowerSoil
e768_T5Sr1	2	5	Surface	1082336.0	19.407155277777775	45.659501388888884			1.18	Pro
e8287_F1Dr1	3	1	Deep	65186.0	19.149770555555556	45.166511388888885	JUL_M23	8287	2.94105588	PowerSoil
e8288_F1Dr2	3	1	Deep	245876.0	19.149770555555556	45.166511388888885	JUL_M23	8288	2.017349136	PowerSoil
e8289_F1Dr3	3	1	Deep	292153.0	19.149770555555556	45.166511388888885	JUL_M23	8289	2.507607049	PowerSoil
e8290_F1Sr1	3	1	Surface	359728.0	19.149770555555556	45.166511388888885	JUL_M23	8290	0.4025397686	PowerSoil
e8291_F1Sr2	3	1	Surface	225120.0	19.149770555555556	45.166511388888885	JUL_M23	8291	0.03860378483	PowerSoil
e8292_F1Sr3	3	1	Surface	20899.0	19.149770555555556	45.166511388888885	JUL_M23	8292	0.1378631196	PowerSoil
e8293_F1PRr1	3	1	Rhizosphere	25526.0	19.149770555555556	45.166511388888885	JUL_M23	8293	0.1990558957	PowerSoil
e8295_F1PRr3	3	1	Rhizosphere	106346.0	19.149770555555556	45.166511388888885	JUL_M23	8295	1.016704107	PowerSoil
e8296_F2Dr1	3	2	Deep	100426.0	19.203468333333333	45.2447675	JUL_M23	8296	0.99702222	PowerSoil
e8297_F2Dr2	3	2	Deep	181585.0	19.203468333333333	45.2447675	JUL_M23	8297	0.1442597329	PowerSoil
e8298_F2Dr3	3	2	Deep	115610.0	19.203468333333333	45.2447675	JUL_M23	8298	0.7281855358	PowerSoil
e8299_F2Sr1	3	2	Surface	126413.0	19.203468333333333	45.2447675	JUL_M23	8299	0.2252685907	PowerSoil
e8300_F2Sr2	3	2	Surface	117996.0	19.203468333333333	45.2447675	JUL_M23	8300	0.5720723864	PowerSoil
e8301_F2Sr3	3	2	Surface	84084.0	19.203468333333333	45.2447675	JUL_M23	8301	0.4096968184	PowerSoil
e8302_F2PRr1	3	2	Rhizosphere	71876.0	19.203468333333333	45.2447675	JUL_M23	8302	11.369824	PowerSoil
e8303_F2PRr2	3	2	Rhizosphere	82212.0	19.203468333333333	45.2447675	JUL_M23	8303	10.9001426	PowerSoil
e8304_F2PRr3	3	2	Rhizosphere	92968.0	19.203468333333333	45.2447675	JUL_M23	8304	26.54724279	PowerSoil
e8305_F3Dr1	3	3	Deep	947140.0	19.301079444444444	45.384414166666666	JUL_M23	8305	0.1725748113	PowerSoil
e8306_F3Dr2	3	3	Deep	604120.0	19.301079444444444	45.384414166666666	JUL_M23	8306	0.009796659268	PowerSoil
e8307_F3Dr3	3	3	Deep	559759.0	19.301079444444444	45.384414166666666	JUL_M23	8307	0.03426482337	PowerSoil
e8308_F3Sr1	3	3	Surface	442560.0	19.301079444444444	45.384414166666666	JUL_M23	8308	0.09013454359	PowerSoil
e8309_F3Sr2	3	3	Surface	411830.0	19.301079444444444	45.384414166666666	JUL_M23	8309	0.03006005659	PowerSoil
e8310_F3Sr3	3	3	Surface	596714.0	19.301079444444444	45.384414166666666	JUL_M23	8310	0.005055113757	PowerSoil
e8311_F3PRr1	3	3	Rhizosphere	242775.0	19.301079444444444	45.384414166666666	JUL_M23	8311	0.2387327907	PowerSoil
e8312_F3PRr2	3	3	Rhizosphere	245510.0	19.301079444444444	45.384414166666666	JUL_M23	8312	0.152713998	PowerSoil
e8313_F4Dr1	3	4	Deep	88184.0	19.379571666666667	45.55182694444444	JUL_M23	8313	3.421025534	PowerSoil
e8314_F4Dr2	3	4	Deep	142014.0	19.379571666666667	45.55182694444444	JUL_M23	8314	1.949804478	PowerSoil
e8315_F4Sr1	3	4	Surface	99243.0	19.379571666666667	45.55182694444444	JUL_M23	8315	0.2802436797	PowerSoil
e8316_F4Sr2	3	4	Surface	39522.0	19.379571666666667	45.55182694444444	JUL_M23	8316	0.501843835	PowerSoil
e8317_F4Sr3	3	4	Surface	134267.0	19.379571666666667	45.55182694444444	JUL_M23	8317	0.3376790045	PowerSoil
e8318_F4PRr1	3	4	Rhizosphere	130184.0	19.379571666666667	45.55182694444444	JUL_M23	8318	3.692546112	PowerSoil
e8319_F4PRr2	3	4	Rhizosphere	54274.0	19.379571666666667	45.55182694444444	JUL_M23	8319	5.219234303	PowerSoil
e8320_F5Dr2	3	5	Deep	86938.0	19.407155277777775	45.659501388888884	JUL_M23	8320	1.636236233	PowerSoil
e8321_F5Dr3	3	5	Deep	70801.0	19.407155277777775	45.659501388888884	JUL_M23	8321	1.194735721	PowerSoil
e8322_F5Sr1	3	5	Surface	157478.0	19.407155277777775	45.659501388888884	JUL_M23	8322	0.1006911921	PowerSoil
e8323_F5Sr2	3	5	Surface	165773.0	19.407155277777775	45.659501388888884	JUL_M23	8323	0.4096968184	PowerSoil
e8324_F5Sr3	3	5	Surface	174865.0	19.407155277777775	45.659501388888884	JUL_M23	8324	0.1728879322	PowerSoil
e8325_F5PRr2	3	5	Rhizosphere	70036.0	19.407155277777775	45.659501388888884	JUL_M23	8325	2.208800219	PowerSoil
e8326_F6Dr1	3	6	Deep	418339.0	19.405739166666667	45.8161425	JUL_M23	8326	0.06396658016	PowerSoil
e8327_F6Sr1	3	6	Surface	523646.0	19.405739166666667	45.8161425	JUL_M23	8327	0.01297260013	PowerSoil
e8328_F6Sr2	3	6	Surface	533756.0	19.405739166666667	45.8161425	JUL_M23	8328	0.0482658021	PowerSoil
e8329_F6Sr3	3	6	Surface	790945.0	19.405739166666667	45.8161425	JUL_M23	8329	0.0189218978	PowerSoil
e8330_F6PRr1	3	6	Rhizosphere	310850.0	19.405739166666667	45.8161425	JUL_M23	8330	0.8596963264	PowerSoil
e8331_F6PRr2	3	6	Rhizosphere	293785.0	19.405739166666667	45.8161425	JUL_M23	8331	0.05323100541	PowerSoil
e8332_F6PRr3	3	6	Rhizosphere	383731.0	19.405739166666667	45.8161425	JUL_M23	8332	4.812177094	PowerSoil
e8333_F7Dr1	3	7	Deep	416799.0	19.407005277777778	45.953943611111114	JUL_M23	8333	0.01400142604	PowerSoil
e8334_F7Dr2	3	7	Deep	278908.0	19.407005277777778	45.953943611111114	JUL_M23	8334	0.02992586191	PowerSoil
e8335_F7Dr3	3	7	Deep	429300.0	19.407005277777778	45.953943611111114	JUL_M23	8335	0.007381154951	PowerSoil
e8336_F7Sr1	3	7	Surface	320810.0	19.407005277777778	45.953943611111114	JUL_M23	8336	0.01471713103	PowerSoil
e8337_F7Sr2	3	7	Surface	299452.0	19.407005277777778	45.953943611111114	JUL_M23	8337	0.05117335359	PowerSoil
e8338_F7Sr3	3	7	Surface	386671.0	19.407005277777778	45.953943611111114	JUL_M23	8338	0.06875285723	PowerSoil
e8339_F7PRr1	3	7	Rhizosphere	465559.0	19.407005277777778	45.953943611111114	JUL_M23	8339	0.01418035229	PowerSoil
e8340_F7PRr2	3	7	Rhizosphere	302418.0	19.407005277777778	45.953943611111114	JUL_M23	8340	0.07005007251	PowerSoil
e8341_F7PRr3	3	7	Rhizosphere	274655.0	19.407005277777778	45.953943611111114	JUL_M23	8341	0.06396658016	PowerSoil
e8342_F8Dr1	3	8	Deep	582742.0	19.393154166666665	46.110734722222226	JUL_M23	8342	0.006531255284	PowerSoil
e8343_F8Dr2	3	8	Deep	562919.0	19.393154166666665	46.110734722222226	JUL_M23	8343	0.006486523722	PowerSoil
e8344_F8Dr3	3	8	Deep	862464.0	19.393154166666665	46.110734722222226	JUL_M23	8344	0.01874297155	PowerSoil
e8345_F8Sr1	3	8	Surface	970816.0	19.393154166666665	46.110734722222226	JUL_M23	8345	0.006486523722	PowerSoil
e8346_F8Sr2	3	8	Surface	557980.0	19.393154166666665	46.110734722222226	JUL_M23	8346	0.02674992105	PowerSoil
e8347_F8Sr3	3	8	Surface	525361.0	19.393154166666665	46.110734722222226	JUL_M23	8347	0	PowerSoil
e8348_F8PRr1	3	8	Rhizosphere	195828.0	19.393154166666665	46.110734722222226	JUL_M23	8348	0.2301443309	PowerSoil
e8349_F8PRr2	3	8	Rhizosphere	194259.0	19.393154166666665	46.110734722222226	JUL_M23	8349	0.3000597614	PowerSoil
e8350_F8PRr3	3	8	Rhizosphere	385437.0	19.393154166666665	46.110734722222226	JUL_M23	8350	0.5631260741	PowerSoil
e8351_F9Dr1	3	9	Deep	293173.0	19.411200277777777	46.30267361111111	JUL_M23	8351	0.01954813966	PowerSoil
e8352_F9Dr2	3	9	Deep	570537.0	19.411200277777777	46.30267361111111	JUL_M23	8352	0.02308193301	PowerSoil
e8353_F9Dr3	3	9	Deep	808904.0	19.411200277777777	46.30267361111111	JUL_M23	8353	0.01030012431	PowerSoil
e8354_F9Sr1	3	9	Surface	337605.0	19.411200277777777	46.30267361111111	JUL_M23	8354	0.004128929142	PowerSoil
e8355_F9Sr2	3	9	Surface	366893.0	19.411200277777777	46.30267361111111	JUL_M23	8355	0.007369916533	PowerSoil
e8356_F9Sr3	3	9	Surface	344643.0	19.411200277777777	46.30267361111111	JUL_M23	8356	0	PowerSoil
e8357_F9PRr1	3	9	Rhizosphere	235844.0	19.411200277777777	46.30267361111111	JUL_M23	8357	0.3833244539	PowerSoil
e8358_F9PRr2	3	9	Rhizosphere	118884.0	19.411200277777777	46.30267361111111	JUL_M23	8358	0.6634700764	PowerSoil
e8359_F9PRr3	3	9	Rhizosphere	140418.0	19.411200277777777	46.30267361111111	JUL_M23	8359	0.2663825253	PowerSoil
e8360_F10Dr1	3	10	Deep	395144.0	19.420469722222222	46.460795277777784	JUL_M23	8360	0	PowerSoil
e8361_F10Dr2	3	10	Deep	392740.0	19.420469722222222	46.460795277777784	JUL_M23	8361	0	PowerSoil
e8362_F10Dr3	3	10	Deep	895184.0	19.420469722222222	46.460795277777784	JUL_M23	8362	0.0005327650506	PowerSoil
e8363_F10Sr1	3	10	Surface	468163.0	19.420469722222222	46.460795277777784	JUL_M23	8363	0.005860415557	PowerSoil
e8364_F10Sr2	3	10	Surface	502953.0	19.420469722222222	46.460795277777784	JUL_M23	8364	0	PowerSoil
e8365_F10Sr3	3	10	Surface	377127.0	19.420469722222222	46.460795277777784	JUL_M23	8365	0.0002663825253	PowerSoil
e8366_F10PRr1	3	10	Rhizosphere	163550.0	19.420469722222222	46.460795277777784	JUL_M23	8366	0.3664535606	PowerSoil
e8367_F10PRr2	3	10	Rhizosphere	304503.0	19.420469722222222	46.460795277777784	JUL_M23	8367	0.03303143314	PowerSoil
e8368_F11Dr1	3	11	Deep	491207.0	19.44435222222222	46.6356325	JUL_M23	8368	0.003152193216	PowerSoil
e8369_F11Dr2	3	11	Deep	567856.0	19.44435222222222	46.6356325	JUL_M23	8369	0.009012608773	PowerSoil
e8370_F11Dr3	3	11	Deep	662151.0	19.44435222222222	46.6356325	JUL_M23	8370	0.004439708755	PowerSoil
e8371_F11Sr1	3	11	Surface	217217.0	19.44435222222222	46.6356325	JUL_M23	8371	0	PowerSoil
e8372_F11Sr2	3	11	Surface	1590916.0	19.44435222222222	46.6356325	JUL_M23	8372	0.001509500977	PowerSoil
e8373_F11Sr3	3	11	Surface	618608.0	19.44435222222222	46.6356325	JUL_M23	8373	0.001731486414	PowerSoil
e8374_F1PRr2	3	1	Rhizosphere	68130.0	19.149770555555556	45.166511388888885	JUL_M23	8374	0.717449961	PowerSoil
e8375_F11PRr1	3	11	Rhizosphere	295163.0	19.44435222222222	46.6356325	JUL_M23	8375	0.07068016338	PowerSoil
e8376_F12Sr3	3	12	Surface	341036.0	19.47793361111111	46.83437333333334	JUL_M23	8376	0	PowerSoil
e8377_F13Sr2	3	13	Surface	432646.0	19.52934611111111	47.053284444444444	JUL_M23	8377	0	PowerSoil
e8378_F14Sr1	3	14	Surface	348877.0	19.581338055555555	47.2920225	JUL_M23	8378	0	PowerSoil
e8379_F15Dr3	3	15	Deep	199851.0	19.613749722222224	47.47587194444445	JUL_M23	8379	0.1195613568	PowerSoil
e8380_F16Dr2	3	16	Deep	199855.0	19.644455833333332	47.62611861111111	JUL_M23	8380	0.9271887764	PowerSoil
e8381_F17Dr1	3	17	Deep	1009475.0	19.676460000000002	47.82730555555556	JUL_M23	8381	0.01238678743	Pro
e8382_F17PRr3	3	17	Rhizosphere	116812.0	19.676460000000002	47.82730555555556	JUL_M23	8382	1.064819748	Pro
e8383_F18PRr2	3	18	Rhizosphere	659928.0	19.732518055555555	48.046860555555554	JUL_M23	8383	0.01127686024	Pro
e8384_F19PRr1	3	19	Rhizosphere	149999.0	19.81231916666667	48.24049472222222	JUL_M23	8384	2.339863694	Pro
e8385_F20Sr3	3	20	Surface	335302.0	19.869310833333333	48.42464444444444	JUL_M23	8385	0.03408589712	Pro
e8386_F21Sr2	3	21	Surface	297009.0	19.9011325	48.48646388888889	JUL_M23	8386	1.199208878	Pro
e8387_F11PRr2	3	11	Rhizosphere	367593.0	19.44435222222222	46.6356325	JUL_M23	8387	0.05966968567	PowerSoil
e8388_F12PRr1	3	12	Rhizosphere	175452.0	19.47793361111111	46.83437333333334	JUL_M23	8388	0.6976558338	PowerSoil
e8389_F13Sr3	3	13	Surface	437309.0	19.52934611111111	47.053284444444444	JUL_M23	8389	0.007547504884	PowerSoil
e8390_F14Sr2	3	14	Surface	134620.0	19.581338055555555	47.2920225	JUL_M23	8390	0.07072456047	PowerSoil
e8391_F15Sr1	3	15	Surface	69531.0	19.613749722222224	47.47587194444445	JUL_M23	8391	0.3464748712	PowerSoil
e8392_F16Dr3	3	16	Deep	423880.0	19.644455833333332	47.62611861111111	JUL_M23	8392	0.003596164092	PowerSoil
e8393_F17Dr2	3	17	Deep	349658.0	19.676460000000002	47.82730555555556	JUL_M23	8393	0.01203161073	Pro
e8394_F18Dr1	3	18	Deep	602210.0	19.732518055555555	48.046860555555554	JUL_M23	8394	0	Pro
e8395_F18PRr3	3	18	Rhizosphere	609880.0	19.732518055555555	48.046860555555554	JUL_M23	8395	0	Pro
e8396_F19PRr2	3	19	Rhizosphere	240223.0	19.81231916666667	48.24049472222222	JUL_M23	8396	0.9402131369	Pro
e8397_F20PRr1	3	20	Rhizosphere	426599.0	19.869310833333333	48.42464444444444	JUL_M23	8397	0.0195034081	Pro
e8398_F21Sr3	3	21	Surface	292019.0	19.9011325	48.48646388888889	JUL_M23	8398	0.5993586389	Pro
e8399_F11PRr3	3	11	Rhizosphere	563387.0	19.44435222222222	46.6356325	JUL_M23	8399	0.005061267981	PowerSoil
e8400_F12PRr2	3	12	Rhizosphere	113346.0	19.47793361111111	46.83437333333334	JUL_M23	8400	0.5915467945	PowerSoil
e8401_F13PRr1	3	13	Rhizosphere	131374.0	19.52934611111111	47.053284444444444	JUL_M23	8401	2.040667732	PowerSoil
e8402_F14Sr3	3	14	Surface	240291.0	19.581338055555555	47.2920225	JUL_M23	8402	0.02872491565	PowerSoil
e8403_F15Sr2	3	15	Surface	112093.0	19.613749722222224	47.47587194444445	JUL_M23	8403	0.382880483	PowerSoil
e8404_F16Sr1	3	16	Surface	310310.0	19.644455833333332	47.62611861111111	JUL_M23	8404	0.02641626709	PowerSoil
e8405_F17Dr3	3	17	Deep	524932.0	19.676460000000002	47.82730555555556	JUL_M23	8405	0.005949209732	Pro
e8406_F18Dr2	3	18	Deep	591644.0	19.732518055555555	48.046860555555554	JUL_M23	8406	0	Pro
e8407_F19Dr1	3	19	Deep	959051.0	19.81231916666667	48.24049472222222	JUL_M23	8407	0.004306517492	Pro
e8408_F19PRr3	3	19	Rhizosphere	133484.0	19.81231916666667	48.24049472222222	JUL_M23	8408	1.018046054	Pro
e8409_F20PRr2	3	20	Rhizosphere	665373.0	19.869310833333333	48.42464444444444	JUL_M23	8409	0.01664058817	Pro
e8410_F21PRr1	3	21	Rhizosphere	68085.0	19.9011325	48.48646388888889	JUL_M23	8410	0.8726684792	Pro
e8411_F12Dr1	3	12	Deep	337470.0	19.47793361111111	46.83437333333334	JUL_M23	8411	0.1753684958	PowerSoil
e8412_F12PRr3	3	12	Rhizosphere	160699.0	19.47793361111111	46.83437333333334	JUL_M23	8412	1.066595631	PowerSoil
e8413_F13PRr2	3	13	Rhizosphere	143880.0	19.52934611111111	47.053284444444444	JUL_M23	8413	1.739211508	PowerSoil
e8414_F14PRr1	3	14	Rhizosphere	51655.0	19.581338055555555	47.2920225	JUL_M23	8414	2.953027881	PowerSoil
e8415_F15Sr3	3	15	Surface	243728.0	19.613749722222224	47.47587194444445	JUL_M23	8415	0.1710175812	PowerSoil
e8416_F16Sr2	3	16	Surface	329610.0	19.644455833333332	47.62611861111111	JUL_M23	8416	0.03898064287	PowerSoil
e8417_F17Sr1	3	17	Surface	560472.0	19.676460000000002	47.82730555555556	JUL_M23	8417	0.02677144379	Pro
e8418_F18Dr3	3	18	Deep	446705.0	19.732518055555555	48.046860555555554	JUL_M23	8418	0.01691529036	Pro
e8419_F19Dr2	3	19	Deep	923962.0	19.81231916666667	48.24049472222222	JUL_M23	8419	0.009634167999	Pro
e8420_F20Dr1	3	20	Deep	577705.0	19.869310833333333	48.42464444444444	JUL_M23	8420	0.01435927853	Pro
e8421_F20PRr3	3	20	Rhizosphere	471970.0	19.869310833333333	48.42464444444444	JUL_M23	8421	0.01341991574	Pro
e8422_F21PRr2	3	21	Rhizosphere	575564.0	19.9011325	48.48646388888889	JUL_M23	8422	0.1815211236	Pro
e8423_F12Dr2	3	12	Deep	404342.0	19.47793361111111	46.83437333333334	JUL_M23	8423	0.1148552655	PowerSoil
e8424_F13Dr1	3	13	Deep	325171.0	19.52934611111111	47.053284444444444	JUL_M23	8424	0.1555229977	PowerSoil
e8425_F13PRr3	3	13	Rhizosphere	177534.0	19.52934611111111	47.053284444444444	JUL_M23	8425	0.9667021843	PowerSoil
e8426_F14PRr2	3	14	Rhizosphere	86902.0	19.581338055555555	47.2920225	JUL_M23	8426	3.012519979	PowerSoil
e8427_F15PRr1	3	15	Rhizosphere	54675.0	19.613749722222224	47.47587194444445	JUL_M23	8427	1.991830936	PowerSoil
e8428_F16Sr3	3	16	Surface	164128.0	19.644455833333332	47.62611861111111	JUL_M23	8428	0.0206890428	PowerSoil
e8429_F17Sr2	3	17	Surface	402647.0	19.676460000000002	47.82730555555556	JUL_M23	8429	0.005816018469	Pro
e8430_F18Sr1	3	18	Surface	781948.0	19.732518055555555	48.046860555555554	JUL_M23	8430	0.006038003907	Pro
e8431_F19Dr3	3	19	Deep	647619.0	19.81231916666667	48.24049472222222	JUL_M23	8431	0.01842479133	Pro
e8432_F20Dr2	3	20	Deep	553393.0	19.869310833333333	48.42464444444444	JUL_M23	8432	0.009259880531	Pro
e8433_F21Dr1	3	21	Deep	269446.0	19.9011325	48.48646388888889	JUL_M23	8433	0.08382739343	Pro
e8434_F21PRr3	3	21	Rhizosphere	405949.0	19.9011325	48.48646388888889	JUL_M23	8434	0.1024200917	Pro
e8435_F13Dr2	3	13	Deep	530623.0	19.52934611111111	47.053284444444444	JUL_M23	8435	0.06162315752	PowerSoil
e8436_F14Dr1	3	14	Deep	519873.0	19.581338055555555	47.2920225	JUL_M23	8436	0.01434025928	PowerSoil
e8437_F14PRr3	3	14	Rhizosphere	136444.0	19.581338055555555	47.2920225	JUL_M23	8437	1.876842479	PowerSoil
e8438_F15PRr2	3	15	Rhizosphere	99873.0	19.613749722222224	47.47587194444445	JUL_M23	8438	8.639406855	PowerSoil
e8439_F16PRr1	3	16	Rhizosphere	311261.0	19.644455833333332	47.62611861111111	JUL_M23	8439	0.02490676612	PowerSoil
e8440_F17Sr3	3	17	Surface	838920.0	19.676460000000002	47.82730555555556	JUL_M23	8440	0	Pro
e8441_F18Sr2	3	18	Surface	753731.0	19.732518055555555	48.046860555555554	JUL_M23	8441	0.02055585154	Pro
e8442_F19Sr1	3	19	Surface	637908.0	19.81231916666667	48.24049472222222	JUL_M23	8442	0.01851358551	Pro
e8443_F20Dr3	3	20	Deep	585222.0	19.869310833333333	48.42464444444444	JUL_M23	8443	0.007112765582	Pro
e8444_F21Dr2	3	21	Deep	404073.0	19.9011325	48.48646388888889	JUL_M23	8444	0.06557691637	Pro
e8445_F22Dr1	3	22	Deep	504875.0	19.97866972222222	48.63943555555556	JUL_M23	8445	0.01999476056	Pro
e8446_F13Dr3	3	13	Deep	497692.0	19.52934611111111	47.053284444444444	JUL_M23	8446	0.01940152726	PowerSoil
e8447_F14Dr2	3	14	Deep	631428.0	19.581338055555555	47.2920225	JUL_M23	8447	0.03609483218	PowerSoil
e8448_F15Dr1	3	15	Deep	185203.0	19.613749722222224	47.47587194444445	JUL_M23	8448	0.05034629728	PowerSoil
e8449_F15PRr3	3	15	Rhizosphere	83317.0	19.613749722222224	47.47587194444445	JUL_M23	8449	4.594832179	PowerSoil
e8450_F16PRr2	3	16	Rhizosphere	220294.0	19.644455833333332	47.62611861111111	JUL_M23	8450	0.08706268869	PowerSoil
e8451_F17PRr1	3	17	Rhizosphere	173549.0	19.676460000000002	47.82730555555556	JUL_M23	8451	0.3247202983	Pro
e8452_F18Sr3	3	18	Surface	1078208.0	19.732518055555555	48.046860555555554	JUL_M23	8452	0.005594033031	Pro
e8453_F19Sr2	3	19	Surface	683217.0	19.81231916666667	48.24049472222222	JUL_M23	8453	0.03556206713	Pro
e8454_F21Dr3	3	21	Deep	527574.0	19.9011325	48.48646388888889	JUL_M23	8454		
e8455_F22Dr2	3	22	Deep	421545.0	19.97866972222222	48.63943555555556	JUL_M23	8455	0.07987407089	Pro
e8456_F12Sr2	3	12	Surface	403346.0	19.47793361111111	46.83437333333334	JUL_M23	8456	0.02801456224	PowerSoil
e8457_F13Sr1	3	13	Surface	1008371.0	19.52934611111111	47.053284444444444	JUL_M23	8457	0	PowerSoil
e8458_F14Dr3	3	14	Deep	670883.0	19.581338055555555	47.2920225	JUL_M23	8458	0	PowerSoil
e8459_F15Dr2	3	15	Deep	85453.0	19.613749722222224	47.47587194444445	JUL_M23	8459	0.08457645178	PowerSoil
e8460_F16Dr1	3	16	Deep	169939.0	19.644455833333332	47.62611861111111	JUL_M23	8460	0.1366098384	PowerSoil
e8461_F16PRr3	3	16	Rhizosphere	160856.0	19.644455833333332	47.62611861111111	JUL_M23	8461	0.04861481087	PowerSoil
e8462_F17PRr2	3	17	Rhizosphere	223165.0	19.676460000000002	47.82730555555556	JUL_M23	8462	0.3597939975	Pro
e8463_F18PRr1	3	18	Rhizosphere	522502.0	19.732518055555555	48.046860555555554	JUL_M23	8463	0	Pro
e8464_F19Sr3	3	19	Surface	536547.0	19.81231916666667	48.24049472222222	JUL_M23	8464	0.005549635944	Pro
e8465_F20Sr2	3	20	Surface	418757.0	19.869310833333333	48.42464444444444	JUL_M23	8465	0.02988113035	Pro
e8466_F21Sr1	3	21	Surface	240708.0	19.9011325	48.48646388888889	JUL_M23	8466	0.6691398747	Pro
e8467_F22Dr3	3	22	Deep	894997.0	19.97866972222222	48.63943555555556	JUL_M23	8467	0.0491129008	Pro
e8468_F22Sr1	3	22	Surface	174786.0	19.97866972222222	48.63943555555556	JUL_M23	8468	0.00963454452	Pro
e8469_F23Dr3	3	23	Deep	686489.0	20.049265555555557	48.773331388888884	JUL_M23	8469	0.08329704976	Pro
e8470_F24Dr2	3	24	Deep	374032.0	20.09273861111111	48.89939527777778	JUL_M23	8470	0.04564428221	Pro
e8471_F25Dr1	3	25	Deep	380004.0	20.100259722222223	48.95421972222223	JUL_M23	8471	0.1259245466	PowerSoil
e8472_F25PRr3	3	25	Rhizosphere	149984.0	20.100259722222223	48.95421972222223	JUL_M23	8472	1.729612966	PowerSoil
e8473_F26PRr2	3	26	Rhizosphere	242864.0	20.148753888888887	49.07873861111111	JUL_M23	8473	1.19288988	PowerSoil
e8474_F27PRr1	3	27	Rhizosphere	177847.0	20.2038574	49.1959834	JUL_M23	8474	1.734633335	PowerSoil
e8475_F28Sr3	3	28	Surface	713014.0	20.24376861111111	49.37088472222222	JUL_M23	8475	0.004888013823	PowerSoil
e8476_F29Sr2	3	29	Surface	233382.0	20.2597976	49.5675445	JUL_M23	8476	0.04035007489	PowerSoil
e8477_F30Sr1	3	30	Surface	250273.0	20.269303055555554	49.68367333333333	JUL_M23	8477	0.04390997292	PowerSoil
e8478_F32Dr2	3	32	Deep	740745.0	20.310684166666668	50.09302138888889	JUL_M23	8478	0.00548133016	PowerSoil
e8479_F22Sr2	3	22	Surface	308116.0	19.97866972222222	48.63943555555556	JUL_M23	8479	0.003975219459	Pro
e8480_F23Sr1	3	23	Surface	437269.0	20.049265555555557	48.773331388888884	JUL_M23	8480	0.04331665658	Pro
e8481_F25Dr2	3	25	Deep	390311.0	20.100259722222223	48.95421972222223	JUL_M23	8481	0.1387493074	PowerSoil
e8482_F26Dr1	3	26	Deep	294032.0	20.148753888888887	49.07873861111111	JUL_M23	8482	0.04733295179	PowerSoil
e8483_F26PRr3	3	26	Rhizosphere	243206.0	20.148753888888887	49.07873861111111	JUL_M23	8483	1.302881601	PowerSoil
e8484_F27PRr2	3	27	Rhizosphere	337508.0	20.2038574	49.1959834	JUL_M23	8484	3.77153396	PowerSoil
e8485_F28PRr1	3	28	Rhizosphere	311684.0	20.24376861111111	49.37088472222222	JUL_M23	8485	0.2781330069	PowerSoil
e8486_F29Sr3	3	29	Surface	212847.0	20.2597976	49.5675445	JUL_M23	8486	0.03176980787	PowerSoil
e8487_F30Sr2	3	30	Surface	522280.0	20.269303055555554	49.68367333333333	JUL_M23	8487	0	PowerSoil
e8488_F32Dr3	3	32	Deep	592796.0	20.310684166666668	50.09302138888889	JUL_M23	8488	0.01260112621	PowerSoil
e8489_F22Sr3	3	22	Surface	407409.0	19.97866972222222	48.63943555555556	JUL_M23	8489	0.01497439155	Pro
e8490_F23Sr2	3	23	Surface	492295.0	20.049265555555557	48.773331388888884	JUL_M23	8490	0.03930036138	Pro
e8491_F24Sr1	3	24	Surface	158028.0	20.09273861111111	48.89939527777778	JUL_M23	8491	0.02127267267	PowerSoil
e8492_F25Dr3	3	25	Deep	178916.0	20.100259722222223	48.95421972222223	JUL_M23	8492	0.07006153147	PowerSoil
e8493_F27Dr1	3	27	Deep	401130.0	20.2038574	49.1959834	JUL_M23	8493	0.1876750854	PowerSoil
e8494_F27PRr3	3	27	Rhizosphere	393153.0	20.2038574	49.1959834	JUL_M23	8494	1.501870772	PowerSoil
e8495_F28PRr2	3	28	Rhizosphere	131275.0	20.24376861111111	49.37088472222222	JUL_M23	8495	2.772480528	PowerSoil
e8496_F29PRr1	3	29	Rhizosphere	84038.0	20.2597976	49.5675445	JUL_M23	8496	1.391422654	PowerSoil
e8497_F30Sr3	3	30	Surface	220226.0	20.269303055555554	49.68367333333333	JUL_M23	8497	0.01689125972	PowerSoil
e8498_F31Sr2	3	31	Surface	134337.0	20.294623333333334	49.891405	JUL_M23	8498	0.02656687999	PowerSoil
e8499_F32Sr1	3	32	Surface	742902.0	20.310684166666668	50.09302138888889	JUL_M23	8499	0.04861991036	PowerSoil
e8500_F22PRr1	3	22	Rhizosphere	328520.0	19.97866972222222	48.63943555555556	JUL_M23	8500	0.05408763008	Pro
e8501_F23Sr3	3	23	Surface	448322.0	20.049265555555557	48.773331388888884	JUL_M23	8501	0.05153180586	Pro
e8502_F24Sr2	3	24	Surface	178574.0	20.09273861111111	48.89939527777778	JUL_M23	8502	0.03172416815	PowerSoil
e8503_F25Sr1	3	25	Surface	266228.0	20.100259722222223	48.95421972222223	JUL_M23	8503	0.4950585877	PowerSoil
e8504_F26Dr3	3	26	Deep	254216.0	20.148753888888887	49.07873861111111	JUL_M23	8504	0.06116178641	PowerSoil
e8505_F27Dr2	3	27	Deep	216503.0	20.2038574	49.1959834	JUL_M23	8505	0.1201739421	PowerSoil
e8506_F28Dr1	3	28	Deep	1437718.0	20.24376861111111	49.37088472222222	JUL_M23	8506	0.3668109795	PowerSoil
e8507_F28PRr3	3	28	Rhizosphere	210708.0	20.24376861111111	49.37088472222222	JUL_M23	8507	0.1187591108	PowerSoil
e8508_F29PRr2	3	29	Rhizosphere	85520.0	20.2597976	49.5675445	JUL_M23	8508	1.102979635	PowerSoil
e8509_F30PRr1	3	30	Rhizosphere	284720.0	20.269303055555554	49.68367333333333	JUL_M23	8509	0.05043645263	PowerSoil
e8510_F31Sr3	3	31	Surface	201462.0	20.294623333333334	49.891405	JUL_M23	8510	0.01041041973	PowerSoil
e8511_F32Sr2	3	32	Surface	600235.0	20.310684166666668	50.09302138888889	JUL_M23	8511	0.0172447292	PowerSoil
e8512_F22PRr2	3	22	Rhizosphere	208547.0	19.97866972222222	48.63943555555556	JUL_M23	8512	0.7136728381	Pro
e8513_F23PRr1	3	23	Rhizosphere	227917.0	20.049265555555557	48.773331388888884	JUL_M23	8513	2.951388223	Pro
e8514_F24Sr3	3	24	Surface	347308.0	20.09273861111111	48.89939527777778	JUL_M23	8514	0.03980239828	PowerSoil
e8515_F25Sr2	3	25	Surface	260170.0	20.100259722222223	48.95421972222223	JUL_M23	8515	0.2264232062	PowerSoil
e8516_F26Sr1	3	26	Surface	292811.0	20.148753888888887	49.07873861111111	JUL_M23	8516	0.05500042445	PowerSoil
e8518_F28Dr2	3	28	Deep	649278.0	20.24376861111111	49.37088472222222	JUL_M23	8518		
e8519_F29Dr1	3	29	Deep	249839.0	20.2597976	49.5675445	JUL_M23	8519	0.03564918392	PowerSoil
e8520_F29PRr3	3	29	Rhizosphere	116976.0	20.2597976	49.5675445	JUL_M23	8520	0.3617906104	PowerSoil
e8521_F30PRr2	3	30	Rhizosphere	172981.0	20.269303055555554	49.68367333333333	JUL_M23	8521	0.4046919456	PowerSoil
e8522_F31PRr1	3	31	Rhizosphere	157247.0	20.294623333333334	49.891405	JUL_M23	8522	2.743727505	PowerSoil
e8523_F32Sr3	3	32	Surface	829011.0	20.310684166666668	50.09302138888889	JUL_M23	8523	0.04927065486	PowerSoil
e8524_F22PRr3	3	22	Rhizosphere	432646.0	19.97866972222222	48.63943555555556	JUL_M23	8524	0.06992461231	Pro
e8525_F23PRr2	3	23	Rhizosphere	134329.0	20.049265555555557	48.773331388888884	JUL_M23	8525	1.229401654	Pro
e8526_F24PRr1	3	24	Rhizosphere	127009.0	20.09273861111111	48.89939527777778	JUL_M23	8526	0.430706585	PowerSoil
e8527_F25Sr3	3	25	Surface	309854.0	20.100259722222223	48.95421972222223	JUL_M23	8527	0.3458167091	PowerSoil
e8528_F27Sr1	3	27	Surface	215300.0	20.2038574	49.1959834	JUL_M23	8528	0.4183838611	PowerSoil
e8529_F28Dr3	3	28	Deep	372938.0	20.24376861111111	49.37088472222222	JUL_M23	8529	0.3544882555	PowerSoil
e8530_F29Dr2	3	29	Deep	326258.0	20.2597976	49.5675445	JUL_M23	8530	0.06727750866	PowerSoil
e8531_F30Dr1	3	30	Deep	428124.0	20.269303055555554	49.68367333333333	JUL_M23	8531	0.00265166763	PowerSoil
e8532_F30PRr3	3	30	Rhizosphere	148662.0	20.269303055555554	49.68367333333333	JUL_M23	8532		
e8533_F31PRr2	3	31	Rhizosphere	156026.0	20.294623333333334	49.891405	JUL_M23	8533	0.7497282155	PowerSoil
e8534_F32PRr1	3	32	Rhizosphere	474513.0	20.310684166666668	50.09302138888889	JUL_M23	8534	0.8729737443	PowerSoil
e8535_F23Dr1	3	23	Deep	350095.0	20.049265555555557	48.773331388888884	JUL_M23	8535	0.0806499461	Pro
e8536_F23PRr3	3	23	Rhizosphere	153645.0	20.049265555555557	48.773331388888884	JUL_M23	8536	0.6191986213	Pro
e8537_F24PRr2	3	24	Rhizosphere	248430.0	20.09273861111111	48.89939527777778	JUL_M23	8537	0.2387002904	PowerSoil
e8538_F25PRr1	3	25	Rhizosphere	302188.0	20.100259722222223	48.95421972222223	JUL_M23	8538	1.288733288	PowerSoil
e8539_F26Sr3	3	26	Surface	336998.0	20.148753888888887	49.07873861111111	JUL_M23	8539	0.01255548649	PowerSoil
e8540_F27Sr2	3	27	Surface	153030.0	20.2038574	49.1959834	JUL_M23	8540	0.3248224387	PowerSoil
e8541_F28Sr1	3	28	Surface	1098133.0	20.24376861111111	49.37088472222222	JUL_M23	8541	0.09224243453	PowerSoil
e8542_F29Dr3	3	29	Deep	282605.0	20.2597976	49.5675445	JUL_M23	8542	0.02565408562	PowerSoil
e8543_F30Dr2	3	30	Deep	814785.0	20.269303055555554	49.68367333333333	JUL_M23	8543	0.0113232141	PowerSoil
e8544_F31Dr1	3	31	Deep	234547.0	20.294623333333334	49.891405	JUL_M23	8544	0.04121722954	PowerSoil
e8545_F31PRr3	3	31	Rhizosphere	122467.0	20.294623333333334	49.891405	JUL_M23	8545	0.3800464977	PowerSoil
e8546_F32PRr2	3	32	Rhizosphere	392265.0	20.310684166666668	50.09302138888889	JUL_M23	8546	0.5615460202	PowerSoil
e8547_F23Dr2	3	23	Deep	286765.0	20.049265555555557	48.773331388888884	JUL_M23	8547	0.08685694778	Pro
e8548_F24Dr1	3	24	Deep	318186.0	20.09273861111111	48.89939527777778	JUL_M23	8548	0.01570462705	Pro
e8549_F24PRr3	3	24	Rhizosphere	143523.0	20.09273861111111	48.89939527777778	JUL_M23	8549	0.273751594	PowerSoil
e8550_F25PRr2	3	25	Rhizosphere	335937.0	20.100259722222223	48.95421972222223	JUL_M23	8550	1.534274972	PowerSoil
e8551_F26PRr1	3	26	Rhizosphere	233612.0	20.148753888888887	49.07873861111111	JUL_M23	8551	1.418350088	PowerSoil
e8552_F27Sr3	3	27	Surface	210142.0	20.2038574	49.1959834	JUL_M23	8552	0.2622960247	PowerSoil
e8553_F28Sr2	3	28	Surface	259233.0	20.24376861111111	49.37088472222222	JUL_M23	8553	0.01812353211	PowerSoil
e8554_F29Sr1	3	29	Surface	245503.0	20.2597976	49.5675445	JUL_M23	8554	0.03008113829	PowerSoil
e8555_F30Dr3	3	30	Deep	578935.0	20.269303055555554	49.68367333333333	JUL_M23	8555	0.02213982732	PowerSoil
e8556_F31Dr2	3	31	Deep	458348.0	20.294623333333334	49.891405	JUL_M23	8556	0.1215431336	PowerSoil
e8557_F32Dr1	3	32	Deep	481265.0	20.310684166666668	50.09302138888889	JUL_M23	8557	0.02200290816	PowerSoil
e8558_F32PRr3	3	32	Rhizosphere	686925.0	20.310684166666668	50.09302138888889	JUL_M23	8558	0.1932246342	PowerSoil
e8559_F33Dr1	3	33	Deep	269610.0	20.317507777777777	50.30307027777778	JUL_M23	8559	0.06572519432	PowerSoil
e8560_F33PRr3	3	33	Rhizosphere	292025.0	20.317507777777777	50.30307027777778	JUL_M23	8560	7.064807645	PowerSoil
e8561_F34PRr2	3	34	Rhizosphere	289314.0	20.344394444444443	50.5153725	JUL_M23	8561	1.972731946	PowerSoil
e8562_F35PRr1	3	35	Rhizosphere	267913.0	20.371795833333334	50.72999222222222	JUL_M23	8562	1.886740709	PowerSoil
e8563_F37Sr2	3	37	Surface	426334.0	20.454150277777778	51.344883333333335	JUL_M23	8563	0.008180787977	PowerSoil
e8564_F38Sr1	3	38	Surface	577345.0	20.4610275	51.370224722222225	JUL_M23	8564	0.1068150612	PowerSoil
e8565_F39Dr3	3	39	Deep	796719.0	20.51023	51.59742	JUL_M23	8565	0.01278248121	PowerSoil
e8566_F40Dr2	3	40	Deep	630082.0	20.54718	51.82559	JUL_M23	8566	0.04690008562	PowerSoil
e8567_F42PRr2	3	42	Rhizosphere	180721.0	20.55516	52.12403	JUL_M23	8567	1.049782766	PowerSoil
e8568_F33Dr2	3	33	Deep	496076.0	20.317507777777777	50.30307027777778	JUL_M23	8568	0.05707958884	PowerSoil
e8569_F34Dr1	3	34	Deep	620398.0	20.344394444444443	50.5153725	JUL_M23	8569	0.01152747397	PowerSoil
e8570_F34PRr3	3	34	Rhizosphere	232799.0	20.344394444444443	50.5153725	JUL_M23	8570	1.833286697	PowerSoil
e8571_F35PRr2	3	35	Rhizosphere	363329.0	20.371795833333334	50.72999222222222	JUL_M23	8571	1.208571978	PowerSoil
e8572_F36PRr1	3	36	Rhizosphere	391715.0	20.42319	51.14483	JUL_M23	8572	1.36614511	PowerSoil
e8573_F37Sr3	3	37	Surface	1029512.0	20.454150277777778	51.344883333333335	JUL_M23	8573	0.01970826195	PowerSoil
e8574_F38Sr2	3	38	Surface	934452.0	20.4610275	51.370224722222225	JUL_M23	8574	0.05972904858	PowerSoil
e8575_F39Sr1	3	39	Surface	346530.0	20.51023	51.59742	JUL_M23	8575	0.1647778033	PowerSoil
e8576_F40Dr3	3	40	Deep	258240.0	20.54718	51.82559	JUL_M23	8576	0.04164764788	PowerSoil
e8577_F42Dr1	3	42	Deep	487641.0	20.55516	52.12403	JUL_M23	8577	0.03751077215	PowerSoil
e8578_F42PRr3	3	42	Rhizosphere	353204.0	20.55516	52.12403	JUL_M23	8578	0.2390464093	PowerSoil
e8579_F33Dr3	3	33	Deep	344205.0	20.317507777777777	50.30307027777778	JUL_M23	8579	0.06693371981	PowerSoil
e8580_F34Dr2	3	34	Deep	745486.0	20.344394444444443	50.5153725	JUL_M23	8580	0.02993424692	PowerSoil
e8581_F35Dr1	3	35	Deep	522563.0	20.371795833333334	50.72999222222222	JUL_M23	8581	0.1211779219	PowerSoil
e8582_F35PRr3	3	35	Rhizosphere	206826.0	20.371795833333334	50.72999222222222	JUL_M23	8582	0.3695763932	PowerSoil
e8583_F36PRr2	3	36	Rhizosphere	273645.0	20.42319	51.14483	JUL_M23	8583	1.768677064	PowerSoil
e8584_F37PRr1	3	37	Rhizosphere	565445.0	20.454150277777778	51.344883333333335	JUL_M23	8584	0.2678743245	PowerSoil
e8585_F38Sr3	3	38	Surface	719011.0	20.4610275	51.370224722222225	JUL_M23	8585	0.03035258267	PowerSoil
e8586_F39Sr2	3	39	Surface	422809.0	20.51023	51.59742	JUL_M23	8586	0.06846761756	PowerSoil
e8587_F40Sr1	3	40	Surface	200089.0	20.54718	51.82559	JUL_M23	8587	0.05429068385	PowerSoil
e8588_F41Dr3	3	41	Deep	322894.0	20.539777222222224	51.94610583333333	JUL_M23	8588	0.1946190867	PowerSoil
e8589_F42Dr2	3	42	Deep	641165.0	20.55516	52.12403	JUL_M23	8589	0.0343035314	PowerSoil
e8590_F43Dr1	3	43	Deep	358973.0	20.567575555555557	52.22413277777778	JUL_M23	8590	0.0126927297	PowerSoil
e8591_F33Sr1	3	33	Surface	643126.0	20.317507777777777	50.30307027777778	JUL_M23	8591	0.0173376927	PowerSoil
e8592_F34Dr3	3	34	Deep	551722.0	20.344394444444443	50.5153725	JUL_M23	8592	0.02923702067	PowerSoil
e8593_F35Dr2	3	35	Deep	671438.0	20.371795833333334	50.72999222222222	JUL_M23	8593	0.09644963098	PowerSoil
e8594_F36Dr1	3	36	Deep	281621.0	20.42319	51.14483	JUL_M23	8594	0.1246175714	PowerSoil
e8595_F36PRr3	3	36	Rhizosphere	208897.0	20.42319	51.14483	JUL_M23	8595	1.304789201	PowerSoil
e8596_F37PRr2	3	37	Rhizosphere	605492.0	20.454150277777778	51.344883333333335	JUL_M23	8596	0.3658578532	PowerSoil
e8597_F38PRr1	3	38	Rhizosphere	760982.0	20.4610275	51.370224722222225	JUL_M23	8597	0.2624824415	PowerSoil
e8598_F39Sr3	3	39	Surface	386390.0	20.51023	51.59742	JUL_M23	8598	0.08933792325	PowerSoil
e8599_F40Sr2	3	40	Surface	289905.0	20.54718	51.82559	JUL_M23	8599	0.05215252335	PowerSoil
e8600_F42Dr3	3	42	Deep	404889.0	20.55516	52.12403	JUL_M23	8600	0.02017307944	PowerSoil
e8601_F43Dr2	3	43	Deep	530310.0	20.567575555555557	52.22413277777778	JUL_M23	8601	0.006393374959	PowerSoil
e8602_F33Sr2	3	33	Surface	530263.0	20.317507777777777	50.30307027777778	JUL_M23	8602	0.01027246672	PowerSoil
e8603_F34Sr1	3	34	Surface	383223.0	20.344394444444443	50.5153725	JUL_M23	8603		
e8604_F35Dr3	3	35	Deep	528913.0	20.371795833333334	50.72999222222222	JUL_M23	8604	0.102027441	PowerSoil
e8605_F36Dr2	3	36	Deep	408933.0	20.42319	51.14483	JUL_M23	8605	0.1595718473	PowerSoil
e8606_F37Dr1	3	37	Deep	292269.0	20.454150277777778	51.344883333333335	JUL_M23	8606	0.104816346	PowerSoil
e8607_F37PRr3	3	37	Rhizosphere	986470.0	20.454150277777778	51.344883333333335	JUL_M23	8607	0.1547842271	PowerSoil
e8608_F38PRr2	3	38	Rhizosphere	577462.0	20.4610275	51.370224722222225	JUL_M23	8608	0.06935077081	PowerSoil
e8609_F39PRr1	3	39	Rhizosphere	287978.0	20.51023	51.59742	JUL_M23	8609	0.2240420344	PowerSoil
e8610_F40Sr3	3	40	Surface	300603.0	20.54718	51.82559	JUL_M23	8610	0.06842113581	PowerSoil
e8611_F42Sr1	3	42	Surface	574071.0	20.55516	52.12403	JUL_M23	8611	0.03286259716	PowerSoil
e8612_F43Dr3	3	43	Deep	403180.0	20.567575555555557	52.22413277777778	JUL_M23	8612	0.03812519921	PowerSoil
e8613_F33Sr3	3	33	Surface	722590.0	20.317507777777777	50.30307027777778	JUL_M23	8613	0.01547842271	PowerSoil
e8614_F34Sr2	3	34	Surface	624185.0	20.344394444444443	50.5153725	JUL_M23	8614	0.02654107918	PowerSoil
e8615_F35Sr1	3	35	Surface	1002775.0	20.371795833333334	50.72999222222222	JUL_M23	8615	0.003067795491	PowerSoil
e8616_F36Dr3	3	36	Deep	545266.0	20.42319	51.14483	JUL_M23	8616	0.1707274673	PowerSoil
e8617_F37Dr2	3	37	Deep	349549.0	20.454150277777778	51.344883333333335	JUL_M23	8617	0.4509194555	PowerSoil
e8618_F38PRr3	3	38	Rhizosphere	977731.0	20.4610275	51.370224722222225	JUL_M23	8618	0.04996788111	PowerSoil
e8619_F40PRr1	3	40	Rhizosphere	213945.0	20.54718	51.82559	JUL_M23	8619	0.03332741466	PowerSoil
e8620_F42Sr2	3	42	Surface	504617.0	20.55516	52.12403	JUL_M23	8620	0.03890522464	PowerSoil
e8621_F43Sr1	3	43	Surface	389433.0	20.567575555555557	52.22413277777778	JUL_M23	8621	0.02044939785	PowerSoil
e8622_F34Sr3	3	34	Surface	609244.0	20.344394444444443	50.5153725	JUL_M23	8622	0.01157395572	PowerSoil
e8623_F35Sr2	3	35	Surface	574721.0	20.371795833333334	50.72999222222222	JUL_M23	8623	0.05503439185	PowerSoil
e8624_F36Sr1	3	36	Surface	542516.0	20.42319	51.14483	JUL_M23	8624	0.1613381538	PowerSoil
e8625_F37Dr3	3	37	Deep	396325.0	20.454150277777778	51.344883333333335	JUL_M23	8625	0.08241214252	PowerSoil
e8626_F38Dr2	3	38	Deep	768512.0	20.4610275	51.370224722222225	JUL_M23	8626	0.04499433387	PowerSoil
e8627_F39PRr3	3	39	Rhizosphere	403843.0	20.51023	51.59742	JUL_M23	8627	0.1121604624	PowerSoil
e8628_F40PRr2	3	40	Rhizosphere	158953.0	20.54718	51.82559	JUL_M23	8628	0.02291550269	PowerSoil
e8629_F41PRr1	3	41	Rhizosphere	218405.0	20.539777222222224	51.94610583333333	JUL_M23	8629	5.484428149	PowerSoil
e8630_F42Sr3	3	42	Surface	2511514.0	20.55516	52.12403	JUL_M23	8630	0.02049845169	PowerSoil
e8632_F33PRr2	3	33	Rhizosphere	256212.0	20.317507777777777	50.30307027777778	JUL_M23	8632	1.837934872	PowerSoil
e8633_F34PRr1	3	34	Rhizosphere	317120.0	20.344394444444443	50.5153725	JUL_M23	8633	1.52232379	PowerSoil
e8634_F35Sr3	3	35	Surface	320311.0	20.371795833333334	50.72999222222222	JUL_M23	8634	0.08715328101	PowerSoil
e8635_F36Sr2	3	36	Surface	581456.0	20.42319	51.14483	JUL_M23	8635	0.02231123994	PowerSoil
e8636_F37Sr1	3	37	Surface	482119.0	20.454150277777778	51.344883333333335	JUL_M23	8636	1.007306001	PowerSoil
e8637_F38Dr3	3	38	Deep	549363.0	20.4610275	51.370224722222225	JUL_M23	8637	0.1109054552	PowerSoil
e8638_F39Dr2	3	39	Deep	601910.0	20.51023	51.59742	JUL_M23	8638	0.02128864144	PowerSoil
e8639_F40Dr1	3	40	Deep	649811.0	20.54718	51.82559	JUL_M23	8639	0.02342680193	PowerSoil
e8640_F40PRr3	3	40	Rhizosphere	615427.0	20.54718	51.82559	JUL_M23	8640	0.01106265647	PowerSoil
e8641_F41PRr2	3	41	Rhizosphere	468882.0	20.539777222222224	51.94610583333333	JUL_M23	8641	4.030943831	PowerSoil
e8642_F42PRr1	3	42	Rhizosphere	395478.0	20.55516	52.12403	JUL_M23	8642	0.4100155156	PowerSoil
e8643_F43Sr3	3	43	Surface	421758.0	20.567575555555557	52.22413277777778	JUL_M23	8643	0.07065619532	PowerSoil
e8644_F56Sr2	3	56	Surface	72658.0	20.821580833333332	54.22385916666667	JUL_M23	8644	0.004487461505	PowerSoil MoBio
e8645_F57PRr1	3	57	Rhizosphere	29725.0	20.7349775	54.41764333333333	JUL_M23	8645	0.0901891773	Pro
e8646_F58Sr3	3	58	Surface	188156.0	20.66540111111111	54.59327444444445	JUL_M23	8646	0.1357677079	Pro
e8647_F59Sr2	3	59	Surface	37048.0	20.65626	54.635868055555555	JUL_M23	8647	0	Pro
e8648_F60Sr1	3	60	Surface	37238.0	20.706374444444442	54.732105555555556	JUL_M23	8648	0.01174659041	Pro
e8650_F54PRr2	3	54	Rhizosphere	309479.0	20.92017888888889	53.962204444444446	JUL_M23	8650	0.1063352398	PowerSoil MoBio
e8651_F56Sr3	3	56	Surface	10766.0	20.821580833333332	54.22385916666667	JUL_M23	8651	0	Pro
e8652_F57PRr2	3	57	Rhizosphere	406784.0	20.7349775	54.41764333333333	JUL_M23	8652	0.4491421029	Pro
e8653_F58PRr1	3	58	Rhizosphere	159636.0	20.66540111111111	54.59327444444445	JUL_M23	8653	22.50589529	Pro
e8654_F59Sr3	3	59	Surface	19184.0	20.65626	54.635868055555555	JUL_M23	8654	0.002375714914	Pro
e8655_F60Sr2	3	60	Surface	56070.0	20.706374444444442	54.732105555555556	JUL_M23	8655	0.01055873295	Pro
e8656_F57Dr1	3	57	Deep	46631.0	20.7349775	54.41764333333333	JUL_M23	8656	0.002595688517	Pro
e8657_F57PRr3	3	57	Rhizosphere	349804.0	20.7349775	54.41764333333333	JUL_M23	8657	0.006159260889	Pro
e8658_F58PRr2	3	58	Rhizosphere	380590.0	20.66540111111111	54.59327444444445	JUL_M23	8658	21.32243731	Pro
e8659_F59PRr1	3	59	Rhizosphere	15335.0	20.65626	54.635868055555555	JUL_M23	8659	0.006467223933	Pro
e8660_F60Sr3	3	60	Surface	29637.0	20.706374444444442	54.732105555555556	JUL_M23	8660	0.008974923009	Pro
e8662_F58Dr1	3	58	Deep	6319.0	20.66540111111111	54.59327444444445	JUL_M23	8662	0.01223053234	Pro
e8663_F58PRr3	3	58	Rhizosphere	175347.0	20.66540111111111	54.59327444444445	JUL_M23	8663	18.32199736	Pro
e8664_F60PRr1	3	60	Rhizosphere	32618.0	20.706374444444442	54.732105555555556	JUL_M23	8664	0.01121865376	Pro
e8666_F60PRr2	3	60	Rhizosphere	78596.0	20.706374444444442	54.732105555555556	JUL_M23	8666	0.01561812582	Pro
e8668_F59Dr2	3	59	Deep	13425.0	20.65626	54.635868055555555	JUL_M23	8668	0.04021117466	Pro
e8669_F60PRr3	3	60	Rhizosphere	282985.0	20.706374444444442	54.732105555555556	JUL_M23	8669	0.04452265728	Pro
e8670_F55Sr1	3	55	Surface	1171.0	20.9022725	54.0024376	JUL_M23	8670	0.01495820502	PowerSoil MoBio
e8671_F58Sr1	3	58	Surface	102606.0	20.66540111111111	54.59327444444445	JUL_M23	8671	0.02916849978	Pro
e8673_F57Sr3	3	57	Surface	74802.0	20.7349775	54.41764333333333	JUL_M23	8673	0.02160140783	Pro
e8674_F58Sr2	3	58	Surface	107835.0	20.66540111111111	54.59327444444445	JUL_M23	8674	0.0140783106	Pro
e8675_F59Sr1	3	59	Surface	85978.0	20.65626	54.635868055555555	JUL_M23	8675	0.00206775187	Pro
e8677_F43PRr1	3	43	Rhizosphere	275336.0	20.567575555555557	52.22413277777778	JUL_M23	8677	0.6530174379	PowerSoil
e8678_F44Sr3	3	44	Surface	555124.0	20.56783	52.41036	JUL_M23	8678	0.03060358161	PowerSoil
e8679_F45Sr2	3	45	Surface	316490.0	20.56346	52.46776	JUL_M23	8679	0.1446971186	PowerSoil
e8680_F47Dr3	3	47	Deep	82873.0	20.54181555555556	52.868785833333334	JUL_M23	8680	1.591339233	PowerSoil MoBio
e8681_F48Dr2	3	48	Deep	166013.0	20.568648333333332	53.09404833333333	JUL_M23	8681	0.9957211398	PowerSoil MoBio
e8682_F49Dr1	3	49	Deep	240170.0	20.644662222222223	53.28794	JUL_M23	8682	0.3418105098	PowerSoil MoBio
e8683_F49PRr3	3	49	Rhizosphere	639280.0	20.644662222222223	53.28794	JUL_M23	8683	0.3281775779	PowerSoil MoBio
e8684_F50PRr2	3	50	Rhizosphere	154298.0	20.71385	53.4123	JUL_M23	8684	0.01800487213	PowerSoil MoBio
e8685_F51PRr1	3	51	Rhizosphere	433747.0	20.7987	53.487	JUL_M23	8685	2.368886453	PowerSoil MoBio
e8686_F52Sr3	3	52	Surface	83012.0	20.82784	53.57835	JUL_M23	8686	0.02359907522	PowerSoil MoBio
e8687_F43PRr2	3	43	Rhizosphere	262580.0	20.567575555555557	52.22413277777778	JUL_M23	8687	0.9045215264	PowerSoil
e8688_F44PRr1	3	44	Rhizosphere	226793.0	20.56783	52.41036	JUL_M23	8688	0.09829814	PowerSoil
e8689_F45Sr3	3	45	Surface	118003.0	20.56346	52.46776	JUL_M23	8689	0.6389144049	PowerSoil MoBio
e8690_F46Sr2	3	46	Surface	58312.0	20.553746111111113	52.66920777777778	JUL_M23	8690	0.01485519476	PowerSoil MoBio
e8691_F48Dr3	3	48	Deep	200289.0	20.568648333333332	53.09404833333333	JUL_M23	8691	0.1027170903	PowerSoil MoBio
e8692_F49Dr2	3	49	Deep	541378.0	20.644662222222223	53.28794	JUL_M23	8692	0.08212666216	PowerSoil MoBio
e8693_F50Dr1	3	50	Deep	515008.0	20.71385	53.4123	JUL_M23	8693	0.05594203089	PowerSoil MoBio
e8694_F50PRr3	3	50	Rhizosphere	298579.0	20.71385	53.4123	JUL_M23	8694	0.03605675437	PowerSoil MoBio
e8695_F51PRr2	3	51	Rhizosphere	378239.0	20.7987	53.487	JUL_M23	8695	0.5430137805	PowerSoil MoBio
e8696_F53Dr1	3	53	Deep	96844.0	20.851514166666668	53.75788444444444	JUL_M23	8696	0.01156448706	PowerSoil MoBio
e8697_F43PRr3	3	43	Rhizosphere	280427.0	20.567575555555557	52.22413277777778	JUL_M23	8697	0.3173652526	PowerSoil
e8698_F44PRr2	3	44	Rhizosphere	248027.0	20.56783	52.41036	JUL_M23	8698	0.06736548762	PowerSoil
e8699_F45PRr1	3	45	Rhizosphere	216284.0	20.56346	52.46776	JUL_M23	8699	0.1759588417	PowerSoil MoBio
e8700_F48Sr1	3	48	Surface	213281.0	20.568648333333332	53.09404833333333	JUL_M23	8700	1.135811268	PowerSoil MoBio
e8701_F49Dr3	3	49	Deep	191010.0	20.644662222222223	53.28794	JUL_M23	8701	0.1056317172	PowerSoil MoBio
e8702_F50Dr2	3	50	Deep	560651.0	20.71385	53.4123	JUL_M23	8702	0.1074181013	PowerSoil MoBio
e8703_F51PRr3	3	51	Rhizosphere	382432.0	20.7987	53.487	JUL_M23	8703	0.1626549806	PowerSoil MoBio
e8704_F53Dr2	3	53	Deep	101188.0	20.851514166666668	53.75788444444444	JUL_M23	8704	0.03521057239	PowerSoil MoBio
e8705_F44Dr1	3	44	Deep	488710.0	20.56783	52.41036	JUL_M23	8705	0.01104737585	PowerSoil
e8706_F44PRr3	3	44	Rhizosphere	231073.0	20.56783	52.41036	JUL_M23	8706	0.009072951229	PowerSoil
e8707_F45PRr2	3	45	Rhizosphere	200138.0	20.56346	52.46776	JUL_M23	8707	0.5025850859	PowerSoil MoBio
e8708_F47Sr3	3	47	Surface	40903.0	20.54181555555556	52.868785833333334	JUL_M23	8708	0.00014103033	PowerSoil MoBio
e8709_F48Sr2	3	48	Surface	104631.0	20.568648333333332	53.09404833333333	JUL_M23	8709	3.05570416	PowerSoil MoBio
e8710_F49Sr1	3	49	Surface	326946.0	20.644662222222223	53.28794	JUL_M23	8710	0.05960881947	PowerSoil MoBio
e8711_F50Dr3	3	50	Deep	645115.0	20.71385	53.4123	JUL_M23	8711	0.06463890124	PowerSoil MoBio
e8712_F53Dr3	3	53	Deep	302726.0	20.851514166666668	53.75788444444444	JUL_M23	8712	0.07154938741	PowerSoil MoBio
e8713_F44Dr2	3	44	Deep	507202.0	20.56783	52.41036	JUL_M23	8713	0.00150432352	PowerSoil
e8714_F45Dr1	3	45	Deep	403814.0	20.56346	52.46776	JUL_M23	8714	0.130359035	PowerSoil
e8715_F45PRr3	3	45	Rhizosphere	231644.0	20.56346	52.46776	JUL_M23	8715	0.6563081456	PowerSoil MoBio
e8716_F47PRr1	3	47	Rhizosphere	79406.0	20.54181555555556	52.868785833333334	JUL_M23	8716	0.01226963871	PowerSoil MoBio
e8717_F48Sr3	3	48	Surface	213663.0	20.568648333333332	53.09404833333333	JUL_M23	8717	1.203975927	PowerSoil MoBio
e8718_F49Sr2	3	49	Surface	498524.0	20.644662222222223	53.28794	JUL_M23	8718	0	PowerSoil MoBio
e8719_F50Sr1	3	50	Surface	349574.0	20.71385	53.4123	JUL_M23	8719	0.00230349539	PowerSoil MoBio
e8720_F51Dr3	3	51	Deep	304280.0	20.7987	53.487	JUL_M23	8720	0.150432352	PowerSoil MoBio
e8721_F44Dr3	3	44	Deep	529574.0	20.56783	52.41036	JUL_M23	8721	0.01349190157	PowerSoil
e8722_F45Dr2	3	45	Deep	371060.0	20.56346	52.46776	JUL_M23	8722	0.03314212755	PowerSoil
e8723_F46Dr1	3	46	Deep	202959.0	20.553746111111113	52.66920777777778	JUL_M23	8723	1.686769757	PowerSoil MoBio
e8724_F47PRr2	3	47	Rhizosphere	177909.0	20.54181555555556	52.868785833333334	JUL_M23	8724	0	PowerSoil MoBio
e8725_F48PRr1	3	48	Rhizosphere	307491.0	20.568648333333332	53.09404833333333	JUL_M23	8725	0	PowerSoil MoBio
e8726_F49Sr3	3	49	Surface	256264.0	20.644662222222223	53.28794	JUL_M23	8726	0.01386798245	PowerSoil MoBio
e8729_F44Sr1	3	44	Surface	525993.0	20.56783	52.41036	JUL_M23	8729	0	PowerSoil
e8730_F45Dr3	3	45	Deep	250343.0	20.56346	52.46776	JUL_M23	8730	0.5505353981	PowerSoil
e8731_F47Dr1	3	47	Deep	169811.0	20.54181555555556	52.868785833333334	JUL_M23	8731	1.456890319	PowerSoil MoBio
e8732_F47PRr3	3	47	Rhizosphere	126608.0	20.54181555555556	52.868785833333334	JUL_M23	8732	0.01001315343	PowerSoil MoBio
e8733_F48PRr2	3	48	Rhizosphere	356181.0	20.568648333333332	53.09404833333333	JUL_M23	8733	0.006675435619	PowerSoil MoBio
e8734_F49PRr1	3	49	Rhizosphere	271109.0	20.644662222222223	53.28794	JUL_M23	8734	0.01353891168	PowerSoil MoBio
e8735_F50Sr3	3	50	Surface	261672.0	20.71385	53.4123	JUL_M23	8735	0.004701010999	PowerSoil MoBio
e8736_F52Sr1	3	52	Surface	113146.0	20.82784	53.57835	JUL_M23	8736	0.0197442462	PowerSoil MoBio
e8737_F53Sr3	3	53	Surface	208040.0	20.851514166666668	53.75788444444444	JUL_M23	8737	0.01904971403	PowerSoil MoBio
e8738_F44Sr2	3	44	Surface	555581.0	20.56783	52.41036	JUL_M23	8738	0.00211545495	PowerSoil
e8739_F45Sr1	3	45	Surface	393793.0	20.56346	52.46776	JUL_M23	8739	0.1079352125	PowerSoil
e8740_F48Dr1	3	48	Deep	172934.0	20.568648333333332	53.09404833333333	JUL_M23	8740	0.4673275035	PowerSoil MoBio
e8741_F48PRr3	3	48	Rhizosphere	116046.0	20.568648333333332	53.09404833333333	JUL_M23	8741	0.03939447218	PowerSoil MoBio
e8742_F49PRr2	3	49	Rhizosphere	169558.0	20.644662222222223	53.28794	JUL_M23	8742	0.02167166071	PowerSoil MoBio
e8743_F50PRr1	3	50	Rhizosphere	210458.0	20.71385	53.4123	JUL_M23	8743	0.01621848795	PowerSoil MoBio
e8744_F51Sr3	3	51	Surface	234138.0	20.7987	53.487	JUL_M23	8744	0.7775942294	PowerSoil MoBio
e8745_F52Sr2	3	52	Surface	68412.0	20.82784	53.57835	JUL_M23	8745	0	PowerSoil MoBio
e8746_F53PRr1	3	53	Rhizosphere	459016.0	20.851514166666668	53.75788444444444	JUL_M23	8746	0.03251209855	PowerSoil MoBio
V10Dr1	5	10	Deep	848205.0	19.420469722222222	46.460795277777784	T5_M25	8148		QIACube
V10PRr2	5	10	Rhizosphere	433320.0	19.420469722222222	46.460795277777784	T5_M25	8344		
V11Dr3	5	11	Deep	737509.0	19.44435222222222	46.6356325	T5_M25	8361		
V11PRr2	5	11	Rhizosphere	771209.0	19.44435222222222	46.6356325	T5_M25	8351		
V11PRr3	5	11	Rhizosphere	532012.0	19.44435222222222	46.6356325	T5_M25	8194		
V11Sr2	5	11	Surface	1665447.0	19.44435222222222	46.6356325	T5_M25	8155		
V12Dr3	5	12	Deep	568196.0	19.47793361111111	46.83437333333334	T5_M25	8175		
V12PRr1	5	12	Rhizosphere	600067.0	19.47793361111111	46.83437333333334	T5_M25	8206		QIACube
V12PRr2	5	12	Rhizosphere	416320.0	19.47793361111111	46.83437333333334	T5_M25	8217		
V12PRr3	5	12	Rhizosphere	630030.0	19.47793361111111	46.83437333333334	T5_M25	8208		
V12Sr1	5	12	Surface	469803.0	19.47793361111111	46.83437333333334	T5_M25	8224		QIACube
V12Sr3	5	12	Surface	910306.0	19.47793361111111	46.83437333333334	T5_M25	8332		
V13PRr1	5	13	Rhizosphere	1224494.0	19.52934611111111	47.053284444444444	T5_M25	8198		QIACube
V13PRr2	5	13	Rhizosphere	727274.0	19.52934611111111	47.053284444444444	T5_M25	8192		
V13Sr3	5	13	Surface	696050.0	19.52934611111111	47.053284444444444	T5_M25	8359		
V14Dr3	5	14	Deep	843651.0	19.581338055555555	47.2920225	T5_M25	8150		
V14PRr1	5	14	Rhizosphere	323032.0	19.581338055555555	47.2920225	T5_M25	8243		QIACube
V14PRr2	5	14	Rhizosphere	270040.0	19.581338055555555	47.2920225	T5_M25	8300		
V14PRr3	5	14	Rhizosphere	275194.0	19.581338055555555	47.2920225	T5_M25	8229		
V14Sr1	5	14	Surface	571205.0	19.581338055555555	47.2920225	T5_M25	8130		QIACube
V15Dr1	5	15	Deep	806721.0	19.613749722222224	47.47587194444445	T5_M25	8318		QIACube
V15Dr2	5	15	Deep	990285.0	19.613749722222224	47.47587194444445	T5_M25	8326		
V15Dr3	5	15	Deep	857874.0	19.613749722222224	47.47587194444445	T5_M25	8333		
V15PRr1	5	15	Rhizosphere	598821.0	19.613749722222224	47.47587194444445	T5_M25	8335		QIACube
V15PRr2	5	15	Rhizosphere	807545.0	19.613749722222224	47.47587194444445	T5_M25	8305		
V15PRr3	5	15	Rhizosphere	465937.0	19.613749722222224	47.47587194444445	T5_M25	8303		
V15Sr1	5	15	Surface	677850.0	19.613749722222224	47.47587194444445	T5_M25	8233		QIACube
V15Sr2	5	15	Surface	863065.0	19.613749722222224	47.47587194444445	T5_M25	8365		
V16Dr1O	5	16	Deep	895209.0	19.644455833333332	47.62611861111111	T5_M25	8368		
V16Dr1T	5	16	Deep	648974.0	19.644455833333332	47.62611861111111	T5_M25	8384		
V16Dr3	5	16	Deep	813349.0	19.644455833333332	47.62611861111111	T5_M25	8325		
V16PRr1O	5	16	Rhizosphere	304935.0	19.644455833333332	47.62611861111111	T5_M25	8343		
V16PRr1T	5	16	Rhizosphere	364501.0	19.644455833333332	47.62611861111111	T5_M25	8381		
V16PRr1	5	16	Rhizosphere	676326.0	19.644455833333332	47.62611861111111	T5_M25	8245		QIACube
V16PRr2	5	16	Rhizosphere	377846.0	19.644455833333332	47.62611861111111	T5_M25	8255		
V16PRr3	5	16	Rhizosphere	439890.0	19.644455833333332	47.62611861111111	T5_M25	8279		
V16Sr1O	5	16	Surface	583216.0	19.644455833333332	47.62611861111111	T5_M25	8132		
V17Dr1	5	17	Deep	616652.0	19.676460000000002	47.82730555555556	T5_M25	8144	0.06	QIACube
V17Dr2	5	17	Deep	735757.0	19.676460000000002	47.82730555555556	T5_M25	8228		
V17PRr1	5	17	Rhizosphere	916797.0	19.676460000000002	47.82730555555556	T5_M25	8297	3.28	QIACube
V17PRr2	5	17	Rhizosphere	664534.0	19.676460000000002	47.82730555555556	T5_M25	8269		
V17PRr3	5	17	Rhizosphere	559477.0	19.676460000000002	47.82730555555556	T5_M25	8173		
V18PRr2	5	18	Rhizosphere	686547.0	19.732518055555555	48.046860555555554	T5_M25	8294		
V18PRr3	5	18	Rhizosphere	490075.0	19.732518055555555	48.046860555555554	T5_M25	8276		
V19Dr2	5	19	Deep	4328529.0	19.81231916666667	48.24049472222222	T5_M25	8187		
V19Dr3	5	19	Deep	687932.0	19.81231916666667	48.24049472222222	T5_M25	8137		
V19PRr1	5	19	Rhizosphere	906808.0	19.81231916666667	48.24049472222222	T5_M25	8315	0.114	QIACube
V19PRr2	5	19	Rhizosphere	452159.0	19.81231916666667	48.24049472222222	T5_M25	8182		
V19PRr3	5	19	Rhizosphere	480534.0	19.81231916666667	48.24049472222222	T5_M25	8268		
V19Sr3	5	19	Surface	1109733.0	19.81231916666667	48.24049472222222	T5_M25	8153		
V1Dr1	5	1	Deep	149001.0	19.149770555555556	45.166511388888885	T5_M25	8145		QIACube
V1Dr3	5	1	Deep	622017.0	19.149770555555556	45.166511388888885	T5_M25	8340		
V1PRr1	5	1	Rhizosphere	533717.0	19.149770555555556	45.166511388888885	T5_M25	8211		QIACube
V1PRr2	5	1	Rhizosphere	396570.0	19.149770555555556	45.166511388888885	T5_M25	8214		
V1PRr3	5	1	Rhizosphere	742666.0	19.149770555555556	45.166511388888885	T5_M25	8215		
V20PRr1	5	20	Rhizosphere	2206850.0	19.869310833333333	48.42464444444444	T5_M25	8257		QIACube
V20PRr2	5	20	Rhizosphere	600721.0	19.869310833333333	48.42464444444444	T5_M25	8266		
V20PRr3	5	20	Rhizosphere	1255763.0	19.869310833333333	48.42464444444444	T5_M25	8270		
V20Sr2	5	20	Surface	665008.0	19.869310833333333	48.42464444444444	T5_M25	8322		
V21Dr1	5	21	Deep	394228.0	19.9011325	48.48646388888889	T5_M25	8362		QIACube
V21Dr2	5	21	Deep	386593.0	19.9011325	48.48646388888889	T5_M25	8312		
V21PRr1RE	5	21	Rhizosphere	602178.0	19.9011325	48.48646388888889	T5_M25	8341		
V21PRr1	5	21	Rhizosphere	364127.0	19.9011325	48.48646388888889	T5_M25	8225		QIACube
V21PRr2RE	5	21	Rhizosphere	812539.0	19.9011325	48.48646388888889	T5_M25	8348		
V21PRr2	5	21	Rhizosphere	744661.0	19.9011325	48.48646388888889	T5_M25	8237		
V21PRr3RE	5	21	Rhizosphere	456084.0	19.9011325	48.48646388888889	T5_M25	8356		
V21PRr3	5	21	Rhizosphere	496185.0	19.9011325	48.48646388888889	T5_M25	8238		
V21Sr3	5	21	Surface	1104702.0	19.9011325	48.48646388888889	T5_M25	8154		
V22PRr2	5	22	Rhizosphere	627961.0	19.97866972222222	48.63943555555556	T5_M25	8143		
V23Dr1	5	23	Deep	703098.0	20.049265555555557	48.773331388888884	T5_M25	8202		QIACube
V23PRr1	5	23	Rhizosphere	601349.0	20.049265555555557	48.773331388888884	T5_M25	8170		QIACube
V23PRr2	5	23	Rhizosphere	490051.0	20.049265555555557	48.773331388888884	T5_M25	8223		
V24Dr1	5	24	Deep	433766.0	20.09273861111111	48.89939527777778	T5_M25	8174		QIACube
V24PRr1	5	24	Rhizosphere	547995.0	20.09273861111111	48.89939527777778	T5_M25	8236		QIACube
V24PRr3	5	24	Rhizosphere	376945.0	20.09273861111111	48.89939527777778	T5_M25	8149		
V25Dr3	5	25	Deep	409246.0	20.100259722222223	48.95421972222223	T5_M25	8184		
V25PRr1	5	25	Rhizosphere	565473.0	20.100259722222223	48.95421972222223	T5_M25	8181		QIACube
V25PRr2	5	25	Rhizosphere	500796.0	20.100259722222223	48.95421972222223	T5_M25	8218		
V25PRr3	5	25	Rhizosphere	540011.0	20.100259722222223	48.95421972222223	T5_M25	8330		
V25Sr2	5	25	Surface	863243.0	20.100259722222223	48.95421972222223	T5_M25	8317		
V25Sr3	5	25	Surface	837324.0	20.100259722222223	48.95421972222223	T5_M25	8355		
V26Dr2	5	26	Deep	226535.0	20.148753888888887	49.07873861111111	T5_M25	8160		
V26Dr3	5	26	Deep	597337.0	20.148753888888887	49.07873861111111	T5_M25	8142		
V26PRr1	5	26	Rhizosphere	521869.0	20.148753888888887	49.07873861111111	T5_M25	8133		QIACube
V26PRr2	5	26	Rhizosphere	800917.0	20.148753888888887	49.07873861111111	T5_M25	8163		
V26Sr2	5	26	Surface	674420.0	20.148753888888887	49.07873861111111	T5_M25	8129		
V27Dr2	5	27	Deep	679475.0	20.2038574	49.1959834	T5_M25	8222		
V27Dr3	5	27	Deep	747858.0	20.2038574	49.1959834	T5_M25	8232		
V27PRr1	5	27	Rhizosphere	415136.0	20.2038574	49.1959834	T5_M25	8313		QIACube
V27PRr2	5	27	Rhizosphere	553780.0	20.2038574	49.1959834	T5_M25	8283		
V27PRr3	5	27	Rhizosphere	544514.0	20.2038574	49.1959834	T5_M25	8307		
V28Dr1	5	28	Deep	885010.0	20.24376861111111	49.37088472222222	T5_M25	8311		QIACube
V28Dr3	5	28	Deep	417311.0	20.24376861111111	49.37088472222222	T5_M25	8136		
V28PRr1	5	28	Rhizosphere	714917.0	20.24376861111111	49.37088472222222	T5_M25	8240		QIACube
V28PRr2	5	28	Rhizosphere	697139.0	20.24376861111111	49.37088472222222	T5_M25	8177		
V28PRr3	5	28	Rhizosphere	523869.0	20.24376861111111	49.37088472222222	T5_M25	8210		
V29PRr2	5	29	Rhizosphere	823586.0	20.2597976	49.5675445	T5_M25	8139		
V29PRr3	5	29	Rhizosphere	882811.0	20.2597976	49.5675445	T5_M25	8162		
V2Dr1	5	2	Deep	374147.0	19.203468333333333	45.2447675	T5_M25	8286		QIACube
V2Dr2	5	2	Deep	596181.0	19.203468333333333	45.2447675	T5_M25	8252		
V2PRr1	5	2	Rhizosphere	682544.0	19.203468333333333	45.2447675	T5_M25	8296		QIACube
V2PRr2	5	2	Rhizosphere	254429.0	19.203468333333333	45.2447675	T5_M25	8274		
V2PRr3	5	2	Rhizosphere	625310.0	19.203468333333333	45.2447675	T5_M25	8275		
V2Sr1	5	2	Surface	690580.0	19.203468333333333	45.2447675	T5_M25	8347		QIACube
V2Sr2	5	2	Surface	435346.0	19.203468333333333	45.2447675	T5_M25	8213		
V30PRr1	5	30	Rhizosphere	384200.0	20.269303055555554	49.68367333333333	T5_M25	8185		QIACube
V30PRr2	5	30	Rhizosphere	315586.0	20.269303055555554	49.68367333333333	T5_M25	8226		
V30PRr3	5	30	Rhizosphere	622911.0	20.269303055555554	49.68367333333333	T5_M25	8337		
V30Sr2	5	30	Surface	944579.0	20.269303055555554	49.68367333333333	T5_M25	8168		
V31Dr1	5	31	Deep	804981.0	20.294623333333334	49.891405	T5_M25	8319		QIACube
V31Dr3	5	31	Deep	710906.0	20.294623333333334	49.891405	T5_M25	8327		
V32PRr1	5	32	Rhizosphere	777023.0	20.310684166666668	50.09302138888889	T5_M25	8128		QIACube
V32PRr2	5	32	Rhizosphere	511026.0	20.310684166666668	50.09302138888889	T5_M25	8212		
V32PRr3	5	32	Rhizosphere	736161.0	20.310684166666668	50.09302138888889	T5_M25	8171		
V33PRr1	5	33	Rhizosphere	605148.0	20.317507777777777	50.30307027777778	T5_M25	8306		QIACube
V33PRr2	5	33	Rhizosphere	730292.0	20.317507777777777	50.30307027777778	T5_M25	8345		
V33PRr3	5	33	Rhizosphere	588953.0	20.317507777777777	50.30307027777778	T5_M25	8352		
V34Dr2	5	34	Deep	870393.0	20.344394444444443	50.5153725	T5_M25	8161		
V34PRr1	5	34	Rhizosphere	492694.0	20.344394444444443	50.5153725	T5_M25	8278	1.45	QIACube
V34PRr2	5	34	Rhizosphere	636224.0	20.344394444444443	50.5153725	T5_M25	8271		
V34PRr3	5	34	Rhizosphere	619678.0	20.344394444444443	50.5153725	T5_M25	8247		
V35Dr1	5	35	Deep	1446704.0	20.371795833333334	50.72999222222222	T5_M25	8201		QIACube
V35PRr1	5	35	Rhizosphere	332966.0	20.371795833333334	50.72999222222222	T5_M25	8358		QIACube
V35PRr2	5	35	Rhizosphere	288459.0	20.371795833333334	50.72999222222222	T5_M25	8350		
V35PRr3R	5	35	Rhizosphere	540945.0	20.371795833333334	50.72999222222222	T5_M25	8360		
V35PRr3	5	35	Rhizosphere	157971.0	20.371795833333334	50.72999222222222	T5_M25	8298		
V37Dr1	5	37	Deep	236636.0	20.454150277777778	51.344883333333335	T5_M25	8135		QIACube
V37PRr2	5	37	Rhizosphere	346100.0	20.454150277777778	51.344883333333335	T5_M25	8292		
V37PRr3	5	37	Rhizosphere	449152.0	20.454150277777778	51.344883333333335	T5_M25	8272		
V38PRr3	5	38	Rhizosphere	47326.0	20.4610275	51.370224722222225	T5_M25	8205		
V38Sr2	5	38	Surface	854711.0	20.4610275	51.370224722222225	T5_M25	8140		
V39Dr1	5	39	Deep	941251.0	20.51023	51.59742	T5_M25	8169		QIACube
V39Dr3	5	39	Deep	807750.0	20.51023	51.59742	T5_M25	8221		
V39PRr1	5	39	Rhizosphere	428272.0	20.51023	51.59742	T5_M25	8357		QIACube
V39PRr2	5	39	Rhizosphere	936935.0	20.51023	51.59742	T5_M25	8251		
V39PRr3	5	39	Rhizosphere	360608.0	20.51023	51.59742	T5_M25	8364		
V39Sr2	5	39	Surface	324457.0	20.51023	51.59742	T5_M25	8138		
V3PRr1	5	3	Rhizosphere	244585.0	19.301079444444444	45.384414166666666	T5_M25	8363		QIACube
V3PRr2	5	3	Rhizosphere	85185.0	19.301079444444444	45.384414166666666	T5_M25	8265		
V3PRr3	5	3	Rhizosphere	404768.0	19.301079444444444	45.384414166666666	T5_M25	8293		
V40Dr1	5	40	Deep	688733.0	20.54718	51.82559	T5_M25	8334		QIACube
V40PRr1	5	40	Rhizosphere	385402.0	20.54718	51.82559	T5_M25	8328		QIACube
V40PRr2	5	40	Rhizosphere	651810.0	20.54718	51.82559	T5_M25	8263		
V40PRr3	5	40	Rhizosphere	989224.0	20.54718	51.82559	T5_M25	8209		
V40Sr3	5	40	Surface	1315556.0	20.54718	51.82559	T5_M25	8146		
V41Dr3	5	41	Deep	380181.0	20.539777222222224	51.94610583333333	T5_M25	8193		
V42PRr2	5	42	Rhizosphere	785500.0	20.55516	52.12403	T5_M25	8151		
V42Sr2	5	42	Surface	1022507.0	20.55516	52.12403	T5_M25	8152		
V43Dr1	5	43	Deep	579976.0	20.567575555555557	52.22413277777778	T5_M25	8179		QIACube
V43Dr2	5	43	Deep	526970.0	20.567575555555557	52.22413277777778	T5_M25	8166		
V43Dr3	5	43	Deep	696917.0	20.567575555555557	52.22413277777778	T5_M25	8231		
V43PRr1	5	43	Rhizosphere	720576.0	20.567575555555557	52.22413277777778	T5_M25	8258		QIACube
V43PRr2	5	43	Rhizosphere	784214.0	20.567575555555557	52.22413277777778	T5_M25	8249		
V43PRr3	5	43	Rhizosphere	942770.0	20.567575555555557	52.22413277777778	T5_M25	8191		
V44Dr1	5	44	Deep	688483.0	20.56783	52.41036	T5_M25	8141		QIACube
V44PRr1	5	44	Rhizosphere	773665.0	20.56783	52.41036	T5_M25	8267		QIACube
V44PRr2	5	44	Rhizosphere	811822.0	20.56783	52.41036	T5_M25	8190		
V45Dr1	5	45	Deep	671785.0	20.56346	52.46776	T5_M25	8134		QIACube
V45Dr2	5	45	Deep	632314.0	20.56346	52.46776	T5_M25	8196		
V45Dr3	5	45	Deep	424854.0	20.56346	52.46776	T5_M25	8234		
V45PRr1	5	45	Rhizosphere	357107.0	20.56346	52.46776	T5_M25	8287		QIACube
V45PRr2	5	45	Rhizosphere	415809.0	20.56346	52.46776	T5_M25	8280		
V45PRr3	5	45	Rhizosphere	908104.0	20.56346	52.46776	T5_M25	8246		
V45Sr3	5	45	Surface	602224.0	20.56346	52.46776	T5_M25	8147		
V46PRr1	5	46	Rhizosphere	304591.0	20.553746111111113	52.66920777777778	T5_M25	8320		QIACube
V46PRr2	5	46	Rhizosphere	440614.0	20.553746111111113	52.66920777777778	T5_M25	8308		
V46PRr3	5	46	Rhizosphere	591553.0	20.553746111111113	52.66920777777778	T5_M25	8284		
V47PRr1	5	47	Rhizosphere	630319.0	20.54181555555556	52.868785833333334	T5_M25	8216		QIACube
V47PRr2	5	47	Rhizosphere	488428.0	20.54181555555556	52.868785833333334	T5_M25	8239		
V47PRr3	5	47	Rhizosphere	601770.0	20.54181555555556	52.868785833333334	T5_M25	8188		
V48Dr1	5	48	Deep	640042.0	20.568648333333332	53.09404833333333	T5_M25	8261		QIACube
V48Dr2	5	48	Deep	581310.0	20.568648333333332	53.09404833333333	T5_M25	8295		
V48Dr3	5	48	Deep	678385.0	20.568648333333332	53.09404833333333	T5_M25	8316		
V48PRr1	5	48	Rhizosphere	949598.0	20.568648333333332	53.09404833333333	T5_M25	8366		QIACube
V49Dr2	5	49	Deep	734140.0	20.644662222222223	53.28794	T5_M25	8342		
V4Dr1	5	4	Deep	693426.0	19.379571666666667	45.55182694444444	T5_M25	8207	0.05	QIACube
V4Dr2	5	4	Deep	1066020.0	19.379571666666667	45.55182694444444	T5_M25	8199		
V4Dr3	5	4	Deep	756650.0	19.379571666666667	45.55182694444444	T5_M25	8157		
V4PRr1	5	4	Rhizosphere	1007102.0	19.379571666666667	45.55182694444444	T5_M25	8290	7.23	QIACube
V4PRr2	5	4	Rhizosphere	882368.0	19.379571666666667	45.55182694444444	T5_M25	8260		
V4PRr3	5	4	Rhizosphere	620673.0	19.379571666666667	45.55182694444444	T5_M25	8282		
V4Sr1	5	4	Surface	1774918.0	19.379571666666667	45.55182694444444	T5_M25	8164	0.05	QIACube
V4Sr3	5	4	Surface	997136.0	19.379571666666667	45.55182694444444	T5_M25	8159		
V50PRr2	5	50	Rhizosphere	547207.0	20.71385	53.4123	T5_M25	8349		
V51PRr2	5	51	Rhizosphere	362011.0	20.7987	53.487	T5_M25	8277		
V51PRr3	5	51	Rhizosphere	321991.0	20.7987	53.487	T5_M25	8227		
V53PRr2	5	53	Rhizosphere	550912.0	20.851514166666668	53.75788444444444	T5_M25	8235		
V54PRr1	5	54	Rhizosphere	359791.0	20.92017888888889	53.962204444444446	T5_M25	8248		QIACube
V54PRr2	5	54	Rhizosphere	687646.0	20.92017888888889	53.962204444444446	T5_M25	8285		
V54PRr3	5	54	Rhizosphere	447738.0	20.92017888888889	53.962204444444446	T5_M25	8301		
V55Dr1	5	55	Deep	696965.0	20.9022725	54.0024376	T5_M25	8250		QIACube
V55PRr1	5	55	Rhizosphere	1745987.0	20.9022725	54.0024376	T5_M25	8309		QIACube
V55PRr2	5	55	Rhizosphere	548136.0	20.9022725	54.0024376	T5_M25	8256		
V55PRr3	5	55	Rhizosphere	805799.0	20.9022725	54.0024376	T5_M25	8259		
V55Sr2	5	55	Surface	388852.0	20.9022725	54.0024376	T5_M25	8288		
V55Sr3	5	55	Surface	388024.0	20.9022725	54.0024376	T5_M25	8304		
V57PRr2	5	57	Rhizosphere	262770.0	20.7349775	54.41764333333333	T5_M25	8264		
V57PRr3	5	57	Rhizosphere	746952.0	20.7349775	54.41764333333333	T5_M25	8220		
V58PRr1	5	58	Rhizosphere	312527.0	20.66540111111111	54.59327444444445	T5_M25	8197		QIACube
V58PRr2	5	58	Rhizosphere	279545.0	20.66540111111111	54.59327444444445	T5_M25	8273		
V58PRr3	5	58	Rhizosphere	547512.0	20.66540111111111	54.59327444444445	T5_M25	8172		
V5Dr1T	5	5	Deep	598155.0	19.407155277777775	45.659501388888884	T5_M25	8373		
V5Dr1	5	5	Deep	756112.0	19.407155277777775	45.659501388888884	T5_M25	8186		QIACube
V5PRr1T	5	5	Rhizosphere	621133.0	19.407155277777775	45.659501388888884	T5_M25	8253		
V5PRr1	5	5	Rhizosphere	928592.0	19.407155277777775	45.659501388888884	T5_M25	8230		QIACube
V5PRr2	5	5	Rhizosphere	630606.0	19.407155277777775	45.659501388888884	T5_M25	8242		
V5PRr3	5	5	Rhizosphere	410084.0	19.407155277777775	45.659501388888884	T5_M25	8262		
V5Sr1	5	5	Surface	838999.0	19.407155277777775	45.659501388888884	T5_M25	8314		QIACube
V5Sr3	5	5	Surface	764269.0	19.407155277777775	45.659501388888884	T5_M25	8203		
V60PRr1O	5	60	Rhizosphere	621381.0	20.706374444444442	54.732105555555556	T5_M25	8281		
V60PRr1	5	60	Rhizosphere	912877.0	20.706374444444442	54.732105555555556	T5_M25	8310		QIACube
V60PRr2	5	60	Rhizosphere	512010.0	20.706374444444442	54.732105555555556	T5_M25	8289		
V6Dr1	5	6	Deep	934213.0	19.405739166666667	45.8161425	T5_M25	8204	0.05	QIACube
V6PRr1	5	6	Rhizosphere	470539.0	19.405739166666667	45.8161425	T5_M25	8302	1.22	QIACube
V6PRr2	5	6	Rhizosphere	613359.0	19.405739166666667	45.8161425	T5_M25	8299		
V6PRr3	5	6	Rhizosphere	371945.0	19.405739166666667	45.8161425	T5_M25	8291		
V6Sr1	5	6	Surface	868311.0	19.405739166666667	45.8161425	T5_M25	8176	0.05	QIACube
V6Sr3	5	6	Surface	934674.0	19.405739166666667	45.8161425	T5_M25	8167		
V7Dr1T	5	7	Deep	708086.0	19.407005277777778	45.953943611111114	T5_M25	8378		
V7Dr3R	5	7	Deep	1966379.0	19.407005277777778	45.953943611111114	T5_M25	8329		
V7Dr3	5	7	Deep	138665.0	19.407005277777778	45.953943611111114	T5_M25	8131		
V7PRr1O	5	7	Rhizosphere	653192.0	19.407005277777778	45.953943611111114	T5_M25	8244		
V7PRr1T	5	7	Rhizosphere	461212.0	19.407005277777778	45.953943611111114	T5_M25	8254		
V7PRr1	5	7	Rhizosphere	554034.0	19.407005277777778	45.953943611111114	T5_M25	8321	0.184	QIACube
V7PRr2	5	7	Rhizosphere	335615.0	19.407005277777778	45.953943611111114	T5_M25	8195		
V7PRr3	5	7	Rhizosphere	868794.0	19.407005277777778	45.953943611111114	T5_M25	8183		
V8Dr3	5	8	Deep	684253.0	19.393154166666665	46.110734722222226	T5_M25	8336		
V8PRr1	5	8	Rhizosphere	1105676.0	19.393154166666665	46.110734722222226	T5_M25	8219		QIACube
V8PRr2	5	8	Rhizosphere	793746.0	19.393154166666665	46.110734722222226	T5_M25	8189		
V8PRr3	5	8	Rhizosphere	483667.0	19.393154166666665	46.110734722222226	T5_M25	8178		
V9PRr1	5	9	Rhizosphere	420950.0	19.411200277777777	46.30267361111111	T5_M25	8200		QIACube
V9PRr2	5	9	Rhizosphere	451358.0	19.411200277777777	46.30267361111111	T5_M25	8241		
V9PRr3	5	9	Rhizosphere	662017.0	19.411200277777777	46.30267361111111	T5_M25	8180		
