Sample	fastqc-percent_duplicates	fastqc-percent_gc	fastqc-avg_sequence_length	fastqc-median_sequence_length	fastqc-percent_fails	fastqc-total_sequences
M-25-0323_Ctrl-1-Trip1_UDP0371-UDP0371_L002_R1_001	96.431165761473	53.0	257.0	257	41.66666666666667	0.797067
M-25-0323_Ctrl-1-Trip1_UDP0371-UDP0371_L002_R2_001	93.35149993664271	53.0	257.0	257	41.66666666666667	0.797067
M-25-0324_10Dr1_UDP0043-UDP0043_L002_R1_001	87.38068566059749	58.0	257.0	257	50.0	0.193711
M-25-0324_10Dr1_UDP0043-UDP0043_L002_R2_001	86.453015058515	56.0	257.0	257	50.0	0.193711
M-25-0325_10Dr2_UDP0044-UDP0044_L002_R1_001	90.21662807401214	58.0	257.0	257	41.66666666666667	0.7462559999999999
M-25-0325_10Dr2_UDP0044-UDP0044_L002_R2_001	90.59022641023992	56.0	257.0	257	41.66666666666667	0.7462559999999999
M-25-0326_10PRr2_UDP0047-UDP0047_L002_R1_001	91.29992776692795	57.0	257.0	257	50.0	0.33641099999999996
M-25-0326_10PRr2_UDP0047-UDP0047_L002_R2_001	88.58925540484705	55.0	257.0	257	50.0	0.33641099999999996
M-25-0327_10Sr2_UDP0045-UDP0045_L002_R1_001	93.83047420378298	57.0	257.0	257	41.66666666666667	2.383156
M-25-0327_10Sr2_UDP0045-UDP0045_L002_R2_001	92.81431994995098	55.0	257.0	257	41.66666666666667	2.383156
M-25-0328_10Sr3_UDP0046-UDP0046_L002_R1_001	94.18265881949141	57.0	257.0	257	50.0	1.485885
M-25-0328_10Sr3_UDP0046-UDP0046_L002_R2_001	91.28764587449915	55.0	257.0	257	41.66666666666667	1.485885
M-25-0329_11Dr3_UDP0050-UDP0050_L002_R1_001	92.6664857390248	57.0	257.0	257	41.66666666666667	0.386895
M-25-0329_11Dr3_UDP0050-UDP0050_L002_R2_001	88.60155856240065	55.0	257.0	257	50.0	0.386895
M-25-0330_11PRr3_UDP0054-UDP0054_L002_R1_001	94.84037873270387	56.0	257.0	257	50.0	2.080142
M-25-0330_11PRr3_UDP0054-UDP0054_L002_R2_001	93.15481775602532	54.0	257.0	257	41.66666666666667	2.080142
M-25-0331_11Sr2_UDP0052-UDP0052_L002_R1_001	89.1916577865733	57.0	257.0	257	41.66666666666667	0.177363
M-25-0331_11Sr2_UDP0052-UDP0052_L002_R2_001	85.51783630182169	54.0	257.0	257	41.66666666666667	0.177363
M-25-0332_12PRr1_UDP0059-UDP0059_L002_R1_001	86.36722717526239	58.0	257.0	257	50.0	0.062027
M-25-0332_12PRr1_UDP0059-UDP0059_L002_R2_001	84.52125687200736	56.0	257.0	257	50.0	0.062027
M-25-0333_12PRr3_UDP0060-UDP0060_L002_R1_001	90.64029913140415	59.0	257.0	257	41.66666666666667	0.43057999999999996
M-25-0333_12PRr3_UDP0060-UDP0060_L002_R2_001	86.9441218821125	57.0	257.0	257	50.0	0.43057999999999996
M-25-0334_12Sr1_UDP0057-UDP0057_L002_R1_001	89.69873701892509	58.0	257.0	257	41.66666666666667	0.25479399999999996
M-25-0334_12Sr1_UDP0057-UDP0057_L002_R2_001	86.02792844415488	56.0	257.0	257	41.66666666666667	0.25479399999999996
M-25-0335_12Sr3_UDP0058-UDP0058_L002_R1_001	91.89001250424863	56.0	257.0	257	50.0	0.320691
M-25-0335_12Sr3_UDP0058-UDP0058_L002_R2_001	90.31996532487659	53.0	257.0	257	50.0	0.320691
M-25-0336_13Dr1_UDP0061-UDP0061_L002_R1_001	91.44567169051635	58.0	257.0	257	41.66666666666667	0.643265
M-25-0336_13Dr1_UDP0061-UDP0061_L002_R2_001	88.74025479390298	56.0	257.0	257	41.66666666666667	0.643265
M-25-0337_13Dr3_UDP0062-UDP0062_L002_R1_001	95.34136489488415	56.0	257.0	257	50.0	3.034481
M-25-0337_13Dr3_UDP0062-UDP0062_L002_R2_001	94.30074579199598	54.0	257.0	257	41.66666666666667	3.034481
M-25-0338_13Sr2_UDP0063-UDP0063_L002_R1_001	91.35538463518634	56.0	257.0	257	50.0	0.543853
M-25-0338_13Sr2_UDP0063-UDP0063_L002_R2_001	90.78133245564518	54.0	257.0	257	50.0	0.543853
M-25-0339_14Dr1_UDP0065-UDP0065_L002_R1_001	92.90662888604257	57.0	257.0	257	41.66666666666667	0.9048729999999999
M-25-0339_14Dr1_UDP0065-UDP0065_L002_R2_001	90.45203028491291	54.0	257.0	257	50.0	0.9048729999999999
M-25-0340_14Dr3_UDP0066-UDP0066_L002_R1_001	95.21389111407314	56.0	257.0	257	41.66666666666667	2.956391
M-25-0340_14Dr3_UDP0066-UDP0066_L002_R2_001	94.12998181342748	53.0	257.0	257	50.0	2.956391
M-25-0341_14PRr1_UDP0069-UDP0069_L002_R1_001	95.50774571393063	54.0	257.0	257	41.66666666666667	1.424207
M-25-0341_14PRr1_UDP0069-UDP0069_L002_R2_001	93.05339743450214	52.0	257.0	257	41.66666666666667	1.424207
M-25-0342_14PRr2_UDP0070-UDP0070_L002_R1_001	95.8828495939001	54.0	257.0	257	33.33333333333333	1.2270379999999999
M-25-0342_14PRr2_UDP0070-UDP0070_L002_R2_001	93.46149019019786	52.0	257.0	257	41.66666666666667	1.2270379999999999
M-25-0343_14Sr2_UDP0068-UDP0068_L002_R1_001	93.94185570143618	55.0	257.0	257	50.0	2.293246
M-25-0343_14Sr2_UDP0068-UDP0068_L002_R2_001	93.93249943578685	53.0	257.0	257	50.0	2.293246
M-25-0344_15Dr1_UDP0071-UDP0071_L002_R1_001	92.70629939032393	58.0	257.0	257	33.33333333333333	1.533235
M-25-0344_15Dr1_UDP0071-UDP0071_L002_R2_001	90.7100952543458	56.0	257.0	257	41.66666666666667	1.533235
M-25-0345_15Dr3_UDP0072-UDP0072_L002_R1_001	92.26548781988507	59.0	257.0	257	41.66666666666667	1.7613759999999998
M-25-0345_15Dr3_UDP0072-UDP0072_L002_R2_001	90.87747462471339	57.0	257.0	257	41.66666666666667	1.7613759999999998
M-25-0346_15PRr1_UDP0075-UDP0075_L002_R1_001	94.45146502516714	55.0	257.0	257	41.66666666666667	1.215474
M-25-0346_15PRr1_UDP0075-UDP0075_L002_R2_001	91.30335859373066	53.0	257.0	257	50.0	1.215474
M-25-0347_15PRr2_UDP0076-UDP0076_L002_R1_001	94.49442699404447	55.0	257.0	257	41.66666666666667	2.389897
M-25-0347_15PRr2_UDP0076-UDP0076_L002_R2_001	94.04871599595153	53.0	257.0	257	41.66666666666667	2.389897
M-25-0348_15PRr3_UDP0077-UDP0077_L002_R1_001	94.16527931575443	55.0	257.0	257	41.66666666666667	1.7076909999999998
M-25-0348_15PRr3_UDP0077-UDP0077_L002_R2_001	94.1424999619794	53.0	257.0	257	50.0	1.7076909999999998
M-25-0349_15Sr1_UDP0073-UDP0073_L002_R1_001	93.52717780792742	57.0	257.0	257	41.66666666666667	1.2404789999999999
M-25-0349_15Sr1_UDP0073-UDP0073_L002_R2_001	92.31724196862663	54.0	257.0	257	50.0	1.2404789999999999
M-25-0350_15Sr3_UDP0074-UDP0074_L002_R1_001	87.71176665295846	57.0	257.0	257	41.66666666666667	0.099697
M-25-0350_15Sr3_UDP0074-UDP0074_L002_R2_001	85.19614431728137	55.0	257.0	257	41.66666666666667	0.099697
M-25-0351_16Dr1_UDP0078-UDP0078_L002_R1_001	92.26818799589584	58.0	257.0	257	50.0	0.5584589999999999
M-25-0351_16Dr1_UDP0078-UDP0078_L002_R2_001	90.19426672325095	55.0	257.0	257	50.0	0.5584589999999999
M-25-0352_16Dr3_UDP0079-UDP0079_L002_R1_001	88.77421421156097	59.0	257.0	257	41.66666666666667	0.181092
M-25-0352_16Dr3_UDP0079-UDP0079_L002_R2_001	83.6298676915601	57.0	257.0	257	50.0	0.181092
M-25-0353_16PRr2_UDP0082-UDP0082_L002_R1_001	95.25334838604113	55.0	257.0	257	50.0	1.6440009999999998
M-25-0353_16PRr2_UDP0082-UDP0082_L002_R2_001	91.98647657005256	54.0	257.0	257	50.0	1.6440009999999998
M-25-0354_16PRr3_UDP0083-UDP0083_L002_R1_001	95.39519016797135	55.0	257.0	257	50.0	1.416432
M-25-0354_16PRr3_UDP0083-UDP0083_L002_R2_001	93.1553367899059	53.0	257.0	257	41.66666666666667	1.416432
M-25-0355_16Sr1_UDP0080-UDP0080_L002_R1_001	93.4017879796427	55.0	257.0	257	50.0	0.335015
M-25-0355_16Sr1_UDP0080-UDP0080_L002_R2_001	88.27485336477471	54.0	257.0	257	50.0	0.335015
M-25-0356_17Dr1_UDP0084-UDP0084_L002_R1_001	88.49440030835778	58.0	257.0	257	41.66666666666667	0.186796
M-25-0356_17Dr1_UDP0084-UDP0084_L002_R2_001	84.54677830360393	55.0	257.0	257	41.66666666666667	0.186796
M-25-0357_17Dr3_UDP0085-UDP0085_L002_R1_001	88.8644062715472	57.0	257.0	257	50.0	0.200142
M-25-0357_17Dr3_UDP0085-UDP0085_L002_R2_001	86.06139640854992	55.0	257.0	257	41.66666666666667	0.200142
M-25-0358_17PRr2_UDP0089-UDP0089_L002_R1_001	94.77238089380053	55.0	257.0	257	50.0	0.731595
M-25-0358_17PRr2_UDP0089-UDP0089_L002_R2_001	92.1334891572523	53.0	257.0	257	50.0	0.731595
M-25-0359_18PRr1_UDP0094-UDP0094_L002_R1_001	94.97154799677118	55.0	257.0	257	41.66666666666667	1.0009839999999999
M-25-0359_18PRr1_UDP0094-UDP0094_L002_R2_001	92.81956554750126	54.0	257.0	257	41.66666666666667	1.0009839999999999
M-25-0360_18PRr2_UDP0095-UDP0095_L002_R1_001	96.63302875152031	54.0	257.0	257	50.0	1.635357
M-25-0360_18PRr2_UDP0095-UDP0095_L002_R2_001	94.09541769778708	53.0	257.0	257	41.66666666666667	1.635357
M-25-0361_18Sr1_UDP0092-UDP0092_L002_R1_001	85.14338168748222	57.0	257.0	257	58.333333333333336	0.077346
M-25-0361_18Sr1_UDP0092-UDP0092_L002_R2_001	87.2637240451995	55.0	257.0	257	50.0	0.077346
M-25-0362_18Sr2_UDP0093-UDP0093_L002_R1_001	90.5260177355625	57.0	257.0	257	50.0	0.310788
M-25-0362_18Sr2_UDP0093-UDP0093_L002_R2_001	90.11480494742396	56.0	257.0	257	41.66666666666667	0.310788
M-25-0363_19Dr2_UDP0096-UDP0096_L002_R1_001	89.22308058433713	57.0	257.0	257	41.66666666666667	0.437008
M-25-0363_19Dr2_UDP0096-UDP0096_L002_R2_001	87.52654413649178	55.0	257.0	257	41.66666666666667	0.437008
M-25-0364_1Dr1_UDP0001-UDP0001_L002_R1_001	89.74345292724051	59.0	257.0	257	50.0	0.374824
M-25-0364_1Dr1_UDP0001-UDP0001_L002_R2_001	85.32377862676883	57.0	257.0	257	41.66666666666667	0.374824
M-25-0365_1Dr2_UDP0002-UDP0002_L002_R1_001	92.79875471575738	60.0	257.0	257	50.0	0.92509
M-25-0365_1Dr2_UDP0002-UDP0002_L002_R2_001	89.39778832329827	58.0	257.0	257	41.66666666666667	0.92509
M-25-0366_1PRr2_UDP0006-UDP0006_L002_R1_001	92.76846246902636	59.0	257.0	257	41.66666666666667	1.385256
M-25-0366_1PRr2_UDP0006-UDP0006_L002_R2_001	90.40294545820556	57.0	257.0	257	41.66666666666667	1.385256
M-25-0367_1PRr3_UDP0007-UDP0007_L002_R1_001	92.68999328408327	58.0	257.0	257	41.66666666666667	0.7444999999999999
M-25-0367_1PRr3_UDP0007-UDP0007_L002_R2_001	89.93458697112156	55.0	257.0	257	50.0	0.7444999999999999
M-25-0368_1Sr1_UDP0003-UDP0003_L002_R1_001	93.40688568770912	57.0	257.0	257	41.66666666666667	0.6805129999999999
M-25-0368_1Sr1_UDP0003-UDP0003_L002_R2_001	90.96123071859024	54.0	257.0	257	41.66666666666667	0.6805129999999999
M-25-0369_1Sr3_UDP0004-UDP0004_L002_R1_001	93.53556980292886	57.0	257.0	257	41.66666666666667	0.8453799999999999
M-25-0369_1Sr3_UDP0004-UDP0004_L002_R2_001	90.32340485935319	54.0	257.0	257	50.0	0.8453799999999999
M-25-0370_20Dr2_UDP0375-UDP0375_L002_R1_001	92.77253732731214	56.0	257.0	257	41.66666666666667	0.344118
M-25-0370_20Dr2_UDP0375-UDP0375_L002_R2_001	90.00139487036424	54.0	257.0	257	41.66666666666667	0.344118
M-25-0371_20PRr1_UDP0105-UDP0105_L002_R1_001	92.75497762521675	56.0	257.0	257	50.0	0.621682
M-25-0371_20PRr1_UDP0105-UDP0105_L002_R2_001	90.53680177325384	55.0	257.0	257	41.66666666666667	0.621682
M-25-0372_20PRr2_UDP0106-UDP0106_L002_R1_001	92.13585053533733	57.0	257.0	257	50.0	0.632872
M-25-0372_20PRr2_UDP0106-UDP0106_L002_R2_001	88.5346483965162	55.0	257.0	257	41.66666666666667	0.632872
M-25-0373_21Dr1_UDP0107-UDP0107_L002_R1_001	91.42428252104847	59.0	257.0	257	50.0	0.578902
M-25-0373_21Dr1_UDP0107-UDP0107_L002_R2_001	88.3980362824796	57.0	257.0	257	33.33333333333333	0.578902
M-25-0374_21Sr1_UDP0108-UDP0108_L002_R1_001	91.70095831505371	58.0	257.0	257	50.0	0.540219
M-25-0374_21Sr1_UDP0108-UDP0108_L002_R2_001	88.08446204224583	57.0	257.0	257	41.66666666666667	0.540219
M-25-0375_21Sr2_UDP0109-UDP0109_L002_R1_001	91.50262896685662	57.0	257.0	257	50.0	0.6034689999999999
M-25-0375_21Sr2_UDP0109-UDP0109_L002_R2_001	90.83830321027261	56.0	257.0	257	41.66666666666667	0.6034689999999999
M-25-0376_22Dr1_UDP0110-UDP0110_L002_R1_001	92.78719765868931	57.0	257.0	257	50.0	0.7052459999999999
M-25-0376_22Dr1_UDP0110-UDP0110_L002_R2_001	90.48686557598342	55.0	257.0	257	50.0	0.7052459999999999
M-25-0377_22Dr2_UDP0111-UDP0111_L002_R1_001	91.58964099707092	58.0	257.0	257	41.66666666666667	1.18467
M-25-0377_22Dr2_UDP0111-UDP0111_L002_R2_001	89.49273333715374	56.0	257.0	257	50.0	1.18467
M-25-0378_22PRr1_UDP0114-UDP0114_L002_R1_001	91.5960542921163	56.0	257.0	257	50.0	0.349443
M-25-0378_22PRr1_UDP0114-UDP0114_L002_R2_001	89.40885924170752	54.0	257.0	257	41.66666666666667	0.349443
M-25-0379_22PRr3_UDP0115-UDP0115_L002_R1_001	93.97114147729222	56.0	257.0	257	41.66666666666667	0.845019
M-25-0379_22PRr3_UDP0115-UDP0115_L002_R2_001	91.43652391248007	54.0	257.0	257	50.0	0.845019
M-25-0380_23Dr1_UDP0116-UDP0116_L002_R1_001	89.31729394247638	61.0	257.0	257	41.66666666666667	0.339165
M-25-0380_23Dr1_UDP0116-UDP0116_L002_R2_001	86.72592985714917	59.0	257.0	257	41.66666666666667	0.339165
M-25-0381_23Sr2_UDP0119-UDP0119_L002_R1_001	94.70356942392064	56.0	257.0	257	50.0	1.396752
M-25-0381_23Sr2_UDP0119-UDP0119_L002_R2_001	91.32091399112987	54.0	257.0	257	50.0	1.396752
M-25-0382_24Dr1_UDP0122-UDP0122_L002_R1_001	92.27121743270146	57.0	257.0	257	50.0	0.7393919999999999
M-25-0382_24Dr1_UDP0122-UDP0122_L002_R2_001	89.92929325716264	54.0	257.0	257	41.66666666666667	0.7393919999999999
M-25-0383_24Dr2_UDP0123-UDP0123_L002_R1_001	91.75582933004702	57.0	257.0	257	41.66666666666667	0.788727
M-25-0383_24Dr2_UDP0123-UDP0123_L002_R2_001	89.03232677466347	55.0	257.0	257	41.66666666666667	0.788727
M-25-0384_24PRr2_UDP0127-UDP0127_L002_R1_001	31.707317073170728	59.0	257.0	257	41.66666666666667	8.2e-05
M-25-0384_24PRr2_UDP0127-UDP0127_L002_R2_001	53.65853658536585	57.0	257.0	257	50.0	8.2e-05
M-25-0385_25Dr1_UDP0129-UDP0129_L002_R1_001	93.24732966106467	57.0	257.0	257	41.66666666666667	1.2252189999999998
M-25-0385_25Dr1_UDP0129-UDP0129_L002_R2_001	89.7919224637371	55.0	257.0	257	50.0	1.2252189999999998
M-25-0386_25Dr3_UDP0130-UDP0130_L002_R1_001	92.3614418642473	57.0	257.0	257	50.0	0.86083
M-25-0386_25Dr3_UDP0130-UDP0130_L002_R2_001	88.31013401727263	55.0	257.0	257	41.66666666666667	0.86083
M-25-0387_25PRr2_UDP0133-UDP0133_L002_R1_001	94.57010290154473	57.0	257.0	257	50.0	0.8679169999999999
M-25-0387_25PRr2_UDP0133-UDP0133_L002_R2_001	91.79771798455383	55.0	257.0	257	41.66666666666667	0.8679169999999999
M-25-0388_25Sr1_UDP0131-UDP0131_L002_R1_001	91.29784231981718	58.0	257.0	257	50.0	0.562734
M-25-0388_25Sr1_UDP0131-UDP0131_L002_R2_001	87.8605166917229	56.0	257.0	257	50.0	0.562734
M-25-0389_25Sr2_UDP0132-UDP0132_L002_R1_001	93.82698020738306	57.0	257.0	257	41.66666666666667	1.1367369999999999
M-25-0389_25Sr2_UDP0132-UDP0132_L002_R2_001	91.17549046700023	55.0	257.0	257	41.66666666666667	1.1367369999999999
M-25-0390_26Dr1_UDP0134-UDP0134_L002_R1_001	92.69254785367663	56.0	257.0	257	50.0	0.6309859999999999
M-25-0390_26Dr1_UDP0134-UDP0134_L002_R2_001	91.40361275844472	54.0	257.0	257	41.66666666666667	0.6309859999999999
M-25-0391_26Dr2_UDP0135-UDP0135_L002_R1_001	93.77647503025241	55.0	257.0	257	50.0	0.7495269999999999
M-25-0391_26Dr2_UDP0135-UDP0135_L002_R2_001	89.87548147031394	53.0	257.0	257	41.66666666666667	0.7495269999999999
M-25-0392_26Dr3_UDP0136-UDP0136_L002_R1_001	92.69213321578664	57.0	257.0	257	50.0	0.9346639999999999
M-25-0392_26Dr3_UDP0136-UDP0136_L002_R2_001	89.75631884827061	55.0	257.0	257	50.0	0.9346639999999999
M-25-0393_26PRr2_UDP0139-UDP0139_L002_R1_001	93.96507694192368	55.0	257.0	257	50.0	0.5305949999999999
M-25-0393_26PRr2_UDP0139-UDP0139_L002_R2_001	91.58887663849075	54.0	257.0	257	41.66666666666667	0.5305949999999999
M-25-0394_26PRr3_UDP0140-UDP0140_L002_R1_001	91.37621565957201	55.0	257.0	257	50.0	0.207809
M-25-0394_26PRr3_UDP0140-UDP0140_L002_R2_001	89.17515603270311	54.0	257.0	257	50.0	0.207809
M-25-0395_26Sr2_UDP0137-UDP0137_L002_R1_001	93.93587794836228	56.0	257.0	257	50.0	0.9256409999999999
M-25-0395_26Sr2_UDP0137-UDP0137_L002_R2_001	91.5428335607433	54.0	257.0	257	50.0	0.9256409999999999
M-25-0396_26Sr3_UDP0138-UDP0138_L002_R1_001	93.75387797311272	56.0	257.0	257	41.66666666666667	0.86063
M-25-0396_26Sr3_UDP0138-UDP0138_L002_R2_001	91.34482878821328	54.0	257.0	257	41.66666666666667	0.86063
M-25-0397_27Dr1_UDP0141-UDP0141_L002_R1_001	92.4095123714333	57.0	257.0	257	41.66666666666667	1.054122
M-25-0397_27Dr1_UDP0141-UDP0141_L002_R2_001	90.68419025501792	55.0	257.0	257	50.0	1.054122
M-25-0398_27Dr3_UDP0142-UDP0142_L002_R1_001	91.77137739146488	57.0	257.0	257	50.0	0.801653
M-25-0398_27Dr3_UDP0142-UDP0142_L002_R2_001	89.81042920066413	55.0	257.0	257	50.0	0.801653
M-25-0399_27PRr1_UDP0145-UDP0145_L002_R1_001	94.28977407659548	55.0	257.0	257	50.0	1.010608
M-25-0399_27PRr1_UDP0145-UDP0145_L002_R2_001	91.84797666355303	54.0	257.0	257	50.0	1.010608
M-25-0400_27PRr2_UDP0146-UDP0146_L002_R1_001	94.24666943516691	55.0	257.0	257	33.33333333333333	1.016194
M-25-0400_27PRr2_UDP0146-UDP0146_L002_R2_001	92.01166312731624	53.0	257.0	257	50.0	1.016194
M-25-0401_27Sr2_UDP0143-UDP0143_L002_R1_001	94.08441155479409	55.0	257.0	257	50.0	0.923357
M-25-0401_27Sr2_UDP0143-UDP0143_L002_R2_001	90.6837766974204	54.0	257.0	257	50.0	0.923357
M-25-0402_27Sr3_UDP0144-UDP0144_L002_R1_001	94.24796779231124	56.0	257.0	257	50.0	1.235233
M-25-0402_27Sr3_UDP0144-UDP0144_L002_R2_001	91.90211532181793	54.0	257.0	257	50.0	1.235233
M-25-0403_28Dr1_UDP0147-UDP0147_L002_R1_001	89.42199888595233	61.0	257.0	257	41.66666666666667	0.42188499999999995
M-25-0403_28Dr1_UDP0147-UDP0147_L002_R2_001	86.64399066096212	58.0	257.0	257	41.66666666666667	0.42188499999999995
M-25-0404_28Dr3_UDP0148-UDP0148_L002_R1_001	89.1507125961062	61.0	257.0	257	50.0	0.32086899999999996
M-25-0404_28Dr3_UDP0148-UDP0148_L002_R2_001	86.73913653235432	58.0	257.0	257	50.0	0.32086899999999996
M-25-0405_28PRr3_UDP0152-UDP0152_L002_R1_001	93.32194861940539	56.0	257.0	257	50.0	0.883641
M-25-0405_28PRr3_UDP0152-UDP0152_L002_R2_001	90.47735449124701	54.0	257.0	257	50.0	0.883641
M-25-0406_28Sr2_UDP0149-UDP0149_L002_R1_001	92.7324411251421	56.0	257.0	257	50.0	0.7626769999999999
M-25-0406_28Sr2_UDP0149-UDP0149_L002_R2_001	91.47738819972282	54.0	257.0	257	50.0	0.7626769999999999
M-25-0407_28Sr3_UDP0150-UDP0150_L002_R1_001	93.38500665417315	58.0	257.0	257	41.66666666666667	1.9552749999999999
M-25-0407_28Sr3_UDP0150-UDP0150_L002_R2_001	92.45964098888385	55.0	257.0	257	41.66666666666667	1.9552749999999999
M-25-0408_29Dr1_UDP0376-UDP0376_L002_R1_001	90.45696944698153	58.0	257.0	257	50.0	0.271528
M-25-0408_29Dr1_UDP0376-UDP0376_L002_R2_001	87.69703308682713	56.0	257.0	257	50.0	0.271528
M-25-0409_29Dr2_UDP0153-UDP0153_L002_R1_001	92.90345491202346	58.0	257.0	257	41.66666666666667	0.87296
M-25-0409_29Dr2_UDP0153-UDP0153_L002_R2_001	88.49709017630728	56.0	257.0	257	50.0	0.87296
M-25-0410_29Dr3_UDP0154-UDP0154_L002_R1_001	91.46120095583981	58.0	257.0	257	50.0	0.727737
M-25-0410_29Dr3_UDP0154-UDP0154_L002_R2_001	88.74497242822613	57.0	257.0	257	41.66666666666667	0.727737
M-25-0411_29PRr1_UDP0157-UDP0157_L002_R1_001	90.75114107809489	59.0	257.0	257	50.0	0.697805
M-25-0411_29PRr1_UDP0157-UDP0157_L002_R2_001	88.63479052170736	57.0	257.0	257	50.0	0.697805
M-25-0412_29PRr3_UDP0159-UDP0159_L002_R1_001	89.79867087490933	58.0	257.0	257	41.66666666666667	0.255055
M-25-0412_29PRr3_UDP0159-UDP0159_L002_R2_001	87.54111858226656	56.0	257.0	257	41.66666666666667	0.255055
M-25-0413_29Sr1_UDP0155-UDP0155_L002_R1_001	91.68361698673004	59.0	257.0	257	50.0	0.67747
M-25-0413_29Sr1_UDP0155-UDP0155_L002_R2_001	88.63506871152967	57.0	257.0	257	41.66666666666667	0.67747
M-25-0414_2Dr1_UDP0008-UDP0008_L002_R1_001	92.84402639848484	58.0	257.0	257	41.66666666666667	1.318409
M-25-0414_2Dr1_UDP0008-UDP0008_L002_R2_001	89.51828700907795	56.0	257.0	257	33.33333333333333	1.318409
M-25-0415_2Dr3_UDP0009-UDP0009_L002_R1_001	93.44081444916984	59.0	257.0	257	50.0	2.45416
M-25-0415_2Dr3_UDP0009-UDP0009_L002_R2_001	90.56458789672976	56.0	257.0	257	41.66666666666667	2.45416
M-25-0416_2PRr2_UDP0011-UDP0011_L002_R1_001	93.83690597148885	56.0	257.0	257	33.33333333333333	0.8099989999999999
M-25-0416_2PRr2_UDP0011-UDP0011_L002_R2_001	92.64752178706394	54.0	257.0	257	41.66666666666667	0.8099989999999999
M-25-0417_2Sr3_UDP0010-UDP0010_L002_R1_001	94.25043675745435	57.0	257.0	257	41.66666666666667	1.5094189999999998
M-25-0417_2Sr3_UDP0010-UDP0010_L002_R2_001	91.2919457849133	54.0	257.0	257	50.0	1.5094189999999998
M-25-0418_30Dr1_UDP0160-UDP0160_L002_R1_001	89.10018737790536	58.0	257.0	257	50.0	0.225747
M-25-0418_30Dr1_UDP0160-UDP0160_L002_R2_001	86.15884153499272	56.0	257.0	257	41.66666666666667	0.225747
M-25-0419_30PRr1_UDP0165-UDP0165_L002_R1_001	92.91834441184737	57.0	257.0	257	33.33333333333333	1.9299009999999999
M-25-0419_30PRr1_UDP0165-UDP0165_L002_R2_001	92.6678402481169	55.0	257.0	257	41.66666666666667	1.9299009999999999
M-25-0420_30PRr3_UDP0166-UDP0166_L002_R1_001	94.43238177953512	57.0	257.0	257	41.66666666666667	1.006319
M-25-0420_30PRr3_UDP0166-UDP0166_L002_R2_001	91.8874631205413	55.0	257.0	257	41.66666666666667	1.006319
M-25-0421_30Sr1_UDP0162-UDP0162_L002_R1_001	92.98388477427518	56.0	257.0	257	50.0	0.671725
M-25-0421_30Sr1_UDP0162-UDP0162_L002_R2_001	92.12877293535301	55.0	257.0	257	50.0	0.671725
M-25-0422_30Sr3_UDP0164-UDP0164_L002_R1_001	91.10061880745431	60.0	257.0	257	58.333333333333336	0.866667
M-25-0422_30Sr3_UDP0164-UDP0164_L002_R2_001	88.9210042611522	58.0	257.0	257	50.0	0.866667
M-25-0423_31Dr2_UDP0167-UDP0167_L002_R1_001	90.7916090287275	61.0	257.0	257	50.0	1.018571
M-25-0423_31Dr2_UDP0167-UDP0167_L002_R2_001	89.14424093784108	59.0	257.0	257	41.66666666666667	1.018571
M-25-0424_31PRr2_UDP0170-UDP0170_L002_R1_001	94.96395325194268	55.0	257.0	257	50.0	0.904936
M-25-0424_31PRr2_UDP0170-UDP0170_L002_R2_001	93.02635766507245	54.0	257.0	257	50.0	0.904936
M-25-0425_31PRr3_UDP0171-UDP0171_L002_R1_001	93.99707104083454	56.0	257.0	257	41.66666666666667	0.626161
M-25-0425_31PRr3_UDP0171-UDP0171_L002_R2_001	93.00004311990047	54.0	257.0	257	41.66666666666667	0.626161
M-25-0426_31Sr2_UDP0169-UDP0169_L002_R1_001	91.84249807801302	58.0	257.0	257	41.66666666666667	0.712804
M-25-0426_31Sr2_UDP0169-UDP0169_L002_R2_001	90.58492937750069	56.0	257.0	257	41.66666666666667	0.712804
M-25-0427_32PRr2_UDP0176-UDP0176_L002_R1_001	90.43171747389528	62.0	257.0	257	50.0	1.281108
M-25-0427_32PRr2_UDP0176-UDP0176_L002_R2_001	89.22060511959447	60.0	257.0	257	58.333333333333336	1.281108
M-25-0428_33Dr2_UDP0179-UDP0179_L002_R1_001	93.45609797962948	57.0	257.0	257	50.0	0.827274
M-25-0428_33Dr2_UDP0179-UDP0179_L002_R2_001	91.23422227702068	55.0	257.0	257	41.66666666666667	0.827274
M-25-0429_33PRr1_UDP0182-UDP0182_L002_R1_001	93.82777398715193	55.0	257.0	257	50.0	0.77677
M-25-0429_33PRr1_UDP0182-UDP0182_L002_R2_001	90.2791044968266	53.0	257.0	257	50.0	0.77677
M-25-0430_33PRr2_UDP0183-UDP0183_L002_R1_001	93.77384945778535	55.0	257.0	257	50.0	0.8451449999999999
M-25-0430_33PRr2_UDP0183-UDP0183_L002_R2_001	91.93866141313029	54.0	257.0	257	41.66666666666667	0.8451449999999999
M-25-0431_33Sr1_UDP0180-UDP0180_L002_R1_001	88.69099069486208	59.0	257.0	257	41.66666666666667	0.24642299999999998
M-25-0431_33Sr1_UDP0180-UDP0180_L002_R2_001	87.47194864115768	57.0	257.0	257	41.66666666666667	0.24642299999999998
M-25-0432_34Dr2_UDP0184-UDP0184_L002_R1_001	92.29389682602712	60.0	257.0	257	50.0	0.8436429999999999
M-25-0432_34Dr2_UDP0184-UDP0184_L002_R2_001	92.15497550504182	58.0	257.0	257	41.66666666666667	0.8436429999999999
M-25-0433_34PRr1_UDP0188-UDP0188_L002_R1_001	93.29807785405707	56.0	257.0	257	41.66666666666667	0.650679
M-25-0433_34PRr1_UDP0188-UDP0188_L002_R2_001	90.15582184149173	55.0	257.0	257	41.66666666666667	0.650679
M-25-0434_34PRr3_UDP0189-UDP0189_L002_R1_001	93.33367950000944	57.0	257.0	257	50.0	1.05922
M-25-0434_34PRr3_UDP0189-UDP0189_L002_R2_001	89.64120412897846	56.0	257.0	257	58.333333333333336	1.05922
M-25-0435_34Sr1_UDP0186-UDP0186_L002_R1_001	91.59679881179464	57.0	257.0	257	41.66666666666667	0.608649
M-25-0435_34Sr1_UDP0186-UDP0186_L002_R2_001	89.40423791051985	55.0	257.0	257	50.0	0.608649
M-25-0436_34Sr3_UDP0187-UDP0187_L002_R1_001	92.86714097584004	58.0	257.0	257	41.66666666666667	1.328107
M-25-0436_34Sr3_UDP0187-UDP0187_L002_R2_001	89.82934792102833	56.0	257.0	257	50.0	1.328107
M-25-0437_35Dr2_UDP0190-UDP0190_L002_R1_001	91.73407003811424	58.0	257.0	257	41.66666666666667	0.586395
M-25-0437_35Dr2_UDP0190-UDP0190_L002_R2_001	89.51133621534971	56.0	257.0	257	41.66666666666667	0.586395
M-25-0438_35Dr3_UDP0191-UDP0191_L002_R1_001	93.96880866994664	58.0	257.0	257	41.66666666666667	2.628354
M-25-0438_35Dr3_UDP0191-UDP0191_L002_R2_001	93.51849074060098	56.0	257.0	257	41.66666666666667	2.628354
M-25-0439_35Sr2_UDP0193-UDP0193_L002_R1_001	93.78392770190038	56.0	257.0	257	50.0	1.0535269999999999
M-25-0439_35Sr2_UDP0193-UDP0193_L002_R2_001	91.19547956530778	54.0	257.0	257	41.66666666666667	1.0535269999999999
M-25-0440_36Dr2_UDP0196-UDP0196_L002_R1_001	90.55773653047075	59.0	257.0	257	41.66666666666667	0.40094199999999997
M-25-0440_36Dr2_UDP0196-UDP0196_L002_R2_001	87.2577579799572	57.0	257.0	257	41.66666666666667	0.40094199999999997
M-25-0441_36Dr3_UDP0197-UDP0197_L002_R1_001	92.60371624083054	58.0	257.0	257	50.0	0.864691
M-25-0441_36Dr3_UDP0197-UDP0197_L002_R2_001	89.83498151362741	56.0	257.0	257	50.0	0.864691
M-25-0442_36Sr3_UDP0199-UDP0199_L002_R1_001	85.15382645074992	57.0	257.0	257	50.0	0.070274
M-25-0442_36Sr3_UDP0199-UDP0199_L002_R2_001	83.73651706178671	55.0	257.0	257	50.0	0.070274
M-25-0443_37Dr2_UDP0202-UDP0202_L002_R1_001	90.9658439909578	57.0	257.0	257	50.0	0.48439499999999996
M-25-0443_37Dr2_UDP0202-UDP0202_L002_R2_001	88.65884247360108	54.0	257.0	257	50.0	0.48439499999999996
M-25-0444_37Dr3_UDP0203-UDP0203_L002_R1_001	89.35972636051467	58.0	257.0	257	41.66666666666667	0.29937199999999997
M-25-0444_37Dr3_UDP0203-UDP0203_L002_R2_001	88.36030089654344	55.0	257.0	257	50.0	0.29937199999999997
M-25-0445_37PRr2_UDP0206-UDP0206_L002_R1_001	92.96312132931392	56.0	257.0	257	41.66666666666667	0.839591
M-25-0445_37PRr2_UDP0206-UDP0206_L002_R2_001	92.674409325493	54.0	257.0	257	50.0	0.839591
M-25-0446_37PRr3_UDP0207-UDP0207_L002_R1_001	94.99099412403503	55.0	257.0	257	41.66666666666667	1.219204
M-25-0446_37PRr3_UDP0207-UDP0207_L002_R2_001	92.75789777592593	53.0	257.0	257	50.0	1.219204
M-25-0447_37Sr1_UDP0204-UDP0204_L002_R1_001	91.5886082908771	57.0	257.0	257	50.0	0.682075
M-25-0447_37Sr1_UDP0204-UDP0204_L002_R2_001	88.41535021808453	55.0	257.0	257	50.0	0.682075
M-25-0448_37Sr2_UDP0205-UDP0205_L002_R1_001	86.22155019913625	57.0	257.0	257	50.0	0.101187
M-25-0448_37Sr2_UDP0205-UDP0205_L002_R2_001	84.52568017630723	55.0	257.0	257	41.66666666666667	0.101187
M-25-0449_38Dr2_UDP0208-UDP0208_L002_R1_001	91.32213119655565	57.0	257.0	257	50.0	0.66892
M-25-0449_38Dr2_UDP0208-UDP0208_L002_R2_001	87.72513903007834	55.0	257.0	257	50.0	0.66892
M-25-0450_38Dr3_UDP0209-UDP0209_L002_R1_001	90.60597742721974	57.0	257.0	257	50.0	0.30966499999999997
M-25-0450_38Dr3_UDP0209-UDP0209_L002_R2_001	88.67292073692539	55.0	257.0	257	41.66666666666667	0.30966499999999997
M-25-0451_38PRr2_UDP0212-UDP0212_L002_R1_001	94.04071703376195	56.0	257.0	257	33.33333333333333	1.306382
M-25-0451_38PRr2_UDP0212-UDP0212_L002_R2_001	91.87438742270929	54.0	257.0	257	50.0	1.306382
M-25-0452_38Sr2_UDP0210-UDP0210_L002_R1_001	90.45682512564395	57.0	257.0	257	50.0	0.5724509999999999
M-25-0452_38Sr2_UDP0210-UDP0210_L002_R2_001	84.55535932333073	56.0	257.0	257	50.0	0.5724509999999999
M-25-0453_39Dr2_UDP0214-UDP0214_L002_R1_001	84.95482366656951	58.0	257.0	257	58.333333333333336	0.051465
M-25-0453_39Dr2_UDP0214-UDP0214_L002_R2_001	81.64577868454289	55.0	257.0	257	50.0	0.051465
M-25-0454_39PRr1_UDP0216-UDP0216_L002_R1_001	94.60267618198037	55.0	257.0	257	41.66666666666667	1.261125
M-25-0454_39PRr1_UDP0216-UDP0216_L002_R2_001	92.08976112597878	53.0	257.0	257	41.66666666666667	1.261125
M-25-0455_39PRr3_UDP0217-UDP0217_L002_R1_001	92.54390378597287	55.0	257.0	257	41.66666666666667	0.407425
M-25-0455_39PRr3_UDP0217-UDP0217_L002_R2_001	90.60489660673744	53.0	257.0	257	50.0	0.407425
M-25-0456_39Sr3_UDP0377-UDP0377_L002_R1_001	88.93238855842833	56.0	257.0	257	41.66666666666667	0.21098499999999998
M-25-0456_39Sr3_UDP0377-UDP0377_L002_R2_001	88.24845368154135	55.0	257.0	257	50.0	0.21098499999999998
M-25-0457_3Dr2_UDP0012-UDP0012_L002_R1_001	92.16799408889004	57.0	257.0	257	33.33333333333333	0.931128
M-25-0457_3Dr2_UDP0012-UDP0012_L002_R2_001	89.79710630547035	55.0	257.0	257	41.66666666666667	0.931128
M-25-0458_3PRr1_UDP0015-UDP0015_L002_R1_001	92.40866571193516	56.0	257.0	257	50.0	0.492285
M-25-0458_3PRr1_UDP0015-UDP0015_L002_R2_001	90.45512254080461	55.0	257.0	257	50.0	0.492285
M-25-0459_3PRr3_UDP0016-UDP0016_L002_R1_001	95.74065440818896	55.0	257.0	257	41.66666666666667	0.7958029999999999
M-25-0459_3PRr3_UDP0016-UDP0016_L002_R2_001	92.6823598302595	54.0	257.0	257	41.66666666666667	0.7958029999999999
M-25-0460_40Dr1_UDP0218-UDP0218_L002_R1_001	92.17896581078932	57.0	257.0	257	41.66666666666667	0.748277
M-25-0460_40Dr1_UDP0218-UDP0218_L002_R2_001	89.53435692931896	55.0	257.0	257	41.66666666666667	0.748277
M-25-0461_40Dr2_UDP0219-UDP0219_L002_R1_001	85.29750805221224	58.0	257.0	257	41.66666666666667	0.05899
M-25-0461_40Dr2_UDP0219-UDP0219_L002_R2_001	84.9686387523309	56.0	257.0	257	50.0	0.05899
M-25-0462_40PRr2_UDP0222-UDP0222_L002_R1_001	90.3650844890307	56.0	257.0	257	41.66666666666667	0.32217199999999996
M-25-0462_40PRr2_UDP0222-UDP0222_L002_R2_001	90.6040872577381	54.0	257.0	257	41.66666666666667	0.32217199999999996
M-25-0463_41PRr2_UDP0229-UDP0229_L002_R1_001	91.93951733311616	58.0	257.0	257	41.66666666666667	0.920925
M-25-0463_41PRr2_UDP0229-UDP0229_L002_R2_001	91.23859163341206	56.0	257.0	257	41.66666666666667	0.920925
M-25-0464_42Dr1_UDP0230-UDP0230_L002_R1_001	88.58979338568952	58.0	257.0	257	50.0	0.211118
M-25-0464_42Dr1_UDP0230-UDP0230_L002_R2_001	85.64310006726096	56.0	257.0	257	50.0	0.211118
M-25-0466_42PRr1_UDP0234-UDP0234_L002_R1_001	91.61079480922966	55.0	257.0	257	50.0	0.409419
M-25-0466_42PRr1_UDP0234-UDP0234_L002_R2_001	89.51685192919723	53.0	257.0	257	50.0	0.409419
M-25-0467_42PRr2_UDP0235-UDP0235_L002_R1_001	94.23003385675398	55.0	257.0	257	33.33333333333333	1.145414
M-25-0467_42PRr2_UDP0235-UDP0235_L002_R2_001	90.1552805749024	53.0	257.0	257	50.0	1.145414
M-25-0468_42Sr1_UDP0232-UDP0232_L002_R1_001	87.95116480041186	59.0	257.0	257	50.0	0.163161
M-25-0468_42Sr1_UDP0232-UDP0232_L002_R2_001	87.20404998743572	57.0	257.0	257	50.0	0.163161
M-25-0469_42Sr2_UDP0233-UDP0233_L002_R1_001	91.8339200065872	56.0	257.0	257	41.66666666666667	0.582948
M-25-0469_42Sr2_UDP0233-UDP0233_L002_R2_001	90.5627946231911	54.0	257.0	257	41.66666666666667	0.582948
M-25-0470_43Dr1_UDP0236-UDP0236_L002_R1_001	92.30961892302203	56.0	257.0	257	41.66666666666667	0.714685
M-25-0470_43Dr1_UDP0236-UDP0236_L002_R2_001	89.38063622435058	54.0	257.0	257	41.66666666666667	0.714685
M-25-0471_43Dr2_UDP0237-UDP0237_L002_R1_001	91.38200939268654	56.0	257.0	257	41.66666666666667	0.224217
M-25-0471_43Dr2_UDP0237-UDP0237_L002_R2_001	88.51023784994001	54.0	257.0	257	50.0	0.224217
M-25-0472_43PRr2_UDP0240-UDP0240_L002_R1_001	90.18747389925394	57.0	257.0	257	50.0	0.44299499999999997
M-25-0472_43PRr2_UDP0240-UDP0240_L002_R2_001	88.7366674567433	55.0	257.0	257	41.66666666666667	0.44299499999999997
M-25-0473_43Sr2_UDP0239-UDP0239_L002_R1_001	86.94653347658125	58.0	257.0	257	41.66666666666667	0.174988
M-25-0473_43Sr2_UDP0239-UDP0239_L002_R2_001	86.6550849201088	56.0	257.0	257	50.0	0.174988
M-25-0474_44Dr2_UDP0243-UDP0243_L002_R1_001	93.70016402047968	56.0	257.0	257	33.33333333333333	1.698758
M-25-0474_44Dr2_UDP0243-UDP0243_L002_R2_001	92.65256065810684	54.0	257.0	257	41.66666666666667	1.698758
M-25-0475_44PRr3_UDP0248-UDP0248_L002_R1_001	87.32590812835967	57.0	257.0	257	50.0	0.09822399999999999
M-25-0475_44PRr3_UDP0248-UDP0248_L002_R2_001	85.8792148558397	55.0	257.0	257	50.0	0.09822399999999999
M-25-0476_45Dr3_UDP0250-UDP0250_L002_R1_001	91.51393181437025	58.0	257.0	257	50.0	0.7513019999999999
M-25-0476_45Dr3_UDP0250-UDP0250_L002_R2_001	90.36911920905308	56.0	257.0	257	41.66666666666667	0.7513019999999999
M-25-0477_45PRr2_UDP0254-UDP0254_L002_R1_001	93.95219554603183	57.0	257.0	257	50.0	0.752273
M-25-0477_45PRr2_UDP0254-UDP0254_L002_R2_001	92.20163424714167	54.0	257.0	257	50.0	0.752273
M-25-0478_46PRr1_UDP0258V2-UDP0258V2_L002_R1_001	71.73465889612615	64.0	257.0	257	50.0	0.005834
M-25-0478_46PRr1_UDP0258V2-UDP0258V2_L002_R2_001	70.0548508741858	62.0	257.0	257	50.0	0.005834
M-25-0480_47Dr2_UDP0259-UDP0259_L002_R1_001	89.24436955009897	57.0	257.0	257	50.0	0.37385999999999997
M-25-0480_47Dr2_UDP0259-UDP0259_L002_R2_001	88.16080885893115	55.0	257.0	257	50.0	0.37385999999999997
M-25-0481_47Dr3_UDP0260-UDP0260_L002_R1_001	84.89290181363351	58.0	257.0	257	41.66666666666667	0.076752
M-25-0481_47Dr3_UDP0260-UDP0260_L002_R2_001	82.4812382739212	56.0	257.0	257	41.66666666666667	0.076752
M-25-0482_47PRr1_UDP0263-UDP0263_L002_R1_001	83.28472262731144	58.0	257.0	257	50.0	0.034286
M-25-0482_47PRr1_UDP0263-UDP0263_L002_R2_001	80.52849559587003	56.0	257.0	257	50.0	0.034286
M-25-0483_47Sr1_UDP0261-UDP0261_L002_R1_001	90.82913851513005	58.0	257.0	257	33.33333333333333	0.52247
M-25-0483_47Sr1_UDP0261-UDP0261_L002_R2_001	88.70901678565276	56.0	257.0	257	50.0	0.52247
M-25-0484_48Dr2_UDP0265-UDP0265_L002_R1_001	90.43375098500466	56.0	257.0	257	41.66666666666667	0.34390699999999996
M-25-0484_48Dr2_UDP0265-UDP0265_L002_R2_001	89.75827767390602	54.0	257.0	257	41.66666666666667	0.34390699999999996
M-25-0485_48Dr3_UDP0266-UDP0266_L002_R1_001	0.0	58.0	257.0	257	18.181818181818183	2e-06
M-25-0485_48Dr3_UDP0266-UDP0266_L002_R2_001	0.0	56.0	257.0	257	27.27272727272727	2e-06
M-25-0486_48Sr2_UDP0268-UDP0268_L002_R1_001	95.2936569697991	56.0	257.0	257	50.0	1.412243
M-25-0486_48Sr2_UDP0268-UDP0268_L002_R2_001	92.43939240039471	54.0	257.0	257	41.66666666666667	1.412243
M-25-0487_49Dr2_UDP0270-UDP0270_L002_R1_001	93.78575819572154	57.0	257.0	257	50.0	0.6148939999999999
M-25-0487_49Dr2_UDP0270-UDP0270_L002_R2_001	91.55220249343789	54.0	257.0	257	50.0	0.6148939999999999
M-25-0488_49Sr2_UDP0272-UDP0272_L002_R1_001	86.93378338959036	57.0	257.0	257	41.66666666666667	0.09598799999999999
M-25-0488_49Sr2_UDP0272-UDP0272_L002_R2_001	84.6564153852565	55.0	257.0	257	50.0	0.09598799999999999
M-25-0489_49Sr3_UDP0273-UDP0273_L002_R1_001	85.22655816534123	56.0	257.0	257	50.0	0.05407
M-25-0489_49Sr3_UDP0273-UDP0273_L002_R2_001	82.89994451636767	55.0	257.0	257	50.0	0.05407
M-25-0490_4Dr3_UDP0018-UDP0018_L002_R1_001	94.09293228124736	58.0	257.0	257	50.0	1.5711009999999999
M-25-0490_4Dr3_UDP0018-UDP0018_L002_R2_001	90.97362280922269	56.0	257.0	257	50.0	1.5711009999999999
M-25-0491_4PRr1_UDP0021-UDP0021_L002_R1_001	94.26785894095605	56.0	257.0	257	41.66666666666667	2.1038449999999997
M-25-0491_4PRr1_UDP0021-UDP0021_L002_R2_001	92.48129328779726	54.0	257.0	257	41.66666666666667	2.1038449999999997
M-25-0492_4PRr2_UDP0022-UDP0022_L002_R1_001	94.10969413759248	56.0	257.0	257	41.66666666666667	1.491128
M-25-0492_4PRr2_UDP0022-UDP0022_L002_R2_001	91.08183356263665	54.0	257.0	257	50.0	1.491128
M-25-0493_4PRr3_UDP0023-UDP0023_L002_R1_001	94.51619458139396	56.0	257.0	257	50.0	2.0104889999999997
M-25-0493_4PRr3_UDP0023-UDP0023_L002_R2_001	92.29801169410143	54.0	257.0	257	41.66666666666667	2.0104889999999997
M-25-0494_4Sr1_UDP0019-UDP0019_L002_R1_001	93.52083602868863	57.0	257.0	257	41.66666666666667	1.028003
M-25-0494_4Sr1_UDP0019-UDP0019_L002_R2_001	92.28825207708537	54.0	257.0	257	41.66666666666667	1.028003
M-25-0495_50Dr1_UDP0275-UDP0275_L002_R1_001	89.67502122624165	56.0	257.0	257	33.33333333333333	0.149579
M-25-0495_50Dr1_UDP0275-UDP0275_L002_R2_001	90.47259307790532	53.0	257.0	257	50.0	0.149579
M-25-0496_50Dr2_UDP0276-UDP0276_L002_R1_001	87.29249875187219	58.0	257.0	257	50.0	0.128192
M-25-0496_50Dr2_UDP0276-UDP0276_L002_R2_001	83.06758612081877	55.0	257.0	257	50.0	0.128192
M-25-0497_50PRr2_UDP0280-UDP0280_L002_R1_001	93.86797985418892	56.0	257.0	257	41.66666666666667	1.1339329999999999
M-25-0497_50PRr2_UDP0280-UDP0280_L002_R2_001	91.19718713539513	54.0	257.0	257	50.0	1.1339329999999999
M-25-0498_50Sr1_UDP0277-UDP0277_L002_R1_001	87.49880466113851	58.0	257.0	257	41.66666666666667	0.146402
M-25-0498_50Sr1_UDP0277-UDP0277_L002_R2_001	84.99747271212142	55.0	257.0	257	41.66666666666667	0.146402
M-25-0499_50Sr3_UDP0278-UDP0278_L002_R1_001	82.8005567901536	59.0	257.0	257	50.0	0.040949
M-25-0499_50Sr3_UDP0278-UDP0278_L002_R2_001	78.39996092700676	58.0	257.0	257	50.0	0.040949
M-25-0500_51Dr1_UDP0281-UDP0281_L002_R1_001	94.59041928035313	56.0	257.0	257	33.33333333333333	2.881331
M-25-0500_51Dr1_UDP0281-UDP0281_L002_R2_001	93.99067902434439	54.0	257.0	257	41.66666666666667	2.881331
M-25-0501_51Dr3_UDP0283-UDP0283_L002_R1_001	94.80196449960044	57.0	257.0	257	50.0	1.655587
M-25-0501_51Dr3_UDP0283-UDP0283_L002_R2_001	91.51170890790728	55.0	257.0	257	50.0	1.655587
M-25-0502_51PRr3_UDP0287-UDP0287_L002_R1_001	95.68973986825947	55.0	257.0	257	50.0	0.8956999999999999
M-25-0502_51PRr3_UDP0287-UDP0287_L002_R2_001	92.8184660042425	54.0	257.0	257	41.66666666666667	0.8956999999999999
M-25-0503_52Dr1_UDP0288-UDP0288_L002_R1_001	94.87057554116888	55.0	257.0	257	50.0	0.7191839999999999
M-25-0503_52Dr1_UDP0288-UDP0288_L002_R2_001	92.55934503548465	54.0	257.0	257	41.66666666666667	0.7191839999999999
M-25-0504_53Dr2_UDP0295-UDP0295_L002_R1_001	93.76457743132511	59.0	257.0	257	50.0	0.8270489999999999
M-25-0504_53Dr2_UDP0295-UDP0295_L002_R2_001	91.16388509024253	57.0	257.0	257	50.0	0.8270489999999999
M-25-0505_53Dr3_UDP0296-UDP0296_L002_R1_001	91.08302212008044	57.0	257.0	257	50.0	0.13924
M-25-0505_53Dr3_UDP0296-UDP0296_L002_R2_001	86.88882505027291	55.0	257.0	257	50.0	0.13924
M-25-0506_53PRr2_UDP0299-UDP0299_L002_R1_001	93.69888796897988	56.0	257.0	257	33.33333333333333	1.0073459999999999
M-25-0506_53PRr2_UDP0299-UDP0299_L002_R2_001	91.41268243483371	54.0	257.0	257	50.0	1.0073459999999999
M-25-0507_54PRr1_UDP0306-UDP0306_L002_R1_001	90.5654405185948	57.0	257.0	257	50.0	0.236948
M-25-0507_54PRr1_UDP0306-UDP0306_L002_R2_001	87.61964650471833	53.0	257.0	257	41.66666666666667	0.236948
M-25-0508_54PRr2_UDP0307-UDP0307_L002_R1_001	88.0853440335405	60.0	257.0	257	58.333333333333336	0.377812
M-25-0508_54PRr2_UDP0307-UDP0307_L002_R2_001	87.19071919367305	58.0	257.0	257	50.0	0.377812
M-25-0509_54PRr3_UDP0308-UDP0308_L002_R1_001	78.5112168592794	63.0	257.0	257	58.333333333333336	0.014709999999999999
M-25-0509_54PRr3_UDP0308-UDP0308_L002_R2_001	76.29503738953093	61.0	257.0	257	50.0	0.014709999999999999
M-25-0510_54Sr1_UDP0304-UDP0304_L002_R1_001	77.8735632183908	58.0	257.0	257	50.0	0.008003999999999999
M-25-0510_54Sr1_UDP0304-UDP0304_L002_R2_001	75.0999500249875	56.0	257.0	257	50.0	0.008003999999999999
M-25-0511_54Sr2_UDP0305-UDP0305_L002_R1_001	82.9201395046403	71.0	257.0	257	58.333333333333336	0.084585
M-25-0511_54Sr2_UDP0305-UDP0305_L002_R2_001	81.18815392800141	68.0	257.0	257	50.0	0.084585
M-25-0512_54Sr3_UDP0381-UDP0381_L002_R1_001	88.42307552187694	57.0	257.0	257	33.33333333333333	0.10979599999999999
M-25-0512_54Sr3_UDP0381-UDP0381_L002_R2_001	84.91292943276622	54.0	257.0	257	41.66666666666667	0.10979599999999999
M-25-0513_55Dr2_UDP0310-UDP0310_L002_R1_001	95.04212797212747	57.0	257.0	257	41.66666666666667	0.5200819999999999
M-25-0513_55Dr2_UDP0310-UDP0310_L002_R2_001	91.92973415730596	56.0	257.0	257	41.66666666666667	0.5200819999999999
M-25-0514_55PRr3_UDP0314-UDP0314_L002_R1_001	91.0990920804243	57.0	257.0	257	50.0	0.133492
M-25-0514_55PRr3_UDP0314-UDP0314_L002_R2_001	87.37377520750307	56.0	257.0	257	41.66666666666667	0.133492
M-25-0515_55Sr3_UDP0312-UDP0312_L002_R1_001	93.0938208458506	57.0	257.0	257	41.66666666666667	0.179086
M-25-0515_55Sr3_UDP0312-UDP0312_L002_R2_001	88.63953631216287	56.0	257.0	257	50.0	0.179086
M-25-0516_56Dr1_UDP0315-UDP0315_L002_R1_001	87.5510970678569	58.0	257.0	257	50.0	0.045257
M-25-0516_56Dr1_UDP0315-UDP0315_L002_R2_001	82.57728086262898	56.0	257.0	257	41.66666666666667	0.045257
M-25-0517_56Dr3_UDP0316-UDP0316_L002_R1_001	89.00519869592034	59.0	257.0	257	50.0	0.170235
M-25-0517_56Dr3_UDP0316-UDP0316_L002_R2_001	84.71818368725584	57.0	257.0	257	41.66666666666667	0.170235
M-25-0518_56Sr1_UDP0317-UDP0317_L002_R1_001	87.14076480941304	63.0	257.0	257	50.0	0.162498
M-25-0518_56Sr1_UDP0317-UDP0317_L002_R2_001	86.19059926891407	61.0	257.0	257	50.0	0.162498
M-25-0519_56Sr3_UDP0319-UDP0319_L002_R1_001	92.93151206510875	56.0	257.0	257	41.66666666666667	0.5252749999999999
M-25-0519_56Sr3_UDP0319-UDP0319_L002_R2_001	90.57046309076199	54.0	257.0	257	50.0	0.5252749999999999
M-25-0520_57Dr3_UDP0321-UDP0321_L002_R1_001	86.21711241574255	59.0	257.0	257	41.66666666666667	0.073584
M-25-0520_57Dr3_UDP0321-UDP0321_L002_R2_001	84.52652750597956	57.0	257.0	257	50.0	0.073584
M-25-0521_57PRr3_UDP0325-UDP0325_L002_R1_001	95.8058665332416	55.0	257.0	257	41.66666666666667	0.95934
M-25-0521_57PRr3_UDP0325-UDP0325_L002_R2_001	93.00665040548711	54.0	257.0	257	41.66666666666667	0.95934
M-25-0522_58PRr1_UDP0330-UDP0330_L002_R1_001	93.07511097796781	57.0	257.0	257	50.0	0.44062799999999996
M-25-0522_58PRr1_UDP0330-UDP0330_L002_R2_001	90.10253547209891	55.0	257.0	257	41.66666666666667	0.44062799999999996
M-25-0523_58Sr2_UDP0328-UDP0328_L002_R1_001	87.0354423112642	58.0	257.0	257	50.0	0.059223
M-25-0523_58Sr2_UDP0328-UDP0328_L002_R2_001	82.50510781284298	57.0	257.0	257	50.0	0.059223
M-25-0524_58Sr3_UDP0329-UDP0329_L002_R1_001	80.739901071723	59.0	257.0	257	50.0	0.019407999999999998
M-25-0524_58Sr3_UDP0329-UDP0329_L002_R2_001	76.16446826051113	57.0	257.0	257	50.0	0.019407999999999998
M-25-0525_59PRr3_UDP0336-UDP0336_L002_R1_001	87.94983131325753	57.0	257.0	257	50.0	0.064024
M-25-0525_59PRr3_UDP0336-UDP0336_L002_R2_001	83.94664500812195	56.0	257.0	257	50.0	0.064024
M-25-0526_5Dr1_UDP0024-UDP0024_L002_R1_001	91.16279069767442	60.0	257.0	257	41.66666666666667	0.39087
M-25-0526_5Dr1_UDP0024-UDP0024_L002_R2_001	89.04469516719114	58.0	257.0	257	41.66666666666667	0.39087
M-25-0527_5Sr1_UDP0025-UDP0025_L002_R1_001	91.39161160077624	62.0	257.0	257	58.333333333333336	0.485933
M-25-0527_5Sr1_UDP0025-UDP0025_L002_R2_001	88.04217865425892	60.0	257.0	257	58.333333333333336	0.485933
M-25-0528_5Sr3_UDP0026-UDP0026_L002_R1_001	93.82546919799012	58.0	257.0	257	50.0	1.281069
M-25-0528_5Sr3_UDP0026-UDP0026_L002_R2_001	88.85848418783891	56.0	257.0	257	41.66666666666667	1.281069
M-25-0529_60Sr3_UDP0341-UDP0341_L002_R1_001	90.40380388235641	57.0	257.0	257	50.0	0.23702099999999998
M-25-0529_60Sr3_UDP0341-UDP0341_L002_R2_001	88.27361288662186	55.0	257.0	257	41.66666666666667	0.23702099999999998
M-25-0530_62PRr2_UDP0354-UDP0354_L002_R1_001	93.26350055690156	56.0	257.0	257	50.0	0.348356
M-25-0530_62PRr2_UDP0354-UDP0354_L002_R2_001	90.7829921115181	54.0	257.0	257	50.0	0.348356
M-25-0531_62Sr3_UDP0353-UDP0353_L002_R1_001	85.0668073799069	61.0	257.0	257	58.333333333333336	0.053063
M-25-0531_62Sr3_UDP0353-UDP0353_L002_R2_001	82.9485705670618	59.0	257.0	257	50.0	0.053063
M-25-0532_63PRr3_UDP0362-UDP0362_L002_R1_001	84.40294480419365	61.0	257.0	257	58.333333333333336	0.051888
M-25-0532_63PRr3_UDP0362-UDP0362_L002_R2_001	80.68917668825162	59.0	257.0	257	58.333333333333336	0.051888
M-25-0533_63Sr3_UDP0359-UDP0359_L002_R1_001	67.38287078484035	59.0	257.0	257	50.0	0.003351
M-25-0533_63Sr3_UDP0359-UDP0359_L002_R2_001	64.57773798866009	57.0	257.0	257	50.0	0.003351
M-25-0534_64Dr3_UDP0364-UDP0364_L002_R1_001	94.05770269227803	56.0	257.0	257	50.0	0.51852
M-25-0534_64Dr3_UDP0364-UDP0364_L002_R2_001	90.82928334490472	54.0	257.0	257	50.0	0.51852
M-25-0535_64PRr2_UDP0369-UDP0369_L002_R1_001	88.18772069711812	58.0	257.0	257	50.0	0.052674
M-25-0535_64PRr2_UDP0369-UDP0369_L002_R2_001	84.61669894065383	55.0	257.0	257	50.0	0.052674
M-25-0536_64PRr3_UDP0370-UDP0370_L002_R1_001	93.34686974086345	58.0	257.0	257	41.66666666666667	0.474769
M-25-0536_64PRr3_UDP0370-UDP0370_L002_R2_001	88.96663430004908	55.0	257.0	257	41.66666666666667	0.474769
M-25-0537_64Sr1_UDP0365-UDP0365_L002_R1_001	93.63805438133653	56.0	257.0	257	41.66666666666667	0.557581
M-25-0537_64Sr1_UDP0365-UDP0365_L002_R2_001	90.93871563055413	54.0	257.0	257	41.66666666666667	0.557581
M-25-0538_64Sr2_UDP0366-UDP0366_L002_R1_001	94.40167256707555	56.0	257.0	257	41.66666666666667	1.232118
M-25-0538_64Sr2_UDP0366-UDP0366_L002_R2_001	91.86400861734262	54.0	257.0	257	50.0	1.232118
M-25-0539_64Sr3_UDP0367-UDP0367_L002_R1_001	94.51488189910086	56.0	257.0	257	50.0	1.062566
M-25-0539_64Sr3_UDP0367-UDP0367_L002_R2_001	92.19860225153073	54.0	257.0	257	41.66666666666667	1.062566
M-25-0540_6Dr1_UDP0027-UDP0027_L002_R1_001	92.97240578863725	59.0	257.0	257	41.66666666666667	1.69312
M-25-0540_6Dr1_UDP0027-UDP0027_L002_R2_001	90.9080593884249	57.0	257.0	257	41.66666666666667	1.69312
M-25-0541_6PRr2_UDP0029-UDP0029_L002_R1_001	94.70978844230171	56.0	257.0	257	41.66666666666667	2.1740909999999998
M-25-0541_6PRr2_UDP0029-UDP0029_L002_R2_001	92.6856308552043	54.0	257.0	257	41.66666666666667	2.1740909999999998
M-25-0542_6Sr2_UDP0028-UDP0028_L002_R1_001	94.0310332474627	57.0	257.0	257	50.0	0.817897
M-25-0542_6Sr2_UDP0028-UDP0028_L002_R2_001	91.07503756585487	55.0	257.0	257	50.0	0.817897
M-25-0543_7Sr1_UDP0031-UDP0031_L002_R1_001	89.50967999467767	59.0	257.0	257	50.0	0.225465
M-25-0543_7Sr1_UDP0031-UDP0031_L002_R2_001	86.8232319872264	57.0	257.0	257	41.66666666666667	0.225465
M-25-0544_7Sr2_UDP0032-UDP0032_L002_R1_001	89.32546956775856	60.0	257.0	257	50.0	0.075282
M-25-0544_7Sr2_UDP0032-UDP0032_L002_R2_001	84.97516006482293	58.0	257.0	257	41.66666666666667	0.075282
M-25-0545_8Sr3_UDP0034-UDP0034_L002_R1_001	86.23971608323923	57.0	257.0	257	41.66666666666667	0.049592
M-25-0545_8Sr3_UDP0034-UDP0034_L002_R2_001	80.98483626391354	55.0	257.0	257	41.66666666666667	0.049592
M-25-0546_9Dr1_UDP0036-UDP0036_L002_R1_001	90.40454784677549	59.0	257.0	257	41.66666666666667	0.45982199999999995
M-25-0546_9Dr1_UDP0036-UDP0036_L002_R2_001	85.7086002844579	57.0	257.0	257	41.66666666666667	0.45982199999999995
M-25-0547_9Dr3_UDP0037-UDP0037_L002_R1_001	89.91622464543447	59.0	257.0	257	50.0	0.351416
M-25-0547_9Dr3_UDP0037-UDP0037_L002_R2_001	87.77460331914313	56.0	257.0	257	50.0	0.351416
M-25-0548_9PRr2_UDP0041-UDP0041_L002_R1_001	92.75466789060059	59.0	257.0	257	58.333333333333336	0.710278
M-25-0548_9PRr2_UDP0041-UDP0041_L002_R2_001	90.21101596839547	57.0	257.0	257	50.0	0.710278
M-25-0549_9PRr3_UDP0042-UDP0042_L002_R1_001	82.60736196319019	68.0	257.0	257	50.0	0.05542
M-25-0549_9PRr3_UDP0042-UDP0042_L002_R2_001	80.55756044749188	66.0	257.0	257	58.333333333333336	0.05542
M-25-0550_9Sr1_UDP0038-UDP0038_L002_R1_001	91.30967390396493	57.0	257.0	257	41.66666666666667	0.502858
M-25-0550_9Sr1_UDP0038-UDP0038_L002_R2_001	90.9702142553166	55.0	257.0	257	50.0	0.502858
M-25-0551_9Sr2_UDP0039-UDP0039_L002_R1_001	92.15736624252645	57.0	257.0	257	41.66666666666667	0.52184
M-25-0551_9Sr2_UDP0039-UDP0039_L002_R2_001	89.28694619040319	55.0	257.0	257	50.0	0.52184
M-25-0552_9Sr3_UDP0040-UDP0040_L002_R1_001	89.68352304966592	57.0	257.0	257	41.66666666666667	0.17271399999999998
M-25-0552_9Sr3_UDP0040-UDP0040_L002_R2_001	87.1950160380745	55.0	257.0	257	41.66666666666667	0.17271399999999998
M-25-0553_Ctrl-2_UDP0372-UDP0372_L002_R1_001	92.08066558628445	57.0	257.0	257	50.0	0.451692
M-25-0553_Ctrl-2_UDP0372-UDP0372_L002_R2_001	89.28451245538996	56.0	257.0	257	41.66666666666667	0.451692
M-25-0554_Ctrl-3_UDP0373-UDP0373_L002_R1_001	91.62292003884752	57.0	257.0	257	41.66666666666667	0.386125
M-25-0554_Ctrl-3_UDP0373-UDP0373_L002_R2_001	88.29627711233408	56.0	257.0	257	41.66666666666667	0.386125
M-25-0555_PCR-Ctrl-Trip1_UDP0374-UDP0374_L002_R1_001	78.1854534612484	60.0	257.0	257	58.333333333333336	0.057017
M-25-0555_PCR-Ctrl-Trip1_UDP0374-UDP0374_L002_R2_001	79.44823473700826	58.0	257.0	257	58.333333333333336	0.057017
M-25-0556_41-MR-MD1_SU0001-SU0001_L002_R1_001	93.5953837675549	56.0	257.0	257	41.66666666666667	0.9599169999999999
M-25-0556_41-MR-MD1_SU0001-SU0001_L002_R2_001	91.11610691341022	54.0	257.0	257	41.66666666666667	0.9599169999999999
M-25-0557_55-MR-SR1_SU0433-SU0433_L002_R1_001	93.45494680267632	58.0	257.0	257	58.333333333333336	0.72936
M-25-0557_55-MR-SR1_SU0433-SU0433_L002_R2_001	90.10625754085774	56.0	257.0	257	58.333333333333336	0.72936
M-25-0558_59-MR-MD1_SU0445-SU0445_L002_R1_001	94.43547750418864	57.0	257.0	257	41.66666666666667	0.683994
M-25-0558_59-MR-MD1_SU0445-SU0445_L002_R2_001	91.95709319087594	54.0	257.0	257	50.0	0.683994
M-25-0559_59-MR-MD2_SU0037-SU0037_L002_R1_001	93.40842126611945	56.0	257.0	257	50.0	0.710012
M-25-0559_59-MR-MD2_SU0037-SU0037_L002_R2_001	90.36410652214329	53.0	257.0	257	41.66666666666667	0.710012
M-25-0560_59-MR-SRR1_SU0049-SU0049_L002_R1_001	90.23743018565027	58.0	257.0	257	50.0	0.773659
M-25-0560_59-MR-SRR1_SU0049-SU0049_L002_R2_001	88.63879305999154	56.0	257.0	257	41.66666666666667	0.773659
M-25-0561_60-MR-MD2_SU0061-SU0061_L002_R1_001	95.14857214937811	56.0	257.0	257	41.66666666666667	1.038519
M-25-0561_60-MR-MD2_SU0061-SU0061_L002_R2_001	92.40630166612263	52.0	257.0	257	50.0	1.038519
M-25-0562_60-MR-BF1_SU0073-SU0073_L002_R1_001	92.64966432808205	54.0	257.0	257	50.0	0.6880229999999999
M-25-0562_60-MR-BF1_SU0073-SU0073_L002_R2_001	87.84095880515622	50.0	257.0	257	41.66666666666667	0.6880229999999999
M-25-0563_60-MR-WR1_SU0085-SU0085_L002_R1_001	95.70534184638628	55.0	257.0	257	50.0	0.918746
M-25-0563_60-MR-WR1_SU0085-SU0085_L002_R2_001	93.55044811079449	53.0	257.0	257	50.0	0.918746
M-25-0564_EBT_SU0026-SU0026_L002_R1_001	80.11722647156634	75.0	257.0	257	66.66666666666666	0.024055999999999998
M-25-0564_EBT_SU0026-SU0026_L002_R2_001	80.12969737279681	73.0	257.0	257	58.333333333333336	0.024055999999999998
M-25-0565_CW_SU0421-SU0421_L002_R1_001	89.98341012343992	75.0	257.0	257	66.66666666666666	0.248947
M-25-0565_CW_SU0421-SU0421_L002_R2_001	89.89624297541243	74.0	257.0	257	66.66666666666666	0.248947
M-25-0566_EBK_SU0027-SU0027_L002_R1_001	72.13420316868593	77.0	257.0	257	58.333333333333336	0.004292
M-25-0566_EBK_SU0027-SU0027_L002_R2_001	71.97110904007455	74.0	257.0	257	66.66666666666666	0.004292
M-25-0567_59-MR-WR2_SU0039-SU0039_L002_R1_001	96.0699625912477	57.0	257.0	257	50.0	1.6049719999999998
M-25-0567_59-MR-WR2_SU0039-SU0039_L002_R2_001	92.29991427363035	55.0	257.0	257	50.0	1.6049719999999998
M-25-0568_59-MR-WR1_SU0044-SU0044_L002_R1_001	93.36252490276065	57.0	257.0	257	41.66666666666667	0.337312
M-25-0568_59-MR-WR1_SU0044-SU0044_L002_R2_001	89.43203918034342	55.0	257.0	257	41.66666666666667	0.337312
M-25-0569_60GI_SU0063-SU0063_L002_R1_001	93.34393912019662	55.0	257.0	257	50.0	0.824707
M-25-0569_60GI_SU0063-SU0063_L002_R2_001	89.74447894828103	51.0	257.0	257	50.0	0.824707
M-25-0570_RBF_SU0075-SU0075_L002_R1_001	94.92192959478041	56.0	257.0	257	41.66666666666667	1.194883
M-25-0570_RBF_SU0075-SU0075_L002_R2_001	92.41214411787598	53.0	257.0	257	50.0	1.194883
M-25-0571_GBF_SU0087-SU0087_L002_R1_001	94.18143360073232	56.0	257.0	257	41.66666666666667	0.900153
M-25-0571_GBF_SU0087-SU0087_L002_R2_001	91.32591903820796	52.0	257.0	257	41.66666666666667	0.900153
M-25-0572_GC_SU0050-SU0050_L002_R1_001	95.05070062899527	52.0	257.0	257	50.0	0.8976219999999999
M-25-0572_GC_SU0050-SU0050_L002_R2_001	91.76691302129404	47.0	257.0	257	41.66666666666667	0.8976219999999999
M-25-0573_T25S_SU0584-SU0584_L002_R1_001	96.86324580512327	53.0	257.0	257	50.0	0.535713
M-25-0573_T25S_SU0584-SU0584_L002_R2_001	93.09499676132556	54.0	257.0	257	41.66666666666667	0.535713
M-25-0574_T25D_SU0596-SU0596_L002_R1_001	96.8598890913537	53.0	257.0	257	50.0	0.507084
M-25-0574_T25D_SU0596-SU0596_L002_R2_001	92.92503806075521	55.0	257.0	257	41.66666666666667	0.507084
M-25-0575_T27D_SU0620-SU0620_L002_R1_001	93.72499396179654	70.0	257.0	257	58.333333333333336	1.1427239999999999
M-25-0575_T27D_SU0620-SU0620_L002_R2_001	91.98704149033362	67.0	257.0	257	50.0	1.1427239999999999
M-25-0576_T28S_SU0632-SU0632_L002_R1_001	96.65396315983017	53.0	257.0	257	41.66666666666667	0.29913
M-25-0576_T28S_SU0632-SU0632_L002_R2_001	93.24741751078126	55.0	257.0	257	41.66666666666667	0.29913
M-25-0577_T28D_SU0644-SU0644_L002_R1_001	95.87460126854502	57.0	257.0	257	58.333333333333336	0.513817
M-25-0577_T28D_SU0644-SU0644_L002_R2_001	92.88696170037193	58.0	257.0	257	58.333333333333336	0.513817
M-25-0578_T29S_SU0656-SU0656_L002_R1_001	93.22483934502576	73.0	257.0	257	50.0	0.9276089999999999
M-25-0578_T29S_SU0656-SU0656_L002_R2_001	92.42816747142385	72.0	257.0	257	58.333333333333336	0.9276089999999999
M-25-0579_25D-3_SU0597-SU0597_L002_R1_001	94.14553065747353	53.0	257.0	257	50.0	0.06497599999999999
M-25-0579_25D-3_SU0597-SU0597_L002_R2_001	90.08249199704507	54.0	257.0	257	50.0	0.06497599999999999
M-25-0580_25D-4_SU0609-SU0609_L002_R1_001	93.47300810521486	53.0	257.0	257	41.66666666666667	0.032695
M-25-0580_25D-4_SU0609-SU0609_L002_R2_001	90.1575164398226	54.0	257.0	257	50.0	0.032695
M-25-0581_25D-5_SU0621-SU0621_L002_R1_001	92.57337542587442	53.0	257.0	257	50.0	0.031993
M-25-0581_25D-5_SU0621-SU0621_L002_R2_001	87.93798643453255	54.0	257.0	257	41.66666666666667	0.031993
M-25-0582_25D-6_SU0633-SU0633_L002_R1_001	95.28459646769505	53.0	257.0	257	41.66666666666667	0.111825
M-25-0582_25D-6_SU0633-SU0633_L002_R2_001	91.28101945003354	54.0	257.0	257	50.0	0.111825
M-25-0583_25D-7_SU0645-SU0645_L002_R1_001	92.99811487708229	53.0	257.0	257	41.66666666666667	0.025993
M-25-0583_25D-7_SU0645-SU0645_L002_R2_001	87.9467548955488	54.0	257.0	257	50.0	0.025993
M-25-0584_25D-8_SU0657-SU0657_L002_R1_001	92.520506722322	53.0	257.0	257	41.66666666666667	0.020603
M-25-0584_25D-8_SU0657-SU0657_L002_R2_001	88.19589380187351	54.0	257.0	257	50.0	0.020603
M-25-0585_25D-9_SU0669-SU0669_L002_R1_001	92.58377949633154	54.0	257.0	257	41.66666666666667	0.035301
M-25-0585_25D-9_SU0669-SU0669_L002_R2_001	88.19296903770432	55.0	257.0	257	50.0	0.035301
M-25-0586_28D-1_SU0622-SU0622_L002_R1_001	97.11897449482197	57.0	257.0	257	50.0	0.48319599999999996
M-25-0586_28D-1_SU0622-SU0622_L002_R2_001	93.35238702307139	55.0	257.0	257	41.66666666666667	0.48319599999999996
M-25-0587_28D-3_SU0646-SU0646_L002_R1_001	95.06140763165347	56.0	257.0	257	41.66666666666667	0.342547
M-25-0587_28D-3_SU0646-SU0646_L002_R2_001	92.13013104771024	57.0	257.0	257	50.0	0.342547
M-25-0588_29S-1_SU0658-SU0658_L002_R1_001	96.3838038673284	53.0	257.0	257	41.66666666666667	0.184365
M-25-0588_29S-1_SU0658-SU0658_L002_R2_001	93.02958804545331	55.0	257.0	257	41.66666666666667	0.184365
M-25-0589_29S-2_SU0670-SU0670_L002_R1_001	96.26342342342342	59.0	257.0	257	50.0	0.5549999999999999
M-25-0589_29S-2_SU0670-SU0670_L002_R2_001	92.38720720720721	56.0	257.0	257	50.0	0.5549999999999999
M-25-0590_52S_SU0583-SU0583_L002_R1_001	96.7587019357663	52.0	257.0	257	50.0	0.310678
M-25-0590_52S_SU0583-SU0583_L002_R2_001	93.73434874693413	49.0	257.0	257	41.66666666666667	0.310678
M-25-0591_52M_SU0595-SU0595_L002_R1_001	96.90025385493686	58.0	257.0	257	41.66666666666667	0.360836
M-25-0591_52M_SU0595-SU0595_L002_R2_001	93.88614218093538	54.0	257.0	257	50.0	0.360836
M-25-0592_S22PRr1_SU0097-SU0097_L002_R1_001	92.43932841907635	58.0	257.0	257	50.0	0.714791
M-25-0592_S22PRr1_SU0097-SU0097_L002_R2_001	89.14312015680107	56.0	257.0	257	33.33333333333333	0.714791
M-25-0593_S22Sr1_SU0109-SU0109_L002_R1_001	91.06191746989582	58.0	257.0	257	50.0	0.628401
M-25-0593_S22Sr1_SU0109-SU0109_L002_R2_001	88.88512271622737	56.0	257.0	257	50.0	0.628401
M-25-0594_S22Dr1_SU0121-SU0121_L002_R1_001	92.13873546792321	59.0	257.0	257	41.66666666666667	0.6472749999999999
M-25-0594_S22Dr1_SU0121-SU0121_L002_R2_001	89.24089451933104	57.0	257.0	257	50.0	0.6472749999999999
M-25-0595_S28PRr1_SU0133-SU0133_L002_R1_001	91.56019206499742	57.0	257.0	257	41.66666666666667	0.535652
M-25-0595_S28PRr1_SU0133-SU0133_L002_R2_001	88.30210659159304	55.0	257.0	257	50.0	0.535652
M-25-0596_S28Sr1_SU0145-SU0145_L002_R1_001	91.71637435735151	57.0	257.0	257	50.0	0.6288429999999999
M-25-0596_S28Sr1_SU0145-SU0145_L002_R2_001	89.7244622266607	55.0	257.0	257	41.66666666666667	0.6288429999999999
M-25-0597_S28Dr2_SU0157-SU0157_L002_R1_001	91.24840539451289	57.0	257.0	257	33.33333333333333	0.6004619999999999
M-25-0597_S28Dr2_SU0157-SU0157_L002_R2_001	87.49113182849206	54.0	257.0	257	41.66666666666667	0.6004619999999999
M-25-0598_S35PRr1_SU0169-SU0169_L002_R1_001	91.52560928214457	56.0	257.0	257	41.66666666666667	0.548063
M-25-0598_S35PRr1_SU0169-SU0169_L002_R2_001	88.24751898960521	55.0	257.0	257	50.0	0.548063
M-25-0599_S35Sr1_SU0181-SU0181_L002_R1_001	91.84597482499015	58.0	257.0	257	33.33333333333333	0.969374
M-25-0599_S35Sr1_SU0181-SU0181_L002_R2_001	89.63471642380141	56.0	257.0	257	33.33333333333333	0.969374
M-25-0600_S35Dr1_SU0098-SU0098_L002_R1_001	90.38682983926196	59.0	257.0	257	50.0	0.527131
M-25-0600_S35Dr1_SU0098-SU0098_L002_R2_001	87.42475779265496	56.0	257.0	257	41.66666666666667	0.527131
M-25-0601_S43PRr1_SU0110-SU0110_L002_R1_001	95.62291957629562	59.0	257.0	257	50.0	0.534146
M-25-0601_S43PRr1_SU0110-SU0110_L002_R2_001	92.80458900749983	57.0	257.0	257	41.66666666666667	0.534146
M-25-0602_S43Sr1_SU0122-SU0122_L002_R1_001	91.42130324765056	58.0	257.0	257	50.0	0.6686679999999999
M-25-0602_S43Sr1_SU0122-SU0122_L002_R2_001	89.03925415901463	56.0	257.0	257	41.66666666666667	0.6686679999999999
M-25-0603_S43Dr1_SU0134-SU0134_L002_R1_001	92.32217043097872	58.0	257.0	257	50.0	0.5998439999999999
M-25-0603_S43Dr1_SU0134-SU0134_L002_R2_001	88.8847767086109	56.0	257.0	257	41.66666666666667	0.5998439999999999
M-25-0604_S53PRr1_SU0146-SU0146_L002_R1_001	90.13723436750011	64.0	257.0	257	58.333333333333336	0.183336
M-25-0604_S53PRr1_SU0146-SU0146_L002_R2_001	86.19965527774141	62.0	257.0	257	58.333333333333336	0.183336
M-25-0605_S53Sr1_SU0158-SU0158_L002_R1_001	90.08682298741952	68.0	257.0	257	50.0	0.253965
M-25-0605_S53Sr1_SU0158-SU0158_L002_R2_001	88.62677928060953	66.0	257.0	257	50.0	0.253965
M-25-0606_S53Dr1_SU0170-SU0170_L002_R1_001	89.9279812350452	69.0	257.0	257	58.333333333333336	0.169678
M-25-0606_S53Dr1_SU0170-SU0170_L002_R2_001	88.75222480227254	67.0	257.0	257	50.0	0.169678
M-25-0607_S46PRr1_SU0182-SU0182_L002_R1_001	92.46267837541164	57.0	257.0	257	41.66666666666667	0.5466
M-25-0607_S46PRr1_SU0182-SU0182_L002_R2_001	90.7319795096963	55.0	257.0	257	41.66666666666667	0.5466
M-25-0608_S46Sr1_SU0099-SU0099_L002_R1_001	88.93873312564901	59.0	257.0	257	58.333333333333336	0.0963
M-25-0608_S46Sr1_SU0099-SU0099_L002_R2_001	86.3343717549325	56.0	257.0	257	58.333333333333336	0.0963
M-25-0609_S46Dr1_SU0111-SU0111_L002_R1_001	92.5611027945882	57.0	257.0	257	50.0	0.704755
M-25-0609_S46Dr1_SU0111-SU0111_L002_R2_001	90.15274811814035	56.0	257.0	257	50.0	0.704755
M-25-0610_S47PRr1_SU0123-SU0123_L002_R1_001	92.61037223577556	57.0	257.0	257	50.0	0.648057
M-25-0610_S47PRr1_SU0123-SU0123_L002_R2_001	86.948524589658	55.0	257.0	257	41.66666666666667	0.648057
M-25-0611_S47Sr1_SU0135-SU0135_L002_R1_001	92.61863917106015	57.0	257.0	257	50.0	0.668034
M-25-0611_S47Sr1_SU0135-SU0135_L002_R2_001	89.13453506857435	56.0	257.0	257	41.66666666666667	0.668034
M-25-0612_S47Dr1_SU0147-SU0147_L002_R1_001	90.50573980860673	66.0	257.0	257	41.66666666666667	0.50263
M-25-0612_S47Dr1_SU0147-SU0147_L002_R2_001	88.74619501422518	63.0	257.0	257	41.66666666666667	0.50263
M-25-0613_S58PRr1_SU0159-SU0159_L002_R1_001	90.76706727644438	62.0	257.0	257	50.0	0.253863
M-25-0613_S58PRr1_SU0159-SU0159_L002_R2_001	88.4709469280675	60.0	257.0	257	58.333333333333336	0.253863
M-25-0614_S58Sr1_SU0171-SU0171_L002_R1_001	91.22388047442257	66.0	257.0	257	58.333333333333336	0.486992
M-25-0614_S58Sr1_SU0171-SU0171_L002_R2_001	89.88587081512632	64.0	257.0	257	50.0	0.486992
M-25-0615_S58Dr1_SU0183-SU0183_L002_R1_001	91.99174340771253	71.0	257.0	257	50.0	0.438922
M-25-0615_S58Dr1_SU0183-SU0183_L002_R2_001	91.00819735625008	69.0	257.0	257	58.333333333333336	0.438922
M-25-0616_S13PRr1_SU0100-SU0100_L002_R1_001	91.9132546833687	58.0	257.0	257	41.66666666666667	0.790083
M-25-0616_S13PRr1_SU0100-SU0100_L002_R2_001	88.86686588624234	56.0	257.0	257	50.0	0.790083
M-25-0617_S13Sr1_SU0112-SU0112_L002_R1_001	92.19976417638055	59.0	257.0	257	50.0	0.825193
M-25-0617_S13Sr1_SU0112-SU0112_L002_R2_001	89.28044711964353	57.0	257.0	257	41.66666666666667	0.825193
M-25-0618_S13Dr1_SU0124-SU0124_L002_R1_001	91.88621504428288	59.0	257.0	257	50.0	0.8574419999999999
M-25-0618_S13Dr1_SU0124-SU0124_L002_R2_001	89.12264619647743	57.0	257.0	257	33.33333333333333	0.8574419999999999
M-25-0619_S25PRr1_SU0136-SU0136_L002_R1_001	92.41793833313872	57.0	257.0	257	41.66666666666667	0.650852
M-25-0619_S25PRr1_SU0136-SU0136_L002_R2_001	90.0307596811564	55.0	257.0	257	50.0	0.650852
M-25-0620_S25Sr1_SU0148-SU0148_L002_R1_001	93.04031862226756	56.0	257.0	257	50.0	1.016627
M-25-0620_S25Sr1_SU0148-SU0148_L002_R2_001	90.9001039712697	54.0	257.0	257	41.66666666666667	1.016627
M-25-0621_S25Dr1_SU0160-SU0160_L002_R1_001	91.98199224014425	56.0	257.0	257	41.66666666666667	0.588413
M-25-0621_S25Dr1_SU0160-SU0160_L002_R2_001	88.8352228791682	54.0	257.0	257	41.66666666666667	0.588413
M-25-0622_S54PRr1_SU0172-SU0172_L002_R1_001	90.75242762636319	58.0	257.0	257	41.66666666666667	0.6041909999999999
M-25-0622_S54PRr1_SU0172-SU0172_L002_R2_001	89.1342307316726	55.0	257.0	257	41.66666666666667	0.6041909999999999
M-25-0623_S54Sr1_SU0184-SU0184_L002_R1_001	90.52658296389049	73.0	257.0	257	66.66666666666666	0.29549
M-25-0623_S54Sr1_SU0184-SU0184_L002_R2_001	89.61047751192933	70.0	257.0	257	50.0	0.29549
M-25-0624_S54Dr1_SU0101-SU0101_L002_R1_001	91.54004045146908	66.0	257.0	257	50.0	0.599731
M-25-0624_S54Dr1_SU0101-SU0101_L002_R2_001	89.43943201201873	63.0	257.0	257	50.0	0.599731
M-25-0625_S55PRr1_SU0113-SU0113_L002_R1_001	95.61564120575625	55.0	257.0	257	33.33333333333333	0.521034
M-25-0625_S55PRr1_SU0113-SU0113_L002_R2_001	91.67424774582848	55.0	257.0	257	50.0	0.521034
M-25-0626_S55Sr1_SU0125-SU0125_L002_R1_001	94.7527455858261	55.0	257.0	257	50.0	0.576835
M-25-0626_S55Sr1_SU0125-SU0125_L002_R2_001	91.64769821526086	54.0	257.0	257	41.66666666666667	0.576835
M-25-0627_S55Dr1_SU0137-SU0137_L002_R1_001	91.75499917971527	65.0	257.0	257	58.333333333333336	0.438872
M-25-0627_S55Dr1_SU0137-SU0137_L002_R2_001	90.09209974662316	63.0	257.0	257	50.0	0.438872
M-25-0628_S44PRr1_SU0149-SU0149_L002_R1_001	91.24172449446756	57.0	257.0	257	41.66666666666667	0.583197
M-25-0628_S44PRr1_SU0149-SU0149_L002_R2_001	88.65203353240844	55.0	257.0	257	41.66666666666667	0.583197
M-25-0629_S44Sr1_SU0161-SU0161_L002_R1_001	91.83523033821072	58.0	257.0	257	50.0	0.769195
M-25-0629_S44Sr1_SU0161-SU0161_L002_R2_001	88.65606250690658	57.0	257.0	257	41.66666666666667	0.769195
M-25-0630_S44Dr1_SU0173-SU0173_L002_R1_001	91.84576452615279	58.0	257.0	257	50.0	0.7697839999999999
M-25-0630_S44Dr1_SU0173-SU0173_L002_R2_001	88.91143489602278	56.0	257.0	257	50.0	0.7697839999999999
M-25-0631_S38PRr1_SU0185-SU0185_L002_R1_001	92.1586228097141	56.0	257.0	257	41.66666666666667	0.6506
M-25-0631_S38PRr1_SU0185-SU0185_L002_R2_001	89.40470335075315	54.0	257.0	257	50.0	0.6506
M-25-0632_S38Sr1_SU0102-SU0102_L002_R1_001	92.68944807303909	56.0	257.0	257	41.66666666666667	0.6773359999999999
M-25-0632_S38Sr1_SU0102-SU0102_L002_R2_001	90.6200172440266	54.0	257.0	257	41.66666666666667	0.6773359999999999
M-25-0633_S38Dr1_SU0114-SU0114_L002_R1_001	91.43715440609124	58.0	257.0	257	50.0	0.7167009999999999
M-25-0633_S38Dr1_SU0114-SU0114_L002_R2_001	88.60654582594415	56.0	257.0	257	50.0	0.7167009999999999
M-25-0634_S41PRr1_SU0126-SU0126_L002_R1_001	93.8991971439135	55.0	257.0	257	41.66666666666667	0.597741
M-25-0634_S41PRr1_SU0126-SU0126_L002_R2_001	91.38673773423606	53.0	257.0	257	50.0	0.597741
M-25-0635_S41Sr1_SU0138-SU0138_L002_R1_001	91.75080195341488	58.0	257.0	257	50.0	0.668368
M-25-0635_S41Sr1_SU0138-SU0138_L002_R2_001	89.11348239293324	56.0	257.0	257	41.66666666666667	0.668368
M-25-0636_S41Dr1_SU0150-SU0150_L002_R1_001	91.84818397854559	57.0	257.0	257	41.66666666666667	0.628682
M-25-0636_S41Dr1_SU0150-SU0150_L002_R2_001	88.46173423129659	56.0	257.0	257	41.66666666666667	0.628682
M-25-0637_S33PRr1_SU0162-SU0162_L002_R1_001	92.42031838115957	59.0	257.0	257	41.66666666666667	0.839811
M-25-0637_S33PRr1_SU0162-SU0162_L002_R2_001	89.60813802153103	58.0	257.0	257	33.33333333333333	0.839811
M-25-0638_S33Sr1_SU0174-SU0174_L002_R1_001	91.74006212401211	58.0	257.0	257	41.66666666666667	0.6103919999999999
M-25-0638_S33Sr1_SU0174-SU0174_L002_R2_001	89.9689052281157	56.0	257.0	257	41.66666666666667	0.6103919999999999
M-25-0639_S33Dr1_SU0186-SU0186_L002_R1_001	92.22298811385596	59.0	257.0	257	33.33333333333333	0.809514
M-25-0639_S33Dr1_SU0186-SU0186_L002_R2_001	88.63577405702681	57.0	257.0	257	41.66666666666667	0.809514
M-25-0640_S2Sr1_SU0115-SU0115_L002_R1_001	93.00072623631456	57.0	257.0	257	50.0	0.802769
M-25-0640_S2Sr1_SU0115-SU0115_L002_R2_001	90.71401611173326	55.0	257.0	257	50.0	0.802769
M-25-0641_S2Dr1_SU0127-SU0127_L002_R1_001	92.3694855025895	59.0	257.0	257	50.0	0.79359
M-25-0641_S2Dr1_SU0127-SU0127_L002_R2_001	89.32030393528144	57.0	257.0	257	50.0	0.79359
M-25-0642_S27PRr1_SU0139-SU0139_L002_R1_001	93.17584753781081	56.0	257.0	257	33.33333333333333	0.766249
M-25-0642_S27PRr1_SU0139-SU0139_L002_R2_001	89.46504334752802	54.0	257.0	257	41.66666666666667	0.766249
M-25-0643_S27Sr1_SU0151-SU0151_L002_R1_001	92.00535049347457	57.0	257.0	257	50.0	0.691525
M-25-0643_S27Sr1_SU0151-SU0151_L002_R2_001	90.00455514984998	55.0	257.0	257	41.66666666666667	0.691525
M-25-0644_S27Dr1_SU0163-SU0163_L002_R1_001	91.78487301226215	57.0	257.0	257	41.66666666666667	0.681365
M-25-0644_S27Dr1_SU0163-SU0163_L002_R2_001	89.40186243790039	55.0	257.0	257	50.0	0.681365
M-25-0645_S51PRr1_SU0175-SU0175_L002_R1_001	94.1108922646583	55.0	257.0	257	50.0	0.795078
M-25-0645_S51PRr1_SU0175-SU0175_L002_R2_001	92.05449025127095	53.0	257.0	257	41.66666666666667	0.795078
M-25-0646_S51Sr1_SU0187-SU0187_L002_R1_001	87.74105327131203	59.0	257.0	257	33.33333333333333	0.085562
M-25-0646_S51Sr1_SU0187-SU0187_L002_R2_001	85.00385685234099	58.0	257.0	257	41.66666666666667	0.085562
M-25-0647_S51Dr1_SU0104-SU0104_L002_R1_001	91.57534611173693	58.0	257.0	257	50.0	0.695079
M-25-0647_S51Dr1_SU0104-SU0104_L002_R2_001	89.21906718516888	56.0	257.0	257	50.0	0.695079
M-25-0648_S16PRr1_SU0116-SU0116_L002_R1_001	92.35992303703237	57.0	257.0	257	41.66666666666667	0.618999
M-25-0648_S16PRr1_SU0116-SU0116_L002_R2_001	90.59836930269677	54.0	257.0	257	50.0	0.618999
M-25-0649_S16Sr1_SU0128-SU0128_L002_R1_001	92.16499048654525	58.0	257.0	257	50.0	0.838812
M-25-0649_S16Sr1_SU0128-SU0128_L002_R2_001	89.86483264426356	56.0	257.0	257	33.33333333333333	0.838812
M-25-0650_S16Dr1_SU0140-SU0140_L002_R1_001	91.55773319245732	58.0	257.0	257	41.66666666666667	0.699433
M-25-0650_S16Dr1_SU0140-SU0140_L002_R2_001	89.06328411727785	56.0	257.0	257	50.0	0.699433
M-25-0651_S56PRr1_SU0152-SU0152_L002_R1_001	90.6819337238705	66.0	257.0	257	50.0	0.30095299999999997
M-25-0651_S56PRr1_SU0152-SU0152_L002_R2_001	87.9589171731134	64.0	257.0	257	58.333333333333336	0.30095299999999997
M-25-0652_S56Sr1_SU0164-SU0164_L002_R1_001	88.76151944257137	67.0	257.0	257	50.0	0.173511
M-25-0652_S56Sr1_SU0164-SU0164_L002_R2_001	87.09073199970031	64.0	257.0	257	50.0	0.173511
M-25-0653_S56Dr1_SU0176-SU0176_L002_R1_001	89.98742829068104	69.0	257.0	257	58.333333333333336	0.207609
M-25-0653_S56Dr1_SU0176-SU0176_L002_R2_001	87.9643946071702	67.0	257.0	257	58.333333333333336	0.207609
M-25-0654_S57PRr1_SU0188-SU0188_L002_R1_001	95.51167128447511	55.0	257.0	257	41.66666666666667	0.662652
M-25-0654_S57PRr1_SU0188-SU0188_L002_R2_001	91.92819156963233	54.0	257.0	257	41.66666666666667	0.662652
M-25-0655_S57Sr1_SU0105-SU0105_L002_R1_001	92.07791411251989	58.0	257.0	257	41.66666666666667	0.586954
M-25-0655_S57Sr1_SU0105-SU0105_L002_R2_001	88.94018952081424	56.0	257.0	257	41.66666666666667	0.586954
M-25-0656_S57Dr1_SU0117-SU0117_L002_R1_001	91.49252217262767	61.0	257.0	257	58.333333333333336	0.414024
M-25-0656_S57Dr1_SU0117-SU0117_L002_R2_001	89.2107703901223	59.0	257.0	257	50.0	0.414024
M-25-0657_S60PRr1_SU0129-SU0129_L002_R1_001	93.25276954682471	58.0	257.0	257	50.0	0.625012
M-25-0657_S60PRr1_SU0129-SU0129_L002_R2_001	91.59440138749336	55.0	257.0	257	41.66666666666667	0.625012
M-25-0658_S60Sr1_SU0141-SU0141_L002_R1_001	88.76382123937853	69.0	257.0	257	66.66666666666666	0.14063499999999998
M-25-0658_S60Sr1_SU0141-SU0141_L002_R2_001	85.39055000533295	66.0	257.0	257	50.0	0.14063499999999998
M-25-0659_S60Dr1_SU0153-SU0153_L002_R1_001	93.61867301521582	58.0	257.0	257	50.0	0.6762699999999999
M-25-0659_S60Dr1_SU0153-SU0153_L002_R2_001	90.91901163736378	56.0	257.0	257	50.0	0.6762699999999999
M-25-0660_S37PRr1_SU0165-SU0165_L002_R1_001	92.51007437300476	56.0	257.0	257	50.0	0.6878839999999999
M-25-0660_S37PRr1_SU0165-SU0165_L002_R2_001	89.65784928854283	55.0	257.0	257	50.0	0.6878839999999999
M-25-0661_S37Sr1_SU0177-SU0177_L002_R1_001	93.43376432010626	56.0	257.0	257	41.66666666666667	0.770944
M-25-0661_S37Sr1_SU0177-SU0177_L002_R2_001	91.18081209530135	54.0	257.0	257	41.66666666666667	0.770944
M-25-0662_S37Dr1_SU0189-SU0189_L002_R1_001	93.37389580751768	56.0	257.0	257	50.0	0.790057
M-25-0662_S37Dr1_SU0189-SU0189_L002_R2_001	91.27961653399691	54.0	257.0	257	41.66666666666667	0.790057
M-25-0663_S49PRr1_SU0106-SU0106_L002_R1_001	92.00992326084233	56.0	257.0	257	41.66666666666667	0.367218
M-25-0663_S49PRr1_SU0106-SU0106_L002_R2_001	88.3635878415546	54.0	257.0	257	50.0	0.367218
M-25-0664_S49Sr1_SU0118-SU0118_L002_R1_001	93.40030304730905	56.0	257.0	257	41.66666666666667	0.784036
M-25-0664_S49Sr1_SU0118-SU0118_L002_R2_001	91.24797840915468	55.0	257.0	257	41.66666666666667	0.784036
M-25-0665_S49Dr1_SU0130-SU0130_L002_R1_001	93.17170248849202	57.0	257.0	257	50.0	0.5778599999999999
M-25-0665_S49Dr1_SU0130-SU0130_L002_R2_001	89.97231163257537	56.0	257.0	257	41.66666666666667	0.5778599999999999
M-25-0666_S45PRr1_SU0142-SU0142_L002_R1_001	92.05181196888988	58.0	257.0	257	50.0	0.6275769999999999
M-25-0666_S45PRr1_SU0142-SU0142_L002_R2_001	88.6876032741799	56.0	257.0	257	50.0	0.6275769999999999
M-25-0667_S45Sr1_SU0154-SU0154_L002_R1_001	92.35183846750705	59.0	257.0	257	41.66666666666667	0.790033
M-25-0667_S45Sr1_SU0154-SU0154_L002_R2_001	89.7242267095172	57.0	257.0	257	41.66666666666667	0.790033
M-25-0668_S45Dr1_SU0166-SU0166_L002_R1_001	92.32646451265241	58.0	257.0	257	50.0	0.712592
M-25-0668_S45Dr1_SU0166-SU0166_L002_R2_001	90.01195635089925	55.0	257.0	257	50.0	0.712592
M-25-0669_S59PRr1_SU0178-SU0178_L002_R1_001	90.26787322645248	66.0	257.0	257	50.0	0.377492
M-25-0669_S59PRr1_SU0178-SU0178_L002_R2_001	88.42730441969631	64.0	257.0	257	50.0	0.377492
M-25-0670_S59Sr1_SU0190-SU0190_L002_R1_001	90.91854620494185	65.0	257.0	257	50.0	0.723981
M-25-0670_S59Sr1_SU0190-SU0190_L002_R2_001	89.96990252506626	63.0	257.0	257	58.333333333333336	0.723981
M-25-0671_S59Dr1_SU0107-SU0107_L002_R1_001	89.4154681951854	72.0	257.0	257	58.333333333333336	0.347526
M-25-0671_S59Dr1_SU0107-SU0107_L002_R2_001	87.91140806731008	71.0	257.0	257	41.66666666666667	0.347526
M-25-0672_S4PRr1_SU0119-SU0119_L002_R1_001	92.50491687197618	55.0	257.0	257	33.33333333333333	0.615737
M-25-0672_S4PRr1_SU0119-SU0119_L002_R2_001	90.4187989352597	54.0	257.0	257	41.66666666666667	0.615737
M-25-0673_S4Sr1_SU0131-SU0131_L002_R1_001	92.73469713263212	56.0	257.0	257	50.0	0.8025129999999999
M-25-0673_S4Sr1_SU0131-SU0131_L002_R2_001	91.06083016723717	54.0	257.0	257	50.0	0.8025129999999999
M-25-0674_S4Dr1_SU0143-SU0143_L002_R1_001	92.09313376098835	57.0	257.0	257	50.0	0.71553
M-25-0674_S4Dr1_SU0143-SU0143_L002_R2_001	90.30327170069738	55.0	257.0	257	50.0	0.71553
M-25-0675_S8PRr1_SU0155-SU0155_L002_R1_001	92.7073799177018	57.0	257.0	257	50.0	0.78009
M-25-0675_S8PRr1_SU0155-SU0155_L002_R2_001	90.46699739773615	55.0	257.0	257	50.0	0.78009
M-25-0676_S8Sr1_SU0167-SU0167_L002_R1_001	92.56000464066332	59.0	257.0	257	41.66666666666667	0.810229
M-25-0676_S8Sr1_SU0167-SU0167_L002_R2_001	89.6477415644219	58.0	257.0	257	41.66666666666667	0.810229
M-25-0677_S8Dr1_SU0179-SU0179_L002_R1_001	92.93980910533617	58.0	257.0	257	50.0	0.831139
M-25-0677_S8Dr1_SU0179-SU0179_L002_R2_001	89.25871605110578	56.0	257.0	257	50.0	0.831139
M-25-0678_S11PRr1_SU0191-SU0191_L002_R1_001	92.28793010844493	57.0	257.0	257	50.0	0.6441979999999999
M-25-0678_S11PRr1_SU0191-SU0191_L002_R2_001	90.95216067109801	55.0	257.0	257	41.66666666666667	0.6441979999999999
M-25-0679_S11Sr1_SU0108-SU0108_L002_R1_001	91.94975396511293	59.0	257.0	257	33.33333333333333	0.7757029999999999
M-25-0679_S11Sr1_SU0108-SU0108_L002_R2_001	88.8283273366224	57.0	257.0	257	50.0	0.7757029999999999
M-25-0680_S11Dr1_SU0120-SU0120_L002_R1_001	91.8681821114312	59.0	257.0	257	50.0	0.7130139999999999
M-25-0680_S11Dr1_SU0120-SU0120_L002_R2_001	88.55646593194524	58.0	257.0	257	41.66666666666667	0.7130139999999999
M-25-0681_S36Sr1_SU0132-SU0132_L002_R1_001	92.00099124145248	56.0	257.0	257	41.66666666666667	0.645655
M-25-0681_S36Sr1_SU0132-SU0132_L002_R2_001	88.66143683546166	54.0	257.0	257	50.0	0.645655
M-25-0682_S36PRr1_SU0144-SU0144_L002_R1_001	93.18146378154266	57.0	257.0	257	50.0	0.654114
M-25-0682_S36PRr1_SU0144-SU0144_L002_R2_001	90.69856324738501	55.0	257.0	257	50.0	0.654114
M-25-0683_S36Dr1_SU0156-SU0156_L002_R1_001	92.01419143306418	58.0	257.0	257	50.0	0.687457
M-25-0683_S36Dr1_SU0156-SU0156_L002_R2_001	88.00157682589602	55.0	257.0	257	41.66666666666667	0.687457
M-25-0684_SEB_SU0168-SU0168_L002_R1_001	77.9642106166588	62.0	257.0	257	58.333333333333336	0.023302999999999997
M-25-0684_SEB_SU0168-SU0168_L002_R2_001	75.86147706303909	60.0	257.0	257	58.333333333333336	0.023302999999999997
M-25-0685_S6PRr1_SU0193-SU0193_L002_R1_001	93.05800598075666	58.0	257.0	257	41.66666666666667	2.227184
M-25-0685_S6PRr1_SU0193-SU0193_L002_R2_001	92.38275282455743	57.0	257.0	257	50.0	2.227184
M-25-0686_S6Sr1_SU0205-SU0205_L002_R1_001	93.2443231743269	59.0	257.0	257	41.66666666666667	1.3076409999999998
M-25-0686_S6Sr1_SU0205-SU0205_L002_R2_001	90.00319542049533	57.0	257.0	257	33.33333333333333	1.3076409999999998
M-25-0687_S6Dr1_SU0217-SU0217_L002_R1_001	91.10288044322557	58.0	257.0	257	41.66666666666667	0.6501429999999999
M-25-0687_S6Dr1_SU0217-SU0217_L002_R2_001	89.8190090487785	56.0	257.0	257	41.66666666666667	0.6501429999999999
M-25-0688_S9PRr1_SU0229-SU0229_L002_R1_001	93.1665216387562	56.0	257.0	257	41.66666666666667	0.506799
M-25-0688_S9PRr1_SU0229-SU0229_L002_R2_001	91.33344777712664	54.0	257.0	257	50.0	0.506799
M-25-0689_S9Sr1_SU0241-SU0241_L002_R1_001	92.62525269227282	57.0	257.0	257	50.0	0.7499239999999999
M-25-0689_S9Sr1_SU0241-SU0241_L002_R2_001	89.90871074935593	55.0	257.0	257	50.0	0.7499239999999999
M-25-0690_S9Dr1_SU0253-SU0253_L002_R1_001	92.4434073807268	56.0	257.0	257	41.66666666666667	0.638555
M-25-0690_S9Dr1_SU0253-SU0253_L002_R2_001	90.85716970347111	54.0	257.0	257	41.66666666666667	0.638555
M-25-0691_S12PRr1_SU0265-SU0265_L002_R1_001	91.36154914148877	57.0	257.0	257	50.0	0.628064
M-25-0691_S12PRr1_SU0265-SU0265_L002_R2_001	89.59930835074132	56.0	257.0	257	50.0	0.628064
M-25-0692_S12Sr1_SU0277-SU0277_L002_R1_001	92.49991788656045	59.0	257.0	257	50.0	1.413427
M-25-0692_S12Sr1_SU0277-SU0277_L002_R2_001	89.98404380632874	58.0	257.0	257	50.0	1.413427
M-25-0693_S12Dr1_SU0194-SU0194_L002_R1_001	92.31872298234306	58.0	257.0	257	41.66666666666667	0.910747
M-25-0693_S12Dr1_SU0194-SU0194_L002_R2_001	89.9040018797756	56.0	257.0	257	41.66666666666667	0.910747
M-25-0694_S15PRr1_SU0206-SU0206_L002_R1_001	91.64230952282415	58.0	257.0	257	50.0	0.773216
M-25-0694_S15PRr1_SU0206-SU0206_L002_R2_001	88.26201216736332	57.0	257.0	257	41.66666666666667	0.773216
M-25-0695_S15Sr1_SU0218-SU0218_L002_R1_001	91.71198946509088	59.0	257.0	257	50.0	0.899106
M-25-0695_S15Sr1_SU0218-SU0218_L002_R2_001	88.8147658716133	57.0	257.0	257	41.66666666666667	0.899106
M-25-0696_S15Dr1_SU0230-SU0230_L002_R1_001	91.20089983067442	59.0	257.0	257	50.0	0.8232659999999999
M-25-0696_S15Dr1_SU0230-SU0230_L002_R2_001	88.56031950791117	57.0	257.0	257	41.66666666666667	0.8232659999999999
M-25-0697_S17PRr1_SU0242-SU0242_L002_R1_001	91.34384460999422	57.0	257.0	257	41.66666666666667	0.58794
M-25-0697_S17PRr1_SU0242-SU0242_L002_R2_001	88.47960676259483	55.0	257.0	257	41.66666666666667	0.58794
M-25-0698_S17Sr1_SU0009-SU0009_L002_R1_001	91.48346732055161	58.0	257.0	257	41.66666666666667	0.732035
M-25-0698_S17Sr1_SU0009-SU0009_L002_R2_001	89.32947195147773	56.0	257.0	257	41.66666666666667	0.732035
M-25-0699_S17Dr1_SU0021-SU0021_L002_R1_001	91.94341383190087	59.0	257.0	257	50.0	0.8123539999999999
M-25-0699_S17Dr1_SU0021-SU0021_L002_R2_001	89.57597303638562	57.0	257.0	257	41.66666666666667	0.8123539999999999
M-25-0700_S23PRr1_SU0278-SU0278_L002_R1_001	92.49292465167721	61.0	257.0	257	58.333333333333336	0.936703
M-25-0700_S23PRr1_SU0278-SU0278_L002_R2_001	89.42215408726139	59.0	257.0	257	58.333333333333336	0.936703
M-25-0701_S23Sr1_SU0195-SU0195_L002_R1_001	91.62994536542949	59.0	257.0	257	50.0	0.832623
M-25-0701_S23Sr1_SU0195-SU0195_L002_R2_001	89.2060392278378	57.0	257.0	257	50.0	0.832623
M-25-0702_S23Dr1_SU0033-SU0033_L002_R1_001	92.77965917528387	60.0	257.0	257	41.66666666666667	0.662628
M-25-0702_S23Dr1_SU0033-SU0033_L002_R2_001	87.3938318332458	58.0	257.0	257	50.0	0.662628
M-25-0703_S29PRr1_SU0045-SU0045_L002_R1_001	90.9390927940654	58.0	257.0	257	41.66666666666667	0.726318
M-25-0703_S29PRr1_SU0045-SU0045_L002_R2_001	88.20351416321776	56.0	257.0	257	41.66666666666667	0.726318
M-25-0704_S29Sr1_SU0057-SU0057_L002_R1_001	92.05794463271344	57.0	257.0	257	50.0	0.678993
M-25-0704_S29Sr1_SU0057-SU0057_L002_R2_001	89.31167184345053	55.0	257.0	257	41.66666666666667	0.678993
M-25-0705_S29Dr1_SU0243-SU0243_L002_R1_001	90.92583915609563	60.0	257.0	257	50.0	0.877161
M-25-0705_S29Dr1_SU0243-SU0243_L002_R2_001	88.8351169283632	58.0	257.0	257	50.0	0.877161
M-25-0706_S30PRr1_SU0255-SU0255_L002_R1_001	91.80847769524006	56.0	257.0	257	50.0	0.561898
M-25-0706_S30PRr1_SU0255-SU0255_L002_R2_001	90.49525002758507	55.0	257.0	257	50.0	0.561898
M-25-0707_S30Sr1_SU0069-SU0069_L002_R1_001	91.54722588751164	60.0	257.0	257	50.0	0.7927219999999999
M-25-0707_S30Sr1_SU0069-SU0069_L002_R2_001	89.21463009731028	58.0	257.0	257	41.66666666666667	0.7927219999999999
M-25-0708_S30Dr1_SU0279-SU0279_L002_R1_001	90.77676448481596	59.0	257.0	257	41.66666666666667	0.749043
M-25-0708_S30Dr1_SU0279-SU0279_L002_R2_001	87.31100884728914	57.0	257.0	257	41.66666666666667	0.749043
M-25-0709_S3PRr1_SU0196-SU0196_L002_R1_001	92.32337970486448	58.0	257.0	257	50.0	0.716891
M-25-0709_S3PRr1_SU0196-SU0196_L002_R2_001	90.30201243982697	55.0	257.0	257	50.0	0.716891
M-25-0710_S3Sr1_SU0081-SU0081_L002_R1_001	92.24772146088782	59.0	257.0	257	41.66666666666667	0.76255
M-25-0710_S3Sr1_SU0081-SU0081_L002_R2_001	89.96931348764015	57.0	257.0	257	50.0	0.76255
M-25-0711_S3Dr1_SU0093-SU0093_L002_R1_001	91.21036267046304	58.0	257.0	257	41.66666666666667	0.782501
M-25-0711_S3Dr1_SU0093-SU0093_L002_R2_001	88.4507495837066	57.0	257.0	257	33.33333333333333	0.782501
M-25-0712_S7PRr1_SU0232-SU0232_L002_R1_001	91.99715061224991	58.0	257.0	257	41.66666666666667	0.651368
M-25-0712_S7PRr1_SU0232-SU0232_L002_R2_001	89.11813291411306	56.0	257.0	257	50.0	0.651368
M-25-0713_S7Sr1_SU0244-SU0244_L002_R1_001	91.33475687115082	58.0	257.0	257	41.66666666666667	0.736194
M-25-0713_S7Sr1_SU0244-SU0244_L002_R2_001	88.94612018027857	56.0	257.0	257	33.33333333333333	0.736194
M-25-0714_S7Dr1_SU0256-SU0256_L002_R1_001	91.4826885066547	59.0	257.0	257	41.66666666666667	0.775092
M-25-0714_S7Dr1_SU0256-SU0256_L002_R2_001	88.13534393336533	56.0	257.0	257	41.66666666666667	0.775092
M-25-0715_S14PRr1_SU0268-SU0268_L002_R1_001	94.14891218214265	58.0	257.0	257	41.66666666666667	0.620876
M-25-0715_S14PRr1_SU0268-SU0268_L002_R2_001	91.7534258048306	56.0	257.0	257	41.66666666666667	0.620876
M-25-0716_S14Sr1_SU0010-SU0010_L002_R1_001	90.99287221320022	60.0	257.0	257	50.0	0.691519
M-25-0716_S14Sr1_SU0010-SU0010_L002_R2_001	89.17846075089766	59.0	257.0	257	41.66666666666667	0.691519
M-25-0717_S14Dr1_SU0197-SU0197_L002_R1_001	91.97928031732113	59.0	257.0	257	50.0	0.882639
M-25-0717_S14Dr1_SU0197-SU0197_L002_R2_001	89.96226090168234	57.0	257.0	257	41.66666666666667	0.882639
M-25-0718_S21PRr1_SU0209-SU0209_L002_R1_001	92.0804569327284	56.0	257.0	257	50.0	0.587395
M-25-0718_S21PRr1_SU0209-SU0209_L002_R2_001	90.07482188305995	54.0	257.0	257	41.66666666666667	0.587395
M-25-0719_S21Sr1_SU0221-SU0221_L002_R1_001	92.04704801338269	57.0	257.0	257	50.0	0.709573
M-25-0719_S21Sr1_SU0221-SU0221_L002_R2_001	90.01765850729946	55.0	257.0	257	50.0	0.709573
M-25-0720_S21Dr1_SU0022-SU0022_L002_R1_001	92.03409074651867	57.0	257.0	257	41.66666666666667	0.7688889999999999
M-25-0720_S21Dr1_SU0022-SU0022_L002_R2_001	89.9496546315528	55.0	257.0	257	50.0	0.7688889999999999
M-25-0721_S31PRr1_SU0034-SU0034_L002_R1_001	91.4579113811605	57.0	257.0	257	50.0	0.422145
M-25-0721_S31PRr1_SU0034-SU0034_L002_R2_001	89.78668466995937	55.0	257.0	257	50.0	0.422145
M-25-0722_S31Sr1_SU0257-SU0257_L002_R1_001	91.92305828770773	59.0	257.0	257	33.33333333333333	0.82556
M-25-0722_S31Sr1_SU0257-SU0257_L002_R2_001	89.38986869518872	57.0	257.0	257	41.66666666666667	0.82556
M-25-0723_S31Dr1_SU0269-SU0269_L002_R1_001	90.74490948275215	59.0	257.0	257	41.66666666666667	0.666779
M-25-0723_S31Dr1_SU0269-SU0269_L002_R2_001	88.98765558003477	57.0	257.0	257	41.66666666666667	0.666779
M-25-0724_S48PRr1_SU0281-SU0281_L002_R1_001	90.38185529001251	58.0	257.0	257	41.66666666666667	0.60756
M-25-0724_S48PRr1_SU0281-SU0281_L002_R2_001	88.60952004740273	56.0	257.0	257	41.66666666666667	0.60756
M-25-0725_S48Sr1_SU0198-SU0198_L002_R1_001	92.02318011908824	58.0	257.0	257	41.66666666666667	0.803102
M-25-0725_S48Sr1_SU0198-SU0198_L002_R2_001	90.01845344676019	56.0	257.0	257	50.0	0.803102
M-25-0726_S48Dr1_SU0046-SU0046_L002_R1_001	88.07805349199582	71.0	257.0	257	58.333333333333336	0.265049
M-25-0726_S48Dr1_SU0046-SU0046_L002_R2_001	87.5441899422371	69.0	257.0	257	41.66666666666667	0.265049
M-25-0727_S32PRr1_SU0222-SU0222_L002_R1_001	92.26156891941068	56.0	257.0	257	50.0	0.599062
M-25-0727_S32PRr1_SU0222-SU0222_L002_R2_001	90.1823183576992	55.0	257.0	257	41.66666666666667	0.599062
M-25-0728_S32Sr1_SU0058-SU0058_L002_R1_001	92.33551985134314	59.0	257.0	257	50.0	0.8599669999999999
M-25-0728_S32Sr1_SU0058-SU0058_L002_R2_001	88.50665199943718	57.0	257.0	257	50.0	0.8599669999999999
M-25-0729_S32Dr1_SU0070-SU0070_L002_R1_001	90.98297886893566	59.0	257.0	257	50.0	0.6725169999999999
M-25-0729_S32Dr1_SU0070-SU0070_L002_R2_001	88.40862015383998	57.0	257.0	257	50.0	0.6725169999999999
M-25-0730_S39PRr1_SU0258-SU0258_L002_R1_001	92.75645578901542	55.0	257.0	257	41.66666666666667	0.43643
M-25-0730_S39PRr1_SU0258-SU0258_L002_R2_001	89.50759571981762	54.0	257.0	257	50.0	0.43643
M-25-0731_S39Sr1_SU0082-SU0082_L002_R1_001	92.08188092692524	56.0	257.0	257	41.66666666666667	0.632284
M-25-0731_S39Sr1_SU0082-SU0082_L002_R2_001	90.72030922813167	54.0	257.0	257	41.66666666666667	0.632284
M-25-0732_S39Dr1_SU0282-SU0282_L002_R1_001	90.39416251905482	65.0	257.0	257	41.66666666666667	0.9505469999999999
M-25-0732_S39Dr1_SU0282-SU0282_L002_R2_001	88.58774804568644	63.0	257.0	257	50.0	0.9505469999999999
M-25-0733_S50PRr1_SU0199-SU0199_L002_R1_001	93.50108747317326	56.0	257.0	257	41.66666666666667	0.6248429999999999
M-25-0733_S50PRr1_SU0199-SU0199_L002_R2_001	90.41503225610273	53.0	257.0	257	50.0	0.6248429999999999
M-25-0734_S50Sr1_SU0211-SU0211_L002_R1_001	92.87113869784201	59.0	257.0	257	33.33333333333333	0.8364729999999999
M-25-0734_S50Sr1_SU0211-SU0211_L002_R2_001	89.81222346686624	58.0	257.0	257	41.66666666666667	0.8364729999999999
M-25-0735_S50Dr1_SU0223-SU0223_L002_R1_001	92.59959432321608	58.0	257.0	257	50.0	0.8918429999999999
M-25-0735_S50Dr1_SU0223-SU0223_L002_R2_001	89.79383142548633	56.0	257.0	257	50.0	0.8918429999999999
M-25-0736_S1PRr1_SU0235-SU0235_L002_R1_001	93.78599167337228	55.0	257.0	257	50.0	0.57166
M-25-0736_S1PRr1_SU0235-SU0235_L002_R2_001	91.7094076898856	54.0	257.0	257	50.0	0.57166
M-25-0737_S1Sr1_SU0247-SU0247_L002_R1_001	91.76370996806665	57.0	257.0	257	41.66666666666667	0.596555
M-25-0737_S1Sr1_SU0247-SU0247_L002_R2_001	90.4567055845647	55.0	257.0	257	41.66666666666667	0.596555
M-25-0738_S1Dr1_SU0259-SU0259_L002_R1_001	92.3346871805519	57.0	257.0	257	50.0	0.693579
M-25-0738_S1Dr1_SU0259-SU0259_L002_R2_001	89.98989300425762	55.0	257.0	257	41.66666666666667	0.693579
M-25-0739_S5PRr1_SU0271-SU0271_L002_R1_001	92.55812358458338	58.0	257.0	257	50.0	0.758169
M-25-0739_S5PRr1_SU0271-SU0271_L002_R2_001	89.69253556924643	56.0	257.0	257	41.66666666666667	0.758169
M-25-0740_S5Sr1_SU0094-SU0094_L002_R1_001	91.26085530412392	58.0	257.0	257	50.0	0.570113
M-25-0740_S5Sr1_SU0094-SU0094_L002_R2_001	88.69048767525035	56.0	257.0	257	50.0	0.570113
M-25-0741_S5Dr1_SU0200-SU0200_L002_R1_001	92.35842772361003	59.0	257.0	257	50.0	0.7611129999999999
M-25-0741_S5Dr1_SU0200-SU0200_L002_R2_001	88.89652390643703	57.0	257.0	257	50.0	0.7611129999999999
M-25-0742_S10PRr1_SU0212-SU0212_L002_R1_001	95.63424402803605	55.0	257.0	257	41.66666666666667	0.6990999999999999
M-25-0742_S10PRr1_SU0212-SU0212_L002_R2_001	92.90831068516664	54.0	257.0	257	50.0	0.6990999999999999
M-25-0743_S10Sr1_SU0224-SU0224_L002_R1_001	92.23866674462238	57.0	257.0	257	50.0	0.752564
M-25-0743_S10Sr1_SU0224-SU0224_L002_R2_001	89.34256754242828	55.0	257.0	257	41.66666666666667	0.752564
M-25-0744_S10Dr1_SU0236-SU0236_L002_R1_001	92.58358903783514	57.0	257.0	257	50.0	0.7309869999999999
M-25-0744_S10Dr1_SU0236-SU0236_L002_R2_001	90.12308016421633	55.0	257.0	257	41.66666666666667	0.7309869999999999
M-25-0745_S20PRr1_SU0011-SU0011_L002_R1_001	91.80584943557136	57.0	257.0	257	50.0	0.558618
M-25-0745_S20PRr1_SU0011-SU0011_L002_R2_001	89.52736932930911	54.0	257.0	257	50.0	0.558618
M-25-0746_S20Sr1_SU0260-SU0260_L002_R1_001	91.59763906485452	58.0	257.0	257	41.66666666666667	0.758513
M-25-0746_S20Sr1_SU0260-SU0260_L002_R2_001	89.38989839330374	55.0	257.0	257	50.0	0.758513
M-25-0747_S20Dr1_SU0272-SU0272_L002_R1_001	91.7448750092952	58.0	257.0	257	50.0	0.712733
M-25-0747_S20Dr1_SU0272-SU0272_L002_R2_001	89.96987651757391	56.0	257.0	257	41.66666666666667	0.712733
M-25-0748_S24PRr1_SU0284-SU0284_L002_R1_001	91.5080151393116	58.0	257.0	257	50.0	0.7014849999999999
M-25-0748_S24PRr1_SU0284-SU0284_L002_R2_001	88.75157701162534	56.0	257.0	257	50.0	0.7014849999999999
M-25-0749_S24Sr1_SU0201-SU0201_L002_R1_001	91.65795973275695	58.0	257.0	257	41.66666666666667	0.752274
M-25-0749_S24Sr1_SU0201-SU0201_L002_R2_001	89.2337100577715	56.0	257.0	257	41.66666666666667	0.752274
M-25-0750_S24Dr1_SU0023-SU0023_L002_R1_001	92.43392161425686	59.0	257.0	257	33.33333333333333	0.7992779999999999
M-25-0750_S24Dr1_SU0023-SU0023_L002_R2_001	89.63289368655211	57.0	257.0	257	50.0	0.7992779999999999
M-25-0751_S34PRr1_SU0035-SU0035_L002_R1_001	92.45928716582999	57.0	257.0	257	50.0	0.538835
M-25-0751_S34PRr1_SU0035-SU0035_L002_R2_001	89.98506036170627	55.0	257.0	257	50.0	0.538835
M-25-0752_S34Sr1_SU0047-SU0047_L002_R1_001	92.95005729837159	56.0	257.0	257	50.0	0.7356229999999999
M-25-0752_S34Sr1_SU0047-SU0047_L002_R2_001	90.84177629030087	55.0	257.0	257	50.0	0.7356229999999999
M-25-0754_S40Sr1_SU0273-SU0273_L002_R1_001	91.99106325362413	60.0	257.0	257	41.66666666666667	0.875934
M-25-0754_S40Sr1_SU0273-SU0273_L002_R2_001	89.4420127543856	58.0	257.0	257	41.66666666666667	0.875934
M-25-0755_S40Dr1_SU0285-SU0285_L002_R1_001	90.44916175056746	59.0	257.0	257	41.66666666666667	0.703132
M-25-0755_S40Dr1_SU0285-SU0285_L002_R2_001	88.71577456295546	57.0	257.0	257	41.66666666666667	0.703132
M-25-0756_S52PRr1_SU0083-SU0083_L002_R1_001	93.32593312057722	56.0	257.0	257	50.0	0.5621459999999999
M-25-0756_S52PRr1_SU0083-SU0083_L002_R2_001	90.54622820406087	55.0	257.0	257	41.66666666666667	0.5621459999999999
M-25-0757_S52Sr1_SU0095-SU0095_L002_R1_001	90.36625533792206	62.0	257.0	257	50.0	0.23347099999999998
M-25-0757_S52Sr1_SU0095-SU0095_L002_R2_001	87.73809166877257	61.0	257.0	257	50.0	0.23347099999999998
M-25-0758_S52Dr1_SU0012-SU0012_L002_R1_001	90.03878997996561	67.0	257.0	257	58.333333333333336	0.35189499999999996
M-25-0758_S52Dr1_SU0012-SU0012_L002_R2_001	88.35504909134828	65.0	257.0	257	50.0	0.35189499999999996
M-25-0759_S19PRr1_SU0024-SU0024_L002_R1_001	90.87572175826931	57.0	257.0	257	41.66666666666667	0.574292
M-25-0759_S19PRr1_SU0024-SU0024_L002_R2_001	89.63192940176774	55.0	257.0	257	41.66666666666667	0.574292
M-25-0760_S19Sr1_SU0036-SU0036_L002_R1_001	91.53889244030869	58.0	257.0	257	50.0	0.758695
M-25-0760_S19Sr1_SU0036-SU0036_L002_R2_001	89.54968729199481	56.0	257.0	257	50.0	0.758695
M-25-0761_S19Dr1_SU0048-SU0048_L002_R1_001	88.36877321408033	60.0	257.0	257	41.66666666666667	0.295618
M-25-0761_S19Dr1_SU0048-SU0048_L002_R2_001	85.96702501200875	58.0	257.0	257	50.0	0.295618
M-25-0762_S26PRr1_SU0274-SU0274_L002_R1_001	92.54611517499255	56.0	257.0	257	50.0	0.416132
M-25-0762_S26PRr1_SU0274-SU0274_L002_R2_001	90.02984629877058	54.0	257.0	257	50.0	0.416132
M-25-0763_S26Sr1_SU0286-SU0286_L002_R1_001	91.68075995402212	57.0	257.0	257	50.0	0.849104
M-25-0763_S26Sr1_SU0286-SU0286_L002_R2_001	89.70079048031808	55.0	257.0	257	50.0	0.849104
M-25-0764_S26Dr1_SU0203-SU0203_L002_R1_001	92.1988270724362	56.0	257.0	257	41.66666666666667	0.7886249999999999
M-25-0764_S26Dr1_SU0203-SU0203_L002_R2_001	90.58513235061024	54.0	257.0	257	41.66666666666667	0.7886249999999999
M-25-0765_S42PRr1_SU0215-SU0215_L002_R1_001	92.8694442128385	57.0	257.0	257	50.0	0.695626
M-25-0765_S42PRr1_SU0215-SU0215_L002_R2_001	89.99189219494383	55.0	257.0	257	41.66666666666667	0.695626
M-25-0766_S42Sr1_SU0227-SU0227_L002_R1_001	92.73949265548065	57.0	257.0	257	50.0	0.727277
M-25-0766_S42Sr1_SU0227-SU0227_L002_R2_001	89.99913375508919	56.0	257.0	257	41.66666666666667	0.727277
M-25-0767_S42Dr1_SU0060-SU0060_L002_R1_001	92.350920096805	60.0	257.0	257	50.0	0.511957
M-25-0767_S42Dr1_SU0060-SU0060_L002_R2_001	88.750031740947	57.0	257.0	257	58.333333333333336	0.511957
M-25-0770_EB1_SU0216-SU0216_L002_R1_001	88.61460136442318	61.0	257.0	257	50.0	0.245525
M-25-0770_EB1_SU0216-SU0216_L002_R2_001	86.19733224722533	58.0	257.0	257	50.0	0.245525
M-25-0771_EB2_SU0228-SU0228_L002_R1_001	90.18704628290052	58.0	257.0	257	41.66666666666667	0.23293699999999998
M-25-0771_EB2_SU0228-SU0228_L002_R2_001	86.5933707397279	56.0	257.0	257	50.0	0.23293699999999998
M-25-0772_EB3_SU0240-SU0240_L002_R1_001	81.71397379912663	65.0	257.0	257	58.333333333333336	0.042136
M-25-0772_EB3_SU0240-SU0240_L002_R2_001	78.52430225935068	62.0	257.0	257	58.333333333333336	0.042136
M-25-0773_EB4_SU0252-SU0252_L002_R1_001	82.0600786545059	66.0	257.0	257	58.333333333333336	0.035852999999999996
M-25-0773_EB4_SU0252-SU0252_L002_R2_001	79.98214933199453	63.0	257.0	257	58.333333333333336	0.035852999999999996
M-25-0774_EB5_SU0264-SU0264_L002_R1_001	82.67282248319029	62.0	257.0	257	58.333333333333336	0.032272999999999996
M-25-0774_EB5_SU0264-SU0264_L002_R2_001	79.98636631239737	60.0	257.0	257	58.333333333333336	0.032272999999999996
M-25-0775_F15PRr1_SU0545-SU0545_L002_R1_001	93.27954278029921	55.0	257.0	257	41.66666666666667	0.5949
M-25-0775_F15PRr1_SU0545-SU0545_L002_R2_001	91.4283072785342	54.0	257.0	257	41.66666666666667	0.5949
M-25-0776_F20Sr3_SU0557-SU0557_L002_R1_001	92.55141828734284	58.0	257.0	257	50.0	1.0007139999999999
M-25-0776_F20Sr3_SU0557-SU0557_L002_R2_001	90.52376603105382	55.0	257.0	257	50.0	1.0007139999999999
M-25-0777_F24PRr3_SU0569-SU0569_L002_R1_001	91.70035787611481	57.0	257.0	257	41.66666666666667	0.616135
M-25-0777_F24PRr3_SU0569-SU0569_L002_R2_001	88.86883556363459	56.0	257.0	257	41.66666666666667	0.616135
M-25-0778_F31Sr2_SU0521-SU0521_L002_R1_001	91.46785155617887	58.0	257.0	257	50.0	0.74156
M-25-0778_F31Sr2_SU0521-SU0521_L002_R2_001	89.1807810561519	56.0	257.0	257	41.66666666666667	0.74156
M-25-0779_F31Sr3_SU0501-SU0501_L002_R1_001	92.10525149338743	58.0	257.0	257	41.66666666666667	0.676817
M-25-0779_F31Sr3_SU0501-SU0501_L002_R2_001	90.219069556468	56.0	257.0	257	50.0	0.676817
M-25-0780_F33Dr1_SU0513-SU0513_L002_R1_001	91.88211872693158	59.0	257.0	257	50.0	0.908168
M-25-0780_F33Dr1_SU0513-SU0513_L002_R2_001	88.93116831975834	57.0	257.0	257	50.0	0.908168
M-25-0781_F34Sr1_SU0525-SU0525_L002_R1_001	93.10994786699577	56.0	257.0	257	41.66666666666667	0.845146
M-25-0781_F34Sr1_SU0525-SU0525_L002_R2_001	90.94925610486236	55.0	257.0	257	50.0	0.845146
M-25-0782_F40Dr3_SU0576-SU0576_L002_R1_001	92.08048798063676	57.0	257.0	257	50.0	0.707733
M-25-0782_F40Dr3_SU0576-SU0576_L002_R2_001	90.07125568540678	56.0	257.0	257	41.66666666666667	0.707733
M-25-0784_F41Dr3_SU0502-SU0502_L002_R1_001	93.03510010283904	60.0	257.0	257	50.0	0.7565219999999999
M-25-0784_F41Dr3_SU0502-SU0502_L002_R2_001	89.5923714049294	57.0	257.0	257	41.66666666666667	0.7565219999999999
M-25-0785_F43Dr1_SU0355-SU0355_L002_R1_001	93.40630960176166	57.0	257.0	257	50.0	0.8750789999999999
M-25-0785_F43Dr1_SU0355-SU0355_L002_R2_001	89.50277632076647	55.0	257.0	257	41.66666666666667	0.8750789999999999
M-25-0786_F43Sr2_SU0526-SU0526_L002_R1_001	94.35879420070532	56.0	257.0	257	41.66666666666667	0.814099
M-25-0786_F43Sr2_SU0526-SU0526_L002_R2_001	91.10599570813869	54.0	257.0	257	50.0	0.814099
M-25-0787_F47PRr1_SU0538-SU0538_L002_R1_001	92.51957676552752	64.0	257.0	257	58.333333333333336	1.036305
M-25-0787_F47PRr1_SU0538-SU0538_L002_R2_001	90.33072238171755	63.0	257.0	257	50.0	1.036305
M-25-0788_F48PRr3_SU0550-SU0550_L002_R1_001	90.80562614079668	63.0	257.0	257	50.0	0.8382299999999999
M-25-0788_F48PRr3_SU0550-SU0550_L002_R2_001	88.54681889218949	61.0	257.0	257	58.333333333333336	0.8382299999999999
M-25-0789_F51Sr3_SU0562-SU0562_L002_R1_001	90.81936408931296	64.0	257.0	257	58.333333333333336	0.916418
M-25-0789_F51Sr3_SU0562-SU0562_L002_R2_001	89.22882352812799	62.0	257.0	257	58.333333333333336	0.916418
M-25-0790_F52Sr2_SU0574-SU0574_L002_R1_001	91.59290460604798	60.0	257.0	257	50.0	0.758633
M-25-0790_F52Sr2_SU0574-SU0574_L002_R2_001	88.39227927074093	59.0	257.0	257	58.333333333333336	0.758633
M-25-0791_F55Sr1_SU0491-SU0491_L002_R1_001	92.8498718280855	60.0	257.0	257	50.0	1.833874
M-25-0791_F55Sr1_SU0491-SU0491_L002_R2_001	91.10917456715731	57.0	257.0	257	50.0	1.833874
M-25-0792_F56Sr2_SU0019-SU0019_L002_R1_001	92.58491841016273	62.0	257.0	257	50.0	0.847961
M-25-0792_F56Sr2_SU0019-SU0019_L002_R2_001	90.1607503175264	61.0	257.0	257	50.0	0.847961
M-25-0793_F56Sr3_SU0031-SU0031_L002_R1_001	91.70725334151315	71.0	257.0	257	50.0	0.880215
M-25-0793_F56Sr3_SU0031-SU0031_L002_R2_001	90.89108910891089	70.0	257.0	257	50.0	0.880215
M-25-0794_F57Dr1_SU0043-SU0043_L002_R1_001	92.93269874380846	65.0	257.0	257	58.333333333333336	1.000962
M-25-0794_F57Dr1_SU0043-SU0043_L002_R2_001	91.06479566656876	64.0	257.0	257	50.0	1.000962
M-25-0795_F57Sr3_SU0055-SU0055_L002_R1_001	93.52933215511133	58.0	257.0	257	58.333333333333336	0.628065
M-25-0795_F57Sr3_SU0055-SU0055_L002_R2_001	90.34335618128696	57.0	257.0	257	50.0	0.628065
M-25-0796_F58Dr1_SU0563-SU0563_L002_R1_001	86.740967321845	75.0	257.0	257	50.0	0.165095
M-25-0796_F58Dr1_SU0563-SU0563_L002_R2_001	86.57681940700809	73.0	257.0	257	66.66666666666666	0.165095
M-25-0797_F58Sr3_SU0575-SU0575_L002_R1_001	93.69157588843612	57.0	257.0	257	50.0	0.923955
M-25-0797_F58Sr3_SU0575-SU0575_L002_R2_001	91.47177081134903	55.0	257.0	257	50.0	0.923955
M-25-0798_F59Dr2_SU0067-SU0067_L002_R1_001	91.51239155698495	68.0	257.0	257	58.333333333333336	0.44401199999999996
M-25-0798_F59Dr2_SU0067-SU0067_L002_R2_001	89.4315919389566	68.0	257.0	257	50.0	0.44401199999999996
M-25-0799_F59PRr1_SU0079-SU0079_L002_R1_001	91.54548471936502	66.0	257.0	257	50.0	0.593529
M-25-0799_F59PRr1_SU0079-SU0079_L002_R2_001	89.62662313046204	64.0	257.0	257	50.0	0.593529
M-25-0800_F59Sr3_SU0091-SU0091_L002_R1_001	91.0205815650986	71.0	257.0	257	50.0	0.480187
M-25-0800_F59Sr3_SU0091-SU0091_L002_R2_001	90.04616951312718	69.0	257.0	257	58.333333333333336	0.480187
M-25-0801_F60PRr1_SU0008-SU0008_L002_R1_001	90.61869785747942	65.0	257.0	257	50.0	0.901975
M-25-0801_F60PRr1_SU0008-SU0008_L002_R2_001	89.0440422406386	63.0	257.0	257	50.0	0.901975
M-25-0802_F60PRr2_SU0020-SU0020_L002_R1_001	92.66834771601651	65.0	257.0	257	58.333333333333336	0.7963279999999999
M-25-0802_F60PRr2_SU0020-SU0020_L002_R2_001	90.01341155905607	62.0	257.0	257	50.0	0.7963279999999999
M-25-0803_F60Sr3_SU0032-SU0032_L002_R1_001	90.86716944247267	65.0	257.0	257	58.333333333333336	0.967827
M-25-0803_F60Sr3_SU0032-SU0032_L002_R2_001	88.13449204027685	63.0	257.0	257	50.0	0.967827
M-25-0804_T1Dr1_SU0564-SU0564_L002_R1_001	74.16997285445814	57.0	257.0	257	50.0	0.004789
M-25-0804_T1Dr1_SU0564-SU0564_L002_R2_001	73.7314679473794	55.0	257.0	257	50.0	0.004789
M-25-0805_1Dr3_SU0289-SU0289_L002_R1_001	85.16387997682077	75.0	257.0	257	50.0	0.212259
M-25-0805_1Dr3_SU0289-SU0289_L002_R2_001	85.07201108080223	72.0	257.0	257	58.333333333333336	0.212259
M-25-0806_1Sr2_SU0301-SU0301_L002_R1_001	90.494470041895	61.0	257.0	257	58.333333333333336	0.5501849999999999
M-25-0806_1Sr2_SU0301-SU0301_L002_R2_001	89.57532466352227	59.0	257.0	257	50.0	0.5501849999999999
M-25-0807_2Dr2_SU0313-SU0313_L002_R1_001	87.99408490790586	62.0	257.0	257	58.333333333333336	0.394922
M-25-0807_2Dr2_SU0313-SU0313_L002_R2_001	87.55678336481634	60.0	257.0	257	58.333333333333336	0.394922
M-25-0808_2Sr1_SU0325-SU0325_L002_R1_001	87.76399587461019	61.0	257.0	257	58.333333333333336	0.32675699999999996
M-25-0808_2Sr1_SU0325-SU0325_L002_R2_001	87.26209384955793	59.0	257.0	257	50.0	0.32675699999999996
M-25-0809_2PRr1_SU0337-SU0337_L002_R1_001	87.64318891420753	58.0	257.0	257	41.66666666666667	0.194411
M-25-0809_2PRr1_SU0337-SU0337_L002_R2_001	85.1191547803365	56.0	257.0	257	41.66666666666667	0.194411
M-25-0810_3Dr3_SU0349-SU0349_L002_R1_001	89.66124561385038	65.0	257.0	257	41.66666666666667	0.6648769999999999
M-25-0810_3Dr3_SU0349-SU0349_L002_R2_001	89.20522141689365	63.0	257.0	257	58.333333333333336	0.6648769999999999
M-25-0811_3Sr1_SU0303-SU0303_L002_R1_001	90.73938214276967	64.0	257.0	257	41.66666666666667	0.939149
M-25-0811_3Sr1_SU0303-SU0303_L002_R2_001	90.03267852066072	63.0	257.0	257	58.333333333333336	0.939149
M-25-0812_3PRr2_SU0373-SU0373_L002_R1_001	90.38896075669622	75.0	257.0	257	66.66666666666666	0.7660669999999999
M-25-0812_3PRr2_SU0373-SU0373_L002_R2_001	89.67727365883141	73.0	257.0	257	58.333333333333336	0.7660669999999999
M-25-0813_4Dr1_SU0290-SU0290_L002_R1_001	86.37239909170953	67.0	257.0	257	50.0	0.43157999999999996
M-25-0813_4Dr1_SU0290-SU0290_L002_R2_001	84.98795124889939	64.0	257.0	257	58.333333333333336	0.43157999999999996
M-25-0814_5Dr2_SU0302-SU0302_L002_R1_001	88.42941302873601	61.0	257.0	257	41.66666666666667	0.358331
M-25-0814_5Dr2_SU0302-SU0302_L002_R2_001	87.35694092891768	60.0	257.0	257	41.66666666666667	0.358331
M-25-0815_5Sr2_SU0314-SU0314_L002_R1_001	89.22790156445288	69.0	257.0	257	58.333333333333336	0.46406
M-25-0815_5Sr2_SU0314-SU0314_L002_R2_001	87.08378226953411	66.0	257.0	257	50.0	0.46406
M-25-0816_6Dr3_SU0326-SU0326_L002_R1_001	86.69250645994832	62.0	257.0	257	58.333333333333336	0.27399599999999996
M-25-0816_6Dr3_SU0326-SU0326_L002_R2_001	86.47462006744624	60.0	257.0	257	58.333333333333336	0.27399599999999996
M-25-0817_6Sr1_SU0338-SU0338_L002_R1_001	89.41283095902223	61.0	257.0	257	58.333333333333336	0.454588
M-25-0817_6Sr1_SU0338-SU0338_L002_R2_001	87.50780926905242	58.0	257.0	257	50.0	0.454588
M-25-0818_6PRr1_SU0315-SU0315_L002_R1_001	88.21537870163662	59.0	257.0	257	58.333333333333336	0.202917
M-25-0818_6PRr1_SU0315-SU0315_L002_R2_001	87.20954873174746	57.0	257.0	257	58.333333333333336	0.202917
M-25-0819_7Dr1_SU0362-SU0362_L002_R1_001	89.5090219158987	61.0	257.0	257	58.333333333333336	0.51652
M-25-0819_7Dr1_SU0362-SU0362_L002_R2_001	87.13854255401533	59.0	257.0	257	50.0	0.51652
M-25-0821_7PRr2_SU0291-SU0291_L002_R1_001	86.96337261614765	62.0	257.0	257	50.0	0.22783499999999998
M-25-0821_7PRr2_SU0291-SU0291_L002_R2_001	86.21370728816908	60.0	257.0	257	50.0	0.22783499999999998
M-25-0822_8Sr2_SU0327-SU0327_L002_R1_001	89.94079376791441	60.0	257.0	257	50.0	0.563792
M-25-0822_8Sr2_SU0327-SU0327_L002_R2_001	88.70505434628373	57.0	257.0	257	50.0	0.563792
M-25-0823_8PRr1_SU0339-SU0339_L002_R1_001	85.76918900471581	63.0	257.0	257	50.0	0.257856
M-25-0823_8PRr1_SU0339-SU0339_L002_R2_001	85.73893956316704	61.0	257.0	257	50.0	0.257856
M-25-0824_8PRr2_SU0351-SU0351_L002_R1_001	91.23197919362836	59.0	257.0	257	50.0	0.641342
M-25-0824_8PRr2_SU0351-SU0351_L002_R2_001	88.72691949069295	57.0	257.0	257	41.66666666666667	0.641342
M-25-0825_11PRr1_SU0363-SU0363_L002_R1_001	87.0375143401509	61.0	257.0	257	50.0	0.197871
M-25-0825_11PRr1_SU0363-SU0363_L002_R2_001	86.28399310661997	59.0	257.0	257	50.0	0.197871
M-25-0826_12Sr2_SU0304-SU0304_L002_R1_001	91.3728440849565	61.0	257.0	257	50.0	0.600731
M-25-0826_12Sr2_SU0304-SU0304_L002_R2_001	89.84337415582016	60.0	257.0	257	50.0	0.600731
M-25-0827_14Dr2_SU0292-SU0292_L002_R1_001	89.14619250179473	63.0	257.0	257	58.333333333333336	0.746632
M-25-0827_14Dr2_SU0292-SU0292_L002_R2_001	87.06832817237944	61.0	257.0	257	50.0	0.746632
M-25-0828_16PRr1_SU0316-SU0316_L002_R1_001	87.9579344955351	62.0	257.0	257	50.0	0.20862699999999998
M-25-0828_16PRr1_SU0316-SU0316_L002_R2_001	86.93361837154347	60.0	257.0	257	50.0	0.20862699999999998
M-25-0829_17Dr2_SU0328-SU0328_L002_R1_001	90.5159238230582	58.0	257.0	257	41.66666666666667	0.596716
M-25-0829_17Dr2_SU0328-SU0328_L002_R2_001	88.5282110752854	56.0	257.0	257	50.0	0.596716
M-25-0830_17Sr1_SU0340-SU0340_L002_R1_001	89.88460266694824	61.0	257.0	257	50.0	0.35988699999999996
M-25-0830_17Sr1_SU0340-SU0340_L002_R2_001	88.21741268787147	59.0	257.0	257	50.0	0.35988699999999996
M-25-0831_17Sr2_SU0352-SU0352_L002_R1_001	91.89018591652236	57.0	257.0	257	41.66666666666667	0.722421
M-25-0831_17Sr2_SU0352-SU0352_L002_R2_001	89.47635796855296	55.0	257.0	257	50.0	0.722421
M-25-0832_17Sr3_SU0364-SU0364_L002_R1_001	91.39241444937404	58.0	257.0	257	41.66666666666667	0.7282529999999999
M-25-0832_17Sr3_SU0364-SU0364_L002_R2_001	90.49355100493922	56.0	257.0	257	50.0	0.7282529999999999
M-25-0833_17PRr3_SU0377-SU0377_L002_R1_001	89.47359308358679	68.0	257.0	257	50.0	0.6930759999999999
M-25-0833_17PRr3_SU0377-SU0377_L002_R2_001	88.02180424657614	66.0	257.0	257	50.0	0.6930759999999999
M-25-0834_18Dr2_SU0293-SU0293_L002_R1_001	86.76949066475669	67.0	257.0	257	50.0	1.048537
M-25-0834_18Dr2_SU0293-SU0293_L002_R2_001	86.53657971547116	65.0	257.0	257	58.333333333333336	1.048537
M-25-0835_21Sr3_SU0305-SU0305_L002_R1_001	90.29315718838387	59.0	257.0	257	41.66666666666667	0.45750199999999996
M-25-0835_21Sr3_SU0305-SU0305_L002_R2_001	88.15043431504125	57.0	257.0	257	50.0	0.45750199999999996
M-25-0836_22Dr3_SU0317-SU0317_L002_R1_001	90.49697076654347	58.0	257.0	257	41.66666666666667	0.498641
M-25-0836_22Dr3_SU0317-SU0317_L002_R2_001	88.9601938067668	56.0	257.0	257	50.0	0.498641
M-25-0837_23Dr3_SU0329-SU0329_L002_R1_001	89.47834310157135	62.0	257.0	257	58.333333333333336	0.545646
M-25-0837_23Dr3_SU0329-SU0329_L002_R2_001	88.37378080293817	60.0	257.0	257	50.0	0.545646
M-25-0838_23Sr3_SU0341-SU0341_L002_R1_001	91.31872599954822	58.0	257.0	257	50.0	0.6640499999999999
M-25-0838_23Sr3_SU0341-SU0341_L002_R2_001	89.90663353663128	57.0	257.0	257	41.66666666666667	0.6640499999999999
M-25-0839_23PRr1_SU0353-SU0353_L002_R1_001	91.34252182371742	58.0	257.0	257	58.333333333333336	0.395785
M-25-0839_23PRr1_SU0353-SU0353_L002_R2_001	89.26260469699459	57.0	257.0	257	58.333333333333336	0.395785
M-25-0840_24Sr2_SU0365-SU0365_L002_R1_001	92.17098121289767	57.0	257.0	257	58.333333333333336	0.409004
M-25-0840_24Sr2_SU0365-SU0365_L002_R2_001	89.91476855972068	56.0	257.0	257	50.0	0.409004
M-25-0841_26Sr1_SU0294-SU0294_L002_R1_001	91.20019703313567	59.0	257.0	257	58.333333333333336	0.7917449999999999
M-25-0841_26Sr1_SU0294-SU0294_L002_R2_001	89.43195094380135	58.0	257.0	257	58.333333333333336	0.7917449999999999
M-25-0842_27Dr2_SU0306-SU0306_L002_R1_001	91.653332069736	59.0	257.0	257	58.333333333333336	0.823047
M-25-0842_27Dr2_SU0306-SU0306_L002_R2_001	90.34016283395724	57.0	257.0	257	58.333333333333336	0.823047
M-25-0843_28Sr1_SU0318-SU0318_L002_R1_001	89.79711473617863	60.0	257.0	257	50.0	0.453754
M-25-0843_28Sr1_SU0318-SU0318_L002_R2_001	88.77916227735733	57.0	257.0	257	58.333333333333336	0.453754
M-25-0844_28PRr1_SU0330-SU0330_L002_R1_001	90.61618133361856	58.0	257.0	257	41.66666666666667	0.560955
M-25-0844_28PRr1_SU0330-SU0330_L002_R2_001	88.77360929129787	56.0	257.0	257	50.0	0.560955
M-25-0845_30Sr2_SU0342-SU0342_L002_R1_001	90.42420990904441	60.0	257.0	257	50.0	0.8014899999999999
M-25-0845_30Sr2_SU0342-SU0342_L002_R2_001	89.28782642328663	58.0	257.0	257	50.0	0.8014899999999999
M-25-0846_31Sr3_SU0354-SU0354_L002_R1_001	90.0369933210502	60.0	257.0	257	58.333333333333336	0.5557759999999999
M-25-0846_31Sr3_SU0354-SU0354_L002_R2_001	88.92917290419162	58.0	257.0	257	58.333333333333336	0.5557759999999999
M-25-0847_32Dr3_SU0366-SU0366_L002_R1_001	57.0940170940171	58.0	257.0	257	41.66666666666667	0.000585
M-25-0847_32Dr3_SU0366-SU0366_L002_R2_001	52.991452991452995	57.0	257.0	257	50.0	0.000585
M-25-0848_33Dr3_SU0378-SU0378_L002_R1_001	92.03685321194949	57.0	257.0	257	41.66666666666667	0.712231
M-25-0848_33Dr3_SU0378-SU0378_L002_R2_001	90.56457806526254	55.0	257.0	257	50.0	0.712231
M-25-0849_35PRr3_SU0295-SU0295_L002_R1_001	87.63465501115992	64.0	257.0	257	50.0	0.26837099999999997
M-25-0849_35PRr3_SU0295-SU0295_L002_R2_001	87.22291156645092	62.0	257.0	257	50.0	0.26837099999999997
M-25-0850_36Sr2_SU0307-SU0307_L002_R1_001	89.83946996138322	61.0	257.0	257	58.333333333333336	0.5492429999999999
M-25-0850_36Sr2_SU0307-SU0307_L002_R2_001	87.79866106623116	59.0	257.0	257	50.0	0.5492429999999999
M-25-0851_38PRr3_SU0319-SU0319_L002_R1_001	88.1940080167729	59.0	257.0	257	58.333333333333336	0.189353
M-25-0851_38PRr3_SU0319-SU0319_L002_R2_001	87.17527580761858	57.0	257.0	257	50.0	0.189353
M-25-0852_39Dr3_SU0331-SU0331_L002_R1_001	90.77402436175072	59.0	257.0	257	58.333333333333336	0.573522
M-25-0852_39Dr3_SU0331-SU0331_L002_R2_001	88.8323377307235	57.0	257.0	257	58.333333333333336	0.573522
M-25-0853_39PRr2_SU0343-SU0343_L002_R1_001	88.97512726863815	66.0	257.0	257	50.0	0.426853
M-25-0853_39PRr2_SU0343-SU0343_L002_R2_001	87.52615068887884	63.0	257.0	257	50.0	0.426853
M-25-0854_41Dr1_SU0367-SU0367_L002_R1_001	88.26810650390874	69.0	257.0	257	58.333333333333336	0.369301
M-25-0854_41Dr1_SU0367-SU0367_L002_R2_001	86.7717661203192	65.0	257.0	257	58.333333333333336	0.369301
M-25-0855_42Sr3_SU0308-SU0308_L002_R1_001	89.80800458496513	63.0	257.0	257	58.333333333333336	0.575795
M-25-0855_42Sr3_SU0308-SU0308_L002_R2_001	88.9785427105133	61.0	257.0	257	58.333333333333336	0.575795
M-25-0856_48PRr3_SU0320-SU0320_L002_R1_001	23.33333333333333	61.0	257.0	257	50.0	5.9999999999999995e-05
M-25-0856_48PRr3_SU0320-SU0320_L002_R2_001	23.33333333333333	59.0	257.0	257	50.0	5.9999999999999995e-05
M-25-0857_50Sr2_SU0332-SU0332_L002_R1_001	90.09506646654428	61.0	257.0	257	58.333333333333336	0.8001769999999999
M-25-0857_50Sr2_SU0332-SU0332_L002_R2_001	88.82684706008796	59.0	257.0	257	50.0	0.8001769999999999
M-25-0858_53Sr3_SU0368-SU0368_L002_R1_001	91.24254327359225	74.0	257.0	257	58.333333333333336	1.5059829999999998
M-25-0858_53Sr3_SU0368-SU0368_L002_R2_001	90.52884648666657	72.0	257.0	257	58.333333333333336	1.5059829999999998
M-25-0859_53PRr1_SU0297-SU0297_L002_R1_001	89.38633027500603	60.0	257.0	257	58.333333333333336	0.41079099999999996
M-25-0859_53PRr1_SU0297-SU0297_L002_R2_001	87.76750220915258	59.0	257.0	257	50.0	0.41079099999999996
M-25-0860_55Sr1_SU0309-SU0309_L002_R1_001	93.48493759393583	56.0	257.0	257	41.66666666666667	0.16833299999999998
M-25-0860_55Sr1_SU0309-SU0309_L002_R2_001	90.3221590537803	55.0	257.0	257	41.66666666666667	0.16833299999999998
M-25-0861_61Sr2_SU0357-SU0357_L002_R1_001	88.54505018933702	68.0	257.0	257	58.333333333333336	0.415925
M-25-0861_61Sr2_SU0357-SU0357_L002_R2_001	87.18230450201358	66.0	257.0	257	41.66666666666667	0.415925
M-25-0862_T2Dr2_SU0381-SU0381_L002_R1_001	85.70078278928591	66.0	257.0	257	50.0	0.300464
M-25-0862_T2Dr2_SU0381-SU0381_L002_R2_001	85.38593641833964	64.0	257.0	257	41.66666666666667	0.300464
M-25-0863_T2PRr1_SU0298-SU0298_L002_R1_001	84.67167704530814	64.0	257.0	257	50.0	0.116425
M-25-0863_T2PRr1_SU0298-SU0298_L002_R2_001	83.50611981962636	62.0	257.0	257	50.0	0.116425
M-25-0864_T3Dr2_SU0310-SU0310_L002_R1_001	88.08532285103185	73.0	257.0	257	66.66666666666666	0.432475
M-25-0864_T3Dr2_SU0310-SU0310_L002_R2_001	87.98913231978727	71.0	257.0	257	58.333333333333336	0.432475
M-25-0865_T5Sr3_SU0334-SU0334_L002_R1_001	91.41333741077011	62.0	257.0	257	50.0	0.810967
M-25-0865_T5Sr3_SU0334-SU0334_L002_R2_001	89.94126764714224	59.0	257.0	257	58.333333333333336	0.810967
M-25-0866_T6PRr2_SU0358-SU0358_L002_R1_001	87.49023408155293	66.0	257.0	257	58.333333333333336	0.26623199999999997
M-25-0866_T6PRr2_SU0358-SU0358_L002_R2_001	86.44077346074101	64.0	257.0	257	50.0	0.26623199999999997
M-25-0867_T7PRr2_SU0382-SU0382_L002_R1_001	89.75934139364367	61.0	257.0	257	58.333333333333336	0.495349
M-25-0867_T7PRr2_SU0382-SU0382_L002_R2_001	88.28220103401844	58.0	257.0	257	58.333333333333336	0.495349
M-25-0868_T8Dr1_SU0299-SU0299_L002_R1_001	85.89856487930362	64.0	257.0	257	50.0	0.18737099999999998
M-25-0868_T8Dr1_SU0299-SU0299_L002_R2_001	84.77459158567761	62.0	257.0	257	50.0	0.18737099999999998
M-25-0869_T8PRr1_SU0323-SU0323_L002_R1_001	88.06502335572944	73.0	257.0	257	58.333333333333336	0.47761299999999995
M-25-0869_T8PRr1_SU0323-SU0323_L002_R2_001	87.90799245414175	72.0	257.0	257	50.0	0.47761299999999995
M-25-0870_Neg-Ctrl-1-Trip2_SU0335-SU0335_L002_R1_001	92.60498444414203	57.0	257.0	257	50.0	0.426206
M-25-0870_Neg-Ctrl-1-Trip2_SU0335-SU0335_L002_R2_001	89.79343322243234	56.0	257.0	257	41.66666666666667	0.426206
M-25-0871_Neg-Ctrl-2-Trip2_SU0347-SU0347_L002_R1_001	92.67019074596075	58.0	257.0	257	50.0	0.435291
M-25-0871_Neg-Ctrl-2-Trip2_SU0347-SU0347_L002_R2_001	89.13324649487355	57.0	257.0	257	50.0	0.435291
M-25-0872_TMC1_SU0359-SU0359_L002_R1_001	92.1077300553486	57.0	257.0	257	41.66666666666667	0.368031
M-25-0872_TMC1_SU0359-SU0359_L002_R2_001	89.0607041254677	57.0	257.0	257	50.0	0.368031
M-25-0873_F1PRr2_SU0383-SU0383_L002_R1_001	82.91297926660332	71.0	257.0	257	66.66666666666666	0.087347
M-25-0873_F1PRr2_SU0383-SU0383_L002_R2_001	82.777885903351	69.0	257.0	257	58.333333333333336	0.087347
M-25-0874_Positive_SU0300-SU0300_L002_R1_001	95.49964233508537	54.0	257.0	257	41.66666666666667	0.19291799999999998
M-25-0874_Positive_SU0300-SU0300_L002_R2_001	93.01361200095377	53.0	257.0	257	41.66666666666667	0.19291799999999998
M-25-0875_NTC-2_SU0312-SU0312_L002_R1_001	88.35734822191483	77.0	257.0	257	58.333333333333336	0.35929099999999997
M-25-0875_NTC-2_SU0312-SU0312_L002_R2_001	88.02558371904668	76.0	257.0	257	58.333333333333336	0.35929099999999997
M-25-0876_S18PRr1_SU0324-SU0324_L002_R1_001	88.89206560405545	62.0	257.0	257	58.333333333333336	0.18187899999999999
M-25-0876_S18PRr1_SU0324-SU0324_L002_R2_001	86.24360151529314	59.0	257.0	257	50.0	0.18187899999999999
M-25-0877_S18Sr1_SU0336-SU0336_L002_R1_001	90.50400437510189	61.0	257.0	257	58.333333333333336	0.760668
M-25-0877_S18Sr1_SU0336-SU0336_L002_R2_001	89.38761719961929	59.0	257.0	257	58.333333333333336	0.760668
M-25-0878_S18Dr1_SU0348-SU0348_L002_R1_001	91.15716535063326	60.0	257.0	257	58.333333333333336	0.6814669999999999
M-25-0878_S18Dr1_SU0348-SU0348_L002_R2_001	89.07195799649872	58.0	257.0	257	58.333333333333336	0.6814669999999999
M-25-0880_3Sr3_UDP0293-UDP0293_L002_R1_001	84.87526253777983	59.0	257.0	257	41.66666666666667	0.039042
M-25-0880_3Sr3_UDP0293-UDP0293_L002_R2_001	82.37282926079607	56.0	257.0	257	41.66666666666667	0.039042
M-25-0881_4Dr2_UDP0294-UDP0294_L002_R1_001	92.60358649262781	59.0	257.0	257	50.0	0.841881
M-25-0881_4Dr2_UDP0294-UDP0294_L002_R2_001	90.40731409783568	57.0	257.0	257	50.0	0.841881
M-25-0882_7Dr2_UDP0297-UDP0297_L002_R1_001	91.47455323603151	59.0	257.0	257	50.0	0.710778
M-25-0882_7Dr2_UDP0297-UDP0297_L002_R2_001	86.90519402682695	57.0	257.0	257	33.33333333333333	0.710778
M-25-0883_8PRr3_UDP0298-UDP0298_L002_R1_001	90.81432446160434	59.0	257.0	257	41.66666666666667	0.6024379999999999
M-25-0883_8PRr3_UDP0298-UDP0298_L002_R2_001	88.30170075592841	57.0	257.0	257	41.66666666666667	0.6024379999999999
M-25-0884_10PRr3_UDP0300-UDP0300_L002_R1_001	92.61328743545612	58.0	257.0	257	50.0	0.72625
M-25-0884_10PRr3_UDP0300-UDP0300_L002_R2_001	89.86850258175559	56.0	257.0	257	50.0	0.72625
M-25-0885_11Dr1_UDP0301V2-UDP0301V2_L002_R1_001	92.12892355694228	61.0	257.0	257	50.0	0.80125
M-25-0885_11Dr1_UDP0301V2-UDP0301V2_L002_R2_001	89.06221528861154	59.0	257.0	257	50.0	0.80125
M-25-0886_11PRr2_UDP0302-UDP0302_L002_R1_001	95.02356180918808	56.0	257.0	257	41.66666666666667	1.7165489999999999
M-25-0886_11PRr2_UDP0302-UDP0302_L002_R2_001	92.14561136126403	54.0	257.0	257	50.0	1.7165489999999999
M-25-0887_12Dr2_UDP0303-UDP0303_L002_R1_001	93.5578038197476	57.0	257.0	257	41.66666666666667	0.8303689999999999
M-25-0887_12Dr2_UDP0303-UDP0303_L002_R2_001	91.9804327955403	55.0	257.0	257	50.0	0.8303689999999999
M-25-0888_12Dr3_UDP0309-UDP0309_L002_R1_001	91.35967707292308	58.0	257.0	257	50.0	0.5633469999999999
M-25-0888_12Dr3_UDP0309-UDP0309_L002_R2_001	87.59805235494287	56.0	257.0	257	50.0	0.5633469999999999
M-25-0889_19Dr3_UDP0311-UDP0311_L002_R1_001	86.00360645827035	63.0	257.0	257	58.333333333333336	0.095939
M-25-0889_19Dr3_UDP0311-UDP0311_L002_R2_001	82.30542323768228	60.0	257.0	257	58.333333333333336	0.095939
M-25-0890_19Sr1_UDP0313-UDP0313_L002_R1_001	92.82800733366668	56.0	257.0	257	50.0	0.65997
M-25-0890_19Sr1_UDP0313-UDP0313_L002_R2_001	91.51840235162204	55.0	257.0	257	50.0	0.65997
M-25-0891_19Sr3_UDP0318-UDP0318_L002_R1_001	93.69604302662918	56.0	257.0	257	50.0	0.7124889999999999
M-25-0891_19Sr3_UDP0318-UDP0318_L002_R2_001	90.97642209213055	55.0	257.0	257	41.66666666666667	0.7124889999999999
M-25-0892_20Dr1_UDP0320-UDP0320_L002_R1_001	94.03075862722945	56.0	257.0	257	50.0	0.864733
M-25-0892_20Dr1_UDP0320-UDP0320_L002_R2_001	90.84098791187569	54.0	257.0	257	50.0	0.864733
M-25-0893_20Sr1_UDP0322-UDP0322_L002_R1_001	95.19957750454516	55.0	257.0	257	50.0	0.6589419999999999
M-25-0893_20Sr1_UDP0322-UDP0322_L002_R2_001	91.42853240497647	54.0	257.0	257	41.66666666666667	0.6589419999999999
M-25-0894_20Sr3_UDP0323-UDP0323_L002_R1_001	94.33303472550416	56.0	257.0	257	50.0	0.850614
M-25-0894_20Sr3_UDP0323-UDP0323_L002_R2_001	91.27900551836673	55.0	257.0	257	50.0	0.850614
M-25-0895_22Sr1_UDP0324-UDP0324_L002_R1_001	83.6790345865775	65.0	257.0	257	50.0	0.08104299999999999
M-25-0895_22Sr1_UDP0324-UDP0324_L002_R2_001	81.53202620830916	62.0	257.0	257	50.0	0.08104299999999999
M-25-0896_22Sr3_UDP0326-UDP0326_L002_R1_001	91.72041127503503	58.0	257.0	257	41.66666666666667	0.582384
M-25-0896_22Sr3_UDP0326-UDP0326_L002_R2_001	89.34534602598973	56.0	257.0	257	50.0	0.582384
M-25-0897_23PRr2_UDP0327-UDP0327_L002_R1_001	93.20313195124122	55.0	257.0	257	50.0	0.44955999999999996
M-25-0897_23PRr2_UDP0327-UDP0327_L002_R2_001	89.63030518729424	54.0	257.0	257	50.0	0.44955999999999996
M-25-0898_23PRr3_UDP0331-UDP0331_L002_R1_001	90.47928049524353	58.0	257.0	257	50.0	0.616424
M-25-0898_23PRr3_UDP0331-UDP0331_L002_R2_001	88.87389199641805	56.0	257.0	257	41.66666666666667	0.616424
M-25-0899_23Sr1_UDP0332-UDP0332_L002_R1_001	93.50275452083787	57.0	257.0	257	41.66666666666667	0.8353539999999999
M-25-0899_23Sr1_UDP0332-UDP0332_L002_R2_001	91.2050460044484	55.0	257.0	257	41.66666666666667	0.8353539999999999
M-25-0900_24Sr1_UDP0333-UDP0333_L002_R1_001	89.11860636395065	59.0	257.0	257	41.66666666666667	0.399186
M-25-0900_24Sr1_UDP0333-UDP0333_L002_R2_001	86.78861483118146	57.0	257.0	257	50.0	0.399186
M-25-0901_29PRr2_UDP0334-UDP0334_L002_R1_001	91.9204215743567	60.0	257.0	257	50.0	0.782021
M-25-0901_29PRr2_UDP0334-UDP0334_L002_R2_001	88.14392452376599	58.0	257.0	257	50.0	0.782021
M-25-0902_29Sr2_UDP0335-UDP0335_L002_R1_001	92.69877633192137	58.0	257.0	257	50.0	0.806673
M-25-0902_29Sr2_UDP0335-UDP0335_L002_R2_001	89.82115429672247	57.0	257.0	257	50.0	0.806673
M-25-0903_32PRr1_UDP0337-UDP0337_L002_R1_001	91.64533808269668	59.0	257.0	257	50.0	0.727115
M-25-0903_32PRr1_UDP0337-UDP0337_L002_R2_001	88.8591213219367	57.0	257.0	257	50.0	0.727115
M-25-0904_32PRr3_UDP0338-UDP0338_L002_R1_001	88.96199410191147	58.0	257.0	257	41.66666666666667	0.554756
M-25-0904_32PRr3_UDP0338-UDP0338_L002_R2_001	89.1602794742193	57.0	257.0	257	41.66666666666667	0.554756
M-25-0905_33Dr1_UDP0339-UDP0339_L002_R1_001	92.57771414480472	58.0	257.0	257	41.66666666666667	0.794836
M-25-0905_33Dr1_UDP0339-UDP0339_L002_R2_001	90.08776653297032	56.0	257.0	257	50.0	0.794836
M-25-0906_33Sr2_UDP0340-UDP0340_L002_R1_001	90.01614333462177	61.0	257.0	257	58.333333333333336	0.571753
M-25-0906_33Sr2_UDP0340-UDP0340_L002_R2_001	87.60198897076185	59.0	257.0	257	50.0	0.571753
M-25-0907_34Dr3_UDP0342-UDP0342_L002_R1_001	91.82386120462226	59.0	257.0	257	50.0	0.626188
M-25-0907_34Dr3_UDP0342-UDP0342_L002_R2_001	91.32129647965148	57.0	257.0	257	50.0	0.626188
M-25-0908_35PRr1_UDP0343-UDP0343_L002_R1_001	91.78713527267992	58.0	257.0	257	50.0	0.568267
M-25-0908_35PRr1_UDP0343-UDP0343_L002_R2_001	89.20384255992342	55.0	257.0	257	41.66666666666667	0.568267
M-25-0909_35Sr1_UDP0344-UDP0344_L002_R1_001	92.34521433192302	58.0	257.0	257	41.66666666666667	0.8671829999999999
M-25-0909_35Sr1_UDP0344-UDP0344_L002_R2_001	89.83271120397886	55.0	257.0	257	50.0	0.8671829999999999
M-25-0910_36Sr1_UDP0345-UDP0345_L002_R1_001	87.33875828812538	60.0	257.0	257	50.0	0.09953999999999999
M-25-0910_36Sr1_UDP0345-UDP0345_L002_R2_001	86.07494474583082	58.0	257.0	257	58.333333333333336	0.09953999999999999
M-25-0911_38Sr3_UDP0346-UDP0346_L002_R1_001	91.09750022273504	59.0	257.0	257	50.0	0.7969109999999999
M-25-0911_38Sr3_UDP0346-UDP0346_L002_R2_001	89.03566395745572	57.0	257.0	257	50.0	0.7969109999999999
M-25-0912_40PRr3_UDP0347-UDP0347_L002_R1_001	91.62265231290993	57.0	257.0	257	41.66666666666667	0.544898
M-25-0912_40PRr3_UDP0347-UDP0347_L002_R2_001	89.70577979731986	55.0	257.0	257	41.66666666666667	0.544898
M-25-0913_43Sr1_UDP0348-UDP0348_L002_R1_001	86.8260003954223	61.0	257.0	257	50.0	0.434978
M-25-0913_43Sr1_UDP0348-UDP0348_L002_R2_001	88.42539162900192	59.0	257.0	257	50.0	0.434978
M-25-0914_44PRr2_UDP0349-UDP0349_L002_R1_001	89.54634226336896	61.0	257.0	257	50.0	0.469539
M-25-0914_44PRr2_UDP0349-UDP0349_L002_R2_001	87.79590193785819	59.0	257.0	257	50.0	0.469539
M-25-0915_45Dr1_UDP0350-UDP0350_L002_R1_001	92.13885545004236	57.0	257.0	257	41.66666666666667	0.499253
M-25-0915_45Dr1_UDP0350-UDP0350_L002_R2_001	89.36791566600502	55.0	257.0	257	50.0	0.499253
M-25-0916_45Sr1_UDP0351-UDP0351_L002_R1_001	92.61924543521769	58.0	257.0	257	41.66666666666667	0.785963
M-25-0916_45Sr1_UDP0351-UDP0351_L002_R2_001	90.54128502232294	56.0	257.0	257	50.0	0.785963
M-25-0917_46Dr1_UDP0352-UDP0352_L002_R1_001	91.12260455775457	59.0	257.0	257	50.0	0.270879
M-25-0917_46Dr1_UDP0352-UDP0352_L002_R2_001	85.99263877967653	57.0	257.0	257	41.66666666666667	0.270879
M-25-0918_46Sr3_UDP0355-UDP0355_L002_R1_001	89.03368104761803	62.0	257.0	257	58.333333333333336	0.281553
M-25-0918_46Sr3_UDP0355-UDP0355_L002_R2_001	86.37166004269179	60.0	257.0	257	50.0	0.281553
M-25-0919_49PRr2_UDP0356-UDP0356_L002_R1_001	89.31934958135831	57.0	257.0	257	50.0	0.16075799999999998
M-25-0919_49PRr2_UDP0356-UDP0356_L002_R2_001	87.33251222334192	55.0	257.0	257	41.66666666666667	0.16075799999999998
M-25-0920_51Sr2_UDP0357-UDP0357_L002_R1_001	91.76261000587084	56.0	257.0	257	50.0	0.691554
M-25-0920_51Sr2_UDP0357-UDP0357_L002_R2_001	89.0547954317378	55.0	257.0	257	41.66666666666667	0.691554
M-25-0921_50PRr1_UDP0358-UDP0358_L002_R1_001	92.18839906905983	58.0	257.0	257	41.66666666666667	0.971491
M-25-0921_50PRr1_UDP0358-UDP0358_L002_R2_001	88.98286236094012	56.0	257.0	257	50.0	0.971491
M-25-0922_54Dr1_UDP0360-UDP0360_L002_R1_001	92.03316002255589	59.0	257.0	257	41.66666666666667	0.837032
M-25-0922_54Dr1_UDP0360-UDP0360_L002_R2_001	89.23123608177465	56.0	257.0	257	50.0	0.837032
M-25-0923_54Dr2_UDP0361-UDP0361_L002_R1_001	92.52255874207094	58.0	257.0	257	50.0	0.67158
M-25-0923_54Dr2_UDP0361-UDP0361_L002_R2_001	90.13877721194794	57.0	257.0	257	50.0	0.67158
M-25-0924_55PRr1_UDP0368-UDP0368_L002_R1_001	94.98757049841568	55.0	257.0	257	50.0	0.477493
M-25-0924_55PRr1_UDP0368-UDP0368_L002_R2_001	93.7360338266739	55.0	257.0	257	50.0	0.477493
M-25-0925_57PRr1_UDP0378-UDP0378_L002_R1_001	93.585766785599	56.0	257.0	257	50.0	0.579321
M-25-0925_57PRr1_UDP0378-UDP0378_L002_R2_001	90.33126712133688	55.0	257.0	257	41.66666666666667	0.579321
M-25-0926_57Sr2_UDP0380-UDP0380_L002_R1_001	92.2971388660231	59.0	257.0	257	50.0	0.641424
M-25-0926_57Sr2_UDP0380-UDP0380_L002_R2_001	88.7660892015266	57.0	257.0	257	50.0	0.641424
M-25-0927_60Dr2_UDP0382-UDP0382_L002_R1_001	92.67255447358038	58.0	257.0	257	41.66666666666667	0.615849
M-25-0927_60Dr2_UDP0382-UDP0382_L002_R2_001	89.7184212363745	56.0	257.0	257	41.66666666666667	0.615849
M-25-0928_60Dr3_UDP0383-UDP0383_L002_R1_001	92.98523206751055	57.0	257.0	257	50.0	0.627576
M-25-0928_60Dr3_UDP0383-UDP0383_L002_R2_001	91.12983925452853	55.0	257.0	257	41.66666666666667	0.627576
M-25-0929_Extraction-Ctrl-Pro-Trip1_UDP0384-UDP0384_L002_R1_001	91.78489763597378	59.0	257.0	257	50.0	0.5619649999999999
M-25-0929_Extraction-Ctrl-Pro-Trip1_UDP0384-UDP0384_L002_R2_001	88.98098636036052	57.0	257.0	257	41.66666666666667	0.5619649999999999
