sampleID	forwardReads	reverseReads	run	source_sample_name	biosample_accession	experiment_accession	library_name	bioproject	umbrella_project	campaign	compartment	is_control	in_ledger
T1Dr1	${EQ_READS_DIR}/ERR16061083_1.fastq.gz	${EQ_READS_DIR}/ERR16061083_2.fastq.gz	ERR16061083	T1Dr1	ERS28391676	ERX15451265	T1Dr1_amp_lib1	PRJEB106069	PRJEB104209	Trip2	Deep	False	True
T1PRr3	${EQ_READS_DIR}/ERR16061084_1.fastq.gz	${EQ_READS_DIR}/ERR16061084_2.fastq.gz	ERR16061084	T1PRr3	ERS28391677	ERX15451266	T1PRr3_amp_lib1	PRJEB106069	PRJEB104209	Trip2	Rhizosphere	False	True
T2Dr2	${EQ_READS_DIR}/ERR16061085_1.fastq.gz	${EQ_READS_DIR}/ERR16061085_2.fastq.gz	ERR16061085	T2Dr2	ERS28391678	ERX15451267	T2Dr2_amp_lib1	PRJEB106069	PRJEB104209	Trip2	Deep	False	True
T2PRr3	${EQ_READS_DIR}/ERR16061086_1.fastq.gz	${EQ_READS_DIR}/ERR16061086_2.fastq.gz	ERR16061086	T2PRr3	ERS28391679	ERX15451268	T2PRr3_amp_lib1	PRJEB106069	PRJEB104209	Trip2	Rhizosphere	False	True
T4PRr1	${EQ_READS_DIR}/ERR16061087_1.fastq.gz	${EQ_READS_DIR}/ERR16061087_2.fastq.gz	ERR16061087	T4PRr1	ERS28391680	ERX15451269	T4PRr1_amp_lib1	PRJEB106069	PRJEB104209	Trip2	Rhizosphere	False	True
T4PRr2	${EQ_READS_DIR}/ERR16061088_1.fastq.gz	${EQ_READS_DIR}/ERR16061088_2.fastq.gz	ERR16061088	T4PRr2	ERS28391681	ERX15451270	T4PRr2_amp_lib1	PRJEB106069	PRJEB104209	Trip2	Rhizosphere	False	True
T4Sr1	${EQ_READS_DIR}/ERR16061089_1.fastq.gz	${EQ_READS_DIR}/ERR16061089_2.fastq.gz	ERR16061089	T4Sr1	ERS28391682	ERX15451271	T4Sr1_amp_lib1	PRJEB106069	PRJEB104209	Trip2	Surface	False	True
T5PRr1	${EQ_READS_DIR}/ERR16061090_1.fastq.gz	${EQ_READS_DIR}/ERR16061090_2.fastq.gz	ERR16061090	T5PRr1	ERS28391683	ERX15451272	T5PRr1_amp_lib1	PRJEB106069	PRJEB104209	Trip2	Rhizosphere	False	True
T5Sr1	${EQ_READS_DIR}/ERR16061091_1.fastq.gz	${EQ_READS_DIR}/ERR16061091_2.fastq.gz	ERR16061091	T5Sr1	ERS28391684	ERX15451273	T5Sr1_amp_lib1	PRJEB106069	PRJEB104209	Trip2	Surface	False	True
T5Sr2	${EQ_READS_DIR}/ERR16061092_1.fastq.gz	${EQ_READS_DIR}/ERR16061092_2.fastq.gz	ERR16061092	T5Sr2	ERS28391685	ERX15451274	T5Sr2_amp_lib1	PRJEB106069	PRJEB104209	Trip2	Surface	False	True
T6Dr1	${EQ_READS_DIR}/ERR16061093_1.fastq.gz	${EQ_READS_DIR}/ERR16061093_2.fastq.gz	ERR16061093	T6Dr1	ERS28391686	ERX15451275	T6Dr1_amp_lib1	PRJEB106069	PRJEB104209	Trip2	Deep	False	True
T6Dr2	${EQ_READS_DIR}/ERR16061094_1.fastq.gz	${EQ_READS_DIR}/ERR16061094_2.fastq.gz	ERR16061094	T6Dr2	ERS28391687	ERX15451276	T6Dr2_amp_lib1	PRJEB106069	PRJEB104209	Trip2	Deep	False	True
T6PRr3	${EQ_READS_DIR}/ERR16061095_1.fastq.gz	${EQ_READS_DIR}/ERR16061095_2.fastq.gz	ERR16061095	T6PRr3	ERS28391688	ERX15451277	T6PRr3_amp_lib1	PRJEB106069	PRJEB104209	Trip2	Rhizosphere	False	True
T6Sr3	${EQ_READS_DIR}/ERR16061096_1.fastq.gz	${EQ_READS_DIR}/ERR16061096_2.fastq.gz	ERR16061096	T6Sr3	ERS28391689	ERX15451278	T6Sr3_amp_lib1	PRJEB106069	PRJEB104209	Trip2	Surface	False	True
T7Dr2	${EQ_READS_DIR}/ERR16061097_1.fastq.gz	${EQ_READS_DIR}/ERR16061097_2.fastq.gz	ERR16061097	T7Dr2	ERS28391690	ERX15451279	T7Dr2_amp_lib1	PRJEB106069	PRJEB104209	Trip2	Deep	False	True
T7Dr3	${EQ_READS_DIR}/ERR16061098_1.fastq.gz	${EQ_READS_DIR}/ERR16061098_2.fastq.gz	ERR16061098	T7Dr3	ERS28391691	ERX15451280	T7Dr3_amp_lib1	PRJEB106069	PRJEB104209	Trip2	Deep	False	True
T7PRr1	${EQ_READS_DIR}/ERR16061099_1.fastq.gz	${EQ_READS_DIR}/ERR16061099_2.fastq.gz	ERR16061099	T7PRr1	ERS28391692	ERX15451281	T7PRr1_amp_lib1	PRJEB106069	PRJEB104209	Trip2	Rhizosphere	False	True
T7PRr3	${EQ_READS_DIR}/ERR16061100_1.fastq.gz	${EQ_READS_DIR}/ERR16061100_2.fastq.gz	ERR16061100	T7PRr3	ERS28391693	ERX15451282	T7PRr3_amp_lib1	PRJEB106069	PRJEB104209	Trip2	Rhizosphere	False	True
T7Sr3	${EQ_READS_DIR}/ERR16061101_1.fastq.gz	${EQ_READS_DIR}/ERR16061101_2.fastq.gz	ERR16061101	T7Sr3	ERS28391694	ERX15451283	T7Sr3_amp_lib1	PRJEB106069	PRJEB104209	Trip2	Surface	False	True
T8Dr3	${EQ_READS_DIR}/ERR16061102_1.fastq.gz	${EQ_READS_DIR}/ERR16061102_2.fastq.gz	ERR16061102	T8Dr3	ERS28391695	ERX15451284	T8Dr3_amp_lib1	PRJEB106069	PRJEB104209	Trip2	Deep	False	True
T8PRr3	${EQ_READS_DIR}/ERR16061103_1.fastq.gz	${EQ_READS_DIR}/ERR16061103_2.fastq.gz	ERR16061103	T8PRr3	ERS28391696	ERX15451285	T8PRr3_amp_lib1	PRJEB106069	PRJEB104209	Trip2	Rhizosphere	False	True
T8Sr3	${EQ_READS_DIR}/ERR16061104_1.fastq.gz	${EQ_READS_DIR}/ERR16061104_2.fastq.gz	ERR16061104	T8Sr3	ERS28391697	ERX15451286	T8Sr3_amp_lib1	PRJEB106069	PRJEB104209	Trip2	Surface	False	True
T1Dr1__lib2	${EQ_READS_DIR}/ERR16061168_1.fastq.gz	${EQ_READS_DIR}/ERR16061168_2.fastq.gz	ERR16061168	T1Dr1	ERS28391676	ERX15451350	T1Dr1_amp_lib2	PRJEB106069	PRJEB104209	Trip2	Deep	False	True
T2Dr2__lib2	${EQ_READS_DIR}/ERR16061169_1.fastq.gz	${EQ_READS_DIR}/ERR16061169_2.fastq.gz	ERR16061169	T2Dr2	ERS28391678	ERX15451351	T2Dr2_amp_lib2	PRJEB106069	PRJEB104209	Trip2	Deep	False	True
T2PRr1	${EQ_READS_DIR}/ERR16061170_1.fastq.gz	${EQ_READS_DIR}/ERR16061170_2.fastq.gz	ERR16061170	T2PRr1	ERS28392113	ERX15451352	T2PRr1_amp_lib1	PRJEB106069	PRJEB104209	Trip2	Rhizosphere	False	True
T3Dr2	${EQ_READS_DIR}/ERR16061171_1.fastq.gz	${EQ_READS_DIR}/ERR16061171_2.fastq.gz	ERR16061171	T3Dr2	ERS28392114	ERX15451353	T3Dr2_amp_lib1	PRJEB106069	PRJEB104209	Trip2	Deep	False	True
T5Sr3	${EQ_READS_DIR}/ERR16061172_1.fastq.gz	${EQ_READS_DIR}/ERR16061172_2.fastq.gz	ERR16061172	T5Sr3	ERS28392115	ERX15451354	T5Sr3_amp_lib1	PRJEB106069	PRJEB104209	Trip2	Surface	False	True
T6PRr2	${EQ_READS_DIR}/ERR16061173_1.fastq.gz	${EQ_READS_DIR}/ERR16061173_2.fastq.gz	ERR16061173	T6PRr2	ERS28392116	ERX15451355	T6PRr2_amp_lib1	PRJEB106069	PRJEB104209	Trip2	Rhizosphere	False	True
T7PRr2	${EQ_READS_DIR}/ERR16061174_1.fastq.gz	${EQ_READS_DIR}/ERR16061174_2.fastq.gz	ERR16061174	T7PRr2	ERS28392117	ERX15451356	T7PRr2_amp_lib1	PRJEB106069	PRJEB104209	Trip2	Rhizosphere	False	True
T8Dr1	${EQ_READS_DIR}/ERR16061175_1.fastq.gz	${EQ_READS_DIR}/ERR16061175_2.fastq.gz	ERR16061175	T8Dr1	ERS28392118	ERX15451357	T8Dr1_amp_lib1	PRJEB106069	PRJEB104209	Trip2	Deep	False	True
T8PRr1	${EQ_READS_DIR}/ERR16061176_1.fastq.gz	${EQ_READS_DIR}/ERR16061176_2.fastq.gz	ERR16061176	T8PRr1	ERS28392119	ERX15451358	T8PRr1_amp_lib1	PRJEB106069	PRJEB104209	Trip2	Rhizosphere	False	True
T_Neg_Ctrl1	${EQ_READS_DIR}/ERR16061177_1.fastq.gz	${EQ_READS_DIR}/ERR16061177_2.fastq.gz	ERR16061177	T_Neg_Ctrl1	ERS28392121	ERX15451359	T_Neg_Ctrl1_amp_lib1	PRJEB106069	PRJEB104209				False
T_Neg_Ctrl2	${EQ_READS_DIR}/ERR16061178_1.fastq.gz	${EQ_READS_DIR}/ERR16061178_2.fastq.gz	ERR16061178	T_Neg_Ctrl2	ERS28392122	ERX15451360	T_Neg_Ctrl2_amp_lib1	PRJEB106069	PRJEB104209				False
S1Dr1	${EQ_READS_DIR}/ERR16061185_1.fastq.gz	${EQ_READS_DIR}/ERR16061185_2.fastq.gz	ERR16061185	S1Dr1	ERS28392451	ERX15451367	S1Dr1_amp_lib1	PRJEB106069	PRJEB104209	Trip4	Deep	False	True
S1PRr1	${EQ_READS_DIR}/ERR16061186_1.fastq.gz	${EQ_READS_DIR}/ERR16061186_2.fastq.gz	ERR16061186	S1PRr1	ERS28392452	ERX15451368	S1PRr1_amp_lib1	PRJEB106069	PRJEB104209	Trip4	Rhizosphere	False	True
S1Sr1	${EQ_READS_DIR}/ERR16061187_1.fastq.gz	${EQ_READS_DIR}/ERR16061187_2.fastq.gz	ERR16061187	S1Sr1	ERS28392453	ERX15451369	S1Sr1_amp_lib1	PRJEB106069	PRJEB104209	Trip4	Surface	False	True
S2Dr1	${EQ_READS_DIR}/ERR16061188_1.fastq.gz	${EQ_READS_DIR}/ERR16061188_2.fastq.gz	ERR16061188	S2Dr1	ERS28392454	ERX15451370	S2Dr1_amp_lib1	PRJEB106069	PRJEB104209	Trip4	Deep	False	True
S2Sr1	${EQ_READS_DIR}/ERR16061189_1.fastq.gz	${EQ_READS_DIR}/ERR16061189_2.fastq.gz	ERR16061189	S2Sr1	ERS28392455	ERX15451371	S2Sr1_amp_lib1	PRJEB106069	PRJEB104209	Trip4	Surface	False	True
S3Dr1	${EQ_READS_DIR}/ERR16061190_1.fastq.gz	${EQ_READS_DIR}/ERR16061190_2.fastq.gz	ERR16061190	S3Dr1	ERS28392456	ERX15451372	S3Dr1_amp_lib1	PRJEB106069	PRJEB104209	Trip4	Deep	False	True
S3PRr1	${EQ_READS_DIR}/ERR16061191_1.fastq.gz	${EQ_READS_DIR}/ERR16061191_2.fastq.gz	ERR16061191	S3PRr1	ERS28392457	ERX15451373	S3PRr1_amp_lib1	PRJEB106069	PRJEB104209	Trip4	Rhizosphere	False	True
S3Sr1	${EQ_READS_DIR}/ERR16061192_1.fastq.gz	${EQ_READS_DIR}/ERR16061192_2.fastq.gz	ERR16061192	S3Sr1	ERS28392458	ERX15451374	S3Sr1_amp_lib1	PRJEB106069	PRJEB104209	Trip4	Surface	False	True
S4Dr1	${EQ_READS_DIR}/ERR16061193_1.fastq.gz	${EQ_READS_DIR}/ERR16061193_2.fastq.gz	ERR16061193	S4Dr1	ERS28392459	ERX15451375	S4Dr1_amp_lib1	PRJEB106069	PRJEB104209	Trip4	Deep	False	True
S4PRr1	${EQ_READS_DIR}/ERR16061194_1.fastq.gz	${EQ_READS_DIR}/ERR16061194_2.fastq.gz	ERR16061194	S4PRr1	ERS28392460	ERX15451376	S4PRr1_amp_lib1	PRJEB106069	PRJEB104209	Trip4	Rhizosphere	False	True
S4Sr1	${EQ_READS_DIR}/ERR16061195_1.fastq.gz	${EQ_READS_DIR}/ERR16061195_2.fastq.gz	ERR16061195	S4Sr1	ERS28392461	ERX15451377	S4Sr1_amp_lib1	PRJEB106069	PRJEB104209	Trip4	Surface	False	True
S5Dr1	${EQ_READS_DIR}/ERR16061196_1.fastq.gz	${EQ_READS_DIR}/ERR16061196_2.fastq.gz	ERR16061196	S5Dr1	ERS28392462	ERX15451378	S5Dr1_amp_lib1	PRJEB106069	PRJEB104209	Trip4	Deep	False	True
S5PRr1	${EQ_READS_DIR}/ERR16061197_1.fastq.gz	${EQ_READS_DIR}/ERR16061197_2.fastq.gz	ERR16061197	S5PRr1	ERS28392463	ERX15451379	S5PRr1_amp_lib1	PRJEB106069	PRJEB104209	Trip4	Rhizosphere	False	True
S5Sr1	${EQ_READS_DIR}/ERR16061198_1.fastq.gz	${EQ_READS_DIR}/ERR16061198_2.fastq.gz	ERR16061198	S5Sr1	ERS28392464	ERX15451380	S5Sr1_amp_lib1	PRJEB106069	PRJEB104209	Trip4	Surface	False	True
S6Dr1	${EQ_READS_DIR}/ERR16061199_1.fastq.gz	${EQ_READS_DIR}/ERR16061199_2.fastq.gz	ERR16061199	S6Dr1	ERS28392465	ERX15451381	S6Dr1_amp_lib1	PRJEB106069	PRJEB104209	Trip4	Deep	False	True
S6PRr1	${EQ_READS_DIR}/ERR16061200_1.fastq.gz	${EQ_READS_DIR}/ERR16061200_2.fastq.gz	ERR16061200	S6PRr1	ERS28392466	ERX15451382	S6PRr1_amp_lib1	PRJEB106069	PRJEB104209	Trip4	Rhizosphere	False	True
S6Sr1	${EQ_READS_DIR}/ERR16061201_1.fastq.gz	${EQ_READS_DIR}/ERR16061201_2.fastq.gz	ERR16061201	S6Sr1	ERS28392467	ERX15451383	S6Sr1_amp_lib1	PRJEB106069	PRJEB104209	Trip4	Surface	False	True
S7Dr1	${EQ_READS_DIR}/ERR16061202_1.fastq.gz	${EQ_READS_DIR}/ERR16061202_2.fastq.gz	ERR16061202	S7Dr1	ERS28392468	ERX15451384	S7Dr1_amp_lib1	PRJEB106069	PRJEB104209	Trip4	Deep	False	True
S7PRr1	${EQ_READS_DIR}/ERR16061203_1.fastq.gz	${EQ_READS_DIR}/ERR16061203_2.fastq.gz	ERR16061203	S7PRr1	ERS28392469	ERX15451385	S7PRr1_amp_lib1	PRJEB106069	PRJEB104209	Trip4	Rhizosphere	False	True
S7Sr1	${EQ_READS_DIR}/ERR16061204_1.fastq.gz	${EQ_READS_DIR}/ERR16061204_2.fastq.gz	ERR16061204	S7Sr1	ERS28392470	ERX15451386	S7Sr1_amp_lib1	PRJEB106069	PRJEB104209	Trip4	Surface	False	True
S8Dr1	${EQ_READS_DIR}/ERR16061205_1.fastq.gz	${EQ_READS_DIR}/ERR16061205_2.fastq.gz	ERR16061205	S8Dr1	ERS28392471	ERX15451387	S8Dr1_amp_lib1	PRJEB106069	PRJEB104209	Trip4	Deep	False	True
S8PRr1	${EQ_READS_DIR}/ERR16061206_1.fastq.gz	${EQ_READS_DIR}/ERR16061206_2.fastq.gz	ERR16061206	S8PRr1	ERS28392472	ERX15451388	S8PRr1_amp_lib1	PRJEB106069	PRJEB104209	Trip4	Rhizosphere	False	True
S8Sr1	${EQ_READS_DIR}/ERR16061207_1.fastq.gz	${EQ_READS_DIR}/ERR16061207_2.fastq.gz	ERR16061207	S8Sr1	ERS28392473	ERX15451389	S8Sr1_amp_lib1	PRJEB106069	PRJEB104209	Trip4	Surface	False	True
S9Dr1	${EQ_READS_DIR}/ERR16061208_1.fastq.gz	${EQ_READS_DIR}/ERR16061208_2.fastq.gz	ERR16061208	S9Dr1	ERS28392474	ERX15451390	S9Dr1_amp_lib1	PRJEB106069	PRJEB104209	Trip4	Deep	False	True
S9PRr1	${EQ_READS_DIR}/ERR16061209_1.fastq.gz	${EQ_READS_DIR}/ERR16061209_2.fastq.gz	ERR16061209	S9PRr1	ERS28392475	ERX15451391	S9PRr1_amp_lib1	PRJEB106069	PRJEB104209	Trip4	Rhizosphere	False	True
S9Sr1	${EQ_READS_DIR}/ERR16061210_1.fastq.gz	${EQ_READS_DIR}/ERR16061210_2.fastq.gz	ERR16061210	S9Sr1	ERS28392476	ERX15451392	S9Sr1_amp_lib1	PRJEB106069	PRJEB104209	Trip4	Surface	False	True
S10Dr1	${EQ_READS_DIR}/ERR16061211_1.fastq.gz	${EQ_READS_DIR}/ERR16061211_2.fastq.gz	ERR16061211	S10Dr1	ERS28392477	ERX15451393	S10Dr1_amp_lib1	PRJEB106069	PRJEB104209	Trip4	Deep	False	True
S10PRr1	${EQ_READS_DIR}/ERR16061212_1.fastq.gz	${EQ_READS_DIR}/ERR16061212_2.fastq.gz	ERR16061212	S10PRr1	ERS28392478	ERX15451394	S10PRr1_amp_lib1	PRJEB106069	PRJEB104209	Trip4	Rhizosphere	False	True
S10Sr1	${EQ_READS_DIR}/ERR16061213_1.fastq.gz	${EQ_READS_DIR}/ERR16061213_2.fastq.gz	ERR16061213	S10Sr1	ERS28392479	ERX15451395	S10Sr1_amp_lib1	PRJEB106069	PRJEB104209	Trip4	Surface	False	True
S11Dr1	${EQ_READS_DIR}/ERR16061214_1.fastq.gz	${EQ_READS_DIR}/ERR16061214_2.fastq.gz	ERR16061214	S11Dr1	ERS28392480	ERX15451396	S11Dr1_amp_lib1	PRJEB106069	PRJEB104209	Trip4	Deep	False	True
S11PRr1	${EQ_READS_DIR}/ERR16061215_1.fastq.gz	${EQ_READS_DIR}/ERR16061215_2.fastq.gz	ERR16061215	S11PRr1	ERS28392481	ERX15451397	S11PRr1_amp_lib1	PRJEB106069	PRJEB104209	Trip4	Rhizosphere	False	True
S11Sr1	${EQ_READS_DIR}/ERR16061216_1.fastq.gz	${EQ_READS_DIR}/ERR16061216_2.fastq.gz	ERR16061216	S11Sr1	ERS28392482	ERX15451398	S11Sr1_amp_lib1	PRJEB106069	PRJEB104209	Trip4	Surface	False	True
S12Dr1	${EQ_READS_DIR}/ERR16061217_1.fastq.gz	${EQ_READS_DIR}/ERR16061217_2.fastq.gz	ERR16061217	S12Dr1	ERS28392483	ERX15451399	S12Dr1_amp_lib1	PRJEB106069	PRJEB104209	Trip4	Deep	False	True
S12PRr1	${EQ_READS_DIR}/ERR16061218_1.fastq.gz	${EQ_READS_DIR}/ERR16061218_2.fastq.gz	ERR16061218	S12PRr1	ERS28392484	ERX15451400	S12PRr1_amp_lib1	PRJEB106069	PRJEB104209	Trip4	Rhizosphere	False	True
S12Sr1	${EQ_READS_DIR}/ERR16061219_1.fastq.gz	${EQ_READS_DIR}/ERR16061219_2.fastq.gz	ERR16061219	S12Sr1	ERS28392485	ERX15451401	S12Sr1_amp_lib1	PRJEB106069	PRJEB104209	Trip4	Surface	False	True
S13Dr1	${EQ_READS_DIR}/ERR16061220_1.fastq.gz	${EQ_READS_DIR}/ERR16061220_2.fastq.gz	ERR16061220	S13Dr1	ERS28392486	ERX15451402	S13Dr1_amp_lib1	PRJEB106069	PRJEB104209	Trip4	Deep	False	True
S13PRr1	${EQ_READS_DIR}/ERR16061221_1.fastq.gz	${EQ_READS_DIR}/ERR16061221_2.fastq.gz	ERR16061221	S13PRr1	ERS28392487	ERX15451403	S13PRr1_amp_lib1	PRJEB106069	PRJEB104209	Trip4	Rhizosphere	False	True
S13Sr1	${EQ_READS_DIR}/ERR16061222_1.fastq.gz	${EQ_READS_DIR}/ERR16061222_2.fastq.gz	ERR16061222	S13Sr1	ERS28392488	ERX15451404	S13Sr1_amp_lib1	PRJEB106069	PRJEB104209	Trip4	Surface	False	True
S14Dr1	${EQ_READS_DIR}/ERR16061223_1.fastq.gz	${EQ_READS_DIR}/ERR16061223_2.fastq.gz	ERR16061223	S14Dr1	ERS28392489	ERX15451405	S14Dr1_amp_lib1	PRJEB106069	PRJEB104209	Trip4	Deep	False	True
S14PRr1	${EQ_READS_DIR}/ERR16061224_1.fastq.gz	${EQ_READS_DIR}/ERR16061224_2.fastq.gz	ERR16061224	S14PRr1	ERS28392490	ERX15451406	S14PRr1_amp_lib1	PRJEB106069	PRJEB104209	Trip4	Rhizosphere	False	True
S14Sr1	${EQ_READS_DIR}/ERR16061225_1.fastq.gz	${EQ_READS_DIR}/ERR16061225_2.fastq.gz	ERR16061225	S14Sr1	ERS28392491	ERX15451407	S14Sr1_amp_lib1	PRJEB106069	PRJEB104209	Trip4	Surface	False	True
S15Dr1	${EQ_READS_DIR}/ERR16061226_1.fastq.gz	${EQ_READS_DIR}/ERR16061226_2.fastq.gz	ERR16061226	S15Dr1	ERS28392492	ERX15451408	S15Dr1_amp_lib1	PRJEB106069	PRJEB104209	Trip4	Deep	False	True
S15PRr1	${EQ_READS_DIR}/ERR16061227_1.fastq.gz	${EQ_READS_DIR}/ERR16061227_2.fastq.gz	ERR16061227	S15PRr1	ERS28392493	ERX15451409	S15PRr1_amp_lib1	PRJEB106069	PRJEB104209	Trip4	Rhizosphere	False	True
S15Sr1	${EQ_READS_DIR}/ERR16061228_1.fastq.gz	${EQ_READS_DIR}/ERR16061228_2.fastq.gz	ERR16061228	S15Sr1	ERS28392494	ERX15451410	S15Sr1_amp_lib1	PRJEB106069	PRJEB104209	Trip4	Surface	False	True
S16Dr1	${EQ_READS_DIR}/ERR16061229_1.fastq.gz	${EQ_READS_DIR}/ERR16061229_2.fastq.gz	ERR16061229	S16Dr1	ERS28392495	ERX15451411	S16Dr1_amp_lib1	PRJEB106069	PRJEB104209	Trip4	Deep	False	True
S16PRr1	${EQ_READS_DIR}/ERR16061230_1.fastq.gz	${EQ_READS_DIR}/ERR16061230_2.fastq.gz	ERR16061230	S16PRr1	ERS28392496	ERX15451412	S16PRr1_amp_lib1	PRJEB106069	PRJEB104209	Trip4	Rhizosphere	False	True
S16Sr1	${EQ_READS_DIR}/ERR16061231_1.fastq.gz	${EQ_READS_DIR}/ERR16061231_2.fastq.gz	ERR16061231	S16Sr1	ERS28392497	ERX15451413	S16Sr1_amp_lib1	PRJEB106069	PRJEB104209	Trip4	Surface	False	True
S17Dr1	${EQ_READS_DIR}/ERR16061232_1.fastq.gz	${EQ_READS_DIR}/ERR16061232_2.fastq.gz	ERR16061232	S17Dr1	ERS28392498	ERX15451414	S17Dr1_amp_lib1	PRJEB106069	PRJEB104209	Trip4	Deep	False	True
S17PRr1	${EQ_READS_DIR}/ERR16061233_1.fastq.gz	${EQ_READS_DIR}/ERR16061233_2.fastq.gz	ERR16061233	S17PRr1	ERS28392499	ERX15451415	S17PRr1_amp_lib1	PRJEB106069	PRJEB104209	Trip4	Rhizosphere	False	True
S17Sr1	${EQ_READS_DIR}/ERR16061234_1.fastq.gz	${EQ_READS_DIR}/ERR16061234_2.fastq.gz	ERR16061234	S17Sr1	ERS28392500	ERX15451416	S17Sr1_amp_lib1	PRJEB106069	PRJEB104209	Trip4	Surface	False	True
S19Dr1	${EQ_READS_DIR}/ERR16061235_1.fastq.gz	${EQ_READS_DIR}/ERR16061235_2.fastq.gz	ERR16061235	S19Dr1	ERS28392501	ERX15451417	S19Dr1_amp_lib1	PRJEB106069	PRJEB104209	Trip4	Deep	False	True
S19PRr1	${EQ_READS_DIR}/ERR16061236_1.fastq.gz	${EQ_READS_DIR}/ERR16061236_2.fastq.gz	ERR16061236	S19PRr1	ERS28392502	ERX15451418	S19PRr1_amp_lib1	PRJEB106069	PRJEB104209	Trip4	Rhizosphere	False	True
S19Sr1	${EQ_READS_DIR}/ERR16061237_1.fastq.gz	${EQ_READS_DIR}/ERR16061237_2.fastq.gz	ERR16061237	S19Sr1	ERS28392503	ERX15451419	S19Sr1_amp_lib1	PRJEB106069	PRJEB104209	Trip4	Surface	False	True
S20Dr1	${EQ_READS_DIR}/ERR16061238_1.fastq.gz	${EQ_READS_DIR}/ERR16061238_2.fastq.gz	ERR16061238	S20Dr1	ERS28392504	ERX15451420	S20Dr1_amp_lib1	PRJEB106069	PRJEB104209	Trip4	Deep	False	True
S20PRr1	${EQ_READS_DIR}/ERR16061239_1.fastq.gz	${EQ_READS_DIR}/ERR16061239_2.fastq.gz	ERR16061239	S20PRr1	ERS28392505	ERX15451421	S20PRr1_amp_lib1	PRJEB106069	PRJEB104209	Trip4	Rhizosphere	False	True
S20Sr1	${EQ_READS_DIR}/ERR16061240_1.fastq.gz	${EQ_READS_DIR}/ERR16061240_2.fastq.gz	ERR16061240	S20Sr1	ERS28392506	ERX15451422	S20Sr1_amp_lib1	PRJEB106069	PRJEB104209	Trip4	Surface	False	True
S21Dr1	${EQ_READS_DIR}/ERR16061241_1.fastq.gz	${EQ_READS_DIR}/ERR16061241_2.fastq.gz	ERR16061241	S21Dr1	ERS28392507	ERX15451423	S21Dr1_amp_lib1	PRJEB106069	PRJEB104209	Trip4	Deep	False	True
S21PRr1	${EQ_READS_DIR}/ERR16061242_1.fastq.gz	${EQ_READS_DIR}/ERR16061242_2.fastq.gz	ERR16061242	S21PRr1	ERS28392508	ERX15451424	S21PRr1_amp_lib1	PRJEB106069	PRJEB104209	Trip4	Rhizosphere	False	True
S21Sr1	${EQ_READS_DIR}/ERR16061243_1.fastq.gz	${EQ_READS_DIR}/ERR16061243_2.fastq.gz	ERR16061243	S21Sr1	ERS28392509	ERX15451425	S21Sr1_amp_lib1	PRJEB106069	PRJEB104209	Trip4	Surface	False	True
S22Dr1	${EQ_READS_DIR}/ERR16061244_1.fastq.gz	${EQ_READS_DIR}/ERR16061244_2.fastq.gz	ERR16061244	S22Dr1	ERS28392510	ERX15451426	S22Dr1_amp_lib1	PRJEB106069	PRJEB104209	Trip4	Deep	False	True
S22PRr1	${EQ_READS_DIR}/ERR16061245_1.fastq.gz	${EQ_READS_DIR}/ERR16061245_2.fastq.gz	ERR16061245	S22PRr1	ERS28392511	ERX15451427	S22PRr1_amp_lib1	PRJEB106069	PRJEB104209	Trip4	Rhizosphere	False	True
S22Sr1	${EQ_READS_DIR}/ERR16061246_1.fastq.gz	${EQ_READS_DIR}/ERR16061246_2.fastq.gz	ERR16061246	S22Sr1	ERS28392512	ERX15451428	S22Sr1_amp_lib1	PRJEB106069	PRJEB104209	Trip4	Surface	False	True
S23Dr1	${EQ_READS_DIR}/ERR16061247_1.fastq.gz	${EQ_READS_DIR}/ERR16061247_2.fastq.gz	ERR16061247	S23Dr1	ERS28392513	ERX15451429	S23Dr1_amp_lib1	PRJEB106069	PRJEB104209	Trip4	Deep	False	True
S23PRr1	${EQ_READS_DIR}/ERR16061248_1.fastq.gz	${EQ_READS_DIR}/ERR16061248_2.fastq.gz	ERR16061248	S23PRr1	ERS28392514	ERX15451430	S23PRr1_amp_lib1	PRJEB106069	PRJEB104209	Trip4	Rhizosphere	False	True
S23Sr1	${EQ_READS_DIR}/ERR16061249_1.fastq.gz	${EQ_READS_DIR}/ERR16061249_2.fastq.gz	ERR16061249	S23Sr1	ERS28392515	ERX15451431	S23Sr1_amp_lib1	PRJEB106069	PRJEB104209	Trip4	Surface	False	True
S24Dr1	${EQ_READS_DIR}/ERR16061250_1.fastq.gz	${EQ_READS_DIR}/ERR16061250_2.fastq.gz	ERR16061250	S24Dr1	ERS28392516	ERX15451432	S24Dr1_amp_lib1	PRJEB106069	PRJEB104209	Trip4	Deep	False	True
S24PRr1	${EQ_READS_DIR}/ERR16061251_1.fastq.gz	${EQ_READS_DIR}/ERR16061251_2.fastq.gz	ERR16061251	S24PRr1	ERS28392517	ERX15451433	S24PRr1_amp_lib1	PRJEB106069	PRJEB104209	Trip4	Rhizosphere	False	True
S24Sr1	${EQ_READS_DIR}/ERR16061252_1.fastq.gz	${EQ_READS_DIR}/ERR16061252_2.fastq.gz	ERR16061252	S24Sr1	ERS28392518	ERX15451434	S24Sr1_amp_lib1	PRJEB106069	PRJEB104209	Trip4	Surface	False	True
S25Dr1	${EQ_READS_DIR}/ERR16061253_1.fastq.gz	${EQ_READS_DIR}/ERR16061253_2.fastq.gz	ERR16061253	S25Dr1	ERS28392519	ERX15451435	S25Dr1_amp_lib1	PRJEB106069	PRJEB104209	Trip4	Deep	False	True
S25PRr1	${EQ_READS_DIR}/ERR16061254_1.fastq.gz	${EQ_READS_DIR}/ERR16061254_2.fastq.gz	ERR16061254	S25PRr1	ERS28392520	ERX15451436	S25PRr1_amp_lib1	PRJEB106069	PRJEB104209	Trip4	Rhizosphere	False	True
S25Sr1	${EQ_READS_DIR}/ERR16061255_1.fastq.gz	${EQ_READS_DIR}/ERR16061255_2.fastq.gz	ERR16061255	S25Sr1	ERS28392521	ERX15451437	S25Sr1_amp_lib1	PRJEB106069	PRJEB104209	Trip4	Surface	False	True
S26Dr1	${EQ_READS_DIR}/ERR16061256_1.fastq.gz	${EQ_READS_DIR}/ERR16061256_2.fastq.gz	ERR16061256	S26Dr1	ERS28392522	ERX15451438	S26Dr1_amp_lib1	PRJEB106069	PRJEB104209	Trip4	Deep	False	True
S26PRr1	${EQ_READS_DIR}/ERR16061257_1.fastq.gz	${EQ_READS_DIR}/ERR16061257_2.fastq.gz	ERR16061257	S26PRr1	ERS28392523	ERX15451439	S26PRr1_amp_lib1	PRJEB106069	PRJEB104209	Trip4	Rhizosphere	False	True
S26Sr1	${EQ_READS_DIR}/ERR16061258_1.fastq.gz	${EQ_READS_DIR}/ERR16061258_2.fastq.gz	ERR16061258	S26Sr1	ERS28392524	ERX15451440	S26Sr1_amp_lib1	PRJEB106069	PRJEB104209	Trip4	Surface	False	True
S27Dr1	${EQ_READS_DIR}/ERR16061259_1.fastq.gz	${EQ_READS_DIR}/ERR16061259_2.fastq.gz	ERR16061259	S27Dr1	ERS28392525	ERX15451441	S27Dr1_amp_lib1	PRJEB106069	PRJEB104209	Trip4	Deep	False	True
S27PRr1	${EQ_READS_DIR}/ERR16061260_1.fastq.gz	${EQ_READS_DIR}/ERR16061260_2.fastq.gz	ERR16061260	S27PRr1	ERS28392526	ERX15451442	S27PRr1_amp_lib1	PRJEB106069	PRJEB104209	Trip4	Rhizosphere	False	True
S27Sr1	${EQ_READS_DIR}/ERR16061261_1.fastq.gz	${EQ_READS_DIR}/ERR16061261_2.fastq.gz	ERR16061261	S27Sr1	ERS28392527	ERX15451443	S27Sr1_amp_lib1	PRJEB106069	PRJEB104209	Trip4	Surface	False	True
S28Dr2	${EQ_READS_DIR}/ERR16061262_1.fastq.gz	${EQ_READS_DIR}/ERR16061262_2.fastq.gz	ERR16061262	S28Dr2	ERS28392528	ERX15451444	S28Dr2_amp_lib1	PRJEB106069	PRJEB104209	Trip4	Deep	False	True
S28PRr1	${EQ_READS_DIR}/ERR16061263_1.fastq.gz	${EQ_READS_DIR}/ERR16061263_2.fastq.gz	ERR16061263	S28PRr1	ERS28392529	ERX15451445	S28PRr1_amp_lib1	PRJEB106069	PRJEB104209	Trip4	Rhizosphere	False	True
S28Sr1	${EQ_READS_DIR}/ERR16061264_1.fastq.gz	${EQ_READS_DIR}/ERR16061264_2.fastq.gz	ERR16061264	S28Sr1	ERS28392530	ERX15451446	S28Sr1_amp_lib1	PRJEB106069	PRJEB104209	Trip4	Surface	False	True
S29Dr1	${EQ_READS_DIR}/ERR16061265_1.fastq.gz	${EQ_READS_DIR}/ERR16061265_2.fastq.gz	ERR16061265	S29Dr1	ERS28392531	ERX15451447	S29Dr1_amp_lib1	PRJEB106069	PRJEB104209	Trip4	Deep	False	True
S29PRr1	${EQ_READS_DIR}/ERR16061266_1.fastq.gz	${EQ_READS_DIR}/ERR16061266_2.fastq.gz	ERR16061266	S29PRr1	ERS28392532	ERX15451448	S29PRr1_amp_lib1	PRJEB106069	PRJEB104209	Trip4	Rhizosphere	False	True
S29Sr1	${EQ_READS_DIR}/ERR16061267_1.fastq.gz	${EQ_READS_DIR}/ERR16061267_2.fastq.gz	ERR16061267	S29Sr1	ERS28392533	ERX15451449	S29Sr1_amp_lib1	PRJEB106069	PRJEB104209	Trip4	Surface	False	True
S30Dr1	${EQ_READS_DIR}/ERR16061268_1.fastq.gz	${EQ_READS_DIR}/ERR16061268_2.fastq.gz	ERR16061268	S30Dr1	ERS28392534	ERX15451450	S30Dr1_amp_lib1	PRJEB106069	PRJEB104209	Trip4	Deep	False	True
S30PRr1	${EQ_READS_DIR}/ERR16061269_1.fastq.gz	${EQ_READS_DIR}/ERR16061269_2.fastq.gz	ERR16061269	S30PRr1	ERS28392535	ERX15451451	S30PRr1_amp_lib1	PRJEB106069	PRJEB104209	Trip4	Rhizosphere	False	True
S30Sr1	${EQ_READS_DIR}/ERR16061270_1.fastq.gz	${EQ_READS_DIR}/ERR16061270_2.fastq.gz	ERR16061270	S30Sr1	ERS28392536	ERX15451452	S30Sr1_amp_lib1	PRJEB106069	PRJEB104209	Trip4	Surface	False	True
S31Dr1	${EQ_READS_DIR}/ERR16061271_1.fastq.gz	${EQ_READS_DIR}/ERR16061271_2.fastq.gz	ERR16061271	S31Dr1	ERS28392537	ERX15451453	S31Dr1_amp_lib1	PRJEB106069	PRJEB104209	Trip4	Deep	False	True
S31PRr1	${EQ_READS_DIR}/ERR16061272_1.fastq.gz	${EQ_READS_DIR}/ERR16061272_2.fastq.gz	ERR16061272	S31PRr1	ERS28392538	ERX15451454	S31PRr1_amp_lib1	PRJEB106069	PRJEB104209	Trip4	Rhizosphere	False	True
S31Sr1	${EQ_READS_DIR}/ERR16061273_1.fastq.gz	${EQ_READS_DIR}/ERR16061273_2.fastq.gz	ERR16061273	S31Sr1	ERS28392539	ERX15451455	S31Sr1_amp_lib1	PRJEB106069	PRJEB104209	Trip4	Surface	False	True
S32Dr1	${EQ_READS_DIR}/ERR16061274_1.fastq.gz	${EQ_READS_DIR}/ERR16061274_2.fastq.gz	ERR16061274	S32Dr1	ERS28392540	ERX15451456	S32Dr1_amp_lib1	PRJEB106069	PRJEB104209	Trip4	Deep	False	True
S32PRr1	${EQ_READS_DIR}/ERR16061275_1.fastq.gz	${EQ_READS_DIR}/ERR16061275_2.fastq.gz	ERR16061275	S32PRr1	ERS28392541	ERX15451457	S32PRr1_amp_lib1	PRJEB106069	PRJEB104209	Trip4	Rhizosphere	False	True
S32Sr1	${EQ_READS_DIR}/ERR16061276_1.fastq.gz	${EQ_READS_DIR}/ERR16061276_2.fastq.gz	ERR16061276	S32Sr1	ERS28392542	ERX15451458	S32Sr1_amp_lib1	PRJEB106069	PRJEB104209	Trip4	Surface	False	True
S33Dr1	${EQ_READS_DIR}/ERR16061277_1.fastq.gz	${EQ_READS_DIR}/ERR16061277_2.fastq.gz	ERR16061277	S33Dr1	ERS28392543	ERX15451459	S33Dr1_amp_lib1	PRJEB106069	PRJEB104209	Trip4	Deep	False	True
S33PRr1	${EQ_READS_DIR}/ERR16061278_1.fastq.gz	${EQ_READS_DIR}/ERR16061278_2.fastq.gz	ERR16061278	S33PRr1	ERS28392544	ERX15451460	S33PRr1_amp_lib1	PRJEB106069	PRJEB104209	Trip4	Rhizosphere	False	True
S33Sr1	${EQ_READS_DIR}/ERR16061279_1.fastq.gz	${EQ_READS_DIR}/ERR16061279_2.fastq.gz	ERR16061279	S33Sr1	ERS28392545	ERX15451461	S33Sr1_amp_lib1	PRJEB106069	PRJEB104209	Trip4	Surface	False	True
S34PRr1	${EQ_READS_DIR}/ERR16061280_1.fastq.gz	${EQ_READS_DIR}/ERR16061280_2.fastq.gz	ERR16061280	S34PRr1	ERS28392546	ERX15451462	S34PRr1_amp_lib1	PRJEB106069	PRJEB104209	Trip4	Rhizosphere	False	True
S34Sr1	${EQ_READS_DIR}/ERR16061281_1.fastq.gz	${EQ_READS_DIR}/ERR16061281_2.fastq.gz	ERR16061281	S34Sr1	ERS28392547	ERX15451463	S34Sr1_amp_lib1	PRJEB106069	PRJEB104209	Trip4	Surface	False	True
S35Dr1	${EQ_READS_DIR}/ERR16061282_1.fastq.gz	${EQ_READS_DIR}/ERR16061282_2.fastq.gz	ERR16061282	S35Dr1	ERS28392548	ERX15451464	S35Dr1_amp_lib1	PRJEB106069	PRJEB104209	Trip4	Deep	False	True
S35PRr1	${EQ_READS_DIR}/ERR16061283_1.fastq.gz	${EQ_READS_DIR}/ERR16061283_2.fastq.gz	ERR16061283	S35PRr1	ERS28392549	ERX15451465	S35PRr1_amp_lib1	PRJEB106069	PRJEB104209	Trip4	Rhizosphere	False	True
S35Sr1	${EQ_READS_DIR}/ERR16061284_1.fastq.gz	${EQ_READS_DIR}/ERR16061284_2.fastq.gz	ERR16061284	S35Sr1	ERS28392550	ERX15451466	S35Sr1_amp_lib1	PRJEB106069	PRJEB104209	Trip4	Surface	False	True
S36Dr1	${EQ_READS_DIR}/ERR16061285_1.fastq.gz	${EQ_READS_DIR}/ERR16061285_2.fastq.gz	ERR16061285	S36Dr1	ERS28392551	ERX15451467	S36Dr1_amp_lib1	PRJEB106069	PRJEB104209	Trip4	Deep	False	True
S36PRr1	${EQ_READS_DIR}/ERR16061286_1.fastq.gz	${EQ_READS_DIR}/ERR16061286_2.fastq.gz	ERR16061286	S36PRr1	ERS28392552	ERX15451468	S36PRr1_amp_lib1	PRJEB106069	PRJEB104209	Trip4	Rhizosphere	False	True
S36Sr1	${EQ_READS_DIR}/ERR16061287_1.fastq.gz	${EQ_READS_DIR}/ERR16061287_2.fastq.gz	ERR16061287	S36Sr1	ERS28392553	ERX15451469	S36Sr1_amp_lib1	PRJEB106069	PRJEB104209	Trip4	Surface	False	True
S37Dr1	${EQ_READS_DIR}/ERR16061288_1.fastq.gz	${EQ_READS_DIR}/ERR16061288_2.fastq.gz	ERR16061288	S37Dr1	ERS28392554	ERX15451470	S37Dr1_amp_lib1	PRJEB106069	PRJEB104209	Trip4	Deep	False	True
S37PRr1	${EQ_READS_DIR}/ERR16061289_1.fastq.gz	${EQ_READS_DIR}/ERR16061289_2.fastq.gz	ERR16061289	S37PRr1	ERS28392555	ERX15451471	S37PRr1_amp_lib1	PRJEB106069	PRJEB104209	Trip4	Rhizosphere	False	True
S37Sr1	${EQ_READS_DIR}/ERR16061290_1.fastq.gz	${EQ_READS_DIR}/ERR16061290_2.fastq.gz	ERR16061290	S37Sr1	ERS28392556	ERX15451472	S37Sr1_amp_lib1	PRJEB106069	PRJEB104209	Trip4	Surface	False	True
S38Dr1	${EQ_READS_DIR}/ERR16061291_1.fastq.gz	${EQ_READS_DIR}/ERR16061291_2.fastq.gz	ERR16061291	S38Dr1	ERS28392557	ERX15451473	S38Dr1_amp_lib1	PRJEB106069	PRJEB104209	Trip4	Deep	False	True
S38PRr1	${EQ_READS_DIR}/ERR16061292_1.fastq.gz	${EQ_READS_DIR}/ERR16061292_2.fastq.gz	ERR16061292	S38PRr1	ERS28392558	ERX15451474	S38PRr1_amp_lib1	PRJEB106069	PRJEB104209	Trip4	Rhizosphere	False	True
S38Sr1	${EQ_READS_DIR}/ERR16061293_1.fastq.gz	${EQ_READS_DIR}/ERR16061293_2.fastq.gz	ERR16061293	S38Sr1	ERS28392559	ERX15451475	S38Sr1_amp_lib1	PRJEB106069	PRJEB104209	Trip4	Surface	False	True
S39Dr1	${EQ_READS_DIR}/ERR16061294_1.fastq.gz	${EQ_READS_DIR}/ERR16061294_2.fastq.gz	ERR16061294	S39Dr1	ERS28392560	ERX15451476	S39Dr1_amp_lib1	PRJEB106069	PRJEB104209	Trip4	Deep	False	True
S39PRr1	${EQ_READS_DIR}/ERR16061295_1.fastq.gz	${EQ_READS_DIR}/ERR16061295_2.fastq.gz	ERR16061295	S39PRr1	ERS28392561	ERX15451477	S39PRr1_amp_lib1	PRJEB106069	PRJEB104209	Trip4	Rhizosphere	False	True
S39Sr1	${EQ_READS_DIR}/ERR16061296_1.fastq.gz	${EQ_READS_DIR}/ERR16061296_2.fastq.gz	ERR16061296	S39Sr1	ERS28392562	ERX15451478	S39Sr1_amp_lib1	PRJEB106069	PRJEB104209	Trip4	Surface	False	True
S40Dr1	${EQ_READS_DIR}/ERR16061297_1.fastq.gz	${EQ_READS_DIR}/ERR16061297_2.fastq.gz	ERR16061297	S40Dr1	ERS28392563	ERX15451479	S40Dr1_amp_lib1	PRJEB106069	PRJEB104209	Trip4	Deep	False	True
S40Sr1	${EQ_READS_DIR}/ERR16061298_1.fastq.gz	${EQ_READS_DIR}/ERR16061298_2.fastq.gz	ERR16061298	S40Sr1	ERS28392564	ERX15451480	S40Sr1_amp_lib1	PRJEB106069	PRJEB104209	Trip4	Surface	False	True
S41Dr1	${EQ_READS_DIR}/ERR16061299_1.fastq.gz	${EQ_READS_DIR}/ERR16061299_2.fastq.gz	ERR16061299	S41Dr1	ERS28392565	ERX15451481	S41Dr1_amp_lib1	PRJEB106069	PRJEB104209	Trip4	Deep	False	True
S41PRr1	${EQ_READS_DIR}/ERR16061300_1.fastq.gz	${EQ_READS_DIR}/ERR16061300_2.fastq.gz	ERR16061300	S41PRr1	ERS28392566	ERX15451482	S41PRr1_amp_lib1	PRJEB106069	PRJEB104209	Trip4	Rhizosphere	False	True
S41Sr1	${EQ_READS_DIR}/ERR16061301_1.fastq.gz	${EQ_READS_DIR}/ERR16061301_2.fastq.gz	ERR16061301	S41Sr1	ERS28392567	ERX15451483	S41Sr1_amp_lib1	PRJEB106069	PRJEB104209	Trip4	Surface	False	True
S42Dr1	${EQ_READS_DIR}/ERR16061302_1.fastq.gz	${EQ_READS_DIR}/ERR16061302_2.fastq.gz	ERR16061302	S42Dr1	ERS28392568	ERX15451484	S42Dr1_amp_lib1	PRJEB106069	PRJEB104209	Trip4	Deep	False	True
S42PRr1	${EQ_READS_DIR}/ERR16061303_1.fastq.gz	${EQ_READS_DIR}/ERR16061303_2.fastq.gz	ERR16061303	S42PRr1	ERS28392569	ERX15451485	S42PRr1_amp_lib1	PRJEB106069	PRJEB104209	Trip4	Rhizosphere	False	True
S42Sr1	${EQ_READS_DIR}/ERR16061304_1.fastq.gz	${EQ_READS_DIR}/ERR16061304_2.fastq.gz	ERR16061304	S42Sr1	ERS28392570	ERX15451486	S42Sr1_amp_lib1	PRJEB106069	PRJEB104209	Trip4	Surface	False	True
S43Dr1	${EQ_READS_DIR}/ERR16061305_1.fastq.gz	${EQ_READS_DIR}/ERR16061305_2.fastq.gz	ERR16061305	S43Dr1	ERS28392571	ERX15451487	S43Dr1_amp_lib1	PRJEB106069	PRJEB104209	Trip4	Deep	False	True
S43PRr1	${EQ_READS_DIR}/ERR16061306_1.fastq.gz	${EQ_READS_DIR}/ERR16061306_2.fastq.gz	ERR16061306	S43PRr1	ERS28392572	ERX15451488	S43PRr1_amp_lib1	PRJEB106069	PRJEB104209	Trip4	Rhizosphere	False	True
S43Sr1	${EQ_READS_DIR}/ERR16061307_1.fastq.gz	${EQ_READS_DIR}/ERR16061307_2.fastq.gz	ERR16061307	S43Sr1	ERS28392573	ERX15451489	S43Sr1_amp_lib1	PRJEB106069	PRJEB104209	Trip4	Surface	False	True
S44Dr1	${EQ_READS_DIR}/ERR16061308_1.fastq.gz	${EQ_READS_DIR}/ERR16061308_2.fastq.gz	ERR16061308	S44Dr1	ERS28392574	ERX15451490	S44Dr1_amp_lib1	PRJEB106069	PRJEB104209	Trip4	Deep	False	True
S44PRr1	${EQ_READS_DIR}/ERR16061309_1.fastq.gz	${EQ_READS_DIR}/ERR16061309_2.fastq.gz	ERR16061309	S44PRr1	ERS28392575	ERX15451491	S44PRr1_amp_lib1	PRJEB106069	PRJEB104209	Trip4	Rhizosphere	False	True
S44Sr1	${EQ_READS_DIR}/ERR16061310_1.fastq.gz	${EQ_READS_DIR}/ERR16061310_2.fastq.gz	ERR16061310	S44Sr1	ERS28392576	ERX15451492	S44Sr1_amp_lib1	PRJEB106069	PRJEB104209	Trip4	Surface	False	True
S45Dr1	${EQ_READS_DIR}/ERR16061311_1.fastq.gz	${EQ_READS_DIR}/ERR16061311_2.fastq.gz	ERR16061311	S45Dr1	ERS28392577	ERX15451493	S45Dr1_amp_lib1	PRJEB106069	PRJEB104209	Trip4	Deep	False	True
S45PRr1	${EQ_READS_DIR}/ERR16061312_1.fastq.gz	${EQ_READS_DIR}/ERR16061312_2.fastq.gz	ERR16061312	S45PRr1	ERS28392578	ERX15451494	S45PRr1_amp_lib1	PRJEB106069	PRJEB104209	Trip4	Rhizosphere	False	True
S45Sr1	${EQ_READS_DIR}/ERR16061313_1.fastq.gz	${EQ_READS_DIR}/ERR16061313_2.fastq.gz	ERR16061313	S45Sr1	ERS28392579	ERX15451495	S45Sr1_amp_lib1	PRJEB106069	PRJEB104209	Trip4	Surface	False	True
S46Dr1	${EQ_READS_DIR}/ERR16061314_1.fastq.gz	${EQ_READS_DIR}/ERR16061314_2.fastq.gz	ERR16061314	S46Dr1	ERS28392580	ERX15451496	S46Dr1_amp_lib1	PRJEB106069	PRJEB104209	Trip4	Deep	False	True
S46PRr1	${EQ_READS_DIR}/ERR16061315_1.fastq.gz	${EQ_READS_DIR}/ERR16061315_2.fastq.gz	ERR16061315	S46PRr1	ERS28392581	ERX15451497	S46PRr1_amp_lib1	PRJEB106069	PRJEB104209	Trip4	Rhizosphere	False	True
S46Sr1	${EQ_READS_DIR}/ERR16061316_1.fastq.gz	${EQ_READS_DIR}/ERR16061316_2.fastq.gz	ERR16061316	S46Sr1	ERS28392582	ERX15451498	S46Sr1_amp_lib1	PRJEB106069	PRJEB104209	Trip4	Surface	False	True
S47Dr1	${EQ_READS_DIR}/ERR16061317_1.fastq.gz	${EQ_READS_DIR}/ERR16061317_2.fastq.gz	ERR16061317	S47Dr1	ERS28392583	ERX15451499	S47Dr1_amp_lib1	PRJEB106069	PRJEB104209	Trip4	Deep	False	True
S47PRr1	${EQ_READS_DIR}/ERR16061318_1.fastq.gz	${EQ_READS_DIR}/ERR16061318_2.fastq.gz	ERR16061318	S47PRr1	ERS28392584	ERX15451500	S47PRr1_amp_lib1	PRJEB106069	PRJEB104209	Trip4	Rhizosphere	False	True
S47Sr1	${EQ_READS_DIR}/ERR16061319_1.fastq.gz	${EQ_READS_DIR}/ERR16061319_2.fastq.gz	ERR16061319	S47Sr1	ERS28392585	ERX15451501	S47Sr1_amp_lib1	PRJEB106069	PRJEB104209	Trip4	Surface	False	True
S48Dr1	${EQ_READS_DIR}/ERR16061320_1.fastq.gz	${EQ_READS_DIR}/ERR16061320_2.fastq.gz	ERR16061320	S48Dr1	ERS28392586	ERX15451502	S48Dr1_amp_lib1	PRJEB106069	PRJEB104209	Trip4	Deep	False	True
S48PRr1	${EQ_READS_DIR}/ERR16061321_1.fastq.gz	${EQ_READS_DIR}/ERR16061321_2.fastq.gz	ERR16061321	S48PRr1	ERS28392587	ERX15451503	S48PRr1_amp_lib1	PRJEB106069	PRJEB104209	Trip4	Rhizosphere	False	True
S48Sr1	${EQ_READS_DIR}/ERR16061322_1.fastq.gz	${EQ_READS_DIR}/ERR16061322_2.fastq.gz	ERR16061322	S48Sr1	ERS28392588	ERX15451504	S48Sr1_amp_lib1	PRJEB106069	PRJEB104209	Trip4	Surface	False	True
S49Dr1	${EQ_READS_DIR}/ERR16061323_1.fastq.gz	${EQ_READS_DIR}/ERR16061323_2.fastq.gz	ERR16061323	S49Dr1	ERS28392589	ERX15451505	S49Dr1_amp_lib1	PRJEB106069	PRJEB104209	Trip4	Deep	False	True
S49PRr1	${EQ_READS_DIR}/ERR16061324_1.fastq.gz	${EQ_READS_DIR}/ERR16061324_2.fastq.gz	ERR16061324	S49PRr1	ERS28392590	ERX15451506	S49PRr1_amp_lib1	PRJEB106069	PRJEB104209	Trip4	Rhizosphere	False	True
S49Sr1	${EQ_READS_DIR}/ERR16061325_1.fastq.gz	${EQ_READS_DIR}/ERR16061325_2.fastq.gz	ERR16061325	S49Sr1	ERS28392591	ERX15451507	S49Sr1_amp_lib1	PRJEB106069	PRJEB104209	Trip4	Surface	False	True
S50Dr1	${EQ_READS_DIR}/ERR16061326_1.fastq.gz	${EQ_READS_DIR}/ERR16061326_2.fastq.gz	ERR16061326	S50Dr1	ERS28392592	ERX15451508	S50Dr1_amp_lib1	PRJEB106069	PRJEB104209	Trip4	Deep	False	True
S50PRr1	${EQ_READS_DIR}/ERR16061327_1.fastq.gz	${EQ_READS_DIR}/ERR16061327_2.fastq.gz	ERR16061327	S50PRr1	ERS28392593	ERX15451509	S50PRr1_amp_lib1	PRJEB106069	PRJEB104209	Trip4	Rhizosphere	False	True
S50Sr1	${EQ_READS_DIR}/ERR16061328_1.fastq.gz	${EQ_READS_DIR}/ERR16061328_2.fastq.gz	ERR16061328	S50Sr1	ERS28392594	ERX15451510	S50Sr1_amp_lib1	PRJEB106069	PRJEB104209	Trip4	Surface	False	True
S51Dr1	${EQ_READS_DIR}/ERR16061329_1.fastq.gz	${EQ_READS_DIR}/ERR16061329_2.fastq.gz	ERR16061329	S51Dr1	ERS28392595	ERX15451511	S51Dr1_amp_lib1	PRJEB106069	PRJEB104209	Trip4	Deep	False	True
S51PRr1	${EQ_READS_DIR}/ERR16061330_1.fastq.gz	${EQ_READS_DIR}/ERR16061330_2.fastq.gz	ERR16061330	S51PRr1	ERS28392596	ERX15451512	S51PRr1_amp_lib1	PRJEB106069	PRJEB104209	Trip4	Rhizosphere	False	True
S51Sr1	${EQ_READS_DIR}/ERR16061331_1.fastq.gz	${EQ_READS_DIR}/ERR16061331_2.fastq.gz	ERR16061331	S51Sr1	ERS28392597	ERX15451513	S51Sr1_amp_lib1	PRJEB106069	PRJEB104209	Trip4	Surface	False	True
S52Dr1	${EQ_READS_DIR}/ERR16061332_1.fastq.gz	${EQ_READS_DIR}/ERR16061332_2.fastq.gz	ERR16061332	S52Dr1	ERS28392598	ERX15451514	S52Dr1_amp_lib1	PRJEB106069	PRJEB104209	Trip4	Deep	False	True
S52PRr1	${EQ_READS_DIR}/ERR16061333_1.fastq.gz	${EQ_READS_DIR}/ERR16061333_2.fastq.gz	ERR16061333	S52PRr1	ERS28392599	ERX15451515	S52PRr1_amp_lib1	PRJEB106069	PRJEB104209	Trip4	Rhizosphere	False	True
S52Sr1	${EQ_READS_DIR}/ERR16061334_1.fastq.gz	${EQ_READS_DIR}/ERR16061334_2.fastq.gz	ERR16061334	S52Sr1	ERS28392600	ERX15451516	S52Sr1_amp_lib1	PRJEB106069	PRJEB104209	Trip4	Surface	False	True
S53Dr1	${EQ_READS_DIR}/ERR16061335_1.fastq.gz	${EQ_READS_DIR}/ERR16061335_2.fastq.gz	ERR16061335	S53Dr1	ERS28392601	ERX15451517	S53Dr1_amp_lib1	PRJEB106069	PRJEB104209	Trip4	Deep	False	True
S53PRr1	${EQ_READS_DIR}/ERR16061336_1.fastq.gz	${EQ_READS_DIR}/ERR16061336_2.fastq.gz	ERR16061336	S53PRr1	ERS28392602	ERX15451518	S53PRr1_amp_lib1	PRJEB106069	PRJEB104209	Trip4	Rhizosphere	False	True
S53Sr1	${EQ_READS_DIR}/ERR16061337_1.fastq.gz	${EQ_READS_DIR}/ERR16061337_2.fastq.gz	ERR16061337	S53Sr1	ERS28392603	ERX15451519	S53Sr1_amp_lib1	PRJEB106069	PRJEB104209	Trip4	Surface	False	True
S54Dr1	${EQ_READS_DIR}/ERR16061338_1.fastq.gz	${EQ_READS_DIR}/ERR16061338_2.fastq.gz	ERR16061338	S54Dr1	ERS28392604	ERX15451520	S54Dr1_amp_lib1	PRJEB106069	PRJEB104209	Trip4	Deep	False	True
S54PRr1	${EQ_READS_DIR}/ERR16061339_1.fastq.gz	${EQ_READS_DIR}/ERR16061339_2.fastq.gz	ERR16061339	S54PRr1	ERS28392605	ERX15451521	S54PRr1_amp_lib1	PRJEB106069	PRJEB104209	Trip4	Rhizosphere	False	True
S54Sr1	${EQ_READS_DIR}/ERR16061340_1.fastq.gz	${EQ_READS_DIR}/ERR16061340_2.fastq.gz	ERR16061340	S54Sr1	ERS28392606	ERX15451522	S54Sr1_amp_lib1	PRJEB106069	PRJEB104209	Trip4	Surface	False	True
S55Dr1	${EQ_READS_DIR}/ERR16061341_1.fastq.gz	${EQ_READS_DIR}/ERR16061341_2.fastq.gz	ERR16061341	S55Dr1	ERS28392607	ERX15451523	S55Dr1_amp_lib1	PRJEB106069	PRJEB104209	Trip4	Deep	False	True
S55PRr1	${EQ_READS_DIR}/ERR16061342_1.fastq.gz	${EQ_READS_DIR}/ERR16061342_2.fastq.gz	ERR16061342	S55PRr1	ERS28392608	ERX15451524	S55PRr1_amp_lib1	PRJEB106069	PRJEB104209	Trip4	Rhizosphere	False	True
S55Sr1	${EQ_READS_DIR}/ERR16061343_1.fastq.gz	${EQ_READS_DIR}/ERR16061343_2.fastq.gz	ERR16061343	S55Sr1	ERS28392609	ERX15451525	S55Sr1_amp_lib1	PRJEB106069	PRJEB104209	Trip4	Surface	False	True
S56Dr1	${EQ_READS_DIR}/ERR16061344_1.fastq.gz	${EQ_READS_DIR}/ERR16061344_2.fastq.gz	ERR16061344	S56Dr1	ERS28392610	ERX15451526	S56Dr1_amp_lib1	PRJEB106069	PRJEB104209	Trip4	Deep	False	True
S56PRr1	${EQ_READS_DIR}/ERR16061345_1.fastq.gz	${EQ_READS_DIR}/ERR16061345_2.fastq.gz	ERR16061345	S56PRr1	ERS28392611	ERX15451527	S56PRr1_amp_lib1	PRJEB106069	PRJEB104209	Trip4	Rhizosphere	False	True
S56Sr1	${EQ_READS_DIR}/ERR16061346_1.fastq.gz	${EQ_READS_DIR}/ERR16061346_2.fastq.gz	ERR16061346	S56Sr1	ERS28392612	ERX15451528	S56Sr1_amp_lib1	PRJEB106069	PRJEB104209	Trip4	Surface	False	True
S57Dr1	${EQ_READS_DIR}/ERR16061347_1.fastq.gz	${EQ_READS_DIR}/ERR16061347_2.fastq.gz	ERR16061347	S57Dr1	ERS28392613	ERX15451529	S57Dr1_amp_lib1	PRJEB106069	PRJEB104209	Trip4	Deep	False	True
S57PRr1	${EQ_READS_DIR}/ERR16061348_1.fastq.gz	${EQ_READS_DIR}/ERR16061348_2.fastq.gz	ERR16061348	S57PRr1	ERS28392614	ERX15451530	S57PRr1_amp_lib1	PRJEB106069	PRJEB104209	Trip4	Rhizosphere	False	True
S57Sr1	${EQ_READS_DIR}/ERR16061349_1.fastq.gz	${EQ_READS_DIR}/ERR16061349_2.fastq.gz	ERR16061349	S57Sr1	ERS28392615	ERX15451531	S57Sr1_amp_lib1	PRJEB106069	PRJEB104209	Trip4	Surface	False	True
S58Dr1	${EQ_READS_DIR}/ERR16061350_1.fastq.gz	${EQ_READS_DIR}/ERR16061350_2.fastq.gz	ERR16061350	S58Dr1	ERS28392616	ERX15451532	S58Dr1_amp_lib1	PRJEB106069	PRJEB104209	Trip4	Deep	False	True
S58PRr1	${EQ_READS_DIR}/ERR16061351_1.fastq.gz	${EQ_READS_DIR}/ERR16061351_2.fastq.gz	ERR16061351	S58PRr1	ERS28392617	ERX15451533	S58PRr1_amp_lib1	PRJEB106069	PRJEB104209	Trip4	Rhizosphere	False	True
S58Sr1	${EQ_READS_DIR}/ERR16061352_1.fastq.gz	${EQ_READS_DIR}/ERR16061352_2.fastq.gz	ERR16061352	S58Sr1	ERS28392618	ERX15451534	S58Sr1_amp_lib1	PRJEB106069	PRJEB104209	Trip4	Surface	False	True
S59Dr1	${EQ_READS_DIR}/ERR16061353_1.fastq.gz	${EQ_READS_DIR}/ERR16061353_2.fastq.gz	ERR16061353	S59Dr1	ERS28392619	ERX15451535	S59Dr1_amp_lib1	PRJEB106069	PRJEB104209	Trip4	Deep	False	True
S59PRr1	${EQ_READS_DIR}/ERR16061354_1.fastq.gz	${EQ_READS_DIR}/ERR16061354_2.fastq.gz	ERR16061354	S59PRr1	ERS28392620	ERX15451536	S59PRr1_amp_lib1	PRJEB106069	PRJEB104209	Trip4	Rhizosphere	False	True
S59Sr1	${EQ_READS_DIR}/ERR16061355_1.fastq.gz	${EQ_READS_DIR}/ERR16061355_2.fastq.gz	ERR16061355	S59Sr1	ERS28392621	ERX15451537	S59Sr1_amp_lib1	PRJEB106069	PRJEB104209	Trip4	Surface	False	True
S60Dr1	${EQ_READS_DIR}/ERR16061356_1.fastq.gz	${EQ_READS_DIR}/ERR16061356_2.fastq.gz	ERR16061356	S60Dr1	ERS28392622	ERX15451538	S60Dr1_amp_lib1	PRJEB106069	PRJEB104209	Trip4	Deep	False	True
S60PRr1	${EQ_READS_DIR}/ERR16061357_1.fastq.gz	${EQ_READS_DIR}/ERR16061357_2.fastq.gz	ERR16061357	S60PRr1	ERS28392623	ERX15451539	S60PRr1_amp_lib1	PRJEB106069	PRJEB104209	Trip4	Rhizosphere	False	True
S60Sr1	${EQ_READS_DIR}/ERR16061358_1.fastq.gz	${EQ_READS_DIR}/ERR16061358_2.fastq.gz	ERR16061358	S60Sr1	ERS28392624	ERX15451540	S60Sr1_amp_lib1	PRJEB106069	PRJEB104209	Trip4	Surface	False	True
1Dr1	${EQ_READS_DIR}/ERR16062262_1.fastq.gz	${EQ_READS_DIR}/ERR16062262_2.fastq.gz	ERR16062262	1Dr1	ERS28392947	ERX15452444	1Dr1_amp_lib1	PRJEB106069	PRJEB104209	Trip1	Deep	False	True
1Dr2	${EQ_READS_DIR}/ERR16062263_1.fastq.gz	${EQ_READS_DIR}/ERR16062263_2.fastq.gz	ERR16062263	1Dr2	ERS28392948	ERX15452445	1Dr2_amp_lib1	PRJEB106069	PRJEB104209	Trip1	Deep	False	True
1Dr3	${EQ_READS_DIR}/ERR16062264_1.fastq.gz	${EQ_READS_DIR}/ERR16062264_2.fastq.gz	ERR16062264	1Dr3	ERS28392949	ERX15452446	1Dr3_amp_lib1	PRJEB106069	PRJEB104209	Trip1	Deep	False	True
1Sr1	${EQ_READS_DIR}/ERR16062265_1.fastq.gz	${EQ_READS_DIR}/ERR16062265_2.fastq.gz	ERR16062265	1Sr1	ERS28392950	ERX15452447	1Sr1_amp_lib1	PRJEB106069	PRJEB104209	Trip1	Surface	False	True
1Sr2	${EQ_READS_DIR}/ERR16062266_1.fastq.gz	${EQ_READS_DIR}/ERR16062266_2.fastq.gz	ERR16062266	1Sr2	ERS28392951	ERX15452448	1Sr2_amp_lib1	PRJEB106069	PRJEB104209	Trip1	Surface	False	True
1Sr3	${EQ_READS_DIR}/ERR16062267_1.fastq.gz	${EQ_READS_DIR}/ERR16062267_2.fastq.gz	ERR16062267	1Sr3	ERS28392952	ERX15452449	1Sr3_amp_lib1	PRJEB106069	PRJEB104209	Trip1	Surface	False	True
1PRr2	${EQ_READS_DIR}/ERR16062268_1.fastq.gz	${EQ_READS_DIR}/ERR16062268_2.fastq.gz	ERR16062268	1PRr2	ERS28392953	ERX15452450	1PRr2_amp_lib1	PRJEB106069	PRJEB104209	Trip1	Rhizosphere	False	True
1PRr3	${EQ_READS_DIR}/ERR16062269_1.fastq.gz	${EQ_READS_DIR}/ERR16062269_2.fastq.gz	ERR16062269	1PRr3	ERS28392954	ERX15452451	1PRr3_amp_lib1	PRJEB106069	PRJEB104209	Trip1	Rhizosphere	False	True
2Dr1	${EQ_READS_DIR}/ERR16062270_1.fastq.gz	${EQ_READS_DIR}/ERR16062270_2.fastq.gz	ERR16062270	2Dr1	ERS28392955	ERX15452452	2Dr1_amp_lib1	PRJEB106069	PRJEB104209	Trip1	Deep	False	True
2Dr2	${EQ_READS_DIR}/ERR16062271_1.fastq.gz	${EQ_READS_DIR}/ERR16062271_2.fastq.gz	ERR16062271	2Dr2	ERS28392956	ERX15452453	2Dr2_amp_lib1	PRJEB106069	PRJEB104209	Trip1	Deep	False	True
2Dr3	${EQ_READS_DIR}/ERR16062272_1.fastq.gz	${EQ_READS_DIR}/ERR16062272_2.fastq.gz	ERR16062272	2Dr3	ERS28392957	ERX15452454	2Dr3_amp_lib1	PRJEB106069	PRJEB104209	Trip1	Deep	False	True
2Sr1	${EQ_READS_DIR}/ERR16062273_1.fastq.gz	${EQ_READS_DIR}/ERR16062273_2.fastq.gz	ERR16062273	2Sr1	ERS28392958	ERX15452455	2Sr1_amp_lib1	PRJEB106069	PRJEB104209	Trip1	Surface	False	True
2Sr3	${EQ_READS_DIR}/ERR16062274_1.fastq.gz	${EQ_READS_DIR}/ERR16062274_2.fastq.gz	ERR16062274	2Sr3	ERS28392959	ERX15452456	2Sr3_amp_lib1	PRJEB106069	PRJEB104209	Trip1	Surface	False	True
2PRr1	${EQ_READS_DIR}/ERR16062275_1.fastq.gz	${EQ_READS_DIR}/ERR16062275_2.fastq.gz	ERR16062275	2PRr1	ERS28392960	ERX15452457	2PRr1_amp_lib1	PRJEB106069	PRJEB104209	Trip1	Rhizosphere	False	True
2PRr2	${EQ_READS_DIR}/ERR16062276_1.fastq.gz	${EQ_READS_DIR}/ERR16062276_2.fastq.gz	ERR16062276	2PRr2	ERS28392961	ERX15452458	2PRr2_amp_lib1	PRJEB106069	PRJEB104209	Trip1	Rhizosphere	False	True
3Dr2	${EQ_READS_DIR}/ERR16062277_1.fastq.gz	${EQ_READS_DIR}/ERR16062277_2.fastq.gz	ERR16062277	3Dr2	ERS28392962	ERX15452459	3Dr2_amp_lib1	PRJEB106069	PRJEB104209	Trip1	Deep	False	True
3Dr3	${EQ_READS_DIR}/ERR16062278_1.fastq.gz	${EQ_READS_DIR}/ERR16062278_2.fastq.gz	ERR16062278	3Dr3	ERS28392963	ERX15452460	3Dr3_amp_lib1	PRJEB106069	PRJEB104209	Trip1	Deep	False	True
3Sr1	${EQ_READS_DIR}/ERR16062279_1.fastq.gz	${EQ_READS_DIR}/ERR16062279_2.fastq.gz	ERR16062279	3Sr1	ERS28392964	ERX15452461	3Sr1_amp_lib1	PRJEB106069	PRJEB104209	Trip1	Surface	False	True
3Sr3	${EQ_READS_DIR}/ERR16062280_1.fastq.gz	${EQ_READS_DIR}/ERR16062280_2.fastq.gz	ERR16062280	3Sr3	ERS28392965	ERX15452462	3Sr3_amp_lib1	PRJEB106069	PRJEB104209	Trip1	Surface	False	True
3PRr1	${EQ_READS_DIR}/ERR16062281_1.fastq.gz	${EQ_READS_DIR}/ERR16062281_2.fastq.gz	ERR16062281	3PRr1	ERS28392966	ERX15452463	3PRr1_amp_lib1	PRJEB106069	PRJEB104209	Trip1	Rhizosphere	False	True
3PRr2	${EQ_READS_DIR}/ERR16062282_1.fastq.gz	${EQ_READS_DIR}/ERR16062282_2.fastq.gz	ERR16062282	3PRr2	ERS28392967	ERX15452464	3PRr2_amp_lib1	PRJEB106069	PRJEB104209	Trip1	Rhizosphere	False	True
3PRr3	${EQ_READS_DIR}/ERR16062283_1.fastq.gz	${EQ_READS_DIR}/ERR16062283_2.fastq.gz	ERR16062283	3PRr3	ERS28392968	ERX15452465	3PRr3_amp_lib1	PRJEB106069	PRJEB104209	Trip1	Rhizosphere	False	True
4Dr1	${EQ_READS_DIR}/ERR16062284_1.fastq.gz	${EQ_READS_DIR}/ERR16062284_2.fastq.gz	ERR16062284	4Dr1	ERS28392969	ERX15452466	4Dr1_amp_lib1	PRJEB106069	PRJEB104209	Trip1	Deep	False	True
4Dr2	${EQ_READS_DIR}/ERR16062285_1.fastq.gz	${EQ_READS_DIR}/ERR16062285_2.fastq.gz	ERR16062285	4Dr2	ERS28392970	ERX15452467	4Dr2_amp_lib1	PRJEB106069	PRJEB104209	Trip1	Deep	False	True
4Dr3	${EQ_READS_DIR}/ERR16062286_1.fastq.gz	${EQ_READS_DIR}/ERR16062286_2.fastq.gz	ERR16062286	4Dr3	ERS28392971	ERX15452468	4Dr3_amp_lib1	PRJEB106069	PRJEB104209	Trip1	Deep	False	True
4Sr1	${EQ_READS_DIR}/ERR16062287_1.fastq.gz	${EQ_READS_DIR}/ERR16062287_2.fastq.gz	ERR16062287	4Sr1	ERS28392972	ERX15452469	4Sr1_amp_lib1	PRJEB106069	PRJEB104209	Trip1	Surface	False	True
4PRr1	${EQ_READS_DIR}/ERR16062288_1.fastq.gz	${EQ_READS_DIR}/ERR16062288_2.fastq.gz	ERR16062288	4PRr1	ERS28392973	ERX15452470	4PRr1_amp_lib1	PRJEB106069	PRJEB104209	Trip1	Rhizosphere	False	True
4PRr2	${EQ_READS_DIR}/ERR16062289_1.fastq.gz	${EQ_READS_DIR}/ERR16062289_2.fastq.gz	ERR16062289	4PRr2	ERS28392974	ERX15452471	4PRr2_amp_lib1	PRJEB106069	PRJEB104209	Trip1	Rhizosphere	False	True
4PRr3	${EQ_READS_DIR}/ERR16062290_1.fastq.gz	${EQ_READS_DIR}/ERR16062290_2.fastq.gz	ERR16062290	4PRr3	ERS28392975	ERX15452472	4PRr3_amp_lib1	PRJEB106069	PRJEB104209	Trip1	Rhizosphere	False	True
5Dr1	${EQ_READS_DIR}/ERR16062291_1.fastq.gz	${EQ_READS_DIR}/ERR16062291_2.fastq.gz	ERR16062291	5Dr1	ERS28392976	ERX15452473	5Dr1_amp_lib1	PRJEB106069	PRJEB104209	Trip1	Deep	False	True
5Dr2	${EQ_READS_DIR}/ERR16062292_1.fastq.gz	${EQ_READS_DIR}/ERR16062292_2.fastq.gz	ERR16062292	5Dr2	ERS28392977	ERX15452474	5Dr2_amp_lib1	PRJEB106069	PRJEB104209	Trip1	Deep	False	True
5Sr1	${EQ_READS_DIR}/ERR16062293_1.fastq.gz	${EQ_READS_DIR}/ERR16062293_2.fastq.gz	ERR16062293	5Sr1	ERS28392978	ERX15452475	5Sr1_amp_lib1	PRJEB106069	PRJEB104209	Trip1	Surface	False	True
5Sr2	${EQ_READS_DIR}/ERR16062294_1.fastq.gz	${EQ_READS_DIR}/ERR16062294_2.fastq.gz	ERR16062294	5Sr2	ERS28392979	ERX15452476	5Sr2_amp_lib1	PRJEB106069	PRJEB104209	Trip1	Surface	False	True
5Sr3	${EQ_READS_DIR}/ERR16062295_1.fastq.gz	${EQ_READS_DIR}/ERR16062295_2.fastq.gz	ERR16062295	5Sr3	ERS28392980	ERX15452477	5Sr3_amp_lib1	PRJEB106069	PRJEB104209	Trip1	Surface	False	True
6Dr1	${EQ_READS_DIR}/ERR16062296_1.fastq.gz	${EQ_READS_DIR}/ERR16062296_2.fastq.gz	ERR16062296	6Dr1	ERS28392981	ERX15452478	6Dr1_amp_lib1	PRJEB106069	PRJEB104209	Trip1	Deep	False	True
6Dr3	${EQ_READS_DIR}/ERR16062297_1.fastq.gz	${EQ_READS_DIR}/ERR16062297_2.fastq.gz	ERR16062297	6Dr3	ERS28392982	ERX15452479	6Dr3_amp_lib1	PRJEB106069	PRJEB104209	Trip1	Deep	False	True
6Sr1	${EQ_READS_DIR}/ERR16062298_1.fastq.gz	${EQ_READS_DIR}/ERR16062298_2.fastq.gz	ERR16062298	6Sr1	ERS28392983	ERX15452480	6Sr1_amp_lib1	PRJEB106069	PRJEB104209	Trip1	Surface	False	True
6Sr2	${EQ_READS_DIR}/ERR16062299_1.fastq.gz	${EQ_READS_DIR}/ERR16062299_2.fastq.gz	ERR16062299	6Sr2	ERS28392984	ERX15452481	6Sr2_amp_lib1	PRJEB106069	PRJEB104209	Trip1	Surface	False	True
6PRr1	${EQ_READS_DIR}/ERR16062300_1.fastq.gz	${EQ_READS_DIR}/ERR16062300_2.fastq.gz	ERR16062300	6PRr1	ERS28392985	ERX15452482	6PRr1_amp_lib1	PRJEB106069	PRJEB104209	Trip1	Rhizosphere	False	True
6PRr2	${EQ_READS_DIR}/ERR16062301_1.fastq.gz	${EQ_READS_DIR}/ERR16062301_2.fastq.gz	ERR16062301	6PRr2	ERS28392986	ERX15452483	6PRr2_amp_lib1	PRJEB106069	PRJEB104209	Trip1	Rhizosphere	False	True
7Dr1	${EQ_READS_DIR}/ERR16062302_1.fastq.gz	${EQ_READS_DIR}/ERR16062302_2.fastq.gz	ERR16062302	7Dr1	ERS28392987	ERX15452484	7Dr1_amp_lib1	PRJEB106069	PRJEB104209	Trip1	Deep	False	True
7Dr2	${EQ_READS_DIR}/ERR16062303_1.fastq.gz	${EQ_READS_DIR}/ERR16062303_2.fastq.gz	ERR16062303	7Dr2	ERS28392988	ERX15452485	7Dr2_amp_lib1	PRJEB106069	PRJEB104209	Trip1	Deep	False	True
7Sr1	${EQ_READS_DIR}/ERR16062304_1.fastq.gz	${EQ_READS_DIR}/ERR16062304_2.fastq.gz	ERR16062304	7Sr1	ERS28392989	ERX15452486	7Sr1_amp_lib1	PRJEB106069	PRJEB104209	Trip1	Surface	False	True
7Sr2	${EQ_READS_DIR}/ERR16062305_1.fastq.gz	${EQ_READS_DIR}/ERR16062305_2.fastq.gz	ERR16062305	7Sr2	ERS28392990	ERX15452487	7Sr2_amp_lib1	PRJEB106069	PRJEB104209	Trip1	Surface	False	True
7PRr2	${EQ_READS_DIR}/ERR16062306_1.fastq.gz	${EQ_READS_DIR}/ERR16062306_2.fastq.gz	ERR16062306	7PRr2	ERS28392991	ERX15452488	7PRr2_amp_lib1	PRJEB106069	PRJEB104209	Trip1	Rhizosphere	False	True
8Sr2	${EQ_READS_DIR}/ERR16062307_1.fastq.gz	${EQ_READS_DIR}/ERR16062307_2.fastq.gz	ERR16062307	8Sr2	ERS28392992	ERX15452489	8Sr2_amp_lib1	PRJEB106069	PRJEB104209	Trip1	Surface	False	True
8Sr3	${EQ_READS_DIR}/ERR16062308_1.fastq.gz	${EQ_READS_DIR}/ERR16062308_2.fastq.gz	ERR16062308	8Sr3	ERS28392993	ERX15452490	8Sr3_amp_lib1	PRJEB106069	PRJEB104209	Trip1	Surface	False	True
8PRr1	${EQ_READS_DIR}/ERR16062309_1.fastq.gz	${EQ_READS_DIR}/ERR16062309_2.fastq.gz	ERR16062309	8PRr1	ERS28392994	ERX15452491	8PRr1_amp_lib1	PRJEB106069	PRJEB104209	Trip1	Rhizosphere	False	True
8PRr2	${EQ_READS_DIR}/ERR16062310_1.fastq.gz	${EQ_READS_DIR}/ERR16062310_2.fastq.gz	ERR16062310	8PRr2	ERS28392995	ERX15452492	8PRr2_amp_lib1	PRJEB106069	PRJEB104209	Trip1	Rhizosphere	False	True
8PRr3	${EQ_READS_DIR}/ERR16062311_1.fastq.gz	${EQ_READS_DIR}/ERR16062311_2.fastq.gz	ERR16062311	8PRr3	ERS28392996	ERX15452493	8PRr3_amp_lib1	PRJEB106069	PRJEB104209	Trip1	Rhizosphere	False	True
9Dr1	${EQ_READS_DIR}/ERR16062312_1.fastq.gz	${EQ_READS_DIR}/ERR16062312_2.fastq.gz	ERR16062312	9Dr1	ERS28392997	ERX15452494	9Dr1_amp_lib1	PRJEB106069	PRJEB104209	Trip1	Deep	False	True
9Dr3	${EQ_READS_DIR}/ERR16062313_1.fastq.gz	${EQ_READS_DIR}/ERR16062313_2.fastq.gz	ERR16062313	9Dr3	ERS28392998	ERX15452495	9Dr3_amp_lib1	PRJEB106069	PRJEB104209	Trip1	Deep	False	True
9Sr1	${EQ_READS_DIR}/ERR16062314_1.fastq.gz	${EQ_READS_DIR}/ERR16062314_2.fastq.gz	ERR16062314	9Sr1	ERS28392999	ERX15452496	9Sr1_amp_lib1	PRJEB106069	PRJEB104209	Trip1	Surface	False	True
9Sr2	${EQ_READS_DIR}/ERR16062315_1.fastq.gz	${EQ_READS_DIR}/ERR16062315_2.fastq.gz	ERR16062315	9Sr2	ERS28393000	ERX15452497	9Sr2_amp_lib1	PRJEB106069	PRJEB104209	Trip1	Surface	False	True
9Sr3	${EQ_READS_DIR}/ERR16062316_1.fastq.gz	${EQ_READS_DIR}/ERR16062316_2.fastq.gz	ERR16062316	9Sr3	ERS28393001	ERX15452498	9Sr3_amp_lib1	PRJEB106069	PRJEB104209	Trip1	Surface	False	True
9PRr2	${EQ_READS_DIR}/ERR16062317_1.fastq.gz	${EQ_READS_DIR}/ERR16062317_2.fastq.gz	ERR16062317	9PRr2	ERS28393002	ERX15452499	9PRr2_amp_lib1	PRJEB106069	PRJEB104209	Trip1	Rhizosphere	False	True
9PRr3	${EQ_READS_DIR}/ERR16062318_1.fastq.gz	${EQ_READS_DIR}/ERR16062318_2.fastq.gz	ERR16062318	9PRr3	ERS28393003	ERX15452500	9PRr3_amp_lib1	PRJEB106069	PRJEB104209	Trip1	Rhizosphere	False	True
10Dr1	${EQ_READS_DIR}/ERR16062319_1.fastq.gz	${EQ_READS_DIR}/ERR16062319_2.fastq.gz	ERR16062319	10Dr1	ERS28393004	ERX15452501	10Dr1_amp_lib1	PRJEB106069	PRJEB104209	Trip1	Deep	False	True
10Dr2	${EQ_READS_DIR}/ERR16062320_1.fastq.gz	${EQ_READS_DIR}/ERR16062320_2.fastq.gz	ERR16062320	10Dr2	ERS28393005	ERX15452502	10Dr2_amp_lib1	PRJEB106069	PRJEB104209	Trip1	Deep	False	True
10Sr2	${EQ_READS_DIR}/ERR16062321_1.fastq.gz	${EQ_READS_DIR}/ERR16062321_2.fastq.gz	ERR16062321	10Sr2	ERS28393006	ERX15452503	10Sr2_amp_lib1	PRJEB106069	PRJEB104209	Trip1	Surface	False	True
10Sr3	${EQ_READS_DIR}/ERR16062322_1.fastq.gz	${EQ_READS_DIR}/ERR16062322_2.fastq.gz	ERR16062322	10Sr3	ERS28393007	ERX15452504	10Sr3_amp_lib1	PRJEB106069	PRJEB104209	Trip1	Surface	False	True
10PRr2	${EQ_READS_DIR}/ERR16062323_1.fastq.gz	${EQ_READS_DIR}/ERR16062323_2.fastq.gz	ERR16062323	10PRr2	ERS28393008	ERX15452505	10PRr2_amp_lib1	PRJEB106069	PRJEB104209	Trip1	Rhizosphere	False	True
10PRr3	${EQ_READS_DIR}/ERR16062324_1.fastq.gz	${EQ_READS_DIR}/ERR16062324_2.fastq.gz	ERR16062324	10PRr3	ERS28393009	ERX15452506	10PRr3_amp_lib1	PRJEB106069	PRJEB104209	Trip1	Rhizosphere	False	True
11Dr1	${EQ_READS_DIR}/ERR16062325_1.fastq.gz	${EQ_READS_DIR}/ERR16062325_2.fastq.gz	ERR16062325	11Dr1	ERS28393010	ERX15452507	11Dr1_amp_lib1	PRJEB106069	PRJEB104209	Trip1	Deep	False	True
11Dr3	${EQ_READS_DIR}/ERR16062326_1.fastq.gz	${EQ_READS_DIR}/ERR16062326_2.fastq.gz	ERR16062326	11Dr3	ERS28393011	ERX15452508	11Dr3_amp_lib1	PRJEB106069	PRJEB104209	Trip1	Deep	False	True
11Sr2	${EQ_READS_DIR}/ERR16062327_1.fastq.gz	${EQ_READS_DIR}/ERR16062327_2.fastq.gz	ERR16062327	11Sr2	ERS28393012	ERX15452509	11Sr2_amp_lib1	PRJEB106069	PRJEB104209	Trip1	Surface	False	True
11PRr1	${EQ_READS_DIR}/ERR16062328_1.fastq.gz	${EQ_READS_DIR}/ERR16062328_2.fastq.gz	ERR16062328	11PRr1	ERS28393013	ERX15452510	11PRr1_amp_lib1	PRJEB106069	PRJEB104209	Trip1	Rhizosphere	False	True
11PRr2	${EQ_READS_DIR}/ERR16062329_1.fastq.gz	${EQ_READS_DIR}/ERR16062329_2.fastq.gz	ERR16062329	11PRr2	ERS28393014	ERX15452511	11PRr2_amp_lib1	PRJEB106069	PRJEB104209	Trip1	Rhizosphere	False	True
11PRr3	${EQ_READS_DIR}/ERR16062330_1.fastq.gz	${EQ_READS_DIR}/ERR16062330_2.fastq.gz	ERR16062330	11PRr3	ERS28393015	ERX15452512	11PRr3_amp_lib1	PRJEB106069	PRJEB104209	Trip1	Rhizosphere	False	True
12Dr2	${EQ_READS_DIR}/ERR16062331_1.fastq.gz	${EQ_READS_DIR}/ERR16062331_2.fastq.gz	ERR16062331	12Dr2	ERS28393016	ERX15452513	12Dr2_amp_lib1	PRJEB106069	PRJEB104209	Trip1	Deep	False	True
12Dr3	${EQ_READS_DIR}/ERR16062332_1.fastq.gz	${EQ_READS_DIR}/ERR16062332_2.fastq.gz	ERR16062332	12Dr3	ERS28393017	ERX15452514	12Dr3_amp_lib1	PRJEB106069	PRJEB104209	Trip1	Deep	False	True
12Sr1	${EQ_READS_DIR}/ERR16062333_1.fastq.gz	${EQ_READS_DIR}/ERR16062333_2.fastq.gz	ERR16062333	12Sr1	ERS28393018	ERX15452515	12Sr1_amp_lib1	PRJEB106069	PRJEB104209	Trip1	Surface	False	True
12Sr2	${EQ_READS_DIR}/ERR16062334_1.fastq.gz	${EQ_READS_DIR}/ERR16062334_2.fastq.gz	ERR16062334	12Sr2	ERS28393019	ERX15452516	12Sr2_amp_lib1	PRJEB106069	PRJEB104209	Trip1	Surface	False	True
12Sr3	${EQ_READS_DIR}/ERR16062335_1.fastq.gz	${EQ_READS_DIR}/ERR16062335_2.fastq.gz	ERR16062335	12Sr3	ERS28393020	ERX15452517	12Sr3_amp_lib1	PRJEB106069	PRJEB104209	Trip1	Surface	False	True
12PRr1	${EQ_READS_DIR}/ERR16062336_1.fastq.gz	${EQ_READS_DIR}/ERR16062336_2.fastq.gz	ERR16062336	12PRr1	ERS28393021	ERX15452518	12PRr1_amp_lib1	PRJEB106069	PRJEB104209	Trip1	Rhizosphere	False	True
12PRr3	${EQ_READS_DIR}/ERR16062337_1.fastq.gz	${EQ_READS_DIR}/ERR16062337_2.fastq.gz	ERR16062337	12PRr3	ERS28393022	ERX15452519	12PRr3_amp_lib1	PRJEB106069	PRJEB104209	Trip1	Rhizosphere	False	True
13Dr1	${EQ_READS_DIR}/ERR16062338_1.fastq.gz	${EQ_READS_DIR}/ERR16062338_2.fastq.gz	ERR16062338	13Dr1	ERS28393023	ERX15452520	13Dr1_amp_lib1	PRJEB106069	PRJEB104209	Trip1	Deep	False	True
13Dr3	${EQ_READS_DIR}/ERR16062339_1.fastq.gz	${EQ_READS_DIR}/ERR16062339_2.fastq.gz	ERR16062339	13Dr3	ERS28393024	ERX15452521	13Dr3_amp_lib1	PRJEB106069	PRJEB104209	Trip1	Deep	False	True
13Sr2	${EQ_READS_DIR}/ERR16062340_1.fastq.gz	${EQ_READS_DIR}/ERR16062340_2.fastq.gz	ERR16062340	13Sr2	ERS28393025	ERX15452522	13Sr2_amp_lib1	PRJEB106069	PRJEB104209	Trip1	Surface	False	True
14Dr1	${EQ_READS_DIR}/ERR16062341_1.fastq.gz	${EQ_READS_DIR}/ERR16062341_2.fastq.gz	ERR16062341	14Dr1	ERS28393026	ERX15452523	14Dr1_amp_lib1	PRJEB106069	PRJEB104209	Trip1	Deep	False	True
14Dr2	${EQ_READS_DIR}/ERR16062342_1.fastq.gz	${EQ_READS_DIR}/ERR16062342_2.fastq.gz	ERR16062342	14Dr2	ERS28393027	ERX15452524	14Dr2_amp_lib1	PRJEB106069	PRJEB104209	Trip1	Deep	False	True
14Dr3	${EQ_READS_DIR}/ERR16062343_1.fastq.gz	${EQ_READS_DIR}/ERR16062343_2.fastq.gz	ERR16062343	14Dr3	ERS28393028	ERX15452525	14Dr3_amp_lib1	PRJEB106069	PRJEB104209	Trip1	Deep	False	True
14Sr2	${EQ_READS_DIR}/ERR16062344_1.fastq.gz	${EQ_READS_DIR}/ERR16062344_2.fastq.gz	ERR16062344	14Sr2	ERS28393029	ERX15452526	14Sr2_amp_lib1	PRJEB106069	PRJEB104209	Trip1	Surface	False	True
14PRr1	${EQ_READS_DIR}/ERR16062345_1.fastq.gz	${EQ_READS_DIR}/ERR16062345_2.fastq.gz	ERR16062345	14PRr1	ERS28393030	ERX15452527	14PRr1_amp_lib1	PRJEB106069	PRJEB104209	Trip1	Rhizosphere	False	True
14PRr2	${EQ_READS_DIR}/ERR16062346_1.fastq.gz	${EQ_READS_DIR}/ERR16062346_2.fastq.gz	ERR16062346	14PRr2	ERS28393031	ERX15452528	14PRr2_amp_lib1	PRJEB106069	PRJEB104209	Trip1	Rhizosphere	False	True
15Dr1	${EQ_READS_DIR}/ERR16062347_1.fastq.gz	${EQ_READS_DIR}/ERR16062347_2.fastq.gz	ERR16062347	15Dr1	ERS28393032	ERX15452529	15Dr1_amp_lib1	PRJEB106069	PRJEB104209	Trip1	Deep	False	True
15Dr3	${EQ_READS_DIR}/ERR16062348_1.fastq.gz	${EQ_READS_DIR}/ERR16062348_2.fastq.gz	ERR16062348	15Dr3	ERS28393033	ERX15452530	15Dr3_amp_lib1	PRJEB106069	PRJEB104209	Trip1	Deep	False	True
15Sr1	${EQ_READS_DIR}/ERR16062349_1.fastq.gz	${EQ_READS_DIR}/ERR16062349_2.fastq.gz	ERR16062349	15Sr1	ERS28393034	ERX15452531	15Sr1_amp_lib1	PRJEB106069	PRJEB104209	Trip1	Surface	False	True
15Sr3	${EQ_READS_DIR}/ERR16062350_1.fastq.gz	${EQ_READS_DIR}/ERR16062350_2.fastq.gz	ERR16062350	15Sr3	ERS28393035	ERX15452532	15Sr3_amp_lib1	PRJEB106069	PRJEB104209	Trip1	Surface	False	True
15PRr1	${EQ_READS_DIR}/ERR16062351_1.fastq.gz	${EQ_READS_DIR}/ERR16062351_2.fastq.gz	ERR16062351	15PRr1	ERS28393036	ERX15452533	15PRr1_amp_lib1	PRJEB106069	PRJEB104209	Trip1	Rhizosphere	False	True
15PRr2	${EQ_READS_DIR}/ERR16062352_1.fastq.gz	${EQ_READS_DIR}/ERR16062352_2.fastq.gz	ERR16062352	15PRr2	ERS28393037	ERX15452534	15PRr2_amp_lib1	PRJEB106069	PRJEB104209	Trip1	Rhizosphere	False	True
15PRr3	${EQ_READS_DIR}/ERR16062353_1.fastq.gz	${EQ_READS_DIR}/ERR16062353_2.fastq.gz	ERR16062353	15PRr3	ERS28393038	ERX15452535	15PRr3_amp_lib1	PRJEB106069	PRJEB104209	Trip1	Rhizosphere	False	True
16Dr1	${EQ_READS_DIR}/ERR16062354_1.fastq.gz	${EQ_READS_DIR}/ERR16062354_2.fastq.gz	ERR16062354	16Dr1	ERS28393039	ERX15452536	16Dr1_amp_lib1	PRJEB106069	PRJEB104209	Trip1	Deep	False	True
16Dr3	${EQ_READS_DIR}/ERR16062355_1.fastq.gz	${EQ_READS_DIR}/ERR16062355_2.fastq.gz	ERR16062355	16Dr3	ERS28393040	ERX15452537	16Dr3_amp_lib1	PRJEB106069	PRJEB104209	Trip1	Deep	False	True
16Sr1	${EQ_READS_DIR}/ERR16062356_1.fastq.gz	${EQ_READS_DIR}/ERR16062356_2.fastq.gz	ERR16062356	16Sr1	ERS28393041	ERX15452538	16Sr1_amp_lib1	PRJEB106069	PRJEB104209	Trip1	Surface	False	True
16PRr1	${EQ_READS_DIR}/ERR16062357_1.fastq.gz	${EQ_READS_DIR}/ERR16062357_2.fastq.gz	ERR16062357	16PRr1	ERS28393042	ERX15452539	16PRr1_amp_lib1	PRJEB106069	PRJEB104209	Trip1	Rhizosphere	False	True
16PRr2	${EQ_READS_DIR}/ERR16062358_1.fastq.gz	${EQ_READS_DIR}/ERR16062358_2.fastq.gz	ERR16062358	16PRr2	ERS28393043	ERX15452540	16PRr2_amp_lib1	PRJEB106069	PRJEB104209	Trip1	Rhizosphere	False	True
16PRr3	${EQ_READS_DIR}/ERR16062359_1.fastq.gz	${EQ_READS_DIR}/ERR16062359_2.fastq.gz	ERR16062359	16PRr3	ERS28393044	ERX15452541	16PRr3_amp_lib1	PRJEB106069	PRJEB104209	Trip1	Rhizosphere	False	True
17Dr1	${EQ_READS_DIR}/ERR16062360_1.fastq.gz	${EQ_READS_DIR}/ERR16062360_2.fastq.gz	ERR16062360	17Dr1	ERS28393045	ERX15452542	17Dr1_amp_lib1	PRJEB106069	PRJEB104209	Trip1	Deep	False	True
17Dr2	${EQ_READS_DIR}/ERR16062361_1.fastq.gz	${EQ_READS_DIR}/ERR16062361_2.fastq.gz	ERR16062361	17Dr2	ERS28393046	ERX15452543	17Dr2_amp_lib1	PRJEB106069	PRJEB104209	Trip1	Deep	False	True
17Dr3	${EQ_READS_DIR}/ERR16062362_1.fastq.gz	${EQ_READS_DIR}/ERR16062362_2.fastq.gz	ERR16062362	17Dr3	ERS28393047	ERX15452544	17Dr3_amp_lib1	PRJEB106069	PRJEB104209	Trip1	Deep	False	True
17Sr1	${EQ_READS_DIR}/ERR16062363_1.fastq.gz	${EQ_READS_DIR}/ERR16062363_2.fastq.gz	ERR16062363	17Sr1	ERS28393048	ERX15452545	17Sr1_amp_lib1	PRJEB106069	PRJEB104209	Trip1	Surface	False	True
17Sr2	${EQ_READS_DIR}/ERR16062364_1.fastq.gz	${EQ_READS_DIR}/ERR16062364_2.fastq.gz	ERR16062364	17Sr2	ERS28393049	ERX15452546	17Sr2_amp_lib1	PRJEB106069	PRJEB104209	Trip1	Surface	False	True
17Sr3	${EQ_READS_DIR}/ERR16062365_1.fastq.gz	${EQ_READS_DIR}/ERR16062365_2.fastq.gz	ERR16062365	17Sr3	ERS28393050	ERX15452547	17Sr3_amp_lib1	PRJEB106069	PRJEB104209	Trip1	Surface	False	True
17PRr2	${EQ_READS_DIR}/ERR16062366_1.fastq.gz	${EQ_READS_DIR}/ERR16062366_2.fastq.gz	ERR16062366	17PRr2	ERS28393051	ERX15452548	17PRr2_amp_lib1	PRJEB106069	PRJEB104209	Trip1	Rhizosphere	False	True
17PRr3	${EQ_READS_DIR}/ERR16062367_1.fastq.gz	${EQ_READS_DIR}/ERR16062367_2.fastq.gz	ERR16062367	17PRr3	ERS28393052	ERX15452549	17PRr3_amp_lib1	PRJEB106069	PRJEB104209	Trip1	Rhizosphere	False	True
18Dr2	${EQ_READS_DIR}/ERR16062368_1.fastq.gz	${EQ_READS_DIR}/ERR16062368_2.fastq.gz	ERR16062368	18Dr2	ERS28393053	ERX15452550	18Dr2_amp_lib1	PRJEB106069	PRJEB104209	Trip1	Deep	False	True
18PRr1	${EQ_READS_DIR}/ERR16062369_1.fastq.gz	${EQ_READS_DIR}/ERR16062369_2.fastq.gz	ERR16062369	18PRr1	ERS28393054	ERX15452551	18PRr1_amp_lib1	PRJEB106069	PRJEB104209	Trip1	Rhizosphere	False	True
18PRr2	${EQ_READS_DIR}/ERR16062370_1.fastq.gz	${EQ_READS_DIR}/ERR16062370_2.fastq.gz	ERR16062370	18PRr2	ERS28393055	ERX15452552	18PRr2_amp_lib1	PRJEB106069	PRJEB104209	Trip1	Rhizosphere	False	True
18Sr1	${EQ_READS_DIR}/ERR16062371_1.fastq.gz	${EQ_READS_DIR}/ERR16062371_2.fastq.gz	ERR16062371	18Sr1	ERS28393056	ERX15452553	18Sr1_amp_lib1	PRJEB106069	PRJEB104209	Trip1	Surface	False	True
18Sr2	${EQ_READS_DIR}/ERR16062372_1.fastq.gz	${EQ_READS_DIR}/ERR16062372_2.fastq.gz	ERR16062372	18Sr2	ERS28393057	ERX15452554	18Sr2_amp_lib1	PRJEB106069	PRJEB104209	Trip1	Surface	False	True
19Dr2	${EQ_READS_DIR}/ERR16062373_1.fastq.gz	${EQ_READS_DIR}/ERR16062373_2.fastq.gz	ERR16062373	19Dr2	ERS28393058	ERX15452555	19Dr2_amp_lib1	PRJEB106069	PRJEB104209	Trip1	Deep	False	True
19Dr3	${EQ_READS_DIR}/ERR16062374_1.fastq.gz	${EQ_READS_DIR}/ERR16062374_2.fastq.gz	ERR16062374	19Dr3	ERS28393059	ERX15452556	19Dr3_amp_lib1	PRJEB106069	PRJEB104209	Trip1	Deep	False	True
19Sr1	${EQ_READS_DIR}/ERR16062375_1.fastq.gz	${EQ_READS_DIR}/ERR16062375_2.fastq.gz	ERR16062375	19Sr1	ERS28393060	ERX15452557	19Sr1_amp_lib1	PRJEB106069	PRJEB104209	Trip1	Surface	False	True
19Sr3	${EQ_READS_DIR}/ERR16062376_1.fastq.gz	${EQ_READS_DIR}/ERR16062376_2.fastq.gz	ERR16062376	19Sr3	ERS28393061	ERX15452558	19Sr3_amp_lib1	PRJEB106069	PRJEB104209	Trip1	Surface	False	True
20Dr1	${EQ_READS_DIR}/ERR16062377_1.fastq.gz	${EQ_READS_DIR}/ERR16062377_2.fastq.gz	ERR16062377	20Dr1	ERS28393062	ERX15452559	20Dr1_amp_lib1	PRJEB106069	PRJEB104209	Trip1	Deep	False	True
20Dr2	${EQ_READS_DIR}/ERR16062378_1.fastq.gz	${EQ_READS_DIR}/ERR16062378_2.fastq.gz	ERR16062378	20Dr2	ERS28393063	ERX15452560	20Dr2_amp_lib1	PRJEB106069	PRJEB104209	Trip1	Deep	False	True
20Sr1	${EQ_READS_DIR}/ERR16062379_1.fastq.gz	${EQ_READS_DIR}/ERR16062379_2.fastq.gz	ERR16062379	20Sr1	ERS28393064	ERX15452561	20Sr1_amp_lib1	PRJEB106069	PRJEB104209	Trip1	Surface	False	True
20Sr3	${EQ_READS_DIR}/ERR16062380_1.fastq.gz	${EQ_READS_DIR}/ERR16062380_2.fastq.gz	ERR16062380	20Sr3	ERS28393065	ERX15452562	20Sr3_amp_lib1	PRJEB106069	PRJEB104209	Trip1	Surface	False	True
20PRr1	${EQ_READS_DIR}/ERR16062381_1.fastq.gz	${EQ_READS_DIR}/ERR16062381_2.fastq.gz	ERR16062381	20PRr1	ERS28393066	ERX15452563	20PRr1_amp_lib1	PRJEB106069	PRJEB104209	Trip1	Rhizosphere	False	True
20PRr2	${EQ_READS_DIR}/ERR16062382_1.fastq.gz	${EQ_READS_DIR}/ERR16062382_2.fastq.gz	ERR16062382	20PRr2	ERS28393067	ERX15452564	20PRr2_amp_lib1	PRJEB106069	PRJEB104209	Trip1	Rhizosphere	False	True
21Dr1	${EQ_READS_DIR}/ERR16062383_1.fastq.gz	${EQ_READS_DIR}/ERR16062383_2.fastq.gz	ERR16062383	21Dr1	ERS28393068	ERX15452565	21Dr1_amp_lib1	PRJEB106069	PRJEB104209	Trip1	Deep	False	True
21Sr1	${EQ_READS_DIR}/ERR16062384_1.fastq.gz	${EQ_READS_DIR}/ERR16062384_2.fastq.gz	ERR16062384	21Sr1	ERS28393069	ERX15452566	21Sr1_amp_lib1	PRJEB106069	PRJEB104209	Trip1	Surface	False	True
21Sr2	${EQ_READS_DIR}/ERR16062385_1.fastq.gz	${EQ_READS_DIR}/ERR16062385_2.fastq.gz	ERR16062385	21Sr2	ERS28393070	ERX15452567	21Sr2_amp_lib1	PRJEB106069	PRJEB104209	Trip1	Surface	False	True
21Sr3	${EQ_READS_DIR}/ERR16062386_1.fastq.gz	${EQ_READS_DIR}/ERR16062386_2.fastq.gz	ERR16062386	21Sr3	ERS28393071	ERX15452568	21Sr3_amp_lib1	PRJEB106069	PRJEB104209	Trip1	Surface	False	True
22Dr1	${EQ_READS_DIR}/ERR16062387_1.fastq.gz	${EQ_READS_DIR}/ERR16062387_2.fastq.gz	ERR16062387	22Dr1	ERS28393072	ERX15452569	22Dr1_amp_lib1	PRJEB106069	PRJEB104209	Trip1	Deep	False	True
22Dr2	${EQ_READS_DIR}/ERR16062388_1.fastq.gz	${EQ_READS_DIR}/ERR16062388_2.fastq.gz	ERR16062388	22Dr2	ERS28393073	ERX15452570	22Dr2_amp_lib1	PRJEB106069	PRJEB104209	Trip1	Deep	False	True
22Dr3	${EQ_READS_DIR}/ERR16062389_1.fastq.gz	${EQ_READS_DIR}/ERR16062389_2.fastq.gz	ERR16062389	22Dr3	ERS28393074	ERX15452571	22Dr3_amp_lib1	PRJEB106069	PRJEB104209	Trip1	Deep	False	True
22Sr1	${EQ_READS_DIR}/ERR16062390_1.fastq.gz	${EQ_READS_DIR}/ERR16062390_2.fastq.gz	ERR16062390	22Sr1	ERS28393075	ERX15452572	22Sr1_amp_lib1	PRJEB106069	PRJEB104209	Trip1	Surface	False	True
22Sr3	${EQ_READS_DIR}/ERR16062391_1.fastq.gz	${EQ_READS_DIR}/ERR16062391_2.fastq.gz	ERR16062391	22Sr3	ERS28393076	ERX15452573	22Sr3_amp_lib1	PRJEB106069	PRJEB104209	Trip1	Surface	False	True
22PRr1	${EQ_READS_DIR}/ERR16062392_1.fastq.gz	${EQ_READS_DIR}/ERR16062392_2.fastq.gz	ERR16062392	22PRr1	ERS28393077	ERX15452574	22PRr1_amp_lib1	PRJEB106069	PRJEB104209	Trip1	Rhizosphere	False	True
22PRr3	${EQ_READS_DIR}/ERR16062393_1.fastq.gz	${EQ_READS_DIR}/ERR16062393_2.fastq.gz	ERR16062393	22PRr3	ERS28393078	ERX15452575	22PRr3_amp_lib1	PRJEB106069	PRJEB104209	Trip1	Rhizosphere	False	True
23Dr1	${EQ_READS_DIR}/ERR16062394_1.fastq.gz	${EQ_READS_DIR}/ERR16062394_2.fastq.gz	ERR16062394	23Dr1	ERS28393079	ERX15452576	23Dr1_amp_lib1	PRJEB106069	PRJEB104209	Trip1	Deep	False	True
23Dr3	${EQ_READS_DIR}/ERR16062395_1.fastq.gz	${EQ_READS_DIR}/ERR16062395_2.fastq.gz	ERR16062395	23Dr3	ERS28393080	ERX15452577	23Dr3_amp_lib1	PRJEB106069	PRJEB104209	Trip1	Deep	False	True
23Sr1	${EQ_READS_DIR}/ERR16062396_1.fastq.gz	${EQ_READS_DIR}/ERR16062396_2.fastq.gz	ERR16062396	23Sr1	ERS28393081	ERX15452578	23Sr1_amp_lib1	PRJEB106069	PRJEB104209	Trip1	Surface	False	True
23Sr2	${EQ_READS_DIR}/ERR16062397_1.fastq.gz	${EQ_READS_DIR}/ERR16062397_2.fastq.gz	ERR16062397	23Sr2	ERS28393082	ERX15452579	23Sr2_amp_lib1	PRJEB106069	PRJEB104209	Trip1	Surface	False	True
23Sr3	${EQ_READS_DIR}/ERR16062398_1.fastq.gz	${EQ_READS_DIR}/ERR16062398_2.fastq.gz	ERR16062398	23Sr3	ERS28393083	ERX15452580	23Sr3_amp_lib1	PRJEB106069	PRJEB104209	Trip1	Surface	False	True
23PRr1	${EQ_READS_DIR}/ERR16062399_1.fastq.gz	${EQ_READS_DIR}/ERR16062399_2.fastq.gz	ERR16062399	23PRr1	ERS28393084	ERX15452581	23PRr1_amp_lib1	PRJEB106069	PRJEB104209	Trip1	Rhizosphere	False	True
23PRr2	${EQ_READS_DIR}/ERR16062400_1.fastq.gz	${EQ_READS_DIR}/ERR16062400_2.fastq.gz	ERR16062400	23PRr2	ERS28393085	ERX15452582	23PRr2_amp_lib1	PRJEB106069	PRJEB104209	Trip1	Rhizosphere	False	True
23PRr3	${EQ_READS_DIR}/ERR16062401_1.fastq.gz	${EQ_READS_DIR}/ERR16062401_2.fastq.gz	ERR16062401	23PRr3	ERS28393086	ERX15452583	23PRr3_amp_lib1	PRJEB106069	PRJEB104209	Trip1	Rhizosphere	False	True
24Dr1	${EQ_READS_DIR}/ERR16062402_1.fastq.gz	${EQ_READS_DIR}/ERR16062402_2.fastq.gz	ERR16062402	24Dr1	ERS28393087	ERX15452584	24Dr1_amp_lib1	PRJEB106069	PRJEB104209	Trip1	Deep	False	True
24Dr2	${EQ_READS_DIR}/ERR16062403_1.fastq.gz	${EQ_READS_DIR}/ERR16062403_2.fastq.gz	ERR16062403	24Dr2	ERS28393088	ERX15452585	24Dr2_amp_lib1	PRJEB106069	PRJEB104209	Trip1	Deep	False	True
24Sr1	${EQ_READS_DIR}/ERR16062404_1.fastq.gz	${EQ_READS_DIR}/ERR16062404_2.fastq.gz	ERR16062404	24Sr1	ERS28393089	ERX15452586	24Sr1_amp_lib1	PRJEB106069	PRJEB104209	Trip1	Surface	False	True
24Sr2	${EQ_READS_DIR}/ERR16062405_1.fastq.gz	${EQ_READS_DIR}/ERR16062405_2.fastq.gz	ERR16062405	24Sr2	ERS28393090	ERX15452587	24Sr2_amp_lib1	PRJEB106069	PRJEB104209	Trip1	Surface	False	True
24PRr2	${EQ_READS_DIR}/ERR16062406_1.fastq.gz	${EQ_READS_DIR}/ERR16062406_2.fastq.gz	ERR16062406	24PRr2	ERS28393091	ERX15452588	24PRr2_amp_lib1	PRJEB106069	PRJEB104209	Trip1	Rhizosphere	False	True
25Dr1	${EQ_READS_DIR}/ERR16062407_1.fastq.gz	${EQ_READS_DIR}/ERR16062407_2.fastq.gz	ERR16062407	25Dr1	ERS28393092	ERX15452589	25Dr1_amp_lib1	PRJEB106069	PRJEB104209	Trip1	Deep	False	True
25Dr3	${EQ_READS_DIR}/ERR16062408_1.fastq.gz	${EQ_READS_DIR}/ERR16062408_2.fastq.gz	ERR16062408	25Dr3	ERS28393093	ERX15452590	25Dr3_amp_lib1	PRJEB106069	PRJEB104209	Trip1	Deep	False	True
25Sr1	${EQ_READS_DIR}/ERR16062409_1.fastq.gz	${EQ_READS_DIR}/ERR16062409_2.fastq.gz	ERR16062409	25Sr1	ERS28393094	ERX15452591	25Sr1_amp_lib1	PRJEB106069	PRJEB104209	Trip1	Surface	False	True
25Sr2	${EQ_READS_DIR}/ERR16062410_1.fastq.gz	${EQ_READS_DIR}/ERR16062410_2.fastq.gz	ERR16062410	25Sr2	ERS28393095	ERX15452592	25Sr2_amp_lib1	PRJEB106069	PRJEB104209	Trip1	Surface	False	True
25PRr2	${EQ_READS_DIR}/ERR16062411_1.fastq.gz	${EQ_READS_DIR}/ERR16062411_2.fastq.gz	ERR16062411	25PRr2	ERS28393096	ERX15452593	25PRr2_amp_lib1	PRJEB106069	PRJEB104209	Trip1	Rhizosphere	False	True
26Dr1	${EQ_READS_DIR}/ERR16062412_1.fastq.gz	${EQ_READS_DIR}/ERR16062412_2.fastq.gz	ERR16062412	26Dr1	ERS28393097	ERX15452594	26Dr1_amp_lib1	PRJEB106069	PRJEB104209	Trip1	Deep	False	True
26Dr2	${EQ_READS_DIR}/ERR16062413_1.fastq.gz	${EQ_READS_DIR}/ERR16062413_2.fastq.gz	ERR16062413	26Dr2	ERS28393098	ERX15452595	26Dr2_amp_lib1	PRJEB106069	PRJEB104209	Trip1	Deep	False	True
26Dr3	${EQ_READS_DIR}/ERR16062414_1.fastq.gz	${EQ_READS_DIR}/ERR16062414_2.fastq.gz	ERR16062414	26Dr3	ERS28393099	ERX15452596	26Dr3_amp_lib1	PRJEB106069	PRJEB104209	Trip1	Deep	False	True
26Sr1	${EQ_READS_DIR}/ERR16062415_1.fastq.gz	${EQ_READS_DIR}/ERR16062415_2.fastq.gz	ERR16062415	26Sr1	ERS28393100	ERX15452597	26Sr1_amp_lib1	PRJEB106069	PRJEB104209	Trip1	Surface	False	True
26Sr2	${EQ_READS_DIR}/ERR16062416_1.fastq.gz	${EQ_READS_DIR}/ERR16062416_2.fastq.gz	ERR16062416	26Sr2	ERS28393101	ERX15452598	26Sr2_amp_lib1	PRJEB106069	PRJEB104209	Trip1	Surface	False	True
26Sr3	${EQ_READS_DIR}/ERR16062417_1.fastq.gz	${EQ_READS_DIR}/ERR16062417_2.fastq.gz	ERR16062417	26Sr3	ERS28393102	ERX15452599	26Sr3_amp_lib1	PRJEB106069	PRJEB104209	Trip1	Surface	False	True
26PRr2	${EQ_READS_DIR}/ERR16062418_1.fastq.gz	${EQ_READS_DIR}/ERR16062418_2.fastq.gz	ERR16062418	26PRr2	ERS28393103	ERX15452600	26PRr2_amp_lib1	PRJEB106069	PRJEB104209	Trip1	Rhizosphere	False	True
26PRr3	${EQ_READS_DIR}/ERR16062419_1.fastq.gz	${EQ_READS_DIR}/ERR16062419_2.fastq.gz	ERR16062419	26PRr3	ERS28393104	ERX15452601	26PRr3_amp_lib1	PRJEB106069	PRJEB104209	Trip1	Rhizosphere	False	True
27Dr1	${EQ_READS_DIR}/ERR16062420_1.fastq.gz	${EQ_READS_DIR}/ERR16062420_2.fastq.gz	ERR16062420	27Dr1	ERS28393105	ERX15452602	27Dr1_amp_lib1	PRJEB106069	PRJEB104209	Trip1	Deep	False	True
27Dr2	${EQ_READS_DIR}/ERR16062421_1.fastq.gz	${EQ_READS_DIR}/ERR16062421_2.fastq.gz	ERR16062421	27Dr2	ERS28393106	ERX15452603	27Dr2_amp_lib1	PRJEB106069	PRJEB104209	Trip1	Deep	False	True
27Dr3	${EQ_READS_DIR}/ERR16062422_1.fastq.gz	${EQ_READS_DIR}/ERR16062422_2.fastq.gz	ERR16062422	27Dr3	ERS28393107	ERX15452604	27Dr3_amp_lib1	PRJEB106069	PRJEB104209	Trip1	Deep	False	True
27Sr2	${EQ_READS_DIR}/ERR16062423_1.fastq.gz	${EQ_READS_DIR}/ERR16062423_2.fastq.gz	ERR16062423	27Sr2	ERS28393108	ERX15452605	27Sr2_amp_lib1	PRJEB106069	PRJEB104209	Trip1	Surface	False	True
27Sr3	${EQ_READS_DIR}/ERR16062424_1.fastq.gz	${EQ_READS_DIR}/ERR16062424_2.fastq.gz	ERR16062424	27Sr3	ERS28393109	ERX15452606	27Sr3_amp_lib1	PRJEB106069	PRJEB104209	Trip1	Surface	False	True
27PRr1	${EQ_READS_DIR}/ERR16062425_1.fastq.gz	${EQ_READS_DIR}/ERR16062425_2.fastq.gz	ERR16062425	27PRr1	ERS28393110	ERX15452607	27PRr1_amp_lib1	PRJEB106069	PRJEB104209	Trip1	Rhizosphere	False	True
27PRr2	${EQ_READS_DIR}/ERR16062426_1.fastq.gz	${EQ_READS_DIR}/ERR16062426_2.fastq.gz	ERR16062426	27PRr2	ERS28393111	ERX15452608	27PRr2_amp_lib1	PRJEB106069	PRJEB104209	Trip1	Rhizosphere	False	True
28Dr1	${EQ_READS_DIR}/ERR16062427_1.fastq.gz	${EQ_READS_DIR}/ERR16062427_2.fastq.gz	ERR16062427	28Dr1	ERS28393112	ERX15452609	28Dr1_amp_lib1	PRJEB106069	PRJEB104209	Trip1	Deep	False	True
28Dr3	${EQ_READS_DIR}/ERR16062428_1.fastq.gz	${EQ_READS_DIR}/ERR16062428_2.fastq.gz	ERR16062428	28Dr3	ERS28393113	ERX15452610	28Dr3_amp_lib1	PRJEB106069	PRJEB104209	Trip1	Deep	False	True
28Sr1	${EQ_READS_DIR}/ERR16062429_1.fastq.gz	${EQ_READS_DIR}/ERR16062429_2.fastq.gz	ERR16062429	28Sr1	ERS28393114	ERX15452611	28Sr1_amp_lib1	PRJEB106069	PRJEB104209	Trip1	Surface	False	True
28Sr2	${EQ_READS_DIR}/ERR16062430_1.fastq.gz	${EQ_READS_DIR}/ERR16062430_2.fastq.gz	ERR16062430	28Sr2	ERS28393115	ERX15452612	28Sr2_amp_lib1	PRJEB106069	PRJEB104209	Trip1	Surface	False	True
28Sr3	${EQ_READS_DIR}/ERR16062431_1.fastq.gz	${EQ_READS_DIR}/ERR16062431_2.fastq.gz	ERR16062431	28Sr3	ERS28393116	ERX15452613	28Sr3_amp_lib1	PRJEB106069	PRJEB104209	Trip1	Surface	False	True
28PRr1	${EQ_READS_DIR}/ERR16062432_1.fastq.gz	${EQ_READS_DIR}/ERR16062432_2.fastq.gz	ERR16062432	28PRr1	ERS28393117	ERX15452614	28PRr1_amp_lib1	PRJEB106069	PRJEB104209	Trip1	Rhizosphere	False	True
28PRr3	${EQ_READS_DIR}/ERR16062433_1.fastq.gz	${EQ_READS_DIR}/ERR16062433_2.fastq.gz	ERR16062433	28PRr3	ERS28393118	ERX15452615	28PRr3_amp_lib1	PRJEB106069	PRJEB104209	Trip1	Rhizosphere	False	True
29Dr1	${EQ_READS_DIR}/ERR16062434_1.fastq.gz	${EQ_READS_DIR}/ERR16062434_2.fastq.gz	ERR16062434	29Dr1	ERS28393119	ERX15452616	29Dr1_amp_lib1	PRJEB106069	PRJEB104209	Trip1	Deep	False	True
29Dr2	${EQ_READS_DIR}/ERR16062435_1.fastq.gz	${EQ_READS_DIR}/ERR16062435_2.fastq.gz	ERR16062435	29Dr2	ERS28393120	ERX15452617	29Dr2_amp_lib1	PRJEB106069	PRJEB104209	Trip1	Deep	False	True
29Dr3	${EQ_READS_DIR}/ERR16062436_1.fastq.gz	${EQ_READS_DIR}/ERR16062436_2.fastq.gz	ERR16062436	29Dr3	ERS28393121	ERX15452618	29Dr3_amp_lib1	PRJEB106069	PRJEB104209	Trip1	Deep	False	True
29Sr1	${EQ_READS_DIR}/ERR16062437_1.fastq.gz	${EQ_READS_DIR}/ERR16062437_2.fastq.gz	ERR16062437	29Sr1	ERS28393122	ERX15452619	29Sr1_amp_lib1	PRJEB106069	PRJEB104209	Trip1	Surface	False	True
29Sr2	${EQ_READS_DIR}/ERR16062438_1.fastq.gz	${EQ_READS_DIR}/ERR16062438_2.fastq.gz	ERR16062438	29Sr2	ERS28393123	ERX15452620	29Sr2_amp_lib1	PRJEB106069	PRJEB104209	Trip1	Surface	False	True
29PRr1	${EQ_READS_DIR}/ERR16062439_1.fastq.gz	${EQ_READS_DIR}/ERR16062439_2.fastq.gz	ERR16062439	29PRr1	ERS28393124	ERX15452621	29PRr1_amp_lib1	PRJEB106069	PRJEB104209	Trip1	Rhizosphere	False	True
29PRr2	${EQ_READS_DIR}/ERR16062440_1.fastq.gz	${EQ_READS_DIR}/ERR16062440_2.fastq.gz	ERR16062440	29PRr2	ERS28393125	ERX15452622	29PRr2_amp_lib1	PRJEB106069	PRJEB104209	Trip1	Rhizosphere	False	True
29PRr3	${EQ_READS_DIR}/ERR16062441_1.fastq.gz	${EQ_READS_DIR}/ERR16062441_2.fastq.gz	ERR16062441	29PRr3	ERS28393126	ERX15452623	29PRr3_amp_lib1	PRJEB106069	PRJEB104209	Trip1	Rhizosphere	False	True
30Dr1	${EQ_READS_DIR}/ERR16062442_1.fastq.gz	${EQ_READS_DIR}/ERR16062442_2.fastq.gz	ERR16062442	30Dr1	ERS28393127	ERX15452624	30Dr1_amp_lib1	PRJEB106069	PRJEB104209	Trip1	Deep	False	True
30Sr1	${EQ_READS_DIR}/ERR16062443_1.fastq.gz	${EQ_READS_DIR}/ERR16062443_2.fastq.gz	ERR16062443	30Sr1	ERS28393128	ERX15452625	30Sr1_amp_lib1	PRJEB106069	PRJEB104209	Trip1	Surface	False	True
30Sr2	${EQ_READS_DIR}/ERR16062444_1.fastq.gz	${EQ_READS_DIR}/ERR16062444_2.fastq.gz	ERR16062444	30Sr2	ERS28393129	ERX15452626	30Sr2_amp_lib1	PRJEB106069	PRJEB104209	Trip1	Surface	False	True
30Sr3	${EQ_READS_DIR}/ERR16062445_1.fastq.gz	${EQ_READS_DIR}/ERR16062445_2.fastq.gz	ERR16062445	30Sr3	ERS28393130	ERX15452627	30Sr3_amp_lib1	PRJEB106069	PRJEB104209	Trip1	Surface	False	True
30PRr1	${EQ_READS_DIR}/ERR16062446_1.fastq.gz	${EQ_READS_DIR}/ERR16062446_2.fastq.gz	ERR16062446	30PRr1	ERS28393131	ERX15452628	30PRr1_amp_lib1	PRJEB106069	PRJEB104209	Trip1	Rhizosphere	False	True
30PRr3	${EQ_READS_DIR}/ERR16062447_1.fastq.gz	${EQ_READS_DIR}/ERR16062447_2.fastq.gz	ERR16062447	30PRr3	ERS28393132	ERX15452629	30PRr3_amp_lib1	PRJEB106069	PRJEB104209	Trip1	Rhizosphere	False	True
31Dr2	${EQ_READS_DIR}/ERR16062448_1.fastq.gz	${EQ_READS_DIR}/ERR16062448_2.fastq.gz	ERR16062448	31Dr2	ERS28393133	ERX15452630	31Dr2_amp_lib1	PRJEB106069	PRJEB104209	Trip1	Deep	False	True
31Sr2	${EQ_READS_DIR}/ERR16062449_1.fastq.gz	${EQ_READS_DIR}/ERR16062449_2.fastq.gz	ERR16062449	31Sr2	ERS28393134	ERX15452631	31Sr2_amp_lib1	PRJEB106069	PRJEB104209	Trip1	Surface	False	True
31Sr3	${EQ_READS_DIR}/ERR16062450_1.fastq.gz	${EQ_READS_DIR}/ERR16062450_2.fastq.gz	ERR16062450	31Sr3	ERS28393135	ERX15452632	31Sr3_amp_lib1	PRJEB106069	PRJEB104209	Trip1	Surface	False	True
31PRr2	${EQ_READS_DIR}/ERR16062451_1.fastq.gz	${EQ_READS_DIR}/ERR16062451_2.fastq.gz	ERR16062451	31PRr2	ERS28393136	ERX15452633	31PRr2_amp_lib1	PRJEB106069	PRJEB104209	Trip1	Rhizosphere	False	True
31PRr3	${EQ_READS_DIR}/ERR16062452_1.fastq.gz	${EQ_READS_DIR}/ERR16062452_2.fastq.gz	ERR16062452	31PRr3	ERS28393137	ERX15452634	31PRr3_amp_lib1	PRJEB106069	PRJEB104209	Trip1	Rhizosphere	False	True
32Dr3	${EQ_READS_DIR}/ERR16062453_1.fastq.gz	${EQ_READS_DIR}/ERR16062453_2.fastq.gz	ERR16062453	32Dr3	ERS28393138	ERX15452635	32Dr3_amp_lib1	PRJEB106069	PRJEB104209	Trip1	Deep	False	True
32PRr1	${EQ_READS_DIR}/ERR16062454_1.fastq.gz	${EQ_READS_DIR}/ERR16062454_2.fastq.gz	ERR16062454	32PRr1	ERS28393139	ERX15452636	32PRr1_amp_lib1	PRJEB106069	PRJEB104209	Trip1	Rhizosphere	False	True
32PRr2	${EQ_READS_DIR}/ERR16062455_1.fastq.gz	${EQ_READS_DIR}/ERR16062455_2.fastq.gz	ERR16062455	32PRr2	ERS28393140	ERX15452637	32PRr2_amp_lib1	PRJEB106069	PRJEB104209	Trip1	Rhizosphere	False	True
32PRr3	${EQ_READS_DIR}/ERR16062456_1.fastq.gz	${EQ_READS_DIR}/ERR16062456_2.fastq.gz	ERR16062456	32PRr3	ERS28393141	ERX15452638	32PRr3_amp_lib1	PRJEB106069	PRJEB104209	Trip1	Rhizosphere	False	True
33Dr1	${EQ_READS_DIR}/ERR16062457_1.fastq.gz	${EQ_READS_DIR}/ERR16062457_2.fastq.gz	ERR16062457	33Dr1	ERS28393142	ERX15452639	33Dr1_amp_lib1	PRJEB106069	PRJEB104209	Trip1	Deep	False	True
33Dr2	${EQ_READS_DIR}/ERR16062458_1.fastq.gz	${EQ_READS_DIR}/ERR16062458_2.fastq.gz	ERR16062458	33Dr2	ERS28393143	ERX15452640	33Dr2_amp_lib1	PRJEB106069	PRJEB104209	Trip1	Deep	False	True
33Dr3	${EQ_READS_DIR}/ERR16062459_1.fastq.gz	${EQ_READS_DIR}/ERR16062459_2.fastq.gz	ERR16062459	33Dr3	ERS28393144	ERX15452641	33Dr3_amp_lib1	PRJEB106069	PRJEB104209	Trip1	Deep	False	True
33Sr1	${EQ_READS_DIR}/ERR16062460_1.fastq.gz	${EQ_READS_DIR}/ERR16062460_2.fastq.gz	ERR16062460	33Sr1	ERS28393145	ERX15452642	33Sr1_amp_lib1	PRJEB106069	PRJEB104209	Trip1	Surface	False	True
33Sr2	${EQ_READS_DIR}/ERR16062461_1.fastq.gz	${EQ_READS_DIR}/ERR16062461_2.fastq.gz	ERR16062461	33Sr2	ERS28393146	ERX15452643	33Sr2_amp_lib1	PRJEB106069	PRJEB104209	Trip1	Surface	False	True
33PRr1	${EQ_READS_DIR}/ERR16062462_1.fastq.gz	${EQ_READS_DIR}/ERR16062462_2.fastq.gz	ERR16062462	33PRr1	ERS28393147	ERX15452644	33PRr1_amp_lib1	PRJEB106069	PRJEB104209	Trip1	Rhizosphere	False	True
33PRr2	${EQ_READS_DIR}/ERR16062463_1.fastq.gz	${EQ_READS_DIR}/ERR16062463_2.fastq.gz	ERR16062463	33PRr2	ERS28393148	ERX15452645	33PRr2_amp_lib1	PRJEB106069	PRJEB104209	Trip1	Rhizosphere	False	True
34Dr2	${EQ_READS_DIR}/ERR16062464_1.fastq.gz	${EQ_READS_DIR}/ERR16062464_2.fastq.gz	ERR16062464	34Dr2	ERS28393149	ERX15452646	34Dr2_amp_lib1	PRJEB106069	PRJEB104209	Trip1	Deep	False	True
34Dr3	${EQ_READS_DIR}/ERR16062465_1.fastq.gz	${EQ_READS_DIR}/ERR16062465_2.fastq.gz	ERR16062465	34Dr3	ERS28393150	ERX15452647	34Dr3_amp_lib1	PRJEB106069	PRJEB104209	Trip1	Deep	False	True
34Sr1	${EQ_READS_DIR}/ERR16062466_1.fastq.gz	${EQ_READS_DIR}/ERR16062466_2.fastq.gz	ERR16062466	34Sr1	ERS28393151	ERX15452648	34Sr1_amp_lib1	PRJEB106069	PRJEB104209	Trip1	Surface	False	True
34Sr3	${EQ_READS_DIR}/ERR16062467_1.fastq.gz	${EQ_READS_DIR}/ERR16062467_2.fastq.gz	ERR16062467	34Sr3	ERS28393152	ERX15452649	34Sr3_amp_lib1	PRJEB106069	PRJEB104209	Trip1	Surface	False	True
34PRr1	${EQ_READS_DIR}/ERR16062468_1.fastq.gz	${EQ_READS_DIR}/ERR16062468_2.fastq.gz	ERR16062468	34PRr1	ERS28393153	ERX15452650	34PRr1_amp_lib1	PRJEB106069	PRJEB104209	Trip1	Rhizosphere	False	True
34PRr3	${EQ_READS_DIR}/ERR16062469_1.fastq.gz	${EQ_READS_DIR}/ERR16062469_2.fastq.gz	ERR16062469	34PRr3	ERS28393154	ERX15452651	34PRr3_amp_lib1	PRJEB106069	PRJEB104209	Trip1	Rhizosphere	False	True
35Dr2	${EQ_READS_DIR}/ERR16062470_1.fastq.gz	${EQ_READS_DIR}/ERR16062470_2.fastq.gz	ERR16062470	35Dr2	ERS28393155	ERX15452652	35Dr2_amp_lib1	PRJEB106069	PRJEB104209	Trip1	Deep	False	True
35Dr3	${EQ_READS_DIR}/ERR16062471_1.fastq.gz	${EQ_READS_DIR}/ERR16062471_2.fastq.gz	ERR16062471	35Dr3	ERS28393156	ERX15452653	35Dr3_amp_lib1	PRJEB106069	PRJEB104209	Trip1	Deep	False	True
35Sr1	${EQ_READS_DIR}/ERR16062472_1.fastq.gz	${EQ_READS_DIR}/ERR16062472_2.fastq.gz	ERR16062472	35Sr1	ERS28393157	ERX15452654	35Sr1_amp_lib1	PRJEB106069	PRJEB104209	Trip1	Surface	False	True
35Sr2	${EQ_READS_DIR}/ERR16062473_1.fastq.gz	${EQ_READS_DIR}/ERR16062473_2.fastq.gz	ERR16062473	35Sr2	ERS28393158	ERX15452655	35Sr2_amp_lib1	PRJEB106069	PRJEB104209	Trip1	Surface	False	True
35PRr1	${EQ_READS_DIR}/ERR16062474_1.fastq.gz	${EQ_READS_DIR}/ERR16062474_2.fastq.gz	ERR16062474	35PRr1	ERS28393159	ERX15452656	35PRr1_amp_lib1	PRJEB106069	PRJEB104209	Trip1	Rhizosphere	False	True
35PRr3	${EQ_READS_DIR}/ERR16062475_1.fastq.gz	${EQ_READS_DIR}/ERR16062475_2.fastq.gz	ERR16062475	35PRr3	ERS28393160	ERX15452657	35PRr3_amp_lib1	PRJEB106069	PRJEB104209	Trip1	Rhizosphere	False	True
36Dr2	${EQ_READS_DIR}/ERR16062476_1.fastq.gz	${EQ_READS_DIR}/ERR16062476_2.fastq.gz	ERR16062476	36Dr2	ERS28393161	ERX15452658	36Dr2_amp_lib1	PRJEB106069	PRJEB104209	Trip1	Deep	False	True
36Dr3	${EQ_READS_DIR}/ERR16062477_1.fastq.gz	${EQ_READS_DIR}/ERR16062477_2.fastq.gz	ERR16062477	36Dr3	ERS28393162	ERX15452659	36Dr3_amp_lib1	PRJEB106069	PRJEB104209	Trip1	Deep	False	True
36Sr1	${EQ_READS_DIR}/ERR16062478_1.fastq.gz	${EQ_READS_DIR}/ERR16062478_2.fastq.gz	ERR16062478	36Sr1	ERS28393163	ERX15452660	36Sr1_amp_lib1	PRJEB106069	PRJEB104209	Trip1	Surface	False	True
36Sr2	${EQ_READS_DIR}/ERR16062479_1.fastq.gz	${EQ_READS_DIR}/ERR16062479_2.fastq.gz	ERR16062479	36Sr2	ERS28393164	ERX15452661	36Sr2_amp_lib1	PRJEB106069	PRJEB104209	Trip1	Surface	False	True
36Sr3	${EQ_READS_DIR}/ERR16062480_1.fastq.gz	${EQ_READS_DIR}/ERR16062480_2.fastq.gz	ERR16062480	36Sr3	ERS28393165	ERX15452662	36Sr3_amp_lib1	PRJEB106069	PRJEB104209	Trip1	Surface	False	True
37Dr2	${EQ_READS_DIR}/ERR16062481_1.fastq.gz	${EQ_READS_DIR}/ERR16062481_2.fastq.gz	ERR16062481	37Dr2	ERS28393166	ERX15452663	37Dr2_amp_lib1	PRJEB106069	PRJEB104209	Trip1	Deep	False	True
37Dr3	${EQ_READS_DIR}/ERR16062482_1.fastq.gz	${EQ_READS_DIR}/ERR16062482_2.fastq.gz	ERR16062482	37Dr3	ERS28393167	ERX15452664	37Dr3_amp_lib1	PRJEB106069	PRJEB104209	Trip1	Deep	False	True
37Sr1	${EQ_READS_DIR}/ERR16062483_1.fastq.gz	${EQ_READS_DIR}/ERR16062483_2.fastq.gz	ERR16062483	37Sr1	ERS28393168	ERX15452665	37Sr1_amp_lib1	PRJEB106069	PRJEB104209	Trip1	Surface	False	True
37Sr2	${EQ_READS_DIR}/ERR16062484_1.fastq.gz	${EQ_READS_DIR}/ERR16062484_2.fastq.gz	ERR16062484	37Sr2	ERS28393169	ERX15452666	37Sr2_amp_lib1	PRJEB106069	PRJEB104209	Trip1	Surface	False	True
37PRr2	${EQ_READS_DIR}/ERR16062485_1.fastq.gz	${EQ_READS_DIR}/ERR16062485_2.fastq.gz	ERR16062485	37PRr2	ERS28393170	ERX15452667	37PRr2_amp_lib1	PRJEB106069	PRJEB104209	Trip1	Rhizosphere	False	True
37PRr3	${EQ_READS_DIR}/ERR16062486_1.fastq.gz	${EQ_READS_DIR}/ERR16062486_2.fastq.gz	ERR16062486	37PRr3	ERS28393171	ERX15452668	37PRr3_amp_lib1	PRJEB106069	PRJEB104209	Trip1	Rhizosphere	False	True
38Dr2	${EQ_READS_DIR}/ERR16062487_1.fastq.gz	${EQ_READS_DIR}/ERR16062487_2.fastq.gz	ERR16062487	38Dr2	ERS28393172	ERX15452669	38Dr2_amp_lib1	PRJEB106069	PRJEB104209	Trip1	Deep	False	True
38Dr3	${EQ_READS_DIR}/ERR16062488_1.fastq.gz	${EQ_READS_DIR}/ERR16062488_2.fastq.gz	ERR16062488	38Dr3	ERS28393173	ERX15452670	38Dr3_amp_lib1	PRJEB106069	PRJEB104209	Trip1	Deep	False	True
38Sr2	${EQ_READS_DIR}/ERR16062489_1.fastq.gz	${EQ_READS_DIR}/ERR16062489_2.fastq.gz	ERR16062489	38Sr2	ERS28393174	ERX15452671	38Sr2_amp_lib1	PRJEB106069	PRJEB104209	Trip1	Surface	False	True
38Sr3	${EQ_READS_DIR}/ERR16062490_1.fastq.gz	${EQ_READS_DIR}/ERR16062490_2.fastq.gz	ERR16062490	38Sr3	ERS28393175	ERX15452672	38Sr3_amp_lib1	PRJEB106069	PRJEB104209	Trip1	Surface	False	True
38PRr2	${EQ_READS_DIR}/ERR16062491_1.fastq.gz	${EQ_READS_DIR}/ERR16062491_2.fastq.gz	ERR16062491	38PRr2	ERS28393176	ERX15452673	38PRr2_amp_lib1	PRJEB106069	PRJEB104209	Trip1	Rhizosphere	False	True
38PRr3	${EQ_READS_DIR}/ERR16062492_1.fastq.gz	${EQ_READS_DIR}/ERR16062492_2.fastq.gz	ERR16062492	38PRr3	ERS28393177	ERX15452674	38PRr3_amp_lib1	PRJEB106069	PRJEB104209	Trip1	Rhizosphere	False	True
39Dr2	${EQ_READS_DIR}/ERR16062493_1.fastq.gz	${EQ_READS_DIR}/ERR16062493_2.fastq.gz	ERR16062493	39Dr2	ERS28393178	ERX15452675	39Dr2_amp_lib1	PRJEB106069	PRJEB104209	Trip1	Deep	False	True
39Dr3	${EQ_READS_DIR}/ERR16062494_1.fastq.gz	${EQ_READS_DIR}/ERR16062494_2.fastq.gz	ERR16062494	39Dr3	ERS28393179	ERX15452676	39Dr3_amp_lib1	PRJEB106069	PRJEB104209	Trip1	Deep	False	True
39Sr3	${EQ_READS_DIR}/ERR16062495_1.fastq.gz	${EQ_READS_DIR}/ERR16062495_2.fastq.gz	ERR16062495	39Sr3	ERS28393180	ERX15452677	39Sr3_amp_lib1	PRJEB106069	PRJEB104209	Trip1	Surface	False	True
39PRr1	${EQ_READS_DIR}/ERR16062496_1.fastq.gz	${EQ_READS_DIR}/ERR16062496_2.fastq.gz	ERR16062496	39PRr1	ERS28393181	ERX15452678	39PRr1_amp_lib1	PRJEB106069	PRJEB104209	Trip1	Rhizosphere	False	True
39PRr2	${EQ_READS_DIR}/ERR16062497_1.fastq.gz	${EQ_READS_DIR}/ERR16062497_2.fastq.gz	ERR16062497	39PRr2	ERS28393182	ERX15452679	39PRr2_amp_lib1	PRJEB106069	PRJEB104209	Trip1	Rhizosphere	False	True
39PRr3	${EQ_READS_DIR}/ERR16062498_1.fastq.gz	${EQ_READS_DIR}/ERR16062498_2.fastq.gz	ERR16062498	39PRr3	ERS28393183	ERX15452680	39PRr3_amp_lib1	PRJEB106069	PRJEB104209	Trip1	Rhizosphere	False	True
40Dr1	${EQ_READS_DIR}/ERR16062499_1.fastq.gz	${EQ_READS_DIR}/ERR16062499_2.fastq.gz	ERR16062499	40Dr1	ERS28393184	ERX15452681	40Dr1_amp_lib1	PRJEB106069	PRJEB104209	Trip1	Deep	False	True
40Dr2	${EQ_READS_DIR}/ERR16062500_1.fastq.gz	${EQ_READS_DIR}/ERR16062500_2.fastq.gz	ERR16062500	40Dr2	ERS28393185	ERX15452682	40Dr2_amp_lib1	PRJEB106069	PRJEB104209	Trip1	Deep	False	True
40PRr2	${EQ_READS_DIR}/ERR16062501_1.fastq.gz	${EQ_READS_DIR}/ERR16062501_2.fastq.gz	ERR16062501	40PRr2	ERS28393186	ERX15452683	40PRr2_amp_lib1	PRJEB106069	PRJEB104209	Trip1	Rhizosphere	False	True
40PRr3	${EQ_READS_DIR}/ERR16062502_1.fastq.gz	${EQ_READS_DIR}/ERR16062502_2.fastq.gz	ERR16062502	40PRr3	ERS28393187	ERX15452684	40PRr3_amp_lib1	PRJEB106069	PRJEB104209	Trip1	Rhizosphere	False	True
41Dr1	${EQ_READS_DIR}/ERR16062503_1.fastq.gz	${EQ_READS_DIR}/ERR16062503_2.fastq.gz	ERR16062503	41Dr1	ERS28393188	ERX15452685	41Dr1_amp_lib1	PRJEB106069	PRJEB104209	Trip1	Deep	False	True
41PRr2	${EQ_READS_DIR}/ERR16062504_1.fastq.gz	${EQ_READS_DIR}/ERR16062504_2.fastq.gz	ERR16062504	41PRr2	ERS28393189	ERX15452686	41PRr2_amp_lib1	PRJEB106069	PRJEB104209	Trip1	Rhizosphere	False	True
42Dr1	${EQ_READS_DIR}/ERR16062505_1.fastq.gz	${EQ_READS_DIR}/ERR16062505_2.fastq.gz	ERR16062505	42Dr1	ERS28393190	ERX15452687	42Dr1_amp_lib1	PRJEB106069	PRJEB104209	Trip1	Deep	False	True
42Sr1	${EQ_READS_DIR}/ERR16062506_1.fastq.gz	${EQ_READS_DIR}/ERR16062506_2.fastq.gz	ERR16062506	42Sr1	ERS28393191	ERX15452688	42Sr1_amp_lib1	PRJEB106069	PRJEB104209	Trip1	Surface	False	True
42Sr2	${EQ_READS_DIR}/ERR16062507_1.fastq.gz	${EQ_READS_DIR}/ERR16062507_2.fastq.gz	ERR16062507	42Sr2	ERS28393192	ERX15452689	42Sr2_amp_lib1	PRJEB106069	PRJEB104209	Trip1	Surface	False	True
42Sr3	${EQ_READS_DIR}/ERR16062508_1.fastq.gz	${EQ_READS_DIR}/ERR16062508_2.fastq.gz	ERR16062508	42Sr3	ERS28393193	ERX15452690	42Sr3_amp_lib1	PRJEB106069	PRJEB104209	Trip1	Surface	False	True
42PRr1	${EQ_READS_DIR}/ERR16062509_1.fastq.gz	${EQ_READS_DIR}/ERR16062509_2.fastq.gz	ERR16062509	42PRr1	ERS28393194	ERX15452691	42PRr1_amp_lib1	PRJEB106069	PRJEB104209	Trip1	Rhizosphere	False	True
42PRr2	${EQ_READS_DIR}/ERR16062510_1.fastq.gz	${EQ_READS_DIR}/ERR16062510_2.fastq.gz	ERR16062510	42PRr2	ERS28393195	ERX15452692	42PRr2_amp_lib1	PRJEB106069	PRJEB104209	Trip1	Rhizosphere	False	True
43Dr1	${EQ_READS_DIR}/ERR16062511_1.fastq.gz	${EQ_READS_DIR}/ERR16062511_2.fastq.gz	ERR16062511	43Dr1	ERS28393196	ERX15452693	43Dr1_amp_lib1	PRJEB106069	PRJEB104209	Trip1	Deep	False	True
43Dr2	${EQ_READS_DIR}/ERR16062512_1.fastq.gz	${EQ_READS_DIR}/ERR16062512_2.fastq.gz	ERR16062512	43Dr2	ERS28393197	ERX15452694	43Dr2_amp_lib1	PRJEB106069	PRJEB104209	Trip1	Deep	False	True
43Sr1	${EQ_READS_DIR}/ERR16062513_1.fastq.gz	${EQ_READS_DIR}/ERR16062513_2.fastq.gz	ERR16062513	43Sr1	ERS28393198	ERX15452695	43Sr1_amp_lib1	PRJEB106069	PRJEB104209	Trip1	Surface	False	True
43Sr2	${EQ_READS_DIR}/ERR16062514_1.fastq.gz	${EQ_READS_DIR}/ERR16062514_2.fastq.gz	ERR16062514	43Sr2	ERS28393199	ERX15452696	43Sr2_amp_lib1	PRJEB106069	PRJEB104209	Trip1	Surface	False	True
43PRr2	${EQ_READS_DIR}/ERR16062515_1.fastq.gz	${EQ_READS_DIR}/ERR16062515_2.fastq.gz	ERR16062515	43PRr2	ERS28393200	ERX15452697	43PRr2_amp_lib1	PRJEB106069	PRJEB104209	Trip1	Rhizosphere	False	True
44Dr2	${EQ_READS_DIR}/ERR16062516_1.fastq.gz	${EQ_READS_DIR}/ERR16062516_2.fastq.gz	ERR16062516	44Dr2	ERS28393201	ERX15452698	44Dr2_amp_lib1	PRJEB106069	PRJEB104209	Trip1	Deep	False	True
44PRr2	${EQ_READS_DIR}/ERR16062517_1.fastq.gz	${EQ_READS_DIR}/ERR16062517_2.fastq.gz	ERR16062517	44PRr2	ERS28393202	ERX15452699	44PRr2_amp_lib1	PRJEB106069	PRJEB104209	Trip1	Rhizosphere	False	True
44PRr3	${EQ_READS_DIR}/ERR16062518_1.fastq.gz	${EQ_READS_DIR}/ERR16062518_2.fastq.gz	ERR16062518	44PRr3	ERS28393203	ERX15452700	44PRr3_amp_lib1	PRJEB106069	PRJEB104209	Trip1	Rhizosphere	False	True
45Dr1	${EQ_READS_DIR}/ERR16062519_1.fastq.gz	${EQ_READS_DIR}/ERR16062519_2.fastq.gz	ERR16062519	45Dr1	ERS28393204	ERX15452701	45Dr1_amp_lib1	PRJEB106069	PRJEB104209	Trip1	Deep	False	True
45Dr3	${EQ_READS_DIR}/ERR16062520_1.fastq.gz	${EQ_READS_DIR}/ERR16062520_2.fastq.gz	ERR16062520	45Dr3	ERS28393205	ERX15452702	45Dr3_amp_lib1	PRJEB106069	PRJEB104209	Trip1	Deep	False	True
45Sr1	${EQ_READS_DIR}/ERR16062521_1.fastq.gz	${EQ_READS_DIR}/ERR16062521_2.fastq.gz	ERR16062521	45Sr1	ERS28393206	ERX15452703	45Sr1_amp_lib1	PRJEB106069	PRJEB104209	Trip1	Surface	False	True
45PRr2	${EQ_READS_DIR}/ERR16062522_1.fastq.gz	${EQ_READS_DIR}/ERR16062522_2.fastq.gz	ERR16062522	45PRr2	ERS28393207	ERX15452704	45PRr2_amp_lib1	PRJEB106069	PRJEB104209	Trip1	Rhizosphere	False	True
46Dr1	${EQ_READS_DIR}/ERR16062523_1.fastq.gz	${EQ_READS_DIR}/ERR16062523_2.fastq.gz	ERR16062523	46Dr1	ERS28393208	ERX15452705	46Dr1_amp_lib1	PRJEB106069	PRJEB104209	Trip1	Deep	False	True
46Sr3	${EQ_READS_DIR}/ERR16062524_1.fastq.gz	${EQ_READS_DIR}/ERR16062524_2.fastq.gz	ERR16062524	46Sr3	ERS28393209	ERX15452706	46Sr3_amp_lib1	PRJEB106069	PRJEB104209	Trip1	Surface	False	True
46PRr1	${EQ_READS_DIR}/ERR16062525_1.fastq.gz	${EQ_READS_DIR}/ERR16062525_2.fastq.gz	ERR16062525	46PRr1	ERS28393210	ERX15452707	46PRr1_amp_lib1	PRJEB106069	PRJEB104209	Trip1	Rhizosphere	False	True
47Dr2	${EQ_READS_DIR}/ERR16062526_1.fastq.gz	${EQ_READS_DIR}/ERR16062526_2.fastq.gz	ERR16062526	47Dr2	ERS28393211	ERX15452708	47Dr2_amp_lib1	PRJEB106069	PRJEB104209	Trip1	Deep	False	True
47Dr3	${EQ_READS_DIR}/ERR16062527_1.fastq.gz	${EQ_READS_DIR}/ERR16062527_2.fastq.gz	ERR16062527	47Dr3	ERS28393212	ERX15452709	47Dr3_amp_lib1	PRJEB106069	PRJEB104209	Trip1	Deep	False	True
47Sr1	${EQ_READS_DIR}/ERR16062528_1.fastq.gz	${EQ_READS_DIR}/ERR16062528_2.fastq.gz	ERR16062528	47Sr1	ERS28393213	ERX15452710	47Sr1_amp_lib1	PRJEB106069	PRJEB104209	Trip1	Surface	False	True
47PRr1	${EQ_READS_DIR}/ERR16062529_1.fastq.gz	${EQ_READS_DIR}/ERR16062529_2.fastq.gz	ERR16062529	47PRr1	ERS28393214	ERX15452711	47PRr1_amp_lib1	PRJEB106069	PRJEB104209	Trip1	Rhizosphere	False	True
48Dr2	${EQ_READS_DIR}/ERR16062530_1.fastq.gz	${EQ_READS_DIR}/ERR16062530_2.fastq.gz	ERR16062530	48Dr2	ERS28393215	ERX15452712	48Dr2_amp_lib1	PRJEB106069	PRJEB104209	Trip1	Deep	False	True
48Dr3	${EQ_READS_DIR}/ERR16062531_1.fastq.gz	${EQ_READS_DIR}/ERR16062531_2.fastq.gz	ERR16062531	48Dr3	ERS28393216	ERX15452713	48Dr3_amp_lib1	PRJEB106069	PRJEB104209	Trip1	Deep	False	True
48Sr2	${EQ_READS_DIR}/ERR16062532_1.fastq.gz	${EQ_READS_DIR}/ERR16062532_2.fastq.gz	ERR16062532	48Sr2	ERS28393217	ERX15452714	48Sr2_amp_lib1	PRJEB106069	PRJEB104209	Trip1	Surface	False	True
48PRr3	${EQ_READS_DIR}/ERR16062533_1.fastq.gz	${EQ_READS_DIR}/ERR16062533_2.fastq.gz	ERR16062533	48PRr3	ERS28393218	ERX15452715	48PRr3_amp_lib1	PRJEB106069	PRJEB104209	Trip1	Rhizosphere	False	True
49Dr2	${EQ_READS_DIR}/ERR16062534_1.fastq.gz	${EQ_READS_DIR}/ERR16062534_2.fastq.gz	ERR16062534	49Dr2	ERS28393219	ERX15452716	49Dr2_amp_lib1	PRJEB106069	PRJEB104209	Trip1	Deep	False	True
49Sr2	${EQ_READS_DIR}/ERR16062535_1.fastq.gz	${EQ_READS_DIR}/ERR16062535_2.fastq.gz	ERR16062535	49Sr2	ERS28393220	ERX15452717	49Sr2_amp_lib1	PRJEB106069	PRJEB104209	Trip1	Surface	False	True
49Sr3	${EQ_READS_DIR}/ERR16062536_1.fastq.gz	${EQ_READS_DIR}/ERR16062536_2.fastq.gz	ERR16062536	49Sr3	ERS28393221	ERX15452718	49Sr3_amp_lib1	PRJEB106069	PRJEB104209	Trip1	Surface	False	True
49PRr2	${EQ_READS_DIR}/ERR16062537_1.fastq.gz	${EQ_READS_DIR}/ERR16062537_2.fastq.gz	ERR16062537	49PRr2	ERS28393222	ERX15452719	49PRr2_amp_lib1	PRJEB106069	PRJEB104209	Trip1	Rhizosphere	False	True
50Dr1	${EQ_READS_DIR}/ERR16062538_1.fastq.gz	${EQ_READS_DIR}/ERR16062538_2.fastq.gz	ERR16062538	50Dr1	ERS28393223	ERX15452720	50Dr1_amp_lib1	PRJEB106069	PRJEB104209	Trip1	Deep	False	True
50Dr2	${EQ_READS_DIR}/ERR16062539_1.fastq.gz	${EQ_READS_DIR}/ERR16062539_2.fastq.gz	ERR16062539	50Dr2	ERS28393224	ERX15452721	50Dr2_amp_lib1	PRJEB106069	PRJEB104209	Trip1	Deep	False	True
50Sr1	${EQ_READS_DIR}/ERR16062540_1.fastq.gz	${EQ_READS_DIR}/ERR16062540_2.fastq.gz	ERR16062540	50Sr1	ERS28393225	ERX15452722	50Sr1_amp_lib1	PRJEB106069	PRJEB104209	Trip1	Surface	False	True
50Sr2	${EQ_READS_DIR}/ERR16062541_1.fastq.gz	${EQ_READS_DIR}/ERR16062541_2.fastq.gz	ERR16062541	50Sr2	ERS28393226	ERX15452723	50Sr2_amp_lib1	PRJEB106069	PRJEB104209	Trip1	Surface	False	True
50Sr3	${EQ_READS_DIR}/ERR16062542_1.fastq.gz	${EQ_READS_DIR}/ERR16062542_2.fastq.gz	ERR16062542	50Sr3	ERS28393227	ERX15452724	50Sr3_amp_lib1	PRJEB106069	PRJEB104209	Trip1	Surface	False	True
50PRr1	${EQ_READS_DIR}/ERR16062543_1.fastq.gz	${EQ_READS_DIR}/ERR16062543_2.fastq.gz	ERR16062543	50PRr1	ERS28393228	ERX15452725	50PRr1_amp_lib1	PRJEB106069	PRJEB104209	Trip1	Rhizosphere	False	True
50PRr2	${EQ_READS_DIR}/ERR16062544_1.fastq.gz	${EQ_READS_DIR}/ERR16062544_2.fastq.gz	ERR16062544	50PRr2	ERS28393229	ERX15452726	50PRr2_amp_lib1	PRJEB106069	PRJEB104209	Trip1	Rhizosphere	False	True
51Dr1	${EQ_READS_DIR}/ERR16062545_1.fastq.gz	${EQ_READS_DIR}/ERR16062545_2.fastq.gz	ERR16062545	51Dr1	ERS28393230	ERX15452727	51Dr1_amp_lib1	PRJEB106069	PRJEB104209	Trip1	Deep	False	True
51Dr3	${EQ_READS_DIR}/ERR16062546_1.fastq.gz	${EQ_READS_DIR}/ERR16062546_2.fastq.gz	ERR16062546	51Dr3	ERS28393231	ERX15452728	51Dr3_amp_lib1	PRJEB106069	PRJEB104209	Trip1	Deep	False	True
51Sr2	${EQ_READS_DIR}/ERR16062547_1.fastq.gz	${EQ_READS_DIR}/ERR16062547_2.fastq.gz	ERR16062547	51Sr2	ERS28393232	ERX15452729	51Sr2_amp_lib1	PRJEB106069	PRJEB104209	Trip1	Surface	False	True
51PRr3	${EQ_READS_DIR}/ERR16062548_1.fastq.gz	${EQ_READS_DIR}/ERR16062548_2.fastq.gz	ERR16062548	51PRr3	ERS28393233	ERX15452730	51PRr3_amp_lib1	PRJEB106069	PRJEB104209	Trip1	Rhizosphere	False	True
52Dr1	${EQ_READS_DIR}/ERR16062549_1.fastq.gz	${EQ_READS_DIR}/ERR16062549_2.fastq.gz	ERR16062549	52Dr1	ERS28393234	ERX15452731	52Dr1_amp_lib1	PRJEB106069	PRJEB104209	Trip1	Deep	False	True
53Dr2	${EQ_READS_DIR}/ERR16062550_1.fastq.gz	${EQ_READS_DIR}/ERR16062550_2.fastq.gz	ERR16062550	53Dr2	ERS28393235	ERX15452732	53Dr2_amp_lib1	PRJEB106069	PRJEB104209	Trip1	Deep	False	True
53Dr3	${EQ_READS_DIR}/ERR16062551_1.fastq.gz	${EQ_READS_DIR}/ERR16062551_2.fastq.gz	ERR16062551	53Dr3	ERS28393236	ERX15452733	53Dr3_amp_lib1	PRJEB106069	PRJEB104209	Trip1	Deep	False	True
53Sr3	${EQ_READS_DIR}/ERR16062552_1.fastq.gz	${EQ_READS_DIR}/ERR16062552_2.fastq.gz	ERR16062552	53Sr3	ERS28393237	ERX15452734	53Sr3_amp_lib1	PRJEB106069	PRJEB104209	Trip1	Surface	False	True
53PRr1	${EQ_READS_DIR}/ERR16062553_1.fastq.gz	${EQ_READS_DIR}/ERR16062553_2.fastq.gz	ERR16062553	53PRr1	ERS28393238	ERX15452735	53PRr1_amp_lib1	PRJEB106069	PRJEB104209	Trip1	Rhizosphere	False	True
53PRr2	${EQ_READS_DIR}/ERR16062554_1.fastq.gz	${EQ_READS_DIR}/ERR16062554_2.fastq.gz	ERR16062554	53PRr2	ERS28393239	ERX15452736	53PRr2_amp_lib1	PRJEB106069	PRJEB104209	Trip1	Rhizosphere	False	True
54Dr1	${EQ_READS_DIR}/ERR16062555_1.fastq.gz	${EQ_READS_DIR}/ERR16062555_2.fastq.gz	ERR16062555	54Dr1	ERS28393240	ERX15452737	54Dr1_amp_lib1	PRJEB106069	PRJEB104209	Trip1	Deep	False	True
54Dr2	${EQ_READS_DIR}/ERR16062556_1.fastq.gz	${EQ_READS_DIR}/ERR16062556_2.fastq.gz	ERR16062556	54Dr2	ERS28393241	ERX15452738	54Dr2_amp_lib1	PRJEB106069	PRJEB104209	Trip1	Deep	False	True
54Sr1	${EQ_READS_DIR}/ERR16062557_1.fastq.gz	${EQ_READS_DIR}/ERR16062557_2.fastq.gz	ERR16062557	54Sr1	ERS28393242	ERX15452739	54Sr1_amp_lib1	PRJEB106069	PRJEB104209	Trip1	Surface	False	True
54Sr2	${EQ_READS_DIR}/ERR16062558_1.fastq.gz	${EQ_READS_DIR}/ERR16062558_2.fastq.gz	ERR16062558	54Sr2	ERS28393243	ERX15452740	54Sr2_amp_lib1	PRJEB106069	PRJEB104209	Trip1	Surface	False	True
54Sr3	${EQ_READS_DIR}/ERR16062559_1.fastq.gz	${EQ_READS_DIR}/ERR16062559_2.fastq.gz	ERR16062559	54Sr3	ERS28393244	ERX15452741	54Sr3_amp_lib1	PRJEB106069	PRJEB104209	Trip1	Surface	False	True
54PRr1	${EQ_READS_DIR}/ERR16062560_1.fastq.gz	${EQ_READS_DIR}/ERR16062560_2.fastq.gz	ERR16062560	54PRr1	ERS28393245	ERX15452742	54PRr1_amp_lib1	PRJEB106069	PRJEB104209	Trip1	Rhizosphere	False	True
54PRr2	${EQ_READS_DIR}/ERR16062561_1.fastq.gz	${EQ_READS_DIR}/ERR16062561_2.fastq.gz	ERR16062561	54PRr2	ERS28393246	ERX15452743	54PRr2_amp_lib1	PRJEB106069	PRJEB104209	Trip1	Rhizosphere	False	True
54PRr3	${EQ_READS_DIR}/ERR16062562_1.fastq.gz	${EQ_READS_DIR}/ERR16062562_2.fastq.gz	ERR16062562	54PRr3	ERS28393247	ERX15452744	54PRr3_amp_lib1	PRJEB106069	PRJEB104209	Trip1	Rhizosphere	False	True
55Dr2	${EQ_READS_DIR}/ERR16062563_1.fastq.gz	${EQ_READS_DIR}/ERR16062563_2.fastq.gz	ERR16062563	55Dr2	ERS28393248	ERX15452745	55Dr2_amp_lib1	PRJEB106069	PRJEB104209	Trip1	Deep	False	True
55Sr1	${EQ_READS_DIR}/ERR16062564_1.fastq.gz	${EQ_READS_DIR}/ERR16062564_2.fastq.gz	ERR16062564	55Sr1	ERS28393249	ERX15452746	55Sr1_amp_lib1	PRJEB106069	PRJEB104209	Trip1	Surface	False	True
55Sr3	${EQ_READS_DIR}/ERR16062565_1.fastq.gz	${EQ_READS_DIR}/ERR16062565_2.fastq.gz	ERR16062565	55Sr3	ERS28393250	ERX15452747	55Sr3_amp_lib1	PRJEB106069	PRJEB104209	Trip1	Surface	False	True
55PRr1	${EQ_READS_DIR}/ERR16062566_1.fastq.gz	${EQ_READS_DIR}/ERR16062566_2.fastq.gz	ERR16062566	55PRr1	ERS28393251	ERX15452748	55PRr1_amp_lib1	PRJEB106069	PRJEB104209	Trip1	Rhizosphere	False	True
55PRr3	${EQ_READS_DIR}/ERR16062567_1.fastq.gz	${EQ_READS_DIR}/ERR16062567_2.fastq.gz	ERR16062567	55PRr3	ERS28393252	ERX15452749	55PRr3_amp_lib1	PRJEB106069	PRJEB104209	Trip1	Rhizosphere	False	True
56Dr1	${EQ_READS_DIR}/ERR16062568_1.fastq.gz	${EQ_READS_DIR}/ERR16062568_2.fastq.gz	ERR16062568	56Dr1	ERS28393253	ERX15452750	56Dr1_amp_lib1	PRJEB106069	PRJEB104209	Trip1	Deep	False	True
56Dr3	${EQ_READS_DIR}/ERR16062569_1.fastq.gz	${EQ_READS_DIR}/ERR16062569_2.fastq.gz	ERR16062569	56Dr3	ERS28393254	ERX15452751	56Dr3_amp_lib1	PRJEB106069	PRJEB104209	Trip1	Deep	False	True
56Sr1	${EQ_READS_DIR}/ERR16062570_1.fastq.gz	${EQ_READS_DIR}/ERR16062570_2.fastq.gz	ERR16062570	56Sr1	ERS28393255	ERX15452752	56Sr1_amp_lib1	PRJEB106069	PRJEB104209	Trip1	Surface	False	True
56Sr3	${EQ_READS_DIR}/ERR16062571_1.fastq.gz	${EQ_READS_DIR}/ERR16062571_2.fastq.gz	ERR16062571	56Sr3	ERS28393256	ERX15452753	56Sr3_amp_lib1	PRJEB106069	PRJEB104209	Trip1	Surface	False	True
57Dr3	${EQ_READS_DIR}/ERR16062572_1.fastq.gz	${EQ_READS_DIR}/ERR16062572_2.fastq.gz	ERR16062572	57Dr3	ERS28393257	ERX15452754	57Dr3_amp_lib1	PRJEB106069	PRJEB104209	Trip1	Deep	False	True
57Sr2	${EQ_READS_DIR}/ERR16062573_1.fastq.gz	${EQ_READS_DIR}/ERR16062573_2.fastq.gz	ERR16062573	57Sr2	ERS28393258	ERX15452755	57Sr2_amp_lib1	PRJEB106069	PRJEB104209	Trip1	Surface	False	True
57PRr1	${EQ_READS_DIR}/ERR16062574_1.fastq.gz	${EQ_READS_DIR}/ERR16062574_2.fastq.gz	ERR16062574	57PRr1	ERS28393259	ERX15452756	57PRr1_amp_lib1	PRJEB106069	PRJEB104209	Trip1	Rhizosphere	False	True
57PRr3	${EQ_READS_DIR}/ERR16062575_1.fastq.gz	${EQ_READS_DIR}/ERR16062575_2.fastq.gz	ERR16062575	57PRr3	ERS28393260	ERX15452757	57PRr3_amp_lib1	PRJEB106069	PRJEB104209	Trip1	Rhizosphere	False	True
58Sr2	${EQ_READS_DIR}/ERR16062576_1.fastq.gz	${EQ_READS_DIR}/ERR16062576_2.fastq.gz	ERR16062576	58Sr2	ERS28393261	ERX15452758	58Sr2_amp_lib1	PRJEB106069	PRJEB104209	Trip1	Surface	False	True
58Sr3	${EQ_READS_DIR}/ERR16062577_1.fastq.gz	${EQ_READS_DIR}/ERR16062577_2.fastq.gz	ERR16062577	58Sr3	ERS28393262	ERX15452759	58Sr3_amp_lib1	PRJEB106069	PRJEB104209	Trip1	Surface	False	True
58PRr1	${EQ_READS_DIR}/ERR16062578_1.fastq.gz	${EQ_READS_DIR}/ERR16062578_2.fastq.gz	ERR16062578	58PRr1	ERS28393263	ERX15452760	58PRr1_amp_lib1	PRJEB106069	PRJEB104209	Trip1	Rhizosphere	False	True
59PRr3	${EQ_READS_DIR}/ERR16062579_1.fastq.gz	${EQ_READS_DIR}/ERR16062579_2.fastq.gz	ERR16062579	59PRr3	ERS28393264	ERX15452761	59PRr3_amp_lib1	PRJEB106069	PRJEB104209	Trip1	Rhizosphere	False	True
60Dr2	${EQ_READS_DIR}/ERR16062580_1.fastq.gz	${EQ_READS_DIR}/ERR16062580_2.fastq.gz	ERR16062580	60Dr2	ERS28393265	ERX15452762	60Dr2_amp_lib1	PRJEB106069	PRJEB104209	Trip1	Deep	False	True
60Dr3	${EQ_READS_DIR}/ERR16062581_1.fastq.gz	${EQ_READS_DIR}/ERR16062581_2.fastq.gz	ERR16062581	60Dr3	ERS28393266	ERX15452763	60Dr3_amp_lib1	PRJEB106069	PRJEB104209	Trip1	Deep	False	True
60Sr3	${EQ_READS_DIR}/ERR16062582_1.fastq.gz	${EQ_READS_DIR}/ERR16062582_2.fastq.gz	ERR16062582	60Sr3	ERS28393267	ERX15452764	60Sr3_amp_lib1	PRJEB106069	PRJEB104209	Trip1	Surface	False	True
S18Dr1	${EQ_READS_DIR}/ERR16062583_1.fastq.gz	${EQ_READS_DIR}/ERR16062583_2.fastq.gz	ERR16062583	S18Dr1	ERS28393342	ERX15452765	S18Dr1_amp_lib1	PRJEB106069	PRJEB104209	Trip4	Deep	False	True
S18Sr1	${EQ_READS_DIR}/ERR16062584_1.fastq.gz	${EQ_READS_DIR}/ERR16062584_2.fastq.gz	ERR16062584	S18Sr1	ERS28393343	ERX15452766	S18Sr1_amp_lib1	PRJEB106069	PRJEB104209	Trip4	Surface	False	True
S18PRr1	${EQ_READS_DIR}/ERR16062585_1.fastq.gz	${EQ_READS_DIR}/ERR16062585_2.fastq.gz	ERR16062585	S18PRr1	ERS28393344	ERX15452767	S18PRr1_amp_lib1	PRJEB106069	PRJEB104209	Trip4	Rhizosphere	False	True
F1Dr1	${EQ_READS_DIR}/ERR16062694_1.fastq.gz	${EQ_READS_DIR}/ERR16062694_2.fastq.gz	ERR16062694	F1Dr1	ERS28393444	ERX15452876	F1Dr1_amp_lib1	PRJEB106069	PRJEB104209	Trip3	Deep	False	True
F1Dr2	${EQ_READS_DIR}/ERR16062695_1.fastq.gz	${EQ_READS_DIR}/ERR16062695_2.fastq.gz	ERR16062695	F1Dr2	ERS28393445	ERX15452877	F1Dr2_amp_lib1	PRJEB106069	PRJEB104209	Trip3	Deep	False	True
F1Dr3	${EQ_READS_DIR}/ERR16062696_1.fastq.gz	${EQ_READS_DIR}/ERR16062696_2.fastq.gz	ERR16062696	F1Dr3	ERS28393446	ERX15452878	F1Dr3_amp_lib1	PRJEB106069	PRJEB104209	Trip3	Deep	False	True
F1Sr1	${EQ_READS_DIR}/ERR16062697_1.fastq.gz	${EQ_READS_DIR}/ERR16062697_2.fastq.gz	ERR16062697	F1Sr1	ERS28393447	ERX15452879	F1Sr1_amp_lib1	PRJEB106069	PRJEB104209	Trip3	Surface	False	True
F1Sr2	${EQ_READS_DIR}/ERR16062698_1.fastq.gz	${EQ_READS_DIR}/ERR16062698_2.fastq.gz	ERR16062698	F1Sr2	ERS28393448	ERX15452880	F1Sr2_amp_lib1	PRJEB106069	PRJEB104209	Trip3	Surface	False	True
F1Sr3	${EQ_READS_DIR}/ERR16062699_1.fastq.gz	${EQ_READS_DIR}/ERR16062699_2.fastq.gz	ERR16062699	F1Sr3	ERS28393449	ERX15452881	F1Sr3_amp_lib1	PRJEB106069	PRJEB104209	Trip3	Surface	False	True
F1PRr1	${EQ_READS_DIR}/ERR16062700_1.fastq.gz	${EQ_READS_DIR}/ERR16062700_2.fastq.gz	ERR16062700	F1PRr1	ERS28393450	ERX15452882	F1PRr1_amp_lib1	PRJEB106069	PRJEB104209	Trip3	Rhizosphere	False	True
F1PRr2	${EQ_READS_DIR}/ERR16062701_1.fastq.gz	${EQ_READS_DIR}/ERR16062701_2.fastq.gz	ERR16062701	F1PRr2	ERS28393451	ERX15452883	F1PRr2_amp_lib1	PRJEB106069	PRJEB104209	Trip3	Rhizosphere	False	True
F1PRr3	${EQ_READS_DIR}/ERR16062702_1.fastq.gz	${EQ_READS_DIR}/ERR16062702_2.fastq.gz	ERR16062702	F1PRr3	ERS28393452	ERX15452884	F1PRr3_amp_lib1	PRJEB106069	PRJEB104209	Trip3	Rhizosphere	False	True
F2Dr1	${EQ_READS_DIR}/ERR16062703_1.fastq.gz	${EQ_READS_DIR}/ERR16062703_2.fastq.gz	ERR16062703	F2Dr1	ERS28393453	ERX15452885	F2Dr1_amp_lib1	PRJEB106069	PRJEB104209	Trip3	Deep	False	True
F2Dr2	${EQ_READS_DIR}/ERR16062704_1.fastq.gz	${EQ_READS_DIR}/ERR16062704_2.fastq.gz	ERR16062704	F2Dr2	ERS28393454	ERX15452886	F2Dr2_amp_lib1	PRJEB106069	PRJEB104209	Trip3	Deep	False	True
F2Dr3	${EQ_READS_DIR}/ERR16062705_1.fastq.gz	${EQ_READS_DIR}/ERR16062705_2.fastq.gz	ERR16062705	F2Dr3	ERS28393455	ERX15452887	F2Dr3_amp_lib1	PRJEB106069	PRJEB104209	Trip3	Deep	False	True
F2Sr1	${EQ_READS_DIR}/ERR16062706_1.fastq.gz	${EQ_READS_DIR}/ERR16062706_2.fastq.gz	ERR16062706	F2Sr1	ERS28393456	ERX15452888	F2Sr1_amp_lib1	PRJEB106069	PRJEB104209	Trip3	Surface	False	True
F2Sr2	${EQ_READS_DIR}/ERR16062707_1.fastq.gz	${EQ_READS_DIR}/ERR16062707_2.fastq.gz	ERR16062707	F2Sr2	ERS28393457	ERX15452889	F2Sr2_amp_lib1	PRJEB106069	PRJEB104209	Trip3	Surface	False	True
F2Sr3	${EQ_READS_DIR}/ERR16062708_1.fastq.gz	${EQ_READS_DIR}/ERR16062708_2.fastq.gz	ERR16062708	F2Sr3	ERS28393458	ERX15452890	F2Sr3_amp_lib1	PRJEB106069	PRJEB104209	Trip3	Surface	False	True
F2PRr1	${EQ_READS_DIR}/ERR16062709_1.fastq.gz	${EQ_READS_DIR}/ERR16062709_2.fastq.gz	ERR16062709	F2PRr1	ERS28393459	ERX15452891	F2PRr1_amp_lib1	PRJEB106069	PRJEB104209	Trip3	Rhizosphere	False	True
F2PRr2	${EQ_READS_DIR}/ERR16062710_1.fastq.gz	${EQ_READS_DIR}/ERR16062710_2.fastq.gz	ERR16062710	F2PRr2	ERS28393460	ERX15452892	F2PRr2_amp_lib1	PRJEB106069	PRJEB104209	Trip3	Rhizosphere	False	True
F2PRr3	${EQ_READS_DIR}/ERR16062711_1.fastq.gz	${EQ_READS_DIR}/ERR16062711_2.fastq.gz	ERR16062711	F2PRr3	ERS28393461	ERX15452893	F2PRr3_amp_lib1	PRJEB106069	PRJEB104209	Trip3	Rhizosphere	False	True
F3Dr1	${EQ_READS_DIR}/ERR16062712_1.fastq.gz	${EQ_READS_DIR}/ERR16062712_2.fastq.gz	ERR16062712	F3Dr1	ERS28393462	ERX15452894	F3Dr1_amp_lib1	PRJEB106069	PRJEB104209	Trip3	Deep	False	True
F3Dr2	${EQ_READS_DIR}/ERR16062713_1.fastq.gz	${EQ_READS_DIR}/ERR16062713_2.fastq.gz	ERR16062713	F3Dr2	ERS28393463	ERX15452895	F3Dr2_amp_lib1	PRJEB106069	PRJEB104209	Trip3	Deep	False	True
F3Dr3	${EQ_READS_DIR}/ERR16062714_1.fastq.gz	${EQ_READS_DIR}/ERR16062714_2.fastq.gz	ERR16062714	F3Dr3	ERS28393464	ERX15452896	F3Dr3_amp_lib1	PRJEB106069	PRJEB104209	Trip3	Deep	False	True
F3Sr1	${EQ_READS_DIR}/ERR16062715_1.fastq.gz	${EQ_READS_DIR}/ERR16062715_2.fastq.gz	ERR16062715	F3Sr1	ERS28393465	ERX15452897	F3Sr1_amp_lib1	PRJEB106069	PRJEB104209	Trip3	Surface	False	True
F3Sr2	${EQ_READS_DIR}/ERR16062716_1.fastq.gz	${EQ_READS_DIR}/ERR16062716_2.fastq.gz	ERR16062716	F3Sr2	ERS28393466	ERX15452898	F3Sr2_amp_lib1	PRJEB106069	PRJEB104209	Trip3	Surface	False	True
F3Sr3	${EQ_READS_DIR}/ERR16062717_1.fastq.gz	${EQ_READS_DIR}/ERR16062717_2.fastq.gz	ERR16062717	F3Sr3	ERS28393467	ERX15452899	F3Sr3_amp_lib1	PRJEB106069	PRJEB104209	Trip3	Surface	False	True
F3PRr1	${EQ_READS_DIR}/ERR16062718_1.fastq.gz	${EQ_READS_DIR}/ERR16062718_2.fastq.gz	ERR16062718	F3PRr1	ERS28393468	ERX15452900	F3PRr1_amp_lib1	PRJEB106069	PRJEB104209	Trip3	Rhizosphere	False	True
F3PRr2	${EQ_READS_DIR}/ERR16062719_1.fastq.gz	${EQ_READS_DIR}/ERR16062719_2.fastq.gz	ERR16062719	F3PRr2	ERS28393469	ERX15452901	F3PRr2_amp_lib1	PRJEB106069	PRJEB104209	Trip3	Rhizosphere	False	True
F4Dr1	${EQ_READS_DIR}/ERR16062720_1.fastq.gz	${EQ_READS_DIR}/ERR16062720_2.fastq.gz	ERR16062720	F4Dr1	ERS28393470	ERX15452902	F4Dr1_amp_lib1	PRJEB106069	PRJEB104209	Trip3	Deep	False	True
F4Dr2	${EQ_READS_DIR}/ERR16062721_1.fastq.gz	${EQ_READS_DIR}/ERR16062721_2.fastq.gz	ERR16062721	F4Dr2	ERS28393471	ERX15452903	F4Dr2_amp_lib1	PRJEB106069	PRJEB104209	Trip3	Deep	False	True
F4Sr1	${EQ_READS_DIR}/ERR16062722_1.fastq.gz	${EQ_READS_DIR}/ERR16062722_2.fastq.gz	ERR16062722	F4Sr1	ERS28393472	ERX15452904	F4Sr1_amp_lib1	PRJEB106069	PRJEB104209	Trip3	Surface	False	True
F4Sr2	${EQ_READS_DIR}/ERR16062723_1.fastq.gz	${EQ_READS_DIR}/ERR16062723_2.fastq.gz	ERR16062723	F4Sr2	ERS28393473	ERX15452905	F4Sr2_amp_lib1	PRJEB106069	PRJEB104209	Trip3	Surface	False	True
F4Sr3	${EQ_READS_DIR}/ERR16062724_1.fastq.gz	${EQ_READS_DIR}/ERR16062724_2.fastq.gz	ERR16062724	F4Sr3	ERS28393474	ERX15452906	F4Sr3_amp_lib1	PRJEB106069	PRJEB104209	Trip3	Surface	False	True
F4PRr1	${EQ_READS_DIR}/ERR16062725_1.fastq.gz	${EQ_READS_DIR}/ERR16062725_2.fastq.gz	ERR16062725	F4PRr1	ERS28393475	ERX15452907	F4PRr1_amp_lib1	PRJEB106069	PRJEB104209	Trip3	Rhizosphere	False	True
F4PRr2	${EQ_READS_DIR}/ERR16062726_1.fastq.gz	${EQ_READS_DIR}/ERR16062726_2.fastq.gz	ERR16062726	F4PRr2	ERS28393476	ERX15452908	F4PRr2_amp_lib1	PRJEB106069	PRJEB104209	Trip3	Rhizosphere	False	True
F5Dr2	${EQ_READS_DIR}/ERR16062727_1.fastq.gz	${EQ_READS_DIR}/ERR16062727_2.fastq.gz	ERR16062727	F5Dr2	ERS28393477	ERX15452909	F5Dr2_amp_lib1	PRJEB106069	PRJEB104209	Trip3	Deep	False	True
F5Dr3	${EQ_READS_DIR}/ERR16062728_1.fastq.gz	${EQ_READS_DIR}/ERR16062728_2.fastq.gz	ERR16062728	F5Dr3	ERS28393478	ERX15452910	F5Dr3_amp_lib1	PRJEB106069	PRJEB104209	Trip3	Deep	False	True
F5Sr1	${EQ_READS_DIR}/ERR16062729_1.fastq.gz	${EQ_READS_DIR}/ERR16062729_2.fastq.gz	ERR16062729	F5Sr1	ERS28393479	ERX15452911	F5Sr1_amp_lib1	PRJEB106069	PRJEB104209	Trip3	Surface	False	True
F5Sr2	${EQ_READS_DIR}/ERR16062730_1.fastq.gz	${EQ_READS_DIR}/ERR16062730_2.fastq.gz	ERR16062730	F5Sr2	ERS28393480	ERX15452912	F5Sr2_amp_lib1	PRJEB106069	PRJEB104209	Trip3	Surface	False	True
F5Sr3	${EQ_READS_DIR}/ERR16062731_1.fastq.gz	${EQ_READS_DIR}/ERR16062731_2.fastq.gz	ERR16062731	F5Sr3	ERS28393481	ERX15452913	F5Sr3_amp_lib1	PRJEB106069	PRJEB104209	Trip3	Surface	False	True
F5PRr2	${EQ_READS_DIR}/ERR16062732_1.fastq.gz	${EQ_READS_DIR}/ERR16062732_2.fastq.gz	ERR16062732	F5PRr2	ERS28393482	ERX15452914	F5PRr2_amp_lib1	PRJEB106069	PRJEB104209	Trip3	Rhizosphere	False	True
F6Dr1	${EQ_READS_DIR}/ERR16062733_1.fastq.gz	${EQ_READS_DIR}/ERR16062733_2.fastq.gz	ERR16062733	F6Dr1	ERS28393483	ERX15452915	F6Dr1_amp_lib1	PRJEB106069	PRJEB104209	Trip3	Deep	False	True
F6Sr1	${EQ_READS_DIR}/ERR16062734_1.fastq.gz	${EQ_READS_DIR}/ERR16062734_2.fastq.gz	ERR16062734	F6Sr1	ERS28393484	ERX15452916	F6Sr1_amp_lib1	PRJEB106069	PRJEB104209	Trip3	Surface	False	True
F6Sr2	${EQ_READS_DIR}/ERR16062735_1.fastq.gz	${EQ_READS_DIR}/ERR16062735_2.fastq.gz	ERR16062735	F6Sr2	ERS28393485	ERX15452917	F6Sr2_amp_lib1	PRJEB106069	PRJEB104209	Trip3	Surface	False	True
F6Sr3	${EQ_READS_DIR}/ERR16062736_1.fastq.gz	${EQ_READS_DIR}/ERR16062736_2.fastq.gz	ERR16062736	F6Sr3	ERS28393486	ERX15452918	F6Sr3_amp_lib1	PRJEB106069	PRJEB104209	Trip3	Surface	False	True
F6PRr1	${EQ_READS_DIR}/ERR16062737_1.fastq.gz	${EQ_READS_DIR}/ERR16062737_2.fastq.gz	ERR16062737	F6PRr1	ERS28393487	ERX15452919	F6PRr1_amp_lib1	PRJEB106069	PRJEB104209	Trip3	Rhizosphere	False	True
F6PRr2	${EQ_READS_DIR}/ERR16062738_1.fastq.gz	${EQ_READS_DIR}/ERR16062738_2.fastq.gz	ERR16062738	F6PRr2	ERS28393488	ERX15452920	F6PRr2_amp_lib1	PRJEB106069	PRJEB104209	Trip3	Rhizosphere	False	True
F6PRr3	${EQ_READS_DIR}/ERR16062739_1.fastq.gz	${EQ_READS_DIR}/ERR16062739_2.fastq.gz	ERR16062739	F6PRr3	ERS28393489	ERX15452921	F6PRr3_amp_lib1	PRJEB106069	PRJEB104209	Trip3	Rhizosphere	False	True
F7Dr1	${EQ_READS_DIR}/ERR16062740_1.fastq.gz	${EQ_READS_DIR}/ERR16062740_2.fastq.gz	ERR16062740	F7Dr1	ERS28393490	ERX15452922	F7Dr1_amp_lib1	PRJEB106069	PRJEB104209	Trip3	Deep	False	True
F7Dr2	${EQ_READS_DIR}/ERR16062741_1.fastq.gz	${EQ_READS_DIR}/ERR16062741_2.fastq.gz	ERR16062741	F7Dr2	ERS28393491	ERX15452923	F7Dr2_amp_lib1	PRJEB106069	PRJEB104209	Trip3	Deep	False	True
F7Dr3	${EQ_READS_DIR}/ERR16062742_1.fastq.gz	${EQ_READS_DIR}/ERR16062742_2.fastq.gz	ERR16062742	F7Dr3	ERS28393492	ERX15452924	F7Dr3_amp_lib1	PRJEB106069	PRJEB104209	Trip3	Deep	False	True
F7Sr1	${EQ_READS_DIR}/ERR16062743_1.fastq.gz	${EQ_READS_DIR}/ERR16062743_2.fastq.gz	ERR16062743	F7Sr1	ERS28393493	ERX15452925	F7Sr1_amp_lib1	PRJEB106069	PRJEB104209	Trip3	Surface	False	True
F7Sr2	${EQ_READS_DIR}/ERR16062744_1.fastq.gz	${EQ_READS_DIR}/ERR16062744_2.fastq.gz	ERR16062744	F7Sr2	ERS28393494	ERX15452926	F7Sr2_amp_lib1	PRJEB106069	PRJEB104209	Trip3	Surface	False	True
F7Sr3	${EQ_READS_DIR}/ERR16062745_1.fastq.gz	${EQ_READS_DIR}/ERR16062745_2.fastq.gz	ERR16062745	F7Sr3	ERS28393495	ERX15452927	F7Sr3_amp_lib1	PRJEB106069	PRJEB104209	Trip3	Surface	False	True
F7PRr1	${EQ_READS_DIR}/ERR16062746_1.fastq.gz	${EQ_READS_DIR}/ERR16062746_2.fastq.gz	ERR16062746	F7PRr1	ERS28393496	ERX15452928	F7PRr1_amp_lib1	PRJEB106069	PRJEB104209	Trip3	Rhizosphere	False	True
F7PRr2	${EQ_READS_DIR}/ERR16062747_1.fastq.gz	${EQ_READS_DIR}/ERR16062747_2.fastq.gz	ERR16062747	F7PRr2	ERS28393497	ERX15452929	F7PRr2_amp_lib1	PRJEB106069	PRJEB104209	Trip3	Rhizosphere	False	True
F7PRr3	${EQ_READS_DIR}/ERR16062748_1.fastq.gz	${EQ_READS_DIR}/ERR16062748_2.fastq.gz	ERR16062748	F7PRr3	ERS28393498	ERX15452930	F7PRr3_amp_lib1	PRJEB106069	PRJEB104209	Trip3	Rhizosphere	False	True
F8Dr1	${EQ_READS_DIR}/ERR16062749_1.fastq.gz	${EQ_READS_DIR}/ERR16062749_2.fastq.gz	ERR16062749	F8Dr1	ERS28393499	ERX15452931	F8Dr1_amp_lib1	PRJEB106069	PRJEB104209	Trip3	Deep	False	True
F8Dr2	${EQ_READS_DIR}/ERR16062750_1.fastq.gz	${EQ_READS_DIR}/ERR16062750_2.fastq.gz	ERR16062750	F8Dr2	ERS28393500	ERX15452932	F8Dr2_amp_lib1	PRJEB106069	PRJEB104209	Trip3	Deep	False	True
F8Dr3	${EQ_READS_DIR}/ERR16062751_1.fastq.gz	${EQ_READS_DIR}/ERR16062751_2.fastq.gz	ERR16062751	F8Dr3	ERS28393501	ERX15452933	F8Dr3_amp_lib1	PRJEB106069	PRJEB104209	Trip3	Deep	False	True
F8Sr1	${EQ_READS_DIR}/ERR16062752_1.fastq.gz	${EQ_READS_DIR}/ERR16062752_2.fastq.gz	ERR16062752	F8Sr1	ERS28393502	ERX15452934	F8Sr1_amp_lib1	PRJEB106069	PRJEB104209	Trip3	Surface	False	True
F8Sr2	${EQ_READS_DIR}/ERR16062753_1.fastq.gz	${EQ_READS_DIR}/ERR16062753_2.fastq.gz	ERR16062753	F8Sr2	ERS28393503	ERX15452935	F8Sr2_amp_lib1	PRJEB106069	PRJEB104209	Trip3	Surface	False	True
F8Sr3	${EQ_READS_DIR}/ERR16062754_1.fastq.gz	${EQ_READS_DIR}/ERR16062754_2.fastq.gz	ERR16062754	F8Sr3	ERS28393504	ERX15452936	F8Sr3_amp_lib1	PRJEB106069	PRJEB104209	Trip3	Surface	False	True
F8PRr1	${EQ_READS_DIR}/ERR16062755_1.fastq.gz	${EQ_READS_DIR}/ERR16062755_2.fastq.gz	ERR16062755	F8PRr1	ERS28393505	ERX15452937	F8PRr1_amp_lib1	PRJEB106069	PRJEB104209	Trip3	Rhizosphere	False	True
F8PRr2	${EQ_READS_DIR}/ERR16062756_1.fastq.gz	${EQ_READS_DIR}/ERR16062756_2.fastq.gz	ERR16062756	F8PRr2	ERS28393506	ERX15452938	F8PRr2_amp_lib1	PRJEB106069	PRJEB104209	Trip3	Rhizosphere	False	True
F8PRr3	${EQ_READS_DIR}/ERR16062757_1.fastq.gz	${EQ_READS_DIR}/ERR16062757_2.fastq.gz	ERR16062757	F8PRr3	ERS28393507	ERX15452939	F8PRr3_amp_lib1	PRJEB106069	PRJEB104209	Trip3	Rhizosphere	False	True
F9Dr1	${EQ_READS_DIR}/ERR16062758_1.fastq.gz	${EQ_READS_DIR}/ERR16062758_2.fastq.gz	ERR16062758	F9Dr1	ERS28393508	ERX15452940	F9Dr1_amp_lib1	PRJEB106069	PRJEB104209	Trip3	Deep	False	True
F9Dr2	${EQ_READS_DIR}/ERR16062759_1.fastq.gz	${EQ_READS_DIR}/ERR16062759_2.fastq.gz	ERR16062759	F9Dr2	ERS28393509	ERX15452941	F9Dr2_amp_lib1	PRJEB106069	PRJEB104209	Trip3	Deep	False	True
F9Dr3	${EQ_READS_DIR}/ERR16062760_1.fastq.gz	${EQ_READS_DIR}/ERR16062760_2.fastq.gz	ERR16062760	F9Dr3	ERS28393510	ERX15452942	F9Dr3_amp_lib1	PRJEB106069	PRJEB104209	Trip3	Deep	False	True
F9Sr1	${EQ_READS_DIR}/ERR16062761_1.fastq.gz	${EQ_READS_DIR}/ERR16062761_2.fastq.gz	ERR16062761	F9Sr1	ERS28393511	ERX15452943	F9Sr1_amp_lib1	PRJEB106069	PRJEB104209	Trip3	Surface	False	True
F9Sr2	${EQ_READS_DIR}/ERR16062762_1.fastq.gz	${EQ_READS_DIR}/ERR16062762_2.fastq.gz	ERR16062762	F9Sr2	ERS28393512	ERX15452944	F9Sr2_amp_lib1	PRJEB106069	PRJEB104209	Trip3	Surface	False	True
F9Sr3	${EQ_READS_DIR}/ERR16062763_1.fastq.gz	${EQ_READS_DIR}/ERR16062763_2.fastq.gz	ERR16062763	F9Sr3	ERS28393513	ERX15452945	F9Sr3_amp_lib1	PRJEB106069	PRJEB104209	Trip3	Surface	False	True
F9PRr1	${EQ_READS_DIR}/ERR16062764_1.fastq.gz	${EQ_READS_DIR}/ERR16062764_2.fastq.gz	ERR16062764	F9PRr1	ERS28393514	ERX15452946	F9PRr1_amp_lib1	PRJEB106069	PRJEB104209	Trip3	Rhizosphere	False	True
F9PRr2	${EQ_READS_DIR}/ERR16062765_1.fastq.gz	${EQ_READS_DIR}/ERR16062765_2.fastq.gz	ERR16062765	F9PRr2	ERS28393515	ERX15452947	F9PRr2_amp_lib1	PRJEB106069	PRJEB104209	Trip3	Rhizosphere	False	True
F9PRr3	${EQ_READS_DIR}/ERR16062766_1.fastq.gz	${EQ_READS_DIR}/ERR16062766_2.fastq.gz	ERR16062766	F9PRr3	ERS28393516	ERX15452948	F9PRr3_amp_lib1	PRJEB106069	PRJEB104209	Trip3	Rhizosphere	False	True
F10Dr1	${EQ_READS_DIR}/ERR16062767_1.fastq.gz	${EQ_READS_DIR}/ERR16062767_2.fastq.gz	ERR16062767	F10Dr1	ERS28393517	ERX15452949	F10Dr1_amp_lib1	PRJEB106069	PRJEB104209	Trip3	Deep	False	True
F10Dr2	${EQ_READS_DIR}/ERR16062768_1.fastq.gz	${EQ_READS_DIR}/ERR16062768_2.fastq.gz	ERR16062768	F10Dr2	ERS28393518	ERX15452950	F10Dr2_amp_lib1	PRJEB106069	PRJEB104209	Trip3	Deep	False	True
F10Dr3	${EQ_READS_DIR}/ERR16062769_1.fastq.gz	${EQ_READS_DIR}/ERR16062769_2.fastq.gz	ERR16062769	F10Dr3	ERS28393519	ERX15452951	F10Dr3_amp_lib1	PRJEB106069	PRJEB104209	Trip3	Deep	False	True
F10Sr1	${EQ_READS_DIR}/ERR16062770_1.fastq.gz	${EQ_READS_DIR}/ERR16062770_2.fastq.gz	ERR16062770	F10Sr1	ERS28393520	ERX15452952	F10Sr1_amp_lib1	PRJEB106069	PRJEB104209	Trip3	Surface	False	True
F10Sr2	${EQ_READS_DIR}/ERR16062771_1.fastq.gz	${EQ_READS_DIR}/ERR16062771_2.fastq.gz	ERR16062771	F10Sr2	ERS28393521	ERX15452953	F10Sr2_amp_lib1	PRJEB106069	PRJEB104209	Trip3	Surface	False	True
F10Sr3	${EQ_READS_DIR}/ERR16062772_1.fastq.gz	${EQ_READS_DIR}/ERR16062772_2.fastq.gz	ERR16062772	F10Sr3	ERS28393522	ERX15452954	F10Sr3_amp_lib1	PRJEB106069	PRJEB104209	Trip3	Surface	False	True
F10PRr1	${EQ_READS_DIR}/ERR16062773_1.fastq.gz	${EQ_READS_DIR}/ERR16062773_2.fastq.gz	ERR16062773	F10PRr1	ERS28393523	ERX15452955	F10PRr1_amp_lib1	PRJEB106069	PRJEB104209	Trip3	Rhizosphere	False	True
F10PRr2	${EQ_READS_DIR}/ERR16062774_1.fastq.gz	${EQ_READS_DIR}/ERR16062774_2.fastq.gz	ERR16062774	F10PRr2	ERS28393524	ERX15452956	F10PRr2_amp_lib1	PRJEB106069	PRJEB104209	Trip3	Rhizosphere	False	True
F11Dr1	${EQ_READS_DIR}/ERR16062775_1.fastq.gz	${EQ_READS_DIR}/ERR16062775_2.fastq.gz	ERR16062775	F11Dr1	ERS28393525	ERX15452957	F11Dr1_amp_lib1	PRJEB106069	PRJEB104209	Trip3	Deep	False	True
F11Dr2	${EQ_READS_DIR}/ERR16062776_1.fastq.gz	${EQ_READS_DIR}/ERR16062776_2.fastq.gz	ERR16062776	F11Dr2	ERS28393526	ERX15452958	F11Dr2_amp_lib1	PRJEB106069	PRJEB104209	Trip3	Deep	False	True
F11Dr3	${EQ_READS_DIR}/ERR16062777_1.fastq.gz	${EQ_READS_DIR}/ERR16062777_2.fastq.gz	ERR16062777	F11Dr3	ERS28393527	ERX15452959	F11Dr3_amp_lib1	PRJEB106069	PRJEB104209	Trip3	Deep	False	True
F11Sr1	${EQ_READS_DIR}/ERR16062778_1.fastq.gz	${EQ_READS_DIR}/ERR16062778_2.fastq.gz	ERR16062778	F11Sr1	ERS28393528	ERX15452960	F11Sr1_amp_lib1	PRJEB106069	PRJEB104209	Trip3	Surface	False	True
F11Sr2	${EQ_READS_DIR}/ERR16062779_1.fastq.gz	${EQ_READS_DIR}/ERR16062779_2.fastq.gz	ERR16062779	F11Sr2	ERS28393529	ERX15452961	F11Sr2_amp_lib1	PRJEB106069	PRJEB104209	Trip3	Surface	False	True
F11Sr3	${EQ_READS_DIR}/ERR16062780_1.fastq.gz	${EQ_READS_DIR}/ERR16062780_2.fastq.gz	ERR16062780	F11Sr3	ERS28393530	ERX15452962	F11Sr3_amp_lib1	PRJEB106069	PRJEB104209	Trip3	Surface	False	True
F11PRr1	${EQ_READS_DIR}/ERR16062781_1.fastq.gz	${EQ_READS_DIR}/ERR16062781_2.fastq.gz	ERR16062781	F11PRr1	ERS28393531	ERX15452963	F11PRr1_amp_lib1	PRJEB106069	PRJEB104209	Trip3	Rhizosphere	False	True
F11PRr2	${EQ_READS_DIR}/ERR16062782_1.fastq.gz	${EQ_READS_DIR}/ERR16062782_2.fastq.gz	ERR16062782	F11PRr2	ERS28393532	ERX15452964	F11PRr2_amp_lib1	PRJEB106069	PRJEB104209	Trip3	Rhizosphere	False	True
F11PRr3	${EQ_READS_DIR}/ERR16062783_1.fastq.gz	${EQ_READS_DIR}/ERR16062783_2.fastq.gz	ERR16062783	F11PRr3	ERS28393533	ERX15452965	F11PRr3_amp_lib1	PRJEB106069	PRJEB104209	Trip3	Rhizosphere	False	True
F12Dr1	${EQ_READS_DIR}/ERR16062784_1.fastq.gz	${EQ_READS_DIR}/ERR16062784_2.fastq.gz	ERR16062784	F12Dr1	ERS28393534	ERX15452966	F12Dr1_amp_lib1	PRJEB106069	PRJEB104209	Trip3	Deep	False	True
F12Dr2	${EQ_READS_DIR}/ERR16062785_1.fastq.gz	${EQ_READS_DIR}/ERR16062785_2.fastq.gz	ERR16062785	F12Dr2	ERS28393535	ERX15452967	F12Dr2_amp_lib1	PRJEB106069	PRJEB104209	Trip3	Deep	False	True
F12Sr2	${EQ_READS_DIR}/ERR16062786_1.fastq.gz	${EQ_READS_DIR}/ERR16062786_2.fastq.gz	ERR16062786	F12Sr2	ERS28393536	ERX15452968	F12Sr2_amp_lib1	PRJEB106069	PRJEB104209	Trip3	Surface	False	True
F12Sr3	${EQ_READS_DIR}/ERR16062787_1.fastq.gz	${EQ_READS_DIR}/ERR16062787_2.fastq.gz	ERR16062787	F12Sr3	ERS28393537	ERX15452969	F12Sr3_amp_lib1	PRJEB106069	PRJEB104209	Trip3	Surface	False	True
F12PRr1	${EQ_READS_DIR}/ERR16062788_1.fastq.gz	${EQ_READS_DIR}/ERR16062788_2.fastq.gz	ERR16062788	F12PRr1	ERS28393538	ERX15452970	F12PRr1_amp_lib1	PRJEB106069	PRJEB104209	Trip3	Rhizosphere	False	True
F12PRr2	${EQ_READS_DIR}/ERR16062789_1.fastq.gz	${EQ_READS_DIR}/ERR16062789_2.fastq.gz	ERR16062789	F12PRr2	ERS28393539	ERX15452971	F12PRr2_amp_lib1	PRJEB106069	PRJEB104209	Trip3	Rhizosphere	False	True
F12PRr3	${EQ_READS_DIR}/ERR16062790_1.fastq.gz	${EQ_READS_DIR}/ERR16062790_2.fastq.gz	ERR16062790	F12PRr3	ERS28393540	ERX15452972	F12PRr3_amp_lib1	PRJEB106069	PRJEB104209	Trip3	Rhizosphere	False	True
F13Dr1	${EQ_READS_DIR}/ERR16062791_1.fastq.gz	${EQ_READS_DIR}/ERR16062791_2.fastq.gz	ERR16062791	F13Dr1	ERS28393541	ERX15452973	F13Dr1_amp_lib1	PRJEB106069	PRJEB104209	Trip3	Deep	False	True
F13Dr2	${EQ_READS_DIR}/ERR16062792_1.fastq.gz	${EQ_READS_DIR}/ERR16062792_2.fastq.gz	ERR16062792	F13Dr2	ERS28393542	ERX15452974	F13Dr2_amp_lib1	PRJEB106069	PRJEB104209	Trip3	Deep	False	True
F13Dr3	${EQ_READS_DIR}/ERR16062793_1.fastq.gz	${EQ_READS_DIR}/ERR16062793_2.fastq.gz	ERR16062793	F13Dr3	ERS28393543	ERX15452975	F13Dr3_amp_lib1	PRJEB106069	PRJEB104209	Trip3	Deep	False	True
F13Sr1	${EQ_READS_DIR}/ERR16062794_1.fastq.gz	${EQ_READS_DIR}/ERR16062794_2.fastq.gz	ERR16062794	F13Sr1	ERS28393544	ERX15452976	F13Sr1_amp_lib1	PRJEB106069	PRJEB104209	Trip3	Surface	False	True
F13Sr2	${EQ_READS_DIR}/ERR16062795_1.fastq.gz	${EQ_READS_DIR}/ERR16062795_2.fastq.gz	ERR16062795	F13Sr2	ERS28393545	ERX15452977	F13Sr2_amp_lib1	PRJEB106069	PRJEB104209	Trip3	Surface	False	True
F13Sr3	${EQ_READS_DIR}/ERR16062796_1.fastq.gz	${EQ_READS_DIR}/ERR16062796_2.fastq.gz	ERR16062796	F13Sr3	ERS28393546	ERX15452978	F13Sr3_amp_lib1	PRJEB106069	PRJEB104209	Trip3	Surface	False	True
F13PRr1	${EQ_READS_DIR}/ERR16062797_1.fastq.gz	${EQ_READS_DIR}/ERR16062797_2.fastq.gz	ERR16062797	F13PRr1	ERS28393547	ERX15452979	F13PRr1_amp_lib1	PRJEB106069	PRJEB104209	Trip3	Rhizosphere	False	True
F13PRr2	${EQ_READS_DIR}/ERR16062798_1.fastq.gz	${EQ_READS_DIR}/ERR16062798_2.fastq.gz	ERR16062798	F13PRr2	ERS28393548	ERX15452980	F13PRr2_amp_lib1	PRJEB106069	PRJEB104209	Trip3	Rhizosphere	False	True
F13PRr3	${EQ_READS_DIR}/ERR16062799_1.fastq.gz	${EQ_READS_DIR}/ERR16062799_2.fastq.gz	ERR16062799	F13PRr3	ERS28393549	ERX15452981	F13PRr3_amp_lib1	PRJEB106069	PRJEB104209	Trip3	Rhizosphere	False	True
F14Dr1	${EQ_READS_DIR}/ERR16062800_1.fastq.gz	${EQ_READS_DIR}/ERR16062800_2.fastq.gz	ERR16062800	F14Dr1	ERS28393550	ERX15452982	F14Dr1_amp_lib1	PRJEB106069	PRJEB104209	Trip3	Deep	False	True
F14Dr2	${EQ_READS_DIR}/ERR16062801_1.fastq.gz	${EQ_READS_DIR}/ERR16062801_2.fastq.gz	ERR16062801	F14Dr2	ERS28393551	ERX15452983	F14Dr2_amp_lib1	PRJEB106069	PRJEB104209	Trip3	Deep	False	True
F14Dr3	${EQ_READS_DIR}/ERR16062802_1.fastq.gz	${EQ_READS_DIR}/ERR16062802_2.fastq.gz	ERR16062802	F14Dr3	ERS28393552	ERX15452984	F14Dr3_amp_lib1	PRJEB106069	PRJEB104209	Trip3	Deep	False	True
F14Sr1	${EQ_READS_DIR}/ERR16062803_1.fastq.gz	${EQ_READS_DIR}/ERR16062803_2.fastq.gz	ERR16062803	F14Sr1	ERS28393553	ERX15452985	F14Sr1_amp_lib1	PRJEB106069	PRJEB104209	Trip3	Surface	False	True
F14Sr2	${EQ_READS_DIR}/ERR16062804_1.fastq.gz	${EQ_READS_DIR}/ERR16062804_2.fastq.gz	ERR16062804	F14Sr2	ERS28393554	ERX15452986	F14Sr2_amp_lib1	PRJEB106069	PRJEB104209	Trip3	Surface	False	True
F14Sr3	${EQ_READS_DIR}/ERR16062805_1.fastq.gz	${EQ_READS_DIR}/ERR16062805_2.fastq.gz	ERR16062805	F14Sr3	ERS28393555	ERX15452987	F14Sr3_amp_lib1	PRJEB106069	PRJEB104209	Trip3	Surface	False	True
F14PRr1	${EQ_READS_DIR}/ERR16062806_1.fastq.gz	${EQ_READS_DIR}/ERR16062806_2.fastq.gz	ERR16062806	F14PRr1	ERS28393556	ERX15452988	F14PRr1_amp_lib1	PRJEB106069	PRJEB104209	Trip3	Rhizosphere	False	True
F14PRr2	${EQ_READS_DIR}/ERR16062807_1.fastq.gz	${EQ_READS_DIR}/ERR16062807_2.fastq.gz	ERR16062807	F14PRr2	ERS28393557	ERX15452989	F14PRr2_amp_lib1	PRJEB106069	PRJEB104209	Trip3	Rhizosphere	False	True
F14PRr3	${EQ_READS_DIR}/ERR16062808_1.fastq.gz	${EQ_READS_DIR}/ERR16062808_2.fastq.gz	ERR16062808	F14PRr3	ERS28393558	ERX15452990	F14PRr3_amp_lib1	PRJEB106069	PRJEB104209	Trip3	Rhizosphere	False	True
F15Dr1	${EQ_READS_DIR}/ERR16062809_1.fastq.gz	${EQ_READS_DIR}/ERR16062809_2.fastq.gz	ERR16062809	F15Dr1	ERS28393559	ERX15452991	F15Dr1_amp_lib1	PRJEB106069	PRJEB104209	Trip3	Deep	False	True
F15Dr2	${EQ_READS_DIR}/ERR16062810_1.fastq.gz	${EQ_READS_DIR}/ERR16062810_2.fastq.gz	ERR16062810	F15Dr2	ERS28393560	ERX15452992	F15Dr2_amp_lib1	PRJEB106069	PRJEB104209	Trip3	Deep	False	True
F15Dr3	${EQ_READS_DIR}/ERR16062811_1.fastq.gz	${EQ_READS_DIR}/ERR16062811_2.fastq.gz	ERR16062811	F15Dr3	ERS28393561	ERX15452993	F15Dr3_amp_lib1	PRJEB106069	PRJEB104209	Trip3	Deep	False	True
F15Sr1	${EQ_READS_DIR}/ERR16062812_1.fastq.gz	${EQ_READS_DIR}/ERR16062812_2.fastq.gz	ERR16062812	F15Sr1	ERS28393562	ERX15452994	F15Sr1_amp_lib1	PRJEB106069	PRJEB104209	Trip3	Surface	False	True
F15Sr2	${EQ_READS_DIR}/ERR16062813_1.fastq.gz	${EQ_READS_DIR}/ERR16062813_2.fastq.gz	ERR16062813	F15Sr2	ERS28393563	ERX15452995	F15Sr2_amp_lib1	PRJEB106069	PRJEB104209	Trip3	Surface	False	True
F15Sr3	${EQ_READS_DIR}/ERR16062814_1.fastq.gz	${EQ_READS_DIR}/ERR16062814_2.fastq.gz	ERR16062814	F15Sr3	ERS28393564	ERX15452996	F15Sr3_amp_lib1	PRJEB106069	PRJEB104209	Trip3	Surface	False	True
F15PRr1	${EQ_READS_DIR}/ERR16062815_1.fastq.gz	${EQ_READS_DIR}/ERR16062815_2.fastq.gz	ERR16062815	F15PRr1	ERS28393565	ERX15452997	F15PRr1_amp_lib1	PRJEB106069	PRJEB104209	Trip3	Rhizosphere	False	True
F15PRr2	${EQ_READS_DIR}/ERR16062816_1.fastq.gz	${EQ_READS_DIR}/ERR16062816_2.fastq.gz	ERR16062816	F15PRr2	ERS28393566	ERX15452998	F15PRr2_amp_lib1	PRJEB106069	PRJEB104209	Trip3	Rhizosphere	False	True
F15PRr3	${EQ_READS_DIR}/ERR16062817_1.fastq.gz	${EQ_READS_DIR}/ERR16062817_2.fastq.gz	ERR16062817	F15PRr3	ERS28393567	ERX15452999	F15PRr3_amp_lib1	PRJEB106069	PRJEB104209	Trip3	Rhizosphere	False	True
F16Dr1	${EQ_READS_DIR}/ERR16062818_1.fastq.gz	${EQ_READS_DIR}/ERR16062818_2.fastq.gz	ERR16062818	F16Dr1	ERS28393568	ERX15453000	F16Dr1_amp_lib1	PRJEB106069	PRJEB104209	Trip3	Deep	False	True
F16Dr2	${EQ_READS_DIR}/ERR16062819_1.fastq.gz	${EQ_READS_DIR}/ERR16062819_2.fastq.gz	ERR16062819	F16Dr2	ERS28393569	ERX15453001	F16Dr2_amp_lib1	PRJEB106069	PRJEB104209	Trip3	Deep	False	True
F16Dr3	${EQ_READS_DIR}/ERR16062820_1.fastq.gz	${EQ_READS_DIR}/ERR16062820_2.fastq.gz	ERR16062820	F16Dr3	ERS28393570	ERX15453002	F16Dr3_amp_lib1	PRJEB106069	PRJEB104209	Trip3	Deep	False	True
F16Sr1	${EQ_READS_DIR}/ERR16062821_1.fastq.gz	${EQ_READS_DIR}/ERR16062821_2.fastq.gz	ERR16062821	F16Sr1	ERS28393571	ERX15453003	F16Sr1_amp_lib1	PRJEB106069	PRJEB104209	Trip3	Surface	False	True
F16Sr2	${EQ_READS_DIR}/ERR16062822_1.fastq.gz	${EQ_READS_DIR}/ERR16062822_2.fastq.gz	ERR16062822	F16Sr2	ERS28393572	ERX15453004	F16Sr2_amp_lib1	PRJEB106069	PRJEB104209	Trip3	Surface	False	True
F16Sr3	${EQ_READS_DIR}/ERR16062823_1.fastq.gz	${EQ_READS_DIR}/ERR16062823_2.fastq.gz	ERR16062823	F16Sr3	ERS28393573	ERX15453005	F16Sr3_amp_lib1	PRJEB106069	PRJEB104209	Trip3	Surface	False	True
F16PRr1	${EQ_READS_DIR}/ERR16062824_1.fastq.gz	${EQ_READS_DIR}/ERR16062824_2.fastq.gz	ERR16062824	F16PRr1	ERS28393574	ERX15453006	F16PRr1_amp_lib1	PRJEB106069	PRJEB104209	Trip3	Rhizosphere	False	True
F16PRr2	${EQ_READS_DIR}/ERR16062825_1.fastq.gz	${EQ_READS_DIR}/ERR16062825_2.fastq.gz	ERR16062825	F16PRr2	ERS28393575	ERX15453007	F16PRr2_amp_lib1	PRJEB106069	PRJEB104209	Trip3	Rhizosphere	False	True
F16PRr3	${EQ_READS_DIR}/ERR16062826_1.fastq.gz	${EQ_READS_DIR}/ERR16062826_2.fastq.gz	ERR16062826	F16PRr3	ERS28393576	ERX15453008	F16PRr3_amp_lib1	PRJEB106069	PRJEB104209	Trip3	Rhizosphere	False	True
F17Dr1	${EQ_READS_DIR}/ERR16062827_1.fastq.gz	${EQ_READS_DIR}/ERR16062827_2.fastq.gz	ERR16062827	F17Dr1	ERS28393577	ERX15453009	F17Dr1_amp_lib1	PRJEB106069	PRJEB104209	Trip3	Deep	False	True
F17Dr2	${EQ_READS_DIR}/ERR16062828_1.fastq.gz	${EQ_READS_DIR}/ERR16062828_2.fastq.gz	ERR16062828	F17Dr2	ERS28393578	ERX15453010	F17Dr2_amp_lib1	PRJEB106069	PRJEB104209	Trip3	Deep	False	True
F17Dr3	${EQ_READS_DIR}/ERR16062829_1.fastq.gz	${EQ_READS_DIR}/ERR16062829_2.fastq.gz	ERR16062829	F17Dr3	ERS28393579	ERX15453011	F17Dr3_amp_lib1	PRJEB106069	PRJEB104209	Trip3	Deep	False	True
F17Sr1	${EQ_READS_DIR}/ERR16062830_1.fastq.gz	${EQ_READS_DIR}/ERR16062830_2.fastq.gz	ERR16062830	F17Sr1	ERS28393580	ERX15453012	F17Sr1_amp_lib1	PRJEB106069	PRJEB104209	Trip3	Surface	False	True
F17Sr2	${EQ_READS_DIR}/ERR16062831_1.fastq.gz	${EQ_READS_DIR}/ERR16062831_2.fastq.gz	ERR16062831	F17Sr2	ERS28393581	ERX15453013	F17Sr2_amp_lib1	PRJEB106069	PRJEB104209	Trip3	Surface	False	True
F17Sr3	${EQ_READS_DIR}/ERR16062832_1.fastq.gz	${EQ_READS_DIR}/ERR16062832_2.fastq.gz	ERR16062832	F17Sr3	ERS28393582	ERX15453014	F17Sr3_amp_lib1	PRJEB106069	PRJEB104209	Trip3	Surface	False	True
F17PRr1	${EQ_READS_DIR}/ERR16062833_1.fastq.gz	${EQ_READS_DIR}/ERR16062833_2.fastq.gz	ERR16062833	F17PRr1	ERS28393583	ERX15453015	F17PRr1_amp_lib1	PRJEB106069	PRJEB104209	Trip3	Rhizosphere	False	True
F17PRr2	${EQ_READS_DIR}/ERR16062834_1.fastq.gz	${EQ_READS_DIR}/ERR16062834_2.fastq.gz	ERR16062834	F17PRr2	ERS28393584	ERX15453016	F17PRr2_amp_lib1	PRJEB106069	PRJEB104209	Trip3	Rhizosphere	False	True
F17PRr3	${EQ_READS_DIR}/ERR16062835_1.fastq.gz	${EQ_READS_DIR}/ERR16062835_2.fastq.gz	ERR16062835	F17PRr3	ERS28393585	ERX15453017	F17PRr3_amp_lib1	PRJEB106069	PRJEB104209	Trip3	Rhizosphere	False	True
F18Dr1	${EQ_READS_DIR}/ERR16062836_1.fastq.gz	${EQ_READS_DIR}/ERR16062836_2.fastq.gz	ERR16062836	F18Dr1	ERS28393586	ERX15453018	F18Dr1_amp_lib1	PRJEB106069	PRJEB104209	Trip3	Deep	False	True
F18Dr2	${EQ_READS_DIR}/ERR16062837_1.fastq.gz	${EQ_READS_DIR}/ERR16062837_2.fastq.gz	ERR16062837	F18Dr2	ERS28393587	ERX15453019	F18Dr2_amp_lib1	PRJEB106069	PRJEB104209	Trip3	Deep	False	True
F18Dr3	${EQ_READS_DIR}/ERR16062838_1.fastq.gz	${EQ_READS_DIR}/ERR16062838_2.fastq.gz	ERR16062838	F18Dr3	ERS28393588	ERX15453020	F18Dr3_amp_lib1	PRJEB106069	PRJEB104209	Trip3	Deep	False	True
F18Sr1	${EQ_READS_DIR}/ERR16062839_1.fastq.gz	${EQ_READS_DIR}/ERR16062839_2.fastq.gz	ERR16062839	F18Sr1	ERS28393589	ERX15453021	F18Sr1_amp_lib1	PRJEB106069	PRJEB104209	Trip3	Surface	False	True
F18Sr2	${EQ_READS_DIR}/ERR16062840_1.fastq.gz	${EQ_READS_DIR}/ERR16062840_2.fastq.gz	ERR16062840	F18Sr2	ERS28393590	ERX15453022	F18Sr2_amp_lib1	PRJEB106069	PRJEB104209	Trip3	Surface	False	True
F18Sr3	${EQ_READS_DIR}/ERR16062841_1.fastq.gz	${EQ_READS_DIR}/ERR16062841_2.fastq.gz	ERR16062841	F18Sr3	ERS28393591	ERX15453023	F18Sr3_amp_lib1	PRJEB106069	PRJEB104209	Trip3	Surface	False	True
F18PRr1	${EQ_READS_DIR}/ERR16062842_1.fastq.gz	${EQ_READS_DIR}/ERR16062842_2.fastq.gz	ERR16062842	F18PRr1	ERS28393592	ERX15453024	F18PRr1_amp_lib1	PRJEB106069	PRJEB104209	Trip3	Rhizosphere	False	True
F18PRr2	${EQ_READS_DIR}/ERR16062843_1.fastq.gz	${EQ_READS_DIR}/ERR16062843_2.fastq.gz	ERR16062843	F18PRr2	ERS28393593	ERX15453025	F18PRr2_amp_lib1	PRJEB106069	PRJEB104209	Trip3	Rhizosphere	False	True
F18PRr3	${EQ_READS_DIR}/ERR16062844_1.fastq.gz	${EQ_READS_DIR}/ERR16062844_2.fastq.gz	ERR16062844	F18PRr3	ERS28393594	ERX15453026	F18PRr3_amp_lib1	PRJEB106069	PRJEB104209	Trip3	Rhizosphere	False	True
F19Dr1	${EQ_READS_DIR}/ERR16062845_1.fastq.gz	${EQ_READS_DIR}/ERR16062845_2.fastq.gz	ERR16062845	F19Dr1	ERS28393595	ERX15453027	F19Dr1_amp_lib1	PRJEB106069	PRJEB104209	Trip3	Deep	False	True
F19Dr2	${EQ_READS_DIR}/ERR16062846_1.fastq.gz	${EQ_READS_DIR}/ERR16062846_2.fastq.gz	ERR16062846	F19Dr2	ERS28393596	ERX15453028	F19Dr2_amp_lib1	PRJEB106069	PRJEB104209	Trip3	Deep	False	True
F19Dr3	${EQ_READS_DIR}/ERR16062847_1.fastq.gz	${EQ_READS_DIR}/ERR16062847_2.fastq.gz	ERR16062847	F19Dr3	ERS28393597	ERX15453029	F19Dr3_amp_lib1	PRJEB106069	PRJEB104209	Trip3	Deep	False	True
F19Sr1	${EQ_READS_DIR}/ERR16062848_1.fastq.gz	${EQ_READS_DIR}/ERR16062848_2.fastq.gz	ERR16062848	F19Sr1	ERS28393598	ERX15453030	F19Sr1_amp_lib1	PRJEB106069	PRJEB104209	Trip3	Surface	False	True
F19Sr2	${EQ_READS_DIR}/ERR16062849_1.fastq.gz	${EQ_READS_DIR}/ERR16062849_2.fastq.gz	ERR16062849	F19Sr2	ERS28393599	ERX15453031	F19Sr2_amp_lib1	PRJEB106069	PRJEB104209	Trip3	Surface	False	True
F19Sr3	${EQ_READS_DIR}/ERR16062850_1.fastq.gz	${EQ_READS_DIR}/ERR16062850_2.fastq.gz	ERR16062850	F19Sr3	ERS28393600	ERX15453032	F19Sr3_amp_lib1	PRJEB106069	PRJEB104209	Trip3	Surface	False	True
F19PRr1	${EQ_READS_DIR}/ERR16062851_1.fastq.gz	${EQ_READS_DIR}/ERR16062851_2.fastq.gz	ERR16062851	F19PRr1	ERS28393601	ERX15453033	F19PRr1_amp_lib1	PRJEB106069	PRJEB104209	Trip3	Rhizosphere	False	True
F19PRr2	${EQ_READS_DIR}/ERR16062852_1.fastq.gz	${EQ_READS_DIR}/ERR16062852_2.fastq.gz	ERR16062852	F19PRr2	ERS28393602	ERX15453034	F19PRr2_amp_lib1	PRJEB106069	PRJEB104209	Trip3	Rhizosphere	False	True
F19PRr3	${EQ_READS_DIR}/ERR16062853_1.fastq.gz	${EQ_READS_DIR}/ERR16062853_2.fastq.gz	ERR16062853	F19PRr3	ERS28393603	ERX15453035	F19PRr3_amp_lib1	PRJEB106069	PRJEB104209	Trip3	Rhizosphere	False	True
F20Dr1	${EQ_READS_DIR}/ERR16062854_1.fastq.gz	${EQ_READS_DIR}/ERR16062854_2.fastq.gz	ERR16062854	F20Dr1	ERS28393604	ERX15453036	F20Dr1_amp_lib1	PRJEB106069	PRJEB104209	Trip3	Deep	False	True
F20Dr2	${EQ_READS_DIR}/ERR16062855_1.fastq.gz	${EQ_READS_DIR}/ERR16062855_2.fastq.gz	ERR16062855	F20Dr2	ERS28393605	ERX15453037	F20Dr2_amp_lib1	PRJEB106069	PRJEB104209	Trip3	Deep	False	True
F20Dr3	${EQ_READS_DIR}/ERR16062856_1.fastq.gz	${EQ_READS_DIR}/ERR16062856_2.fastq.gz	ERR16062856	F20Dr3	ERS28393606	ERX15453038	F20Dr3_amp_lib1	PRJEB106069	PRJEB104209	Trip3	Deep	False	True
F20Sr2	${EQ_READS_DIR}/ERR16062857_1.fastq.gz	${EQ_READS_DIR}/ERR16062857_2.fastq.gz	ERR16062857	F20Sr2	ERS28393607	ERX15453039	F20Sr2_amp_lib1	PRJEB106069	PRJEB104209	Trip3	Surface	False	True
F20Sr3	${EQ_READS_DIR}/ERR16062858_1.fastq.gz	${EQ_READS_DIR}/ERR16062858_2.fastq.gz	ERR16062858	F20Sr3	ERS28393608	ERX15453040	F20Sr3_amp_lib1	PRJEB106069	PRJEB104209	Trip3	Surface	False	True
F20PRr1	${EQ_READS_DIR}/ERR16062859_1.fastq.gz	${EQ_READS_DIR}/ERR16062859_2.fastq.gz	ERR16062859	F20PRr1	ERS28393609	ERX15453041	F20PRr1_amp_lib1	PRJEB106069	PRJEB104209	Trip3	Rhizosphere	False	True
F20PRr2	${EQ_READS_DIR}/ERR16062860_1.fastq.gz	${EQ_READS_DIR}/ERR16062860_2.fastq.gz	ERR16062860	F20PRr2	ERS28393610	ERX15453042	F20PRr2_amp_lib1	PRJEB106069	PRJEB104209	Trip3	Rhizosphere	False	True
F20PRr3	${EQ_READS_DIR}/ERR16062861_1.fastq.gz	${EQ_READS_DIR}/ERR16062861_2.fastq.gz	ERR16062861	F20PRr3	ERS28393611	ERX15453043	F20PRr3_amp_lib1	PRJEB106069	PRJEB104209	Trip3	Rhizosphere	False	True
F21Dr1	${EQ_READS_DIR}/ERR16062862_1.fastq.gz	${EQ_READS_DIR}/ERR16062862_2.fastq.gz	ERR16062862	F21Dr1	ERS28393612	ERX15453044	F21Dr1_amp_lib1	PRJEB106069	PRJEB104209	Trip3	Deep	False	True
F21Dr2	${EQ_READS_DIR}/ERR16062863_1.fastq.gz	${EQ_READS_DIR}/ERR16062863_2.fastq.gz	ERR16062863	F21Dr2	ERS28393613	ERX15453045	F21Dr2_amp_lib1	PRJEB106069	PRJEB104209	Trip3	Deep	False	True
F21Dr3	${EQ_READS_DIR}/ERR16062864_1.fastq.gz	${EQ_READS_DIR}/ERR16062864_2.fastq.gz	ERR16062864	F21Dr3	ERS28393614	ERX15453046	F21Dr3_amp_lib1	PRJEB106069	PRJEB104209	Trip3	Deep	False	True
F21Sr1	${EQ_READS_DIR}/ERR16062865_1.fastq.gz	${EQ_READS_DIR}/ERR16062865_2.fastq.gz	ERR16062865	F21Sr1	ERS28393615	ERX15453047	F21Sr1_amp_lib1	PRJEB106069	PRJEB104209	Trip3	Surface	False	True
F21Sr2	${EQ_READS_DIR}/ERR16062866_1.fastq.gz	${EQ_READS_DIR}/ERR16062866_2.fastq.gz	ERR16062866	F21Sr2	ERS28393616	ERX15453048	F21Sr2_amp_lib1	PRJEB106069	PRJEB104209	Trip3	Surface	False	True
F21Sr3	${EQ_READS_DIR}/ERR16062867_1.fastq.gz	${EQ_READS_DIR}/ERR16062867_2.fastq.gz	ERR16062867	F21Sr3	ERS28393617	ERX15453049	F21Sr3_amp_lib1	PRJEB106069	PRJEB104209	Trip3	Surface	False	True
F21PRr1	${EQ_READS_DIR}/ERR16062868_1.fastq.gz	${EQ_READS_DIR}/ERR16062868_2.fastq.gz	ERR16062868	F21PRr1	ERS28393618	ERX15453050	F21PRr1_amp_lib1	PRJEB106069	PRJEB104209	Trip3	Rhizosphere	False	True
F21PRr2	${EQ_READS_DIR}/ERR16062869_1.fastq.gz	${EQ_READS_DIR}/ERR16062869_2.fastq.gz	ERR16062869	F21PRr2	ERS28393619	ERX15453051	F21PRr2_amp_lib1	PRJEB106069	PRJEB104209	Trip3	Rhizosphere	False	True
F21PRr3	${EQ_READS_DIR}/ERR16062870_1.fastq.gz	${EQ_READS_DIR}/ERR16062870_2.fastq.gz	ERR16062870	F21PRr3	ERS28393620	ERX15453052	F21PRr3_amp_lib1	PRJEB106069	PRJEB104209	Trip3	Rhizosphere	False	True
F22Dr1	${EQ_READS_DIR}/ERR16062871_1.fastq.gz	${EQ_READS_DIR}/ERR16062871_2.fastq.gz	ERR16062871	F22Dr1	ERS28393621	ERX15453053	F22Dr1_amp_lib1	PRJEB106069	PRJEB104209	Trip3	Deep	False	True
F22Dr2	${EQ_READS_DIR}/ERR16062872_1.fastq.gz	${EQ_READS_DIR}/ERR16062872_2.fastq.gz	ERR16062872	F22Dr2	ERS28393622	ERX15453054	F22Dr2_amp_lib1	PRJEB106069	PRJEB104209	Trip3	Deep	False	True
F22Dr3	${EQ_READS_DIR}/ERR16062873_1.fastq.gz	${EQ_READS_DIR}/ERR16062873_2.fastq.gz	ERR16062873	F22Dr3	ERS28393623	ERX15453055	F22Dr3_amp_lib1	PRJEB106069	PRJEB104209	Trip3	Deep	False	True
F22Sr1	${EQ_READS_DIR}/ERR16062874_1.fastq.gz	${EQ_READS_DIR}/ERR16062874_2.fastq.gz	ERR16062874	F22Sr1	ERS28393624	ERX15453056	F22Sr1_amp_lib1	PRJEB106069	PRJEB104209	Trip3	Surface	False	True
F22Sr2	${EQ_READS_DIR}/ERR16062875_1.fastq.gz	${EQ_READS_DIR}/ERR16062875_2.fastq.gz	ERR16062875	F22Sr2	ERS28393625	ERX15453057	F22Sr2_amp_lib1	PRJEB106069	PRJEB104209	Trip3	Surface	False	True
F22Sr3	${EQ_READS_DIR}/ERR16062876_1.fastq.gz	${EQ_READS_DIR}/ERR16062876_2.fastq.gz	ERR16062876	F22Sr3	ERS28393626	ERX15453058	F22Sr3_amp_lib1	PRJEB106069	PRJEB104209	Trip3	Surface	False	True
F22PRr1	${EQ_READS_DIR}/ERR16062877_1.fastq.gz	${EQ_READS_DIR}/ERR16062877_2.fastq.gz	ERR16062877	F22PRr1	ERS28393627	ERX15453059	F22PRr1_amp_lib1	PRJEB106069	PRJEB104209	Trip3	Rhizosphere	False	True
F22PRr2	${EQ_READS_DIR}/ERR16062878_1.fastq.gz	${EQ_READS_DIR}/ERR16062878_2.fastq.gz	ERR16062878	F22PRr2	ERS28393628	ERX15453060	F22PRr2_amp_lib1	PRJEB106069	PRJEB104209	Trip3	Rhizosphere	False	True
F22PRr3	${EQ_READS_DIR}/ERR16062879_1.fastq.gz	${EQ_READS_DIR}/ERR16062879_2.fastq.gz	ERR16062879	F22PRr3	ERS28393629	ERX15453061	F22PRr3_amp_lib1	PRJEB106069	PRJEB104209	Trip3	Rhizosphere	False	True
F23Dr1	${EQ_READS_DIR}/ERR16062880_1.fastq.gz	${EQ_READS_DIR}/ERR16062880_2.fastq.gz	ERR16062880	F23Dr1	ERS28393630	ERX15453062	F23Dr1_amp_lib1	PRJEB106069	PRJEB104209	Trip3	Deep	False	True
F23Dr2	${EQ_READS_DIR}/ERR16062881_1.fastq.gz	${EQ_READS_DIR}/ERR16062881_2.fastq.gz	ERR16062881	F23Dr2	ERS28393631	ERX15453063	F23Dr2_amp_lib1	PRJEB106069	PRJEB104209	Trip3	Deep	False	True
F23Dr3	${EQ_READS_DIR}/ERR16062882_1.fastq.gz	${EQ_READS_DIR}/ERR16062882_2.fastq.gz	ERR16062882	F23Dr3	ERS28393632	ERX15453064	F23Dr3_amp_lib1	PRJEB106069	PRJEB104209	Trip3	Deep	False	True
F23Sr1	${EQ_READS_DIR}/ERR16062883_1.fastq.gz	${EQ_READS_DIR}/ERR16062883_2.fastq.gz	ERR16062883	F23Sr1	ERS28393633	ERX15453065	F23Sr1_amp_lib1	PRJEB106069	PRJEB104209	Trip3	Surface	False	True
F23Sr2	${EQ_READS_DIR}/ERR16062884_1.fastq.gz	${EQ_READS_DIR}/ERR16062884_2.fastq.gz	ERR16062884	F23Sr2	ERS28393634	ERX15453066	F23Sr2_amp_lib1	PRJEB106069	PRJEB104209	Trip3	Surface	False	True
F23Sr3	${EQ_READS_DIR}/ERR16062885_1.fastq.gz	${EQ_READS_DIR}/ERR16062885_2.fastq.gz	ERR16062885	F23Sr3	ERS28393635	ERX15453067	F23Sr3_amp_lib1	PRJEB106069	PRJEB104209	Trip3	Surface	False	True
F23PRr1	${EQ_READS_DIR}/ERR16062886_1.fastq.gz	${EQ_READS_DIR}/ERR16062886_2.fastq.gz	ERR16062886	F23PRr1	ERS28393636	ERX15453068	F23PRr1_amp_lib1	PRJEB106069	PRJEB104209	Trip3	Rhizosphere	False	True
F23PRr2	${EQ_READS_DIR}/ERR16062887_1.fastq.gz	${EQ_READS_DIR}/ERR16062887_2.fastq.gz	ERR16062887	F23PRr2	ERS28393637	ERX15453069	F23PRr2_amp_lib1	PRJEB106069	PRJEB104209	Trip3	Rhizosphere	False	True
F23PRr3	${EQ_READS_DIR}/ERR16062888_1.fastq.gz	${EQ_READS_DIR}/ERR16062888_2.fastq.gz	ERR16062888	F23PRr3	ERS28393638	ERX15453070	F23PRr3_amp_lib1	PRJEB106069	PRJEB104209	Trip3	Rhizosphere	False	True
F24Dr1	${EQ_READS_DIR}/ERR16062889_1.fastq.gz	${EQ_READS_DIR}/ERR16062889_2.fastq.gz	ERR16062889	F24Dr1	ERS28393639	ERX15453071	F24Dr1_amp_lib1	PRJEB106069	PRJEB104209	Trip3	Deep	False	True
F24Dr2	${EQ_READS_DIR}/ERR16062890_1.fastq.gz	${EQ_READS_DIR}/ERR16062890_2.fastq.gz	ERR16062890	F24Dr2	ERS28393640	ERX15453072	F24Dr2_amp_lib1	PRJEB106069	PRJEB104209	Trip3	Deep	False	True
F24Sr1	${EQ_READS_DIR}/ERR16062891_1.fastq.gz	${EQ_READS_DIR}/ERR16062891_2.fastq.gz	ERR16062891	F24Sr1	ERS28393641	ERX15453073	F24Sr1_amp_lib1	PRJEB106069	PRJEB104209	Trip3	Surface	False	True
F24Sr2	${EQ_READS_DIR}/ERR16062892_1.fastq.gz	${EQ_READS_DIR}/ERR16062892_2.fastq.gz	ERR16062892	F24Sr2	ERS28393642	ERX15453074	F24Sr2_amp_lib1	PRJEB106069	PRJEB104209	Trip3	Surface	False	True
F24Sr3	${EQ_READS_DIR}/ERR16062893_1.fastq.gz	${EQ_READS_DIR}/ERR16062893_2.fastq.gz	ERR16062893	F24Sr3	ERS28393643	ERX15453075	F24Sr3_amp_lib1	PRJEB106069	PRJEB104209	Trip3	Surface	False	True
F24PRr1	${EQ_READS_DIR}/ERR16062894_1.fastq.gz	${EQ_READS_DIR}/ERR16062894_2.fastq.gz	ERR16062894	F24PRr1	ERS28393644	ERX15453076	F24PRr1_amp_lib1	PRJEB106069	PRJEB104209	Trip3	Rhizosphere	False	True
F24PRr2	${EQ_READS_DIR}/ERR16062895_1.fastq.gz	${EQ_READS_DIR}/ERR16062895_2.fastq.gz	ERR16062895	F24PRr2	ERS28393645	ERX15453077	F24PRr2_amp_lib1	PRJEB106069	PRJEB104209	Trip3	Rhizosphere	False	True
F24PRr3	${EQ_READS_DIR}/ERR16062896_1.fastq.gz	${EQ_READS_DIR}/ERR16062896_2.fastq.gz	ERR16062896	F24PRr3	ERS28393646	ERX15453078	F24PRr3_amp_lib1	PRJEB106069	PRJEB104209	Trip3	Rhizosphere	False	True
F25Dr1	${EQ_READS_DIR}/ERR16062897_1.fastq.gz	${EQ_READS_DIR}/ERR16062897_2.fastq.gz	ERR16062897	F25Dr1	ERS28393647	ERX15453079	F25Dr1_amp_lib1	PRJEB106069	PRJEB104209	Trip3	Deep	False	True
F25Dr2	${EQ_READS_DIR}/ERR16062898_1.fastq.gz	${EQ_READS_DIR}/ERR16062898_2.fastq.gz	ERR16062898	F25Dr2	ERS28393648	ERX15453080	F25Dr2_amp_lib1	PRJEB106069	PRJEB104209	Trip3	Deep	False	True
F25Dr3	${EQ_READS_DIR}/ERR16062899_1.fastq.gz	${EQ_READS_DIR}/ERR16062899_2.fastq.gz	ERR16062899	F25Dr3	ERS28393649	ERX15453081	F25Dr3_amp_lib1	PRJEB106069	PRJEB104209	Trip3	Deep	False	True
F25Sr1	${EQ_READS_DIR}/ERR16062900_1.fastq.gz	${EQ_READS_DIR}/ERR16062900_2.fastq.gz	ERR16062900	F25Sr1	ERS28393650	ERX15453082	F25Sr1_amp_lib1	PRJEB106069	PRJEB104209	Trip3	Surface	False	True
F25Sr2	${EQ_READS_DIR}/ERR16062901_1.fastq.gz	${EQ_READS_DIR}/ERR16062901_2.fastq.gz	ERR16062901	F25Sr2	ERS28393651	ERX15453083	F25Sr2_amp_lib1	PRJEB106069	PRJEB104209	Trip3	Surface	False	True
F25Sr3	${EQ_READS_DIR}/ERR16062902_1.fastq.gz	${EQ_READS_DIR}/ERR16062902_2.fastq.gz	ERR16062902	F25Sr3	ERS28393652	ERX15453084	F25Sr3_amp_lib1	PRJEB106069	PRJEB104209	Trip3	Surface	False	True
F25PRr1	${EQ_READS_DIR}/ERR16062903_1.fastq.gz	${EQ_READS_DIR}/ERR16062903_2.fastq.gz	ERR16062903	F25PRr1	ERS28393653	ERX15453085	F25PRr1_amp_lib1	PRJEB106069	PRJEB104209	Trip3	Rhizosphere	False	True
F25PRr2	${EQ_READS_DIR}/ERR16062904_1.fastq.gz	${EQ_READS_DIR}/ERR16062904_2.fastq.gz	ERR16062904	F25PRr2	ERS28393654	ERX15453086	F25PRr2_amp_lib1	PRJEB106069	PRJEB104209	Trip3	Rhizosphere	False	True
F25PRr3	${EQ_READS_DIR}/ERR16062905_1.fastq.gz	${EQ_READS_DIR}/ERR16062905_2.fastq.gz	ERR16062905	F25PRr3	ERS28393655	ERX15453087	F25PRr3_amp_lib1	PRJEB106069	PRJEB104209	Trip3	Rhizosphere	False	True
F26Dr1	${EQ_READS_DIR}/ERR16062906_1.fastq.gz	${EQ_READS_DIR}/ERR16062906_2.fastq.gz	ERR16062906	F26Dr1	ERS28393656	ERX15453088	F26Dr1_amp_lib1	PRJEB106069	PRJEB104209	Trip3	Deep	False	True
F26Dr3	${EQ_READS_DIR}/ERR16062907_1.fastq.gz	${EQ_READS_DIR}/ERR16062907_2.fastq.gz	ERR16062907	F26Dr3	ERS28393657	ERX15453089	F26Dr3_amp_lib1	PRJEB106069	PRJEB104209	Trip3	Deep	False	True
F26Sr1	${EQ_READS_DIR}/ERR16062908_1.fastq.gz	${EQ_READS_DIR}/ERR16062908_2.fastq.gz	ERR16062908	F26Sr1	ERS28393658	ERX15453090	F26Sr1_amp_lib1	PRJEB106069	PRJEB104209	Trip3	Surface	False	True
F26Sr3	${EQ_READS_DIR}/ERR16062909_1.fastq.gz	${EQ_READS_DIR}/ERR16062909_2.fastq.gz	ERR16062909	F26Sr3	ERS28393659	ERX15453091	F26Sr3_amp_lib1	PRJEB106069	PRJEB104209	Trip3	Surface	False	True
F26PRr1	${EQ_READS_DIR}/ERR16062910_1.fastq.gz	${EQ_READS_DIR}/ERR16062910_2.fastq.gz	ERR16062910	F26PRr1	ERS28393660	ERX15453092	F26PRr1_amp_lib1	PRJEB106069	PRJEB104209	Trip3	Rhizosphere	False	True
F26PRr2	${EQ_READS_DIR}/ERR16062911_1.fastq.gz	${EQ_READS_DIR}/ERR16062911_2.fastq.gz	ERR16062911	F26PRr2	ERS28393661	ERX15453093	F26PRr2_amp_lib1	PRJEB106069	PRJEB104209	Trip3	Rhizosphere	False	True
F26PRr3	${EQ_READS_DIR}/ERR16062912_1.fastq.gz	${EQ_READS_DIR}/ERR16062912_2.fastq.gz	ERR16062912	F26PRr3	ERS28393662	ERX15453094	F26PRr3_amp_lib1	PRJEB106069	PRJEB104209	Trip3	Rhizosphere	False	True
F27Dr1	${EQ_READS_DIR}/ERR16062913_1.fastq.gz	${EQ_READS_DIR}/ERR16062913_2.fastq.gz	ERR16062913	F27Dr1	ERS28393663	ERX15453095	F27Dr1_amp_lib1	PRJEB106069	PRJEB104209	Trip3	Deep	False	True
F27Dr2	${EQ_READS_DIR}/ERR16062914_1.fastq.gz	${EQ_READS_DIR}/ERR16062914_2.fastq.gz	ERR16062914	F27Dr2	ERS28393664	ERX15453096	F27Dr2_amp_lib1	PRJEB106069	PRJEB104209	Trip3	Deep	False	True
F27Sr1	${EQ_READS_DIR}/ERR16062915_1.fastq.gz	${EQ_READS_DIR}/ERR16062915_2.fastq.gz	ERR16062915	F27Sr1	ERS28393665	ERX15453097	F27Sr1_amp_lib1	PRJEB106069	PRJEB104209	Trip3	Surface	False	True
F27Sr2	${EQ_READS_DIR}/ERR16062916_1.fastq.gz	${EQ_READS_DIR}/ERR16062916_2.fastq.gz	ERR16062916	F27Sr2	ERS28393666	ERX15453098	F27Sr2_amp_lib1	PRJEB106069	PRJEB104209	Trip3	Surface	False	True
F27Sr3	${EQ_READS_DIR}/ERR16062917_1.fastq.gz	${EQ_READS_DIR}/ERR16062917_2.fastq.gz	ERR16062917	F27Sr3	ERS28393667	ERX15453099	F27Sr3_amp_lib1	PRJEB106069	PRJEB104209	Trip3	Surface	False	True
F27PRr1	${EQ_READS_DIR}/ERR16062918_1.fastq.gz	${EQ_READS_DIR}/ERR16062918_2.fastq.gz	ERR16062918	F27PRr1	ERS28393668	ERX15453100	F27PRr1_amp_lib1	PRJEB106069	PRJEB104209	Trip3	Rhizosphere	False	True
F27PRr2	${EQ_READS_DIR}/ERR16062919_1.fastq.gz	${EQ_READS_DIR}/ERR16062919_2.fastq.gz	ERR16062919	F27PRr2	ERS28393669	ERX15453101	F27PRr2_amp_lib1	PRJEB106069	PRJEB104209	Trip3	Rhizosphere	False	True
F27PRr3	${EQ_READS_DIR}/ERR16062920_1.fastq.gz	${EQ_READS_DIR}/ERR16062920_2.fastq.gz	ERR16062920	F27PRr3	ERS28393670	ERX15453102	F27PRr3_amp_lib1	PRJEB106069	PRJEB104209	Trip3	Rhizosphere	False	True
F28Dr1	${EQ_READS_DIR}/ERR16062921_1.fastq.gz	${EQ_READS_DIR}/ERR16062921_2.fastq.gz	ERR16062921	F28Dr1	ERS28393671	ERX15453103	F28Dr1_amp_lib1	PRJEB106069	PRJEB104209	Trip3	Deep	False	True
F28Dr2	${EQ_READS_DIR}/ERR16062922_1.fastq.gz	${EQ_READS_DIR}/ERR16062922_2.fastq.gz	ERR16062922	F28Dr2	ERS28393672	ERX15453104	F28Dr2_amp_lib1	PRJEB106069	PRJEB104209	Trip3	Deep	False	True
F28Dr3	${EQ_READS_DIR}/ERR16062923_1.fastq.gz	${EQ_READS_DIR}/ERR16062923_2.fastq.gz	ERR16062923	F28Dr3	ERS28393673	ERX15453105	F28Dr3_amp_lib1	PRJEB106069	PRJEB104209	Trip3	Deep	False	True
F28Sr1	${EQ_READS_DIR}/ERR16062924_1.fastq.gz	${EQ_READS_DIR}/ERR16062924_2.fastq.gz	ERR16062924	F28Sr1	ERS28393674	ERX15453106	F28Sr1_amp_lib1	PRJEB106069	PRJEB104209	Trip3	Surface	False	True
F28Sr2	${EQ_READS_DIR}/ERR16062925_1.fastq.gz	${EQ_READS_DIR}/ERR16062925_2.fastq.gz	ERR16062925	F28Sr2	ERS28393675	ERX15453107	F28Sr2_amp_lib1	PRJEB106069	PRJEB104209	Trip3	Surface	False	True
F28Sr3	${EQ_READS_DIR}/ERR16062926_1.fastq.gz	${EQ_READS_DIR}/ERR16062926_2.fastq.gz	ERR16062926	F28Sr3	ERS28393676	ERX15453108	F28Sr3_amp_lib1	PRJEB106069	PRJEB104209	Trip3	Surface	False	True
F28PRr1	${EQ_READS_DIR}/ERR16062927_1.fastq.gz	${EQ_READS_DIR}/ERR16062927_2.fastq.gz	ERR16062927	F28PRr1	ERS28393677	ERX15453109	F28PRr1_amp_lib1	PRJEB106069	PRJEB104209	Trip3	Rhizosphere	False	True
F28PRr2	${EQ_READS_DIR}/ERR16062928_1.fastq.gz	${EQ_READS_DIR}/ERR16062928_2.fastq.gz	ERR16062928	F28PRr2	ERS28393678	ERX15453110	F28PRr2_amp_lib1	PRJEB106069	PRJEB104209	Trip3	Rhizosphere	False	True
F28PRr3	${EQ_READS_DIR}/ERR16062929_1.fastq.gz	${EQ_READS_DIR}/ERR16062929_2.fastq.gz	ERR16062929	F28PRr3	ERS28393679	ERX15453111	F28PRr3_amp_lib1	PRJEB106069	PRJEB104209	Trip3	Rhizosphere	False	True
F29Dr1	${EQ_READS_DIR}/ERR16062930_1.fastq.gz	${EQ_READS_DIR}/ERR16062930_2.fastq.gz	ERR16062930	F29Dr1	ERS28393680	ERX15453112	F29Dr1_amp_lib1	PRJEB106069	PRJEB104209	Trip3	Deep	False	True
F29Dr2	${EQ_READS_DIR}/ERR16062931_1.fastq.gz	${EQ_READS_DIR}/ERR16062931_2.fastq.gz	ERR16062931	F29Dr2	ERS28393681	ERX15453113	F29Dr2_amp_lib1	PRJEB106069	PRJEB104209	Trip3	Deep	False	True
F29Dr3	${EQ_READS_DIR}/ERR16062932_1.fastq.gz	${EQ_READS_DIR}/ERR16062932_2.fastq.gz	ERR16062932	F29Dr3	ERS28393682	ERX15453114	F29Dr3_amp_lib1	PRJEB106069	PRJEB104209	Trip3	Deep	False	True
F29Sr1	${EQ_READS_DIR}/ERR16062933_1.fastq.gz	${EQ_READS_DIR}/ERR16062933_2.fastq.gz	ERR16062933	F29Sr1	ERS28393683	ERX15453115	F29Sr1_amp_lib1	PRJEB106069	PRJEB104209	Trip3	Surface	False	True
F29Sr2	${EQ_READS_DIR}/ERR16062934_1.fastq.gz	${EQ_READS_DIR}/ERR16062934_2.fastq.gz	ERR16062934	F29Sr2	ERS28393684	ERX15453116	F29Sr2_amp_lib1	PRJEB106069	PRJEB104209	Trip3	Surface	False	True
F29Sr3	${EQ_READS_DIR}/ERR16062935_1.fastq.gz	${EQ_READS_DIR}/ERR16062935_2.fastq.gz	ERR16062935	F29Sr3	ERS28393685	ERX15453117	F29Sr3_amp_lib1	PRJEB106069	PRJEB104209	Trip3	Surface	False	True
F29PRr1	${EQ_READS_DIR}/ERR16062936_1.fastq.gz	${EQ_READS_DIR}/ERR16062936_2.fastq.gz	ERR16062936	F29PRr1	ERS28393686	ERX15453118	F29PRr1_amp_lib1	PRJEB106069	PRJEB104209	Trip3	Rhizosphere	False	True
F29PRr2	${EQ_READS_DIR}/ERR16062937_1.fastq.gz	${EQ_READS_DIR}/ERR16062937_2.fastq.gz	ERR16062937	F29PRr2	ERS28393687	ERX15453119	F29PRr2_amp_lib1	PRJEB106069	PRJEB104209	Trip3	Rhizosphere	False	True
F29PRr3	${EQ_READS_DIR}/ERR16062938_1.fastq.gz	${EQ_READS_DIR}/ERR16062938_2.fastq.gz	ERR16062938	F29PRr3	ERS28393688	ERX15453120	F29PRr3_amp_lib1	PRJEB106069	PRJEB104209	Trip3	Rhizosphere	False	True
F30Dr1	${EQ_READS_DIR}/ERR16062939_1.fastq.gz	${EQ_READS_DIR}/ERR16062939_2.fastq.gz	ERR16062939	F30Dr1	ERS28393689	ERX15453121	F30Dr1_amp_lib1	PRJEB106069	PRJEB104209	Trip3	Deep	False	True
F30Dr2	${EQ_READS_DIR}/ERR16062940_1.fastq.gz	${EQ_READS_DIR}/ERR16062940_2.fastq.gz	ERR16062940	F30Dr2	ERS28393690	ERX15453122	F30Dr2_amp_lib1	PRJEB106069	PRJEB104209	Trip3	Deep	False	True
F30Dr3	${EQ_READS_DIR}/ERR16062941_1.fastq.gz	${EQ_READS_DIR}/ERR16062941_2.fastq.gz	ERR16062941	F30Dr3	ERS28393691	ERX15453123	F30Dr3_amp_lib1	PRJEB106069	PRJEB104209	Trip3	Deep	False	True
F30Sr1	${EQ_READS_DIR}/ERR16062942_1.fastq.gz	${EQ_READS_DIR}/ERR16062942_2.fastq.gz	ERR16062942	F30Sr1	ERS28393692	ERX15453124	F30Sr1_amp_lib1	PRJEB106069	PRJEB104209	Trip3	Surface	False	True
F30Sr2	${EQ_READS_DIR}/ERR16062943_1.fastq.gz	${EQ_READS_DIR}/ERR16062943_2.fastq.gz	ERR16062943	F30Sr2	ERS28393693	ERX15453125	F30Sr2_amp_lib1	PRJEB106069	PRJEB104209	Trip3	Surface	False	True
F30Sr3	${EQ_READS_DIR}/ERR16062944_1.fastq.gz	${EQ_READS_DIR}/ERR16062944_2.fastq.gz	ERR16062944	F30Sr3	ERS28393694	ERX15453126	F30Sr3_amp_lib1	PRJEB106069	PRJEB104209	Trip3	Surface	False	True
F30PRr1	${EQ_READS_DIR}/ERR16062945_1.fastq.gz	${EQ_READS_DIR}/ERR16062945_2.fastq.gz	ERR16062945	F30PRr1	ERS28393695	ERX15453127	F30PRr1_amp_lib1	PRJEB106069	PRJEB104209	Trip3	Rhizosphere	False	True
F30PRr2	${EQ_READS_DIR}/ERR16062946_1.fastq.gz	${EQ_READS_DIR}/ERR16062946_2.fastq.gz	ERR16062946	F30PRr2	ERS28393696	ERX15453128	F30PRr2_amp_lib1	PRJEB106069	PRJEB104209	Trip3	Rhizosphere	False	True
F30PRr3	${EQ_READS_DIR}/ERR16062947_1.fastq.gz	${EQ_READS_DIR}/ERR16062947_2.fastq.gz	ERR16062947	F30PRr3	ERS28393697	ERX15453129	F30PRr3_amp_lib1	PRJEB106069	PRJEB104209	Trip3	Rhizosphere	False	True
F31Dr1	${EQ_READS_DIR}/ERR16062948_1.fastq.gz	${EQ_READS_DIR}/ERR16062948_2.fastq.gz	ERR16062948	F31Dr1	ERS28393698	ERX15453130	F31Dr1_amp_lib1	PRJEB106069	PRJEB104209	Trip3	Deep	False	True
F31Dr2	${EQ_READS_DIR}/ERR16062949_1.fastq.gz	${EQ_READS_DIR}/ERR16062949_2.fastq.gz	ERR16062949	F31Dr2	ERS28393699	ERX15453131	F31Dr2_amp_lib1	PRJEB106069	PRJEB104209	Trip3	Deep	False	True
F31Sr2	${EQ_READS_DIR}/ERR16062950_1.fastq.gz	${EQ_READS_DIR}/ERR16062950_2.fastq.gz	ERR16062950	F31Sr2	ERS28393700	ERX15453132	F31Sr2_amp_lib1	PRJEB106069	PRJEB104209	Trip3	Surface	False	True
F31Sr3	${EQ_READS_DIR}/ERR16062951_1.fastq.gz	${EQ_READS_DIR}/ERR16062951_2.fastq.gz	ERR16062951	F31Sr3	ERS28393701	ERX15453133	F31Sr3_amp_lib1	PRJEB106069	PRJEB104209	Trip3	Surface	False	True
F31PRr1	${EQ_READS_DIR}/ERR16062952_1.fastq.gz	${EQ_READS_DIR}/ERR16062952_2.fastq.gz	ERR16062952	F31PRr1	ERS28393702	ERX15453134	F31PRr1_amp_lib1	PRJEB106069	PRJEB104209	Trip3	Rhizosphere	False	True
F31PRr2	${EQ_READS_DIR}/ERR16062953_1.fastq.gz	${EQ_READS_DIR}/ERR16062953_2.fastq.gz	ERR16062953	F31PRr2	ERS28393703	ERX15453135	F31PRr2_amp_lib1	PRJEB106069	PRJEB104209	Trip3	Rhizosphere	False	True
F31PRr3	${EQ_READS_DIR}/ERR16062954_1.fastq.gz	${EQ_READS_DIR}/ERR16062954_2.fastq.gz	ERR16062954	F31PRr3	ERS28393704	ERX15453136	F31PRr3_amp_lib1	PRJEB106069	PRJEB104209	Trip3	Rhizosphere	False	True
F32Dr1	${EQ_READS_DIR}/ERR16062955_1.fastq.gz	${EQ_READS_DIR}/ERR16062955_2.fastq.gz	ERR16062955	F32Dr1	ERS28393705	ERX15453137	F32Dr1_amp_lib1	PRJEB106069	PRJEB104209	Trip3	Deep	False	True
F32Dr2	${EQ_READS_DIR}/ERR16062956_1.fastq.gz	${EQ_READS_DIR}/ERR16062956_2.fastq.gz	ERR16062956	F32Dr2	ERS28393706	ERX15453138	F32Dr2_amp_lib1	PRJEB106069	PRJEB104209	Trip3	Deep	False	True
F32Dr3	${EQ_READS_DIR}/ERR16062957_1.fastq.gz	${EQ_READS_DIR}/ERR16062957_2.fastq.gz	ERR16062957	F32Dr3	ERS28393707	ERX15453139	F32Dr3_amp_lib1	PRJEB106069	PRJEB104209	Trip3	Deep	False	True
F32Sr1	${EQ_READS_DIR}/ERR16062958_1.fastq.gz	${EQ_READS_DIR}/ERR16062958_2.fastq.gz	ERR16062958	F32Sr1	ERS28393708	ERX15453140	F32Sr1_amp_lib1	PRJEB106069	PRJEB104209	Trip3	Surface	False	True
F32Sr2	${EQ_READS_DIR}/ERR16062959_1.fastq.gz	${EQ_READS_DIR}/ERR16062959_2.fastq.gz	ERR16062959	F32Sr2	ERS28393709	ERX15453141	F32Sr2_amp_lib1	PRJEB106069	PRJEB104209	Trip3	Surface	False	True
F32Sr3	${EQ_READS_DIR}/ERR16062960_1.fastq.gz	${EQ_READS_DIR}/ERR16062960_2.fastq.gz	ERR16062960	F32Sr3	ERS28393710	ERX15453142	F32Sr3_amp_lib1	PRJEB106069	PRJEB104209	Trip3	Surface	False	True
F32PRr1	${EQ_READS_DIR}/ERR16062961_1.fastq.gz	${EQ_READS_DIR}/ERR16062961_2.fastq.gz	ERR16062961	F32PRr1	ERS28393711	ERX15453143	F32PRr1_amp_lib1	PRJEB106069	PRJEB104209	Trip3	Rhizosphere	False	True
F32PRr2	${EQ_READS_DIR}/ERR16062962_1.fastq.gz	${EQ_READS_DIR}/ERR16062962_2.fastq.gz	ERR16062962	F32PRr2	ERS28393712	ERX15453144	F32PRr2_amp_lib1	PRJEB106069	PRJEB104209	Trip3	Rhizosphere	False	True
F32PRr3	${EQ_READS_DIR}/ERR16062963_1.fastq.gz	${EQ_READS_DIR}/ERR16062963_2.fastq.gz	ERR16062963	F32PRr3	ERS28393713	ERX15453145	F32PRr3_amp_lib1	PRJEB106069	PRJEB104209	Trip3	Rhizosphere	False	True
F33Dr1	${EQ_READS_DIR}/ERR16062964_1.fastq.gz	${EQ_READS_DIR}/ERR16062964_2.fastq.gz	ERR16062964	F33Dr1	ERS28393714	ERX15453146	F33Dr1_amp_lib1	PRJEB106069	PRJEB104209	Trip3	Deep	False	True
F33Dr2	${EQ_READS_DIR}/ERR16062965_1.fastq.gz	${EQ_READS_DIR}/ERR16062965_2.fastq.gz	ERR16062965	F33Dr2	ERS28393715	ERX15453147	F33Dr2_amp_lib1	PRJEB106069	PRJEB104209	Trip3	Deep	False	True
F33Dr3	${EQ_READS_DIR}/ERR16062966_1.fastq.gz	${EQ_READS_DIR}/ERR16062966_2.fastq.gz	ERR16062966	F33Dr3	ERS28393716	ERX15453148	F33Dr3_amp_lib1	PRJEB106069	PRJEB104209	Trip3	Deep	False	True
F33Sr1	${EQ_READS_DIR}/ERR16062967_1.fastq.gz	${EQ_READS_DIR}/ERR16062967_2.fastq.gz	ERR16062967	F33Sr1	ERS28393717	ERX15453149	F33Sr1_amp_lib1	PRJEB106069	PRJEB104209	Trip3	Surface	False	True
F33Sr2	${EQ_READS_DIR}/ERR16062968_1.fastq.gz	${EQ_READS_DIR}/ERR16062968_2.fastq.gz	ERR16062968	F33Sr2	ERS28393718	ERX15453150	F33Sr2_amp_lib1	PRJEB106069	PRJEB104209	Trip3	Surface	False	True
F33Sr3	${EQ_READS_DIR}/ERR16062969_1.fastq.gz	${EQ_READS_DIR}/ERR16062969_2.fastq.gz	ERR16062969	F33Sr3	ERS28393719	ERX15453151	F33Sr3_amp_lib1	PRJEB106069	PRJEB104209	Trip3	Surface	False	True
F33PRr2	${EQ_READS_DIR}/ERR16062970_1.fastq.gz	${EQ_READS_DIR}/ERR16062970_2.fastq.gz	ERR16062970	F33PRr2	ERS28393720	ERX15453152	F33PRr2_amp_lib1	PRJEB106069	PRJEB104209	Trip3	Rhizosphere	False	True
F33PRr3	${EQ_READS_DIR}/ERR16062971_1.fastq.gz	${EQ_READS_DIR}/ERR16062971_2.fastq.gz	ERR16062971	F33PRr3	ERS28393721	ERX15453153	F33PRr3_amp_lib1	PRJEB106069	PRJEB104209	Trip3	Rhizosphere	False	True
F34Dr1	${EQ_READS_DIR}/ERR16062972_1.fastq.gz	${EQ_READS_DIR}/ERR16062972_2.fastq.gz	ERR16062972	F34Dr1	ERS28393722	ERX15453154	F34Dr1_amp_lib1	PRJEB106069	PRJEB104209	Trip3	Deep	False	True
F34Dr2	${EQ_READS_DIR}/ERR16062973_1.fastq.gz	${EQ_READS_DIR}/ERR16062973_2.fastq.gz	ERR16062973	F34Dr2	ERS28393723	ERX15453155	F34Dr2_amp_lib1	PRJEB106069	PRJEB104209	Trip3	Deep	False	True
F34Dr3	${EQ_READS_DIR}/ERR16062974_1.fastq.gz	${EQ_READS_DIR}/ERR16062974_2.fastq.gz	ERR16062974	F34Dr3	ERS28393724	ERX15453156	F34Dr3_amp_lib1	PRJEB106069	PRJEB104209	Trip3	Deep	False	True
F34Sr1	${EQ_READS_DIR}/ERR16062975_1.fastq.gz	${EQ_READS_DIR}/ERR16062975_2.fastq.gz	ERR16062975	F34Sr1	ERS28393725	ERX15453157	F34Sr1_amp_lib1	PRJEB106069	PRJEB104209	Trip3	Surface	False	True
F34Sr2	${EQ_READS_DIR}/ERR16062976_1.fastq.gz	${EQ_READS_DIR}/ERR16062976_2.fastq.gz	ERR16062976	F34Sr2	ERS28393726	ERX15453158	F34Sr2_amp_lib1	PRJEB106069	PRJEB104209	Trip3	Surface	False	True
F34Sr3	${EQ_READS_DIR}/ERR16062977_1.fastq.gz	${EQ_READS_DIR}/ERR16062977_2.fastq.gz	ERR16062977	F34Sr3	ERS28393727	ERX15453159	F34Sr3_amp_lib1	PRJEB106069	PRJEB104209	Trip3	Surface	False	True
F34PRr1	${EQ_READS_DIR}/ERR16062978_1.fastq.gz	${EQ_READS_DIR}/ERR16062978_2.fastq.gz	ERR16062978	F34PRr1	ERS28393728	ERX15453160	F34PRr1_amp_lib1	PRJEB106069	PRJEB104209	Trip3	Rhizosphere	False	True
F34PRr2	${EQ_READS_DIR}/ERR16062979_1.fastq.gz	${EQ_READS_DIR}/ERR16062979_2.fastq.gz	ERR16062979	F34PRr2	ERS28393729	ERX15453161	F34PRr2_amp_lib1	PRJEB106069	PRJEB104209	Trip3	Rhizosphere	False	True
F34PRr3	${EQ_READS_DIR}/ERR16062980_1.fastq.gz	${EQ_READS_DIR}/ERR16062980_2.fastq.gz	ERR16062980	F34PRr3	ERS28393730	ERX15453162	F34PRr3_amp_lib1	PRJEB106069	PRJEB104209	Trip3	Rhizosphere	False	True
F35Dr1	${EQ_READS_DIR}/ERR16062981_1.fastq.gz	${EQ_READS_DIR}/ERR16062981_2.fastq.gz	ERR16062981	F35Dr1	ERS28393731	ERX15453163	F35Dr1_amp_lib1	PRJEB106069	PRJEB104209	Trip3	Deep	False	True
F35Dr2	${EQ_READS_DIR}/ERR16062982_1.fastq.gz	${EQ_READS_DIR}/ERR16062982_2.fastq.gz	ERR16062982	F35Dr2	ERS28393732	ERX15453164	F35Dr2_amp_lib1	PRJEB106069	PRJEB104209	Trip3	Deep	False	True
F35Dr3	${EQ_READS_DIR}/ERR16062983_1.fastq.gz	${EQ_READS_DIR}/ERR16062983_2.fastq.gz	ERR16062983	F35Dr3	ERS28393733	ERX15453165	F35Dr3_amp_lib1	PRJEB106069	PRJEB104209	Trip3	Deep	False	True
F35Sr1	${EQ_READS_DIR}/ERR16062984_1.fastq.gz	${EQ_READS_DIR}/ERR16062984_2.fastq.gz	ERR16062984	F35Sr1	ERS28393734	ERX15453166	F35Sr1_amp_lib1	PRJEB106069	PRJEB104209	Trip3	Surface	False	True
F35Sr2	${EQ_READS_DIR}/ERR16062985_1.fastq.gz	${EQ_READS_DIR}/ERR16062985_2.fastq.gz	ERR16062985	F35Sr2	ERS28393735	ERX15453167	F35Sr2_amp_lib1	PRJEB106069	PRJEB104209	Trip3	Surface	False	True
F35Sr3	${EQ_READS_DIR}/ERR16062986_1.fastq.gz	${EQ_READS_DIR}/ERR16062986_2.fastq.gz	ERR16062986	F35Sr3	ERS28393736	ERX15453168	F35Sr3_amp_lib1	PRJEB106069	PRJEB104209	Trip3	Surface	False	True
F35PRr1	${EQ_READS_DIR}/ERR16062987_1.fastq.gz	${EQ_READS_DIR}/ERR16062987_2.fastq.gz	ERR16062987	F35PRr1	ERS28393737	ERX15453169	F35PRr1_amp_lib1	PRJEB106069	PRJEB104209	Trip3	Rhizosphere	False	True
F35PRr2	${EQ_READS_DIR}/ERR16062988_1.fastq.gz	${EQ_READS_DIR}/ERR16062988_2.fastq.gz	ERR16062988	F35PRr2	ERS28393738	ERX15453170	F35PRr2_amp_lib1	PRJEB106069	PRJEB104209	Trip3	Rhizosphere	False	True
F35PRr3	${EQ_READS_DIR}/ERR16062989_1.fastq.gz	${EQ_READS_DIR}/ERR16062989_2.fastq.gz	ERR16062989	F35PRr3	ERS28393739	ERX15453171	F35PRr3_amp_lib1	PRJEB106069	PRJEB104209	Trip3	Rhizosphere	False	True
F36Dr1	${EQ_READS_DIR}/ERR16062990_1.fastq.gz	${EQ_READS_DIR}/ERR16062990_2.fastq.gz	ERR16062990	F36Dr1	ERS28393740	ERX15453172	F36Dr1_amp_lib1	PRJEB106069	PRJEB104209	Trip3	Deep	False	True
F36Dr2	${EQ_READS_DIR}/ERR16062991_1.fastq.gz	${EQ_READS_DIR}/ERR16062991_2.fastq.gz	ERR16062991	F36Dr2	ERS28393741	ERX15453173	F36Dr2_amp_lib1	PRJEB106069	PRJEB104209	Trip3	Deep	False	True
F36Dr3	${EQ_READS_DIR}/ERR16062992_1.fastq.gz	${EQ_READS_DIR}/ERR16062992_2.fastq.gz	ERR16062992	F36Dr3	ERS28393742	ERX15453174	F36Dr3_amp_lib1	PRJEB106069	PRJEB104209	Trip3	Deep	False	True
F36Sr1	${EQ_READS_DIR}/ERR16062993_1.fastq.gz	${EQ_READS_DIR}/ERR16062993_2.fastq.gz	ERR16062993	F36Sr1	ERS28393743	ERX15453175	F36Sr1_amp_lib1	PRJEB106069	PRJEB104209	Trip3	Surface	False	True
F36Sr2	${EQ_READS_DIR}/ERR16062994_1.fastq.gz	${EQ_READS_DIR}/ERR16062994_2.fastq.gz	ERR16062994	F36Sr2	ERS28393744	ERX15453176	F36Sr2_amp_lib1	PRJEB106069	PRJEB104209	Trip3	Surface	False	True
F36PRr1	${EQ_READS_DIR}/ERR16062995_1.fastq.gz	${EQ_READS_DIR}/ERR16062995_2.fastq.gz	ERR16062995	F36PRr1	ERS28393745	ERX15453177	F36PRr1_amp_lib1	PRJEB106069	PRJEB104209	Trip3	Rhizosphere	False	True
F36PRr2	${EQ_READS_DIR}/ERR16062996_1.fastq.gz	${EQ_READS_DIR}/ERR16062996_2.fastq.gz	ERR16062996	F36PRr2	ERS28393746	ERX15453178	F36PRr2_amp_lib1	PRJEB106069	PRJEB104209	Trip3	Rhizosphere	False	True
F36PRr3	${EQ_READS_DIR}/ERR16062997_1.fastq.gz	${EQ_READS_DIR}/ERR16062997_2.fastq.gz	ERR16062997	F36PRr3	ERS28393747	ERX15453179	F36PRr3_amp_lib1	PRJEB106069	PRJEB104209	Trip3	Rhizosphere	False	True
F37Dr1	${EQ_READS_DIR}/ERR16062998_1.fastq.gz	${EQ_READS_DIR}/ERR16062998_2.fastq.gz	ERR16062998	F37Dr1	ERS28393748	ERX15453180	F37Dr1_amp_lib1	PRJEB106069	PRJEB104209	Trip3	Deep	False	True
F37Dr2	${EQ_READS_DIR}/ERR16062999_1.fastq.gz	${EQ_READS_DIR}/ERR16062999_2.fastq.gz	ERR16062999	F37Dr2	ERS28393749	ERX15453181	F37Dr2_amp_lib1	PRJEB106069	PRJEB104209	Trip3	Deep	False	True
F37Dr3	${EQ_READS_DIR}/ERR16063000_1.fastq.gz	${EQ_READS_DIR}/ERR16063000_2.fastq.gz	ERR16063000	F37Dr3	ERS28393750	ERX15453182	F37Dr3_amp_lib1	PRJEB106069	PRJEB104209	Trip3	Deep	False	True
F37Sr1	${EQ_READS_DIR}/ERR16063001_1.fastq.gz	${EQ_READS_DIR}/ERR16063001_2.fastq.gz	ERR16063001	F37Sr1	ERS28393751	ERX15453183	F37Sr1_amp_lib1	PRJEB106069	PRJEB104209	Trip3	Surface	False	True
F37Sr2	${EQ_READS_DIR}/ERR16063002_1.fastq.gz	${EQ_READS_DIR}/ERR16063002_2.fastq.gz	ERR16063002	F37Sr2	ERS28393752	ERX15453184	F37Sr2_amp_lib1	PRJEB106069	PRJEB104209	Trip3	Surface	False	True
F37Sr3	${EQ_READS_DIR}/ERR16063003_1.fastq.gz	${EQ_READS_DIR}/ERR16063003_2.fastq.gz	ERR16063003	F37Sr3	ERS28393753	ERX15453185	F37Sr3_amp_lib1	PRJEB106069	PRJEB104209	Trip3	Surface	False	True
F37PRr1	${EQ_READS_DIR}/ERR16063004_1.fastq.gz	${EQ_READS_DIR}/ERR16063004_2.fastq.gz	ERR16063004	F37PRr1	ERS28393754	ERX15453186	F37PRr1_amp_lib1	PRJEB106069	PRJEB104209	Trip3	Rhizosphere	False	True
F37PRr2	${EQ_READS_DIR}/ERR16063005_1.fastq.gz	${EQ_READS_DIR}/ERR16063005_2.fastq.gz	ERR16063005	F37PRr2	ERS28393755	ERX15453187	F37PRr2_amp_lib1	PRJEB106069	PRJEB104209	Trip3	Rhizosphere	False	True
F37PRr3	${EQ_READS_DIR}/ERR16063006_1.fastq.gz	${EQ_READS_DIR}/ERR16063006_2.fastq.gz	ERR16063006	F37PRr3	ERS28393756	ERX15453188	F37PRr3_amp_lib1	PRJEB106069	PRJEB104209	Trip3	Rhizosphere	False	True
F38Dr2	${EQ_READS_DIR}/ERR16063007_1.fastq.gz	${EQ_READS_DIR}/ERR16063007_2.fastq.gz	ERR16063007	F38Dr2	ERS28393757	ERX15453189	F38Dr2_amp_lib1	PRJEB106069	PRJEB104209	Trip3	Deep	False	True
F38Dr3	${EQ_READS_DIR}/ERR16063008_1.fastq.gz	${EQ_READS_DIR}/ERR16063008_2.fastq.gz	ERR16063008	F38Dr3	ERS28393758	ERX15453190	F38Dr3_amp_lib1	PRJEB106069	PRJEB104209	Trip3	Deep	False	True
F38Sr1	${EQ_READS_DIR}/ERR16063009_1.fastq.gz	${EQ_READS_DIR}/ERR16063009_2.fastq.gz	ERR16063009	F38Sr1	ERS28393759	ERX15453191	F38Sr1_amp_lib1	PRJEB106069	PRJEB104209	Trip3	Surface	False	True
F38Sr2	${EQ_READS_DIR}/ERR16063010_1.fastq.gz	${EQ_READS_DIR}/ERR16063010_2.fastq.gz	ERR16063010	F38Sr2	ERS28393760	ERX15453192	F38Sr2_amp_lib1	PRJEB106069	PRJEB104209	Trip3	Surface	False	True
F38Sr3	${EQ_READS_DIR}/ERR16063011_1.fastq.gz	${EQ_READS_DIR}/ERR16063011_2.fastq.gz	ERR16063011	F38Sr3	ERS28393761	ERX15453193	F38Sr3_amp_lib1	PRJEB106069	PRJEB104209	Trip3	Surface	False	True
F38PRr1	${EQ_READS_DIR}/ERR16063012_1.fastq.gz	${EQ_READS_DIR}/ERR16063012_2.fastq.gz	ERR16063012	F38PRr1	ERS28393762	ERX15453194	F38PRr1_amp_lib1	PRJEB106069	PRJEB104209	Trip3	Rhizosphere	False	True
F38PRr2	${EQ_READS_DIR}/ERR16063013_1.fastq.gz	${EQ_READS_DIR}/ERR16063013_2.fastq.gz	ERR16063013	F38PRr2	ERS28393763	ERX15453195	F38PRr2_amp_lib1	PRJEB106069	PRJEB104209	Trip3	Rhizosphere	False	True
F38PRr3	${EQ_READS_DIR}/ERR16063014_1.fastq.gz	${EQ_READS_DIR}/ERR16063014_2.fastq.gz	ERR16063014	F38PRr3	ERS28393764	ERX15453196	F38PRr3_amp_lib1	PRJEB106069	PRJEB104209	Trip3	Rhizosphere	False	True
F39Dr2	${EQ_READS_DIR}/ERR16063015_1.fastq.gz	${EQ_READS_DIR}/ERR16063015_2.fastq.gz	ERR16063015	F39Dr2	ERS28393765	ERX15453197	F39Dr2_amp_lib1	PRJEB106069	PRJEB104209	Trip3	Deep	False	True
F39Dr3	${EQ_READS_DIR}/ERR16063016_1.fastq.gz	${EQ_READS_DIR}/ERR16063016_2.fastq.gz	ERR16063016	F39Dr3	ERS28393766	ERX15453198	F39Dr3_amp_lib1	PRJEB106069	PRJEB104209	Trip3	Deep	False	True
F39Sr1	${EQ_READS_DIR}/ERR16063017_1.fastq.gz	${EQ_READS_DIR}/ERR16063017_2.fastq.gz	ERR16063017	F39Sr1	ERS28393767	ERX15453199	F39Sr1_amp_lib1	PRJEB106069	PRJEB104209	Trip3	Surface	False	True
F39Sr2	${EQ_READS_DIR}/ERR16063018_1.fastq.gz	${EQ_READS_DIR}/ERR16063018_2.fastq.gz	ERR16063018	F39Sr2	ERS28393768	ERX15453200	F39Sr2_amp_lib1	PRJEB106069	PRJEB104209	Trip3	Surface	False	True
F39Sr3	${EQ_READS_DIR}/ERR16063019_1.fastq.gz	${EQ_READS_DIR}/ERR16063019_2.fastq.gz	ERR16063019	F39Sr3	ERS28393769	ERX15453201	F39Sr3_amp_lib1	PRJEB106069	PRJEB104209	Trip3	Surface	False	True
F39PRr1	${EQ_READS_DIR}/ERR16063020_1.fastq.gz	${EQ_READS_DIR}/ERR16063020_2.fastq.gz	ERR16063020	F39PRr1	ERS28393770	ERX15453202	F39PRr1_amp_lib1	PRJEB106069	PRJEB104209	Trip3	Rhizosphere	False	True
F39PRr3	${EQ_READS_DIR}/ERR16063021_1.fastq.gz	${EQ_READS_DIR}/ERR16063021_2.fastq.gz	ERR16063021	F39PRr3	ERS28393771	ERX15453203	F39PRr3_amp_lib1	PRJEB106069	PRJEB104209	Trip3	Rhizosphere	False	True
F40Dr1	${EQ_READS_DIR}/ERR16063022_1.fastq.gz	${EQ_READS_DIR}/ERR16063022_2.fastq.gz	ERR16063022	F40Dr1	ERS28393772	ERX15453204	F40Dr1_amp_lib1	PRJEB106069	PRJEB104209	Trip3	Deep	False	True
F40Dr2	${EQ_READS_DIR}/ERR16063023_1.fastq.gz	${EQ_READS_DIR}/ERR16063023_2.fastq.gz	ERR16063023	F40Dr2	ERS28393773	ERX15453205	F40Dr2_amp_lib1	PRJEB106069	PRJEB104209	Trip3	Deep	False	True
F40Dr3	${EQ_READS_DIR}/ERR16063024_1.fastq.gz	${EQ_READS_DIR}/ERR16063024_2.fastq.gz	ERR16063024	F40Dr3	ERS28393774	ERX15453206	F40Dr3_amp_lib1	PRJEB106069	PRJEB104209	Trip3	Deep	False	True
F40Sr1	${EQ_READS_DIR}/ERR16063025_1.fastq.gz	${EQ_READS_DIR}/ERR16063025_2.fastq.gz	ERR16063025	F40Sr1	ERS28393775	ERX15453207	F40Sr1_amp_lib1	PRJEB106069	PRJEB104209	Trip3	Surface	False	True
F40Sr2	${EQ_READS_DIR}/ERR16063026_1.fastq.gz	${EQ_READS_DIR}/ERR16063026_2.fastq.gz	ERR16063026	F40Sr2	ERS28393776	ERX15453208	F40Sr2_amp_lib1	PRJEB106069	PRJEB104209	Trip3	Surface	False	True
F40Sr3	${EQ_READS_DIR}/ERR16063027_1.fastq.gz	${EQ_READS_DIR}/ERR16063027_2.fastq.gz	ERR16063027	F40Sr3	ERS28393777	ERX15453209	F40Sr3_amp_lib1	PRJEB106069	PRJEB104209	Trip3	Surface	False	True
F40PRr1	${EQ_READS_DIR}/ERR16063028_1.fastq.gz	${EQ_READS_DIR}/ERR16063028_2.fastq.gz	ERR16063028	F40PRr1	ERS28393778	ERX15453210	F40PRr1_amp_lib1	PRJEB106069	PRJEB104209	Trip3	Rhizosphere	False	True
F40PRr2	${EQ_READS_DIR}/ERR16063029_1.fastq.gz	${EQ_READS_DIR}/ERR16063029_2.fastq.gz	ERR16063029	F40PRr2	ERS28393779	ERX15453211	F40PRr2_amp_lib1	PRJEB106069	PRJEB104209	Trip3	Rhizosphere	False	True
F40PRr3	${EQ_READS_DIR}/ERR16063030_1.fastq.gz	${EQ_READS_DIR}/ERR16063030_2.fastq.gz	ERR16063030	F40PRr3	ERS28393780	ERX15453212	F40PRr3_amp_lib1	PRJEB106069	PRJEB104209	Trip3	Rhizosphere	False	True
F41Dr3	${EQ_READS_DIR}/ERR16063031_1.fastq.gz	${EQ_READS_DIR}/ERR16063031_2.fastq.gz	ERR16063031	F41Dr3	ERS28393781	ERX15453213	F41Dr3_amp_lib1	PRJEB106069	PRJEB104209	Trip3	Deep	False	True
F41PRr1	${EQ_READS_DIR}/ERR16063032_1.fastq.gz	${EQ_READS_DIR}/ERR16063032_2.fastq.gz	ERR16063032	F41PRr1	ERS28393782	ERX15453214	F41PRr1_amp_lib1	PRJEB106069	PRJEB104209	Trip3	Rhizosphere	False	True
F41PRr2	${EQ_READS_DIR}/ERR16063033_1.fastq.gz	${EQ_READS_DIR}/ERR16063033_2.fastq.gz	ERR16063033	F41PRr2	ERS28393783	ERX15453215	F41PRr2_amp_lib1	PRJEB106069	PRJEB104209	Trip3	Rhizosphere	False	True
F42Dr1	${EQ_READS_DIR}/ERR16063034_1.fastq.gz	${EQ_READS_DIR}/ERR16063034_2.fastq.gz	ERR16063034	F42Dr1	ERS28393784	ERX15453216	F42Dr1_amp_lib1	PRJEB106069	PRJEB104209	Trip3	Deep	False	True
F42Dr2	${EQ_READS_DIR}/ERR16063035_1.fastq.gz	${EQ_READS_DIR}/ERR16063035_2.fastq.gz	ERR16063035	F42Dr2	ERS28393785	ERX15453217	F42Dr2_amp_lib1	PRJEB106069	PRJEB104209	Trip3	Deep	False	True
F42Dr3	${EQ_READS_DIR}/ERR16063036_1.fastq.gz	${EQ_READS_DIR}/ERR16063036_2.fastq.gz	ERR16063036	F42Dr3	ERS28393786	ERX15453218	F42Dr3_amp_lib1	PRJEB106069	PRJEB104209	Trip3	Deep	False	True
F42Sr1	${EQ_READS_DIR}/ERR16063037_1.fastq.gz	${EQ_READS_DIR}/ERR16063037_2.fastq.gz	ERR16063037	F42Sr1	ERS28393787	ERX15453219	F42Sr1_amp_lib1	PRJEB106069	PRJEB104209	Trip3	Surface	False	True
F42Sr2	${EQ_READS_DIR}/ERR16063038_1.fastq.gz	${EQ_READS_DIR}/ERR16063038_2.fastq.gz	ERR16063038	F42Sr2	ERS28393788	ERX15453220	F42Sr2_amp_lib1	PRJEB106069	PRJEB104209	Trip3	Surface	False	True
F42Sr3	${EQ_READS_DIR}/ERR16063039_1.fastq.gz	${EQ_READS_DIR}/ERR16063039_2.fastq.gz	ERR16063039	F42Sr3	ERS28393789	ERX15453221	F42Sr3_amp_lib1	PRJEB106069	PRJEB104209	Trip3	Surface	False	True
F42PRr1	${EQ_READS_DIR}/ERR16063040_1.fastq.gz	${EQ_READS_DIR}/ERR16063040_2.fastq.gz	ERR16063040	F42PRr1	ERS28393790	ERX15453222	F42PRr1_amp_lib1	PRJEB106069	PRJEB104209	Trip3	Rhizosphere	False	True
F42PRr2	${EQ_READS_DIR}/ERR16063041_1.fastq.gz	${EQ_READS_DIR}/ERR16063041_2.fastq.gz	ERR16063041	F42PRr2	ERS28393791	ERX15453223	F42PRr2_amp_lib1	PRJEB106069	PRJEB104209	Trip3	Rhizosphere	False	True
F42PRr3	${EQ_READS_DIR}/ERR16063042_1.fastq.gz	${EQ_READS_DIR}/ERR16063042_2.fastq.gz	ERR16063042	F42PRr3	ERS28393792	ERX15453224	F42PRr3_amp_lib1	PRJEB106069	PRJEB104209	Trip3	Rhizosphere	False	True
F43Dr1	${EQ_READS_DIR}/ERR16063043_1.fastq.gz	${EQ_READS_DIR}/ERR16063043_2.fastq.gz	ERR16063043	F43Dr1	ERS28393793	ERX15453225	F43Dr1_amp_lib1	PRJEB106069	PRJEB104209	Trip3	Deep	False	True
F43Dr2	${EQ_READS_DIR}/ERR16063044_1.fastq.gz	${EQ_READS_DIR}/ERR16063044_2.fastq.gz	ERR16063044	F43Dr2	ERS28393794	ERX15453226	F43Dr2_amp_lib1	PRJEB106069	PRJEB104209	Trip3	Deep	False	True
F43Dr3	${EQ_READS_DIR}/ERR16063045_1.fastq.gz	${EQ_READS_DIR}/ERR16063045_2.fastq.gz	ERR16063045	F43Dr3	ERS28393795	ERX15453227	F43Dr3_amp_lib1	PRJEB106069	PRJEB104209	Trip3	Deep	False	True
F43Sr1	${EQ_READS_DIR}/ERR16063046_1.fastq.gz	${EQ_READS_DIR}/ERR16063046_2.fastq.gz	ERR16063046	F43Sr1	ERS28393796	ERX15453228	F43Sr1_amp_lib1	PRJEB106069	PRJEB104209	Trip3	Surface	False	True
F43Sr2	${EQ_READS_DIR}/ERR16063047_1.fastq.gz	${EQ_READS_DIR}/ERR16063047_2.fastq.gz	ERR16063047	F43Sr2	ERS28393797	ERX15453229	F43Sr2_amp_lib1	PRJEB106069	PRJEB104209	Trip3	Surface	False	True
F43Sr3	${EQ_READS_DIR}/ERR16063048_1.fastq.gz	${EQ_READS_DIR}/ERR16063048_2.fastq.gz	ERR16063048	F43Sr3	ERS28393798	ERX15453230	F43Sr3_amp_lib1	PRJEB106069	PRJEB104209	Trip3	Surface	False	True
F43PRr1	${EQ_READS_DIR}/ERR16063049_1.fastq.gz	${EQ_READS_DIR}/ERR16063049_2.fastq.gz	ERR16063049	F43PRr1	ERS28393799	ERX15453231	F43PRr1_amp_lib1	PRJEB106069	PRJEB104209	Trip3	Rhizosphere	False	True
F43PRr2	${EQ_READS_DIR}/ERR16063050_1.fastq.gz	${EQ_READS_DIR}/ERR16063050_2.fastq.gz	ERR16063050	F43PRr2	ERS28393800	ERX15453232	F43PRr2_amp_lib1	PRJEB106069	PRJEB104209	Trip3	Rhizosphere	False	True
F43PRr3	${EQ_READS_DIR}/ERR16063051_1.fastq.gz	${EQ_READS_DIR}/ERR16063051_2.fastq.gz	ERR16063051	F43PRr3	ERS28393801	ERX15453233	F43PRr3_amp_lib1	PRJEB106069	PRJEB104209	Trip3	Rhizosphere	False	True
F44Dr1	${EQ_READS_DIR}/ERR16063052_1.fastq.gz	${EQ_READS_DIR}/ERR16063052_2.fastq.gz	ERR16063052	F44Dr1	ERS28393802	ERX15453234	F44Dr1_amp_lib1	PRJEB106069	PRJEB104209	Trip3	Deep	False	True
F44Dr2	${EQ_READS_DIR}/ERR16063053_1.fastq.gz	${EQ_READS_DIR}/ERR16063053_2.fastq.gz	ERR16063053	F44Dr2	ERS28393803	ERX15453235	F44Dr2_amp_lib1	PRJEB106069	PRJEB104209	Trip3	Deep	False	True
F44Dr3	${EQ_READS_DIR}/ERR16063054_1.fastq.gz	${EQ_READS_DIR}/ERR16063054_2.fastq.gz	ERR16063054	F44Dr3	ERS28393804	ERX15453236	F44Dr3_amp_lib1	PRJEB106069	PRJEB104209	Trip3	Deep	False	True
F44Sr1	${EQ_READS_DIR}/ERR16063055_1.fastq.gz	${EQ_READS_DIR}/ERR16063055_2.fastq.gz	ERR16063055	F44Sr1	ERS28393805	ERX15453237	F44Sr1_amp_lib1	PRJEB106069	PRJEB104209	Trip3	Surface	False	True
F44Sr2	${EQ_READS_DIR}/ERR16063056_1.fastq.gz	${EQ_READS_DIR}/ERR16063056_2.fastq.gz	ERR16063056	F44Sr2	ERS28393806	ERX15453238	F44Sr2_amp_lib1	PRJEB106069	PRJEB104209	Trip3	Surface	False	True
F44Sr3	${EQ_READS_DIR}/ERR16063057_1.fastq.gz	${EQ_READS_DIR}/ERR16063057_2.fastq.gz	ERR16063057	F44Sr3	ERS28393807	ERX15453239	F44Sr3_amp_lib1	PRJEB106069	PRJEB104209	Trip3	Surface	False	True
F44PRr1	${EQ_READS_DIR}/ERR16063058_1.fastq.gz	${EQ_READS_DIR}/ERR16063058_2.fastq.gz	ERR16063058	F44PRr1	ERS28393808	ERX15453240	F44PRr1_amp_lib1	PRJEB106069	PRJEB104209	Trip3	Rhizosphere	False	True
F44PRr2	${EQ_READS_DIR}/ERR16063059_1.fastq.gz	${EQ_READS_DIR}/ERR16063059_2.fastq.gz	ERR16063059	F44PRr2	ERS28393809	ERX15453241	F44PRr2_amp_lib1	PRJEB106069	PRJEB104209	Trip3	Rhizosphere	False	True
F44PRr3	${EQ_READS_DIR}/ERR16063060_1.fastq.gz	${EQ_READS_DIR}/ERR16063060_2.fastq.gz	ERR16063060	F44PRr3	ERS28393810	ERX15453242	F44PRr3_amp_lib1	PRJEB106069	PRJEB104209	Trip3	Rhizosphere	False	True
F45Dr1	${EQ_READS_DIR}/ERR16063061_1.fastq.gz	${EQ_READS_DIR}/ERR16063061_2.fastq.gz	ERR16063061	F45Dr1	ERS28393811	ERX15453243	F45Dr1_amp_lib1	PRJEB106069	PRJEB104209	Trip3	Deep	False	True
F45Dr2	${EQ_READS_DIR}/ERR16063062_1.fastq.gz	${EQ_READS_DIR}/ERR16063062_2.fastq.gz	ERR16063062	F45Dr2	ERS28393812	ERX15453244	F45Dr2_amp_lib1	PRJEB106069	PRJEB104209	Trip3	Deep	False	True
F45Dr3	${EQ_READS_DIR}/ERR16063063_1.fastq.gz	${EQ_READS_DIR}/ERR16063063_2.fastq.gz	ERR16063063	F45Dr3	ERS28393813	ERX15453245	F45Dr3_amp_lib1	PRJEB106069	PRJEB104209	Trip3	Deep	False	True
F45Sr1	${EQ_READS_DIR}/ERR16063064_1.fastq.gz	${EQ_READS_DIR}/ERR16063064_2.fastq.gz	ERR16063064	F45Sr1	ERS28393814	ERX15453246	F45Sr1_amp_lib1	PRJEB106069	PRJEB104209	Trip3	Surface	False	True
F45Sr2	${EQ_READS_DIR}/ERR16063065_1.fastq.gz	${EQ_READS_DIR}/ERR16063065_2.fastq.gz	ERR16063065	F45Sr2	ERS28393815	ERX15453247	F45Sr2_amp_lib1	PRJEB106069	PRJEB104209	Trip3	Surface	False	True
F45Sr3	${EQ_READS_DIR}/ERR16063066_1.fastq.gz	${EQ_READS_DIR}/ERR16063066_2.fastq.gz	ERR16063066	F45Sr3	ERS28393816	ERX15453248	F45Sr3_amp_lib1	PRJEB106069	PRJEB104209	Trip3	Surface	False	True
F45PRr1	${EQ_READS_DIR}/ERR16063067_1.fastq.gz	${EQ_READS_DIR}/ERR16063067_2.fastq.gz	ERR16063067	F45PRr1	ERS28393817	ERX15453249	F45PRr1_amp_lib1	PRJEB106069	PRJEB104209	Trip3	Rhizosphere	False	True
F45PRr2	${EQ_READS_DIR}/ERR16063068_1.fastq.gz	${EQ_READS_DIR}/ERR16063068_2.fastq.gz	ERR16063068	F45PRr2	ERS28393818	ERX15453250	F45PRr2_amp_lib1	PRJEB106069	PRJEB104209	Trip3	Rhizosphere	False	True
F45PRr3	${EQ_READS_DIR}/ERR16063069_1.fastq.gz	${EQ_READS_DIR}/ERR16063069_2.fastq.gz	ERR16063069	F45PRr3	ERS28393819	ERX15453251	F45PRr3_amp_lib1	PRJEB106069	PRJEB104209	Trip3	Rhizosphere	False	True
F46Dr1	${EQ_READS_DIR}/ERR16063070_1.fastq.gz	${EQ_READS_DIR}/ERR16063070_2.fastq.gz	ERR16063070	F46Dr1	ERS28393820	ERX15453252	F46Dr1_amp_lib1	PRJEB106069	PRJEB104209	Trip3	Deep	False	True
F46Sr2	${EQ_READS_DIR}/ERR16063071_1.fastq.gz	${EQ_READS_DIR}/ERR16063071_2.fastq.gz	ERR16063071	F46Sr2	ERS28393821	ERX15453253	F46Sr2_amp_lib1	PRJEB106069	PRJEB104209	Trip3	Surface	False	True
F47Dr1	${EQ_READS_DIR}/ERR16063072_1.fastq.gz	${EQ_READS_DIR}/ERR16063072_2.fastq.gz	ERR16063072	F47Dr1	ERS28393822	ERX15453254	F47Dr1_amp_lib1	PRJEB106069	PRJEB104209	Trip3	Deep	False	True
F47Dr3	${EQ_READS_DIR}/ERR16063073_1.fastq.gz	${EQ_READS_DIR}/ERR16063073_2.fastq.gz	ERR16063073	F47Dr3	ERS28393823	ERX15453255	F47Dr3_amp_lib1	PRJEB106069	PRJEB104209	Trip3	Deep	False	True
F47Sr3	${EQ_READS_DIR}/ERR16063074_1.fastq.gz	${EQ_READS_DIR}/ERR16063074_2.fastq.gz	ERR16063074	F47Sr3	ERS28393824	ERX15453256	F47Sr3_amp_lib1	PRJEB106069	PRJEB104209	Trip3	Surface	False	True
F47PRr1	${EQ_READS_DIR}/ERR16063075_1.fastq.gz	${EQ_READS_DIR}/ERR16063075_2.fastq.gz	ERR16063075	F47PRr1	ERS28393825	ERX15453257	F47PRr1_amp_lib1	PRJEB106069	PRJEB104209	Trip3	Rhizosphere	False	True
F47PRr2	${EQ_READS_DIR}/ERR16063076_1.fastq.gz	${EQ_READS_DIR}/ERR16063076_2.fastq.gz	ERR16063076	F47PRr2	ERS28393826	ERX15453258	F47PRr2_amp_lib1	PRJEB106069	PRJEB104209	Trip3	Rhizosphere	False	True
F47PRr3	${EQ_READS_DIR}/ERR16063077_1.fastq.gz	${EQ_READS_DIR}/ERR16063077_2.fastq.gz	ERR16063077	F47PRr3	ERS28393827	ERX15453259	F47PRr3_amp_lib1	PRJEB106069	PRJEB104209	Trip3	Rhizosphere	False	True
F48Dr1	${EQ_READS_DIR}/ERR16063078_1.fastq.gz	${EQ_READS_DIR}/ERR16063078_2.fastq.gz	ERR16063078	F48Dr1	ERS28393828	ERX15453260	F48Dr1_amp_lib1	PRJEB106069	PRJEB104209	Trip3	Deep	False	True
F48Dr2	${EQ_READS_DIR}/ERR16063079_1.fastq.gz	${EQ_READS_DIR}/ERR16063079_2.fastq.gz	ERR16063079	F48Dr2	ERS28393829	ERX15453261	F48Dr2_amp_lib1	PRJEB106069	PRJEB104209	Trip3	Deep	False	True
F48Dr3	${EQ_READS_DIR}/ERR16063080_1.fastq.gz	${EQ_READS_DIR}/ERR16063080_2.fastq.gz	ERR16063080	F48Dr3	ERS28393830	ERX15453262	F48Dr3_amp_lib1	PRJEB106069	PRJEB104209	Trip3	Deep	False	True
F48Sr1	${EQ_READS_DIR}/ERR16063081_1.fastq.gz	${EQ_READS_DIR}/ERR16063081_2.fastq.gz	ERR16063081	F48Sr1	ERS28393831	ERX15453263	F48Sr1_amp_lib1	PRJEB106069	PRJEB104209	Trip3	Surface	False	True
F48Sr2	${EQ_READS_DIR}/ERR16063082_1.fastq.gz	${EQ_READS_DIR}/ERR16063082_2.fastq.gz	ERR16063082	F48Sr2	ERS28393832	ERX15453264	F48Sr2_amp_lib1	PRJEB106069	PRJEB104209	Trip3	Surface	False	True
F48Sr3	${EQ_READS_DIR}/ERR16063083_1.fastq.gz	${EQ_READS_DIR}/ERR16063083_2.fastq.gz	ERR16063083	F48Sr3	ERS28393833	ERX15453265	F48Sr3_amp_lib1	PRJEB106069	PRJEB104209	Trip3	Surface	False	True
F48PRr1	${EQ_READS_DIR}/ERR16063084_1.fastq.gz	${EQ_READS_DIR}/ERR16063084_2.fastq.gz	ERR16063084	F48PRr1	ERS28393834	ERX15453266	F48PRr1_amp_lib1	PRJEB106069	PRJEB104209	Trip3	Rhizosphere	False	True
F48PRr2	${EQ_READS_DIR}/ERR16063085_1.fastq.gz	${EQ_READS_DIR}/ERR16063085_2.fastq.gz	ERR16063085	F48PRr2	ERS28393835	ERX15453267	F48PRr2_amp_lib1	PRJEB106069	PRJEB104209	Trip3	Rhizosphere	False	True
F48PRr3	${EQ_READS_DIR}/ERR16063086_1.fastq.gz	${EQ_READS_DIR}/ERR16063086_2.fastq.gz	ERR16063086	F48PRr3	ERS28393836	ERX15453268	F48PRr3_amp_lib1	PRJEB106069	PRJEB104209	Trip3	Rhizosphere	False	True
F49Dr1	${EQ_READS_DIR}/ERR16063087_1.fastq.gz	${EQ_READS_DIR}/ERR16063087_2.fastq.gz	ERR16063087	F49Dr1	ERS28393837	ERX15453269	F49Dr1_amp_lib1	PRJEB106069	PRJEB104209	Trip3	Deep	False	True
F49Dr2	${EQ_READS_DIR}/ERR16063088_1.fastq.gz	${EQ_READS_DIR}/ERR16063088_2.fastq.gz	ERR16063088	F49Dr2	ERS28393838	ERX15453270	F49Dr2_amp_lib1	PRJEB106069	PRJEB104209	Trip3	Deep	False	True
F49Dr3	${EQ_READS_DIR}/ERR16063089_1.fastq.gz	${EQ_READS_DIR}/ERR16063089_2.fastq.gz	ERR16063089	F49Dr3	ERS28393839	ERX15453271	F49Dr3_amp_lib1	PRJEB106069	PRJEB104209	Trip3	Deep	False	True
F49Sr1	${EQ_READS_DIR}/ERR16063090_1.fastq.gz	${EQ_READS_DIR}/ERR16063090_2.fastq.gz	ERR16063090	F49Sr1	ERS28393840	ERX15453272	F49Sr1_amp_lib1	PRJEB106069	PRJEB104209	Trip3	Surface	False	True
F49Sr2	${EQ_READS_DIR}/ERR16063091_1.fastq.gz	${EQ_READS_DIR}/ERR16063091_2.fastq.gz	ERR16063091	F49Sr2	ERS28393841	ERX15453273	F49Sr2_amp_lib1	PRJEB106069	PRJEB104209	Trip3	Surface	False	True
F49Sr3	${EQ_READS_DIR}/ERR16063092_1.fastq.gz	${EQ_READS_DIR}/ERR16063092_2.fastq.gz	ERR16063092	F49Sr3	ERS28393842	ERX15453274	F49Sr3_amp_lib1	PRJEB106069	PRJEB104209	Trip3	Surface	False	True
F49PRr1	${EQ_READS_DIR}/ERR16063093_1.fastq.gz	${EQ_READS_DIR}/ERR16063093_2.fastq.gz	ERR16063093	F49PRr1	ERS28393843	ERX15453275	F49PRr1_amp_lib1	PRJEB106069	PRJEB104209	Trip3	Rhizosphere	False	True
F49PRr2	${EQ_READS_DIR}/ERR16063094_1.fastq.gz	${EQ_READS_DIR}/ERR16063094_2.fastq.gz	ERR16063094	F49PRr2	ERS28393844	ERX15453276	F49PRr2_amp_lib1	PRJEB106069	PRJEB104209	Trip3	Rhizosphere	False	True
F49PRr3	${EQ_READS_DIR}/ERR16063095_1.fastq.gz	${EQ_READS_DIR}/ERR16063095_2.fastq.gz	ERR16063095	F49PRr3	ERS28393845	ERX15453277	F49PRr3_amp_lib1	PRJEB106069	PRJEB104209	Trip3	Rhizosphere	False	True
F50Dr1	${EQ_READS_DIR}/ERR16063096_1.fastq.gz	${EQ_READS_DIR}/ERR16063096_2.fastq.gz	ERR16063096	F50Dr1	ERS28393846	ERX15453278	F50Dr1_amp_lib1	PRJEB106069	PRJEB104209	Trip3	Deep	False	True
F50Dr2	${EQ_READS_DIR}/ERR16063097_1.fastq.gz	${EQ_READS_DIR}/ERR16063097_2.fastq.gz	ERR16063097	F50Dr2	ERS28393847	ERX15453279	F50Dr2_amp_lib1	PRJEB106069	PRJEB104209	Trip3	Deep	False	True
F50Dr3	${EQ_READS_DIR}/ERR16063098_1.fastq.gz	${EQ_READS_DIR}/ERR16063098_2.fastq.gz	ERR16063098	F50Dr3	ERS28393848	ERX15453280	F50Dr3_amp_lib1	PRJEB106069	PRJEB104209	Trip3	Deep	False	True
F50Sr1	${EQ_READS_DIR}/ERR16063099_1.fastq.gz	${EQ_READS_DIR}/ERR16063099_2.fastq.gz	ERR16063099	F50Sr1	ERS28393849	ERX15453281	F50Sr1_amp_lib1	PRJEB106069	PRJEB104209	Trip3	Surface	False	True
F50Sr2	${EQ_READS_DIR}/ERR16063100_1.fastq.gz	${EQ_READS_DIR}/ERR16063100_2.fastq.gz	ERR16063100	F50Sr2	ERS28393850	ERX15453282	F50Sr2_amp_lib1	PRJEB106069	PRJEB104209	Trip3	Surface	False	True
F50Sr3	${EQ_READS_DIR}/ERR16063101_1.fastq.gz	${EQ_READS_DIR}/ERR16063101_2.fastq.gz	ERR16063101	F50Sr3	ERS28393851	ERX15453283	F50Sr3_amp_lib1	PRJEB106069	PRJEB104209	Trip3	Surface	False	True
F50PRr1	${EQ_READS_DIR}/ERR16063102_1.fastq.gz	${EQ_READS_DIR}/ERR16063102_2.fastq.gz	ERR16063102	F50PRr1	ERS28393852	ERX15453284	F50PRr1_amp_lib1	PRJEB106069	PRJEB104209	Trip3	Rhizosphere	False	True
F50PRr2	${EQ_READS_DIR}/ERR16063103_1.fastq.gz	${EQ_READS_DIR}/ERR16063103_2.fastq.gz	ERR16063103	F50PRr2	ERS28393853	ERX15453285	F50PRr2_amp_lib1	PRJEB106069	PRJEB104209	Trip3	Rhizosphere	False	True
F50PRr3	${EQ_READS_DIR}/ERR16063104_1.fastq.gz	${EQ_READS_DIR}/ERR16063104_2.fastq.gz	ERR16063104	F50PRr3	ERS28393854	ERX15453286	F50PRr3_amp_lib1	PRJEB106069	PRJEB104209	Trip3	Rhizosphere	False	True
F51Dr3	${EQ_READS_DIR}/ERR16063105_1.fastq.gz	${EQ_READS_DIR}/ERR16063105_2.fastq.gz	ERR16063105	F51Dr3	ERS28393855	ERX15453287	F51Dr3_amp_lib1	PRJEB106069	PRJEB104209	Trip3	Deep	False	True
F51Sr3	${EQ_READS_DIR}/ERR16063106_1.fastq.gz	${EQ_READS_DIR}/ERR16063106_2.fastq.gz	ERR16063106	F51Sr3	ERS28393856	ERX15453288	F51Sr3_amp_lib1	PRJEB106069	PRJEB104209	Trip3	Surface	False	True
F51PRr1	${EQ_READS_DIR}/ERR16063107_1.fastq.gz	${EQ_READS_DIR}/ERR16063107_2.fastq.gz	ERR16063107	F51PRr1	ERS28393857	ERX15453289	F51PRr1_amp_lib1	PRJEB106069	PRJEB104209	Trip3	Rhizosphere	False	True
F51PRr2	${EQ_READS_DIR}/ERR16063108_1.fastq.gz	${EQ_READS_DIR}/ERR16063108_2.fastq.gz	ERR16063108	F51PRr2	ERS28393858	ERX15453290	F51PRr2_amp_lib1	PRJEB106069	PRJEB104209	Trip3	Rhizosphere	False	True
F51PRr3	${EQ_READS_DIR}/ERR16063109_1.fastq.gz	${EQ_READS_DIR}/ERR16063109_2.fastq.gz	ERR16063109	F51PRr3	ERS28393859	ERX15453291	F51PRr3_amp_lib1	PRJEB106069	PRJEB104209	Trip3	Rhizosphere	False	True
F52Sr1	${EQ_READS_DIR}/ERR16063110_1.fastq.gz	${EQ_READS_DIR}/ERR16063110_2.fastq.gz	ERR16063110	F52Sr1	ERS28393860	ERX15453292	F52Sr1_amp_lib1	PRJEB106069	PRJEB104209	Trip3	Surface	False	True
F52Sr2	${EQ_READS_DIR}/ERR16063111_1.fastq.gz	${EQ_READS_DIR}/ERR16063111_2.fastq.gz	ERR16063111	F52Sr2	ERS28393861	ERX15453293	F52Sr2_amp_lib1	PRJEB106069	PRJEB104209	Trip3	Surface	False	True
F52Sr3	${EQ_READS_DIR}/ERR16063112_1.fastq.gz	${EQ_READS_DIR}/ERR16063112_2.fastq.gz	ERR16063112	F52Sr3	ERS28393862	ERX15453294	F52Sr3_amp_lib1	PRJEB106069	PRJEB104209	Trip3	Surface	False	True
F53Dr1	${EQ_READS_DIR}/ERR16063113_1.fastq.gz	${EQ_READS_DIR}/ERR16063113_2.fastq.gz	ERR16063113	F53Dr1	ERS28393863	ERX15453295	F53Dr1_amp_lib1	PRJEB106069	PRJEB104209	Trip3	Deep	False	True
F53Dr2	${EQ_READS_DIR}/ERR16063114_1.fastq.gz	${EQ_READS_DIR}/ERR16063114_2.fastq.gz	ERR16063114	F53Dr2	ERS28393864	ERX15453296	F53Dr2_amp_lib1	PRJEB106069	PRJEB104209	Trip3	Deep	False	True
F53Dr3	${EQ_READS_DIR}/ERR16063115_1.fastq.gz	${EQ_READS_DIR}/ERR16063115_2.fastq.gz	ERR16063115	F53Dr3	ERS28393865	ERX15453297	F53Dr3_amp_lib1	PRJEB106069	PRJEB104209	Trip3	Deep	False	True
F53Sr3	${EQ_READS_DIR}/ERR16063116_1.fastq.gz	${EQ_READS_DIR}/ERR16063116_2.fastq.gz	ERR16063116	F53Sr3	ERS28393866	ERX15453298	F53Sr3_amp_lib1	PRJEB106069	PRJEB104209	Trip3	Surface	False	True
F53PRr1	${EQ_READS_DIR}/ERR16063117_1.fastq.gz	${EQ_READS_DIR}/ERR16063117_2.fastq.gz	ERR16063117	F53PRr1	ERS28393867	ERX15453299	F53PRr1_amp_lib1	PRJEB106069	PRJEB104209	Trip3	Rhizosphere	False	True
F54PRr2	${EQ_READS_DIR}/ERR16063118_1.fastq.gz	${EQ_READS_DIR}/ERR16063118_2.fastq.gz	ERR16063118	F54PRr2	ERS28393868	ERX15453300	F54PRr2_amp_lib1	PRJEB106069	PRJEB104209	Trip3	Rhizosphere	False	True
F55Sr1	${EQ_READS_DIR}/ERR16063119_1.fastq.gz	${EQ_READS_DIR}/ERR16063119_2.fastq.gz	ERR16063119	F55Sr1	ERS28393869	ERX15453301	F55Sr1_amp_lib1	PRJEB106069	PRJEB104209	Trip3	Surface	False	True
F56Sr2	${EQ_READS_DIR}/ERR16063120_1.fastq.gz	${EQ_READS_DIR}/ERR16063120_2.fastq.gz	ERR16063120	F56Sr2	ERS28393870	ERX15453302	F56Sr2_amp_lib1	PRJEB106069	PRJEB104209	Trip3	Surface	False	True
F56Sr3	${EQ_READS_DIR}/ERR16063121_1.fastq.gz	${EQ_READS_DIR}/ERR16063121_2.fastq.gz	ERR16063121	F56Sr3	ERS28393871	ERX15453303	F56Sr3_amp_lib1	PRJEB106069	PRJEB104209	Trip3	Surface	False	True
F57Dr1	${EQ_READS_DIR}/ERR16063122_1.fastq.gz	${EQ_READS_DIR}/ERR16063122_2.fastq.gz	ERR16063122	F57Dr1	ERS28393872	ERX15453304	F57Dr1_amp_lib1	PRJEB106069	PRJEB104209	Trip3	Deep	False	True
F57Sr3	${EQ_READS_DIR}/ERR16063123_1.fastq.gz	${EQ_READS_DIR}/ERR16063123_2.fastq.gz	ERR16063123	F57Sr3	ERS28393873	ERX15453305	F57Sr3_amp_lib1	PRJEB106069	PRJEB104209	Trip3	Surface	False	True
F57PRr1	${EQ_READS_DIR}/ERR16063124_1.fastq.gz	${EQ_READS_DIR}/ERR16063124_2.fastq.gz	ERR16063124	F57PRr1	ERS28393874	ERX15453306	F57PRr1_amp_lib1	PRJEB106069	PRJEB104209	Trip3	Rhizosphere	False	True
F57PRr2	${EQ_READS_DIR}/ERR16063125_1.fastq.gz	${EQ_READS_DIR}/ERR16063125_2.fastq.gz	ERR16063125	F57PRr2	ERS28393875	ERX15453307	F57PRr2_amp_lib1	PRJEB106069	PRJEB104209	Trip3	Rhizosphere	False	True
F57PRr3	${EQ_READS_DIR}/ERR16063126_1.fastq.gz	${EQ_READS_DIR}/ERR16063126_2.fastq.gz	ERR16063126	F57PRr3	ERS28393876	ERX15453308	F57PRr3_amp_lib1	PRJEB106069	PRJEB104209	Trip3	Rhizosphere	False	True
F58Dr1	${EQ_READS_DIR}/ERR16063127_1.fastq.gz	${EQ_READS_DIR}/ERR16063127_2.fastq.gz	ERR16063127	F58Dr1	ERS28393877	ERX15453309	F58Dr1_amp_lib1	PRJEB106069	PRJEB104209	Trip3	Deep	False	True
F58Sr1	${EQ_READS_DIR}/ERR16063128_1.fastq.gz	${EQ_READS_DIR}/ERR16063128_2.fastq.gz	ERR16063128	F58Sr1	ERS28393878	ERX15453310	F58Sr1_amp_lib1	PRJEB106069	PRJEB104209	Trip3	Surface	False	True
F58Sr2	${EQ_READS_DIR}/ERR16063129_1.fastq.gz	${EQ_READS_DIR}/ERR16063129_2.fastq.gz	ERR16063129	F58Sr2	ERS28393879	ERX15453311	F58Sr2_amp_lib1	PRJEB106069	PRJEB104209	Trip3	Surface	False	True
F58Sr3	${EQ_READS_DIR}/ERR16063130_1.fastq.gz	${EQ_READS_DIR}/ERR16063130_2.fastq.gz	ERR16063130	F58Sr3	ERS28393880	ERX15453312	F58Sr3_amp_lib1	PRJEB106069	PRJEB104209	Trip3	Surface	False	True
F58PRr1	${EQ_READS_DIR}/ERR16063131_1.fastq.gz	${EQ_READS_DIR}/ERR16063131_2.fastq.gz	ERR16063131	F58PRr1	ERS28393881	ERX15453313	F58PRr1_amp_lib1	PRJEB106069	PRJEB104209	Trip3	Rhizosphere	False	True
F58PRr2	${EQ_READS_DIR}/ERR16063132_1.fastq.gz	${EQ_READS_DIR}/ERR16063132_2.fastq.gz	ERR16063132	F58PRr2	ERS28393882	ERX15453314	F58PRr2_amp_lib1	PRJEB106069	PRJEB104209	Trip3	Rhizosphere	False	True
F58PRr3	${EQ_READS_DIR}/ERR16063133_1.fastq.gz	${EQ_READS_DIR}/ERR16063133_2.fastq.gz	ERR16063133	F58PRr3	ERS28393883	ERX15453315	F58PRr3_amp_lib1	PRJEB106069	PRJEB104209	Trip3	Rhizosphere	False	True
F59Dr2	${EQ_READS_DIR}/ERR16063134_1.fastq.gz	${EQ_READS_DIR}/ERR16063134_2.fastq.gz	ERR16063134	F59Dr2	ERS28393884	ERX15453316	F59Dr2_amp_lib1	PRJEB106069	PRJEB104209	Trip3	Deep	False	True
F59Sr1	${EQ_READS_DIR}/ERR16063135_1.fastq.gz	${EQ_READS_DIR}/ERR16063135_2.fastq.gz	ERR16063135	F59Sr1	ERS28393885	ERX15453317	F59Sr1_amp_lib1	PRJEB106069	PRJEB104209	Trip3	Surface	False	True
F59Sr2	${EQ_READS_DIR}/ERR16063136_1.fastq.gz	${EQ_READS_DIR}/ERR16063136_2.fastq.gz	ERR16063136	F59Sr2	ERS28393886	ERX15453318	F59Sr2_amp_lib1	PRJEB106069	PRJEB104209	Trip3	Surface	False	True
F59Sr3	${EQ_READS_DIR}/ERR16063137_1.fastq.gz	${EQ_READS_DIR}/ERR16063137_2.fastq.gz	ERR16063137	F59Sr3	ERS28393887	ERX15453319	F59Sr3_amp_lib1	PRJEB106069	PRJEB104209	Trip3	Surface	False	True
F59PRr1	${EQ_READS_DIR}/ERR16063138_1.fastq.gz	${EQ_READS_DIR}/ERR16063138_2.fastq.gz	ERR16063138	F59PRr1	ERS28393888	ERX15453320	F59PRr1_amp_lib1	PRJEB106069	PRJEB104209	Trip3	Rhizosphere	False	True
F60Sr1	${EQ_READS_DIR}/ERR16063139_1.fastq.gz	${EQ_READS_DIR}/ERR16063139_2.fastq.gz	ERR16063139	F60Sr1	ERS28393889	ERX15453321	F60Sr1_amp_lib1	PRJEB106069	PRJEB104209	Trip3	Surface	False	True
F60Sr2	${EQ_READS_DIR}/ERR16063140_1.fastq.gz	${EQ_READS_DIR}/ERR16063140_2.fastq.gz	ERR16063140	F60Sr2	ERS28393890	ERX15453322	F60Sr2_amp_lib1	PRJEB106069	PRJEB104209	Trip3	Surface	False	True
F60Sr3	${EQ_READS_DIR}/ERR16063141_1.fastq.gz	${EQ_READS_DIR}/ERR16063141_2.fastq.gz	ERR16063141	F60Sr3	ERS28393891	ERX15453323	F60Sr3_amp_lib1	PRJEB106069	PRJEB104209	Trip3	Surface	False	True
F60PRr1	${EQ_READS_DIR}/ERR16063142_1.fastq.gz	${EQ_READS_DIR}/ERR16063142_2.fastq.gz	ERR16063142	F60PRr1	ERS28393892	ERX15453324	F60PRr1_amp_lib1	PRJEB106069	PRJEB104209	Trip3	Rhizosphere	False	True
F60PRr2	${EQ_READS_DIR}/ERR16063143_1.fastq.gz	${EQ_READS_DIR}/ERR16063143_2.fastq.gz	ERR16063143	F60PRr2	ERS28393893	ERX15453325	F60PRr2_amp_lib1	PRJEB106069	PRJEB104209	Trip3	Rhizosphere	False	True
F60PRr3	${EQ_READS_DIR}/ERR16063144_1.fastq.gz	${EQ_READS_DIR}/ERR16063144_2.fastq.gz	ERR16063144	F60PRr3	ERS28393894	ERX15453326	F60PRr3_amp_lib1	PRJEB106069	PRJEB104209	Trip3	Rhizosphere	False	True
F15PRr1__lib2	${EQ_READS_DIR}/ERR16063145_1.fastq.gz	${EQ_READS_DIR}/ERR16063145_2.fastq.gz	ERR16063145	F15PRr1	ERS28393565	ERX15453327	F15PRr1_amp_lib2	PRJEB106069	PRJEB104209	Trip3	Rhizosphere	False	True
F20Sr3__lib2	${EQ_READS_DIR}/ERR16063146_1.fastq.gz	${EQ_READS_DIR}/ERR16063146_2.fastq.gz	ERR16063146	F20Sr3	ERS28393608	ERX15453328	F20Sr3_amp_lib2	PRJEB106069	PRJEB104209	Trip3	Surface	False	True
F24PRr3__lib2	${EQ_READS_DIR}/ERR16063147_1.fastq.gz	${EQ_READS_DIR}/ERR16063147_2.fastq.gz	ERR16063147	F24PRr3	ERS28393646	ERX15453329	F24PRr3_amp_lib2	PRJEB106069	PRJEB104209	Trip3	Rhizosphere	False	True
F31Sr2__lib2	${EQ_READS_DIR}/ERR16063148_1.fastq.gz	${EQ_READS_DIR}/ERR16063148_2.fastq.gz	ERR16063148	F31Sr2	ERS28393700	ERX15453330	F31Sr2_amp_lib2	PRJEB106069	PRJEB104209	Trip3	Surface	False	True
F31Sr3__lib2	${EQ_READS_DIR}/ERR16063149_1.fastq.gz	${EQ_READS_DIR}/ERR16063149_2.fastq.gz	ERR16063149	F31Sr3	ERS28393701	ERX15453331	F31Sr3_amp_lib2	PRJEB106069	PRJEB104209	Trip3	Surface	False	True
F33Dr1__lib2	${EQ_READS_DIR}/ERR16063150_1.fastq.gz	${EQ_READS_DIR}/ERR16063150_2.fastq.gz	ERR16063150	F33Dr1	ERS28393714	ERX15453332	F33Dr1_amp_lib2	PRJEB106069	PRJEB104209	Trip3	Deep	False	True
F34Sr1__lib2	${EQ_READS_DIR}/ERR16063151_1.fastq.gz	${EQ_READS_DIR}/ERR16063151_2.fastq.gz	ERR16063151	F34Sr1	ERS28393725	ERX15453333	F34Sr1_amp_lib2	PRJEB106069	PRJEB104209	Trip3	Surface	False	True
F40Dr3__lib2	${EQ_READS_DIR}/ERR16063152_1.fastq.gz	${EQ_READS_DIR}/ERR16063152_2.fastq.gz	ERR16063152	F40Dr3	ERS28393774	ERX15453334	F40Dr3_amp_lib2	PRJEB106069	PRJEB104209	Trip3	Deep	False	True
F41Dr3__lib2	${EQ_READS_DIR}/ERR16063153_1.fastq.gz	${EQ_READS_DIR}/ERR16063153_2.fastq.gz	ERR16063153	F41Dr3	ERS28393781	ERX15453335	F41Dr3_amp_lib2	PRJEB106069	PRJEB104209	Trip3	Deep	False	True
F43Dr1__lib2	${EQ_READS_DIR}/ERR16063154_1.fastq.gz	${EQ_READS_DIR}/ERR16063154_2.fastq.gz	ERR16063154	F43Dr1	ERS28393793	ERX15453336	F43Dr1_amp_lib2	PRJEB106069	PRJEB104209	Trip3	Deep	False	True
F47PRr1__lib2	${EQ_READS_DIR}/ERR16063155_1.fastq.gz	${EQ_READS_DIR}/ERR16063155_2.fastq.gz	ERR16063155	F47PRr1	ERS28393825	ERX15453337	F47PRr1_amp_lib2	PRJEB106069	PRJEB104209	Trip3	Rhizosphere	False	True
F48PRr3__lib2	${EQ_READS_DIR}/ERR16063156_1.fastq.gz	${EQ_READS_DIR}/ERR16063156_2.fastq.gz	ERR16063156	F48PRr3	ERS28393836	ERX15453338	F48PRr3_amp_lib2	PRJEB106069	PRJEB104209	Trip3	Rhizosphere	False	True
F51Sr3__lib2	${EQ_READS_DIR}/ERR16063157_1.fastq.gz	${EQ_READS_DIR}/ERR16063157_2.fastq.gz	ERR16063157	F51Sr3	ERS28393856	ERX15453339	F51Sr3_amp_lib2	PRJEB106069	PRJEB104209	Trip3	Surface	False	True
F52Sr2__lib2	${EQ_READS_DIR}/ERR16063158_1.fastq.gz	${EQ_READS_DIR}/ERR16063158_2.fastq.gz	ERR16063158	F52Sr2	ERS28393861	ERX15453340	F52Sr2_amp_lib2	PRJEB106069	PRJEB104209	Trip3	Surface	False	True
F55Sr1__lib2	${EQ_READS_DIR}/ERR16063159_1.fastq.gz	${EQ_READS_DIR}/ERR16063159_2.fastq.gz	ERR16063159	F55Sr1	ERS28393869	ERX15453341	F55Sr1_amp_lib2	PRJEB106069	PRJEB104209	Trip3	Surface	False	True
F56Sr2__lib2	${EQ_READS_DIR}/ERR16063160_1.fastq.gz	${EQ_READS_DIR}/ERR16063160_2.fastq.gz	ERR16063160	F56Sr2	ERS28393870	ERX15453342	F56Sr2_amp_lib2	PRJEB106069	PRJEB104209	Trip3	Surface	False	True
F56Sr3__lib2	${EQ_READS_DIR}/ERR16063161_1.fastq.gz	${EQ_READS_DIR}/ERR16063161_2.fastq.gz	ERR16063161	F56Sr3	ERS28393871	ERX15453343	F56Sr3_amp_lib2	PRJEB106069	PRJEB104209	Trip3	Surface	False	True
F57Dr1__lib2	${EQ_READS_DIR}/ERR16063162_1.fastq.gz	${EQ_READS_DIR}/ERR16063162_2.fastq.gz	ERR16063162	F57Dr1	ERS28393872	ERX15453344	F57Dr1_amp_lib2	PRJEB106069	PRJEB104209	Trip3	Deep	False	True
F57Sr3__lib2	${EQ_READS_DIR}/ERR16063163_1.fastq.gz	${EQ_READS_DIR}/ERR16063163_2.fastq.gz	ERR16063163	F57Sr3	ERS28393873	ERX15453345	F57Sr3_amp_lib2	PRJEB106069	PRJEB104209	Trip3	Surface	False	True
F58Dr1__lib2	${EQ_READS_DIR}/ERR16063164_1.fastq.gz	${EQ_READS_DIR}/ERR16063164_2.fastq.gz	ERR16063164	F58Dr1	ERS28393877	ERX15453346	F58Dr1_amp_lib2	PRJEB106069	PRJEB104209	Trip3	Deep	False	True
F58Sr3__lib2	${EQ_READS_DIR}/ERR16063165_1.fastq.gz	${EQ_READS_DIR}/ERR16063165_2.fastq.gz	ERR16063165	F58Sr3	ERS28393880	ERX15453347	F58Sr3_amp_lib2	PRJEB106069	PRJEB104209	Trip3	Surface	False	True
F59Dr2__lib2	${EQ_READS_DIR}/ERR16063166_1.fastq.gz	${EQ_READS_DIR}/ERR16063166_2.fastq.gz	ERR16063166	F59Dr2	ERS28393884	ERX15453348	F59Dr2_amp_lib2	PRJEB106069	PRJEB104209	Trip3	Deep	False	True
F59PRr1__lib2	${EQ_READS_DIR}/ERR16063167_1.fastq.gz	${EQ_READS_DIR}/ERR16063167_2.fastq.gz	ERR16063167	F59PRr1	ERS28393888	ERX15453349	F59PRr1_amp_lib2	PRJEB106069	PRJEB104209	Trip3	Rhizosphere	False	True
F59Sr3__lib2	${EQ_READS_DIR}/ERR16063168_1.fastq.gz	${EQ_READS_DIR}/ERR16063168_2.fastq.gz	ERR16063168	F59Sr3	ERS28393887	ERX15453350	F59Sr3_amp_lib2	PRJEB106069	PRJEB104209	Trip3	Surface	False	True
F60PRr1__lib2	${EQ_READS_DIR}/ERR16063169_1.fastq.gz	${EQ_READS_DIR}/ERR16063169_2.fastq.gz	ERR16063169	F60PRr1	ERS28393892	ERX15453351	F60PRr1_amp_lib2	PRJEB106069	PRJEB104209	Trip3	Rhizosphere	False	True
F60PRr2__lib2	${EQ_READS_DIR}/ERR16063170_1.fastq.gz	${EQ_READS_DIR}/ERR16063170_2.fastq.gz	ERR16063170	F60PRr2	ERS28393893	ERX15453352	F60PRr2_amp_lib2	PRJEB106069	PRJEB104209	Trip3	Rhizosphere	False	True
F60Sr3__lib2	${EQ_READS_DIR}/ERR16063172_1.fastq.gz	${EQ_READS_DIR}/ERR16063172_2.fastq.gz	ERR16063172	F60Sr3	ERS28393891	ERX15453353	F60Sr3_amp_lib2	PRJEB106069	PRJEB104209	Trip3	Surface	False	True
F1PRr2__lib2	${EQ_READS_DIR}/ERR16063173_1.fastq.gz	${EQ_READS_DIR}/ERR16063173_2.fastq.gz	ERR16063173	F1PRr2	ERS28393451	ERX15453354	F1PRr2_amp_lib2	PRJEB106069	PRJEB104209	Trip3	Rhizosphere	False	True
EB1	${EQ_READS_DIR}/ERR16783283_1.fastq.gz	${EQ_READS_DIR}/ERR16783283_2.fastq.gz	ERR16783283	EB1	ERS29439728	ERX16176516	EB1_amp_lib1	PRJEB106069	PRJEB104209				False
EB10	${EQ_READS_DIR}/ERR16783284_1.fastq.gz	${EQ_READS_DIR}/ERR16783284_2.fastq.gz	ERR16783284	EB10	ERS29439729	ERX16176517	EB10_amp_lib1	PRJEB106069	PRJEB104209				False
EB11	${EQ_READS_DIR}/ERR16783285_1.fastq.gz	${EQ_READS_DIR}/ERR16783285_2.fastq.gz	ERR16783285	EB11	ERS29439730	ERX16176518	EB11_amp_lib1	PRJEB106069	PRJEB104209				False
EB12	${EQ_READS_DIR}/ERR16783286_1.fastq.gz	${EQ_READS_DIR}/ERR16783286_2.fastq.gz	ERR16783286	EB12	ERS29439731	ERX16176519	EB12_amp_lib1	PRJEB106069	PRJEB104209				False
EB13	${EQ_READS_DIR}/ERR16783287_1.fastq.gz	${EQ_READS_DIR}/ERR16783287_2.fastq.gz	ERR16783287	EB13	ERS29439732	ERX16176520	EB13_amp_lib1	PRJEB106069	PRJEB104209				False
EB14	${EQ_READS_DIR}/ERR16783288_1.fastq.gz	${EQ_READS_DIR}/ERR16783288_2.fastq.gz	ERR16783288	EB14	ERS29439733	ERX16176521	EB14_amp_lib1	PRJEB106069	PRJEB104209				False
EB15	${EQ_READS_DIR}/ERR16783289_1.fastq.gz	${EQ_READS_DIR}/ERR16783289_2.fastq.gz	ERR16783289	EB15	ERS29439734	ERX16176522	EB15_amp_lib1	PRJEB106069	PRJEB104209				False
EB16	${EQ_READS_DIR}/ERR16783290_1.fastq.gz	${EQ_READS_DIR}/ERR16783290_2.fastq.gz	ERR16783290	EB16	ERS29439735	ERX16176523	EB16_amp_lib1	PRJEB106069	PRJEB104209				False
EB17	${EQ_READS_DIR}/ERR16783291_1.fastq.gz	${EQ_READS_DIR}/ERR16783291_2.fastq.gz	ERR16783291	EB17	ERS29439736	ERX16176524	EB17_amp_lib1	PRJEB106069	PRJEB104209				False
EB18	${EQ_READS_DIR}/ERR16783292_1.fastq.gz	${EQ_READS_DIR}/ERR16783292_2.fastq.gz	ERR16783292	EB18	ERS29439737	ERX16176525	EB18_amp_lib1	PRJEB106069	PRJEB104209				False
EB2	${EQ_READS_DIR}/ERR16783293_1.fastq.gz	${EQ_READS_DIR}/ERR16783293_2.fastq.gz	ERR16783293	EB2	ERS29439738	ERX16176526	EB2_amp_lib1	PRJEB106069	PRJEB104209				False
EB3	${EQ_READS_DIR}/ERR16783294_1.fastq.gz	${EQ_READS_DIR}/ERR16783294_2.fastq.gz	ERR16783294	EB3	ERS29439739	ERX16176527	EB3_amp_lib1	PRJEB106069	PRJEB104209				False
EB4	${EQ_READS_DIR}/ERR16783295_1.fastq.gz	${EQ_READS_DIR}/ERR16783295_2.fastq.gz	ERR16783295	EB4	ERS29439740	ERX16176528	EB4_amp_lib1	PRJEB106069	PRJEB104209				False
EB5	${EQ_READS_DIR}/ERR16783296_1.fastq.gz	${EQ_READS_DIR}/ERR16783296_2.fastq.gz	ERR16783296	EB5	ERS29439741	ERX16176529	EB5_amp_lib1	PRJEB106069	PRJEB104209				False
EB6	${EQ_READS_DIR}/ERR16783297_1.fastq.gz	${EQ_READS_DIR}/ERR16783297_2.fastq.gz	ERR16783297	EB6	ERS29439742	ERX16176530	EB6_amp_lib1	PRJEB106069	PRJEB104209				False
EB7	${EQ_READS_DIR}/ERR16783298_1.fastq.gz	${EQ_READS_DIR}/ERR16783298_2.fastq.gz	ERR16783298	EB7	ERS29439743	ERX16176531	EB7_amp_lib1	PRJEB106069	PRJEB104209				False
EB8	${EQ_READS_DIR}/ERR16783299_1.fastq.gz	${EQ_READS_DIR}/ERR16783299_2.fastq.gz	ERR16783299	EB8	ERS29439744	ERX16176532	EB8_amp_lib1	PRJEB106069	PRJEB104209				False
EB9	${EQ_READS_DIR}/ERR16783300_1.fastq.gz	${EQ_READS_DIR}/ERR16783300_2.fastq.gz	ERR16783300	EB9	ERS29439745	ERX16176533	EB9_amp_lib1	PRJEB106069	PRJEB104209				False
Negative1	${EQ_READS_DIR}/ERR16783301_1.fastq.gz	${EQ_READS_DIR}/ERR16783301_2.fastq.gz	ERR16783301	Negative1	ERS29439746	ERX16176534	Negative1_amp_lib1	PRJEB106069	PRJEB104209				False
Negative2	${EQ_READS_DIR}/ERR16783302_1.fastq.gz	${EQ_READS_DIR}/ERR16783302_2.fastq.gz	ERR16783302	Negative2	ERS29439747	ERX16176535	Negative2_amp_lib1	PRJEB106069	PRJEB104209				False
Negative4	${EQ_READS_DIR}/ERR16783304_1.fastq.gz	${EQ_READS_DIR}/ERR16783304_2.fastq.gz	ERR16783304	Negative4	ERS29439748	ERX16176537	Negative4_amp_lib1	PRJEB106069	PRJEB104209				False
Negative5	${EQ_READS_DIR}/ERR16783305_1.fastq.gz	${EQ_READS_DIR}/ERR16783305_2.fastq.gz	ERR16783305	Negative5	ERS29439749	ERX16176538	Negative5_amp_lib1	PRJEB106069	PRJEB104209				False
Negative6	${EQ_READS_DIR}/ERR16783306_1.fastq.gz	${EQ_READS_DIR}/ERR16783306_2.fastq.gz	ERR16783306	Negative6	ERS29439750	ERX16176539	Negative6_amp_lib1	PRJEB106069	PRJEB104209				False
Negative7	${EQ_READS_DIR}/ERR16783307_1.fastq.gz	${EQ_READS_DIR}/ERR16783307_2.fastq.gz	ERR16783307	Negative7	ERS29439751	ERX16176540	Negative7_amp_lib1	PRJEB106069	PRJEB104209				False
V10Dr1	${EQ_READS_DIR}/ERR16783308_1.fastq.gz	${EQ_READS_DIR}/ERR16783308_2.fastq.gz	ERR16783308	V10Dr1	ERS29439752	ERX16176541	V10Dr1_amp_lib1	PRJEB106069	PRJEB104209	Trip5	Deep	False	True
V10PRr2	${EQ_READS_DIR}/ERR16783309_1.fastq.gz	${EQ_READS_DIR}/ERR16783309_2.fastq.gz	ERR16783309	V10PRr2	ERS29439753	ERX16176542	V10PRr2_amp_lib1	PRJEB106069	PRJEB104209	Trip5	Rhizosphere	False	True
V11Dr3	${EQ_READS_DIR}/ERR16783310_1.fastq.gz	${EQ_READS_DIR}/ERR16783310_2.fastq.gz	ERR16783310	V11Dr3	ERS29439754	ERX16176543	V11Dr3_amp_lib1	PRJEB106069	PRJEB104209	Trip5	Deep	False	True
V11PRr2	${EQ_READS_DIR}/ERR16783311_1.fastq.gz	${EQ_READS_DIR}/ERR16783311_2.fastq.gz	ERR16783311	V11PRr2	ERS29439755	ERX16176544	V11PRr2_amp_lib1	PRJEB106069	PRJEB104209	Trip5	Rhizosphere	False	True
V11PRr3	${EQ_READS_DIR}/ERR16783312_1.fastq.gz	${EQ_READS_DIR}/ERR16783312_2.fastq.gz	ERR16783312	V11PRr3	ERS29439756	ERX16176545	V11PRr3_amp_lib1	PRJEB106069	PRJEB104209	Trip5	Rhizosphere	False	True
V11Sr2	${EQ_READS_DIR}/ERR16783313_1.fastq.gz	${EQ_READS_DIR}/ERR16783313_2.fastq.gz	ERR16783313	V11Sr2	ERS29439757	ERX16176546	V11Sr2_amp_lib1	PRJEB106069	PRJEB104209	Trip5	Surface	False	True
V12Dr3	${EQ_READS_DIR}/ERR16783314_1.fastq.gz	${EQ_READS_DIR}/ERR16783314_2.fastq.gz	ERR16783314	V12Dr3	ERS29439758	ERX16176547	V12Dr3_amp_lib1	PRJEB106069	PRJEB104209	Trip5	Deep	False	True
V12PRr1	${EQ_READS_DIR}/ERR16783315_1.fastq.gz	${EQ_READS_DIR}/ERR16783315_2.fastq.gz	ERR16783315	V12PRr1	ERS29439759	ERX16176548	V12PRr1_amp_lib1	PRJEB106069	PRJEB104209	Trip5	Rhizosphere	False	True
V12PRr2	${EQ_READS_DIR}/ERR16783316_1.fastq.gz	${EQ_READS_DIR}/ERR16783316_2.fastq.gz	ERR16783316	V12PRr2	ERS29439760	ERX16176549	V12PRr2_amp_lib1	PRJEB106069	PRJEB104209	Trip5	Rhizosphere	False	True
V12PRr3	${EQ_READS_DIR}/ERR16783317_1.fastq.gz	${EQ_READS_DIR}/ERR16783317_2.fastq.gz	ERR16783317	V12PRr3	ERS29439761	ERX16176550	V12PRr3_amp_lib1	PRJEB106069	PRJEB104209	Trip5	Rhizosphere	False	True
V12Sr1	${EQ_READS_DIR}/ERR16783318_1.fastq.gz	${EQ_READS_DIR}/ERR16783318_2.fastq.gz	ERR16783318	V12Sr1	ERS29439762	ERX16176551	V12Sr1_amp_lib1	PRJEB106069	PRJEB104209	Trip5	Surface	False	True
V12Sr3	${EQ_READS_DIR}/ERR16783319_1.fastq.gz	${EQ_READS_DIR}/ERR16783319_2.fastq.gz	ERR16783319	V12Sr3	ERS29439763	ERX16176552	V12Sr3_amp_lib1	PRJEB106069	PRJEB104209	Trip5	Surface	False	True
V13PRr1	${EQ_READS_DIR}/ERR16783320_1.fastq.gz	${EQ_READS_DIR}/ERR16783320_2.fastq.gz	ERR16783320	V13PRr1	ERS29439764	ERX16176553	V13PRr1_amp_lib1	PRJEB106069	PRJEB104209	Trip5	Rhizosphere	False	True
V13PRr2	${EQ_READS_DIR}/ERR16783321_1.fastq.gz	${EQ_READS_DIR}/ERR16783321_2.fastq.gz	ERR16783321	V13PRr2	ERS29439765	ERX16176554	V13PRr2_amp_lib1	PRJEB106069	PRJEB104209	Trip5	Rhizosphere	False	True
V13Sr3	${EQ_READS_DIR}/ERR16783322_1.fastq.gz	${EQ_READS_DIR}/ERR16783322_2.fastq.gz	ERR16783322	V13Sr3	ERS29439766	ERX16176555	V13Sr3_amp_lib1	PRJEB106069	PRJEB104209	Trip5	Surface	False	True
V14Dr3	${EQ_READS_DIR}/ERR16783323_1.fastq.gz	${EQ_READS_DIR}/ERR16783323_2.fastq.gz	ERR16783323	V14Dr3	ERS29439767	ERX16176556	V14Dr3_amp_lib1	PRJEB106069	PRJEB104209	Trip5	Deep	False	True
V14PRr1	${EQ_READS_DIR}/ERR16783324_1.fastq.gz	${EQ_READS_DIR}/ERR16783324_2.fastq.gz	ERR16783324	V14PRr1	ERS29439768	ERX16176557	V14PRr1_amp_lib1	PRJEB106069	PRJEB104209	Trip5	Rhizosphere	False	True
V14PRr2	${EQ_READS_DIR}/ERR16783325_1.fastq.gz	${EQ_READS_DIR}/ERR16783325_2.fastq.gz	ERR16783325	V14PRr2	ERS29439769	ERX16176558	V14PRr2_amp_lib1	PRJEB106069	PRJEB104209	Trip5	Rhizosphere	False	True
V14PRr3	${EQ_READS_DIR}/ERR16783326_1.fastq.gz	${EQ_READS_DIR}/ERR16783326_2.fastq.gz	ERR16783326	V14PRr3	ERS29439770	ERX16176559	V14PRr3_amp_lib1	PRJEB106069	PRJEB104209	Trip5	Rhizosphere	False	True
V14Sr1	${EQ_READS_DIR}/ERR16783327_1.fastq.gz	${EQ_READS_DIR}/ERR16783327_2.fastq.gz	ERR16783327	V14Sr1	ERS29439771	ERX16176560	V14Sr1_amp_lib1	PRJEB106069	PRJEB104209	Trip5	Surface	False	True
V15Dr1	${EQ_READS_DIR}/ERR16783328_1.fastq.gz	${EQ_READS_DIR}/ERR16783328_2.fastq.gz	ERR16783328	V15Dr1	ERS29439772	ERX16176561	V15Dr1_amp_lib1	PRJEB106069	PRJEB104209	Trip5	Deep	False	True
V15Dr2	${EQ_READS_DIR}/ERR16783329_1.fastq.gz	${EQ_READS_DIR}/ERR16783329_2.fastq.gz	ERR16783329	V15Dr2	ERS29439773	ERX16176562	V15Dr2_amp_lib1	PRJEB106069	PRJEB104209	Trip5	Deep	False	True
V15Dr3	${EQ_READS_DIR}/ERR16783330_1.fastq.gz	${EQ_READS_DIR}/ERR16783330_2.fastq.gz	ERR16783330	V15Dr3	ERS29439774	ERX16176563	V15Dr3_amp_lib1	PRJEB106069	PRJEB104209	Trip5	Deep	False	True
V15PRr1	${EQ_READS_DIR}/ERR16783331_1.fastq.gz	${EQ_READS_DIR}/ERR16783331_2.fastq.gz	ERR16783331	V15PRr1	ERS29439775	ERX16176564	V15PRr1_amp_lib1	PRJEB106069	PRJEB104209	Trip5	Rhizosphere	False	True
V15PRr2	${EQ_READS_DIR}/ERR16783332_1.fastq.gz	${EQ_READS_DIR}/ERR16783332_2.fastq.gz	ERR16783332	V15PRr2	ERS29439776	ERX16176565	V15PRr2_amp_lib1	PRJEB106069	PRJEB104209	Trip5	Rhizosphere	False	True
V15PRr3	${EQ_READS_DIR}/ERR16783333_1.fastq.gz	${EQ_READS_DIR}/ERR16783333_2.fastq.gz	ERR16783333	V15PRr3	ERS29439777	ERX16176566	V15PRr3_amp_lib1	PRJEB106069	PRJEB104209	Trip5	Rhizosphere	False	True
V15Sr1	${EQ_READS_DIR}/ERR16783334_1.fastq.gz	${EQ_READS_DIR}/ERR16783334_2.fastq.gz	ERR16783334	V15Sr1	ERS29439778	ERX16176567	V15Sr1_amp_lib1	PRJEB106069	PRJEB104209	Trip5	Surface	False	True
V15Sr2	${EQ_READS_DIR}/ERR16783335_1.fastq.gz	${EQ_READS_DIR}/ERR16783335_2.fastq.gz	ERR16783335	V15Sr2	ERS29439779	ERX16176568	V15Sr2_amp_lib1	PRJEB106069	PRJEB104209	Trip5	Surface	False	True
V16Dr1O	${EQ_READS_DIR}/ERR16783336_1.fastq.gz	${EQ_READS_DIR}/ERR16783336_2.fastq.gz	ERR16783336	V16Dr1O	ERS29439780	ERX16176569	V16Dr1O_amp_lib1	PRJEB106069	PRJEB104209				False
V16Dr1T	${EQ_READS_DIR}/ERR16783337_1.fastq.gz	${EQ_READS_DIR}/ERR16783337_2.fastq.gz	ERR16783337	V16Dr1T	ERS29439781	ERX16176570	V16Dr1T_amp_lib1	PRJEB106069	PRJEB104209				False
V16Dr3	${EQ_READS_DIR}/ERR16783338_1.fastq.gz	${EQ_READS_DIR}/ERR16783338_2.fastq.gz	ERR16783338	V16Dr3	ERS29439782	ERX16176571	V16Dr3_amp_lib1	PRJEB106069	PRJEB104209	Trip5	Deep	False	True
V16PRr1	${EQ_READS_DIR}/ERR16783339_1.fastq.gz	${EQ_READS_DIR}/ERR16783339_2.fastq.gz	ERR16783339	V16PRr1	ERS29439783	ERX16176572	V16PRr1_amp_lib1	PRJEB106069	PRJEB104209	Trip5	Rhizosphere	False	True
V16PRr1O	${EQ_READS_DIR}/ERR16783340_1.fastq.gz	${EQ_READS_DIR}/ERR16783340_2.fastq.gz	ERR16783340	V16PRr1O	ERS29439784	ERX16176573	V16PRr1O_amp_lib1	PRJEB106069	PRJEB104209				False
V16PRr1T	${EQ_READS_DIR}/ERR16783341_1.fastq.gz	${EQ_READS_DIR}/ERR16783341_2.fastq.gz	ERR16783341	V16PRr1T	ERS29439785	ERX16176574	V16PRr1T_amp_lib1	PRJEB106069	PRJEB104209				False
V16PRr2	${EQ_READS_DIR}/ERR16783342_1.fastq.gz	${EQ_READS_DIR}/ERR16783342_2.fastq.gz	ERR16783342	V16PRr2	ERS29439786	ERX16176575	V16PRr2_amp_lib1	PRJEB106069	PRJEB104209	Trip5	Rhizosphere	False	True
V16PRr3	${EQ_READS_DIR}/ERR16783343_1.fastq.gz	${EQ_READS_DIR}/ERR16783343_2.fastq.gz	ERR16783343	V16PRr3	ERS29439787	ERX16176576	V16PRr3_amp_lib1	PRJEB106069	PRJEB104209	Trip5	Rhizosphere	False	True
V16Sr1O	${EQ_READS_DIR}/ERR16783344_1.fastq.gz	${EQ_READS_DIR}/ERR16783344_2.fastq.gz	ERR16783344	V16Sr1O	ERS29439788	ERX16176577	V16Sr1O_amp_lib1	PRJEB106069	PRJEB104209				False
V17Dr1	${EQ_READS_DIR}/ERR16783345_1.fastq.gz	${EQ_READS_DIR}/ERR16783345_2.fastq.gz	ERR16783345	V17Dr1	ERS29439789	ERX16176578	V17Dr1_amp_lib1	PRJEB106069	PRJEB104209	Trip5	Deep	False	True
V17Dr2	${EQ_READS_DIR}/ERR16783346_1.fastq.gz	${EQ_READS_DIR}/ERR16783346_2.fastq.gz	ERR16783346	V17Dr2	ERS29439790	ERX16176579	V17Dr2_amp_lib1	PRJEB106069	PRJEB104209	Trip5	Deep	False	True
V17PRr1	${EQ_READS_DIR}/ERR16783347_1.fastq.gz	${EQ_READS_DIR}/ERR16783347_2.fastq.gz	ERR16783347	V17PRr1	ERS29439791	ERX16176580	V17PRr1_amp_lib1	PRJEB106069	PRJEB104209	Trip5	Rhizosphere	False	True
V17PRr2	${EQ_READS_DIR}/ERR16783348_1.fastq.gz	${EQ_READS_DIR}/ERR16783348_2.fastq.gz	ERR16783348	V17PRr2	ERS29439792	ERX16176581	V17PRr2_amp_lib1	PRJEB106069	PRJEB104209	Trip5	Rhizosphere	False	True
V17PRr3	${EQ_READS_DIR}/ERR16783349_1.fastq.gz	${EQ_READS_DIR}/ERR16783349_2.fastq.gz	ERR16783349	V17PRr3	ERS29439793	ERX16176582	V17PRr3_amp_lib1	PRJEB106069	PRJEB104209	Trip5	Rhizosphere	False	True
V18PRr2	${EQ_READS_DIR}/ERR16783350_1.fastq.gz	${EQ_READS_DIR}/ERR16783350_2.fastq.gz	ERR16783350	V18PRr2	ERS29439794	ERX16176583	V18PRr2_amp_lib1	PRJEB106069	PRJEB104209	Trip5	Rhizosphere	False	True
V18PRr3	${EQ_READS_DIR}/ERR16783351_1.fastq.gz	${EQ_READS_DIR}/ERR16783351_2.fastq.gz	ERR16783351	V18PRr3	ERS29439795	ERX16176584	V18PRr3_amp_lib1	PRJEB106069	PRJEB104209	Trip5	Rhizosphere	False	True
V19Dr2	${EQ_READS_DIR}/ERR16783352_1.fastq.gz	${EQ_READS_DIR}/ERR16783352_2.fastq.gz	ERR16783352	V19Dr2	ERS29439796	ERX16176585	V19Dr2_amp_lib1	PRJEB106069	PRJEB104209	Trip5	Deep	False	True
V19Dr3	${EQ_READS_DIR}/ERR16783353_1.fastq.gz	${EQ_READS_DIR}/ERR16783353_2.fastq.gz	ERR16783353	V19Dr3	ERS29439797	ERX16176586	V19Dr3_amp_lib1	PRJEB106069	PRJEB104209	Trip5	Deep	False	True
V19PRr1	${EQ_READS_DIR}/ERR16783354_1.fastq.gz	${EQ_READS_DIR}/ERR16783354_2.fastq.gz	ERR16783354	V19PRr1	ERS29439798	ERX16176587	V19PRr1_amp_lib1	PRJEB106069	PRJEB104209	Trip5	Rhizosphere	False	True
V19PRr2	${EQ_READS_DIR}/ERR16783355_1.fastq.gz	${EQ_READS_DIR}/ERR16783355_2.fastq.gz	ERR16783355	V19PRr2	ERS29439799	ERX16176588	V19PRr2_amp_lib1	PRJEB106069	PRJEB104209	Trip5	Rhizosphere	False	True
V19PRr3	${EQ_READS_DIR}/ERR16783356_1.fastq.gz	${EQ_READS_DIR}/ERR16783356_2.fastq.gz	ERR16783356	V19PRr3	ERS29439800	ERX16176589	V19PRr3_amp_lib1	PRJEB106069	PRJEB104209	Trip5	Rhizosphere	False	True
V19Sr3	${EQ_READS_DIR}/ERR16783357_1.fastq.gz	${EQ_READS_DIR}/ERR16783357_2.fastq.gz	ERR16783357	V19Sr3	ERS29439801	ERX16176590	V19Sr3_amp_lib1	PRJEB106069	PRJEB104209	Trip5	Surface	False	True
V1Dr1	${EQ_READS_DIR}/ERR16783358_1.fastq.gz	${EQ_READS_DIR}/ERR16783358_2.fastq.gz	ERR16783358	V1Dr1	ERS29439802	ERX16176591	V1Dr1_amp_lib1	PRJEB106069	PRJEB104209	Trip5	Deep	False	True
V1Dr3	${EQ_READS_DIR}/ERR16783359_1.fastq.gz	${EQ_READS_DIR}/ERR16783359_2.fastq.gz	ERR16783359	V1Dr3	ERS29439803	ERX16176592	V1Dr3_amp_lib1	PRJEB106069	PRJEB104209	Trip5	Deep	False	True
V1PRr1	${EQ_READS_DIR}/ERR16783360_1.fastq.gz	${EQ_READS_DIR}/ERR16783360_2.fastq.gz	ERR16783360	V1PRr1	ERS29439804	ERX16176593	V1PRr1_amp_lib1	PRJEB106069	PRJEB104209	Trip5	Rhizosphere	False	True
V1PRr2	${EQ_READS_DIR}/ERR16783361_1.fastq.gz	${EQ_READS_DIR}/ERR16783361_2.fastq.gz	ERR16783361	V1PRr2	ERS29439805	ERX16176594	V1PRr2_amp_lib1	PRJEB106069	PRJEB104209	Trip5	Rhizosphere	False	True
V1PRr3	${EQ_READS_DIR}/ERR16783362_1.fastq.gz	${EQ_READS_DIR}/ERR16783362_2.fastq.gz	ERR16783362	V1PRr3	ERS29439806	ERX16176595	V1PRr3_amp_lib1	PRJEB106069	PRJEB104209	Trip5	Rhizosphere	False	True
V20PRr1	${EQ_READS_DIR}/ERR16783363_1.fastq.gz	${EQ_READS_DIR}/ERR16783363_2.fastq.gz	ERR16783363	V20PRr1	ERS29439807	ERX16176596	V20PRr1_amp_lib1	PRJEB106069	PRJEB104209	Trip5	Rhizosphere	False	True
V20PRr2	${EQ_READS_DIR}/ERR16783364_1.fastq.gz	${EQ_READS_DIR}/ERR16783364_2.fastq.gz	ERR16783364	V20PRr2	ERS29439808	ERX16176597	V20PRr2_amp_lib1	PRJEB106069	PRJEB104209	Trip5	Rhizosphere	False	True
V20PRr3	${EQ_READS_DIR}/ERR16783365_1.fastq.gz	${EQ_READS_DIR}/ERR16783365_2.fastq.gz	ERR16783365	V20PRr3	ERS29439809	ERX16176598	V20PRr3_amp_lib1	PRJEB106069	PRJEB104209	Trip5	Rhizosphere	False	True
V20Sr2	${EQ_READS_DIR}/ERR16783366_1.fastq.gz	${EQ_READS_DIR}/ERR16783366_2.fastq.gz	ERR16783366	V20Sr2	ERS29439810	ERX16176599	V20Sr2_amp_lib1	PRJEB106069	PRJEB104209	Trip5	Surface	False	True
V21Dr1	${EQ_READS_DIR}/ERR16783367_1.fastq.gz	${EQ_READS_DIR}/ERR16783367_2.fastq.gz	ERR16783367	V21Dr1	ERS29439811	ERX16176600	V21Dr1_amp_lib1	PRJEB106069	PRJEB104209	Trip5	Deep	False	True
V21Dr2	${EQ_READS_DIR}/ERR16783368_1.fastq.gz	${EQ_READS_DIR}/ERR16783368_2.fastq.gz	ERR16783368	V21Dr2	ERS29439812	ERX16176601	V21Dr2_amp_lib1	PRJEB106069	PRJEB104209	Trip5	Deep	False	True
V21PRr1	${EQ_READS_DIR}/ERR16783369_1.fastq.gz	${EQ_READS_DIR}/ERR16783369_2.fastq.gz	ERR16783369	V21PRr1	ERS29439813	ERX16176602	V21PRr1_amp_lib1	PRJEB106069	PRJEB104209	Trip5	Rhizosphere	False	True
V21PRr1RE	${EQ_READS_DIR}/ERR16783370_1.fastq.gz	${EQ_READS_DIR}/ERR16783370_2.fastq.gz	ERR16783370	V21PRr1RE	ERS29439814	ERX16176603	V21PRr1RE_amp_lib1	PRJEB106069	PRJEB104209				False
V21PRr2	${EQ_READS_DIR}/ERR16783371_1.fastq.gz	${EQ_READS_DIR}/ERR16783371_2.fastq.gz	ERR16783371	V21PRr2	ERS29439815	ERX16176604	V21PRr2_amp_lib1	PRJEB106069	PRJEB104209	Trip5	Rhizosphere	False	True
V21PRr2RE	${EQ_READS_DIR}/ERR16783372_1.fastq.gz	${EQ_READS_DIR}/ERR16783372_2.fastq.gz	ERR16783372	V21PRr2RE	ERS29439816	ERX16176605	V21PRr2RE_amp_lib1	PRJEB106069	PRJEB104209				False
V21PRr3	${EQ_READS_DIR}/ERR16783373_1.fastq.gz	${EQ_READS_DIR}/ERR16783373_2.fastq.gz	ERR16783373	V21PRr3	ERS29439817	ERX16176606	V21PRr3_amp_lib1	PRJEB106069	PRJEB104209	Trip5	Rhizosphere	False	True
V21PRr3RE	${EQ_READS_DIR}/ERR16783374_1.fastq.gz	${EQ_READS_DIR}/ERR16783374_2.fastq.gz	ERR16783374	V21PRr3RE	ERS29439818	ERX16176607	V21PRr3RE_amp_lib1	PRJEB106069	PRJEB104209				False
V21Sr3	${EQ_READS_DIR}/ERR16783375_1.fastq.gz	${EQ_READS_DIR}/ERR16783375_2.fastq.gz	ERR16783375	V21Sr3	ERS29439819	ERX16176608	V21Sr3_amp_lib1	PRJEB106069	PRJEB104209	Trip5	Surface	False	True
V22PRr2	${EQ_READS_DIR}/ERR16783376_1.fastq.gz	${EQ_READS_DIR}/ERR16783376_2.fastq.gz	ERR16783376	V22PRr2	ERS29439820	ERX16176609	V22PRr2_amp_lib1	PRJEB106069	PRJEB104209	Trip5	Rhizosphere	False	True
V23Dr1	${EQ_READS_DIR}/ERR16783377_1.fastq.gz	${EQ_READS_DIR}/ERR16783377_2.fastq.gz	ERR16783377	V23Dr1	ERS29439821	ERX16176610	V23Dr1_amp_lib1	PRJEB106069	PRJEB104209	Trip5	Deep	False	True
V23PRr1	${EQ_READS_DIR}/ERR16783378_1.fastq.gz	${EQ_READS_DIR}/ERR16783378_2.fastq.gz	ERR16783378	V23PRr1	ERS29439822	ERX16176611	V23PRr1_amp_lib1	PRJEB106069	PRJEB104209	Trip5	Rhizosphere	False	True
V23PRr2	${EQ_READS_DIR}/ERR16783379_1.fastq.gz	${EQ_READS_DIR}/ERR16783379_2.fastq.gz	ERR16783379	V23PRr2	ERS29439823	ERX16176612	V23PRr2_amp_lib1	PRJEB106069	PRJEB104209	Trip5	Rhizosphere	False	True
V24Dr1	${EQ_READS_DIR}/ERR16783380_1.fastq.gz	${EQ_READS_DIR}/ERR16783380_2.fastq.gz	ERR16783380	V24Dr1	ERS29439824	ERX16176613	V24Dr1_amp_lib1	PRJEB106069	PRJEB104209	Trip5	Deep	False	True
V24PRr1	${EQ_READS_DIR}/ERR16783381_1.fastq.gz	${EQ_READS_DIR}/ERR16783381_2.fastq.gz	ERR16783381	V24PRr1	ERS29439825	ERX16176614	V24PRr1_amp_lib1	PRJEB106069	PRJEB104209	Trip5	Rhizosphere	False	True
V24PRr3	${EQ_READS_DIR}/ERR16783382_1.fastq.gz	${EQ_READS_DIR}/ERR16783382_2.fastq.gz	ERR16783382	V24PRr3	ERS29439826	ERX16176615	V24PRr3_amp_lib1	PRJEB106069	PRJEB104209	Trip5	Rhizosphere	False	True
V25Dr3	${EQ_READS_DIR}/ERR16783383_1.fastq.gz	${EQ_READS_DIR}/ERR16783383_2.fastq.gz	ERR16783383	V25Dr3	ERS29439827	ERX16176616	V25Dr3_amp_lib1	PRJEB106069	PRJEB104209	Trip5	Deep	False	True
V25PRr1	${EQ_READS_DIR}/ERR16783384_1.fastq.gz	${EQ_READS_DIR}/ERR16783384_2.fastq.gz	ERR16783384	V25PRr1	ERS29439828	ERX16176617	V25PRr1_amp_lib1	PRJEB106069	PRJEB104209	Trip5	Rhizosphere	False	True
V25PRr2	${EQ_READS_DIR}/ERR16783385_1.fastq.gz	${EQ_READS_DIR}/ERR16783385_2.fastq.gz	ERR16783385	V25PRr2	ERS29439829	ERX16176618	V25PRr2_amp_lib1	PRJEB106069	PRJEB104209	Trip5	Rhizosphere	False	True
V25PRr3	${EQ_READS_DIR}/ERR16783386_1.fastq.gz	${EQ_READS_DIR}/ERR16783386_2.fastq.gz	ERR16783386	V25PRr3	ERS29439830	ERX16176619	V25PRr3_amp_lib1	PRJEB106069	PRJEB104209	Trip5	Rhizosphere	False	True
V25Sr2	${EQ_READS_DIR}/ERR16783387_1.fastq.gz	${EQ_READS_DIR}/ERR16783387_2.fastq.gz	ERR16783387	V25Sr2	ERS29439831	ERX16176620	V25Sr2_amp_lib1	PRJEB106069	PRJEB104209	Trip5	Surface	False	True
V25Sr3	${EQ_READS_DIR}/ERR16783388_1.fastq.gz	${EQ_READS_DIR}/ERR16783388_2.fastq.gz	ERR16783388	V25Sr3	ERS29439832	ERX16176621	V25Sr3_amp_lib1	PRJEB106069	PRJEB104209	Trip5	Surface	False	True
V26Dr2	${EQ_READS_DIR}/ERR16783389_1.fastq.gz	${EQ_READS_DIR}/ERR16783389_2.fastq.gz	ERR16783389	V26Dr2	ERS29439833	ERX16176622	V26Dr2_amp_lib1	PRJEB106069	PRJEB104209	Trip5	Deep	False	True
V26Dr3	${EQ_READS_DIR}/ERR16783390_1.fastq.gz	${EQ_READS_DIR}/ERR16783390_2.fastq.gz	ERR16783390	V26Dr3	ERS29439834	ERX16176623	V26Dr3_amp_lib1	PRJEB106069	PRJEB104209	Trip5	Deep	False	True
V26PRr1	${EQ_READS_DIR}/ERR16783391_1.fastq.gz	${EQ_READS_DIR}/ERR16783391_2.fastq.gz	ERR16783391	V26PRr1	ERS29439835	ERX16176624	V26PRr1_amp_lib1	PRJEB106069	PRJEB104209	Trip5	Rhizosphere	False	True
V26PRr2	${EQ_READS_DIR}/ERR16783392_1.fastq.gz	${EQ_READS_DIR}/ERR16783392_2.fastq.gz	ERR16783392	V26PRr2	ERS29439836	ERX16176625	V26PRr2_amp_lib1	PRJEB106069	PRJEB104209	Trip5	Rhizosphere	False	True
V26Sr2	${EQ_READS_DIR}/ERR16783393_1.fastq.gz	${EQ_READS_DIR}/ERR16783393_2.fastq.gz	ERR16783393	V26Sr2	ERS29439837	ERX16176626	V26Sr2_amp_lib1	PRJEB106069	PRJEB104209	Trip5	Surface	False	True
V27Dr2	${EQ_READS_DIR}/ERR16783394_1.fastq.gz	${EQ_READS_DIR}/ERR16783394_2.fastq.gz	ERR16783394	V27Dr2	ERS29439838	ERX16176627	V27Dr2_amp_lib1	PRJEB106069	PRJEB104209	Trip5	Deep	False	True
V27Dr3	${EQ_READS_DIR}/ERR16783395_1.fastq.gz	${EQ_READS_DIR}/ERR16783395_2.fastq.gz	ERR16783395	V27Dr3	ERS29439839	ERX16176628	V27Dr3_amp_lib1	PRJEB106069	PRJEB104209	Trip5	Deep	False	True
V27PRr1	${EQ_READS_DIR}/ERR16783396_1.fastq.gz	${EQ_READS_DIR}/ERR16783396_2.fastq.gz	ERR16783396	V27PRr1	ERS29439840	ERX16176629	V27PRr1_amp_lib1	PRJEB106069	PRJEB104209	Trip5	Rhizosphere	False	True
V27PRr2	${EQ_READS_DIR}/ERR16783397_1.fastq.gz	${EQ_READS_DIR}/ERR16783397_2.fastq.gz	ERR16783397	V27PRr2	ERS29439841	ERX16176630	V27PRr2_amp_lib1	PRJEB106069	PRJEB104209	Trip5	Rhizosphere	False	True
V27PRr3	${EQ_READS_DIR}/ERR16783398_1.fastq.gz	${EQ_READS_DIR}/ERR16783398_2.fastq.gz	ERR16783398	V27PRr3	ERS29439842	ERX16176631	V27PRr3_amp_lib1	PRJEB106069	PRJEB104209	Trip5	Rhizosphere	False	True
V28Dr1	${EQ_READS_DIR}/ERR16783399_1.fastq.gz	${EQ_READS_DIR}/ERR16783399_2.fastq.gz	ERR16783399	V28Dr1	ERS29439843	ERX16176632	V28Dr1_amp_lib1	PRJEB106069	PRJEB104209	Trip5	Deep	False	True
V28Dr3	${EQ_READS_DIR}/ERR16783400_1.fastq.gz	${EQ_READS_DIR}/ERR16783400_2.fastq.gz	ERR16783400	V28Dr3	ERS29439844	ERX16176633	V28Dr3_amp_lib1	PRJEB106069	PRJEB104209	Trip5	Deep	False	True
V28PRr1	${EQ_READS_DIR}/ERR16783401_1.fastq.gz	${EQ_READS_DIR}/ERR16783401_2.fastq.gz	ERR16783401	V28PRr1	ERS29439845	ERX16176634	V28PRr1_amp_lib1	PRJEB106069	PRJEB104209	Trip5	Rhizosphere	False	True
V28PRr2	${EQ_READS_DIR}/ERR16783402_1.fastq.gz	${EQ_READS_DIR}/ERR16783402_2.fastq.gz	ERR16783402	V28PRr2	ERS29439846	ERX16176635	V28PRr2_amp_lib1	PRJEB106069	PRJEB104209	Trip5	Rhizosphere	False	True
V28PRr3	${EQ_READS_DIR}/ERR16783403_1.fastq.gz	${EQ_READS_DIR}/ERR16783403_2.fastq.gz	ERR16783403	V28PRr3	ERS29439847	ERX16176636	V28PRr3_amp_lib1	PRJEB106069	PRJEB104209	Trip5	Rhizosphere	False	True
V29PRr2	${EQ_READS_DIR}/ERR16783405_1.fastq.gz	${EQ_READS_DIR}/ERR16783405_2.fastq.gz	ERR16783405	V29PRr2	ERS29439848	ERX16176638	V29PRr2_amp_lib1	PRJEB106069	PRJEB104209	Trip5	Rhizosphere	False	True
V29PRr3	${EQ_READS_DIR}/ERR16783406_1.fastq.gz	${EQ_READS_DIR}/ERR16783406_2.fastq.gz	ERR16783406	V29PRr3	ERS29439849	ERX16176639	V29PRr3_amp_lib1	PRJEB106069	PRJEB104209	Trip5	Rhizosphere	False	True
V2Dr1	${EQ_READS_DIR}/ERR16783407_1.fastq.gz	${EQ_READS_DIR}/ERR16783407_2.fastq.gz	ERR16783407	V2Dr1	ERS29439850	ERX16176640	V2Dr1_amp_lib1	PRJEB106069	PRJEB104209	Trip5	Deep	False	True
V2Dr2	${EQ_READS_DIR}/ERR16783408_1.fastq.gz	${EQ_READS_DIR}/ERR16783408_2.fastq.gz	ERR16783408	V2Dr2	ERS29439851	ERX16176641	V2Dr2_amp_lib1	PRJEB106069	PRJEB104209	Trip5	Deep	False	True
V2PRr1	${EQ_READS_DIR}/ERR16783409_1.fastq.gz	${EQ_READS_DIR}/ERR16783409_2.fastq.gz	ERR16783409	V2PRr1	ERS29439852	ERX16176642	V2PRr1_amp_lib1	PRJEB106069	PRJEB104209	Trip5	Rhizosphere	False	True
V2PRr2	${EQ_READS_DIR}/ERR16783410_1.fastq.gz	${EQ_READS_DIR}/ERR16783410_2.fastq.gz	ERR16783410	V2PRr2	ERS29439853	ERX16176643	V2PRr2_amp_lib1	PRJEB106069	PRJEB104209	Trip5	Rhizosphere	False	True
V2PRr3	${EQ_READS_DIR}/ERR16783411_1.fastq.gz	${EQ_READS_DIR}/ERR16783411_2.fastq.gz	ERR16783411	V2PRr3	ERS29439854	ERX16176644	V2PRr3_amp_lib1	PRJEB106069	PRJEB104209	Trip5	Rhizosphere	False	True
V2Sr1	${EQ_READS_DIR}/ERR16783412_1.fastq.gz	${EQ_READS_DIR}/ERR16783412_2.fastq.gz	ERR16783412	V2Sr1	ERS29439855	ERX16176645	V2Sr1_amp_lib1	PRJEB106069	PRJEB104209	Trip5	Surface	False	True
V2Sr2	${EQ_READS_DIR}/ERR16783413_1.fastq.gz	${EQ_READS_DIR}/ERR16783413_2.fastq.gz	ERR16783413	V2Sr2	ERS29439856	ERX16176646	V2Sr2_amp_lib1	PRJEB106069	PRJEB104209	Trip5	Surface	False	True
V30PRr1	${EQ_READS_DIR}/ERR16783414_1.fastq.gz	${EQ_READS_DIR}/ERR16783414_2.fastq.gz	ERR16783414	V30PRr1	ERS29439857	ERX16176647	V30PRr1_amp_lib1	PRJEB106069	PRJEB104209	Trip5	Rhizosphere	False	True
V30PRr2	${EQ_READS_DIR}/ERR16783415_1.fastq.gz	${EQ_READS_DIR}/ERR16783415_2.fastq.gz	ERR16783415	V30PRr2	ERS29439858	ERX16176648	V30PRr2_amp_lib1	PRJEB106069	PRJEB104209	Trip5	Rhizosphere	False	True
V30PRr3	${EQ_READS_DIR}/ERR16783416_1.fastq.gz	${EQ_READS_DIR}/ERR16783416_2.fastq.gz	ERR16783416	V30PRr3	ERS29439859	ERX16176649	V30PRr3_amp_lib1	PRJEB106069	PRJEB104209	Trip5	Rhizosphere	False	True
V30Sr2	${EQ_READS_DIR}/ERR16783417_1.fastq.gz	${EQ_READS_DIR}/ERR16783417_2.fastq.gz	ERR16783417	V30Sr2	ERS29439860	ERX16176650	V30Sr2_amp_lib1	PRJEB106069	PRJEB104209	Trip5	Surface	False	True
V31Dr1	${EQ_READS_DIR}/ERR16783418_1.fastq.gz	${EQ_READS_DIR}/ERR16783418_2.fastq.gz	ERR16783418	V31Dr1	ERS29439861	ERX16176651	V31Dr1_amp_lib1	PRJEB106069	PRJEB104209	Trip5	Deep	False	True
V31Dr3	${EQ_READS_DIR}/ERR16783419_1.fastq.gz	${EQ_READS_DIR}/ERR16783419_2.fastq.gz	ERR16783419	V31Dr3	ERS29439862	ERX16176652	V31Dr3_amp_lib1	PRJEB106069	PRJEB104209	Trip5	Deep	False	True
V32PRr1	${EQ_READS_DIR}/ERR16783420_1.fastq.gz	${EQ_READS_DIR}/ERR16783420_2.fastq.gz	ERR16783420	V32PRr1	ERS29439863	ERX16176653	V32PRr1_amp_lib1	PRJEB106069	PRJEB104209	Trip5	Rhizosphere	False	True
V32PRr2	${EQ_READS_DIR}/ERR16783421_1.fastq.gz	${EQ_READS_DIR}/ERR16783421_2.fastq.gz	ERR16783421	V32PRr2	ERS29439864	ERX16176654	V32PRr2_amp_lib1	PRJEB106069	PRJEB104209	Trip5	Rhizosphere	False	True
V32PRr3	${EQ_READS_DIR}/ERR16783422_1.fastq.gz	${EQ_READS_DIR}/ERR16783422_2.fastq.gz	ERR16783422	V32PRr3	ERS29439865	ERX16176655	V32PRr3_amp_lib1	PRJEB106069	PRJEB104209	Trip5	Rhizosphere	False	True
V33PRr1	${EQ_READS_DIR}/ERR16783423_1.fastq.gz	${EQ_READS_DIR}/ERR16783423_2.fastq.gz	ERR16783423	V33PRr1	ERS29439866	ERX16176656	V33PRr1_amp_lib1	PRJEB106069	PRJEB104209	Trip5	Rhizosphere	False	True
V33PRr2	${EQ_READS_DIR}/ERR16783424_1.fastq.gz	${EQ_READS_DIR}/ERR16783424_2.fastq.gz	ERR16783424	V33PRr2	ERS29439867	ERX16176657	V33PRr2_amp_lib1	PRJEB106069	PRJEB104209	Trip5	Rhizosphere	False	True
V33PRr3	${EQ_READS_DIR}/ERR16783425_1.fastq.gz	${EQ_READS_DIR}/ERR16783425_2.fastq.gz	ERR16783425	V33PRr3	ERS29439868	ERX16176658	V33PRr3_amp_lib1	PRJEB106069	PRJEB104209	Trip5	Rhizosphere	False	True
V34Dr2	${EQ_READS_DIR}/ERR16783426_1.fastq.gz	${EQ_READS_DIR}/ERR16783426_2.fastq.gz	ERR16783426	V34Dr2	ERS29439869	ERX16176659	V34Dr2_amp_lib1	PRJEB106069	PRJEB104209	Trip5	Deep	False	True
V34PRr1	${EQ_READS_DIR}/ERR16783427_1.fastq.gz	${EQ_READS_DIR}/ERR16783427_2.fastq.gz	ERR16783427	V34PRr1	ERS29439870	ERX16176660	V34PRr1_amp_lib1	PRJEB106069	PRJEB104209	Trip5	Rhizosphere	False	True
V34PRr2	${EQ_READS_DIR}/ERR16783428_1.fastq.gz	${EQ_READS_DIR}/ERR16783428_2.fastq.gz	ERR16783428	V34PRr2	ERS29439871	ERX16176661	V34PRr2_amp_lib1	PRJEB106069	PRJEB104209	Trip5	Rhizosphere	False	True
V34PRr3	${EQ_READS_DIR}/ERR16783429_1.fastq.gz	${EQ_READS_DIR}/ERR16783429_2.fastq.gz	ERR16783429	V34PRr3	ERS29439872	ERX16176662	V34PRr3_amp_lib1	PRJEB106069	PRJEB104209	Trip5	Rhizosphere	False	True
V35Dr1	${EQ_READS_DIR}/ERR16783430_1.fastq.gz	${EQ_READS_DIR}/ERR16783430_2.fastq.gz	ERR16783430	V35Dr1	ERS29439873	ERX16176663	V35Dr1_amp_lib1	PRJEB106069	PRJEB104209	Trip5	Deep	False	True
V35PRr1	${EQ_READS_DIR}/ERR16783431_1.fastq.gz	${EQ_READS_DIR}/ERR16783431_2.fastq.gz	ERR16783431	V35PRr1	ERS29439874	ERX16176664	V35PRr1_amp_lib1	PRJEB106069	PRJEB104209	Trip5	Rhizosphere	False	True
V35PRr2	${EQ_READS_DIR}/ERR16783432_1.fastq.gz	${EQ_READS_DIR}/ERR16783432_2.fastq.gz	ERR16783432	V35PRr2	ERS29439875	ERX16176665	V35PRr2_amp_lib1	PRJEB106069	PRJEB104209	Trip5	Rhizosphere	False	True
V35PRr3	${EQ_READS_DIR}/ERR16783433_1.fastq.gz	${EQ_READS_DIR}/ERR16783433_2.fastq.gz	ERR16783433	V35PRr3	ERS29439876	ERX16176666	V35PRr3_amp_lib1	PRJEB106069	PRJEB104209	Trip5	Rhizosphere	False	True
V35PRr3R	${EQ_READS_DIR}/ERR16783434_1.fastq.gz	${EQ_READS_DIR}/ERR16783434_2.fastq.gz	ERR16783434	V35PRr3R	ERS29439877	ERX16176667	V35PRr3R_amp_lib1	PRJEB106069	PRJEB104209				False
V37Dr1	${EQ_READS_DIR}/ERR16783435_1.fastq.gz	${EQ_READS_DIR}/ERR16783435_2.fastq.gz	ERR16783435	V37Dr1	ERS29439878	ERX16176668	V37Dr1_amp_lib1	PRJEB106069	PRJEB104209	Trip5	Deep	False	True
V37PRr2	${EQ_READS_DIR}/ERR16783436_1.fastq.gz	${EQ_READS_DIR}/ERR16783436_2.fastq.gz	ERR16783436	V37PRr2	ERS29439879	ERX16176669	V37PRr2_amp_lib1	PRJEB106069	PRJEB104209	Trip5	Rhizosphere	False	True
V37PRr3	${EQ_READS_DIR}/ERR16783437_1.fastq.gz	${EQ_READS_DIR}/ERR16783437_2.fastq.gz	ERR16783437	V37PRr3	ERS29439880	ERX16176670	V37PRr3_amp_lib1	PRJEB106069	PRJEB104209	Trip5	Rhizosphere	False	True
V38PRr3	${EQ_READS_DIR}/ERR16783438_1.fastq.gz	${EQ_READS_DIR}/ERR16783438_2.fastq.gz	ERR16783438	V38PRr3	ERS29439881	ERX16176671	V38PRr3_amp_lib1	PRJEB106069	PRJEB104209	Trip5	Rhizosphere	False	True
V38Sr2	${EQ_READS_DIR}/ERR16783439_1.fastq.gz	${EQ_READS_DIR}/ERR16783439_2.fastq.gz	ERR16783439	V38Sr2	ERS29439882	ERX16176672	V38Sr2_amp_lib1	PRJEB106069	PRJEB104209	Trip5	Surface	False	True
V39Dr1	${EQ_READS_DIR}/ERR16783440_1.fastq.gz	${EQ_READS_DIR}/ERR16783440_2.fastq.gz	ERR16783440	V39Dr1	ERS29439883	ERX16176673	V39Dr1_amp_lib1	PRJEB106069	PRJEB104209	Trip5	Deep	False	True
V39Dr3	${EQ_READS_DIR}/ERR16783441_1.fastq.gz	${EQ_READS_DIR}/ERR16783441_2.fastq.gz	ERR16783441	V39Dr3	ERS29439884	ERX16176674	V39Dr3_amp_lib1	PRJEB106069	PRJEB104209	Trip5	Deep	False	True
V39PRr1	${EQ_READS_DIR}/ERR16783442_1.fastq.gz	${EQ_READS_DIR}/ERR16783442_2.fastq.gz	ERR16783442	V39PRr1	ERS29439885	ERX16176675	V39PRr1_amp_lib1	PRJEB106069	PRJEB104209	Trip5	Rhizosphere	False	True
V39PRr2	${EQ_READS_DIR}/ERR16783443_1.fastq.gz	${EQ_READS_DIR}/ERR16783443_2.fastq.gz	ERR16783443	V39PRr2	ERS29439886	ERX16176676	V39PRr2_amp_lib1	PRJEB106069	PRJEB104209	Trip5	Rhizosphere	False	True
V39PRr3	${EQ_READS_DIR}/ERR16783444_1.fastq.gz	${EQ_READS_DIR}/ERR16783444_2.fastq.gz	ERR16783444	V39PRr3	ERS29439887	ERX16176677	V39PRr3_amp_lib1	PRJEB106069	PRJEB104209	Trip5	Rhizosphere	False	True
V39Sr2	${EQ_READS_DIR}/ERR16783445_1.fastq.gz	${EQ_READS_DIR}/ERR16783445_2.fastq.gz	ERR16783445	V39Sr2	ERS29439888	ERX16176678	V39Sr2_amp_lib1	PRJEB106069	PRJEB104209	Trip5	Surface	False	True
V3PRr1	${EQ_READS_DIR}/ERR16783446_1.fastq.gz	${EQ_READS_DIR}/ERR16783446_2.fastq.gz	ERR16783446	V3PRr1	ERS29439889	ERX16176679	V3PRr1_amp_lib1	PRJEB106069	PRJEB104209	Trip5	Rhizosphere	False	True
V3PRr2	${EQ_READS_DIR}/ERR16783447_1.fastq.gz	${EQ_READS_DIR}/ERR16783447_2.fastq.gz	ERR16783447	V3PRr2	ERS29439890	ERX16176680	V3PRr2_amp_lib1	PRJEB106069	PRJEB104209	Trip5	Rhizosphere	False	True
V3PRr3	${EQ_READS_DIR}/ERR16783448_1.fastq.gz	${EQ_READS_DIR}/ERR16783448_2.fastq.gz	ERR16783448	V3PRr3	ERS29439891	ERX16176681	V3PRr3_amp_lib1	PRJEB106069	PRJEB104209	Trip5	Rhizosphere	False	True
V40Dr1	${EQ_READS_DIR}/ERR16783449_1.fastq.gz	${EQ_READS_DIR}/ERR16783449_2.fastq.gz	ERR16783449	V40Dr1	ERS29439892	ERX16176682	V40Dr1_amp_lib1	PRJEB106069	PRJEB104209	Trip5	Deep	False	True
V40PRr1	${EQ_READS_DIR}/ERR16783450_1.fastq.gz	${EQ_READS_DIR}/ERR16783450_2.fastq.gz	ERR16783450	V40PRr1	ERS29439893	ERX16176683	V40PRr1_amp_lib1	PRJEB106069	PRJEB104209	Trip5	Rhizosphere	False	True
V40PRr2	${EQ_READS_DIR}/ERR16783451_1.fastq.gz	${EQ_READS_DIR}/ERR16783451_2.fastq.gz	ERR16783451	V40PRr2	ERS29439894	ERX16176684	V40PRr2_amp_lib1	PRJEB106069	PRJEB104209	Trip5	Rhizosphere	False	True
V40PRr3	${EQ_READS_DIR}/ERR16783452_1.fastq.gz	${EQ_READS_DIR}/ERR16783452_2.fastq.gz	ERR16783452	V40PRr3	ERS29439895	ERX16176685	V40PRr3_amp_lib1	PRJEB106069	PRJEB104209	Trip5	Rhizosphere	False	True
V40Sr3	${EQ_READS_DIR}/ERR16783453_1.fastq.gz	${EQ_READS_DIR}/ERR16783453_2.fastq.gz	ERR16783453	V40Sr3	ERS29439896	ERX16176686	V40Sr3_amp_lib1	PRJEB106069	PRJEB104209	Trip5	Surface	False	True
V41Dr3	${EQ_READS_DIR}/ERR16783454_1.fastq.gz	${EQ_READS_DIR}/ERR16783454_2.fastq.gz	ERR16783454	V41Dr3	ERS29439897	ERX16176687	V41Dr3_amp_lib1	PRJEB106069	PRJEB104209	Trip5	Deep	False	True
V42PRr2	${EQ_READS_DIR}/ERR16783455_1.fastq.gz	${EQ_READS_DIR}/ERR16783455_2.fastq.gz	ERR16783455	V42PRr2	ERS29439898	ERX16176688	V42PRr2_amp_lib1	PRJEB106069	PRJEB104209	Trip5	Rhizosphere	False	True
V42Sr2	${EQ_READS_DIR}/ERR16783456_1.fastq.gz	${EQ_READS_DIR}/ERR16783456_2.fastq.gz	ERR16783456	V42Sr2	ERS29439899	ERX16176689	V42Sr2_amp_lib1	PRJEB106069	PRJEB104209	Trip5	Surface	False	True
V43Dr1	${EQ_READS_DIR}/ERR16783457_1.fastq.gz	${EQ_READS_DIR}/ERR16783457_2.fastq.gz	ERR16783457	V43Dr1	ERS29439900	ERX16176690	V43Dr1_amp_lib1	PRJEB106069	PRJEB104209	Trip5	Deep	False	True
V43Dr2	${EQ_READS_DIR}/ERR16783458_1.fastq.gz	${EQ_READS_DIR}/ERR16783458_2.fastq.gz	ERR16783458	V43Dr2	ERS29439901	ERX16176691	V43Dr2_amp_lib1	PRJEB106069	PRJEB104209	Trip5	Deep	False	True
V43Dr3	${EQ_READS_DIR}/ERR16783459_1.fastq.gz	${EQ_READS_DIR}/ERR16783459_2.fastq.gz	ERR16783459	V43Dr3	ERS29439902	ERX16176692	V43Dr3_amp_lib1	PRJEB106069	PRJEB104209	Trip5	Deep	False	True
V43PRr1	${EQ_READS_DIR}/ERR16783460_1.fastq.gz	${EQ_READS_DIR}/ERR16783460_2.fastq.gz	ERR16783460	V43PRr1	ERS29439903	ERX16176693	V43PRr1_amp_lib1	PRJEB106069	PRJEB104209	Trip5	Rhizosphere	False	True
V43PRr2	${EQ_READS_DIR}/ERR16783461_1.fastq.gz	${EQ_READS_DIR}/ERR16783461_2.fastq.gz	ERR16783461	V43PRr2	ERS29439904	ERX16176694	V43PRr2_amp_lib1	PRJEB106069	PRJEB104209	Trip5	Rhizosphere	False	True
V43PRr3	${EQ_READS_DIR}/ERR16783462_1.fastq.gz	${EQ_READS_DIR}/ERR16783462_2.fastq.gz	ERR16783462	V43PRr3	ERS29439905	ERX16176695	V43PRr3_amp_lib1	PRJEB106069	PRJEB104209	Trip5	Rhizosphere	False	True
V44Dr1	${EQ_READS_DIR}/ERR16783463_1.fastq.gz	${EQ_READS_DIR}/ERR16783463_2.fastq.gz	ERR16783463	V44Dr1	ERS29439906	ERX16176696	V44Dr1_amp_lib1	PRJEB106069	PRJEB104209	Trip5	Deep	False	True
V44PRr1	${EQ_READS_DIR}/ERR16783464_1.fastq.gz	${EQ_READS_DIR}/ERR16783464_2.fastq.gz	ERR16783464	V44PRr1	ERS29439907	ERX16176697	V44PRr1_amp_lib1	PRJEB106069	PRJEB104209	Trip5	Rhizosphere	False	True
V44PRr2	${EQ_READS_DIR}/ERR16783465_1.fastq.gz	${EQ_READS_DIR}/ERR16783465_2.fastq.gz	ERR16783465	V44PRr2	ERS29439908	ERX16176698	V44PRr2_amp_lib1	PRJEB106069	PRJEB104209	Trip5	Rhizosphere	False	True
V45Dr1	${EQ_READS_DIR}/ERR16783466_1.fastq.gz	${EQ_READS_DIR}/ERR16783466_2.fastq.gz	ERR16783466	V45Dr1	ERS29439909	ERX16176699	V45Dr1_amp_lib1	PRJEB106069	PRJEB104209	Trip5	Deep	False	True
V45Dr2	${EQ_READS_DIR}/ERR16783467_1.fastq.gz	${EQ_READS_DIR}/ERR16783467_2.fastq.gz	ERR16783467	V45Dr2	ERS29439910	ERX16176700	V45Dr2_amp_lib1	PRJEB106069	PRJEB104209	Trip5	Deep	False	True
V45Dr3	${EQ_READS_DIR}/ERR16783468_1.fastq.gz	${EQ_READS_DIR}/ERR16783468_2.fastq.gz	ERR16783468	V45Dr3	ERS29439911	ERX16176701	V45Dr3_amp_lib1	PRJEB106069	PRJEB104209	Trip5	Deep	False	True
V45PRr1	${EQ_READS_DIR}/ERR16783469_1.fastq.gz	${EQ_READS_DIR}/ERR16783469_2.fastq.gz	ERR16783469	V45PRr1	ERS29439912	ERX16176702	V45PRr1_amp_lib1	PRJEB106069	PRJEB104209	Trip5	Rhizosphere	False	True
V45PRr2	${EQ_READS_DIR}/ERR16783470_1.fastq.gz	${EQ_READS_DIR}/ERR16783470_2.fastq.gz	ERR16783470	V45PRr2	ERS29439913	ERX16176703	V45PRr2_amp_lib1	PRJEB106069	PRJEB104209	Trip5	Rhizosphere	False	True
V45PRr3	${EQ_READS_DIR}/ERR16783471_1.fastq.gz	${EQ_READS_DIR}/ERR16783471_2.fastq.gz	ERR16783471	V45PRr3	ERS29439914	ERX16176704	V45PRr3_amp_lib1	PRJEB106069	PRJEB104209	Trip5	Rhizosphere	False	True
V45Sr3	${EQ_READS_DIR}/ERR16783472_1.fastq.gz	${EQ_READS_DIR}/ERR16783472_2.fastq.gz	ERR16783472	V45Sr3	ERS29439915	ERX16176705	V45Sr3_amp_lib1	PRJEB106069	PRJEB104209	Trip5	Surface	False	True
V46PRr1	${EQ_READS_DIR}/ERR16783473_1.fastq.gz	${EQ_READS_DIR}/ERR16783473_2.fastq.gz	ERR16783473	V46PRr1	ERS29439916	ERX16176706	V46PRr1_amp_lib1	PRJEB106069	PRJEB104209	Trip5	Rhizosphere	False	True
V46PRr2	${EQ_READS_DIR}/ERR16783474_1.fastq.gz	${EQ_READS_DIR}/ERR16783474_2.fastq.gz	ERR16783474	V46PRr2	ERS29439917	ERX16176707	V46PRr2_amp_lib1	PRJEB106069	PRJEB104209	Trip5	Rhizosphere	False	True
V46PRr3	${EQ_READS_DIR}/ERR16783475_1.fastq.gz	${EQ_READS_DIR}/ERR16783475_2.fastq.gz	ERR16783475	V46PRr3	ERS29439918	ERX16176708	V46PRr3_amp_lib1	PRJEB106069	PRJEB104209	Trip5	Rhizosphere	False	True
V47PRr1	${EQ_READS_DIR}/ERR16783476_1.fastq.gz	${EQ_READS_DIR}/ERR16783476_2.fastq.gz	ERR16783476	V47PRr1	ERS29439919	ERX16176709	V47PRr1_amp_lib1	PRJEB106069	PRJEB104209	Trip5	Rhizosphere	False	True
V47PRr2	${EQ_READS_DIR}/ERR16783477_1.fastq.gz	${EQ_READS_DIR}/ERR16783477_2.fastq.gz	ERR16783477	V47PRr2	ERS29439920	ERX16176710	V47PRr2_amp_lib1	PRJEB106069	PRJEB104209	Trip5	Rhizosphere	False	True
V47PRr3	${EQ_READS_DIR}/ERR16783478_1.fastq.gz	${EQ_READS_DIR}/ERR16783478_2.fastq.gz	ERR16783478	V47PRr3	ERS29439921	ERX16176711	V47PRr3_amp_lib1	PRJEB106069	PRJEB104209	Trip5	Rhizosphere	False	True
V48Dr1	${EQ_READS_DIR}/ERR16783479_1.fastq.gz	${EQ_READS_DIR}/ERR16783479_2.fastq.gz	ERR16783479	V48Dr1	ERS29439922	ERX16176712	V48Dr1_amp_lib1	PRJEB106069	PRJEB104209	Trip5	Deep	False	True
V48Dr2	${EQ_READS_DIR}/ERR16783480_1.fastq.gz	${EQ_READS_DIR}/ERR16783480_2.fastq.gz	ERR16783480	V48Dr2	ERS29439923	ERX16176713	V48Dr2_amp_lib1	PRJEB106069	PRJEB104209	Trip5	Deep	False	True
V48Dr3	${EQ_READS_DIR}/ERR16783481_1.fastq.gz	${EQ_READS_DIR}/ERR16783481_2.fastq.gz	ERR16783481	V48Dr3	ERS29439924	ERX16176714	V48Dr3_amp_lib1	PRJEB106069	PRJEB104209	Trip5	Deep	False	True
V48PRr1	${EQ_READS_DIR}/ERR16783482_1.fastq.gz	${EQ_READS_DIR}/ERR16783482_2.fastq.gz	ERR16783482	V48PRr1	ERS29439925	ERX16176715	V48PRr1_amp_lib1	PRJEB106069	PRJEB104209	Trip5	Rhizosphere	False	True
V49Dr2	${EQ_READS_DIR}/ERR16783483_1.fastq.gz	${EQ_READS_DIR}/ERR16783483_2.fastq.gz	ERR16783483	V49Dr2	ERS29439926	ERX16176716	V49Dr2_amp_lib1	PRJEB106069	PRJEB104209	Trip5	Deep	False	True
V4Dr1	${EQ_READS_DIR}/ERR16783484_1.fastq.gz	${EQ_READS_DIR}/ERR16783484_2.fastq.gz	ERR16783484	V4Dr1	ERS29439927	ERX16176717	V4Dr1_amp_lib1	PRJEB106069	PRJEB104209	Trip5	Deep	False	True
V4Dr2	${EQ_READS_DIR}/ERR16783485_1.fastq.gz	${EQ_READS_DIR}/ERR16783485_2.fastq.gz	ERR16783485	V4Dr2	ERS29439928	ERX16176718	V4Dr2_amp_lib1	PRJEB106069	PRJEB104209	Trip5	Deep	False	True
V4Dr3	${EQ_READS_DIR}/ERR16783486_1.fastq.gz	${EQ_READS_DIR}/ERR16783486_2.fastq.gz	ERR16783486	V4Dr3	ERS29439929	ERX16176719	V4Dr3_amp_lib1	PRJEB106069	PRJEB104209	Trip5	Deep	False	True
V4PRr1	${EQ_READS_DIR}/ERR16783487_1.fastq.gz	${EQ_READS_DIR}/ERR16783487_2.fastq.gz	ERR16783487	V4PRr1	ERS29439930	ERX16176720	V4PRr1_amp_lib1	PRJEB106069	PRJEB104209	Trip5	Rhizosphere	False	True
V4PRr2	${EQ_READS_DIR}/ERR16783488_1.fastq.gz	${EQ_READS_DIR}/ERR16783488_2.fastq.gz	ERR16783488	V4PRr2	ERS29439931	ERX16176721	V4PRr2_amp_lib1	PRJEB106069	PRJEB104209	Trip5	Rhizosphere	False	True
V4PRr3	${EQ_READS_DIR}/ERR16783489_1.fastq.gz	${EQ_READS_DIR}/ERR16783489_2.fastq.gz	ERR16783489	V4PRr3	ERS29439932	ERX16176722	V4PRr3_amp_lib1	PRJEB106069	PRJEB104209	Trip5	Rhizosphere	False	True
V4Sr1	${EQ_READS_DIR}/ERR16783490_1.fastq.gz	${EQ_READS_DIR}/ERR16783490_2.fastq.gz	ERR16783490	V4Sr1	ERS29439933	ERX16176723	V4Sr1_amp_lib1	PRJEB106069	PRJEB104209	Trip5	Surface	False	True
V4Sr3	${EQ_READS_DIR}/ERR16783491_1.fastq.gz	${EQ_READS_DIR}/ERR16783491_2.fastq.gz	ERR16783491	V4Sr3	ERS29439934	ERX16176724	V4Sr3_amp_lib1	PRJEB106069	PRJEB104209	Trip5	Surface	False	True
V50PRr2	${EQ_READS_DIR}/ERR16783492_1.fastq.gz	${EQ_READS_DIR}/ERR16783492_2.fastq.gz	ERR16783492	V50PRr2	ERS29439935	ERX16176725	V50PRr2_amp_lib1	PRJEB106069	PRJEB104209	Trip5	Rhizosphere	False	True
V51PRr2	${EQ_READS_DIR}/ERR16783493_1.fastq.gz	${EQ_READS_DIR}/ERR16783493_2.fastq.gz	ERR16783493	V51PRr2	ERS29439936	ERX16176726	V51PRr2_amp_lib1	PRJEB106069	PRJEB104209	Trip5	Rhizosphere	False	True
V51PRr3	${EQ_READS_DIR}/ERR16783494_1.fastq.gz	${EQ_READS_DIR}/ERR16783494_2.fastq.gz	ERR16783494	V51PRr3	ERS29439937	ERX16176727	V51PRr3_amp_lib1	PRJEB106069	PRJEB104209	Trip5	Rhizosphere	False	True
V53PRr2	${EQ_READS_DIR}/ERR16783495_1.fastq.gz	${EQ_READS_DIR}/ERR16783495_2.fastq.gz	ERR16783495	V53PRr2	ERS29439938	ERX16176728	V53PRr2_amp_lib1	PRJEB106069	PRJEB104209	Trip5	Rhizosphere	False	True
V54PRr1	${EQ_READS_DIR}/ERR16783496_1.fastq.gz	${EQ_READS_DIR}/ERR16783496_2.fastq.gz	ERR16783496	V54PRr1	ERS29439939	ERX16176729	V54PRr1_amp_lib1	PRJEB106069	PRJEB104209	Trip5	Rhizosphere	False	True
V54PRr2	${EQ_READS_DIR}/ERR16783497_1.fastq.gz	${EQ_READS_DIR}/ERR16783497_2.fastq.gz	ERR16783497	V54PRr2	ERS29439940	ERX16176730	V54PRr2_amp_lib1	PRJEB106069	PRJEB104209	Trip5	Rhizosphere	False	True
V54PRr3	${EQ_READS_DIR}/ERR16783498_1.fastq.gz	${EQ_READS_DIR}/ERR16783498_2.fastq.gz	ERR16783498	V54PRr3	ERS29439941	ERX16176731	V54PRr3_amp_lib1	PRJEB106069	PRJEB104209	Trip5	Rhizosphere	False	True
V55Dr1	${EQ_READS_DIR}/ERR16783499_1.fastq.gz	${EQ_READS_DIR}/ERR16783499_2.fastq.gz	ERR16783499	V55Dr1	ERS29439942	ERX16176732	V55Dr1_amp_lib1	PRJEB106069	PRJEB104209	Trip5	Deep	False	True
V55PRr1	${EQ_READS_DIR}/ERR16783501_1.fastq.gz	${EQ_READS_DIR}/ERR16783501_2.fastq.gz	ERR16783501	V55PRr1	ERS29439943	ERX16176734	V55PRr1_amp_lib1	PRJEB106069	PRJEB104209	Trip5	Rhizosphere	False	True
V55PRr2	${EQ_READS_DIR}/ERR16783596_1.fastq.gz	${EQ_READS_DIR}/ERR16783596_2.fastq.gz	ERR16783596	V55PRr2	ERS29439944	ERX16176829	V55PRr2_amp_lib1	PRJEB106069	PRJEB104209	Trip5	Rhizosphere	False	True
V55PRr3	${EQ_READS_DIR}/ERR16783785_1.fastq.gz	${EQ_READS_DIR}/ERR16783785_2.fastq.gz	ERR16783785	V55PRr3	ERS29439945	ERX16177018	V55PRr3_amp_lib1	PRJEB106069	PRJEB104209	Trip5	Rhizosphere	False	True
V55Sr2	${EQ_READS_DIR}/ERR16783786_1.fastq.gz	${EQ_READS_DIR}/ERR16783786_2.fastq.gz	ERR16783786	V55Sr2	ERS29439946	ERX16177019	V55Sr2_amp_lib1	PRJEB106069	PRJEB104209	Trip5	Surface	False	True
V55Sr3	${EQ_READS_DIR}/ERR16783787_1.fastq.gz	${EQ_READS_DIR}/ERR16783787_2.fastq.gz	ERR16783787	V55Sr3	ERS29439947	ERX16177020	V55Sr3_amp_lib1	PRJEB106069	PRJEB104209	Trip5	Surface	False	True
V57PRr2	${EQ_READS_DIR}/ERR16783788_1.fastq.gz	${EQ_READS_DIR}/ERR16783788_2.fastq.gz	ERR16783788	V57PRr2	ERS29439948	ERX16177021	V57PRr2_amp_lib1	PRJEB106069	PRJEB104209	Trip5	Rhizosphere	False	True
V57PRr3	${EQ_READS_DIR}/ERR16783789_1.fastq.gz	${EQ_READS_DIR}/ERR16783789_2.fastq.gz	ERR16783789	V57PRr3	ERS29439949	ERX16177022	V57PRr3_amp_lib1	PRJEB106069	PRJEB104209	Trip5	Rhizosphere	False	True
V58PRr1	${EQ_READS_DIR}/ERR16783790_1.fastq.gz	${EQ_READS_DIR}/ERR16783790_2.fastq.gz	ERR16783790	V58PRr1	ERS29439950	ERX16177023	V58PRr1_amp_lib1	PRJEB106069	PRJEB104209	Trip5	Rhizosphere	False	True
V58PRr2	${EQ_READS_DIR}/ERR16783791_1.fastq.gz	${EQ_READS_DIR}/ERR16783791_2.fastq.gz	ERR16783791	V58PRr2	ERS29439951	ERX16177024	V58PRr2_amp_lib1	PRJEB106069	PRJEB104209	Trip5	Rhizosphere	False	True
V58PRr3	${EQ_READS_DIR}/ERR16783792_1.fastq.gz	${EQ_READS_DIR}/ERR16783792_2.fastq.gz	ERR16783792	V58PRr3	ERS29439952	ERX16177025	V58PRr3_amp_lib1	PRJEB106069	PRJEB104209	Trip5	Rhizosphere	False	True
V5Dr1	${EQ_READS_DIR}/ERR16783793_1.fastq.gz	${EQ_READS_DIR}/ERR16783793_2.fastq.gz	ERR16783793	V5Dr1	ERS29439953	ERX16177026	V5Dr1_amp_lib1	PRJEB106069	PRJEB104209	Trip5	Deep	False	True
V5Dr1T	${EQ_READS_DIR}/ERR16783794_1.fastq.gz	${EQ_READS_DIR}/ERR16783794_2.fastq.gz	ERR16783794	V5Dr1T	ERS29439954	ERX16177027	V5Dr1T_amp_lib1	PRJEB106069	PRJEB104209				False
V5PRr1	${EQ_READS_DIR}/ERR16783795_1.fastq.gz	${EQ_READS_DIR}/ERR16783795_2.fastq.gz	ERR16783795	V5PRr1	ERS29439955	ERX16177028	V5PRr1_amp_lib1	PRJEB106069	PRJEB104209	Trip5	Rhizosphere	False	True
V5PRr1O	${EQ_READS_DIR}/ERR16783796_1.fastq.gz	${EQ_READS_DIR}/ERR16783796_2.fastq.gz	ERR16783796	V5PRr1O	ERS29439956	ERX16177029	V5PRr1O_amp_lib1	PRJEB106069	PRJEB104209				False
V5PRr1T	${EQ_READS_DIR}/ERR16783797_1.fastq.gz	${EQ_READS_DIR}/ERR16783797_2.fastq.gz	ERR16783797	V5PRr1T	ERS29439957	ERX16177030	V5PRr1T_amp_lib1	PRJEB106069	PRJEB104209				False
V5PRr2	${EQ_READS_DIR}/ERR16783798_1.fastq.gz	${EQ_READS_DIR}/ERR16783798_2.fastq.gz	ERR16783798	V5PRr2	ERS29439958	ERX16177031	V5PRr2_amp_lib1	PRJEB106069	PRJEB104209	Trip5	Rhizosphere	False	True
V5PRr3	${EQ_READS_DIR}/ERR16783799_1.fastq.gz	${EQ_READS_DIR}/ERR16783799_2.fastq.gz	ERR16783799	V5PRr3	ERS29439959	ERX16177032	V5PRr3_amp_lib1	PRJEB106069	PRJEB104209	Trip5	Rhizosphere	False	True
V5Sr1	${EQ_READS_DIR}/ERR16783800_1.fastq.gz	${EQ_READS_DIR}/ERR16783800_2.fastq.gz	ERR16783800	V5Sr1	ERS29439960	ERX16177033	V5Sr1_amp_lib1	PRJEB106069	PRJEB104209	Trip5	Surface	False	True
V5Sr3	${EQ_READS_DIR}/ERR16783801_1.fastq.gz	${EQ_READS_DIR}/ERR16783801_2.fastq.gz	ERR16783801	V5Sr3	ERS29439961	ERX16177034	V5Sr3_amp_lib1	PRJEB106069	PRJEB104209	Trip5	Surface	False	True
V60PRr1	${EQ_READS_DIR}/ERR16783802_1.fastq.gz	${EQ_READS_DIR}/ERR16783802_2.fastq.gz	ERR16783802	V60PRr1	ERS29439962	ERX16177035	V60PRr1_amp_lib1	PRJEB106069	PRJEB104209	Trip5	Rhizosphere	False	True
V60PRr1O	${EQ_READS_DIR}/ERR16783803_1.fastq.gz	${EQ_READS_DIR}/ERR16783803_2.fastq.gz	ERR16783803	V60PRr1O	ERS29439963	ERX16177036	V60PRr1O_amp_lib1	PRJEB106069	PRJEB104209				False
V60PRr2	${EQ_READS_DIR}/ERR16783804_1.fastq.gz	${EQ_READS_DIR}/ERR16783804_2.fastq.gz	ERR16783804	V60PRr2	ERS29439964	ERX16177037	V60PRr2_amp_lib1	PRJEB106069	PRJEB104209	Trip5	Rhizosphere	False	True
V6Dr1	${EQ_READS_DIR}/ERR16783805_1.fastq.gz	${EQ_READS_DIR}/ERR16783805_2.fastq.gz	ERR16783805	V6Dr1	ERS29439965	ERX16177038	V6Dr1_amp_lib1	PRJEB106069	PRJEB104209	Trip5	Deep	False	True
V6PRr1	${EQ_READS_DIR}/ERR16783806_1.fastq.gz	${EQ_READS_DIR}/ERR16783806_2.fastq.gz	ERR16783806	V6PRr1	ERS29439966	ERX16177039	V6PRr1_amp_lib1	PRJEB106069	PRJEB104209	Trip5	Rhizosphere	False	True
V6PRr2	${EQ_READS_DIR}/ERR16783807_1.fastq.gz	${EQ_READS_DIR}/ERR16783807_2.fastq.gz	ERR16783807	V6PRr2	ERS29439967	ERX16177040	V6PRr2_amp_lib1	PRJEB106069	PRJEB104209	Trip5	Rhizosphere	False	True
V6PRr3	${EQ_READS_DIR}/ERR16783808_1.fastq.gz	${EQ_READS_DIR}/ERR16783808_2.fastq.gz	ERR16783808	V6PRr3	ERS29439968	ERX16177041	V6PRr3_amp_lib1	PRJEB106069	PRJEB104209	Trip5	Rhizosphere	False	True
V6Sr1	${EQ_READS_DIR}/ERR16783809_1.fastq.gz	${EQ_READS_DIR}/ERR16783809_2.fastq.gz	ERR16783809	V6Sr1	ERS29439969	ERX16177042	V6Sr1_amp_lib1	PRJEB106069	PRJEB104209	Trip5	Surface	False	True
V6Sr3	${EQ_READS_DIR}/ERR16783810_1.fastq.gz	${EQ_READS_DIR}/ERR16783810_2.fastq.gz	ERR16783810	V6Sr3	ERS29439970	ERX16177043	V6Sr3_amp_lib1	PRJEB106069	PRJEB104209	Trip5	Surface	False	True
V7Dr1T	${EQ_READS_DIR}/ERR16783811_1.fastq.gz	${EQ_READS_DIR}/ERR16783811_2.fastq.gz	ERR16783811	V7Dr1T	ERS29439971	ERX16177044	V7Dr1T_amp_lib1	PRJEB106069	PRJEB104209				False
V7Dr3	${EQ_READS_DIR}/ERR16783812_1.fastq.gz	${EQ_READS_DIR}/ERR16783812_2.fastq.gz	ERR16783812	V7Dr3	ERS29439972	ERX16177045	V7Dr3_amp_lib1	PRJEB106069	PRJEB104209	Trip5	Deep	False	True
V7Dr3R	${EQ_READS_DIR}/ERR16783813_1.fastq.gz	${EQ_READS_DIR}/ERR16783813_2.fastq.gz	ERR16783813	V7Dr3R	ERS29439973	ERX16177046	V7Dr3R_amp_lib1	PRJEB106069	PRJEB104209				False
V7PRr1	${EQ_READS_DIR}/ERR16783814_1.fastq.gz	${EQ_READS_DIR}/ERR16783814_2.fastq.gz	ERR16783814	V7PRr1	ERS29439974	ERX16177047	V7PRr1_amp_lib1	PRJEB106069	PRJEB104209	Trip5	Rhizosphere	False	True
V7PRr1O	${EQ_READS_DIR}/ERR16783815_1.fastq.gz	${EQ_READS_DIR}/ERR16783815_2.fastq.gz	ERR16783815	V7PRr1O	ERS29439975	ERX16177048	V7PRr1O_amp_lib1	PRJEB106069	PRJEB104209				False
V7PRr1T	${EQ_READS_DIR}/ERR16783817_1.fastq.gz	${EQ_READS_DIR}/ERR16783817_2.fastq.gz	ERR16783817	V7PRr1T	ERS29439976	ERX16177050	V7PRr1T_amp_lib1	PRJEB106069	PRJEB104209				False
V7PRr2	${EQ_READS_DIR}/ERR16783818_1.fastq.gz	${EQ_READS_DIR}/ERR16783818_2.fastq.gz	ERR16783818	V7PRr2	ERS29439977	ERX16177051	V7PRr2_amp_lib1	PRJEB106069	PRJEB104209	Trip5	Rhizosphere	False	True
V7PRr3	${EQ_READS_DIR}/ERR16783819_1.fastq.gz	${EQ_READS_DIR}/ERR16783819_2.fastq.gz	ERR16783819	V7PRr3	ERS29439978	ERX16177052	V7PRr3_amp_lib1	PRJEB106069	PRJEB104209	Trip5	Rhizosphere	False	True
V8Dr3	${EQ_READS_DIR}/ERR16783820_1.fastq.gz	${EQ_READS_DIR}/ERR16783820_2.fastq.gz	ERR16783820	V8Dr3	ERS29439979	ERX16177053	V8Dr3_amp_lib1	PRJEB106069	PRJEB104209	Trip5	Deep	False	True
V8PRr1	${EQ_READS_DIR}/ERR16783821_1.fastq.gz	${EQ_READS_DIR}/ERR16783821_2.fastq.gz	ERR16783821	V8PRr1	ERS29439980	ERX16177054	V8PRr1_amp_lib1	PRJEB106069	PRJEB104209	Trip5	Rhizosphere	False	True
V8PRr2	${EQ_READS_DIR}/ERR16783822_1.fastq.gz	${EQ_READS_DIR}/ERR16783822_2.fastq.gz	ERR16783822	V8PRr2	ERS29439981	ERX16177055	V8PRr2_amp_lib1	PRJEB106069	PRJEB104209	Trip5	Rhizosphere	False	True
V8PRr3	${EQ_READS_DIR}/ERR16783823_1.fastq.gz	${EQ_READS_DIR}/ERR16783823_2.fastq.gz	ERR16783823	V8PRr3	ERS29439982	ERX16177056	V8PRr3_amp_lib1	PRJEB106069	PRJEB104209	Trip5	Rhizosphere	False	True
V9PRr1	${EQ_READS_DIR}/ERR16783824_1.fastq.gz	${EQ_READS_DIR}/ERR16783824_2.fastq.gz	ERR16783824	V9PRr1	ERS29439983	ERX16177057	V9PRr1_amp_lib1	PRJEB106069	PRJEB104209	Trip5	Rhizosphere	False	True
V9PRr2	${EQ_READS_DIR}/ERR16783825_1.fastq.gz	${EQ_READS_DIR}/ERR16783825_2.fastq.gz	ERR16783825	V9PRr2	ERS29439984	ERX16177058	V9PRr2_amp_lib1	PRJEB106069	PRJEB104209	Trip5	Rhizosphere	False	True
V9PRr3	${EQ_READS_DIR}/ERR16783826_1.fastq.gz	${EQ_READS_DIR}/ERR16783826_2.fastq.gz	ERR16783826	V9PRr3	ERS29439985	ERX16177059	V9PRr3_amp_lib1	PRJEB106069	PRJEB104209	Trip5	Rhizosphere	False	True
