sampleID,forwardReads,reverseReads,run
T1Dr1,${EQ_READS_DIR}/ERR16061083_1.fastq.gz,${EQ_READS_DIR}/ERR16061083_2.fastq.gz,ERR16061083
T1PRr3,${EQ_READS_DIR}/ERR16061084_1.fastq.gz,${EQ_READS_DIR}/ERR16061084_2.fastq.gz,ERR16061084
T2Dr2,${EQ_READS_DIR}/ERR16061085_1.fastq.gz,${EQ_READS_DIR}/ERR16061085_2.fastq.gz,ERR16061085
T2PRr3,${EQ_READS_DIR}/ERR16061086_1.fastq.gz,${EQ_READS_DIR}/ERR16061086_2.fastq.gz,ERR16061086
T4PRr1,${EQ_READS_DIR}/ERR16061087_1.fastq.gz,${EQ_READS_DIR}/ERR16061087_2.fastq.gz,ERR16061087
T4PRr2,${EQ_READS_DIR}/ERR16061088_1.fastq.gz,${EQ_READS_DIR}/ERR16061088_2.fastq.gz,ERR16061088
T4Sr1,${EQ_READS_DIR}/ERR16061089_1.fastq.gz,${EQ_READS_DIR}/ERR16061089_2.fastq.gz,ERR16061089
T5PRr1,${EQ_READS_DIR}/ERR16061090_1.fastq.gz,${EQ_READS_DIR}/ERR16061090_2.fastq.gz,ERR16061090
T5Sr1,${EQ_READS_DIR}/ERR16061091_1.fastq.gz,${EQ_READS_DIR}/ERR16061091_2.fastq.gz,ERR16061091
T5Sr2,${EQ_READS_DIR}/ERR16061092_1.fastq.gz,${EQ_READS_DIR}/ERR16061092_2.fastq.gz,ERR16061092
T6Dr1,${EQ_READS_DIR}/ERR16061093_1.fastq.gz,${EQ_READS_DIR}/ERR16061093_2.fastq.gz,ERR16061093
T6Dr2,${EQ_READS_DIR}/ERR16061094_1.fastq.gz,${EQ_READS_DIR}/ERR16061094_2.fastq.gz,ERR16061094
T6PRr3,${EQ_READS_DIR}/ERR16061095_1.fastq.gz,${EQ_READS_DIR}/ERR16061095_2.fastq.gz,ERR16061095
T6Sr3,${EQ_READS_DIR}/ERR16061096_1.fastq.gz,${EQ_READS_DIR}/ERR16061096_2.fastq.gz,ERR16061096
T7Dr2,${EQ_READS_DIR}/ERR16061097_1.fastq.gz,${EQ_READS_DIR}/ERR16061097_2.fastq.gz,ERR16061097
T7Dr3,${EQ_READS_DIR}/ERR16061098_1.fastq.gz,${EQ_READS_DIR}/ERR16061098_2.fastq.gz,ERR16061098
T7PRr1,${EQ_READS_DIR}/ERR16061099_1.fastq.gz,${EQ_READS_DIR}/ERR16061099_2.fastq.gz,ERR16061099
T7PRr3,${EQ_READS_DIR}/ERR16061100_1.fastq.gz,${EQ_READS_DIR}/ERR16061100_2.fastq.gz,ERR16061100
T7Sr3,${EQ_READS_DIR}/ERR16061101_1.fastq.gz,${EQ_READS_DIR}/ERR16061101_2.fastq.gz,ERR16061101
T8Dr3,${EQ_READS_DIR}/ERR16061102_1.fastq.gz,${EQ_READS_DIR}/ERR16061102_2.fastq.gz,ERR16061102
T8PRr3,${EQ_READS_DIR}/ERR16061103_1.fastq.gz,${EQ_READS_DIR}/ERR16061103_2.fastq.gz,ERR16061103
T8Sr3,${EQ_READS_DIR}/ERR16061104_1.fastq.gz,${EQ_READS_DIR}/ERR16061104_2.fastq.gz,ERR16061104
T1Dr1__lib2,${EQ_READS_DIR}/ERR16061168_1.fastq.gz,${EQ_READS_DIR}/ERR16061168_2.fastq.gz,ERR16061168
T2Dr2__lib2,${EQ_READS_DIR}/ERR16061169_1.fastq.gz,${EQ_READS_DIR}/ERR16061169_2.fastq.gz,ERR16061169
T2PRr1,${EQ_READS_DIR}/ERR16061170_1.fastq.gz,${EQ_READS_DIR}/ERR16061170_2.fastq.gz,ERR16061170
T3Dr2,${EQ_READS_DIR}/ERR16061171_1.fastq.gz,${EQ_READS_DIR}/ERR16061171_2.fastq.gz,ERR16061171
T5Sr3,${EQ_READS_DIR}/ERR16061172_1.fastq.gz,${EQ_READS_DIR}/ERR16061172_2.fastq.gz,ERR16061172
T6PRr2,${EQ_READS_DIR}/ERR16061173_1.fastq.gz,${EQ_READS_DIR}/ERR16061173_2.fastq.gz,ERR16061173
T7PRr2,${EQ_READS_DIR}/ERR16061174_1.fastq.gz,${EQ_READS_DIR}/ERR16061174_2.fastq.gz,ERR16061174
T8Dr1,${EQ_READS_DIR}/ERR16061175_1.fastq.gz,${EQ_READS_DIR}/ERR16061175_2.fastq.gz,ERR16061175
T8PRr1,${EQ_READS_DIR}/ERR16061176_1.fastq.gz,${EQ_READS_DIR}/ERR16061176_2.fastq.gz,ERR16061176
T_Neg_Ctrl1,${EQ_READS_DIR}/ERR16061177_1.fastq.gz,${EQ_READS_DIR}/ERR16061177_2.fastq.gz,ERR16061177
T_Neg_Ctrl2,${EQ_READS_DIR}/ERR16061178_1.fastq.gz,${EQ_READS_DIR}/ERR16061178_2.fastq.gz,ERR16061178
S1Dr1,${EQ_READS_DIR}/ERR16061185_1.fastq.gz,${EQ_READS_DIR}/ERR16061185_2.fastq.gz,ERR16061185
S1PRr1,${EQ_READS_DIR}/ERR16061186_1.fastq.gz,${EQ_READS_DIR}/ERR16061186_2.fastq.gz,ERR16061186
S1Sr1,${EQ_READS_DIR}/ERR16061187_1.fastq.gz,${EQ_READS_DIR}/ERR16061187_2.fastq.gz,ERR16061187
S2Dr1,${EQ_READS_DIR}/ERR16061188_1.fastq.gz,${EQ_READS_DIR}/ERR16061188_2.fastq.gz,ERR16061188
S2Sr1,${EQ_READS_DIR}/ERR16061189_1.fastq.gz,${EQ_READS_DIR}/ERR16061189_2.fastq.gz,ERR16061189
S3Dr1,${EQ_READS_DIR}/ERR16061190_1.fastq.gz,${EQ_READS_DIR}/ERR16061190_2.fastq.gz,ERR16061190
S3PRr1,${EQ_READS_DIR}/ERR16061191_1.fastq.gz,${EQ_READS_DIR}/ERR16061191_2.fastq.gz,ERR16061191
S3Sr1,${EQ_READS_DIR}/ERR16061192_1.fastq.gz,${EQ_READS_DIR}/ERR16061192_2.fastq.gz,ERR16061192
S4Dr1,${EQ_READS_DIR}/ERR16061193_1.fastq.gz,${EQ_READS_DIR}/ERR16061193_2.fastq.gz,ERR16061193
S4PRr1,${EQ_READS_DIR}/ERR16061194_1.fastq.gz,${EQ_READS_DIR}/ERR16061194_2.fastq.gz,ERR16061194
S4Sr1,${EQ_READS_DIR}/ERR16061195_1.fastq.gz,${EQ_READS_DIR}/ERR16061195_2.fastq.gz,ERR16061195
S5Dr1,${EQ_READS_DIR}/ERR16061196_1.fastq.gz,${EQ_READS_DIR}/ERR16061196_2.fastq.gz,ERR16061196
S5PRr1,${EQ_READS_DIR}/ERR16061197_1.fastq.gz,${EQ_READS_DIR}/ERR16061197_2.fastq.gz,ERR16061197
S5Sr1,${EQ_READS_DIR}/ERR16061198_1.fastq.gz,${EQ_READS_DIR}/ERR16061198_2.fastq.gz,ERR16061198
S6Dr1,${EQ_READS_DIR}/ERR16061199_1.fastq.gz,${EQ_READS_DIR}/ERR16061199_2.fastq.gz,ERR16061199
S6PRr1,${EQ_READS_DIR}/ERR16061200_1.fastq.gz,${EQ_READS_DIR}/ERR16061200_2.fastq.gz,ERR16061200
S6Sr1,${EQ_READS_DIR}/ERR16061201_1.fastq.gz,${EQ_READS_DIR}/ERR16061201_2.fastq.gz,ERR16061201
S7Dr1,${EQ_READS_DIR}/ERR16061202_1.fastq.gz,${EQ_READS_DIR}/ERR16061202_2.fastq.gz,ERR16061202
S7PRr1,${EQ_READS_DIR}/ERR16061203_1.fastq.gz,${EQ_READS_DIR}/ERR16061203_2.fastq.gz,ERR16061203
S7Sr1,${EQ_READS_DIR}/ERR16061204_1.fastq.gz,${EQ_READS_DIR}/ERR16061204_2.fastq.gz,ERR16061204
S8Dr1,${EQ_READS_DIR}/ERR16061205_1.fastq.gz,${EQ_READS_DIR}/ERR16061205_2.fastq.gz,ERR16061205
S8PRr1,${EQ_READS_DIR}/ERR16061206_1.fastq.gz,${EQ_READS_DIR}/ERR16061206_2.fastq.gz,ERR16061206
S8Sr1,${EQ_READS_DIR}/ERR16061207_1.fastq.gz,${EQ_READS_DIR}/ERR16061207_2.fastq.gz,ERR16061207
S9Dr1,${EQ_READS_DIR}/ERR16061208_1.fastq.gz,${EQ_READS_DIR}/ERR16061208_2.fastq.gz,ERR16061208
S9PRr1,${EQ_READS_DIR}/ERR16061209_1.fastq.gz,${EQ_READS_DIR}/ERR16061209_2.fastq.gz,ERR16061209
S9Sr1,${EQ_READS_DIR}/ERR16061210_1.fastq.gz,${EQ_READS_DIR}/ERR16061210_2.fastq.gz,ERR16061210
S10Dr1,${EQ_READS_DIR}/ERR16061211_1.fastq.gz,${EQ_READS_DIR}/ERR16061211_2.fastq.gz,ERR16061211
S10PRr1,${EQ_READS_DIR}/ERR16061212_1.fastq.gz,${EQ_READS_DIR}/ERR16061212_2.fastq.gz,ERR16061212
S10Sr1,${EQ_READS_DIR}/ERR16061213_1.fastq.gz,${EQ_READS_DIR}/ERR16061213_2.fastq.gz,ERR16061213
S11Dr1,${EQ_READS_DIR}/ERR16061214_1.fastq.gz,${EQ_READS_DIR}/ERR16061214_2.fastq.gz,ERR16061214
S11PRr1,${EQ_READS_DIR}/ERR16061215_1.fastq.gz,${EQ_READS_DIR}/ERR16061215_2.fastq.gz,ERR16061215
S11Sr1,${EQ_READS_DIR}/ERR16061216_1.fastq.gz,${EQ_READS_DIR}/ERR16061216_2.fastq.gz,ERR16061216
S12Dr1,${EQ_READS_DIR}/ERR16061217_1.fastq.gz,${EQ_READS_DIR}/ERR16061217_2.fastq.gz,ERR16061217
S12PRr1,${EQ_READS_DIR}/ERR16061218_1.fastq.gz,${EQ_READS_DIR}/ERR16061218_2.fastq.gz,ERR16061218
S12Sr1,${EQ_READS_DIR}/ERR16061219_1.fastq.gz,${EQ_READS_DIR}/ERR16061219_2.fastq.gz,ERR16061219
S13Dr1,${EQ_READS_DIR}/ERR16061220_1.fastq.gz,${EQ_READS_DIR}/ERR16061220_2.fastq.gz,ERR16061220
S13PRr1,${EQ_READS_DIR}/ERR16061221_1.fastq.gz,${EQ_READS_DIR}/ERR16061221_2.fastq.gz,ERR16061221
S13Sr1,${EQ_READS_DIR}/ERR16061222_1.fastq.gz,${EQ_READS_DIR}/ERR16061222_2.fastq.gz,ERR16061222
S14Dr1,${EQ_READS_DIR}/ERR16061223_1.fastq.gz,${EQ_READS_DIR}/ERR16061223_2.fastq.gz,ERR16061223
S14PRr1,${EQ_READS_DIR}/ERR16061224_1.fastq.gz,${EQ_READS_DIR}/ERR16061224_2.fastq.gz,ERR16061224
S14Sr1,${EQ_READS_DIR}/ERR16061225_1.fastq.gz,${EQ_READS_DIR}/ERR16061225_2.fastq.gz,ERR16061225
S15Dr1,${EQ_READS_DIR}/ERR16061226_1.fastq.gz,${EQ_READS_DIR}/ERR16061226_2.fastq.gz,ERR16061226
S15PRr1,${EQ_READS_DIR}/ERR16061227_1.fastq.gz,${EQ_READS_DIR}/ERR16061227_2.fastq.gz,ERR16061227
S15Sr1,${EQ_READS_DIR}/ERR16061228_1.fastq.gz,${EQ_READS_DIR}/ERR16061228_2.fastq.gz,ERR16061228
S16Dr1,${EQ_READS_DIR}/ERR16061229_1.fastq.gz,${EQ_READS_DIR}/ERR16061229_2.fastq.gz,ERR16061229
S16PRr1,${EQ_READS_DIR}/ERR16061230_1.fastq.gz,${EQ_READS_DIR}/ERR16061230_2.fastq.gz,ERR16061230
S16Sr1,${EQ_READS_DIR}/ERR16061231_1.fastq.gz,${EQ_READS_DIR}/ERR16061231_2.fastq.gz,ERR16061231
S17Dr1,${EQ_READS_DIR}/ERR16061232_1.fastq.gz,${EQ_READS_DIR}/ERR16061232_2.fastq.gz,ERR16061232
S17PRr1,${EQ_READS_DIR}/ERR16061233_1.fastq.gz,${EQ_READS_DIR}/ERR16061233_2.fastq.gz,ERR16061233
S17Sr1,${EQ_READS_DIR}/ERR16061234_1.fastq.gz,${EQ_READS_DIR}/ERR16061234_2.fastq.gz,ERR16061234
S19Dr1,${EQ_READS_DIR}/ERR16061235_1.fastq.gz,${EQ_READS_DIR}/ERR16061235_2.fastq.gz,ERR16061235
S19PRr1,${EQ_READS_DIR}/ERR16061236_1.fastq.gz,${EQ_READS_DIR}/ERR16061236_2.fastq.gz,ERR16061236
S19Sr1,${EQ_READS_DIR}/ERR16061237_1.fastq.gz,${EQ_READS_DIR}/ERR16061237_2.fastq.gz,ERR16061237
S20Dr1,${EQ_READS_DIR}/ERR16061238_1.fastq.gz,${EQ_READS_DIR}/ERR16061238_2.fastq.gz,ERR16061238
S20PRr1,${EQ_READS_DIR}/ERR16061239_1.fastq.gz,${EQ_READS_DIR}/ERR16061239_2.fastq.gz,ERR16061239
S20Sr1,${EQ_READS_DIR}/ERR16061240_1.fastq.gz,${EQ_READS_DIR}/ERR16061240_2.fastq.gz,ERR16061240
S21Dr1,${EQ_READS_DIR}/ERR16061241_1.fastq.gz,${EQ_READS_DIR}/ERR16061241_2.fastq.gz,ERR16061241
S21PRr1,${EQ_READS_DIR}/ERR16061242_1.fastq.gz,${EQ_READS_DIR}/ERR16061242_2.fastq.gz,ERR16061242
S21Sr1,${EQ_READS_DIR}/ERR16061243_1.fastq.gz,${EQ_READS_DIR}/ERR16061243_2.fastq.gz,ERR16061243
S22Dr1,${EQ_READS_DIR}/ERR16061244_1.fastq.gz,${EQ_READS_DIR}/ERR16061244_2.fastq.gz,ERR16061244
S22PRr1,${EQ_READS_DIR}/ERR16061245_1.fastq.gz,${EQ_READS_DIR}/ERR16061245_2.fastq.gz,ERR16061245
S22Sr1,${EQ_READS_DIR}/ERR16061246_1.fastq.gz,${EQ_READS_DIR}/ERR16061246_2.fastq.gz,ERR16061246
S23Dr1,${EQ_READS_DIR}/ERR16061247_1.fastq.gz,${EQ_READS_DIR}/ERR16061247_2.fastq.gz,ERR16061247
S23PRr1,${EQ_READS_DIR}/ERR16061248_1.fastq.gz,${EQ_READS_DIR}/ERR16061248_2.fastq.gz,ERR16061248
S23Sr1,${EQ_READS_DIR}/ERR16061249_1.fastq.gz,${EQ_READS_DIR}/ERR16061249_2.fastq.gz,ERR16061249
S24Dr1,${EQ_READS_DIR}/ERR16061250_1.fastq.gz,${EQ_READS_DIR}/ERR16061250_2.fastq.gz,ERR16061250
S24PRr1,${EQ_READS_DIR}/ERR16061251_1.fastq.gz,${EQ_READS_DIR}/ERR16061251_2.fastq.gz,ERR16061251
S24Sr1,${EQ_READS_DIR}/ERR16061252_1.fastq.gz,${EQ_READS_DIR}/ERR16061252_2.fastq.gz,ERR16061252
S25Dr1,${EQ_READS_DIR}/ERR16061253_1.fastq.gz,${EQ_READS_DIR}/ERR16061253_2.fastq.gz,ERR16061253
S25PRr1,${EQ_READS_DIR}/ERR16061254_1.fastq.gz,${EQ_READS_DIR}/ERR16061254_2.fastq.gz,ERR16061254
S25Sr1,${EQ_READS_DIR}/ERR16061255_1.fastq.gz,${EQ_READS_DIR}/ERR16061255_2.fastq.gz,ERR16061255
S26Dr1,${EQ_READS_DIR}/ERR16061256_1.fastq.gz,${EQ_READS_DIR}/ERR16061256_2.fastq.gz,ERR16061256
S26PRr1,${EQ_READS_DIR}/ERR16061257_1.fastq.gz,${EQ_READS_DIR}/ERR16061257_2.fastq.gz,ERR16061257
S26Sr1,${EQ_READS_DIR}/ERR16061258_1.fastq.gz,${EQ_READS_DIR}/ERR16061258_2.fastq.gz,ERR16061258
S27Dr1,${EQ_READS_DIR}/ERR16061259_1.fastq.gz,${EQ_READS_DIR}/ERR16061259_2.fastq.gz,ERR16061259
S27PRr1,${EQ_READS_DIR}/ERR16061260_1.fastq.gz,${EQ_READS_DIR}/ERR16061260_2.fastq.gz,ERR16061260
S27Sr1,${EQ_READS_DIR}/ERR16061261_1.fastq.gz,${EQ_READS_DIR}/ERR16061261_2.fastq.gz,ERR16061261
S28Dr2,${EQ_READS_DIR}/ERR16061262_1.fastq.gz,${EQ_READS_DIR}/ERR16061262_2.fastq.gz,ERR16061262
S28PRr1,${EQ_READS_DIR}/ERR16061263_1.fastq.gz,${EQ_READS_DIR}/ERR16061263_2.fastq.gz,ERR16061263
S28Sr1,${EQ_READS_DIR}/ERR16061264_1.fastq.gz,${EQ_READS_DIR}/ERR16061264_2.fastq.gz,ERR16061264
S29Dr1,${EQ_READS_DIR}/ERR16061265_1.fastq.gz,${EQ_READS_DIR}/ERR16061265_2.fastq.gz,ERR16061265
S29PRr1,${EQ_READS_DIR}/ERR16061266_1.fastq.gz,${EQ_READS_DIR}/ERR16061266_2.fastq.gz,ERR16061266
S29Sr1,${EQ_READS_DIR}/ERR16061267_1.fastq.gz,${EQ_READS_DIR}/ERR16061267_2.fastq.gz,ERR16061267
S30Dr1,${EQ_READS_DIR}/ERR16061268_1.fastq.gz,${EQ_READS_DIR}/ERR16061268_2.fastq.gz,ERR16061268
S30PRr1,${EQ_READS_DIR}/ERR16061269_1.fastq.gz,${EQ_READS_DIR}/ERR16061269_2.fastq.gz,ERR16061269
S30Sr1,${EQ_READS_DIR}/ERR16061270_1.fastq.gz,${EQ_READS_DIR}/ERR16061270_2.fastq.gz,ERR16061270
S31Dr1,${EQ_READS_DIR}/ERR16061271_1.fastq.gz,${EQ_READS_DIR}/ERR16061271_2.fastq.gz,ERR16061271
S31PRr1,${EQ_READS_DIR}/ERR16061272_1.fastq.gz,${EQ_READS_DIR}/ERR16061272_2.fastq.gz,ERR16061272
S31Sr1,${EQ_READS_DIR}/ERR16061273_1.fastq.gz,${EQ_READS_DIR}/ERR16061273_2.fastq.gz,ERR16061273
S32Dr1,${EQ_READS_DIR}/ERR16061274_1.fastq.gz,${EQ_READS_DIR}/ERR16061274_2.fastq.gz,ERR16061274
S32PRr1,${EQ_READS_DIR}/ERR16061275_1.fastq.gz,${EQ_READS_DIR}/ERR16061275_2.fastq.gz,ERR16061275
S32Sr1,${EQ_READS_DIR}/ERR16061276_1.fastq.gz,${EQ_READS_DIR}/ERR16061276_2.fastq.gz,ERR16061276
S33Dr1,${EQ_READS_DIR}/ERR16061277_1.fastq.gz,${EQ_READS_DIR}/ERR16061277_2.fastq.gz,ERR16061277
S33PRr1,${EQ_READS_DIR}/ERR16061278_1.fastq.gz,${EQ_READS_DIR}/ERR16061278_2.fastq.gz,ERR16061278
S33Sr1,${EQ_READS_DIR}/ERR16061279_1.fastq.gz,${EQ_READS_DIR}/ERR16061279_2.fastq.gz,ERR16061279
S34PRr1,${EQ_READS_DIR}/ERR16061280_1.fastq.gz,${EQ_READS_DIR}/ERR16061280_2.fastq.gz,ERR16061280
S34Sr1,${EQ_READS_DIR}/ERR16061281_1.fastq.gz,${EQ_READS_DIR}/ERR16061281_2.fastq.gz,ERR16061281
S35Dr1,${EQ_READS_DIR}/ERR16061282_1.fastq.gz,${EQ_READS_DIR}/ERR16061282_2.fastq.gz,ERR16061282
S35PRr1,${EQ_READS_DIR}/ERR16061283_1.fastq.gz,${EQ_READS_DIR}/ERR16061283_2.fastq.gz,ERR16061283
S35Sr1,${EQ_READS_DIR}/ERR16061284_1.fastq.gz,${EQ_READS_DIR}/ERR16061284_2.fastq.gz,ERR16061284
S36Dr1,${EQ_READS_DIR}/ERR16061285_1.fastq.gz,${EQ_READS_DIR}/ERR16061285_2.fastq.gz,ERR16061285
S36PRr1,${EQ_READS_DIR}/ERR16061286_1.fastq.gz,${EQ_READS_DIR}/ERR16061286_2.fastq.gz,ERR16061286
S36Sr1,${EQ_READS_DIR}/ERR16061287_1.fastq.gz,${EQ_READS_DIR}/ERR16061287_2.fastq.gz,ERR16061287
S37Dr1,${EQ_READS_DIR}/ERR16061288_1.fastq.gz,${EQ_READS_DIR}/ERR16061288_2.fastq.gz,ERR16061288
S37PRr1,${EQ_READS_DIR}/ERR16061289_1.fastq.gz,${EQ_READS_DIR}/ERR16061289_2.fastq.gz,ERR16061289
S37Sr1,${EQ_READS_DIR}/ERR16061290_1.fastq.gz,${EQ_READS_DIR}/ERR16061290_2.fastq.gz,ERR16061290
S38Dr1,${EQ_READS_DIR}/ERR16061291_1.fastq.gz,${EQ_READS_DIR}/ERR16061291_2.fastq.gz,ERR16061291
S38PRr1,${EQ_READS_DIR}/ERR16061292_1.fastq.gz,${EQ_READS_DIR}/ERR16061292_2.fastq.gz,ERR16061292
S38Sr1,${EQ_READS_DIR}/ERR16061293_1.fastq.gz,${EQ_READS_DIR}/ERR16061293_2.fastq.gz,ERR16061293
S39Dr1,${EQ_READS_DIR}/ERR16061294_1.fastq.gz,${EQ_READS_DIR}/ERR16061294_2.fastq.gz,ERR16061294
S39PRr1,${EQ_READS_DIR}/ERR16061295_1.fastq.gz,${EQ_READS_DIR}/ERR16061295_2.fastq.gz,ERR16061295
S39Sr1,${EQ_READS_DIR}/ERR16061296_1.fastq.gz,${EQ_READS_DIR}/ERR16061296_2.fastq.gz,ERR16061296
S40Dr1,${EQ_READS_DIR}/ERR16061297_1.fastq.gz,${EQ_READS_DIR}/ERR16061297_2.fastq.gz,ERR16061297
S40Sr1,${EQ_READS_DIR}/ERR16061298_1.fastq.gz,${EQ_READS_DIR}/ERR16061298_2.fastq.gz,ERR16061298
S41Dr1,${EQ_READS_DIR}/ERR16061299_1.fastq.gz,${EQ_READS_DIR}/ERR16061299_2.fastq.gz,ERR16061299
S41PRr1,${EQ_READS_DIR}/ERR16061300_1.fastq.gz,${EQ_READS_DIR}/ERR16061300_2.fastq.gz,ERR16061300
S41Sr1,${EQ_READS_DIR}/ERR16061301_1.fastq.gz,${EQ_READS_DIR}/ERR16061301_2.fastq.gz,ERR16061301
S42Dr1,${EQ_READS_DIR}/ERR16061302_1.fastq.gz,${EQ_READS_DIR}/ERR16061302_2.fastq.gz,ERR16061302
S42PRr1,${EQ_READS_DIR}/ERR16061303_1.fastq.gz,${EQ_READS_DIR}/ERR16061303_2.fastq.gz,ERR16061303
S42Sr1,${EQ_READS_DIR}/ERR16061304_1.fastq.gz,${EQ_READS_DIR}/ERR16061304_2.fastq.gz,ERR16061304
S43Dr1,${EQ_READS_DIR}/ERR16061305_1.fastq.gz,${EQ_READS_DIR}/ERR16061305_2.fastq.gz,ERR16061305
S43PRr1,${EQ_READS_DIR}/ERR16061306_1.fastq.gz,${EQ_READS_DIR}/ERR16061306_2.fastq.gz,ERR16061306
S43Sr1,${EQ_READS_DIR}/ERR16061307_1.fastq.gz,${EQ_READS_DIR}/ERR16061307_2.fastq.gz,ERR16061307
S44Dr1,${EQ_READS_DIR}/ERR16061308_1.fastq.gz,${EQ_READS_DIR}/ERR16061308_2.fastq.gz,ERR16061308
S44PRr1,${EQ_READS_DIR}/ERR16061309_1.fastq.gz,${EQ_READS_DIR}/ERR16061309_2.fastq.gz,ERR16061309
S44Sr1,${EQ_READS_DIR}/ERR16061310_1.fastq.gz,${EQ_READS_DIR}/ERR16061310_2.fastq.gz,ERR16061310
S45Dr1,${EQ_READS_DIR}/ERR16061311_1.fastq.gz,${EQ_READS_DIR}/ERR16061311_2.fastq.gz,ERR16061311
S45PRr1,${EQ_READS_DIR}/ERR16061312_1.fastq.gz,${EQ_READS_DIR}/ERR16061312_2.fastq.gz,ERR16061312
S45Sr1,${EQ_READS_DIR}/ERR16061313_1.fastq.gz,${EQ_READS_DIR}/ERR16061313_2.fastq.gz,ERR16061313
S46Dr1,${EQ_READS_DIR}/ERR16061314_1.fastq.gz,${EQ_READS_DIR}/ERR16061314_2.fastq.gz,ERR16061314
S46PRr1,${EQ_READS_DIR}/ERR16061315_1.fastq.gz,${EQ_READS_DIR}/ERR16061315_2.fastq.gz,ERR16061315
S46Sr1,${EQ_READS_DIR}/ERR16061316_1.fastq.gz,${EQ_READS_DIR}/ERR16061316_2.fastq.gz,ERR16061316
S47Dr1,${EQ_READS_DIR}/ERR16061317_1.fastq.gz,${EQ_READS_DIR}/ERR16061317_2.fastq.gz,ERR16061317
S47PRr1,${EQ_READS_DIR}/ERR16061318_1.fastq.gz,${EQ_READS_DIR}/ERR16061318_2.fastq.gz,ERR16061318
S47Sr1,${EQ_READS_DIR}/ERR16061319_1.fastq.gz,${EQ_READS_DIR}/ERR16061319_2.fastq.gz,ERR16061319
S48Dr1,${EQ_READS_DIR}/ERR16061320_1.fastq.gz,${EQ_READS_DIR}/ERR16061320_2.fastq.gz,ERR16061320
S48PRr1,${EQ_READS_DIR}/ERR16061321_1.fastq.gz,${EQ_READS_DIR}/ERR16061321_2.fastq.gz,ERR16061321
S48Sr1,${EQ_READS_DIR}/ERR16061322_1.fastq.gz,${EQ_READS_DIR}/ERR16061322_2.fastq.gz,ERR16061322
S49Dr1,${EQ_READS_DIR}/ERR16061323_1.fastq.gz,${EQ_READS_DIR}/ERR16061323_2.fastq.gz,ERR16061323
S49PRr1,${EQ_READS_DIR}/ERR16061324_1.fastq.gz,${EQ_READS_DIR}/ERR16061324_2.fastq.gz,ERR16061324
S49Sr1,${EQ_READS_DIR}/ERR16061325_1.fastq.gz,${EQ_READS_DIR}/ERR16061325_2.fastq.gz,ERR16061325
S50Dr1,${EQ_READS_DIR}/ERR16061326_1.fastq.gz,${EQ_READS_DIR}/ERR16061326_2.fastq.gz,ERR16061326
S50PRr1,${EQ_READS_DIR}/ERR16061327_1.fastq.gz,${EQ_READS_DIR}/ERR16061327_2.fastq.gz,ERR16061327
S50Sr1,${EQ_READS_DIR}/ERR16061328_1.fastq.gz,${EQ_READS_DIR}/ERR16061328_2.fastq.gz,ERR16061328
S51Dr1,${EQ_READS_DIR}/ERR16061329_1.fastq.gz,${EQ_READS_DIR}/ERR16061329_2.fastq.gz,ERR16061329
S51PRr1,${EQ_READS_DIR}/ERR16061330_1.fastq.gz,${EQ_READS_DIR}/ERR16061330_2.fastq.gz,ERR16061330
S51Sr1,${EQ_READS_DIR}/ERR16061331_1.fastq.gz,${EQ_READS_DIR}/ERR16061331_2.fastq.gz,ERR16061331
S52Dr1,${EQ_READS_DIR}/ERR16061332_1.fastq.gz,${EQ_READS_DIR}/ERR16061332_2.fastq.gz,ERR16061332
S52PRr1,${EQ_READS_DIR}/ERR16061333_1.fastq.gz,${EQ_READS_DIR}/ERR16061333_2.fastq.gz,ERR16061333
S52Sr1,${EQ_READS_DIR}/ERR16061334_1.fastq.gz,${EQ_READS_DIR}/ERR16061334_2.fastq.gz,ERR16061334
S53Dr1,${EQ_READS_DIR}/ERR16061335_1.fastq.gz,${EQ_READS_DIR}/ERR16061335_2.fastq.gz,ERR16061335
S53PRr1,${EQ_READS_DIR}/ERR16061336_1.fastq.gz,${EQ_READS_DIR}/ERR16061336_2.fastq.gz,ERR16061336
S53Sr1,${EQ_READS_DIR}/ERR16061337_1.fastq.gz,${EQ_READS_DIR}/ERR16061337_2.fastq.gz,ERR16061337
S54Dr1,${EQ_READS_DIR}/ERR16061338_1.fastq.gz,${EQ_READS_DIR}/ERR16061338_2.fastq.gz,ERR16061338
S54PRr1,${EQ_READS_DIR}/ERR16061339_1.fastq.gz,${EQ_READS_DIR}/ERR16061339_2.fastq.gz,ERR16061339
S54Sr1,${EQ_READS_DIR}/ERR16061340_1.fastq.gz,${EQ_READS_DIR}/ERR16061340_2.fastq.gz,ERR16061340
S55Dr1,${EQ_READS_DIR}/ERR16061341_1.fastq.gz,${EQ_READS_DIR}/ERR16061341_2.fastq.gz,ERR16061341
S55PRr1,${EQ_READS_DIR}/ERR16061342_1.fastq.gz,${EQ_READS_DIR}/ERR16061342_2.fastq.gz,ERR16061342
S55Sr1,${EQ_READS_DIR}/ERR16061343_1.fastq.gz,${EQ_READS_DIR}/ERR16061343_2.fastq.gz,ERR16061343
S56Dr1,${EQ_READS_DIR}/ERR16061344_1.fastq.gz,${EQ_READS_DIR}/ERR16061344_2.fastq.gz,ERR16061344
S56PRr1,${EQ_READS_DIR}/ERR16061345_1.fastq.gz,${EQ_READS_DIR}/ERR16061345_2.fastq.gz,ERR16061345
S56Sr1,${EQ_READS_DIR}/ERR16061346_1.fastq.gz,${EQ_READS_DIR}/ERR16061346_2.fastq.gz,ERR16061346
S57Dr1,${EQ_READS_DIR}/ERR16061347_1.fastq.gz,${EQ_READS_DIR}/ERR16061347_2.fastq.gz,ERR16061347
S57PRr1,${EQ_READS_DIR}/ERR16061348_1.fastq.gz,${EQ_READS_DIR}/ERR16061348_2.fastq.gz,ERR16061348
S57Sr1,${EQ_READS_DIR}/ERR16061349_1.fastq.gz,${EQ_READS_DIR}/ERR16061349_2.fastq.gz,ERR16061349
S58Dr1,${EQ_READS_DIR}/ERR16061350_1.fastq.gz,${EQ_READS_DIR}/ERR16061350_2.fastq.gz,ERR16061350
S58PRr1,${EQ_READS_DIR}/ERR16061351_1.fastq.gz,${EQ_READS_DIR}/ERR16061351_2.fastq.gz,ERR16061351
S58Sr1,${EQ_READS_DIR}/ERR16061352_1.fastq.gz,${EQ_READS_DIR}/ERR16061352_2.fastq.gz,ERR16061352
S59Dr1,${EQ_READS_DIR}/ERR16061353_1.fastq.gz,${EQ_READS_DIR}/ERR16061353_2.fastq.gz,ERR16061353
S59PRr1,${EQ_READS_DIR}/ERR16061354_1.fastq.gz,${EQ_READS_DIR}/ERR16061354_2.fastq.gz,ERR16061354
S59Sr1,${EQ_READS_DIR}/ERR16061355_1.fastq.gz,${EQ_READS_DIR}/ERR16061355_2.fastq.gz,ERR16061355
S60Dr1,${EQ_READS_DIR}/ERR16061356_1.fastq.gz,${EQ_READS_DIR}/ERR16061356_2.fastq.gz,ERR16061356
S60PRr1,${EQ_READS_DIR}/ERR16061357_1.fastq.gz,${EQ_READS_DIR}/ERR16061357_2.fastq.gz,ERR16061357
S60Sr1,${EQ_READS_DIR}/ERR16061358_1.fastq.gz,${EQ_READS_DIR}/ERR16061358_2.fastq.gz,ERR16061358
1Dr1,${EQ_READS_DIR}/ERR16062262_1.fastq.gz,${EQ_READS_DIR}/ERR16062262_2.fastq.gz,ERR16062262
1Dr2,${EQ_READS_DIR}/ERR16062263_1.fastq.gz,${EQ_READS_DIR}/ERR16062263_2.fastq.gz,ERR16062263
1Dr3,${EQ_READS_DIR}/ERR16062264_1.fastq.gz,${EQ_READS_DIR}/ERR16062264_2.fastq.gz,ERR16062264
1Sr1,${EQ_READS_DIR}/ERR16062265_1.fastq.gz,${EQ_READS_DIR}/ERR16062265_2.fastq.gz,ERR16062265
1Sr2,${EQ_READS_DIR}/ERR16062266_1.fastq.gz,${EQ_READS_DIR}/ERR16062266_2.fastq.gz,ERR16062266
1Sr3,${EQ_READS_DIR}/ERR16062267_1.fastq.gz,${EQ_READS_DIR}/ERR16062267_2.fastq.gz,ERR16062267
1PRr2,${EQ_READS_DIR}/ERR16062268_1.fastq.gz,${EQ_READS_DIR}/ERR16062268_2.fastq.gz,ERR16062268
1PRr3,${EQ_READS_DIR}/ERR16062269_1.fastq.gz,${EQ_READS_DIR}/ERR16062269_2.fastq.gz,ERR16062269
2Dr1,${EQ_READS_DIR}/ERR16062270_1.fastq.gz,${EQ_READS_DIR}/ERR16062270_2.fastq.gz,ERR16062270
2Dr2,${EQ_READS_DIR}/ERR16062271_1.fastq.gz,${EQ_READS_DIR}/ERR16062271_2.fastq.gz,ERR16062271
2Dr3,${EQ_READS_DIR}/ERR16062272_1.fastq.gz,${EQ_READS_DIR}/ERR16062272_2.fastq.gz,ERR16062272
2Sr1,${EQ_READS_DIR}/ERR16062273_1.fastq.gz,${EQ_READS_DIR}/ERR16062273_2.fastq.gz,ERR16062273
2Sr3,${EQ_READS_DIR}/ERR16062274_1.fastq.gz,${EQ_READS_DIR}/ERR16062274_2.fastq.gz,ERR16062274
2PRr1,${EQ_READS_DIR}/ERR16062275_1.fastq.gz,${EQ_READS_DIR}/ERR16062275_2.fastq.gz,ERR16062275
2PRr2,${EQ_READS_DIR}/ERR16062276_1.fastq.gz,${EQ_READS_DIR}/ERR16062276_2.fastq.gz,ERR16062276
3Dr2,${EQ_READS_DIR}/ERR16062277_1.fastq.gz,${EQ_READS_DIR}/ERR16062277_2.fastq.gz,ERR16062277
3Dr3,${EQ_READS_DIR}/ERR16062278_1.fastq.gz,${EQ_READS_DIR}/ERR16062278_2.fastq.gz,ERR16062278
3Sr1,${EQ_READS_DIR}/ERR16062279_1.fastq.gz,${EQ_READS_DIR}/ERR16062279_2.fastq.gz,ERR16062279
3Sr3,${EQ_READS_DIR}/ERR16062280_1.fastq.gz,${EQ_READS_DIR}/ERR16062280_2.fastq.gz,ERR16062280
3PRr1,${EQ_READS_DIR}/ERR16062281_1.fastq.gz,${EQ_READS_DIR}/ERR16062281_2.fastq.gz,ERR16062281
3PRr2,${EQ_READS_DIR}/ERR16062282_1.fastq.gz,${EQ_READS_DIR}/ERR16062282_2.fastq.gz,ERR16062282
3PRr3,${EQ_READS_DIR}/ERR16062283_1.fastq.gz,${EQ_READS_DIR}/ERR16062283_2.fastq.gz,ERR16062283
4Dr1,${EQ_READS_DIR}/ERR16062284_1.fastq.gz,${EQ_READS_DIR}/ERR16062284_2.fastq.gz,ERR16062284
4Dr2,${EQ_READS_DIR}/ERR16062285_1.fastq.gz,${EQ_READS_DIR}/ERR16062285_2.fastq.gz,ERR16062285
4Dr3,${EQ_READS_DIR}/ERR16062286_1.fastq.gz,${EQ_READS_DIR}/ERR16062286_2.fastq.gz,ERR16062286
4Sr1,${EQ_READS_DIR}/ERR16062287_1.fastq.gz,${EQ_READS_DIR}/ERR16062287_2.fastq.gz,ERR16062287
4PRr1,${EQ_READS_DIR}/ERR16062288_1.fastq.gz,${EQ_READS_DIR}/ERR16062288_2.fastq.gz,ERR16062288
4PRr2,${EQ_READS_DIR}/ERR16062289_1.fastq.gz,${EQ_READS_DIR}/ERR16062289_2.fastq.gz,ERR16062289
4PRr3,${EQ_READS_DIR}/ERR16062290_1.fastq.gz,${EQ_READS_DIR}/ERR16062290_2.fastq.gz,ERR16062290
5Dr1,${EQ_READS_DIR}/ERR16062291_1.fastq.gz,${EQ_READS_DIR}/ERR16062291_2.fastq.gz,ERR16062291
5Dr2,${EQ_READS_DIR}/ERR16062292_1.fastq.gz,${EQ_READS_DIR}/ERR16062292_2.fastq.gz,ERR16062292
5Sr1,${EQ_READS_DIR}/ERR16062293_1.fastq.gz,${EQ_READS_DIR}/ERR16062293_2.fastq.gz,ERR16062293
5Sr2,${EQ_READS_DIR}/ERR16062294_1.fastq.gz,${EQ_READS_DIR}/ERR16062294_2.fastq.gz,ERR16062294
5Sr3,${EQ_READS_DIR}/ERR16062295_1.fastq.gz,${EQ_READS_DIR}/ERR16062295_2.fastq.gz,ERR16062295
6Dr1,${EQ_READS_DIR}/ERR16062296_1.fastq.gz,${EQ_READS_DIR}/ERR16062296_2.fastq.gz,ERR16062296
6Dr3,${EQ_READS_DIR}/ERR16062297_1.fastq.gz,${EQ_READS_DIR}/ERR16062297_2.fastq.gz,ERR16062297
6Sr1,${EQ_READS_DIR}/ERR16062298_1.fastq.gz,${EQ_READS_DIR}/ERR16062298_2.fastq.gz,ERR16062298
6Sr2,${EQ_READS_DIR}/ERR16062299_1.fastq.gz,${EQ_READS_DIR}/ERR16062299_2.fastq.gz,ERR16062299
6PRr1,${EQ_READS_DIR}/ERR16062300_1.fastq.gz,${EQ_READS_DIR}/ERR16062300_2.fastq.gz,ERR16062300
6PRr2,${EQ_READS_DIR}/ERR16062301_1.fastq.gz,${EQ_READS_DIR}/ERR16062301_2.fastq.gz,ERR16062301
7Dr1,${EQ_READS_DIR}/ERR16062302_1.fastq.gz,${EQ_READS_DIR}/ERR16062302_2.fastq.gz,ERR16062302
7Dr2,${EQ_READS_DIR}/ERR16062303_1.fastq.gz,${EQ_READS_DIR}/ERR16062303_2.fastq.gz,ERR16062303
7Sr1,${EQ_READS_DIR}/ERR16062304_1.fastq.gz,${EQ_READS_DIR}/ERR16062304_2.fastq.gz,ERR16062304
7Sr2,${EQ_READS_DIR}/ERR16062305_1.fastq.gz,${EQ_READS_DIR}/ERR16062305_2.fastq.gz,ERR16062305
7PRr2,${EQ_READS_DIR}/ERR16062306_1.fastq.gz,${EQ_READS_DIR}/ERR16062306_2.fastq.gz,ERR16062306
8Sr2,${EQ_READS_DIR}/ERR16062307_1.fastq.gz,${EQ_READS_DIR}/ERR16062307_2.fastq.gz,ERR16062307
8Sr3,${EQ_READS_DIR}/ERR16062308_1.fastq.gz,${EQ_READS_DIR}/ERR16062308_2.fastq.gz,ERR16062308
8PRr1,${EQ_READS_DIR}/ERR16062309_1.fastq.gz,${EQ_READS_DIR}/ERR16062309_2.fastq.gz,ERR16062309
8PRr2,${EQ_READS_DIR}/ERR16062310_1.fastq.gz,${EQ_READS_DIR}/ERR16062310_2.fastq.gz,ERR16062310
8PRr3,${EQ_READS_DIR}/ERR16062311_1.fastq.gz,${EQ_READS_DIR}/ERR16062311_2.fastq.gz,ERR16062311
9Dr1,${EQ_READS_DIR}/ERR16062312_1.fastq.gz,${EQ_READS_DIR}/ERR16062312_2.fastq.gz,ERR16062312
9Dr3,${EQ_READS_DIR}/ERR16062313_1.fastq.gz,${EQ_READS_DIR}/ERR16062313_2.fastq.gz,ERR16062313
9Sr1,${EQ_READS_DIR}/ERR16062314_1.fastq.gz,${EQ_READS_DIR}/ERR16062314_2.fastq.gz,ERR16062314
9Sr2,${EQ_READS_DIR}/ERR16062315_1.fastq.gz,${EQ_READS_DIR}/ERR16062315_2.fastq.gz,ERR16062315
9Sr3,${EQ_READS_DIR}/ERR16062316_1.fastq.gz,${EQ_READS_DIR}/ERR16062316_2.fastq.gz,ERR16062316
9PRr2,${EQ_READS_DIR}/ERR16062317_1.fastq.gz,${EQ_READS_DIR}/ERR16062317_2.fastq.gz,ERR16062317
9PRr3,${EQ_READS_DIR}/ERR16062318_1.fastq.gz,${EQ_READS_DIR}/ERR16062318_2.fastq.gz,ERR16062318
10Dr1,${EQ_READS_DIR}/ERR16062319_1.fastq.gz,${EQ_READS_DIR}/ERR16062319_2.fastq.gz,ERR16062319
10Dr2,${EQ_READS_DIR}/ERR16062320_1.fastq.gz,${EQ_READS_DIR}/ERR16062320_2.fastq.gz,ERR16062320
10Sr2,${EQ_READS_DIR}/ERR16062321_1.fastq.gz,${EQ_READS_DIR}/ERR16062321_2.fastq.gz,ERR16062321
10Sr3,${EQ_READS_DIR}/ERR16062322_1.fastq.gz,${EQ_READS_DIR}/ERR16062322_2.fastq.gz,ERR16062322
10PRr2,${EQ_READS_DIR}/ERR16062323_1.fastq.gz,${EQ_READS_DIR}/ERR16062323_2.fastq.gz,ERR16062323
10PRr3,${EQ_READS_DIR}/ERR16062324_1.fastq.gz,${EQ_READS_DIR}/ERR16062324_2.fastq.gz,ERR16062324
11Dr1,${EQ_READS_DIR}/ERR16062325_1.fastq.gz,${EQ_READS_DIR}/ERR16062325_2.fastq.gz,ERR16062325
11Dr3,${EQ_READS_DIR}/ERR16062326_1.fastq.gz,${EQ_READS_DIR}/ERR16062326_2.fastq.gz,ERR16062326
11Sr2,${EQ_READS_DIR}/ERR16062327_1.fastq.gz,${EQ_READS_DIR}/ERR16062327_2.fastq.gz,ERR16062327
11PRr1,${EQ_READS_DIR}/ERR16062328_1.fastq.gz,${EQ_READS_DIR}/ERR16062328_2.fastq.gz,ERR16062328
11PRr2,${EQ_READS_DIR}/ERR16062329_1.fastq.gz,${EQ_READS_DIR}/ERR16062329_2.fastq.gz,ERR16062329
11PRr3,${EQ_READS_DIR}/ERR16062330_1.fastq.gz,${EQ_READS_DIR}/ERR16062330_2.fastq.gz,ERR16062330
12Dr2,${EQ_READS_DIR}/ERR16062331_1.fastq.gz,${EQ_READS_DIR}/ERR16062331_2.fastq.gz,ERR16062331
12Dr3,${EQ_READS_DIR}/ERR16062332_1.fastq.gz,${EQ_READS_DIR}/ERR16062332_2.fastq.gz,ERR16062332
12Sr1,${EQ_READS_DIR}/ERR16062333_1.fastq.gz,${EQ_READS_DIR}/ERR16062333_2.fastq.gz,ERR16062333
12Sr2,${EQ_READS_DIR}/ERR16062334_1.fastq.gz,${EQ_READS_DIR}/ERR16062334_2.fastq.gz,ERR16062334
12Sr3,${EQ_READS_DIR}/ERR16062335_1.fastq.gz,${EQ_READS_DIR}/ERR16062335_2.fastq.gz,ERR16062335
12PRr1,${EQ_READS_DIR}/ERR16062336_1.fastq.gz,${EQ_READS_DIR}/ERR16062336_2.fastq.gz,ERR16062336
12PRr3,${EQ_READS_DIR}/ERR16062337_1.fastq.gz,${EQ_READS_DIR}/ERR16062337_2.fastq.gz,ERR16062337
13Dr1,${EQ_READS_DIR}/ERR16062338_1.fastq.gz,${EQ_READS_DIR}/ERR16062338_2.fastq.gz,ERR16062338
13Dr3,${EQ_READS_DIR}/ERR16062339_1.fastq.gz,${EQ_READS_DIR}/ERR16062339_2.fastq.gz,ERR16062339
13Sr2,${EQ_READS_DIR}/ERR16062340_1.fastq.gz,${EQ_READS_DIR}/ERR16062340_2.fastq.gz,ERR16062340
14Dr1,${EQ_READS_DIR}/ERR16062341_1.fastq.gz,${EQ_READS_DIR}/ERR16062341_2.fastq.gz,ERR16062341
14Dr2,${EQ_READS_DIR}/ERR16062342_1.fastq.gz,${EQ_READS_DIR}/ERR16062342_2.fastq.gz,ERR16062342
14Dr3,${EQ_READS_DIR}/ERR16062343_1.fastq.gz,${EQ_READS_DIR}/ERR16062343_2.fastq.gz,ERR16062343
14Sr2,${EQ_READS_DIR}/ERR16062344_1.fastq.gz,${EQ_READS_DIR}/ERR16062344_2.fastq.gz,ERR16062344
14PRr1,${EQ_READS_DIR}/ERR16062345_1.fastq.gz,${EQ_READS_DIR}/ERR16062345_2.fastq.gz,ERR16062345
14PRr2,${EQ_READS_DIR}/ERR16062346_1.fastq.gz,${EQ_READS_DIR}/ERR16062346_2.fastq.gz,ERR16062346
15Dr1,${EQ_READS_DIR}/ERR16062347_1.fastq.gz,${EQ_READS_DIR}/ERR16062347_2.fastq.gz,ERR16062347
15Dr3,${EQ_READS_DIR}/ERR16062348_1.fastq.gz,${EQ_READS_DIR}/ERR16062348_2.fastq.gz,ERR16062348
15Sr1,${EQ_READS_DIR}/ERR16062349_1.fastq.gz,${EQ_READS_DIR}/ERR16062349_2.fastq.gz,ERR16062349
15Sr3,${EQ_READS_DIR}/ERR16062350_1.fastq.gz,${EQ_READS_DIR}/ERR16062350_2.fastq.gz,ERR16062350
15PRr1,${EQ_READS_DIR}/ERR16062351_1.fastq.gz,${EQ_READS_DIR}/ERR16062351_2.fastq.gz,ERR16062351
15PRr2,${EQ_READS_DIR}/ERR16062352_1.fastq.gz,${EQ_READS_DIR}/ERR16062352_2.fastq.gz,ERR16062352
15PRr3,${EQ_READS_DIR}/ERR16062353_1.fastq.gz,${EQ_READS_DIR}/ERR16062353_2.fastq.gz,ERR16062353
16Dr1,${EQ_READS_DIR}/ERR16062354_1.fastq.gz,${EQ_READS_DIR}/ERR16062354_2.fastq.gz,ERR16062354
16Dr3,${EQ_READS_DIR}/ERR16062355_1.fastq.gz,${EQ_READS_DIR}/ERR16062355_2.fastq.gz,ERR16062355
16Sr1,${EQ_READS_DIR}/ERR16062356_1.fastq.gz,${EQ_READS_DIR}/ERR16062356_2.fastq.gz,ERR16062356
16PRr1,${EQ_READS_DIR}/ERR16062357_1.fastq.gz,${EQ_READS_DIR}/ERR16062357_2.fastq.gz,ERR16062357
16PRr2,${EQ_READS_DIR}/ERR16062358_1.fastq.gz,${EQ_READS_DIR}/ERR16062358_2.fastq.gz,ERR16062358
16PRr3,${EQ_READS_DIR}/ERR16062359_1.fastq.gz,${EQ_READS_DIR}/ERR16062359_2.fastq.gz,ERR16062359
17Dr1,${EQ_READS_DIR}/ERR16062360_1.fastq.gz,${EQ_READS_DIR}/ERR16062360_2.fastq.gz,ERR16062360
17Dr2,${EQ_READS_DIR}/ERR16062361_1.fastq.gz,${EQ_READS_DIR}/ERR16062361_2.fastq.gz,ERR16062361
17Dr3,${EQ_READS_DIR}/ERR16062362_1.fastq.gz,${EQ_READS_DIR}/ERR16062362_2.fastq.gz,ERR16062362
17Sr1,${EQ_READS_DIR}/ERR16062363_1.fastq.gz,${EQ_READS_DIR}/ERR16062363_2.fastq.gz,ERR16062363
17Sr2,${EQ_READS_DIR}/ERR16062364_1.fastq.gz,${EQ_READS_DIR}/ERR16062364_2.fastq.gz,ERR16062364
17Sr3,${EQ_READS_DIR}/ERR16062365_1.fastq.gz,${EQ_READS_DIR}/ERR16062365_2.fastq.gz,ERR16062365
17PRr2,${EQ_READS_DIR}/ERR16062366_1.fastq.gz,${EQ_READS_DIR}/ERR16062366_2.fastq.gz,ERR16062366
17PRr3,${EQ_READS_DIR}/ERR16062367_1.fastq.gz,${EQ_READS_DIR}/ERR16062367_2.fastq.gz,ERR16062367
18Dr2,${EQ_READS_DIR}/ERR16062368_1.fastq.gz,${EQ_READS_DIR}/ERR16062368_2.fastq.gz,ERR16062368
18PRr1,${EQ_READS_DIR}/ERR16062369_1.fastq.gz,${EQ_READS_DIR}/ERR16062369_2.fastq.gz,ERR16062369
18PRr2,${EQ_READS_DIR}/ERR16062370_1.fastq.gz,${EQ_READS_DIR}/ERR16062370_2.fastq.gz,ERR16062370
18Sr1,${EQ_READS_DIR}/ERR16062371_1.fastq.gz,${EQ_READS_DIR}/ERR16062371_2.fastq.gz,ERR16062371
18Sr2,${EQ_READS_DIR}/ERR16062372_1.fastq.gz,${EQ_READS_DIR}/ERR16062372_2.fastq.gz,ERR16062372
19Dr2,${EQ_READS_DIR}/ERR16062373_1.fastq.gz,${EQ_READS_DIR}/ERR16062373_2.fastq.gz,ERR16062373
19Dr3,${EQ_READS_DIR}/ERR16062374_1.fastq.gz,${EQ_READS_DIR}/ERR16062374_2.fastq.gz,ERR16062374
19Sr1,${EQ_READS_DIR}/ERR16062375_1.fastq.gz,${EQ_READS_DIR}/ERR16062375_2.fastq.gz,ERR16062375
19Sr3,${EQ_READS_DIR}/ERR16062376_1.fastq.gz,${EQ_READS_DIR}/ERR16062376_2.fastq.gz,ERR16062376
20Dr1,${EQ_READS_DIR}/ERR16062377_1.fastq.gz,${EQ_READS_DIR}/ERR16062377_2.fastq.gz,ERR16062377
20Dr2,${EQ_READS_DIR}/ERR16062378_1.fastq.gz,${EQ_READS_DIR}/ERR16062378_2.fastq.gz,ERR16062378
20Sr1,${EQ_READS_DIR}/ERR16062379_1.fastq.gz,${EQ_READS_DIR}/ERR16062379_2.fastq.gz,ERR16062379
20Sr3,${EQ_READS_DIR}/ERR16062380_1.fastq.gz,${EQ_READS_DIR}/ERR16062380_2.fastq.gz,ERR16062380
20PRr1,${EQ_READS_DIR}/ERR16062381_1.fastq.gz,${EQ_READS_DIR}/ERR16062381_2.fastq.gz,ERR16062381
20PRr2,${EQ_READS_DIR}/ERR16062382_1.fastq.gz,${EQ_READS_DIR}/ERR16062382_2.fastq.gz,ERR16062382
21Dr1,${EQ_READS_DIR}/ERR16062383_1.fastq.gz,${EQ_READS_DIR}/ERR16062383_2.fastq.gz,ERR16062383
21Sr1,${EQ_READS_DIR}/ERR16062384_1.fastq.gz,${EQ_READS_DIR}/ERR16062384_2.fastq.gz,ERR16062384
21Sr2,${EQ_READS_DIR}/ERR16062385_1.fastq.gz,${EQ_READS_DIR}/ERR16062385_2.fastq.gz,ERR16062385
21Sr3,${EQ_READS_DIR}/ERR16062386_1.fastq.gz,${EQ_READS_DIR}/ERR16062386_2.fastq.gz,ERR16062386
22Dr1,${EQ_READS_DIR}/ERR16062387_1.fastq.gz,${EQ_READS_DIR}/ERR16062387_2.fastq.gz,ERR16062387
22Dr2,${EQ_READS_DIR}/ERR16062388_1.fastq.gz,${EQ_READS_DIR}/ERR16062388_2.fastq.gz,ERR16062388
22Dr3,${EQ_READS_DIR}/ERR16062389_1.fastq.gz,${EQ_READS_DIR}/ERR16062389_2.fastq.gz,ERR16062389
22Sr1,${EQ_READS_DIR}/ERR16062390_1.fastq.gz,${EQ_READS_DIR}/ERR16062390_2.fastq.gz,ERR16062390
22Sr3,${EQ_READS_DIR}/ERR16062391_1.fastq.gz,${EQ_READS_DIR}/ERR16062391_2.fastq.gz,ERR16062391
22PRr1,${EQ_READS_DIR}/ERR16062392_1.fastq.gz,${EQ_READS_DIR}/ERR16062392_2.fastq.gz,ERR16062392
22PRr3,${EQ_READS_DIR}/ERR16062393_1.fastq.gz,${EQ_READS_DIR}/ERR16062393_2.fastq.gz,ERR16062393
23Dr1,${EQ_READS_DIR}/ERR16062394_1.fastq.gz,${EQ_READS_DIR}/ERR16062394_2.fastq.gz,ERR16062394
23Dr3,${EQ_READS_DIR}/ERR16062395_1.fastq.gz,${EQ_READS_DIR}/ERR16062395_2.fastq.gz,ERR16062395
23Sr1,${EQ_READS_DIR}/ERR16062396_1.fastq.gz,${EQ_READS_DIR}/ERR16062396_2.fastq.gz,ERR16062396
23Sr2,${EQ_READS_DIR}/ERR16062397_1.fastq.gz,${EQ_READS_DIR}/ERR16062397_2.fastq.gz,ERR16062397
23Sr3,${EQ_READS_DIR}/ERR16062398_1.fastq.gz,${EQ_READS_DIR}/ERR16062398_2.fastq.gz,ERR16062398
23PRr1,${EQ_READS_DIR}/ERR16062399_1.fastq.gz,${EQ_READS_DIR}/ERR16062399_2.fastq.gz,ERR16062399
23PRr2,${EQ_READS_DIR}/ERR16062400_1.fastq.gz,${EQ_READS_DIR}/ERR16062400_2.fastq.gz,ERR16062400
23PRr3,${EQ_READS_DIR}/ERR16062401_1.fastq.gz,${EQ_READS_DIR}/ERR16062401_2.fastq.gz,ERR16062401
24Dr1,${EQ_READS_DIR}/ERR16062402_1.fastq.gz,${EQ_READS_DIR}/ERR16062402_2.fastq.gz,ERR16062402
24Dr2,${EQ_READS_DIR}/ERR16062403_1.fastq.gz,${EQ_READS_DIR}/ERR16062403_2.fastq.gz,ERR16062403
24Sr1,${EQ_READS_DIR}/ERR16062404_1.fastq.gz,${EQ_READS_DIR}/ERR16062404_2.fastq.gz,ERR16062404
24Sr2,${EQ_READS_DIR}/ERR16062405_1.fastq.gz,${EQ_READS_DIR}/ERR16062405_2.fastq.gz,ERR16062405
24PRr2,${EQ_READS_DIR}/ERR16062406_1.fastq.gz,${EQ_READS_DIR}/ERR16062406_2.fastq.gz,ERR16062406
25Dr1,${EQ_READS_DIR}/ERR16062407_1.fastq.gz,${EQ_READS_DIR}/ERR16062407_2.fastq.gz,ERR16062407
25Dr3,${EQ_READS_DIR}/ERR16062408_1.fastq.gz,${EQ_READS_DIR}/ERR16062408_2.fastq.gz,ERR16062408
25Sr1,${EQ_READS_DIR}/ERR16062409_1.fastq.gz,${EQ_READS_DIR}/ERR16062409_2.fastq.gz,ERR16062409
25Sr2,${EQ_READS_DIR}/ERR16062410_1.fastq.gz,${EQ_READS_DIR}/ERR16062410_2.fastq.gz,ERR16062410
25PRr2,${EQ_READS_DIR}/ERR16062411_1.fastq.gz,${EQ_READS_DIR}/ERR16062411_2.fastq.gz,ERR16062411
26Dr1,${EQ_READS_DIR}/ERR16062412_1.fastq.gz,${EQ_READS_DIR}/ERR16062412_2.fastq.gz,ERR16062412
26Dr2,${EQ_READS_DIR}/ERR16062413_1.fastq.gz,${EQ_READS_DIR}/ERR16062413_2.fastq.gz,ERR16062413
26Dr3,${EQ_READS_DIR}/ERR16062414_1.fastq.gz,${EQ_READS_DIR}/ERR16062414_2.fastq.gz,ERR16062414
26Sr1,${EQ_READS_DIR}/ERR16062415_1.fastq.gz,${EQ_READS_DIR}/ERR16062415_2.fastq.gz,ERR16062415
26Sr2,${EQ_READS_DIR}/ERR16062416_1.fastq.gz,${EQ_READS_DIR}/ERR16062416_2.fastq.gz,ERR16062416
26Sr3,${EQ_READS_DIR}/ERR16062417_1.fastq.gz,${EQ_READS_DIR}/ERR16062417_2.fastq.gz,ERR16062417
26PRr2,${EQ_READS_DIR}/ERR16062418_1.fastq.gz,${EQ_READS_DIR}/ERR16062418_2.fastq.gz,ERR16062418
26PRr3,${EQ_READS_DIR}/ERR16062419_1.fastq.gz,${EQ_READS_DIR}/ERR16062419_2.fastq.gz,ERR16062419
27Dr1,${EQ_READS_DIR}/ERR16062420_1.fastq.gz,${EQ_READS_DIR}/ERR16062420_2.fastq.gz,ERR16062420
27Dr2,${EQ_READS_DIR}/ERR16062421_1.fastq.gz,${EQ_READS_DIR}/ERR16062421_2.fastq.gz,ERR16062421
27Dr3,${EQ_READS_DIR}/ERR16062422_1.fastq.gz,${EQ_READS_DIR}/ERR16062422_2.fastq.gz,ERR16062422
27Sr2,${EQ_READS_DIR}/ERR16062423_1.fastq.gz,${EQ_READS_DIR}/ERR16062423_2.fastq.gz,ERR16062423
27Sr3,${EQ_READS_DIR}/ERR16062424_1.fastq.gz,${EQ_READS_DIR}/ERR16062424_2.fastq.gz,ERR16062424
27PRr1,${EQ_READS_DIR}/ERR16062425_1.fastq.gz,${EQ_READS_DIR}/ERR16062425_2.fastq.gz,ERR16062425
27PRr2,${EQ_READS_DIR}/ERR16062426_1.fastq.gz,${EQ_READS_DIR}/ERR16062426_2.fastq.gz,ERR16062426
28Dr1,${EQ_READS_DIR}/ERR16062427_1.fastq.gz,${EQ_READS_DIR}/ERR16062427_2.fastq.gz,ERR16062427
28Dr3,${EQ_READS_DIR}/ERR16062428_1.fastq.gz,${EQ_READS_DIR}/ERR16062428_2.fastq.gz,ERR16062428
28Sr1,${EQ_READS_DIR}/ERR16062429_1.fastq.gz,${EQ_READS_DIR}/ERR16062429_2.fastq.gz,ERR16062429
28Sr2,${EQ_READS_DIR}/ERR16062430_1.fastq.gz,${EQ_READS_DIR}/ERR16062430_2.fastq.gz,ERR16062430
28Sr3,${EQ_READS_DIR}/ERR16062431_1.fastq.gz,${EQ_READS_DIR}/ERR16062431_2.fastq.gz,ERR16062431
28PRr1,${EQ_READS_DIR}/ERR16062432_1.fastq.gz,${EQ_READS_DIR}/ERR16062432_2.fastq.gz,ERR16062432
28PRr3,${EQ_READS_DIR}/ERR16062433_1.fastq.gz,${EQ_READS_DIR}/ERR16062433_2.fastq.gz,ERR16062433
29Dr1,${EQ_READS_DIR}/ERR16062434_1.fastq.gz,${EQ_READS_DIR}/ERR16062434_2.fastq.gz,ERR16062434
29Dr2,${EQ_READS_DIR}/ERR16062435_1.fastq.gz,${EQ_READS_DIR}/ERR16062435_2.fastq.gz,ERR16062435
29Dr3,${EQ_READS_DIR}/ERR16062436_1.fastq.gz,${EQ_READS_DIR}/ERR16062436_2.fastq.gz,ERR16062436
29Sr1,${EQ_READS_DIR}/ERR16062437_1.fastq.gz,${EQ_READS_DIR}/ERR16062437_2.fastq.gz,ERR16062437
29Sr2,${EQ_READS_DIR}/ERR16062438_1.fastq.gz,${EQ_READS_DIR}/ERR16062438_2.fastq.gz,ERR16062438
29PRr1,${EQ_READS_DIR}/ERR16062439_1.fastq.gz,${EQ_READS_DIR}/ERR16062439_2.fastq.gz,ERR16062439
29PRr2,${EQ_READS_DIR}/ERR16062440_1.fastq.gz,${EQ_READS_DIR}/ERR16062440_2.fastq.gz,ERR16062440
29PRr3,${EQ_READS_DIR}/ERR16062441_1.fastq.gz,${EQ_READS_DIR}/ERR16062441_2.fastq.gz,ERR16062441
30Dr1,${EQ_READS_DIR}/ERR16062442_1.fastq.gz,${EQ_READS_DIR}/ERR16062442_2.fastq.gz,ERR16062442
30Sr1,${EQ_READS_DIR}/ERR16062443_1.fastq.gz,${EQ_READS_DIR}/ERR16062443_2.fastq.gz,ERR16062443
30Sr2,${EQ_READS_DIR}/ERR16062444_1.fastq.gz,${EQ_READS_DIR}/ERR16062444_2.fastq.gz,ERR16062444
30Sr3,${EQ_READS_DIR}/ERR16062445_1.fastq.gz,${EQ_READS_DIR}/ERR16062445_2.fastq.gz,ERR16062445
30PRr1,${EQ_READS_DIR}/ERR16062446_1.fastq.gz,${EQ_READS_DIR}/ERR16062446_2.fastq.gz,ERR16062446
30PRr3,${EQ_READS_DIR}/ERR16062447_1.fastq.gz,${EQ_READS_DIR}/ERR16062447_2.fastq.gz,ERR16062447
31Dr2,${EQ_READS_DIR}/ERR16062448_1.fastq.gz,${EQ_READS_DIR}/ERR16062448_2.fastq.gz,ERR16062448
31Sr2,${EQ_READS_DIR}/ERR16062449_1.fastq.gz,${EQ_READS_DIR}/ERR16062449_2.fastq.gz,ERR16062449
31Sr3,${EQ_READS_DIR}/ERR16062450_1.fastq.gz,${EQ_READS_DIR}/ERR16062450_2.fastq.gz,ERR16062450
31PRr2,${EQ_READS_DIR}/ERR16062451_1.fastq.gz,${EQ_READS_DIR}/ERR16062451_2.fastq.gz,ERR16062451
31PRr3,${EQ_READS_DIR}/ERR16062452_1.fastq.gz,${EQ_READS_DIR}/ERR16062452_2.fastq.gz,ERR16062452
32Dr3,${EQ_READS_DIR}/ERR16062453_1.fastq.gz,${EQ_READS_DIR}/ERR16062453_2.fastq.gz,ERR16062453
32PRr1,${EQ_READS_DIR}/ERR16062454_1.fastq.gz,${EQ_READS_DIR}/ERR16062454_2.fastq.gz,ERR16062454
32PRr2,${EQ_READS_DIR}/ERR16062455_1.fastq.gz,${EQ_READS_DIR}/ERR16062455_2.fastq.gz,ERR16062455
32PRr3,${EQ_READS_DIR}/ERR16062456_1.fastq.gz,${EQ_READS_DIR}/ERR16062456_2.fastq.gz,ERR16062456
33Dr1,${EQ_READS_DIR}/ERR16062457_1.fastq.gz,${EQ_READS_DIR}/ERR16062457_2.fastq.gz,ERR16062457
33Dr2,${EQ_READS_DIR}/ERR16062458_1.fastq.gz,${EQ_READS_DIR}/ERR16062458_2.fastq.gz,ERR16062458
33Dr3,${EQ_READS_DIR}/ERR16062459_1.fastq.gz,${EQ_READS_DIR}/ERR16062459_2.fastq.gz,ERR16062459
33Sr1,${EQ_READS_DIR}/ERR16062460_1.fastq.gz,${EQ_READS_DIR}/ERR16062460_2.fastq.gz,ERR16062460
33Sr2,${EQ_READS_DIR}/ERR16062461_1.fastq.gz,${EQ_READS_DIR}/ERR16062461_2.fastq.gz,ERR16062461
33PRr1,${EQ_READS_DIR}/ERR16062462_1.fastq.gz,${EQ_READS_DIR}/ERR16062462_2.fastq.gz,ERR16062462
33PRr2,${EQ_READS_DIR}/ERR16062463_1.fastq.gz,${EQ_READS_DIR}/ERR16062463_2.fastq.gz,ERR16062463
34Dr2,${EQ_READS_DIR}/ERR16062464_1.fastq.gz,${EQ_READS_DIR}/ERR16062464_2.fastq.gz,ERR16062464
34Dr3,${EQ_READS_DIR}/ERR16062465_1.fastq.gz,${EQ_READS_DIR}/ERR16062465_2.fastq.gz,ERR16062465
34Sr1,${EQ_READS_DIR}/ERR16062466_1.fastq.gz,${EQ_READS_DIR}/ERR16062466_2.fastq.gz,ERR16062466
34Sr3,${EQ_READS_DIR}/ERR16062467_1.fastq.gz,${EQ_READS_DIR}/ERR16062467_2.fastq.gz,ERR16062467
34PRr1,${EQ_READS_DIR}/ERR16062468_1.fastq.gz,${EQ_READS_DIR}/ERR16062468_2.fastq.gz,ERR16062468
34PRr3,${EQ_READS_DIR}/ERR16062469_1.fastq.gz,${EQ_READS_DIR}/ERR16062469_2.fastq.gz,ERR16062469
35Dr2,${EQ_READS_DIR}/ERR16062470_1.fastq.gz,${EQ_READS_DIR}/ERR16062470_2.fastq.gz,ERR16062470
35Dr3,${EQ_READS_DIR}/ERR16062471_1.fastq.gz,${EQ_READS_DIR}/ERR16062471_2.fastq.gz,ERR16062471
35Sr1,${EQ_READS_DIR}/ERR16062472_1.fastq.gz,${EQ_READS_DIR}/ERR16062472_2.fastq.gz,ERR16062472
35Sr2,${EQ_READS_DIR}/ERR16062473_1.fastq.gz,${EQ_READS_DIR}/ERR16062473_2.fastq.gz,ERR16062473
35PRr1,${EQ_READS_DIR}/ERR16062474_1.fastq.gz,${EQ_READS_DIR}/ERR16062474_2.fastq.gz,ERR16062474
35PRr3,${EQ_READS_DIR}/ERR16062475_1.fastq.gz,${EQ_READS_DIR}/ERR16062475_2.fastq.gz,ERR16062475
36Dr2,${EQ_READS_DIR}/ERR16062476_1.fastq.gz,${EQ_READS_DIR}/ERR16062476_2.fastq.gz,ERR16062476
36Dr3,${EQ_READS_DIR}/ERR16062477_1.fastq.gz,${EQ_READS_DIR}/ERR16062477_2.fastq.gz,ERR16062477
36Sr1,${EQ_READS_DIR}/ERR16062478_1.fastq.gz,${EQ_READS_DIR}/ERR16062478_2.fastq.gz,ERR16062478
36Sr2,${EQ_READS_DIR}/ERR16062479_1.fastq.gz,${EQ_READS_DIR}/ERR16062479_2.fastq.gz,ERR16062479
36Sr3,${EQ_READS_DIR}/ERR16062480_1.fastq.gz,${EQ_READS_DIR}/ERR16062480_2.fastq.gz,ERR16062480
37Dr2,${EQ_READS_DIR}/ERR16062481_1.fastq.gz,${EQ_READS_DIR}/ERR16062481_2.fastq.gz,ERR16062481
37Dr3,${EQ_READS_DIR}/ERR16062482_1.fastq.gz,${EQ_READS_DIR}/ERR16062482_2.fastq.gz,ERR16062482
37Sr1,${EQ_READS_DIR}/ERR16062483_1.fastq.gz,${EQ_READS_DIR}/ERR16062483_2.fastq.gz,ERR16062483
37Sr2,${EQ_READS_DIR}/ERR16062484_1.fastq.gz,${EQ_READS_DIR}/ERR16062484_2.fastq.gz,ERR16062484
37PRr2,${EQ_READS_DIR}/ERR16062485_1.fastq.gz,${EQ_READS_DIR}/ERR16062485_2.fastq.gz,ERR16062485
37PRr3,${EQ_READS_DIR}/ERR16062486_1.fastq.gz,${EQ_READS_DIR}/ERR16062486_2.fastq.gz,ERR16062486
38Dr2,${EQ_READS_DIR}/ERR16062487_1.fastq.gz,${EQ_READS_DIR}/ERR16062487_2.fastq.gz,ERR16062487
38Dr3,${EQ_READS_DIR}/ERR16062488_1.fastq.gz,${EQ_READS_DIR}/ERR16062488_2.fastq.gz,ERR16062488
38Sr2,${EQ_READS_DIR}/ERR16062489_1.fastq.gz,${EQ_READS_DIR}/ERR16062489_2.fastq.gz,ERR16062489
38Sr3,${EQ_READS_DIR}/ERR16062490_1.fastq.gz,${EQ_READS_DIR}/ERR16062490_2.fastq.gz,ERR16062490
38PRr2,${EQ_READS_DIR}/ERR16062491_1.fastq.gz,${EQ_READS_DIR}/ERR16062491_2.fastq.gz,ERR16062491
38PRr3,${EQ_READS_DIR}/ERR16062492_1.fastq.gz,${EQ_READS_DIR}/ERR16062492_2.fastq.gz,ERR16062492
39Dr2,${EQ_READS_DIR}/ERR16062493_1.fastq.gz,${EQ_READS_DIR}/ERR16062493_2.fastq.gz,ERR16062493
39Dr3,${EQ_READS_DIR}/ERR16062494_1.fastq.gz,${EQ_READS_DIR}/ERR16062494_2.fastq.gz,ERR16062494
39Sr3,${EQ_READS_DIR}/ERR16062495_1.fastq.gz,${EQ_READS_DIR}/ERR16062495_2.fastq.gz,ERR16062495
39PRr1,${EQ_READS_DIR}/ERR16062496_1.fastq.gz,${EQ_READS_DIR}/ERR16062496_2.fastq.gz,ERR16062496
39PRr2,${EQ_READS_DIR}/ERR16062497_1.fastq.gz,${EQ_READS_DIR}/ERR16062497_2.fastq.gz,ERR16062497
39PRr3,${EQ_READS_DIR}/ERR16062498_1.fastq.gz,${EQ_READS_DIR}/ERR16062498_2.fastq.gz,ERR16062498
40Dr1,${EQ_READS_DIR}/ERR16062499_1.fastq.gz,${EQ_READS_DIR}/ERR16062499_2.fastq.gz,ERR16062499
40Dr2,${EQ_READS_DIR}/ERR16062500_1.fastq.gz,${EQ_READS_DIR}/ERR16062500_2.fastq.gz,ERR16062500
40PRr2,${EQ_READS_DIR}/ERR16062501_1.fastq.gz,${EQ_READS_DIR}/ERR16062501_2.fastq.gz,ERR16062501
40PRr3,${EQ_READS_DIR}/ERR16062502_1.fastq.gz,${EQ_READS_DIR}/ERR16062502_2.fastq.gz,ERR16062502
41Dr1,${EQ_READS_DIR}/ERR16062503_1.fastq.gz,${EQ_READS_DIR}/ERR16062503_2.fastq.gz,ERR16062503
41PRr2,${EQ_READS_DIR}/ERR16062504_1.fastq.gz,${EQ_READS_DIR}/ERR16062504_2.fastq.gz,ERR16062504
42Dr1,${EQ_READS_DIR}/ERR16062505_1.fastq.gz,${EQ_READS_DIR}/ERR16062505_2.fastq.gz,ERR16062505
42Sr1,${EQ_READS_DIR}/ERR16062506_1.fastq.gz,${EQ_READS_DIR}/ERR16062506_2.fastq.gz,ERR16062506
42Sr2,${EQ_READS_DIR}/ERR16062507_1.fastq.gz,${EQ_READS_DIR}/ERR16062507_2.fastq.gz,ERR16062507
42Sr3,${EQ_READS_DIR}/ERR16062508_1.fastq.gz,${EQ_READS_DIR}/ERR16062508_2.fastq.gz,ERR16062508
42PRr1,${EQ_READS_DIR}/ERR16062509_1.fastq.gz,${EQ_READS_DIR}/ERR16062509_2.fastq.gz,ERR16062509
42PRr2,${EQ_READS_DIR}/ERR16062510_1.fastq.gz,${EQ_READS_DIR}/ERR16062510_2.fastq.gz,ERR16062510
43Dr1,${EQ_READS_DIR}/ERR16062511_1.fastq.gz,${EQ_READS_DIR}/ERR16062511_2.fastq.gz,ERR16062511
43Dr2,${EQ_READS_DIR}/ERR16062512_1.fastq.gz,${EQ_READS_DIR}/ERR16062512_2.fastq.gz,ERR16062512
43Sr1,${EQ_READS_DIR}/ERR16062513_1.fastq.gz,${EQ_READS_DIR}/ERR16062513_2.fastq.gz,ERR16062513
43Sr2,${EQ_READS_DIR}/ERR16062514_1.fastq.gz,${EQ_READS_DIR}/ERR16062514_2.fastq.gz,ERR16062514
43PRr2,${EQ_READS_DIR}/ERR16062515_1.fastq.gz,${EQ_READS_DIR}/ERR16062515_2.fastq.gz,ERR16062515
44Dr2,${EQ_READS_DIR}/ERR16062516_1.fastq.gz,${EQ_READS_DIR}/ERR16062516_2.fastq.gz,ERR16062516
44PRr2,${EQ_READS_DIR}/ERR16062517_1.fastq.gz,${EQ_READS_DIR}/ERR16062517_2.fastq.gz,ERR16062517
44PRr3,${EQ_READS_DIR}/ERR16062518_1.fastq.gz,${EQ_READS_DIR}/ERR16062518_2.fastq.gz,ERR16062518
45Dr1,${EQ_READS_DIR}/ERR16062519_1.fastq.gz,${EQ_READS_DIR}/ERR16062519_2.fastq.gz,ERR16062519
45Dr3,${EQ_READS_DIR}/ERR16062520_1.fastq.gz,${EQ_READS_DIR}/ERR16062520_2.fastq.gz,ERR16062520
45Sr1,${EQ_READS_DIR}/ERR16062521_1.fastq.gz,${EQ_READS_DIR}/ERR16062521_2.fastq.gz,ERR16062521
45PRr2,${EQ_READS_DIR}/ERR16062522_1.fastq.gz,${EQ_READS_DIR}/ERR16062522_2.fastq.gz,ERR16062522
46Dr1,${EQ_READS_DIR}/ERR16062523_1.fastq.gz,${EQ_READS_DIR}/ERR16062523_2.fastq.gz,ERR16062523
46Sr3,${EQ_READS_DIR}/ERR16062524_1.fastq.gz,${EQ_READS_DIR}/ERR16062524_2.fastq.gz,ERR16062524
46PRr1,${EQ_READS_DIR}/ERR16062525_1.fastq.gz,${EQ_READS_DIR}/ERR16062525_2.fastq.gz,ERR16062525
47Dr2,${EQ_READS_DIR}/ERR16062526_1.fastq.gz,${EQ_READS_DIR}/ERR16062526_2.fastq.gz,ERR16062526
47Dr3,${EQ_READS_DIR}/ERR16062527_1.fastq.gz,${EQ_READS_DIR}/ERR16062527_2.fastq.gz,ERR16062527
47Sr1,${EQ_READS_DIR}/ERR16062528_1.fastq.gz,${EQ_READS_DIR}/ERR16062528_2.fastq.gz,ERR16062528
47PRr1,${EQ_READS_DIR}/ERR16062529_1.fastq.gz,${EQ_READS_DIR}/ERR16062529_2.fastq.gz,ERR16062529
48Dr2,${EQ_READS_DIR}/ERR16062530_1.fastq.gz,${EQ_READS_DIR}/ERR16062530_2.fastq.gz,ERR16062530
48Dr3,${EQ_READS_DIR}/ERR16062531_1.fastq.gz,${EQ_READS_DIR}/ERR16062531_2.fastq.gz,ERR16062531
48Sr2,${EQ_READS_DIR}/ERR16062532_1.fastq.gz,${EQ_READS_DIR}/ERR16062532_2.fastq.gz,ERR16062532
48PRr3,${EQ_READS_DIR}/ERR16062533_1.fastq.gz,${EQ_READS_DIR}/ERR16062533_2.fastq.gz,ERR16062533
49Dr2,${EQ_READS_DIR}/ERR16062534_1.fastq.gz,${EQ_READS_DIR}/ERR16062534_2.fastq.gz,ERR16062534
49Sr2,${EQ_READS_DIR}/ERR16062535_1.fastq.gz,${EQ_READS_DIR}/ERR16062535_2.fastq.gz,ERR16062535
49Sr3,${EQ_READS_DIR}/ERR16062536_1.fastq.gz,${EQ_READS_DIR}/ERR16062536_2.fastq.gz,ERR16062536
49PRr2,${EQ_READS_DIR}/ERR16062537_1.fastq.gz,${EQ_READS_DIR}/ERR16062537_2.fastq.gz,ERR16062537
50Dr1,${EQ_READS_DIR}/ERR16062538_1.fastq.gz,${EQ_READS_DIR}/ERR16062538_2.fastq.gz,ERR16062538
50Dr2,${EQ_READS_DIR}/ERR16062539_1.fastq.gz,${EQ_READS_DIR}/ERR16062539_2.fastq.gz,ERR16062539
50Sr1,${EQ_READS_DIR}/ERR16062540_1.fastq.gz,${EQ_READS_DIR}/ERR16062540_2.fastq.gz,ERR16062540
50Sr2,${EQ_READS_DIR}/ERR16062541_1.fastq.gz,${EQ_READS_DIR}/ERR16062541_2.fastq.gz,ERR16062541
50Sr3,${EQ_READS_DIR}/ERR16062542_1.fastq.gz,${EQ_READS_DIR}/ERR16062542_2.fastq.gz,ERR16062542
50PRr1,${EQ_READS_DIR}/ERR16062543_1.fastq.gz,${EQ_READS_DIR}/ERR16062543_2.fastq.gz,ERR16062543
50PRr2,${EQ_READS_DIR}/ERR16062544_1.fastq.gz,${EQ_READS_DIR}/ERR16062544_2.fastq.gz,ERR16062544
51Dr1,${EQ_READS_DIR}/ERR16062545_1.fastq.gz,${EQ_READS_DIR}/ERR16062545_2.fastq.gz,ERR16062545
51Dr3,${EQ_READS_DIR}/ERR16062546_1.fastq.gz,${EQ_READS_DIR}/ERR16062546_2.fastq.gz,ERR16062546
51Sr2,${EQ_READS_DIR}/ERR16062547_1.fastq.gz,${EQ_READS_DIR}/ERR16062547_2.fastq.gz,ERR16062547
51PRr3,${EQ_READS_DIR}/ERR16062548_1.fastq.gz,${EQ_READS_DIR}/ERR16062548_2.fastq.gz,ERR16062548
52Dr1,${EQ_READS_DIR}/ERR16062549_1.fastq.gz,${EQ_READS_DIR}/ERR16062549_2.fastq.gz,ERR16062549
53Dr2,${EQ_READS_DIR}/ERR16062550_1.fastq.gz,${EQ_READS_DIR}/ERR16062550_2.fastq.gz,ERR16062550
53Dr3,${EQ_READS_DIR}/ERR16062551_1.fastq.gz,${EQ_READS_DIR}/ERR16062551_2.fastq.gz,ERR16062551
53Sr3,${EQ_READS_DIR}/ERR16062552_1.fastq.gz,${EQ_READS_DIR}/ERR16062552_2.fastq.gz,ERR16062552
53PRr1,${EQ_READS_DIR}/ERR16062553_1.fastq.gz,${EQ_READS_DIR}/ERR16062553_2.fastq.gz,ERR16062553
53PRr2,${EQ_READS_DIR}/ERR16062554_1.fastq.gz,${EQ_READS_DIR}/ERR16062554_2.fastq.gz,ERR16062554
54Dr1,${EQ_READS_DIR}/ERR16062555_1.fastq.gz,${EQ_READS_DIR}/ERR16062555_2.fastq.gz,ERR16062555
54Dr2,${EQ_READS_DIR}/ERR16062556_1.fastq.gz,${EQ_READS_DIR}/ERR16062556_2.fastq.gz,ERR16062556
54Sr1,${EQ_READS_DIR}/ERR16062557_1.fastq.gz,${EQ_READS_DIR}/ERR16062557_2.fastq.gz,ERR16062557
54Sr2,${EQ_READS_DIR}/ERR16062558_1.fastq.gz,${EQ_READS_DIR}/ERR16062558_2.fastq.gz,ERR16062558
54Sr3,${EQ_READS_DIR}/ERR16062559_1.fastq.gz,${EQ_READS_DIR}/ERR16062559_2.fastq.gz,ERR16062559
54PRr1,${EQ_READS_DIR}/ERR16062560_1.fastq.gz,${EQ_READS_DIR}/ERR16062560_2.fastq.gz,ERR16062560
54PRr2,${EQ_READS_DIR}/ERR16062561_1.fastq.gz,${EQ_READS_DIR}/ERR16062561_2.fastq.gz,ERR16062561
54PRr3,${EQ_READS_DIR}/ERR16062562_1.fastq.gz,${EQ_READS_DIR}/ERR16062562_2.fastq.gz,ERR16062562
55Dr2,${EQ_READS_DIR}/ERR16062563_1.fastq.gz,${EQ_READS_DIR}/ERR16062563_2.fastq.gz,ERR16062563
55Sr1,${EQ_READS_DIR}/ERR16062564_1.fastq.gz,${EQ_READS_DIR}/ERR16062564_2.fastq.gz,ERR16062564
55Sr3,${EQ_READS_DIR}/ERR16062565_1.fastq.gz,${EQ_READS_DIR}/ERR16062565_2.fastq.gz,ERR16062565
55PRr1,${EQ_READS_DIR}/ERR16062566_1.fastq.gz,${EQ_READS_DIR}/ERR16062566_2.fastq.gz,ERR16062566
55PRr3,${EQ_READS_DIR}/ERR16062567_1.fastq.gz,${EQ_READS_DIR}/ERR16062567_2.fastq.gz,ERR16062567
56Dr1,${EQ_READS_DIR}/ERR16062568_1.fastq.gz,${EQ_READS_DIR}/ERR16062568_2.fastq.gz,ERR16062568
56Dr3,${EQ_READS_DIR}/ERR16062569_1.fastq.gz,${EQ_READS_DIR}/ERR16062569_2.fastq.gz,ERR16062569
56Sr1,${EQ_READS_DIR}/ERR16062570_1.fastq.gz,${EQ_READS_DIR}/ERR16062570_2.fastq.gz,ERR16062570
56Sr3,${EQ_READS_DIR}/ERR16062571_1.fastq.gz,${EQ_READS_DIR}/ERR16062571_2.fastq.gz,ERR16062571
57Dr3,${EQ_READS_DIR}/ERR16062572_1.fastq.gz,${EQ_READS_DIR}/ERR16062572_2.fastq.gz,ERR16062572
57Sr2,${EQ_READS_DIR}/ERR16062573_1.fastq.gz,${EQ_READS_DIR}/ERR16062573_2.fastq.gz,ERR16062573
57PRr1,${EQ_READS_DIR}/ERR16062574_1.fastq.gz,${EQ_READS_DIR}/ERR16062574_2.fastq.gz,ERR16062574
57PRr3,${EQ_READS_DIR}/ERR16062575_1.fastq.gz,${EQ_READS_DIR}/ERR16062575_2.fastq.gz,ERR16062575
58Sr2,${EQ_READS_DIR}/ERR16062576_1.fastq.gz,${EQ_READS_DIR}/ERR16062576_2.fastq.gz,ERR16062576
58Sr3,${EQ_READS_DIR}/ERR16062577_1.fastq.gz,${EQ_READS_DIR}/ERR16062577_2.fastq.gz,ERR16062577
58PRr1,${EQ_READS_DIR}/ERR16062578_1.fastq.gz,${EQ_READS_DIR}/ERR16062578_2.fastq.gz,ERR16062578
59PRr3,${EQ_READS_DIR}/ERR16062579_1.fastq.gz,${EQ_READS_DIR}/ERR16062579_2.fastq.gz,ERR16062579
60Dr2,${EQ_READS_DIR}/ERR16062580_1.fastq.gz,${EQ_READS_DIR}/ERR16062580_2.fastq.gz,ERR16062580
60Dr3,${EQ_READS_DIR}/ERR16062581_1.fastq.gz,${EQ_READS_DIR}/ERR16062581_2.fastq.gz,ERR16062581
60Sr3,${EQ_READS_DIR}/ERR16062582_1.fastq.gz,${EQ_READS_DIR}/ERR16062582_2.fastq.gz,ERR16062582
S18Dr1,${EQ_READS_DIR}/ERR16062583_1.fastq.gz,${EQ_READS_DIR}/ERR16062583_2.fastq.gz,ERR16062583
S18Sr1,${EQ_READS_DIR}/ERR16062584_1.fastq.gz,${EQ_READS_DIR}/ERR16062584_2.fastq.gz,ERR16062584
S18PRr1,${EQ_READS_DIR}/ERR16062585_1.fastq.gz,${EQ_READS_DIR}/ERR16062585_2.fastq.gz,ERR16062585
F1Dr1,${EQ_READS_DIR}/ERR16062694_1.fastq.gz,${EQ_READS_DIR}/ERR16062694_2.fastq.gz,ERR16062694
F1Dr2,${EQ_READS_DIR}/ERR16062695_1.fastq.gz,${EQ_READS_DIR}/ERR16062695_2.fastq.gz,ERR16062695
F1Dr3,${EQ_READS_DIR}/ERR16062696_1.fastq.gz,${EQ_READS_DIR}/ERR16062696_2.fastq.gz,ERR16062696
F1Sr1,${EQ_READS_DIR}/ERR16062697_1.fastq.gz,${EQ_READS_DIR}/ERR16062697_2.fastq.gz,ERR16062697
F1Sr2,${EQ_READS_DIR}/ERR16062698_1.fastq.gz,${EQ_READS_DIR}/ERR16062698_2.fastq.gz,ERR16062698
F1Sr3,${EQ_READS_DIR}/ERR16062699_1.fastq.gz,${EQ_READS_DIR}/ERR16062699_2.fastq.gz,ERR16062699
F1PRr1,${EQ_READS_DIR}/ERR16062700_1.fastq.gz,${EQ_READS_DIR}/ERR16062700_2.fastq.gz,ERR16062700
F1PRr2,${EQ_READS_DIR}/ERR16062701_1.fastq.gz,${EQ_READS_DIR}/ERR16062701_2.fastq.gz,ERR16062701
F1PRr3,${EQ_READS_DIR}/ERR16062702_1.fastq.gz,${EQ_READS_DIR}/ERR16062702_2.fastq.gz,ERR16062702
F2Dr1,${EQ_READS_DIR}/ERR16062703_1.fastq.gz,${EQ_READS_DIR}/ERR16062703_2.fastq.gz,ERR16062703
F2Dr2,${EQ_READS_DIR}/ERR16062704_1.fastq.gz,${EQ_READS_DIR}/ERR16062704_2.fastq.gz,ERR16062704
F2Dr3,${EQ_READS_DIR}/ERR16062705_1.fastq.gz,${EQ_READS_DIR}/ERR16062705_2.fastq.gz,ERR16062705
F2Sr1,${EQ_READS_DIR}/ERR16062706_1.fastq.gz,${EQ_READS_DIR}/ERR16062706_2.fastq.gz,ERR16062706
F2Sr2,${EQ_READS_DIR}/ERR16062707_1.fastq.gz,${EQ_READS_DIR}/ERR16062707_2.fastq.gz,ERR16062707
F2Sr3,${EQ_READS_DIR}/ERR16062708_1.fastq.gz,${EQ_READS_DIR}/ERR16062708_2.fastq.gz,ERR16062708
F2PRr1,${EQ_READS_DIR}/ERR16062709_1.fastq.gz,${EQ_READS_DIR}/ERR16062709_2.fastq.gz,ERR16062709
F2PRr2,${EQ_READS_DIR}/ERR16062710_1.fastq.gz,${EQ_READS_DIR}/ERR16062710_2.fastq.gz,ERR16062710
F2PRr3,${EQ_READS_DIR}/ERR16062711_1.fastq.gz,${EQ_READS_DIR}/ERR16062711_2.fastq.gz,ERR16062711
F3Dr1,${EQ_READS_DIR}/ERR16062712_1.fastq.gz,${EQ_READS_DIR}/ERR16062712_2.fastq.gz,ERR16062712
F3Dr2,${EQ_READS_DIR}/ERR16062713_1.fastq.gz,${EQ_READS_DIR}/ERR16062713_2.fastq.gz,ERR16062713
F3Dr3,${EQ_READS_DIR}/ERR16062714_1.fastq.gz,${EQ_READS_DIR}/ERR16062714_2.fastq.gz,ERR16062714
F3Sr1,${EQ_READS_DIR}/ERR16062715_1.fastq.gz,${EQ_READS_DIR}/ERR16062715_2.fastq.gz,ERR16062715
F3Sr2,${EQ_READS_DIR}/ERR16062716_1.fastq.gz,${EQ_READS_DIR}/ERR16062716_2.fastq.gz,ERR16062716
F3Sr3,${EQ_READS_DIR}/ERR16062717_1.fastq.gz,${EQ_READS_DIR}/ERR16062717_2.fastq.gz,ERR16062717
F3PRr1,${EQ_READS_DIR}/ERR16062718_1.fastq.gz,${EQ_READS_DIR}/ERR16062718_2.fastq.gz,ERR16062718
F3PRr2,${EQ_READS_DIR}/ERR16062719_1.fastq.gz,${EQ_READS_DIR}/ERR16062719_2.fastq.gz,ERR16062719
F4Dr1,${EQ_READS_DIR}/ERR16062720_1.fastq.gz,${EQ_READS_DIR}/ERR16062720_2.fastq.gz,ERR16062720
F4Dr2,${EQ_READS_DIR}/ERR16062721_1.fastq.gz,${EQ_READS_DIR}/ERR16062721_2.fastq.gz,ERR16062721
F4Sr1,${EQ_READS_DIR}/ERR16062722_1.fastq.gz,${EQ_READS_DIR}/ERR16062722_2.fastq.gz,ERR16062722
F4Sr2,${EQ_READS_DIR}/ERR16062723_1.fastq.gz,${EQ_READS_DIR}/ERR16062723_2.fastq.gz,ERR16062723
F4Sr3,${EQ_READS_DIR}/ERR16062724_1.fastq.gz,${EQ_READS_DIR}/ERR16062724_2.fastq.gz,ERR16062724
F4PRr1,${EQ_READS_DIR}/ERR16062725_1.fastq.gz,${EQ_READS_DIR}/ERR16062725_2.fastq.gz,ERR16062725
F4PRr2,${EQ_READS_DIR}/ERR16062726_1.fastq.gz,${EQ_READS_DIR}/ERR16062726_2.fastq.gz,ERR16062726
F5Dr2,${EQ_READS_DIR}/ERR16062727_1.fastq.gz,${EQ_READS_DIR}/ERR16062727_2.fastq.gz,ERR16062727
F5Dr3,${EQ_READS_DIR}/ERR16062728_1.fastq.gz,${EQ_READS_DIR}/ERR16062728_2.fastq.gz,ERR16062728
F5Sr1,${EQ_READS_DIR}/ERR16062729_1.fastq.gz,${EQ_READS_DIR}/ERR16062729_2.fastq.gz,ERR16062729
F5Sr2,${EQ_READS_DIR}/ERR16062730_1.fastq.gz,${EQ_READS_DIR}/ERR16062730_2.fastq.gz,ERR16062730
F5Sr3,${EQ_READS_DIR}/ERR16062731_1.fastq.gz,${EQ_READS_DIR}/ERR16062731_2.fastq.gz,ERR16062731
F5PRr2,${EQ_READS_DIR}/ERR16062732_1.fastq.gz,${EQ_READS_DIR}/ERR16062732_2.fastq.gz,ERR16062732
F6Dr1,${EQ_READS_DIR}/ERR16062733_1.fastq.gz,${EQ_READS_DIR}/ERR16062733_2.fastq.gz,ERR16062733
F6Sr1,${EQ_READS_DIR}/ERR16062734_1.fastq.gz,${EQ_READS_DIR}/ERR16062734_2.fastq.gz,ERR16062734
F6Sr2,${EQ_READS_DIR}/ERR16062735_1.fastq.gz,${EQ_READS_DIR}/ERR16062735_2.fastq.gz,ERR16062735
F6Sr3,${EQ_READS_DIR}/ERR16062736_1.fastq.gz,${EQ_READS_DIR}/ERR16062736_2.fastq.gz,ERR16062736
F6PRr1,${EQ_READS_DIR}/ERR16062737_1.fastq.gz,${EQ_READS_DIR}/ERR16062737_2.fastq.gz,ERR16062737
F6PRr2,${EQ_READS_DIR}/ERR16062738_1.fastq.gz,${EQ_READS_DIR}/ERR16062738_2.fastq.gz,ERR16062738
F6PRr3,${EQ_READS_DIR}/ERR16062739_1.fastq.gz,${EQ_READS_DIR}/ERR16062739_2.fastq.gz,ERR16062739
F7Dr1,${EQ_READS_DIR}/ERR16062740_1.fastq.gz,${EQ_READS_DIR}/ERR16062740_2.fastq.gz,ERR16062740
F7Dr2,${EQ_READS_DIR}/ERR16062741_1.fastq.gz,${EQ_READS_DIR}/ERR16062741_2.fastq.gz,ERR16062741
F7Dr3,${EQ_READS_DIR}/ERR16062742_1.fastq.gz,${EQ_READS_DIR}/ERR16062742_2.fastq.gz,ERR16062742
F7Sr1,${EQ_READS_DIR}/ERR16062743_1.fastq.gz,${EQ_READS_DIR}/ERR16062743_2.fastq.gz,ERR16062743
F7Sr2,${EQ_READS_DIR}/ERR16062744_1.fastq.gz,${EQ_READS_DIR}/ERR16062744_2.fastq.gz,ERR16062744
F7Sr3,${EQ_READS_DIR}/ERR16062745_1.fastq.gz,${EQ_READS_DIR}/ERR16062745_2.fastq.gz,ERR16062745
F7PRr1,${EQ_READS_DIR}/ERR16062746_1.fastq.gz,${EQ_READS_DIR}/ERR16062746_2.fastq.gz,ERR16062746
F7PRr2,${EQ_READS_DIR}/ERR16062747_1.fastq.gz,${EQ_READS_DIR}/ERR16062747_2.fastq.gz,ERR16062747
F7PRr3,${EQ_READS_DIR}/ERR16062748_1.fastq.gz,${EQ_READS_DIR}/ERR16062748_2.fastq.gz,ERR16062748
F8Dr1,${EQ_READS_DIR}/ERR16062749_1.fastq.gz,${EQ_READS_DIR}/ERR16062749_2.fastq.gz,ERR16062749
F8Dr2,${EQ_READS_DIR}/ERR16062750_1.fastq.gz,${EQ_READS_DIR}/ERR16062750_2.fastq.gz,ERR16062750
F8Dr3,${EQ_READS_DIR}/ERR16062751_1.fastq.gz,${EQ_READS_DIR}/ERR16062751_2.fastq.gz,ERR16062751
F8Sr1,${EQ_READS_DIR}/ERR16062752_1.fastq.gz,${EQ_READS_DIR}/ERR16062752_2.fastq.gz,ERR16062752
F8Sr2,${EQ_READS_DIR}/ERR16062753_1.fastq.gz,${EQ_READS_DIR}/ERR16062753_2.fastq.gz,ERR16062753
F8Sr3,${EQ_READS_DIR}/ERR16062754_1.fastq.gz,${EQ_READS_DIR}/ERR16062754_2.fastq.gz,ERR16062754
F8PRr1,${EQ_READS_DIR}/ERR16062755_1.fastq.gz,${EQ_READS_DIR}/ERR16062755_2.fastq.gz,ERR16062755
F8PRr2,${EQ_READS_DIR}/ERR16062756_1.fastq.gz,${EQ_READS_DIR}/ERR16062756_2.fastq.gz,ERR16062756
F8PRr3,${EQ_READS_DIR}/ERR16062757_1.fastq.gz,${EQ_READS_DIR}/ERR16062757_2.fastq.gz,ERR16062757
F9Dr1,${EQ_READS_DIR}/ERR16062758_1.fastq.gz,${EQ_READS_DIR}/ERR16062758_2.fastq.gz,ERR16062758
F9Dr2,${EQ_READS_DIR}/ERR16062759_1.fastq.gz,${EQ_READS_DIR}/ERR16062759_2.fastq.gz,ERR16062759
F9Dr3,${EQ_READS_DIR}/ERR16062760_1.fastq.gz,${EQ_READS_DIR}/ERR16062760_2.fastq.gz,ERR16062760
F9Sr1,${EQ_READS_DIR}/ERR16062761_1.fastq.gz,${EQ_READS_DIR}/ERR16062761_2.fastq.gz,ERR16062761
F9Sr2,${EQ_READS_DIR}/ERR16062762_1.fastq.gz,${EQ_READS_DIR}/ERR16062762_2.fastq.gz,ERR16062762
F9Sr3,${EQ_READS_DIR}/ERR16062763_1.fastq.gz,${EQ_READS_DIR}/ERR16062763_2.fastq.gz,ERR16062763
F9PRr1,${EQ_READS_DIR}/ERR16062764_1.fastq.gz,${EQ_READS_DIR}/ERR16062764_2.fastq.gz,ERR16062764
F9PRr2,${EQ_READS_DIR}/ERR16062765_1.fastq.gz,${EQ_READS_DIR}/ERR16062765_2.fastq.gz,ERR16062765
F9PRr3,${EQ_READS_DIR}/ERR16062766_1.fastq.gz,${EQ_READS_DIR}/ERR16062766_2.fastq.gz,ERR16062766
F10Dr1,${EQ_READS_DIR}/ERR16062767_1.fastq.gz,${EQ_READS_DIR}/ERR16062767_2.fastq.gz,ERR16062767
F10Dr2,${EQ_READS_DIR}/ERR16062768_1.fastq.gz,${EQ_READS_DIR}/ERR16062768_2.fastq.gz,ERR16062768
F10Dr3,${EQ_READS_DIR}/ERR16062769_1.fastq.gz,${EQ_READS_DIR}/ERR16062769_2.fastq.gz,ERR16062769
F10Sr1,${EQ_READS_DIR}/ERR16062770_1.fastq.gz,${EQ_READS_DIR}/ERR16062770_2.fastq.gz,ERR16062770
F10Sr2,${EQ_READS_DIR}/ERR16062771_1.fastq.gz,${EQ_READS_DIR}/ERR16062771_2.fastq.gz,ERR16062771
F10Sr3,${EQ_READS_DIR}/ERR16062772_1.fastq.gz,${EQ_READS_DIR}/ERR16062772_2.fastq.gz,ERR16062772
F10PRr1,${EQ_READS_DIR}/ERR16062773_1.fastq.gz,${EQ_READS_DIR}/ERR16062773_2.fastq.gz,ERR16062773
F10PRr2,${EQ_READS_DIR}/ERR16062774_1.fastq.gz,${EQ_READS_DIR}/ERR16062774_2.fastq.gz,ERR16062774
F11Dr1,${EQ_READS_DIR}/ERR16062775_1.fastq.gz,${EQ_READS_DIR}/ERR16062775_2.fastq.gz,ERR16062775
F11Dr2,${EQ_READS_DIR}/ERR16062776_1.fastq.gz,${EQ_READS_DIR}/ERR16062776_2.fastq.gz,ERR16062776
F11Dr3,${EQ_READS_DIR}/ERR16062777_1.fastq.gz,${EQ_READS_DIR}/ERR16062777_2.fastq.gz,ERR16062777
F11Sr1,${EQ_READS_DIR}/ERR16062778_1.fastq.gz,${EQ_READS_DIR}/ERR16062778_2.fastq.gz,ERR16062778
F11Sr2,${EQ_READS_DIR}/ERR16062779_1.fastq.gz,${EQ_READS_DIR}/ERR16062779_2.fastq.gz,ERR16062779
F11Sr3,${EQ_READS_DIR}/ERR16062780_1.fastq.gz,${EQ_READS_DIR}/ERR16062780_2.fastq.gz,ERR16062780
F11PRr1,${EQ_READS_DIR}/ERR16062781_1.fastq.gz,${EQ_READS_DIR}/ERR16062781_2.fastq.gz,ERR16062781
F11PRr2,${EQ_READS_DIR}/ERR16062782_1.fastq.gz,${EQ_READS_DIR}/ERR16062782_2.fastq.gz,ERR16062782
F11PRr3,${EQ_READS_DIR}/ERR16062783_1.fastq.gz,${EQ_READS_DIR}/ERR16062783_2.fastq.gz,ERR16062783
F12Dr1,${EQ_READS_DIR}/ERR16062784_1.fastq.gz,${EQ_READS_DIR}/ERR16062784_2.fastq.gz,ERR16062784
F12Dr2,${EQ_READS_DIR}/ERR16062785_1.fastq.gz,${EQ_READS_DIR}/ERR16062785_2.fastq.gz,ERR16062785
F12Sr2,${EQ_READS_DIR}/ERR16062786_1.fastq.gz,${EQ_READS_DIR}/ERR16062786_2.fastq.gz,ERR16062786
F12Sr3,${EQ_READS_DIR}/ERR16062787_1.fastq.gz,${EQ_READS_DIR}/ERR16062787_2.fastq.gz,ERR16062787
F12PRr1,${EQ_READS_DIR}/ERR16062788_1.fastq.gz,${EQ_READS_DIR}/ERR16062788_2.fastq.gz,ERR16062788
F12PRr2,${EQ_READS_DIR}/ERR16062789_1.fastq.gz,${EQ_READS_DIR}/ERR16062789_2.fastq.gz,ERR16062789
F12PRr3,${EQ_READS_DIR}/ERR16062790_1.fastq.gz,${EQ_READS_DIR}/ERR16062790_2.fastq.gz,ERR16062790
F13Dr1,${EQ_READS_DIR}/ERR16062791_1.fastq.gz,${EQ_READS_DIR}/ERR16062791_2.fastq.gz,ERR16062791
F13Dr2,${EQ_READS_DIR}/ERR16062792_1.fastq.gz,${EQ_READS_DIR}/ERR16062792_2.fastq.gz,ERR16062792
F13Dr3,${EQ_READS_DIR}/ERR16062793_1.fastq.gz,${EQ_READS_DIR}/ERR16062793_2.fastq.gz,ERR16062793
F13Sr1,${EQ_READS_DIR}/ERR16062794_1.fastq.gz,${EQ_READS_DIR}/ERR16062794_2.fastq.gz,ERR16062794
F13Sr2,${EQ_READS_DIR}/ERR16062795_1.fastq.gz,${EQ_READS_DIR}/ERR16062795_2.fastq.gz,ERR16062795
F13Sr3,${EQ_READS_DIR}/ERR16062796_1.fastq.gz,${EQ_READS_DIR}/ERR16062796_2.fastq.gz,ERR16062796
F13PRr1,${EQ_READS_DIR}/ERR16062797_1.fastq.gz,${EQ_READS_DIR}/ERR16062797_2.fastq.gz,ERR16062797
F13PRr2,${EQ_READS_DIR}/ERR16062798_1.fastq.gz,${EQ_READS_DIR}/ERR16062798_2.fastq.gz,ERR16062798
F13PRr3,${EQ_READS_DIR}/ERR16062799_1.fastq.gz,${EQ_READS_DIR}/ERR16062799_2.fastq.gz,ERR16062799
F14Dr1,${EQ_READS_DIR}/ERR16062800_1.fastq.gz,${EQ_READS_DIR}/ERR16062800_2.fastq.gz,ERR16062800
F14Dr2,${EQ_READS_DIR}/ERR16062801_1.fastq.gz,${EQ_READS_DIR}/ERR16062801_2.fastq.gz,ERR16062801
F14Dr3,${EQ_READS_DIR}/ERR16062802_1.fastq.gz,${EQ_READS_DIR}/ERR16062802_2.fastq.gz,ERR16062802
F14Sr1,${EQ_READS_DIR}/ERR16062803_1.fastq.gz,${EQ_READS_DIR}/ERR16062803_2.fastq.gz,ERR16062803
F14Sr2,${EQ_READS_DIR}/ERR16062804_1.fastq.gz,${EQ_READS_DIR}/ERR16062804_2.fastq.gz,ERR16062804
F14Sr3,${EQ_READS_DIR}/ERR16062805_1.fastq.gz,${EQ_READS_DIR}/ERR16062805_2.fastq.gz,ERR16062805
F14PRr1,${EQ_READS_DIR}/ERR16062806_1.fastq.gz,${EQ_READS_DIR}/ERR16062806_2.fastq.gz,ERR16062806
F14PRr2,${EQ_READS_DIR}/ERR16062807_1.fastq.gz,${EQ_READS_DIR}/ERR16062807_2.fastq.gz,ERR16062807
F14PRr3,${EQ_READS_DIR}/ERR16062808_1.fastq.gz,${EQ_READS_DIR}/ERR16062808_2.fastq.gz,ERR16062808
F15Dr1,${EQ_READS_DIR}/ERR16062809_1.fastq.gz,${EQ_READS_DIR}/ERR16062809_2.fastq.gz,ERR16062809
F15Dr2,${EQ_READS_DIR}/ERR16062810_1.fastq.gz,${EQ_READS_DIR}/ERR16062810_2.fastq.gz,ERR16062810
F15Dr3,${EQ_READS_DIR}/ERR16062811_1.fastq.gz,${EQ_READS_DIR}/ERR16062811_2.fastq.gz,ERR16062811
F15Sr1,${EQ_READS_DIR}/ERR16062812_1.fastq.gz,${EQ_READS_DIR}/ERR16062812_2.fastq.gz,ERR16062812
F15Sr2,${EQ_READS_DIR}/ERR16062813_1.fastq.gz,${EQ_READS_DIR}/ERR16062813_2.fastq.gz,ERR16062813
F15Sr3,${EQ_READS_DIR}/ERR16062814_1.fastq.gz,${EQ_READS_DIR}/ERR16062814_2.fastq.gz,ERR16062814
F15PRr1,${EQ_READS_DIR}/ERR16062815_1.fastq.gz,${EQ_READS_DIR}/ERR16062815_2.fastq.gz,ERR16062815
F15PRr2,${EQ_READS_DIR}/ERR16062816_1.fastq.gz,${EQ_READS_DIR}/ERR16062816_2.fastq.gz,ERR16062816
F15PRr3,${EQ_READS_DIR}/ERR16062817_1.fastq.gz,${EQ_READS_DIR}/ERR16062817_2.fastq.gz,ERR16062817
F16Dr1,${EQ_READS_DIR}/ERR16062818_1.fastq.gz,${EQ_READS_DIR}/ERR16062818_2.fastq.gz,ERR16062818
F16Dr2,${EQ_READS_DIR}/ERR16062819_1.fastq.gz,${EQ_READS_DIR}/ERR16062819_2.fastq.gz,ERR16062819
F16Dr3,${EQ_READS_DIR}/ERR16062820_1.fastq.gz,${EQ_READS_DIR}/ERR16062820_2.fastq.gz,ERR16062820
F16Sr1,${EQ_READS_DIR}/ERR16062821_1.fastq.gz,${EQ_READS_DIR}/ERR16062821_2.fastq.gz,ERR16062821
F16Sr2,${EQ_READS_DIR}/ERR16062822_1.fastq.gz,${EQ_READS_DIR}/ERR16062822_2.fastq.gz,ERR16062822
F16Sr3,${EQ_READS_DIR}/ERR16062823_1.fastq.gz,${EQ_READS_DIR}/ERR16062823_2.fastq.gz,ERR16062823
F16PRr1,${EQ_READS_DIR}/ERR16062824_1.fastq.gz,${EQ_READS_DIR}/ERR16062824_2.fastq.gz,ERR16062824
F16PRr2,${EQ_READS_DIR}/ERR16062825_1.fastq.gz,${EQ_READS_DIR}/ERR16062825_2.fastq.gz,ERR16062825
F16PRr3,${EQ_READS_DIR}/ERR16062826_1.fastq.gz,${EQ_READS_DIR}/ERR16062826_2.fastq.gz,ERR16062826
F17Dr1,${EQ_READS_DIR}/ERR16062827_1.fastq.gz,${EQ_READS_DIR}/ERR16062827_2.fastq.gz,ERR16062827
F17Dr2,${EQ_READS_DIR}/ERR16062828_1.fastq.gz,${EQ_READS_DIR}/ERR16062828_2.fastq.gz,ERR16062828
F17Dr3,${EQ_READS_DIR}/ERR16062829_1.fastq.gz,${EQ_READS_DIR}/ERR16062829_2.fastq.gz,ERR16062829
F17Sr1,${EQ_READS_DIR}/ERR16062830_1.fastq.gz,${EQ_READS_DIR}/ERR16062830_2.fastq.gz,ERR16062830
F17Sr2,${EQ_READS_DIR}/ERR16062831_1.fastq.gz,${EQ_READS_DIR}/ERR16062831_2.fastq.gz,ERR16062831
F17Sr3,${EQ_READS_DIR}/ERR16062832_1.fastq.gz,${EQ_READS_DIR}/ERR16062832_2.fastq.gz,ERR16062832
F17PRr1,${EQ_READS_DIR}/ERR16062833_1.fastq.gz,${EQ_READS_DIR}/ERR16062833_2.fastq.gz,ERR16062833
F17PRr2,${EQ_READS_DIR}/ERR16062834_1.fastq.gz,${EQ_READS_DIR}/ERR16062834_2.fastq.gz,ERR16062834
F17PRr3,${EQ_READS_DIR}/ERR16062835_1.fastq.gz,${EQ_READS_DIR}/ERR16062835_2.fastq.gz,ERR16062835
F18Dr1,${EQ_READS_DIR}/ERR16062836_1.fastq.gz,${EQ_READS_DIR}/ERR16062836_2.fastq.gz,ERR16062836
F18Dr2,${EQ_READS_DIR}/ERR16062837_1.fastq.gz,${EQ_READS_DIR}/ERR16062837_2.fastq.gz,ERR16062837
F18Dr3,${EQ_READS_DIR}/ERR16062838_1.fastq.gz,${EQ_READS_DIR}/ERR16062838_2.fastq.gz,ERR16062838
F18Sr1,${EQ_READS_DIR}/ERR16062839_1.fastq.gz,${EQ_READS_DIR}/ERR16062839_2.fastq.gz,ERR16062839
F18Sr2,${EQ_READS_DIR}/ERR16062840_1.fastq.gz,${EQ_READS_DIR}/ERR16062840_2.fastq.gz,ERR16062840
F18Sr3,${EQ_READS_DIR}/ERR16062841_1.fastq.gz,${EQ_READS_DIR}/ERR16062841_2.fastq.gz,ERR16062841
F18PRr1,${EQ_READS_DIR}/ERR16062842_1.fastq.gz,${EQ_READS_DIR}/ERR16062842_2.fastq.gz,ERR16062842
F18PRr2,${EQ_READS_DIR}/ERR16062843_1.fastq.gz,${EQ_READS_DIR}/ERR16062843_2.fastq.gz,ERR16062843
F18PRr3,${EQ_READS_DIR}/ERR16062844_1.fastq.gz,${EQ_READS_DIR}/ERR16062844_2.fastq.gz,ERR16062844
F19Dr1,${EQ_READS_DIR}/ERR16062845_1.fastq.gz,${EQ_READS_DIR}/ERR16062845_2.fastq.gz,ERR16062845
F19Dr2,${EQ_READS_DIR}/ERR16062846_1.fastq.gz,${EQ_READS_DIR}/ERR16062846_2.fastq.gz,ERR16062846
F19Dr3,${EQ_READS_DIR}/ERR16062847_1.fastq.gz,${EQ_READS_DIR}/ERR16062847_2.fastq.gz,ERR16062847
F19Sr1,${EQ_READS_DIR}/ERR16062848_1.fastq.gz,${EQ_READS_DIR}/ERR16062848_2.fastq.gz,ERR16062848
F19Sr2,${EQ_READS_DIR}/ERR16062849_1.fastq.gz,${EQ_READS_DIR}/ERR16062849_2.fastq.gz,ERR16062849
F19Sr3,${EQ_READS_DIR}/ERR16062850_1.fastq.gz,${EQ_READS_DIR}/ERR16062850_2.fastq.gz,ERR16062850
F19PRr1,${EQ_READS_DIR}/ERR16062851_1.fastq.gz,${EQ_READS_DIR}/ERR16062851_2.fastq.gz,ERR16062851
F19PRr2,${EQ_READS_DIR}/ERR16062852_1.fastq.gz,${EQ_READS_DIR}/ERR16062852_2.fastq.gz,ERR16062852
F19PRr3,${EQ_READS_DIR}/ERR16062853_1.fastq.gz,${EQ_READS_DIR}/ERR16062853_2.fastq.gz,ERR16062853
F20Dr1,${EQ_READS_DIR}/ERR16062854_1.fastq.gz,${EQ_READS_DIR}/ERR16062854_2.fastq.gz,ERR16062854
F20Dr2,${EQ_READS_DIR}/ERR16062855_1.fastq.gz,${EQ_READS_DIR}/ERR16062855_2.fastq.gz,ERR16062855
F20Dr3,${EQ_READS_DIR}/ERR16062856_1.fastq.gz,${EQ_READS_DIR}/ERR16062856_2.fastq.gz,ERR16062856
F20Sr2,${EQ_READS_DIR}/ERR16062857_1.fastq.gz,${EQ_READS_DIR}/ERR16062857_2.fastq.gz,ERR16062857
F20Sr3,${EQ_READS_DIR}/ERR16062858_1.fastq.gz,${EQ_READS_DIR}/ERR16062858_2.fastq.gz,ERR16062858
F20PRr1,${EQ_READS_DIR}/ERR16062859_1.fastq.gz,${EQ_READS_DIR}/ERR16062859_2.fastq.gz,ERR16062859
F20PRr2,${EQ_READS_DIR}/ERR16062860_1.fastq.gz,${EQ_READS_DIR}/ERR16062860_2.fastq.gz,ERR16062860
F20PRr3,${EQ_READS_DIR}/ERR16062861_1.fastq.gz,${EQ_READS_DIR}/ERR16062861_2.fastq.gz,ERR16062861
F21Dr1,${EQ_READS_DIR}/ERR16062862_1.fastq.gz,${EQ_READS_DIR}/ERR16062862_2.fastq.gz,ERR16062862
F21Dr2,${EQ_READS_DIR}/ERR16062863_1.fastq.gz,${EQ_READS_DIR}/ERR16062863_2.fastq.gz,ERR16062863
F21Dr3,${EQ_READS_DIR}/ERR16062864_1.fastq.gz,${EQ_READS_DIR}/ERR16062864_2.fastq.gz,ERR16062864
F21Sr1,${EQ_READS_DIR}/ERR16062865_1.fastq.gz,${EQ_READS_DIR}/ERR16062865_2.fastq.gz,ERR16062865
F21Sr2,${EQ_READS_DIR}/ERR16062866_1.fastq.gz,${EQ_READS_DIR}/ERR16062866_2.fastq.gz,ERR16062866
F21Sr3,${EQ_READS_DIR}/ERR16062867_1.fastq.gz,${EQ_READS_DIR}/ERR16062867_2.fastq.gz,ERR16062867
F21PRr1,${EQ_READS_DIR}/ERR16062868_1.fastq.gz,${EQ_READS_DIR}/ERR16062868_2.fastq.gz,ERR16062868
F21PRr2,${EQ_READS_DIR}/ERR16062869_1.fastq.gz,${EQ_READS_DIR}/ERR16062869_2.fastq.gz,ERR16062869
F21PRr3,${EQ_READS_DIR}/ERR16062870_1.fastq.gz,${EQ_READS_DIR}/ERR16062870_2.fastq.gz,ERR16062870
F22Dr1,${EQ_READS_DIR}/ERR16062871_1.fastq.gz,${EQ_READS_DIR}/ERR16062871_2.fastq.gz,ERR16062871
F22Dr2,${EQ_READS_DIR}/ERR16062872_1.fastq.gz,${EQ_READS_DIR}/ERR16062872_2.fastq.gz,ERR16062872
F22Dr3,${EQ_READS_DIR}/ERR16062873_1.fastq.gz,${EQ_READS_DIR}/ERR16062873_2.fastq.gz,ERR16062873
F22Sr1,${EQ_READS_DIR}/ERR16062874_1.fastq.gz,${EQ_READS_DIR}/ERR16062874_2.fastq.gz,ERR16062874
F22Sr2,${EQ_READS_DIR}/ERR16062875_1.fastq.gz,${EQ_READS_DIR}/ERR16062875_2.fastq.gz,ERR16062875
F22Sr3,${EQ_READS_DIR}/ERR16062876_1.fastq.gz,${EQ_READS_DIR}/ERR16062876_2.fastq.gz,ERR16062876
F22PRr1,${EQ_READS_DIR}/ERR16062877_1.fastq.gz,${EQ_READS_DIR}/ERR16062877_2.fastq.gz,ERR16062877
F22PRr2,${EQ_READS_DIR}/ERR16062878_1.fastq.gz,${EQ_READS_DIR}/ERR16062878_2.fastq.gz,ERR16062878
F22PRr3,${EQ_READS_DIR}/ERR16062879_1.fastq.gz,${EQ_READS_DIR}/ERR16062879_2.fastq.gz,ERR16062879
F23Dr1,${EQ_READS_DIR}/ERR16062880_1.fastq.gz,${EQ_READS_DIR}/ERR16062880_2.fastq.gz,ERR16062880
F23Dr2,${EQ_READS_DIR}/ERR16062881_1.fastq.gz,${EQ_READS_DIR}/ERR16062881_2.fastq.gz,ERR16062881
F23Dr3,${EQ_READS_DIR}/ERR16062882_1.fastq.gz,${EQ_READS_DIR}/ERR16062882_2.fastq.gz,ERR16062882
F23Sr1,${EQ_READS_DIR}/ERR16062883_1.fastq.gz,${EQ_READS_DIR}/ERR16062883_2.fastq.gz,ERR16062883
F23Sr2,${EQ_READS_DIR}/ERR16062884_1.fastq.gz,${EQ_READS_DIR}/ERR16062884_2.fastq.gz,ERR16062884
F23Sr3,${EQ_READS_DIR}/ERR16062885_1.fastq.gz,${EQ_READS_DIR}/ERR16062885_2.fastq.gz,ERR16062885
F23PRr1,${EQ_READS_DIR}/ERR16062886_1.fastq.gz,${EQ_READS_DIR}/ERR16062886_2.fastq.gz,ERR16062886
F23PRr2,${EQ_READS_DIR}/ERR16062887_1.fastq.gz,${EQ_READS_DIR}/ERR16062887_2.fastq.gz,ERR16062887
F23PRr3,${EQ_READS_DIR}/ERR16062888_1.fastq.gz,${EQ_READS_DIR}/ERR16062888_2.fastq.gz,ERR16062888
F24Dr1,${EQ_READS_DIR}/ERR16062889_1.fastq.gz,${EQ_READS_DIR}/ERR16062889_2.fastq.gz,ERR16062889
F24Dr2,${EQ_READS_DIR}/ERR16062890_1.fastq.gz,${EQ_READS_DIR}/ERR16062890_2.fastq.gz,ERR16062890
F24Sr1,${EQ_READS_DIR}/ERR16062891_1.fastq.gz,${EQ_READS_DIR}/ERR16062891_2.fastq.gz,ERR16062891
F24Sr2,${EQ_READS_DIR}/ERR16062892_1.fastq.gz,${EQ_READS_DIR}/ERR16062892_2.fastq.gz,ERR16062892
F24Sr3,${EQ_READS_DIR}/ERR16062893_1.fastq.gz,${EQ_READS_DIR}/ERR16062893_2.fastq.gz,ERR16062893
F24PRr1,${EQ_READS_DIR}/ERR16062894_1.fastq.gz,${EQ_READS_DIR}/ERR16062894_2.fastq.gz,ERR16062894
F24PRr2,${EQ_READS_DIR}/ERR16062895_1.fastq.gz,${EQ_READS_DIR}/ERR16062895_2.fastq.gz,ERR16062895
F24PRr3,${EQ_READS_DIR}/ERR16062896_1.fastq.gz,${EQ_READS_DIR}/ERR16062896_2.fastq.gz,ERR16062896
F25Dr1,${EQ_READS_DIR}/ERR16062897_1.fastq.gz,${EQ_READS_DIR}/ERR16062897_2.fastq.gz,ERR16062897
F25Dr2,${EQ_READS_DIR}/ERR16062898_1.fastq.gz,${EQ_READS_DIR}/ERR16062898_2.fastq.gz,ERR16062898
F25Dr3,${EQ_READS_DIR}/ERR16062899_1.fastq.gz,${EQ_READS_DIR}/ERR16062899_2.fastq.gz,ERR16062899
F25Sr1,${EQ_READS_DIR}/ERR16062900_1.fastq.gz,${EQ_READS_DIR}/ERR16062900_2.fastq.gz,ERR16062900
F25Sr2,${EQ_READS_DIR}/ERR16062901_1.fastq.gz,${EQ_READS_DIR}/ERR16062901_2.fastq.gz,ERR16062901
F25Sr3,${EQ_READS_DIR}/ERR16062902_1.fastq.gz,${EQ_READS_DIR}/ERR16062902_2.fastq.gz,ERR16062902
F25PRr1,${EQ_READS_DIR}/ERR16062903_1.fastq.gz,${EQ_READS_DIR}/ERR16062903_2.fastq.gz,ERR16062903
F25PRr2,${EQ_READS_DIR}/ERR16062904_1.fastq.gz,${EQ_READS_DIR}/ERR16062904_2.fastq.gz,ERR16062904
F25PRr3,${EQ_READS_DIR}/ERR16062905_1.fastq.gz,${EQ_READS_DIR}/ERR16062905_2.fastq.gz,ERR16062905
F26Dr1,${EQ_READS_DIR}/ERR16062906_1.fastq.gz,${EQ_READS_DIR}/ERR16062906_2.fastq.gz,ERR16062906
F26Dr3,${EQ_READS_DIR}/ERR16062907_1.fastq.gz,${EQ_READS_DIR}/ERR16062907_2.fastq.gz,ERR16062907
F26Sr1,${EQ_READS_DIR}/ERR16062908_1.fastq.gz,${EQ_READS_DIR}/ERR16062908_2.fastq.gz,ERR16062908
F26Sr3,${EQ_READS_DIR}/ERR16062909_1.fastq.gz,${EQ_READS_DIR}/ERR16062909_2.fastq.gz,ERR16062909
F26PRr1,${EQ_READS_DIR}/ERR16062910_1.fastq.gz,${EQ_READS_DIR}/ERR16062910_2.fastq.gz,ERR16062910
F26PRr2,${EQ_READS_DIR}/ERR16062911_1.fastq.gz,${EQ_READS_DIR}/ERR16062911_2.fastq.gz,ERR16062911
F26PRr3,${EQ_READS_DIR}/ERR16062912_1.fastq.gz,${EQ_READS_DIR}/ERR16062912_2.fastq.gz,ERR16062912
F27Dr1,${EQ_READS_DIR}/ERR16062913_1.fastq.gz,${EQ_READS_DIR}/ERR16062913_2.fastq.gz,ERR16062913
F27Dr2,${EQ_READS_DIR}/ERR16062914_1.fastq.gz,${EQ_READS_DIR}/ERR16062914_2.fastq.gz,ERR16062914
F27Sr1,${EQ_READS_DIR}/ERR16062915_1.fastq.gz,${EQ_READS_DIR}/ERR16062915_2.fastq.gz,ERR16062915
F27Sr2,${EQ_READS_DIR}/ERR16062916_1.fastq.gz,${EQ_READS_DIR}/ERR16062916_2.fastq.gz,ERR16062916
F27Sr3,${EQ_READS_DIR}/ERR16062917_1.fastq.gz,${EQ_READS_DIR}/ERR16062917_2.fastq.gz,ERR16062917
F27PRr1,${EQ_READS_DIR}/ERR16062918_1.fastq.gz,${EQ_READS_DIR}/ERR16062918_2.fastq.gz,ERR16062918
F27PRr2,${EQ_READS_DIR}/ERR16062919_1.fastq.gz,${EQ_READS_DIR}/ERR16062919_2.fastq.gz,ERR16062919
F27PRr3,${EQ_READS_DIR}/ERR16062920_1.fastq.gz,${EQ_READS_DIR}/ERR16062920_2.fastq.gz,ERR16062920
F28Dr1,${EQ_READS_DIR}/ERR16062921_1.fastq.gz,${EQ_READS_DIR}/ERR16062921_2.fastq.gz,ERR16062921
F28Dr2,${EQ_READS_DIR}/ERR16062922_1.fastq.gz,${EQ_READS_DIR}/ERR16062922_2.fastq.gz,ERR16062922
F28Dr3,${EQ_READS_DIR}/ERR16062923_1.fastq.gz,${EQ_READS_DIR}/ERR16062923_2.fastq.gz,ERR16062923
F28Sr1,${EQ_READS_DIR}/ERR16062924_1.fastq.gz,${EQ_READS_DIR}/ERR16062924_2.fastq.gz,ERR16062924
F28Sr2,${EQ_READS_DIR}/ERR16062925_1.fastq.gz,${EQ_READS_DIR}/ERR16062925_2.fastq.gz,ERR16062925
F28Sr3,${EQ_READS_DIR}/ERR16062926_1.fastq.gz,${EQ_READS_DIR}/ERR16062926_2.fastq.gz,ERR16062926
F28PRr1,${EQ_READS_DIR}/ERR16062927_1.fastq.gz,${EQ_READS_DIR}/ERR16062927_2.fastq.gz,ERR16062927
F28PRr2,${EQ_READS_DIR}/ERR16062928_1.fastq.gz,${EQ_READS_DIR}/ERR16062928_2.fastq.gz,ERR16062928
F28PRr3,${EQ_READS_DIR}/ERR16062929_1.fastq.gz,${EQ_READS_DIR}/ERR16062929_2.fastq.gz,ERR16062929
F29Dr1,${EQ_READS_DIR}/ERR16062930_1.fastq.gz,${EQ_READS_DIR}/ERR16062930_2.fastq.gz,ERR16062930
F29Dr2,${EQ_READS_DIR}/ERR16062931_1.fastq.gz,${EQ_READS_DIR}/ERR16062931_2.fastq.gz,ERR16062931
F29Dr3,${EQ_READS_DIR}/ERR16062932_1.fastq.gz,${EQ_READS_DIR}/ERR16062932_2.fastq.gz,ERR16062932
F29Sr1,${EQ_READS_DIR}/ERR16062933_1.fastq.gz,${EQ_READS_DIR}/ERR16062933_2.fastq.gz,ERR16062933
F29Sr2,${EQ_READS_DIR}/ERR16062934_1.fastq.gz,${EQ_READS_DIR}/ERR16062934_2.fastq.gz,ERR16062934
F29Sr3,${EQ_READS_DIR}/ERR16062935_1.fastq.gz,${EQ_READS_DIR}/ERR16062935_2.fastq.gz,ERR16062935
F29PRr1,${EQ_READS_DIR}/ERR16062936_1.fastq.gz,${EQ_READS_DIR}/ERR16062936_2.fastq.gz,ERR16062936
F29PRr2,${EQ_READS_DIR}/ERR16062937_1.fastq.gz,${EQ_READS_DIR}/ERR16062937_2.fastq.gz,ERR16062937
F29PRr3,${EQ_READS_DIR}/ERR16062938_1.fastq.gz,${EQ_READS_DIR}/ERR16062938_2.fastq.gz,ERR16062938
F30Dr1,${EQ_READS_DIR}/ERR16062939_1.fastq.gz,${EQ_READS_DIR}/ERR16062939_2.fastq.gz,ERR16062939
F30Dr2,${EQ_READS_DIR}/ERR16062940_1.fastq.gz,${EQ_READS_DIR}/ERR16062940_2.fastq.gz,ERR16062940
F30Dr3,${EQ_READS_DIR}/ERR16062941_1.fastq.gz,${EQ_READS_DIR}/ERR16062941_2.fastq.gz,ERR16062941
F30Sr1,${EQ_READS_DIR}/ERR16062942_1.fastq.gz,${EQ_READS_DIR}/ERR16062942_2.fastq.gz,ERR16062942
F30Sr2,${EQ_READS_DIR}/ERR16062943_1.fastq.gz,${EQ_READS_DIR}/ERR16062943_2.fastq.gz,ERR16062943
F30Sr3,${EQ_READS_DIR}/ERR16062944_1.fastq.gz,${EQ_READS_DIR}/ERR16062944_2.fastq.gz,ERR16062944
F30PRr1,${EQ_READS_DIR}/ERR16062945_1.fastq.gz,${EQ_READS_DIR}/ERR16062945_2.fastq.gz,ERR16062945
F30PRr2,${EQ_READS_DIR}/ERR16062946_1.fastq.gz,${EQ_READS_DIR}/ERR16062946_2.fastq.gz,ERR16062946
F30PRr3,${EQ_READS_DIR}/ERR16062947_1.fastq.gz,${EQ_READS_DIR}/ERR16062947_2.fastq.gz,ERR16062947
F31Dr1,${EQ_READS_DIR}/ERR16062948_1.fastq.gz,${EQ_READS_DIR}/ERR16062948_2.fastq.gz,ERR16062948
F31Dr2,${EQ_READS_DIR}/ERR16062949_1.fastq.gz,${EQ_READS_DIR}/ERR16062949_2.fastq.gz,ERR16062949
F31Sr2,${EQ_READS_DIR}/ERR16062950_1.fastq.gz,${EQ_READS_DIR}/ERR16062950_2.fastq.gz,ERR16062950
F31Sr3,${EQ_READS_DIR}/ERR16062951_1.fastq.gz,${EQ_READS_DIR}/ERR16062951_2.fastq.gz,ERR16062951
F31PRr1,${EQ_READS_DIR}/ERR16062952_1.fastq.gz,${EQ_READS_DIR}/ERR16062952_2.fastq.gz,ERR16062952
F31PRr2,${EQ_READS_DIR}/ERR16062953_1.fastq.gz,${EQ_READS_DIR}/ERR16062953_2.fastq.gz,ERR16062953
F31PRr3,${EQ_READS_DIR}/ERR16062954_1.fastq.gz,${EQ_READS_DIR}/ERR16062954_2.fastq.gz,ERR16062954
F32Dr1,${EQ_READS_DIR}/ERR16062955_1.fastq.gz,${EQ_READS_DIR}/ERR16062955_2.fastq.gz,ERR16062955
F32Dr2,${EQ_READS_DIR}/ERR16062956_1.fastq.gz,${EQ_READS_DIR}/ERR16062956_2.fastq.gz,ERR16062956
F32Dr3,${EQ_READS_DIR}/ERR16062957_1.fastq.gz,${EQ_READS_DIR}/ERR16062957_2.fastq.gz,ERR16062957
F32Sr1,${EQ_READS_DIR}/ERR16062958_1.fastq.gz,${EQ_READS_DIR}/ERR16062958_2.fastq.gz,ERR16062958
F32Sr2,${EQ_READS_DIR}/ERR16062959_1.fastq.gz,${EQ_READS_DIR}/ERR16062959_2.fastq.gz,ERR16062959
F32Sr3,${EQ_READS_DIR}/ERR16062960_1.fastq.gz,${EQ_READS_DIR}/ERR16062960_2.fastq.gz,ERR16062960
F32PRr1,${EQ_READS_DIR}/ERR16062961_1.fastq.gz,${EQ_READS_DIR}/ERR16062961_2.fastq.gz,ERR16062961
F32PRr2,${EQ_READS_DIR}/ERR16062962_1.fastq.gz,${EQ_READS_DIR}/ERR16062962_2.fastq.gz,ERR16062962
F32PRr3,${EQ_READS_DIR}/ERR16062963_1.fastq.gz,${EQ_READS_DIR}/ERR16062963_2.fastq.gz,ERR16062963
F33Dr1,${EQ_READS_DIR}/ERR16062964_1.fastq.gz,${EQ_READS_DIR}/ERR16062964_2.fastq.gz,ERR16062964
F33Dr2,${EQ_READS_DIR}/ERR16062965_1.fastq.gz,${EQ_READS_DIR}/ERR16062965_2.fastq.gz,ERR16062965
F33Dr3,${EQ_READS_DIR}/ERR16062966_1.fastq.gz,${EQ_READS_DIR}/ERR16062966_2.fastq.gz,ERR16062966
F33Sr1,${EQ_READS_DIR}/ERR16062967_1.fastq.gz,${EQ_READS_DIR}/ERR16062967_2.fastq.gz,ERR16062967
F33Sr2,${EQ_READS_DIR}/ERR16062968_1.fastq.gz,${EQ_READS_DIR}/ERR16062968_2.fastq.gz,ERR16062968
F33Sr3,${EQ_READS_DIR}/ERR16062969_1.fastq.gz,${EQ_READS_DIR}/ERR16062969_2.fastq.gz,ERR16062969
F33PRr2,${EQ_READS_DIR}/ERR16062970_1.fastq.gz,${EQ_READS_DIR}/ERR16062970_2.fastq.gz,ERR16062970
F33PRr3,${EQ_READS_DIR}/ERR16062971_1.fastq.gz,${EQ_READS_DIR}/ERR16062971_2.fastq.gz,ERR16062971
F34Dr1,${EQ_READS_DIR}/ERR16062972_1.fastq.gz,${EQ_READS_DIR}/ERR16062972_2.fastq.gz,ERR16062972
F34Dr2,${EQ_READS_DIR}/ERR16062973_1.fastq.gz,${EQ_READS_DIR}/ERR16062973_2.fastq.gz,ERR16062973
F34Dr3,${EQ_READS_DIR}/ERR16062974_1.fastq.gz,${EQ_READS_DIR}/ERR16062974_2.fastq.gz,ERR16062974
F34Sr1,${EQ_READS_DIR}/ERR16062975_1.fastq.gz,${EQ_READS_DIR}/ERR16062975_2.fastq.gz,ERR16062975
F34Sr2,${EQ_READS_DIR}/ERR16062976_1.fastq.gz,${EQ_READS_DIR}/ERR16062976_2.fastq.gz,ERR16062976
F34Sr3,${EQ_READS_DIR}/ERR16062977_1.fastq.gz,${EQ_READS_DIR}/ERR16062977_2.fastq.gz,ERR16062977
F34PRr1,${EQ_READS_DIR}/ERR16062978_1.fastq.gz,${EQ_READS_DIR}/ERR16062978_2.fastq.gz,ERR16062978
F34PRr2,${EQ_READS_DIR}/ERR16062979_1.fastq.gz,${EQ_READS_DIR}/ERR16062979_2.fastq.gz,ERR16062979
F34PRr3,${EQ_READS_DIR}/ERR16062980_1.fastq.gz,${EQ_READS_DIR}/ERR16062980_2.fastq.gz,ERR16062980
F35Dr1,${EQ_READS_DIR}/ERR16062981_1.fastq.gz,${EQ_READS_DIR}/ERR16062981_2.fastq.gz,ERR16062981
F35Dr2,${EQ_READS_DIR}/ERR16062982_1.fastq.gz,${EQ_READS_DIR}/ERR16062982_2.fastq.gz,ERR16062982
F35Dr3,${EQ_READS_DIR}/ERR16062983_1.fastq.gz,${EQ_READS_DIR}/ERR16062983_2.fastq.gz,ERR16062983
F35Sr1,${EQ_READS_DIR}/ERR16062984_1.fastq.gz,${EQ_READS_DIR}/ERR16062984_2.fastq.gz,ERR16062984
F35Sr2,${EQ_READS_DIR}/ERR16062985_1.fastq.gz,${EQ_READS_DIR}/ERR16062985_2.fastq.gz,ERR16062985
F35Sr3,${EQ_READS_DIR}/ERR16062986_1.fastq.gz,${EQ_READS_DIR}/ERR16062986_2.fastq.gz,ERR16062986
F35PRr1,${EQ_READS_DIR}/ERR16062987_1.fastq.gz,${EQ_READS_DIR}/ERR16062987_2.fastq.gz,ERR16062987
F35PRr2,${EQ_READS_DIR}/ERR16062988_1.fastq.gz,${EQ_READS_DIR}/ERR16062988_2.fastq.gz,ERR16062988
F35PRr3,${EQ_READS_DIR}/ERR16062989_1.fastq.gz,${EQ_READS_DIR}/ERR16062989_2.fastq.gz,ERR16062989
F36Dr1,${EQ_READS_DIR}/ERR16062990_1.fastq.gz,${EQ_READS_DIR}/ERR16062990_2.fastq.gz,ERR16062990
F36Dr2,${EQ_READS_DIR}/ERR16062991_1.fastq.gz,${EQ_READS_DIR}/ERR16062991_2.fastq.gz,ERR16062991
F36Dr3,${EQ_READS_DIR}/ERR16062992_1.fastq.gz,${EQ_READS_DIR}/ERR16062992_2.fastq.gz,ERR16062992
F36Sr1,${EQ_READS_DIR}/ERR16062993_1.fastq.gz,${EQ_READS_DIR}/ERR16062993_2.fastq.gz,ERR16062993
F36Sr2,${EQ_READS_DIR}/ERR16062994_1.fastq.gz,${EQ_READS_DIR}/ERR16062994_2.fastq.gz,ERR16062994
F36PRr1,${EQ_READS_DIR}/ERR16062995_1.fastq.gz,${EQ_READS_DIR}/ERR16062995_2.fastq.gz,ERR16062995
F36PRr2,${EQ_READS_DIR}/ERR16062996_1.fastq.gz,${EQ_READS_DIR}/ERR16062996_2.fastq.gz,ERR16062996
F36PRr3,${EQ_READS_DIR}/ERR16062997_1.fastq.gz,${EQ_READS_DIR}/ERR16062997_2.fastq.gz,ERR16062997
F37Dr1,${EQ_READS_DIR}/ERR16062998_1.fastq.gz,${EQ_READS_DIR}/ERR16062998_2.fastq.gz,ERR16062998
F37Dr2,${EQ_READS_DIR}/ERR16062999_1.fastq.gz,${EQ_READS_DIR}/ERR16062999_2.fastq.gz,ERR16062999
F37Dr3,${EQ_READS_DIR}/ERR16063000_1.fastq.gz,${EQ_READS_DIR}/ERR16063000_2.fastq.gz,ERR16063000
F37Sr1,${EQ_READS_DIR}/ERR16063001_1.fastq.gz,${EQ_READS_DIR}/ERR16063001_2.fastq.gz,ERR16063001
F37Sr2,${EQ_READS_DIR}/ERR16063002_1.fastq.gz,${EQ_READS_DIR}/ERR16063002_2.fastq.gz,ERR16063002
F37Sr3,${EQ_READS_DIR}/ERR16063003_1.fastq.gz,${EQ_READS_DIR}/ERR16063003_2.fastq.gz,ERR16063003
F37PRr1,${EQ_READS_DIR}/ERR16063004_1.fastq.gz,${EQ_READS_DIR}/ERR16063004_2.fastq.gz,ERR16063004
F37PRr2,${EQ_READS_DIR}/ERR16063005_1.fastq.gz,${EQ_READS_DIR}/ERR16063005_2.fastq.gz,ERR16063005
F37PRr3,${EQ_READS_DIR}/ERR16063006_1.fastq.gz,${EQ_READS_DIR}/ERR16063006_2.fastq.gz,ERR16063006
F38Dr2,${EQ_READS_DIR}/ERR16063007_1.fastq.gz,${EQ_READS_DIR}/ERR16063007_2.fastq.gz,ERR16063007
F38Dr3,${EQ_READS_DIR}/ERR16063008_1.fastq.gz,${EQ_READS_DIR}/ERR16063008_2.fastq.gz,ERR16063008
F38Sr1,${EQ_READS_DIR}/ERR16063009_1.fastq.gz,${EQ_READS_DIR}/ERR16063009_2.fastq.gz,ERR16063009
F38Sr2,${EQ_READS_DIR}/ERR16063010_1.fastq.gz,${EQ_READS_DIR}/ERR16063010_2.fastq.gz,ERR16063010
F38Sr3,${EQ_READS_DIR}/ERR16063011_1.fastq.gz,${EQ_READS_DIR}/ERR16063011_2.fastq.gz,ERR16063011
F38PRr1,${EQ_READS_DIR}/ERR16063012_1.fastq.gz,${EQ_READS_DIR}/ERR16063012_2.fastq.gz,ERR16063012
F38PRr2,${EQ_READS_DIR}/ERR16063013_1.fastq.gz,${EQ_READS_DIR}/ERR16063013_2.fastq.gz,ERR16063013
F38PRr3,${EQ_READS_DIR}/ERR16063014_1.fastq.gz,${EQ_READS_DIR}/ERR16063014_2.fastq.gz,ERR16063014
F39Dr2,${EQ_READS_DIR}/ERR16063015_1.fastq.gz,${EQ_READS_DIR}/ERR16063015_2.fastq.gz,ERR16063015
F39Dr3,${EQ_READS_DIR}/ERR16063016_1.fastq.gz,${EQ_READS_DIR}/ERR16063016_2.fastq.gz,ERR16063016
F39Sr1,${EQ_READS_DIR}/ERR16063017_1.fastq.gz,${EQ_READS_DIR}/ERR16063017_2.fastq.gz,ERR16063017
F39Sr2,${EQ_READS_DIR}/ERR16063018_1.fastq.gz,${EQ_READS_DIR}/ERR16063018_2.fastq.gz,ERR16063018
F39Sr3,${EQ_READS_DIR}/ERR16063019_1.fastq.gz,${EQ_READS_DIR}/ERR16063019_2.fastq.gz,ERR16063019
F39PRr1,${EQ_READS_DIR}/ERR16063020_1.fastq.gz,${EQ_READS_DIR}/ERR16063020_2.fastq.gz,ERR16063020
F39PRr3,${EQ_READS_DIR}/ERR16063021_1.fastq.gz,${EQ_READS_DIR}/ERR16063021_2.fastq.gz,ERR16063021
F40Dr1,${EQ_READS_DIR}/ERR16063022_1.fastq.gz,${EQ_READS_DIR}/ERR16063022_2.fastq.gz,ERR16063022
F40Dr2,${EQ_READS_DIR}/ERR16063023_1.fastq.gz,${EQ_READS_DIR}/ERR16063023_2.fastq.gz,ERR16063023
F40Dr3,${EQ_READS_DIR}/ERR16063024_1.fastq.gz,${EQ_READS_DIR}/ERR16063024_2.fastq.gz,ERR16063024
F40Sr1,${EQ_READS_DIR}/ERR16063025_1.fastq.gz,${EQ_READS_DIR}/ERR16063025_2.fastq.gz,ERR16063025
F40Sr2,${EQ_READS_DIR}/ERR16063026_1.fastq.gz,${EQ_READS_DIR}/ERR16063026_2.fastq.gz,ERR16063026
F40Sr3,${EQ_READS_DIR}/ERR16063027_1.fastq.gz,${EQ_READS_DIR}/ERR16063027_2.fastq.gz,ERR16063027
F40PRr1,${EQ_READS_DIR}/ERR16063028_1.fastq.gz,${EQ_READS_DIR}/ERR16063028_2.fastq.gz,ERR16063028
F40PRr2,${EQ_READS_DIR}/ERR16063029_1.fastq.gz,${EQ_READS_DIR}/ERR16063029_2.fastq.gz,ERR16063029
F40PRr3,${EQ_READS_DIR}/ERR16063030_1.fastq.gz,${EQ_READS_DIR}/ERR16063030_2.fastq.gz,ERR16063030
F41Dr3,${EQ_READS_DIR}/ERR16063031_1.fastq.gz,${EQ_READS_DIR}/ERR16063031_2.fastq.gz,ERR16063031
F41PRr1,${EQ_READS_DIR}/ERR16063032_1.fastq.gz,${EQ_READS_DIR}/ERR16063032_2.fastq.gz,ERR16063032
F41PRr2,${EQ_READS_DIR}/ERR16063033_1.fastq.gz,${EQ_READS_DIR}/ERR16063033_2.fastq.gz,ERR16063033
F42Dr1,${EQ_READS_DIR}/ERR16063034_1.fastq.gz,${EQ_READS_DIR}/ERR16063034_2.fastq.gz,ERR16063034
F42Dr2,${EQ_READS_DIR}/ERR16063035_1.fastq.gz,${EQ_READS_DIR}/ERR16063035_2.fastq.gz,ERR16063035
F42Dr3,${EQ_READS_DIR}/ERR16063036_1.fastq.gz,${EQ_READS_DIR}/ERR16063036_2.fastq.gz,ERR16063036
F42Sr1,${EQ_READS_DIR}/ERR16063037_1.fastq.gz,${EQ_READS_DIR}/ERR16063037_2.fastq.gz,ERR16063037
F42Sr2,${EQ_READS_DIR}/ERR16063038_1.fastq.gz,${EQ_READS_DIR}/ERR16063038_2.fastq.gz,ERR16063038
F42Sr3,${EQ_READS_DIR}/ERR16063039_1.fastq.gz,${EQ_READS_DIR}/ERR16063039_2.fastq.gz,ERR16063039
F42PRr1,${EQ_READS_DIR}/ERR16063040_1.fastq.gz,${EQ_READS_DIR}/ERR16063040_2.fastq.gz,ERR16063040
F42PRr2,${EQ_READS_DIR}/ERR16063041_1.fastq.gz,${EQ_READS_DIR}/ERR16063041_2.fastq.gz,ERR16063041
F42PRr3,${EQ_READS_DIR}/ERR16063042_1.fastq.gz,${EQ_READS_DIR}/ERR16063042_2.fastq.gz,ERR16063042
F43Dr1,${EQ_READS_DIR}/ERR16063043_1.fastq.gz,${EQ_READS_DIR}/ERR16063043_2.fastq.gz,ERR16063043
F43Dr2,${EQ_READS_DIR}/ERR16063044_1.fastq.gz,${EQ_READS_DIR}/ERR16063044_2.fastq.gz,ERR16063044
F43Dr3,${EQ_READS_DIR}/ERR16063045_1.fastq.gz,${EQ_READS_DIR}/ERR16063045_2.fastq.gz,ERR16063045
F43Sr1,${EQ_READS_DIR}/ERR16063046_1.fastq.gz,${EQ_READS_DIR}/ERR16063046_2.fastq.gz,ERR16063046
F43Sr2,${EQ_READS_DIR}/ERR16063047_1.fastq.gz,${EQ_READS_DIR}/ERR16063047_2.fastq.gz,ERR16063047
F43Sr3,${EQ_READS_DIR}/ERR16063048_1.fastq.gz,${EQ_READS_DIR}/ERR16063048_2.fastq.gz,ERR16063048
F43PRr1,${EQ_READS_DIR}/ERR16063049_1.fastq.gz,${EQ_READS_DIR}/ERR16063049_2.fastq.gz,ERR16063049
F43PRr2,${EQ_READS_DIR}/ERR16063050_1.fastq.gz,${EQ_READS_DIR}/ERR16063050_2.fastq.gz,ERR16063050
F43PRr3,${EQ_READS_DIR}/ERR16063051_1.fastq.gz,${EQ_READS_DIR}/ERR16063051_2.fastq.gz,ERR16063051
F44Dr1,${EQ_READS_DIR}/ERR16063052_1.fastq.gz,${EQ_READS_DIR}/ERR16063052_2.fastq.gz,ERR16063052
F44Dr2,${EQ_READS_DIR}/ERR16063053_1.fastq.gz,${EQ_READS_DIR}/ERR16063053_2.fastq.gz,ERR16063053
F44Dr3,${EQ_READS_DIR}/ERR16063054_1.fastq.gz,${EQ_READS_DIR}/ERR16063054_2.fastq.gz,ERR16063054
F44Sr1,${EQ_READS_DIR}/ERR16063055_1.fastq.gz,${EQ_READS_DIR}/ERR16063055_2.fastq.gz,ERR16063055
F44Sr2,${EQ_READS_DIR}/ERR16063056_1.fastq.gz,${EQ_READS_DIR}/ERR16063056_2.fastq.gz,ERR16063056
F44Sr3,${EQ_READS_DIR}/ERR16063057_1.fastq.gz,${EQ_READS_DIR}/ERR16063057_2.fastq.gz,ERR16063057
F44PRr1,${EQ_READS_DIR}/ERR16063058_1.fastq.gz,${EQ_READS_DIR}/ERR16063058_2.fastq.gz,ERR16063058
F44PRr2,${EQ_READS_DIR}/ERR16063059_1.fastq.gz,${EQ_READS_DIR}/ERR16063059_2.fastq.gz,ERR16063059
F44PRr3,${EQ_READS_DIR}/ERR16063060_1.fastq.gz,${EQ_READS_DIR}/ERR16063060_2.fastq.gz,ERR16063060
F45Dr1,${EQ_READS_DIR}/ERR16063061_1.fastq.gz,${EQ_READS_DIR}/ERR16063061_2.fastq.gz,ERR16063061
F45Dr2,${EQ_READS_DIR}/ERR16063062_1.fastq.gz,${EQ_READS_DIR}/ERR16063062_2.fastq.gz,ERR16063062
F45Dr3,${EQ_READS_DIR}/ERR16063063_1.fastq.gz,${EQ_READS_DIR}/ERR16063063_2.fastq.gz,ERR16063063
F45Sr1,${EQ_READS_DIR}/ERR16063064_1.fastq.gz,${EQ_READS_DIR}/ERR16063064_2.fastq.gz,ERR16063064
F45Sr2,${EQ_READS_DIR}/ERR16063065_1.fastq.gz,${EQ_READS_DIR}/ERR16063065_2.fastq.gz,ERR16063065
F45Sr3,${EQ_READS_DIR}/ERR16063066_1.fastq.gz,${EQ_READS_DIR}/ERR16063066_2.fastq.gz,ERR16063066
F45PRr1,${EQ_READS_DIR}/ERR16063067_1.fastq.gz,${EQ_READS_DIR}/ERR16063067_2.fastq.gz,ERR16063067
F45PRr2,${EQ_READS_DIR}/ERR16063068_1.fastq.gz,${EQ_READS_DIR}/ERR16063068_2.fastq.gz,ERR16063068
F45PRr3,${EQ_READS_DIR}/ERR16063069_1.fastq.gz,${EQ_READS_DIR}/ERR16063069_2.fastq.gz,ERR16063069
F46Dr1,${EQ_READS_DIR}/ERR16063070_1.fastq.gz,${EQ_READS_DIR}/ERR16063070_2.fastq.gz,ERR16063070
F46Sr2,${EQ_READS_DIR}/ERR16063071_1.fastq.gz,${EQ_READS_DIR}/ERR16063071_2.fastq.gz,ERR16063071
F47Dr1,${EQ_READS_DIR}/ERR16063072_1.fastq.gz,${EQ_READS_DIR}/ERR16063072_2.fastq.gz,ERR16063072
F47Dr3,${EQ_READS_DIR}/ERR16063073_1.fastq.gz,${EQ_READS_DIR}/ERR16063073_2.fastq.gz,ERR16063073
F47Sr3,${EQ_READS_DIR}/ERR16063074_1.fastq.gz,${EQ_READS_DIR}/ERR16063074_2.fastq.gz,ERR16063074
F47PRr1,${EQ_READS_DIR}/ERR16063075_1.fastq.gz,${EQ_READS_DIR}/ERR16063075_2.fastq.gz,ERR16063075
F47PRr2,${EQ_READS_DIR}/ERR16063076_1.fastq.gz,${EQ_READS_DIR}/ERR16063076_2.fastq.gz,ERR16063076
F47PRr3,${EQ_READS_DIR}/ERR16063077_1.fastq.gz,${EQ_READS_DIR}/ERR16063077_2.fastq.gz,ERR16063077
F48Dr1,${EQ_READS_DIR}/ERR16063078_1.fastq.gz,${EQ_READS_DIR}/ERR16063078_2.fastq.gz,ERR16063078
F48Dr2,${EQ_READS_DIR}/ERR16063079_1.fastq.gz,${EQ_READS_DIR}/ERR16063079_2.fastq.gz,ERR16063079
F48Dr3,${EQ_READS_DIR}/ERR16063080_1.fastq.gz,${EQ_READS_DIR}/ERR16063080_2.fastq.gz,ERR16063080
F48Sr1,${EQ_READS_DIR}/ERR16063081_1.fastq.gz,${EQ_READS_DIR}/ERR16063081_2.fastq.gz,ERR16063081
F48Sr2,${EQ_READS_DIR}/ERR16063082_1.fastq.gz,${EQ_READS_DIR}/ERR16063082_2.fastq.gz,ERR16063082
F48Sr3,${EQ_READS_DIR}/ERR16063083_1.fastq.gz,${EQ_READS_DIR}/ERR16063083_2.fastq.gz,ERR16063083
F48PRr1,${EQ_READS_DIR}/ERR16063084_1.fastq.gz,${EQ_READS_DIR}/ERR16063084_2.fastq.gz,ERR16063084
F48PRr2,${EQ_READS_DIR}/ERR16063085_1.fastq.gz,${EQ_READS_DIR}/ERR16063085_2.fastq.gz,ERR16063085
F48PRr3,${EQ_READS_DIR}/ERR16063086_1.fastq.gz,${EQ_READS_DIR}/ERR16063086_2.fastq.gz,ERR16063086
F49Dr1,${EQ_READS_DIR}/ERR16063087_1.fastq.gz,${EQ_READS_DIR}/ERR16063087_2.fastq.gz,ERR16063087
F49Dr2,${EQ_READS_DIR}/ERR16063088_1.fastq.gz,${EQ_READS_DIR}/ERR16063088_2.fastq.gz,ERR16063088
F49Dr3,${EQ_READS_DIR}/ERR16063089_1.fastq.gz,${EQ_READS_DIR}/ERR16063089_2.fastq.gz,ERR16063089
F49Sr1,${EQ_READS_DIR}/ERR16063090_1.fastq.gz,${EQ_READS_DIR}/ERR16063090_2.fastq.gz,ERR16063090
F49Sr2,${EQ_READS_DIR}/ERR16063091_1.fastq.gz,${EQ_READS_DIR}/ERR16063091_2.fastq.gz,ERR16063091
F49Sr3,${EQ_READS_DIR}/ERR16063092_1.fastq.gz,${EQ_READS_DIR}/ERR16063092_2.fastq.gz,ERR16063092
F49PRr1,${EQ_READS_DIR}/ERR16063093_1.fastq.gz,${EQ_READS_DIR}/ERR16063093_2.fastq.gz,ERR16063093
F49PRr2,${EQ_READS_DIR}/ERR16063094_1.fastq.gz,${EQ_READS_DIR}/ERR16063094_2.fastq.gz,ERR16063094
F49PRr3,${EQ_READS_DIR}/ERR16063095_1.fastq.gz,${EQ_READS_DIR}/ERR16063095_2.fastq.gz,ERR16063095
F50Dr1,${EQ_READS_DIR}/ERR16063096_1.fastq.gz,${EQ_READS_DIR}/ERR16063096_2.fastq.gz,ERR16063096
F50Dr2,${EQ_READS_DIR}/ERR16063097_1.fastq.gz,${EQ_READS_DIR}/ERR16063097_2.fastq.gz,ERR16063097
F50Dr3,${EQ_READS_DIR}/ERR16063098_1.fastq.gz,${EQ_READS_DIR}/ERR16063098_2.fastq.gz,ERR16063098
F50Sr1,${EQ_READS_DIR}/ERR16063099_1.fastq.gz,${EQ_READS_DIR}/ERR16063099_2.fastq.gz,ERR16063099
F50Sr2,${EQ_READS_DIR}/ERR16063100_1.fastq.gz,${EQ_READS_DIR}/ERR16063100_2.fastq.gz,ERR16063100
F50Sr3,${EQ_READS_DIR}/ERR16063101_1.fastq.gz,${EQ_READS_DIR}/ERR16063101_2.fastq.gz,ERR16063101
F50PRr1,${EQ_READS_DIR}/ERR16063102_1.fastq.gz,${EQ_READS_DIR}/ERR16063102_2.fastq.gz,ERR16063102
F50PRr2,${EQ_READS_DIR}/ERR16063103_1.fastq.gz,${EQ_READS_DIR}/ERR16063103_2.fastq.gz,ERR16063103
F50PRr3,${EQ_READS_DIR}/ERR16063104_1.fastq.gz,${EQ_READS_DIR}/ERR16063104_2.fastq.gz,ERR16063104
F51Dr3,${EQ_READS_DIR}/ERR16063105_1.fastq.gz,${EQ_READS_DIR}/ERR16063105_2.fastq.gz,ERR16063105
F51Sr3,${EQ_READS_DIR}/ERR16063106_1.fastq.gz,${EQ_READS_DIR}/ERR16063106_2.fastq.gz,ERR16063106
F51PRr1,${EQ_READS_DIR}/ERR16063107_1.fastq.gz,${EQ_READS_DIR}/ERR16063107_2.fastq.gz,ERR16063107
F51PRr2,${EQ_READS_DIR}/ERR16063108_1.fastq.gz,${EQ_READS_DIR}/ERR16063108_2.fastq.gz,ERR16063108
F51PRr3,${EQ_READS_DIR}/ERR16063109_1.fastq.gz,${EQ_READS_DIR}/ERR16063109_2.fastq.gz,ERR16063109
F52Sr1,${EQ_READS_DIR}/ERR16063110_1.fastq.gz,${EQ_READS_DIR}/ERR16063110_2.fastq.gz,ERR16063110
F52Sr2,${EQ_READS_DIR}/ERR16063111_1.fastq.gz,${EQ_READS_DIR}/ERR16063111_2.fastq.gz,ERR16063111
F52Sr3,${EQ_READS_DIR}/ERR16063112_1.fastq.gz,${EQ_READS_DIR}/ERR16063112_2.fastq.gz,ERR16063112
F53Dr1,${EQ_READS_DIR}/ERR16063113_1.fastq.gz,${EQ_READS_DIR}/ERR16063113_2.fastq.gz,ERR16063113
F53Dr2,${EQ_READS_DIR}/ERR16063114_1.fastq.gz,${EQ_READS_DIR}/ERR16063114_2.fastq.gz,ERR16063114
F53Dr3,${EQ_READS_DIR}/ERR16063115_1.fastq.gz,${EQ_READS_DIR}/ERR16063115_2.fastq.gz,ERR16063115
F53Sr3,${EQ_READS_DIR}/ERR16063116_1.fastq.gz,${EQ_READS_DIR}/ERR16063116_2.fastq.gz,ERR16063116
F53PRr1,${EQ_READS_DIR}/ERR16063117_1.fastq.gz,${EQ_READS_DIR}/ERR16063117_2.fastq.gz,ERR16063117
F54PRr2,${EQ_READS_DIR}/ERR16063118_1.fastq.gz,${EQ_READS_DIR}/ERR16063118_2.fastq.gz,ERR16063118
F55Sr1,${EQ_READS_DIR}/ERR16063119_1.fastq.gz,${EQ_READS_DIR}/ERR16063119_2.fastq.gz,ERR16063119
F56Sr2,${EQ_READS_DIR}/ERR16063120_1.fastq.gz,${EQ_READS_DIR}/ERR16063120_2.fastq.gz,ERR16063120
F56Sr3,${EQ_READS_DIR}/ERR16063121_1.fastq.gz,${EQ_READS_DIR}/ERR16063121_2.fastq.gz,ERR16063121
F57Dr1,${EQ_READS_DIR}/ERR16063122_1.fastq.gz,${EQ_READS_DIR}/ERR16063122_2.fastq.gz,ERR16063122
F57Sr3,${EQ_READS_DIR}/ERR16063123_1.fastq.gz,${EQ_READS_DIR}/ERR16063123_2.fastq.gz,ERR16063123
F57PRr1,${EQ_READS_DIR}/ERR16063124_1.fastq.gz,${EQ_READS_DIR}/ERR16063124_2.fastq.gz,ERR16063124
F57PRr2,${EQ_READS_DIR}/ERR16063125_1.fastq.gz,${EQ_READS_DIR}/ERR16063125_2.fastq.gz,ERR16063125
F57PRr3,${EQ_READS_DIR}/ERR16063126_1.fastq.gz,${EQ_READS_DIR}/ERR16063126_2.fastq.gz,ERR16063126
F58Dr1,${EQ_READS_DIR}/ERR16063127_1.fastq.gz,${EQ_READS_DIR}/ERR16063127_2.fastq.gz,ERR16063127
F58Sr1,${EQ_READS_DIR}/ERR16063128_1.fastq.gz,${EQ_READS_DIR}/ERR16063128_2.fastq.gz,ERR16063128
F58Sr2,${EQ_READS_DIR}/ERR16063129_1.fastq.gz,${EQ_READS_DIR}/ERR16063129_2.fastq.gz,ERR16063129
F58Sr3,${EQ_READS_DIR}/ERR16063130_1.fastq.gz,${EQ_READS_DIR}/ERR16063130_2.fastq.gz,ERR16063130
F58PRr1,${EQ_READS_DIR}/ERR16063131_1.fastq.gz,${EQ_READS_DIR}/ERR16063131_2.fastq.gz,ERR16063131
F58PRr2,${EQ_READS_DIR}/ERR16063132_1.fastq.gz,${EQ_READS_DIR}/ERR16063132_2.fastq.gz,ERR16063132
F58PRr3,${EQ_READS_DIR}/ERR16063133_1.fastq.gz,${EQ_READS_DIR}/ERR16063133_2.fastq.gz,ERR16063133
F59Dr2,${EQ_READS_DIR}/ERR16063134_1.fastq.gz,${EQ_READS_DIR}/ERR16063134_2.fastq.gz,ERR16063134
F59Sr1,${EQ_READS_DIR}/ERR16063135_1.fastq.gz,${EQ_READS_DIR}/ERR16063135_2.fastq.gz,ERR16063135
F59Sr2,${EQ_READS_DIR}/ERR16063136_1.fastq.gz,${EQ_READS_DIR}/ERR16063136_2.fastq.gz,ERR16063136
F59Sr3,${EQ_READS_DIR}/ERR16063137_1.fastq.gz,${EQ_READS_DIR}/ERR16063137_2.fastq.gz,ERR16063137
F59PRr1,${EQ_READS_DIR}/ERR16063138_1.fastq.gz,${EQ_READS_DIR}/ERR16063138_2.fastq.gz,ERR16063138
F60Sr1,${EQ_READS_DIR}/ERR16063139_1.fastq.gz,${EQ_READS_DIR}/ERR16063139_2.fastq.gz,ERR16063139
F60Sr2,${EQ_READS_DIR}/ERR16063140_1.fastq.gz,${EQ_READS_DIR}/ERR16063140_2.fastq.gz,ERR16063140
F60Sr3,${EQ_READS_DIR}/ERR16063141_1.fastq.gz,${EQ_READS_DIR}/ERR16063141_2.fastq.gz,ERR16063141
F60PRr1,${EQ_READS_DIR}/ERR16063142_1.fastq.gz,${EQ_READS_DIR}/ERR16063142_2.fastq.gz,ERR16063142
F60PRr2,${EQ_READS_DIR}/ERR16063143_1.fastq.gz,${EQ_READS_DIR}/ERR16063143_2.fastq.gz,ERR16063143
F60PRr3,${EQ_READS_DIR}/ERR16063144_1.fastq.gz,${EQ_READS_DIR}/ERR16063144_2.fastq.gz,ERR16063144
F15PRr1__lib2,${EQ_READS_DIR}/ERR16063145_1.fastq.gz,${EQ_READS_DIR}/ERR16063145_2.fastq.gz,ERR16063145
F20Sr3__lib2,${EQ_READS_DIR}/ERR16063146_1.fastq.gz,${EQ_READS_DIR}/ERR16063146_2.fastq.gz,ERR16063146
F24PRr3__lib2,${EQ_READS_DIR}/ERR16063147_1.fastq.gz,${EQ_READS_DIR}/ERR16063147_2.fastq.gz,ERR16063147
F31Sr2__lib2,${EQ_READS_DIR}/ERR16063148_1.fastq.gz,${EQ_READS_DIR}/ERR16063148_2.fastq.gz,ERR16063148
F31Sr3__lib2,${EQ_READS_DIR}/ERR16063149_1.fastq.gz,${EQ_READS_DIR}/ERR16063149_2.fastq.gz,ERR16063149
F33Dr1__lib2,${EQ_READS_DIR}/ERR16063150_1.fastq.gz,${EQ_READS_DIR}/ERR16063150_2.fastq.gz,ERR16063150
F34Sr1__lib2,${EQ_READS_DIR}/ERR16063151_1.fastq.gz,${EQ_READS_DIR}/ERR16063151_2.fastq.gz,ERR16063151
F40Dr3__lib2,${EQ_READS_DIR}/ERR16063152_1.fastq.gz,${EQ_READS_DIR}/ERR16063152_2.fastq.gz,ERR16063152
F41Dr3__lib2,${EQ_READS_DIR}/ERR16063153_1.fastq.gz,${EQ_READS_DIR}/ERR16063153_2.fastq.gz,ERR16063153
F43Dr1__lib2,${EQ_READS_DIR}/ERR16063154_1.fastq.gz,${EQ_READS_DIR}/ERR16063154_2.fastq.gz,ERR16063154
F47PRr1__lib2,${EQ_READS_DIR}/ERR16063155_1.fastq.gz,${EQ_READS_DIR}/ERR16063155_2.fastq.gz,ERR16063155
F48PRr3__lib2,${EQ_READS_DIR}/ERR16063156_1.fastq.gz,${EQ_READS_DIR}/ERR16063156_2.fastq.gz,ERR16063156
F51Sr3__lib2,${EQ_READS_DIR}/ERR16063157_1.fastq.gz,${EQ_READS_DIR}/ERR16063157_2.fastq.gz,ERR16063157
F52Sr2__lib2,${EQ_READS_DIR}/ERR16063158_1.fastq.gz,${EQ_READS_DIR}/ERR16063158_2.fastq.gz,ERR16063158
F55Sr1__lib2,${EQ_READS_DIR}/ERR16063159_1.fastq.gz,${EQ_READS_DIR}/ERR16063159_2.fastq.gz,ERR16063159
F56Sr2__lib2,${EQ_READS_DIR}/ERR16063160_1.fastq.gz,${EQ_READS_DIR}/ERR16063160_2.fastq.gz,ERR16063160
F56Sr3__lib2,${EQ_READS_DIR}/ERR16063161_1.fastq.gz,${EQ_READS_DIR}/ERR16063161_2.fastq.gz,ERR16063161
F57Dr1__lib2,${EQ_READS_DIR}/ERR16063162_1.fastq.gz,${EQ_READS_DIR}/ERR16063162_2.fastq.gz,ERR16063162
F57Sr3__lib2,${EQ_READS_DIR}/ERR16063163_1.fastq.gz,${EQ_READS_DIR}/ERR16063163_2.fastq.gz,ERR16063163
F58Dr1__lib2,${EQ_READS_DIR}/ERR16063164_1.fastq.gz,${EQ_READS_DIR}/ERR16063164_2.fastq.gz,ERR16063164
F58Sr3__lib2,${EQ_READS_DIR}/ERR16063165_1.fastq.gz,${EQ_READS_DIR}/ERR16063165_2.fastq.gz,ERR16063165
F59Dr2__lib2,${EQ_READS_DIR}/ERR16063166_1.fastq.gz,${EQ_READS_DIR}/ERR16063166_2.fastq.gz,ERR16063166
F59PRr1__lib2,${EQ_READS_DIR}/ERR16063167_1.fastq.gz,${EQ_READS_DIR}/ERR16063167_2.fastq.gz,ERR16063167
F59Sr3__lib2,${EQ_READS_DIR}/ERR16063168_1.fastq.gz,${EQ_READS_DIR}/ERR16063168_2.fastq.gz,ERR16063168
F60PRr1__lib2,${EQ_READS_DIR}/ERR16063169_1.fastq.gz,${EQ_READS_DIR}/ERR16063169_2.fastq.gz,ERR16063169
F60PRr2__lib2,${EQ_READS_DIR}/ERR16063170_1.fastq.gz,${EQ_READS_DIR}/ERR16063170_2.fastq.gz,ERR16063170
F60Sr3__lib2,${EQ_READS_DIR}/ERR16063172_1.fastq.gz,${EQ_READS_DIR}/ERR16063172_2.fastq.gz,ERR16063172
F1PRr2__lib2,${EQ_READS_DIR}/ERR16063173_1.fastq.gz,${EQ_READS_DIR}/ERR16063173_2.fastq.gz,ERR16063173
EB1,${EQ_READS_DIR}/ERR16783283_1.fastq.gz,${EQ_READS_DIR}/ERR16783283_2.fastq.gz,ERR16783283
EB10,${EQ_READS_DIR}/ERR16783284_1.fastq.gz,${EQ_READS_DIR}/ERR16783284_2.fastq.gz,ERR16783284
EB11,${EQ_READS_DIR}/ERR16783285_1.fastq.gz,${EQ_READS_DIR}/ERR16783285_2.fastq.gz,ERR16783285
EB12,${EQ_READS_DIR}/ERR16783286_1.fastq.gz,${EQ_READS_DIR}/ERR16783286_2.fastq.gz,ERR16783286
EB13,${EQ_READS_DIR}/ERR16783287_1.fastq.gz,${EQ_READS_DIR}/ERR16783287_2.fastq.gz,ERR16783287
EB14,${EQ_READS_DIR}/ERR16783288_1.fastq.gz,${EQ_READS_DIR}/ERR16783288_2.fastq.gz,ERR16783288
EB15,${EQ_READS_DIR}/ERR16783289_1.fastq.gz,${EQ_READS_DIR}/ERR16783289_2.fastq.gz,ERR16783289
EB16,${EQ_READS_DIR}/ERR16783290_1.fastq.gz,${EQ_READS_DIR}/ERR16783290_2.fastq.gz,ERR16783290
EB17,${EQ_READS_DIR}/ERR16783291_1.fastq.gz,${EQ_READS_DIR}/ERR16783291_2.fastq.gz,ERR16783291
EB18,${EQ_READS_DIR}/ERR16783292_1.fastq.gz,${EQ_READS_DIR}/ERR16783292_2.fastq.gz,ERR16783292
EB2,${EQ_READS_DIR}/ERR16783293_1.fastq.gz,${EQ_READS_DIR}/ERR16783293_2.fastq.gz,ERR16783293
EB3,${EQ_READS_DIR}/ERR16783294_1.fastq.gz,${EQ_READS_DIR}/ERR16783294_2.fastq.gz,ERR16783294
EB4,${EQ_READS_DIR}/ERR16783295_1.fastq.gz,${EQ_READS_DIR}/ERR16783295_2.fastq.gz,ERR16783295
EB5,${EQ_READS_DIR}/ERR16783296_1.fastq.gz,${EQ_READS_DIR}/ERR16783296_2.fastq.gz,ERR16783296
EB6,${EQ_READS_DIR}/ERR16783297_1.fastq.gz,${EQ_READS_DIR}/ERR16783297_2.fastq.gz,ERR16783297
EB7,${EQ_READS_DIR}/ERR16783298_1.fastq.gz,${EQ_READS_DIR}/ERR16783298_2.fastq.gz,ERR16783298
EB8,${EQ_READS_DIR}/ERR16783299_1.fastq.gz,${EQ_READS_DIR}/ERR16783299_2.fastq.gz,ERR16783299
EB9,${EQ_READS_DIR}/ERR16783300_1.fastq.gz,${EQ_READS_DIR}/ERR16783300_2.fastq.gz,ERR16783300
Negative1,${EQ_READS_DIR}/ERR16783301_1.fastq.gz,${EQ_READS_DIR}/ERR16783301_2.fastq.gz,ERR16783301
Negative2,${EQ_READS_DIR}/ERR16783302_1.fastq.gz,${EQ_READS_DIR}/ERR16783302_2.fastq.gz,ERR16783302
Negative4,${EQ_READS_DIR}/ERR16783304_1.fastq.gz,${EQ_READS_DIR}/ERR16783304_2.fastq.gz,ERR16783304
Negative5,${EQ_READS_DIR}/ERR16783305_1.fastq.gz,${EQ_READS_DIR}/ERR16783305_2.fastq.gz,ERR16783305
Negative6,${EQ_READS_DIR}/ERR16783306_1.fastq.gz,${EQ_READS_DIR}/ERR16783306_2.fastq.gz,ERR16783306
Negative7,${EQ_READS_DIR}/ERR16783307_1.fastq.gz,${EQ_READS_DIR}/ERR16783307_2.fastq.gz,ERR16783307
V10Dr1,${EQ_READS_DIR}/ERR16783308_1.fastq.gz,${EQ_READS_DIR}/ERR16783308_2.fastq.gz,ERR16783308
V10PRr2,${EQ_READS_DIR}/ERR16783309_1.fastq.gz,${EQ_READS_DIR}/ERR16783309_2.fastq.gz,ERR16783309
V11Dr3,${EQ_READS_DIR}/ERR16783310_1.fastq.gz,${EQ_READS_DIR}/ERR16783310_2.fastq.gz,ERR16783310
V11PRr2,${EQ_READS_DIR}/ERR16783311_1.fastq.gz,${EQ_READS_DIR}/ERR16783311_2.fastq.gz,ERR16783311
V11PRr3,${EQ_READS_DIR}/ERR16783312_1.fastq.gz,${EQ_READS_DIR}/ERR16783312_2.fastq.gz,ERR16783312
V11Sr2,${EQ_READS_DIR}/ERR16783313_1.fastq.gz,${EQ_READS_DIR}/ERR16783313_2.fastq.gz,ERR16783313
V12Dr3,${EQ_READS_DIR}/ERR16783314_1.fastq.gz,${EQ_READS_DIR}/ERR16783314_2.fastq.gz,ERR16783314
V12PRr1,${EQ_READS_DIR}/ERR16783315_1.fastq.gz,${EQ_READS_DIR}/ERR16783315_2.fastq.gz,ERR16783315
V12PRr2,${EQ_READS_DIR}/ERR16783316_1.fastq.gz,${EQ_READS_DIR}/ERR16783316_2.fastq.gz,ERR16783316
V12PRr3,${EQ_READS_DIR}/ERR16783317_1.fastq.gz,${EQ_READS_DIR}/ERR16783317_2.fastq.gz,ERR16783317
V12Sr1,${EQ_READS_DIR}/ERR16783318_1.fastq.gz,${EQ_READS_DIR}/ERR16783318_2.fastq.gz,ERR16783318
V12Sr3,${EQ_READS_DIR}/ERR16783319_1.fastq.gz,${EQ_READS_DIR}/ERR16783319_2.fastq.gz,ERR16783319
V13PRr1,${EQ_READS_DIR}/ERR16783320_1.fastq.gz,${EQ_READS_DIR}/ERR16783320_2.fastq.gz,ERR16783320
V13PRr2,${EQ_READS_DIR}/ERR16783321_1.fastq.gz,${EQ_READS_DIR}/ERR16783321_2.fastq.gz,ERR16783321
V13Sr3,${EQ_READS_DIR}/ERR16783322_1.fastq.gz,${EQ_READS_DIR}/ERR16783322_2.fastq.gz,ERR16783322
V14Dr3,${EQ_READS_DIR}/ERR16783323_1.fastq.gz,${EQ_READS_DIR}/ERR16783323_2.fastq.gz,ERR16783323
V14PRr1,${EQ_READS_DIR}/ERR16783324_1.fastq.gz,${EQ_READS_DIR}/ERR16783324_2.fastq.gz,ERR16783324
V14PRr2,${EQ_READS_DIR}/ERR16783325_1.fastq.gz,${EQ_READS_DIR}/ERR16783325_2.fastq.gz,ERR16783325
V14PRr3,${EQ_READS_DIR}/ERR16783326_1.fastq.gz,${EQ_READS_DIR}/ERR16783326_2.fastq.gz,ERR16783326
V14Sr1,${EQ_READS_DIR}/ERR16783327_1.fastq.gz,${EQ_READS_DIR}/ERR16783327_2.fastq.gz,ERR16783327
V15Dr1,${EQ_READS_DIR}/ERR16783328_1.fastq.gz,${EQ_READS_DIR}/ERR16783328_2.fastq.gz,ERR16783328
V15Dr2,${EQ_READS_DIR}/ERR16783329_1.fastq.gz,${EQ_READS_DIR}/ERR16783329_2.fastq.gz,ERR16783329
V15Dr3,${EQ_READS_DIR}/ERR16783330_1.fastq.gz,${EQ_READS_DIR}/ERR16783330_2.fastq.gz,ERR16783330
V15PRr1,${EQ_READS_DIR}/ERR16783331_1.fastq.gz,${EQ_READS_DIR}/ERR16783331_2.fastq.gz,ERR16783331
V15PRr2,${EQ_READS_DIR}/ERR16783332_1.fastq.gz,${EQ_READS_DIR}/ERR16783332_2.fastq.gz,ERR16783332
V15PRr3,${EQ_READS_DIR}/ERR16783333_1.fastq.gz,${EQ_READS_DIR}/ERR16783333_2.fastq.gz,ERR16783333
V15Sr1,${EQ_READS_DIR}/ERR16783334_1.fastq.gz,${EQ_READS_DIR}/ERR16783334_2.fastq.gz,ERR16783334
V15Sr2,${EQ_READS_DIR}/ERR16783335_1.fastq.gz,${EQ_READS_DIR}/ERR16783335_2.fastq.gz,ERR16783335
V16Dr1O,${EQ_READS_DIR}/ERR16783336_1.fastq.gz,${EQ_READS_DIR}/ERR16783336_2.fastq.gz,ERR16783336
V16Dr1T,${EQ_READS_DIR}/ERR16783337_1.fastq.gz,${EQ_READS_DIR}/ERR16783337_2.fastq.gz,ERR16783337
V16Dr3,${EQ_READS_DIR}/ERR16783338_1.fastq.gz,${EQ_READS_DIR}/ERR16783338_2.fastq.gz,ERR16783338
V16PRr1,${EQ_READS_DIR}/ERR16783339_1.fastq.gz,${EQ_READS_DIR}/ERR16783339_2.fastq.gz,ERR16783339
V16PRr1O,${EQ_READS_DIR}/ERR16783340_1.fastq.gz,${EQ_READS_DIR}/ERR16783340_2.fastq.gz,ERR16783340
V16PRr1T,${EQ_READS_DIR}/ERR16783341_1.fastq.gz,${EQ_READS_DIR}/ERR16783341_2.fastq.gz,ERR16783341
V16PRr2,${EQ_READS_DIR}/ERR16783342_1.fastq.gz,${EQ_READS_DIR}/ERR16783342_2.fastq.gz,ERR16783342
V16PRr3,${EQ_READS_DIR}/ERR16783343_1.fastq.gz,${EQ_READS_DIR}/ERR16783343_2.fastq.gz,ERR16783343
V16Sr1O,${EQ_READS_DIR}/ERR16783344_1.fastq.gz,${EQ_READS_DIR}/ERR16783344_2.fastq.gz,ERR16783344
V17Dr1,${EQ_READS_DIR}/ERR16783345_1.fastq.gz,${EQ_READS_DIR}/ERR16783345_2.fastq.gz,ERR16783345
V17Dr2,${EQ_READS_DIR}/ERR16783346_1.fastq.gz,${EQ_READS_DIR}/ERR16783346_2.fastq.gz,ERR16783346
V17PRr1,${EQ_READS_DIR}/ERR16783347_1.fastq.gz,${EQ_READS_DIR}/ERR16783347_2.fastq.gz,ERR16783347
V17PRr2,${EQ_READS_DIR}/ERR16783348_1.fastq.gz,${EQ_READS_DIR}/ERR16783348_2.fastq.gz,ERR16783348
V17PRr3,${EQ_READS_DIR}/ERR16783349_1.fastq.gz,${EQ_READS_DIR}/ERR16783349_2.fastq.gz,ERR16783349
V18PRr2,${EQ_READS_DIR}/ERR16783350_1.fastq.gz,${EQ_READS_DIR}/ERR16783350_2.fastq.gz,ERR16783350
V18PRr3,${EQ_READS_DIR}/ERR16783351_1.fastq.gz,${EQ_READS_DIR}/ERR16783351_2.fastq.gz,ERR16783351
V19Dr2,${EQ_READS_DIR}/ERR16783352_1.fastq.gz,${EQ_READS_DIR}/ERR16783352_2.fastq.gz,ERR16783352
V19Dr3,${EQ_READS_DIR}/ERR16783353_1.fastq.gz,${EQ_READS_DIR}/ERR16783353_2.fastq.gz,ERR16783353
V19PRr1,${EQ_READS_DIR}/ERR16783354_1.fastq.gz,${EQ_READS_DIR}/ERR16783354_2.fastq.gz,ERR16783354
V19PRr2,${EQ_READS_DIR}/ERR16783355_1.fastq.gz,${EQ_READS_DIR}/ERR16783355_2.fastq.gz,ERR16783355
V19PRr3,${EQ_READS_DIR}/ERR16783356_1.fastq.gz,${EQ_READS_DIR}/ERR16783356_2.fastq.gz,ERR16783356
V19Sr3,${EQ_READS_DIR}/ERR16783357_1.fastq.gz,${EQ_READS_DIR}/ERR16783357_2.fastq.gz,ERR16783357
V1Dr1,${EQ_READS_DIR}/ERR16783358_1.fastq.gz,${EQ_READS_DIR}/ERR16783358_2.fastq.gz,ERR16783358
V1Dr3,${EQ_READS_DIR}/ERR16783359_1.fastq.gz,${EQ_READS_DIR}/ERR16783359_2.fastq.gz,ERR16783359
V1PRr1,${EQ_READS_DIR}/ERR16783360_1.fastq.gz,${EQ_READS_DIR}/ERR16783360_2.fastq.gz,ERR16783360
V1PRr2,${EQ_READS_DIR}/ERR16783361_1.fastq.gz,${EQ_READS_DIR}/ERR16783361_2.fastq.gz,ERR16783361
V1PRr3,${EQ_READS_DIR}/ERR16783362_1.fastq.gz,${EQ_READS_DIR}/ERR16783362_2.fastq.gz,ERR16783362
V20PRr1,${EQ_READS_DIR}/ERR16783363_1.fastq.gz,${EQ_READS_DIR}/ERR16783363_2.fastq.gz,ERR16783363
V20PRr2,${EQ_READS_DIR}/ERR16783364_1.fastq.gz,${EQ_READS_DIR}/ERR16783364_2.fastq.gz,ERR16783364
V20PRr3,${EQ_READS_DIR}/ERR16783365_1.fastq.gz,${EQ_READS_DIR}/ERR16783365_2.fastq.gz,ERR16783365
V20Sr2,${EQ_READS_DIR}/ERR16783366_1.fastq.gz,${EQ_READS_DIR}/ERR16783366_2.fastq.gz,ERR16783366
V21Dr1,${EQ_READS_DIR}/ERR16783367_1.fastq.gz,${EQ_READS_DIR}/ERR16783367_2.fastq.gz,ERR16783367
V21Dr2,${EQ_READS_DIR}/ERR16783368_1.fastq.gz,${EQ_READS_DIR}/ERR16783368_2.fastq.gz,ERR16783368
V21PRr1,${EQ_READS_DIR}/ERR16783369_1.fastq.gz,${EQ_READS_DIR}/ERR16783369_2.fastq.gz,ERR16783369
V21PRr1RE,${EQ_READS_DIR}/ERR16783370_1.fastq.gz,${EQ_READS_DIR}/ERR16783370_2.fastq.gz,ERR16783370
V21PRr2,${EQ_READS_DIR}/ERR16783371_1.fastq.gz,${EQ_READS_DIR}/ERR16783371_2.fastq.gz,ERR16783371
V21PRr2RE,${EQ_READS_DIR}/ERR16783372_1.fastq.gz,${EQ_READS_DIR}/ERR16783372_2.fastq.gz,ERR16783372
V21PRr3,${EQ_READS_DIR}/ERR16783373_1.fastq.gz,${EQ_READS_DIR}/ERR16783373_2.fastq.gz,ERR16783373
V21PRr3RE,${EQ_READS_DIR}/ERR16783374_1.fastq.gz,${EQ_READS_DIR}/ERR16783374_2.fastq.gz,ERR16783374
V21Sr3,${EQ_READS_DIR}/ERR16783375_1.fastq.gz,${EQ_READS_DIR}/ERR16783375_2.fastq.gz,ERR16783375
V22PRr2,${EQ_READS_DIR}/ERR16783376_1.fastq.gz,${EQ_READS_DIR}/ERR16783376_2.fastq.gz,ERR16783376
V23Dr1,${EQ_READS_DIR}/ERR16783377_1.fastq.gz,${EQ_READS_DIR}/ERR16783377_2.fastq.gz,ERR16783377
V23PRr1,${EQ_READS_DIR}/ERR16783378_1.fastq.gz,${EQ_READS_DIR}/ERR16783378_2.fastq.gz,ERR16783378
V23PRr2,${EQ_READS_DIR}/ERR16783379_1.fastq.gz,${EQ_READS_DIR}/ERR16783379_2.fastq.gz,ERR16783379
V24Dr1,${EQ_READS_DIR}/ERR16783380_1.fastq.gz,${EQ_READS_DIR}/ERR16783380_2.fastq.gz,ERR16783380
V24PRr1,${EQ_READS_DIR}/ERR16783381_1.fastq.gz,${EQ_READS_DIR}/ERR16783381_2.fastq.gz,ERR16783381
V24PRr3,${EQ_READS_DIR}/ERR16783382_1.fastq.gz,${EQ_READS_DIR}/ERR16783382_2.fastq.gz,ERR16783382
V25Dr3,${EQ_READS_DIR}/ERR16783383_1.fastq.gz,${EQ_READS_DIR}/ERR16783383_2.fastq.gz,ERR16783383
V25PRr1,${EQ_READS_DIR}/ERR16783384_1.fastq.gz,${EQ_READS_DIR}/ERR16783384_2.fastq.gz,ERR16783384
V25PRr2,${EQ_READS_DIR}/ERR16783385_1.fastq.gz,${EQ_READS_DIR}/ERR16783385_2.fastq.gz,ERR16783385
V25PRr3,${EQ_READS_DIR}/ERR16783386_1.fastq.gz,${EQ_READS_DIR}/ERR16783386_2.fastq.gz,ERR16783386
V25Sr2,${EQ_READS_DIR}/ERR16783387_1.fastq.gz,${EQ_READS_DIR}/ERR16783387_2.fastq.gz,ERR16783387
V25Sr3,${EQ_READS_DIR}/ERR16783388_1.fastq.gz,${EQ_READS_DIR}/ERR16783388_2.fastq.gz,ERR16783388
V26Dr2,${EQ_READS_DIR}/ERR16783389_1.fastq.gz,${EQ_READS_DIR}/ERR16783389_2.fastq.gz,ERR16783389
V26Dr3,${EQ_READS_DIR}/ERR16783390_1.fastq.gz,${EQ_READS_DIR}/ERR16783390_2.fastq.gz,ERR16783390
V26PRr1,${EQ_READS_DIR}/ERR16783391_1.fastq.gz,${EQ_READS_DIR}/ERR16783391_2.fastq.gz,ERR16783391
V26PRr2,${EQ_READS_DIR}/ERR16783392_1.fastq.gz,${EQ_READS_DIR}/ERR16783392_2.fastq.gz,ERR16783392
V26Sr2,${EQ_READS_DIR}/ERR16783393_1.fastq.gz,${EQ_READS_DIR}/ERR16783393_2.fastq.gz,ERR16783393
V27Dr2,${EQ_READS_DIR}/ERR16783394_1.fastq.gz,${EQ_READS_DIR}/ERR16783394_2.fastq.gz,ERR16783394
V27Dr3,${EQ_READS_DIR}/ERR16783395_1.fastq.gz,${EQ_READS_DIR}/ERR16783395_2.fastq.gz,ERR16783395
V27PRr1,${EQ_READS_DIR}/ERR16783396_1.fastq.gz,${EQ_READS_DIR}/ERR16783396_2.fastq.gz,ERR16783396
V27PRr2,${EQ_READS_DIR}/ERR16783397_1.fastq.gz,${EQ_READS_DIR}/ERR16783397_2.fastq.gz,ERR16783397
V27PRr3,${EQ_READS_DIR}/ERR16783398_1.fastq.gz,${EQ_READS_DIR}/ERR16783398_2.fastq.gz,ERR16783398
V28Dr1,${EQ_READS_DIR}/ERR16783399_1.fastq.gz,${EQ_READS_DIR}/ERR16783399_2.fastq.gz,ERR16783399
V28Dr3,${EQ_READS_DIR}/ERR16783400_1.fastq.gz,${EQ_READS_DIR}/ERR16783400_2.fastq.gz,ERR16783400
V28PRr1,${EQ_READS_DIR}/ERR16783401_1.fastq.gz,${EQ_READS_DIR}/ERR16783401_2.fastq.gz,ERR16783401
V28PRr2,${EQ_READS_DIR}/ERR16783402_1.fastq.gz,${EQ_READS_DIR}/ERR16783402_2.fastq.gz,ERR16783402
V28PRr3,${EQ_READS_DIR}/ERR16783403_1.fastq.gz,${EQ_READS_DIR}/ERR16783403_2.fastq.gz,ERR16783403
V29PRr2,${EQ_READS_DIR}/ERR16783405_1.fastq.gz,${EQ_READS_DIR}/ERR16783405_2.fastq.gz,ERR16783405
V29PRr3,${EQ_READS_DIR}/ERR16783406_1.fastq.gz,${EQ_READS_DIR}/ERR16783406_2.fastq.gz,ERR16783406
V2Dr1,${EQ_READS_DIR}/ERR16783407_1.fastq.gz,${EQ_READS_DIR}/ERR16783407_2.fastq.gz,ERR16783407
V2Dr2,${EQ_READS_DIR}/ERR16783408_1.fastq.gz,${EQ_READS_DIR}/ERR16783408_2.fastq.gz,ERR16783408
V2PRr1,${EQ_READS_DIR}/ERR16783409_1.fastq.gz,${EQ_READS_DIR}/ERR16783409_2.fastq.gz,ERR16783409
V2PRr2,${EQ_READS_DIR}/ERR16783410_1.fastq.gz,${EQ_READS_DIR}/ERR16783410_2.fastq.gz,ERR16783410
V2PRr3,${EQ_READS_DIR}/ERR16783411_1.fastq.gz,${EQ_READS_DIR}/ERR16783411_2.fastq.gz,ERR16783411
V2Sr1,${EQ_READS_DIR}/ERR16783412_1.fastq.gz,${EQ_READS_DIR}/ERR16783412_2.fastq.gz,ERR16783412
V2Sr2,${EQ_READS_DIR}/ERR16783413_1.fastq.gz,${EQ_READS_DIR}/ERR16783413_2.fastq.gz,ERR16783413
V30PRr1,${EQ_READS_DIR}/ERR16783414_1.fastq.gz,${EQ_READS_DIR}/ERR16783414_2.fastq.gz,ERR16783414
V30PRr2,${EQ_READS_DIR}/ERR16783415_1.fastq.gz,${EQ_READS_DIR}/ERR16783415_2.fastq.gz,ERR16783415
V30PRr3,${EQ_READS_DIR}/ERR16783416_1.fastq.gz,${EQ_READS_DIR}/ERR16783416_2.fastq.gz,ERR16783416
V30Sr2,${EQ_READS_DIR}/ERR16783417_1.fastq.gz,${EQ_READS_DIR}/ERR16783417_2.fastq.gz,ERR16783417
V31Dr1,${EQ_READS_DIR}/ERR16783418_1.fastq.gz,${EQ_READS_DIR}/ERR16783418_2.fastq.gz,ERR16783418
V31Dr3,${EQ_READS_DIR}/ERR16783419_1.fastq.gz,${EQ_READS_DIR}/ERR16783419_2.fastq.gz,ERR16783419
V32PRr1,${EQ_READS_DIR}/ERR16783420_1.fastq.gz,${EQ_READS_DIR}/ERR16783420_2.fastq.gz,ERR16783420
V32PRr2,${EQ_READS_DIR}/ERR16783421_1.fastq.gz,${EQ_READS_DIR}/ERR16783421_2.fastq.gz,ERR16783421
V32PRr3,${EQ_READS_DIR}/ERR16783422_1.fastq.gz,${EQ_READS_DIR}/ERR16783422_2.fastq.gz,ERR16783422
V33PRr1,${EQ_READS_DIR}/ERR16783423_1.fastq.gz,${EQ_READS_DIR}/ERR16783423_2.fastq.gz,ERR16783423
V33PRr2,${EQ_READS_DIR}/ERR16783424_1.fastq.gz,${EQ_READS_DIR}/ERR16783424_2.fastq.gz,ERR16783424
V33PRr3,${EQ_READS_DIR}/ERR16783425_1.fastq.gz,${EQ_READS_DIR}/ERR16783425_2.fastq.gz,ERR16783425
V34Dr2,${EQ_READS_DIR}/ERR16783426_1.fastq.gz,${EQ_READS_DIR}/ERR16783426_2.fastq.gz,ERR16783426
V34PRr1,${EQ_READS_DIR}/ERR16783427_1.fastq.gz,${EQ_READS_DIR}/ERR16783427_2.fastq.gz,ERR16783427
V34PRr2,${EQ_READS_DIR}/ERR16783428_1.fastq.gz,${EQ_READS_DIR}/ERR16783428_2.fastq.gz,ERR16783428
V34PRr3,${EQ_READS_DIR}/ERR16783429_1.fastq.gz,${EQ_READS_DIR}/ERR16783429_2.fastq.gz,ERR16783429
V35Dr1,${EQ_READS_DIR}/ERR16783430_1.fastq.gz,${EQ_READS_DIR}/ERR16783430_2.fastq.gz,ERR16783430
V35PRr1,${EQ_READS_DIR}/ERR16783431_1.fastq.gz,${EQ_READS_DIR}/ERR16783431_2.fastq.gz,ERR16783431
V35PRr2,${EQ_READS_DIR}/ERR16783432_1.fastq.gz,${EQ_READS_DIR}/ERR16783432_2.fastq.gz,ERR16783432
V35PRr3,${EQ_READS_DIR}/ERR16783433_1.fastq.gz,${EQ_READS_DIR}/ERR16783433_2.fastq.gz,ERR16783433
V35PRr3R,${EQ_READS_DIR}/ERR16783434_1.fastq.gz,${EQ_READS_DIR}/ERR16783434_2.fastq.gz,ERR16783434
V37Dr1,${EQ_READS_DIR}/ERR16783435_1.fastq.gz,${EQ_READS_DIR}/ERR16783435_2.fastq.gz,ERR16783435
V37PRr2,${EQ_READS_DIR}/ERR16783436_1.fastq.gz,${EQ_READS_DIR}/ERR16783436_2.fastq.gz,ERR16783436
V37PRr3,${EQ_READS_DIR}/ERR16783437_1.fastq.gz,${EQ_READS_DIR}/ERR16783437_2.fastq.gz,ERR16783437
V38PRr3,${EQ_READS_DIR}/ERR16783438_1.fastq.gz,${EQ_READS_DIR}/ERR16783438_2.fastq.gz,ERR16783438
V38Sr2,${EQ_READS_DIR}/ERR16783439_1.fastq.gz,${EQ_READS_DIR}/ERR16783439_2.fastq.gz,ERR16783439
V39Dr1,${EQ_READS_DIR}/ERR16783440_1.fastq.gz,${EQ_READS_DIR}/ERR16783440_2.fastq.gz,ERR16783440
V39Dr3,${EQ_READS_DIR}/ERR16783441_1.fastq.gz,${EQ_READS_DIR}/ERR16783441_2.fastq.gz,ERR16783441
V39PRr1,${EQ_READS_DIR}/ERR16783442_1.fastq.gz,${EQ_READS_DIR}/ERR16783442_2.fastq.gz,ERR16783442
V39PRr2,${EQ_READS_DIR}/ERR16783443_1.fastq.gz,${EQ_READS_DIR}/ERR16783443_2.fastq.gz,ERR16783443
V39PRr3,${EQ_READS_DIR}/ERR16783444_1.fastq.gz,${EQ_READS_DIR}/ERR16783444_2.fastq.gz,ERR16783444
V39Sr2,${EQ_READS_DIR}/ERR16783445_1.fastq.gz,${EQ_READS_DIR}/ERR16783445_2.fastq.gz,ERR16783445
V3PRr1,${EQ_READS_DIR}/ERR16783446_1.fastq.gz,${EQ_READS_DIR}/ERR16783446_2.fastq.gz,ERR16783446
V3PRr2,${EQ_READS_DIR}/ERR16783447_1.fastq.gz,${EQ_READS_DIR}/ERR16783447_2.fastq.gz,ERR16783447
V3PRr3,${EQ_READS_DIR}/ERR16783448_1.fastq.gz,${EQ_READS_DIR}/ERR16783448_2.fastq.gz,ERR16783448
V40Dr1,${EQ_READS_DIR}/ERR16783449_1.fastq.gz,${EQ_READS_DIR}/ERR16783449_2.fastq.gz,ERR16783449
V40PRr1,${EQ_READS_DIR}/ERR16783450_1.fastq.gz,${EQ_READS_DIR}/ERR16783450_2.fastq.gz,ERR16783450
V40PRr2,${EQ_READS_DIR}/ERR16783451_1.fastq.gz,${EQ_READS_DIR}/ERR16783451_2.fastq.gz,ERR16783451
V40PRr3,${EQ_READS_DIR}/ERR16783452_1.fastq.gz,${EQ_READS_DIR}/ERR16783452_2.fastq.gz,ERR16783452
V40Sr3,${EQ_READS_DIR}/ERR16783453_1.fastq.gz,${EQ_READS_DIR}/ERR16783453_2.fastq.gz,ERR16783453
V41Dr3,${EQ_READS_DIR}/ERR16783454_1.fastq.gz,${EQ_READS_DIR}/ERR16783454_2.fastq.gz,ERR16783454
V42PRr2,${EQ_READS_DIR}/ERR16783455_1.fastq.gz,${EQ_READS_DIR}/ERR16783455_2.fastq.gz,ERR16783455
V42Sr2,${EQ_READS_DIR}/ERR16783456_1.fastq.gz,${EQ_READS_DIR}/ERR16783456_2.fastq.gz,ERR16783456
V43Dr1,${EQ_READS_DIR}/ERR16783457_1.fastq.gz,${EQ_READS_DIR}/ERR16783457_2.fastq.gz,ERR16783457
V43Dr2,${EQ_READS_DIR}/ERR16783458_1.fastq.gz,${EQ_READS_DIR}/ERR16783458_2.fastq.gz,ERR16783458
V43Dr3,${EQ_READS_DIR}/ERR16783459_1.fastq.gz,${EQ_READS_DIR}/ERR16783459_2.fastq.gz,ERR16783459
V43PRr1,${EQ_READS_DIR}/ERR16783460_1.fastq.gz,${EQ_READS_DIR}/ERR16783460_2.fastq.gz,ERR16783460
V43PRr2,${EQ_READS_DIR}/ERR16783461_1.fastq.gz,${EQ_READS_DIR}/ERR16783461_2.fastq.gz,ERR16783461
V43PRr3,${EQ_READS_DIR}/ERR16783462_1.fastq.gz,${EQ_READS_DIR}/ERR16783462_2.fastq.gz,ERR16783462
V44Dr1,${EQ_READS_DIR}/ERR16783463_1.fastq.gz,${EQ_READS_DIR}/ERR16783463_2.fastq.gz,ERR16783463
V44PRr1,${EQ_READS_DIR}/ERR16783464_1.fastq.gz,${EQ_READS_DIR}/ERR16783464_2.fastq.gz,ERR16783464
V44PRr2,${EQ_READS_DIR}/ERR16783465_1.fastq.gz,${EQ_READS_DIR}/ERR16783465_2.fastq.gz,ERR16783465
V45Dr1,${EQ_READS_DIR}/ERR16783466_1.fastq.gz,${EQ_READS_DIR}/ERR16783466_2.fastq.gz,ERR16783466
V45Dr2,${EQ_READS_DIR}/ERR16783467_1.fastq.gz,${EQ_READS_DIR}/ERR16783467_2.fastq.gz,ERR16783467
V45Dr3,${EQ_READS_DIR}/ERR16783468_1.fastq.gz,${EQ_READS_DIR}/ERR16783468_2.fastq.gz,ERR16783468
V45PRr1,${EQ_READS_DIR}/ERR16783469_1.fastq.gz,${EQ_READS_DIR}/ERR16783469_2.fastq.gz,ERR16783469
V45PRr2,${EQ_READS_DIR}/ERR16783470_1.fastq.gz,${EQ_READS_DIR}/ERR16783470_2.fastq.gz,ERR16783470
V45PRr3,${EQ_READS_DIR}/ERR16783471_1.fastq.gz,${EQ_READS_DIR}/ERR16783471_2.fastq.gz,ERR16783471
V45Sr3,${EQ_READS_DIR}/ERR16783472_1.fastq.gz,${EQ_READS_DIR}/ERR16783472_2.fastq.gz,ERR16783472
V46PRr1,${EQ_READS_DIR}/ERR16783473_1.fastq.gz,${EQ_READS_DIR}/ERR16783473_2.fastq.gz,ERR16783473
V46PRr2,${EQ_READS_DIR}/ERR16783474_1.fastq.gz,${EQ_READS_DIR}/ERR16783474_2.fastq.gz,ERR16783474
V46PRr3,${EQ_READS_DIR}/ERR16783475_1.fastq.gz,${EQ_READS_DIR}/ERR16783475_2.fastq.gz,ERR16783475
V47PRr1,${EQ_READS_DIR}/ERR16783476_1.fastq.gz,${EQ_READS_DIR}/ERR16783476_2.fastq.gz,ERR16783476
V47PRr2,${EQ_READS_DIR}/ERR16783477_1.fastq.gz,${EQ_READS_DIR}/ERR16783477_2.fastq.gz,ERR16783477
V47PRr3,${EQ_READS_DIR}/ERR16783478_1.fastq.gz,${EQ_READS_DIR}/ERR16783478_2.fastq.gz,ERR16783478
V48Dr1,${EQ_READS_DIR}/ERR16783479_1.fastq.gz,${EQ_READS_DIR}/ERR16783479_2.fastq.gz,ERR16783479
V48Dr2,${EQ_READS_DIR}/ERR16783480_1.fastq.gz,${EQ_READS_DIR}/ERR16783480_2.fastq.gz,ERR16783480
V48Dr3,${EQ_READS_DIR}/ERR16783481_1.fastq.gz,${EQ_READS_DIR}/ERR16783481_2.fastq.gz,ERR16783481
V48PRr1,${EQ_READS_DIR}/ERR16783482_1.fastq.gz,${EQ_READS_DIR}/ERR16783482_2.fastq.gz,ERR16783482
V49Dr2,${EQ_READS_DIR}/ERR16783483_1.fastq.gz,${EQ_READS_DIR}/ERR16783483_2.fastq.gz,ERR16783483
V4Dr1,${EQ_READS_DIR}/ERR16783484_1.fastq.gz,${EQ_READS_DIR}/ERR16783484_2.fastq.gz,ERR16783484
V4Dr2,${EQ_READS_DIR}/ERR16783485_1.fastq.gz,${EQ_READS_DIR}/ERR16783485_2.fastq.gz,ERR16783485
V4Dr3,${EQ_READS_DIR}/ERR16783486_1.fastq.gz,${EQ_READS_DIR}/ERR16783486_2.fastq.gz,ERR16783486
V4PRr1,${EQ_READS_DIR}/ERR16783487_1.fastq.gz,${EQ_READS_DIR}/ERR16783487_2.fastq.gz,ERR16783487
V4PRr2,${EQ_READS_DIR}/ERR16783488_1.fastq.gz,${EQ_READS_DIR}/ERR16783488_2.fastq.gz,ERR16783488
V4PRr3,${EQ_READS_DIR}/ERR16783489_1.fastq.gz,${EQ_READS_DIR}/ERR16783489_2.fastq.gz,ERR16783489
V4Sr1,${EQ_READS_DIR}/ERR16783490_1.fastq.gz,${EQ_READS_DIR}/ERR16783490_2.fastq.gz,ERR16783490
V4Sr3,${EQ_READS_DIR}/ERR16783491_1.fastq.gz,${EQ_READS_DIR}/ERR16783491_2.fastq.gz,ERR16783491
V50PRr2,${EQ_READS_DIR}/ERR16783492_1.fastq.gz,${EQ_READS_DIR}/ERR16783492_2.fastq.gz,ERR16783492
V51PRr2,${EQ_READS_DIR}/ERR16783493_1.fastq.gz,${EQ_READS_DIR}/ERR16783493_2.fastq.gz,ERR16783493
V51PRr3,${EQ_READS_DIR}/ERR16783494_1.fastq.gz,${EQ_READS_DIR}/ERR16783494_2.fastq.gz,ERR16783494
V53PRr2,${EQ_READS_DIR}/ERR16783495_1.fastq.gz,${EQ_READS_DIR}/ERR16783495_2.fastq.gz,ERR16783495
V54PRr1,${EQ_READS_DIR}/ERR16783496_1.fastq.gz,${EQ_READS_DIR}/ERR16783496_2.fastq.gz,ERR16783496
V54PRr2,${EQ_READS_DIR}/ERR16783497_1.fastq.gz,${EQ_READS_DIR}/ERR16783497_2.fastq.gz,ERR16783497
V54PRr3,${EQ_READS_DIR}/ERR16783498_1.fastq.gz,${EQ_READS_DIR}/ERR16783498_2.fastq.gz,ERR16783498
V55Dr1,${EQ_READS_DIR}/ERR16783499_1.fastq.gz,${EQ_READS_DIR}/ERR16783499_2.fastq.gz,ERR16783499
V55PRr1,${EQ_READS_DIR}/ERR16783501_1.fastq.gz,${EQ_READS_DIR}/ERR16783501_2.fastq.gz,ERR16783501
V55PRr2,${EQ_READS_DIR}/ERR16783596_1.fastq.gz,${EQ_READS_DIR}/ERR16783596_2.fastq.gz,ERR16783596
V55PRr3,${EQ_READS_DIR}/ERR16783785_1.fastq.gz,${EQ_READS_DIR}/ERR16783785_2.fastq.gz,ERR16783785
V55Sr2,${EQ_READS_DIR}/ERR16783786_1.fastq.gz,${EQ_READS_DIR}/ERR16783786_2.fastq.gz,ERR16783786
V55Sr3,${EQ_READS_DIR}/ERR16783787_1.fastq.gz,${EQ_READS_DIR}/ERR16783787_2.fastq.gz,ERR16783787
V57PRr2,${EQ_READS_DIR}/ERR16783788_1.fastq.gz,${EQ_READS_DIR}/ERR16783788_2.fastq.gz,ERR16783788
V57PRr3,${EQ_READS_DIR}/ERR16783789_1.fastq.gz,${EQ_READS_DIR}/ERR16783789_2.fastq.gz,ERR16783789
V58PRr1,${EQ_READS_DIR}/ERR16783790_1.fastq.gz,${EQ_READS_DIR}/ERR16783790_2.fastq.gz,ERR16783790
V58PRr2,${EQ_READS_DIR}/ERR16783791_1.fastq.gz,${EQ_READS_DIR}/ERR16783791_2.fastq.gz,ERR16783791
V58PRr3,${EQ_READS_DIR}/ERR16783792_1.fastq.gz,${EQ_READS_DIR}/ERR16783792_2.fastq.gz,ERR16783792
V5Dr1,${EQ_READS_DIR}/ERR16783793_1.fastq.gz,${EQ_READS_DIR}/ERR16783793_2.fastq.gz,ERR16783793
V5Dr1T,${EQ_READS_DIR}/ERR16783794_1.fastq.gz,${EQ_READS_DIR}/ERR16783794_2.fastq.gz,ERR16783794
V5PRr1,${EQ_READS_DIR}/ERR16783795_1.fastq.gz,${EQ_READS_DIR}/ERR16783795_2.fastq.gz,ERR16783795
V5PRr1O,${EQ_READS_DIR}/ERR16783796_1.fastq.gz,${EQ_READS_DIR}/ERR16783796_2.fastq.gz,ERR16783796
V5PRr1T,${EQ_READS_DIR}/ERR16783797_1.fastq.gz,${EQ_READS_DIR}/ERR16783797_2.fastq.gz,ERR16783797
V5PRr2,${EQ_READS_DIR}/ERR16783798_1.fastq.gz,${EQ_READS_DIR}/ERR16783798_2.fastq.gz,ERR16783798
V5PRr3,${EQ_READS_DIR}/ERR16783799_1.fastq.gz,${EQ_READS_DIR}/ERR16783799_2.fastq.gz,ERR16783799
V5Sr1,${EQ_READS_DIR}/ERR16783800_1.fastq.gz,${EQ_READS_DIR}/ERR16783800_2.fastq.gz,ERR16783800
V5Sr3,${EQ_READS_DIR}/ERR16783801_1.fastq.gz,${EQ_READS_DIR}/ERR16783801_2.fastq.gz,ERR16783801
V60PRr1,${EQ_READS_DIR}/ERR16783802_1.fastq.gz,${EQ_READS_DIR}/ERR16783802_2.fastq.gz,ERR16783802
V60PRr1O,${EQ_READS_DIR}/ERR16783803_1.fastq.gz,${EQ_READS_DIR}/ERR16783803_2.fastq.gz,ERR16783803
V60PRr2,${EQ_READS_DIR}/ERR16783804_1.fastq.gz,${EQ_READS_DIR}/ERR16783804_2.fastq.gz,ERR16783804
V6Dr1,${EQ_READS_DIR}/ERR16783805_1.fastq.gz,${EQ_READS_DIR}/ERR16783805_2.fastq.gz,ERR16783805
V6PRr1,${EQ_READS_DIR}/ERR16783806_1.fastq.gz,${EQ_READS_DIR}/ERR16783806_2.fastq.gz,ERR16783806
V6PRr2,${EQ_READS_DIR}/ERR16783807_1.fastq.gz,${EQ_READS_DIR}/ERR16783807_2.fastq.gz,ERR16783807
V6PRr3,${EQ_READS_DIR}/ERR16783808_1.fastq.gz,${EQ_READS_DIR}/ERR16783808_2.fastq.gz,ERR16783808
V6Sr1,${EQ_READS_DIR}/ERR16783809_1.fastq.gz,${EQ_READS_DIR}/ERR16783809_2.fastq.gz,ERR16783809
V6Sr3,${EQ_READS_DIR}/ERR16783810_1.fastq.gz,${EQ_READS_DIR}/ERR16783810_2.fastq.gz,ERR16783810
V7Dr1T,${EQ_READS_DIR}/ERR16783811_1.fastq.gz,${EQ_READS_DIR}/ERR16783811_2.fastq.gz,ERR16783811
V7Dr3,${EQ_READS_DIR}/ERR16783812_1.fastq.gz,${EQ_READS_DIR}/ERR16783812_2.fastq.gz,ERR16783812
V7Dr3R,${EQ_READS_DIR}/ERR16783813_1.fastq.gz,${EQ_READS_DIR}/ERR16783813_2.fastq.gz,ERR16783813
V7PRr1,${EQ_READS_DIR}/ERR16783814_1.fastq.gz,${EQ_READS_DIR}/ERR16783814_2.fastq.gz,ERR16783814
V7PRr1O,${EQ_READS_DIR}/ERR16783815_1.fastq.gz,${EQ_READS_DIR}/ERR16783815_2.fastq.gz,ERR16783815
V7PRr1T,${EQ_READS_DIR}/ERR16783817_1.fastq.gz,${EQ_READS_DIR}/ERR16783817_2.fastq.gz,ERR16783817
V7PRr2,${EQ_READS_DIR}/ERR16783818_1.fastq.gz,${EQ_READS_DIR}/ERR16783818_2.fastq.gz,ERR16783818
V7PRr3,${EQ_READS_DIR}/ERR16783819_1.fastq.gz,${EQ_READS_DIR}/ERR16783819_2.fastq.gz,ERR16783819
V8Dr3,${EQ_READS_DIR}/ERR16783820_1.fastq.gz,${EQ_READS_DIR}/ERR16783820_2.fastq.gz,ERR16783820
V8PRr1,${EQ_READS_DIR}/ERR16783821_1.fastq.gz,${EQ_READS_DIR}/ERR16783821_2.fastq.gz,ERR16783821
V8PRr2,${EQ_READS_DIR}/ERR16783822_1.fastq.gz,${EQ_READS_DIR}/ERR16783822_2.fastq.gz,ERR16783822
V8PRr3,${EQ_READS_DIR}/ERR16783823_1.fastq.gz,${EQ_READS_DIR}/ERR16783823_2.fastq.gz,ERR16783823
V9PRr1,${EQ_READS_DIR}/ERR16783824_1.fastq.gz,${EQ_READS_DIR}/ERR16783824_2.fastq.gz,ERR16783824
V9PRr2,${EQ_READS_DIR}/ERR16783825_1.fastq.gz,${EQ_READS_DIR}/ERR16783825_2.fastq.gz,ERR16783825
V9PRr3,${EQ_READS_DIR}/ERR16783826_1.fastq.gz,${EQ_READS_DIR}/ERR16783826_2.fastq.gz,ERR16783826
