Site	Year	Month	Avg_Temp_C	Avg_Total_Rain_mm	Avg_Total_Precip_mm	Avg_Humidity_Percent
1	2022	1	17.72	1.30	1.30	40.39
1	2022	2	19.48	0.00	0.00	26.04
1	2022	3	23.73	0.10	0.10	16.71
1	2022	4	27.91	5.10	5.10	17.63
1	2022	5	30.71	0.00	0.00	12.97
1	2022	6	33.44	0.00	0.00	11.77
1	2022	7	33.02	71.70	71.70	23.39
1	2022	8	33.14	0.70	0.70	23.42
1	2022	9	30.98	0.00	0.00	16.10
1	2022	10	25.77	0.00	0.00	18.65
1	2022	11	22.14	0.00	0.00	31.50
1	2022	12	18.10	0.00	0.00	41.23
1	2023	1	16.89	0.10	0.10	52.32
1	2023	2	20.65	0.00	0.00	29.39
1	2023	3	23.51	14.00	14.00	38.29
1	2023	4	25.41	9.00	9.00	36.73
1	2023	5	30.52	3.10	3.10	23.19
1	2023	6	33.13	0.00	0.00	14.63
1	2023	7	35.15	0.00	0.00	10.97
1	2023	8	34.77	0.00	0.00	14.42
1	2023	9	32.34	0.00	0.00	15.23
1	2023	10	26.96	0.00	0.00	26.94
1	2023	11	23.89	0.00	0.00	36.27
1	2023	12	17.66	0.00	0.00	38.74
1	2024	1	18.94	0.00	0.00	37.68
1	2024	2	20.72	0.00	0.00	35.14
1	2024	3	24.21	12.00	12.00	35.16
1	2024	4	27.81	7.50	7.50	32.33
1	2024	5	31.82	0.40	0.40	21.26
1	2024	6	34.63	0.00	0.00	10.83
1	2024	7	35.22	0.00	0.00	14.13
1	2024	8	34.57	0.10	0.10	22.74
1	2024	9	31.91	0.00	0.00	16.10
1	2024	10	27.58	2.90	2.90	29.13
1	2024	11	22.23	0.00	0.00	33.90
1	2024	12	16.95	0.00	0.00	35.03
1	2025	1	15.68	0.00	0.00	35.71
1	2025	2	19.91	0.00	0.00	33.04
1	2025	3	23.77	2.00	2.00	29.35
1	2025	4	29.10	0.00	0.00	15.77
1	2025	5	31.65	0.00	0.00	12.97
1	2025	6	33.02	0.00	0.00	10.67
1	2025	7	34.05	0.00	0.00	12.84
1	2025	8	33.63	1.50	1.50	21.94
1	2025	9	31.76	4.40	4.40	19.47
1	2025	10	25.39	0.00	0.00	18.42
1	2025	11	19.24	0.00	0.00	27.23
1	2025	12	17.76	0.00	0.00	36.35
1	2026	1	15.88	0.00	0.00	33.80
2	2022	1	17.51	1.40	1.40	41.06
2	2022	2	19.36	0.00	0.00	26.07
2	2022	3	23.65	0.00	0.00	16.68
2	2022	4	27.96	2.70	2.70	17.67
2	2022	5	30.84	0.00	0.00	12.84
2	2022	6	33.50	0.00	0.00	11.67
2	2022	7	33.20	70.10	70.10	22.55
2	2022	8	33.18	3.20	3.20	23.32
2	2022	9	30.98	0.00	0.00	16.10
2	2022	10	25.57	0.00	0.00	18.84
2	2022	11	21.93	0.00	0.00	32.07
2	2022	12	17.95	0.00	0.00	41.23
2	2023	1	16.81	0.10	0.10	52.06
2	2023	2	20.76	0.00	0.00	28.14
2	2023	3	23.40	18.50	18.50	38.29
2	2023	4	25.40	5.60	5.60	36.37
2	2023	5	30.56	1.60	1.60	22.84
2	2023	6	33.22	0.00	0.00	14.53
2	2023	7	35.20	0.00	0.00	10.97
2	2023	8	34.91	0.00	0.00	14.32
2	2023	9	32.37	0.00	0.00	15.20
2	2023	10	26.97	0.20	0.20	27.26
2	2023	11	23.70	0.00	0.00	36.83
2	2023	12	17.46	0.00	0.00	39.29
2	2024	1	18.83	0.00	0.00	37.97
2	2024	2	20.52	0.00	0.00	35.41
2	2024	3	24.11	15.30	15.30	35.13
2	2024	4	27.68	9.30	9.30	32.60
2	2024	5	31.81	1.50	1.50	21.39
2	2024	6	34.68	0.00	0.00	10.73
2	2024	7	35.32	0.00	0.00	13.94
2	2024	8	34.58	0.10	0.10	22.77
2	2024	9	32.00	0.00	0.00	16.03
2	2024	10	27.55	4.20	4.20	29.35
2	2024	11	22.04	0.00	0.00	34.23
2	2024	12	16.84	0.00	0.00	35.06
2	2025	1	15.33	0.00	0.00	37.45
2	2025	2	19.66	0.00	0.00	33.68
2	2025	3	23.52	1.80	1.80	29.81
2	2025	4	29.03	0.00	0.00	15.67
2	2025	5	31.64	0.00	0.00	12.97
2	2025	6	33.11	0.00	0.00	10.50
2	2025	7	34.20	0.00	0.00	12.68
2	2025	8	33.83	0.20	0.20	20.94
2	2025	9	31.83	1.40	1.40	19.27
2	2025	10	25.46	0.00	0.00	18.29
2	2025	11	19.28	0.00	0.00	27.40
2	2025	12	17.65	0.00	0.00	36.65
2	2026	1	15.71	0.00	0.00	34.10
3	2022	1	17.53	0.70	0.70	41.23
3	2022	2	19.46	0.00	0.00	26.00
3	2022	3	23.83	0.00	0.00	16.65
3	2022	4	28.43	1.10	1.10	17.50
3	2022	5	31.21	0.00	0.00	12.77
3	2022	6	34.09	0.00	0.00	11.43
3	2022	7	33.73	53.20	53.20	22.61
3	2022	8	33.83	2.70	2.70	22.48
3	2022	9	31.57	0.00	0.00	15.80
3	2022	10	26.06	0.00	0.00	18.74
3	2022	11	21.96	0.00	0.00	32.77
3	2022	12	18.04	0.00	0.00	41.74
3	2023	1	16.98	0.60	0.60	52.00
3	2023	2	20.94	0.00	0.00	27.86
3	2023	3	23.66	15.00	15.00	38.77
3	2023	4	25.98	14.40	14.40	35.43
3	2023	5	31.15	0.70	0.70	22.13
3	2023	6	33.80	0.00	0.00	14.17
3	2023	7	35.80	0.00	0.00	10.61
3	2023	8	35.53	0.00	0.00	13.97
3	2023	9	32.97	0.00	0.00	14.83
3	2023	10	27.49	0.30	0.30	26.74
3	2023	11	24.14	0.00	0.00	36.50
3	2023	12	17.65	0.00	0.00	39.61
3	2024	1	18.95	0.00	0.00	38.35
3	2024	2	20.79	0.90	0.90	35.41
3	2024	3	24.52	14.10	14.10	34.45
3	2024	4	28.19	5.90	5.90	31.47
3	2024	5	32.30	4.60	4.60	21.10
3	2024	6	35.31	0.00	0.00	10.60
3	2024	7	35.98	0.00	0.00	13.23
3	2024	8	35.28	0.10	0.10	21.97
3	2024	9	32.55	0.00	0.00	15.70
3	2024	10	28.12	0.70	0.70	28.71
3	2024	11	22.37	0.00	0.00	34.33
3	2024	12	16.94	0.00	0.00	35.10
3	2025	1	15.54	0.00	0.00	36.77
3	2025	2	19.81	0.00	0.00	33.75
3	2025	3	23.76	2.30	2.30	30.06
3	2025	4	29.42	0.00	0.00	15.50
3	2025	5	32.25	0.00	0.00	12.65
3	2025	6	33.72	0.00	0.00	10.17
3	2025	7	34.99	0.00	0.00	12.10
3	2025	8	34.55	0.20	0.20	20.16
3	2025	9	32.38	1.50	1.50	18.90
3	2025	10	25.95	0.00	0.00	18.13
3	2025	11	19.65	0.00	0.00	27.33
3	2025	12	17.83	0.00	0.00	36.97
3	2026	1	15.69	0.00	0.00	34.30
4	2022	1	17.72	0.10	0.10	40.03
4	2022	2	19.60	0.00	0.00	25.61
4	2022	3	24.02	0.00	0.00	16.52
4	2022	4	28.69	0.80	0.80	17.43
4	2022	5	31.39	0.00	0.00	12.87
4	2022	6	34.30	0.00	0.00	11.47
4	2022	7	34.02	63.00	63.00	23.35
4	2022	8	34.25	5.90	5.90	22.32
4	2022	9	31.70	0.00	0.00	16.03
4	2022	10	26.33	0.00	0.00	18.90
4	2022	11	22.53	0.00	0.00	32.27
4	2022	12	18.42	0.00	0.00	41.26
4	2023	1	17.25	0.90	0.90	51.32
4	2023	2	20.86	0.00	0.00	27.71
4	2023	3	24.08	8.80	8.80	38.00
4	2023	4	26.46	6.90	6.90	33.93
4	2023	5	31.73	0.10	0.10	21.06
4	2023	6	34.01	0.10	0.10	14.17
4	2023	7	36.03	0.00	0.00	10.71
4	2023	8	35.75	0.00	0.00	13.97
4	2023	9	33.10	0.00	0.00	15.13
4	2023	10	27.91	0.10	0.10	26.52
4	2023	11	24.56	0.00	0.00	36.27
4	2023	12	18.00	0.00	0.00	38.71
4	2024	1	19.11	0.00	0.00	37.90
4	2024	2	21.02	0.00	0.00	35.00
4	2024	3	24.91	26.10	26.10	33.68
4	2024	4	28.50	2.20	2.20	31.43
4	2024	5	32.65	0.20	0.20	21.00
4	2024	6	35.47	0.00	0.00	10.63
4	2024	7	36.37	0.00	0.00	12.94
4	2024	8	35.73	0.30	0.30	21.39
4	2024	9	32.66	0.00	0.00	15.87
4	2024	10	28.55	1.80	1.80	28.52
4	2024	11	22.83	0.00	0.00	33.50
4	2024	12	17.01	0.00	0.00	34.94
4	2025	1	15.69	0.00	0.00	37.03
4	2025	2	19.96	0.00	0.00	33.36
4	2025	3	24.15	3.40	3.40	29.06
4	2025	4	29.79	0.00	0.00	15.30
4	2025	5	32.52	0.00	0.00	12.71
4	2025	6	33.83	0.00	0.00	10.53
4	2025	7	35.26	0.00	0.00	12.03
4	2025	8	34.89	1.80	1.80	20.00
4	2025	9	32.65	2.60	2.60	18.90
4	2025	10	26.09	0.00	0.00	18.13
4	2025	11	19.90	0.00	0.00	27.40
4	2025	12	17.95	0.00	0.00	37.42
4	2026	1	15.79	0.00	0.00	33.95
5	2022	1	17.82	0.00	0.00	39.58
5	2022	2	19.66	0.00	0.00	25.50
5	2022	3	24.08	0.00	0.00	16.45
5	2022	4	28.77	1.10	1.10	17.60
5	2022	5	31.42	0.00	0.00	12.90
5	2022	6	34.33	0.00	0.00	11.60
5	2022	7	33.89	55.80	55.80	24.23
5	2022	8	34.32	5.00	5.00	22.29
5	2022	9	31.79	0.00	0.00	16.10
5	2022	10	26.41	0.00	0.00	18.74
5	2022	11	22.68	0.00	0.00	32.30
5	2022	12	18.51	0.00	0.00	41.23
5	2023	1	17.37	0.20	0.20	51.00
5	2023	2	20.85	0.00	0.00	27.54
5	2023	3	24.28	9.80	9.80	37.10
5	2023	4	26.58	6.50	6.50	33.83
5	2023	5	31.88	0.20	0.20	20.71
5	2023	6	34.06	0.00	0.00	14.00
5	2023	7	36.13	0.00	0.00	10.74
5	2023	8	35.79	0.00	0.00	14.03
5	2023	9	33.17	0.00	0.00	15.10
5	2023	10	28.02	0.10	0.10	26.48
5	2023	11	24.71	0.00	0.00	36.00
5	2023	12	18.08	0.00	0.00	38.58
5	2024	1	19.17	0.00	0.00	37.90
5	2024	2	21.10	0.00	0.00	34.86
5	2024	3	25.04	26.20	26.20	33.39
5	2024	4	28.62	1.10	1.10	31.20
5	2024	5	32.77	1.40	1.40	20.90
5	2024	6	35.55	0.00	0.00	10.63
5	2024	7	36.49	0.00	0.00	12.77
5	2024	8	35.80	2.30	2.30	21.23
5	2024	9	32.72	0.00	0.00	15.90
5	2024	10	28.69	1.70	1.70	28.48
5	2024	11	22.97	0.00	0.00	33.43
5	2024	12	17.07	0.00	0.00	34.74
5	2025	1	15.78	0.00	0.00	37.03
5	2025	2	20.04	0.00	0.00	33.07
5	2025	3	24.30	3.10	3.10	28.84
5	2025	4	29.90	0.00	0.00	15.27
5	2025	5	32.59	0.00	0.00	12.71
5	2025	6	33.86	0.00	0.00	10.60
5	2025	7	35.31	0.00	0.00	11.94
5	2025	8	34.97	1.30	1.30	20.00
5	2025	9	32.71	1.80	1.80	18.90
5	2025	10	26.13	0.00	0.00	18.29
5	2025	11	19.93	0.00	0.00	27.57
5	2025	12	18.03	0.00	0.00	37.45
5	2026	1	15.86	0.00	0.00	33.90
6	2022	1	17.94	0.00	0.00	38.90
6	2022	2	19.76	0.00	0.00	25.29
6	2022	3	24.15	0.00	0.00	16.32
6	2022	4	28.87	0.80	0.80	17.27
6	2022	5	31.53	0.00	0.00	12.84
6	2022	6	34.50	0.00	0.00	11.57
6	2022	7	33.56	51.00	51.00	26.55
6	2022	8	34.38	4.70	4.70	22.26
6	2022	9	31.86	0.00	0.00	16.03
6	2022	10	26.54	0.00	0.00	18.84
6	2022	11	22.86	0.00	0.00	32.20
6	2022	12	18.60	0.00	0.00	41.10
6	2023	1	17.42	0.10	0.10	51.00
6	2023	2	20.82	0.50	0.50	27.43
6	2023	3	24.26	18.30	18.30	37.81
6	2023	4	26.64	8.70	8.70	33.57
6	2023	5	32.05	0.00	0.00	20.52
6	2023	6	34.24	0.00	0.00	13.87
6	2023	7	36.18	0.00	0.00	10.71
6	2023	8	35.86	0.00	0.00	14.00
6	2023	9	33.30	0.00	0.00	15.10
6	2023	10	28.18	0.40	0.40	26.42
6	2023	11	24.85	0.00	0.00	36.07
6	2023	12	18.23	0.00	0.00	38.16
6	2024	1	19.27	0.00	0.00	37.71
6	2024	2	21.12	1.70	1.70	34.79
6	2024	3	25.02	33.90	33.90	33.77
6	2024	4	28.59	2.50	2.50	31.63
6	2024	5	32.91	0.50	0.50	20.87
6	2024	6	35.64	0.00	0.00	10.67
6	2024	7	36.61	0.00	0.00	12.68
6	2024	8	35.91	1.30	1.30	21.10
6	2024	9	32.85	0.00	0.00	15.97
6	2024	10	28.80	1.80	1.80	28.32
6	2024	11	23.12	0.00	0.00	33.13
6	2024	12	17.15	0.00	0.00	34.29
6	2025	1	15.84	0.00	0.00	36.97
6	2025	2	20.07	0.00	0.00	33.00
6	2025	3	24.44	1.70	1.70	27.74
6	2025	4	30.04	0.00	0.00	15.20
6	2025	5	32.66	0.00	0.00	12.58
6	2025	6	33.98	0.00	0.00	10.43
6	2025	7	35.39	0.00	0.00	12.00
6	2025	8	35.11	0.20	0.20	19.68
6	2025	9	32.86	5.00	5.00	19.00
6	2025	10	26.21	0.00	0.00	18.42
6	2025	11	20.02	0.00	0.00	27.80
6	2025	12	18.13	0.00	0.00	37.45
6	2026	1	15.96	0.00	0.00	33.30
7	2022	1	17.88	0.00	0.00	39.13
7	2022	2	19.72	0.00	0.00	25.46
7	2022	3	24.19	0.00	0.00	16.35
7	2022	4	29.04	0.80	0.80	16.77
7	2022	5	31.62	0.00	0.00	12.68
7	2022	6	34.66	0.00	0.00	11.50
7	2022	7	34.04	26.10	26.10	24.77
7	2022	8	34.60	1.80	1.80	22.00
7	2022	9	32.07	0.00	0.00	15.93
7	2022	10	26.72	0.00	0.00	18.94
7	2022	11	22.85	0.00	0.00	32.60
7	2022	12	18.53	0.00	0.00	41.39
7	2023	1	17.42	0.20	0.20	51.10
7	2023	2	20.81	0.30	0.30	27.29
7	2023	3	24.61	12.30	12.30	35.03
7	2023	4	26.77	8.90	8.90	33.03
7	2023	5	32.16	0.20	0.20	20.29
7	2023	6	34.34	0.00	0.00	13.53
7	2023	7	36.40	0.00	0.00	10.52
7	2023	8	36.02	0.00	0.00	13.90
7	2023	9	33.54	0.00	0.00	14.93
7	2023	10	28.26	0.30	0.30	26.71
7	2023	11	24.86	0.00	0.00	36.27
7	2023	12	18.16	0.00	0.00	38.45
7	2024	1	19.22	0.00	0.00	38.00
7	2024	2	21.10	4.10	4.10	35.03
7	2024	3	25.00	22.90	22.90	34.19
7	2024	4	28.62	3.30	3.30	31.63
7	2024	5	33.03	0.20	0.20	20.90
7	2024	6	35.77	0.00	0.00	10.67
7	2024	7	36.76	0.00	0.00	12.48
7	2024	8	35.98	10.90	10.90	21.29
7	2024	9	33.04	0.00	0.00	15.83
7	2024	10	28.81	0.90	0.90	28.71
7	2024	11	23.12	0.00	0.00	33.13
7	2024	12	17.13	0.00	0.00	34.16
7	2025	1	15.79	0.00	0.00	37.23
7	2025	2	20.02	0.00	0.00	33.00
7	2025	3	24.49	1.50	1.50	27.35
7	2025	4	30.15	0.00	0.00	15.17
7	2025	5	32.73	0.00	0.00	12.61
7	2025	6	34.03	0.00	0.00	10.50
7	2025	7	35.49	0.00	0.00	11.77
7	2025	8	35.27	0.20	0.20	19.55
7	2025	9	33.00	5.70	5.70	19.07
7	2025	10	26.30	0.00	0.00	18.39
7	2025	11	20.12	0.00	0.00	27.77
7	2025	12	18.14	0.00	0.00	37.77
7	2026	1	15.97	0.00	0.00	33.15
8	2022	1	17.95	0.20	0.20	39.42
8	2022	2	19.80	0.00	0.00	25.89
8	2022	3	24.29	0.00	0.00	16.23
8	2022	4	29.20	2.00	2.00	16.80
8	2022	5	31.77	0.00	0.00	12.84
8	2022	6	34.80	0.00	0.00	11.50
8	2022	7	34.09	10.90	10.90	24.90
8	2022	8	34.75	2.80	2.80	22.13
8	2022	9	32.24	0.00	0.00	16.07
8	2022	10	26.96	0.00	0.00	18.68
8	2022	11	22.94	0.00	0.00	32.83
8	2022	12	18.58	0.00	0.00	42.06
8	2023	1	17.50	0.00	0.00	51.19
8	2023	2	21.02	0.00	0.00	26.64
8	2023	3	24.66	9.50	9.50	35.55
8	2023	4	26.96	5.70	5.70	32.47
8	2023	5	32.23	0.20	0.20	20.39
8	2023	6	34.53	0.00	0.00	13.33
8	2023	7	36.56	0.00	0.00	10.61
8	2023	8	36.16	0.00	0.00	13.74
8	2023	9	33.76	0.00	0.00	14.73
8	2023	10	28.51	0.40	0.40	26.48
8	2023	11	25.06	0.00	0.00	35.77
8	2023	12	18.46	0.00	0.00	37.71
8	2024	1	19.45	0.00	0.00	37.52
8	2024	2	21.20	3.00	3.00	34.76
8	2024	3	24.98	20.30	20.30	35.13
8	2024	4	28.66	7.40	7.40	31.83
8	2024	5	33.16	0.60	0.60	20.84
8	2024	6	35.93	0.00	0.00	10.73
8	2024	7	36.89	0.00	0.00	12.61
8	2024	8	36.13	0.80	0.80	21.03
8	2024	9	33.22	0.00	0.00	15.80
8	2024	10	29.04	0.90	0.90	28.45
8	2024	11	23.42	0.00	0.00	32.87
8	2024	12	17.42	0.00	0.00	33.35
8	2025	1	15.97	0.00	0.00	36.94
8	2025	2	20.23	0.00	0.00	32.39
8	2025	3	24.55	2.70	2.70	27.45
8	2025	4	30.23	0.00	0.00	15.30
8	2025	5	32.85	0.00	0.00	12.55
8	2025	6	34.21	0.00	0.00	10.30
8	2025	7	35.57	0.00	0.00	11.74
8	2025	8	35.39	0.20	0.20	19.48
8	2025	9	33.19	3.10	3.10	18.90
8	2025	10	26.60	0.00	0.00	18.19
8	2025	11	20.51	0.00	0.00	27.23
8	2025	12	18.42	0.00	0.00	37.13
8	2026	1	16.23	0.00	0.00	32.60
9	2022	1	18.09	0.10	0.10	38.81
9	2022	2	19.87	0.00	0.00	25.86
9	2022	3	24.41	0.30	0.30	15.94
9	2022	4	29.37	2.50	2.50	16.77
9	2022	5	31.99	0.00	0.00	12.81
9	2022	6	35.10	0.00	0.00	11.30
9	2022	7	34.22	15.00	15.00	24.97
9	2022	8	35.01	0.60	0.60	21.77
9	2022	9	32.42	0.00	0.00	16.00
9	2022	10	27.22	0.00	0.00	18.45
9	2022	11	23.07	0.00	0.00	33.00
9	2022	12	18.73	0.00	0.00	41.58
9	2023	1	17.57	0.30	0.30	51.23
9	2023	2	21.14	0.00	0.00	26.25
9	2023	3	24.78	8.90	8.90	35.58
9	2023	4	27.17	4.20	4.20	31.90
9	2023	5	32.45	0.00	0.00	19.81
9	2023	6	34.73	0.00	0.00	13.07
9	2023	7	36.78	0.00	0.00	10.45
9	2023	8	36.42	0.00	0.00	13.74
9	2023	9	33.95	0.00	0.00	14.80
9	2023	10	28.66	0.50	0.50	26.71
9	2023	11	25.18	0.00	0.00	35.93
9	2023	12	18.50	0.00	0.00	37.84
9	2024	1	19.52	0.00	0.00	37.74
9	2024	2	21.26	2.10	2.10	34.72
9	2024	3	25.15	28.20	28.20	35.03
9	2024	4	28.86	6.90	6.90	31.43
9	2024	5	33.43	0.60	0.60	20.77
9	2024	6	36.30	0.00	0.00	10.60
9	2024	7	37.18	0.00	0.00	12.48
9	2024	8	36.40	1.80	1.80	20.84
9	2024	9	33.43	0.00	0.00	15.70
9	2024	10	29.24	0.30	0.30	28.39
9	2024	11	23.51	0.00	0.00	32.80
9	2024	12	17.39	0.00	0.00	33.39
9	2025	1	15.97	0.00	0.00	37.06
9	2025	2	20.29	0.00	0.00	32.39
9	2025	3	24.79	1.20	1.20	26.74
9	2025	4	30.47	0.00	0.00	15.03
9	2025	5	33.12	0.00	0.00	12.29
9	2025	6	34.56	0.00	0.00	10.17
9	2025	7	35.90	0.00	0.00	11.61
9	2025	8	35.67	0.40	0.40	19.35
9	2025	9	33.49	1.90	1.90	18.63
9	2025	10	26.82	0.00	0.00	18.10
9	2025	11	20.61	0.00	0.00	27.43
9	2025	12	18.49	0.00	0.00	37.42
9	2026	1	16.27	0.00	0.00	32.55
10	2022	1	18.18	0.10	0.10	38.58
10	2022	2	20.07	0.00	0.00	25.18
10	2022	3	24.55	0.00	0.00	15.77
10	2022	4	29.63	1.80	1.80	16.47
10	2022	5	32.25	0.00	0.00	12.45
10	2022	6	35.33	0.00	0.00	11.27
10	2022	7	34.54	12.00	12.00	24.65
10	2022	8	35.32	1.30	1.30	21.65
10	2022	9	32.60	0.00	0.00	16.13
10	2022	10	27.48	0.00	0.00	18.16
10	2022	11	23.32	0.00	0.00	32.23
10	2022	12	18.85	0.00	0.00	41.26
10	2023	1	17.71	0.30	0.30	50.97
10	2023	2	21.26	0.10	0.10	25.75
10	2023	3	25.12	8.10	8.10	33.77
10	2023	4	27.33	3.20	3.20	31.57
10	2023	5	32.69	0.20	0.20	19.42
10	2023	6	34.87	0.00	0.00	13.10
10	2023	7	37.01	0.00	0.00	10.35
10	2023	8	36.64	0.00	0.00	13.74
10	2023	9	34.09	0.00	0.00	14.93
10	2023	10	28.81	0.70	0.70	26.81
10	2023	11	25.32	0.00	0.00	35.93
10	2023	12	18.53	0.00	0.00	38.19
10	2024	1	19.58	0.00	0.00	38.03
10	2024	2	21.34	3.40	3.40	34.69
10	2024	3	25.23	25.70	25.70	35.61
10	2024	4	28.94	2.50	2.50	31.53
10	2024	5	33.58	1.10	1.10	20.68
10	2024	6	36.54	0.00	0.00	10.60
10	2024	7	37.43	0.00	0.00	12.23
10	2024	8	36.57	0.50	0.50	20.97
10	2024	9	33.65	0.00	0.00	15.80
10	2024	10	29.38	0.50	0.50	28.58
10	2024	11	23.68	0.00	0.00	32.73
10	2024	12	17.43	0.00	0.00	33.32
10	2025	1	16.04	0.00	0.00	37.16
10	2025	2	20.31	0.00	0.00	32.54
10	2025	3	24.88	0.80	0.80	26.65
10	2025	4	30.59	0.00	0.00	15.17
10	2025	5	33.30	0.00	0.00	12.32
10	2025	6	34.74	0.00	0.00	10.23
10	2025	7	36.08	0.00	0.00	11.52
10	2025	8	35.91	0.20	0.20	19.19
10	2025	9	33.74	1.50	1.50	18.37
10	2025	10	26.97	0.00	0.00	18.26
10	2025	11	20.70	0.00	0.00	27.63
10	2025	12	18.55	0.00	0.00	37.55
10	2026	1	16.34	0.00	0.00	32.45
11	2022	1	18.33	0.00	0.00	37.97
11	2022	2	20.18	0.00	0.00	25.32
11	2022	3	24.70	0.00	0.00	15.61
11	2022	4	29.77	4.00	4.00	16.37
11	2022	5	32.43	0.00	0.00	12.10
11	2022	6	35.52	0.00	0.00	11.27
11	2022	7	34.42	15.60	15.60	25.94
11	2022	8	35.60	1.70	1.70	21.19
11	2022	9	32.72	0.00	0.00	16.07
11	2022	10	27.63	0.00	0.00	18.16
11	2022	11	23.44	0.00	0.00	32.20
11	2022	12	18.99	0.00	0.00	40.87
11	2023	1	17.84	0.20	0.20	50.58
11	2023	2	21.40	0.00	0.00	25.39
11	2023	3	25.28	10.60	10.60	33.39
11	2023	4	27.54	2.20	2.20	31.03
11	2023	5	32.85	0.00	0.00	19.23
11	2023	6	35.10	0.00	0.00	12.90
11	2023	7	37.20	0.00	0.00	10.39
11	2023	8	36.80	0.00	0.00	13.68
11	2023	9	34.29	0.00	0.00	14.90
11	2023	10	28.99	0.70	0.70	26.68
11	2023	11	25.47	0.00	0.00	35.87
11	2023	12	18.70	0.00	0.00	38.13
11	2024	1	19.67	0.00	0.00	37.97
11	2024	2	21.41	6.10	6.10	34.72
11	2024	3	25.43	24.40	24.40	35.03
11	2024	4	29.14	7.00	7.00	30.80
11	2024	5	33.69	0.70	0.70	20.81
11	2024	6	36.68	0.00	0.00	10.60
11	2024	7	37.59	0.00	0.00	12.23
11	2024	8	36.77	0.00	0.00	20.58
11	2024	9	33.86	0.00	0.00	15.63
11	2024	10	29.58	0.50	0.50	28.48
11	2024	11	23.87	0.00	0.00	32.53
11	2024	12	17.57	0.00	0.00	33.00
11	2025	1	16.14	0.00	0.00	37.19
11	2025	2	20.36	0.00	0.00	32.43
11	2025	3	24.97	0.40	0.40	26.48
11	2025	4	30.68	0.00	0.00	15.23
11	2025	5	33.40	0.00	0.00	12.35
11	2025	6	34.86	0.00	0.00	10.13
11	2025	7	36.22	0.00	0.00	11.48
11	2025	8	36.08	0.60	0.60	19.29
11	2025	9	33.96	0.70	0.70	18.23
11	2025	10	27.26	0.00	0.00	18.03
11	2025	11	20.91	0.00	0.00	27.47
11	2025	12	18.71	0.00	0.00	37.45
11	2026	1	16.46	0.00	0.00	32.30
12	2022	1	18.41	0.20	0.20	38.06
12	2022	2	20.24	0.00	0.00	25.64
12	2022	3	24.93	0.00	0.00	15.52
12	2022	4	30.04	3.30	3.30	15.87
12	2022	5	32.70	0.00	0.00	11.90
12	2022	6	35.81	0.00	0.00	11.10
12	2022	7	34.45	22.40	22.40	27.06
12	2022	8	35.85	1.60	1.60	21.23
12	2022	9	33.03	0.00	0.00	16.00
12	2022	10	27.98	0.00	0.00	18.19
12	2022	11	23.69	0.00	0.00	32.13
12	2022	12	19.15	0.00	0.00	41.26
12	2023	1	18.05	0.20	0.20	50.03
12	2023	2	21.58	0.00	0.00	24.89
12	2023	3	25.30	9.00	9.00	33.77
12	2023	4	27.63	4.30	4.30	30.97
12	2023	5	33.09	0.00	0.00	19.10
12	2023	6	35.36	0.00	0.00	12.83
12	2023	7	37.42	0.00	0.00	10.32
12	2023	8	37.10	0.00	0.00	13.52
12	2023	9	34.62	0.00	0.00	15.00
12	2023	10	29.38	0.60	0.60	26.48
12	2023	11	25.69	0.00	0.00	35.83
12	2023	12	18.88	0.00	0.00	39.13
12	2024	1	19.85	0.00	0.00	37.90
12	2024	2	21.40	7.10	7.10	35.45
12	2024	3	25.56	25.60	25.60	34.94
12	2024	4	29.52	10.60	10.60	29.33
12	2024	5	33.80	0.90	0.90	21.00
12	2024	6	36.83	0.00	0.00	10.67
12	2024	7	37.79	0.00	0.00	12.06
12	2024	8	37.08	0.00	0.00	20.19
12	2024	9	34.13	0.00	0.00	15.73
12	2024	10	29.94	0.10	0.10	28.19
12	2024	11	24.19	0.00	0.00	32.20
12	2024	12	17.84	0.00	0.00	32.48
12	2025	1	16.33	0.00	0.00	36.65
12	2025	2	20.59	0.00	0.00	32.00
12	2025	3	25.16	0.60	0.60	26.06
12	2025	4	30.91	0.00	0.00	15.10
12	2025	5	33.69	0.00	0.00	12.23
12	2025	6	35.14	0.00	0.00	10.07
12	2025	7	36.54	0.00	0.00	11.29
12	2025	8	36.42	1.20	1.20	19.16
12	2025	9	34.27	0.00	0.00	18.13
12	2025	10	27.55	0.00	0.00	17.97
12	2025	11	21.26	0.00	0.00	27.10
12	2025	12	19.01	0.00	0.00	37.45
12	2026	1	16.68	0.00	0.00	31.60
13	2022	1	18.45	0.60	0.60	38.10
13	2022	2	20.37	0.00	0.00	25.61
13	2022	3	25.01	0.00	0.00	15.65
13	2022	4	30.19	5.40	5.40	15.63
13	2022	5	32.78	0.00	0.00	12.03
13	2022	6	36.04	0.00	0.00	11.13
13	2022	7	34.60	33.00	33.00	27.39
13	2022	8	36.04	0.30	0.30	21.45
13	2022	9	33.28	0.00	0.00	15.77
13	2022	10	28.13	0.00	0.00	17.97
13	2022	11	23.72	0.00	0.00	32.43
13	2022	12	19.17	0.90	0.90	41.26
13	2023	1	18.11	0.10	0.10	49.90
13	2023	2	21.62	0.00	0.00	24.86
13	2023	3	25.47	9.60	9.60	33.00
13	2023	4	27.80	2.60	2.60	30.73
13	2023	5	33.21	0.30	0.30	19.00
13	2023	6	35.63	0.00	0.00	12.53
13	2023	7	37.62	0.00	0.00	10.35
13	2023	8	37.25	0.00	0.00	13.58
13	2023	9	34.77	0.00	0.00	15.00
13	2023	10	29.44	0.90	0.90	26.77
13	2023	11	25.73	0.00	0.00	36.30
13	2023	12	18.80	0.00	0.00	39.81
13	2024	1	19.81	0.00	0.00	38.42
13	2024	2	21.57	8.70	8.70	35.10
13	2024	3	25.66	13.90	13.90	34.97
13	2024	4	29.82	6.50	6.50	28.30
13	2024	5	34.01	1.80	1.80	20.87
13	2024	6	37.06	0.00	0.00	10.60
13	2024	7	38.06	0.10	0.10	12.00
13	2024	8	37.26	0.10	0.10	19.87
13	2024	9	34.21	0.00	0.00	15.70
13	2024	10	29.97	0.10	0.10	28.58
13	2024	11	24.21	0.00	0.00	32.53
13	2024	12	17.75	0.00	0.00	32.77
13	2025	1	16.35	0.00	0.00	37.06
13	2025	2	20.67	0.00	0.00	32.07
13	2025	3	25.26	0.70	0.70	26.03
13	2025	4	31.03	0.00	0.00	15.37
13	2025	5	33.87	0.00	0.00	12.23
13	2025	6	35.35	0.00	0.00	10.07
13	2025	7	36.80	0.00	0.00	11.26
13	2025	8	36.57	1.80	1.80	19.29
13	2025	9	34.42	0.00	0.00	18.23
13	2025	10	27.64	0.00	0.00	18.13
13	2025	11	21.31	0.00	0.00	27.17
13	2025	12	19.05	0.00	0.00	37.77
13	2026	1	16.67	0.00	0.00	31.75
14	2022	1	18.46	3.50	3.50	39.19
14	2022	2	20.57	0.00	0.00	25.54
14	2022	3	25.28	0.00	0.00	15.74
14	2022	4	30.48	3.00	3.00	15.50
14	2022	5	33.05	0.00	0.00	11.97
14	2022	6	36.31	0.00	0.00	11.07
14	2022	7	34.73	54.60	54.60	28.26
14	2022	8	36.39	0.20	0.20	21.29
14	2022	9	33.58	0.00	0.00	15.87
14	2022	10	28.46	0.00	0.00	17.90
14	2022	11	23.97	0.00	0.00	32.77
14	2022	12	19.35	0.10	0.10	41.81
14	2023	1	18.30	0.10	0.10	49.81
14	2023	2	21.77	0.00	0.00	24.89
14	2023	3	25.77	4.70	4.70	31.94
14	2023	4	28.08	3.00	3.00	30.17
14	2023	5	33.45	0.00	0.00	18.74
14	2023	6	35.90	0.00	0.00	12.40
14	2023	7	37.85	0.00	0.00	10.32
14	2023	8	37.64	0.00	0.00	13.55
14	2023	9	35.14	0.00	0.00	14.97
14	2023	10	29.73	0.60	0.60	26.84
14	2023	11	25.94	0.00	0.00	36.70
14	2023	12	19.17	0.00	0.00	39.16
14	2024	1	19.95	0.00	0.00	39.23
14	2024	2	21.64	8.70	8.70	35.45
14	2024	3	25.73	12.70	12.70	35.23
14	2024	4	29.91	1.80	1.80	28.00
14	2024	5	34.12	0.40	0.40	21.06
14	2024	6	37.30	0.00	0.00	10.53
14	2024	7	38.28	0.00	0.00	11.97
14	2024	8	37.55	0.10	0.10	19.68
14	2024	9	34.51	0.00	0.00	15.67
14	2024	10	30.33	0.00	0.00	28.61
14	2024	11	24.62	0.00	0.00	32.07
14	2024	12	18.00	0.00	0.00	32.35
14	2025	1	16.53	0.00	0.00	36.94
14	2025	2	20.78	0.00	0.00	31.93
14	2025	3	25.42	1.70	1.70	25.65
14	2025	4	31.12	0.00	0.00	15.60
14	2025	5	34.00	0.00	0.00	12.39
14	2025	6	35.52	0.00	0.00	10.17
14	2025	7	37.11	0.00	0.00	11.16
14	2025	8	36.84	3.20	3.20	19.48
14	2025	9	34.71	0.10	0.10	18.20
14	2025	10	28.00	0.00	0.00	18.06
14	2025	11	21.67	0.00	0.00	26.90
14	2025	12	19.33	0.00	0.00	37.81
14	2026	1	16.86	0.00	0.00	31.55
15	2022	1	18.60	3.60	3.60	38.55
15	2022	2	20.63	0.00	0.00	25.86
15	2022	3	25.41	0.00	0.00	15.68
15	2022	4	30.72	1.90	1.90	14.97
15	2022	5	33.21	0.00	0.00	11.97
15	2022	6	36.46	0.00	0.00	11.10
15	2022	7	34.77	75.20	75.20	28.68
15	2022	8	36.62	0.40	0.40	20.97
15	2022	9	33.72	0.00	0.00	15.90
15	2022	10	28.59	0.00	0.00	17.87
15	2022	11	24.16	0.00	0.00	32.27
15	2022	12	19.48	0.00	0.00	41.52
15	2023	1	18.37	0.10	0.10	49.74
15	2023	2	21.82	0.00	0.00	25.07
15	2023	3	26.04	6.90	6.90	30.45
15	2023	4	28.17	2.70	2.70	30.23
15	2023	5	33.57	0.00	0.00	18.68
15	2023	6	36.05	0.00	0.00	12.27
15	2023	7	38.00	0.00	0.00	10.39
15	2023	8	37.77	0.00	0.00	13.52
15	2023	9	35.28	0.00	0.00	14.93
15	2023	10	29.86	1.40	1.40	27.10
15	2023	11	26.05	0.00	0.00	37.00
15	2023	12	19.26	0.00	0.00	39.42
15	2024	1	20.01	0.00	0.00	39.65
15	2024	2	21.67	6.70	6.70	35.79
15	2024	3	25.80	10.40	10.40	34.94
15	2024	4	29.99	2.80	2.80	28.10
15	2024	5	34.18	3.30	3.30	21.26
15	2024	6	37.47	0.00	0.00	10.53
15	2024	7	38.44	0.00	0.00	11.94
15	2024	8	37.70	0.00	0.00	19.55
15	2024	9	34.67	0.00	0.00	15.67
15	2024	10	30.41	0.10	0.10	28.77
15	2024	11	24.76	0.00	0.00	31.97
15	2024	12	18.09	0.00	0.00	32.32
15	2025	1	16.62	0.00	0.00	36.84
15	2025	2	20.85	0.00	0.00	32.04
15	2025	3	25.53	1.00	1.00	25.26
15	2025	4	31.23	0.00	0.00	15.60
15	2025	5	34.16	0.00	0.00	12.39
15	2025	6	35.65	0.00	0.00	10.17
15	2025	7	37.28	0.00	0.00	11.06
15	2025	8	37.04	3.00	3.00	19.26
15	2025	9	34.87	0.10	0.10	18.33
15	2025	10	28.14	0.00	0.00	17.94
15	2025	11	21.82	0.00	0.00	26.80
15	2025	12	19.48	0.00	0.00	37.77
15	2026	1	16.94	0.00	0.00	31.25
16	2022	1	18.68	5.10	5.10	38.26
16	2022	2	20.66	0.00	0.00	26.18
16	2022	3	25.51	0.00	0.00	15.84
16	2022	4	30.87	1.50	1.50	14.87
16	2022	5	33.36	0.00	0.00	11.90
16	2022	6	36.70	0.00	0.00	11.17
16	2022	7	34.73	83.90	83.90	29.71
16	2022	8	36.80	0.70	0.70	21.06
16	2022	9	33.87	0.00	0.00	16.03
16	2022	10	28.68	0.00	0.00	18.13
16	2022	11	24.26	0.00	0.00	32.27
16	2022	12	19.59	0.00	0.00	41.26
16	2023	1	18.44	0.40	0.40	49.77
16	2023	2	21.85	0.00	0.00	25.43
16	2023	3	26.22	6.90	6.90	29.65
16	2023	4	28.31	3.70	3.70	30.07
16	2023	5	33.68	0.10	0.10	18.68
16	2023	6	36.22	0.00	0.00	12.17
16	2023	7	38.12	0.00	0.00	10.48
16	2023	8	37.90	0.00	0.00	13.61
16	2023	9	35.38	0.00	0.00	15.13
16	2023	10	29.95	1.90	1.90	27.26
16	2023	11	26.18	0.00	0.00	36.83
16	2023	12	19.37	0.00	0.00	38.94
16	2024	1	20.08	0.00	0.00	39.39
16	2024	2	21.58	7.00	7.00	37.00
16	2024	3	25.96	10.00	10.00	34.45
16	2024	4	30.07	7.90	7.90	27.77
16	2024	5	34.22	3.90	3.90	21.81
16	2024	6	37.61	0.00	0.00	10.60
16	2024	7	38.69	0.00	0.00	11.81
16	2024	8	37.84	0.00	0.00	19.61
16	2024	9	34.84	0.00	0.00	15.70
16	2024	10	30.54	0.20	0.20	28.84
16	2024	11	24.83	0.00	0.00	32.10
16	2024	12	18.03	0.00	0.00	32.65
16	2025	1	16.60	0.00	0.00	37.13
16	2025	2	20.90	0.00	0.00	32.04
16	2025	3	25.63	1.10	1.10	25.06
16	2025	4	31.31	0.00	0.00	15.73
16	2025	5	34.26	0.00	0.00	12.35
16	2025	6	35.80	0.00	0.00	10.17
16	2025	7	37.47	0.00	0.00	11.19
16	2025	8	37.14	3.00	3.00	19.68
16	2025	9	35.00	0.00	0.00	18.33
16	2025	10	28.30	0.00	0.00	18.16
16	2025	11	21.95	0.00	0.00	26.87
16	2025	12	19.52	0.00	0.00	38.19
16	2026	1	16.88	0.00	0.00	31.60
17	2022	1	18.70	3.00	3.00	38.90
17	2022	2	20.76	0.00	0.00	26.29
17	2022	3	25.66	0.00	0.00	15.87
17	2022	4	30.99	2.60	2.60	14.83
17	2022	5	33.50	0.00	0.00	11.94
17	2022	6	36.74	0.00	0.00	11.20
17	2022	7	34.61	53.10	53.10	31.26
17	2022	8	36.95	0.70	0.70	21.29
17	2022	9	33.95	0.00	0.00	16.27
17	2022	10	28.79	0.00	0.00	18.10
17	2022	11	24.41	0.00	0.00	32.07
17	2022	12	19.73	0.00	0.00	41.10
17	2023	1	18.63	0.40	0.40	49.23
17	2023	2	22.02	0.00	0.00	25.39
17	2023	3	26.61	6.50	6.50	28.29
17	2023	4	28.52	7.80	7.80	29.50
17	2023	5	33.87	0.50	0.50	18.55
17	2023	6	36.38	0.00	0.00	12.20
17	2023	7	38.33	0.00	0.00	10.42
17	2023	8	38.13	0.00	0.00	13.71
17	2023	9	35.50	0.00	0.00	15.13
17	2023	10	29.93	5.10	5.10	27.97
17	2023	11	26.25	0.00	0.00	37.13
17	2023	12	19.33	0.00	0.00	39.23
17	2024	1	20.14	0.00	0.00	39.42
17	2024	2	21.71	6.90	6.90	37.28
17	2024	3	26.23	8.20	8.20	33.84
17	2024	4	30.17	5.20	5.20	28.07
17	2024	5	34.53	0.90	0.90	21.06
17	2024	6	37.83	0.00	0.00	10.63
17	2024	7	38.92	0.00	0.00	11.94
17	2024	8	38.03	0.00	0.00	19.74
17	2024	9	35.02	0.00	0.00	15.77
17	2024	10	30.73	0.50	0.50	28.84
17	2024	11	24.86	0.00	0.00	32.47
17	2024	12	17.95	0.00	0.00	33.13
17	2025	1	16.62	0.00	0.00	37.39
17	2025	2	21.00	0.00	0.00	31.96
17	2025	3	25.80	1.30	1.30	24.81
17	2025	4	31.43	0.00	0.00	15.87
17	2025	5	34.43	0.00	0.00	12.58
17	2025	6	35.90	0.00	0.00	10.30
17	2025	7	37.67	0.00	0.00	11.32
17	2025	8	37.33	2.50	2.50	19.87
17	2025	9	35.16	0.00	0.00	18.40
17	2025	10	28.42	0.00	0.00	18.29
17	2025	11	21.97	0.00	0.00	27.30
17	2025	12	19.56	0.00	0.00	38.58
17	2026	1	16.84	0.00	0.00	31.95
18	2022	1	18.72	7.00	7.00	39.52
18	2022	2	20.85	0.00	0.00	26.43
18	2022	3	25.85	0.00	0.00	15.81
18	2022	4	31.23	2.80	2.80	14.83
18	2022	5	33.66	0.00	0.00	11.81
18	2022	6	36.80	0.00	0.00	11.40
18	2022	7	34.85	49.80	49.80	30.94
18	2022	8	37.23	0.40	0.40	20.84
18	2022	9	34.17	0.00	0.00	16.20
18	2022	10	28.91	0.00	0.00	17.84
18	2022	11	24.67	0.00	0.00	31.53
18	2022	12	19.86	0.10	0.10	40.94
18	2023	1	18.80	0.00	0.00	49.03
18	2023	2	22.24	0.00	0.00	25.82
18	2023	3	26.89	6.80	6.80	27.32
18	2023	4	28.69	1.20	1.20	29.27
18	2023	5	34.14	0.20	0.20	18.42
18	2023	6	36.55	0.00	0.00	12.30
18	2023	7	38.48	0.00	0.00	10.55
18	2023	8	38.27	0.00	0.00	13.81
18	2023	9	35.68	0.00	0.00	15.23
18	2023	10	30.06	9.60	9.60	27.81
18	2023	11	26.39	0.00	0.00	37.27
18	2023	12	19.25	0.00	0.00	40.87
18	2024	1	20.17	0.00	0.00	40.29
18	2024	2	22.02	4.40	4.40	35.97
18	2024	3	26.30	9.30	9.30	34.06
18	2024	4	30.38	10.40	10.40	27.00
18	2024	5	34.46	0.60	0.60	21.87
18	2024	6	37.95	0.00	0.00	10.83
18	2024	7	39.03	0.00	0.00	11.94
18	2024	8	38.15	0.10	0.10	19.68
18	2024	9	35.17	0.00	0.00	15.97
18	2024	10	30.93	0.00	0.00	28.94
18	2024	11	25.07	0.00	0.00	32.50
18	2024	12	17.96	0.00	0.00	33.32
18	2025	1	16.67	0.00	0.00	37.71
18	2025	2	21.09	0.00	0.00	31.89
18	2025	3	25.90	5.70	5.70	24.65
18	2025	4	31.54	0.00	0.00	16.10
18	2025	5	34.53	0.00	0.00	12.45
18	2025	6	36.01	0.00	0.00	10.20
18	2025	7	37.84	0.00	0.00	11.42
18	2025	8	37.36	0.90	0.90	20.68
18	2025	9	35.27	0.00	0.00	18.70
18	2025	10	28.54	0.00	0.00	18.29
18	2025	11	22.09	0.00	0.00	27.73
18	2025	12	19.68	0.00	0.00	38.84
18	2026	1	16.91	0.00	0.00	32.15
19	2022	1	18.72	13.30	13.30	39.45
19	2022	2	20.76	0.00	0.00	26.82
19	2022	3	25.85	0.00	0.00	16.03
19	2022	4	31.30	0.60	0.60	14.70
19	2022	5	33.67	0.00	0.00	11.81
19	2022	6	36.91	0.00	0.00	11.50
19	2022	7	34.96	66.50	66.50	31.19
19	2022	8	37.44	0.10	0.10	20.65
19	2022	9	34.30	0.00	0.00	16.07
19	2022	10	28.98	0.00	0.00	17.74
19	2022	11	24.65	0.00	0.00	31.97
19	2022	12	19.83	0.60	0.60	41.45
19	2023	1	18.75	0.10	0.10	49.48
19	2023	2	22.21	0.00	0.00	26.50
19	2023	3	26.94	2.70	2.70	26.94
19	2023	4	28.66	2.70	2.70	29.50
19	2023	5	34.24	0.50	0.50	18.35
19	2023	6	36.59	0.00	0.00	12.37
19	2023	7	38.57	0.00	0.00	10.61
19	2023	8	38.31	0.00	0.00	14.13
19	2023	9	35.78	0.00	0.00	15.43
19	2023	10	30.09	10.90	10.90	28.45
19	2023	11	26.41	0.00	0.00	37.57
19	2023	12	19.39	0.00	0.00	39.97
19	2024	1	20.24	0.00	0.00	40.23
19	2024	2	22.13	4.30	4.30	35.17
19	2024	3	26.21	5.20	5.20	34.81
19	2024	4	30.49	8.30	8.30	26.17
19	2024	5	34.62	3.50	3.50	21.58
19	2024	6	38.13	0.00	0.00	10.83
19	2024	7	39.14	0.00	0.00	11.84
19	2024	8	38.15	0.00	0.00	19.90
19	2024	9	35.28	0.00	0.00	16.13
19	2024	10	31.00	0.00	0.00	29.23
19	2024	11	25.11	0.00	0.00	32.80
19	2024	12	17.95	0.00	0.00	33.71
19	2025	1	16.63	0.00	0.00	38.13
19	2025	2	21.05	0.00	0.00	31.93
19	2025	3	25.87	2.90	2.90	24.94
19	2025	4	31.61	0.00	0.00	16.33
19	2025	5	34.60	0.00	0.00	12.48
19	2025	6	36.09	0.00	0.00	10.27
19	2025	7	37.93	0.00	0.00	11.52
19	2025	8	37.43	1.80	1.80	20.81
19	2025	9	35.38	0.00	0.00	18.87
19	2025	10	28.58	0.00	0.00	18.55
19	2025	11	22.13	0.00	0.00	28.00
19	2025	12	19.71	0.00	0.00	39.42
19	2026	1	16.88	0.00	0.00	32.10
20	2022	1	18.47	9.30	9.30	41.23
20	2022	2	20.68	0.00	0.00	27.04
20	2022	3	25.78	0.00	0.00	16.03
20	2022	4	31.30	0.20	0.20	14.63
20	2022	5	33.67	0.00	0.00	11.94
20	2022	6	36.87	0.00	0.00	11.57
20	2022	7	35.25	33.90	33.90	30.13
20	2022	8	37.56	0.00	0.00	20.32
20	2022	9	34.21	0.00	0.00	16.40
20	2022	10	28.97	0.00	0.00	17.94
20	2022	11	24.66	0.00	0.00	32.10
20	2022	12	19.74	4.80	4.80	42.13
20	2023	1	18.70	0.00	0.00	49.90
20	2023	2	22.16	0.00	0.00	26.79
20	2023	3	26.96	4.90	4.90	26.58
20	2023	4	28.60	9.10	9.10	29.63
20	2023	5	34.23	0.20	0.20	18.39
20	2023	6	36.58	0.00	0.00	12.43
20	2023	7	38.57	0.00	0.00	10.52
20	2023	8	38.30	0.00	0.00	14.29
20	2023	9	35.67	0.00	0.00	15.63
20	2023	10	30.02	7.20	7.20	28.77
20	2023	11	26.32	0.00	0.00	38.07
20	2023	12	19.16	0.00	0.00	41.61
20	2024	1	20.13	0.00	0.00	41.13
20	2024	2	22.04	2.60	2.60	35.55
20	2024	3	26.22	7.30	7.30	34.32
20	2024	4	30.46	9.60	9.60	26.17
20	2024	5	34.52	0.70	0.70	21.97
20	2024	6	38.12	0.00	0.00	11.07
20	2024	7	39.10	0.00	0.00	11.90
20	2024	8	38.09	0.00	0.00	20.35
20	2024	9	35.24	0.00	0.00	16.30
20	2024	10	30.94	0.00	0.00	29.52
20	2024	11	25.03	0.00	0.00	33.33
20	2024	12	17.81	0.00	0.00	34.29
20	2025	1	16.53	0.00	0.00	38.61
20	2025	2	21.01	0.00	0.00	31.96
20	2025	3	25.84	2.70	2.70	25.13
20	2025	4	31.65	0.00	0.00	16.53
20	2025	5	34.67	0.00	0.00	12.42
20	2025	6	36.11	0.00	0.00	10.23
20	2025	7	37.97	0.00	0.00	11.58
20	2025	8	37.53	0.00	0.00	20.55
20	2025	9	35.30	0.00	0.00	19.13
20	2025	10	28.50	0.00	0.00	18.94
20	2025	11	22.07	0.00	0.00	28.43
20	2025	12	19.68	0.00	0.00	39.94
20	2026	1	16.83	0.00	0.00	32.40
21	2022	1	18.22	8.70	8.70	42.06
21	2022	2	20.46	0.00	0.00	27.36
21	2022	3	25.56	0.00	0.00	16.16
21	2022	4	31.08	0.40	0.40	14.63
21	2022	5	33.45	0.00	0.00	12.26
21	2022	6	36.73	0.00	0.00	11.60
21	2022	7	35.34	34.00	34.00	29.35
21	2022	8	37.48	0.00	0.00	20.42
21	2022	9	34.08	0.00	0.00	16.63
21	2022	10	28.84	0.00	0.00	18.13
21	2022	11	24.42	0.00	0.00	32.80
21	2022	12	19.56	3.80	3.80	42.58
21	2023	1	18.57	0.00	0.00	50.32
21	2023	2	22.00	0.00	0.00	27.18
21	2023	3	26.82	3.70	3.70	26.61
21	2023	4	28.44	4.60	4.60	29.87
21	2023	5	34.05	0.20	0.20	18.55
21	2023	6	36.39	0.00	0.00	12.53
21	2023	7	38.38	0.00	0.00	10.74
21	2023	8	38.13	0.00	0.00	14.45
21	2023	9	35.52	0.00	0.00	15.83
21	2023	10	29.94	4.10	4.10	28.77
21	2023	11	26.22	0.00	0.00	38.47
21	2023	12	19.11	0.00	0.00	41.97
21	2024	1	19.93	0.00	0.00	42.00
21	2024	2	21.92	3.40	3.40	35.79
21	2024	3	26.01	11.50	11.50	34.94
21	2024	4	30.22	7.10	7.10	26.37
21	2024	5	34.40	0.70	0.70	21.74
21	2024	6	37.90	0.00	0.00	11.20
21	2024	7	38.89	0.00	0.00	12.03
21	2024	8	38.00	0.40	0.40	20.29
21	2024	9	35.08	0.00	0.00	16.57
21	2024	10	30.88	0.10	0.10	29.65
21	2024	11	24.94	0.00	0.00	33.53
21	2024	12	17.66	0.00	0.00	34.65
21	2025	1	16.34	0.00	0.00	39.16
21	2025	2	20.82	0.00	0.00	32.36
21	2025	3	25.69	1.00	1.00	25.10
21	2025	4	31.44	0.00	0.00	16.63
21	2025	5	34.48	0.00	0.00	12.61
21	2025	6	35.92	0.00	0.00	10.47
21	2025	7	37.80	0.00	0.00	11.68
21	2025	8	37.42	0.20	0.20	20.61
21	2025	9	35.16	0.00	0.00	19.57
21	2025	10	28.37	0.00	0.00	19.10
21	2025	11	21.92	0.00	0.00	28.87
21	2025	12	19.50	0.00	0.00	40.61
21	2026	1	16.62	0.00	0.00	32.85
22	2022	1	18.34	9.20	9.20	40.84
22	2022	2	20.38	0.00	0.00	27.71
22	2022	3	25.57	0.00	0.00	16.13
22	2022	4	31.15	1.10	1.10	14.60
22	2022	5	33.48	0.00	0.00	12.23
22	2022	6	36.81	0.00	0.00	11.70
22	2022	7	35.36	31.90	31.90	29.81
22	2022	8	37.59	0.00	0.00	20.32
22	2022	9	34.13	0.00	0.00	16.60
22	2022	10	28.89	0.00	0.00	18.23
22	2022	11	24.43	0.00	0.00	32.93
22	2022	12	19.54	0.60	0.60	42.94
22	2023	1	18.56	0.00	0.00	50.65
22	2023	2	21.97	0.00	0.00	27.54
22	2023	3	26.89	0.60	0.60	26.03
22	2023	4	28.41	5.90	5.90	29.97
22	2023	5	34.12	0.30	0.30	18.55
22	2023	6	36.40	0.00	0.00	12.83
22	2023	7	38.49	0.00	0.00	10.71
22	2023	8	38.22	0.00	0.00	14.58
22	2023	9	35.59	0.00	0.00	15.87
22	2023	10	29.82	5.50	5.50	29.35
22	2023	11	26.19	0.00	0.00	38.63
22	2023	12	19.17	0.00	0.00	41.35
22	2024	1	19.92	0.00	0.00	42.19
22	2024	2	21.98	2.60	2.60	35.41
22	2024	3	25.88	11.50	11.50	36.10
22	2024	4	30.23	4.40	4.40	26.37
22	2024	5	34.49	2.70	2.70	21.39
22	2024	6	38.02	0.00	0.00	11.07
22	2024	7	38.95	0.00	0.00	12.13
22	2024	8	38.09	0.20	0.20	20.42
22	2024	9	35.17	0.00	0.00	16.70
22	2024	10	30.91	3.60	3.60	29.90
22	2024	11	24.94	0.00	0.00	33.80
22	2024	12	17.64	0.00	0.00	34.97
22	2025	1	16.36	0.00	0.00	39.19
22	2025	2	20.82	0.00	0.00	32.36
22	2025	3	25.70	0.50	0.50	25.13
22	2025	4	31.46	0.00	0.00	16.83
22	2025	5	34.52	0.00	0.00	12.68
22	2025	6	35.94	0.00	0.00	10.57
22	2025	7	37.87	0.00	0.00	11.77
22	2025	8	37.54	0.10	0.10	20.61
22	2025	9	35.23	0.00	0.00	19.60
22	2025	10	28.50	0.00	0.00	19.23
22	2025	11	21.99	0.00	0.00	28.87
22	2025	12	19.49	0.10	0.10	40.77
22	2026	1	16.58	0.00	0.00	33.00
23	2022	1	18.25	4.20	4.20	41.16
23	2022	2	20.32	0.00	0.00	27.79
23	2022	3	25.52	0.00	0.00	16.19
23	2022	4	31.18	0.50	0.50	14.43
23	2022	5	33.55	0.00	0.00	12.23
23	2022	6	36.80	0.00	0.00	11.83
23	2022	7	35.55	34.70	34.70	29.61
23	2022	8	37.72	0.00	0.00	20.23
23	2022	9	34.06	0.00	0.00	16.63
23	2022	10	28.90	0.00	0.00	18.52
23	2022	11	24.44	0.00	0.00	33.13
23	2022	12	19.55	1.60	1.60	43.35
23	2023	1	18.53	0.70	0.70	51.16
23	2023	2	21.94	0.00	0.00	27.96
23	2023	3	26.89	0.90	0.90	25.81
23	2023	4	28.32	3.80	3.80	30.47
23	2023	5	34.11	0.10	0.10	18.52
23	2023	6	36.49	0.00	0.00	12.73
23	2023	7	38.50	0.00	0.00	10.90
23	2023	8	38.23	0.00	0.00	14.58
23	2023	9	35.61	0.00	0.00	16.10
23	2023	10	29.93	6.20	6.20	29.42
23	2023	11	26.23	0.00	0.00	38.80
23	2023	12	19.15	0.00	0.00	41.71
23	2024	1	19.94	0.00	0.00	42.06
23	2024	2	21.95	4.50	4.50	35.55
23	2024	3	25.88	15.90	15.90	36.06
23	2024	4	30.24	2.80	2.80	26.37
23	2024	5	34.49	2.40	2.40	21.68
23	2024	6	38.01	0.00	0.00	11.23
23	2024	7	39.00	0.00	0.00	12.19
23	2024	8	38.11	0.00	0.00	20.39
23	2024	9	35.19	0.00	0.00	16.87
23	2024	10	30.91	3.60	3.60	30.35
23	2024	11	25.02	0.00	0.00	33.77
23	2024	12	17.62	0.00	0.00	35.23
23	2025	1	16.35	0.00	0.00	39.29
23	2025	2	20.81	0.00	0.00	32.57
23	2025	3	25.67	0.20	0.20	25.23
23	2025	4	31.46	0.00	0.00	17.00
23	2025	5	34.55	0.00	0.00	12.71
23	2025	6	35.98	0.00	0.00	10.63
23	2025	7	37.96	0.00	0.00	11.77
23	2025	8	37.61	0.10	0.10	20.58
23	2025	9	35.28	0.00	0.00	19.67
23	2025	10	28.56	0.00	0.00	19.42
23	2025	11	22.06	0.00	0.00	28.77
23	2025	12	19.48	0.10	0.10	41.19
23	2026	1	16.55	0.00	0.00	33.25
24	2022	1	18.37	6.50	6.50	40.74
24	2022	2	20.32	0.00	0.00	28.11
24	2022	3	25.56	0.00	0.00	16.23
24	2022	4	31.21	0.50	0.50	14.57
24	2022	5	33.62	0.00	0.00	12.23
24	2022	6	36.79	0.00	0.00	12.00
24	2022	7	35.64	17.20	17.20	29.42
24	2022	8	37.80	0.00	0.00	20.35
24	2022	9	34.05	0.00	0.00	16.93
24	2022	10	29.00	0.00	0.00	18.52
24	2022	11	24.57	0.00	0.00	33.27
24	2022	12	19.49	2.10	2.10	44.55
24	2023	1	18.52	0.50	0.50	51.58
24	2023	2	21.92	0.00	0.00	28.43
24	2023	3	26.99	2.90	2.90	25.32
24	2023	4	28.41	4.70	4.70	30.33
24	2023	5	34.22	0.40	0.40	18.71
24	2023	6	36.56	0.00	0.00	12.63
24	2023	7	38.55	0.00	0.00	11.06
24	2023	8	38.27	0.00	0.00	14.81
24	2023	9	35.61	0.00	0.00	16.27
24	2023	10	29.84	12.50	12.50	30.39
24	2023	11	26.27	0.00	0.00	38.77
24	2023	12	19.28	0.00	0.00	41.52
24	2024	1	20.02	0.00	0.00	41.90
24	2024	2	21.99	2.50	2.50	35.66
24	2024	3	26.01	11.70	11.70	35.58
24	2024	4	30.32	5.20	5.20	26.10
24	2024	5	34.34	10.40	10.40	22.58
24	2024	6	38.02	0.00	0.00	11.37
24	2024	7	39.09	0.00	0.00	12.23
24	2024	8	38.21	0.20	0.20	20.61
24	2024	9	35.26	0.00	0.00	17.00
24	2024	10	30.98	1.90	1.90	30.42
24	2024	11	25.10	0.00	0.00	33.83
24	2024	12	17.59	0.00	0.00	35.65
24	2025	1	16.40	0.00	0.00	39.48
24	2025	2	20.88	0.00	0.00	32.43
24	2025	3	25.72	0.70	0.70	25.32
24	2025	4	31.51	0.00	0.00	17.20
24	2025	5	34.55	0.00	0.00	12.90
24	2025	6	35.97	0.00	0.00	10.80
24	2025	7	38.03	0.00	0.00	11.90
24	2025	8	37.64	0.00	0.00	21.13
24	2025	9	35.30	0.00	0.00	19.90
24	2025	10	28.55	0.00	0.00	19.71
24	2025	11	22.09	0.00	0.00	29.20
24	2025	12	19.56	0.20	0.20	41.39
24	2026	1	16.63	0.00	0.00	33.55
25	2022	1	18.37	5.20	5.20	40.32
25	2022	2	20.28	0.00	0.00	28.21
25	2022	3	25.51	0.00	0.00	16.26
25	2022	4	31.26	1.80	1.80	14.40
25	2022	5	33.65	0.00	0.00	12.32
25	2022	6	36.79	0.00	0.00	12.00
25	2022	7	35.77	14.00	14.00	28.97
25	2022	8	37.78	0.10	0.10	20.45
25	2022	9	34.06	0.00	0.00	17.10
25	2022	10	29.05	0.00	0.00	18.61
25	2022	11	24.57	0.00	0.00	33.27
25	2022	12	19.64	2.90	2.90	43.35
25	2023	1	18.54	1.00	1.00	51.52
25	2023	2	21.87	0.00	0.00	28.50
25	2023	3	26.94	4.00	4.00	25.29
25	2023	4	28.34	3.20	3.20	30.47
25	2023	5	34.24	0.00	0.00	18.61
25	2023	6	36.57	0.00	0.00	12.67
25	2023	7	38.54	0.00	0.00	11.13
25	2023	8	38.33	0.00	0.00	14.87
25	2023	9	35.62	0.00	0.00	16.33
25	2023	10	29.82	8.20	8.20	30.52
25	2023	11	26.20	0.00	0.00	39.13
25	2023	12	19.24	0.00	0.00	42.00
25	2024	1	19.97	0.00	0.00	42.39
25	2024	2	21.93	3.20	3.20	35.31
25	2024	3	26.05	8.80	8.80	34.74
25	2024	4	30.32	3.20	3.20	25.83
25	2024	5	34.41	11.40	11.40	22.19
25	2024	6	38.05	0.00	0.00	11.37
25	2024	7	39.11	0.00	0.00	12.26
25	2024	8	38.23	0.00	0.00	20.52
25	2024	9	35.29	0.00	0.00	16.97
25	2024	10	30.95	2.60	2.60	30.68
25	2024	11	25.09	0.00	0.00	33.97
25	2024	12	17.59	0.00	0.00	35.74
25	2025	1	16.36	0.00	0.00	39.61
25	2025	2	20.82	0.00	0.00	32.71
25	2025	3	25.67	0.20	0.20	25.42
25	2025	4	31.48	0.00	0.00	17.23
25	2025	5	34.55	0.00	0.00	12.90
25	2025	6	35.99	0.00	0.00	10.73
25	2025	7	38.06	0.00	0.00	11.90
25	2025	8	37.67	0.00	0.00	21.00
25	2025	9	35.34	0.00	0.00	19.97
25	2025	10	28.57	0.00	0.00	19.87
25	2025	11	22.17	0.00	0.00	29.13
25	2025	12	19.55	0.30	0.30	41.58
25	2026	1	16.61	0.00	0.00	33.65
26	2022	1	18.36	5.80	5.80	40.87
26	2022	2	20.30	0.00	0.00	28.21
26	2022	3	25.51	0.00	0.00	16.23
26	2022	4	31.28	1.60	1.60	14.53
26	2022	5	33.67	0.00	0.00	12.35
26	2022	6	36.77	0.00	0.00	12.17
26	2022	7	35.77	17.70	17.70	29.13
26	2022	8	37.80	0.10	0.10	20.45
26	2022	9	34.07	0.00	0.00	17.13
26	2022	10	29.08	0.00	0.00	18.65
26	2022	11	24.62	0.00	0.00	33.27
26	2022	12	19.70	2.50	2.50	43.42
26	2023	1	18.55	0.80	0.80	51.68
26	2023	2	21.86	0.00	0.00	28.86
26	2023	3	26.96	4.90	4.90	25.19
26	2023	4	28.27	2.90	2.90	30.63
26	2023	5	34.23	0.40	0.40	18.87
26	2023	6	36.59	0.00	0.00	12.80
26	2023	7	38.51	0.00	0.00	11.19
26	2023	8	38.33	0.00	0.00	14.94
26	2023	9	35.59	0.00	0.00	16.50
26	2023	10	29.86	6.50	6.50	30.52
26	2023	11	26.23	0.10	0.10	39.13
26	2023	12	19.35	0.00	0.00	41.16
26	2024	1	20.01	0.00	0.00	42.23
26	2024	2	21.90	3.80	3.80	35.76
26	2024	3	26.04	15.10	15.10	35.00
26	2024	4	30.32	2.70	2.70	26.00
26	2024	5	34.41	4.30	4.30	22.45
26	2024	6	38.08	0.00	0.00	11.43
26	2024	7	39.07	0.00	0.00	12.35
26	2024	8	38.22	0.30	0.30	20.68
26	2024	9	35.27	0.00	0.00	17.27
26	2024	10	30.96	2.60	2.60	30.77
26	2024	11	25.10	0.00	0.00	34.13
26	2024	12	17.60	0.00	0.00	36.00
26	2025	1	16.36	0.00	0.00	39.71
26	2025	2	20.83	0.00	0.00	32.82
26	2025	3	25.67	0.40	0.40	25.48
26	2025	4	31.47	0.00	0.00	17.37
26	2025	5	34.53	0.00	0.00	13.03
26	2025	6	35.97	0.00	0.00	10.90
26	2025	7	38.07	0.00	0.00	12.10
26	2025	8	37.69	0.00	0.00	21.13
26	2025	9	35.36	0.00	0.00	20.03
26	2025	10	28.59	0.00	0.00	20.06
26	2025	11	22.17	0.00	0.00	29.30
26	2025	12	19.58	0.30	0.30	41.74
26	2026	1	16.63	0.00	0.00	33.85
27	2022	1	18.38	3.20	3.20	40.32
27	2022	2	20.28	0.00	0.00	28.46
27	2022	3	25.51	0.00	0.00	16.45
27	2022	4	31.33	0.30	0.30	14.47
27	2022	5	33.73	0.00	0.00	12.42
27	2022	6	36.88	0.00	0.00	12.20
27	2022	7	35.86	18.60	18.60	29.13
27	2022	8	37.87	0.00	0.00	20.55
27	2022	9	34.12	0.00	0.00	17.20
27	2022	10	29.21	0.00	0.00	18.65
27	2022	11	24.74	0.00	0.00	33.00
27	2022	12	19.77	0.70	0.70	43.58
27	2023	1	18.57	0.20	0.20	52.03
27	2023	2	21.89	0.00	0.00	29.07
27	2023	3	26.97	2.60	2.60	24.94
27	2023	4	28.28	5.60	5.60	30.63
27	2023	5	34.24	1.00	1.00	18.90
27	2023	6	36.67	0.00	0.00	12.80
27	2023	7	38.66	0.00	0.00	11.39
27	2023	8	38.45	0.00	0.00	15.03
27	2023	9	35.71	0.00	0.00	16.53
27	2023	10	29.89	5.20	5.20	30.90
27	2023	11	26.24	0.30	0.30	39.40
27	2023	12	19.44	0.00	0.00	41.10
27	2024	1	20.04	0.00	0.00	42.23
27	2024	2	21.86	4.30	4.30	36.28
27	2024	3	26.04	17.20	17.20	35.19
27	2024	4	30.37	3.30	3.30	25.80
27	2024	5	34.52	1.10	1.10	22.00
27	2024	6	38.11	0.00	0.00	11.50
27	2024	7	39.16	0.00	0.00	12.39
27	2024	8	38.32	0.30	0.30	20.77
27	2024	9	35.29	0.00	0.00	17.40
27	2024	10	30.99	1.10	1.10	31.10
27	2024	11	25.20	0.00	0.00	34.13
27	2024	12	17.62	0.00	0.00	36.55
27	2025	1	16.42	0.00	0.00	39.81
27	2025	2	20.85	0.00	0.00	33.04
27	2025	3	25.70	0.20	0.20	25.52
27	2025	4	31.58	0.00	0.00	17.33
27	2025	5	34.57	0.00	0.00	12.97
27	2025	6	36.01	0.00	0.00	10.90
27	2025	7	38.15	0.00	0.00	12.19
27	2025	8	37.84	0.00	0.00	21.23
27	2025	9	35.44	0.00	0.00	20.27
27	2025	10	28.71	0.00	0.00	20.29
27	2025	11	22.25	0.00	0.00	29.53
27	2025	12	19.64	0.50	0.50	42.03
27	2026	1	16.67	0.00	0.00	34.00
28	2022	1	18.44	1.30	1.30	40.48
28	2022	2	20.30	0.00	0.00	28.75
28	2022	3	25.51	0.00	0.00	16.58
28	2022	4	31.44	0.50	0.50	14.43
28	2022	5	33.74	0.00	0.00	12.39
28	2022	6	37.02	0.00	0.00	12.27
28	2022	7	35.99	20.90	20.90	28.87
28	2022	8	37.93	0.00	0.00	20.71
28	2022	9	34.18	0.00	0.00	17.37
28	2022	10	29.32	0.00	0.00	18.74
28	2022	11	24.86	0.00	0.00	33.17
28	2022	12	19.78	5.40	5.40	44.23
28	2023	1	18.60	0.50	0.50	52.29
28	2023	2	21.92	0.00	0.00	29.29
28	2023	3	26.99	2.10	2.10	24.90
28	2023	4	28.27	3.60	3.60	30.97
28	2023	5	34.26	0.00	0.00	19.10
28	2023	6	36.69	0.00	0.00	12.90
28	2023	7	38.71	0.00	0.00	11.52
28	2023	8	38.47	0.00	0.00	15.29
28	2023	9	35.71	0.00	0.00	16.70
28	2023	10	29.94	8.30	8.30	31.10
28	2023	11	26.30	0.00	0.00	39.30
28	2023	12	19.52	0.00	0.00	41.23
28	2024	1	20.15	0.00	0.00	41.81
28	2024	2	21.79	3.10	3.10	37.03
28	2024	3	26.08	12.00	12.00	35.13
28	2024	4	30.39	4.50	4.50	25.83
28	2024	5	34.51	4.00	4.00	22.26
28	2024	6	38.20	0.00	0.00	11.60
28	2024	7	39.14	0.00	0.00	12.68
28	2024	8	38.39	0.10	0.10	21.06
28	2024	9	35.27	0.00	0.00	17.83
28	2024	10	31.04	1.10	1.10	31.39
28	2024	11	25.31	0.00	0.00	34.13
28	2024	12	17.64	0.00	0.00	37.03
28	2025	1	16.43	0.00	0.00	40.00
28	2025	2	20.93	0.00	0.00	33.00
28	2025	3	25.70	0.30	0.30	25.71
28	2025	4	31.57	0.00	0.00	17.67
28	2025	5	34.58	0.00	0.00	13.13
28	2025	6	36.05	0.00	0.00	10.97
28	2025	7	38.21	0.00	0.00	12.26
28	2025	8	37.91	0.00	0.00	21.55
28	2025	9	35.47	0.00	0.00	20.30
28	2025	10	28.76	0.00	0.00	20.77
28	2025	11	22.30	0.00	0.00	30.03
28	2025	12	19.72	1.50	1.50	42.26
28	2026	1	16.73	0.00	0.00	34.50
29	2022	1	18.47	0.10	0.10	40.97
29	2022	2	20.31	0.00	0.00	29.04
29	2022	3	25.56	0.00	0.00	16.58
29	2022	4	31.47	0.00	0.00	14.53
29	2022	5	33.84	0.00	0.00	12.61
29	2022	6	37.04	0.00	0.00	12.50
29	2022	7	36.27	13.10	13.10	28.10
29	2022	8	38.10	0.00	0.00	20.84
29	2022	9	34.35	0.00	0.00	17.37
29	2022	10	29.40	0.00	0.00	18.97
29	2022	11	24.97	0.00	0.00	33.27
29	2022	12	19.76	2.70	2.70	45.32
29	2023	1	18.63	0.80	0.80	52.90
29	2023	2	21.94	0.00	0.00	29.50
29	2023	3	27.06	4.80	4.80	24.81
29	2023	4	28.23	5.30	5.30	31.30
29	2023	5	34.30	1.10	1.10	19.39
29	2023	6	36.76	0.00	0.00	12.93
29	2023	7	38.86	0.00	0.00	11.68
29	2023	8	38.61	0.00	0.00	15.42
29	2023	9	35.84	0.00	0.00	16.97
29	2023	10	30.10	18.90	18.90	31.16
29	2023	11	26.38	0.00	0.00	39.50
29	2023	12	19.68	0.00	0.00	41.16
29	2024	1	20.16	0.00	0.00	42.52
29	2024	2	21.92	5.70	5.70	35.79
29	2024	3	25.91	9.20	9.20	36.87
29	2024	4	30.38	2.50	2.50	25.97
29	2024	5	34.44	4.00	4.00	22.65
29	2024	6	38.32	0.00	0.00	11.63
29	2024	7	39.30	0.00	0.00	12.58
29	2024	8	38.58	0.00	0.00	21.13
29	2024	9	35.48	0.00	0.00	17.93
29	2024	10	31.14	0.30	0.30	31.65
29	2024	11	25.43	0.00	0.00	34.17
29	2024	12	17.63	0.00	0.00	38.06
29	2025	1	16.45	0.00	0.00	40.32
29	2025	2	20.95	0.00	0.00	33.21
29	2025	3	25.64	2.00	2.00	26.03
29	2025	4	31.65	0.00	0.00	17.67
29	2025	5	34.69	0.00	0.00	13.03
29	2025	6	36.20	0.00	0.00	11.07
29	2025	7	38.35	0.00	0.00	12.39
29	2025	8	38.08	0.00	0.00	21.55
29	2025	9	35.57	0.00	0.00	20.43
29	2025	10	28.92	0.00	0.00	21.00
29	2025	11	22.43	0.00	0.00	30.67
29	2025	12	19.79	3.40	3.40	42.58
29	2026	1	16.82	0.00	0.00	35.15
30	2022	1	18.54	0.40	0.40	40.77
30	2022	2	20.36	0.00	0.00	29.18
30	2022	3	25.59	0.00	0.00	16.65
30	2022	4	31.51	0.10	0.10	14.63
30	2022	5	33.84	0.00	0.00	12.68
30	2022	6	37.08	0.00	0.00	12.47
30	2022	7	36.39	28.60	28.60	27.68
30	2022	8	38.15	0.00	0.00	20.94
30	2022	9	34.42	0.00	0.00	17.43
30	2022	10	29.50	0.00	0.00	18.94
30	2022	11	25.05	0.00	0.00	33.20
30	2022	12	19.74	14.80	14.80	46.42
30	2023	1	18.65	0.90	0.90	53.23
30	2023	2	21.99	0.00	0.00	29.50
30	2023	3	27.08	3.00	3.00	24.71
30	2023	4	28.22	5.10	5.10	31.43
30	2023	5	34.34	0.60	0.60	19.45
30	2023	6	36.77	0.00	0.00	13.00
30	2023	7	38.88	0.00	0.00	11.81
30	2023	8	38.62	0.00	0.00	15.61
30	2023	9	35.90	0.00	0.00	17.03
30	2023	10	30.16	13.70	13.70	31.03
30	2023	11	26.45	0.10	0.10	39.37
30	2023	12	19.74	0.00	0.00	41.26
30	2024	1	20.23	0.00	0.00	42.32
30	2024	2	21.95	6.70	6.70	35.97
30	2024	3	26.03	7.60	7.60	36.26
30	2024	4	30.45	1.80	1.80	25.77
30	2024	5	34.47	4.20	4.20	22.87
30	2024	6	38.39	0.00	0.00	11.57
30	2024	7	39.31	0.00	0.00	12.71
30	2024	8	38.59	0.30	0.30	21.29
30	2024	9	35.53	0.00	0.00	18.00
30	2024	10	31.18	1.40	1.40	31.90
30	2024	11	25.47	0.00	0.00	34.33
30	2024	12	17.50	0.00	0.00	40.10
30	2025	1	16.47	0.00	0.00	40.55
30	2025	2	21.00	0.00	0.00	33.36
30	2025	3	25.68	0.20	0.20	25.77
30	2025	4	31.67	0.00	0.00	17.77
30	2025	5	34.71	0.00	0.00	13.13
30	2025	6	36.21	0.00	0.00	11.00
30	2025	7	38.36	0.00	0.00	12.48
30	2025	8	38.10	0.00	0.00	21.84
30	2025	9	35.60	0.00	0.00	20.50
30	2025	10	29.01	0.00	0.00	21.06
30	2025	11	22.52	0.00	0.00	31.00
30	2025	12	19.87	2.80	2.80	42.39
30	2026	1	16.89	0.00	0.00	35.20
31	2022	1	18.65	6.20	6.20	41.06
31	2022	2	20.43	0.00	0.00	29.29
31	2022	3	25.68	0.00	0.00	16.48
31	2022	4	31.60	0.50	0.50	14.47
31	2022	5	33.97	0.00	0.00	12.58
31	2022	6	37.18	0.00	0.00	12.70
31	2022	7	36.51	14.30	14.30	27.52
31	2022	8	38.21	0.00	0.00	21.03
31	2022	9	34.47	0.00	0.00	17.60
31	2022	10	29.62	0.00	0.00	19.10
31	2022	11	25.15	0.00	0.00	33.20
31	2022	12	19.92	3.20	3.20	45.84
31	2023	1	18.82	0.70	0.70	52.74
31	2023	2	22.06	0.00	0.00	29.57
31	2023	3	27.08	3.40	3.40	25.00
31	2023	4	28.26	4.70	4.70	31.43
31	2023	5	34.35	2.80	2.80	19.84
31	2023	6	36.79	0.00	0.00	13.13
31	2023	7	38.94	0.00	0.00	11.97
31	2023	8	38.71	0.00	0.00	15.68
31	2023	9	35.96	0.00	0.00	17.30
31	2023	10	30.26	9.20	9.20	31.00
31	2023	11	26.54	0.00	0.00	39.27
31	2023	12	19.88	0.00	0.00	41.29
31	2024	1	20.32	0.00	0.00	42.32
31	2024	2	22.00	6.10	6.10	36.41
31	2024	3	26.12	12.30	12.30	36.39
31	2024	4	30.55	1.40	1.40	25.50
31	2024	5	34.57	8.70	8.70	22.84
31	2024	6	38.46	0.00	0.00	11.63
31	2024	7	39.38	0.00	0.00	12.90
31	2024	8	38.62	0.00	0.00	21.48
31	2024	9	35.67	0.00	0.00	18.10
31	2024	10	31.28	2.40	2.40	32.06
31	2024	11	25.61	0.00	0.00	34.27
31	2024	12	17.83	0.00	0.00	38.35
31	2025	1	16.60	0.00	0.00	40.29
31	2025	2	21.12	0.00	0.00	33.39
31	2025	3	25.69	0.10	0.10	25.65
31	2025	4	31.75	0.00	0.00	17.70
31	2025	5	34.81	0.00	0.00	13.16
31	2025	6	36.31	0.00	0.00	11.07
31	2025	7	38.43	0.00	0.00	12.55
31	2025	8	38.14	0.00	0.00	22.10
31	2025	9	35.66	0.00	0.00	20.50
31	2025	10	29.22	0.00	0.00	21.26
31	2025	11	22.66	0.00	0.00	31.27
31	2025	12	19.93	3.30	3.30	42.58
31	2026	1	16.98	0.00	0.00	35.70
32	2022	1	18.75	2.30	2.30	41.19
32	2022	2	20.46	0.00	0.00	29.57
32	2022	3	25.71	0.00	0.00	16.61
32	2022	4	31.64	0.50	0.50	14.63
32	2022	5	34.05	0.00	0.00	12.61
32	2022	6	37.15	0.00	0.00	12.87
32	2022	7	36.58	7.50	7.50	27.71
32	2022	8	38.28	0.00	0.00	21.32
32	2022	9	34.53	0.00	0.00	17.77
32	2022	10	29.65	0.00	0.00	19.26
32	2022	11	25.24	0.00	0.00	33.47
32	2022	12	20.11	3.30	3.30	45.03
32	2023	1	18.95	0.90	0.90	52.71
32	2023	2	22.11	0.00	0.00	29.64
32	2023	3	27.21	5.10	5.10	24.45
32	2023	4	28.30	2.20	2.20	31.53
32	2023	5	34.44	1.40	1.40	19.84
32	2023	6	36.83	0.00	0.00	13.20
32	2023	7	38.97	0.00	0.00	12.16
32	2023	8	38.72	0.00	0.00	15.97
32	2023	9	36.02	0.00	0.00	17.47
32	2023	10	30.48	9.30	9.30	30.26
32	2023	11	26.63	0.10	0.10	39.23
32	2023	12	19.98	0.00	0.00	41.65
32	2024	1	20.44	0.00	0.00	42.03
32	2024	2	22.05	3.60	3.60	36.72
32	2024	3	26.23	11.50	11.50	35.94
32	2024	4	30.68	1.40	1.40	25.27
32	2024	5	34.54	8.20	8.20	23.35
32	2024	6	38.56	0.00	0.00	11.83
32	2024	7	39.44	0.00	0.00	13.06
32	2024	8	38.64	0.00	0.00	21.61
32	2024	9	35.70	0.00	0.00	18.37
32	2024	10	31.28	1.50	1.50	32.39
32	2024	11	25.67	0.00	0.00	34.57
32	2024	12	17.84	0.00	0.00	39.26
32	2025	1	16.63	0.00	0.00	40.29
32	2025	2	21.23	0.00	0.00	33.71
32	2025	3	25.71	0.60	0.60	25.68
32	2025	4	31.87	0.00	0.00	17.53
32	2025	5	34.86	0.00	0.00	13.42
32	2025	6	36.39	0.00	0.00	11.07
32	2025	7	38.52	0.00	0.00	12.58
32	2025	8	38.17	0.20	0.20	22.39
32	2025	9	35.72	0.00	0.00	20.67
32	2025	10	29.29	0.00	0.00	21.68
32	2025	11	22.80	0.00	0.00	31.77
32	2025	12	19.96	7.50	7.50	42.90
32	2026	1	17.06	0.00	0.00	36.15
33	2022	1	18.66	3.20	3.20	41.90
33	2022	2	20.39	0.00	0.00	30.32
33	2022	3	25.73	0.00	0.00	16.68
33	2022	4	31.76	0.40	0.40	14.50
33	2022	5	34.19	0.00	0.00	12.74
33	2022	6	37.29	0.00	0.00	13.07
33	2022	7	36.65	12.10	12.10	28.32
33	2022	8	38.35	0.10	0.10	21.55
33	2022	9	34.58	0.00	0.00	18.10
33	2022	10	29.68	0.00	0.00	19.84
33	2022	11	25.30	0.00	0.00	33.80
33	2022	12	20.14	3.90	3.90	45.55
33	2023	1	18.98	0.60	0.60	53.29
33	2023	2	22.06	0.00	0.00	29.89
33	2023	3	27.26	1.70	1.70	24.23
33	2023	4	28.26	3.80	3.80	32.03
33	2023	5	34.51	1.00	1.00	19.65
33	2023	6	36.89	0.00	0.00	13.27
33	2023	7	39.05	0.00	0.00	12.42
33	2023	8	38.77	0.00	0.00	16.26
33	2023	9	36.10	0.00	0.00	17.67
33	2023	10	30.46	6.00	6.00	30.74
33	2023	11	26.62	0.00	0.00	39.43
33	2023	12	20.01	0.00	0.00	42.39
33	2024	1	20.46	0.00	0.00	42.42
33	2024	2	22.05	6.60	6.60	36.83
33	2024	3	26.27	20.70	20.70	35.84
33	2024	4	30.65	6.90	6.90	25.33
33	2024	5	34.38	27.90	27.90	24.58
33	2024	6	38.51	0.00	0.00	12.07
33	2024	7	39.59	0.00	0.00	13.23
33	2024	8	38.75	0.20	0.20	21.77
33	2024	9	35.79	0.00	0.00	18.70
33	2024	10	31.34	2.00	2.00	32.90
33	2024	11	25.79	0.00	0.00	34.83
33	2024	12	17.95	0.00	0.00	40.13
33	2025	1	16.66	0.00	0.00	40.77
33	2025	2	21.19	0.00	0.00	34.46
33	2025	3	25.61	0.20	0.20	26.06
33	2025	4	31.92	0.00	0.00	17.43
33	2025	5	34.91	0.00	0.00	13.39
33	2025	6	36.44	0.00	0.00	11.03
33	2025	7	38.61	0.00	0.00	12.94
33	2025	8	38.25	0.00	0.00	22.55
33	2025	9	35.83	0.00	0.00	21.03
33	2025	10	29.53	0.00	0.00	21.97
33	2025	11	22.95	0.00	0.00	31.97
33	2025	12	20.06	4.00	4.00	43.00
33	2026	1	17.06	0.00	0.00	36.80
34	2022	1	18.91	1.90	1.90	41.68
34	2022	2	20.64	0.00	0.00	30.29
34	2022	3	25.94	0.00	0.00	16.55
34	2022	4	32.05	0.00	0.00	14.37
34	2022	5	34.49	0.00	0.00	12.71
34	2022	6	37.61	0.00	0.00	13.07
34	2022	7	36.78	16.40	16.40	28.77
34	2022	8	38.58	0.10	0.10	21.39
34	2022	9	34.85	0.00	0.00	18.23
34	2022	10	30.05	0.00	0.00	19.42
34	2022	11	25.63	0.00	0.00	33.53
34	2022	12	20.47	2.70	2.70	44.90
34	2023	1	19.22	1.90	1.90	53.06
34	2023	2	22.27	0.00	0.00	29.93
34	2023	3	27.44	0.60	0.60	24.23
34	2023	4	28.36	3.50	3.50	32.47
34	2023	5	34.70	0.90	0.90	19.81
34	2023	6	37.22	0.00	0.00	13.03
34	2023	7	39.28	0.00	0.00	12.48
34	2023	8	38.99	0.00	0.00	16.29
34	2023	9	36.45	0.00	0.00	17.90
34	2023	10	30.75	4.80	4.80	30.68
34	2023	11	26.88	0.00	0.00	38.97
34	2023	12	20.29	0.00	0.00	42.23
34	2024	1	20.75	0.00	0.00	42.03
34	2024	2	22.13	6.10	6.10	37.62
34	2024	3	26.38	13.60	13.60	36.19
34	2024	4	30.78	6.90	6.90	25.43
34	2024	5	34.40	24.00	24.00	25.35
34	2024	6	38.77	0.00	0.00	12.07
34	2024	7	39.87	0.00	0.00	13.03
34	2024	8	39.03	0.20	0.20	21.65
34	2024	9	36.11	0.00	0.00	18.63
34	2024	10	31.49	10.00	10.00	33.35
34	2024	11	26.05	0.00	0.00	34.83
34	2024	12	18.21	0.00	0.00	40.29
34	2025	1	16.94	0.00	0.00	40.58
34	2025	2	21.44	0.00	0.00	34.57
34	2025	3	25.78	0.20	0.20	25.90
34	2025	4	32.22	0.00	0.00	17.23
34	2025	5	35.20	0.00	0.00	13.35
34	2025	6	36.72	0.00	0.00	11.03
34	2025	7	38.92	0.00	0.00	12.94
34	2025	8	38.43	0.00	0.00	22.48
34	2025	9	36.11	0.00	0.00	21.00
34	2025	10	29.88	0.00	0.00	22.00
34	2025	11	23.30	0.00	0.00	32.00
34	2025	12	20.25	2.30	2.30	42.97
34	2026	1	17.34	0.00	0.00	36.60
35	2022	1	18.93	1.00	1.00	42.45
35	2022	2	20.61	0.00	0.00	31.25
35	2022	3	25.91	0.00	0.00	16.81
35	2022	4	32.09	0.00	0.00	14.77
35	2022	5	34.44	0.00	0.00	12.97
35	2022	6	37.65	0.00	0.00	13.33
35	2022	7	36.64	26.80	26.80	29.87
35	2022	8	38.56	0.00	0.00	21.81
35	2022	9	34.87	0.00	0.00	18.67
35	2022	10	29.98	0.00	0.00	20.23
35	2022	11	25.65	0.00	0.00	34.13
35	2022	12	20.53	1.20	1.20	45.55
35	2023	1	19.24	7.00	7.00	54.13
35	2023	2	22.21	0.00	0.00	30.93
35	2023	3	27.44	7.00	7.00	24.19
35	2023	4	28.22	7.40	7.40	33.53
35	2023	5	34.70	1.20	1.20	19.74
35	2023	6	37.28	0.00	0.00	13.27
35	2023	7	39.26	0.00	0.00	13.00
35	2023	8	38.98	0.00	0.00	16.65
35	2023	9	36.47	0.00	0.00	18.37
35	2023	10	31.10	8.50	8.50	29.00
35	2023	11	26.93	0.00	0.00	38.93
35	2023	12	20.33	0.00	0.00	42.97
35	2024	1	20.80	0.00	0.00	42.55
35	2024	2	22.07	8.10	8.10	38.72
35	2024	3	26.33	18.90	18.90	36.90
35	2024	4	30.55	7.00	7.00	26.60
35	2024	5	34.11	32.00	32.00	26.71
35	2024	6	38.69	0.00	0.00	12.37
35	2024	7	39.91	0.00	0.00	13.16
35	2024	8	39.11	0.20	0.20	21.71
35	2024	9	36.17	0.00	0.00	19.30
35	2024	10	31.52	1.30	1.30	33.65
35	2024	11	26.12	0.00	0.00	35.23
35	2024	12	18.31	0.00	0.00	41.23
35	2025	1	17.01	0.00	0.00	40.97
35	2025	2	21.43	0.00	0.00	35.36
35	2025	3	25.75	0.10	0.10	25.94
35	2025	4	32.14	0.00	0.00	17.37
35	2025	5	35.18	0.00	0.00	13.52
35	2025	6	36.81	0.00	0.00	11.13
35	2025	7	39.02	0.00	0.00	13.13
35	2025	8	38.36	0.00	0.00	22.87
35	2025	9	36.12	0.00	0.00	21.43
35	2025	10	30.02	0.00	0.00	22.39
35	2025	11	23.53	0.00	0.00	32.43
35	2025	12	20.20	4.30	4.30	44.19
35	2026	1	17.37	0.00	0.00	37.20
36	2022	1	18.90	1.20	1.20	43.58
36	2022	2	20.47	0.00	0.00	33.36
36	2022	3	25.73	0.00	0.00	17.52
36	2022	4	32.02	0.00	0.00	15.07
36	2022	5	34.26	0.00	0.00	13.58
36	2022	6	37.39	0.00	0.00	14.23
36	2022	7	36.08	43.90	43.90	33.39
36	2022	8	38.40	0.00	0.00	22.39
36	2022	9	34.72	0.00	0.00	19.87
36	2022	10	29.97	0.00	0.00	20.97
36	2022	11	25.61	0.00	0.00	35.67
36	2022	12	20.66	1.60	1.60	46.39
36	2023	1	19.40	11.20	11.20	54.71
36	2023	2	22.21	0.00	0.00	31.93
36	2023	3	27.22	0.40	0.40	24.97
36	2023	4	27.85	17.80	17.80	34.90
36	2023	5	34.55	3.50	3.50	19.97
36	2023	6	37.11	0.00	0.00	13.77
36	2023	7	39.05	0.00	0.00	13.77
36	2023	8	38.72	0.00	0.00	17.42
36	2023	9	36.23	0.00	0.00	19.43
36	2023	10	31.22	1.20	1.20	29.13
36	2023	11	26.88	0.00	0.00	39.70
36	2023	12	20.40	0.00	0.00	44.65
36	2024	1	20.73	0.00	0.00	43.71
36	2024	2	22.11	9.90	9.90	38.90
36	2024	3	26.24	20.90	20.90	37.87
36	2024	4	30.20	5.70	5.70	27.33
36	2024	5	34.47	15.80	15.80	24.39
36	2024	6	38.59	0.00	0.00	12.70
36	2024	7	39.73	0.00	0.00	13.90
36	2024	8	38.95	0.40	0.40	22.23
36	2024	9	36.01	0.00	0.00	20.60
36	2024	10	31.54	0.40	0.40	34.26
36	2024	11	26.18	0.00	0.00	36.43
36	2024	12	18.33	0.00	0.00	43.10
36	2025	1	17.01	0.00	0.00	42.45
36	2025	2	21.41	0.00	0.00	36.50
36	2025	3	25.67	0.10	0.10	26.55
36	2025	4	32.01	0.00	0.00	17.63
36	2025	5	35.05	0.00	0.00	14.10
36	2025	6	36.64	0.00	0.00	11.53
36	2025	7	38.81	0.00	0.00	13.81
36	2025	8	38.25	0.00	0.00	23.52
36	2025	9	36.01	0.10	0.10	22.53
36	2025	10	30.05	0.00	0.00	23.61
36	2025	11	23.56	0.00	0.00	33.73
36	2025	12	20.18	2.20	2.20	45.03
36	2026	1	17.34	0.00	0.00	38.95
37	2022	1	18.94	5.00	5.00	44.10
37	2022	2	20.49	0.00	0.00	34.00
37	2022	3	25.75	0.00	0.00	17.87
37	2022	4	32.04	0.00	0.00	15.37
37	2022	5	34.31	0.00	0.00	13.65
37	2022	6	37.48	0.00	0.00	14.60
37	2022	7	36.07	25.00	25.00	33.90
37	2022	8	38.45	0.00	0.00	22.58
37	2022	9	34.77	0.00	0.00	20.03
37	2022	10	30.01	0.00	0.00	21.29
37	2022	11	25.67	0.00	0.00	36.33
37	2022	12	20.76	1.50	1.50	46.35
37	2023	1	19.45	11.00	11.00	55.19
37	2023	2	22.26	0.00	0.00	32.36
37	2023	3	27.26	0.10	0.10	24.87
37	2023	4	27.93	22.60	22.60	34.60
37	2023	5	34.61	1.40	1.40	19.87
37	2023	6	37.12	0.00	0.00	14.03
37	2023	7	39.16	0.00	0.00	14.16
37	2023	8	38.74	0.00	0.00	17.55
37	2023	9	36.28	0.00	0.00	19.77
37	2023	10	31.30	0.80	0.80	29.16
37	2023	11	26.89	0.00	0.00	39.73
37	2023	12	20.52	0.00	0.00	45.13
37	2024	1	20.85	0.00	0.00	43.94
37	2024	2	22.14	10.20	10.20	39.62
37	2024	3	26.34	20.10	20.10	37.81
37	2024	4	30.18	3.10	3.10	27.47
37	2024	5	34.55	10.10	10.10	24.16
37	2024	6	38.60	0.00	0.00	13.07
37	2024	7	39.72	0.10	0.10	14.16
37	2024	8	38.95	0.20	0.20	22.42
37	2024	9	36.14	0.00	0.00	20.67
37	2024	10	31.54	0.50	0.50	34.71
37	2024	11	26.27	0.00	0.00	36.70
37	2024	12	18.36	0.00	0.00	43.81
37	2025	1	17.05	0.00	0.00	42.97
37	2025	2	21.52	0.00	0.00	36.75
37	2025	3	25.73	0.00	0.00	26.77
37	2025	4	32.02	0.00	0.00	17.87
37	2025	5	35.08	0.00	0.00	14.42
37	2025	6	36.71	0.00	0.00	11.67
37	2025	7	38.85	0.00	0.00	14.00
37	2025	8	38.20	0.10	0.10	23.97
37	2025	9	36.00	0.10	0.10	23.00
37	2025	10	30.14	0.00	0.00	24.03
37	2025	11	23.62	0.00	0.00	34.10
37	2025	12	20.17	1.80	1.80	46.10
37	2026	1	17.40	0.00	0.00	39.60
38	2022	1	18.86	4.00	4.00	44.48
38	2022	2	20.44	0.00	0.00	34.39
38	2022	3	25.74	0.00	0.00	18.10
38	2022	4	32.05	0.00	0.00	15.37
38	2022	5	34.34	0.00	0.00	13.68
38	2022	6	37.55	0.00	0.00	14.63
38	2022	7	36.09	27.00	27.00	33.94
38	2022	8	38.53	0.00	0.00	22.52
38	2022	9	34.78	0.00	0.00	20.33
38	2022	10	29.98	0.00	0.00	21.45
38	2022	11	25.62	0.00	0.00	36.50
38	2022	12	20.67	1.10	1.10	47.00
38	2023	1	19.37	14.50	14.50	55.97
38	2023	2	22.22	0.00	0.00	32.64
38	2023	3	27.23	1.10	1.10	25.03
38	2023	4	27.97	33.40	33.40	34.40
38	2023	5	34.65	2.70	2.70	19.74
38	2023	6	37.16	0.00	0.00	14.20
38	2023	7	39.22	0.00	0.00	14.16
38	2023	8	38.77	0.00	0.00	17.55
38	2023	9	36.34	0.00	0.00	19.83
38	2023	10	31.32	1.30	1.30	29.42
38	2023	11	26.88	0.00	0.00	40.10
38	2023	12	20.43	0.00	0.00	45.84
38	2024	1	20.79	0.00	0.00	44.42
38	2024	2	22.11	13.60	13.60	39.76
38	2024	3	26.33	25.20	25.20	37.68
38	2024	4	30.24	7.90	7.90	27.33
38	2024	5	34.48	11.60	11.60	24.68
38	2024	6	38.73	0.00	0.00	12.83
38	2024	7	39.82	0.10	0.10	14.13
38	2024	8	39.04	0.00	0.00	22.45
38	2024	9	36.14	0.00	0.00	20.93
38	2024	10	31.53	0.40	0.40	35.13
38	2024	11	26.28	0.00	0.00	37.07
38	2024	12	18.42	0.00	0.00	43.97
38	2025	1	17.04	0.00	0.00	43.19
38	2025	2	21.49	0.00	0.00	37.04
38	2025	3	25.65	0.00	0.00	27.00
38	2025	4	31.96	0.00	0.00	17.80
38	2025	5	35.06	0.00	0.00	14.42
38	2025	6	36.76	0.00	0.00	11.63
38	2025	7	38.89	0.00	0.00	14.06
38	2025	8	38.25	0.10	0.10	23.90
38	2025	9	36.01	0.00	0.00	23.23
38	2025	10	30.17	0.00	0.00	24.26
38	2025	11	23.71	0.00	0.00	34.27
38	2025	12	20.17	0.80	0.80	46.26
38	2026	1	17.37	0.00	0.00	40.10
39	2022	1	18.90	0.60	0.60	45.13
39	2022	2	20.51	0.00	0.00	35.14
39	2022	3	25.78	0.00	0.00	18.39
39	2022	4	32.10	0.00	0.00	15.53
39	2022	5	34.38	0.00	0.00	13.94
39	2022	6	37.50	0.00	0.00	15.17
39	2022	7	36.16	32.50	32.50	34.06
39	2022	8	38.54	0.50	0.50	22.81
39	2022	9	34.78	0.00	0.00	20.50
39	2022	10	30.05	0.00	0.00	21.87
39	2022	11	25.77	0.00	0.00	36.77
39	2022	12	20.78	0.40	0.40	47.23
39	2023	1	19.46	9.00	9.00	56.13
39	2023	2	22.31	0.00	0.00	33.32
39	2023	3	27.23	2.30	2.30	25.23
39	2023	4	28.20	18.80	18.80	32.97
39	2023	5	34.68	1.30	1.30	19.74
39	2023	6	37.19	0.00	0.00	14.40
39	2023	7	39.24	0.00	0.00	14.61
39	2023	8	38.71	0.00	0.00	17.94
39	2023	9	36.35	0.00	0.00	20.07
39	2023	10	31.38	1.80	1.80	29.65
39	2023	11	26.92	0.00	0.00	40.07
39	2023	12	20.56	0.00	0.00	46.06
39	2024	1	20.87	0.00	0.00	44.65
39	2024	2	22.12	11.50	11.50	40.48
39	2024	3	26.44	21.80	21.80	37.61
39	2024	4	30.44	3.90	3.90	26.27
39	2024	5	34.71	13.40	13.40	23.74
39	2024	6	38.75	0.00	0.00	13.20
39	2024	7	39.83	0.70	0.70	14.42
39	2024	8	39.08	0.20	0.20	22.71
39	2024	9	36.15	0.00	0.00	21.30
39	2024	10	31.49	1.70	1.70	35.97
39	2024	11	26.37	0.00	0.00	37.50
39	2024	12	18.55	0.00	0.00	44.52
39	2025	1	17.15	0.00	0.00	43.58
39	2025	2	21.62	0.00	0.00	37.07
39	2025	3	25.72	0.30	0.30	27.16
39	2025	4	32.04	0.00	0.00	17.80
39	2025	5	35.13	0.00	0.00	14.52
39	2025	6	36.77	0.00	0.00	11.70
39	2025	7	38.95	0.00	0.00	14.23
39	2025	8	38.23	0.30	0.30	24.26
39	2025	9	36.02	0.30	0.30	23.67
39	2025	10	30.30	0.00	0.00	24.55
39	2025	11	23.78	0.00	0.00	34.90
39	2025	12	20.24	1.10	1.10	47.16
39	2026	1	17.51	0.00	0.00	40.75
40	2022	1	18.89	2.50	2.50	46.52
40	2022	2	20.51	0.00	0.00	35.75
40	2022	3	25.82	0.00	0.00	19.10
40	2022	4	32.12	0.00	0.00	15.67
40	2022	5	34.39	0.00	0.00	14.16
40	2022	6	37.57	0.00	0.00	15.67
40	2022	7	36.05	46.90	46.90	35.29
40	2022	8	38.60	0.00	0.00	22.74
40	2022	9	34.82	0.00	0.00	20.87
40	2022	10	30.16	0.00	0.00	22.03
40	2022	11	25.90	0.00	0.00	37.40
40	2022	12	20.87	0.00	0.00	47.81
40	2023	1	19.46	4.20	4.20	57.23
40	2023	2	22.34	0.00	0.00	34.25
40	2023	3	27.20	3.80	3.80	25.39
40	2023	4	28.13	16.30	16.30	33.50
40	2023	5	34.79	1.20	1.20	19.61
40	2023	6	37.27	0.00	0.00	14.73
40	2023	7	39.28	0.00	0.00	15.06
40	2023	8	38.69	0.00	0.00	18.32
40	2023	9	36.38	0.00	0.00	20.77
40	2023	10	31.49	6.30	6.30	30.00
40	2023	11	26.93	0.00	0.00	40.40
40	2023	12	20.62	0.00	0.00	47.10
40	2024	1	20.94	0.00	0.00	45.23
40	2024	2	22.25	11.60	11.60	40.62
40	2024	3	26.51	20.00	20.00	37.68
40	2024	4	30.52	9.30	9.30	26.07
40	2024	5	34.89	3.20	3.20	23.16
40	2024	6	38.83	0.00	0.00	13.47
40	2024	7	39.82	1.80	1.80	14.68
40	2024	8	39.19	0.30	0.30	22.71
40	2024	9	36.16	0.00	0.00	21.73
40	2024	10	31.43	1.40	1.40	37.13
40	2024	11	26.37	0.00	0.00	38.47
40	2024	12	18.52	0.00	0.00	45.94
40	2025	1	17.24	0.00	0.00	44.35
40	2025	2	21.70	0.00	0.00	37.57
40	2025	3	25.77	0.40	0.40	27.26
40	2025	4	32.10	0.00	0.00	17.83
40	2025	5	35.18	0.00	0.00	14.74
40	2025	6	36.84	0.00	0.00	12.00
40	2025	7	39.01	0.00	0.00	14.71
40	2025	8	38.23	0.50	0.50	24.71
40	2025	9	36.07	0.00	0.00	24.27
40	2025	10	30.36	0.00	0.00	25.39
40	2025	11	23.83	0.00	0.00	35.60
40	2025	12	20.32	2.30	2.30	47.58
40	2026	1	17.53	0.00	0.00	42.15
41	2022	1	18.96	0.50	0.50	46.77
41	2022	2	20.56	0.00	0.00	36.32
41	2022	3	25.86	0.00	0.00	19.23
41	2022	4	32.12	0.00	0.00	15.87
41	2022	5	34.35	0.00	0.00	14.23
41	2022	6	37.52	0.00	0.00	16.17
41	2022	7	36.02	35.40	35.40	35.48
41	2022	8	38.55	0.00	0.00	22.97
41	2022	9	34.80	0.00	0.00	21.27
41	2022	10	30.17	0.00	0.00	22.52
41	2022	11	26.02	0.00	0.00	37.80
41	2022	12	21.04	0.00	0.00	47.74
41	2023	1	19.57	15.30	15.30	57.42
41	2023	2	22.40	0.00	0.00	34.82
41	2023	3	27.24	5.00	5.00	25.35
41	2023	4	28.28	22.10	22.10	32.97
41	2023	5	34.77	0.30	0.30	19.81
41	2023	6	37.31	0.00	0.00	14.90
41	2023	7	39.33	0.00	0.00	15.45
41	2023	8	38.74	0.00	0.00	18.61
41	2023	9	36.42	0.00	0.00	21.13
41	2023	10	31.64	0.50	0.50	29.87
41	2023	11	27.02	0.00	0.00	40.07
41	2023	12	20.85	0.00	0.00	46.84
41	2024	1	21.07	0.00	0.00	45.23
41	2024	2	22.29	10.60	10.60	40.90
41	2024	3	26.62	16.40	16.40	37.26
41	2024	4	30.56	4.60	4.60	25.90
41	2024	5	34.95	5.90	5.90	23.13
41	2024	6	38.81	0.00	0.00	13.87
41	2024	7	39.85	1.70	1.70	14.97
41	2024	8	39.21	0.00	0.00	23.10
41	2024	9	36.24	0.00	0.00	21.67
41	2024	10	31.47	1.20	1.20	37.35
41	2024	11	26.51	0.00	0.00	38.47
41	2024	12	18.72	0.00	0.00	46.39
41	2025	1	17.41	0.00	0.00	44.35
41	2025	2	21.78	0.00	0.00	37.71
41	2025	3	25.79	0.30	0.30	27.39
41	2025	4	32.11	0.00	0.00	17.73
41	2025	5	35.18	0.00	0.00	14.87
41	2025	6	36.80	0.00	0.00	12.00
41	2025	7	39.01	0.00	0.00	14.81
41	2025	8	38.14	0.00	0.00	25.39
41	2025	9	36.11	0.00	0.00	24.47
41	2025	10	30.50	0.00	0.00	25.52
41	2025	11	24.02	0.00	0.00	35.33
41	2025	12	20.46	6.20	6.20	47.77
41	2026	1	17.70	0.00	0.00	42.90
42	2022	1	18.90	2.30	2.30	48.58
42	2022	2	20.62	0.00	0.00	36.57
42	2022	3	25.89	0.00	0.00	19.65
42	2022	4	32.20	0.00	0.00	16.00
42	2022	5	34.38	0.00	0.00	14.23
42	2022	6	37.58	0.00	0.00	16.63
42	2022	7	35.94	21.50	21.50	36.35
42	2022	8	38.57	0.00	0.00	23.16
42	2022	9	34.79	0.00	0.00	21.83
42	2022	10	30.19	0.00	0.00	22.94
42	2022	11	26.12	0.00	0.00	38.20
42	2022	12	21.12	0.10	0.10	47.94
42	2023	1	19.65	12.90	12.90	57.45
42	2023	2	22.46	0.00	0.00	35.43
42	2023	3	27.27	1.20	1.20	25.42
42	2023	4	28.47	16.30	16.30	32.03
42	2023	5	34.80	0.00	0.00	19.77
42	2023	6	37.45	0.00	0.00	14.87
42	2023	7	39.39	0.00	0.00	15.68
42	2023	8	38.73	0.00	0.00	19.16
42	2023	9	36.34	0.00	0.00	21.73
42	2023	10	31.69	0.20	0.20	30.10
42	2023	11	27.03	0.00	0.00	40.40
42	2023	12	20.91	0.00	0.00	47.32
42	2024	1	21.10	0.00	0.00	45.84
42	2024	2	22.38	8.00	8.00	40.86
42	2024	3	26.76	10.20	10.20	36.97
42	2024	4	30.70	1.70	1.70	25.33
42	2024	5	34.94	12.40	12.40	23.48
42	2024	6	38.86	0.00	0.00	14.30
42	2024	7	39.85	1.60	1.60	15.13
42	2024	8	39.23	0.00	0.00	23.39
42	2024	9	36.20	0.00	0.00	21.93
42	2024	10	31.51	3.90	3.90	37.42
42	2024	11	26.54	0.00	0.00	38.90
42	2024	12	18.75	0.00	0.00	47.16
42	2025	1	17.48	0.00	0.00	44.94
42	2025	2	21.88	0.00	0.00	37.68
42	2025	3	25.85	0.20	0.20	27.58
42	2025	4	32.18	0.00	0.00	17.87
42	2025	5	35.28	0.00	0.00	14.97
42	2025	6	36.83	0.00	0.00	12.17
42	2025	7	39.05	0.00	0.00	14.94
42	2025	8	38.14	0.50	0.50	25.77
42	2025	9	36.09	0.10	0.10	25.00
42	2025	10	30.60	0.00	0.00	25.94
42	2025	11	24.01	0.00	0.00	35.60
42	2025	12	20.49	5.80	5.80	48.23
42	2026	1	17.72	0.00	0.00	44.05
43	2022	1	18.99	5.00	5.00	48.06
43	2022	2	20.63	0.00	0.00	36.86
43	2022	3	25.92	0.00	0.00	19.71
43	2022	4	32.23	0.00	0.00	16.07
43	2022	5	34.42	0.00	0.00	14.23
43	2022	6	37.59	0.00	0.00	16.90
43	2022	7	35.83	23.50	23.50	37.23
43	2022	8	38.57	0.00	0.00	23.19
43	2022	9	34.78	0.00	0.00	22.03
43	2022	10	30.16	0.00	0.00	23.16
43	2022	11	26.14	0.00	0.00	38.43
43	2022	12	21.14	0.00	0.00	48.06
43	2023	1	19.63	13.80	13.80	57.71
43	2023	2	22.42	0.00	0.00	35.89
43	2023	3	27.27	0.60	0.60	25.48
43	2023	4	28.53	12.30	12.30	31.80
43	2023	5	34.83	0.60	0.60	19.87
43	2023	6	37.49	0.00	0.00	15.07
43	2023	7	39.42	0.00	0.00	15.77
43	2023	8	38.67	0.00	0.00	19.71
43	2023	9	36.28	0.00	0.00	22.10
43	2023	10	31.68	1.60	1.60	30.16
43	2023	11	27.02	0.00	0.00	40.40
43	2023	12	20.91	0.00	0.00	47.45
43	2024	1	21.11	0.00	0.00	46.16
43	2024	2	22.33	7.90	7.90	41.48
43	2024	3	26.77	11.70	11.70	36.97
43	2024	4	30.71	1.90	1.90	25.33
43	2024	5	34.95	10.10	10.10	23.58
43	2024	6	38.86	0.00	0.00	14.43
43	2024	7	39.88	1.40	1.40	15.13
43	2024	8	39.21	0.00	0.00	23.61
43	2024	9	36.18	0.00	0.00	22.03
43	2024	10	31.45	3.30	3.30	37.94
43	2024	11	26.57	0.00	0.00	38.90
43	2024	12	18.77	0.00	0.00	47.45
43	2025	1	17.49	0.00	0.00	45.06
43	2025	2	21.90	0.00	0.00	38.00
43	2025	3	25.88	0.50	0.50	27.74
43	2025	4	32.20	0.00	0.00	17.73
43	2025	5	35.31	0.00	0.00	15.06
43	2025	6	36.86	0.00	0.00	12.13
43	2025	7	39.07	0.00	0.00	14.90
43	2025	8	38.11	0.40	0.40	25.90
43	2025	9	36.07	0.10	0.10	25.20
43	2025	10	30.61	0.00	0.00	26.23
43	2025	11	24.01	0.00	0.00	35.63
43	2025	12	20.50	11.10	11.10	48.68
43	2026	1	17.75	0.00	0.00	44.50
44	2022	1	19.10	5.00	5.00	48.45
44	2022	2	20.72	0.00	0.00	37.11
44	2022	3	25.97	0.00	0.00	20.00
44	2022	4	32.29	0.00	0.00	16.07
44	2022	5	34.37	0.00	0.00	14.32
44	2022	6	37.57	0.00	0.00	17.53
44	2022	7	35.58	29.90	29.90	38.90
44	2022	8	38.55	0.20	0.20	23.32
44	2022	9	34.77	0.00	0.00	22.73
44	2022	10	30.16	0.00	0.00	23.39
44	2022	11	26.25	0.00	0.00	38.57
44	2022	12	21.33	0.00	0.00	47.74
44	2023	1	19.74	20.10	20.10	57.61
44	2023	2	22.43	0.00	0.00	36.39
44	2023	3	27.26	0.40	0.40	25.32
44	2023	4	28.55	15.00	15.00	32.27
44	2023	5	34.88	0.40	0.40	19.90
44	2023	6	37.59	0.00	0.00	14.87
44	2023	7	39.45	0.00	0.00	16.10
44	2023	8	38.62	0.00	0.00	20.06
44	2023	9	36.30	0.00	0.00	22.37
44	2023	10	31.75	1.10	1.10	30.19
44	2023	11	27.12	0.00	0.00	40.50
44	2023	12	21.11	0.00	0.00	47.39
44	2024	1	21.25	0.00	0.00	46.35
44	2024	2	22.48	4.20	4.20	41.14
44	2024	3	26.83	19.30	19.30	37.26
44	2024	4	30.77	1.30	1.30	25.10
44	2024	5	34.89	9.10	9.10	23.97
44	2024	6	38.87	0.00	0.00	14.80
44	2024	7	39.90	0.50	0.50	15.26
44	2024	8	39.18	0.00	0.00	23.87
44	2024	9	36.16	0.00	0.00	22.00
44	2024	10	31.45	4.50	4.50	37.94
44	2024	11	26.72	0.00	0.00	38.80
44	2024	12	18.94	0.00	0.00	47.52
44	2025	1	17.66	0.00	0.00	45.35
44	2025	2	22.03	0.00	0.00	38.32
44	2025	3	25.92	0.20	0.20	27.97
44	2025	4	32.27	0.00	0.00	17.70
44	2025	5	35.31	0.00	0.00	15.19
44	2025	6	36.83	0.00	0.00	12.53
44	2025	7	39.03	0.00	0.00	14.97
44	2025	8	38.06	1.20	1.20	26.03
44	2025	9	36.06	0.00	0.00	25.73
44	2025	10	30.69	0.00	0.00	26.45
44	2025	11	24.14	0.00	0.00	35.63
44	2025	12	20.45	2.00	2.00	50.23
44	2026	1	17.90	0.00	0.00	44.95
45	2022	1	19.10	5.00	5.00	48.45
45	2022	2	20.72	0.00	0.00	37.11
45	2022	3	25.97	0.00	0.00	20.00
45	2022	4	32.29	0.00	0.00	16.07
45	2022	5	34.37	0.00	0.00	14.32
45	2022	6	37.57	0.00	0.00	17.53
45	2022	7	35.58	29.90	29.90	38.90
45	2022	8	38.55	0.20	0.20	23.32
45	2022	9	34.77	0.00	0.00	22.73
45	2022	10	30.16	0.00	0.00	23.39
45	2022	11	26.25	0.00	0.00	38.57
45	2022	12	21.33	0.00	0.00	47.74
45	2023	1	19.74	20.10	20.10	57.61
45	2023	2	22.43	0.00	0.00	36.39
45	2023	3	27.26	0.40	0.40	25.32
45	2023	4	28.55	15.00	15.00	32.27
45	2023	5	34.88	0.40	0.40	19.90
45	2023	6	37.59	0.00	0.00	14.87
45	2023	7	39.45	0.00	0.00	16.10
45	2023	8	38.62	0.00	0.00	20.06
45	2023	9	36.30	0.00	0.00	22.37
45	2023	10	31.75	1.10	1.10	30.19
45	2023	11	27.12	0.00	0.00	40.50
45	2023	12	21.11	0.00	0.00	47.39
45	2024	1	21.25	0.00	0.00	46.35
45	2024	2	22.48	4.20	4.20	41.14
45	2024	3	26.83	19.30	19.30	37.26
45	2024	4	30.77	1.30	1.30	25.10
45	2024	5	34.89	9.10	9.10	23.97
45	2024	6	38.87	0.00	0.00	14.80
45	2024	7	39.90	0.50	0.50	15.26
45	2024	8	39.18	0.00	0.00	23.87
45	2024	9	36.16	0.00	0.00	22.00
45	2024	10	31.45	4.50	4.50	37.94
45	2024	11	26.72	0.00	0.00	38.80
45	2024	12	18.94	0.00	0.00	47.52
45	2025	1	17.66	0.00	0.00	45.35
45	2025	2	22.03	0.00	0.00	38.32
45	2025	3	25.92	0.20	0.20	27.97
45	2025	4	32.27	0.00	0.00	17.70
45	2025	5	35.31	0.00	0.00	15.19
45	2025	6	36.83	0.00	0.00	12.53
45	2025	7	39.03	0.00	0.00	14.97
45	2025	8	38.06	1.20	1.20	26.03
45	2025	9	36.06	0.00	0.00	25.73
45	2025	10	30.69	0.00	0.00	26.45
45	2025	11	24.14	0.00	0.00	35.63
45	2025	12	20.45	2.00	2.00	50.23
45	2026	1	17.90	0.00	0.00	44.95
46	2022	1	19.11	3.80	3.80	50.13
46	2022	2	20.75	0.00	0.00	38.04
46	2022	3	26.08	0.00	0.00	20.35
46	2022	4	32.40	0.00	0.00	16.20
46	2022	5	34.49	0.00	0.00	14.35
46	2022	6	37.58	0.00	0.00	18.37
46	2022	7	35.30	48.00	48.00	40.29
46	2022	8	38.55	0.00	0.00	23.52
46	2022	9	34.76	0.00	0.00	23.83
46	2022	10	30.33	0.00	0.00	23.61
46	2022	11	26.37	0.00	0.00	38.97
46	2022	12	21.57	0.00	0.00	47.52
46	2023	1	19.99	10.30	10.30	56.65
46	2023	2	22.66	0.00	0.00	36.64
46	2023	3	27.31	0.20	0.20	25.26
46	2023	4	28.63	15.00	15.00	32.23
46	2023	5	34.88	0.90	0.90	20.13
46	2023	6	37.63	0.00	0.00	14.80
46	2023	7	39.41	0.00	0.00	17.00
46	2023	8	38.60	0.00	0.00	20.87
46	2023	9	36.31	0.00	0.00	23.10
46	2023	10	31.88	0.10	0.10	30.23
46	2023	11	27.17	0.00	0.00	40.70
46	2023	12	21.32	0.00	0.00	46.84
46	2024	1	21.39	0.00	0.00	46.97
46	2024	2	22.63	9.70	9.70	41.10
46	2024	3	26.89	15.60	15.60	37.65
46	2024	4	30.83	0.80	0.80	25.10
46	2024	5	34.98	4.40	4.40	23.61
46	2024	6	38.93	0.00	0.00	15.53
46	2024	7	39.94	0.00	0.00	15.35
46	2024	8	39.23	0.00	0.00	24.03
46	2024	9	36.24	0.00	0.00	21.97
46	2024	10	31.39	3.10	3.10	38.13
46	2024	11	26.84	0.00	0.00	38.57
46	2024	12	19.22	0.00	0.00	47.16
46	2025	1	17.90	0.00	0.00	45.35
46	2025	2	22.25	0.00	0.00	38.61
46	2025	3	25.98	0.30	0.30	28.26
46	2025	4	32.31	0.00	0.00	17.57
46	2025	5	35.38	0.00	0.00	15.42
46	2025	6	36.87	0.00	0.00	12.87
46	2025	7	39.06	0.00	0.00	15.19
46	2025	8	37.90	4.00	4.00	26.65
46	2025	9	36.03	0.00	0.00	26.40
46	2025	10	30.92	0.00	0.00	26.87
46	2025	11	24.37	0.00	0.00	35.50
46	2025	12	20.60	0.90	0.90	50.61
46	2026	1	18.12	0.00	0.00	45.65
47	2022	1	19.19	6.00	6.00	50.42
47	2022	2	20.82	0.00	0.00	38.43
47	2022	3	26.17	0.00	0.00	20.90
47	2022	4	32.44	0.00	0.00	16.30
47	2022	5	34.48	0.00	0.00	14.48
47	2022	6	37.53	0.00	0.00	18.93
47	2022	7	35.04	62.60	62.60	41.81
47	2022	8	38.46	0.10	0.10	23.74
47	2022	9	34.72	0.00	0.00	24.53
47	2022	10	30.32	0.00	0.00	23.81
47	2022	11	26.41	0.00	0.00	39.23
47	2022	12	21.64	0.00	0.00	47.61
47	2023	1	20.07	13.40	13.40	56.48
47	2023	2	22.67	0.00	0.00	37.29
47	2023	3	27.33	0.30	0.30	25.13
47	2023	4	28.79	14.70	14.70	31.40
47	2023	5	34.92	0.00	0.00	20.42
47	2023	6	37.62	0.00	0.00	14.97
47	2023	7	39.43	0.00	0.00	17.74
47	2023	8	38.45	0.00	0.00	21.61
47	2023	9	36.21	0.00	0.00	23.83
47	2023	10	31.88	0.00	0.00	30.61
47	2023	11	27.19	0.00	0.00	41.17
47	2023	12	21.34	0.00	0.00	46.90
47	2024	1	21.41	0.00	0.00	47.48
47	2024	2	22.67	10.50	10.50	41.72
47	2024	3	26.97	16.00	16.00	37.68
47	2024	4	30.88	1.20	1.20	25.27
47	2024	5	35.09	0.50	0.50	23.58
47	2024	6	39.06	0.00	0.00	15.83
47	2024	7	40.00	0.00	0.00	15.61
47	2024	8	39.15	0.00	0.00	24.52
47	2024	9	36.25	0.00	0.00	22.33
47	2024	10	31.37	2.00	2.00	38.29
47	2024	11	26.83	0.00	0.00	39.17
47	2024	12	19.28	0.00	0.00	47.42
47	2025	1	17.91	0.00	0.00	45.71
47	2025	2	22.38	0.00	0.00	39.04
47	2025	3	26.00	0.90	0.90	28.65
47	2025	4	32.39	0.00	0.00	17.53
47	2025	5	35.45	0.00	0.00	15.58
47	2025	6	36.91	0.00	0.00	13.40
47	2025	7	39.13	0.00	0.00	15.52
47	2025	8	37.85	3.20	3.20	26.65
47	2025	9	35.99	0.00	0.00	27.00
47	2025	10	31.01	0.00	0.00	26.74
47	2025	11	24.32	0.00	0.00	35.43
47	2025	12	20.68	0.70	0.70	50.19
47	2026	1	18.18	0.00	0.00	46.10
48	2022	1	19.32	6.30	6.30	50.35
48	2022	2	20.86	0.00	0.00	38.96
48	2022	3	26.21	0.00	0.00	21.42
48	2022	4	32.51	0.00	0.00	16.40
48	2022	5	34.52	0.00	0.00	14.35
48	2022	6	37.52	0.00	0.00	19.40
48	2022	7	34.80	64.80	64.80	43.06
48	2022	8	38.41	0.00	0.00	24.29
48	2022	9	34.65	0.00	0.00	25.27
48	2022	10	30.27	0.00	0.00	24.23
48	2022	11	26.41	0.00	0.00	39.53
48	2022	12	21.72	0.00	0.00	47.87
48	2023	1	20.19	11.90	11.90	56.13
48	2023	2	22.70	0.00	0.00	38.07
48	2023	3	27.33	0.10	0.10	25.26
48	2023	4	28.98	14.10	14.10	30.73
48	2023	5	34.87	0.20	0.20	20.61
48	2023	6	37.71	0.00	0.00	15.17
48	2023	7	39.41	0.00	0.00	18.42
48	2023	8	38.39	0.00	0.00	22.42
48	2023	9	36.12	0.00	0.00	24.60
48	2023	10	31.91	0.00	0.00	31.10
48	2023	11	27.25	0.00	0.00	41.33
48	2023	12	21.39	0.00	0.00	46.97
48	2024	1	21.44	0.00	0.00	47.84
48	2024	2	22.79	4.90	4.90	41.90
48	2024	3	26.95	11.90	11.90	38.32
48	2024	4	30.92	0.00	0.00	25.40
48	2024	5	35.19	1.50	1.50	23.68
48	2024	6	39.16	0.00	0.00	16.23
48	2024	7	40.11	0.00	0.00	15.71
48	2024	8	39.17	0.00	0.00	24.84
48	2024	9	36.25	0.00	0.00	22.57
48	2024	10	31.33	6.00	6.00	38.29
48	2024	11	26.83	0.00	0.00	39.47
48	2024	12	19.38	0.00	0.00	47.55
48	2025	1	18.04	0.00	0.00	45.74
48	2025	2	22.50	0.00	0.00	39.18
48	2025	3	26.04	0.10	0.10	29.00
48	2025	4	32.43	0.00	0.00	17.57
48	2025	5	35.55	0.00	0.00	15.74
48	2025	6	37.02	0.00	0.00	13.53
48	2025	7	39.22	0.00	0.00	15.71
48	2025	8	37.74	6.00	6.00	27.19
48	2025	9	35.96	0.00	0.00	27.67
48	2025	10	31.05	0.00	0.00	27.13
48	2025	11	24.31	0.00	0.00	35.40
48	2025	12	20.71	6.90	6.90	50.52
48	2026	1	18.28	0.00	0.00	46.80
49	2022	1	19.46	5.90	5.90	50.74
49	2022	2	21.01	0.00	0.00	39.71
49	2022	3	26.30	0.00	0.00	22.55
49	2022	4	32.59	0.00	0.00	16.67
49	2022	5	34.55	0.00	0.00	14.42
49	2022	6	37.56	0.00	0.00	19.83
49	2022	7	34.74	76.00	76.00	43.81
49	2022	8	38.42	0.00	0.00	24.48
49	2022	9	34.70	0.00	0.00	26.30
49	2022	10	30.32	0.00	0.00	24.61
49	2022	11	26.61	0.00	0.00	39.77
49	2022	12	21.89	0.00	0.00	47.94
49	2023	1	20.21	21.50	21.50	57.19
49	2023	2	22.70	0.00	0.00	39.04
49	2023	3	27.34	0.10	0.10	25.71
49	2023	4	29.14	16.50	16.50	30.20
49	2023	5	35.03	0.00	0.00	20.77
49	2023	6	37.88	0.00	0.00	15.37
49	2023	7	39.54	0.00	0.00	19.03
49	2023	8	38.41	0.00	0.00	23.13
49	2023	9	36.09	0.00	0.00	25.53
49	2023	10	32.05	0.00	0.00	31.61
49	2023	11	27.33	0.00	0.00	41.73
49	2023	12	21.58	0.00	0.00	46.87
49	2024	1	21.56	0.00	0.00	48.19
49	2024	2	22.82	5.50	5.50	43.28
49	2024	3	27.00	13.00	13.00	39.10
49	2024	4	30.86	0.20	0.20	26.03
49	2024	5	35.28	1.00	1.00	24.03
49	2024	6	39.20	0.00	0.00	16.73
49	2024	7	40.17	0.00	0.00	16.06
49	2024	8	39.22	0.00	0.00	25.13
49	2024	9	36.29	0.00	0.00	22.80
49	2024	10	31.55	4.70	4.70	38.00
49	2024	11	27.04	0.00	0.00	39.57
49	2024	12	19.65	0.00	0.00	47.42
49	2025	1	18.24	0.00	0.00	45.97
49	2025	2	22.71	0.00	0.00	39.36
49	2025	3	26.08	0.30	0.30	29.39
49	2025	4	32.53	0.00	0.00	17.40
49	2025	5	35.63	0.00	0.00	16.10
49	2025	6	37.22	0.00	0.00	13.67
49	2025	7	39.36	0.00	0.00	15.81
49	2025	8	37.75	2.40	2.40	27.45
49	2025	9	35.99	0.00	0.00	28.53
49	2025	10	31.22	0.00	0.00	27.71
49	2025	11	24.51	0.00	0.00	35.13
49	2025	12	20.76	6.00	6.00	51.23
49	2026	1	18.48	0.00	0.00	47.50
50	2022	1	19.40	3.10	3.10	52.23
50	2022	2	21.04	0.00	0.00	40.36
50	2022	3	26.33	0.00	0.00	23.16
50	2022	4	32.61	0.00	0.00	16.83
50	2022	5	34.54	0.00	0.00	14.68
50	2022	6	37.55	0.00	0.00	20.27
50	2022	7	34.68	84.70	84.70	44.19
50	2022	8	38.35	0.80	0.80	24.77
50	2022	9	34.67	0.00	0.00	26.77
50	2022	10	30.29	0.00	0.00	25.03
50	2022	11	26.65	0.00	0.00	39.97
50	2022	12	21.97	0.00	0.00	48.48
50	2023	1	20.24	15.50	15.50	57.35
50	2023	2	22.68	0.00	0.00	39.86
50	2023	3	27.33	0.00	0.00	26.06
50	2023	4	29.06	17.60	17.60	30.73
50	2023	5	35.05	0.00	0.00	20.61
50	2023	6	37.97	0.00	0.00	15.70
50	2023	7	39.60	0.00	0.00	19.32
50	2023	8	38.47	0.00	0.00	23.39
50	2023	9	36.14	0.00	0.00	25.93
50	2023	10	32.11	0.50	0.50	31.97
50	2023	11	27.33	0.00	0.00	42.07
50	2023	12	21.67	0.00	0.00	47.03
50	2024	1	21.64	0.00	0.00	48.26
50	2024	2	22.82	10.60	10.60	43.93
50	2024	3	26.95	15.40	15.40	39.61
50	2024	4	30.93	4.80	4.80	26.00
50	2024	5	35.27	4.10	4.10	24.32
50	2024	6	39.22	0.00	0.00	16.87
50	2024	7	40.18	0.00	0.00	16.26
50	2024	8	39.23	0.00	0.00	25.45
50	2024	9	36.25	0.00	0.00	23.07
50	2024	10	31.61	2.70	2.70	38.29
50	2024	11	27.14	0.00	0.00	39.97
50	2024	12	19.80	0.00	0.00	47.74
50	2025	1	18.35	0.00	0.00	46.23
50	2025	2	22.76	0.00	0.00	39.71
50	2025	3	26.08	0.10	0.10	29.77
50	2025	4	32.57	0.00	0.00	17.33
50	2025	5	35.72	0.00	0.00	16.16
50	2025	6	37.33	0.00	0.00	13.90
50	2025	7	39.45	0.00	0.00	15.87
50	2025	8	37.77	0.90	0.90	27.61
50	2025	9	35.99	0.00	0.00	28.90
50	2025	10	31.30	0.00	0.00	28.16
50	2025	11	24.67	0.00	0.00	34.77
50	2025	12	20.72	1.10	1.10	52.55
50	2026	1	18.61	0.00	0.00	47.85
51	2022	1	19.49	2.50	2.50	52.13
51	2022	2	21.08	0.00	0.00	40.64
51	2022	3	26.38	0.00	0.00	23.52
51	2022	4	32.71	0.00	0.00	16.67
51	2022	5	34.58	0.00	0.00	14.90
51	2022	6	37.59	0.00	0.00	20.43
51	2022	7	34.67	99.20	99.20	44.48
51	2022	8	38.34	0.70	0.70	24.74
51	2022	9	34.70	0.00	0.00	26.90
51	2022	10	30.29	0.00	0.00	25.19
51	2022	11	26.74	0.00	0.00	40.03
51	2022	12	22.04	0.00	0.00	48.52
51	2023	1	20.31	9.50	9.50	56.97
51	2023	2	22.72	0.00	0.00	40.00
51	2023	3	27.33	0.10	0.10	26.29
51	2023	4	28.87	15.50	15.50	32.07
51	2023	5	35.09	0.00	0.00	20.48
51	2023	6	38.05	0.00	0.00	15.70
51	2023	7	39.66	0.00	0.00	19.32
51	2023	8	38.55	0.00	0.00	23.29
51	2023	9	36.16	0.00	0.00	26.30
51	2023	10	32.17	0.00	0.00	31.90
51	2023	11	27.35	0.00	0.00	42.10
51	2023	12	21.73	0.00	0.00	46.97
51	2024	1	21.66	0.00	0.00	48.13
51	2024	2	22.84	12.80	12.80	43.93
51	2024	3	26.93	12.40	12.40	39.81
51	2024	4	30.89	17.00	17.00	26.17
51	2024	5	35.28	4.50	4.50	24.29
51	2024	6	39.28	0.00	0.00	16.80
51	2024	7	40.22	0.10	0.10	16.23
51	2024	8	39.26	0.00	0.00	25.61
51	2024	9	36.32	0.00	0.00	23.17
51	2024	10	31.72	2.00	2.00	38.03
51	2024	11	27.21	0.00	0.00	39.93
51	2024	12	19.92	0.00	0.00	47.94
51	2025	1	18.41	0.00	0.00	46.39
51	2025	2	22.77	0.00	0.00	40.00
51	2025	3	26.05	0.00	0.00	30.06
51	2025	4	32.59	0.00	0.00	17.30
51	2025	5	35.78	0.00	0.00	16.10
51	2025	6	37.37	0.00	0.00	13.97
51	2025	7	39.49	0.00	0.00	15.97
51	2025	8	37.89	0.50	0.50	27.23
51	2025	9	36.03	0.00	0.00	29.07
51	2025	10	31.37	0.00	0.00	28.39
51	2025	11	24.79	0.00	0.00	34.67
51	2025	12	20.85	0.70	0.70	51.74
51	2026	1	18.70	0.00	0.00	48.10
52	2022	1	19.52	4.30	4.30	52.48
52	2022	2	21.10	0.00	0.00	40.96
52	2022	3	26.37	0.00	0.00	23.84
52	2022	4	32.74	0.00	0.00	16.57
52	2022	5	34.56	0.00	0.00	15.10
52	2022	6	37.59	0.00	0.00	20.57
52	2022	7	34.65	89.30	89.30	44.84
52	2022	8	38.36	0.80	0.80	24.77
52	2022	9	34.71	0.00	0.00	27.20
52	2022	10	30.28	0.00	0.00	25.32
52	2022	11	26.77	0.00	0.00	40.27
52	2022	12	22.06	0.00	0.00	48.87
52	2023	1	20.27	10.40	10.40	57.26
52	2023	2	22.69	0.00	0.00	40.43
52	2023	3	27.28	0.00	0.00	26.52
52	2023	4	28.74	14.20	14.20	32.67
52	2023	5	35.07	0.00	0.00	20.48
52	2023	6	38.06	0.00	0.00	15.83
52	2023	7	39.69	0.00	0.00	19.45
52	2023	8	38.53	0.00	0.00	23.39
52	2023	9	36.14	0.00	0.00	26.53
52	2023	10	32.20	0.30	0.30	31.77
52	2023	11	27.34	0.00	0.00	42.10
52	2023	12	21.75	0.00	0.00	47.19
52	2024	1	21.64	0.00	0.00	48.29
52	2024	2	22.77	23.80	23.80	44.55
52	2024	3	26.87	9.10	9.10	40.23
52	2024	4	30.85	24.40	24.40	26.37
52	2024	5	35.27	2.20	2.20	24.39
52	2024	6	39.29	0.00	0.00	16.67
52	2024	7	40.18	0.10	0.10	16.45
52	2024	8	39.23	0.10	0.10	25.74
52	2024	9	36.29	0.00	0.00	23.43
52	2024	10	31.72	2.30	2.30	38.13
52	2024	11	27.21	0.00	0.00	40.17
52	2024	12	19.97	0.00	0.00	48.23
52	2025	1	18.43	0.00	0.00	46.65
52	2025	2	22.82	0.00	0.00	40.00
52	2025	3	26.05	0.20	0.20	30.06
52	2025	4	32.59	0.00	0.00	17.20
52	2025	5	35.83	0.00	0.00	16.13
52	2025	6	37.41	0.00	0.00	14.20
52	2025	7	39.45	0.00	0.00	16.06
52	2025	8	37.94	0.20	0.20	27.10
52	2025	9	36.00	0.00	0.00	29.27
52	2025	10	31.39	0.00	0.00	28.55
52	2025	11	24.84	0.00	0.00	34.80
52	2025	12	20.87	1.30	1.30	51.94
52	2026	1	18.73	0.00	0.00	48.20
53	2022	1	19.65	7.80	7.80	52.29
53	2022	2	21.17	0.00	0.00	41.32
53	2022	3	26.46	0.00	0.00	24.32
53	2022	4	32.72	0.00	0.00	16.97
53	2022	5	34.54	0.00	0.00	15.23
53	2022	6	37.56	0.00	0.00	21.30
53	2022	7	34.56	84.80	84.80	45.52
53	2022	8	38.32	0.00	0.00	25.00
53	2022	9	34.57	0.00	0.00	28.23
53	2022	10	30.28	0.00	0.00	25.58
53	2022	11	26.80	0.00	0.00	40.67
53	2022	12	22.17	0.00	0.00	48.74
53	2023	1	20.30	18.90	18.90	57.42
53	2023	2	22.53	0.00	0.00	41.71
53	2023	3	27.21	0.00	0.00	27.42
53	2023	4	28.80	14.40	14.40	32.60
53	2023	5	35.05	0.00	0.00	20.84
53	2023	6	38.07	0.00	0.00	16.07
53	2023	7	39.65	0.00	0.00	20.10
53	2023	8	38.36	0.00	0.00	24.23
53	2023	9	36.04	0.00	0.00	27.07
53	2023	10	32.24	0.10	0.10	32.19
53	2023	11	27.38	0.00	0.00	42.23
53	2023	12	21.85	0.00	0.00	47.19
53	2024	1	21.71	0.00	0.00	48.32
53	2024	2	22.73	12.50	12.50	45.62
53	2024	3	26.87	8.60	8.60	40.77
53	2024	4	30.77	16.20	16.20	26.90
53	2024	5	35.18	4.80	4.80	25.32
53	2024	6	39.27	0.00	0.00	17.20
53	2024	7	40.17	0.00	0.00	16.71
53	2024	8	39.21	0.00	0.00	26.06
53	2024	9	36.19	0.00	0.00	24.13
53	2024	10	31.67	2.50	2.50	38.90
53	2024	11	27.26	0.00	0.00	40.57
53	2024	12	20.15	0.00	0.00	48.42
53	2025	1	18.55	0.00	0.00	46.81
53	2025	2	22.86	0.00	0.00	40.25
53	2025	3	26.08	0.00	0.00	30.68
53	2025	4	32.59	0.00	0.00	17.50
53	2025	5	35.87	0.00	0.00	16.45
53	2025	6	37.51	0.00	0.00	14.53
53	2025	7	39.52	0.00	0.00	16.10
53	2025	8	37.84	0.00	0.00	27.65
53	2025	9	35.90	0.00	0.00	30.03
53	2025	10	31.41	0.00	0.00	28.94
53	2025	11	24.92	0.00	0.00	34.23
53	2025	12	20.90	1.40	1.40	52.35
53	2026	1	18.91	0.00	0.00	48.35
54	2022	1	19.78	2.90	2.90	53.06
54	2022	2	21.33	0.00	0.00	41.61
54	2022	3	26.58	0.00	0.00	24.77
54	2022	4	32.84	0.00	0.00	17.37
54	2022	5	34.48	0.00	0.00	15.81
54	2022	6	37.59	0.00	0.00	22.43
54	2022	7	34.34	86.40	86.40	47.45
54	2022	8	38.28	0.00	0.00	25.42
54	2022	9	34.54	0.00	0.00	29.30
54	2022	10	30.33	0.00	0.00	26.06
54	2022	11	26.95	0.00	0.00	41.13
54	2022	12	22.37	0.00	0.00	48.81
54	2023	1	20.49	17.60	17.60	57.06
54	2023	2	22.64	0.00	0.00	42.00
54	2023	3	27.28	0.50	0.50	27.90
54	2023	4	28.85	12.90	12.90	32.70
54	2023	5	35.02	0.00	0.00	21.23
54	2023	6	38.11	0.00	0.00	16.53
54	2023	7	39.65	0.00	0.00	20.68
54	2023	8	38.25	0.00	0.00	25.48
54	2023	9	36.00	0.00	0.00	27.93
54	2023	10	32.25	0.00	0.00	32.65
54	2023	11	27.40	0.00	0.00	42.67
54	2023	12	21.99	0.00	0.00	47.16
54	2024	1	21.85	0.00	0.00	48.10
54	2024	2	22.78	9.20	9.20	46.21
54	2024	3	26.81	8.00	8.00	41.81
54	2024	4	30.66	19.00	19.00	28.23
54	2024	5	35.15	4.90	4.90	25.94
54	2024	6	39.30	0.00	0.00	17.93
54	2024	7	40.22	0.20	0.20	17.29
54	2024	8	39.18	0.00	0.00	26.65
54	2024	9	36.09	0.00	0.00	25.27
54	2024	10	31.70	1.30	1.30	39.61
54	2024	11	27.34	0.00	0.00	40.80
54	2024	12	20.37	0.00	0.00	48.65
54	2025	1	18.73	0.00	0.00	46.94
54	2025	2	23.04	0.00	0.00	40.75
54	2025	3	26.11	0.00	0.00	31.58
54	2025	4	32.60	0.00	0.00	17.70
54	2025	5	35.87	0.00	0.00	17.06
54	2025	6	37.64	0.00	0.00	15.37
54	2025	7	39.56	0.00	0.00	16.26
54	2025	8	37.83	0.20	0.20	28.03
54	2025	9	35.82	0.00	0.00	31.03
54	2025	10	31.47	0.00	0.00	29.32
54	2025	11	25.05	0.00	0.00	34.10
54	2025	12	20.97	1.50	1.50	53.00
54	2026	1	19.07	0.00	0.00	48.60
55	2022	1	19.78	2.90	2.90	53.06
55	2022	2	21.33	0.00	0.00	41.61
55	2022	3	26.58	0.00	0.00	24.77
55	2022	4	32.84	0.00	0.00	17.37
55	2022	5	34.48	0.00	0.00	15.81
55	2022	6	37.59	0.00	0.00	22.43
55	2022	7	34.34	86.40	86.40	47.45
55	2022	8	38.28	0.00	0.00	25.42
55	2022	9	34.54	0.00	0.00	29.30
55	2022	10	30.33	0.00	0.00	26.06
55	2022	11	26.95	0.00	0.00	41.13
55	2022	12	22.37	0.00	0.00	48.81
55	2023	1	20.49	17.60	17.60	57.06
55	2023	2	22.64	0.00	0.00	42.00
55	2023	3	27.28	0.50	0.50	27.90
55	2023	4	28.85	12.90	12.90	32.70
55	2023	5	35.02	0.00	0.00	21.23
55	2023	6	38.11	0.00	0.00	16.53
55	2023	7	39.65	0.00	0.00	20.68
55	2023	8	38.25	0.00	0.00	25.48
55	2023	9	36.00	0.00	0.00	27.93
55	2023	10	32.25	0.00	0.00	32.65
55	2023	11	27.40	0.00	0.00	42.67
55	2023	12	21.99	0.00	0.00	47.16
55	2024	1	21.85	0.00	0.00	48.10
55	2024	2	22.78	9.20	9.20	46.21
55	2024	3	26.81	8.00	8.00	41.81
55	2024	4	30.66	19.00	19.00	28.23
55	2024	5	35.15	4.90	4.90	25.94
55	2024	6	39.30	0.00	0.00	17.93
55	2024	7	40.22	0.20	0.20	17.29
55	2024	8	39.18	0.00	0.00	26.65
55	2024	9	36.09	0.00	0.00	25.27
55	2024	10	31.70	1.30	1.30	39.61
55	2024	11	27.34	0.00	0.00	40.80
55	2024	12	20.37	0.00	0.00	48.65
55	2025	1	18.73	0.00	0.00	46.94
55	2025	2	23.04	0.00	0.00	40.75
55	2025	3	26.11	0.00	0.00	31.58
55	2025	4	32.60	0.00	0.00	17.70
55	2025	5	35.87	0.00	0.00	17.06
55	2025	6	37.64	0.00	0.00	15.37
55	2025	7	39.56	0.00	0.00	16.26
55	2025	8	37.83	0.20	0.20	28.03
55	2025	9	35.82	0.00	0.00	31.03
55	2025	10	31.47	0.00	0.00	29.32
55	2025	11	25.05	0.00	0.00	34.10
55	2025	12	20.97	1.50	1.50	53.00
55	2026	1	19.07	0.00	0.00	48.60
56	2022	1	19.85	2.00	2.00	53.61
56	2022	2	21.45	0.00	0.00	42.00
56	2022	3	26.69	0.00	0.00	25.35
56	2022	4	32.86	0.00	0.00	18.20
56	2022	5	34.55	0.00	0.00	16.00
56	2022	6	37.48	0.00	0.00	23.77
56	2022	7	34.24	113.60	113.60	48.45
56	2022	8	38.15	0.10	0.10	26.35
56	2022	9	34.41	0.00	0.00	30.53
56	2022	10	30.24	0.00	0.00	26.77
56	2022	11	26.96	0.00	0.00	41.67
56	2022	12	22.55	0.00	0.00	48.68
56	2023	1	20.62	13.40	13.40	56.90
56	2023	2	22.68	0.00	0.00	42.68
56	2023	3	27.35	0.30	0.30	28.42
56	2023	4	29.02	14.90	14.90	32.90
56	2023	5	34.99	0.00	0.00	22.65
56	2023	6	38.23	0.00	0.00	16.70
56	2023	7	39.58	0.00	0.00	21.42
56	2023	8	38.08	0.00	0.00	27.00
56	2023	9	35.91	0.00	0.00	28.93
56	2023	10	32.19	0.00	0.00	33.39
56	2023	11	27.42	0.00	0.00	43.10
56	2023	12	22.15	0.00	0.00	46.77
56	2024	1	22.02	0.00	0.00	47.84
56	2024	2	23.04	15.00	15.00	46.24
56	2024	3	26.97	11.30	11.30	42.29
56	2024	4	30.88	11.90	11.90	27.80
56	2024	5	35.20	1.80	1.80	26.65
56	2024	6	39.33	0.00	0.00	19.20
56	2024	7	40.38	0.00	0.00	17.77
56	2024	8	39.14	0.00	0.00	26.94
56	2024	9	35.97	0.00	0.00	26.80
56	2024	10	31.65	2.20	2.20	40.94
56	2024	11	27.40	0.00	0.00	41.03
56	2024	12	20.56	0.00	0.00	48.13
56	2025	1	18.90	0.00	0.00	46.68
56	2025	2	23.16	0.00	0.00	41.25
56	2025	3	26.20	0.30	0.30	32.19
56	2025	4	32.66	0.00	0.00	18.17
56	2025	5	35.91	0.00	0.00	17.84
56	2025	6	37.73	0.00	0.00	15.87
56	2025	7	39.65	0.00	0.00	16.29
56	2025	8	37.66	0.70	0.70	29.23
56	2025	9	35.66	0.00	0.00	32.37
56	2025	10	31.52	0.00	0.00	29.32
56	2025	11	25.18	0.00	0.00	33.80
56	2025	12	21.14	0.20	0.20	52.87
56	2026	1	19.31	0.00	0.00	48.25
57	2022	1	20.00	1.00	1.00	53.65
57	2022	2	21.54	0.00	0.00	42.32
57	2022	3	26.76	0.00	0.00	25.81
57	2022	4	32.90	0.00	0.00	19.13
57	2022	5	34.51	0.00	0.00	16.48
57	2022	6	37.36	0.00	0.00	25.53
57	2022	7	34.00	194.10	194.10	49.71
57	2022	8	37.93	0.00	0.00	27.68
57	2022	9	34.24	0.00	0.00	32.03
57	2022	10	30.19	0.00	0.00	27.68
57	2022	11	27.04	0.00	0.00	41.83
57	2022	12	22.65	0.00	0.00	48.52
57	2023	1	20.77	31.30	31.30	56.71
57	2023	2	22.77	0.00	0.00	43.18
57	2023	3	27.38	0.00	0.00	29.42
57	2023	4	29.37	11.30	11.30	31.83
57	2023	5	34.95	0.00	0.00	23.77
57	2023	6	38.21	0.00	0.00	17.60
57	2023	7	39.39	0.00	0.00	22.65
57	2023	8	37.79	0.00	0.00	28.52
57	2023	9	35.71	0.00	0.00	30.67
57	2023	10	32.09	0.00	0.00	34.39
57	2023	11	27.43	0.00	0.00	43.37
57	2023	12	22.22	0.00	0.00	46.26
57	2024	1	22.15	0.00	0.00	47.68
57	2024	2	23.20	10.60	10.60	46.24
57	2024	3	27.07	8.80	8.80	42.87
57	2024	4	30.92	10.00	10.00	28.60
57	2024	5	35.25	0.60	0.60	27.16
57	2024	6	39.22	0.00	0.00	20.53
57	2024	7	40.35	0.00	0.00	18.39
57	2024	8	38.98	0.40	0.40	27.48
57	2024	9	35.82	0.00	0.00	28.60
57	2024	10	31.61	2.20	2.20	42.06
57	2024	11	27.46	0.00	0.00	41.27
57	2024	12	20.73	0.00	0.00	47.84
57	2025	1	19.06	0.00	0.00	46.39
57	2025	2	23.22	0.00	0.00	41.89
57	2025	3	26.14	0.00	0.00	33.58
57	2025	4	32.57	0.00	0.00	19.23
57	2025	5	35.80	0.00	0.00	18.94
57	2025	6	37.78	0.00	0.00	16.37
57	2025	7	39.65	0.00	0.00	16.84
57	2025	8	37.38	0.80	0.80	30.52
57	2025	9	35.46	0.00	0.00	33.73
57	2025	10	31.45	0.00	0.00	30.45
57	2025	11	25.23	0.00	0.00	34.07
57	2025	12	21.27	0.20	0.20	52.90
57	2026	1	19.44	0.00	0.00	48.05
58	2022	1	19.97	1.60	1.60	53.68
58	2022	2	21.38	0.00	0.00	42.75
58	2022	3	26.50	0.00	0.00	26.55
58	2022	4	32.55	0.00	0.00	20.83
58	2022	5	34.22	0.00	0.00	17.26
58	2022	6	36.99	0.00	0.00	27.50
58	2022	7	33.51	269.40	269.40	51.58
58	2022	8	37.48	0.00	0.00	29.32
58	2022	9	33.77	0.00	0.00	34.30
58	2022	10	29.74	0.00	0.00	30.00
58	2022	11	26.67	0.00	0.00	43.27
58	2022	12	22.44	0.00	0.00	49.26
58	2023	1	20.61	5.40	5.40	57.48
58	2023	2	22.56	0.00	0.00	44.25
58	2023	3	27.37	0.10	0.10	29.94
58	2023	4	29.68	7.90	7.90	30.90
58	2023	5	34.65	0.00	0.00	25.81
58	2023	6	37.95	0.00	0.00	18.67
58	2023	7	38.95	0.00	0.00	24.23
58	2023	8	37.26	0.00	0.00	30.32
58	2023	9	35.15	0.00	0.00	33.07
58	2023	10	31.70	0.00	0.00	36.00
58	2023	11	27.21	0.00	0.00	44.17
58	2023	12	22.14	0.00	0.00	46.06
58	2024	1	22.08	0.00	0.00	48.13
58	2024	2	23.26	6.70	6.70	45.62
58	2024	3	26.91	10.90	10.90	43.84
58	2024	4	30.72	10.30	10.30	30.10
58	2024	5	34.91	3.30	3.30	28.61
58	2024	6	38.86	0.00	0.00	22.03
58	2024	7	40.08	0.00	0.00	19.90
58	2024	8	38.65	0.00	0.00	28.23
58	2024	9	35.33	0.00	0.00	30.37
58	2024	10	31.22	3.00	3.00	43.58
58	2024	11	27.13	0.00	0.00	41.70
58	2024	12	20.56	0.00	0.00	48.19
58	2025	1	18.88	0.00	0.00	46.77
58	2025	2	23.07	0.00	0.00	43.32
58	2025	3	26.16	0.00	0.00	33.35
58	2025	4	32.38	0.00	0.00	19.83
58	2025	5	35.51	0.00	0.00	20.39
58	2025	6	37.57	0.00	0.00	17.33
58	2025	7	39.43	0.00	0.00	17.65
58	2025	8	36.89	1.30	1.30	32.32
58	2025	9	35.07	0.00	0.00	35.10
58	2025	10	31.10	0.00	0.00	30.81
58	2025	11	24.85	0.00	0.00	35.10
58	2025	12	21.07	0.40	0.40	53.65
58	2026	1	19.34	0.00	0.00	48.60
59	2022	1	19.97	2.40	2.40	53.97
59	2022	2	21.38	0.00	0.00	42.96
59	2022	3	26.52	0.00	0.00	26.74
59	2022	4	32.54	0.00	0.00	21.13
59	2022	5	34.14	0.00	0.00	17.68
59	2022	6	36.93	0.00	0.00	28.23
59	2022	7	33.39	271.80	271.80	52.61
59	2022	8	37.38	0.00	0.00	29.58
59	2022	9	33.69	0.00	0.00	35.00
59	2022	10	29.69	0.00	0.00	30.45
59	2022	11	26.62	0.00	0.00	43.67
59	2022	12	22.42	0.00	0.00	49.65
59	2023	1	20.62	8.50	8.50	57.58
59	2023	2	22.53	0.00	0.00	44.68
59	2023	3	27.37	0.10	0.10	30.45
59	2023	4	29.72	9.10	9.10	30.90
59	2023	5	34.64	0.00	0.00	26.29
59	2023	6	37.96	0.00	0.00	18.97
59	2023	7	38.85	0.00	0.00	24.65
59	2023	8	37.15	0.00	0.00	30.84
59	2023	9	35.09	0.00	0.00	34.07
59	2023	10	31.68	0.00	0.00	36.29
59	2023	11	27.22	0.00	0.00	44.23
59	2023	12	22.19	0.00	0.00	46.00
59	2024	1	22.10	0.00	0.00	48.23
59	2024	2	23.32	6.30	6.30	45.34
59	2024	3	26.94	11.40	11.40	43.87
59	2024	4	30.73	14.60	14.60	30.27
59	2024	5	34.85	2.50	2.50	29.32
59	2024	6	38.80	0.00	0.00	22.57
59	2024	7	39.98	0.00	0.00	20.35
59	2024	8	38.58	0.00	0.00	28.48
59	2024	9	35.25	0.00	0.00	30.97
59	2024	10	31.14	2.90	2.90	44.32
59	2024	11	27.15	0.00	0.00	41.73
59	2024	12	20.64	0.00	0.00	48.06
59	2025	1	18.82	0.00	0.00	48.00
59	2025	2	23.05	0.00	0.00	43.93
59	2025	3	26.05	0.00	0.00	34.35
59	2025	4	32.26	0.00	0.00	20.67
59	2025	5	35.44	0.00	0.00	20.87
59	2025	6	37.54	0.00	0.00	17.77
59	2025	7	39.38	0.00	0.00	17.94
59	2025	8	36.75	2.30	2.30	32.87
59	2025	9	34.90	0.00	0.00	36.00
59	2025	10	30.98	0.00	0.00	31.58
59	2025	11	24.84	0.00	0.00	35.93
59	2025	12	21.13	0.30	0.30	53.81
59	2026	1	19.38	0.00	0.00	48.70
60	2022	1	19.97	2.70	2.70	54.13
60	2022	2	21.39	0.00	0.00	43.14
60	2022	3	26.56	0.00	0.00	26.81
60	2022	4	32.59	0.00	0.00	21.00
60	2022	5	34.18	0.00	0.00	17.87
60	2022	6	36.94	0.00	0.00	28.47
60	2022	7	33.36	303.00	303.00	52.81
60	2022	8	37.38	0.00	0.00	29.58
60	2022	9	33.72	0.00	0.00	35.13
60	2022	10	29.76	0.00	0.00	30.19
60	2022	11	26.70	0.00	0.00	43.53
60	2022	12	22.48	0.00	0.00	49.29
60	2023	1	20.65	13.10	13.10	57.45
60	2023	2	22.53	0.00	0.00	44.54
60	2023	3	27.32	0.40	0.40	30.71
60	2023	4	29.55	12.40	12.40	32.07
60	2023	5	34.64	0.00	0.00	26.23
60	2023	6	37.94	0.00	0.00	19.17
60	2023	7	38.86	0.00	0.00	24.81
60	2023	8	37.14	0.00	0.00	31.10
60	2023	9	35.16	0.00	0.00	34.00
60	2023	10	31.75	0.00	0.00	36.23
60	2023	11	27.24	0.00	0.00	44.20
60	2023	12	22.19	0.00	0.00	46.23
60	2024	1	22.11	0.00	0.00	48.23
60	2024	2	23.28	6.90	6.90	45.97
60	2024	3	26.93	12.30	12.30	44.00
60	2024	4	30.75	8.50	8.50	30.37
60	2024	5	34.88	2.60	2.60	29.39
60	2024	6	38.87	0.00	0.00	22.50
60	2024	7	40.01	0.00	0.00	20.42
60	2024	8	38.57	0.00	0.00	28.61
60	2024	9	35.27	0.00	0.00	31.37
60	2024	10	31.18	3.40	3.40	44.42
60	2024	11	27.21	0.00	0.00	41.73
60	2024	12	20.63	0.00	0.00	48.55
60	2025	1	18.92	0.00	0.00	46.97
60	2025	2	23.12	0.00	0.00	43.71
60	2025	3	26.18	0.20	0.20	33.58
60	2025	4	32.35	0.00	0.00	20.30
60	2025	5	35.55	0.00	0.00	20.94
60	2025	6	37.62	0.00	0.00	18.07
60	2025	7	39.43	0.00	0.00	18.16
60	2025	8	36.81	0.50	0.50	32.77
60	2025	9	35.02	0.00	0.00	35.77
60	2025	10	31.05	0.00	0.00	31.29
60	2025	11	24.89	0.00	0.00	35.67
60	2025	12	21.11	0.10	0.10	53.87
60	2026	1	19.38	0.00	0.00	49.10
camground	2022	1	19.86	5.20	5.20	56.35
camground	2022	2	21.23	0.00	0.00	45.32
camground	2022	3	26.58	0.00	0.00	28.81
camground	2022	4	32.49	0.20	0.20	21.03
camground	2022	5	33.96	0.00	0.00	19.68
camground	2022	6	36.66	0.00	0.00	30.50
camground	2022	7	33.12	112.90	112.90	54.32
camground	2022	8	37.12	0.00	0.00	30.19
camground	2022	9	33.49	0.00	0.00	36.93
camground	2022	10	29.65	0.00	0.00	30.65
camground	2022	11	26.74	0.00	0.00	43.93
camground	2022	12	22.42	0.00	0.00	51.19
camground	2023	1	20.57	12.00	12.00	57.77
camground	2023	2	22.56	0.00	0.00	45.14
camground	2023	3	27.13	1.70	1.70	31.97
camground	2023	4	29.24	4.70	4.70	32.37
camground	2023	5	34.44	0.00	0.00	27.03
camground	2023	6	37.75	0.00	0.00	21.00
camground	2023	7	38.55	0.00	0.00	26.90
camground	2023	8	36.55	0.00	0.00	33.45
camground	2023	9	34.82	0.00	0.00	36.57
camground	2023	10	31.69	0.00	0.00	37.39
camground	2023	11	27.00	0.00	0.00	45.93
camground	2023	12	22.00	0.00	0.00	48.03
camground	2024	1	21.91	0.00	0.00	49.16
camground	2024	2	22.61	9.80	9.80	50.83
camground	2024	3	26.51	7.80	7.80	46.06
camground	2024	4	30.37	17.10	17.10	33.03
camground	2024	5	34.74	4.80	4.80	31.06
camground	2024	6	38.79	0.00	0.00	23.47
camground	2024	7	39.76	0.00	0.00	21.23
camground	2024	8	38.07	0.00	0.00	30.74
camground	2024	9	34.74	0.00	0.00	34.23
camground	2024	10	31.07	5.50	5.50	45.16
camground	2024	11	27.15	0.00	0.00	42.70
camground	2024	12	20.71	0.00	0.00	49.94
camground	2025	1	18.84	0.00	0.00	48.87
camground	2025	2	23.06	0.00	0.00	44.89
camground	2025	3	26.00	0.10	0.10	34.58
camground	2025	4	32.21	0.00	0.00	20.97
camground	2025	5	35.50	0.00	0.00	21.97
camground	2025	6	37.48	0.00	0.00	20.27
camground	2025	7	39.18	0.00	0.00	19.97
camground	2025	8	36.49	3.60	3.60	34.10
camground	2025	9	34.71	0.00	0.00	37.90
camground	2025	10	30.84	0.00	0.00	33.32
camground	2025	11	24.88	0.00	0.00	37.03
camground	2025	12	21.00	0.30	0.30	54.97
camground	2026	1	19.32	0.00	0.00	50.50
oill spill	2022	1	17.90	0.10	0.10	39.23
oill spill	2022	2	19.72	0.00	0.00	25.57
oill spill	2022	3	24.14	1.00	1.00	16.42
oill spill	2022	4	28.87	0.50	0.50	17.40
oill spill	2022	5	31.55	0.00	0.00	12.87
oill spill	2022	6	34.43	0.00	0.00	11.57
oill spill	2022	7	33.77	51.60	51.60	25.55
oill spill	2022	8	34.43	6.20	6.20	22.13
oill spill	2022	9	31.90	0.00	0.00	16.10
oill spill	2022	10	26.46	0.00	0.00	18.71
oill spill	2022	11	22.80	0.00	0.00	32.13
oill spill	2022	12	18.60	0.00	0.00	41.13
oill spill	2023	1	17.42	0.20	0.20	50.94
oill spill	2023	2	20.87	0.50	0.50	27.46
oill spill	2023	3	24.30	21.90	21.90	37.58
oill spill	2023	4	26.64	6.00	6.00	33.83
oill spill	2023	5	32.05	0.10	0.10	20.48
oill spill	2023	6	34.20	0.00	0.00	13.90
oill spill	2023	7	36.17	0.00	0.00	10.74
oill spill	2023	8	35.87	0.00	0.00	13.94
oill spill	2023	9	33.24	0.00	0.00	15.07
oill spill	2023	10	28.15	0.20	0.20	26.26
oill spill	2023	11	24.85	0.00	0.00	35.87
oill spill	2023	12	18.22	0.00	0.00	38.26
oill spill	2024	1	19.25	0.00	0.00	37.84
oill spill	2024	2	21.16	0.80	0.80	34.62
oill spill	2024	3	25.08	31.80	31.80	33.42
oill spill	2024	4	28.67	5.20	5.20	31.33
oill spill	2024	5	32.89	1.00	1.00	20.84
oill spill	2024	6	35.67	0.00	0.00	10.67
oill spill	2024	7	36.62	0.00	0.00	12.71
oill spill	2024	8	35.93	0.60	0.60	21.00
oill spill	2024	9	32.83	0.00	0.00	15.83
oill spill	2024	10	28.82	0.90	0.90	28.29
oill spill	2024	11	23.08	0.00	0.00	33.17
oill spill	2024	12	17.14	0.00	0.00	34.52
oill spill	2025	1	15.80	0.00	0.00	37.58
oill spill	2025	2	20.08	0.00	0.00	33.04
oill spill	2025	3	24.40	4.10	4.10	28.42
oill spill	2025	4	30.00	0.00	0.00	15.30
oill spill	2025	5	32.68	0.00	0.00	12.65
oill spill	2025	6	33.99	0.00	0.00	10.43
oill spill	2025	7	35.42	0.00	0.00	11.87
oill spill	2025	8	35.11	0.10	0.10	19.81
oill spill	2025	9	32.85	1.90	1.90	18.90
oill spill	2025	10	26.19	0.00	0.00	18.32
oill spill	2025	11	19.99	0.00	0.00	27.70
oill spill	2025	12	18.12	0.00	0.00	37.35
oill spill	2026	1	15.92	0.00	0.00	33.45
Camel1	2022	1	18.68	1.80	1.80	38.39
Camel1	2022	2	20.67	0.00	0.00	26.29
Camel1	2022	3	25.57	0.00	0.00	15.87
Camel1	2022	4	30.89	1.50	1.50	14.90
Camel1	2022	5	33.40	0.00	0.00	11.97
Camel1	2022	6	36.71	0.00	0.00	11.13
Camel1	2022	7	34.66	77.30	77.30	30.68
Camel1	2022	8	36.88	0.50	0.50	21.19
Camel1	2022	9	33.88	0.00	0.00	16.30
Camel1	2022	10	28.72	0.00	0.00	18.23
Camel1	2022	11	24.33	0.00	0.00	32.23
Camel1	2022	12	19.68	0.00	0.00	41.03
Camel1	2023	1	18.55	0.30	0.30	49.48
Camel1	2023	2	21.89	0.00	0.00	25.64
Camel1	2023	3	26.45	5.90	5.90	28.81
Camel1	2023	4	28.38	7.50	7.50	29.93
Camel1	2023	5	33.74	0.20	0.20	18.65
Camel1	2023	6	36.32	0.00	0.00	12.17
Camel1	2023	7	38.21	0.00	0.00	10.45
Camel1	2023	8	37.99	0.00	0.00	13.65
Camel1	2023	9	35.43	0.00	0.00	15.17
Camel1	2023	10	29.95	4.50	4.50	27.52
Camel1	2023	11	26.21	0.00	0.00	37.00
Camel1	2023	12	19.39	0.00	0.00	38.74
Camel1	2024	1	20.14	0.00	0.00	39.10
Camel1	2024	2	21.65	8.50	8.50	37.00
Camel1	2024	3	26.06	8.90	8.90	34.39
Camel1	2024	4	30.12	8.30	8.30	27.93
Camel1	2024	5	34.36	1.30	1.30	21.39
Camel1	2024	6	37.69	0.00	0.00	10.63
Camel1	2024	7	38.79	0.00	0.00	11.84
Camel1	2024	8	37.95	0.00	0.00	19.61
Camel1	2024	9	34.92	0.00	0.00	15.70
Camel1	2024	10	30.64	0.30	0.30	28.74
Camel1	2024	11	24.85	0.00	0.00	32.33
Camel1	2024	12	17.99	0.00	0.00	32.94
Camel1	2025	1	16.62	0.00	0.00	37.29
Camel1	2025	2	20.95	0.00	0.00	31.96
Camel1	2025	3	25.68	2.10	2.10	24.97
Camel1	2025	4	31.34	0.00	0.00	15.80
Camel1	2025	5	34.32	0.00	0.00	12.42
Camel1	2025	6	35.84	0.00	0.00	10.20
Camel1	2025	7	37.56	0.00	0.00	11.23
Camel1	2025	8	37.22	2.80	2.80	19.71
Camel1	2025	9	35.07	0.00	0.00	18.40
Camel1	2025	10	28.36	0.00	0.00	18.32
Camel1	2025	11	21.97	0.00	0.00	27.17
Camel1	2025	12	19.56	0.00	0.00	38.35
Camel1	2026	1	16.87	0.00	0.00	31.90
plant gradient	2022	1	18.72	9.60	9.60	39.32
plant gradient	2022	2	20.82	0.00	0.00	26.36
plant gradient	2022	3	25.81	0.00	0.00	15.87
plant gradient	2022	4	31.19	4.70	4.70	14.77
plant gradient	2022	5	33.62	0.00	0.00	11.90
plant gradient	2022	6	36.80	0.00	0.00	11.27
plant gradient	2022	7	34.84	59.30	59.30	30.71
plant gradient	2022	8	37.18	1.00	1.00	20.87
plant gradient	2022	9	34.18	0.00	0.00	16.20
plant gradient	2022	10	28.92	0.00	0.00	17.68
plant gradient	2022	11	24.62	0.00	0.00	31.57
plant gradient	2022	12	19.83	0.00	0.00	40.74
plant gradient	2023	1	18.72	0.00	0.00	49.06
plant gradient	2023	2	22.13	0.00	0.00	25.68
plant gradient	2023	3	26.76	6.90	6.90	27.58
plant gradient	2023	4	28.63	2.40	2.40	29.43
plant gradient	2023	5	34.03	0.00	0.00	18.55
plant gradient	2023	6	36.50	0.00	0.00	12.30
plant gradient	2023	7	38.49	0.00	0.00	10.48
plant gradient	2023	8	38.26	0.00	0.00	13.84
plant gradient	2023	9	35.64	0.00	0.00	15.10
plant gradient	2023	10	30.07	7.30	7.30	27.55
plant gradient	2023	11	26.35	0.00	0.00	37.07
plant gradient	2023	12	19.24	0.00	0.00	40.84
plant gradient	2024	1	20.13	0.00	0.00	40.06
plant gradient	2024	2	21.97	3.50	3.50	35.97
plant gradient	2024	3	26.28	6.50	6.50	34.06
plant gradient	2024	4	30.35	10.30	10.30	27.10
plant gradient	2024	5	34.42	0.30	0.30	21.87
plant gradient	2024	6	37.93	0.00	0.00	10.80
plant gradient	2024	7	39.02	0.00	0.00	11.81
plant gradient	2024	8	38.12	0.00	0.00	19.71
plant gradient	2024	9	35.14	0.00	0.00	15.93
plant gradient	2024	10	30.88	0.00	0.00	29.00
plant gradient	2024	11	25.04	0.00	0.00	32.37
plant gradient	2024	12	17.98	0.00	0.00	33.10
plant gradient	2025	1	16.66	0.00	0.00	37.65
plant gradient	2025	2	21.06	0.00	0.00	32.07
plant gradient	2025	3	25.87	2.60	2.60	24.52
plant gradient	2025	4	31.53	0.00	0.00	15.93
plant gradient	2025	5	34.52	0.00	0.00	12.48
plant gradient	2025	6	35.98	0.00	0.00	10.27
plant gradient	2025	7	37.79	0.00	0.00	11.32
plant gradient	2025	8	37.44	1.50	1.50	19.97
plant gradient	2025	9	35.26	0.00	0.00	18.60
plant gradient	2025	10	28.54	0.00	0.00	18.23
plant gradient	2025	11	22.09	0.00	0.00	27.43
plant gradient	2025	12	19.65	0.00	0.00	38.74
plant gradient	2026	1	16.90	0.00	0.00	31.95
hot spring	2022	1	18.77	10.30	10.30	43.55
hot spring	2022	2	20.39	0.00	0.00	32.93
hot spring	2022	3	25.68	0.00	0.00	17.29
hot spring	2022	4	31.94	0.00	0.00	14.97
hot spring	2022	5	34.21	0.00	0.00	13.42
hot spring	2022	6	37.40	0.00	0.00	13.90
hot spring	2022	7	36.35	42.10	42.10	31.55
hot spring	2022	8	38.42	0.00	0.00	22.26
hot spring	2022	9	34.65	0.00	0.00	19.50
hot spring	2022	10	29.77	0.00	0.00	20.84
hot spring	2022	11	25.44	0.00	0.00	35.50
hot spring	2022	12	20.47	5.90	5.90	46.32
hot spring	2023	1	19.14	3.40	3.40	55.45
hot spring	2023	2	22.06	0.00	0.00	31.75
hot spring	2023	3	27.20	1.10	1.10	24.84
hot spring	2023	4	27.83	19.90	19.90	35.00
hot spring	2023	5	34.51	1.40	1.40	19.97
hot spring	2023	6	37.06	0.00	0.00	13.67
hot spring	2023	7	39.06	0.00	0.00	13.45
hot spring	2023	8	38.71	0.00	0.00	17.26
hot spring	2023	9	36.23	0.00	0.00	19.10
hot spring	2023	10	31.01	5.00	5.00	29.42
hot spring	2023	11	26.73	0.00	0.00	39.87
hot spring	2023	12	20.16	0.00	0.00	44.65
hot spring	2024	1	20.62	0.00	0.00	43.58
hot spring	2024	2	22.05	7.60	7.60	38.83
hot spring	2024	3	26.24	25.00	25.00	37.39
hot spring	2024	4	30.35	13.50	13.50	26.67
hot spring	2024	5	34.35	16.30	16.30	24.81
hot spring	2024	6	38.51	0.00	0.00	12.67
hot spring	2024	7	39.75	0.00	0.00	13.71
hot spring	2024	8	38.97	0.20	0.20	22.06
hot spring	2024	9	35.96	0.00	0.00	20.33
hot spring	2024	10	31.45	1.20	1.20	34.00
hot spring	2024	11	26.01	0.00	0.00	36.27
hot spring	2024	12	18.17	0.00	0.00	42.94
hot spring	2025	1	16.85	0.00	0.00	42.35
hot spring	2025	2	21.28	0.00	0.00	36.36
hot spring	2025	3	25.58	0.10	0.10	26.35
hot spring	2025	4	31.92	0.00	0.00	17.60
hot spring	2025	5	34.98	0.00	0.00	13.94
hot spring	2025	6	36.61	0.00	0.00	11.33
hot spring	2025	7	38.86	0.00	0.00	13.58
hot spring	2025	8	38.28	0.00	0.00	23.10
hot spring	2025	9	35.97	0.00	0.00	22.23
hot spring	2025	10	29.90	0.00	0.00	23.19
hot spring	2025	11	23.43	0.00	0.00	33.63
hot spring	2025	12	20.10	3.80	3.80	44.87
hot spring	2026	1	17.21	0.00	0.00	38.50
19.5	2022	1	18.71	5.60	5.60	39.58
19.5	2022	2	20.77	0.00	0.00	26.71
19.5	2022	3	25.85	0.00	0.00	15.81
19.5	2022	4	31.36	0.60	0.60	14.60
19.5	2022	5	33.72	0.00	0.00	11.94
19.5	2022	6	36.95	0.00	0.00	11.37
19.5	2022	7	34.97	57.90	57.90	31.19
19.5	2022	8	37.45	0.00	0.00	20.68
19.5	2022	9	34.33	0.00	0.00	16.10
19.5	2022	10	29.04	0.00	0.00	17.81
19.5	2022	11	24.71	0.00	0.00	31.73
19.5	2022	12	19.84	0.00	0.00	41.35
19.5	2023	1	18.73	0.00	0.00	49.35
19.5	2023	2	22.18	0.00	0.00	26.25
19.5	2023	3	26.87	2.30	2.30	27.26
19.5	2023	4	28.69	3.90	3.90	29.33
19.5	2023	5	34.32	0.10	0.10	18.23
19.5	2023	6	36.65	0.00	0.00	12.30
19.5	2023	7	38.67	0.00	0.00	10.52
19.5	2023	8	38.36	0.00	0.00	14.13
19.5	2023	9	35.84	0.00	0.00	15.40
19.5	2023	10	30.20	6.80	6.80	27.74
19.5	2023	11	26.42	0.00	0.00	37.63
19.5	2023	12	19.37	0.00	0.00	40.29
19.5	2024	1	20.23	0.00	0.00	40.26
19.5	2024	2	22.13	2.40	2.40	34.86
19.5	2024	3	26.13	4.30	4.30	35.00
19.5	2024	4	30.47	9.50	9.50	26.20
19.5	2024	5	34.63	2.30	2.30	21.52
19.5	2024	6	38.17	0.00	0.00	10.80
19.5	2024	7	39.14	0.00	0.00	11.81
19.5	2024	8	38.19	0.00	0.00	19.94
19.5	2024	9	35.28	0.00	0.00	16.10
19.5	2024	10	31.04	0.00	0.00	29.00
19.5	2024	11	25.14	0.00	0.00	32.70
19.5	2024	12	17.97	0.00	0.00	33.58
19.5	2025	1	16.64	0.00	0.00	38.16
19.5	2025	2	21.06	0.00	0.00	31.93
19.5	2025	3	25.90	4.70	4.70	24.68
19.5	2025	4	31.68	0.00	0.00	16.17
19.5	2025	5	34.69	0.00	0.00	12.42
19.5	2025	6	36.19	0.00	0.00	10.17
19.5	2025	7	37.99	0.00	0.00	11.42
19.5	2025	8	37.54	2.00	2.00	20.32
19.5	2025	9	35.41	0.00	0.00	18.83
19.5	2025	10	28.61	0.00	0.00	18.55
19.5	2025	11	22.20	0.00	0.00	27.87
19.5	2025	12	19.73	0.00	0.00	39.35
19.5	2026	1	16.93	0.00	0.00	31.90
