	depth	richness_raw	richness_rare	shannon	pielou	Trip	Site	Type	Season
e0325_10Dr2	503679.0	2457	2134.7797739518855	6.659232384545959	0.8686576068496381	1	10	Deep	Spring
e0326_10PRr2	234734.0	1379	1275.5476239469053	5.869525257032846	0.8207828048678888	1	10	Rhizosphere	Spring
e0327_10Sr2	1634081.0	3897	2779.3416705286345	6.830716177023331	0.8613798942671642	1	10	Surface	Spring
e0328_10Sr3	1049003.0	2914	2077.8741103286598	6.08513843724931	0.7965778650766806	1	10	Surface	Spring
e0329_11Dr3	152441.0	1374	1279.1392631198485	5.8401169579794034	0.816349420059259	1	11	Deep	Spring
e0330_11PRr3	847369.0	3095	2124.3958450325345	5.945018617411077	0.775986197647082	1	11	Rhizosphere	Spring
e0331_11Sr2	125604.0	934	917.4636125265656	5.6788832743138835	0.8324839508051107	1	11	Surface	Spring
e0332_12PRr1	43484.0	621	620.377343761826	5.547416481201971	0.862695737639793	1	12	Rhizosphere	Spring
e0333_12PRr3	311186.0	2294	2112.252120538451	6.718154738775079	0.8775580891939333	1	12	Rhizosphere	Spring
e0334_12Sr1	182291.0	1489	1436.821941614741	6.387099055042482	0.8785327427703262	1	12	Surface	Spring
e0335_12Sr3	145306.0	1360	1262.1020444557212	5.794676556481529	0.8115186676970265	1	12	Surface	Spring
e0336_13Dr1	473455.0	2649	2366.9757254423725	6.9528277174114095	0.8949025712993284	1	13	Deep	Spring
e0337_13Dr3	1852185.0	3299	1966.677392760729	5.7881417071952495	0.7631941957959509	1	13	Deep	Spring
e0338_13Sr2	357173.0	1528	1328.196790252568	5.654056548523213	0.7862053276897617	1	13	Surface	Spring
e0339_14Dr1	655184.0	2306	1987.5007605952608	6.552933648927883	0.8628374078313126	1	14	Deep	Spring
e0340_14Dr3	1195294.0	3604	2168.500291580273	6.015836096236641	0.7831293535187058	1	14	Deep	Spring
e0341_14PRr1	529395.0	848	668.2556218845501	4.816850821481138	0.7405218485928232	1	14	Rhizosphere	Spring
e0342_14PRr2	458988.0	642	526.6421528335733	4.642775957539605	0.7408856911082443	1	14	Rhizosphere	Spring
e0343_14Sr2	1079644.0	2826	1832.7602210913342	5.893253635686056	0.7843471247343423	1	14	Surface	Spring
e0344_15Dr1	943660.0	4437	3198.457672308822	7.228124542544702	0.8956313257949546	1	15	Deep	Spring
e0345_15Dr3	1181250.0	4279	3050.563041885134	6.994425090186135	0.8717878695539725	1	15	Deep	Spring
e0346_15PRr1	532453.0	1663	1319.2673021227092	5.823197510047107	0.8104848773667658	1	15	Rhizosphere	Spring
e0347_15PRr2	909284.0	1999	1396.2277914279136	5.897749197947201	0.8144341942183684	1	15	Rhizosphere	Spring
e0348_15PRr3	594206.0	1989	1533.9055809679471	6.018732395974543	0.8204857158857125	1	15	Rhizosphere	Spring
e0349_15Sr1	900509.0	2282	1934.985042294426	6.4208930548475704	0.8484429419700726	1	15	Surface	Spring
e0350_15Sr3	71452.0	959	949.6123421540797	5.844197926721537	0.8524142404283636	1	15	Surface	Spring
e0351_16Dr1	416803.0	2073	1848.6849356651137	6.438471986347724	0.8559259874608959	1	16	Deep	Spring
e0352_16Dr3	120288.0	1203	1176.1221598471168	6.1486342251688795	0.8696822288198549	1	16	Deep	Spring
e0353_16PRr2	869078.0	2607	1724.5980493655027	5.606218613444918	0.7522349668844268	1	16	Rhizosphere	Spring
e0354_16PRr3	822232.0	2000	1333.2909314791723	5.128827924199012	0.7127920572216517	1	16	Rhizosphere	Spring
e0355_16Sr1	214146.0	861	804.7028303664246	4.805189136725123	0.7182136595761904	1	16	Surface	Spring
e0356_17Dr1	133041.0	1799	1741.191279759367	6.679286079105272	0.8950677244408248	1	17	Deep	Spring
e0357_17Dr3	145553.0	1943	1840.0729286697904	6.685333792841877	0.8892956440075399	1	17	Deep	Spring
e0358_17PRr2	218408.0	753	678.0353070664469	4.991549885889936	0.7656691579427755	1	17	Rhizosphere	Spring
e0359_18PRr1	701029.0	1316	1016.2272022375648	5.215840478940354	0.7533148177698971	1	18	Rhizosphere	Spring
e0360_18PRr2	554215.0	551	414.19608181547494	3.421212613317964	0.5677099040649648	1	18	Rhizosphere	Spring
e0361_18Sr1	41294.0	450	449.8055287779168	5.204226073093584	0.8519206738188618	1	18	Surface	Spring
e0362_18Sr2	188918.0	537	525.315257255661	5.286214098946733	0.8439041034036959	1	18	Surface	Spring
e0363_19Dr2	141570.0	1441	1369.9440302607472	6.134222166334685	0.8493182130775254	1	19	Deep	Spring
e0364_1Dr1	80130.0	1651	1619.9454277649559	6.669304419200758	0.9024588753638778	1	1	Deep	Spring
e0365_1Dr2	127644.0	1706	1653.304974759498	6.642350414136711	0.8963392630795416	1	1	Deep	Spring
e0366_1PRr2	234664.0	2335	2150.9368988551632	6.8110574445154	0.8875893010292409	1	1	Rhizosphere	Spring
e0367_1PRr3	186884.0	2377	2200.7994325478894	6.715934327655664	0.8725872868324048	1	1	Rhizosphere	Spring
e0368_1Sr1	466832.0	1822	1619.4523896465182	6.278563061630953	0.8496205904186462	1	1	Surface	Spring
e0369_1Sr3	448797.0	2479	1959.7779518724246	6.356868364296517	0.8385721080076274	1	1	Surface	Spring
e0370_20Dr2	227053.0	1421	1262.8515342930395	5.444631464419603	0.7624330211944336	1	20	Deep	Spring
e0371_20PRr1	431003.0	1965	1632.0532065094603	5.426811828621604	0.7335914525864161	1	20	Rhizosphere	Spring
e0372_20PRr2	403872.0	2551	2066.487771107877	6.178252245555574	0.8093491431451189	1	20	Rhizosphere	Spring
e0373_21Dr1	355097.0	2038	1728.727804738846	6.127781067748957	0.8219537405921505	1	21	Deep	Spring
e0374_21Sr1	365318.0	2114	1877.754070444227	6.265061805663318	0.8311490699754174	1	21	Surface	Spring
e0375_21Sr2	423925.0	2215	1943.2010557389615	6.29341915757951	0.8311334863931746	1	21	Surface	Spring
e0376_22Dr1	520766.0	1886	1593.5453170663864	6.156266454728585	0.834893285426636	1	22	Deep	Spring
e0377_22Dr2	645847.0	2470	2082.626116134694	6.4713252976341575	0.8468785900818879	1	22	Deep	Spring
e0378_22PRr1	182436.0	1197	1119.2837565083512	5.85723934331827	0.834311779886284	1	22	Rhizosphere	Spring
e0379_22PRr3	473079.0	1511	1246.4379158963193	5.638642377512771	0.79105032338849	1	22	Rhizosphere	Spring
e0380_23Dr1	221753.0	1559	1479.462955289258	6.06905356310698	0.831441616324084	1	23	Deep	Spring
e0381_23Sr2	621961.0	1528	1194.3164945259432	5.210711758903411	0.7354226623059543	1	23	Surface	Spring
e0382_24Dr1	488598.0	1999	1655.511185438167	6.249702043018364	0.8432023447969106	1	24	Deep	Spring
e0383_24Dr2	510802.0	1950	1594.0403364523406	6.229304455537572	0.8447628842180119	1	24	Deep	Spring
e0385_25Dr1	798052.0	3202	2366.802677145973	6.245677333891693	0.8038923917046178	1	25	Deep	Spring
e0386_25Dr3	499676.0	2708	2130.0511804116836	6.440835870975157	0.8404121647662468	1	25	Deep	Spring
e0387_25PRr2	375595.0	1351	1102.612836170705	5.265009395124739	0.7515603498800987	1	25	Rhizosphere	Spring
e0388_25Sr1	376969.0	1526	1420.4942341570727	6.153406882640771	0.8477214788809407	1	25	Surface	Spring
e0389_25Sr2	817704.0	2073	1773.0060459092358	6.110234006110896	0.8168290598783665	1	25	Surface	Spring
e0390_26Dr1	446320.0	1869	1610.3931549145889	6.032096948336406	0.8168886922701938	1	26	Deep	Spring
e0391_26Dr2	498989.0	1805	1542.3821608906476	5.8663581179573585	0.7991134049149561	1	26	Deep	Spring
e0392_26Dr3	574611.0	2410	1942.8875263721875	6.140309634004043	0.8109305261636499	1	26	Deep	Spring
e0393_26PRr2	248983.0	1112	973.6969196956726	5.290613792357813	0.7688616249448583	1	26	Rhizosphere	Spring
e0394_26PRr3	100296.0	768	739.2189018728623	5.277082302718609	0.7988808016731481	1	26	Rhizosphere	Spring
e0395_26Sr2	650203.0	1559	1371.4983573635009	5.605488504709311	0.7759901757915193	1	26	Surface	Spring
e0396_26Sr3	588644.0	1556	1402.921167368631	5.708177584355892	0.7877355641160867	1	26	Surface	Spring
e0397_27Dr1	740948.0	3688	2813.325043332997	7.000027120475883	0.8813799145899619	1	27	Deep	Spring
e0398_27Dr3	564013.0	3196	2699.4054988433686	7.005989695368314	0.886745818531108	1	27	Deep	Spring
e0399_27PRr1	423526.0	2034	1612.4562327261644	5.3997315924699585	0.7311246937366038	1	27	Rhizosphere	Spring
e0400_27PRr2	443610.0	1882	1470.8867924431158	5.249714056183764	0.7197678944836424	1	27	Rhizosphere	Spring
e0401_27Sr2	630451.0	2175	1725.0845113873186	5.687635339799874	0.7631304760858675	1	27	Surface	Spring
e0402_27Sr3	768933.0	2874	2095.144468417341	5.902288329081505	0.7718055119286956	1	27	Surface	Spring
e0403_28Dr1	258543.0	1393	1335.1155195634108	6.348689604596271	0.8821578112324082	1	28	Deep	Spring
e0404_28Dr3	202314.0	1144	1112.9940694064026	6.149125184251804	0.8765919591364784	1	28	Deep	Spring
e0405_28PRr3	495049.0	3181	2366.7531254627133	6.281413260910348	0.8084942060031541	1	28	Rhizosphere	Spring
e0406_28Sr2	514475.0	1936	1562.5359408183892	5.724465452900271	0.778408289076071	1	28	Surface	Spring
e0407_28Sr3	1158070.0	3243	2127.4706821650925	6.049091940007244	0.7894215564410271	1	28	Surface	Spring
e0408_29Dr1	163295.0	992	971.2418007494881	6.083582143261902	0.8844247153954397	1	29	Deep	Spring
e0409_29Dr2	572404.0	1677	1533.2516796934392	6.390687316553075	0.8712420014118798	1	29	Deep	Spring
e0410_29Dr3	433370.0	2099	1922.206978638037	6.584979489082737	0.8708874247019257	1	29	Deep	Spring
e0411_29PRr1	368860.0	2098	1895.8782862036928	6.408640270899472	0.8491147204637088	1	29	Rhizosphere	Spring
e0412_29PRr3	174179.0	1501	1445.4009399579443	6.329028100820555	0.8698329520585856	1	29	Rhizosphere	Spring
e0413_29Sr1	421606.0	1042	972.8363491238979	5.753093155066934	0.836179163382551	1	29	Surface	Spring
e0414_2Dr1	526775.0	4888	3903.179036517939	7.477103175321133	0.9041732882049451	1	2	Deep	Spring
e0415_2Dr3	925540.0	6357	4617.963100547541	7.698230893353158	0.9123603212415673	1	2	Deep	Spring
e0416_2PRr2	227586.0	1657	1526.1426490161202	6.034870259113963	0.8232550767950557	1	2	Rhizosphere	Spring
e0417_2Sr3	666636.0	4171	3029.0630703109573	6.755364700996786	0.8427342097929763	1	2	Surface	Spring
e0418_30Dr1	139558.0	1069	1051.4789941599647	6.172157290523014	0.8870651001274248	1	30	Deep	Spring
e0419_30PRr1	880174.0	3566	2498.9559496488014	6.5415625135095405	0.8361290004783235	1	30	Rhizosphere	Spring
e0420_30PRr3	245489.0	1538	1344.1487938440118	5.765025913917705	0.8003072019441914	1	30	Rhizosphere	Spring
e0421_30Sr1	470055.0	1371	1223.319707683467	5.403642374414848	0.7600782780011465	1	30	Surface	Spring
e0422_30Sr3	448049.0	2023	1740.4632344111442	5.911531066006062	0.7922279647828533	1	30	Surface	Spring
e0423_31Dr2	462115.0	903	857.8730645908449	6.0195819534267	0.8912015747893932	1	31	Deep	Spring
e0424_31PRr2	300114.0	811	705.3839088694153	4.750769274962029	0.7243415163476747	1	31	Rhizosphere	Spring
e0425_31PRr3	227752.0	1144	1006.9348004560036	5.465732877855472	0.790455065189077	1	31	Rhizosphere	Spring
e0426_31Sr2	489913.0	1726	1573.676106977524	6.255046846646303	0.8497354578660523	1	31	Surface	Spring
e0427_32PRr2	657703.0	2029	1641.1615955655495	5.936557082473995	0.8018950603857078	1	32	Rhizosphere	Spring
e0428_33Dr2	567168.0	1811	1627.3319838616414	5.77174268474997	0.7805245544091887	1	33	Deep	Spring
e0429_33PRr1	328498.0	1781	1469.6379849871614	5.474473448443404	0.750671200650929	1	33	Rhizosphere	Spring
e0430_33PRr2	396883.0	1838	1457.6249843567157	5.239384936633843	0.7192448547455098	1	33	Rhizosphere	Spring
e0431_33Sr1	140311.0	991	973.5342382925044	6.042791208970906	0.8781935841842233	1	33	Surface	Spring
e0432_34Dr2	543711.0	1603	1359.4070571550374	5.084108035788933	0.7046772315481211	1	34	Deep	Spring
e0433_34PRr1	274524.0	1257	1084.6294898231486	5.5856240381611295	0.799202898019874	1	34	Rhizosphere	Spring
e0434_34PRr3	435953.0	1343	1094.2140247351383	5.410491459851959	0.7731712760224009	1	34	Rhizosphere	Spring
e0435_34Sr1	429096.0	2149	1868.2394502343777	6.384226619665344	0.8475291357827327	1	34	Surface	Spring
e0436_34Sr3	830488.0	2134	1822.2058727648387	6.389289360104938	0.8510198396911539	1	34	Surface	Spring
e0437_35Dr2	405578.0	1749	1527.092395524178	6.159990994050095	0.8402522823777187	1	35	Deep	Spring
e0438_35Dr3	1708225.0	3121	2226.5417186469913	6.416460443358035	0.8324195527114939	1	35	Deep	Spring
e0439_35Sr2	768244.0	2651	2124.4708415947325	6.351941093844511	0.829096798880534	1	35	Surface	Spring
e0440_36Dr2	270651.0	832	803.2895352386068	5.728591220839864	0.8564561408204333	1	36	Deep	Spring
e0441_36Dr3	622304.0	1423	1242.9751100186377	5.917005956596524	0.8304263156040876	1	36	Deep	Spring
e0442_36Sr3	48989.0	914	912.4067684387837	6.142493649601478	0.9011760901949216	1	36	Surface	Spring
e0443_37Dr2	357294.0	2202	1917.1687976169758	6.4978832541416125	0.859667019615356	1	37	Deep	Spring
e0444_37Dr3	210787.0	1825	1662.668505847695	6.379289869703256	0.8601855163942009	1	37	Deep	Spring
e0445_37PRr2	376528.0	1745	1469.6666684241222	5.94072874683531	0.8146029181445019	1	37	Rhizosphere	Spring
e0446_37PRr3	529869.0	1319	1023.863771481993	5.240281258677159	0.7560272898644366	1	37	Rhizosphere	Spring
e0447_37Sr1	472516.0	2634	2256.167779899703	6.5856635721911765	0.8529080182408159	1	37	Surface	Spring
e0448_37Sr2	70128.0	1079	1069.750498193062	6.121934648081243	0.8776739833627936	1	37	Surface	Spring
e0449_38Dr2	382952.0	2678	2207.4336776608257	6.569505966661594	0.8532284803729943	1	38	Deep	Spring
e0450_38Dr3	232842.0	1642	1547.791450515164	6.3325247929602115	0.8622032935166277	1	38	Deep	Spring
e0451_38PRr2	625188.0	2182	1663.409526270903	6.149058884876152	0.8290912818556538	1	38	Rhizosphere	Spring
e0452_38Sr2	316594.0	2816	2436.4015311187914	6.7320364984837475	0.8632722474795785	1	38	Surface	Spring
e0453_39Dr2	20268.0	94		2.682465297104611		1	39	Deep	Spring
e0454_39PRr1	724952.0	1555	1133.508358543848	5.345102412233587	0.7599953151028506	1	39	Rhizosphere	Spring
e0455_39PRr3	201061.0	785	724.591951077643	5.206830441898898	0.7906376923630268	1	39	Rhizosphere	Spring
e0456_39Sr3	132265.0	913	900.1926786578451	5.854214328168118	0.8605837078616947	1	39	Surface	Spring
e0457_3Dr2	569675.0	4602	3645.582175642155	7.4011632486546315	0.9024409670411345	1	3	Deep	Spring
e0458_3PRr1	295697.0	2792	2372.246678925051	6.38308220002177	0.8213351374202255	1	3	Rhizosphere	Spring
e0459_3PRr3	232915.0	787	695.9610929801179	3.833459969669187	0.5856818825057728	1	3	Rhizosphere	Spring
e0460_40Dr1	522507.0	2661	2260.8514141291607	6.327907375218389	0.8193060186847259	1	40	Deep	Spring
e0461_40Dr2	39355.0	525	524.8144156256707	5.404797773828165	0.8629665007190345	1	40	Deep	Spring
e0462_40PRr2	227277.0	1027	978.9490953527014	5.507811428568192	0.7998007273403485	1	40	Rhizosphere	Spring
e0463_41PRr2	330261.0	1102	995.4092137418162	5.797500418919494	0.8398335722825427	1	41	Rhizosphere	Spring
e0464_42Dr1	148967.0	1424	1396.861235306331	6.481842446038048	0.8950369566879343	1	42	Deep	Spring
e0466_42PRr1	164059.0	881	827.2113336182888	5.475135648412397	0.8149875829432801	1	42	Rhizosphere	Spring
e0467_42PRr2	453138.0	1398	1163.6915523134458	5.670761491697691	0.8032976690641683	1	42	Rhizosphere	Spring
e0468_42Sr1	113641.0	758	743.7310760938852	4.937272415647771	0.7467501118614788	1	42	Surface	Spring
e0469_42Sr2	405120.0	2372	1882.7128641272461	6.050496954381363	0.8024032631790854	1	42	Surface	Spring
e0470_43Dr1	484466.0	2974	2337.5802242902887	6.584315991399301	0.8488365344890233	1	43	Deep	Spring
e0471_43Dr2	152625.0	1862	1710.7441155405932	6.281168314201397	0.8437119102392159	1	43	Deep	Spring
e0472_43PRr2	301967.0	1862	1714.0069434847398	6.424623084712568	0.8627605142614805	1	43	Rhizosphere	Spring
e0473_43Sr2	110391.0	1007	993.0803858482542	6.034453245669747	0.8744555834639782	1	43	Surface	Spring
e0474_44Dr2	737956.0	3078	2269.2598836410834	6.261705428379263	0.8103450309594253	1	44	Deep	Spring
e0475_44PRr3	68024.0	796	790.2558250685386	5.782629350627638	0.8666547055784501	1	44	Rhizosphere	Spring
e0476_45Dr3	449178.0	1767	1520.5975904171612	6.077822459597087	0.8295263657006381	1	45	Deep	Spring
e0477_45PRr2	258006.0	1138	1029.0924084611365	5.4863804982152296	0.7909513240107374	1	45	Rhizosphere	Spring
e0478_46PRr1	2046.0	94		4.055009165820923		1	46	Rhizosphere	Spring
e0480_47Dr2	259795.0	2153	1961.7121662002505	6.545768254049477	0.8633786575334841	1	47	Deep	Spring
e0481_47Dr3	49982.0	947	944.8660494695015	6.26960209086612	0.9151310150166432	1	47	Deep	Spring
e0482_47PRr1	21560.0	376		5.124237546974011		1	47	Rhizosphere	Spring
e0483_47Sr1	382238.0	2646	2269.2867255638357	6.76689901457821	0.8757222230109205	1	47	Surface	Spring
e0484_48Dr2	175317.0	1155	1066.6676884877236	5.7632927140028745	0.8265991203723645	1	48	Deep	Spring
e0486_48Sr2	300759.0	1111	999.3341612055386	5.589313506088121	0.8092140305909976	1	48	Surface	Spring
e0487_49Dr2	191915.0	882	834.6929550123816	5.480517931532357	0.8146968694651023	1	49	Deep	Spring
e0488_49Sr2	63756.0	633	630.5411518570068	5.464025951685474	0.8475854312325054	1	49	Surface	Spring
e0489_49Sr3	35349.0	462	461.9102148187014	5.118825064486473	0.8343139241238123	1	49	Surface	Spring
e0490_4Dr3	700555.0	3195	2400.9007179547857	6.6136357491163515	0.849688626158339	1	4	Deep	Spring
e0491_4PRr1	961183.0	2789	1923.7521197971325	6.003990519698318	0.7939651531227393	1	4	Rhizosphere	Spring
e0492_4PRr2	763429.0	3894	2748.007187327357	6.565751020061789	0.8291522609367178	1	4	Rhizosphere	Spring
e0493_4PRr3	1143608.0	4531	2910.4805153594666	6.665775918402626	0.835721478962074	1	4	Rhizosphere	Spring
e0494_4Sr1	641748.0	2563	1938.9289102250516	6.332888782654392	0.8365891648638558	1	4	Surface	Spring
e0495_50Dr1	43434.0	613	609.9418063420721	5.573609304139034	0.8690618047651066	1	50	Deep	Spring
e0496_50Dr2	90101.0	1164	1146.9005497114438	6.254453494405376	0.8878090436945814	1	50	Deep	Spring
e0497_50PRr2	534861.0	1851	1464.1676718541728	5.896335016273405	0.8089313849464035	1	50	Rhizosphere	Spring
e0498_50Sr1	103148.0	1154	1140.1490052279955	6.307349121293081	0.8960684712108502	1	50	Surface	Spring
e0499_50Sr3	23333.0	424		5.106424533709721		1	50	Surface	Spring
e0500_51Dr1	1278036.0	2719	1771.5267287011861	5.899527454716157	0.7887493731229499	1	51	Deep	Spring
e0501_51Dr3	688726.0	1052	880.2008657806036	5.565392370205122	0.8208361550901092	1	51	Deep	Spring
e0502_51PRr3	333425.0	431	398.687925451963	4.151150836492533	0.6932242436123336	1	51	Rhizosphere	Spring
e0503_52Dr1	405299.0	604	557.4605550257522	4.655282501768799	0.7362002367794019	1	52	Deep	Spring
e0504_53Dr2	525288.0	1002	855.8946772372909	4.783797130786727	0.7084853008133843	1	53	Deep	Spring
e0505_53Dr3	24518.0	90		3.9288043855802544		1	53	Deep	Spring
e0506_53PRr2	486506.0	1751	1422.8175487595888	5.778062318351133	0.7958331215553942	1	53	Rhizosphere	Spring
e0507_54PRr1	140880.0	298	289.3261914644679	4.122365070628243	0.7273621973543443	1	54	Rhizosphere	Spring
e0508_54PRr2	126880.0	614	591.9778864040683	5.331283247905047	0.8351701894285356	1	54	Rhizosphere	Spring
e0509_54PRr3	2235.0	52		3.5666223876504235		1	54	Rhizosphere	Spring
e0510_54Sr1	1230.0	43		3.338173883941729		1	54	Surface	Spring
e0511_54Sr2	7943.0	109		4.145856635488687		1	54	Surface	Spring
e0512_54Sr3	63080.0	326	324.1786443457825	4.483812818837395	0.7755724321534366	1	54	Surface	Spring
e0513_55Dr2	106266.0	262	255.87694967509182	3.834518734875747	0.6915651058162925	1	55	Deep	Spring
e0514_55PRr3	63950.0	219	217.71942711002734	3.7429842359254186	0.6953074803367991	1	55	Rhizosphere	Spring
e0515_55Sr3	38195.0	181	180.52354435163764	3.485301034898642	0.6707840904096748	1	55	Surface	Spring
e0516_56Dr1	21885.0	201		4.024855644226668		1	56	Deep	Spring
e0517_56Dr3	33492.0	208	207.9953360721939	4.624552341891563	0.8664241267506384	1	56	Deep	Spring
e0518_56Sr1	21640.0	140		3.9971037578156396		1	56	Surface	Spring
e0519_56Sr3	254964.0	1427	1238.2147097782208	5.570059413656928	0.7821550788518206	1	56	Surface	Spring
e0520_57Dr3	31250.0	322	321.9572829073328	5.188134154240806	0.8984686193676459	1	57	Deep	Spring
e0521_57PRr3	426086.0	714	625.6800699054324	4.371297548983113	0.6788952843139904	1	57	Rhizosphere	Spring
e0522_58PRr1	197756.0	651	633.0283223136506	5.162432508762434	0.8003132117983129	1	58	Rhizosphere	Spring
e0523_58Sr2	14313.0	151		4.517751776217252		1	58	Surface	Spring
e0524_58Sr3	3415.0	100		4.1058980687835005		1	58	Surface	Spring
e0525_59PRr3	8737.0	64		3.6900527255390836		1	59	Rhizosphere	Spring
e0526_5Dr1	156969.0	1148	1127.0297403832903	6.294755274737854	0.8957520863037282	1	5	Deep	Spring
e0527_5Sr1	244857.0	1288	1188.8941550932093	5.725087157253492	0.8085391819521416	1	5	Surface	Spring
e0528_5Sr3	753668.0	3311	2716.307279049441	6.856921284912444	0.8671931790567444	1	5	Surface	Spring
e0529_60Sr3	142260.0	425	419.1767935408388	4.642253451079344	0.768802313160326	1	60	Surface	Spring
e0530_62PRr2	116619.0	514	489.9201096199018	4.49635087216499	0.7258919861551505	1	62	Rhizosphere	Spring
e0531_62Sr3	7769.0	91		4.03381711432521		1	62	Surface	Spring
e0532_63PRr3	8574.0	77		3.440031042897097		1	63	Rhizosphere	Spring
e0534_64Dr3	104449.0	1041	1010.4212120399832	5.90997772944636	0.8542747941117529	1	64	Deep	Spring
e0535_64PRr2	2823.0	61		3.0183066126193108		1	64	Rhizosphere	Spring
e0536_64PRr3	21605.0	228		3.4467772282170186		1	64	Rhizosphere	Spring
e0537_64Sr1	124927.0	1795	1725.223374977259	6.695570986117663	0.8983591221186498	1	64	Surface	Spring
e0538_64Sr2	268375.0	2653	2385.1532258091966	6.944369682098104	0.8929346832520573	1	64	Surface	Spring
e0539_64Sr3	224078.0	1788	1619.486878504621	5.318332682517336	0.7196793100009778	1	64	Surface	Spring
e0540_6Dr1	963407.0	4284	3183.993258088441	7.217200723625958	0.8947802963483164	1	6	Deep	Spring
e0541_6PRr2	852292.0	2780	2006.2575972541501	5.998356953042093	0.788839577650148	1	6	Rhizosphere	Spring
e0542_6Sr2	519335.0	2047	1583.2520341347379	5.872180048747612	0.7970668838851832	1	6	Surface	Spring
e0543_7Sr1	148007.0	1276	1209.789209388954	4.50484359887725	0.6346457834422028	1	7	Surface	Spring
e0544_7Sr2	53896.0	552	549.6134662201517	4.005569337181843	0.6348760001437859	1	7	Surface	Spring
e0545_8Sr3	31544.0	619	618.5357759863681	5.5203769155703375	0.8588878141885264	1	8	Surface	Spring
e0546_9Dr1	318005.0	1547	1472.9133583546416	6.561909712696564	0.8995081392903395	1	9	Deep	Spring
e0547_9Dr3	254617.0	2264	2033.724358358254	6.515116310909314	0.8552688171284092	1	9	Deep	Spring
e0548_9PRr2	462436.0	1090	1007.9952969046202	5.799661496283749	0.8386202039714333	1	9	Rhizosphere	Spring
e0549_9PRr3	19514.0	597		5.795784160637254		1	9	Rhizosphere	Spring
e0550_9Sr1	366332.0	2247	1983.0914919870515	6.314880398953704	0.8317357090243817	1	9	Surface	Spring
e0551_9Sr2	282631.0	2478	2055.703729317989	6.156827927397074	0.8070957609448031	1	9	Surface	Spring
e0552_9Sr3	129533.0	1424	1372.5763686241082	6.0903806810943735	0.843024043791345	1	9	Surface	Spring
e0592_S22PRr1	527445.0	2061	1786.8738938387062	6.094239619535446	0.8138432395893552	4	22	Rhizosphere	Summer
e0593_S22Sr1	412497.0	3294	2895.8859628299656	7.029118046914952	0.8818312823691943	4	22	Surface	Summer
e0594_S22Dr1	478018.0	2227	1926.0190723420205	6.089392790651319	0.8051333219903947	4	22	Deep	Summer
e0595_S28PRr1	381757.0	2336	2128.5050659590997	6.932255725977208	0.9046192441670851	4	28	Rhizosphere	Summer
e0596_S28Sr1	475638.0	2849	2479.1185876035984	6.93558504788543	0.8873961375401372	4	28	Surface	Summer
e0597_S28Dr2	446785.0	1884	1726.2677386300006	6.579261011245471	0.8826818926004512	4	28	Deep	Summer
e0598_S35PRr1	349063.0	2442	2085.162286000224	6.427316160455464	0.8409853331191789	4	35	Rhizosphere	Summer
e0599_S35Sr1	702152.0	2784	2403.140740368455	6.937787471548251	0.8912273271468414	4	35	Surface	Summer
e0600_S35Dr1	400056.0	2034	1893.5595806603046	6.822115456776757	0.9040448251900501	4	35	Deep	Summer
e0601_S43PRr1	223024.0	282	233.72118372025548	2.948938821645985	0.5406800765525793	4	43	Rhizosphere	Summer
e0602_S43Sr1	460770.0	759	723.3584916878349	6.029437499795585	0.915784410044014	4	43	Surface	Summer
e0603_S43Dr1	437288.0	1281	1164.0694615101002	6.02962089500102	0.8540929900365137	4	43	Deep	Summer
e0604_S53PRr1	63649.0	58	57.19172696524081	2.953391193251761	0.7298795073690145	4	53	Rhizosphere	Summer
e0605_S53Sr1	44735.0	4	4.0	0.5102248813375088	0.36804945302189185	4	53	Surface	Summer
e0606_S53Dr1	15697.0	5		0.8404828965959705		4	53	Deep	Summer
e0607_S46PRr1	97674.0	778	757.8995546844463	5.364712600954548	0.8090900306166681	4	46	Rhizosphere	Summer
e0608_S46Sr1	53792.0	108	107.51458302645985	3.8740232257258436	0.8282027712860617	4	46	Surface	Summer
e0609_S46Dr1	321601.0	1897	1645.8661274449414	5.901089748619366	0.7967961359098336	4	46	Deep	Summer
e0610_S47PRr1	468453.0	1586	1442.6969165843414	6.242529425632803	0.8581658166354375	4	47	Rhizosphere	Summer
e0611_S47Sr1	467362.0	888	826.5542506731794	5.287629268342009	0.7871699020550654	4	47	Surface	Summer
e0612_S47Dr1	181613.0	206	190.12755778750227	4.02333155322156	0.7666854489570861	4	47	Deep	Summer
e0613_S58PRr1	85984.0	78	74.07064915731222	2.6021213518616264	0.6044389436203258	4	58	Rhizosphere	Summer
e0614_S58Sr1	90160.0	73	67.55426708200372	2.970587878474676	0.7051118841339613	4	58	Surface	Summer
e0615_S58Dr1	28112.0	4	3.999983423322233	1.0264249272964445	0.7404112896076873	4	58	Deep	Summer
e0616_S13PRr1	519732.0	3250	2743.185738703012	6.953695777559904	0.8783384352821965	4	13	Rhizosphere	Summer
e0617_S13Sr1	569978.0	1190	1095.8287403450506	6.288791477240704	0.898492970648165	4	13	Surface	Summer
e0618_S13Dr1	602152.0	1710	1570.1803523699318	6.609463819196131	0.8981536254627509	4	13	Deep	Summer
e0619_S25PRr1	242997.0	1768	1558.7473410053287	5.761429369124235	0.7836933119945143	4	25	Rhizosphere	Summer
e0620_S25Sr1	719569.0	2513	2125.199127887912	6.526738144640199	0.8518743394467662	4	25	Surface	Summer
e0621_S25Dr1	388881.0	2454	2091.030476890971	6.346225375817353	0.8300697395883887	4	25	Deep	Summer
e0622_S54PRr1	221041.0	549	513.3487333342816	4.92182201263355	0.7886327801143922	4	54	Rhizosphere	Summer
e0623_S54Sr1	15266.0	7		1.0165235636168521		4	54	Surface	Summer
e0624_S54Dr1	159416.0	62	61.804637650238334	3.309372124754903	0.8024707697591137	4	54	Deep	Summer
e0625_S55PRr1	119617.0	165	161.2241043822707	3.2301947352651315	0.635515403033376	4	55	Rhizosphere	Summer
e0626_S55Sr1	93822.0	199	195.20382211092547	3.6336304957592924	0.6889647338121853	4	55	Surface	Summer
e0627_S55Dr1	114126.0	63	56.008892414508495	2.4118038307909053	0.599129935946966	4	55	Deep	Summer
e0628_S44PRr1	236291.0	1651	1481.2322814135189	6.069617615443753	0.8313827590677864	4	44	Rhizosphere	Summer
e0629_S44Sr1	554370.0	1365	1263.3686245029558	6.25550252654816	0.8759322503849034	4	44	Surface	Summer
e0630_S44Dr1	560521.0	2153	1945.7336730193795	6.704990391143013	0.8853349029109701	4	44	Deep	Summer
e0631_S38PRr1	212973.0	1195	1078.577122506031	5.497958814446659	0.7872899176360899	4	38	Rhizosphere	Summer
e0632_S38Sr1	450747.0	2289	1887.6313135475357	6.12205742925916	0.8116126320921992	4	38	Surface	Summer
e0633_S38Dr1	518648.0	2487	2203.9124888805222	6.713226778709048	0.8720753399566731	4	38	Deep	Summer
e0634_S41PRr1	219888.0	1148	986.6272722097824	4.969698683026702	0.7208424656803194	4	41	Rhizosphere	Summer
e0635_S41Sr1	464378.0	832	803.1601188416737	5.935438567524782	0.8874023418721826	4	41	Surface	Summer
e0636_S41Dr1	441537.0	2033	1808.974159427779	6.330569043393418	0.8440178939551639	4	41	Deep	Summer
e0637_S33PRr1	634824.0	1983	1762.0977222764914	6.4023078928448385	0.8565808073351487	4	33	Rhizosphere	Summer
e0638_S33Sr1	253904.0	2047	1807.4969007743869	5.878545061643102	0.7838375457258527	4	33	Surface	Summer
e0639_S33Dr1	598794.0	1860	1672.0043747717257	6.455529441725924	0.8698089709756711	4	33	Deep	Summer
e0640_S2Sr1	430872.0	3275	2693.345291277066	6.6911779448104385	0.8471411850227119	4	2	Surface	Summer
e0641_S2Dr1	211591.0	840	819.059846514853	5.964683413041789	0.8891687055389736	4	2	Deep	Summer
e0642_S27PRr1	361496.0	2279	1858.6576517408655	5.822079257246583	0.7734299998874972	4	27	Rhizosphere	Summer
e0643_S27Sr1	434304.0	3238	2691.468844898688	6.8859946145968935	0.8718830154466504	4	27	Surface	Summer
e0644_S27Dr1	509270.0	2685	2331.7012444233383	6.776141627536706	0.8738499851077532	4	27	Deep	Summer
e0645_S51PRr1	450329.0	1220	991.3003392632938	4.980202070690677	0.7218711984403487	4	51	Rhizosphere	Summer
e0646_S51Sr1	63682.0	490	488.6211529686276	5.038202603976307	0.8137174260924355	4	51	Surface	Summer
e0647_S51Dr1	509352.0	1017	984.4666187284282	6.164752744953094	0.8944665273707961	4	51	Deep	Summer
e0648_S16PRr1	357655.0	1932	1675.8220118143288	6.349438556654757	0.8552516205256948	4	16	Rhizosphere	Summer
e0649_S16Sr1	618043.0	2682	2402.3636680825525	6.986790961079451	0.8975595986127748	4	16	Surface	Summer
e0650_S16Dr1	475095.0	3264	2789.5736766965365	6.988248774377627	0.880837194400264	4	16	Deep	Summer
e0651_S56PRr1	37594.0	358	355.9293195573423	3.0248149031015004	0.5148855837639849	4	56	Rhizosphere	Summer
e0652_S56Sr1	34250.0	444	442.7648865117605	3.2275031489829944	0.5297033553398898	4	56	Surface	Summer
e0653_S56Dr1	25214.0	39	38.99942517862589	1.64078976508749	0.44786918435445305	4	56	Deep	Summer
e0654_S57PRr1	115623.0	560	545.0363648516151	4.855722342421877	0.7706452943265225	4	57	Rhizosphere	Summer
e0655_S57Sr1	302229.0	256	252.52411563879002	4.947463089003868	0.8944150863670737	4	57	Surface	Summer
e0656_S57Dr1	134129.0	53	52.09374722077281	3.0854108633813873	0.7805150006313463	4	57	Deep	Summer
e0657_S60PRr1	269463.0	976	896.7104092385578	5.2735233403240285	0.7756626663354778	4	60	Rhizosphere	Summer
e0658_S60Sr1	37387.0	17	16.768416899109965	1.8048149539447191	0.6401194414229398	4	60	Surface	Summer
e0659_S60Dr1	476823.0	274	258.79549104325287	3.5521078305803453	0.6393238745172306	4	60	Deep	Summer
e0660_S37PRr1	436420.0	2243	1888.2811454853593	6.089243189008392	0.8072255521807382	4	37	Rhizosphere	Summer
e0661_S37Sr1	351005.0	2271	1931.2016647467883	6.223556706982971	0.8225800749073883	4	37	Surface	Summer
e0662_S37Dr1	489679.0	1928	1615.7747106549562	5.976959752617437	0.8090562796911334	4	37	Deep	Summer
e0663_S49PRr1	46683.0	293	291.63410189171447	3.924834514176359	0.6915398740403705	4	49	Rhizosphere	Summer
e0664_S49Sr1	140943.0	1868	1765.3321432533746	6.596581074684573	0.8823566097128351	4	49	Surface	Summer
e0665_S49Dr1	178016.0	265	262.83522218857763	4.656050882401206	0.8356866310019798	4	49	Deep	Summer
e0666_S45PRr1	449184.0	1851	1652.4765010810509	6.0866330941354665	0.8214046104391861	4	45	Rhizosphere	Summer
e0667_S45Sr1	599288.0	1894	1676.8900993621698	6.3324119595419495	0.8528849891130124	4	45	Surface	Summer
e0668_S45Dr1	549047.0	1613	1491.1549535344943	6.616562554732242	0.9054721865617521	4	45	Deep	Summer
e0669_S59PRr1	87477.0	441	424.18023369558404	3.572419064152207	0.5904670261106064	4	59	Rhizosphere	Summer
e0670_S59Sr1	194102.0	1040	924.2978626440596	4.549761501504422	0.6662378964715625	4	59	Surface	Summer
e0671_S59Dr1	17783.0	108		2.2171762530558734		4	59	Deep	Summer
e0672_S4PRr1	194618.0	2014	1793.0227210866128	6.094916872887098	0.8135604634391147	4	4	Rhizosphere	Summer
e0673_S4Sr1	391895.0	2880	2304.9091556447324	6.377092757676245	0.8236162118475885	4	4	Surface	Summer
e0674_S4Dr1	416306.0	3272	2705.0479597157237	6.924245243251809	0.8761678898299238	4	4	Deep	Summer
e0675_S8PRr1	563748.0	2704	2339.040162136229	6.637149742968954	0.8555788874143608	4	8	Rhizosphere	Summer
e0676_S8Sr1	543835.0	919	858.203807711838	5.970346007258758	0.8838617324416924	4	8	Surface	Summer
e0677_S8Dr1	583897.0	1372	1267.1716241167544	6.067506811133061	0.8492505576442533	4	8	Deep	Summer
e0678_S11PRr1	259816.0	1876	1620.4291526094619	6.022684181478236	0.8149283460345311	4	11	Rhizosphere	Summer
e0679_S11Sr1	490941.0	632	611.7809478146437	5.858415978396275	0.9130414956459693	4	11	Surface	Summer
e0680_S11Dr1	443602.0	1769	1633.7796517478841	6.459004331847418	0.8729975194378369	4	11	Deep	Summer
e0681_S36Sr1	422374.0	2370	2096.0503294318646	6.524551977676613	0.8531268335385221	4	36	Surface	Summer
e0682_S36PRr1	198470.0	1497	1358.7003213575367	5.783971723345025	0.8017388590416137	4	36	Rhizosphere	Summer
e0683_S36Dr1	471473.0	1933	1707.79723440933	6.431221778858599	0.8640678009127235	4	36	Deep	Summer
e0685_S6PRr1	507052.0	3122	2476.8888430602833	6.411481530516406	0.8204324531789383	4	6	Rhizosphere	Summer
e0686_S6Sr1	795417.0	3364	2701.115471339674	6.661456725094004	0.8430708198323126	4	6	Surface	Summer
e0687_S6Dr1	367860.0	2811	2484.739641680741	6.796862984877929	0.8693949588444126	4	6	Deep	Summer
e0688_S9PRr1	99086.0	706	674.6058824224224	5.093271029897695	0.7818806335357867	4	9	Rhizosphere	Summer
e0689_S9Sr1	518496.0	1835	1672.5306242460838	6.1958488266800105	0.8347845737428872	4	9	Surface	Summer
e0690_S9Dr1	339715.0	1848	1586.5892407892807	5.881963056085239	0.798166670537462	4	9	Deep	Summer
e0691_S12PRr1	290486.0	2542	2171.2146709867307	6.22594728558695	0.8103492403391491	4	12	Rhizosphere	Summer
e0692_S12Sr1	883286.0	1214	1156.347520145321	6.202477859780965	0.8794071800406356	4	12	Surface	Summer
e0693_S12Dr1	637514.0	2213	2006.8653724134924	6.721066496980293	0.8838473796339991	4	12	Deep	Summer
e0694_S15PRr1	355904.0	4112	3457.186947265507	7.385921175912815	0.9064470242997462	4	15	Rhizosphere	Summer
e0695_S15Sr1	594496.0	3547	3041.486888115973	7.263797910675005	0.9056989683460489	4	15	Surface	Summer
e0696_S15Dr1	477736.0	4007	3412.989789788409	7.394971022945971	0.9089930384905908	4	15	Deep	Summer
e0697_S17PRr1	195282.0	1640	1500.3720888850485	6.375092202822419	0.8716920400225915	4	17	Rhizosphere	Summer
e0698_S17Sr1	481857.0	2446	2224.900523186618	6.61397289381036	0.8581253059776488	4	17	Surface	Summer
e0699_S17Dr1	522026.0	2576	2237.356694455998	6.099334066545082	0.7907810463434432	4	17	Deep	Summer
e0700_S23PRr1	296625.0	407	400.47403193653554	5.393661007447929	0.9000462190734911	4	23	Rhizosphere	Summer
e0701_S23Sr1	541334.0	1655	1580.6435748462566	6.427701152221683	0.8726664731896445	4	23	Surface	Summer
e0702_S23Dr1	160888.0	244	241.24915026327804	4.929152155428601	0.8985243727131439	4	23	Deep	Summer
e0703_S29PRr1	443026.0	3160	2762.7152109007816	7.139108355059321	0.9009510426344615	4	29	Rhizosphere	Summer
e0704_S29Sr1	444766.0	2713	2387.7294458118076	6.728162893466642	0.865013882032985	4	29	Surface	Summer
e0705_S29Dr1	575172.0	1890	1724.244727963455	6.776073313942132	0.9092295134449623	4	29	Deep	Summer
e0706_S30PRr1	148689.0	1126	1039.5058226355359	5.563752530387081	0.8009432034532461	4	30	Rhizosphere	Summer
e0707_S30Sr1	481269.0	2698	2328.983831791424	6.185079477074479	0.7977466834766899	4	30	Surface	Summer
e0708_S30Dr1	541835.0	1677	1560.7261306304529	6.481283765161268	0.8814587537806295	4	30	Deep	Summer
e0709_S3PRr1	322317.0	1763	1433.5113683665638	4.9272972498739165	0.6779550223268779	4	3	Rhizosphere	Summer
e0710_S3Sr1	504288.0	863	815.831018805808	6.125155026995071	0.9136285320180738	4	3	Surface	Summer
e0711_S3Dr1	550224.0	1570	1480.5127149798952	6.603762923669139	0.9046072464681513	4	3	Deep	Summer
e0712_S7PRr1	221959.0	2028	1799.7202134969252	6.3283771145009755	0.844302974749017	4	7	Rhizosphere	Summer
e0713_S7Sr1	529525.0	1845	1740.8319281883412	6.76246422511304	0.9062392024352239	4	7	Surface	Summer
e0714_S7Dr1	556882.0	2556	2337.4210606518927	7.108616721292463	0.9164363556054146	4	7	Deep	Summer
e0715_S14PRr1	209711.0	261	239.0474613393176	3.4687958258304956	0.633377731335032	4	14	Rhizosphere	Summer
e0716_S14Sr1	403700.0	2252	1990.307616254993	6.1113133032540485	0.8045389036188657	4	14	Surface	Summer
e0717_S14Dr1	652895.0	2645	2336.362532774933	6.71733454374162	0.8660431889271722	4	14	Deep	Summer
e0718_S21PRr1	137986.0	1165	1083.5432423323346	5.369605541768196	0.7684046789417313	4	21	Rhizosphere	Summer
e0719_S21Sr1	379049.0	2754	2271.9777928374656	6.475178747481713	0.837841431061187	4	21	Surface	Summer
e0720_S21Dr1	483111.0	2280	2026.2822347330195	6.561423299362915	0.8617624782424868	4	21	Deep	Summer
e0721_S31PRr1	36064.0	691	684.0817743353686	5.214192286552485	0.7987332128988279	4	31	Rhizosphere	Summer
e0722_S31Sr1	615421.0	1155	1111.6732073161797	6.270094652299395	0.8939881635533835	4	31	Surface	Summer
e0723_S31Dr1	490807.0	2095	1938.4059018474095	6.704950087522048	0.8857708857275092	4	31	Deep	Summer
e0724_S48PRr1	325754.0	2722	2367.4486793455612	6.827552952548083	0.8787557844629521	4	48	Rhizosphere	Summer
e0725_S48Sr1	552873.0	2082	1893.4212787201984	6.507742937569525	0.8623935360388235	4	48	Surface	Summer
e0726_S48Dr1	29529.0	7	7.0	1.64366760367127	0.844678056933526	4	48	Deep	Summer
e0727_S32PRr1	168044.0	1015	943.9741643119067	5.2189002047067925	0.7618722530898367	4	32	Rhizosphere	Summer
e0728_S32Sr1	630929.0	1627	1474.3073826686068	6.392214235842219	0.8761326289398738	4	32	Surface	Summer
e0729_S32Dr1	485503.0	1445	1387.2661620939516	6.395638151434938	0.8839748899601747	4	32	Deep	Summer
e0730_S39PRr1	88140.0	526	507.5110351597824	4.5079592637429755	0.7236449007134552	4	39	Rhizosphere	Summer
e0731_S39Sr1	392885.0	1958	1749.7215336589122	6.222168306267883	0.8332652620642549	4	39	Surface	Summer
e0732_S39Dr1	453888.0	1203	1178.3594721601326	6.358712030565988	0.8991545959783945	4	39	Deep	Summer
e0733_S50PRr1	248627.0	925	785.4183214819288	3.4868534314418422	0.5230633369648398	4	50	Rhizosphere	Summer
e0734_S50Sr1	601146.0	1218	1140.0288132524788	5.843223894275009	0.8301438563177842	4	50	Surface	Summer
e0735_S50Dr1	663527.0	1467	1334.5447535203564	6.041724635804873	0.8395545534022195	4	50	Deep	Summer
e0736_S1PRr1	136718.0	677	627.6327133523467	4.583465013367976	0.7115021621375879	4	1	Rhizosphere	Summer
e0737_S1Sr1	244296.0	2074	1811.388876497541	6.116664127421251	0.8153541870563047	4	1	Surface	Summer
e0738_S1Dr1	368561.0	2473	2099.849102748373	6.353534714140528	0.8305685875259162	4	1	Deep	Summer
e0739_S5PRr1	362651.0	1428	1352.6663898853228	6.164922994825995	0.855071535173527	4	5	Rhizosphere	Summer
e0740_S5Sr1	112226.0	1500	1419.8296434737151	6.106081346858195	0.8412559319008026	4	5	Surface	Summer
e0741_S5Dr1	380915.0	949	922.6052525259065	5.760700443372139	0.8437865022011796	4	5	Deep	Summer
e0742_S10PRr1	175679.0	423	377.3712113847758	3.3025685354410736	0.5566224296096733	4	10	Rhizosphere	Summer
e0743_S10Sr1	448414.0	2458	2132.0827447350925	6.283618337633388	0.819796156526908	4	10	Surface	Summer
e0744_S10Dr1	427301.0	2157	1852.9880858922497	6.139390696495916	0.8159141454113936	4	10	Deep	Summer
e0745_S20PRr1	198502.0	1313	1179.4257840966586	5.657902928232527	0.7999542680629282	4	20	Rhizosphere	Summer
e0746_S20Sr1	484245.0	3383	2854.2138706956634	7.064559514200382	0.8878921110296518	4	20	Surface	Summer
e0747_S20Dr1	488075.0	2111	1917.2470096369486	6.428882290378126	0.8505336328370026	4	20	Deep	Summer
e0748_S24PRr1	490020.0	2181	1995.9150047392516	6.675424542975416	0.8784773520433964	4	24	Rhizosphere	Summer
e0749_S24Sr1	565700.0	1771	1642.6048758499917	6.584388471408566	0.8892968861207172	4	24	Surface	Summer
e0750_S24Dr1	528256.0	1944	1719.089578626315	5.830864835951341	0.7827136868673658	4	24	Deep	Summer
e0751_S34PRr1	95569.0	943	886.8577815077681	5.1084591369400085	0.7526070248096919	4	34	Rhizosphere	Summer
e0752_S34Sr1	545675.0	863	824.1791230585217	4.989504252454326	0.7431063464321975	4	34	Surface	Summer
e0754_S40Sr1	633853.0	1199	1129.6156338162696	6.115965028149567	0.8700262564575424	4	40	Surface	Summer
e0755_S40Dr1	183318.0	1234	1149.6112372717905	5.749474673456928	0.8158547674171699	4	40	Deep	Summer
e0756_S52PRr1	95285.0	657	644.3199890131299	5.306348448805434	0.8203753991620831	4	52	Rhizosphere	Summer
e0757_S52Sr1	54874.0	6	6.0	1.298287729285816	0.7245881780355028	4	52	Surface	Summer
e0758_S52Dr1	76639.0	12	12.0	2.285410834972879	0.9197169781681169	4	52	Deep	Summer
e0759_S19PRr1	294742.0	2843	2443.097107005632	6.781350961754551	0.8692900902751913	4	19	Rhizosphere	Summer
e0760_S19Sr1	533436.0	2605	2370.1439175884534	6.89843646118626	0.8877490023884329	4	19	Surface	Summer
e0761_S19Dr1	167221.0	1587	1529.8490756845697	6.5178136445412775	0.8888423388906285	4	19	Deep	Summer
e0762_S26PRr1	52990.0	466	456.69829081918874	4.754408197044837	0.7763537488898705	4	26	Rhizosphere	Summer
e0763_S26Sr1	491484.0	2462	2164.3902565422554	6.6491837663419915	0.8657910900138951	4	26	Surface	Summer
e0764_S26Dr1	512137.0	2655	2220.793814029781	6.514770403695425	0.8454570062516888	4	26	Deep	Summer
e0765_S42PRr1	89400.0	852	830.822381140352	5.509120335452107	0.8195149348280039	4	42	Rhizosphere	Summer
e0766_S42Sr1	491030.0	1179	1131.9835780807668	6.159050732602176	0.875894492223598	4	42	Surface	Summer
e0767_S42Dr1	202429.0	46	45.994872400746765	3.075878360518262	0.8034097745628295	4	42	Deep	Summer
e0775_F15PRr1	44056.0	622	610.4299428969172	5.111146940611094	0.7968532317679103	3	15	Rhizosphere	Winter
e0776_F20Sr3	519118.0	1864	1634.8652740293187	6.163095179649572	0.8329277256497128	3	20	Surface	Winter
e0777_F24PRr3	135900.0	1167	1097.93273621331	5.719783770774993	0.8169737399752633	3	24	Rhizosphere	Winter
e0778_F31Sr2	346747.0	2191	1846.5131589234086	6.437120809744294	0.8558801068366785	3	31	Surface	Winter
e0779_F31Sr3	330334.0	2116	1816.052659488649	6.1973064274329035	0.8258207786963749	3	31	Surface	Winter
e0780_F33Dr1	638705.0	2591	2080.712896341482	6.331043903644851	0.828620142512745	3	33	Deep	Winter
e0781_F34Sr1	640860.0	2556	2031.1253079029448	6.196944197832864	0.8136375109677316	3	34	Surface	Winter
e0782_F40Dr3	527271.0	2069	1736.9797015347278	6.0457437395125195	0.8104319418742362	3	40	Deep	Winter
e0784_F41Dr3	453018.0	514	438.030392103235	3.761856441714629	0.6184936093842853	3	41	Deep	Winter
e0785_F43Dr1	631922.0	1556	1318.1068406934394	5.752919523381299	0.8008015231653975	3	43	Deep	Winter
e0786_F43Sr2	514441.0	1813	1368.0606535537797	4.869462051213976	0.6743333724527205	3	43	Surface	Winter
e0787_F47PRr1	164406.0	67	66.99953999207118	3.2836521115742574	0.780950659340112	3	47	Rhizosphere	Winter
e0788_F48PRr3	171036.0	250	248.9406272704505	4.949917271830696	0.8971768889196756	3	48	Rhizosphere	Winter
e0789_F51Sr3	283169.0	659	624.6621871187284	5.339639512911063	0.8294958034496421	3	51	Surface	Winter
e0790_F52Sr2	97694.0	150	141.0649951776629	3.8782821915262407	0.7836147129037594	3	52	Surface	Winter
e0791_F55Sr1	1060384.0	506	449.0821295177003	4.569580251940945	0.7482276528600338	3	55	Surface	Winter
e0792_F56Sr2	100406.0	65	61.80532995270248	2.602321765922504	0.6310204473304113	3	56	Surface	Winter
e0793_F56Sr3	40862.0	93	92.18291558989063	2.8389408683686677	0.627560164635725	3	56	Surface	Winter
e0794_F57Dr1	141218.0	107	95.18821245559971	2.78465728081256	0.6112259057978926	3	57	Deep	Winter
e0795_F57Sr3	122158.0	122	107.42520315077842	2.6520384548386406	0.5670632466214243	3	57	Surface	Winter
e0796_F58Dr1	3571.0	51		3.081233902922614		3	58	Deep	Winter
e0797_F58Sr3	340345.0	1927	1656.3521197162906	6.271331393721124	0.8460625821497109	3	58	Surface	Winter
e0798_F59Dr2	32260.0	114	113.80909734855592	3.208505395344787	0.6776830023342834	3	59	Deep	Winter
e0799_F59PRr1	54837.0	107	104.47391107284184	2.949931331594647	0.6345388390989117	3	59	Rhizosphere	Winter
e0800_F59Sr3	32805.0	84	83.70491477857759	3.0222998469066065	0.6826511464295411	3	59	Surface	Winter
e0801_F60PRr1	88416.0	262	256.76529559812826	4.77947749594455	0.8614523392309246	3	60	Rhizosphere	Winter
e0802_F60PRr2	98782.0	156	151.57581606243227	3.6811699023905122	0.7331421826746614	3	60	Rhizosphere	Winter
e0803_F60Sr3	74139.0	217	214.38091005653982	4.918448260811971	0.916295327027181	3	60	Surface	Winter
e0804_T1Dr1	1485.0	64		3.586140005587671		2	1	Deep	Summer
e0806_1Sr2	79374.0	1282	1212.208206304369	5.866764641138717	0.8262817269390506	1	1	Surface	Spring
e0807_2Dr2	20729.0	761		5.781290608805656		1	2	Deep	Spring
e0808_2Sr1	18569.0	498		5.474749176568929		1	2	Surface	Spring
e0809_2PRr1	6345.0	196		4.24371423420696		1	2	Rhizosphere	Spring
e0810_3Dr3	48105.0	881	855.4363729796761	5.7891740213218705	0.8574506746560236	1	3	Deep	Spring
e0811_3Sr1	68097.0	1646	1551.1376622712914	6.417511801421415	0.8735178297347246	1	3	Surface	Spring
e0812_3PRr2	11513.0	225		4.730549376365213		1	3	Rhizosphere	Spring
e0813_4Dr1	12168.0	466		5.290081596005005		1	4	Deep	Spring
e0814_5Dr2	10785.0	341		5.271921942590911		1	5	Deep	Spring
e0815_5Sr2	14283.0	306		4.790457566262405		1	5	Surface	Spring
e0816_6Dr3	15584.0	624		5.552009937619188		1	6	Deep	Spring
e0817_6Sr1	53354.0	1072	1036.781829872624	5.911475454407379	0.8513220531503803	1	6	Surface	Spring
e0818_6PRr1	16591.0	424		4.960751909945537		1	6	Rhizosphere	Spring
e0819_7Dr1	68741.0	1402	1334.7718812630014	5.912314464874853	0.8215523632734041	1	7	Deep	Spring
e0821_7PRr2	14554.0	430		5.307778352015222		1	7	Rhizosphere	Spring
e0822_8Sr2	166155.0	2034	1906.0081034184109	6.687904028962447	0.8854906575513009	1	8	Surface	Spring
e0823_8PRr1	9811.0	380		5.242408579901044		1	8	Rhizosphere	Spring
e0824_8PRr2	336935.0	912	868.0887802662863	5.724320389560811	0.8460052722077854	1	8	Rhizosphere	Spring
e0825_11PRr1	14098.0	336		4.722303627164563		1	11	Rhizosphere	Spring
e0826_12Sr2	154766.0	1310	1176.725583879802	3.948891451024977	0.5585031491304921	1	12	Surface	Spring
e0827_14Dr2	89414.0	780	711.4179749090038	4.545604419291607	0.6921614694679427	1	14	Deep	Spring
e0828_16PRr1	16917.0	394		4.947956730318936		1	16	Rhizosphere	Spring
e0829_17Dr2	99156.0	1872	1752.1513130088035	6.528960938910291	0.8741881020777887	1	17	Deep	Spring
e0830_17Sr1	23551.0	608		5.480153064178926		1	17	Surface	Spring
e0831_17Sr2	403191.0	1376	1274.9601088926204	6.065750611515046	0.8482772198048328	1	17	Surface	Spring
e0832_17Sr3	303928.0	1708	1542.1708683394756	6.096382694524962	0.8304627765411693	1	17	Surface	Spring
e0833_17PRr3	36376.0	1097	1075.2893518548894	6.114105090302918	0.8759029861688109	1	17	Rhizosphere	Spring
e0834_18Dr2	299805.0	963	932.4780642566368	5.753251893919978	0.8413837058050484	1	18	Deep	Spring
e0835_21Sr3	77341.0	1280	1225.2883349229955	5.958113877260161	0.8378809304779794	1	21	Surface	Spring
e0836_22Dr3	149063.0	1323	1253.9387902869469	6.125670233185828	0.8586531640625059	1	22	Deep	Spring
e0837_23Dr3	92422.0	1474	1374.7821018347888	5.616977015607398	0.7773232411371184	1	23	Deep	Spring
e0838_23Sr3	316406.0	1427	1289.2758187986606	5.678891531355179	0.7929379510935765	1	23	Surface	Spring
e0839_23PRr1	55872.0	662	632.734096024263	4.854156371080063	0.7525765183347461	1	23	Rhizosphere	Spring
e0840_24Sr2	90168.0	687	615.7791020113622	4.250677413298453	0.6618015471686736	1	24	Surface	Spring
e0841_26Sr1	296583.0	1710	1565.8095774785793	6.037456135537858	0.8207349424818965	1	26	Surface	Spring
e0842_27Dr2	180892.0	1595	1416.3735699176862	5.707132980142351	0.7865555379664201	1	27	Deep	Spring
e0843_28Sr1	49818.0	966	926.8795476604405	5.687961282431626	0.8325685204083426	1	28	Surface	Spring
e0844_28PRr1	71385.0	1290	1228.8730220212697	5.865262766705295	0.8244846981040928	1	28	Rhizosphere	Spring
e0845_30Sr2	416195.0	1156	1053.262702428113	5.739065854909862	0.8246201369758461	1	30	Surface	Spring
e0846_31Sr3	71347.0	1083	1038.8583830012733	5.709560582133986	0.8220070730750564	1	31	Surface	Spring
e0848_33Dr3	270235.0	1569	1431.6824884489286	5.72310098504452	0.7875893233304657	1	33	Deep	Spring
e0849_35PRr3	12324.0	497		5.492953196255884		1	35	Rhizosphere	Spring
e0850_36Sr2	112627.0	1374	1307.6558255863404	6.150204692351816	0.8570529670009334	1	36	Surface	Spring
e0851_38PRr3	13906.0	255		4.073257192031879		1	38	Rhizosphere	Spring
e0852_39Dr3	229779.0	1327	1234.578915225885	5.790080850720783	0.8133866493148172	1	39	Deep	Spring
e0853_39PRr2	24646.0	569		5.188842581016148		1	39	Rhizosphere	Spring
e0854_41Dr1	24318.0	144		2.515991427976635		1	41	Deep	Spring
e0855_42Sr3	194361.0	1596	1519.0606940109903	6.348657131017714	0.8666106095038972	1	42	Surface	Spring
e0857_50Sr2	245134.0	1808	1667.2151827355767	6.252343699954386	0.8427577279066499	1	50	Surface	Spring
e0858_53Sr3	67648.0	95	89.93356757282815	1.5121167518413738	0.33609531046741226	1	53	Surface	Spring
e0859_53PRr1	34154.0	546	537.742329381455	4.821115076199249	0.766792440843478	1	53	Rhizosphere	Spring
e0860_55Sr1	24663.0	52		2.3282005061733093		1	55	Surface	Spring
e0861_61Sr2	8125.0	197		3.7826356829896586		1	61	Surface	Spring
e0862_T2Dr2	12566.0	353		4.798986593452173		2	2	Deep	Summer
e0863_T2PRr1	3658.0	115		3.949049443162994		2	2	Rhizosphere	Summer
e0864_T3Dr2	6881.0	221		4.859830363832357		2	3	Deep	Summer
e0865_T5Sr3	318680.0	1751	1651.0602544797205	6.5141926279810285	0.8792064487643669	2	5	Surface	Summer
e0866_T6PRr2	22057.0	274		4.161595280341947		2	6	Rhizosphere	Summer
e0867_T7PRr2	37427.0	722	706.6641821224844	5.49442590717081	0.8374939979247223	2	7	Rhizosphere	Summer
e0868_T8Dr1	13407.0	177		3.8013977938268697		2	8	Deep	Summer
e0869_T8PRr1	6670.0	247		4.890613153617107		2	8	Rhizosphere	Summer
e0873_F1PRr2	4027.0	59		3.480663002005331		3	1	Rhizosphere	Winter
e0876_S18PRr1	13267.0	206		3.379013336291713		4	18	Rhizosphere	Summer
e0877_S18Sr1	300562.0	1839	1713.9531295222123	6.395447581504357	0.858846166717738	4	18	Surface	Summer
e0878_S18Dr1	342752.0	937	899.6225125138558	5.788951945446459	0.8510692463741685	4	18	Deep	Summer
e0880_3Sr3	25999.0	437	436.9966357046622	5.2417599624824245	0.8621421373573336	1	3	Surface	Spring
e0881_4Dr2	409201.0	2853	2363.5553994564293	6.717492034086766	0.8647733311042757	1	4	Deep	Spring
e0882_7Dr2	470585.0	2055	1883.309953614936	6.873276871173924	0.9114801508136421	1	7	Deep	Spring
e0883_8PRr3	416315.0	1566	1476.4960319940872	6.54870123166638	0.897398661108395	1	8	Rhizosphere	Spring
e0884_10PRr3	507390.0	1223	1159.486595137154	6.307951382360636	0.8940179204323389	1	10	Rhizosphere	Spring
e0885_11Dr1	487056.0	927	874.0231652287823	5.938083780496115	0.8767149087673923	1	11	Deep	Spring
e0886_11PRr2	683083.0	2968	2119.1996346555875	6.006009150186392	0.784197790674787	1	11	Rhizosphere	Spring
e0887_12Dr2	362379.0	2401	1997.8920440118927	6.062777518878617	0.7977498468565913	1	12	Deep	Spring
e0888_12Dr3	372934.0	1113	999.9241486243948	6.102567532438051	0.8834468360808264	1	12	Deep	Spring
e0889_19Dr3	46223.0	562	558.5800606569121	4.96874832069564	0.7855234333001428	1	19	Deep	Spring
e0890_19Sr1	416258.0	1003	907.4001552206754	4.4410162925589045	0.6520757388247902	1	19	Surface	Spring
e0891_19Sr3	480124.0	1380	1160.7225667194066	4.740133825733663	0.6717117070315745	1	19	Surface	Spring
e0892_20Dr1	594658.0	1643	1457.4597088593857	5.812305908854338	0.7979059078392416	1	20	Deep	Spring
e0893_20Sr1	395135.0	802	702.2195673182852	4.026017136604109	0.6142609016071978	1	20	Surface	Spring
e0894_20Sr3	486142.0	886	796.0373032413996	4.5110413231548065	0.6753413714829811	1	20	Surface	Spring
e0895_22Sr1	32727.0	486	485.7057056911611	5.5656093081725455	0.8997682847045169	1	22	Surface	Spring
e0896_22Sr3	301456.0	673	641.2024362065297	5.7967325226041355	0.8968625882009542	1	22	Surface	Spring
e0897_23PRr2	61807.0	505	489.8073278232554	4.022144296220947	0.6493600961498339	1	23	Rhizosphere	Spring
e0898_23PRr3	168736.0	1068	1051.091688136431	6.20452031133094	0.8917635447739846	1	23	Rhizosphere	Spring
e0899_23Sr1	603514.0	1646	1454.7116712558725	5.70057538194042	0.782770486868832	1	23	Surface	Spring
e0900_24Sr1	55712.0	607	605.3407673838094	5.837575453420429	0.9112965051447881	1	24	Surface	Spring
e0901_29PRr2	431788.0	1043	971.7189145373026	5.910934575328509	0.8592640449881	1	29	Rhizosphere	Spring
e0902_29Sr2	410151.0	607	546.4435743744776	5.3638345325708245	0.8509388755585456	1	29	Surface	Spring
e0903_32PRr1	314296.0	1084	998.2802763010434	6.047518571489198	0.8756861761663177	1	32	Rhizosphere	Spring
e0904_32PRr3	156644.0	682	672.811098637215	5.795138750109911	0.8899900562946934	1	32	Rhizosphere	Spring
e0905_33Dr1	523517.0	1592	1458.939661380543	5.984028233640966	0.8213652905247845	1	33	Deep	Spring
e0906_33Sr2	271531.0	983	926.4922585245364	6.114771200056611	0.895097067494941	1	33	Surface	Spring
e0907_34Dr3	431609.0	1446	1295.9736364045675	5.353876026384497	0.7470158961755792	1	34	Deep	Spring
e0908_35PRr1	205859.0	269	263.91438694813235	4.993547272511452	0.8956031814604046	1	35	Rhizosphere	Spring
e0909_35Sr1	489712.0	1377	1269.4219332360651	6.015921984453864	0.8418213275873407	1	35	Surface	Spring
e0910_36Sr1	20015.0	68		3.665829167620556		1	36	Surface	Spring
e0911_38Sr3	460036.0	1922	1751.6243814610618	6.493041243761703	0.8694136871564303	1	38	Surface	Spring
e0912_40PRr3	379688.0	1257	1162.992363004346	5.845523043807353	0.82812420478356	1	40	Rhizosphere	Spring
e0913_43Sr1	193191.0	503	494.4959544312994	5.48852262823926	0.8847405738676615	1	43	Surface	Spring
e0914_44PRr2	216052.0	505	491.922386923251	5.437727895644472	0.8772904688373169	1	44	Rhizosphere	Spring
e0915_45Dr1	339044.0	901	862.9960171906719	5.855163333634126	0.8660958829142559	1	45	Deep	Spring
e0916_45Sr1	512753.0	1657	1478.1753576463889	6.127026216817883	0.8394838265907155	1	45	Surface	Spring
e0917_46Dr1	129263.0	423	417.1887898231782	5.055741797306747	0.8379397101280095	1	46	Deep	Spring
e0918_46Sr3	107990.0	354	348.86023350645235	5.148081164849797	0.8793117228895555	1	46	Surface	Spring
e0919_49PRr2	109413.0	725	718.4084377387509	5.900392269910602	0.8971199550275593	1	49	Rhizosphere	Spring
e0920_51Sr2	159042.0	746	736.1298684634135	5.543079820325588	0.8396816306107061	1	51	Surface	Spring
e0921_50PRr1	506213.0	1578	1319.7346778190486	6.1911884718391565	0.8616601542738606	1	50	Rhizosphere	Spring
e0922_54Dr1	406279.0	839	739.4191874232171	5.168985123562304	0.7824842206992808	1	54	Deep	Spring
e0923_54Dr2	404123.0	1275	1188.4187405413106	5.873062080822713	0.8294841495025166	1	54	Deep	Spring
e0924_55PRr1	71865.0	119	118.0008734290444	3.338050401377669	0.6996994110959314	1	55	Rhizosphere	Spring
e0925_57PRr1	249953.0	575	561.5312539513582	5.244421282818686	0.8284152243596207	1	57	Rhizosphere	Spring
e0926_57Sr2	94954.0	119	115.89376765468654	3.8890946611805397	0.8182961173619694	1	57	Surface	Spring
e0927_60Dr2	147421.0	222	218.43415438029112	4.517929494501491	0.8387528817848298	1	60	Deep	Spring
e0928_60Dr3	267243.0	312	310.39850964956173	4.667886674052423	0.8135244020024887	1	60	Deep	Spring
e683_T4PRr1	545420.0	3264	2339.5629090356606	5.978007521513599	0.770588263555329	2	4	Rhizosphere	Summer
e695_T6Dr2	299544.0	2571	2171.0116031497514	6.470197825781866	0.8421503558942266	2	6	Deep	Summer
e705_T5PRr1	301075.0	3069	2628.42970723288	6.624019206265058	0.8412369639045095	2	5	Rhizosphere	Summer
e707_T7Dr3	570327.0	1780	1610.7497526606262	6.371353107083361	0.862806134961644	2	7	Deep	Summer
e717_T6PRr3	1068.0	60		3.525146189555111		2	6	Rhizosphere	Summer
e719_T8Sr3	603513.0	3255	2460.5635144374255	6.444431474850381	0.8253472391834223	2	8	Surface	Summer
e730_T6Dr1	500407.0	2716	1978.7685523315934	6.107083485919736	0.8045979497896634	2	6	Deep	Summer
e734_T5Sr2	2054565.0	4918	3150.1890433912545	6.851718042718234	0.8505937717198375	2	5	Surface	Summer
e740_T6Sr3	1406593.0	2232	1365.1566784692077	5.448867138823008	0.7547927217944296	2	6	Surface	Summer
e744_T8PRr3	619986.0	3341	2551.141919905825	6.645597948666233	0.847188537053308	2	8	Rhizosphere	Summer
e753_T4Sr1	226775.0	1810	1677.3479147724586	6.491502375118535	0.8742800404588978	2	4	Surface	Summer
e756_T2PRr3	662013.0	2837	1986.5296965692621	6.155972078635656	0.8106208749266661	2	2	Rhizosphere	Summer
e758_T7PRr3	573620.0	3086	2276.808456175581	6.442343219426262	0.8333637238674995	2	7	Rhizosphere	Summer
e767_T1PRr3	470193.0	1982	1754.9053753936114	6.279561440931878	0.84061825343633	2	1	Rhizosphere	Summer
e768_T5Sr1	1082336.0	3354	2098.6842586538914	6.191348955145518	0.8094254970682548	2	5	Surface	Summer
e8287_F1Dr1	65186.0	1	1.0	0.0		3	1	Deep	Winter
e8288_F1Dr2	245876.0	2340	2077.1779050089167	6.346397644630438	0.8308145688460356	3	1	Deep	Winter
e8289_F1Dr3	292153.0	2493	2167.597781437506	6.559855542657439	0.8539949808754896	3	1	Deep	Winter
e8290_F1Sr1	359728.0	1930	1794.1689173523187	6.616155485309309	0.8830610042685701	3	1	Surface	Winter
e8291_F1Sr2	225120.0	2005	1811.7588530212615	6.413588113076538	0.8549110191408004	3	1	Surface	Winter
e8292_F1Sr3	20899.0	621		5.911215916780782		3	1	Surface	Winter
e8293_F1PRr1	25526.0	730	729.9780680237423	6.088230158080429	0.9234364898512206	3	1	Rhizosphere	Winter
e8295_F1PRr3	106346.0	1198	1112.9014896561437	4.903465486929711	0.6990245377812916	3	1	Rhizosphere	Winter
e8296_F2Dr1	100426.0	2252	2165.1823655555268	6.9261286365005414	0.9018091514314777	3	2	Deep	Winter
e8297_F2Dr2	181585.0	2800	2613.466928448198	7.236813452523128	0.9197274100287061	3	2	Deep	Winter
e8298_F2Dr3	115610.0	2455	2361.647169244115	7.144369422560012	0.9198228407160101	3	2	Deep	Winter
e8299_F2Sr1	126413.0	2237	2123.806924159536	6.788314719816873	0.8860912819508359	3	2	Surface	Winter
e8300_F2Sr2	117996.0	2179	2077.8525535569656	6.661112141842944	0.8719771538148954	3	2	Surface	Winter
e8301_F2Sr3	84084.0	1983	1923.1320150054928	6.852467736698371	0.9062060539020086	3	2	Surface	Winter
e8302_F2PRr1	71876.0	528	509.1382774136055	2.6798599938245395	0.4299663945549768	3	2	Rhizosphere	Winter
e8303_F2PRr2	82212.0	1460	1428.403554134844	6.5031814743518	0.8952232288749524	3	2	Rhizosphere	Winter
e8304_F2PRr3	92968.0	1565	1523.7714150587037	6.4112917258281374	0.874790687137793	3	2	Rhizosphere	Winter
e8305_F3Dr1	947140.0	3474	2765.7304503343244	7.119153105398023	0.8983090417902116	3	3	Deep	Winter
e8306_F3Dr2	604120.0	4049	3214.8687865567895	7.140723905436683	0.8842408425333002	3	3	Deep	Winter
e8307_F3Dr3	559759.0	3538	2970.560858458933	7.1273780483423685	0.891311530203513	3	3	Deep	Winter
e8308_F3Sr1	442560.0	2692	2384.511833509982	6.945957070229073	0.8931696837133201	3	3	Surface	Winter
e8309_F3Sr2	411830.0	3648	2951.9595318623174	6.912840205108149	0.8651622022743867	3	3	Surface	Winter
e8310_F3Sr3	596714.0	2873	2506.203973458068	6.953969197681026	0.8885130525584705	3	3	Surface	Winter
e8311_F3PRr1	242775.0	2938	2481.8304464009166	6.605637711685087	0.8450617350201197	3	3	Rhizosphere	Winter
e8312_F3PRr2	245510.0	1963	1606.8635661371382	5.302821289750362	0.7183409566903755	3	3	Rhizosphere	Winter
e8313_F4Dr1	88184.0	1676	1611.5053146155997	6.437322179786885	0.8716842828038391	3	4	Deep	Winter
e8314_F4Dr2	142014.0	2106	1939.1402652329903	6.360894407673388	0.8402766730181954	3	4	Deep	Winter
e8315_F4Sr1	99243.0	2068	1962.113646686477	6.871565640237848	0.9063264628555586	3	4	Surface	Winter
e8316_F4Sr2	39522.0	1191	1181.054933203423	6.406415989079419	0.9056075879082666	3	4	Surface	Winter
e8317_F4Sr3	134267.0	2449	2254.508798220459	6.938356820748535	0.8986708645161824	3	4	Surface	Winter
e8318_F4PRr1	130184.0	1803	1674.215293098853	6.569072581808457	0.8849500494554395	3	4	Rhizosphere	Winter
e8319_F4PRr2	54274.0	1122	1102.6702069116998	6.209931051310241	0.8864377896093922	3	4	Rhizosphere	Winter
e8320_F5Dr2	86938.0	1424	1394.1955027795143	6.652942495018957	0.9189054659583406	3	5	Deep	Winter
e8321_F5Dr3	70801.0	1200	1180.5816059390847	6.39577054387489	0.9041539859119903	3	5	Deep	Winter
e8322_F5Sr1	157478.0	2301	2092.0146495082176	6.6515552879116155	0.8699525532529448	3	5	Surface	Winter
e8323_F5Sr2	165773.0	2030	1859.2651709791924	6.388447602397637	0.8486319592589778	3	5	Surface	Winter
e8324_F5Sr3	174865.0	2213	1983.3847164305148	6.321674608681908	0.8326143634403598	3	5	Surface	Winter
e8325_F5PRr2	70036.0	1341	1303.0579229091397	5.871814693151994	0.8186601669369874	3	5	Rhizosphere	Winter
e8326_F6Dr1	418339.0	3270	2569.3134043692	6.7245079362160585	0.856473124340532	3	6	Deep	Winter
e8327_F6Sr1	523646.0	852	796.2533047747196	5.973193200674619	0.8942016616636449	3	6	Surface	Winter
e8328_F6Sr2	533756.0	2225	1984.6985354518763	6.471422744860152	0.852263042015761	3	6	Surface	Winter
e8329_F6Sr3	790945.0	1924	1697.4335222342609	6.3955701810602665	0.8599811294423004	3	6	Surface	Winter
e8330_F6PRr1	310850.0	2513	2038.956686685709	6.386883712557067	0.8381524286957587	3	6	Rhizosphere	Winter
e8331_F6PRr2	293785.0	2907	2492.904579753214	6.882426032013422	0.8799701684534371	3	6	Rhizosphere	Winter
e8332_F6PRr3	383731.0	2117	1714.444476585652	6.119363420495223	0.8217391290421266	3	6	Rhizosphere	Winter
e8333_F7Dr1	416799.0	2268	1904.4286000399356	6.17189943196058	0.8172604181949313	3	7	Deep	Winter
e8334_F7Dr2	278908.0	2343	1980.884151267445	6.469298411233001	0.8521991798618375	3	7	Deep	Winter
e8335_F7Dr3	429300.0	2688	2211.5788536492128	6.448746944673476	0.8373406223583404	3	7	Deep	Winter
e8336_F7Sr1	320810.0	2238	1864.108774844597	6.17184993563639	0.819576190902223	3	7	Surface	Winter
e8337_F7Sr2	299452.0	2179	1818.2561517129639	6.189365727125422	0.8246293941166104	3	7	Surface	Winter
e8338_F7Sr3	386671.0	2463	1928.220356169628	6.1057662722934065	0.8071762998104048	3	7	Surface	Winter
e8339_F7PRr1	465559.0	3043	2316.882491363321	6.364723358644341	0.8214689712527319	3	7	Rhizosphere	Winter
e8340_F7PRr2	302418.0	2290	1800.344152336836	5.830964016593829	0.7779044320540852	3	7	Rhizosphere	Winter
e8341_F7PRr3	274655.0	2660	2205.3943159095893	6.087646349789044	0.7907408671934285	3	7	Rhizosphere	Winter
e8342_F8Dr1	582742.0	1167	1039.818131803381	5.443439816303424	0.7835894154937398	3	8	Deep	Winter
e8343_F8Dr2	562919.0	1685	1463.0591123238685	5.835792572712949	0.8007086343073164	3	8	Deep	Winter
e8344_F8Dr3	862464.0	1109	1011.4247772544857	5.892220339894791	0.8515858019509559	3	8	Deep	Winter
e8345_F8Sr1	970816.0	1862	1665.4240009325767	6.426258570166433	0.8663253561620371	3	8	Surface	Winter
e8346_F8Sr2	557980.0	1364	1254.0014110945303	6.086143499258211	0.8531066141168918	3	8	Surface	Winter
e8347_F8Sr3	525361.0	1943	1718.1455397755299	6.162678706844186	0.827316154347082	3	8	Surface	Winter
e8348_F8PRr1	195828.0	2803	2479.995031489253	6.852190136300716	0.8766862538489085	3	8	Rhizosphere	Winter
e8349_F8PRr2	194259.0	2313	2043.1804479984332	6.695626795343707	0.8784303125193283	3	8	Rhizosphere	Winter
e8350_F8PRr3	385437.0	3385	2674.531299643061	6.942744456115848	0.8797717246922975	3	8	Rhizosphere	Winter
e8351_F9Dr1	293173.0	2031	1740.212031362098	5.716951942602005	0.766166457369529	3	9	Deep	Winter
e8352_F9Dr2	570537.0	2476	2047.0377207858712	6.183114651941572	0.8109907927464508	3	9	Deep	Winter
e8353_F9Dr3	808904.0	1668	1425.2361666164913	5.549197696285843	0.7641320266105851	3	9	Deep	Winter
e8354_F9Sr1	337605.0	2302	1914.2483686290277	5.837292016567195	0.7724268849066286	3	9	Surface	Winter
e8355_F9Sr2	366893.0	2508	2000.5462668452037	5.867466151809079	0.7719156213188497	3	9	Surface	Winter
e8356_F9Sr3	344643.0	2127	1769.434174567416	5.776572068735961	0.7724326601568737	3	9	Surface	Winter
e8357_F9PRr1	235844.0	1029	815.7545069800635	3.5140603743704446	0.5241648124128179	3	9	Rhizosphere	Winter
e8358_F9PRr2	118884.0	830	747.0772150199545	3.955273309187037	0.5978193090635232	3	9	Rhizosphere	Winter
e8359_F9PRr3	140418.0	1053	941.4538964827244	4.678185806416517	0.6832036199969034	3	9	Rhizosphere	Winter
e8360_F10Dr1	395144.0	1836	1495.1333773142965	5.2900566686487585	0.723676863780214	3	10	Deep	Winter
e8361_F10Dr2	392740.0	1785	1546.4214777102343	5.578415757008561	0.7596193548088199	3	10	Deep	Winter
e8362_F10Dr3	895184.0	1494	1016.913913833277	5.356137435626536	0.7735021986533777	3	10	Deep	Winter
e8363_F10Sr1	468163.0	2054	1742.319278026134	5.89620230054602	0.7900608452366087	3	10	Surface	Winter
e8364_F10Sr2	502953.0	3266	2496.2050058155055	6.25467469240305	0.7995721592853204	3	10	Surface	Winter
e8365_F10Sr3	377127.0	2672	2141.40157899326	6.015239516408201	0.7843356666685675	3	10	Surface	Winter
e8366_F10PRr1	163550.0	974	856.4582326190928	4.810205563573631	0.7123269768345954	3	10	Rhizosphere	Winter
e8367_F10PRr2	304503.0	1821	1471.9428089868861	5.38693908473365	0.7385096160062786	3	10	Rhizosphere	Winter
e8368_F11Dr1	491207.0	3353	2569.471761165592	6.637360702246734	0.8453669009369615	3	11	Deep	Winter
e8369_F11Dr2	567856.0	3129	2400.5403603824107	6.398360574075125	0.8220469432048478	3	11	Deep	Winter
e8370_F11Dr3	662151.0	3287	2494.934696302733	6.463790530876939	0.8263584497042568	3	11	Deep	Winter
e8371_F11Sr1	217217.0	631	541.9252051783217	3.5971559076439235	0.5714190261135887	3	11	Surface	Winter
e8372_F11Sr2	1590916.0	1637	1413.8335848409245	6.265196067235664	0.8636812955785746	3	11	Surface	Winter
e8373_F11Sr3	618608.0	1652	1469.8149970060222	6.131616795190273	0.840766179859632	3	11	Surface	Winter
e8374_F1PRr2	68130.0	914	888.0267050400278	4.980954308057395	0.7336799198488265	3	1	Rhizosphere	Winter
e8375_F11PRr1	295163.0	2417	1987.953924568586	6.3611998202542965	0.8375663022959436	3	11	Rhizosphere	Winter
e8376_F12Sr3	341036.0	2375	2015.8098005487836	6.311272943894253	0.82947279717905	3	12	Surface	Winter
e8377_F13Sr2	432646.0	1809	1613.1075990473803	6.165450061262897	0.8347574725509743	3	13	Surface	Winter
e8378_F14Sr1	348877.0	1798	1584.2331712659486	6.046326977271598	0.8206359040689476	3	14	Surface	Winter
e8379_F15Dr3	199851.0	1604	1420.1289285792689	6.025746144150158	0.8301637669536087	3	15	Deep	Winter
e8380_F16Dr2	199855.0	2086	1858.8081927581538	6.283519221629979	0.8347206845507307	3	16	Deep	Winter
e8381_F17Dr1	1009475.0	2678	1947.2409273395563	5.697296147281195	0.7522008476999995	3	17	Deep	Winter
e8382_F17PRr3	116812.0	1277	1185.761749400173	5.977576571372815	0.8445122592316131	3	17	Rhizosphere	Winter
e8383_F18PRr2	659928.0	2306	1559.605246090504	3.3232113382622934	0.4520030402977763	3	18	Rhizosphere	Winter
e8384_F19PRr1	149999.0	858	788.7519151947984	5.241095241784358	0.7857181741108948	3	19	Rhizosphere	Winter
e8385_F20Sr3	335302.0	1741	1569.3132677087503	6.165247907031329	0.8378524464914902	3	20	Surface	Winter
e8386_F21Sr2	297009.0	877	657.9138983208109	4.188383696663767	0.6454516703049512	3	21	Surface	Winter
e8387_F11PRr2	367593.0	2839	2233.0234335225177	6.338971575481943	0.8220567648746662	3	11	Rhizosphere	Winter
e8388_F12PRr1	175452.0	1715	1519.1080707455305	5.936310950256849	0.8103206778426003	3	12	Rhizosphere	Winter
e8389_F13Sr3	437309.0	2369	1991.3042331694146	6.3273096984030825	0.8329193887415522	3	13	Surface	Winter
e8390_F14Sr2	134620.0	1626	1491.7647880616414	6.081328959188183	0.8321792598196843	3	14	Surface	Winter
e8391_F15Sr1	69531.0	1084	1050.2098960927817	6.007258826871896	0.8635157026608502	3	15	Surface	Winter
e8392_F16Dr3	423880.0	2618	2179.9487190015097	6.380194930891783	0.829991924898607	3	16	Deep	Winter
e8393_F17Dr2	349658.0	2746	2292.338668431599	6.751727890678164	0.8726175290430268	3	17	Deep	Winter
e8394_F18Dr1	602210.0	1958	1743.3348785871906	6.517490617936655	0.8732421055094444	3	18	Deep	Winter
e8395_F18PRr3	609880.0	1303	903.9995741658907	2.6209037954712056	0.3850403525754895	3	18	Rhizosphere	Winter
e8396_F19PRr2	240223.0	1135	985.2287752687298	5.124285224197071	0.7434178135772351	3	19	Rhizosphere	Winter
e8397_F20PRr1	426599.0	2404	2066.0563660966136	6.543031419071071	0.8571585464945105	3	20	Rhizosphere	Winter
e8398_F21Sr3	292019.0	1679	1341.9105676796974	4.982208031670717	0.6917956159919473	3	21	Surface	Winter
e8399_F11PRr3	563387.0	2122	1561.7321252109025	5.759239303010701	0.7831916095015373	3	11	Rhizosphere	Winter
e8400_F12PRr2	113346.0	1535	1427.86680385316	6.015526265978221	0.828135813768379	3	12	Rhizosphere	Winter
e8401_F13PRr1	131374.0	1537	1432.3180174380648	5.7764309862173056	0.794879829021531	3	13	Rhizosphere	Winter
e8402_F14Sr3	240291.0	2022	1697.3280834650047	6.118858921274505	0.822779988424064	3	14	Surface	Winter
e8403_F15Sr2	112093.0	1068	994.9389277515463	5.6153417196282005	0.8135015119365048	3	15	Surface	Winter
e8404_F16Sr1	310310.0	2873	2414.7002920894374	6.707315124341131	0.8610900721776895	3	16	Surface	Winter
e8405_F17Dr3	524932.0	2425	2123.7958481038154	6.792794986789882	0.8866767030946948	3	17	Deep	Winter
e8406_F18Dr2	591644.0	1393	1258.2368558665323	6.100902656100494	0.8547714354659153	3	18	Deep	Winter
e8407_F19Dr1	959051.0	1950	1626.5886299790704	6.123336013993772	0.828122405932557	3	19	Deep	Winter
e8408_F19PRr3	133484.0	894	827.113520711791	5.121458365997451	0.7623552572050132	3	19	Rhizosphere	Winter
e8409_F20PRr2	665373.0	2711	2205.9341612873736	6.546054778946319	0.8502577480345662	3	20	Rhizosphere	Winter
e8410_F21PRr1	68085.0	629	611.8944929709844	4.275887378394659	0.6663831499529271	3	21	Rhizosphere	Winter
e8411_F12Dr1	337470.0	3822	3152.9693216571654	7.288910555371273	0.9047691338314984	3	12	Deep	Winter
e8412_F12PRr3	160699.0	900	788.5945279052889	4.587283094607073	0.6877225778546655	3	12	Rhizosphere	Winter
e8413_F13PRr2	143880.0	1271	1161.910632611883	5.53904686353876	0.7848097653616447	3	13	Rhizosphere	Winter
e8414_F14PRr1	51655.0	649	636.415090944355	5.232710635594185	0.8105377010966798	3	14	Rhizosphere	Winter
e8415_F15Sr3	243728.0	1631	1397.5736842123652	5.702401159119445	0.7873533622646401	3	15	Surface	Winter
e8416_F16Sr2	329610.0	3128	2575.3007865961567	6.83303444755326	0.8700377707692861	3	16	Surface	Winter
e8417_F17Sr1	560472.0	1989	1748.1966814726588	6.602085046848311	0.8842464965185278	3	17	Surface	Winter
e8418_F18Dr3	446705.0	3519	2908.4285236373935	7.020586550328717	0.8802836915844949	3	18	Deep	Winter
e8419_F19Dr2	923962.0	2371	1951.4085345807232	6.333941371617521	0.8360196608786912	3	19	Deep	Winter
e8420_F20Dr1	577705.0	1379	1267.3411254175976	6.466645824962625	0.9050998923557608	3	20	Deep	Winter
e8421_F20PRr3	471970.0	2739	2267.700659449046	6.472505973742788	0.8376998407179186	3	20	Rhizosphere	Winter
e8422_F21PRr2	575564.0	3424	2603.303249011757	6.606730742788597	0.840066141018908	3	21	Rhizosphere	Winter
e8423_F12Dr2	404342.0	3837	3170.2694238173535	7.283266859084324	0.9034549328698036	3	12	Deep	Winter
e8424_F13Dr1	325171.0	2724	2238.6680044566365	6.3652297302380125	0.825191836937527	3	13	Deep	Winter
e8425_F13PRr3	177534.0	1997	1812.230498166511	6.291559938758674	0.8386159527470094	3	13	Rhizosphere	Winter
e8426_F14PRr2	86902.0	595	580.2527002195371	4.9281713389357416	0.774447937834735	3	14	Rhizosphere	Winter
e8427_F15PRr1	54675.0	604	595.3302097600521	5.13719266365216	0.8040537191597873	3	15	Rhizosphere	Winter
e8428_F16Sr3	164128.0	2209	2009.31002324142	6.67518307889394	0.8776730152921262	3	16	Surface	Winter
e8429_F17Sr2	402647.0	2685	2377.1707771737365	6.944602976800775	0.8933497656645903	3	17	Surface	Winter
e8430_F18Sr1	781948.0	2228	1886.0778801131337	6.385831111330503	0.8466740143096296	3	18	Surface	Winter
e8431_F19Dr3	647619.0	3191	2426.5216644205566	6.418152764109278	0.8234509193847469	3	19	Deep	Winter
e8432_F20Dr2	553393.0	1364	1278.1000566815103	6.546961462331367	0.9152582900578499	3	20	Deep	Winter
e8433_F21Dr1	269446.0	2227	1937.0416096696874	6.482332906401845	0.8564412560599178	3	21	Deep	Winter
e8434_F21PRr3	405949.0	2964	2378.853462140762	6.616404429665274	0.8510530242771241	3	21	Rhizosphere	Winter
e8435_F13Dr2	530623.0	3604	2668.987752645555	6.576522992929933	0.833583987634638	3	13	Deep	Winter
e8436_F14Dr1	519873.0	2750	2053.7817134208713	5.651504295122838	0.7409439726573471	3	14	Deep	Winter
e8437_F14PRr3	136444.0	846	773.3616089956041	4.777744453038076	0.7183771448176035	3	14	Rhizosphere	Winter
e8438_F15PRr2	99873.0	1046	1004.54767362658	5.704617350184582	0.8252858558887555	3	15	Rhizosphere	Winter
e8439_F16PRr1	311261.0	2760	2312.3186719160476	6.593582603739249	0.8512235283099915	3	16	Rhizosphere	Winter
e8440_F17Sr3	838920.0	2766	2329.4820737138148	6.90362023658715	0.8903989393235575	3	17	Surface	Winter
e8441_F18Sr2	753731.0	1793	1547.4708788157031	5.7208634026071365	0.7789446616904158	3	18	Surface	Winter
e8442_F19Sr1	637908.0	2992	2223.186223880353	6.151385290418565	0.7981870241345214	3	19	Surface	Winter
e8443_F20Dr3	585222.0	1970	1722.5236283068596	6.679978234213736	0.896455377850871	3	20	Deep	Winter
e8444_F21Dr2	404073.0	2526	2104.467300309042	6.473287279066651	0.8459803376232459	3	21	Deep	Winter
e8445_F22Dr1	504875.0	1862	1660.137542548283	6.3255621954533785	0.8531161016284287	3	22	Deep	Winter
e8446_F13Dr3	497692.0	3693	2778.2495054972765	6.348681169136964	0.8006330857621455	3	13	Deep	Winter
e8447_F14Dr2	631428.0	3976	2885.729367557633	6.279422048932248	0.7881262719469482	3	14	Deep	Winter
e8448_F15Dr1	185203.0	1609	1435.2865573641304	5.889602072791014	0.8102221775120937	3	15	Deep	Winter
e8449_F15PRr3	83317.0	838	808.8002345533464	5.351803094461236	0.7993072308699312	3	15	Rhizosphere	Winter
e8450_F16PRr2	220294.0	2166	1876.6713549393933	6.193195797140825	0.8216778991981684	3	16	Rhizosphere	Winter
e8451_F17PRr1	173549.0	1390	1249.8566988868124	5.8474900042265725	0.8200346349428531	3	17	Rhizosphere	Winter
e8452_F18Sr3	1078208.0	2446	2014.4375579832617	6.399318614042685	0.8411196699161595	3	18	Surface	Winter
e8453_F19Sr2	683217.0	3086	2270.2674015080884	6.040947944727193	0.7817312736068259	3	19	Surface	Winter
e8454_F21Dr3	527574.0	2729	2209.495338253583	6.555344177001734	0.8512859748765358	3	21	Deep	Winter
e8455_F22Dr2	421545.0	1667	1464.4327734369704	6.087771093191418	0.8351741845626761	3	22	Deep	Winter
e8456_F12Sr2	403346.0	3097	2435.4973908427746	6.502260163113076	0.8338469235222035	3	12	Surface	Winter
e8457_F13Sr1	1008371.0	1243	1111.3148130282225	5.977393855345067	0.8522941574237575	3	13	Surface	Winter
e8458_F14Dr3	670883.0	2592	2090.1335111133635	6.2392242749255225	0.8161200740734239	3	14	Deep	Winter
e8459_F15Dr2	85453.0	1428	1372.772413859877	6.292499429906409	0.8709838884818456	3	15	Deep	Winter
e8460_F16Dr1	169939.0	1790	1611.99653268246	5.8434423240808515	0.7912337592219467	3	16	Deep	Winter
e8461_F16PRr3	160856.0	1952	1753.7828448943885	6.388232783446975	0.855238880610407	3	16	Rhizosphere	Winter
e8462_F17PRr2	223165.0	1759	1526.1270105389153	6.098805898323352	0.8319781074261526	3	17	Rhizosphere	Winter
e8463_F18PRr1	522502.0	1125	801.9655305875824	2.5816714080443948	0.3860693990169586	3	18	Rhizosphere	Winter
e8464_F19Sr3	536547.0	2819	2335.420550821497	6.445050564535267	0.830981741803622	3	19	Surface	Winter
e8465_F20Sr2	418757.0	2136	1832.0961569274843	6.346236309531261	0.8446764053002831	3	20	Surface	Winter
e8466_F21Sr1	240708.0	1344	1119.4265599374003	4.79089896557724	0.6824086526653398	3	21	Surface	Winter
e8467_F22Dr3	894997.0	803	724.5580121394121	5.32087230455835	0.807960268461595	3	22	Deep	Winter
e8468_F22Sr1	174786.0	312	305.85921610588616	4.546169831876116	0.7943509703202308	3	22	Surface	Winter
e8469_F23Dr3	686489.0	4081	2986.174556528277	6.943156557974603	0.86770492907032	3	23	Deep	Winter
e8470_F24Dr2	374032.0	2441	1922.751417564256	5.918152156319871	0.782667777171492	3	24	Deep	Winter
e8471_F25Dr1	380004.0	1872	1533.1353999790683	5.539841872429121	0.7552541042561692	3	25	Deep	Winter
e8472_F25PRr3	149984.0	737	655.7396619498518	3.956138191127242	0.6099725923660199	3	25	Rhizosphere	Winter
e8473_F26PRr2	242864.0	1791	1545.0233548179444	5.664903071839975	0.7714914562588338	3	26	Rhizosphere	Winter
e8474_F27PRr1	177847.0	661	584.7482497911225	4.128638300376758	0.6480176961152524	3	27	Rhizosphere	Winter
e8475_F28Sr3	713014.0	3676	2905.8058714448957	6.818967673197176	0.8551002210870849	3	28	Surface	Winter
e8476_F29Sr2	233382.0	1341	1099.697612857738	4.991050680732866	0.71272311572329	3	29	Surface	Winter
e8477_F30Sr1	250273.0	2227	1858.0815774965708	6.123108802711523	0.813453555123462	3	30	Surface	Winter
e8478_F32Dr2	740745.0	1804	1589.885191372773	6.265656722411214	0.8499935154091584	3	32	Deep	Winter
e8479_F22Sr2	308116.0	1873	1702.2155626201238	6.319931402018655	0.8494890028142208	3	22	Surface	Winter
e8480_F23Sr1	437269.0	3049	2451.425482892726	6.649017288560778	0.8519547973299002	3	23	Surface	Winter
e8481_F25Dr2	390311.0	2058	1659.5836078391335	5.9242686274515854	0.7990303925935679	3	25	Deep	Winter
e8482_F26Dr1	294032.0	2673	2259.117870431022	6.584801251317461	0.8526520431073482	3	26	Deep	Winter
e8483_F26PRr3	243206.0	1796	1532.4210768819335	5.678257555773629	0.7741736877092062	3	26	Rhizosphere	Winter
e8484_F27PRr2	337508.0	600	475.85529005003605	3.2904077299657732	0.5337140301225217	3	27	Rhizosphere	Winter
e8485_F28PRr1	311684.0	1796	1463.1533242028906	5.884334994150269	0.8073618367195092	3	28	Rhizosphere	Winter
e8486_F29Sr3	212847.0	1255	1057.3147610254064	4.879690687812246	0.7007538288180074	3	29	Surface	Winter
e8487_F30Sr2	522280.0	2312	1898.5390950740846	6.220382117596909	0.8240182783858371	3	30	Surface	Winter
e8488_F32Dr3	592796.0	1869	1679.5988902824604	6.351686901504771	0.8552951136013462	3	32	Deep	Winter
e8489_F22Sr3	407409.0	1890	1715.4071903423876	6.4159069552939965	0.8614955545447361	3	22	Surface	Winter
e8490_F23Sr2	492295.0	3251	2617.6335002953792	6.737943904231932	0.856152692737605	3	23	Surface	Winter
e8491_F24Sr1	158028.0	1501	1332.5528424682814	5.419276377652483	0.753215843680966	3	24	Surface	Winter
e8492_F25Dr3	178916.0	1372	1240.7685273871969	5.704637438315713	0.8008210082395887	3	25	Deep	Winter
e8493_F27Dr1	401130.0	2698	2174.8562228802607	6.682140384351803	0.869536204992842	3	27	Deep	Winter
e8494_F27PRr3	393153.0	838	655.4460064578182	3.807569831222466	0.5871062986656639	3	27	Rhizosphere	Winter
e8495_F28PRr2	131275.0	633	568.6179314938473	3.998305581489169	0.6303285527191704	3	28	Rhizosphere	Winter
e8496_F29PRr1	84038.0	327	311.1562619899142	4.112700328645942	0.7164614639968483	3	29	Rhizosphere	Winter
e8497_F30Sr3	220226.0	2504	2194.346866044273	6.521559480754247	0.847655948692484	3	30	Surface	Winter
e8498_F31Sr2	134337.0	1531	1432.7056926060015	6.245984919003168	0.8594619329736761	3	31	Surface	Winter
e8499_F32Sr1	742902.0	2409	1952.1355825398514	6.241930130596004	0.8238345516579937	3	32	Surface	Winter
e8500_F22PRr1	328520.0	2083	1835.9607538648802	6.27945421835932	0.8355534493161653	3	22	Rhizosphere	Winter
e8501_F23Sr3	448322.0	3319	2659.8769631136465	6.7693961752670555	0.8584029933593265	3	23	Surface	Winter
e8502_F24Sr2	178574.0	1608	1407.894575649463	5.263419787483615	0.726003891017018	3	24	Surface	Winter
e8503_F25Sr1	266228.0	1064	854.8287436565525	3.969574866681631	0.5880066644489408	3	25	Surface	Winter
e8504_F26Dr3	254216.0	2595	2227.2140804657774	6.618670829016614	0.8586190565131288	3	26	Deep	Winter
e8505_F27Dr2	216503.0	1023	909.8959160405602	5.054707635682223	0.7418850218884165	3	27	Deep	Winter
e8506_F28Dr1	1437718.0	5242	3168.6454963424876	6.805318455678115	0.844221341669532	3	28	Deep	Winter
e8507_F28PRr3	210708.0	1766	1529.2055628889798	6.069609326883887	0.8277676527987204	3	28	Rhizosphere	Winter
e8508_F29PRr2	85520.0	256	243.79350334047467	3.7685637097282125	0.6856519696462003	3	29	Rhizosphere	Winter
e8509_F30PRr1	284720.0	1790	1567.7744460808628	6.016508988066004	0.817747967365249	3	30	Rhizosphere	Winter
e8510_F31Sr3	201462.0	1821	1624.010046281849	6.071070626442365	0.821230219512097	3	31	Surface	Winter
e8511_F32Sr2	600235.0	2254	1886.622219660789	6.309298834110476	0.8364948749089345	3	32	Surface	Winter
e8512_F22PRr2	208547.0	1714	1551.1134221857164	6.095095760151405	0.8296340248948733	3	22	Rhizosphere	Winter
e8513_F23PRr1	227917.0	1535	1323.2283502548564	5.837329198542735	0.8121128910845411	3	23	Rhizosphere	Winter
e8514_F24Sr3	347308.0	2294	1861.0065115112584	5.735249253859193	0.7617673242807912	3	24	Surface	Winter
e8515_F25Sr2	260170.0	1033	841.675142243239	4.082667224428819	0.606151199155203	3	25	Surface	Winter
e8516_F26Sr1	292811.0	1943	1691.6515091250621	5.998872611977517	0.807009409349596	3	26	Surface	Winter
e8518_F28Dr2	649278.0	4266	3033.3593955122074	6.923106802026986	0.8635074156863729	3	28	Deep	Winter
e8519_F29Dr1	249839.0	2194	1884.3343119380586	6.389594454320556	0.8472768795121052	3	29	Deep	Winter
e8520_F29PRr3	116976.0	279	265.27581131376456	3.7338773730016346	0.6690613155609761	3	29	Rhizosphere	Winter
e8521_F30PRr2	172981.0	1673	1522.0554923298457	6.269607786038633	0.8555901147421909	3	30	Rhizosphere	Winter
e8522_F31PRr1	157247.0	748	685.5920695626113	4.834535635095026	0.7403256157673548	3	31	Rhizosphere	Winter
e8523_F32Sr3	829011.0	2881	2089.630610405517	6.238409442120984	0.8160391759940464	3	32	Surface	Winter
e8524_F22PRr3	432646.0	2429	2079.11315822782	6.421682674794978	0.8405677494675351	3	22	Rhizosphere	Winter
e8525_F23PRr2	134329.0	1210	1122.5832604483574	5.767283307582305	0.8211540469095927	3	23	Rhizosphere	Winter
e8526_F24PRr1	127009.0	1104	1026.5549355252615	5.011926087826236	0.7228082330445457	3	24	Rhizosphere	Winter
e8527_F25Sr3	309854.0	1389	1077.8362328072556	4.248448278115715	0.6084239181926172	3	25	Surface	Winter
e8528_F27Sr1	215300.0	1208	1024.2535343082125	4.426932375132058	0.6386485287004837	3	27	Surface	Winter
e8529_F28Dr3	372938.0	3362	2699.1509727602793	6.910113448850079	0.8746212318554691	3	28	Deep	Winter
e8530_F29Dr2	326258.0	2603	2117.253239286594	6.381206733214621	0.8332868881272176	3	29	Deep	Winter
e8531_F30Dr1	428124.0	1685	1505.323610759025	6.155172392970754	0.841242533532052	3	30	Deep	Winter
e8532_F30PRr3	148662.0	1532	1414.938164881353	6.033373947388484	0.831634195210394	3	30	Rhizosphere	Winter
e8533_F31PRr2	156026.0	797	731.6946590718526	5.058660807257511	0.7670026018823317	3	31	Rhizosphere	Winter
e8534_F32PRr1	474513.0	1507	1200.2783589114315	5.52485947035917	0.7792128165311136	3	32	Rhizosphere	Winter
e8535_F23Dr1	350095.0	3181	2579.8512483458453	6.784856155857501	0.8637091676286766	3	23	Deep	Winter
e8536_F23PRr3	153645.0	1423	1288.8841546454632	6.027462031433411	0.841644207531945	3	23	Rhizosphere	Winter
e8537_F24PRr2	248430.0	1704	1478.6831401523355	5.888930037197839	0.8068235251416886	3	24	Rhizosphere	Winter
e8538_F25PRr1	302188.0	841	671.4688326358279	3.7335552802967893	0.5735577023378623	3	25	Rhizosphere	Winter
e8539_F26Sr3	336998.0	2177	1839.2358655236972	6.14104556397982	0.816942849255833	3	26	Surface	Winter
e8540_F27Sr2	153030.0	1307	1166.2546165378806	5.100275773618512	0.7222598177257271	3	27	Surface	Winter
e8541_F28Sr1	1098133.0	4979	2882.228003099248	6.384911568300455	0.8014883234631863	3	28	Surface	Winter
e8542_F29Dr3	282605.0	2147	1804.4959350380514	6.263467854048109	0.8353477332905004	3	29	Deep	Winter
e8543_F30Dr2	814785.0	2614	2006.1024061128448	6.180582320848918	0.8128121725867753	3	30	Deep	Winter
e8544_F31Dr1	234547.0	1466	1246.9962704082345	5.057803314179503	0.7095192975896406	3	31	Deep	Winter
e8545_F31PRr3	122467.0	728	690.5826966816854	5.201264994368261	0.7956002398841778	3	31	Rhizosphere	Winter
e8546_F32PRr2	392265.0	1565	1310.228993639534	5.779355569895204	0.8051532496863217	3	32	Rhizosphere	Winter
e8547_F23Dr2	286765.0	3003	2511.5511364620747	6.805918385213067	0.869359764728568	3	23	Deep	Winter
e8548_F24Dr1	318186.0	2214	1819.2947071540186	5.914521141616757	0.7879510067491854	3	24	Deep	Winter
e8549_F24PRr3	143523.0	1212	1122.8560279549965	5.631030282209782	0.8017264130036232	3	24	Rhizosphere	Winter
e8550_F25PRr2	335937.0	900	720.0589288455504	3.873487535690739	0.5887355912422	3	25	Rhizosphere	Winter
e8551_F26PRr1	233612.0	1720	1468.2208941150375	5.420682174859379	0.7433935675574046	3	26	Rhizosphere	Winter
e8552_F27Sr3	210142.0	1509	1292.4292086631883	4.997269345993437	0.697525802912909	3	27	Surface	Winter
e8553_F28Sr2	259233.0	2418	2114.5556923031954	6.475722997484421	0.8457700548337019	3	28	Surface	Winter
e8554_F29Sr1	245503.0	1284	1069.8855035672793	5.049752216116348	0.7239469570488689	3	29	Surface	Winter
e8555_F30Dr3	578935.0	2646	2020.4401481732161	5.985407026984663	0.7864080223337738	3	30	Deep	Winter
e8556_F31Dr2	458348.0	1702	1272.5890236213766	4.6423905267627745	0.6493935868119123	3	31	Deep	Winter
e8557_F32Dr1	481265.0	1892	1651.7656768624431	6.198962478144205	0.8366122858009156	3	32	Deep	Winter
e8558_F32PRr3	686925.0	1690	1287.9461033863222	5.274097894642022	0.7365231404203707	3	32	Rhizosphere	Winter
e8559_F33Dr1	269610.0	2067	1819.5355285321027	6.233186017721102	0.8303898954815392	3	33	Deep	Winter
e8560_F33PRr3	292025.0	1359	1194.7016679990932	5.799703792594429	0.8185138037010389	3	33	Rhizosphere	Winter
e8561_F34PRr2	289314.0	1991	1697.2360121069157	6.056502110979083	0.814401042724574	3	34	Rhizosphere	Winter
e8562_F35PRr1	267913.0	1549	1336.3943738995915	5.905883249190334	0.8205201971251159	3	35	Rhizosphere	Winter
e8563_F37Sr2	426334.0	1815	1617.6919041719916	6.159823812924859	0.8336753974389628	3	37	Surface	Winter
e8564_F38Sr1	577345.0	3083	2182.858058294091	6.092076822254023	0.7923735084148196	3	38	Surface	Winter
e8565_F39Dr3	796719.0	1934	1438.7908396362964	5.6598609280748695	0.7783559808557318	3	39	Deep	Winter
e8566_F40Dr2	630082.0	2352	1742.7258406483857	5.780331172818088	0.774510494957906	3	40	Deep	Winter
e8567_F42PRr2	180721.0	1116	983.5402341672382	5.221245249529079	0.7576730697101549	3	42	Rhizosphere	Winter
e8568_F33Dr2	496076.0	3088	2471.9669448665904	6.826790573199966	0.8737990567620446	3	33	Deep	Winter
e8569_F34Dr1	620398.0	2628	2013.2356897251902	6.165907088380995	0.8105038845910529	3	34	Deep	Winter
e8570_F34PRr3	232799.0	1652	1425.1246740145782	5.63120847686735	0.7754333753104544	3	34	Rhizosphere	Winter
e8571_F35PRr2	363329.0	2483	2032.6452294655935	6.585229862722615	0.8645331768777387	3	35	Rhizosphere	Winter
e8572_F36PRr1	391715.0	1603	1233.2016416176623	5.214808105357241	0.73268761046825	3	36	Rhizosphere	Winter
e8573_F37Sr3	1029512.0	2027	1758.3466834527026	6.360553600547664	0.8512370941951003	3	37	Surface	Winter
e8574_F38Sr2	934452.0	3601	2455.2693245887863	6.349300388162803	0.8133880486526313	3	38	Surface	Winter
e8575_F39Sr1	346530.0	1878	1464.8722112005787	5.2999147694736415	0.7270591722906912	3	39	Surface	Winter
e8576_F40Dr3	258240.0	1721	1539.8152785056418	5.9784720389925345	0.814570344874742	3	40	Deep	Winter
e8577_F42Dr1	487641.0	2857	2113.656798209775	6.168255888288022	0.8056576612306174	3	42	Deep	Winter
e8578_F42PRr3	353204.0	1889	1492.7698349420752	5.794478425143748	0.7928530794082115	3	42	Rhizosphere	Winter
e8579_F33Dr3	344205.0	2305	1920.4723528846694	6.063319506944005	0.8019917586265908	3	33	Deep	Winter
e8580_F34Dr2	745486.0	3138	2200.9408342428305	6.2680149876094235	0.8143832665745648	3	34	Deep	Winter
e8581_F35Dr1	522563.0	3564	2718.3850669306353	6.7635342984172375	0.8552998387939336	3	35	Deep	Winter
e8582_F35PRr3	206826.0	1986	1747.729661326664	6.374598156521747	0.853808722727923	3	35	Rhizosphere	Winter
e8583_F36PRr2	273645.0	1285	1066.9158186985014	5.188004799897926	0.744063742935264	3	36	Rhizosphere	Winter
e8584_F37PRr1	565445.0	1110	807.1681772345753	4.418218910042306	0.6600728704353679	3	37	Rhizosphere	Winter
e8585_F38Sr3	719011.0	2784	2128.8234806195974	6.250070058379808	0.8155820433840927	3	38	Surface	Winter
e8586_F39Sr2	422809.0	2130	1624.9297937892743	5.707652354274515	0.7720117133250748	3	39	Surface	Winter
e8587_F40Sr1	200089.0	1752	1534.5646882786546	5.961780075065056	0.8126742674569963	3	40	Surface	Winter
e8588_F41Dr3	322894.0	490	427.939448859928	3.721472007598349	0.6142074997312883	3	41	Deep	Winter
e8589_F42Dr2	641165.0	3909	2873.467392014344	6.912162030490024	0.8680049684085811	3	42	Deep	Winter
e8590_F43Dr1	358973.0	1418	1242.9373853438838	5.718858050203822	0.8026205287333111	3	43	Deep	Winter
e8591_F33Sr1	643126.0	2272	1978.3938917185606	6.653249116284113	0.8765762189877591	3	33	Surface	Winter
e8592_F34Dr3	551722.0	2784	2049.802568057476	6.1786952152599195	0.8102676835113578	3	34	Deep	Winter
e8593_F35Dr2	671438.0	3612	2662.29959755217	6.674006751474444	0.8462093111661687	3	35	Deep	Winter
e8594_F36Dr1	281621.0	2359	2026.205721666766	6.6646639595085535	0.8753262138999444	3	36	Deep	Winter
e8595_F36PRr3	208897.0	1428	1239.5239092156496	5.569501938348269	0.781960759936172	3	36	Rhizosphere	Winter
e8596_F37PRr2	605492.0	1217	862.9555559602843	4.151839000155828	0.6141443711365653	3	37	Rhizosphere	Winter
e8597_F38PRr1	760982.0	1963	1376.9045358654807	5.212490543157568	0.7211931304777863	3	38	Rhizosphere	Winter
e8598_F39Sr3	386390.0	1731	1357.5902966685414	5.4863777770858295	0.7605743683045766	3	39	Surface	Winter
e8599_F40Sr2	289905.0	2081	1740.892711748389	6.068786554770101	0.8132755117609027	3	40	Surface	Winter
e8600_F42Dr3	404889.0	2503	2002.9109024413085	6.363887171560989	0.8370939821599711	3	42	Deep	Winter
e8601_F43Dr2	530310.0	1850	1493.067534770072	5.471179212220639	0.7485959242977936	3	43	Deep	Winter
e8602_F33Sr2	530263.0	2260	1995.5358367605663	6.5738114591599475	0.8651268301602626	3	33	Surface	Winter
e8603_F34Sr1	383223.0	2270	1900.2727270424266	6.149611716991961	0.8145447890944905	3	34	Surface	Winter
e8604_F35Dr3	528913.0	3236	2444.290358844457	6.452299687697458	0.8270577862625628	3	35	Deep	Winter
e8605_F36Dr2	408933.0	2848	2265.953891616518	6.67715180553699	0.8642721885238177	3	36	Deep	Winter
e8606_F37Dr1	292269.0	2496	2098.0473503852195	6.359014845306724	0.8313782737225259	3	37	Deep	Winter
e8607_F37PRr3	986470.0	1875	1181.1220370341518	4.722485227602375	0.6675626614859819	3	37	Rhizosphere	Winter
e8608_F38PRr2	577462.0	1813	1338.653763069523	5.081179613171422	0.7057762710398495	3	38	Rhizosphere	Winter
e8609_F39PRr1	287978.0	1434	1146.2166923097993	4.983464398512691	0.7074541976590795	3	39	Rhizosphere	Winter
e8610_F40Sr3	300603.0	2014	1644.5742003253974	5.888892762083933	0.7952335533803432	3	40	Surface	Winter
e8611_F42Sr1	574071.0	1914	1469.7625669674846	5.467518011371851	0.7497087424558748	3	42	Surface	Winter
e8612_F43Dr3	403180.0	1638	1432.335948925807	5.601040429923301	0.7707434573489602	3	43	Deep	Winter
e8613_F33Sr3	722590.0	2221	1893.1666350413443	6.254546836397778	0.8288552503045519	3	33	Surface	Winter
e8614_F34Sr2	624185.0	3537	2503.1315558924202	6.406303474011845	0.8186657680455071	3	34	Surface	Winter
e8615_F35Sr1	1002775.0	2273	1764.904594844278	5.741674201226196	0.7680294188918476	3	35	Surface	Winter
e8616_F36Dr3	545266.0	3560	2650.094116385578	6.787595405442237	0.8611131238460266	3	36	Deep	Winter
e8617_F37Dr2	349549.0	1597	1259.3555432721957	5.262777532231746	0.7372535045741564	3	37	Deep	Winter
e8618_F38PRr3	977731.0	2061	1709.212046152065	6.122039698806918	0.8224360907538045	3	38	Rhizosphere	Winter
e8619_F40PRr1	213945.0	1823	1576.647078293827	5.968724988860361	0.8106315063008669	3	40	Rhizosphere	Winter
e8620_F42Sr2	504617.0	2150	1640.4698444433525	5.527073293260076	0.7466255479301613	3	42	Surface	Winter
e8621_F43Sr1	389433.0	1696	1289.3135910468304	4.735486598300595	0.6612085579913779	3	43	Surface	Winter
e8622_F34Sr3	609244.0	2967	2250.448918447132	6.505355251607185	0.8427843213303922	3	34	Surface	Winter
e8623_F35Sr2	574721.0	2961	2220.1361886544573	6.195777267631991	0.804090446163077	3	35	Surface	Winter
e8624_F36Sr1	542516.0	2895	1958.417447683968	5.290009042595261	0.697900318579314	3	36	Surface	Winter
e8625_F37Dr3	396325.0	2619	2134.388541567437	6.396716914983257	0.8344339612068968	3	37	Deep	Winter
e8626_F38Dr2	768512.0	2467	1956.812859724439	6.309146421605799	0.8324430934686524	3	38	Deep	Winter
e8627_F39PRr3	403843.0	2112	1600.6296669059154	5.300448086865071	0.7183977531461557	3	39	Rhizosphere	Winter
e8628_F40PRr2	158953.0	1582	1423.1721794716154	5.912112721794817	0.8142684115949897	3	40	Rhizosphere	Winter
e8629_F41PRr1	218405.0	1282	1150.0106046720757	5.811893537121632	0.8246714055376169	3	41	Rhizosphere	Winter
e8630_F42Sr3	2511514.0	3222	1920.6360474352632	5.513569501093141	0.7292684222643827	3	42	Surface	Winter
e8632_F33PRr2	256212.0	1698	1470.0258168407038	5.868719760748326	0.8047019609715047	3	33	Rhizosphere	Winter
e8633_F34PRr1	317120.0	2069	1734.1629115042651	6.064500884285026	0.8131232401517197	3	34	Rhizosphere	Winter
e8634_F35Sr3	320311.0	2133	1686.0496892426238	5.702107602628547	0.7674289895428749	3	35	Surface	Winter
e8635_F36Sr2	581456.0	3107	2401.43804738057	6.381193590432798	0.8198019882168499	3	36	Surface	Winter
e8636_F37Sr1	482119.0	2565	2026.3609386136234	6.351133115682546	0.8341391865463911	3	37	Surface	Winter
e8637_F38Dr3	549363.0	2230	1719.917029365507	5.48925336429831	0.7368094335745282	3	38	Deep	Winter
e8638_F39Dr2	601910.0	1566	1313.2292751878883	5.630681232570224	0.7841907402335859	3	39	Deep	Winter
e8639_F40Dr1	649811.0	3085	2230.236963416005	6.283889852014715	0.8150455791313687	3	40	Deep	Winter
e8640_F40PRr3	615427.0	2721	2049.9847255822774	6.131327441680252	0.8040465530366752	3	40	Rhizosphere	Winter
e8641_F41PRr2	468882.0	1286	1070.9414550123938	5.398598439477061	0.7738491095472991	3	41	Rhizosphere	Winter
e8642_F42PRr1	395478.0	1956	1585.759568050334	5.905782358916347	0.8014557724654969	3	42	Rhizosphere	Winter
e8643_F43Sr3	421758.0	2108	1690.224369341863	5.915323355637958	0.7958601531871695	3	43	Surface	Winter
e8644_F56Sr2	72658.0	53	51.804684915801815	2.5514352542420085	0.6463452315076141	3	56	Surface	Winter
e8645_F57PRr1	29725.0	519	518.7478579533354	5.334178452899562	0.8532749693177182	3	57	Rhizosphere	Winter
e8646_F58Sr3	188156.0	1569	1437.265770753485	6.191828799303711	0.8516375294909608	3	58	Surface	Winter
e8647_F59Sr2	37048.0	52	51.843439158886206	2.8076930496896377	0.7111273136155263	3	59	Surface	Winter
e8648_F60Sr1	37238.0	426	425.7693602801083	5.631379641233023	0.9302072540443246	3	60	Surface	Winter
e8650_F54PRr2	309479.0	462	424.3094744186412	4.54176949589219	0.7506482453862274	3	54	Rhizosphere	Winter
e8651_F56Sr3	10766.0	48		2.771244870366248		3	56	Surface	Winter
e8652_F57PRr2	406784.0	1114	955.6113519863653	4.487409520087912	0.6539171964977856	3	57	Rhizosphere	Winter
e8653_F58PRr1	159636.0	654	624.3896208248677	4.911621126797658	0.763056260016383	3	58	Rhizosphere	Winter
e8654_F59Sr3	19184.0	63		2.972170744529505		3	59	Surface	Winter
e8655_F60Sr2	56070.0	381	380.69274640039106	5.561241140427829	0.9359219214066531	3	60	Surface	Winter
e8656_F57Dr1	46631.0	54	52.84476971213731	2.7274187550160622	0.6874646161168714	3	57	Deep	Winter
e8657_F57PRr3	349804.0	1181	1114.4371428769227	5.662117308971684	0.8070172138585182	3	57	Rhizosphere	Winter
e8658_F58PRr2	380590.0	739	652.9945457333679	4.786682873848161	0.7385068397514867	3	58	Rhizosphere	Winter
e8659_F59PRr1	15335.0	51		2.842807547229725		3	59	Rhizosphere	Winter
e8660_F60Sr3	29637.0	196	195.96164361894245	4.857806952572922	0.9204019621896601	3	60	Surface	Winter
e8662_F58Dr1	6319.0	85		3.2418384585030626		3	58	Deep	Winter
e8663_F58PRr3	175347.0	595	559.6802203690688	4.694743653226727	0.741974458364223	3	58	Rhizosphere	Winter
e8664_F60PRr1	32618.0	219	218.68128404348604	4.644307505793448	0.8620339812144535	3	60	Rhizosphere	Winter
e8666_F60PRr2	78596.0	141	139.05712363878993	3.0379354182918608	0.6156041194821927	3	60	Rhizosphere	Winter
e8668_F59Dr2	13425.0	76		3.0995764909387065		3	59	Deep	Winter
e8669_F60PRr3	282985.0	363	345.46557363871915	3.7423318305806994	0.6402737968136137	3	60	Rhizosphere	Winter
e8670_F55Sr1	1171.0	59		3.440059676629983		3	55	Surface	Winter
e8671_F58Sr1	102606.0	536	535.0018374068284	5.939153906873768	0.9453833941362138	3	58	Surface	Winter
e8673_F57Sr3	74802.0	82	77.9937956203323	2.662406665284509	0.6111161850255603	3	57	Surface	Winter
e8674_F58Sr2	107835.0	73	67.15648662704025	2.2305188575586783	0.530189048854417	3	58	Surface	Winter
e8675_F59Sr1	85978.0	73	69.96865949418914	2.061620080739104	0.48531004406794936	3	59	Surface	Winter
e8677_F43PRr1	275336.0	1690	1477.480634503309	6.158250920743135	0.8438163748796162	3	43	Rhizosphere	Winter
e8678_F44Sr3	555124.0	1589	1375.5161278715557	5.722429581830039	0.7918581365693431	3	44	Surface	Winter
e8679_F45Sr2	316490.0	618	502.96956900480933	3.769223220636338	0.6059328419016657	3	45	Surface	Winter
e8680_F47Dr3	82873.0	581	552.909734122238	4.297217502738435	0.6804568452580488	3	47	Deep	Winter
e8681_F48Dr2	166013.0	1541	1407.1431225785484	6.008470888141205	0.8288327128843308	3	48	Deep	Winter
e8682_F49Dr1	240170.0	1099	957.324654233249	5.465084659841859	0.7961787797519191	3	49	Deep	Winter
e8683_F49PRr3	639280.0	1201	1136.6753680650463	6.173610377541944	0.8774489260270727	3	49	Rhizosphere	Winter
e8684_F50PRr2	154298.0	1825	1708.0539597141262	6.242912412053057	0.8387505277246897	3	50	Rhizosphere	Winter
e8685_F51PRr1	433747.0	1028	970.2087410617679	5.7070627972060555	0.829815116782581	3	51	Rhizosphere	Winter
e8686_F52Sr3	83012.0	52	51.17033653939085	3.6931654850560554	0.9385045297656579	3	52	Surface	Winter
e8687_F43PRr2	262580.0	1586	1384.0049489485466	5.999196028879672	0.8294503543762846	3	43	Rhizosphere	Winter
e8688_F44PRr1	226793.0	696	564.7177134331157	3.67554805256823	0.5800755929886863	3	44	Rhizosphere	Winter
e8689_F45Sr3	118003.0	1509	1435.9724445182505	5.891655258614282	0.8104513640111991	3	45	Surface	Winter
e8690_F46Sr2	58312.0	73	72.87472173159911	3.2813298747937614	0.765103148603125	3	46	Surface	Winter
e8691_F48Dr3	200289.0	536	458.48983545859835	3.952533202142188	0.6450021399104244	3	48	Deep	Winter
e8692_F49Dr2	541378.0	1549	1241.1230306398197	5.049344976992572	0.7088021675441328	3	49	Deep	Winter
e8693_F50Dr1	515008.0	1232	1154.7957409888238	5.79447650157836	0.821715891923998	3	50	Deep	Winter
e8694_F50PRr3	298579.0	1417	1227.0401930624273	5.747623204040221	0.8081175645384229	3	50	Rhizosphere	Winter
e8695_F51PRr2	378239.0	662	642.6338100831167	5.521640312327223	0.8540060646195361	3	51	Rhizosphere	Winter
e8696_F53Dr1	96844.0	46	46.0	3.223772440118486	0.8420147269667825	3	53	Deep	Winter
e8697_F43PRr3	280427.0	1334	1164.7412449801022	5.8952080130047575	0.8349852310701475	3	43	Rhizosphere	Winter
e8698_F44PRr2	248027.0	1220	1032.503147538319	5.08177734186301	0.7322718626690046	3	44	Rhizosphere	Winter
e8699_F45PRr1	216284.0	2359	2140.704302532122	6.696396691023812	0.8731898025690908	3	45	Rhizosphere	Winter
e8700_F48Sr1	213281.0	1079	943.5283747740093	4.9250574251985135	0.7190256971757713	3	48	Surface	Winter
e8701_F49Dr3	191010.0	942	841.0297407845596	4.0448252130863676	0.6006012210187943	3	49	Deep	Winter
e8702_F50Dr2	560651.0	973	917.2218769809527	5.471173988840642	0.8020662285294834	3	50	Deep	Winter
e8703_F51PRr3	382432.0	1329	1201.7006178282802	5.897574015163067	0.831640671926506	3	51	Rhizosphere	Winter
e8704_F53Dr2	101188.0	62	60.84486260815243	3.3083082958892582	0.805268904559593	3	53	Deep	Winter
e8705_F44Dr1	488710.0	1047	970.6668621177031	5.758072871519696	0.8371745905659376	3	44	Deep	Winter
e8706_F44PRr3	231073.0	654	554.5784683404704	4.072732541722008	0.6446024478390779	3	44	Rhizosphere	Winter
e8707_F45PRr2	200138.0	2285	2078.24839891099	6.613511387084749	0.8657243587535713	3	45	Rhizosphere	Winter
e8708_F47Sr3	40903.0	25	24.99999999999981	2.6796441065151626	0.832478247782326	3	47	Surface	Winter
e8709_F48Sr2	104631.0	792	750.9156213132363	5.1829305618681465	0.7827671022256882	3	48	Surface	Winter
e8710_F49Sr1	326946.0	1005	777.4049299417279	4.511800938271897	0.6778586434415591	3	49	Surface	Winter
e8711_F50Dr3	645115.0	1431	1296.5200228041836	5.5198126464446755	0.7701234163304209	3	50	Deep	Winter
e8712_F53Dr3	302726.0	280	272.7819587684067	4.8723800808083535	0.868722470187778	3	53	Deep	Winter
e8713_F44Dr2	507202.0	986	919.6512815928129	5.933385440288404	0.86948859516417	3	44	Deep	Winter
e8714_F45Dr1	403814.0	2121	1754.4783834905077	5.987744626326704	0.8015800859974965	3	45	Deep	Winter
e8715_F45PRr3	231644.0	2652	2381.8242399879923	6.805622286030393	0.8752511787022418	3	45	Rhizosphere	Winter
e8716_F47PRr1	79406.0	66	65.89618658543111	3.26202897137345	0.7788840053096148	3	47	Rhizosphere	Winter
e8717_F48Sr3	213663.0	977	882.5176283708802	5.194760159432858	0.7658749223737787	3	48	Surface	Winter
e8718_F49Sr2	498524.0	861	822.0846193621619	5.449427641850621	0.8119122231355705	3	49	Surface	Winter
e8719_F50Sr1	349574.0	2609	2155.890266871188	6.622251536486525	0.8627262739499072	3	50	Surface	Winter
e8720_F51Dr3	304280.0	609	581.9295550924486	5.219498393303304	0.819857356940874	3	51	Deep	Winter
e8721_F44Dr3	529574.0	2421	2022.64206352288	6.497420508656883	0.8535580708034174	3	44	Deep	Winter
e8722_F45Dr2	371060.0	2144	1829.784620556227	6.161929020055002	0.8202831637547541	3	45	Deep	Winter
e8723_F46Dr1	202959.0	1423	1299.230143463071	5.721940515696714	0.7980917540956468	3	46	Deep	Winter
e8724_F47PRr2	177909.0	121	119.60304845571488	4.061570248581411	0.8489587905102782	3	47	Rhizosphere	Winter
e8725_F48PRr1	307491.0	346	335.0755280252552	3.227521264379032	0.5550952306332101	3	48	Rhizosphere	Winter
e8726_F49Sr3	256264.0	191	188.1680026335996	4.434911438510097	0.8467877791945732	3	49	Surface	Winter
e8729_F44Sr1	525993.0	1450	1283.638215217713	5.656313835126475	0.7902690101062534	3	44	Surface	Winter
e8730_F45Dr3	250343.0	1746	1531.6609620794725	5.738693505080592	0.7824664551045587	3	45	Deep	Winter
e8731_F47Dr1	169811.0	649	570.4060883553274	4.252646063880515	0.6700933670989474	3	47	Deep	Winter
e8732_F47PRr3	126608.0	103	102.83711544902496	3.9664336229638373	0.8560993626816256	3	47	Rhizosphere	Winter
e8733_F48PRr2	356181.0	604	582.614714658922	5.595148772254913	0.878700563363117	3	48	Rhizosphere	Winter
e8734_F49PRr1	271109.0	918	891.3672297893829	5.9815017868809015	0.8805706180315478	3	49	Rhizosphere	Winter
e8735_F50Sr3	261672.0	1237	1028.8423013475908	5.113402814468296	0.7372063345045234	3	50	Surface	Winter
e8736_F52Sr1	113146.0	145	131.851837653557	3.5058505200303287	0.7181649239209635	3	52	Surface	Winter
e8737_F53Sr3	208040.0	219	205.16188172489151	4.717959326040593	0.8862015695250943	3	53	Surface	Winter
e8738_F44Sr2	555581.0	1989	1678.9345055356291	6.002911535787327	0.8083733546767387	3	44	Surface	Winter
e8739_F45Sr1	393793.0	712	540.2236574941047	3.7772646794581526	0.6003297432253952	3	45	Surface	Winter
e8740_F48Dr1	172934.0	1467	1340.2065278507198	5.745275770462928	0.7978908036995069	3	48	Deep	Winter
e8741_F48PRr3	116046.0	246	245.1651365193079	4.931092244882265	0.8962473974287501	3	48	Rhizosphere	Winter
e8742_F49PRr2	169558.0	174	172.4552187093833	4.618567637555924	0.8967852891121808	3	49	Rhizosphere	Winter
e8743_F50PRr1	210458.0	1708	1526.7657079489265	5.662393099776602	0.772400087396673	3	50	Rhizosphere	Winter
e8744_F51Sr3	234138.0	656	614.0566890484023	5.301726550025159	0.8258028812506336	3	51	Surface	Winter
e8745_F52Sr2	68412.0	125	120.42913126490292	3.8542511403605255	0.8044670631844257	3	52	Surface	Winter
e8746_F53PRr1	459016.0	1722	1458.2814900085204	5.849047752168181	0.8028876518916378	3	53	Rhizosphere	Winter
V10Dr1	853897.0	3983	3058.699101996086	6.291773184969021	0.7839488053720112	5	10	Deep	Autumn
V10PRr2	615357.0	4921	3529.8643000451084	6.28693901737721	0.7696079934558588	5	10	Rhizosphere	Autumn
V11Dr3	739633.0	5220	3831.8030611842614	7.349755497271334	0.8907616853111392	5	11	Deep	Autumn
V11PRr2	778089.0	6063	3951.1262636893357	7.0510720220792455	0.8513981898219246	5	11	Rhizosphere	Autumn
V11PRr3	534851.0	6465	3763.6466233642855	6.761442901533836	0.8212468067283907	5	11	Rhizosphere	Autumn
V11Sr2	1668156.0	4034	2318.049242652288	5.555474044691346	0.716975863148683	5	11	Surface	Autumn
V12Dr3	568995.0	7743	4218.024810299969	7.558703318259936	0.9055460191174528	5	12	Deep	Autumn
V12PRr1	600621.0	5608	2940.796526083161	6.67196908720698	0.8354126039859151	5	12	Rhizosphere	Autumn
V12PRr2	416744.0	5452	2753.6242066370073	6.664793382684412	0.8414427916239117	5	12	Rhizosphere	Autumn
V12PRr3	630776.0	4736	2909.573454561938	6.762700873937399	0.8479065785511143	5	12	Rhizosphere	Autumn
V12Sr1	470457.0	5268	3209.5926751855745	6.901799212584265	0.8548284964667537	5	12	Surface	Autumn
V12Sr3	911857.0	3908	2371.1208226838103	6.2266787020040235	0.8012590553005059	5	12	Surface	Autumn
V13PRr1	1227634.0	6496	3742.894806512458	6.899852068162057	0.8386212044092594	5	13	Rhizosphere	Autumn
V13PRr2	727940.0	2671	2077.020031390324	6.245408667410055	0.817602115310068	5	13	Rhizosphere	Autumn
V13Sr3	702965.0	3282	2506.5619593340293	6.641013448685905	0.8485110132747298	5	13	Surface	Autumn
V14Dr3	873663.0	2081	1467.2206440734972	4.812193288310944	0.6600069502206378	5	14	Deep	Autumn
V14PRr1	744229.0	1273	876.6478159771074	4.414162728990117	0.6514306539941087	5	14	Rhizosphere	Autumn
V14PRr2	442347.0	1715	1210.1226324072388	5.08420872599446	0.7162393762058055	5	14	Rhizosphere	Autumn
V14PRr3	517214.0	1313	868.5157099882913	4.689983432963345	0.6930888103743107	5	14	Rhizosphere	Autumn
V14Sr1	589062.0	3203	2415.0638097471256	6.166826041321032	0.7916863846033763	5	14	Surface	Autumn
V15Dr1	808917.0	4300	3408.0039292890283	7.278302315774624	0.8948128678494207	5	15	Deep	Autumn
V15Dr2	993412.0	4486	3151.3883388072427	6.97921567169825	0.8663807882294585	5	15	Deep	Autumn
V15Dr3	861255.0	5626	3697.1918101209876	7.271577765618136	0.8851231529538693	5	15	Deep	Autumn
V15PRr1	661392.0	3275	1757.8172419042346	5.839991171877314	0.7816013808250136	5	15	Rhizosphere	Autumn
V15PRr2	853682.0	3690	2714.711175615079	6.360027296866398	0.80441091269393	5	15	Rhizosphere	Autumn
V15PRr3	500074.0	3339	1993.9415284247505	6.118752162734364	0.8053248172162125	5	15	Rhizosphere	Autumn
V15Sr1	679119.0	5092	2960.518742632726	6.961415230137332	0.8709259237014298	5	15	Surface	Autumn
V15Sr2	868439.0	7159	5216.340612205846	7.808782539769897	0.9122887604985328	5	15	Surface	Autumn
V16Dr1O	895209.0	3391	2655.7614140225346	6.450482708304985	0.8181233569345429	5	16	Deep	Autumn
V16Dr1T	648974.0	2722	2321.333492386455	6.712554799365547	0.8661476055016664	5	16	Deep	Autumn
V16Dr3	826731.0	3750	2598.2533429932055	6.019337395941415	0.765566281892369	5	16	Deep	Autumn
V16PRr1O	304935.0	2005	1249.092902489143	5.5541251321233815	0.778960793616124	5	16	Rhizosphere	Autumn
V16PRr1T	364501.0	3375	1943.1436122610107	6.131879137038078	0.8098030425644339	5	16	Rhizosphere	Autumn
V16PRr1	691016.0	4063	2854.3796773532918	6.467345419079946	0.8128267645738834	5	16	Rhizosphere	Autumn
V16PRr2	388509.0	3214	2088.8015939142324	6.5955996725194215	0.8628076047237021	5	16	Rhizosphere	Autumn
V16PRr3	467393.0	3886	2354.749048844844	6.555386829750541	0.8443105208343146	5	16	Rhizosphere	Autumn
V16Sr1O	583216.0	1861	1330.3162962981423	5.250083726819732	0.7298704548889684	5	16	Surface	Autumn
V17Dr1	617693.0	6573	3797.0997769444743	7.231439234808066	0.8773896528653145	5	17	Deep	Autumn
V17Dr2	739031.0	6106	3384.329023611219	6.874616713668324	0.8459077206609927	5	17	Deep	Autumn
V17PRr1	919445.0	3367	2370.91795625676	6.476198941869173	0.8333768976634242	5	17	Rhizosphere	Autumn
V17PRr2	671805.0	2781	2013.0707752745304	6.210533031418248	0.8163787223613345	5	17	Rhizosphere	Autumn
V17PRr3	567532.0	3733	2374.214100848843	6.554508856987424	0.8433032923427469	5	17	Rhizosphere	Autumn
V18PRr2	688527.0	3878	2363.571322527991	6.013118872920276	0.7740954960398511	5	18	Rhizosphere	Autumn
V18PRr3	490978.0	3700	2269.7436699877176	5.981320414046333	0.7740382590851258	5	18	Rhizosphere	Autumn
V19Dr2	4341054.0	16563	5234.347954122894	7.645085143478468	0.8928047788754947	5	19	Deep	Autumn
V19Dr3	691081.0	6232	4213.557052899155	7.507018438480661	0.8994682774552097	5	19	Deep	Autumn
V19PRr1	907515.0	3922	2302.3410285852374	6.031009357940724	0.7790309100656513	5	19	Rhizosphere	Autumn
V19PRr2	452234.0	3492	2147.1178894775508	5.970026012356159	0.7781697165936567	5	19	Rhizosphere	Autumn
V19PRr3	480790.0	3148	2009.7003479176942	5.832763843861786	0.7668896315845488	5	19	Rhizosphere	Autumn
V19Sr3	1116547.0	4444	3188.1824591007135	7.008983926988234	0.8688241866167032	5	19	Surface	Autumn
V1Dr1	149046.0	603	470.04891748020464	3.8211485195184682	0.6210385002816882	5	1	Deep	Autumn
V1Dr3	625355.0	2992	2176.5988159296157	6.024926364714019	0.7839322955116743	5	1	Deep	Autumn
V1PRr1	535684.0	2899	1820.5484175491108	5.38025114018375	0.7167081101366545	5	1	Rhizosphere	Autumn
V1PRr2	397005.0	1881	1203.9640055123498	4.288119573266259	0.604524607353847	5	1	Rhizosphere	Autumn
V1PRr3	742979.0	1729	944.5652119343611	4.147337695512634	0.6053867086942145	5	1	Rhizosphere	Autumn
V20PRr1	2217058.0	8570	3887.886952451388	6.572357313689798	0.7951437941334438	5	20	Rhizosphere	Autumn
V20PRr2	602263.0	3397	2015.193293261724	6.069268987779067	0.7976989685346458	5	20	Rhizosphere	Autumn
V20PRr3	1256846.0	4638	2411.0041849949516	6.347835001515997	0.8151000451048572	5	20	Rhizosphere	Autumn
V20Sr2	668287.0	2632	2116.2874640358596	6.229044500857744	0.8134653199333631	5	20	Surface	Autumn
V21Dr1	399410.0	3401	3003.4935551191447	7.091804667574464	0.8856418171583479	5	21	Deep	Autumn
V21Dr2	387092.0	5218	3025.6406413468035	6.735789283149695	0.8404106929187735	5	21	Deep	Autumn
V21PRr1RE	602178.0	4933	2865.523696341199	6.662515508892652	0.8369461905052733	5	21	Rhizosphere	Autumn
V21PRr1	367389.0	4684	3307.4048165898416	6.916070306004352	0.8534229186777823	5	21	Rhizosphere	Autumn
V21PRr2RE	812539.0	5878	3720.5210762116167	6.72687686489191	0.8181936982621525	5	21	Rhizosphere	Autumn
V21PRr2	750436.0	8347	4061.098106378315	6.93163060339027	0.8342106770554776	5	21	Rhizosphere	Autumn
V21PRr3RE	456084.0	4611	2823.441807505267	6.193405732492254	0.7794651751473732	5	21	Rhizosphere	Autumn
V21PRr3	499748.0	5406	3111.35678500369	6.429084786554002	0.7993576186664539	5	21	Rhizosphere	Autumn
V21Sr3	1112675.0	6365	4238.505461950099	7.46872653484918	0.894247717749789	5	21	Surface	Autumn
V22PRr2	630179.0	4294	2994.196445690294	6.723417816259554	0.8399619746198235	5	22	Rhizosphere	Autumn
V23Dr1	709739.0	6417	3965.2741278499907	7.262563224610426	0.8765568769350641	5	23	Deep	Autumn
V23PRr1	605279.0	8026	4448.099214978807	7.606338929356527	0.9054915151741483	5	23	Rhizosphere	Autumn
V23PRr2	493078.0	8142	4529.296834755617	7.65858558564094	0.9097520386761039	5	23	Rhizosphere	Autumn
V24Dr1	433988.0	3919	2298.2519570864984	5.952291512861044	0.7690394403266119	5	24	Deep	Autumn
V24PRr1	551729.0	7475	4228.155224354375	7.537633020962198	0.902762322177701	5	24	Rhizosphere	Autumn
V24PRr3	377824.0	3450	2878.9160238143645	7.08881415674837	0.8899766029412448	5	24	Rhizosphere	Autumn
V25Dr3	409452.0	4447	2995.307175458995	7.006453151375272	0.8752812489071163	5	25	Deep	Autumn
V25PRr1	565561.0	3054	1847.8519725552248	5.889912844629042	0.7830478307167485	5	25	Rhizosphere	Autumn
V25PRr2	500897.0	3182	1764.0561587743746	5.798390679557145	0.7756659333204637	5	25	Rhizosphere	Autumn
V25PRr3	540459.0	2983	1910.62334224777	5.920817633391586	0.7836760808025746	5	25	Rhizosphere	Autumn
V25Sr2	864456.0	5019	3202.8617972235725	6.740916826216066	0.8351194065239319	5	25	Surface	Autumn
V25Sr3	838440.0	4747	3225.967349636217	6.871474224782201	0.8505364914175145	5	25	Surface	Autumn
V26Dr2	227594.0	2654	2382.670371286883	6.983498869642484	0.8980863422984829	5	26	Deep	Autumn
V26Dr3	599509.0	3642	2882.1825390375843	6.86145175651711	0.8613094003449056	5	26	Deep	Autumn
V26PRr1	524183.0	4030	3141.9847967664195	7.106294448025959	0.8824833768920506	5	26	Rhizosphere	Autumn
V26PRr2	804585.0	4921	3628.75519166666	7.260402418330814	0.8857773474544607	5	26	Rhizosphere	Autumn
V26Sr2	676130.0	4464	3287.1200642274266	7.08711490100435	0.8751937186502449	5	26	Surface	Autumn
V27Dr2	690327.0	5967	3720.341479122365	7.058049365608923	0.8584794305232525	5	27	Deep	Autumn
V27Dr3	759591.0	6514	3893.3988463840315	7.086410630111724	0.8571886092959852	5	27	Deep	Autumn
V27PRr1	415925.0	2343	1349.069952196179	5.667194526943705	0.7863272225956552	5	27	Rhizosphere	Autumn
V27PRr2	555336.0	2818	1768.9323867392927	6.052669512107686	0.809382602400816	5	27	Rhizosphere	Autumn
V27PRr3	545853.0	2251	1394.0605636534035	5.6022185308451915	0.7737896510618886	5	27	Rhizosphere	Autumn
V28Dr1	892760.0	5487	3802.656822368295	7.295210416029421	0.8849699769502317	5	28	Deep	Autumn
V28Dr3	419697.0	3149	2631.8429590506694	7.023551293448132	0.8918297426169953	5	28	Deep	Autumn
V28PRr1	716456.0	4661	2245.8379152442967	4.191742074428278	0.5431945396908023	5	28	Rhizosphere	Autumn
V28PRr2	701711.0	5162	2839.862571337815	5.217727957307666	0.6561932690447037	5	28	Rhizosphere	Autumn
V28PRr3	528041.0	4405	2782.0212138939914	6.13103913072689	0.7730539562466299	5	28	Rhizosphere	Autumn
V29PRr2	829930.0	4259	3162.280449398639	7.030770708537004	0.8724070251597446	5	29	Rhizosphere	Autumn
V29PRr3	890128.0	3444	2672.3650193701537	6.83849650063942	0.8666506035997188	5	29	Rhizosphere	Autumn
V2Dr1	438638.0	3855	2369.9893063153386	6.07283196131689	0.7815098109106182	5	2	Deep	Autumn
V2Dr2	599571.0	5567	3211.785360378692	6.617176275066376	0.8195069505001574	5	2	Deep	Autumn
V2PRr1	684082.0	5749	3512.0767285469656	6.797368898015842	0.8326065493961966	5	2	Rhizosphere	Autumn
V2PRr2	255464.0	3397	2816.007580691724	6.904150577218453	0.8692037052992221	5	2	Rhizosphere	Autumn
V2PRr3	627102.0	6111	3660.240946718067	7.089151099500596	0.8639738585219705	5	2	Rhizosphere	Autumn
V2Sr1	691496.0	4686	3080.095866553607	6.794634796486897	0.8458701634231154	5	2	Surface	Autumn
V2Sr2	435506.0	4617	2756.975557595186	6.763256524470933	0.8537428457828655	5	2	Surface	Autumn
V30PRr1	384827.0	3440	2098.1699817192334	6.209465372758471	0.8118199562828406	5	30	Rhizosphere	Autumn
V30PRr2	316791.0	3191	2051.2051429299786	6.23560635234203	0.8176576063190623	5	30	Rhizosphere	Autumn
V30PRr3	625055.0	2992	1866.5002292975903	5.366779729772519	0.7125474891387414	5	30	Rhizosphere	Autumn
V30Sr2	955117.0	4326	3256.7133036397304	7.191496779468096	0.8891042955666956	5	30	Surface	Autumn
V31Dr1	816505.0	3021	2430.0626173267287	6.3757661058212465	0.8178596863521224	5	31	Deep	Autumn
V31Dr3	721172.0	3445	2868.563480886053	7.0927276909969645	0.8908708548347823	5	31	Deep	Autumn
V32PRr1	783652.0	3503	2630.14223240962	6.48859168599208	0.8239697878422964	5	32	Rhizosphere	Autumn
V32PRr2	514694.0	4919	3193.4636256506615	6.866732345484473	0.8510162735113995	5	32	Rhizosphere	Autumn
V32PRr3	760983.0	9378	4879.074111777987	7.629687231435452	0.8983806768348096	5	32	Rhizosphere	Autumn
V33PRr1	607595.0	2380	1723.6180899358892	5.581381170047046	0.7489594313532052	5	33	Rhizosphere	Autumn
V33PRr2	733370.0	3503	2080.2418013799356	6.3878273505731515	0.8360768560069503	5	33	Rhizosphere	Autumn
V33PRr3	593156.0	3401	2039.3952652393366	6.454089705362361	0.846947984092936	5	33	Rhizosphere	Autumn
V34Dr2	877855.0	3789	2886.4064137975643	6.82232608113885	0.8562406014815208	5	34	Deep	Autumn
V34PRr1	507706.0	3655	2364.5069933919617	5.982138065874569	0.770067962486864	5	34	Rhizosphere	Autumn
V34PRr2	643446.0	4075	2551.798399817951	6.216565589823693	0.7924690009934986	5	34	Rhizosphere	Autumn
V34PRr3	626593.0	3076	1998.7040332625113	5.902651702919861	0.7766387144724587	5	34	Rhizosphere	Autumn
V35Dr1	1450613.0	5538	3273.628364263261	6.80519595781961	0.8408063596246166	5	35	Deep	Autumn
V35PRr1	334895.0	2351	1423.9020873431896	5.883695785555509	0.8102973572767478	5	35	Rhizosphere	Autumn
V35PRr2	302467.0	1661	1164.3041586449365	5.366653436092893	0.7601622510803194	5	35	Rhizosphere	Autumn
V35PRr3R	540945.0	2249	1334.9959424785918	5.617495573920563	0.7805672639823853	5	35	Rhizosphere	Autumn
V35PRr3	160039.0	1159	1039.7740863669608	5.555620974744208	0.7997428987481937	5	35	Rhizosphere	Autumn
V37Dr1	236686.0	1204	1131.169494123185	6.408266412661558	0.9114293464028979	5	37	Deep	Autumn
V37PRr2	346454.0	4581	2704.151616543096	6.289349784457207	0.7958639872146444	5	37	Rhizosphere	Autumn
V37PRr3	449850.0	2439	1575.7976499777817	5.523685794289101	0.7502442294807176	5	37	Rhizosphere	Autumn
V38PRr3	48510.0	1036	1008.5687546106753	5.701239674816281	0.8243208007081697	5	38	Rhizosphere	Autumn
V38Sr2	865020.0	2186	1667.6197885177514	6.016920658868115	0.8109983677664729	5	38	Surface	Autumn
V39Dr1	949051.0	4087	2432.3852465398495	6.4644545650843215	0.8291347061021315	5	39	Deep	Autumn
V39Dr3	813823.0	3789	2648.005991338083	6.679909484727185	0.8475362285384769	5	39	Deep	Autumn
V39PRr1	433656.0	3233	2039.5427200422555	6.444157883060068	0.8456366420316577	5	39	Rhizosphere	Autumn
V39PRr2	994413.0	4348	2878.610841069389	6.9602246734960485	0.8738442592920745	5	39	Rhizosphere	Autumn
V39PRr3	380123.0	4975	2359.0579986288203	6.630309731300334	0.8537592904275333	5	39	Rhizosphere	Autumn
V39Sr2	333612.0	1471	1373.8279320092277	6.419179040771728	0.8884238829643207	5	39	Surface	Autumn
V3PRr1	245792.0	3765	2385.4199163063345	6.4128803348197225	0.8245818137263601	5	3	Rhizosphere	Autumn
V3PRr2	85966.0	1478	1328.7104624578924	5.8969975700551265	0.8199425675061246	5	3	Rhizosphere	Autumn
V3PRr3	406970.0	4112	2726.0839463231164	6.659885080468599	0.8418915200543109	5	3	Rhizosphere	Autumn
V40Dr1	703200.0	3731	3330.2225288924565	7.595856362851694	0.9365120088622324	5	40	Deep	Autumn
V40PRr1	387146.0	3398	2461.777326158238	6.805755757864333	0.8715674884329433	5	40	Rhizosphere	Autumn
V40PRr2	653812.0	4092	2843.5889412180313	6.897757027904333	0.8673344902441591	5	40	Rhizosphere	Autumn
V40PRr3	993307.0	6308	3427.3849042113256	7.146407968322699	0.8779853287890368	5	40	Rhizosphere	Autumn
V40Sr3	1318128.0	5741	3275.519799241032	7.027629260483111	0.8682268297085606	5	40	Surface	Autumn
V41Dr3	382552.0	555	531.6687514041516	4.973780581487745	0.7925054522130622	5	41	Deep	Autumn
V42PRr2	785972.0	2570	1786.887644628054	6.171353809949757	0.8241404554825936	5	42	Rhizosphere	Autumn
V42Sr2	1028589.0	2589	1970.486067754058	6.663987445034155	0.8784545527133302	5	42	Surface	Autumn
V43Dr1	581664.0	4932	3190.867517420405	6.83423622133839	0.8470743022337187	5	43	Deep	Autumn
V43Dr2	529697.0	5063	3243.7930577617817	6.91232393732318	0.8550096006519871	5	43	Deep	Autumn
V43Dr3	699177.0	6646	3601.826678706413	7.090745197226239	0.8658658121317409	5	43	Deep	Autumn
V43PRr1	723396.0	3677	2525.0882409100136	6.634989806409702	0.8469445120264216	5	43	Rhizosphere	Autumn
V43PRr2	787772.0	3818	2380.3492825507024	6.376422912493996	0.820118437467952	5	43	Rhizosphere	Autumn
V43PRr3	943624.0	5602	2932.4811964710834	6.823451122915073	0.8546830452755062	5	43	Rhizosphere	Autumn
V44Dr1	688641.0	1751	1490.3530644846091	6.131545945614184	0.8391597586365174	5	44	Deep	Autumn
V44PRr1	823933.0	9333	5294.223765145838	7.767567935013634	0.9059052082716217	5	44	Rhizosphere	Autumn
V44PRr2	820768.0	4801	2654.243598663062	6.632881183670549	0.8413182012872259	5	44	Rhizosphere	Autumn
V45Dr1	672000.0	998	790.0205760223996	4.185311724486343	0.6272893765339419	5	45	Deep	Autumn
V45Dr2	632897.0	1517	984.4558014950172	4.275697622987948	0.6203775983320331	5	45	Deep	Autumn
V45Dr3	425049.0	1641	1172.9381368053873	4.633530684075112	0.6556325964886912	5	45	Deep	Autumn
V45PRr1	357216.0	735	512.1599225503875	4.0422755080793	0.6479420996405051	5	45	Rhizosphere	Autumn
V45PRr2	416030.0	1174	725.7982600172061	4.135602386727271	0.6278171488211703	5	45	Rhizosphere	Autumn
V45PRr3	908916.0	2073	1101.6289272857332	4.665105784425693	0.6660112322722563	5	45	Rhizosphere	Autumn
V45Sr3	603083.0	3280	2173.1680520838568	6.05571879949082	0.7881006051788959	5	45	Surface	Autumn
V46PRr1	305383.0	2625	1688.1616657142204	5.833745057654887	0.7850134071775969	5	46	Rhizosphere	Autumn
V46PRr2	444029.0	3447	1935.2041890570908	5.9806738474979815	0.7902615007805847	5	46	Rhizosphere	Autumn
V46PRr3	592143.0	2124	1466.6043530394786	5.593172634490265	0.7671648490660611	5	46	Rhizosphere	Autumn
V47PRr1	631747.0	3769	2249.2548270222837	6.326691371440523	0.8196943499336481	5	47	Rhizosphere	Autumn
V47PRr2	489175.0	3912	2248.0536395379486	6.214977300917794	0.8052762623581062	5	47	Rhizosphere	Autumn
V47PRr3	602884.0	4502	2521.645837179448	6.399731475917298	0.8170564908156515	5	47	Rhizosphere	Autumn
V48Dr1	640336.0	1411	927.5560076089305	5.024744727974275	0.735412458111718	5	48	Deep	Autumn
V48Dr2	582278.0	1983	1302.0227916440238	5.308111049573041	0.7401494835114586	5	48	Deep	Autumn
V48Dr3	683205.0	1529	1237.7161843907002	5.407960797896283	0.759435921780592	5	48	Deep	Autumn
V48PRr1	951132.0	1581	1079.0700785114573	5.110546220601828	0.7317658064031882	5	48	Rhizosphere	Autumn
V49Dr2	734681.0	2434	1705.5788695448184	4.892507637722977	0.6574484375274625	5	49	Deep	Autumn
V4Dr1	709278.0	6228	3842.3608983131217	7.187084818184515	0.8707562586804908	5	4	Deep	Autumn
V4Dr2	1204226.0	9637	4371.289698756666	7.3296030573106945	0.8743607585771406	5	4	Deep	Autumn
V4Dr3	771595.0	5892	3564.4052842643355	6.7785523099722615	0.8288002738099043	5	4	Deep	Autumn
V4PRr1	1022303.0	3978	2189.322171700317	5.575608722133342	0.7249196441876588	5	4	Rhizosphere	Autumn
V4PRr2	895149.0	4960	2758.3206759307177	6.357655567848405	0.8024934068171005	5	4	Rhizosphere	Autumn
V4PRr3	629011.0	3917	2350.221987159348	6.212835530724762	0.8003895098223283	5	4	Rhizosphere	Autumn
V4Sr1	1776802.0	6583	3415.562442245119	6.854248324832848	0.8424491424639753	5	4	Surface	Autumn
V4Sr3	1002454.0	4838	3039.5203490010035	6.805178646548959	0.8485836811649504	5	4	Surface	Autumn
V50PRr2	549271.0	2424	1999.436634892967	6.052954006202184	0.7963762718077108	5	50	Rhizosphere	Autumn
V51PRr2	365455.0	2400	1515.1321312254627	5.711780618860672	0.7799507642459131	5	51	Rhizosphere	Autumn
V51PRr3	329373.0	1039	736.5356960259767	4.982494539767176	0.7546995550093337	5	51	Rhizosphere	Autumn
V53PRr2	552895.0	609	360.86327915835204	2.159099743715343	0.3666638451662519	5	53	Rhizosphere	Autumn
V54PRr1	360035.0	1818	1197.4381089451606	5.438864105385541	0.7673406346914179	5	54	Rhizosphere	Autumn
V54PRr2	688597.0	2009	1535.444401926752	5.829290003257124	0.7945519400194824	5	54	Rhizosphere	Autumn
V54PRr3	448796.0	2308	1482.1260650844022	5.521715046290322	0.7562715978698219	5	54	Rhizosphere	Autumn
V55Dr1	697209.0	1138	718.8728225830752	4.559510369413079	0.6931786400477625	5	55	Deep	Autumn
V55PRr1	1747691.0	2253	1182.2717449529794	5.090592606691482	0.7194987547756649	5	55	Rhizosphere	Autumn
V55PRr2	549108.0	1813	1272.3454574224263	5.255825846654032	0.7352227194709335	5	55	Rhizosphere	Autumn
V55PRr3	807870.0	2405	1500.3735148211485	5.4980751699973425	0.7517738702205772	5	55	Rhizosphere	Autumn
V55Sr2	389009.0	911	643.2646016330915	4.772139094668349	0.7379722658348628	5	55	Surface	Autumn
V55Sr3	388034.0	1095	781.634878773055	4.868411917913093	0.7308404973870503	5	55	Surface	Autumn
V57PRr2	263826.0	1904	1304.6881520268032	5.382608743893302	0.7503232979100996	5	57	Rhizosphere	Autumn
V57PRr3	748550.0	1826	1090.629085503889	4.513376266836561	0.6452741218747214	5	57	Rhizosphere	Autumn
V58PRr1	375791.0	2002	1279.8180322041194	5.662333940812335	0.7914396762441828	5	58	Rhizosphere	Autumn
V58PRr2	348421.0	1501	1059.6083517903298	5.1556529874193515	0.7401534032803874	5	58	Rhizosphere	Autumn
V58PRr3	648764.0	1901	1252.510779837876	5.572557649003575	0.7812465335769968	5	58	Rhizosphere	Autumn
V5Dr1T	598155.0	1487	1378.1447279366298	6.746947183970505	0.9333822059357514	5	5	Deep	Autumn
V5Dr1	1024357.0	8024	4215.117732215671	7.3175584332362185	0.8767288501603615	5	5	Deep	Autumn
V5PRr1T	621133.0	5893	3699.8602505697745	7.3414688902859	0.8935520837114048	5	5	Rhizosphere	Autumn
V5PRr1	1009579.0	8132	4114.4291625894	7.421106775018379	0.8917182222911705	5	5	Rhizosphere	Autumn
V5PRr2	667044.0	5008	3296.7625928937173	6.917300271740422	0.8539142898803197	5	5	Rhizosphere	Autumn
V5PRr3	428929.0	5006	3398.392320613914	7.032627175118316	0.8649092639240145	5	5	Rhizosphere	Autumn
V5Sr1	839544.0	4248	2615.260611258554	6.428907170278651	0.8169792761304784	5	5	Surface	Autumn
V5Sr3	767122.0	8225	4127.407574772731	7.356730951768091	0.8836484403486189	5	5	Surface	Autumn
V60PRr1O	621381.0	2801	2003.3969492998676	6.112915622954891	0.8040559848311744	5	60	Rhizosphere	Autumn
V60PRr1	913004.0	1743	1116.5096845588123	4.85308172652457	0.6915228681986102	5	60	Rhizosphere	Autumn
V60PRr2	517113.0	2651	1955.103115770821	6.06397849625952	0.8001873695678646	5	60	Rhizosphere	Autumn
V6Dr1	937702.0	5771	4021.3768107703095	7.550144618852466	0.909723975853291	5	6	Deep	Autumn
V6PRr1	471496.0	4981	2714.0447892175785	6.585400833724687	0.8329418320427223	5	6	Rhizosphere	Autumn
V6PRr2	614832.0	5553	3099.212342143011	6.51604662979695	0.8105641288226202	5	6	Rhizosphere	Autumn
V6PRr3	372065.0	3113	2019.9165413891033	5.654082142979714	0.7429013532581373	5	6	Rhizosphere	Autumn
V6Sr1	868758.0	4403	2829.132180234659	6.542102821520594	0.8231415379765592	5	6	Surface	Autumn
V6Sr3	935390.0	3025	2316.654565765939	6.568597842527469	0.8477929870835607	5	6	Surface	Autumn
V7Dr1T	708086.0	3417	2756.136635778881	6.481304443997871	0.8181827593125276	5	7	Deep	Autumn
V7Dr3R	1966379.0	3140	2325.4622960200445	6.238935983601776	0.8048501362083442	5	7	Deep	Autumn
V7Dr3	139645.0	1199	1120.4923482766224	5.876939100779439	0.8369891705982385	5	7	Deep	Autumn
V7PRr1O	653192.0	3576	2069.2618916107845	6.417664270301533	0.840564323676626	5	7	Rhizosphere	Autumn
V7PRr1T	461212.0	2911	1860.8372248515507	6.22995338253193	0.8274849184566571	5	7	Rhizosphere	Autumn
V7PRr1	639871.0	2585	1973.509401603869	6.332319356418071	0.8345650156185495	5	7	Rhizosphere	Autumn
V7PRr2	396490.0	3172	1834.483667805772	5.61560790552486	0.7473011110934047	5	7	Rhizosphere	Autumn
V7PRr3	1054326.0	3323	1826.3921508751548	5.357549564834825	0.7133794671139699	5	7	Rhizosphere	Autumn
V8Dr3	687547.0	4731	3501.0666273836296	7.30882573976071	0.8955991059957982	5	8	Deep	Autumn
V8PRr1	1108103.0	6790	3198.639781650923	6.781924806609633	0.8403371329758917	5	8	Rhizosphere	Autumn
V8PRr2	795344.0	5258	2748.478242486893	6.5140092314197275	0.8226002720296844	5	8	Rhizosphere	Autumn
V8PRr3	484110.0	3733	2262.5198510304767	6.293547392325823	0.8147794365247757	5	8	Rhizosphere	Autumn
V9PRr1	421307.0	4249	2406.661463396932	6.530036203296106	0.8386899231398708	5	9	Rhizosphere	Autumn
V9PRr2	452332.0	3665	2302.718004771138	6.316954156145981	0.8159494013002608	5	9	Rhizosphere	Autumn
V9PRr3	662418.0	5329	2963.0254312191505	6.894980839645609	0.8625231489745819	5	9	Rhizosphere	Autumn
