Trip	Site	Type	richness_hurlbert_25000	shannon	evenness_h_over_log_hurlbert	n_profiles	Date	Latitude	Longitude	sampling_day	longitude_z	sampling_day_z	selected_kernel_weighted_rain_mm	rain_1_to_4_complete_days_mm	rain_1_to_60_complete_days_mm
1	1	Deep	1636.6252012622272	6.655827416668735	0.8993990692217098	2	2023-03-17	19.14977055555556	45.166511388888885	0.0	-1.6559376602858693	-1.2279463091673153	15.006617651015937	17.24	20.330000000000002
1	1	Rhizosphere	2175.8681657015263	6.763495886085533	0.8800882939308229	2	2023-03-17	19.14977055555556	45.166511388888885	0.0	-1.6559376602858693	-1.2279463091673153	15.006617651015937	17.24	20.330000000000002
1	1	Surface	1597.146182607771	6.167398689022062	0.8381581417884414	3	2023-03-17	19.14977055555556	45.166511388888885	0.0	-1.6559376602858693	-1.2279463091673153	15.006617651015937	17.24	20.330000000000002
1	2	Deep	4260.57106853274	6.985541559159983	0.9082668047232563	3	2023-03-17	19.203468333333333	45.2447675	0.0	-1.629187161156378	-1.2279463091673153	15.006617651015937	17.24	20.330000000000002
1	2	Rhizosphere	1526.1426490161202	5.139292246660462	0.8232550767950557	2	2023-03-17	19.203468333333333	45.2447675	0.0	-1.629187161156378	-1.2279463091673153	15.006617651015937	17.24	20.330000000000002
1	2	Surface	3029.0630703109573	6.115056938782858	0.8427342097929763	2	2023-03-17	19.203468333333333	45.2447675	0.0	-1.629187161156378	-1.2279463091673153	15.006617651015937	17.24	20.330000000000002
1	3	Deep	2250.5092743109158	6.5951686349882515	0.8799458208485791	2	2023-03-17	19.301079444444444	45.384414166666666	0.0	-1.5814513615866965	-1.2279463091673153	10.027898138097665	10.6	14.3
1	3	Rhizosphere	1534.1038859525845	4.98236384868539	0.7035085099629992	3	2023-03-17	19.301079444444444	45.384414166666666	0.0	-1.5814513615866965	-1.2279463091673153	10.027898138097665	10.6	14.3
1	3	Surface	994.0671489879768	5.829635881951919	0.867829983546029	2	2023-03-17	19.301079444444444	45.384414166666666	0.0	-1.5814513615866965	-1.2279463091673153	10.027898138097665	10.6	14.3
1	4	Deep	2382.2280587056075	6.207069793069375	0.8572309786313073	3	2023-03-17	19.379571666666667	45.55182694444444	0.0	-1.524224196798872	-1.2279463091673153	10.027898138097665	10.6	14.3
1	4	Rhizosphere	2527.413274161319	6.411839152720911	0.8196129643405103	3	2023-03-17	19.379571666666667	45.55182694444444	0.0	-1.524224196798872	-1.2279463091673153	10.027898138097665	10.6	14.3
1	4	Surface	1938.928910225052	6.332888782654392	0.8365891648638558	1	2023-03-17	19.379571666666667	45.55182694444444	0.0	-1.524224196798872	-1.2279463091673153	10.027898138097665	10.6	14.3
1	5	Deep	1127.0297403832903	5.7833386086643825	0.8957520863037282	2	2023-03-17	19.407155277777772	45.65950138888888	0.0	-1.4874175488389512	-1.2279463091673153	10.027898138097665	10.6	14.3
1	5	Surface	1952.600717071325	5.790822002809446	0.837866180504443	3	2023-03-17	19.407155277777772	45.65950138888888	0.0	-1.4874175488389512	-1.2279463091673153	10.027898138097665	10.6	14.3
1	6	Deep	3183.993258088441	6.384605330622573	0.8947802963483164	2	2023-03-17	19.405739166666667	45.8161425	0.0	-1.4338724921408121	-1.2279463091673153	10.027898138097665	10.6	14.3
1	6	Rhizosphere	2006.25759725415	5.479554431493815	0.788839577650148	2	2023-03-17	19.405739166666667	45.8161425	0.0	-1.4338724921408121	-1.2279463091673153	10.027898138097665	10.6	14.3
1	6	Surface	1310.0169320036812	5.8918277515774955	0.8241944685177818	2	2023-03-17	19.405739166666667	45.8161425	0.0	-1.4338724921408121	-1.2279463091673153	10.027898138097665	10.6	14.3
1	7	Deep	1609.0409174389688	6.392795668024388	0.866516257043523	2	2023-03-17	19.407005277777778	45.95394361111112	0.0	-1.3867675638421528	-1.2279463091673153	7.346678006925193	8.45	10.389999999999999
1	7	Surface	879.7013378045528	4.255206468029547	0.6347608917929943	2	2023-03-17	19.407005277777778	45.95394361111112	0.0	-1.3867675638421528	-1.2279463091673153	7.346678006925193	8.45	10.389999999999999
1	8	Rhizosphere	1172.2924061301867	5.838476733709411	0.8717019666580902	3	2023-03-17	19.393154166666665	46.11073472222223	0.0	-1.3331712322363778	-1.2279463091673153	7.346678006925193	8.45	10.389999999999999
1	8	Surface	1262.2719397023895	6.104140472266392	0.8721892358699137	2	2023-03-17	19.393154166666665	46.11073472222223	0.0	-1.3331712322363778	-1.2279463091673153	7.346678006925193	8.45	10.389999999999999
1	9	Deep	1753.318858356448	6.538513011802939	0.8773884782093744	2	2023-03-17	19.411200277777777	46.30267361111111	0.0	-1.2675602402354207	-1.2279463091673153	7.346678006925193	8.45	10.389999999999999
1	9	Rhizosphere	1007.9952969046202	5.797722828460501	0.8386202039714333	2	2023-03-17	19.411200277777777	46.30267361111111	0.0	-1.2675602402354207	-1.2279463091673153	7.346678006925193	8.45	10.389999999999999
1	9	Surface	1803.7905299763831	6.1873630024817174	0.8272851712535099	3	2023-03-17	19.411200277777777	46.30267361111111	0.0	-1.2675602402354207	-1.2279463091673153	7.346678006925193	8.45	10.389999999999999
1	10	Deep	2134.779773951885	6.659232384545959	0.8686576068496381	1	2023-03-17	19.420469722222222	46.46079527777778	0.0	-1.21350908120818	-1.2279463091673153	7.346678006925193	8.45	10.389999999999999
1	10	Rhizosphere	1217.5171095420296	6.088738319696741	0.8574003626501139	2	2023-03-17	19.420469722222222	46.46079527777778	0.0	-1.21350908120818	-1.2279463091673153	7.346678006925193	8.45	10.389999999999999
1	10	Surface	2428.6078904286474	6.457927307136321	0.8289788796719224	2	2023-03-17	19.420469722222222	46.46079527777778	0.0	-1.21350908120818	-1.2279463091673153	7.346678006925193	8.45	10.389999999999999
1	11	Deep	1076.5812141743154	5.8891003692377595	0.8465321644133257	2	2023-03-17	19.44435222222222	46.6356325	0.0	-1.153743998399281	-1.2279463091673153	7.419751632618889	8.08	10.620000000000001
1	11	Rhizosphere	2121.7977398440607	5.557777131587343	0.7800919941609346	3	2023-03-17	19.44435222222222	46.6356325	0.0	-1.153743998399281	-1.2279463091673153	7.419751632618889	8.08	10.620000000000001
1	11	Surface	917.4636125265656	5.678883274313884	0.8324839508051107	1	2023-03-17	19.44435222222222	46.6356325	0.0	-1.153743998399281	-1.2279463091673153	7.419751632618889	8.08	10.620000000000001
1	12	Deep	1498.9080963181436	6.082672525658333	0.8405983414687088	2	2023-03-17	19.47793361111111	46.83437333333334	0.0	-1.0858078792439467	-1.2279463091673153	7.419751632618889	8.08	10.620000000000001
1	12	Rhizosphere	1366.3147321501385	6.132785609988525	0.8701269134168632	2	2023-03-17	19.47793361111111	46.83437333333334	0.0	-1.0858078792439467	-1.2279463091673153	7.419751632618889	8.08	10.620000000000001
1	12	Surface	1291.8831899834213	5.376889020849663	0.7495181865326149	3	2023-03-17	19.47793361111111	46.83437333333334	0.0	-1.0858078792439467	-1.2279463091673153	7.419751632618889	8.08	10.620000000000001
1	13	Deep	2166.8265591015506	6.3704847123033295	0.8290483835476397	2	2023-03-17	19.52934611111111	47.05328444444445	0.0	-1.0109768992212003	-1.2279463091673153	7.419751632618889	8.08	10.620000000000001
1	13	Surface	1328.196790252568	5.654056548523213	0.7862053276897617	1	2023-03-17	19.52934611111111	47.05328444444445	0.0	-1.0109768992212003	-1.2279463091673153	7.419751632618889	8.08	10.620000000000001
1	14	Deep	1622.4730090281791	5.704791388152043	0.7793760769393203	3	2023-03-17	19.581338055555555	47.2920225	0.0	-0.9293684208974154	-1.2279463091673153	5.846521499066268	7.25	8.1
1	14	Rhizosphere	597.4488873590617	4.729813389510372	0.7407037698505338	2	2023-03-17	19.581338055555555	47.2920225	0.0	-0.9293684208974154	-1.2279463091673153	5.846521499066268	7.25	8.1
1	14	Surface	1832.7602210913344	5.893253635686056	0.7843471247343423	1	2023-03-17	19.581338055555555	47.2920225	0.0	-0.9293684208974154	-1.2279463091673153	5.846521499066268	7.25	8.1
1	15	Deep	3124.510357096978	7.111274816365418	0.8837095976744636	2	2023-03-17	19.613749722222224	47.47587194444445	0.0	-0.8665226656747277	-1.2279463091673153	5.846521499066268	7.25	8.1
1	15	Rhizosphere	1416.46689150619	5.913226367989616	0.8151349291569489	3	2023-03-17	19.613749722222224	47.47587194444445	0.0	-0.8665226656747277	-1.2279463091673153	5.846521499066268	7.25	8.1
1	15	Surface	1442.2986922242528	6.132545490784553	0.8504285911992181	2	2023-03-17	19.613749722222224	47.47587194444445	0.0	-0.8665226656747277	-1.2279463091673153	5.846521499066268	7.25	8.1
1	16	Deep	1512.4035477561151	6.293553105758303	0.8628041081403754	2	2023-03-17	19.64445583333333	47.62611861111111	0.0	-0.8151634392985456	-1.2279463091673153	5.846521499066268	7.25	8.1
1	16	Rhizosphere	1528.9444904223376	5.227667755987622	0.7325135120530393	3	2023-03-17	19.64445583333333	47.62611861111111	0.0	-0.8151634392985456	-1.2279463091673153	5.846521499066268	7.25	8.1
1	16	Surface	804.7028303664246	4.805189136725123	0.7182136595761904	1	2023-03-17	19.64445583333333	47.62611861111111	0.0	-0.8151634392985456	-1.2279463091673153	5.846521499066268	7.25	8.1
1	17	Deep	1777.8051738126535	6.631193603619146	0.8861838235087177	3	2023-03-17	19.67646	47.82730555555556	0.0	-0.7463911593345617	-1.2279463091673153	4.683044299226107	5.96	6.3
1	17	Rhizosphere	876.6623294606682	5.552827488096427	0.8207860720557931	2	2023-03-17	19.67646	47.82730555555556	0.0	-0.7463911593345617	-1.2279463091673153	4.683044299226107	5.96	6.3
1	17	Surface	1408.565488616048	5.880762123406311	0.8393699981730011	3	2023-03-17	19.67646	47.82730555555556	0.0	-0.7463911593345617	-1.2279463091673153	4.683044299226107	5.96	6.3
1	18	Deep	932.4780642566368	5.753251893919978	0.8413837058050484	1	2023-03-18	19.732518055555555	48.046860555555554	1.0	-0.6713400770231002	-0.29532885916682267	5.8483157671007575	3.57	8.66
1	18	Rhizosphere	715.2116420265198	4.318526546129159	0.6605123609174309	2	2023-03-18	19.732518055555555	48.046860555555554	1.0	-0.6713400770231002	-0.29532885916682267	5.8483157671007575	3.57	8.66
1	18	Surface	487.5603930167889	5.245220086020158	0.8479123886112789	2	2023-03-18	19.732518055555555	48.046860555555554	1.0	-0.6713400770231002	-0.29532885916682267	5.8483157671007575	3.57	8.66
1	19	Deep	964.2620454588297	5.551485243515163	0.8174208231888341	2	2023-03-18	19.81231916666667	48.24049472222222	1.0	-0.605149583612283	-0.29532885916682267	5.83544609571601	2.63	9.219999999999999
1	19	Surface	1034.061360970041	4.590575059146284	0.6618937229281823	2	2023-03-18	19.81231916666667	48.24049472222222	1.0	-0.605149583612283	-0.29532885916682267	5.83544609571601	2.63	9.219999999999999
1	20	Deep	1360.1556215762125	5.628468686636971	0.7801694645168376	2	2023-03-18	19.869310833333333	48.42464444444444	1.0	-0.5422011836207875	-0.29532885916682267	5.83544609571601	2.63	9.219999999999999
1	20	Rhizosphere	1849.2704888086687	5.802532037088589	0.7714702978657675	2	2023-03-18	19.869310833333333	48.42464444444444	1.0	-0.5422011836207875	-0.29532885916682267	5.83544609571601	2.63	9.219999999999999
1	20	Surface	749.1284352798424	4.268529229879459	0.6448011365450894	2	2023-03-18	19.869310833333333	48.42464444444444	1.0	-0.5422011836207875	-0.29532885916682267	5.83544609571601	2.63	9.219999999999999
1	21	Deep	1728.727804738846	6.127781067748957	0.8219537405921505	1	2023-03-18	19.9011325	48.48646388888889	1.0	-0.5210692749261571	-0.29532885916682267	4.948977572404103	1.7999999999999998	8.04
1	21	Surface	1682.081153702061	6.172198280167663	0.8333878289488572	3	2023-03-18	19.9011325	48.48646388888889	1.0	-0.5210692749261571	-0.29532885916682267	4.948977572404103	1.7999999999999998	8.04
1	22	Deep	1643.370074496009	6.251087328516189	0.8468083465236766	3	2023-03-18	19.97866972222222	48.63943555555556	1.0	-0.4687785543945281	-0.29532885916682267	4.948977572404103	1.7999999999999998	8.04
1	22	Rhizosphere	1182.8608362023351	5.74794086041552	0.812681051637387	2	2023-03-18	19.97866972222222	48.63943555555556	1.0	-0.4687785543945281	-0.29532885916682267	4.948977572404103	1.7999999999999998	8.04
1	22	Surface	563.4540709488454	5.681170915388341	0.8983154364527355	2	2023-03-18	19.97866972222222	48.63943555555556	1.0	-0.4687785543945281	-0.29532885916682267	4.948977572404103	1.7999999999999998	8.04
1	23	Deep	1427.1225285620235	5.843015289357189	0.8043824287306012	2	2023-03-18	20.04926555555556	48.77333138888888	1.0	-0.42300857781161694	-0.29532885916682267	4.948977572404103	1.7999999999999998	8.04
1	23	Rhizosphere	724.5443706613164	5.02694032621065	0.764566719752855	3	2023-03-18	20.04926555555556	48.77333138888888	1.0	-0.42300857781161694	-0.29532885916682267	4.948977572404103	1.7999999999999998	8.04
1	23	Surface	1312.7679948601588	5.53005955739967	0.7703770334227876	3	2023-03-18	20.04926555555556	48.77333138888888	1.0	-0.42300857781161694	-0.29532885916682267	4.948977572404103	1.7999999999999998	8.04
1	24	Deep	1624.7757609452538	6.239503249277968	0.8439826145074613	2	2023-03-18	20.09273861111111	48.89939527777778	1.0	-0.3799158160821909	-0.29532885916682267	4.948977572404103	1.7999999999999998	8.04
1	24	Surface	610.5599346975857	5.044126433359441	0.7865490261567307	2	2023-03-18	20.09273861111111	48.89939527777778	1.0	-0.3799158160821909	-0.29532885916682267	4.948977572404103	1.7999999999999998	8.04
1	25	Deep	2248.4269287788284	6.343256602433424	0.8221522782354322	2	2023-03-18	20.100259722222223	48.95421972222223	1.0	-0.3611750272471352	-0.29532885916682267	4.948977572404103	1.7999999999999998	8.04
1	25	Rhizosphere	1102.612836170705	5.265009395124739	0.7515603498800987	1	2023-03-18	20.100259722222223	48.95421972222223	1.0	-0.3611750272471352	-0.29532885916682267	4.948977572404103	1.7999999999999998	8.04
1	25	Surface	1596.7501400331544	6.131820444375833	0.8322752693796536	2	2023-03-18	20.100259722222223	48.95421972222223	1.0	-0.3611750272471352	-0.29532885916682267	4.948977572404103	1.7999999999999998	8.04
1	26	Deep	1698.554280725808	6.012921566765936	0.8089775411162666	3	2023-03-18	20.148753888888887	49.07873861111111	1.0	-0.31861039706639754	-0.29532885916682267	3.7429454460710536	1.69	5.9
1	26	Rhizosphere	856.4579107842674	5.283848047538211	0.7838712133090032	2	2023-03-18	20.148753888888887	49.07873861111111	1.0	-0.31861039706639754	-0.29532885916682267	3.7429454460710536	1.69	5.9
1	26	Surface	1446.743034070237	5.78370740820102	0.7948202274631675	3	2023-03-18	20.148753888888887	49.07873861111111	1.0	-0.31861039706639754	-0.29532885916682267	3.7429454460710536	1.69	5.9
1	27	Deep	2309.7013706980174	6.571049931995515	0.85156042369583	3	2023-03-18	20.2038574	49.1959834	1.0	-0.278532292256713	-0.29532885916682267	3.7429454460710536	1.69	5.9
1	27	Rhizosphere	1541.6715125846401	5.324722824326862	0.7254462941101232	2	2023-03-18	20.2038574	49.1959834	1.0	-0.278532292256713	-0.29532885916682267	3.7429454460710536	1.69	5.9
1	27	Surface	1910.1144899023298	5.79496183444069	0.7674679940072815	2	2023-03-18	20.2038574	49.1959834	1.0	-0.278532292256713	-0.29532885916682267	3.7429454460710536	1.69	5.9
1	28	Deep	1224.0547944849068	6.248907394424037	0.8793748851844433	2	2023-03-18	20.24376861111111	49.37088472222222	1.0	-0.21874529797061765	-0.29532885916682267	3.7429454460710536	1.69	5.9
1	28	Rhizosphere	1797.8130737419915	6.073338013807822	0.8164894520536234	2	2023-03-18	20.24376861111111	49.37088472222222	1.0	-0.21874529797061765	-0.29532885916682267	3.7429454460710536	1.69	5.9
1	28	Surface	1538.9620568813073	5.820506225113047	0.8001327886418136	3	2023-03-18	20.24376861111111	49.37088472222222	1.0	-0.21874529797061765	-0.29532885916682267	3.7429454460710536	1.69	5.9
1	29	Deep	1475.566819693655	6.353082982965905	0.8755180471697485	3	2023-03-18	20.2597976	49.5675445	1.0	-0.15152055169130707	-0.29532885916682267	4.286261978317839	2.06	8.31
1	29	Rhizosphere	1437.6660468996467	6.216200982349513	0.8594039058367983	3	2023-03-18	20.2597976	49.5675445	1.0	-0.15152055169130707	-0.29532885916682267	4.286261978317839	2.06	8.31
1	29	Surface	759.6399617491878	5.558463843818879	0.8435590194705483	2	2023-03-18	20.2597976	49.5675445	1.0	-0.15152055169130707	-0.29532885916682267	4.286261978317839	2.06	8.31
1	30	Deep	1051.4789941599647	6.172157290523014	0.8870651001274248	1	2023-03-18	20.269303055555557	49.68367333333333	1.0	-0.11182391700189259	-0.29532885916682267	4.286261978317839	2.06	8.31
1	30	Rhizosphere	1921.5523717464066	6.153294213713623	0.8182181012112575	2	2023-03-18	20.269303055555557	49.68367333333333	1.0	-0.11182391700189259	-0.29532885916682267	4.286261978317839	2.06	8.31
1	30	Surface	1339.0152148409081	5.684746431776925	0.792308793253282	3	2023-03-18	20.269303055555557	49.68367333333333	1.0	-0.11182391700189259	-0.29532885916682267	4.286261978317839	2.06	8.31
1	31	Deep	857.8730645908449	6.0195819534267	0.8912015747893932	1	2023-03-18	20.29462333333333	49.891405	1.0	-0.040814436854787334	-0.29532885916682267	2.4390119682814606	1.2399999999999998	9.079999999999998
1	31	Rhizosphere	856.1593546627095	5.1082510764087505	0.7573982907683758	2	2023-03-18	20.29462333333333	49.891405	1.0	-0.040814436854787334	-0.29532885916682267	2.4390119682814606	1.2399999999999998	9.079999999999998
1	31	Surface	1306.2672449893985	5.982303714390145	0.8358712654705543	2	2023-03-18	20.29462333333333	49.891405	1.0	-0.040814436854787334	-0.29532885916682267	2.4390119682814606	1.2399999999999998	9.079999999999998
1	32	Rhizosphere	1104.0843235012692	5.926404801357702	0.8558570976155729	3	2023-03-18	20.310684166666668	50.09302138888889	1.0	0.028104641270696246	-0.29532885916682267	2.4390119682814606	1.2399999999999998	9.079999999999998
1	33	Deep	1505.9847112303712	5.826290634478485	0.7964930560881464	3	2023-03-18	20.317507777777777	50.30307027777778	1.0	0.09990622378729241	-0.29532885916682267	2.4390119682814606	1.2399999999999998	9.079999999999998
1	33	Rhizosphere	1463.6314846719386	5.356929192538623	0.7349580276982194	2	2023-03-18	20.317507777777777	50.30307027777778	1.0	0.09990622378729241	-0.29532885916682267	2.4390119682814606	1.2399999999999998	9.079999999999998
1	33	Surface	950.0132484085204	6.078781204513758	0.8866453258395821	2	2023-03-18	20.317507777777777	50.30307027777778	1.0	0.09990622378729241	-0.29532885916682267	2.4390119682814606	1.2399999999999998	9.079999999999998
1	34	Deep	1327.6903467798024	5.2189920310867155	0.7258465638618501	2	2023-03-18	20.344394444444443	50.5153725	1.0	0.17247806936086904	-0.29532885916682267	1.4244625124345633	0.8200000000000001	8.8
1	34	Rhizosphere	1089.4217572791435	5.498057749006544	0.7861870870211374	2	2023-03-18	20.344394444444443	50.5153725	1.0	0.17247806936086904	-0.29532885916682267	1.4244625124345633	0.8200000000000001	8.8
1	34	Surface	1845.2226614996082	6.38675798988514	0.8492744877369434	2	2023-03-18	20.344394444444443	50.5153725	1.0	0.17247806936086904	-0.29532885916682267	1.4244625124345633	0.8200000000000001	8.8
1	35	Deep	1876.817057085585	6.288225718704065	0.8363359175446063	2	2023-03-18	20.371795833333334	50.72999222222222	1.0	0.2458421122574722	-0.29532885916682267	1.4244625124345633	0.8200000000000001	8.8
1	35	Rhizosphere	263.91438694813235	5.243250234383668	0.8956031814604046	2	2023-03-18	20.371795833333334	50.72999222222222	1.0	0.2458421122574722	-0.29532885916682267	1.4244625124345633	0.8200000000000001	8.8
1	35	Surface	1696.946387415399	6.183931539149187	0.8354590632339374	2	2023-03-18	20.371795833333334	50.72999222222222	1.0	0.2458421122574722	-0.29532885916682267	1.4244625124345633	0.8200000000000001	8.8
1	36	Deep	1023.1323226286222	5.822798588718195	0.8434412282122605	2	2023-03-19	20.42319	51.14483	2.0	0.38764723719611993	0.63728859083367	0.744889301608439	0.51	7.18
1	36	Surface	1110.031297012562	5.319509169857951	0.8791145285979275	3	2023-03-19	20.42319	51.14483	2.0	0.38764723719611993	0.63728859083367	0.744889301608439	0.51	7.18
1	37	Deep	1789.9186517323355	6.438586561922435	0.8599262680047784	2	2023-03-19	20.454150277777774	51.344883333333335	2.0	0.45603201179329605	0.63728859083367	0.744889301608439	0.51	7.18
1	37	Rhizosphere	1246.7652199530576	5.590505002756235	0.7853151040044692	2	2023-03-19	20.454150277777774	51.344883333333335	2.0	0.45603201179329605	0.63728859083367	0.744889301608439	0.51	7.18
1	37	Surface	1662.9591390463825	6.35379911013621	0.8652910008018047	2	2023-03-19	20.454150277777774	51.344883333333335	2.0	0.45603201179329605	0.63728859083367	0.744889301608439	0.51	7.18
1	38	Deep	1877.6125640879948	6.451015379810903	0.8577158869448109	2	2023-03-19	20.4610275	51.37022472222223	2.0	0.4646945276248073	0.63728859083367	0.744889301608439	0.51	7.18
1	38	Rhizosphere	1663.409526270903	5.111158038454016	0.8290912818556538	2	2023-03-19	20.4610275	51.37022472222223	2.0	0.4646945276248073	0.63728859083367	0.744889301608439	0.51	7.18
1	38	Surface	2094.012956289927	6.612538871122726	0.8663429673180044	2	2023-03-19	20.4610275	51.37022472222223	2.0	0.4646945276248073	0.63728859083367	0.744889301608439	0.51	7.18
1	39	Deep	1234.578915225885	4.236273073912697	0.8133866493148172	2	2023-03-19	20.51023	51.59742	2.0	0.5423573068522225	0.63728859083367	0.061360795087146563	0.0	2.21
1	39	Rhizosphere	929.0501548107455	5.246925145049544	0.7753165037329387	3	2023-03-19	20.51023	51.59742	2.0	0.5423573068522225	0.63728859083367	0.061360795087146563	0.0	2.21
1	39	Surface	900.1926786578451	5.854214328168118	0.8605837078616947	1	2023-03-19	20.51023	51.59742	2.0	0.5423573068522225	0.63728859083367	0.061360795087146563	0.0	2.21
1	40	Deep	1392.8329148774158	5.866352574523278	0.8411362597018801	2	2023-03-19	20.54718	51.82559	2.0	0.6203532780257629	0.63728859083367	0.061360795087146563	0.0	2.21
1	40	Rhizosphere	1070.9707291785237	5.676667236187773	0.8139624660619542	2	2023-03-19	20.54718	51.82559	2.0	0.6203532780257629	0.63728859083367	0.061360795087146563	0.0	2.21
1	41	Rhizosphere	995.4092137418162	5.797500418919494	0.8398335722825427	1	2023-03-19	20.539777222222224	51.94610583333333	2.0	0.6615495328472626	0.63728859083367	0.061360795087146563	0.0	2.21
1	42	Deep	1396.861235306331	6.481842446038048	0.8950369566879343	1	2023-03-19	20.55516	52.12403	2.0	0.7223698342646704	0.63728859083367	0.061360795087146563	0.0	2.21
1	42	Rhizosphere	995.4514429658673	5.572948570055044	0.8091426260037242	2	2023-03-19	20.55516	52.12403	2.0	0.7223698342646704	0.63728859083367	0.061360795087146563	0.0	2.21
1	42	Surface	1381.834878077374	5.778808833682283	0.8052546615148204	3	2023-03-19	20.55516	52.12403	2.0	0.7223698342646704	0.63728859083367	0.061360795087146563	0.0	2.21
1	43	Deep	2024.162169915441	6.4327421528003494	0.8462742223641195	2	2023-03-19	20.56757555555556	52.22413277777778	2.0	0.7565882388312106	0.63728859083367	4.6436177226487936e-10	0.0	1.05
1	43	Rhizosphere	1714.0069434847398	6.424623084712568	0.8627605142614805	1	2023-03-19	20.56757555555556	52.22413277777778	2.0	0.7565882388312106	0.63728859083367	4.6436177226487936e-10	0.0	1.05
1	43	Surface	743.7881701397769	5.761487936954504	0.8795980786658198	2	2023-03-19	20.56757555555556	52.22413277777778	2.0	0.7565882388312106	0.63728859083367	4.6436177226487936e-10	0.0	1.05
1	44	Deep	2269.2598836410834	6.261705428379263	0.8103450309594253	1	2023-03-19	20.56783	52.41036	2.0	0.8202467962935082	0.63728859083367	4.6436177226487936e-10	0.0	1.05
1	44	Rhizosphere	641.0891059958948	5.610178623136055	0.8719725872078835	2	2023-03-19	20.56783	52.41036	2.0	0.8202467962935082	0.63728859083367	4.6436177226487936e-10	0.0	1.05
1	45	Deep	1191.7968038039166	5.966492896615606	0.847811124307447	2	2023-03-19	20.56346	52.46776	2.0	0.8398679942834338	0.63728859083367	4.6436177226487936e-10	0.0	1.05
1	45	Rhizosphere	1029.0924084611363	5.4863804982152296	0.7909513240107374	1	2023-03-19	20.56346	52.46776	2.0	0.8398679942834338	0.63728859083367	4.6436177226487936e-10	0.0	1.05
1	45	Surface	1478.1753576463889	6.127026216817883	0.8394838265907155	1	2023-03-19	20.56346	52.46776	2.0	0.8398679942834338	0.63728859083367	4.6436177226487936e-10	0.0	1.05
1	46	Deep	417.1887898231782	5.055741797306747	0.8379397101280095	1	2023-03-19	20.553746111111117	52.66920777777778	2.0	0.9087294356145886	0.63728859083367	4.6436177226487936e-10	0.0	1.05
1	46	Surface	348.86023350645235	5.148081164849797	0.8793117228895555	1	2023-03-19	20.553746111111117	52.66920777777778	2.0	0.9087294356145886	0.63728859083367	4.6436177226487936e-10	0.0	1.05
1	47	Deep	1453.289107834876	6.407685172457798	0.8892548362750636	2	2023-03-19	20.54181555555556	52.86878583333333	2.0	0.9769517447173712	0.63728859083367	0.016901080789213388	0.0	1.95
1	47	Surface	2269.286725563836	6.76689901457821	0.8757222230109205	1	2023-03-19	20.54181555555556	52.86878583333333	2.0	0.9769517447173712	0.63728859083367	0.016901080789213388	0.0	1.95
1	48	Deep	1066.6676884877236	5.7632927140028745	0.8265991203723645	1	2023-03-19	20.56864833333333	53.09404833333333	2.0	1.0539538372645083	0.63728859083367	0.016901080789213388	0.0	1.95
1	48	Surface	999.3341612055386	5.589313506088121	0.8092140305909976	1	2023-03-19	20.56864833333333	53.09404833333333	2.0	1.0539538372645083	0.63728859083367	0.016901080789213388	0.0	1.95
1	49	Deep	834.6929550123816	5.480517931532357	0.8146968694651023	1	2023-03-19	20.644662222222223	53.28794	2.0	1.1202323526001048	0.63728859083367	0.016901080789213388	0.0	1.95
1	49	Rhizosphere	718.4084377387509	5.900392269910602	0.8971199550275593	1	2023-03-19	20.644662222222223	53.28794	2.0	1.1202323526001048	0.63728859083367	0.016901080789213388	0.0	1.95
1	49	Surface	546.2256833378541	5.291425508085974	0.8409496776781589	2	2023-03-19	20.644662222222223	53.28794	2.0	1.1202323526001048	0.63728859083367	0.016901080789213388	0.0	1.95
1	50	Deep	878.421178026758	5.914031399272205	0.878435424229844	2	2023-03-20	20.71385	53.4123	3.0	1.16274266936016	1.5699060408341627	0.012287463687206993	0.0	1.9500000000000002
1	50	Rhizosphere	1391.9511748366108	6.043761744056281	0.835295769610132	2	2023-03-20	20.71385	53.4123	3.0	1.16274266936016	1.5699060408341627	0.012287463687206993	0.0	1.9500000000000002
1	50	Surface	1403.6820939817862	5.888705784985729	0.8694130995587501	3	2023-03-20	20.71385	53.4123	3.0	1.16274266936016	1.5699060408341627	0.012287463687206993	0.0	1.9500000000000002
1	51	Deep	1325.8637972408947	5.732459912460639	0.8047927641065296	2	2023-03-20	20.7987	53.487	3.0	1.1882775733644704	1.5699060408341627	0.049676215005004534	0.06	3.99
1	51	Rhizosphere	398.687925451963	4.151150836492533	0.6932242436123336	1	2023-03-20	20.7987	53.487	3.0	1.1882775733644704	1.5699060408341627	0.049676215005004534	0.06	3.99
1	51	Surface	736.1298684634135	5.543079820325588	0.8396816306107061	1	2023-03-20	20.7987	53.487	3.0	1.1882775733644704	1.5699060408341627	0.049676215005004534	0.06	3.99
1	52	Deep	557.4605550257522	4.655282501768799	0.7362002367794019	1	2023-03-20	20.851514166666668	53.75788444444444	3.0	1.2808747391629944	1.5699060408341627	0.049676215005004534	0.06	3.99
1	53	Deep	855.8946772372909	4.35630075818349	0.7084853008133843	2	2023-03-20	20.851514166666668	53.75788444444444	3.0	1.2808747391629944	1.5699060408341627	0.049676215005004534	0.06	3.99
1	53	Rhizosphere	980.2799390705219	5.299588697275191	0.781312781199436	2	2023-03-20	20.851514166666668	53.75788444444444	3.0	1.2808747391629944	1.5699060408341627	0.049676215005004534	0.06	3.99
1	53	Surface	89.93356757282815	1.5121167518413738	0.3360953104674122	1	2023-03-20	20.851514166666668	53.75788444444444	3.0	1.2808747391629944	1.5699060408341627	0.049676215005004534	0.06	3.99
1	54	Deep	963.9189639822639	5.521023602192509	0.8059841851008986	2	2023-03-20	20.92017888888889	53.962204444444446	3.0	1.350718000021907	1.5699060408341627	0.049676215005004534	0.06	3.99
1	54	Rhizosphere	440.6520389342681	4.3400902353945705	0.78126619339144	3	2023-03-20	20.92017888888889	53.962204444444446	3.0	1.350718000021907	1.5699060408341627	0.049676215005004534	0.06	3.99
1	54	Surface	324.1786443457825	3.9892811127559367	0.7755724321534366	3	2023-03-20	20.92017888888889	53.962204444444446	3.0	1.350718000021907	1.5699060408341627	0.049676215005004534	0.06	3.99
1	55	Deep	255.87694967509185	3.834518734875747	0.6915651058162925	1	2023-03-20	20.9022725	54.0024376	3.0	1.3644710089228653	1.5699060408341627	0.049676215005004534	0.06	3.99
1	55	Rhizosphere	167.86015026953586	3.5405173186515437	0.6975034457163652	2	2023-03-20	20.9022725	54.0024376	3.0	1.3644710089228653	1.5699060408341627	0.049676215005004534	0.06	3.99
1	55	Surface	180.52354435163764	2.9067507705359756	0.6707840904096748	2	2023-03-20	20.9022725	54.0024376	3.0	1.3644710089228653	1.5699060408341627	0.049676215005004534	0.06	3.99
1	56	Deep	207.9953360721939	4.324703993059115	0.8664241267506384	2	2023-03-20	20.82158083333333	54.22385916666667	3.0	1.4401601447905688	1.5699060408341627	0.16508670305928208	0.2	3.9899999999999998
1	56	Surface	1238.2147097782208	4.783581585736284	0.7821550788518206	2	2023-03-20	20.82158083333333	54.22385916666667	3.0	1.4401601447905688	1.5699060408341627	0.16508670305928208	0.2	3.9899999999999998
1	57	Deep	321.9572829073328	5.188134154240806	0.8984686193676459	1	2023-03-20	20.7349775	54.41764333333333	3.0	1.5064019131090218	1.5699060408341627	0.759162798906699	0.92	4.48
1	57	Rhizosphere	593.6056619283953	4.8078594159009	0.7536552543368056	2	2023-03-20	20.7349775	54.41764333333333	3.0	1.5064019131090218	1.5699060408341627	0.759162798906699	0.92	4.48
1	57	Surface	115.89376765468654	3.88909466118054	0.8182961173619694	1	2023-03-20	20.7349775	54.41764333333333	3.0	1.5064019131090218	1.5699060408341627	0.759162798906699	0.92	4.48
1	58	Rhizosphere	633.0283223136506	5.162432508762434	0.8003132117983129	1	2023-03-20	20.66540111111111	54.59327444444445	3.0	1.5664383731142792	1.5699060408341627	0.759162798906699	0.92	4.48
1	60	Deep	264.4163320149264	4.5929080842769565	0.8261386418936592	2	2023-03-20	20.70637444444444	54.73210555555556	3.0	1.6138953891120584	1.5699060408341627	0.3551187999502004	0.43	4.220000000000001
1	60	Surface	419.1767935408388	4.642253451079344	0.768802313160326	1	2023-03-20	20.70637444444444	54.73210555555556	3.0	1.6138953891120584	1.5699060408341627	0.3551187999502004	0.43	4.220000000000001
2	1	Rhizosphere	1754.9053753936114	6.279561440931878	0.84061825343633	1	2023-07-14	19.14977055555556	45.166511388888885	0.0	-1.4070122655338042	0.0	3.251392991364934e-07	0.0	32.99
2	2	Rhizosphere	1986.529696569262	5.052510760899326	0.8106208749266661	2	2023-07-14	19.203468333333333	45.2447675	0.0	-1.159284447144604	0.0	3.251392991364934e-07	0.0	32.99
2	4	Rhizosphere	2339.5629090356606	5.978007521513599	0.770588263555329	1	2023-07-14	19.379571666666667	45.55182694444444	0.0	-0.18725599840131202	0.0	1.2324056654375836e-07	0.0	9.78
2	4	Surface	1677.3479147724586	6.491502375118535	0.8742800404588978	1	2023-07-14	19.379571666666667	45.55182694444444	0.0	-0.18725599840131202	0.0	1.2324056654375836e-07	0.0	9.78
2	5	Rhizosphere	2628.42970723288	6.624019206265058	0.8412369639045095	1	2023-07-14	19.407155277777772	45.65950138888888	0.0	0.15359859863602776	0.0	1.2324056654375836e-07	0.0	9.78
2	5	Surface	2299.9778521749554	6.519086541948259	0.8464085725174865	3	2023-07-14	19.407155277777772	45.65950138888888	0.0	0.15359859863602776	0.0	1.2324056654375836e-07	0.0	9.78
2	6	Deep	2074.8900777406725	6.2886406558508	0.8233741528419449	2	2023-07-14	19.405739166666667	45.8161425	0.0	0.6494622465308185	0.0	1.2324056654375836e-07	0.0	9.78
2	6	Surface	1365.1566784692077	5.448867138823008	0.7547927217944296	1	2023-07-14	19.405739166666667	45.8161425	0.0	0.6494622465308185	0.0	1.2324056654375836e-07	0.0	9.78
2	7	Deep	1610.7497526606262	6.371353107083361	0.862806134961644	1	2023-07-14	19.407005277777778	45.95394361111112	0.0	1.085685924687976	0.0	7.993288741310218e-08	0.0	6.26
2	7	Rhizosphere	1491.7363191490326	5.968384563298536	0.8354288608961109	2	2023-07-14	19.407005277777778	45.95394361111112	0.0	1.085685924687976	0.0	7.993288741310218e-08	0.0	6.26
2	8	Rhizosphere	2551.141919905825	5.7681055511416695	0.847188537053308	2	2023-07-14	19.393154166666665	46.11073472222223	0.0	1.5820244131061263	0.0	7.993288741310218e-08	0.0	6.26
2	8	Surface	2460.563514437425	6.444431474850381	0.8253472391834223	1	2023-07-14	19.393154166666665	46.11073472222223	0.0	1.5820244131061263	0.0	7.993288741310218e-08	0.0	6.26
3	1	Deep	1415.2585621488076	4.302084395762626	0.8424047748607626	3	2024-02-17	19.14977055555556	45.166511388888885	0.0	-1.6559376602858693	-1.230076828997117	0.2232958997999388	0.23	0.41000000000000003
3	1	Rhizosphere	910.3020875733046	4.863328238768217	0.7853803158271129	4	2024-02-17	19.14977055555556	45.166511388888885	0.0	-1.6559376602858693	-1.230076828997117	0.2232958997999388	0.23	0.41000000000000003
3	1	Surface	1802.96388518679	6.313653171722209	0.8689860117046853	3	2024-02-17	19.14977055555556	45.166511388888885	0.0	-1.6559376602858693	-1.230076828997117	0.2232958997999388	0.23	0.41000000000000003
3	2	Deep	2380.098821082613	7.102437170527893	0.9137864673920645	3	2024-02-17	19.203468333333333	45.2447675	0.0	-1.629187161156378	-1.230076828997117	0.2232958997999388	0.23	0.41000000000000003
3	2	Rhizosphere	1153.7710822023844	5.198111064668159	0.7333267701892408	3	2024-02-17	19.203468333333333	45.2447675	0.0	-1.629187161156378	-1.230076828997117	0.2232958997999388	0.23	0.41000000000000003
3	2	Surface	2041.5971642406648	6.767298199452729	0.8880914965559134	3	2024-02-17	19.203468333333333	45.2447675	0.0	-1.629187161156378	-1.230076828997117	0.2232958997999388	0.23	0.41000000000000003
3	3	Deep	2983.7200317833485	7.129085019725692	0.891287138175675	3	2024-02-17	19.301079444444444	45.384414166666666	0.0	-1.5814513615866965	-1.230076828997117	0.36311573342351344	0.4	0.4
3	3	Rhizosphere	2044.3470062690276	5.954229500717725	0.7817013458552475	2	2024-02-17	19.301079444444444	45.384414166666666	0.0	-1.5814513615866965	-1.230076828997117	0.36311573342351344	0.4	0.4
3	3	Surface	2614.2251129434558	6.937588824339417	0.8822816461820592	3	2024-02-17	19.301079444444444	45.384414166666666	0.0	-1.5814513615866965	-1.230076828997117	0.36311573342351344	0.4	0.4
3	4	Deep	1775.3227899242952	6.399108293730137	0.8559804779110173	2	2024-02-17	19.379571666666667	45.55182694444444	0.0	-1.524224196798872	-1.230076828997117	0.36311573342351344	0.4	0.4
3	4	Rhizosphere	1388.4427500052764	6.389501816559349	0.8856939195324158	2	2024-02-17	19.379571666666667	45.55182694444444	0.0	-1.524224196798872	-1.230076828997117	0.36311573342351344	0.4	0.4
3	4	Surface	1799.2257927034532	6.738779483355267	0.9035349717600024	3	2024-02-17	19.379571666666667	45.55182694444444	0.0	-1.524224196798872	-1.230076828997117	0.36311573342351344	0.4	0.4
3	5	Deep	1287.3885543592996	6.524356519446924	0.9115297259351655	2	2024-02-17	19.407155277777772	45.65950138888888	0.0	-1.4874175488389512	-1.230076828997117	0.36311573342351344	0.4	0.4
3	5	Rhizosphere	1303.0579229091395	5.871814693151994	0.8186601669369874	1	2024-02-17	19.407155277777772	45.65950138888888	0.0	-1.4874175488389512	-1.230076828997117	0.36311573342351344	0.4	0.4
3	5	Surface	1978.221512305975	6.453892499663721	0.8503996253174275	3	2024-02-17	19.407155277777772	45.65950138888888	0.0	-1.4874175488389512	-1.230076828997117	0.36311573342351344	0.4	0.4
3	6	Deep	2569.3134043692	6.7245079362160585	0.856473124340532	1	2024-02-17	19.405739166666667	45.8161425	0.0	-1.4338724921408121	-1.230076828997117	0.36311573342351344	0.4	0.4
3	6	Rhizosphere	2082.101914341525	6.462891055021903	0.8466205753971074	3	2024-02-17	19.405739166666667	45.8161425	0.0	-1.4338724921408121	-1.230076828997117	0.36311573342351344	0.4	0.4
3	6	Surface	1492.7951208202855	6.280062042198345	0.8688152777072354	3	2024-02-17	19.405739166666667	45.8161425	0.0	-1.4338724921408121	-1.230076828997117	0.36311573342351344	0.4	0.4
3	7	Deep	2032.297201652198	6.363314929289019	0.8356000734717032	3	2024-02-17	19.407005277777778	45.95394361111112	0.0	-1.3867675638421528	-1.230076828997117	0.24960294613051476	0.29000000000000004	0.29000000000000004
3	7	Rhizosphere	2107.5403198699155	6.094444575009071	0.7967047568334152	3	2024-02-17	19.407005277777778	45.95394361111112	0.0	-1.3867675638421528	-1.230076828997117	0.24960294613051476	0.29000000000000004	0.29000000000000004
3	7	Surface	1870.1950942423964	6.155660645018407	0.8171272949430795	3	2024-02-17	19.407005277777778	45.95394361111112	0.0	-1.3867675638421528	-1.230076828997117	0.24960294613051476	0.29000000000000004	0.29000000000000004
3	8	Deep	1171.434007127245	5.723817576303721	0.8119612839173374	3	2024-02-17	19.393154166666665	46.11073472222223	0.0	-1.3331712322363778	-1.230076828997117	0.24960294613051476	0.29000000000000004	0.29000000000000004
3	8	Rhizosphere	2399.2355930435824	6.8301871292534235	0.8782960970201782	3	2024-02-17	19.393154166666665	46.11073472222223	0.0	-1.3331712322363778	-1.230076828997117	0.24960294613051476	0.29000000000000004	0.29000000000000004
3	8	Surface	1545.8569839342124	6.2250269254229424	0.8489160415420036	3	2024-02-17	19.393154166666665	46.11073472222223	0.0	-1.3331712322363778	-1.230076828997117	0.24960294613051476	0.29000000000000004	0.29000000000000004
3	9	Deep	1737.4953062548202	5.816421430276473	0.780429758908855	3	2024-02-17	19.411200277777777	46.30267361111111	0.0	-1.2675602402354207	-1.230076828997117	0.24960294613051476	0.29000000000000004	0.29000000000000004
3	9	Rhizosphere	834.7618728275808	4.049173163324666	0.6017292471577481	3	2024-02-17	19.411200277777777	46.30267361111111	0.0	-1.2675602402354207	-1.230076828997117	0.24960294613051476	0.29000000000000004	0.29000000000000004
3	9	Surface	1894.7429366805493	5.8271100790374115	0.7722583887941173	3	2024-02-17	19.411200277777777	46.30267361111111	0.0	-1.2675602402354207	-1.230076828997117	0.24960294613051476	0.29000000000000004	0.29000000000000004
3	10	Deep	1352.8229229526025	5.408203287094619	0.7522661390808039	3	2024-02-17	19.420469722222222	46.46079527777778	0.0	-1.21350908120818	-1.230076828997117	0.24960294613051476	0.29000000000000004	0.29000000000000004
3	10	Rhizosphere	1164.2005208029893	5.098572324153641	0.725418296420437	2	2024-02-17	19.420469722222222	46.46079527777778	0.0	-1.21350908120818	-1.230076828997117	0.24960294613051476	0.29000000000000004	0.29000000000000004
3	10	Surface	2126.6419542783	6.055372169785756	0.7913228903968322	3	2024-02-17	19.420469722222222	46.46079527777778	0.0	-1.21350908120818	-1.230076828997117	0.24960294613051476	0.29000000000000004	0.29000000000000004
3	11	Deep	2488.3156059502453	6.499837269066266	0.831257431282022	3	2024-02-17	19.44435222222222	46.6356325	0.0	-1.153743998399281	-1.230076828997117	0.27662852071651217	0.31	0.31
3	11	Rhizosphere	1927.5698277673355	6.1531368995823135	0.8142715588907157	3	2024-02-17	19.44435222222222	46.6356325	0.0	-1.153743998399281	-1.230076828997117	0.27662852071651217	0.31	0.31
3	11	Surface	1141.8579290084228	5.33132292335662	0.7586221671839318	3	2024-02-17	19.44435222222222	46.6356325	0.0	-1.153743998399281	-1.230076828997117	0.27662852071651217	0.31	0.31
3	12	Deep	3161.6193727372593	7.2860887072277984	0.9041120333506509	2	2024-02-17	19.47793361111111	46.83437333333334	0.0	-1.0858078792439467	-1.230076828997117	0.27662852071651217	0.31	0.31
3	12	Rhizosphere	1245.1898008346598	5.513040103614048	0.7753930231552149	3	2024-02-17	19.47793361111111	46.83437333333334	0.0	-1.0858078792439467	-1.230076828997117	0.27662852071651217	0.31	0.31
3	12	Surface	2225.6535956957796	6.406766553503664	0.8316598603506267	2	2024-02-17	19.47793361111111	46.83437333333334	0.0	-1.0858078792439467	-1.230076828997117	0.27662852071651217	0.31	0.31
3	13	Deep	2561.9684208664894	6.430144630768304	0.8198029701114368	3	2024-02-17	19.52934611111111	47.05328444444445	0.0	-1.0109768992212003	-1.230076828997117	0.27662852071651217	0.31	0.31
3	13	Rhizosphere	1468.819716072153	5.869012596171579	0.806101849043395	3	2024-02-17	19.52934611111111	47.05328444444445	0.0	-1.0109768992212003	-1.230076828997117	0.27662852071651217	0.31	0.31
3	13	Surface	1571.908881748339	6.156717871670349	0.8399903395720947	3	2024-02-17	19.52934611111111	47.05328444444445	0.0	-1.0109768992212003	-1.230076828997117	0.27662852071651217	0.31	0.31
3	14	Deep	2343.2148640306227	6.056716872993536	0.7817301062259064	3	2024-02-17	19.581338055555555	47.2920225	0.0	-0.9293684208974154	-1.230076828997117	0.15662852071651218	0.19	0.19
3	14	Rhizosphere	663.3431333864987	4.979542142522668	0.7677875945830062	3	2024-02-17	19.581338055555555	47.2920225	0.0	-0.9293684208974154	-1.230076828997117	0.15662852071651218	0.19	0.19
3	14	Surface	1591.1086809308647	6.082171619244762	0.825198384104232	3	2024-02-17	19.581338055555555	47.2920225	0.0	-0.9293684208974154	-1.230076828997117	0.15662852071651218	0.19	0.19
3	15	Deep	1409.3959666010921	6.069282548949194	0.8371232776491827	3	2024-02-17	19.613749722222224	47.47587194444445	0.0	-0.8665226656747277	-1.230076828997117	0.15662852071651218	0.19	0.19
3	15	Rhizosphere	754.7770152092239	5.326190012227268	0.806375009421596	4	2024-02-17	19.613749722222224	47.47587194444445	0.0	-0.8665226656747277	-1.230076828997117	0.15662852071651218	0.19	0.19
3	15	Surface	1147.5741693522311	5.775000568539848	0.8214568589539984	3	2024-02-17	19.613749722222224	47.47587194444445	0.0	-0.8665226656747277	-1.230076828997117	0.15662852071651218	0.19	0.19
3	16	Deep	1883.5844814807078	6.1690521588675375	0.8186487895570949	3	2024-02-17	19.64445583333333	47.62611861111111	0.0	-0.8151634392985456	-1.230076828997117	0.15662852071651218	0.19	0.19
3	16	Rhizosphere	1980.9242905832764	6.391670394775683	0.8427134360395222	3	2024-02-17	19.64445583333333	47.62611861111111	0.0	-0.8151634392985456	-1.230076828997117	0.15662852071651218	0.19	0.19
3	16	Surface	2333.103700642338	6.73851088359611	0.8696002860797005	3	2024-02-17	19.64445583333333	47.62611861111111	0.0	-0.8151634392985456	-1.230076828997117	0.15662852071651218	0.19	0.19
3	17	Deep	2121.125147958324	6.4139396749164135	0.8371650266125737	3	2024-02-18	19.67646	47.82730555555556	1.0	-0.7463911593345617	-0.5065022237046952	0.12	0.12	0.12
3	17	Rhizosphere	1320.5818196086336	5.9746241579742465	0.8321750005335397	3	2024-02-18	19.67646	47.82730555555556	1.0	-0.7463911593345617	-0.5065022237046952	0.12	0.12	0.12
3	17	Surface	2151.616510786737	6.816769420078745	0.8893317338355585	3	2024-02-18	19.67646	47.82730555555556	1.0	-0.7463911593345617	-0.5065022237046952	0.12	0.12	0.12
3	18	Deep	1970.000086030372	6.546326608121955	0.8694324108532848	3	2024-02-18	19.732518055555555	48.046860555555554	1.0	-0.6713400770231002	-0.5065022237046952	0.12	0.12	0.12
3	18	Rhizosphere	1088.5234502813257	2.841928847259298	0.40770426396340814	3	2024-02-18	19.732518055555555	48.046860555555554	1.0	-0.6713400770231002	-0.5065022237046952	0.12	0.12	0.12
3	18	Surface	1815.9954389706993	6.168671042660108	0.8222461153054016	3	2024-02-18	19.732518055555555	48.046860555555554	1.0	-0.6713400770231002	-0.5065022237046952	0.12	0.12	0.12
3	19	Deep	2001.5062763267833	6.291810049906857	0.8291976620653317	3	2024-02-18	19.81231916666667	48.24049472222222	1.0	-0.605149583612283	-0.5065022237046952	0.21	0.21	0.21
3	19	Rhizosphere	867.0314037251064	5.162279610659627	0.7638304149643811	3	2024-02-18	19.81231916666667	48.24049472222222	1.0	-0.605149583612283	-0.5065022237046952	0.21	0.21	0.21
3	19	Surface	2276.2913920699793	6.212461266560342	0.8036333465149897	3	2024-02-18	19.81231916666667	48.24049472222222	1.0	-0.605149583612283	-0.5065022237046952	0.21	0.21	0.21
3	20	Deep	1422.654936801989	6.564528507169243	0.9056045200881607	3	2024-02-18	19.869310833333333	48.42464444444444	1.0	-0.5422011836207875	-0.5065022237046952	0.21	0.21	0.21
3	20	Rhizosphere	2179.897062277678	6.52053072392006	0.8483720450823317	3	2024-02-18	19.869310833333333	48.42464444444444	1.0	-0.5422011836207875	-0.5065022237046952	0.21	0.21	0.21
3	20	Surface	1678.7582328885176	6.224859798737388	0.8384855258138287	3	2024-02-18	19.869310833333333	48.42464444444444	1.0	-0.5422011836207875	-0.5065022237046952	0.21	0.21	0.21
3	21	Deep	2083.6680827441046	6.503654787490077	0.8512358561865665	3	2024-02-18	19.9011325	48.48646388888889	1.0	-0.5210692749261571	-0.5065022237046952	0.19406005849709837	0.19	0.2
3	21	Rhizosphere	1864.6837347078344	5.83300751694951	0.7858341050829863	3	2024-02-18	19.9011325	48.48646388888889	1.0	-0.5210692749261571	-0.5065022237046952	0.19406005849709837	0.19	0.2
3	21	Surface	1039.750341979303	4.653830231303908	0.6732186463207461	3	2024-02-18	19.9011325	48.48646388888889	1.0	-0.5210692749261571	-0.5065022237046952	0.19406005849709837	0.19	0.2
3	22	Deep	1283.042776041555	5.911401864401049	0.8320835182175665	3	2024-02-18	19.97866972222222	48.63943555555556	1.0	-0.4687785543945281	-0.5065022237046952	0.19406005849709837	0.19	0.2
3	22	Rhizosphere	1822.062444759472	6.265410884435234	0.8352517412261912	3	2024-02-18	19.97866972222222	48.63943555555556	1.0	-0.4687785543945281	-0.5065022237046952	0.19406005849709837	0.19	0.2
3	22	Surface	1241.1606563561324	5.760669396396256	0.8351118425597294	3	2024-02-18	19.97866972222222	48.63943555555556	1.0	-0.4687785543945281	-0.5065022237046952	0.19406005849709837	0.19	0.2
3	23	Deep	2692.525647112066	6.844643699681723	0.8669246204758548	3	2024-02-18	20.04926555555556	48.77333138888888	1.0	-0.42300857781161694	-0.5065022237046952	0.19406005849709837	0.19	0.2
3	23	Rhizosphere	1244.898588449559	5.8773581791861504	0.8249703818420263	3	2024-02-18	20.04926555555556	48.77333138888888	1.0	-0.42300857781161694	-0.5065022237046952	0.19406005849709837	0.19	0.2
3	23	Surface	2576.311982100584	6.718785789353255	0.8555034944756105	3	2024-02-18	20.04926555555556	48.77333138888888	1.0	-0.42300857781161694	-0.5065022237046952	0.19406005849709837	0.19	0.2
3	24	Deep	1871.0230623591372	5.916336648968314	0.7853093919603387	2	2024-02-18	20.09273861111111	48.89939527777778	1.0	-0.3799158160821909	-0.5065022237046952	0.19406005849709837	0.19	0.2
3	24	Rhizosphere	1181.5067099614757	5.562917544502213	0.7870829777912802	4	2024-02-18	20.09273861111111	48.89939527777778	1.0	-0.3799158160821909	-0.5065022237046952	0.19406005849709837	0.19	0.2
3	24	Surface	1533.8179765430007	5.47264847299843	0.7469956863262585	3	2024-02-18	20.09273861111111	48.89939527777778	1.0	-0.3799158160821909	-0.5065022237046952	0.19406005849709837	0.19	0.2
3	25	Deep	1477.8291784017995	5.722915979398806	0.7850351683631086	3	2024-02-18	20.100259722222223	48.95421972222223	1.0	-0.3611750272471352	-0.5065022237046952	0.19406005849709837	0.19	0.2
3	25	Rhizosphere	682.4224744770767	3.8543936690382563	0.5907552953153608	3	2024-02-18	20.100259722222223	48.95421972222223	1.0	-0.3611750272471352	-0.5065022237046952	0.19406005849709837	0.19	0.2
3	25	Surface	924.7800395690157	4.100230123075389	0.6008605939322537	3	2024-02-18	20.100259722222223	48.95421972222223	1.0	-0.3611750272471352	-0.5065022237046952	0.19406005849709837	0.19	0.2
3	26	Deep	2243.1659754483994	6.6017360401670375	0.8556355498102385	2	2024-02-18	20.148753888888887	49.07873861111111	1.0	-0.31861039706639754	-0.5065022237046952	0.13090540123306774	0.08	0.22000000000000003
3	26	Rhizosphere	1515.2217752716388	5.587947600824328	0.7630195705084816	3	2024-02-18	20.148753888888887	49.07873861111111	1.0	-0.31861039706639754	-0.5065022237046952	0.13090540123306774	0.08	0.22000000000000003
3	26	Surface	1765.4436873243794	6.069959087978669	0.8119761293027146	2	2024-02-18	20.148753888888887	49.07873861111111	1.0	-0.31861039706639754	-0.5065022237046952	0.13090540123306774	0.08	0.22000000000000003
3	27	Deep	1542.3760694604105	5.868424010017013	0.8057106134406293	2	2024-02-18	20.2038574	49.1959834	1.0	-0.278532292256713	-0.5065022237046952	0.13090540123306774	0.08	0.22000000000000003
3	27	Rhizosphere	572.0165154329923	3.742205287188332	0.5896126749678127	3	2024-02-18	20.2038574	49.1959834	1.0	-0.278532292256713	-0.5065022237046952	0.13090540123306774	0.08	0.22000000000000003
3	27	Surface	1160.9791198364271	4.8414924982480025	0.6861447164463733	3	2024-02-18	20.2038574	49.1959834	1.0	-0.278532292256713	-0.5065022237046952	0.13090540123306774	0.08	0.22000000000000003
3	28	Deep	2967.0519548716584	6.87951290218506	0.8607833297371247	3	2024-02-18	20.24376861111111	49.37088472222222	1.0	-0.21874529797061765	-0.5065022237046952	0.13090540123306774	0.08	0.22000000000000003
3	28	Rhizosphere	1186.992272861906	5.3174166341744415	0.7551526807458	3	2024-02-18	20.24376861111111	49.37088472222222	1.0	-0.21874529797061765	-0.5065022237046952	0.13090540123306774	0.08	0.22000000000000003
3	28	Surface	2634.1965222824465	6.559867412994017	0.834119533127991	3	2024-02-18	20.24376861111111	49.37088472222222	1.0	-0.21874529797061765	-0.5065022237046952	0.13090540123306774	0.08	0.22000000000000003
3	29	Deep	1935.3611620875681	6.344756347194429	0.8386371669766076	3	2024-02-18	20.2597976	49.5675445	1.0	-0.15152055169130707	-0.5065022237046952	0.5616867278140039	0.16	1.26
3	29	Rhizosphere	273.40852554805116	3.87171380379193	0.6903915830680082	3	2024-02-18	20.2597976	49.5675445	1.0	-0.15152055169130707	-0.5065022237046952	0.5616867278140039	0.16	1.26
3	29	Surface	1075.6326258168078	4.97349786155382	0.7124746338633887	3	2024-02-18	20.2597976	49.5675445	1.0	-0.15152055169130707	-0.5065022237046952	0.5616867278140039	0.16	1.26
3	30	Deep	1843.955388348362	6.107053913601445	0.813487576150867	3	2024-02-19	20.269303055555557	49.68367333333333	2.0	-0.11182391700189259	0.21707238158772657	0.42852239441746626	0.16	1.26
3	30	Rhizosphere	1501.5893677640204	6.106496907164374	0.8349907591059447	3	2024-02-19	20.269303055555557	49.68367333333333	2.0	-0.11182391700189259	0.21707238158772657	0.42852239441746626	0.16	1.26
3	30	Surface	1983.6558462049761	6.288350133687559	0.8283759274005943	3	2024-02-19	20.269303055555557	49.68367333333333	2.0	-0.11182391700189259	0.21707238158772657	0.42852239441746626	0.16	1.26
3	31	Deep	1259.7926470148054	4.850096920471139	0.6794564422007765	2	2024-02-19	20.29462333333333	49.891405	2.0	-0.040814436854787334	0.21707238158772657	0.9137907000069642	0.04	3.43
3	31	Rhizosphere	702.6231417720497	5.0314871455736	0.7676428191779547	3	2024-02-19	20.29462333333333	49.891405	2.0	-0.040814436854787334	0.21707238158772657	0.9137907000069642	0.04	3.43
3	31	Surface	1679.820389324977	6.237870695655683	0.8405982595047066	4	2024-02-19	20.29462333333333	49.891405	2.0	-0.040814436854787334	0.21707238158772657	0.9137907000069642	0.04	3.43
3	32	Deep	1640.416586172559	6.272102034020063	0.8473003049371401	3	2024-02-19	20.310684166666668	50.09302138888889	2.0	0.028104641270696246	0.21707238158772657	0.9137907000069642	0.04	3.43
3	32	Rhizosphere	1266.1511519790959	5.526104311632132	0.7736297355459354	3	2024-02-19	20.310684166666668	50.09302138888889	2.0	0.028104641270696246	0.21707238158772657	0.9137907000069642	0.04	3.43
3	32	Surface	1976.1294708687192	6.263212802275821	0.8254562008536581	3	2024-02-19	20.310684166666668	50.09302138888889	2.0	0.028104641270696246	0.21707238158772657	0.9137907000069642	0.04	3.43
3	33	Deep	2073.1719306562113	6.363585000377481	0.8337002133457299	4	2024-02-19	20.317507777777777	50.30307027777778	2.0	0.09990622378729241	0.21707238158772657	0.9137907000069642	0.04	3.43
3	33	Rhizosphere	1332.3637424198985	5.834211776671378	0.8116078823362718	2	2024-02-19	20.317507777777777	50.30307027777778	2.0	0.09990622378729241	0.21707238158772657	0.9137907000069642	0.04	3.43
3	33	Surface	1955.6987878401571	6.493869137280613	0.8568527664841912	3	2024-02-19	20.317507777777777	50.30307027777778	2.0	0.09990622378729241	0.21707238158772657	0.9137907000069642	0.04	3.43
3	34	Deep	2087.9930306751653	6.204205763750113	0.8117182782256585	3	2024-02-19	20.344394444444443	50.5153725	2.0	0.17247806936086904	0.21707238158772657	1.0714367873466817	0.01	4.22
3	34	Rhizosphere	1618.8411992085864	5.91740382404382	0.8009858860622493	3	2024-02-19	20.344394444444443	50.5153725	2.0	0.17247806936086904	0.21707238158772657	1.0714367873466817	0.01	4.22
3	34	Surface	2171.244627321231	6.314553660110963	0.8224080973595304	4	2024-02-19	20.344394444444443	50.5153725	2.0	0.17247806936086904	0.21707238158772657	1.0714367873466817	0.01	4.22
3	35	Deep	2608.3250077757543	6.6299469125297135	0.8428556454075551	3	2024-02-19	20.371795833333334	50.72999222222222	2.0	0.2458421122574722	0.21707238158772657	1.0714367873466817	0.01	4.22
3	35	Rhizosphere	1705.5897548972828	6.288570422811566	0.8462873655769259	3	2024-02-19	20.371795833333334	50.72999222222222	2.0	0.2458421122574722	0.21707238158772657	1.0714367873466817	0.01	4.22
3	35	Surface	1890.3634909137863	5.879853023828911	0.7798496181992665	3	2024-02-19	20.371795833333334	50.72999222222222	2.0	0.2458421122574722	0.21707238158772657	1.0714367873466817	0.01	4.22
3	36	Deep	2314.0845765562876	6.709803723495927	0.8669038420899295	3	2024-02-19	20.42319	51.14483	2.0	0.38764723719611993	0.21707238158772657	1.1096844824714585	0.0	5.66
3	36	Rhizosphere	1179.8804565106045	5.324104947867812	0.7529040377798953	3	2024-02-19	20.42319	51.14483	2.0	0.38764723719611993	0.21707238158772657	1.1096844824714585	0.0	5.66
3	36	Surface	2179.9277475322688	5.83560131651403	0.758851153398082	2	2024-02-19	20.42319	51.14483	2.0	0.38764723719611993	0.21707238158772657	1.1096844824714585	0.0	5.66
3	37	Deep	1830.5971450749505	6.006169764173909	0.8010219131678596	3	2024-02-19	20.454150277777774	51.344883333333335	2.0	0.45603201179329605	0.21707238158772657	1.1096844824714585	0.0	5.66
3	37	Rhizosphere	950.4152567430037	4.43084771260017	0.6472599676859717	3	2024-02-19	20.454150277777774	51.344883333333335	2.0	0.45603201179329605	0.21707238158772657	1.1096844824714585	0.0	5.66
3	37	Surface	1800.7998420794393	6.290503509718357	0.8396838927268181	3	2024-02-19	20.454150277777774	51.344883333333335	2.0	0.45603201179329605	0.21707238158772657	1.1096844824714585	0.0	5.66
3	38	Deep	1838.364944544973	5.899199892952055	0.7846262635215904	2	2024-02-19	20.4610275	51.37022472222223	2.0	0.4646945276248073	0.21707238158772657	1.1096844824714585	0.0	5.66
3	38	Rhizosphere	1474.923448362356	5.471903285045303	0.7498018307571468	3	2024-02-19	20.4610275	51.37022472222223	2.0	0.4646945276248073	0.21707238158772657	1.1096844824714585	0.0	5.66
3	38	Surface	2255.650287834158	6.230482422932211	0.8071145334838478	3	2024-02-19	20.4610275	51.37022472222223	2.0	0.4646945276248073	0.21707238158772657	1.1096844824714585	0.0	5.66
3	39	Deep	1376.0100574120925	5.645271080322546	0.7812733605446589	2	2024-02-19	20.51023	51.59742	2.0	0.5423573068522225	0.21707238158772657	1.033267824768617	0.0	8.450000000000001
3	39	Rhizosphere	1373.4231796078573	5.141956242688881	0.7129259754026176	2	2024-02-19	20.51023	51.59742	2.0	0.5423573068522225	0.21707238158772657	1.033267824768617	0.0	8.450000000000001
3	39	Surface	1482.464100552798	5.497981633611329	0.7532150846401141	3	2024-02-19	20.51023	51.59742	2.0	0.5423573068522225	0.21707238158772657	1.033267824768617	0.0	8.450000000000001
3	40	Deep	1812.4394460261901	6.022109200834465	0.8036395902095632	4	2024-02-19	20.54718	51.82559	2.0	0.6203532780257629	0.21707238158772657	1.033267824768617	0.0	8.450000000000001
3	40	Rhizosphere	1683.26799444924	6.004055050778477	0.8096488236441773	3	2024-02-19	20.54718	51.82559	2.0	0.6203532780257629	0.21707238158772657	1.033267824768617	0.0	8.450000000000001
3	40	Surface	1640.0105334508137	5.973153130639697	0.8070611108660808	3	2024-02-19	20.54718	51.82559	2.0	0.6203532780257629	0.21707238158772657	1.033267824768617	0.0	8.450000000000001
3	41	Deep	432.9849204815815	3.741664224656489	0.6163505545577868	2	2024-02-19	20.539777222222224	51.94610583333333	2.0	0.6615495328472626	0.21707238158772657	1.033267824768617	0.0	8.450000000000001
3	41	Rhizosphere	1110.4760298422348	5.605245988299346	0.799260257542458	2	2024-02-19	20.539777222222224	51.94610583333333	2.0	0.6615495328472626	0.21707238158772657	1.033267824768617	0.0	8.450000000000001
3	42	Deep	2330.0116975551423	6.481435030113012	0.8369188705997233	3	2024-02-20	20.55516	52.12403	3.0	0.7223698342646704	0.9406469868801484	0.705394471416723	0.0	8.45
3	42	Rhizosphere	1354.0232123865492	5.640502011196392	0.7839939738612878	3	2024-02-20	20.55516	52.12403	3.0	0.7223698342646704	0.9406469868801484	0.705394471416723	0.0	8.45
3	42	Surface	1676.9561529487	5.502720268575023	0.741867570883473	3	2024-02-20	20.55516	52.12403	3.0	0.7223698342646704	0.9406469868801484	0.705394471416723	0.0	8.45
3	43	Deep	1371.6119274333005	5.635999303932265	0.7806903583863656	4	2024-02-20	20.56757555555556	52.22413277777778	3.0	0.7565882388312106	0.9406469868801484	0.8189979158605011	0.0	10.680000000000001
3	43	Rhizosphere	1342.0756094773194	6.017551654209188	0.8360839867753495	3	2024-02-20	20.56757555555556	52.22413277777778	3.0	0.7565882388312106	0.9406469868801484	0.8189979158605011	0.0	10.680000000000001
3	43	Surface	1449.1995379808243	5.1734240017175095	0.7104673612104225	3	2024-02-20	20.56757555555556	52.22413277777778	3.0	0.7565882388312106	0.9406469868801484	0.8189979158605011	0.0	10.680000000000001
3	44	Deep	1304.3200690777987	6.062959606821661	0.853407085511175	3	2024-02-20	20.56783	52.41036	3.0	0.8202467962935082	0.9406469868801484	0.8189979158605011	0.0	10.680000000000001
3	44	Rhizosphere	717.2664431039684	4.276685978717749	0.652316634498923	3	2024-02-20	20.56783	52.41036	3.0	0.8202467962935082	0.9406469868801484	0.8189979158605011	0.0	10.680000000000001
3	44	Surface	1446.0296162082993	5.7938849842479465	0.7968335004507784	3	2024-02-20	20.56783	52.41036	3.0	0.8202467962935082	0.9406469868801484	0.8189979158605011	0.0	10.680000000000001
3	45	Deep	1705.3079887087358	5.962789050487433	0.8014432349522697	3	2024-02-20	20.56346	52.46776	3.0	0.8398679942834338	0.9406469868801484	0.8189979158605011	0.0	10.680000000000001
3	45	Rhizosphere	2200.2589804770346	6.705176788046319	0.8713884466749681	3	2024-02-20	20.56346	52.46776	3.0	0.8398679942834338	0.9406469868801484	0.8189979158605011	0.0	10.680000000000001
3	45	Surface	826.3885570057214	4.479381052902924	0.6722379830460867	3	2024-02-20	20.56346	52.46776	3.0	0.8398679942834338	0.9406469868801484	0.8189979158605011	0.0	10.680000000000001
3	46	Deep	1299.230143463071	5.721940515696714	0.7980917540956468	1	2024-02-20	20.553746111111117	52.66920777777778	3.0	0.9087294356145886	0.9406469868801484	0.8189979158605011	0.0	10.680000000000001
3	46	Surface	72.87472173159911	3.2813298747937614	0.765103148603125	1	2024-02-20	20.553746111111117	52.66920777777778	3.0	0.9087294356145886	0.9406469868801484	0.8189979158605011	0.0	10.680000000000001
3	47	Deep	561.6579112387826	4.274931783309475	0.6752751061784981	2	2024-02-20	20.54181555555556	52.86878583333333	3.0	0.9769517447173712	0.9406469868801484	0.9806870540968426	0.0	12.23
3	47	Rhizosphere	88.83397262056053	3.643421238623239	0.8162232044604076	4	2024-02-20	20.54181555555556	52.86878583333333	3.0	0.9769517447173712	0.9406469868801484	0.9806870540968426	0.0	12.23
3	47	Surface	24.99999999999981	2.6796441065151626	0.832478247782326	1	2024-02-20	20.54181555555556	52.86878583333333	3.0	0.9769517447173712	0.9406469868801484	0.9806870540968426	0.0	12.23
3	48	Deep	1068.6131619626221	5.235426620248774	0.7572418854980874	3	2024-02-20	20.56864833333333	53.09404833333333	3.0	1.0539538372645083	0.9406469868801484	0.9806870540968426	0.0	12.23
3	48	Rhizosphere	352.94900161848386	4.675919888336726	0.8068050200861883	4	2024-02-20	20.56864833333333	53.09404833333333	3.0	1.0539538372645083	0.9406469868801484	0.9806870540968426	0.0	12.23
3	48	Surface	858.9872081527086	5.100916048833173	0.755889240591746	3	2024-02-20	20.56864833333333	53.09404833333333	3.0	1.0539538372645083	0.9406469868801484	0.9806870540968426	0.0	12.23
3	49	Deep	1013.1591418858761	4.8530849499736	0.7018607227716154	3	2024-02-20	20.644662222222223	53.28794	3.0	1.1202323526001048	0.9406469868801484	0.9806870540968426	0.0	12.23
3	49	Rhizosphere	733.4992721879375	5.591226600659589	0.8849349443902671	3	2024-02-20	20.644662222222223	53.28794	3.0	1.1202323526001048	0.9406469868801484	0.9806870540968426	0.0	12.23
3	49	Surface	595.8858506458298	4.7987133395442045	0.778852881923901	3	2024-02-20	20.644662222222223	53.28794	3.0	1.1202323526001048	0.9406469868801484	0.9806870540968426	0.0	12.23
3	50	Deep	1122.845880257987	5.595154378954558	0.7979685122613008	3	2024-02-20	20.71385	53.4123	3.0	1.16274266936016	0.9406469868801484	0.9806870540968426	0.0	12.23
3	50	Rhizosphere	1487.2866202418265	5.884309571956627	0.8064227265532619	3	2024-02-20	20.71385	53.4123	3.0	1.16274266936016	0.9406469868801484	0.9806870540968426	0.0	12.23
3	50	Surface	1592.3662841093894	5.8678271754774105	0.7999663042272154	2	2024-02-20	20.71385	53.4123	3.0	1.16274266936016	0.9406469868801484	0.9806870540968426	0.0	12.23
3	51	Deep	581.9295550924486	5.219498393303304	0.819857356940874	1	2024-02-20	20.7987	53.487	3.0	1.1882775733644704	0.9406469868801484	1.4634902843645599	0.0	11.44
3	51	Rhizosphere	938.1810563243884	5.708759041565449	0.8384872844428743	3	2024-02-20	20.7987	53.487	3.0	1.1882775733644704	0.9406469868801484	1.4634902843645599	0.0	11.44
3	51	Surface	619.3594380835654	5.320683031468111	0.8276493423501379	2	2024-02-20	20.7987	53.487	3.0	1.1882775733644704	0.9406469868801484	1.4634902843645599	0.0	11.44
3	52	Surface	111.12907515887842	3.7328873342432876	0.8111878074437017	4	2024-02-20	20.851514166666668	53.75788444444444	3.0	1.2808747391629944	0.9406469868801484	1.4634902843645599	0.0	11.44
3	53	Deep	126.54227379218638	3.8014869389386994	0.8386687005713845	3	2024-02-21	20.851514166666668	53.75788444444444	4.0	1.2808747391629944	1.66422159217257	0.998148530055061	0.0	11.440000000000001
3	53	Rhizosphere	1458.2814900085204	5.849047752168181	0.8028876518916378	1	2024-02-21	20.851514166666668	53.75788444444444	4.0	1.2808747391629944	1.66422159217257	0.998148530055061	0.0	11.440000000000001
3	53	Surface	205.16188172489151	4.717959326040593	0.8862015695250943	1	2024-02-21	20.851514166666668	53.75788444444444	4.0	1.2808747391629944	1.66422159217257	0.998148530055061	0.0	11.440000000000001
3	54	Rhizosphere	424.3094744186412	4.54176949589219	0.7506482453862274	1	2024-02-21	20.92017888888889	53.962204444444446	4.0	1.350718000021907	1.66422159217257	0.998148530055061	0.0	11.440000000000001
3	55	Surface	449.0821295177003	4.004819964285463	0.7482276528600338	2	2024-02-21	20.9022725	54.0024376	4.0	1.3644710089228653	1.66422159217257	0.998148530055061	0.0	11.440000000000001
3	56	Surface	68.59764348613164	2.690985689724857	0.6349752811579168	4	2024-02-21	20.82158083333333	54.22385916666667	4.0	1.4401601447905688	1.66422159217257	1.0239820475942614	0.0	11.010000000000002
3	57	Deep	74.01649108386852	2.756038017914311	0.649345260957382	2	2024-02-21	20.7349775	54.41764333333333	4.0	1.5064019131090218	1.66422159217257	1.2049728254828866	0.0	19.790000000000003
3	57	Rhizosphere	862.9321176055411	5.161235093986385	0.7714031265580074	3	2024-02-21	20.7349775	54.41764333333333	4.0	1.5064019131090218	1.66422159217257	1.2049728254828866	0.0	19.790000000000003
3	57	Surface	92.70949938555536	2.657222560061575	0.5890897158234922	2	2024-02-21	20.7349775	54.41764333333333	4.0	1.5064019131090218	1.66422159217257	1.2049728254828866	0.0	19.790000000000003
3	58	Rhizosphere	612.3547956424349	4.7976825512908485	0.7478458527106976	3	2024-02-21	20.66540111111111	54.59327444444445	4.0	1.5664383731142792	1.66422159217257	1.2049728254828866	0.0	19.790000000000003
3	58	Surface	923.944053625911	5.1582082393643205	0.7933181386578256	4	2024-02-21	20.66540111111111	54.59327444444445	4.0	1.5664383731142792	1.66422159217257	1.2049728254828866	0.0	19.790000000000003
3	59	Deep	113.80909734855592	3.1540409431417467	0.6776830023342834	2	2024-02-21	20.65626	54.63586805555556	4.0	1.5809982629525559	1.66422159217257	1.2049728254828866	0.0	19.790000000000003
3	59	Rhizosphere	104.47391107284184	2.896369439412186	0.6345388390989117	2	2024-02-21	20.65626	54.63586805555556	4.0	1.5809982629525559	1.66422159217257	1.2049728254828866	0.0	19.790000000000003
3	59	Surface	68.50567114388431	2.715945930466213	0.6263628347043388	4	2024-02-21	20.65626	54.63586805555556	4.0	1.5809982629525559	1.66422159217257	1.2049728254828866	0.0	19.790000000000003
3	60	Rhizosphere	222.30901859631112	3.977044430600214	0.7425012838831692	5	2024-02-21	20.70637444444444	54.73210555555556	4.0	1.6138953891120584	1.66422159217257	1.2346503772017077	0.0	20.150000000000002
3	60	Surface	304.2011650889954	5.2422189987614365	0.9257066161669547	4	2024-02-21	20.70637444444444	54.73210555555556	4.0	1.6138953891120584	1.66422159217257	1.2346503772017077	0.0	20.150000000000002
4	1	Deep	2099.849102748373	6.353534714140528	0.8305685875259162	1	2024-08-29	19.14977055555556	45.166511388888885	0.0	-1.6570359752314114	-0.9217976907429088	4.641161669694273	2.75	25.779999999999998
4	1	Rhizosphere	627.6327133523467	4.583465013367976	0.7115021621375879	1	2024-08-29	19.14977055555556	45.166511388888885	0.0	-1.6570359752314114	-0.9217976907429088	4.641161669694273	2.75	25.779999999999998
4	1	Surface	1811.388876497541	6.116664127421251	0.8153541870563047	1	2024-08-29	19.14977055555556	45.166511388888885	0.0	-1.6570359752314114	-0.9217976907429088	4.641161669694273	2.75	25.779999999999998
4	2	Deep	819.059846514853	5.964683413041789	0.8891687055389736	1	2024-08-29	19.203468333333333	45.2447675	0.0	-1.6302511890753282	-0.9217976907429088	4.641161669694273	2.75	25.779999999999998
4	2	Surface	2693.345291277066	6.691177944810439	0.8471411850227119	1	2024-08-29	19.203468333333333	45.2447675	0.0	-1.6302511890753282	-0.9217976907429088	4.641161669694273	2.75	25.779999999999998
4	3	Deep	1480.5127149798952	6.603762923669139	0.9046072464681512	1	2024-08-29	19.301079444444444	45.384414166666666	0.0	-1.5824542049041446	-0.9217976907429088	0.9439230875273192	0.5	7.3500000000000005
4	3	Rhizosphere	1433.5113683665638	4.9272972498739165	0.6779550223268779	1	2024-08-29	19.301079444444444	45.384414166666666	0.0	-1.5824542049041446	-0.9217976907429088	0.9439230875273192	0.5	7.3500000000000005
4	3	Surface	815.831018805808	6.125155026995071	0.9136285320180738	1	2024-08-29	19.301079444444444	45.384414166666666	0.0	-1.5824542049041446	-0.9217976907429088	0.9439230875273192	0.5	7.3500000000000005
4	4	Deep	2705.047959715724	6.924245243251809	0.8761678898299238	1	2024-08-29	19.379571666666667	45.55182694444444	0.0	-1.5251536901084808	-0.9217976907429088	0.9439230875273192	0.5	7.3500000000000005
4	4	Rhizosphere	1793.0227210866128	6.094916872887098	0.8135604634391147	1	2024-08-29	19.379571666666667	45.55182694444444	0.0	-1.5251536901084808	-0.9217976907429088	0.9439230875273192	0.5	7.3500000000000005
4	4	Surface	2304.9091556447324	6.377092757676245	0.8236162118475885	1	2024-08-29	19.379571666666667	45.55182694444444	0.0	-1.5251536901084808	-0.9217976907429088	0.9439230875273192	0.5	7.3500000000000005
4	5	Deep	922.6052525259064	5.760700443372139	0.8437865022011796	1	2024-08-29	19.407155277777772	45.65950138888888	0.0	-1.4882998658132234	-0.9217976907429088	0.9439230875273192	0.5	7.3500000000000005
4	5	Rhizosphere	1352.6663898853228	6.164922994825995	0.855071535173527	1	2024-08-29	19.407155277777772	45.65950138888888	0.0	-1.4882998658132234	-0.9217976907429088	0.9439230875273192	0.5	7.3500000000000005
4	5	Surface	1419.8296434737151	6.106081346858195	0.8412559319008026	1	2024-08-29	19.407155277777772	45.65950138888888	0.0	-1.4882998658132234	-0.9217976907429088	0.9439230875273192	0.5	7.3500000000000005
4	6	Deep	2484.739641680741	6.796862984877929	0.8693949588444126	1	2024-08-29	19.405739166666667	45.8161425	0.0	-1.4346861785906975	-0.9217976907429088	0.9439230875273192	0.5	7.3500000000000005
4	6	Rhizosphere	2476.8888430602838	6.411481530516406	0.8204324531789383	1	2024-08-29	19.405739166666667	45.8161425	0.0	-1.4346861785906975	-0.9217976907429088	0.9439230875273192	0.5	7.3500000000000005
4	6	Surface	2701.115471339674	6.661456725094004	0.8430708198323126	1	2024-08-29	19.405739166666667	45.8161425	0.0	-1.4346861785906975	-0.9217976907429088	0.9439230875273192	0.5	7.3500000000000005
4	7	Deep	2337.4210606518927	7.108616721292463	0.9164363556054146	1	2024-08-29	19.407005277777778	45.95394361111112	0.0	-1.3875208742997487	-0.9217976907429088	0.3708391934552535	0.16	8.559999999999999
4	7	Rhizosphere	1799.7202134969252	6.328377114500976	0.844302974749017	1	2024-08-29	19.407005277777778	45.95394361111112	0.0	-1.3875208742997487	-0.9217976907429088	0.3708391934552535	0.16	8.559999999999999
4	7	Surface	1740.8319281883412	6.76246422511304	0.906239202435224	1	2024-08-29	19.407005277777778	45.95394361111112	0.0	-1.3875208742997487	-0.9217976907429088	0.3708391934552535	0.16	8.559999999999999
4	8	Deep	1267.1716241167544	6.067506811133061	0.8492505576442533	1	2024-08-29	19.393154166666665	46.11073472222223	0.0	-1.3338558464487897	-0.9217976907429088	0.3708391934552535	0.16	8.559999999999999
4	8	Rhizosphere	2339.040162136229	6.637149742968954	0.8555788874143608	1	2024-08-29	19.393154166666665	46.11073472222223	0.0	-1.3338558464487897	-0.9217976907429088	0.3708391934552535	0.16	8.559999999999999
4	8	Surface	858.203807711838	5.970346007258758	0.8838617324416924	1	2024-08-29	19.393154166666665	46.11073472222223	0.0	-1.3338558464487897	-0.9217976907429088	0.3708391934552535	0.16	8.559999999999999
4	9	Deep	1586.589240789281	5.881963056085239	0.798166670537462	1	2024-08-29	19.411200277777777	46.30267361111111	0.0	-1.2681607586028707	-0.9217976907429088	0.3708391934552535	0.16	8.559999999999999
4	9	Rhizosphere	674.6058824224224	5.093271029897695	0.7818806335357867	1	2024-08-29	19.411200277777777	46.30267361111111	0.0	-1.2681607586028707	-0.9217976907429088	0.3708391934552535	0.16	8.559999999999999
4	9	Surface	1672.5306242460838	6.1958488266800105	0.8347845737428872	1	2024-08-29	19.411200277777777	46.30267361111111	0.0	-1.2681607586028707	-0.9217976907429088	0.3708391934552535	0.16	8.559999999999999
4	10	Deep	1852.9880858922495	6.139390696495916	0.8159141454113936	1	2024-08-29	19.420469722222222	46.46079527777778	0.0	-1.214040320362636	-0.9217976907429088	0.3708391934552535	0.16	8.559999999999999
4	10	Rhizosphere	377.3712113847758	3.3025685354410736	0.5566224296096733	1	2024-08-29	19.420469722222222	46.46079527777778	0.0	-1.214040320362636	-0.9217976907429088	0.3708391934552535	0.16	8.559999999999999
4	10	Surface	2132.0827447350925	6.283618337633388	0.819796156526908	1	2024-08-29	19.420469722222222	46.46079527777778	0.0	-1.214040320362636	-0.9217976907429088	0.3708391934552535	0.16	8.559999999999999
4	11	Deep	1633.779651747884	6.459004331847418	0.8729975194378369	1	2024-08-29	19.44435222222222	46.6356325	0.0	-1.154198634609859	-0.9217976907429088	0.30143935484378864	0.12	7.82
4	11	Rhizosphere	1620.429152609462	6.022684181478236	0.8149283460345311	1	2024-08-29	19.44435222222222	46.6356325	0.0	-1.154198634609859	-0.9217976907429088	0.30143935484378864	0.12	7.82
4	11	Surface	611.7809478146437	5.858415978396275	0.9130414956459691	1	2024-08-29	19.44435222222222	46.6356325	0.0	-1.154198634609859	-0.9217976907429088	0.30143935484378864	0.12	7.82
4	12	Deep	2006.8653724134924	6.721066496980293	0.8838473796339991	1	2024-08-29	19.47793361111111	46.83437333333334	0.0	-1.086175439414831	-0.9217976907429088	0.30143935484378864	0.12	7.82
4	12	Rhizosphere	2171.2146709867307	6.22594728558695	0.8103492403391491	1	2024-08-29	19.47793361111111	46.83437333333334	0.0	-1.086175439414831	-0.9217976907429088	0.30143935484378864	0.12	7.82
4	12	Surface	1156.347520145321	6.202477859780965	0.8794071800406356	1	2024-08-29	19.47793361111111	46.83437333333334	0.0	-1.086175439414831	-0.9217976907429088	0.30143935484378864	0.12	7.82
4	13	Deep	1570.1803523699318	6.609463819196131	0.8981536254627509	1	2024-08-29	19.52934611111111	47.05328444444445	0.0	-1.0112485459741887	-0.9217976907429088	0.30143935484378864	0.12	7.82
4	13	Rhizosphere	2743.185738703012	6.953695777559904	0.8783384352821965	1	2024-08-29	19.52934611111111	47.05328444444445	0.0	-1.0112485459741887	-0.9217976907429088	0.30143935484378864	0.12	7.82
4	13	Surface	1095.8287403450506	6.288791477240704	0.898492970648165	1	2024-08-29	19.52934611111111	47.05328444444445	0.0	-1.0112485459741887	-0.9217976907429088	0.30143935484378864	0.12	7.82
4	14	Deep	2336.362532774933	6.71733454374162	0.8660431889271722	1	2024-08-29	19.581338055555555	47.2920225	0.0	-0.9295354672819077	-0.9217976907429088	0.26485995244661975	0.08	10.100000000000001
4	14	Rhizosphere	239.0474613393176	3.468795825830496	0.633377731335032	1	2024-08-29	19.581338055555555	47.2920225	0.0	-0.9295354672819077	-0.9217976907429088	0.26485995244661975	0.08	10.100000000000001
4	14	Surface	1990.307616254993	6.1113133032540485	0.8045389036188657	1	2024-08-29	19.581338055555555	47.2920225	0.0	-0.9295354672819077	-0.9217976907429088	0.26485995244661975	0.08	10.100000000000001
4	15	Deep	3412.989789788409	7.394971022945971	0.9089930384905908	1	2024-08-29	19.613749722222224	47.47587194444445	0.0	-0.8666091605124967	-0.9217976907429088	0.26485995244661975	0.08	10.100000000000001
4	15	Rhizosphere	3457.186947265507	7.385921175912815	0.9064470242997462	1	2024-08-29	19.613749722222224	47.47587194444445	0.0	-0.8666091605124967	-0.9217976907429088	0.26485995244661975	0.08	10.100000000000001
4	15	Surface	3041.486888115973	7.263797910675005	0.9056989683460488	1	2024-08-29	19.613749722222224	47.47587194444445	0.0	-0.8666091605124967	-0.9217976907429088	0.26485995244661975	0.08	10.100000000000001
4	16	Deep	2789.5736766965365	6.988248774377627	0.880837194400264	1	2024-08-29	19.64445583333333	47.62611861111111	0.0	-0.8151841052651608	-0.9217976907429088	0.26485995244661975	0.08	10.100000000000001
4	16	Rhizosphere	1675.8220118143288	6.349438556654757	0.8552516205256948	1	2024-08-29	19.64445583333333	47.62611861111111	0.0	-0.8151841052651608	-0.9217976907429088	0.26485995244661975	0.08	10.100000000000001
4	16	Surface	2402.3636680825525	6.986790961079451	0.8975595986127748	1	2024-08-29	19.64445583333333	47.62611861111111	0.0	-0.8151841052651608	-0.9217976907429088	0.26485995244661975	0.08	10.100000000000001
4	17	Deep	2237.356694455998	6.099334066545082	0.7907810463434432	1	2024-08-29	19.67646	47.82730555555556	0.0	-0.7463236775256723	-0.9217976907429088	0.2160957513977656	0.04	10.1
4	17	Rhizosphere	1500.3720888850485	6.375092202822419	0.8716920400225915	1	2024-08-29	19.67646	47.82730555555556	0.0	-0.7463236775256723	-0.9217976907429088	0.2160957513977656	0.04	10.1
4	17	Surface	2224.900523186618	6.61397289381036	0.8581253059776488	1	2024-08-29	19.67646	47.82730555555556	0.0	-0.7463236775256723	-0.9217976907429088	0.2160957513977656	0.04	10.1
4	18	Deep	899.6225125138558	5.788951945446459	0.8510692463741685	1	2024-08-29	19.732518055555555	48.046860555555554	0.0	-0.6711763996837087	-0.9217976907429088	0.2160957513977656	0.04	10.1
4	18	Surface	1713.9531295222123	6.395447581504357	0.858846166717738	1	2024-08-29	19.732518055555555	48.046860555555554	0.0	-0.6711763996837087	-0.9217976907429088	0.2160957513977656	0.04	10.1
4	19	Deep	1529.8490756845697	6.5178136445412775	0.8888423388906285	1	2024-08-29	19.81231916666667	48.24049472222222	0.0	-0.6049010676612188	-0.9217976907429088	0.1585769827782976	0.03	8.25
4	19	Rhizosphere	2443.097107005632	6.781350961754551	0.8692900902751913	1	2024-08-29	19.81231916666667	48.24049472222222	0.0	-0.6049010676612188	-0.9217976907429088	0.1585769827782976	0.03	8.25
4	19	Surface	2370.1439175884534	6.89843646118626	0.8877490023884329	1	2024-08-29	19.81231916666667	48.24049472222222	0.0	-0.6049010676612188	-0.9217976907429088	0.1585769827782976	0.03	8.25
4	20	Deep	1917.2470096369489	6.428882290378126	0.8505336328370026	1	2024-08-29	19.869310833333333	48.42464444444444	0.0	-0.5418719845597009	-0.9217976907429088	0.1585769827782976	0.03	8.25
4	20	Rhizosphere	1179.4257840966586	5.657902928232527	0.7999542680629282	1	2024-08-29	19.869310833333333	48.42464444444444	0.0	-0.5418719845597009	-0.9217976907429088	0.1585769827782976	0.03	8.25
4	20	Surface	2854.2138706956634	7.064559514200382	0.8878921110296518	1	2024-08-29	19.869310833333333	48.42464444444444	0.0	-0.5418719845597009	-0.9217976907429088	0.1585769827782976	0.03	8.25
4	21	Deep	2026.2822347330195	6.561423299362915	0.8617624782424868	1	2024-08-29	19.9011325	48.48646388888889	0.0	-0.5207129903773626	-0.9217976907429088	0.14427470428833072	0.02	8.1
4	21	Rhizosphere	1083.5432423323346	5.369605541768196	0.7684046789417313	1	2024-08-29	19.9011325	48.48646388888889	0.0	-0.5207129903773626	-0.9217976907429088	0.14427470428833072	0.02	8.1
4	21	Surface	2271.9777928374656	6.475178747481713	0.837841431061187	1	2024-08-29	19.9011325	48.48646388888889	0.0	-0.5207129903773626	-0.9217976907429088	0.14427470428833072	0.02	8.1
4	22	Deep	1926.0190723420203	6.089392790651319	0.8051333219903947	1	2024-08-29	19.97866972222222	48.63943555555556	0.0	-0.4683552470467686	-0.9217976907429088	0.14427470428833072	0.02	8.1
4	22	Rhizosphere	1786.8738938387062	6.094239619535446	0.8138432395893552	1	2024-08-29	19.97866972222222	48.63943555555556	0.0	-0.4683552470467686	-0.9217976907429088	0.14427470428833072	0.02	8.1
4	22	Surface	2895.8859628299656	7.029118046914952	0.8818312823691943	1	2024-08-29	19.97866972222222	48.63943555555556	0.0	-0.4683552470467686	-0.9217976907429088	0.14427470428833072	0.02	8.1
4	23	Deep	241.24915026327804	4.929152155428601	0.8985243727131439	1	2024-08-29	20.04926555555556	48.77333138888888	0.0	-0.4225266055246873	-0.9217976907429088	0.14427470428833072	0.02	8.1
4	23	Rhizosphere	400.47403193653554	5.393661007447929	0.9000462190734911	1	2024-08-29	20.04926555555556	48.77333138888888	0.0	-0.4225266055246873	-0.9217976907429088	0.14427470428833072	0.02	8.1
4	23	Surface	1580.6435748462566	6.427701152221683	0.8726664731896445	1	2024-08-29	20.04926555555556	48.77333138888888	0.0	-0.4225266055246873	-0.9217976907429088	0.14427470428833072	0.02	8.1
4	24	Deep	1719.089578626315	5.830864835951341	0.7827136868673658	1	2024-08-29	20.09273861111111	48.89939527777778	0.0	-0.3793786103336283	-0.9217976907429088	0.14427470428833072	0.02	8.1
4	24	Rhizosphere	1995.915004739252	6.675424542975416	0.8784773520433964	1	2024-08-29	20.09273861111111	48.89939527777778	0.0	-0.3793786103336283	-0.9217976907429088	0.14427470428833072	0.02	8.1
4	24	Surface	1642.6048758499917	6.584388471408566	0.8892968861207172	1	2024-08-29	20.09273861111111	48.89939527777778	0.0	-0.3793786103336283	-0.9217976907429088	0.14427470428833072	0.02	8.1
4	25	Deep	2091.030476890971	6.346225375817353	0.8300697395883887	1	2024-08-29	20.100259722222223	48.95421972222223	0.0	-0.36061380079069616	-0.9217976907429088	0.14427470428833072	0.02	8.1
4	25	Rhizosphere	1558.7473410053287	5.761429369124235	0.7836933119945143	1	2024-08-29	20.100259722222223	48.95421972222223	0.0	-0.36061380079069616	-0.9217976907429088	0.14427470428833072	0.02	8.1
4	25	Surface	2125.199127887912	6.526738144640199	0.8518743394467662	1	2024-08-29	20.100259722222223	48.95421972222223	0.0	-0.36061380079069616	-0.9217976907429088	0.14427470428833072	0.02	8.1
4	26	Deep	2220.793814029781	6.514770403695425	0.8454570062516888	1	2024-08-29	20.148753888888887	49.07873861111111	0.0	-0.31799461407253427	-0.9217976907429088	0.13337509435842607	0.0	8.52
4	26	Rhizosphere	456.6982908191888	4.754408197044837	0.7763537488898705	1	2024-08-29	20.148753888888887	49.07873861111111	0.0	-0.31799461407253427	-0.9217976907429088	0.13337509435842607	0.0	8.52
4	26	Surface	2164.3902565422554	6.649183766341992	0.8657910900138951	1	2024-08-29	20.148753888888887	49.07873861111111	0.0	-0.31799461407253427	-0.9217976907429088	0.13337509435842607	0.0	8.52
4	27	Deep	2331.7012444233383	6.776141627536706	0.8738499851077532	1	2024-08-29	20.2038574	49.1959834	0.0	-0.27786513978975286	-0.9217976907429088	0.13337509435842607	0.0	8.52
4	27	Rhizosphere	1858.6576517408653	5.822079257246583	0.7734299998874972	1	2024-08-29	20.2038574	49.1959834	0.0	-0.27786513978975286	-0.9217976907429088	0.13337509435842607	0.0	8.52
4	27	Surface	2691.468844898688	6.8859946145968935	0.8718830154466504	1	2024-08-29	20.2038574	49.1959834	0.0	-0.27786513978975286	-0.9217976907429088	0.13337509435842607	0.0	8.52
4	28	Deep	1726.2677386300006	6.579261011245471	0.8826818926004512	1	2024-08-29	20.24376861111111	49.37088472222222	0.0	-0.21800151447509217	-0.9217976907429088	0.13337509435842607	0.0	8.52
4	28	Rhizosphere	2128.5050659591	6.932255725977208	0.9046192441670852	1	2024-08-29	20.24376861111111	49.37088472222222	0.0	-0.21800151447509217	-0.9217976907429088	0.13337509435842607	0.0	8.52
4	28	Surface	2479.1185876035984	6.93558504788543	0.8873961375401372	1	2024-08-29	20.24376861111111	49.37088472222222	0.0	-0.21800151447509217	-0.9217976907429088	0.13337509435842607	0.0	8.52
4	29	Deep	1724.244727963455	6.776073313942132	0.9092295134449624	1	2024-08-29	20.2597976	49.5675445	0.0	-0.15069060394695213	-0.9217976907429088	0.10237713146253691	0.0	7.15
4	29	Rhizosphere	2762.7152109007816	7.139108355059321	0.9009510426344616	1	2024-08-29	20.2597976	49.5675445	0.0	-0.15069060394695213	-0.9217976907429088	0.10237713146253691	0.0	7.15
4	29	Surface	2387.729445811808	6.728162893466642	0.865013882032985	1	2024-08-29	20.2597976	49.5675445	0.0	-0.15069060394695213	-0.9217976907429088	0.10237713146253691	0.0	7.15
4	30	Deep	1560.7261306304529	6.481283765161268	0.8814587537806295	1	2024-08-30	20.269303055555557	49.68367333333333	1.0	-0.1109430887276974	0.39505615317553244	0.06703712568541215	0.0	7.15
4	30	Rhizosphere	1039.505822635536	5.563752530387081	0.8009432034532461	1	2024-08-30	20.269303055555557	49.68367333333333	1.0	-0.1109430887276974	0.39505615317553244	0.06703712568541215	0.0	7.15
4	30	Surface	2328.983831791424	6.185079477074479	0.7977466834766899	1	2024-08-30	20.269303055555557	49.68367333333333	1.0	-0.1109430887276974	0.39505615317553244	0.06703712568541215	0.0	7.15
4	31	Deep	1938.4059018474093	6.704950087522048	0.8857708857275092	1	2024-08-30	20.29462333333333	49.891405	1.0	-0.03984259330935226	0.39505615317553244	0.060259259452473554	0.0	5.96
4	31	Rhizosphere	684.0817743353686	5.214192286552485	0.7987332128988279	1	2024-08-30	20.29462333333333	49.891405	1.0	-0.03984259330935226	0.39505615317553244	0.060259259452473554	0.0	5.96
4	31	Surface	1111.6732073161795	6.270094652299395	0.8939881635533835	1	2024-08-30	20.29462333333333	49.891405	1.0	-0.03984259330935226	0.39505615317553244	0.060259259452473554	0.0	5.96
4	32	Deep	1387.2661620939516	6.395638151434938	0.8839748899601747	1	2024-08-30	20.310684166666668	50.09302138888889	1.0	0.029164820747843514	0.39505615317553244	0.060259259452473554	0.0	5.96
4	32	Rhizosphere	943.9741643119067	5.2189002047067925	0.7618722530898367	1	2024-08-30	20.310684166666668	50.09302138888889	1.0	0.029164820747843514	0.39505615317553244	0.060259259452473554	0.0	5.96
4	32	Surface	1474.3073826686068	6.392214235842219	0.8761326289398738	1	2024-08-30	20.310684166666668	50.09302138888889	1.0	0.029164820747843514	0.39505615317553244	0.060259259452473554	0.0	5.96
4	33	Deep	1672.0043747717257	6.455529441725924	0.8698089709756711	1	2024-08-30	20.317507777777777	50.30307027777778	1.0	0.10105843380028733	0.39505615317553244	0.060259259452473554	0.0	5.96
4	33	Rhizosphere	1762.0977222764914	6.402307892844839	0.8565808073351487	1	2024-08-30	20.317507777777777	50.30307027777778	1.0	0.10105843380028733	0.39505615317553244	0.060259259452473554	0.0	5.96
4	33	Surface	1807.4969007743869	5.878545061643102	0.7838375457258527	1	2024-08-30	20.317507777777777	50.30307027777778	1.0	0.10105843380028733	0.39505615317553244	0.060259259452473554	0.0	5.96
4	34	Rhizosphere	886.8577815077681	5.1084591369400085	0.7526070248096919	1	2024-08-30	20.344394444444443	50.5153725	1.0	0.17372329718212806	0.39505615317553244	0.03335302908974527	0.0	3.649999999999999
4	34	Surface	824.1791230585217	4.989504252454326	0.7431063464321975	1	2024-08-30	20.344394444444443	50.5153725	1.0	0.17372329718212806	0.39505615317553244	0.03335302908974527	0.0	3.649999999999999
4	35	Deep	1893.5595806603048	6.822115456776757	0.90404482519005	1	2024-08-30	20.371795833333334	50.72999222222222	1.0	0.2471813732733083	0.39505615317553244	0.03335302908974527	0.0	3.649999999999999
4	35	Rhizosphere	2085.162286000224	6.427316160455464	0.8409853331191789	1	2024-08-30	20.371795833333334	50.72999222222222	1.0	0.2471813732733083	0.39505615317553244	0.03335302908974527	0.0	3.649999999999999
4	35	Surface	2403.140740368455	6.937787471548251	0.8912273271468414	1	2024-08-30	20.371795833333334	50.72999222222222	1.0	0.2471813732733083	0.39505615317553244	0.03335302908974527	0.0	3.649999999999999
4	36	Deep	1707.79723440933	6.431221778858599	0.8640678009127235	1	2024-08-30	20.42319	51.14483	1.0	0.3891682546743714	0.39505615317553244	0.1302468882646723	0.11	2.58
4	36	Rhizosphere	1358.7003213575367	5.783971723345025	0.8017388590416137	1	2024-08-30	20.42319	51.14483	1.0	0.3891682546743714	0.39505615317553244	0.1302468882646723	0.11	2.58
4	36	Surface	2096.0503294318646	6.524551977676613	0.8531268335385221	1	2024-08-30	20.42319	51.14483	1.0	0.3891682546743714	0.39505615317553244	0.1302468882646723	0.11	2.58
4	37	Deep	1615.7747106549562	5.976959752617437	0.8090562796911334	1	2024-08-30	20.454150277777774	51.344883333333335	1.0	0.4576406803682145	0.39505615317553244	0.1302468882646723	0.11	2.58
4	37	Rhizosphere	1888.2811454853595	6.089243189008392	0.8072255521807382	1	2024-08-30	20.454150277777774	51.344883333333335	1.0	0.4576406803682145	0.39505615317553244	0.1302468882646723	0.11	2.58
4	37	Surface	1931.2016647467883	6.223556706982971	0.8225800749073883	1	2024-08-30	20.454150277777774	51.344883333333335	1.0	0.4576406803682145	0.39505615317553244	0.1302468882646723	0.11	2.58
4	38	Deep	2203.9124888805222	6.713226778709048	0.8720753399566731	1	2024-08-30	20.4610275	51.37022472222223	1.0	0.4663142992415504	0.39505615317553244	0.1302468882646723	0.11	2.58
4	38	Rhizosphere	1078.577122506031	5.497958814446659	0.7872899176360899	1	2024-08-30	20.4610275	51.37022472222223	1.0	0.4663142992415504	0.39505615317553244	0.1302468882646723	0.11	2.58
4	38	Surface	1887.631313547536	6.12205742925916	0.8116126320921992	1	2024-08-30	20.4610275	51.37022472222223	1.0	0.4663142992415504	0.39505615317553244	0.1302468882646723	0.11	2.58
4	39	Deep	1178.3594721601326	6.358712030565988	0.8991545959783945	1	2024-08-30	20.51023	51.59742	1.0	0.544076621500431	0.39505615317553244	0.410703455741115	0.4	2.82
4	39	Rhizosphere	507.5110351597824	4.507959263742976	0.7236449007134552	1	2024-08-30	20.51023	51.59742	1.0	0.544076621500431	0.39505615317553244	0.410703455741115	0.4	2.82
4	39	Surface	1749.7215336589122	6.222168306267883	0.8332652620642549	1	2024-08-30	20.51023	51.59742	1.0	0.544076621500431	0.39505615317553244	0.410703455741115	0.4	2.82
4	40	Deep	1149.6112372717903	5.749474673456928	0.8158547674171699	1	2024-08-30	20.54718	51.82559	1.0	0.6221725627689119	0.39505615317553244	0.410703455741115	0.4	2.82
4	40	Surface	1129.6156338162696	6.115965028149567	0.8700262564575424	1	2024-08-30	20.54718	51.82559	1.0	0.6221725627689119	0.39505615317553244	0.410703455741115	0.4	2.82
4	41	Deep	1808.974159427779	6.330569043393418	0.8440178939551639	1	2024-08-30	20.539777222222224	51.94610583333333	1.0	0.6634216202344934	0.39505615317553244	0.410703455741115	0.4	2.82
4	41	Rhizosphere	986.6272722097824	4.969698683026702	0.7208424656803194	1	2024-08-30	20.539777222222224	51.94610583333333	1.0	0.6634216202344934	0.39505615317553244	0.410703455741115	0.4	2.82
4	41	Surface	803.1601188416737	5.935438567524782	0.8874023418721826	1	2024-08-30	20.539777222222224	51.94610583333333	1.0	0.6634216202344934	0.39505615317553244	0.410703455741115	0.4	2.82
4	42	Deep	45.994872400746765	3.075878360518262	0.8034097745628295	1	2024-08-30	20.55516	52.12403	1.0	0.7243198771054397	0.39505615317553244	0.410703455741115	0.4	2.82
4	42	Rhizosphere	830.822381140352	5.509120335452107	0.8195149348280039	1	2024-08-30	20.55516	52.12403	1.0	0.7243198771054397	0.39505615317553244	0.410703455741115	0.4	2.82
4	42	Surface	1131.9835780807668	6.159050732602176	0.875894492223598	1	2024-08-30	20.55516	52.12403	1.0	0.7243198771054397	0.39505615317553244	0.410703455741115	0.4	2.82
4	43	Deep	1164.0694615101002	6.02962089500102	0.8540929900365137	1	2024-08-30	20.56757555555556	52.22413277777778	1.0	0.7585821405675325	0.39505615317553244	0.6152719432359186	0.62	2.8200000000000003
4	43	Rhizosphere	233.72118372025548	2.948938821645985	0.5406800765525793	1	2024-08-30	20.56757555555556	52.22413277777778	1.0	0.7585821405675325	0.39505615317553244	0.6152719432359186	0.62	2.8200000000000003
4	43	Surface	723.3584916878349	6.029437499795585	0.915784410044014	1	2024-08-30	20.56757555555556	52.22413277777778	1.0	0.7585821405675325	0.39505615317553244	0.6152719432359186	0.62	2.8200000000000003
4	44	Deep	1945.7336730193797	6.704990391143013	0.8853349029109701	1	2024-08-30	20.56783	52.41036	1.0	0.8223222913728903	0.39505615317553244	0.6152719432359186	0.62	2.8200000000000003
4	44	Rhizosphere	1481.2322814135189	6.069617615443753	0.8313827590677864	1	2024-08-30	20.56783	52.41036	1.0	0.8223222913728903	0.39505615317553244	0.6152719432359186	0.62	2.8200000000000003
4	44	Surface	1263.3686245029558	6.25550252654816	0.8759322503849034	1	2024-08-30	20.56783	52.41036	1.0	0.8223222913728903	0.39505615317553244	0.6152719432359186	0.62	2.8200000000000003
4	45	Deep	1491.1549535344943	6.616562554732242	0.905472186561752	1	2024-08-30	20.56346	52.46776	1.0	0.8419686385211171	0.39505615317553244	0.6152719432359186	0.62	2.8200000000000003
4	45	Rhizosphere	1652.4765010810509	6.0866330941354665	0.8214046104391861	1	2024-08-30	20.56346	52.46776	1.0	0.8419686385211171	0.39505615317553244	0.6152719432359186	0.62	2.8200000000000003
4	45	Surface	1676.8900993621698	6.3324119595419495	0.8528849891130124	1	2024-08-30	20.56346	52.46776	1.0	0.8419686385211171	0.39505615317553244	0.6152719432359186	0.62	2.8200000000000003
4	46	Deep	1645.8661274449414	5.901089748619366	0.7967961359098336	1	2024-08-30	20.553746111111117	52.66920777777778	1.0	0.9109183419089402	0.39505615317553244	0.6152719432359186	0.62	2.8200000000000003
4	46	Rhizosphere	757.8995546844463	5.364712600954548	0.8090900306166681	1	2024-08-30	20.553746111111117	52.66920777777778	1.0	0.9109183419089402	0.39505615317553244	0.6152719432359186	0.62	2.8200000000000003
4	46	Surface	107.51458302645985	3.874023225725844	0.8282027712860617	1	2024-08-30	20.553746111111117	52.66920777777778	1.0	0.9109183419089402	0.39505615317553244	0.6152719432359186	0.62	2.8200000000000003
4	47	Deep	190.12755778750227	4.02333155322156	0.7666854489570861	1	2024-08-30	20.54181555555556	52.86878583333333	1.0	0.9792280938708274	0.39505615317553244	0.8217938530546766	0.8500000000000001	2.2800000000000002
4	47	Rhizosphere	1442.6969165843414	6.242529425632803	0.8581658166354375	1	2024-08-30	20.54181555555556	52.86878583333333	1.0	0.9792280938708274	0.39505615317553244	0.8217938530546766	0.8500000000000001	2.2800000000000002
4	47	Surface	826.5542506731794	5.287629268342009	0.7871699020550654	1	2024-08-30	20.54181555555556	52.86878583333333	1.0	0.9792280938708274	0.39505615317553244	0.8217938530546766	0.8500000000000001	2.2800000000000002
4	48	Deep	7.0	1.64366760367127	0.844678056933526	1	2024-08-30	20.56864833333333	53.09404833333333	1.0	1.0563288826247907	0.39505615317553244	0.8217938530546766	0.8500000000000001	2.2800000000000002
4	48	Rhizosphere	2367.448679345561	6.827552952548083	0.8787557844629521	1	2024-08-30	20.56864833333333	53.09404833333333	1.0	1.0563288826247907	0.39505615317553244	0.8217938530546766	0.8500000000000001	2.2800000000000002
4	48	Surface	1893.4212787201984	6.507742937569525	0.8623935360388235	1	2024-08-30	20.56864833333333	53.09404833333333	1.0	1.0563288826247907	0.39505615317553244	0.8217938530546766	0.8500000000000001	2.2800000000000002
4	49	Deep	262.83522218857763	4.656050882401206	0.8356866310019798	1	2024-08-30	20.644662222222223	53.28794	1.0	1.1226923493927614	0.39505615317553244	0.8217938530546766	0.8500000000000001	2.2800000000000002
4	49	Rhizosphere	291.63410189171447	3.924834514176359	0.6915398740403705	1	2024-08-30	20.644662222222223	53.28794	1.0	1.1226923493927614	0.39505615317553244	0.8217938530546766	0.8500000000000001	2.2800000000000002
4	49	Surface	1765.3321432533746	6.596581074684573	0.8823566097128351	1	2024-08-30	20.644662222222223	53.28794	1.0	1.1226923493927614	0.39505615317553244	0.8217938530546766	0.8500000000000001	2.2800000000000002
4	50	Deep	1334.5447535203564	6.041724635804873	0.8395545534022195	1	2024-08-31	20.71385	53.4123	2.0	1.165257153074878	1.7119099970939737	0.70340511033375	0.8500000000000001	2.2800000000000002
4	50	Rhizosphere	785.4183214819288	3.4868534314418422	0.5230633369648398	1	2024-08-31	20.71385	53.4123	2.0	1.165257153074878	1.7119099970939737	0.70340511033375	0.8500000000000001	2.2800000000000002
4	50	Surface	1140.0288132524788	5.843223894275009	0.8301438563177842	1	2024-08-31	20.71385	53.4123	2.0	1.165257153074878	1.7119099970939737	0.70340511033375	0.8500000000000001	2.2800000000000002
4	51	Deep	984.4666187284282	6.164752744953094	0.8944665273707961	1	2024-08-31	20.7987	53.487	2.0	1.190824786036072	1.7119099970939737	0.5014421401511061	0.6100000000000001	0.9900000000000001
4	51	Rhizosphere	991.3003392632938	4.980202070690677	0.7218711984403487	1	2024-08-31	20.7987	53.487	2.0	1.190824786036072	1.7119099970939737	0.5014421401511061	0.6100000000000001	0.9900000000000001
4	51	Surface	488.6211529686276	5.038202603976307	0.8137174260924355	1	2024-08-31	20.7987	53.487	2.0	1.190824786036072	1.7119099970939737	0.5014421401511061	0.6100000000000001	0.9900000000000001
4	52	Deep	12.0	2.285410834972879	0.9197169781681168	1	2024-08-31	20.82784	53.57835	2.0	1.2220912287536756	1.7119099970939737	0.5014421401511061	0.6100000000000001	0.9900000000000001
4	52	Rhizosphere	644.3199890131299	5.306348448805434	0.8203753991620831	1	2024-08-31	20.82784	53.57835	2.0	1.2220912287536756	1.7119099970939737	0.5014421401511061	0.6100000000000001	0.9900000000000001
4	52	Surface	6.0	1.298287729285816	0.7245881780355028	1	2024-08-31	20.82784	53.57835	2.0	1.2220912287536756	1.7119099970939737	0.5014421401511061	0.6100000000000001	0.9900000000000001
4	53	Rhizosphere	57.19172696524081	2.953391193251761	0.7298795073690145	1	2024-08-31	20.851514166666668	53.75788444444444	2.0	1.2835406367784055	1.7119099970939737	0.5014421401511061	0.6100000000000001	0.9900000000000001
4	53	Surface	4.0	0.5102248813375088	0.3680494530218918	1	2024-08-31	20.851514166666668	53.75788444444444	2.0	1.2835406367784055	1.7119099970939737	0.5014421401511061	0.6100000000000001	0.9900000000000001
4	54	Deep	61.804637650238334	3.309372124754903	0.8024707697591137	1	2024-08-31	20.92017888888889	53.962204444444446	2.0	1.3534734181255428	1.7119099970939737	0.5014421401511061	0.6100000000000001	0.9900000000000001
4	54	Rhizosphere	513.3487333342816	4.92182201263355	0.7886327801143922	1	2024-08-31	20.92017888888889	53.962204444444446	2.0	1.3534734181255428	1.7119099970939737	0.5014421401511061	0.6100000000000001	0.9900000000000001
4	55	Deep	56.008892414508495	2.4118038307909053	0.599129935946966	1	2024-08-31	20.9022725	54.0024376	2.0	1.367244054726815	1.7119099970939737	0.5014421401511061	0.6100000000000001	0.9900000000000001
4	55	Rhizosphere	161.2241043822707	3.2301947352651315	0.635515403033376	1	2024-08-31	20.9022725	54.0024376	2.0	1.367244054726815	1.7119099970939737	0.5014421401511061	0.6100000000000001	0.9900000000000001
4	55	Surface	195.20382211092547	3.633630495759293	0.6889647338121853	1	2024-08-31	20.9022725	54.0024376	2.0	1.367244054726815	1.7119099970939737	0.5014421401511061	0.6100000000000001	0.9900000000000001
4	56	Deep	38.99942517862589	1.64078976508749	0.447869184354453	1	2024-08-31	20.82158083333333	54.22385916666667	2.0	1.4430302039400131	1.7119099970939737	0.5387894309073856	0.53	1.6900000000000002
4	56	Rhizosphere	355.9293195573423	3.0248149031015004	0.5148855837639849	1	2024-08-31	20.82158083333333	54.22385916666667	2.0	1.4430302039400131	1.7119099970939737	0.5387894309073856	0.53	1.6900000000000002
4	56	Surface	442.7648865117605	3.2275031489829944	0.5297033553398898	1	2024-08-31	20.82158083333333	54.22385916666667	2.0	1.4430302039400131	1.7119099970939737	0.5387894309073856	0.53	1.6900000000000002
4	57	Deep	52.09374722077281	3.0854108633813877	0.7805150006313463	1	2024-08-31	20.7349775	54.41764333333333	2.0	1.509356876590936	1.7119099970939737	1.2048739919869371	1.3900000000000001	2.1100000000000003
4	57	Rhizosphere	545.0363648516151	4.855722342421877	0.7706452943265225	1	2024-08-31	20.7349775	54.41764333333333	2.0	1.509356876590936	1.7119099970939737	1.2048739919869371	1.3900000000000001	2.1100000000000003
4	57	Surface	252.52411563879	4.947463089003868	0.8944150863670737	1	2024-08-31	20.7349775	54.41764333333333	2.0	1.509356876590936	1.7119099970939737	1.2048739919869371	1.3900000000000001	2.1100000000000003
4	58	Deep	3.999983423322233	1.0264249272964443	0.7404112896076873	1	2024-08-31	20.66540111111111	54.59327444444445	2.0	1.5694702873734745	1.7119099970939737	1.2048739919869371	1.3900000000000001	2.1100000000000003
4	58	Rhizosphere	74.07064915731222	2.6021213518616264	0.6044389436203258	1	2024-08-31	20.66540111111111	54.59327444444445	2.0	1.5694702873734745	1.7119099970939737	1.2048739919869371	1.3900000000000001	2.1100000000000003
4	58	Surface	67.55426708200372	2.970587878474676	0.7051118841339613	1	2024-08-31	20.66540111111111	54.59327444444445	2.0	1.5694702873734745	1.7119099970939737	1.2048739919869371	1.3900000000000001	2.1100000000000003
4	59	Rhizosphere	424.180233695584	3.572419064152207	0.5904670261106064	1	2024-08-31	20.65626	54.63586805555556	2.0	1.5840488391188672	1.7119099970939737	1.2048739919869371	1.3900000000000001	2.1100000000000003
4	59	Surface	924.2978626440596	4.549761501504422	0.6662378964715625	1	2024-08-31	20.65626	54.63586805555556	2.0	1.5840488391188672	1.7119099970939737	1.2048739919869371	1.3900000000000001	2.1100000000000003
4	60	Deep	258.79549104325287	3.5521078305803453	0.6393238745172306	1	2024-08-31	20.70637444444444	54.73210555555556	2.0	1.616988130646349	1.7119099970939737	1.2160349328127265	1.31	2.5600000000000005
4	60	Rhizosphere	896.7104092385578	5.2735233403240285	0.7756626663354778	1	2024-08-31	20.70637444444444	54.73210555555556	2.0	1.616988130646349	1.7119099970939737	1.2160349328127265	1.31	2.5600000000000005
4	60	Surface	16.768416899109965	1.8048149539447191	0.6401194414229398	1	2024-08-31	20.70637444444444	54.73210555555556	2.0	1.616988130646349	1.7119099970939737	1.2160349328127265	1.31	2.5600000000000005
5	1	Deep	1323.3238667049104	4.923037442116243	0.7024853978966812	2	2025-10-12	19.14977055555556	45.166511388888885	0.0	-1.6570359752314114	-1.2777531299998797	0.00011625957379637161	0.0	27.83
5	1	Rhizosphere	1323.0258783319407	4.605236136320881	0.6422064753949054	3	2025-10-12	19.14977055555556	45.166511388888885	0.0	-1.6570359752314114	-1.2777531299998797	0.00011625957379637161	0.0	27.83
5	2	Deep	2790.8873333470156	6.345004118191633	0.8005083807053879	2	2025-10-12	19.203468333333333	45.2447675	0.0	-1.6302511890753282	-1.2777531299998797	0.00011625957379637161	0.0	27.83
5	2	Rhizosphere	3329.441751985585	6.9302235249116295	0.855261371072463	3	2025-10-12	19.203468333333333	45.2447675	0.0	-1.6302511890753282	-1.2777531299998797	0.00011625957379637161	0.0	27.83
5	2	Surface	2918.5357120743965	6.7789456604789144	0.8498065046029905	2	2025-10-12	19.203468333333333	45.2447675	0.0	-1.6302511890753282	-1.2777531299998797	0.00011625957379637161	0.0	27.83
5	3	Rhizosphere	2146.7381083624477	6.323254328447817	0.8288053004289319	3	2025-10-12	19.301079444444444	45.384414166666666	0.0	-1.5824542049041446	-1.2777531299998797	2.6070249806517746e-05	0.0	6.880000000000001
5	4	Deep	3926.0186271113744	7.0984133951558235	0.8579724303558453	3	2025-10-12	19.379571666666667	45.55182694444444	0.0	-1.5251536901084808	-1.2777531299998797	2.6070249806517746e-05	0.0	6.880000000000001
5	4	Rhizosphere	2432.621611596794	6.048699940235504	0.7759341869423625	3	2025-10-12	19.379571666666667	45.55182694444444	0.0	-1.5251536901084808	-1.2777531299998797	2.6070249806517746e-05	0.0	6.880000000000001
5	4	Surface	3227.5413956230614	6.829713485690903	0.8455164118144629	2	2025-10-12	19.379571666666667	45.55182694444444	0.0	-1.5251536901084808	-1.2777531299998797	2.6070249806517746e-05	0.0	6.880000000000001
5	5	Deep	2796.63123007615	7.032252808603362	0.9050555280480564	2	2025-10-12	19.407155277777772	45.65950138888888	0.0	-1.4882998658132234	-1.2777531299998797	2.6070249806517746e-05	0.0	6.880000000000001
5	5	Rhizosphere	3627.3610816667015	7.178125778040754	0.8760234649517273	4	2025-10-12	19.407155277777772	45.65950138888888	0.0	-1.4882998658132234	-1.2777531299998797	2.6070249806517746e-05	0.0	6.880000000000001
5	5	Surface	3371.334093015643	6.892819061023371	0.8503138582395486	2	2025-10-12	19.407155277777772	45.65950138888888	0.0	-1.4882998658132234	-1.2777531299998797	2.6070249806517746e-05	0.0	6.880000000000001
5	6	Deep	4021.3768107703095	7.550144618852466	0.909723975853291	1	2025-10-12	19.405739166666667	45.8161425	0.0	-1.4346861785906975	-1.2777531299998797	2.6070249806517746e-05	0.0	6.880000000000001
5	6	Rhizosphere	2611.0578909165647	6.251843202167117	0.7954691047078266	3	2025-10-12	19.405739166666667	45.8161425	0.0	-1.4346861785906975	-1.2777531299998797	2.6070249806517746e-05	0.0	6.880000000000001
5	6	Surface	2572.893373000299	6.555350332024031	0.8354672625300599	2	2025-10-12	19.405739166666667	45.8161425	0.0	-1.4346861785906975	-1.2777531299998797	2.6070249806517746e-05	0.0	6.880000000000001
5	7	Deep	2067.3637600251827	6.199059842793029	0.8200073553730368	3	2025-10-12	19.407005277777778	45.95394361111112	0.0	-1.3875208742997487	-1.2777531299998797	9.293302859096033e-06	0.0	6.72
5	7	Rhizosphere	1912.8968673494262	5.990618895922244	0.7926589671918414	5	2025-10-12	19.407005277777778	45.95394361111112	0.0	-1.3875208742997487	-1.2777531299998797	9.293302859096033e-06	0.0	6.72
5	8	Deep	3501.0666273836296	7.30882573976071	0.8955991059957982	1	2025-10-12	19.393154166666665	46.11073472222223	0.0	-1.3338558464487897	-1.2777531299998797	9.293302859096033e-06	0.0	6.72
5	8	Rhizosphere	2736.5459583894312	6.529827143451729	0.8259056138434507	3	2025-10-12	19.393154166666665	46.11073472222223	0.0	-1.3338558464487897	-1.2777531299998797	9.293302859096033e-06	0.0	6.72
5	9	Rhizosphere	2557.46829979574	6.580657066362566	0.8390541578049046	3	2025-10-12	19.411200277777777	46.30267361111111	0.0	-1.2681607586028707	-1.2777531299998797	9.293302859096033e-06	0.0	6.72
5	10	Deep	3058.699101996086	6.291773184969021	0.7839488053720112	1	2025-10-12	19.420469722222222	46.46079527777778	0.0	-1.214040320362636	-1.2777531299998797	9.293302859096033e-06	0.0	6.72
5	10	Rhizosphere	3529.8643000451084	6.28693901737721	0.7696079934558588	1	2025-10-12	19.420469722222222	46.46079527777778	0.0	-1.214040320362636	-1.2777531299998797	9.293302859096033e-06	0.0	6.72
5	11	Deep	3831.803061184261	7.349755497271334	0.8907616853111392	1	2025-10-12	19.44435222222222	46.6356325	0.0	-1.154198634609859	-1.2777531299998797	7.695571263631538e-06	0.0	6.08
5	11	Rhizosphere	3857.3864435268106	6.906257461806541	0.8363224982751576	2	2025-10-12	19.44435222222222	46.6356325	0.0	-1.154198634609859	-1.2777531299998797	7.695571263631538e-06	0.0	6.08
5	11	Surface	2318.049242652288	5.555474044691346	0.716975863148683	1	2025-10-12	19.44435222222222	46.6356325	0.0	-1.154198634609859	-1.2777531299998797	7.695571263631538e-06	0.0	6.08
5	12	Deep	4218.024810299969	7.558703318259936	0.9055460191174528	1	2025-10-12	19.47793361111111	46.83437333333334	0.0	-1.086175439414831	-1.2777531299998797	7.695571263631538e-06	0.0	6.08
5	12	Rhizosphere	2867.998062427369	6.699821114609597	0.8415873247203137	3	2025-10-12	19.47793361111111	46.83437333333334	0.0	-1.086175439414831	-1.2777531299998797	7.695571263631538e-06	0.0	6.08
5	12	Surface	2790.3567489346924	6.564238957294145	0.8280437758836299	2	2025-10-12	19.47793361111111	46.83437333333334	0.0	-1.086175439414831	-1.2777531299998797	7.695571263631538e-06	0.0	6.08
5	13	Rhizosphere	2909.9574189513914	6.572630367786056	0.8281116598596636	2	2025-10-12	19.52934611111111	47.05328444444445	0.0	-1.0112485459741887	-1.2777531299998797	7.695571263631538e-06	0.0	6.08
5	13	Surface	2506.5619593340293	6.641013448685905	0.8485110132747298	1	2025-10-12	19.52934611111111	47.05328444444445	0.0	-1.0112485459741887	-1.2777531299998797	7.695571263631538e-06	0.0	6.08
5	14	Deep	1467.2206440734972	4.812193288310944	0.6600069502206378	1	2025-10-12	19.581338055555555	47.2920225	0.0	-0.9295354672819077	-1.2777531299998797	4.501872257151891e-06	0.0	7.829999999999999
5	14	Rhizosphere	985.0953861242124	4.7294516293159745	0.6869196135247416	3	2025-10-12	19.581338055555555	47.2920225	0.0	-0.9295354672819077	-1.2777531299998797	4.501872257151891e-06	0.0	7.829999999999999
5	14	Surface	2415.0638097471256	6.166826041321032	0.7916863846033763	1	2025-10-12	19.581338055555555	47.2920225	0.0	-0.9295354672819077	-1.2777531299998797	4.501872257151891e-06	0.0	7.829999999999999
5	15	Deep	3418.8613594057533	7.176365251030337	0.8821056030109161	3	2025-10-12	19.613749722222224	47.47587194444445	0.0	-0.8666091605124967	-1.2777531299998797	4.501872257151891e-06	0.0	7.829999999999999
5	15	Rhizosphere	2155.489981981355	6.106256877159358	0.7971123702450521	3	2025-10-12	19.613749722222224	47.47587194444445	0.0	-0.8666091605124967	-1.2777531299998797	4.501872257151891e-06	0.0	7.829999999999999
5	15	Surface	4088.4296774192862	7.3850988849536146	0.8916073420999813	2	2025-10-12	19.613749722222224	47.47587194444445	0.0	-0.8666091605124967	-1.2777531299998797	4.501872257151891e-06	0.0	7.829999999999999
5	16	Deep	2525.116083134065	6.394124967870649	0.8166124147761927	3	2025-10-12	19.64445583333333	47.62611861111111	0.0	-0.8151841052651608	-1.2777531299998797	4.501872257151891e-06	0.0	7.829999999999999
5	16	Rhizosphere	2098.0333669725046	6.260867238102273	0.8217417452624917	5	2025-10-12	19.64445583333333	47.62611861111111	0.0	-0.8151841052651608	-1.2777531299998797	4.501872257151891e-06	0.0	7.829999999999999
5	16	Surface	1330.3162962981423	5.250083726819732	0.7298704548889684	1	2025-10-12	19.64445583333333	47.62611861111111	0.0	-0.8151841052651608	-1.2777531299998797	4.501872257151891e-06	0.0	7.829999999999999
5	17	Deep	3590.714400277846	7.053027974238195	0.8616486867631536	2	2025-10-13	19.67646	47.82730555555556	1.0	-0.7463236775256723	-0.31943828249996986	1.0096431327545984e-06	0.0	7.920000000000001
5	17	Rhizosphere	2252.7342774600443	6.413746943424949	0.8310196374558352	3	2025-10-13	19.67646	47.82730555555556	1.0	-0.7463236775256723	-0.31943828249996986	1.0096431327545984e-06	0.0	7.920000000000001
5	18	Rhizosphere	2316.6574962578543	5.997219643483305	0.7740668775624884	2	2025-10-13	19.732518055555555	48.046860555555554	1.0	-0.6711763996837087	-0.31943828249996986	1.0096431327545984e-06	0.0	7.920000000000001
5	19	Deep	4723.952503511025	7.576051790979564	0.8961365281653522	2	2025-10-13	19.81231916666667	48.24049472222222	1.0	-0.6049010676612188	-0.31943828249996986	1.00856244946001e-06	0.0	6.430000000000001
5	19	Rhizosphere	2153.053088660161	5.944599738052889	0.7746967527479524	3	2025-10-13	19.81231916666667	48.24049472222222	1.0	-0.6049010676612188	-0.31943828249996986	1.00856244946001e-06	0.0	6.430000000000001
5	19	Surface	3188.182459100713	7.008983926988234	0.8688241866167032	1	2025-10-13	19.81231916666667	48.24049472222222	1.0	-0.6049010676612188	-0.31943828249996986	1.00856244946001e-06	0.0	6.430000000000001
5	20	Rhizosphere	2771.361476902688	6.329820434328287	0.8026476025909823	3	2025-10-13	19.869310833333333	48.42464444444444	1.0	-0.5418719845597009	-0.31943828249996986	1.00856244946001e-06	0.0	6.430000000000001
5	20	Surface	2116.28746403586	6.229044500857744	0.8134653199333631	1	2025-10-13	19.869310833333333	48.42464444444444	1.0	-0.5418719845597009	-0.31943828249996986	1.00856244946001e-06	0.0	6.430000000000001
5	21	Deep	3014.567098232974	6.91379697536208	0.8630262550385607	2	2025-10-13	19.9011325	48.48646388888889	1.0	-0.5207129903773626	-0.31943828249996986	5.054699423258683e-07	0.0	6.3
5	21	Rhizosphere	3314.8910480049885	6.643263967037574	0.8202660463857522	6	2025-10-13	19.9011325	48.48646388888889	1.0	-0.5207129903773626	-0.31943828249996986	5.054699423258683e-07	0.0	6.3
5	21	Surface	4238.505461950099	7.46872653484918	0.894247717749789	1	2025-10-13	19.9011325	48.48646388888889	1.0	-0.5207129903773626	-0.31943828249996986	5.054699423258683e-07	0.0	6.3
5	22	Rhizosphere	2994.196445690294	6.723417816259554	0.8399619746198235	1	2025-10-13	19.97866972222222	48.63943555555556	1.0	-0.4683552470467686	-0.31943828249996986	5.054699423258683e-07	0.0	6.3
5	23	Deep	3965.274127849991	7.262563224610426	0.8765568769350641	1	2025-10-13	20.04926555555556	48.77333138888888	1.0	-0.4225266055246873	-0.31943828249996986	5.054699423258683e-07	0.0	6.3
5	23	Rhizosphere	4488.698024867212	7.632462257498734	0.9076217769251262	2	2025-10-13	20.04926555555556	48.77333138888888	1.0	-0.4225266055246873	-0.31943828249996986	5.054699423258683e-07	0.0	6.3
5	24	Deep	2298.2519570864984	5.952291512861044	0.7690394403266119	1	2025-10-13	20.09273861111111	48.89939527777778	1.0	-0.3793786103336283	-0.31943828249996986	5.054699423258683e-07	0.0	6.3
5	24	Rhizosphere	3553.5356240843694	7.3132235888552835	0.8963694625594729	2	2025-10-13	20.09273861111111	48.89939527777778	1.0	-0.3793786103336283	-0.31943828249996986	5.054699423258683e-07	0.0	6.3
5	25	Deep	2995.307175458995	7.006453151375272	0.8752812489071163	1	2025-10-13	20.100259722222223	48.95421972222223	1.0	-0.36061380079069616	-0.31943828249996986	5.054699423258683e-07	0.0	6.3
5	25	Rhizosphere	1840.84382452579	5.869707052525925	0.7807966149465956	3	2025-10-13	20.100259722222223	48.95421972222223	1.0	-0.36061380079069616	-0.31943828249996986	5.054699423258683e-07	0.0	6.3
5	25	Surface	3214.4145734298945	6.806195525499133	0.8428279489707232	2	2025-10-13	20.100259722222223	48.95421972222223	1.0	-0.36061380079069616	-0.31943828249996986	5.054699423258683e-07	0.0	6.3
5	26	Deep	2632.4264551622337	6.922475313079797	0.8796978713216943	2	2025-10-13	20.148753888888887	49.07873861111111	1.0	-0.31799461407253427	-0.31943828249996986	3.277328308031616e-09	0.0	7.02
5	26	Rhizosphere	3385.3699942165395	7.183348433178386	0.8841303621732557	2	2025-10-13	20.148753888888887	49.07873861111111	1.0	-0.31799461407253427	-0.31943828249996986	3.277328308031616e-09	0.0	7.02
5	26	Surface	3287.1200642274266	7.08711490100435	0.8751937186502449	1	2025-10-13	20.148753888888887	49.07873861111111	1.0	-0.31799461407253427	-0.31943828249996986	3.277328308031616e-09	0.0	7.02
5	27	Deep	3806.870162753198	7.072229997860323	0.8578340199096188	2	2025-10-13	20.2038574	49.1959834	1.0	-0.27786513978975286	-0.31943828249996986	3.277328308031616e-09	0.0	7.02
5	27	Rhizosphere	1504.0209675296253	5.774027523298861	0.78983315868612	3	2025-10-13	20.2038574	49.1959834	1.0	-0.27786513978975286	-0.31943828249996986	3.277328308031616e-09	0.0	7.02
5	28	Deep	3217.2498907094823	7.159380854738776	0.8883998597836136	2	2025-10-13	20.24376861111111	49.37088472222222	1.0	-0.21800151447509217	-0.31943828249996986	3.277328308031616e-09	0.0	7.02
5	28	Rhizosphere	2622.5739001587012	5.1801697208209445	0.6574805883273785	3	2025-10-13	20.24376861111111	49.37088472222222	1.0	-0.21800151447509217	-0.31943828249996986	3.277328308031616e-09	0.0	7.02
5	29	Rhizosphere	2917.3227343843964	6.934633604588212	0.8695288143797317	2	2025-10-13	20.2597976	49.5675445	1.0	-0.15069060394695213	-0.31943828249996986	2.1080343567983054e-09	0.0	5.64
5	30	Rhizosphere	2005.2917846489343	5.937283818291007	0.7806750172468814	3	2025-10-13	20.269303055555557	49.68367333333333	1.0	-0.1109430887276974	-0.31943828249996986	2.1080343567983054e-09	0.0	5.64
5	30	Surface	3256.7133036397304	7.191496779468096	0.8891042955666956	1	2025-10-13	20.269303055555557	49.68367333333333	1.0	-0.1109430887276974	-0.31943828249996986	2.1080343567983054e-09	0.0	5.64
5	31	Deep	2649.313049106391	6.734246898409106	0.8543652705934524	2	2025-10-13	20.29462333333333	49.891405	1.0	-0.03984259330935226	-0.31943828249996986	2.444885358792752e-09	0.0	6.06
5	32	Rhizosphere	3567.559989946089	6.995003754304001	0.8577889127295019	3	2025-10-13	20.310684166666668	50.09302138888889	1.0	0.029164820747843514	-0.31943828249996986	2.444885358792752e-09	0.0	6.06
5	33	Rhizosphere	1947.7517188517206	6.141099408660853	0.8106614238176971	3	2025-10-13	20.317507777777777	50.30307027777778	1.0	0.10105843380028733	-0.31943828249996986	2.444885358792752e-09	0.0	6.06
5	34	Deep	2886.4064137975643	6.82232608113885	0.8562406014815208	1	2025-10-13	20.344394444444443	50.5153725	1.0	0.17372329718212806	-0.31943828249996986	5.066030248353009e-07	0.0	7.02
5	34	Rhizosphere	2305.003142157475	6.033785119539374	0.7797252259842739	3	2025-10-13	20.344394444444443	50.5153725	1.0	0.17372329718212806	-0.31943828249996986	5.066030248353009e-07	0.0	7.02
5	35	Deep	3273.628364263261	6.80519595781961	0.8408063596246166	1	2025-10-14	20.371795833333334	50.72999222222222	2.0	0.2471813732733083	0.6388765649999399	3.186182137569659e-07	0.0	7.02
5	35	Rhizosphere	1240.7440687084197	5.605866442578293	0.7876924427719115	4	2025-10-14	20.371795833333334	50.72999222222222	2.0	0.2471813732733083	0.6388765649999399	3.186182137569659e-07	0.0	7.02
5	37	Deep	1131.169494123185	6.408266412661558	0.911429346402898	1	2025-10-14	20.454150277777774	51.344883333333335	2.0	0.4576406803682145	0.6388765649999399	9.024758173915084e-06	0.0	9.82
5	37	Rhizosphere	2139.974633260439	5.906517789373154	0.773054108347681	2	2025-10-14	20.454150277777774	51.344883333333335	2.0	0.4576406803682145	0.6388765649999399	9.024758173915084e-06	0.0	9.82
5	38	Rhizosphere	1008.5687546106752	5.701239674816281	0.8243208007081697	1	2025-10-14	20.4610275	51.37022472222223	2.0	0.4663142992415504	0.6388765649999399	9.024758173915084e-06	0.0	9.82
5	38	Surface	1667.6197885177514	6.016920658868115	0.8109983677664729	1	2025-10-14	20.4610275	51.37022472222223	2.0	0.4663142992415504	0.6388765649999399	9.024758173915084e-06	0.0	9.82
5	39	Deep	2540.1956189389657	6.572182024905754	0.8383354673203042	2	2025-10-14	20.51023	51.59742	2.0	0.544076621500431	0.6388765649999399	4.047609497155901e-05	0.0	13.069999999999999
5	39	Rhizosphere	2425.7371865801547	6.678230762618817	0.8577467305837553	3	2025-10-14	20.51023	51.59742	2.0	0.544076621500431	0.6388765649999399	4.047609497155901e-05	0.0	13.069999999999999
5	39	Surface	1373.8279320092277	6.419179040771728	0.8884238829643207	1	2025-10-14	20.51023	51.59742	2.0	0.544076621500431	0.6388765649999399	4.047609497155901e-05	0.0	13.069999999999999
5	40	Deep	3330.2225288924565	7.595856362851694	0.9365120088622324	1	2025-10-14	20.54718	51.82559	2.0	0.6221725627689119	0.6388765649999399	4.047609497155901e-05	0.0	13.069999999999999
5	40	Rhizosphere	2910.9170571958653	6.949973584697122	0.8722957691553797	3	2025-10-14	20.54718	51.82559	2.0	0.6221725627689119	0.6388765649999399	4.047609497155901e-05	0.0	13.069999999999999
5	40	Surface	3275.519799241032	7.027629260483111	0.8682268297085606	1	2025-10-14	20.54718	51.82559	2.0	0.6221725627689119	0.6388765649999399	4.047609497155901e-05	0.0	13.069999999999999
5	41	Deep	531.6687514041516	4.973780581487745	0.7925054522130622	1	2025-10-14	20.539777222222224	51.94610583333333	2.0	0.6634216202344934	0.6388765649999399	4.047609497155901e-05	0.0	13.069999999999999
5	42	Rhizosphere	1786.887644628054	6.171353809949757	0.8241404554825936	1	2025-10-14	20.55516	52.12403	2.0	0.7243198771054397	0.6388765649999399	4.047609497155901e-05	0.0	13.069999999999999
5	42	Surface	1970.486067754058	6.663987445034155	0.8784545527133302	1	2025-10-14	20.55516	52.12403	2.0	0.7243198771054397	0.6388765649999399	4.047609497155901e-05	0.0	13.069999999999999
5	43	Deep	3345.4957512961996	6.945768451962603	0.8559832383391489	3	2025-10-14	20.56757555555556	52.22413277777778	2.0	0.7585821405675325	0.6388765649999399	0.005810230593058209	0.0	13.989999999999998
5	43	Rhizosphere	2612.6395733105996	6.611621280606257	0.8405819982566266	3	2025-10-14	20.56757555555556	52.22413277777778	2.0	0.7585821405675325	0.6388765649999399	0.005810230593058209	0.0	13.989999999999998
5	44	Deep	1490.3530644846091	6.131545945614184	0.8391597586365174	1	2025-10-14	20.56783	52.41036	2.0	0.8223222913728903	0.6388765649999399	0.005810230593058209	0.0	13.989999999999998
5	44	Rhizosphere	3974.2336819044503	7.200224559342091	0.8736117047794237	2	2025-10-14	20.56783	52.41036	2.0	0.8223222913728903	0.6388765649999399	0.005810230593058209	0.0	13.989999999999998
5	45	Deep	982.4715047742679	4.3648466771831345	0.6344331904515554	3	2025-10-14	20.56346	52.46776	2.0	0.8419686385211171	0.6388765649999399	0.005810230593058209	0.0	13.989999999999998
5	45	Rhizosphere	779.8623699511089	4.280994559744088	0.6472568269113106	3	2025-10-14	20.56346	52.46776	2.0	0.8419686385211171	0.6388765649999399	0.005810230593058209	0.0	13.989999999999998
5	45	Surface	2173.1680520838568	6.05571879949082	0.7881006051788959	1	2025-10-14	20.56346	52.46776	2.0	0.8419686385211171	0.6388765649999399	0.005810230593058209	0.0	13.989999999999998
5	46	Rhizosphere	1696.6567359369299	5.802530513214378	0.7808132523414142	3	2025-10-14	20.553746111111117	52.66920777777778	2.0	0.9109183419089402	0.6388765649999399	0.005810230593058209	0.0	13.989999999999998
5	47	Rhizosphere	2339.6514345798937	6.313800049425205	0.8140090343691352	3	2025-10-14	20.54181555555556	52.86878583333333	2.0	0.9792280938708274	0.6388765649999399	0.008706636760626423	0.0	13.549999999999999
5	48	Deep	1155.764994547885	5.2469388584812	0.7449992878012562	3	2025-10-14	20.56864833333333	53.09404833333333	2.0	1.0563288826247907	0.6388765649999399	0.008706636760626423	0.0	13.549999999999999
5	48	Rhizosphere	1079.0700785114573	5.110546220601828	0.7317658064031882	1	2025-10-14	20.56864833333333	53.09404833333333	2.0	1.0563288826247907	0.6388765649999399	0.008706636760626423	0.0	13.549999999999999
5	49	Deep	1705.5788695448184	4.892507637722977	0.6574484375274625	1	2025-10-14	20.644662222222223	53.28794	2.0	1.1226923493927614	0.6388765649999399	0.008706636760626423	0.0	13.549999999999999
5	50	Rhizosphere	1999.436634892967	6.052954006202184	0.7963762718077108	1	2025-10-14	20.71385	53.4123	2.0	1.165257153074878	0.6388765649999399	0.008706636760626423	0.0	13.549999999999999
5	51	Rhizosphere	1125.8339136257198	5.347137579313924	0.7673251596276234	2	2025-10-15	20.7987	53.487	3.0	1.190824786036072	1.5971914124998499	0.04783358764837791	0.0	11.769999999999998
5	53	Rhizosphere	360.863279158352	2.159099743715343	0.3666638451662519	1	2025-10-15	20.851514166666668	53.75788444444444	3.0	1.2835406367784055	1.5971914124998499	0.04783358764837791	0.0	11.769999999999998
5	54	Rhizosphere	1405.002858652105	5.596623051644329	0.7727213908602407	3	2025-10-15	20.92017888888889	53.962204444444446	3.0	1.3534734181255428	1.5971914124998499	0.04783358764837791	0.0	11.769999999999998
5	55	Deep	718.8728225830752	4.559510369413079	0.6931786400477625	1	2025-10-15	20.9022725	54.0024376	3.0	1.367244054726815	1.5971914124998499	0.04783358764837791	0.0	11.769999999999998
5	55	Rhizosphere	1318.330239065518	5.281497874447619	0.7354984481557252	3	2025-10-15	20.9022725	54.0024376	3.0	1.367244054726815	1.5971914124998499	0.04783358764837791	0.0	11.769999999999998
5	55	Surface	712.4497402030732	4.820275506290721	0.7344063816109565	2	2025-10-15	20.9022725	54.0024376	3.0	1.367244054726815	1.5971914124998499	0.04783358764837791	0.0	11.769999999999998
5	57	Rhizosphere	1197.658618765346	4.947992505364931	0.6977987098924106	2	2025-10-15	20.7349775	54.41764333333333	3.0	1.509356876590936	1.5971914124998499	0.04788108917969891	0.0	13.3
5	58	Rhizosphere	1197.3123879441084	5.46351485907842	0.7709465377005223	3	2025-10-15	20.66540111111111	54.59327444444445	3.0	1.5694702873734745	1.5971914124998499	0.04788108917969891	0.0	13.3
5	60	Rhizosphere	1691.6699165431671	5.676658615246327	0.7652554075325497	3	2025-10-15	20.70637444444444	54.73210555555556	3.0	1.616988130646349	1.5971914124998499	0.061818301454355594	0.0	13.25
