process_id	process_type	batch_id	input_entity_id	output_entity_id	process_date	protocol_id	kit_id	agent_id	source_snapshot_id	source_row
https://rubalkhali.science/kb/RAK_CTL_04b679a8d6d1816476abd334dc771c13c8502240143d0975670d3b83f4164842	amplicon_pcr		https://rubalkhali.science/kb/RAK_CTL_f22cda23e15ed4fafaf98dacf1ba65829d51879046ce82174778f7be63351d3b	https://rubalkhali.science/kb/RAK_CTL_5cf48da1a310c896655d58216ced2d74ba2c13c6b252f1de63c172ef21e47c87					data/metadata/samples/controls/source_snapshots/ibex_20250714_qiime2/controls-metadata.tsv	2
https://rubalkhali.science/kb/RAK_CTL_1618270dd285b5d1b898f6af6988e3fd63037958761746920528e97ef7fd0c0d	control_sequencing_assay		https://rubalkhali.science/kb/RAK_CTL_5cf48da1a310c896655d58216ced2d74ba2c13c6b252f1de63c172ef21e47c87	https://rubalkhali.science/kb/RAK_CTL_aec10d4eda810715521d1dd3c3d7e7504f9cf3118cc2af423962c6fa5ae261ca					data/metadata/samples/controls/source_snapshots/ibex_20250714_qiime2/controls-metadata.tsv	2
https://rubalkhali.science/kb/RAK_CTL_4d54eeaefe5280f07bfb198471f6e985b515ce96162aa93c03bcf826af4e1780	amplicon_pcr		https://rubalkhali.science/kb/RAK_CTL_76e41ef09d7e0a235ff204c509089f1cbec2f90e247c06157f9e690c69699fb9	https://rubalkhali.science/kb/RAK_CTL_b30567752c4ec373b683c427f0c11836e3b9f36574373b16f96d70a098b085ec					data/metadata/samples/controls/source_snapshots/ibex_20250714_qiime2/controls-metadata.tsv	3
https://rubalkhali.science/kb/RAK_CTL_22e597039aaa7b931de6dea1c6b98dc938aaa0293067f382b8a9482d0c6db5cc	control_sequencing_assay		https://rubalkhali.science/kb/RAK_CTL_b30567752c4ec373b683c427f0c11836e3b9f36574373b16f96d70a098b085ec	https://rubalkhali.science/kb/RAK_CTL_f5eaa9eaa02527752808c88c3e406b401ee201d40e569a1cfa9e67cf4d604303					data/metadata/samples/controls/source_snapshots/ibex_20250714_qiime2/controls-metadata.tsv	3
https://rubalkhali.science/kb/RAK_CTL_49d5b179cd358ca7f9e8372f6ed8ba35bc8ae8065839e4e0416bbb5a1e97792d	amplicon_pcr		https://rubalkhali.science/kb/RAK_CTL_def86048f2a6ba5ab904894c2246f1f22ee10930b2d09e06af8407304c43757a	https://rubalkhali.science/kb/RAK_CTL_5b84906bcad968ecd30874100efae1f60eb0df3cc3da40cffb709c815b258d83					data/metadata/samples/controls/source_snapshots/ibex_20250714_qiime2/controls-metadata.tsv	4
https://rubalkhali.science/kb/RAK_CTL_502421c3c959c19e312a191a0608e639afc75e986ba180d34d5f4ea5f9fa6598	control_sequencing_assay		https://rubalkhali.science/kb/RAK_CTL_5b84906bcad968ecd30874100efae1f60eb0df3cc3da40cffb709c815b258d83	https://rubalkhali.science/kb/RAK_CTL_b17f6613b3430112468202fc198abb766fd1851cfbc33f625f5329ded52099a7					data/metadata/samples/controls/source_snapshots/ibex_20250714_qiime2/controls-metadata.tsv	4
https://rubalkhali.science/kb/RAK_CTL_717109005f011229eceee760c70aca34c86beaab57f3fd184a13ece62f43a3ba	amplicon_pcr		https://rubalkhali.science/kb/RAK_CTL_6f68b7a0ca193c1c1b789028d8a4ea314cef5265fd7d7963ee1d15ad5c9fe871	https://rubalkhali.science/kb/RAK_CTL_d2f39c2375144a47b8f96e6f549329102a4f3bead32b4f17ea81d76bf05a3bd6					data/metadata/samples/controls/source_snapshots/ibex_20250714_qiime2/controls-metadata.tsv	5
https://rubalkhali.science/kb/RAK_CTL_41f579479e7946fd508871d7c7833399f9f165ac924d4f67ffcf9ed876f6bf09	control_sequencing_assay		https://rubalkhali.science/kb/RAK_CTL_d2f39c2375144a47b8f96e6f549329102a4f3bead32b4f17ea81d76bf05a3bd6	https://rubalkhali.science/kb/RAK_CTL_b46f74ce361faac2604d08a0943227998b8254dd2c6d23749ea4c7a020d645f9					data/metadata/samples/controls/source_snapshots/ibex_20250714_qiime2/controls-metadata.tsv	5
https://rubalkhali.science/kb/RAK_CTL_1535afde14faa166e83f4a740d1e5e7ad6111c31356504f61a4da0e388938fc0	amplicon_pcr		https://rubalkhali.science/kb/RAK_CTL_26a00c055e7e6d186b9d995b3af78d164e57e92d826cee7b14920e4aaa3a49f9	https://rubalkhali.science/kb/RAK_CTL_f154a61c121c933fcd4ca63b043af6c69c6dfe84d30a21750c796aa399d12ba3					data/metadata/samples/controls/source_snapshots/ibex_20250714_qiime2/controls-metadata.tsv	6
https://rubalkhali.science/kb/RAK_CTL_a1a5e275454bd67c2488c5b5843c11073ef5d94152edee01bb99dce7d58dc574	control_sequencing_assay		https://rubalkhali.science/kb/RAK_CTL_f154a61c121c933fcd4ca63b043af6c69c6dfe84d30a21750c796aa399d12ba3	https://rubalkhali.science/kb/RAK_CTL_e9b147fe8b4dadc8303d01171f168e22e94753e62a17a463fcb9f85604a2bc53					data/metadata/samples/controls/source_snapshots/ibex_20250714_qiime2/controls-metadata.tsv	6
https://rubalkhali.science/kb/RAK_CTL_0ed801cb615eda675eec686932ce57d3861ad111a8d66ecca025efda2e44a438	amplicon_pcr		https://rubalkhali.science/kb/RAK_CTL_dd4dc4ba4fe4dee389a1556828d6cf1bfdc6346a4b5989cdb78276ec2d9a56eb	https://rubalkhali.science/kb/RAK_CTL_cf806daf9c76be980c52d831a94d8162c413769046ca5797af39dd7a68d50360					data/metadata/samples/controls/source_snapshots/ibex_20250714_qiime2/controls-metadata.tsv	7
https://rubalkhali.science/kb/RAK_CTL_b9913be90a911ee5a69470646d75db41a041a1f45d97202d009db07d877ab775	control_sequencing_assay		https://rubalkhali.science/kb/RAK_CTL_cf806daf9c76be980c52d831a94d8162c413769046ca5797af39dd7a68d50360	https://rubalkhali.science/kb/RAK_CTL_09afb29bdf41377a1564b451e8af09287d0712e890085854fbc989d18648902b					data/metadata/samples/controls/source_snapshots/ibex_20250714_qiime2/controls-metadata.tsv	7
https://rubalkhali.science/kb/RAK_CTL_7c62da3d874f88251f5a1987b962c212132b3f594db19d59cd8dda4d34cdad05	amplicon_pcr		https://rubalkhali.science/kb/RAK_CTL_7e768276ec9f36c0f7aa28ff1fd3e87463ebb774b6aa682146eed926aedd7f62	https://rubalkhali.science/kb/RAK_CTL_f29210d4cf3af207121ea2b258f24d3c44b34707deddd5d42bc01e643177238a					data/metadata/samples/controls/source_snapshots/ibex_20250714_qiime2/controls-metadata.tsv	8
https://rubalkhali.science/kb/RAK_CTL_0ec76d6dac2ed91b1ea7d8c7c5d453f819f7219bbc15c97d4213369fea2e155b	control_sequencing_assay		https://rubalkhali.science/kb/RAK_CTL_f29210d4cf3af207121ea2b258f24d3c44b34707deddd5d42bc01e643177238a	https://rubalkhali.science/kb/RAK_CTL_dbf52695e84c56950bd7cbe01d20226aebe209a89c869f3473c099d05279b893					data/metadata/samples/controls/source_snapshots/ibex_20250714_qiime2/controls-metadata.tsv	8
https://rubalkhali.science/kb/RAK_CTL_cf1884b3863ce85ab5dc46e4f5a7e5036fe9b7d8f5650fa388c1a455eff7ace0	amplicon_pcr		https://rubalkhali.science/kb/RAK_CTL_686a4a8b33c80baed4bc395d5c65a22b7cd161bfed441405b8fa6c6caaa02bf8	https://rubalkhali.science/kb/RAK_CTL_d1c8a2264fda99bc679aece1b1dfbca852f3faddd0bbebb5fbceeb7048915d91					data/metadata/samples/controls/source_snapshots/ibex_20250714_qiime2/controls-metadata.tsv	9
https://rubalkhali.science/kb/RAK_CTL_243e56ff0f997c12d8cff8260ef8087c0790e0de403e1f542cd645e232c8b73d	control_sequencing_assay		https://rubalkhali.science/kb/RAK_CTL_d1c8a2264fda99bc679aece1b1dfbca852f3faddd0bbebb5fbceeb7048915d91	https://rubalkhali.science/kb/RAK_CTL_a976b157380784c1103c516f4d8e6a496c3aedd3fc01fac739587434bdac5014					data/metadata/samples/controls/source_snapshots/ibex_20250714_qiime2/controls-metadata.tsv	9
https://rubalkhali.science/kb/RAK_CTL_0e9ef5ba81d5b445daa6c62ff9960a41d8e3ed57d1d6575cd74d66c8a8daaeaf	amplicon_pcr		https://rubalkhali.science/kb/RAK_CTL_938f6278de19bebe8f3a26cb3bbc349ce12525481e182807211ea3206fd1bc3f	https://rubalkhali.science/kb/RAK_CTL_addc4daf247a58f9f300a8fe5e7391289fbb99f7e3c299832c65a173f9ab4925					data/metadata/samples/controls/source_snapshots/ibex_20250714_qiime2/controls-metadata.tsv	10
https://rubalkhali.science/kb/RAK_CTL_2a6c4dd27db6dd9e04916d9707b088c7ab934fa81113edf5b3d2c26295db619f	control_sequencing_assay		https://rubalkhali.science/kb/RAK_CTL_addc4daf247a58f9f300a8fe5e7391289fbb99f7e3c299832c65a173f9ab4925	https://rubalkhali.science/kb/RAK_CTL_ebf0ec038576c13d9b0d56a4e42aa2ea5e9f91b38f2935da9d2121180ef7dd73					data/metadata/samples/controls/source_snapshots/ibex_20250714_qiime2/controls-metadata.tsv	10
https://rubalkhali.science/kb/RAK_CTL_7e5c63f52786f5fc028199ab22c72b5b682314ef4dc6b7f261f5ae26780e2c90	dna_extraction		https://rubalkhali.science/kb/RAK_CTL_667735457ccd5004687ac683955799bfccb7a2ea473b71faebe0aaa30de4f789	https://rubalkhali.science/kb/RAK_CTL_eaa8ba62b9c6da4263daad879c8ecf99089cb840cf7cc7509c22359d867a469c					data/metadata/samples/controls/source_snapshots/ibex_20250714_qiime2/controls-metadata.tsv	11
https://rubalkhali.science/kb/RAK_CTL_51f61c16d421c9a57b621e6613bd034b97c925b95c24f21115b8cc2c3cc22945	amplicon_pcr		https://rubalkhali.science/kb/RAK_CTL_eaa8ba62b9c6da4263daad879c8ecf99089cb840cf7cc7509c22359d867a469c	https://rubalkhali.science/kb/RAK_CTL_f93bf24aab4646c994cdb977ba879f009c22e5e2809743fd9d0fa622fc3bb0d9					data/metadata/samples/controls/source_snapshots/ibex_20250714_qiime2/controls-metadata.tsv	11
https://rubalkhali.science/kb/RAK_CTL_b4df2d1e77cb02ce9926be53558a8fb1941e1c8116f923acbf4e0cdea5c94366	control_sequencing_assay		https://rubalkhali.science/kb/RAK_CTL_f93bf24aab4646c994cdb977ba879f009c22e5e2809743fd9d0fa622fc3bb0d9	https://rubalkhali.science/kb/RAK_CTL_3b000989325c177b92489a99c8a7913aeac476786c6b8b999467ff4cdcf3c05c					data/metadata/samples/controls/source_snapshots/ibex_20250714_qiime2/controls-metadata.tsv	11
https://rubalkhali.science/kb/RAK_CTL_61b4cbb6ec12dde20b4fb9e4818954e01c215f42b8fa002426b4b12364eb0d28	dna_extraction		https://rubalkhali.science/kb/RAK_CTL_69505ea144df7565015b1efb498082949cb5b596a6740d153c0a2f3143e14f61	https://rubalkhali.science/kb/RAK_CTL_84252d298c4bda8643ba52ed436f68d0ea02d4687deb3f4af202dceb666fd2a8					data/metadata/samples/controls/source_snapshots/ibex_20250714_qiime2/controls-metadata.tsv	12
https://rubalkhali.science/kb/RAK_CTL_ff128078fad548172ac2703a1f22030af6e67faa1f867f76ca309cb4eb805650	amplicon_pcr		https://rubalkhali.science/kb/RAK_CTL_84252d298c4bda8643ba52ed436f68d0ea02d4687deb3f4af202dceb666fd2a8	https://rubalkhali.science/kb/RAK_CTL_552dd88a1069623841993c8b18825d651b4891ecdbc89c6ab3a708a250b2a196					data/metadata/samples/controls/source_snapshots/ibex_20250714_qiime2/controls-metadata.tsv	12
https://rubalkhali.science/kb/RAK_CTL_5e02d8093d6602cf5d10ff83358ce1e382bfb1f20339ec700411348189eeae8f	control_sequencing_assay		https://rubalkhali.science/kb/RAK_CTL_552dd88a1069623841993c8b18825d651b4891ecdbc89c6ab3a708a250b2a196	https://rubalkhali.science/kb/RAK_CTL_64e292cd82ae12698955d672ae58edcf1e6fa4c51b423d36a95805d5459ad8b4					data/metadata/samples/controls/source_snapshots/ibex_20250714_qiime2/controls-metadata.tsv	12
https://rubalkhali.science/kb/RAK_CTL_1cdb772101e4ccfede5467d6236b488e14f6e9a83c200c362c4ca9d8346e1975	amplicon_pcr		https://rubalkhali.science/kb/RAK_CTL_3441bb54f997ca7fa626e3e3b72b13c84e174cd2e818c1552ab0c6de178735c5	https://rubalkhali.science/kb/RAK_CTL_cc3a7825745f0da937e25ac759d5f9cfb27e5f73bbec815a44db3efad77d1958					data/metadata/samples/controls/source_snapshots/ibex_20250714_qiime2/controls-metadata.tsv	13
https://rubalkhali.science/kb/RAK_CTL_be16f2659a0c9302fd8bc5fc89a9178054a7f7f56367906df3958a1202ee9353	control_sequencing_assay		https://rubalkhali.science/kb/RAK_CTL_cc3a7825745f0da937e25ac759d5f9cfb27e5f73bbec815a44db3efad77d1958	https://rubalkhali.science/kb/RAK_CTL_bf507ad600a5193f9c940ba35d6bc75d210ea1d4fdd1e7805640639b89484031					data/metadata/samples/controls/source_snapshots/ibex_20250714_qiime2/controls-metadata.tsv	13
https://rubalkhali.science/kb/RAK_CTL_aa418e80090b969905a9c6d7ab3d832eb58415dc3559f69b69e8c819ff616e2c	dna_extraction		https://rubalkhali.science/kb/RAK_CTL_d9cb62df3c56a6a4b94f1a3eb29dc22e4f3bdd24cb27d01210f8faa220537f01	https://rubalkhali.science/kb/RAK_CTL_4ddb4b6710a2dfefbfcc82702c0020ba4c84401f395a66c32fe224f5578b2313					data/metadata/samples/controls/source_snapshots/ibex_20250714_qiime2/controls-metadata.tsv	14
https://rubalkhali.science/kb/RAK_CTL_948f3401b117e1a705907e5628234c49220ac0b486808ebb9beaeb93a4c06836	amplicon_pcr		https://rubalkhali.science/kb/RAK_CTL_4ddb4b6710a2dfefbfcc82702c0020ba4c84401f395a66c32fe224f5578b2313	https://rubalkhali.science/kb/RAK_CTL_413a272c8f8f22329bddd18908cb2dfd1d781e90c18ef67ce93ad5404cdef25f					data/metadata/samples/controls/source_snapshots/ibex_20250714_qiime2/controls-metadata.tsv	14
https://rubalkhali.science/kb/RAK_CTL_6dc633ead0208534d93b89deb32c6dad61a158e8dd465b19464ac126d7be9d4c	control_sequencing_assay		https://rubalkhali.science/kb/RAK_CTL_413a272c8f8f22329bddd18908cb2dfd1d781e90c18ef67ce93ad5404cdef25f	https://rubalkhali.science/kb/RAK_CTL_f23eade157632dbc7d125fea96d718063449099abcfe7074924adb419cfece1c					data/metadata/samples/controls/source_snapshots/ibex_20250714_qiime2/controls-metadata.tsv	14
https://rubalkhali.science/kb/RAK_CTL_bca070996e6d120dcaaf58ce1c3f39385bdce9637cf073bda19224e77776d0ea	amplicon_pcr		https://rubalkhali.science/kb/RAK_CTL_cabb4cc0a86d1157ea1b222c1ab77222f85707d6f060f17109b766016ebffb16	https://rubalkhali.science/kb/RAK_CTL_feb8b63d3f2fed853bd78bd796eb3b599bcf00095c74a93283116e604f6c9e9e					data/metadata/samples/controls/source_snapshots/ibex_20250714_qiime2/controls-metadata.tsv	15
https://rubalkhali.science/kb/RAK_CTL_5a5e2b25204ffdfd25d5576f61e9817bd2852b34879bc30bf7a5f6e65a004175	control_sequencing_assay		https://rubalkhali.science/kb/RAK_CTL_feb8b63d3f2fed853bd78bd796eb3b599bcf00095c74a93283116e604f6c9e9e	https://rubalkhali.science/kb/RAK_CTL_6aaad0d50a4c2ba4807501d4205bf477a92c8a3482dba0ed9a9cbd5559435e01					data/metadata/samples/controls/source_snapshots/ibex_20250714_qiime2/controls-metadata.tsv	15
https://rubalkhali.science/kb/RAK_CTL_70c28ae2bd199b65a168069cf64fe7675b29ff098291dc2cfad0187e6a92842d	amplicon_pcr		https://rubalkhali.science/kb/RAK_CTL_6d596ebe4d6cb5b44c7db75578840677ef2909fa6dad18571a07fb289c2d0cb1	https://rubalkhali.science/kb/RAK_CTL_1f4e6b290d0e4440d51a81e18e61273bf0bea298c8f00bbe43e9cab4bd1f576b					data/metadata/samples/controls/source_snapshots/ibex_20250714_qiime2/controls-metadata.tsv	16
https://rubalkhali.science/kb/RAK_CTL_dee93d230268d0af2b012a35707de3951254bf071a2c40ce73296fe8a080e9f0	control_sequencing_assay		https://rubalkhali.science/kb/RAK_CTL_1f4e6b290d0e4440d51a81e18e61273bf0bea298c8f00bbe43e9cab4bd1f576b	https://rubalkhali.science/kb/RAK_CTL_96b49944e233b651d3c95947723aadd7aeb8cb939a74d0633b123f746e3eefec					data/metadata/samples/controls/source_snapshots/ibex_20250714_qiime2/controls-metadata.tsv	16
https://rubalkhali.science/kb/RAK_CTL_90bd48e8d5cc142021e7520c47828bbcbf6d291d146df482372a8f879616fc1f	amplicon_pcr		https://rubalkhali.science/kb/RAK_CTL_f797e133b72fd1030cd437243e58dd66601036d9a8ca55dfe280525c28a49dd5	https://rubalkhali.science/kb/RAK_CTL_daa20ba70f56293336b92757c630768bb72731afec6238bc19d0e9934f88289a					data/metadata/samples/controls/source_snapshots/ibex_20250714_qiime2/controls-metadata.tsv	17
https://rubalkhali.science/kb/RAK_CTL_aee06c1cfc8bfe667c5427a830f595962a9ce26e96db66a1e33831003b8e7e26	control_sequencing_assay		https://rubalkhali.science/kb/RAK_CTL_daa20ba70f56293336b92757c630768bb72731afec6238bc19d0e9934f88289a	https://rubalkhali.science/kb/RAK_CTL_1bd212cf65128924252189388a002b2cc9fc9f9fbb67d07d74c155d38060c125					data/metadata/samples/controls/source_snapshots/ibex_20250714_qiime2/controls-metadata.tsv	17
https://rubalkhali.science/kb/RAK_CTL_a661013787e7f4352c1eec5311d4e775fe9adc880740a8adfca86aafddd2b8e3	dna_extraction		https://rubalkhali.science/kb/RAK_CTL_c360404f1ff2ff23f04c344f17d4e2c83c254cab809f3d5f339551af5aedc01e	https://rubalkhali.science/kb/RAK_CTL_eca0a4534bf1f03e216fcee2333977d8acdf7f837573a4790a780c8cdc47c1af					data/metadata/samples/controls/source_snapshots/ibex_20250714_qiime2/controls-metadata.tsv	18
https://rubalkhali.science/kb/RAK_CTL_858320ea54d391c41c4ebd1601ad8d9e09bfc51dedfd2182c7307c69075f960e	amplicon_pcr		https://rubalkhali.science/kb/RAK_CTL_eca0a4534bf1f03e216fcee2333977d8acdf7f837573a4790a780c8cdc47c1af	https://rubalkhali.science/kb/RAK_CTL_db83760063a29ffb0119e2d5f16832b4d3f109ba5c5ba0b008b5b79cc87c3749					data/metadata/samples/controls/source_snapshots/ibex_20250714_qiime2/controls-metadata.tsv	18
https://rubalkhali.science/kb/RAK_CTL_168e350e42b91adcae1bbc45ce7bfa5bd7ef0cfd09b7def7069328c6b30cbc2b	control_sequencing_assay		https://rubalkhali.science/kb/RAK_CTL_db83760063a29ffb0119e2d5f16832b4d3f109ba5c5ba0b008b5b79cc87c3749	https://rubalkhali.science/kb/RAK_CTL_49f4df21a669ff2b877027026c0a1e5c0ec93925564ee2b19ea5c1e709d8d2cc					data/metadata/samples/controls/source_snapshots/ibex_20250714_qiime2/controls-metadata.tsv	18
https://rubalkhali.science/kb/RAK_CTL_c5d2e188f638e3add1ffeececae19c129bebe0f3953f07dddf2e096189c9a560	dna_extraction	https://rubalkhali.science/kb/RAK_CTL_560aa504f285c23bc8ef2d4acd760e2fc8273ff426b38b67e278a80bb45c68e8	https://rubalkhali.science/kb/RAK_CTL_1d8533d87a4ffcf2299d976c5fa79b8734a2e43fd3e5a14ece744c1d38d1ab10	https://rubalkhali.science/kb/RAK_CTL_06b5af7f5c7e053ddf62014d382435b9b428bf13a52b1a1de9b0d9d80e2499c7					data/metadata/samples/EB_Sample_Map_FourthTrip2.xlsx	2
https://rubalkhali.science/kb/RAK_CTL_e15947613ef8355c606d77553bfe6aafeb851e43519971662de38fc1e7444a7c	amplicon_pcr		https://rubalkhali.science/kb/RAK_CTL_06b5af7f5c7e053ddf62014d382435b9b428bf13a52b1a1de9b0d9d80e2499c7	https://rubalkhali.science/kb/RAK_CTL_adcde0d7efa2c7778c4cfff4dc4fd6016896e4fc1a004dfd464d83e51a13e3c7					data/metadata/samplesheets/additional_fastqs_v2.tsv	121
https://rubalkhali.science/kb/RAK_CTL_afb902c9ed0ae6ded564b74f8df1afa7d6cf3b0742441639014bec5bfb4542f1	control_sequencing_assay		https://rubalkhali.science/kb/RAK_CTL_adcde0d7efa2c7778c4cfff4dc4fd6016896e4fc1a004dfd464d83e51a13e3c7	https://rubalkhali.science/kb/RAK_CTL_115a012d3ae8d3100d9811b76ae5b65ed07735b84f87ad4f3f57aef58f4db300					data/metadata/samplesheets/additional_fastqs_v2.tsv	121
https://rubalkhali.science/kb/RAK_P202117	biological_dna_extraction_membership	https://rubalkhali.science/kb/RAK_CTL_560aa504f285c23bc8ef2d4acd760e2fc8273ff426b38b67e278a80bb45c68e8	sample_identifier:S4PRr1						data/metadata/samples/EB_Sample_Map_FourthTrip2.xlsx	2
https://rubalkhali.science/kb/RAK_P202116	biological_dna_extraction_membership	https://rubalkhali.science/kb/RAK_CTL_560aa504f285c23bc8ef2d4acd760e2fc8273ff426b38b67e278a80bb45c68e8	sample_identifier:S4Sr1						data/metadata/samples/EB_Sample_Map_FourthTrip2.xlsx	2
https://rubalkhali.science/kb/RAK_P202115	biological_dna_extraction_membership	https://rubalkhali.science/kb/RAK_CTL_560aa504f285c23bc8ef2d4acd760e2fc8273ff426b38b67e278a80bb45c68e8	sample_identifier:S4Dr1						data/metadata/samples/EB_Sample_Map_FourthTrip2.xlsx	2
https://rubalkhali.science/kb/RAK_P202129	biological_dna_extraction_membership	https://rubalkhali.science/kb/RAK_CTL_560aa504f285c23bc8ef2d4acd760e2fc8273ff426b38b67e278a80bb45c68e8	sample_identifier:S8PRr1						data/metadata/samples/EB_Sample_Map_FourthTrip2.xlsx	2
https://rubalkhali.science/kb/RAK_P202128	biological_dna_extraction_membership	https://rubalkhali.science/kb/RAK_CTL_560aa504f285c23bc8ef2d4acd760e2fc8273ff426b38b67e278a80bb45c68e8	sample_identifier:S8Sr1						data/metadata/samples/EB_Sample_Map_FourthTrip2.xlsx	2
https://rubalkhali.science/kb/RAK_P202127	biological_dna_extraction_membership	https://rubalkhali.science/kb/RAK_CTL_560aa504f285c23bc8ef2d4acd760e2fc8273ff426b38b67e278a80bb45c68e8	sample_identifier:S8Dr1						data/metadata/samples/EB_Sample_Map_FourthTrip2.xlsx	2
https://rubalkhali.science/kb/RAK_P202138	biological_dna_extraction_membership	https://rubalkhali.science/kb/RAK_CTL_560aa504f285c23bc8ef2d4acd760e2fc8273ff426b38b67e278a80bb45c68e8	sample_identifier:S11PRr1						data/metadata/samples/EB_Sample_Map_FourthTrip2.xlsx	2
https://rubalkhali.science/kb/RAK_P202137	biological_dna_extraction_membership	https://rubalkhali.science/kb/RAK_CTL_560aa504f285c23bc8ef2d4acd760e2fc8273ff426b38b67e278a80bb45c68e8	sample_identifier:S11Sr1						data/metadata/samples/EB_Sample_Map_FourthTrip2.xlsx	2
https://rubalkhali.science/kb/RAK_P202136	biological_dna_extraction_membership	https://rubalkhali.science/kb/RAK_CTL_560aa504f285c23bc8ef2d4acd760e2fc8273ff426b38b67e278a80bb45c68e8	sample_identifier:S11Dr1						data/metadata/samples/EB_Sample_Map_FourthTrip2.xlsx	2
https://rubalkhali.science/kb/RAK_P202218	biological_dna_extraction_membership	https://rubalkhali.science/kb/RAK_CTL_560aa504f285c23bc8ef2d4acd760e2fc8273ff426b38b67e278a80bb45c68e8	sample_identifier:S36PRr1						data/metadata/samples/EB_Sample_Map_FourthTrip2.xlsx	2
https://rubalkhali.science/kb/RAK_P202217	biological_dna_extraction_membership	https://rubalkhali.science/kb/RAK_CTL_560aa504f285c23bc8ef2d4acd760e2fc8273ff426b38b67e278a80bb45c68e8	sample_identifier:S36Sr1						data/metadata/samples/EB_Sample_Map_FourthTrip2.xlsx	2
https://rubalkhali.science/kb/RAK_P202216	biological_dna_extraction_membership	https://rubalkhali.science/kb/RAK_CTL_560aa504f285c23bc8ef2d4acd760e2fc8273ff426b38b67e278a80bb45c68e8	sample_identifier:S36Dr1						data/metadata/samples/EB_Sample_Map_FourthTrip2.xlsx	2
https://rubalkhali.science/kb/RAK_P202288	biological_dna_extraction_membership	https://rubalkhali.science/kb/RAK_CTL_560aa504f285c23bc8ef2d4acd760e2fc8273ff426b38b67e278a80bb45c68e8	sample_identifier:S59PRr1						data/metadata/samples/EB_Sample_Map_FourthTrip2.xlsx	2
https://rubalkhali.science/kb/RAK_P202287	biological_dna_extraction_membership	https://rubalkhali.science/kb/RAK_CTL_560aa504f285c23bc8ef2d4acd760e2fc8273ff426b38b67e278a80bb45c68e8	sample_identifier:S59Sr1						data/metadata/samples/EB_Sample_Map_FourthTrip2.xlsx	2
https://rubalkhali.science/kb/RAK_P202286	biological_dna_extraction_membership	https://rubalkhali.science/kb/RAK_CTL_560aa504f285c23bc8ef2d4acd760e2fc8273ff426b38b67e278a80bb45c68e8	sample_identifier:S59Dr1						data/metadata/samples/EB_Sample_Map_FourthTrip2.xlsx	2
https://rubalkhali.science/kb/RAK_CTL_5a1bfb4135384a95e4833c8d1128f8319a4e90b86b0d69babe5642a12af2b455	dna_extraction	https://rubalkhali.science/kb/RAK_CTL_869c62baaeca413a3ec67e3a48345fe0bc3351da234f69e8923c880ddfcb3b5a	https://rubalkhali.science/kb/RAK_CTL_f4813de1b262c5fff3327f55854a2fc9b8301f45b68903a511ac83f27a1399fd	https://rubalkhali.science/kb/RAK_CTL_e0ae567d90a700a5e6c36c65375ba515568f6866a4403421efe299c858f69d8f					data/metadata/samples/EB_Sample_Map_FourthTrip2.xlsx	3
https://rubalkhali.science/kb/RAK_CTL_01a99e25bda710f76b5f51b0cd0c55ba14194496066f41945c76e80a4987c6c7	amplicon_pcr		https://rubalkhali.science/kb/RAK_CTL_e0ae567d90a700a5e6c36c65375ba515568f6866a4403421efe299c858f69d8f	https://rubalkhali.science/kb/RAK_CTL_696aca08b6728c5ef173c2265cfdd0e02e8fc1805614d74b5ec1a7bb30f19f90					data/metadata/samplesheets/additional_fastqs_v2.tsv	96
https://rubalkhali.science/kb/RAK_CTL_cfe90b1faabd4af76826b7a04e09105ee8589ffba2d435bea9ea975577616bd1	control_sequencing_assay		https://rubalkhali.science/kb/RAK_CTL_696aca08b6728c5ef173c2265cfdd0e02e8fc1805614d74b5ec1a7bb30f19f90	https://rubalkhali.science/kb/RAK_CTL_0067da507b066461eb8815426222bc6ef30dc7df199a25bfff6613e07d55ca4f					data/metadata/samplesheets/additional_fastqs_v2.tsv	96
https://rubalkhali.science/kb/RAK_P202132	biological_dna_extraction_membership	https://rubalkhali.science/kb/RAK_CTL_869c62baaeca413a3ec67e3a48345fe0bc3351da234f69e8923c880ddfcb3b5a	sample_identifier:S9PRr1						data/metadata/samples/EB_Sample_Map_FourthTrip2.xlsx	3
https://rubalkhali.science/kb/RAK_P202131	biological_dna_extraction_membership	https://rubalkhali.science/kb/RAK_CTL_869c62baaeca413a3ec67e3a48345fe0bc3351da234f69e8923c880ddfcb3b5a	sample_identifier:S9Sr1						data/metadata/samples/EB_Sample_Map_FourthTrip2.xlsx	3
https://rubalkhali.science/kb/RAK_P202130	biological_dna_extraction_membership	https://rubalkhali.science/kb/RAK_CTL_869c62baaeca413a3ec67e3a48345fe0bc3351da234f69e8923c880ddfcb3b5a	sample_identifier:S9Dr1						data/metadata/samples/EB_Sample_Map_FourthTrip2.xlsx	3
https://rubalkhali.science/kb/RAK_P202141	biological_dna_extraction_membership	https://rubalkhali.science/kb/RAK_CTL_869c62baaeca413a3ec67e3a48345fe0bc3351da234f69e8923c880ddfcb3b5a	sample_identifier:S12PRr1						data/metadata/samples/EB_Sample_Map_FourthTrip2.xlsx	3
https://rubalkhali.science/kb/RAK_P202140	biological_dna_extraction_membership	https://rubalkhali.science/kb/RAK_CTL_869c62baaeca413a3ec67e3a48345fe0bc3351da234f69e8923c880ddfcb3b5a	sample_identifier:S12Sr1						data/metadata/samples/EB_Sample_Map_FourthTrip2.xlsx	3
https://rubalkhali.science/kb/RAK_P202139	biological_dna_extraction_membership	https://rubalkhali.science/kb/RAK_CTL_869c62baaeca413a3ec67e3a48345fe0bc3351da234f69e8923c880ddfcb3b5a	sample_identifier:S12Dr1						data/metadata/samples/EB_Sample_Map_FourthTrip2.xlsx	3
https://rubalkhali.science/kb/RAK_P202150	biological_dna_extraction_membership	https://rubalkhali.science/kb/RAK_CTL_869c62baaeca413a3ec67e3a48345fe0bc3351da234f69e8923c880ddfcb3b5a	sample_identifier:S15PRr1						data/metadata/samples/EB_Sample_Map_FourthTrip2.xlsx	3
https://rubalkhali.science/kb/RAK_P202149	biological_dna_extraction_membership	https://rubalkhali.science/kb/RAK_CTL_869c62baaeca413a3ec67e3a48345fe0bc3351da234f69e8923c880ddfcb3b5a	sample_identifier:S15Sr1						data/metadata/samples/EB_Sample_Map_FourthTrip2.xlsx	3
https://rubalkhali.science/kb/RAK_P202148	biological_dna_extraction_membership	https://rubalkhali.science/kb/RAK_CTL_869c62baaeca413a3ec67e3a48345fe0bc3351da234f69e8923c880ddfcb3b5a	sample_identifier:S15Dr1						data/metadata/samples/EB_Sample_Map_FourthTrip2.xlsx	3
https://rubalkhali.science/kb/RAK_P202156	biological_dna_extraction_membership	https://rubalkhali.science/kb/RAK_CTL_869c62baaeca413a3ec67e3a48345fe0bc3351da234f69e8923c880ddfcb3b5a	sample_identifier:S17PRr1						data/metadata/samples/EB_Sample_Map_FourthTrip2.xlsx	3
https://rubalkhali.science/kb/RAK_P202155	biological_dna_extraction_membership	https://rubalkhali.science/kb/RAK_CTL_869c62baaeca413a3ec67e3a48345fe0bc3351da234f69e8923c880ddfcb3b5a	sample_identifier:S17Sr1						data/metadata/samples/EB_Sample_Map_FourthTrip2.xlsx	3
https://rubalkhali.science/kb/RAK_P202154	biological_dna_extraction_membership	https://rubalkhali.science/kb/RAK_CTL_869c62baaeca413a3ec67e3a48345fe0bc3351da234f69e8923c880ddfcb3b5a	sample_identifier:S17Dr1						data/metadata/samples/EB_Sample_Map_FourthTrip2.xlsx	3
https://rubalkhali.science/kb/RAK_P202198	biological_dna_extraction_membership	https://rubalkhali.science/kb/RAK_CTL_869c62baaeca413a3ec67e3a48345fe0bc3351da234f69e8923c880ddfcb3b5a	sample_identifier:S29PRr1						data/metadata/samples/EB_Sample_Map_FourthTrip2.xlsx	3
https://rubalkhali.science/kb/RAK_P202197	biological_dna_extraction_membership	https://rubalkhali.science/kb/RAK_CTL_869c62baaeca413a3ec67e3a48345fe0bc3351da234f69e8923c880ddfcb3b5a	sample_identifier:S29Sr1						data/metadata/samples/EB_Sample_Map_FourthTrip2.xlsx	3
https://rubalkhali.science/kb/RAK_P202196	biological_dna_extraction_membership	https://rubalkhali.science/kb/RAK_CTL_869c62baaeca413a3ec67e3a48345fe0bc3351da234f69e8923c880ddfcb3b5a	sample_identifier:S29Dr1						data/metadata/samples/EB_Sample_Map_FourthTrip2.xlsx	3
https://rubalkhali.science/kb/RAK_P202201	biological_dna_extraction_membership	https://rubalkhali.science/kb/RAK_CTL_869c62baaeca413a3ec67e3a48345fe0bc3351da234f69e8923c880ddfcb3b5a	sample_identifier:S30PRr1						data/metadata/samples/EB_Sample_Map_FourthTrip2.xlsx	3
https://rubalkhali.science/kb/RAK_P202200	biological_dna_extraction_membership	https://rubalkhali.science/kb/RAK_CTL_869c62baaeca413a3ec67e3a48345fe0bc3351da234f69e8923c880ddfcb3b5a	sample_identifier:S30Sr1						data/metadata/samples/EB_Sample_Map_FourthTrip2.xlsx	3
https://rubalkhali.science/kb/RAK_P202199	biological_dna_extraction_membership	https://rubalkhali.science/kb/RAK_CTL_869c62baaeca413a3ec67e3a48345fe0bc3351da234f69e8923c880ddfcb3b5a	sample_identifier:S30Dr1						data/metadata/samples/EB_Sample_Map_FourthTrip2.xlsx	3
https://rubalkhali.science/kb/RAK_P202178	biological_dna_extraction_membership	https://rubalkhali.science/kb/RAK_CTL_869c62baaeca413a3ec67e3a48345fe0bc3351da234f69e8923c880ddfcb3b5a	sample_identifier:S23Dr1						data/metadata/samples/EB_Sample_Map_FourthTrip2.xlsx	3
https://rubalkhali.science/kb/RAK_CTL_80838c69ac3f9a42b89581c243fbde0018b070877a23dd55aa262b875c977b8f	dna_extraction	https://rubalkhali.science/kb/RAK_CTL_419550a63cf2ef7b3215eb311794e6680e9d0d4283c19b83bcd665abffd543e4	https://rubalkhali.science/kb/RAK_CTL_2234b376eebaf774aabede0f3861e2b9cb4063abf9adb3e74f452a1709a973ad	https://rubalkhali.science/kb/RAK_CTL_fec1a57acd66e716b1a22b3b5899610b6a1bd2151aef9d3243c95319a339ca7d					data/metadata/samples/EB_Sample_Map_FourthTrip2.xlsx	4
https://rubalkhali.science/kb/RAK_CTL_b797899c97a6cf91e07c1784580c5a8793a93da408976e3ed94475984a21f28a	amplicon_pcr		https://rubalkhali.science/kb/RAK_CTL_fec1a57acd66e716b1a22b3b5899610b6a1bd2151aef9d3243c95319a339ca7d	https://rubalkhali.science/kb/RAK_CTL_8e7f4372bdaf7ac94e7b32d5f205d0996e7b5e426cf5c76e6597aad677fe7370					data/metadata/samplesheets/additional_fastqs_v2.tsv	173
https://rubalkhali.science/kb/RAK_CTL_b4b6817115763ec54532c4b5fca059efa9e8bcd2f6c3a8a89e48f9176ec558f7	control_sequencing_assay		https://rubalkhali.science/kb/RAK_CTL_8e7f4372bdaf7ac94e7b32d5f205d0996e7b5e426cf5c76e6597aad677fe7370	https://rubalkhali.science/kb/RAK_CTL_e83d52d709925d23094bd1186bc3f3d5df879aa37956ab7ba4200e6b635e8570					data/metadata/samplesheets/additional_fastqs_v2.tsv	173
https://rubalkhali.science/kb/RAK_P202114	biological_dna_extraction_membership	https://rubalkhali.science/kb/RAK_CTL_419550a63cf2ef7b3215eb311794e6680e9d0d4283c19b83bcd665abffd543e4	sample_identifier:S3PRr1						data/metadata/samples/EB_Sample_Map_FourthTrip2.xlsx	4
https://rubalkhali.science/kb/RAK_P202113	biological_dna_extraction_membership	https://rubalkhali.science/kb/RAK_CTL_419550a63cf2ef7b3215eb311794e6680e9d0d4283c19b83bcd665abffd543e4	sample_identifier:S3Sr1						data/metadata/samples/EB_Sample_Map_FourthTrip2.xlsx	4
https://rubalkhali.science/kb/RAK_P202112	biological_dna_extraction_membership	https://rubalkhali.science/kb/RAK_CTL_419550a63cf2ef7b3215eb311794e6680e9d0d4283c19b83bcd665abffd543e4	sample_identifier:S3Dr1						data/metadata/samples/EB_Sample_Map_FourthTrip2.xlsx	4
https://rubalkhali.science/kb/RAK_P202126	biological_dna_extraction_membership	https://rubalkhali.science/kb/RAK_CTL_419550a63cf2ef7b3215eb311794e6680e9d0d4283c19b83bcd665abffd543e4	sample_identifier:S7PRr1						data/metadata/samples/EB_Sample_Map_FourthTrip2.xlsx	4
https://rubalkhali.science/kb/RAK_P202125	biological_dna_extraction_membership	https://rubalkhali.science/kb/RAK_CTL_419550a63cf2ef7b3215eb311794e6680e9d0d4283c19b83bcd665abffd543e4	sample_identifier:S7Sr1						data/metadata/samples/EB_Sample_Map_FourthTrip2.xlsx	4
https://rubalkhali.science/kb/RAK_P202124	biological_dna_extraction_membership	https://rubalkhali.science/kb/RAK_CTL_419550a63cf2ef7b3215eb311794e6680e9d0d4283c19b83bcd665abffd543e4	sample_identifier:S7Dr1						data/metadata/samples/EB_Sample_Map_FourthTrip2.xlsx	4
https://rubalkhali.science/kb/RAK_P202168	biological_dna_extraction_membership	https://rubalkhali.science/kb/RAK_CTL_419550a63cf2ef7b3215eb311794e6680e9d0d4283c19b83bcd665abffd543e4	sample_identifier:S21PRr1						data/metadata/samples/EB_Sample_Map_FourthTrip2.xlsx	4
https://rubalkhali.science/kb/RAK_P202167	biological_dna_extraction_membership	https://rubalkhali.science/kb/RAK_CTL_419550a63cf2ef7b3215eb311794e6680e9d0d4283c19b83bcd665abffd543e4	sample_identifier:S21Sr1						data/metadata/samples/EB_Sample_Map_FourthTrip2.xlsx	4
https://rubalkhali.science/kb/RAK_P202166	biological_dna_extraction_membership	https://rubalkhali.science/kb/RAK_CTL_419550a63cf2ef7b3215eb311794e6680e9d0d4283c19b83bcd665abffd543e4	sample_identifier:S21Dr1						data/metadata/samples/EB_Sample_Map_FourthTrip2.xlsx	4
https://rubalkhali.science/kb/RAK_P202207	biological_dna_extraction_membership	https://rubalkhali.science/kb/RAK_CTL_419550a63cf2ef7b3215eb311794e6680e9d0d4283c19b83bcd665abffd543e4	sample_identifier:S32PRr1						data/metadata/samples/EB_Sample_Map_FourthTrip2.xlsx	4
https://rubalkhali.science/kb/RAK_P202206	biological_dna_extraction_membership	https://rubalkhali.science/kb/RAK_CTL_419550a63cf2ef7b3215eb311794e6680e9d0d4283c19b83bcd665abffd543e4	sample_identifier:S32Sr1						data/metadata/samples/EB_Sample_Map_FourthTrip2.xlsx	4
https://rubalkhali.science/kb/RAK_P202205	biological_dna_extraction_membership	https://rubalkhali.science/kb/RAK_CTL_419550a63cf2ef7b3215eb311794e6680e9d0d4283c19b83bcd665abffd543e4	sample_identifier:S32Dr1						data/metadata/samples/EB_Sample_Map_FourthTrip2.xlsx	4
https://rubalkhali.science/kb/RAK_P202227	biological_dna_extraction_membership	https://rubalkhali.science/kb/RAK_CTL_419550a63cf2ef7b3215eb311794e6680e9d0d4283c19b83bcd665abffd543e4	sample_identifier:S39PRr1						data/metadata/samples/EB_Sample_Map_FourthTrip2.xlsx	4
https://rubalkhali.science/kb/RAK_P202226	biological_dna_extraction_membership	https://rubalkhali.science/kb/RAK_CTL_419550a63cf2ef7b3215eb311794e6680e9d0d4283c19b83bcd665abffd543e4	sample_identifier:S39Sr1						data/metadata/samples/EB_Sample_Map_FourthTrip2.xlsx	4
https://rubalkhali.science/kb/RAK_P202225	biological_dna_extraction_membership	https://rubalkhali.science/kb/RAK_CTL_419550a63cf2ef7b3215eb311794e6680e9d0d4283c19b83bcd665abffd543e4	sample_identifier:S39Dr1						data/metadata/samples/EB_Sample_Map_FourthTrip2.xlsx	4
https://rubalkhali.science/kb/RAK_P202255	biological_dna_extraction_membership	https://rubalkhali.science/kb/RAK_CTL_419550a63cf2ef7b3215eb311794e6680e9d0d4283c19b83bcd665abffd543e4	sample_identifier:S48PRr1						data/metadata/samples/EB_Sample_Map_FourthTrip2.xlsx	4
https://rubalkhali.science/kb/RAK_P202254	biological_dna_extraction_membership	https://rubalkhali.science/kb/RAK_CTL_419550a63cf2ef7b3215eb311794e6680e9d0d4283c19b83bcd665abffd543e4	sample_identifier:S48Sr1						data/metadata/samples/EB_Sample_Map_FourthTrip2.xlsx	4
https://rubalkhali.science/kb/RAK_P202253	biological_dna_extraction_membership	https://rubalkhali.science/kb/RAK_CTL_419550a63cf2ef7b3215eb311794e6680e9d0d4283c19b83bcd665abffd543e4	sample_identifier:S48Dr1						data/metadata/samples/EB_Sample_Map_FourthTrip2.xlsx	4
https://rubalkhali.science/kb/RAK_P202204	biological_dna_extraction_membership	https://rubalkhali.science/kb/RAK_CTL_419550a63cf2ef7b3215eb311794e6680e9d0d4283c19b83bcd665abffd543e4	sample_identifier:S31PRr1						data/metadata/samples/EB_Sample_Map_FourthTrip2.xlsx	4
https://rubalkhali.science/kb/RAK_P202203	biological_dna_extraction_membership	https://rubalkhali.science/kb/RAK_CTL_419550a63cf2ef7b3215eb311794e6680e9d0d4283c19b83bcd665abffd543e4	sample_identifier:S31Sr1						data/metadata/samples/EB_Sample_Map_FourthTrip2.xlsx	4
https://rubalkhali.science/kb/RAK_CTL_694f6b7de76adf9969f985b0dd8e2860c42bde4818d0afd5afed3571788a92d4	dna_extraction	https://rubalkhali.science/kb/RAK_CTL_d579e9558e75b7c8b46d9a7ece3e522c8b0b7020203513dc551cbff4f8b503bf	https://rubalkhali.science/kb/RAK_CTL_e77ab0791fa37c9497d84165a35d1dabbf3205163a209f2a7a44166206d6dad7	https://rubalkhali.science/kb/RAK_CTL_20fffe4207e7a12a24bcdcb8259777d9d07551edd3d66fe5d99675b282cdec1e					data/metadata/samples/EB_Sample_Map_FourthTrip2.xlsx	5
https://rubalkhali.science/kb/RAK_CTL_a31c0ac086fa7160acb1ad8528ffcf23238fdcd0d6b202a53b02a399882157fa	amplicon_pcr		https://rubalkhali.science/kb/RAK_CTL_20fffe4207e7a12a24bcdcb8259777d9d07551edd3d66fe5d99675b282cdec1e	https://rubalkhali.science/kb/RAK_CTL_9353aa3293f5afcb594732541872cf50aeb06c4b039c3acb8791dd068f4805b9					data/metadata/samplesheets/additional_fastqs_v2.tsv	413
https://rubalkhali.science/kb/RAK_CTL_aa54e82e19416dbded9868e4a1b5327c7962c6633d1c5579b88d5d40b346e609	control_sequencing_assay		https://rubalkhali.science/kb/RAK_CTL_9353aa3293f5afcb594732541872cf50aeb06c4b039c3acb8791dd068f4805b9	https://rubalkhali.science/kb/RAK_CTL_e3f999c223c0a26f31301ce1378287c6fb16680e05083a068712075a135dcbca					data/metadata/samplesheets/additional_fastqs_v2.tsv	413
https://rubalkhali.science/kb/RAK_P202261	biological_dna_extraction_membership	https://rubalkhali.science/kb/RAK_CTL_d579e9558e75b7c8b46d9a7ece3e522c8b0b7020203513dc551cbff4f8b503bf	sample_identifier:S50PRr1						data/metadata/samples/EB_Sample_Map_FourthTrip2.xlsx	5
https://rubalkhali.science/kb/RAK_P202260	biological_dna_extraction_membership	https://rubalkhali.science/kb/RAK_CTL_d579e9558e75b7c8b46d9a7ece3e522c8b0b7020203513dc551cbff4f8b503bf	sample_identifier:S50Sr1						data/metadata/samples/EB_Sample_Map_FourthTrip2.xlsx	5
https://rubalkhali.science/kb/RAK_P202259	biological_dna_extraction_membership	https://rubalkhali.science/kb/RAK_CTL_d579e9558e75b7c8b46d9a7ece3e522c8b0b7020203513dc551cbff4f8b503bf	sample_identifier:S50Dr1						data/metadata/samples/EB_Sample_Map_FourthTrip2.xlsx	5
https://rubalkhali.science/kb/RAK_P202180	biological_dna_extraction_membership	https://rubalkhali.science/kb/RAK_CTL_d579e9558e75b7c8b46d9a7ece3e522c8b0b7020203513dc551cbff4f8b503bf	sample_identifier:S23PRr1						data/metadata/samples/EB_Sample_Map_FourthTrip2.xlsx	5
https://rubalkhali.science/kb/RAK_P202179	biological_dna_extraction_membership	https://rubalkhali.science/kb/RAK_CTL_d579e9558e75b7c8b46d9a7ece3e522c8b0b7020203513dc551cbff4f8b503bf	sample_identifier:S23Sr1						data/metadata/samples/EB_Sample_Map_FourthTrip2.xlsx	5
https://rubalkhali.science/kb/RAK_P202202	biological_dna_extraction_membership	https://rubalkhali.science/kb/RAK_CTL_d579e9558e75b7c8b46d9a7ece3e522c8b0b7020203513dc551cbff4f8b503bf	sample_identifier:S31Dr1						data/metadata/samples/EB_Sample_Map_FourthTrip2.xlsx	5
https://rubalkhali.science/kb/RAK_P202107	biological_dna_extraction_membership	https://rubalkhali.science/kb/RAK_CTL_d579e9558e75b7c8b46d9a7ece3e522c8b0b7020203513dc551cbff4f8b503bf	sample_identifier:S1Dr1						data/metadata/samples/EB_Sample_Map_FourthTrip2.xlsx	5
https://rubalkhali.science/kb/RAK_CTL_dd53e0c60a1ba3c6dc2a854d1b2280179549811b7d54959c32c9416d47bee45d	dna_extraction	https://rubalkhali.science/kb/RAK_CTL_d999554fcbe2b36fbfdb2aeeef99cdf75e221b8bfc0594c4d017ed6ab7931c7b	https://rubalkhali.science/kb/RAK_CTL_b0018e4c3700fd4278ad16bb8a94d1f96732ae256f9dd5dbcd67f310bcd07e38	https://rubalkhali.science/kb/RAK_CTL_c34ddb2d014c70ab19cfccd36e3996b80d995b4ada9e40a8bb1709e123ee1895					data/metadata/samples/EB_Sample_Map_FourthTrip2.xlsx	6
https://rubalkhali.science/kb/RAK_CTL_746a13e209fa784d3296cb9f7745dda8394cc8011fcff33818b2abcb185422ae	amplicon_pcr		https://rubalkhali.science/kb/RAK_CTL_c34ddb2d014c70ab19cfccd36e3996b80d995b4ada9e40a8bb1709e123ee1895	https://rubalkhali.science/kb/RAK_CTL_521f765a2f0bb54b821774e92b12e637d2a500702983787a1288ddef7f6322a0					data/metadata/samplesheets/additional_fastqs_v2.tsv	228
https://rubalkhali.science/kb/RAK_CTL_607ccb04659a11c5bfa995d743c7112ddce5b3d5a7fee540d3d7c0368898f518	control_sequencing_assay		https://rubalkhali.science/kb/RAK_CTL_521f765a2f0bb54b821774e92b12e637d2a500702983787a1288ddef7f6322a0	https://rubalkhali.science/kb/RAK_CTL_cc35c7d17f77721e6251ba6c7a0ac6cf7ca97c25d6786df708e29498e9023256					data/metadata/samplesheets/additional_fastqs_v2.tsv	228
https://rubalkhali.science/kb/RAK_P202120	biological_dna_extraction_membership	https://rubalkhali.science/kb/RAK_CTL_d999554fcbe2b36fbfdb2aeeef99cdf75e221b8bfc0594c4d017ed6ab7931c7b	sample_identifier:S5PRr1						data/metadata/samples/EB_Sample_Map_FourthTrip2.xlsx	6
https://rubalkhali.science/kb/RAK_P202119	biological_dna_extraction_membership	https://rubalkhali.science/kb/RAK_CTL_d999554fcbe2b36fbfdb2aeeef99cdf75e221b8bfc0594c4d017ed6ab7931c7b	sample_identifier:S5Sr1						data/metadata/samples/EB_Sample_Map_FourthTrip2.xlsx	6
https://rubalkhali.science/kb/RAK_P202118	biological_dna_extraction_membership	https://rubalkhali.science/kb/RAK_CTL_d999554fcbe2b36fbfdb2aeeef99cdf75e221b8bfc0594c4d017ed6ab7931c7b	sample_identifier:S5Dr1						data/metadata/samples/EB_Sample_Map_FourthTrip2.xlsx	6
https://rubalkhali.science/kb/RAK_P202135	biological_dna_extraction_membership	https://rubalkhali.science/kb/RAK_CTL_d999554fcbe2b36fbfdb2aeeef99cdf75e221b8bfc0594c4d017ed6ab7931c7b	sample_identifier:S10PRr1						data/metadata/samples/EB_Sample_Map_FourthTrip2.xlsx	6
https://rubalkhali.science/kb/RAK_P202134	biological_dna_extraction_membership	https://rubalkhali.science/kb/RAK_CTL_d999554fcbe2b36fbfdb2aeeef99cdf75e221b8bfc0594c4d017ed6ab7931c7b	sample_identifier:S10Sr1						data/metadata/samples/EB_Sample_Map_FourthTrip2.xlsx	6
https://rubalkhali.science/kb/RAK_P202133	biological_dna_extraction_membership	https://rubalkhali.science/kb/RAK_CTL_d999554fcbe2b36fbfdb2aeeef99cdf75e221b8bfc0594c4d017ed6ab7931c7b	sample_identifier:S10Dr1						data/metadata/samples/EB_Sample_Map_FourthTrip2.xlsx	6
https://rubalkhali.science/kb/RAK_P202165	biological_dna_extraction_membership	https://rubalkhali.science/kb/RAK_CTL_d999554fcbe2b36fbfdb2aeeef99cdf75e221b8bfc0594c4d017ed6ab7931c7b	sample_identifier:S20PRr1						data/metadata/samples/EB_Sample_Map_FourthTrip2.xlsx	6
https://rubalkhali.science/kb/RAK_P202164	biological_dna_extraction_membership	https://rubalkhali.science/kb/RAK_CTL_d999554fcbe2b36fbfdb2aeeef99cdf75e221b8bfc0594c4d017ed6ab7931c7b	sample_identifier:S20Sr1						data/metadata/samples/EB_Sample_Map_FourthTrip2.xlsx	6
https://rubalkhali.science/kb/RAK_P202163	biological_dna_extraction_membership	https://rubalkhali.science/kb/RAK_CTL_d999554fcbe2b36fbfdb2aeeef99cdf75e221b8bfc0594c4d017ed6ab7931c7b	sample_identifier:S20Dr1						data/metadata/samples/EB_Sample_Map_FourthTrip2.xlsx	6
https://rubalkhali.science/kb/RAK_P202183	biological_dna_extraction_membership	https://rubalkhali.science/kb/RAK_CTL_d999554fcbe2b36fbfdb2aeeef99cdf75e221b8bfc0594c4d017ed6ab7931c7b	sample_identifier:S24PRr1						data/metadata/samples/EB_Sample_Map_FourthTrip2.xlsx	6
https://rubalkhali.science/kb/RAK_P202182	biological_dna_extraction_membership	https://rubalkhali.science/kb/RAK_CTL_d999554fcbe2b36fbfdb2aeeef99cdf75e221b8bfc0594c4d017ed6ab7931c7b	sample_identifier:S24Sr1						data/metadata/samples/EB_Sample_Map_FourthTrip2.xlsx	6
https://rubalkhali.science/kb/RAK_P202181	biological_dna_extraction_membership	https://rubalkhali.science/kb/RAK_CTL_d999554fcbe2b36fbfdb2aeeef99cdf75e221b8bfc0594c4d017ed6ab7931c7b	sample_identifier:S24Dr1						data/metadata/samples/EB_Sample_Map_FourthTrip2.xlsx	6
https://rubalkhali.science/kb/RAK_P202212	biological_dna_extraction_membership	https://rubalkhali.science/kb/RAK_CTL_d999554fcbe2b36fbfdb2aeeef99cdf75e221b8bfc0594c4d017ed6ab7931c7b	sample_identifier:S34PRr1						data/metadata/samples/EB_Sample_Map_FourthTrip2.xlsx	6
https://rubalkhali.science/kb/RAK_P202211	biological_dna_extraction_membership	https://rubalkhali.science/kb/RAK_CTL_d999554fcbe2b36fbfdb2aeeef99cdf75e221b8bfc0594c4d017ed6ab7931c7b	sample_identifier:S34Sr1						data/metadata/samples/EB_Sample_Map_FourthTrip2.xlsx	6
https://rubalkhali.science/kb/RAK_P202229	biological_dna_extraction_membership	https://rubalkhali.science/kb/RAK_CTL_d999554fcbe2b36fbfdb2aeeef99cdf75e221b8bfc0594c4d017ed6ab7931c7b	sample_identifier:S40Sr1						data/metadata/samples/EB_Sample_Map_FourthTrip2.xlsx	6
https://rubalkhali.science/kb/RAK_P202228	biological_dna_extraction_membership	https://rubalkhali.science/kb/RAK_CTL_d999554fcbe2b36fbfdb2aeeef99cdf75e221b8bfc0594c4d017ed6ab7931c7b	sample_identifier:S40Dr1						data/metadata/samples/EB_Sample_Map_FourthTrip2.xlsx	6
https://rubalkhali.science/kb/RAK_P202267	biological_dna_extraction_membership	https://rubalkhali.science/kb/RAK_CTL_d999554fcbe2b36fbfdb2aeeef99cdf75e221b8bfc0594c4d017ed6ab7931c7b	sample_identifier:S52PRr1						data/metadata/samples/EB_Sample_Map_FourthTrip2.xlsx	6
https://rubalkhali.science/kb/RAK_P202266	biological_dna_extraction_membership	https://rubalkhali.science/kb/RAK_CTL_d999554fcbe2b36fbfdb2aeeef99cdf75e221b8bfc0594c4d017ed6ab7931c7b	sample_identifier:S52Sr1						data/metadata/samples/EB_Sample_Map_FourthTrip2.xlsx	6
https://rubalkhali.science/kb/RAK_P202265	biological_dna_extraction_membership	https://rubalkhali.science/kb/RAK_CTL_d999554fcbe2b36fbfdb2aeeef99cdf75e221b8bfc0594c4d017ed6ab7931c7b	sample_identifier:S52Dr1						data/metadata/samples/EB_Sample_Map_FourthTrip2.xlsx	6
https://rubalkhali.science/kb/RAK_P202109	biological_dna_extraction_membership	https://rubalkhali.science/kb/RAK_CTL_d999554fcbe2b36fbfdb2aeeef99cdf75e221b8bfc0594c4d017ed6ab7931c7b	sample_identifier:S1PRr1						data/metadata/samples/EB_Sample_Map_FourthTrip2.xlsx	6
https://rubalkhali.science/kb/RAK_P202108	biological_dna_extraction_membership	https://rubalkhali.science/kb/RAK_CTL_d999554fcbe2b36fbfdb2aeeef99cdf75e221b8bfc0594c4d017ed6ab7931c7b	sample_identifier:S1Sr1						data/metadata/samples/EB_Sample_Map_FourthTrip2.xlsx	6
https://rubalkhali.science/kb/RAK_CTL_5213382cade5a4ef94a8f2aacf4500e21d9ab2331c6bda73cc42da12e3f92e26	dna_extraction	https://rubalkhali.science/kb/RAK_CTL_9efef0db378a00eabe193eb35637f9a0887cf76c386e6c60b5f6864f464bbe83	https://rubalkhali.science/kb/RAK_CTL_082b82aa55499fca07bc264ced464ea3a43c3b7078bc749562c9ae89474fbd36	https://rubalkhali.science/kb/RAK_CTL_59bd0591704efed59ce49ec83125edc802fdbcdf3f02e848b87f9e4714004869					data/metadata/samples/EB_Sample_Map_FourthTrip2.xlsx	7
https://rubalkhali.science/kb/RAK_CTL_1ea66170294bdb29592639c6bfc3c203289e2508204725e578a93eadc8661f10	amplicon_pcr		https://rubalkhali.science/kb/RAK_CTL_59bd0591704efed59ce49ec83125edc802fdbcdf3f02e848b87f9e4714004869	https://rubalkhali.science/kb/RAK_CTL_545df5d8a2af9552b84316202765e3045facc4a498c86560c0f9c4c855dd45fd					data/metadata/samplesheets/additional_fastqs_v2.tsv	510
https://rubalkhali.science/kb/RAK_CTL_c5af59e71ac85ab0f95c3b683ddfbbd0c89fdaa1dcc9b2271f4159e061ce2b59	control_sequencing_assay		https://rubalkhali.science/kb/RAK_CTL_545df5d8a2af9552b84316202765e3045facc4a498c86560c0f9c4c855dd45fd	https://rubalkhali.science/kb/RAK_CTL_17f933307631bd1c515a1db262f95b74de4a80ea95638a2851c79aac4b843ea5					data/metadata/samplesheets/additional_fastqs_v2.tsv	510
https://rubalkhali.science/kb/RAK_P202189	biological_dna_extraction_membership	https://rubalkhali.science/kb/RAK_CTL_9efef0db378a00eabe193eb35637f9a0887cf76c386e6c60b5f6864f464bbe83	sample_identifier:S26PRr1						data/metadata/samples/EB_Sample_Map_FourthTrip2.xlsx	7
https://rubalkhali.science/kb/RAK_P202188	biological_dna_extraction_membership	https://rubalkhali.science/kb/RAK_CTL_9efef0db378a00eabe193eb35637f9a0887cf76c386e6c60b5f6864f464bbe83	sample_identifier:S26Sr1						data/metadata/samples/EB_Sample_Map_FourthTrip2.xlsx	7
https://rubalkhali.science/kb/RAK_P202187	biological_dna_extraction_membership	https://rubalkhali.science/kb/RAK_CTL_9efef0db378a00eabe193eb35637f9a0887cf76c386e6c60b5f6864f464bbe83	sample_identifier:S26Dr1						data/metadata/samples/EB_Sample_Map_FourthTrip2.xlsx	7
https://rubalkhali.science/kb/RAK_P202235	biological_dna_extraction_membership	https://rubalkhali.science/kb/RAK_CTL_9efef0db378a00eabe193eb35637f9a0887cf76c386e6c60b5f6864f464bbe83	sample_identifier:S42PRr1						data/metadata/samples/EB_Sample_Map_FourthTrip2.xlsx	7
https://rubalkhali.science/kb/RAK_P202234	biological_dna_extraction_membership	https://rubalkhali.science/kb/RAK_CTL_9efef0db378a00eabe193eb35637f9a0887cf76c386e6c60b5f6864f464bbe83	sample_identifier:S42Sr1						data/metadata/samples/EB_Sample_Map_FourthTrip2.xlsx	7
https://rubalkhali.science/kb/RAK_P202233	biological_dna_extraction_membership	https://rubalkhali.science/kb/RAK_CTL_9efef0db378a00eabe193eb35637f9a0887cf76c386e6c60b5f6864f464bbe83	sample_identifier:S42Dr1						data/metadata/samples/EB_Sample_Map_FourthTrip2.xlsx	7
https://rubalkhali.science/kb/RAK_CTL_322f4e4a1a6c8ab3232c08cee9f7aa3e54ea42bdbd2e634dcdb6a079f3161ccc	dna_extraction	https://rubalkhali.science/kb/RAK_CTL_18fa92435bb811123b1f4a1b17749213ff9887353303f9cbdb4b708f1b9cbcfe	https://rubalkhali.science/kb/RAK_CTL_e7f2212f9e4cb96e07190808584e76cbb1c2739c61286c62ea863893e0e515f1	https://rubalkhali.science/kb/RAK_CTL_7b816a41466638afada678866799a2e1e4b24974f6bc5fdf93f9224e203ba63e					data/metadata/samples/EB_Sample_Map_FourthTrip2.xlsx	9
https://rubalkhali.science/kb/RAK_CTL_6149b4c99c340380707208287628c700f91f5396705d40d0c3c6e77a20bc52b1	amplicon_pcr		https://rubalkhali.science/kb/RAK_CTL_256c4109f961d0845058978794d4d8fdbcd451fba77d189c77be16ead271b0f4	https://rubalkhali.science/kb/RAK_CTL_d98736832c1eedc54dd6814e7650eccb0ce07b96281814b51ffb1d55d27ca1a2					data/metadata/samples/EB_Sample_Map_FourthTrip2.xlsx	8
https://rubalkhali.science/kb/RAK_CTL_477c0fe1a171bab13ba2a6bbc711ba849f905aad20aba98527a71c4e4e4068f7	dna_extraction	https://rubalkhali.science/kb/RAK_CTL_a67d5809bd2eddd87a6f0e816195609628a085b7436f8dd985400c428c8fdbfd	https://rubalkhali.science/kb/RAK_CTL_a530694b474ef2c23add2d39d99de6c3d11c7baba3448827c3e5bc4e6c64c58e	https://rubalkhali.science/kb/RAK_CTL_3fb502cbea0c0b3089acfa12ffa13f10e727e0827fa0ae33c0d6d9401636563d	2025-10-20				data/metadata/samples/Sequenced_Samples_by_EB_FifthTrip.xlsx	2
https://rubalkhali.science/kb/RAK_P202370	biological_dna_extraction_membership	https://rubalkhali.science/kb/RAK_CTL_a67d5809bd2eddd87a6f0e816195609628a085b7436f8dd985400c428c8fdbfd	sample_identifier:V12PRr1		2025-10-20				data/metadata/samples/Sequenced_Samples_by_EB_FifthTrip.xlsx	2
https://rubalkhali.science/kb/RAK_P202368	biological_dna_extraction_membership	https://rubalkhali.science/kb/RAK_CTL_a67d5809bd2eddd87a6f0e816195609628a085b7436f8dd985400c428c8fdbfd	sample_identifier:V12Sr1		2025-10-20				data/metadata/samples/Sequenced_Samples_by_EB_FifthTrip.xlsx	2
https://rubalkhali.science/kb/RAK_P202392	biological_dna_extraction_membership	https://rubalkhali.science/kb/RAK_CTL_a67d5809bd2eddd87a6f0e816195609628a085b7436f8dd985400c428c8fdbfd	sample_identifier:V16Dr1		2025-10-20				data/metadata/samples/Sequenced_Samples_by_EB_FifthTrip.xlsx	2
https://rubalkhali.science/kb/RAK_P202395	biological_dna_extraction_membership	https://rubalkhali.science/kb/RAK_CTL_a67d5809bd2eddd87a6f0e816195609628a085b7436f8dd985400c428c8fdbfd	sample_identifier:V16PRr1		2025-10-20				data/metadata/samples/Sequenced_Samples_by_EB_FifthTrip.xlsx	2
https://rubalkhali.science/kb/RAK_P202394	biological_dna_extraction_membership	https://rubalkhali.science/kb/RAK_CTL_a67d5809bd2eddd87a6f0e816195609628a085b7436f8dd985400c428c8fdbfd	sample_identifier:V16Sr1		2025-10-20				data/metadata/samples/Sequenced_Samples_by_EB_FifthTrip.xlsx	2
https://rubalkhali.science/kb/RAK_P202443	biological_dna_extraction_membership	https://rubalkhali.science/kb/RAK_CTL_a67d5809bd2eddd87a6f0e816195609628a085b7436f8dd985400c428c8fdbfd	sample_identifier:V23Dr1		2025-10-20				data/metadata/samples/Sequenced_Samples_by_EB_FifthTrip.xlsx	2
https://rubalkhali.science/kb/RAK_P202445	biological_dna_extraction_membership	https://rubalkhali.science/kb/RAK_CTL_a67d5809bd2eddd87a6f0e816195609628a085b7436f8dd985400c428c8fdbfd	sample_identifier:V23PRr1		2025-10-20				data/metadata/samples/Sequenced_Samples_by_EB_FifthTrip.xlsx	2
https://rubalkhali.science/kb/RAK_P202456	biological_dna_extraction_membership	https://rubalkhali.science/kb/RAK_CTL_a67d5809bd2eddd87a6f0e816195609628a085b7436f8dd985400c428c8fdbfd	sample_identifier:V25PRr1		2025-10-20				data/metadata/samples/Sequenced_Samples_by_EB_FifthTrip.xlsx	2
https://rubalkhali.science/kb/RAK_P202504	biological_dna_extraction_membership	https://rubalkhali.science/kb/RAK_CTL_a67d5809bd2eddd87a6f0e816195609628a085b7436f8dd985400c428c8fdbfd	sample_identifier:V33PRr1		2025-10-20				data/metadata/samples/Sequenced_Samples_by_EB_FifthTrip.xlsx	2
https://rubalkhali.science/kb/RAK_P202321	biological_dna_extraction_membership	https://rubalkhali.science/kb/RAK_CTL_a67d5809bd2eddd87a6f0e816195609628a085b7436f8dd985400c428c8fdbfd	sample_identifier:V5Dr1		2025-10-20				data/metadata/samples/Sequenced_Samples_by_EB_FifthTrip.xlsx	2
https://rubalkhali.science/kb/RAK_P202324	biological_dna_extraction_membership	https://rubalkhali.science/kb/RAK_CTL_a67d5809bd2eddd87a6f0e816195609628a085b7436f8dd985400c428c8fdbfd	sample_identifier:V5PRr1		2025-10-20				data/metadata/samples/Sequenced_Samples_by_EB_FifthTrip.xlsx	2
https://rubalkhali.science/kb/RAK_P202322	biological_dna_extraction_membership	https://rubalkhali.science/kb/RAK_CTL_a67d5809bd2eddd87a6f0e816195609628a085b7436f8dd985400c428c8fdbfd	sample_identifier:V5Sr1		2025-10-20				data/metadata/samples/Sequenced_Samples_by_EB_FifthTrip.xlsx	2
https://rubalkhali.science/kb/RAK_P202639	biological_dna_extraction_membership	https://rubalkhali.science/kb/RAK_CTL_a67d5809bd2eddd87a6f0e816195609628a085b7436f8dd985400c428c8fdbfd	sample_identifier:V60PRr1		2025-10-20				data/metadata/samples/Sequenced_Samples_by_EB_FifthTrip.xlsx	2
https://rubalkhali.science/kb/RAK_P202336	biological_dna_extraction_membership	https://rubalkhali.science/kb/RAK_CTL_a67d5809bd2eddd87a6f0e816195609628a085b7436f8dd985400c428c8fdbfd	sample_identifier:V7Dr1		2025-10-20				data/metadata/samples/Sequenced_Samples_by_EB_FifthTrip.xlsx	2
https://rubalkhali.science/kb/RAK_P202340	biological_dna_extraction_membership	https://rubalkhali.science/kb/RAK_CTL_a67d5809bd2eddd87a6f0e816195609628a085b7436f8dd985400c428c8fdbfd	sample_identifier:V7PRr1		2025-10-20				data/metadata/samples/Sequenced_Samples_by_EB_FifthTrip.xlsx	2
https://rubalkhali.science/kb/RAK_CTL_98e348eec1d9ccd8c23f725418d4ebf518f0ec6ef2d261f4d4211801093504d1	amplicon_pcr		https://rubalkhali.science/kb/RAK_CTL_3fb502cbea0c0b3089acfa12ffa13f10e727e0827fa0ae33c0d6d9401636563d	https://rubalkhali.science/kb/RAK_CTL_5e01679b2fb1b449b91da2ed0f666d9698e035b582aece4ccde2d0bc99f7c9ec					data/metadata/samples/controls/source_snapshots/ibex_trip5_16s_samplesheet.tsv	EB1
https://rubalkhali.science/kb/RAK_CTL_37b76c34f2a626ecfd1901d422756ab8dd02c7eeb9877b23ef3f86a02c78f535	control_sequencing_assay		https://rubalkhali.science/kb/RAK_CTL_5e01679b2fb1b449b91da2ed0f666d9698e035b582aece4ccde2d0bc99f7c9ec	https://rubalkhali.science/kb/RAK_CTL_a7f36cd55587f5bcfaf16cc8824b40ccbffcc9ec080e124731a4c0e4218f9014					data/metadata/samples/controls/source_snapshots/ibex_trip5_16s_samplesheet.tsv	EB1
https://rubalkhali.science/kb/RAK_CTL_65b4d98a58849e59c57211b48e5f6e1d4a0920801e0cd7d2c86463181ddcf27b	dna_extraction	https://rubalkhali.science/kb/RAK_CTL_f21726a48d319da5ba184d1f3a1dc3e6132ca891b72e570742f17556e6405b4c	https://rubalkhali.science/kb/RAK_CTL_bbb014c1ea29a7f7bbcb52199b6bd96320dacf12c076a7474ee588191ded43e1	https://rubalkhali.science/kb/RAK_CTL_1ec3aeb6b6b841fa5c024df53c2f4fecd2bb7b465b58a81749049f8d7851e607	2025-11-05				data/metadata/samples/Sequenced_Samples_by_EB_FifthTrip.xlsx	11
https://rubalkhali.science/kb/RAK_P202452	biological_dna_extraction_membership	https://rubalkhali.science/kb/RAK_CTL_f21726a48d319da5ba184d1f3a1dc3e6132ca891b72e570742f17556e6405b4c	sample_identifier:V25Dr3		2025-11-05				data/metadata/samples/Sequenced_Samples_by_EB_FifthTrip.xlsx	11
https://rubalkhali.science/kb/RAK_P202457	biological_dna_extraction_membership	https://rubalkhali.science/kb/RAK_CTL_f21726a48d319da5ba184d1f3a1dc3e6132ca891b72e570742f17556e6405b4c	sample_identifier:V25PRr2		2025-11-05				data/metadata/samples/Sequenced_Samples_by_EB_FifthTrip.xlsx	11
https://rubalkhali.science/kb/RAK_P202458	biological_dna_extraction_membership	https://rubalkhali.science/kb/RAK_CTL_f21726a48d319da5ba184d1f3a1dc3e6132ca891b72e570742f17556e6405b4c	sample_identifier:V25PRr3		2025-11-05				data/metadata/samples/Sequenced_Samples_by_EB_FifthTrip.xlsx	11
https://rubalkhali.science/kb/RAK_P202454	biological_dna_extraction_membership	https://rubalkhali.science/kb/RAK_CTL_f21726a48d319da5ba184d1f3a1dc3e6132ca891b72e570742f17556e6405b4c	sample_identifier:V25Sr2		2025-11-05				data/metadata/samples/Sequenced_Samples_by_EB_FifthTrip.xlsx	11
https://rubalkhali.science/kb/RAK_P202455	biological_dna_extraction_membership	https://rubalkhali.science/kb/RAK_CTL_f21726a48d319da5ba184d1f3a1dc3e6132ca891b72e570742f17556e6405b4c	sample_identifier:V25Sr3		2025-11-05				data/metadata/samples/Sequenced_Samples_by_EB_FifthTrip.xlsx	11
https://rubalkhali.science/kb/RAK_P202505	biological_dna_extraction_membership	https://rubalkhali.science/kb/RAK_CTL_f21726a48d319da5ba184d1f3a1dc3e6132ca891b72e570742f17556e6405b4c	sample_identifier:V33PRr2		2025-11-05				data/metadata/samples/Sequenced_Samples_by_EB_FifthTrip.xlsx	11
https://rubalkhali.science/kb/RAK_P202506	biological_dna_extraction_membership	https://rubalkhali.science/kb/RAK_CTL_f21726a48d319da5ba184d1f3a1dc3e6132ca891b72e570742f17556e6405b4c	sample_identifier:V33PRr3		2025-11-05				data/metadata/samples/Sequenced_Samples_by_EB_FifthTrip.xlsx	11
https://rubalkhali.science/kb/RAK_P202578	biological_dna_extraction_membership	https://rubalkhali.science/kb/RAK_CTL_f21726a48d319da5ba184d1f3a1dc3e6132ca891b72e570742f17556e6405b4c	sample_identifier:V46PRr2		2025-11-05				data/metadata/samples/Sequenced_Samples_by_EB_FifthTrip.xlsx	11
https://rubalkhali.science/kb/RAK_P202579	biological_dna_extraction_membership	https://rubalkhali.science/kb/RAK_CTL_f21726a48d319da5ba184d1f3a1dc3e6132ca891b72e570742f17556e6405b4c	sample_identifier:V46PRr3		2025-11-05				data/metadata/samples/Sequenced_Samples_by_EB_FifthTrip.xlsx	11
https://rubalkhali.science/kb/RAK_CTL_17ff3ad3edcebcf035dd8e0ec815c180e6b06f44ddda0c0be2c58b5dd04eb4c9	amplicon_pcr		https://rubalkhali.science/kb/RAK_CTL_1ec3aeb6b6b841fa5c024df53c2f4fecd2bb7b465b58a81749049f8d7851e607	https://rubalkhali.science/kb/RAK_CTL_9ec8e8bea9e10945a9243cf602c024a03e2bd131a8b9cbba47186a066526be5b					data/metadata/samples/controls/source_snapshots/ibex_trip5_16s_samplesheet.tsv	EB10
https://rubalkhali.science/kb/RAK_CTL_95c1c64c25875848b0b0e716b34a9fa770680c23ef70ce4a1317974351c7cd86	control_sequencing_assay		https://rubalkhali.science/kb/RAK_CTL_9ec8e8bea9e10945a9243cf602c024a03e2bd131a8b9cbba47186a066526be5b	https://rubalkhali.science/kb/RAK_CTL_c3e8c7351a2559dc67dd6c867d8d90977d4a6f5f9ec6fd4654ef3c45576168b4					data/metadata/samples/controls/source_snapshots/ibex_trip5_16s_samplesheet.tsv	EB10
https://rubalkhali.science/kb/RAK_CTL_a61603964f4a377398cc78abcdeebcb5a9f81c8f2f4b1a8c1cff54631993ff02	dna_extraction	https://rubalkhali.science/kb/RAK_CTL_0901fcc4f60c027b665fd970db01a5f2b98fe84227a841b331dcb921b498d639	https://rubalkhali.science/kb/RAK_CTL_38d6dd8de273475cd213d40a85d1c54ace1448f23af251c03badbfc8fc8c46d0	https://rubalkhali.science/kb/RAK_CTL_ccca5ae70533f55807f243a7339518f30c69a0219ce7427382f3ce39672eb19f	2025-11-06				data/metadata/samples/Sequenced_Samples_by_EB_FifthTrip.xlsx	12
https://rubalkhali.science/kb/RAK_P202358	biological_dna_extraction_membership	https://rubalkhali.science/kb/RAK_CTL_0901fcc4f60c027b665fd970db01a5f2b98fe84227a841b331dcb921b498d639	sample_identifier:V10PRr2		2025-11-06				data/metadata/samples/Sequenced_Samples_by_EB_FifthTrip.xlsx	12
https://rubalkhali.science/kb/RAK_P202367	biological_dna_extraction_membership	https://rubalkhali.science/kb/RAK_CTL_0901fcc4f60c027b665fd970db01a5f2b98fe84227a841b331dcb921b498d639	sample_identifier:V12Dr3		2025-11-06				data/metadata/samples/Sequenced_Samples_by_EB_FifthTrip.xlsx	12
https://rubalkhali.science/kb/RAK_P202371	biological_dna_extraction_membership	https://rubalkhali.science/kb/RAK_CTL_0901fcc4f60c027b665fd970db01a5f2b98fe84227a841b331dcb921b498d639	sample_identifier:V12PRr2		2025-11-06				data/metadata/samples/Sequenced_Samples_by_EB_FifthTrip.xlsx	12
https://rubalkhali.science/kb/RAK_P202372	biological_dna_extraction_membership	https://rubalkhali.science/kb/RAK_CTL_0901fcc4f60c027b665fd970db01a5f2b98fe84227a841b331dcb921b498d639	sample_identifier:V12PRr3		2025-11-06				data/metadata/samples/Sequenced_Samples_by_EB_FifthTrip.xlsx	12
https://rubalkhali.science/kb/RAK_P202369	biological_dna_extraction_membership	https://rubalkhali.science/kb/RAK_CTL_0901fcc4f60c027b665fd970db01a5f2b98fe84227a841b331dcb921b498d639	sample_identifier:V12Sr3		2025-11-06				data/metadata/samples/Sequenced_Samples_by_EB_FifthTrip.xlsx	12
https://rubalkhali.science/kb/RAK_P202385	biological_dna_extraction_membership	https://rubalkhali.science/kb/RAK_CTL_0901fcc4f60c027b665fd970db01a5f2b98fe84227a841b331dcb921b498d639	sample_identifier:V15Dr2		2025-11-06				data/metadata/samples/Sequenced_Samples_by_EB_FifthTrip.xlsx	12
https://rubalkhali.science/kb/RAK_P202386	biological_dna_extraction_membership	https://rubalkhali.science/kb/RAK_CTL_0901fcc4f60c027b665fd970db01a5f2b98fe84227a841b331dcb921b498d639	sample_identifier:V15Dr3		2025-11-06				data/metadata/samples/Sequenced_Samples_by_EB_FifthTrip.xlsx	12
https://rubalkhali.science/kb/RAK_P202390	biological_dna_extraction_membership	https://rubalkhali.science/kb/RAK_CTL_0901fcc4f60c027b665fd970db01a5f2b98fe84227a841b331dcb921b498d639	sample_identifier:V15PRr2		2025-11-06				data/metadata/samples/Sequenced_Samples_by_EB_FifthTrip.xlsx	12
https://rubalkhali.science/kb/RAK_P202391	biological_dna_extraction_membership	https://rubalkhali.science/kb/RAK_CTL_0901fcc4f60c027b665fd970db01a5f2b98fe84227a841b331dcb921b498d639	sample_identifier:V15PRr3		2025-11-06				data/metadata/samples/Sequenced_Samples_by_EB_FifthTrip.xlsx	12
https://rubalkhali.science/kb/RAK_P202388	biological_dna_extraction_membership	https://rubalkhali.science/kb/RAK_CTL_0901fcc4f60c027b665fd970db01a5f2b98fe84227a841b331dcb921b498d639	sample_identifier:V15Sr2		2025-11-06				data/metadata/samples/Sequenced_Samples_by_EB_FifthTrip.xlsx	12
https://rubalkhali.science/kb/RAK_P202393	biological_dna_extraction_membership	https://rubalkhali.science/kb/RAK_CTL_0901fcc4f60c027b665fd970db01a5f2b98fe84227a841b331dcb921b498d639	sample_identifier:V16Dr3		2025-11-06				data/metadata/samples/Sequenced_Samples_by_EB_FifthTrip.xlsx	12
https://rubalkhali.science/kb/RAK_P202396	biological_dna_extraction_membership	https://rubalkhali.science/kb/RAK_CTL_0901fcc4f60c027b665fd970db01a5f2b98fe84227a841b331dcb921b498d639	sample_identifier:V16PRr2		2025-11-06				data/metadata/samples/Sequenced_Samples_by_EB_FifthTrip.xlsx	12
https://rubalkhali.science/kb/RAK_P202397	biological_dna_extraction_membership	https://rubalkhali.science/kb/RAK_CTL_0901fcc4f60c027b665fd970db01a5f2b98fe84227a841b331dcb921b498d639	sample_identifier:V16PRr3		2025-11-06				data/metadata/samples/Sequenced_Samples_by_EB_FifthTrip.xlsx	12
https://rubalkhali.science/kb/RAK_P202583	biological_dna_extraction_membership	https://rubalkhali.science/kb/RAK_CTL_0901fcc4f60c027b665fd970db01a5f2b98fe84227a841b331dcb921b498d639	sample_identifier:V47PRr2		2025-11-06				data/metadata/samples/Sequenced_Samples_by_EB_FifthTrip.xlsx	12
https://rubalkhali.science/kb/RAK_P202584	biological_dna_extraction_membership	https://rubalkhali.science/kb/RAK_CTL_0901fcc4f60c027b665fd970db01a5f2b98fe84227a841b331dcb921b498d639	sample_identifier:V47PRr3		2025-11-06				data/metadata/samples/Sequenced_Samples_by_EB_FifthTrip.xlsx	12
https://rubalkhali.science/kb/RAK_P202640	biological_dna_extraction_membership	https://rubalkhali.science/kb/RAK_CTL_0901fcc4f60c027b665fd970db01a5f2b98fe84227a841b331dcb921b498d639	sample_identifier:V60PRr2		2025-11-06				data/metadata/samples/Sequenced_Samples_by_EB_FifthTrip.xlsx	12
https://rubalkhali.science/kb/RAK_CTL_3ce1ce26280750f734072befc34a8552f3079d3119229f3bc35d8b3f44d17b33	amplicon_pcr		https://rubalkhali.science/kb/RAK_CTL_ccca5ae70533f55807f243a7339518f30c69a0219ce7427382f3ce39672eb19f	https://rubalkhali.science/kb/RAK_CTL_13b0231f6aa49ad786dfcaf75c39de05e1e513022a67ee8dd9bbc7032a15e288					data/metadata/samples/controls/source_snapshots/ibex_trip5_16s_samplesheet.tsv	EB11
https://rubalkhali.science/kb/RAK_CTL_266bfb3d86c26926ef1fb7b8d6dd44d5273d2a34d493a9003cebd89482695070	control_sequencing_assay		https://rubalkhali.science/kb/RAK_CTL_13b0231f6aa49ad786dfcaf75c39de05e1e513022a67ee8dd9bbc7032a15e288	https://rubalkhali.science/kb/RAK_CTL_b37d7a38649c4bf280b66dbbb6f95dd76f7697727b674ab2cb52ee8f7fd94884					data/metadata/samples/controls/source_snapshots/ibex_trip5_16s_samplesheet.tsv	EB11
https://rubalkhali.science/kb/RAK_CTL_1e2f2b98bcd9639aa2a649cff37386cc78d5ac93c4cef8ff5b93ef1ebd1f57e4	dna_extraction	https://rubalkhali.science/kb/RAK_CTL_9a50d56ac5cf6259448fa02b88da5b8479f06c695fda4e60c8d29a59f4f9db6e	https://rubalkhali.science/kb/RAK_CTL_307623abf147812b587bc5f2be9959910bca6eda8eedf1e4b8547faf5de115e1	https://rubalkhali.science/kb/RAK_CTL_14236d34a8b9b37088b69ec19fb013b5bfa389897226019292ab7df72108cb4c	2025-11-09				data/metadata/samples/Sequenced_Samples_by_EB_FifthTrip.xlsx	13
https://rubalkhali.science/kb/RAK_P202433	biological_dna_extraction_membership	https://rubalkhali.science/kb/RAK_CTL_9a50d56ac5cf6259448fa02b88da5b8479f06c695fda4e60c8d29a59f4f9db6e	sample_identifier:V21Dr2		2025-11-09				data/metadata/samples/Sequenced_Samples_by_EB_FifthTrip.xlsx	13
https://rubalkhali.science/kb/RAK_P202437	biological_dna_extraction_membership	https://rubalkhali.science/kb/RAK_CTL_9a50d56ac5cf6259448fa02b88da5b8479f06c695fda4e60c8d29a59f4f9db6e	sample_identifier:V21PRr2		2025-11-09				data/metadata/samples/Sequenced_Samples_by_EB_FifthTrip.xlsx	13
https://rubalkhali.science/kb/RAK_P202438	biological_dna_extraction_membership	https://rubalkhali.science/kb/RAK_CTL_9a50d56ac5cf6259448fa02b88da5b8479f06c695fda4e60c8d29a59f4f9db6e	sample_identifier:V21PRr3		2025-11-09				data/metadata/samples/Sequenced_Samples_by_EB_FifthTrip.xlsx	13
https://rubalkhali.science/kb/RAK_P202435	biological_dna_extraction_membership	https://rubalkhali.science/kb/RAK_CTL_9a50d56ac5cf6259448fa02b88da5b8479f06c695fda4e60c8d29a59f4f9db6e	sample_identifier:V21Sr3		2025-11-09				data/metadata/samples/Sequenced_Samples_by_EB_FifthTrip.xlsx	13
https://rubalkhali.science/kb/RAK_P202446	biological_dna_extraction_membership	https://rubalkhali.science/kb/RAK_CTL_9a50d56ac5cf6259448fa02b88da5b8479f06c695fda4e60c8d29a59f4f9db6e	sample_identifier:V23PRr2		2025-11-09				data/metadata/samples/Sequenced_Samples_by_EB_FifthTrip.xlsx	13
https://rubalkhali.science/kb/RAK_P202491	biological_dna_extraction_membership	https://rubalkhali.science/kb/RAK_CTL_9a50d56ac5cf6259448fa02b88da5b8479f06c695fda4e60c8d29a59f4f9db6e	sample_identifier:V30PRr2		2025-11-09				data/metadata/samples/Sequenced_Samples_by_EB_FifthTrip.xlsx	13
https://rubalkhali.science/kb/RAK_P202492	biological_dna_extraction_membership	https://rubalkhali.science/kb/RAK_CTL_9a50d56ac5cf6259448fa02b88da5b8479f06c695fda4e60c8d29a59f4f9db6e	sample_identifier:V30PRr3		2025-11-09				data/metadata/samples/Sequenced_Samples_by_EB_FifthTrip.xlsx	13
https://rubalkhali.science/kb/RAK_P202489	biological_dna_extraction_membership	https://rubalkhali.science/kb/RAK_CTL_9a50d56ac5cf6259448fa02b88da5b8479f06c695fda4e60c8d29a59f4f9db6e	sample_identifier:V30Sr2		2025-11-09				data/metadata/samples/Sequenced_Samples_by_EB_FifthTrip.xlsx	13
https://rubalkhali.science/kb/RAK_P202494	biological_dna_extraction_membership	https://rubalkhali.science/kb/RAK_CTL_9a50d56ac5cf6259448fa02b88da5b8479f06c695fda4e60c8d29a59f4f9db6e	sample_identifier:V31Dr3		2025-11-09				data/metadata/samples/Sequenced_Samples_by_EB_FifthTrip.xlsx	13
https://rubalkhali.science/kb/RAK_P202527	biological_dna_extraction_membership	https://rubalkhali.science/kb/RAK_CTL_9a50d56ac5cf6259448fa02b88da5b8479f06c695fda4e60c8d29a59f4f9db6e	sample_identifier:V37PRr2		2025-11-09				data/metadata/samples/Sequenced_Samples_by_EB_FifthTrip.xlsx	13
https://rubalkhali.science/kb/RAK_P202528	biological_dna_extraction_membership	https://rubalkhali.science/kb/RAK_CTL_9a50d56ac5cf6259448fa02b88da5b8479f06c695fda4e60c8d29a59f4f9db6e	sample_identifier:V37PRr3		2025-11-09				data/metadata/samples/Sequenced_Samples_by_EB_FifthTrip.xlsx	13
https://rubalkhali.science/kb/RAK_P202545	biological_dna_extraction_membership	https://rubalkhali.science/kb/RAK_CTL_9a50d56ac5cf6259448fa02b88da5b8479f06c695fda4e60c8d29a59f4f9db6e	sample_identifier:V40PRr2		2025-11-09				data/metadata/samples/Sequenced_Samples_by_EB_FifthTrip.xlsx	13
https://rubalkhali.science/kb/RAK_P202546	biological_dna_extraction_membership	https://rubalkhali.science/kb/RAK_CTL_9a50d56ac5cf6259448fa02b88da5b8479f06c695fda4e60c8d29a59f4f9db6e	sample_identifier:V40PRr3		2025-11-09				data/metadata/samples/Sequenced_Samples_by_EB_FifthTrip.xlsx	13
https://rubalkhali.science/kb/RAK_P202543	biological_dna_extraction_membership	https://rubalkhali.science/kb/RAK_CTL_9a50d56ac5cf6259448fa02b88da5b8479f06c695fda4e60c8d29a59f4f9db6e	sample_identifier:V40Sr3		2025-11-09				data/metadata/samples/Sequenced_Samples_by_EB_FifthTrip.xlsx	13
https://rubalkhali.science/kb/RAK_CTL_9bfad826fc703d5f73fad73cb0c8d5944294e2ceb80da39c335bb0d52600f7c7	amplicon_pcr		https://rubalkhali.science/kb/RAK_CTL_14236d34a8b9b37088b69ec19fb013b5bfa389897226019292ab7df72108cb4c	https://rubalkhali.science/kb/RAK_CTL_8827ecf2f50f5f3e454d798fd30c8feafd3b16c2c08e81481c4245e182bd7fc5					data/metadata/samples/controls/source_snapshots/ibex_trip5_16s_samplesheet.tsv	EB12
https://rubalkhali.science/kb/RAK_CTL_42efabe5e3baeb5a662795fc8318f41617673d453a841c6fba2cfcfb83b47f2a	control_sequencing_assay		https://rubalkhali.science/kb/RAK_CTL_8827ecf2f50f5f3e454d798fd30c8feafd3b16c2c08e81481c4245e182bd7fc5	https://rubalkhali.science/kb/RAK_CTL_8acc3b15426950de9e94e41b1d8fb7cde116f9f9039a92b40d4955e7dee5b344					data/metadata/samples/controls/source_snapshots/ibex_trip5_16s_samplesheet.tsv	EB12
https://rubalkhali.science/kb/RAK_CTL_2c5006053903f99d649ea9245b1075c1ee9d71c7b4c9210d3f003fa28e6619e2	dna_extraction	https://rubalkhali.science/kb/RAK_CTL_d5f31618f564207ae245e72d3f519f63a0a6e9462cd985db47e2214c75833e03	https://rubalkhali.science/kb/RAK_CTL_92c205ad9a266346a9e3a798b27fa556e2d8f59f5f3746ee9bfab427418aa76a	https://rubalkhali.science/kb/RAK_CTL_2bd6e2e4d44735bf0b2cce1a3c6aa679ec0f9da47c1b10f4201f96b681a3b617	2025-11-10				data/metadata/samples/Sequenced_Samples_by_EB_FifthTrip.xlsx	14
https://rubalkhali.science/kb/RAK_P202586	biological_dna_extraction_membership	https://rubalkhali.science/kb/RAK_CTL_d5f31618f564207ae245e72d3f519f63a0a6e9462cd985db47e2214c75833e03	sample_identifier:V48Dr2		2025-11-10				data/metadata/samples/Sequenced_Samples_by_EB_FifthTrip.xlsx	14
https://rubalkhali.science/kb/RAK_P202587	biological_dna_extraction_membership	https://rubalkhali.science/kb/RAK_CTL_d5f31618f564207ae245e72d3f519f63a0a6e9462cd985db47e2214c75833e03	sample_identifier:V48Dr3		2025-11-10				data/metadata/samples/Sequenced_Samples_by_EB_FifthTrip.xlsx	14
https://rubalkhali.science/kb/RAK_P202591	biological_dna_extraction_membership	https://rubalkhali.science/kb/RAK_CTL_d5f31618f564207ae245e72d3f519f63a0a6e9462cd985db47e2214c75833e03	sample_identifier:V49Dr2		2025-11-10				data/metadata/samples/Sequenced_Samples_by_EB_FifthTrip.xlsx	14
https://rubalkhali.science/kb/RAK_P202608	biological_dna_extraction_membership	https://rubalkhali.science/kb/RAK_CTL_d5f31618f564207ae245e72d3f519f63a0a6e9462cd985db47e2214c75833e03	sample_identifier:V53PRr2		2025-11-10				data/metadata/samples/Sequenced_Samples_by_EB_FifthTrip.xlsx	14
https://rubalkhali.science/kb/RAK_P202612	biological_dna_extraction_membership	https://rubalkhali.science/kb/RAK_CTL_d5f31618f564207ae245e72d3f519f63a0a6e9462cd985db47e2214c75833e03	sample_identifier:V54PRr2		2025-11-10				data/metadata/samples/Sequenced_Samples_by_EB_FifthTrip.xlsx	14
https://rubalkhali.science/kb/RAK_P202613	biological_dna_extraction_membership	https://rubalkhali.science/kb/RAK_CTL_d5f31618f564207ae245e72d3f519f63a0a6e9462cd985db47e2214c75833e03	sample_identifier:V54PRr3		2025-11-10				data/metadata/samples/Sequenced_Samples_by_EB_FifthTrip.xlsx	14
https://rubalkhali.science/kb/RAK_P202619	biological_dna_extraction_membership	https://rubalkhali.science/kb/RAK_CTL_d5f31618f564207ae245e72d3f519f63a0a6e9462cd985db47e2214c75833e03	sample_identifier:V55PRr2		2025-11-10				data/metadata/samples/Sequenced_Samples_by_EB_FifthTrip.xlsx	14
https://rubalkhali.science/kb/RAK_P202620	biological_dna_extraction_membership	https://rubalkhali.science/kb/RAK_CTL_d5f31618f564207ae245e72d3f519f63a0a6e9462cd985db47e2214c75833e03	sample_identifier:V55PRr3		2025-11-10				data/metadata/samples/Sequenced_Samples_by_EB_FifthTrip.xlsx	14
https://rubalkhali.science/kb/RAK_P202616	biological_dna_extraction_membership	https://rubalkhali.science/kb/RAK_CTL_d5f31618f564207ae245e72d3f519f63a0a6e9462cd985db47e2214c75833e03	sample_identifier:V55Sr2		2025-11-10				data/metadata/samples/Sequenced_Samples_by_EB_FifthTrip.xlsx	14
https://rubalkhali.science/kb/RAK_P202617	biological_dna_extraction_membership	https://rubalkhali.science/kb/RAK_CTL_d5f31618f564207ae245e72d3f519f63a0a6e9462cd985db47e2214c75833e03	sample_identifier:V55Sr3		2025-11-10				data/metadata/samples/Sequenced_Samples_by_EB_FifthTrip.xlsx	14
https://rubalkhali.science/kb/RAK_P202627	biological_dna_extraction_membership	https://rubalkhali.science/kb/RAK_CTL_d5f31618f564207ae245e72d3f519f63a0a6e9462cd985db47e2214c75833e03	sample_identifier:V57PRr2		2025-11-10				data/metadata/samples/Sequenced_Samples_by_EB_FifthTrip.xlsx	14
https://rubalkhali.science/kb/RAK_P202628	biological_dna_extraction_membership	https://rubalkhali.science/kb/RAK_CTL_d5f31618f564207ae245e72d3f519f63a0a6e9462cd985db47e2214c75833e03	sample_identifier:V57PRr3		2025-11-10				data/metadata/samples/Sequenced_Samples_by_EB_FifthTrip.xlsx	14
https://rubalkhali.science/kb/RAK_CTL_3d9378f55b3acd4b3049c24e1a2b586f17df61d49b08c9b9dde208f6e757a4b2	amplicon_pcr		https://rubalkhali.science/kb/RAK_CTL_2bd6e2e4d44735bf0b2cce1a3c6aa679ec0f9da47c1b10f4201f96b681a3b617	https://rubalkhali.science/kb/RAK_CTL_ade3a8a537f65303a5419d01391e1e57cb363e0e8ea1928fbb77ba445758c2e9					data/metadata/samples/controls/source_snapshots/ibex_trip5_16s_samplesheet.tsv	EB13
https://rubalkhali.science/kb/RAK_CTL_5dd109e52c31b836a940f6a5c54233d06ca41c3259904acbfc266bcfed0dba4b	control_sequencing_assay		https://rubalkhali.science/kb/RAK_CTL_ade3a8a537f65303a5419d01391e1e57cb363e0e8ea1928fbb77ba445758c2e9	https://rubalkhali.science/kb/RAK_CTL_f377f13e406ea9c5f6f25bb5c47a5c8aa5f15dd21d30deeea7e56118fc21369b					data/metadata/samples/controls/source_snapshots/ibex_trip5_16s_samplesheet.tsv	EB13
https://rubalkhali.science/kb/RAK_CTL_bcea812226d1e4d8d083d33ab978ccdb908a6bae6b08c5ee25faee35c9f8d4b2	dna_extraction	https://rubalkhali.science/kb/RAK_CTL_c123c9b1a87e4a5f9595f890afc2f7bbd13b69d3ed78187c1039b27f2bafdab0	https://rubalkhali.science/kb/RAK_CTL_030dadb8c25f2642534b86508ceacce0698619164efef62ce4f174801ca048e1	https://rubalkhali.science/kb/RAK_CTL_9effacae05ddb83cefc34f59c7ba2db90f5e9988a19025a1fe6ea312dd2fa68c	2025-11-11				data/metadata/samples/Sequenced_Samples_by_EB_FifthTrip.xlsx	15
https://rubalkhali.science/kb/RAK_P202379	biological_dna_extraction_membership	https://rubalkhali.science/kb/RAK_CTL_c123c9b1a87e4a5f9595f890afc2f7bbd13b69d3ed78187c1039b27f2bafdab0	sample_identifier:V14Dr3		2025-11-11				data/metadata/samples/Sequenced_Samples_by_EB_FifthTrip.xlsx	15
https://rubalkhali.science/kb/RAK_P202382	biological_dna_extraction_membership	https://rubalkhali.science/kb/RAK_CTL_c123c9b1a87e4a5f9595f890afc2f7bbd13b69d3ed78187c1039b27f2bafdab0	sample_identifier:V14PRr2		2025-11-11				data/metadata/samples/Sequenced_Samples_by_EB_FifthTrip.xlsx	15
https://rubalkhali.science/kb/RAK_P202383	biological_dna_extraction_membership	https://rubalkhali.science/kb/RAK_CTL_c123c9b1a87e4a5f9595f890afc2f7bbd13b69d3ed78187c1039b27f2bafdab0	sample_identifier:V14PRr3		2025-11-11				data/metadata/samples/Sequenced_Samples_by_EB_FifthTrip.xlsx	15
https://rubalkhali.science/kb/RAK_P202430	biological_dna_extraction_membership	https://rubalkhali.science/kb/RAK_CTL_c123c9b1a87e4a5f9595f890afc2f7bbd13b69d3ed78187c1039b27f2bafdab0	sample_identifier:V20PRr2		2025-11-11				data/metadata/samples/Sequenced_Samples_by_EB_FifthTrip.xlsx	15
https://rubalkhali.science/kb/RAK_P202431	biological_dna_extraction_membership	https://rubalkhali.science/kb/RAK_CTL_c123c9b1a87e4a5f9595f890afc2f7bbd13b69d3ed78187c1039b27f2bafdab0	sample_identifier:V20PRr3		2025-11-11				data/metadata/samples/Sequenced_Samples_by_EB_FifthTrip.xlsx	15
https://rubalkhali.science/kb/RAK_P202428	biological_dna_extraction_membership	https://rubalkhali.science/kb/RAK_CTL_c123c9b1a87e4a5f9595f890afc2f7bbd13b69d3ed78187c1039b27f2bafdab0	sample_identifier:V20Sr2		2025-11-11				data/metadata/samples/Sequenced_Samples_by_EB_FifthTrip.xlsx	15
https://rubalkhali.science/kb/RAK_P202450	biological_dna_extraction_membership	https://rubalkhali.science/kb/RAK_CTL_c123c9b1a87e4a5f9595f890afc2f7bbd13b69d3ed78187c1039b27f2bafdab0	sample_identifier:V24PRr3		2025-11-11				data/metadata/samples/Sequenced_Samples_by_EB_FifthTrip.xlsx	15
https://rubalkhali.science/kb/RAK_P202460	biological_dna_extraction_membership	https://rubalkhali.science/kb/RAK_CTL_c123c9b1a87e4a5f9595f890afc2f7bbd13b69d3ed78187c1039b27f2bafdab0	sample_identifier:V26Dr2		2025-11-11				data/metadata/samples/Sequenced_Samples_by_EB_FifthTrip.xlsx	15
https://rubalkhali.science/kb/RAK_P202461	biological_dna_extraction_membership	https://rubalkhali.science/kb/RAK_CTL_c123c9b1a87e4a5f9595f890afc2f7bbd13b69d3ed78187c1039b27f2bafdab0	sample_identifier:V26Dr3		2025-11-11				data/metadata/samples/Sequenced_Samples_by_EB_FifthTrip.xlsx	15
https://rubalkhali.science/kb/RAK_P202465	biological_dna_extraction_membership	https://rubalkhali.science/kb/RAK_CTL_c123c9b1a87e4a5f9595f890afc2f7bbd13b69d3ed78187c1039b27f2bafdab0	sample_identifier:V26PRr2		2025-11-11				data/metadata/samples/Sequenced_Samples_by_EB_FifthTrip.xlsx	15
https://rubalkhali.science/kb/RAK_P202463	biological_dna_extraction_membership	https://rubalkhali.science/kb/RAK_CTL_c123c9b1a87e4a5f9595f890afc2f7bbd13b69d3ed78187c1039b27f2bafdab0	sample_identifier:V26Sr2		2025-11-11				data/metadata/samples/Sequenced_Samples_by_EB_FifthTrip.xlsx	15
https://rubalkhali.science/kb/RAK_P202308	biological_dna_extraction_membership	https://rubalkhali.science/kb/RAK_CTL_c123c9b1a87e4a5f9595f890afc2f7bbd13b69d3ed78187c1039b27f2bafdab0	sample_identifier:V3PRr2		2025-11-11				data/metadata/samples/Sequenced_Samples_by_EB_FifthTrip.xlsx	15
https://rubalkhali.science/kb/RAK_P202309	biological_dna_extraction_membership	https://rubalkhali.science/kb/RAK_CTL_c123c9b1a87e4a5f9595f890afc2f7bbd13b69d3ed78187c1039b27f2bafdab0	sample_identifier:V3PRr3		2025-11-11				data/metadata/samples/Sequenced_Samples_by_EB_FifthTrip.xlsx	15
https://rubalkhali.science/kb/RAK_P202597	biological_dna_extraction_membership	https://rubalkhali.science/kb/RAK_CTL_c123c9b1a87e4a5f9595f890afc2f7bbd13b69d3ed78187c1039b27f2bafdab0	sample_identifier:V50PRr2		2025-11-11				data/metadata/samples/Sequenced_Samples_by_EB_FifthTrip.xlsx	15
https://rubalkhali.science/kb/RAK_P202601	biological_dna_extraction_membership	https://rubalkhali.science/kb/RAK_CTL_c123c9b1a87e4a5f9595f890afc2f7bbd13b69d3ed78187c1039b27f2bafdab0	sample_identifier:V51PRr2		2025-11-11				data/metadata/samples/Sequenced_Samples_by_EB_FifthTrip.xlsx	15
https://rubalkhali.science/kb/RAK_P202602	biological_dna_extraction_membership	https://rubalkhali.science/kb/RAK_CTL_c123c9b1a87e4a5f9595f890afc2f7bbd13b69d3ed78187c1039b27f2bafdab0	sample_identifier:V51PRr3		2025-11-11				data/metadata/samples/Sequenced_Samples_by_EB_FifthTrip.xlsx	15
https://rubalkhali.science/kb/RAK_P202325	biological_dna_extraction_membership	https://rubalkhali.science/kb/RAK_CTL_c123c9b1a87e4a5f9595f890afc2f7bbd13b69d3ed78187c1039b27f2bafdab0	sample_identifier:V5PRr2		2025-11-11				data/metadata/samples/Sequenced_Samples_by_EB_FifthTrip.xlsx	15
https://rubalkhali.science/kb/RAK_P202326	biological_dna_extraction_membership	https://rubalkhali.science/kb/RAK_CTL_c123c9b1a87e4a5f9595f890afc2f7bbd13b69d3ed78187c1039b27f2bafdab0	sample_identifier:V5PRr3		2025-11-11				data/metadata/samples/Sequenced_Samples_by_EB_FifthTrip.xlsx	15
https://rubalkhali.science/kb/RAK_P202323	biological_dna_extraction_membership	https://rubalkhali.science/kb/RAK_CTL_c123c9b1a87e4a5f9595f890afc2f7bbd13b69d3ed78187c1039b27f2bafdab0	sample_identifier:V5Sr3		2025-11-11				data/metadata/samples/Sequenced_Samples_by_EB_FifthTrip.xlsx	15
https://rubalkhali.science/kb/RAK_CTL_01913fbee33989544ac788829a3bf6e7ff41c25a1c2b5a3d529ea6b5d4857228	amplicon_pcr		https://rubalkhali.science/kb/RAK_CTL_9effacae05ddb83cefc34f59c7ba2db90f5e9988a19025a1fe6ea312dd2fa68c	https://rubalkhali.science/kb/RAK_CTL_3fa24d8d34efd7b0314f7a88a616926b2e7e3583860b6ae2d0c987f66f08953f					data/metadata/samples/controls/source_snapshots/ibex_trip5_16s_samplesheet.tsv	EB14
https://rubalkhali.science/kb/RAK_CTL_0a2240682c77b2698fcab3f07ccf3e7387b21be67bf6039740aca6a9d85880aa	control_sequencing_assay		https://rubalkhali.science/kb/RAK_CTL_3fa24d8d34efd7b0314f7a88a616926b2e7e3583860b6ae2d0c987f66f08953f	https://rubalkhali.science/kb/RAK_CTL_2309fcbd70de53703ac9c00cc5b6012794017d4fe47c253590f8a7b7e64220ed					data/metadata/samples/controls/source_snapshots/ibex_trip5_16s_samplesheet.tsv	EB14
https://rubalkhali.science/kb/RAK_CTL_6d884fff7d011ba583b49e133c6a469e29dc07b7a868b787c04f7faa637c9129	dna_extraction	https://rubalkhali.science/kb/RAK_CTL_8d306440576eb68ef93550b6b26793622e2f761ef7c695d8f22e625e867bb758	https://rubalkhali.science/kb/RAK_CTL_fbed81ff8caaafc4d9c06358d9d2dfed0da6def982b9d457d250ea24b327ccd8	https://rubalkhali.science/kb/RAK_CTL_ade5a842724db36c5ce649121cf932982bead166373fa182265d21458eda25c2	2025-11-12				data/metadata/samples/Sequenced_Samples_by_EB_FifthTrip.xlsx	16
https://rubalkhali.science/kb/RAK_P202467	biological_dna_extraction_membership	https://rubalkhali.science/kb/RAK_CTL_8d306440576eb68ef93550b6b26793622e2f761ef7c695d8f22e625e867bb758	sample_identifier:V27Dr2		2025-11-12				data/metadata/samples/Sequenced_Samples_by_EB_FifthTrip.xlsx	16
https://rubalkhali.science/kb/RAK_P202471	biological_dna_extraction_membership	https://rubalkhali.science/kb/RAK_CTL_8d306440576eb68ef93550b6b26793622e2f761ef7c695d8f22e625e867bb758	sample_identifier:V27PRr2		2025-11-12				data/metadata/samples/Sequenced_Samples_by_EB_FifthTrip.xlsx	16
https://rubalkhali.science/kb/RAK_P202472	biological_dna_extraction_membership	https://rubalkhali.science/kb/RAK_CTL_8d306440576eb68ef93550b6b26793622e2f761ef7c695d8f22e625e867bb758	sample_identifier:V27PRr3		2025-11-12				data/metadata/samples/Sequenced_Samples_by_EB_FifthTrip.xlsx	16
https://rubalkhali.science/kb/RAK_P202500	biological_dna_extraction_membership	https://rubalkhali.science/kb/RAK_CTL_8d306440576eb68ef93550b6b26793622e2f761ef7c695d8f22e625e867bb758	sample_identifier:V32PRr2		2025-11-12				data/metadata/samples/Sequenced_Samples_by_EB_FifthTrip.xlsx	16
https://rubalkhali.science/kb/RAK_P202501	biological_dna_extraction_membership	https://rubalkhali.science/kb/RAK_CTL_8d306440576eb68ef93550b6b26793622e2f761ef7c695d8f22e625e867bb758	sample_identifier:V32PRr3		2025-11-12				data/metadata/samples/Sequenced_Samples_by_EB_FifthTrip.xlsx	16
https://rubalkhali.science/kb/RAK_P202533	biological_dna_extraction_membership	https://rubalkhali.science/kb/RAK_CTL_8d306440576eb68ef93550b6b26793622e2f761ef7c695d8f22e625e867bb758	sample_identifier:V38PRr3		2025-11-12				data/metadata/samples/Sequenced_Samples_by_EB_FifthTrip.xlsx	16
https://rubalkhali.science/kb/RAK_P202531	biological_dna_extraction_membership	https://rubalkhali.science/kb/RAK_CTL_8d306440576eb68ef93550b6b26793622e2f761ef7c695d8f22e625e867bb758	sample_identifier:V38Sr2		2025-11-12				data/metadata/samples/Sequenced_Samples_by_EB_FifthTrip.xlsx	16
https://rubalkhali.science/kb/RAK_P202535	biological_dna_extraction_membership	https://rubalkhali.science/kb/RAK_CTL_8d306440576eb68ef93550b6b26793622e2f761ef7c695d8f22e625e867bb758	sample_identifier:V39Dr3		2025-11-12				data/metadata/samples/Sequenced_Samples_by_EB_FifthTrip.xlsx	16
https://rubalkhali.science/kb/RAK_P202539	biological_dna_extraction_membership	https://rubalkhali.science/kb/RAK_CTL_8d306440576eb68ef93550b6b26793622e2f761ef7c695d8f22e625e867bb758	sample_identifier:V39PRr2		2025-11-12				data/metadata/samples/Sequenced_Samples_by_EB_FifthTrip.xlsx	16
https://rubalkhali.science/kb/RAK_P202540	biological_dna_extraction_membership	https://rubalkhali.science/kb/RAK_CTL_8d306440576eb68ef93550b6b26793622e2f761ef7c695d8f22e625e867bb758	sample_identifier:V39PRr3		2025-11-12				data/metadata/samples/Sequenced_Samples_by_EB_FifthTrip.xlsx	16
https://rubalkhali.science/kb/RAK_P202537	biological_dna_extraction_membership	https://rubalkhali.science/kb/RAK_CTL_8d306440576eb68ef93550b6b26793622e2f761ef7c695d8f22e625e867bb758	sample_identifier:V39Sr2		2025-11-12				data/metadata/samples/Sequenced_Samples_by_EB_FifthTrip.xlsx	16
https://rubalkhali.science/kb/RAK_P202555	biological_dna_extraction_membership	https://rubalkhali.science/kb/RAK_CTL_8d306440576eb68ef93550b6b26793622e2f761ef7c695d8f22e625e867bb758	sample_identifier:V42PRr2		2025-11-12				data/metadata/samples/Sequenced_Samples_by_EB_FifthTrip.xlsx	16
https://rubalkhali.science/kb/RAK_P202553	biological_dna_extraction_membership	https://rubalkhali.science/kb/RAK_CTL_8d306440576eb68ef93550b6b26793622e2f761ef7c695d8f22e625e867bb758	sample_identifier:V42Sr2		2025-11-12				data/metadata/samples/Sequenced_Samples_by_EB_FifthTrip.xlsx	16
https://rubalkhali.science/kb/RAK_P202557	biological_dna_extraction_membership	https://rubalkhali.science/kb/RAK_CTL_8d306440576eb68ef93550b6b26793622e2f761ef7c695d8f22e625e867bb758	sample_identifier:V43Dr2		2025-11-12				data/metadata/samples/Sequenced_Samples_by_EB_FifthTrip.xlsx	16
https://rubalkhali.science/kb/RAK_P202558	biological_dna_extraction_membership	https://rubalkhali.science/kb/RAK_CTL_8d306440576eb68ef93550b6b26793622e2f761ef7c695d8f22e625e867bb758	sample_identifier:V43Dr3		2025-11-12				data/metadata/samples/Sequenced_Samples_by_EB_FifthTrip.xlsx	16
https://rubalkhali.science/kb/RAK_P202561	biological_dna_extraction_membership	https://rubalkhali.science/kb/RAK_CTL_8d306440576eb68ef93550b6b26793622e2f761ef7c695d8f22e625e867bb758	sample_identifier:V43PRr2		2025-11-12				data/metadata/samples/Sequenced_Samples_by_EB_FifthTrip.xlsx	16
https://rubalkhali.science/kb/RAK_P202562	biological_dna_extraction_membership	https://rubalkhali.science/kb/RAK_CTL_8d306440576eb68ef93550b6b26793622e2f761ef7c695d8f22e625e867bb758	sample_identifier:V43PRr3		2025-11-12				data/metadata/samples/Sequenced_Samples_by_EB_FifthTrip.xlsx	16
https://rubalkhali.science/kb/RAK_P202568	biological_dna_extraction_membership	https://rubalkhali.science/kb/RAK_CTL_8d306440576eb68ef93550b6b26793622e2f761ef7c695d8f22e625e867bb758	sample_identifier:V45Dr2		2025-11-12				data/metadata/samples/Sequenced_Samples_by_EB_FifthTrip.xlsx	16
https://rubalkhali.science/kb/RAK_P202569	biological_dna_extraction_membership	https://rubalkhali.science/kb/RAK_CTL_8d306440576eb68ef93550b6b26793622e2f761ef7c695d8f22e625e867bb758	sample_identifier:V45Dr3		2025-11-12				data/metadata/samples/Sequenced_Samples_by_EB_FifthTrip.xlsx	16
https://rubalkhali.science/kb/RAK_P202573	biological_dna_extraction_membership	https://rubalkhali.science/kb/RAK_CTL_8d306440576eb68ef93550b6b26793622e2f761ef7c695d8f22e625e867bb758	sample_identifier:V45PRr2		2025-11-12				data/metadata/samples/Sequenced_Samples_by_EB_FifthTrip.xlsx	16
https://rubalkhali.science/kb/RAK_P202574	biological_dna_extraction_membership	https://rubalkhali.science/kb/RAK_CTL_8d306440576eb68ef93550b6b26793622e2f761ef7c695d8f22e625e867bb758	sample_identifier:V45PRr3		2025-11-12				data/metadata/samples/Sequenced_Samples_by_EB_FifthTrip.xlsx	16
https://rubalkhali.science/kb/RAK_P202571	biological_dna_extraction_membership	https://rubalkhali.science/kb/RAK_CTL_8d306440576eb68ef93550b6b26793622e2f761ef7c695d8f22e625e867bb758	sample_identifier:V45Sr3		2025-11-12				data/metadata/samples/Sequenced_Samples_by_EB_FifthTrip.xlsx	16
https://rubalkhali.science/kb/RAK_CTL_49d0399352c9c9ef80f855a14c149c2d20d1b0b28263108c8242c855ff028cb8	amplicon_pcr		https://rubalkhali.science/kb/RAK_CTL_ade5a842724db36c5ce649121cf932982bead166373fa182265d21458eda25c2	https://rubalkhali.science/kb/RAK_CTL_1ff381838143ccfdd923bf2436487ea271f382cde0433fae7aeec5b493890799					data/metadata/samples/controls/source_snapshots/ibex_trip5_16s_samplesheet.tsv	EB15
https://rubalkhali.science/kb/RAK_CTL_16d7e495f33e529ca0bbac4292f39cd150b070db6987c40728c79c0d2dc14bd2	control_sequencing_assay		https://rubalkhali.science/kb/RAK_CTL_1ff381838143ccfdd923bf2436487ea271f382cde0433fae7aeec5b493890799	https://rubalkhali.science/kb/RAK_CTL_2d0a89c9f55d773eac9ddc503365a93e2440037b500fd864e59a19fc97488e44					data/metadata/samples/controls/source_snapshots/ibex_trip5_16s_samplesheet.tsv	EB15
https://rubalkhali.science/kb/RAK_CTL_69e13f39d8649afe9157b3c19bf684ef697c40f487b17667a534eb35d2002960	dna_extraction	https://rubalkhali.science/kb/RAK_CTL_e13468ebb64a67d3db8368d350b240a4e5ef7d6bd5db7e8f99c41105528302fc	https://rubalkhali.science/kb/RAK_CTL_756322c0bc9f3732a7e953dbb79d0353bcfba52efafc37af7bcf3a6736836d67	https://rubalkhali.science/kb/RAK_CTL_ba3c1603b9da29ab94cd164ac75348e8403c719271b102753b875402e4065fa9	2025-11-13				data/metadata/samples/Sequenced_Samples_by_EB_FifthTrip.xlsx	17
https://rubalkhali.science/kb/RAK_P202468	biological_dna_extraction_membership	https://rubalkhali.science/kb/RAK_CTL_e13468ebb64a67d3db8368d350b240a4e5ef7d6bd5db7e8f99c41105528302fc	sample_identifier:V27Dr3		2025-11-13				data/metadata/samples/Sequenced_Samples_by_EB_FifthTrip.xlsx	17
https://rubalkhali.science/kb/RAK_P202304	biological_dna_extraction_membership	https://rubalkhali.science/kb/RAK_CTL_e13468ebb64a67d3db8368d350b240a4e5ef7d6bd5db7e8f99c41105528302fc	sample_identifier:V2PRr3		2025-11-13				data/metadata/samples/Sequenced_Samples_by_EB_FifthTrip.xlsx	17
https://rubalkhali.science/kb/RAK_P202548	biological_dna_extraction_membership	https://rubalkhali.science/kb/RAK_CTL_e13468ebb64a67d3db8368d350b240a4e5ef7d6bd5db7e8f99c41105528302fc	sample_identifier:V41Dr3		2025-11-13				data/metadata/samples/Sequenced_Samples_by_EB_FifthTrip.xlsx	17
https://rubalkhali.science/kb/RAK_P202632	biological_dna_extraction_membership	https://rubalkhali.science/kb/RAK_CTL_e13468ebb64a67d3db8368d350b240a4e5ef7d6bd5db7e8f99c41105528302fc	sample_identifier:V58PRr2		2025-11-13				data/metadata/samples/Sequenced_Samples_by_EB_FifthTrip.xlsx	17
https://rubalkhali.science/kb/RAK_P202633	biological_dna_extraction_membership	https://rubalkhali.science/kb/RAK_CTL_e13468ebb64a67d3db8368d350b240a4e5ef7d6bd5db7e8f99c41105528302fc	sample_identifier:V58PRr3		2025-11-13				data/metadata/samples/Sequenced_Samples_by_EB_FifthTrip.xlsx	17
https://rubalkhali.science/kb/RAK_CTL_82dce7188fac9bfb94da7270d546cfd8a736600b1c4df5dd86cb5f3fd9f790f8	amplicon_pcr		https://rubalkhali.science/kb/RAK_CTL_ba3c1603b9da29ab94cd164ac75348e8403c719271b102753b875402e4065fa9	https://rubalkhali.science/kb/RAK_CTL_5f474314ea1a4b15e60cb05f4b49d7fce677e857caf0d659ba838b0d14339a07					data/metadata/samples/controls/source_snapshots/ibex_trip5_16s_samplesheet.tsv	EB16
https://rubalkhali.science/kb/RAK_CTL_84e0a88e645430b3f2787626e1f75c68b0e4e39438f3515921d83bb8e5d33c65	control_sequencing_assay		https://rubalkhali.science/kb/RAK_CTL_5f474314ea1a4b15e60cb05f4b49d7fce677e857caf0d659ba838b0d14339a07	https://rubalkhali.science/kb/RAK_CTL_9bd3302b20f07ffe6a64b9ff9963f4f32f9aadee6b6730043ecc72232f244d7a					data/metadata/samples/controls/source_snapshots/ibex_trip5_16s_samplesheet.tsv	EB16
https://rubalkhali.science/kb/RAK_CTL_a4b94ef0e8085f26061322044a9b6a3052686b7350d6a87011393613460a73a7	dna_extraction	https://rubalkhali.science/kb/RAK_CTL_2a517b251f391e7394070a4273e70a7b00c508b2be659d2c177c847b015c510d	https://rubalkhali.science/kb/RAK_CTL_33d65ad84c256c2e661d99e0dc17c3732da51d682301f58fa6314e5a2414d225	https://rubalkhali.science/kb/RAK_CTL_f30679650b455746e1a0238696d17561d4a505e0ec4655ccf6fb443f5ed5494d	2025-11-16				data/metadata/samples/Sequenced_Samples_by_EB_FifthTrip.xlsx	18
https://rubalkhali.science/kb/RAK_P202520	biological_dna_extraction_membership	https://rubalkhali.science/kb/RAK_CTL_2a517b251f391e7394070a4273e70a7b00c508b2be659d2c177c847b015c510d	sample_identifier:V35PRr3		2025-11-16				data/metadata/samples/Sequenced_Samples_by_EB_FifthTrip.xlsx	18
https://rubalkhali.science/kb/RAK_CTL_1d0ad44cf22ffa77587748938f008f66adece98fe4911d12daa9d2b8bd1b8ba5	amplicon_pcr		https://rubalkhali.science/kb/RAK_CTL_f30679650b455746e1a0238696d17561d4a505e0ec4655ccf6fb443f5ed5494d	https://rubalkhali.science/kb/RAK_CTL_75a2c73358fd7cb45263e6c500280ed4518f0916e4bda6f034799c463f81a2cf					data/metadata/samples/controls/source_snapshots/ibex_trip5_16s_samplesheet.tsv	EB17
https://rubalkhali.science/kb/RAK_CTL_ec9ea6655aeba92eeccabaeba31253285ff4a01b8f80c4142f56653b2633d7b4	control_sequencing_assay		https://rubalkhali.science/kb/RAK_CTL_75a2c73358fd7cb45263e6c500280ed4518f0916e4bda6f034799c463f81a2cf	https://rubalkhali.science/kb/RAK_CTL_47de269814ec8c915d6b40f7ad6981c37c2885fe2b4bca828d9dee7d7f556d2b					data/metadata/samples/controls/source_snapshots/ibex_trip5_16s_samplesheet.tsv	EB17
https://rubalkhali.science/kb/RAK_CTL_cb446a4baedae4c7ccb35416b0b3611f3e5da7634b1814255951057710db7f5a	dna_extraction		https://rubalkhali.science/kb/RAK_CTL_fcc4a8b7453e1a57f80b52c3fa909f4c3d5f2f5ef6ed296849511b0832b52adc	https://rubalkhali.science/kb/RAK_CTL_0d0d150e0b1a3d460cbb5302067504f8c2e39e845c987fafc1dc56afa428bf67					data/metadata/samples/controls/source_snapshots/ibex_trip5_16s_samplesheet.tsv	EB18
https://rubalkhali.science/kb/RAK_CTL_86b5c7feb98eb14451cc45712f4b4201f122c4e7c5af36b92846c2a692c63428	amplicon_pcr		https://rubalkhali.science/kb/RAK_CTL_0d0d150e0b1a3d460cbb5302067504f8c2e39e845c987fafc1dc56afa428bf67	https://rubalkhali.science/kb/RAK_CTL_e1b5aa369c5e88f948597fba1f8ec58ef970a821116771dd9146f3426dd8a50b					data/metadata/samples/controls/source_snapshots/ibex_trip5_16s_samplesheet.tsv	EB18
https://rubalkhali.science/kb/RAK_CTL_06fd0f2b527a93f0ea16ed90c3aad1a392ad9e51d1e780544310f21ac28fc374	control_sequencing_assay		https://rubalkhali.science/kb/RAK_CTL_e1b5aa369c5e88f948597fba1f8ec58ef970a821116771dd9146f3426dd8a50b	https://rubalkhali.science/kb/RAK_CTL_b1e5c3a766559623afbfbc52feabbf8e052e3ca28230fa344f80de8368b2934b					data/metadata/samples/controls/source_snapshots/ibex_trip5_16s_samplesheet.tsv	EB18
https://rubalkhali.science/kb/RAK_CTL_6e2b8e4a9898b5f57671d6e4693046131607e085507ead23da6efbf8d45a5926	dna_extraction	https://rubalkhali.science/kb/RAK_CTL_0bada967a84204a32e0ad7d2678e997bb150b94af491d2ad4ec19e617ebf3e4d	https://rubalkhali.science/kb/RAK_CTL_d2b4e6fdc632d3e7587ca8eeb74e603c1a8bd0869deeeefe1142cb234cfed4c8	https://rubalkhali.science/kb/RAK_CTL_05c921262e85cd0654fa31da3810aa28769e6f453ce995612fe3fd34de64fd94	2025-10-21				data/metadata/samples/Sequenced_Samples_by_EB_FifthTrip.xlsx	3
https://rubalkhali.science/kb/RAK_P202355	biological_dna_extraction_membership	https://rubalkhali.science/kb/RAK_CTL_0bada967a84204a32e0ad7d2678e997bb150b94af491d2ad4ec19e617ebf3e4d	sample_identifier:V10Dr1		2025-10-21				data/metadata/samples/Sequenced_Samples_by_EB_FifthTrip.xlsx	3
https://rubalkhali.science/kb/RAK_P202376	biological_dna_extraction_membership	https://rubalkhali.science/kb/RAK_CTL_0bada967a84204a32e0ad7d2678e997bb150b94af491d2ad4ec19e617ebf3e4d	sample_identifier:V13PRr1		2025-10-21				data/metadata/samples/Sequenced_Samples_by_EB_FifthTrip.xlsx	3
https://rubalkhali.science/kb/RAK_P202384	biological_dna_extraction_membership	https://rubalkhali.science/kb/RAK_CTL_0bada967a84204a32e0ad7d2678e997bb150b94af491d2ad4ec19e617ebf3e4d	sample_identifier:V15Dr1		2025-10-21				data/metadata/samples/Sequenced_Samples_by_EB_FifthTrip.xlsx	3
https://rubalkhali.science/kb/RAK_P202389	biological_dna_extraction_membership	https://rubalkhali.science/kb/RAK_CTL_0bada967a84204a32e0ad7d2678e997bb150b94af491d2ad4ec19e617ebf3e4d	sample_identifier:V15PRr1		2025-10-21				data/metadata/samples/Sequenced_Samples_by_EB_FifthTrip.xlsx	3
https://rubalkhali.science/kb/RAK_P202387	biological_dna_extraction_membership	https://rubalkhali.science/kb/RAK_CTL_0bada967a84204a32e0ad7d2678e997bb150b94af491d2ad4ec19e617ebf3e4d	sample_identifier:V15Sr1		2025-10-21				data/metadata/samples/Sequenced_Samples_by_EB_FifthTrip.xlsx	3
https://rubalkhali.science/kb/RAK_P202422	biological_dna_extraction_membership	https://rubalkhali.science/kb/RAK_CTL_0bada967a84204a32e0ad7d2678e997bb150b94af491d2ad4ec19e617ebf3e4d	sample_identifier:V19PRr1		2025-10-21				data/metadata/samples/Sequenced_Samples_by_EB_FifthTrip.xlsx	3
https://rubalkhali.science/kb/RAK_P202447	biological_dna_extraction_membership	https://rubalkhali.science/kb/RAK_CTL_0bada967a84204a32e0ad7d2678e997bb150b94af491d2ad4ec19e617ebf3e4d	sample_identifier:V24Dr1		2025-10-21				data/metadata/samples/Sequenced_Samples_by_EB_FifthTrip.xlsx	3
https://rubalkhali.science/kb/RAK_P202449	biological_dna_extraction_membership	https://rubalkhali.science/kb/RAK_CTL_0bada967a84204a32e0ad7d2678e997bb150b94af491d2ad4ec19e617ebf3e4d	sample_identifier:V24PRr1		2025-10-21				data/metadata/samples/Sequenced_Samples_by_EB_FifthTrip.xlsx	3
https://rubalkhali.science/kb/RAK_P202470	biological_dna_extraction_membership	https://rubalkhali.science/kb/RAK_CTL_0bada967a84204a32e0ad7d2678e997bb150b94af491d2ad4ec19e617ebf3e4d	sample_identifier:V27PRr1		2025-10-21				data/metadata/samples/Sequenced_Samples_by_EB_FifthTrip.xlsx	3
https://rubalkhali.science/kb/RAK_P202476	biological_dna_extraction_membership	https://rubalkhali.science/kb/RAK_CTL_0bada967a84204a32e0ad7d2678e997bb150b94af491d2ad4ec19e617ebf3e4d	sample_identifier:V28PRr1		2025-10-21				data/metadata/samples/Sequenced_Samples_by_EB_FifthTrip.xlsx	3
https://rubalkhali.science/kb/RAK_P202298	biological_dna_extraction_membership	https://rubalkhali.science/kb/RAK_CTL_0bada967a84204a32e0ad7d2678e997bb150b94af491d2ad4ec19e617ebf3e4d	sample_identifier:V2Dr1		2025-10-21				data/metadata/samples/Sequenced_Samples_by_EB_FifthTrip.xlsx	3
https://rubalkhali.science/kb/RAK_P202302	biological_dna_extraction_membership	https://rubalkhali.science/kb/RAK_CTL_0bada967a84204a32e0ad7d2678e997bb150b94af491d2ad4ec19e617ebf3e4d	sample_identifier:V2PRr1		2025-10-21				data/metadata/samples/Sequenced_Samples_by_EB_FifthTrip.xlsx	3
https://rubalkhali.science/kb/RAK_P202300	biological_dna_extraction_membership	https://rubalkhali.science/kb/RAK_CTL_0bada967a84204a32e0ad7d2678e997bb150b94af491d2ad4ec19e617ebf3e4d	sample_identifier:V2Sr1		2025-10-21				data/metadata/samples/Sequenced_Samples_by_EB_FifthTrip.xlsx	3
https://rubalkhali.science/kb/RAK_P202493	biological_dna_extraction_membership	https://rubalkhali.science/kb/RAK_CTL_0bada967a84204a32e0ad7d2678e997bb150b94af491d2ad4ec19e617ebf3e4d	sample_identifier:V31Dr1		2025-10-21				data/metadata/samples/Sequenced_Samples_by_EB_FifthTrip.xlsx	3
https://rubalkhali.science/kb/RAK_P202307	biological_dna_extraction_membership	https://rubalkhali.science/kb/RAK_CTL_0bada967a84204a32e0ad7d2678e997bb150b94af491d2ad4ec19e617ebf3e4d	sample_identifier:V3PRr1		2025-10-21				data/metadata/samples/Sequenced_Samples_by_EB_FifthTrip.xlsx	3
https://rubalkhali.science/kb/RAK_CTL_8b99fab47dac8822461748cf2429fc00e702d9e3e7f25ff4b85e80bf47d0c078	amplicon_pcr		https://rubalkhali.science/kb/RAK_CTL_05c921262e85cd0654fa31da3810aa28769e6f453ce995612fe3fd34de64fd94	https://rubalkhali.science/kb/RAK_CTL_066b00be5f5463381a2848771cae23234243945bbdbce366ad785c9af5cd51c2					data/metadata/samples/controls/source_snapshots/ibex_trip5_16s_samplesheet.tsv	EB2
https://rubalkhali.science/kb/RAK_CTL_d71d165f55c83bdb03391adf781d819349e76b3e710538984c8d22c680e5a835	control_sequencing_assay		https://rubalkhali.science/kb/RAK_CTL_066b00be5f5463381a2848771cae23234243945bbdbce366ad785c9af5cd51c2	https://rubalkhali.science/kb/RAK_CTL_08fa0380075578cb2423cba9cea4499b5ddf8eae825252af5cbd6c3978e90200					data/metadata/samples/controls/source_snapshots/ibex_trip5_16s_samplesheet.tsv	EB2
https://rubalkhali.science/kb/RAK_CTL_b9d0f808895c63c9e9720444b00399633ad3167804d00143357df376478e0f6b	dna_extraction	https://rubalkhali.science/kb/RAK_CTL_ed68ce9ad96889d2e31fe7d057acdf8e7f78d08febc9b9c3a883bd969f677238	https://rubalkhali.science/kb/RAK_CTL_eeb672b70e0864ff2971c6467879797939050dde605cba91b0a9f1dd87265c6e	https://rubalkhali.science/kb/RAK_CTL_bed59735be3e7704bd6594f84270322e51f92cc15fa9b2e61c75fcc46fa20212	2025-10-26				data/metadata/samples/Sequenced_Samples_by_EB_FifthTrip.xlsx	4
https://rubalkhali.science/kb/RAK_P202381	biological_dna_extraction_membership	https://rubalkhali.science/kb/RAK_CTL_ed68ce9ad96889d2e31fe7d057acdf8e7f78d08febc9b9c3a883bd969f677238	sample_identifier:V14PRr1		2025-10-26				data/metadata/samples/Sequenced_Samples_by_EB_FifthTrip.xlsx	4
https://rubalkhali.science/kb/RAK_P202380	biological_dna_extraction_membership	https://rubalkhali.science/kb/RAK_CTL_ed68ce9ad96889d2e31fe7d057acdf8e7f78d08febc9b9c3a883bd969f677238	sample_identifier:V14Sr1		2025-10-26				data/metadata/samples/Sequenced_Samples_by_EB_FifthTrip.xlsx	4
https://rubalkhali.science/kb/RAK_P202432	biological_dna_extraction_membership	https://rubalkhali.science/kb/RAK_CTL_ed68ce9ad96889d2e31fe7d057acdf8e7f78d08febc9b9c3a883bd969f677238	sample_identifier:V21Dr1		2025-10-26				data/metadata/samples/Sequenced_Samples_by_EB_FifthTrip.xlsx	4
https://rubalkhali.science/kb/RAK_P202436	biological_dna_extraction_membership	https://rubalkhali.science/kb/RAK_CTL_ed68ce9ad96889d2e31fe7d057acdf8e7f78d08febc9b9c3a883bd969f677238	sample_identifier:V21PRr1		2025-10-26				data/metadata/samples/Sequenced_Samples_by_EB_FifthTrip.xlsx	4
https://rubalkhali.science/kb/RAK_P202490	biological_dna_extraction_membership	https://rubalkhali.science/kb/RAK_CTL_ed68ce9ad96889d2e31fe7d057acdf8e7f78d08febc9b9c3a883bd969f677238	sample_identifier:V30PRr1		2025-10-26				data/metadata/samples/Sequenced_Samples_by_EB_FifthTrip.xlsx	4
https://rubalkhali.science/kb/RAK_P202499	biological_dna_extraction_membership	https://rubalkhali.science/kb/RAK_CTL_ed68ce9ad96889d2e31fe7d057acdf8e7f78d08febc9b9c3a883bd969f677238	sample_identifier:V32PRr1		2025-10-26				data/metadata/samples/Sequenced_Samples_by_EB_FifthTrip.xlsx	4
https://rubalkhali.science/kb/RAK_P202524	biological_dna_extraction_membership	https://rubalkhali.science/kb/RAK_CTL_ed68ce9ad96889d2e31fe7d057acdf8e7f78d08febc9b9c3a883bd969f677238	sample_identifier:V37Dr1		2025-10-26				data/metadata/samples/Sequenced_Samples_by_EB_FifthTrip.xlsx	4
https://rubalkhali.science/kb/RAK_P202544	biological_dna_extraction_membership	https://rubalkhali.science/kb/RAK_CTL_ed68ce9ad96889d2e31fe7d057acdf8e7f78d08febc9b9c3a883bd969f677238	sample_identifier:V40PRr1		2025-10-26				data/metadata/samples/Sequenced_Samples_by_EB_FifthTrip.xlsx	4
https://rubalkhali.science/kb/RAK_P202563	biological_dna_extraction_membership	https://rubalkhali.science/kb/RAK_CTL_ed68ce9ad96889d2e31fe7d057acdf8e7f78d08febc9b9c3a883bd969f677238	sample_identifier:V44Dr1		2025-10-26				data/metadata/samples/Sequenced_Samples_by_EB_FifthTrip.xlsx	4
https://rubalkhali.science/kb/RAK_P202565	biological_dna_extraction_membership	https://rubalkhali.science/kb/RAK_CTL_ed68ce9ad96889d2e31fe7d057acdf8e7f78d08febc9b9c3a883bd969f677238	sample_identifier:V44PRr1		2025-10-26				data/metadata/samples/Sequenced_Samples_by_EB_FifthTrip.xlsx	4
https://rubalkhali.science/kb/RAK_P202347	biological_dna_extraction_membership	https://rubalkhali.science/kb/RAK_CTL_ed68ce9ad96889d2e31fe7d057acdf8e7f78d08febc9b9c3a883bd969f677238	sample_identifier:V8PRr1		2025-10-26				data/metadata/samples/Sequenced_Samples_by_EB_FifthTrip.xlsx	4
https://rubalkhali.science/kb/RAK_P202352	biological_dna_extraction_membership	https://rubalkhali.science/kb/RAK_CTL_ed68ce9ad96889d2e31fe7d057acdf8e7f78d08febc9b9c3a883bd969f677238	sample_identifier:V9PRr1		2025-10-26				data/metadata/samples/Sequenced_Samples_by_EB_FifthTrip.xlsx	4
https://rubalkhali.science/kb/RAK_CTL_7ad06b648d1ace19dcbdfe851a40a1afcb98a806d6ff3988ad076cc79c9a1a28	amplicon_pcr		https://rubalkhali.science/kb/RAK_CTL_bed59735be3e7704bd6594f84270322e51f92cc15fa9b2e61c75fcc46fa20212	https://rubalkhali.science/kb/RAK_CTL_11652f5bbafde116cf1df4926fdf6c28116d98f19aaecd764b35a862ffec421f					data/metadata/samples/controls/source_snapshots/ibex_trip5_16s_samplesheet.tsv	EB3
https://rubalkhali.science/kb/RAK_CTL_565f4683ce8e854330f18d02e0c3ceecdb8f7aaa5cb18fb4868fa87a56623a5f	control_sequencing_assay		https://rubalkhali.science/kb/RAK_CTL_11652f5bbafde116cf1df4926fdf6c28116d98f19aaecd764b35a862ffec421f	https://rubalkhali.science/kb/RAK_CTL_93b657ecf87e404cee600c5d06788fddf33e7b7f58dbfd29768105787cdb2407					data/metadata/samples/controls/source_snapshots/ibex_trip5_16s_samplesheet.tsv	EB3
https://rubalkhali.science/kb/RAK_CTL_c89d7577b88fd60403e88ac0c7ab6111e122301b1cb00147ab4a3cc63d499ca5	dna_extraction	https://rubalkhali.science/kb/RAK_CTL_119ddf253fd349f920410dd3195a771273a513205aeb8ea0f0816e4fb9736d04	https://rubalkhali.science/kb/RAK_CTL_24a43e9e1cf3f44027f6ca5f97b672d43b965bb52f4fbbad3e375dbb1b6aec4a	https://rubalkhali.science/kb/RAK_CTL_b8b4416b3f043deb1874e4137f09bbaf7f95d1ddb64b313402ae119dae36ae34	2025-10-27				data/metadata/samples/Sequenced_Samples_by_EB_FifthTrip.xlsx	5
https://rubalkhali.science/kb/RAK_P202512	biological_dna_extraction_membership	https://rubalkhali.science/kb/RAK_CTL_119ddf253fd349f920410dd3195a771273a513205aeb8ea0f0816e4fb9736d04	sample_identifier:V34PRr1		2025-10-27				data/metadata/samples/Sequenced_Samples_by_EB_FifthTrip.xlsx	5
https://rubalkhali.science/kb/RAK_P202516	biological_dna_extraction_membership	https://rubalkhali.science/kb/RAK_CTL_119ddf253fd349f920410dd3195a771273a513205aeb8ea0f0816e4fb9736d04	sample_identifier:V35Dr1		2025-10-27				data/metadata/samples/Sequenced_Samples_by_EB_FifthTrip.xlsx	5
https://rubalkhali.science/kb/RAK_P202518	biological_dna_extraction_membership	https://rubalkhali.science/kb/RAK_CTL_119ddf253fd349f920410dd3195a771273a513205aeb8ea0f0816e4fb9736d04	sample_identifier:V35PRr1		2025-10-27				data/metadata/samples/Sequenced_Samples_by_EB_FifthTrip.xlsx	5
https://rubalkhali.science/kb/RAK_P202534	biological_dna_extraction_membership	https://rubalkhali.science/kb/RAK_CTL_119ddf253fd349f920410dd3195a771273a513205aeb8ea0f0816e4fb9736d04	sample_identifier:V39Dr1		2025-10-27				data/metadata/samples/Sequenced_Samples_by_EB_FifthTrip.xlsx	5
https://rubalkhali.science/kb/RAK_P202538	biological_dna_extraction_membership	https://rubalkhali.science/kb/RAK_CTL_119ddf253fd349f920410dd3195a771273a513205aeb8ea0f0816e4fb9736d04	sample_identifier:V39PRr1		2025-10-27				data/metadata/samples/Sequenced_Samples_by_EB_FifthTrip.xlsx	5
https://rubalkhali.science/kb/RAK_P202556	biological_dna_extraction_membership	https://rubalkhali.science/kb/RAK_CTL_119ddf253fd349f920410dd3195a771273a513205aeb8ea0f0816e4fb9736d04	sample_identifier:V43Dr1		2025-10-27				data/metadata/samples/Sequenced_Samples_by_EB_FifthTrip.xlsx	5
https://rubalkhali.science/kb/RAK_P202560	biological_dna_extraction_membership	https://rubalkhali.science/kb/RAK_CTL_119ddf253fd349f920410dd3195a771273a513205aeb8ea0f0816e4fb9736d04	sample_identifier:V43PRr1		2025-10-27				data/metadata/samples/Sequenced_Samples_by_EB_FifthTrip.xlsx	5
https://rubalkhali.science/kb/RAK_P202567	biological_dna_extraction_membership	https://rubalkhali.science/kb/RAK_CTL_119ddf253fd349f920410dd3195a771273a513205aeb8ea0f0816e4fb9736d04	sample_identifier:V45Dr1		2025-10-27				data/metadata/samples/Sequenced_Samples_by_EB_FifthTrip.xlsx	5
https://rubalkhali.science/kb/RAK_P202572	biological_dna_extraction_membership	https://rubalkhali.science/kb/RAK_CTL_119ddf253fd349f920410dd3195a771273a513205aeb8ea0f0816e4fb9736d04	sample_identifier:V45PRr1		2025-10-27				data/metadata/samples/Sequenced_Samples_by_EB_FifthTrip.xlsx	5
https://rubalkhali.science/kb/RAK_P202577	biological_dna_extraction_membership	https://rubalkhali.science/kb/RAK_CTL_119ddf253fd349f920410dd3195a771273a513205aeb8ea0f0816e4fb9736d04	sample_identifier:V46PRr1		2025-10-27				data/metadata/samples/Sequenced_Samples_by_EB_FifthTrip.xlsx	5
https://rubalkhali.science/kb/RAK_P202582	biological_dna_extraction_membership	https://rubalkhali.science/kb/RAK_CTL_119ddf253fd349f920410dd3195a771273a513205aeb8ea0f0816e4fb9736d04	sample_identifier:V47PRr1		2025-10-27				data/metadata/samples/Sequenced_Samples_by_EB_FifthTrip.xlsx	5
https://rubalkhali.science/kb/RAK_P202589	biological_dna_extraction_membership	https://rubalkhali.science/kb/RAK_CTL_119ddf253fd349f920410dd3195a771273a513205aeb8ea0f0816e4fb9736d04	sample_identifier:V48PRr1		2025-10-27				data/metadata/samples/Sequenced_Samples_by_EB_FifthTrip.xlsx	5
https://rubalkhali.science/kb/RAK_CTL_437bee8af2bcb1f8a06b295c25916fff41868d0e78c1b38e858b83b8af3e6a01	amplicon_pcr		https://rubalkhali.science/kb/RAK_CTL_b8b4416b3f043deb1874e4137f09bbaf7f95d1ddb64b313402ae119dae36ae34	https://rubalkhali.science/kb/RAK_CTL_9edab5d5eee7315fe15ef90b88cdcfad931c507acd8a304a226d8c435f78aff2					data/metadata/samples/controls/source_snapshots/ibex_trip5_16s_samplesheet.tsv	EB4
https://rubalkhali.science/kb/RAK_CTL_7cb655b6a6a7aadd7a031d3565a9dae0d0bf5d1da545e0a8b33f5d9233484e7c	control_sequencing_assay		https://rubalkhali.science/kb/RAK_CTL_9edab5d5eee7315fe15ef90b88cdcfad931c507acd8a304a226d8c435f78aff2	https://rubalkhali.science/kb/RAK_CTL_55cc4982ddf134e25c24fe62c0709c6bee279a8e347b8abb4b65cf2c6fbb4d7e					data/metadata/samples/controls/source_snapshots/ibex_trip5_16s_samplesheet.tsv	EB4
https://rubalkhali.science/kb/RAK_CTL_88169dad145fbf48a7e41e256fabaf318a829a95096592c40d0c2676834ef792	dna_extraction	https://rubalkhali.science/kb/RAK_CTL_52679195a4ec01f268c08798ee5c8d1c1c3727dedac7b7362f3a11d8b8a6a8b1	https://rubalkhali.science/kb/RAK_CTL_fb3a5aba455f4c3aa05667ae576a8fd0356915f0c4d34a8acc165fd6f6fba30d	https://rubalkhali.science/kb/RAK_CTL_48831795754b1443fd7719e645323d1c038daafd0ece4e2b8064036ed915cd8e	2025-10-28				data/metadata/samples/Sequenced_Samples_by_EB_FifthTrip.xlsx	6
https://rubalkhali.science/kb/RAK_P202398	biological_dna_extraction_membership	https://rubalkhali.science/kb/RAK_CTL_52679195a4ec01f268c08798ee5c8d1c1c3727dedac7b7362f3a11d8b8a6a8b1	sample_identifier:V17Dr1		2025-10-28				data/metadata/samples/Sequenced_Samples_by_EB_FifthTrip.xlsx	6
https://rubalkhali.science/kb/RAK_P202403	biological_dna_extraction_membership	https://rubalkhali.science/kb/RAK_CTL_52679195a4ec01f268c08798ee5c8d1c1c3727dedac7b7362f3a11d8b8a6a8b1	sample_identifier:V17PRr1		2025-10-28				data/metadata/samples/Sequenced_Samples_by_EB_FifthTrip.xlsx	6
https://rubalkhali.science/kb/RAK_P202295	biological_dna_extraction_membership	https://rubalkhali.science/kb/RAK_CTL_52679195a4ec01f268c08798ee5c8d1c1c3727dedac7b7362f3a11d8b8a6a8b1	sample_identifier:V1PRr1		2025-10-28				data/metadata/samples/Sequenced_Samples_by_EB_FifthTrip.xlsx	6
https://rubalkhali.science/kb/RAK_P202429	biological_dna_extraction_membership	https://rubalkhali.science/kb/RAK_CTL_52679195a4ec01f268c08798ee5c8d1c1c3727dedac7b7362f3a11d8b8a6a8b1	sample_identifier:V20PRr1		2025-10-28				data/metadata/samples/Sequenced_Samples_by_EB_FifthTrip.xlsx	6
https://rubalkhali.science/kb/RAK_P202464	biological_dna_extraction_membership	https://rubalkhali.science/kb/RAK_CTL_52679195a4ec01f268c08798ee5c8d1c1c3727dedac7b7362f3a11d8b8a6a8b1	sample_identifier:V26PRr1		2025-10-28				data/metadata/samples/Sequenced_Samples_by_EB_FifthTrip.xlsx	6
https://rubalkhali.science/kb/RAK_P202310	biological_dna_extraction_membership	https://rubalkhali.science/kb/RAK_CTL_52679195a4ec01f268c08798ee5c8d1c1c3727dedac7b7362f3a11d8b8a6a8b1	sample_identifier:V4Dr1		2025-10-28				data/metadata/samples/Sequenced_Samples_by_EB_FifthTrip.xlsx	6
https://rubalkhali.science/kb/RAK_P202317	biological_dna_extraction_membership	https://rubalkhali.science/kb/RAK_CTL_52679195a4ec01f268c08798ee5c8d1c1c3727dedac7b7362f3a11d8b8a6a8b1	sample_identifier:V4PRr1		2025-10-28				data/metadata/samples/Sequenced_Samples_by_EB_FifthTrip.xlsx	6
https://rubalkhali.science/kb/RAK_P202314	biological_dna_extraction_membership	https://rubalkhali.science/kb/RAK_CTL_52679195a4ec01f268c08798ee5c8d1c1c3727dedac7b7362f3a11d8b8a6a8b1	sample_identifier:V4Sr1		2025-10-28				data/metadata/samples/Sequenced_Samples_by_EB_FifthTrip.xlsx	6
https://rubalkhali.science/kb/RAK_P202611	biological_dna_extraction_membership	https://rubalkhali.science/kb/RAK_CTL_52679195a4ec01f268c08798ee5c8d1c1c3727dedac7b7362f3a11d8b8a6a8b1	sample_identifier:V54PRr1		2025-10-28				data/metadata/samples/Sequenced_Samples_by_EB_FifthTrip.xlsx	6
https://rubalkhali.science/kb/RAK_P202614	biological_dna_extraction_membership	https://rubalkhali.science/kb/RAK_CTL_52679195a4ec01f268c08798ee5c8d1c1c3727dedac7b7362f3a11d8b8a6a8b1	sample_identifier:V55Dr1		2025-10-28				data/metadata/samples/Sequenced_Samples_by_EB_FifthTrip.xlsx	6
https://rubalkhali.science/kb/RAK_P202618	biological_dna_extraction_membership	https://rubalkhali.science/kb/RAK_CTL_52679195a4ec01f268c08798ee5c8d1c1c3727dedac7b7362f3a11d8b8a6a8b1	sample_identifier:V55PRr1		2025-10-28				data/metadata/samples/Sequenced_Samples_by_EB_FifthTrip.xlsx	6
https://rubalkhali.science/kb/RAK_P202631	biological_dna_extraction_membership	https://rubalkhali.science/kb/RAK_CTL_52679195a4ec01f268c08798ee5c8d1c1c3727dedac7b7362f3a11d8b8a6a8b1	sample_identifier:V58PRr1		2025-10-28				data/metadata/samples/Sequenced_Samples_by_EB_FifthTrip.xlsx	6
https://rubalkhali.science/kb/RAK_P202327	biological_dna_extraction_membership	https://rubalkhali.science/kb/RAK_CTL_52679195a4ec01f268c08798ee5c8d1c1c3727dedac7b7362f3a11d8b8a6a8b1	sample_identifier:V6Dr1		2025-10-28				data/metadata/samples/Sequenced_Samples_by_EB_FifthTrip.xlsx	6
https://rubalkhali.science/kb/RAK_P202332	biological_dna_extraction_membership	https://rubalkhali.science/kb/RAK_CTL_52679195a4ec01f268c08798ee5c8d1c1c3727dedac7b7362f3a11d8b8a6a8b1	sample_identifier:V6PRr1		2025-10-28				data/metadata/samples/Sequenced_Samples_by_EB_FifthTrip.xlsx	6
https://rubalkhali.science/kb/RAK_P202329	biological_dna_extraction_membership	https://rubalkhali.science/kb/RAK_CTL_52679195a4ec01f268c08798ee5c8d1c1c3727dedac7b7362f3a11d8b8a6a8b1	sample_identifier:V6Sr1		2025-10-28				data/metadata/samples/Sequenced_Samples_by_EB_FifthTrip.xlsx	6
https://rubalkhali.science/kb/RAK_CTL_d7be894f784d4901c85aea63053df5de11f4c29827a39c13a186ad764002e03c	amplicon_pcr		https://rubalkhali.science/kb/RAK_CTL_48831795754b1443fd7719e645323d1c038daafd0ece4e2b8064036ed915cd8e	https://rubalkhali.science/kb/RAK_CTL_55d2d9293dd97630458d11410c8e0295b19421740c10e21bc69acc69b0c52529					data/metadata/samples/controls/source_snapshots/ibex_trip5_16s_samplesheet.tsv	EB5
https://rubalkhali.science/kb/RAK_CTL_44591056a09d3bda3f3e958a41911989ddffd208ddc1afd0dc3004434b4b5570	control_sequencing_assay		https://rubalkhali.science/kb/RAK_CTL_55d2d9293dd97630458d11410c8e0295b19421740c10e21bc69acc69b0c52529	https://rubalkhali.science/kb/RAK_CTL_567f05680fa89539a3caa18f9f573da1bb604835191f7ab40bd01852e92756c2					data/metadata/samples/controls/source_snapshots/ibex_trip5_16s_samplesheet.tsv	EB5
https://rubalkhali.science/kb/RAK_CTL_861ac0046d0fe1a475d3a693b8bddf7e146ea37d8083cda9fcfe46a873f7319f	dna_extraction	https://rubalkhali.science/kb/RAK_CTL_7cfe4d5b9102848bca5abcb5b0a12b23ad4a8111cf65bdfec513ac75102d12d8	https://rubalkhali.science/kb/RAK_CTL_dbb332dcc8275a138fcfd77531776d84ec9619bd0e98ec3603ea62f2854f0324	https://rubalkhali.science/kb/RAK_CTL_82a6fb3f2d7270bac1f2154bc7e0f9e90afdab995d81e1e6acb3f80542123f04	2025-10-29				data/metadata/samples/Sequenced_Samples_by_EB_FifthTrip.xlsx	7
https://rubalkhali.science/kb/RAK_P202292	biological_dna_extraction_membership	https://rubalkhali.science/kb/RAK_CTL_7cfe4d5b9102848bca5abcb5b0a12b23ad4a8111cf65bdfec513ac75102d12d8	sample_identifier:V1Dr1		2025-10-29				data/metadata/samples/Sequenced_Samples_by_EB_FifthTrip.xlsx	7
https://rubalkhali.science/kb/RAK_P202473	biological_dna_extraction_membership	https://rubalkhali.science/kb/RAK_CTL_7cfe4d5b9102848bca5abcb5b0a12b23ad4a8111cf65bdfec513ac75102d12d8	sample_identifier:V28Dr1		2025-10-29				data/metadata/samples/Sequenced_Samples_by_EB_FifthTrip.xlsx	7
https://rubalkhali.science/kb/RAK_P202541	biological_dna_extraction_membership	https://rubalkhali.science/kb/RAK_CTL_7cfe4d5b9102848bca5abcb5b0a12b23ad4a8111cf65bdfec513ac75102d12d8	sample_identifier:V40Dr1		2025-10-29				data/metadata/samples/Sequenced_Samples_by_EB_FifthTrip.xlsx	7
https://rubalkhali.science/kb/RAK_P202585	biological_dna_extraction_membership	https://rubalkhali.science/kb/RAK_CTL_7cfe4d5b9102848bca5abcb5b0a12b23ad4a8111cf65bdfec513ac75102d12d8	sample_identifier:V48Dr1		2025-10-29				data/metadata/samples/Sequenced_Samples_by_EB_FifthTrip.xlsx	7
https://rubalkhali.science/kb/RAK_CTL_15492a3f657955512d58fa928053c9c479f0e199de970ef85b9dead855e3304c	amplicon_pcr		https://rubalkhali.science/kb/RAK_CTL_82a6fb3f2d7270bac1f2154bc7e0f9e90afdab995d81e1e6acb3f80542123f04	https://rubalkhali.science/kb/RAK_CTL_18cee098c775558e0f876bc8db2c1a6f93d2fedb55327972848f4eb053a76ed0					data/metadata/samples/controls/source_snapshots/ibex_trip5_16s_samplesheet.tsv	EB6
https://rubalkhali.science/kb/RAK_CTL_945ef3524962dc13cfe4844931f420d2c4a2f668f1c4bf9682dd519557107230	control_sequencing_assay		https://rubalkhali.science/kb/RAK_CTL_18cee098c775558e0f876bc8db2c1a6f93d2fedb55327972848f4eb053a76ed0	https://rubalkhali.science/kb/RAK_CTL_d9d4683680224044926cb8ed997e0523eaf5b0b9f38428d529fe2a54c55f88d6					data/metadata/samples/controls/source_snapshots/ibex_trip5_16s_samplesheet.tsv	EB6
https://rubalkhali.science/kb/RAK_CTL_d8cf730f67605909d083ed5b331eb64ff319b27e1d38323a4fd65ab93216b1a6	dna_extraction	https://rubalkhali.science/kb/RAK_CTL_896ef1e8e3f641842cf1a749601015f876475376a3b2d52efd56822b87eab765	https://rubalkhali.science/kb/RAK_CTL_14cde784e94570af3a9415ab47f9549a39ce3fd75ee585aa9bfa7d6d0c2d9663	https://rubalkhali.science/kb/RAK_CTL_1c31c55cc8391221f7f40fae8f3e209cfa2f8a4d88179ae03dece8062e732b65	2025-10-30				data/metadata/samples/Sequenced_Samples_by_EB_FifthTrip.xlsx	8
https://rubalkhali.science/kb/RAK_P202413	biological_dna_extraction_membership	https://rubalkhali.science/kb/RAK_CTL_896ef1e8e3f641842cf1a749601015f876475376a3b2d52efd56822b87eab765	sample_identifier:V18PRr2		2025-10-30				data/metadata/samples/Sequenced_Samples_by_EB_FifthTrip.xlsx	8
https://rubalkhali.science/kb/RAK_P202414	biological_dna_extraction_membership	https://rubalkhali.science/kb/RAK_CTL_896ef1e8e3f641842cf1a749601015f876475376a3b2d52efd56822b87eab765	sample_identifier:V18PRr3		2025-10-30				data/metadata/samples/Sequenced_Samples_by_EB_FifthTrip.xlsx	8
https://rubalkhali.science/kb/RAK_P202417	biological_dna_extraction_membership	https://rubalkhali.science/kb/RAK_CTL_896ef1e8e3f641842cf1a749601015f876475376a3b2d52efd56822b87eab765	sample_identifier:V19Dr2		2025-10-30				data/metadata/samples/Sequenced_Samples_by_EB_FifthTrip.xlsx	8
https://rubalkhali.science/kb/RAK_P202418	biological_dna_extraction_membership	https://rubalkhali.science/kb/RAK_CTL_896ef1e8e3f641842cf1a749601015f876475376a3b2d52efd56822b87eab765	sample_identifier:V19Dr3		2025-10-30				data/metadata/samples/Sequenced_Samples_by_EB_FifthTrip.xlsx	8
https://rubalkhali.science/kb/RAK_P202424	biological_dna_extraction_membership	https://rubalkhali.science/kb/RAK_CTL_896ef1e8e3f641842cf1a749601015f876475376a3b2d52efd56822b87eab765	sample_identifier:V19PRr2		2025-10-30				data/metadata/samples/Sequenced_Samples_by_EB_FifthTrip.xlsx	8
https://rubalkhali.science/kb/RAK_P202425	biological_dna_extraction_membership	https://rubalkhali.science/kb/RAK_CTL_896ef1e8e3f641842cf1a749601015f876475376a3b2d52efd56822b87eab765	sample_identifier:V19PRr3		2025-10-30				data/metadata/samples/Sequenced_Samples_by_EB_FifthTrip.xlsx	8
https://rubalkhali.science/kb/RAK_P202421	biological_dna_extraction_membership	https://rubalkhali.science/kb/RAK_CTL_896ef1e8e3f641842cf1a749601015f876475376a3b2d52efd56822b87eab765	sample_identifier:V19Sr3		2025-10-30				data/metadata/samples/Sequenced_Samples_by_EB_FifthTrip.xlsx	8
https://rubalkhali.science/kb/RAK_P202293	biological_dna_extraction_membership	https://rubalkhali.science/kb/RAK_CTL_896ef1e8e3f641842cf1a749601015f876475376a3b2d52efd56822b87eab765	sample_identifier:V1Dr3		2025-10-30				data/metadata/samples/Sequenced_Samples_by_EB_FifthTrip.xlsx	8
https://rubalkhali.science/kb/RAK_P202296	biological_dna_extraction_membership	https://rubalkhali.science/kb/RAK_CTL_896ef1e8e3f641842cf1a749601015f876475376a3b2d52efd56822b87eab765	sample_identifier:V1PRr2		2025-10-30				data/metadata/samples/Sequenced_Samples_by_EB_FifthTrip.xlsx	8
https://rubalkhali.science/kb/RAK_P202297	biological_dna_extraction_membership	https://rubalkhali.science/kb/RAK_CTL_896ef1e8e3f641842cf1a749601015f876475376a3b2d52efd56822b87eab765	sample_identifier:V1PRr3		2025-10-30				data/metadata/samples/Sequenced_Samples_by_EB_FifthTrip.xlsx	8
https://rubalkhali.science/kb/RAK_P202299	biological_dna_extraction_membership	https://rubalkhali.science/kb/RAK_CTL_896ef1e8e3f641842cf1a749601015f876475376a3b2d52efd56822b87eab765	sample_identifier:V2Dr2		2025-10-30				data/metadata/samples/Sequenced_Samples_by_EB_FifthTrip.xlsx	8
https://rubalkhali.science/kb/RAK_P202303	biological_dna_extraction_membership	https://rubalkhali.science/kb/RAK_CTL_896ef1e8e3f641842cf1a749601015f876475376a3b2d52efd56822b87eab765	sample_identifier:V2PRr2		2025-10-30				data/metadata/samples/Sequenced_Samples_by_EB_FifthTrip.xlsx	8
https://rubalkhali.science/kb/RAK_P202301	biological_dna_extraction_membership	https://rubalkhali.science/kb/RAK_CTL_896ef1e8e3f641842cf1a749601015f876475376a3b2d52efd56822b87eab765	sample_identifier:V2Sr2		2025-10-30				data/metadata/samples/Sequenced_Samples_by_EB_FifthTrip.xlsx	8
https://rubalkhali.science/kb/RAK_P202334	biological_dna_extraction_membership	https://rubalkhali.science/kb/RAK_CTL_896ef1e8e3f641842cf1a749601015f876475376a3b2d52efd56822b87eab765	sample_identifier:V6PRr2		2025-10-30				data/metadata/samples/Sequenced_Samples_by_EB_FifthTrip.xlsx	8
https://rubalkhali.science/kb/RAK_P202335	biological_dna_extraction_membership	https://rubalkhali.science/kb/RAK_CTL_896ef1e8e3f641842cf1a749601015f876475376a3b2d52efd56822b87eab765	sample_identifier:V6PRr3		2025-10-30				data/metadata/samples/Sequenced_Samples_by_EB_FifthTrip.xlsx	8
https://rubalkhali.science/kb/RAK_P202331	biological_dna_extraction_membership	https://rubalkhali.science/kb/RAK_CTL_896ef1e8e3f641842cf1a749601015f876475376a3b2d52efd56822b87eab765	sample_identifier:V6Sr3		2025-10-30				data/metadata/samples/Sequenced_Samples_by_EB_FifthTrip.xlsx	8
https://rubalkhali.science/kb/RAK_P202338	biological_dna_extraction_membership	https://rubalkhali.science/kb/RAK_CTL_896ef1e8e3f641842cf1a749601015f876475376a3b2d52efd56822b87eab765	sample_identifier:V7Dr3		2025-10-30				data/metadata/samples/Sequenced_Samples_by_EB_FifthTrip.xlsx	8
https://rubalkhali.science/kb/RAK_P202342	biological_dna_extraction_membership	https://rubalkhali.science/kb/RAK_CTL_896ef1e8e3f641842cf1a749601015f876475376a3b2d52efd56822b87eab765	sample_identifier:V7PRr2		2025-10-30				data/metadata/samples/Sequenced_Samples_by_EB_FifthTrip.xlsx	8
https://rubalkhali.science/kb/RAK_P202343	biological_dna_extraction_membership	https://rubalkhali.science/kb/RAK_CTL_896ef1e8e3f641842cf1a749601015f876475376a3b2d52efd56822b87eab765	sample_identifier:V7PRr3		2025-10-30				data/metadata/samples/Sequenced_Samples_by_EB_FifthTrip.xlsx	8
https://rubalkhali.science/kb/RAK_CTL_702b65744ebe02d853c9e6952b8f590308f70863f937f1e5202e19a331e09664	amplicon_pcr		https://rubalkhali.science/kb/RAK_CTL_1c31c55cc8391221f7f40fae8f3e209cfa2f8a4d88179ae03dece8062e732b65	https://rubalkhali.science/kb/RAK_CTL_add1d0e23ae1fdfdb8d1485c7240277b96e5c24497241891bd49edbeb64412e7					data/metadata/samples/controls/source_snapshots/ibex_trip5_16s_samplesheet.tsv	EB7
https://rubalkhali.science/kb/RAK_CTL_2c17fd1abee5bdc64a2cee714ff4dbcf1c5b67a6e1deea7a4a0f7d87c8c4b5c3	control_sequencing_assay		https://rubalkhali.science/kb/RAK_CTL_add1d0e23ae1fdfdb8d1485c7240277b96e5c24497241891bd49edbeb64412e7	https://rubalkhali.science/kb/RAK_CTL_6ee9530d5bfd67ef946cca9adc82c962ac394caf8dfdf3c042e081193280554c					data/metadata/samples/controls/source_snapshots/ibex_trip5_16s_samplesheet.tsv	EB7
https://rubalkhali.science/kb/RAK_CTL_5050720bb715bfb32261edc3cb7fddbdfdfb077beedf7b3b2ed447590a30137c	dna_extraction	https://rubalkhali.science/kb/RAK_CTL_a24543184f1deac316fc70cdc5ede5364251f5208a4d147bb96eb96e79002fb4	https://rubalkhali.science/kb/RAK_CTL_67c3262870a7d662ccbc43ad3859a3cec6035bd226ea663f79825e77f17f6b12	https://rubalkhali.science/kb/RAK_CTL_6bbe164d7ac39f6d5fb8b97eef5e4cc305c08ddabed7a89da559c640e1d84ab1	2025-11-02				data/metadata/samples/Sequenced_Samples_by_EB_FifthTrip.xlsx	9
https://rubalkhali.science/kb/RAK_P202400	biological_dna_extraction_membership	https://rubalkhali.science/kb/RAK_CTL_a24543184f1deac316fc70cdc5ede5364251f5208a4d147bb96eb96e79002fb4	sample_identifier:V17Dr2		2025-11-02				data/metadata/samples/Sequenced_Samples_by_EB_FifthTrip.xlsx	9
https://rubalkhali.science/kb/RAK_P202405	biological_dna_extraction_membership	https://rubalkhali.science/kb/RAK_CTL_a24543184f1deac316fc70cdc5ede5364251f5208a4d147bb96eb96e79002fb4	sample_identifier:V17PRr2		2025-11-02				data/metadata/samples/Sequenced_Samples_by_EB_FifthTrip.xlsx	9
https://rubalkhali.science/kb/RAK_P202406	biological_dna_extraction_membership	https://rubalkhali.science/kb/RAK_CTL_a24543184f1deac316fc70cdc5ede5364251f5208a4d147bb96eb96e79002fb4	sample_identifier:V17PRr3		2025-11-02				data/metadata/samples/Sequenced_Samples_by_EB_FifthTrip.xlsx	9
https://rubalkhali.science/kb/RAK_P202474	biological_dna_extraction_membership	https://rubalkhali.science/kb/RAK_CTL_a24543184f1deac316fc70cdc5ede5364251f5208a4d147bb96eb96e79002fb4	sample_identifier:V28Dr3		2025-11-02				data/metadata/samples/Sequenced_Samples_by_EB_FifthTrip.xlsx	9
https://rubalkhali.science/kb/RAK_P202477	biological_dna_extraction_membership	https://rubalkhali.science/kb/RAK_CTL_a24543184f1deac316fc70cdc5ede5364251f5208a4d147bb96eb96e79002fb4	sample_identifier:V28PRr2		2025-11-02				data/metadata/samples/Sequenced_Samples_by_EB_FifthTrip.xlsx	9
https://rubalkhali.science/kb/RAK_P202478	biological_dna_extraction_membership	https://rubalkhali.science/kb/RAK_CTL_a24543184f1deac316fc70cdc5ede5364251f5208a4d147bb96eb96e79002fb4	sample_identifier:V28PRr3		2025-11-02				data/metadata/samples/Sequenced_Samples_by_EB_FifthTrip.xlsx	9
https://rubalkhali.science/kb/RAK_P202485	biological_dna_extraction_membership	https://rubalkhali.science/kb/RAK_CTL_a24543184f1deac316fc70cdc5ede5364251f5208a4d147bb96eb96e79002fb4	sample_identifier:V29PRr2		2025-11-02				data/metadata/samples/Sequenced_Samples_by_EB_FifthTrip.xlsx	9
https://rubalkhali.science/kb/RAK_P202486	biological_dna_extraction_membership	https://rubalkhali.science/kb/RAK_CTL_a24543184f1deac316fc70cdc5ede5364251f5208a4d147bb96eb96e79002fb4	sample_identifier:V29PRr3		2025-11-02				data/metadata/samples/Sequenced_Samples_by_EB_FifthTrip.xlsx	9
https://rubalkhali.science/kb/RAK_P202509	biological_dna_extraction_membership	https://rubalkhali.science/kb/RAK_CTL_a24543184f1deac316fc70cdc5ede5364251f5208a4d147bb96eb96e79002fb4	sample_identifier:V34Dr2		2025-11-02				data/metadata/samples/Sequenced_Samples_by_EB_FifthTrip.xlsx	9
https://rubalkhali.science/kb/RAK_P202514	biological_dna_extraction_membership	https://rubalkhali.science/kb/RAK_CTL_a24543184f1deac316fc70cdc5ede5364251f5208a4d147bb96eb96e79002fb4	sample_identifier:V34PRr2		2025-11-02				data/metadata/samples/Sequenced_Samples_by_EB_FifthTrip.xlsx	9
https://rubalkhali.science/kb/RAK_P202515	biological_dna_extraction_membership	https://rubalkhali.science/kb/RAK_CTL_a24543184f1deac316fc70cdc5ede5364251f5208a4d147bb96eb96e79002fb4	sample_identifier:V34PRr3		2025-11-02				data/metadata/samples/Sequenced_Samples_by_EB_FifthTrip.xlsx	9
https://rubalkhali.science/kb/RAK_P202519	biological_dna_extraction_membership	https://rubalkhali.science/kb/RAK_CTL_a24543184f1deac316fc70cdc5ede5364251f5208a4d147bb96eb96e79002fb4	sample_identifier:V35PRr2		2025-11-02				data/metadata/samples/Sequenced_Samples_by_EB_FifthTrip.xlsx	9
https://rubalkhali.science/kb/RAK_P202312	biological_dna_extraction_membership	https://rubalkhali.science/kb/RAK_CTL_a24543184f1deac316fc70cdc5ede5364251f5208a4d147bb96eb96e79002fb4	sample_identifier:V4Dr2		2025-11-02				data/metadata/samples/Sequenced_Samples_by_EB_FifthTrip.xlsx	9
https://rubalkhali.science/kb/RAK_P202313	biological_dna_extraction_membership	https://rubalkhali.science/kb/RAK_CTL_a24543184f1deac316fc70cdc5ede5364251f5208a4d147bb96eb96e79002fb4	sample_identifier:V4Dr3		2025-11-02				data/metadata/samples/Sequenced_Samples_by_EB_FifthTrip.xlsx	9
https://rubalkhali.science/kb/RAK_P202319	biological_dna_extraction_membership	https://rubalkhali.science/kb/RAK_CTL_a24543184f1deac316fc70cdc5ede5364251f5208a4d147bb96eb96e79002fb4	sample_identifier:V4PRr2		2025-11-02				data/metadata/samples/Sequenced_Samples_by_EB_FifthTrip.xlsx	9
https://rubalkhali.science/kb/RAK_P202320	biological_dna_extraction_membership	https://rubalkhali.science/kb/RAK_CTL_a24543184f1deac316fc70cdc5ede5364251f5208a4d147bb96eb96e79002fb4	sample_identifier:V4PRr3		2025-11-02				data/metadata/samples/Sequenced_Samples_by_EB_FifthTrip.xlsx	9
https://rubalkhali.science/kb/RAK_P202316	biological_dna_extraction_membership	https://rubalkhali.science/kb/RAK_CTL_a24543184f1deac316fc70cdc5ede5364251f5208a4d147bb96eb96e79002fb4	sample_identifier:V4Sr3		2025-11-02				data/metadata/samples/Sequenced_Samples_by_EB_FifthTrip.xlsx	9
https://rubalkhali.science/kb/RAK_CTL_9459871dbdb24b2dc5f8c14ed74b60a27405b0422fbf2ceaf6f59c8101cee3d6	amplicon_pcr		https://rubalkhali.science/kb/RAK_CTL_6bbe164d7ac39f6d5fb8b97eef5e4cc305c08ddabed7a89da559c640e1d84ab1	https://rubalkhali.science/kb/RAK_CTL_48909841c136b2b14db5c81dd016f11782f8b58edab5afee6cdd5ab2ed1f61aa					data/metadata/samples/controls/source_snapshots/ibex_trip5_16s_samplesheet.tsv	EB8
https://rubalkhali.science/kb/RAK_CTL_0714e7feb00bc4b5e2912081e2cbc4e2da0a87834365c591f53edae3c8372e9e	control_sequencing_assay		https://rubalkhali.science/kb/RAK_CTL_48909841c136b2b14db5c81dd016f11782f8b58edab5afee6cdd5ab2ed1f61aa	https://rubalkhali.science/kb/RAK_CTL_d4de317fbd6c64151bd3ab97e23e1c1db44bd0ca31129b80b5f01fa45c3aa988					data/metadata/samples/controls/source_snapshots/ibex_trip5_16s_samplesheet.tsv	EB8
https://rubalkhali.science/kb/RAK_CTL_8088ffd7b53297f31aa42b4c5ca1ed502d345f7bbd8bc62d8d0f5c3ef7a97cca	dna_extraction	https://rubalkhali.science/kb/RAK_CTL_fa9674ac9b7d8ea912c5862cbd42c0e997004ee9a40396e947cd6ea529e3c989	https://rubalkhali.science/kb/RAK_CTL_5e289bbe04379c77dcd686d47a37245341a1a9cfc429d44b86586bf417dd80f8	https://rubalkhali.science/kb/RAK_CTL_8f4ed18de1c6091ceb7ecdcf71d8a907c06f8c51e6367fd2ce53d0f6cfc0d6a0	2025-11-03				data/metadata/samples/Sequenced_Samples_by_EB_FifthTrip.xlsx	10
https://rubalkhali.science/kb/RAK_P202360	biological_dna_extraction_membership	https://rubalkhali.science/kb/RAK_CTL_fa9674ac9b7d8ea912c5862cbd42c0e997004ee9a40396e947cd6ea529e3c989	sample_identifier:V11Dr3		2025-11-03				data/metadata/samples/Sequenced_Samples_by_EB_FifthTrip.xlsx	10
https://rubalkhali.science/kb/RAK_P202364	biological_dna_extraction_membership	https://rubalkhali.science/kb/RAK_CTL_fa9674ac9b7d8ea912c5862cbd42c0e997004ee9a40396e947cd6ea529e3c989	sample_identifier:V11PRr2		2025-11-03				data/metadata/samples/Sequenced_Samples_by_EB_FifthTrip.xlsx	10
https://rubalkhali.science/kb/RAK_P202365	biological_dna_extraction_membership	https://rubalkhali.science/kb/RAK_CTL_fa9674ac9b7d8ea912c5862cbd42c0e997004ee9a40396e947cd6ea529e3c989	sample_identifier:V11PRr3		2025-11-03				data/metadata/samples/Sequenced_Samples_by_EB_FifthTrip.xlsx	10
https://rubalkhali.science/kb/RAK_P202362	biological_dna_extraction_membership	https://rubalkhali.science/kb/RAK_CTL_fa9674ac9b7d8ea912c5862cbd42c0e997004ee9a40396e947cd6ea529e3c989	sample_identifier:V11Sr2		2025-11-03				data/metadata/samples/Sequenced_Samples_by_EB_FifthTrip.xlsx	10
https://rubalkhali.science/kb/RAK_P202377	biological_dna_extraction_membership	https://rubalkhali.science/kb/RAK_CTL_fa9674ac9b7d8ea912c5862cbd42c0e997004ee9a40396e947cd6ea529e3c989	sample_identifier:V13PRr2		2025-11-03				data/metadata/samples/Sequenced_Samples_by_EB_FifthTrip.xlsx	10
https://rubalkhali.science/kb/RAK_P202375	biological_dna_extraction_membership	https://rubalkhali.science/kb/RAK_CTL_fa9674ac9b7d8ea912c5862cbd42c0e997004ee9a40396e947cd6ea529e3c989	sample_identifier:V13Sr3		2025-11-03				data/metadata/samples/Sequenced_Samples_by_EB_FifthTrip.xlsx	10
https://rubalkhali.science/kb/RAK_P202442	biological_dna_extraction_membership	https://rubalkhali.science/kb/RAK_CTL_fa9674ac9b7d8ea912c5862cbd42c0e997004ee9a40396e947cd6ea529e3c989	sample_identifier:V22PRr2		2025-11-03				data/metadata/samples/Sequenced_Samples_by_EB_FifthTrip.xlsx	10
https://rubalkhali.science/kb/RAK_P202566	biological_dna_extraction_membership	https://rubalkhali.science/kb/RAK_CTL_fa9674ac9b7d8ea912c5862cbd42c0e997004ee9a40396e947cd6ea529e3c989	sample_identifier:V44PRr2		2025-11-03				data/metadata/samples/Sequenced_Samples_by_EB_FifthTrip.xlsx	10
https://rubalkhali.science/kb/RAK_P202345	biological_dna_extraction_membership	https://rubalkhali.science/kb/RAK_CTL_fa9674ac9b7d8ea912c5862cbd42c0e997004ee9a40396e947cd6ea529e3c989	sample_identifier:V8Dr3		2025-11-03				data/metadata/samples/Sequenced_Samples_by_EB_FifthTrip.xlsx	10
https://rubalkhali.science/kb/RAK_P202348	biological_dna_extraction_membership	https://rubalkhali.science/kb/RAK_CTL_fa9674ac9b7d8ea912c5862cbd42c0e997004ee9a40396e947cd6ea529e3c989	sample_identifier:V8PRr2		2025-11-03				data/metadata/samples/Sequenced_Samples_by_EB_FifthTrip.xlsx	10
https://rubalkhali.science/kb/RAK_P202349	biological_dna_extraction_membership	https://rubalkhali.science/kb/RAK_CTL_fa9674ac9b7d8ea912c5862cbd42c0e997004ee9a40396e947cd6ea529e3c989	sample_identifier:V8PRr3		2025-11-03				data/metadata/samples/Sequenced_Samples_by_EB_FifthTrip.xlsx	10
https://rubalkhali.science/kb/RAK_P202353	biological_dna_extraction_membership	https://rubalkhali.science/kb/RAK_CTL_fa9674ac9b7d8ea912c5862cbd42c0e997004ee9a40396e947cd6ea529e3c989	sample_identifier:V9PRr2		2025-11-03				data/metadata/samples/Sequenced_Samples_by_EB_FifthTrip.xlsx	10
https://rubalkhali.science/kb/RAK_P202354	biological_dna_extraction_membership	https://rubalkhali.science/kb/RAK_CTL_fa9674ac9b7d8ea912c5862cbd42c0e997004ee9a40396e947cd6ea529e3c989	sample_identifier:V9PRr3		2025-11-03				data/metadata/samples/Sequenced_Samples_by_EB_FifthTrip.xlsx	10
https://rubalkhali.science/kb/RAK_CTL_742138f2e173daf9fbf4a9dcb135c2488058b2f709a982ec4b7609718fefe6fd	amplicon_pcr		https://rubalkhali.science/kb/RAK_CTL_8f4ed18de1c6091ceb7ecdcf71d8a907c06f8c51e6367fd2ce53d0f6cfc0d6a0	https://rubalkhali.science/kb/RAK_CTL_7970aa3ada15524f26f5425c4941fece442567e2ddb1caf30c6b5b35e231d5d5					data/metadata/samples/controls/source_snapshots/ibex_trip5_16s_samplesheet.tsv	EB9
https://rubalkhali.science/kb/RAK_CTL_156554a12752d7c1ad0ae4311410770c7c1e9a6c27cd81a69c17d73d4f3e2665	control_sequencing_assay		https://rubalkhali.science/kb/RAK_CTL_7970aa3ada15524f26f5425c4941fece442567e2ddb1caf30c6b5b35e231d5d5	https://rubalkhali.science/kb/RAK_CTL_b02f053db9defcc8567fea030bcde3a30008b00a8106c3c13ad5e97b1fdbc6a6					data/metadata/samples/controls/source_snapshots/ibex_trip5_16s_samplesheet.tsv	EB9
https://rubalkhali.science/kb/RAK_CTL_1e6e342daec56e557446d7cc0330abbeb69045f19a5a8d69831973dffb14ba85	dna_extraction		https://rubalkhali.science/kb/RAK_CTL_43f740d71d2dff8487b372651f61bd984388fac41fc5f59a784e0a277ebfe210	https://rubalkhali.science/kb/RAK_CTL_f42101d52c87be7e7111b2bb801c2e0136f4d4d3afb42e5cf745e0731f5d81f0					data/metadata/samples/controls/source_snapshots/ibex_trip5_16s_samplesheet.tsv	Negative1
https://rubalkhali.science/kb/RAK_CTL_c49c8f3d3f41e2fd823a806e55b82d66041f2788d3030d2e864fd7e76b85e619	amplicon_pcr		https://rubalkhali.science/kb/RAK_CTL_f42101d52c87be7e7111b2bb801c2e0136f4d4d3afb42e5cf745e0731f5d81f0	https://rubalkhali.science/kb/RAK_CTL_64bee755c949e45e65929da67339fdca192b215f70088d6a893bae4bb81a09a0					data/metadata/samples/controls/source_snapshots/ibex_trip5_16s_samplesheet.tsv	Negative1
https://rubalkhali.science/kb/RAK_CTL_7ba4170978b4b1bfe263428968e53d124265e9d345f5892b64c1b1290db14a4f	control_sequencing_assay		https://rubalkhali.science/kb/RAK_CTL_64bee755c949e45e65929da67339fdca192b215f70088d6a893bae4bb81a09a0	https://rubalkhali.science/kb/RAK_CTL_57f9f5cb5e435b837d7ccc0ab18ce01eb2a8e4140d2eded5c16a1bd8582a455b					data/metadata/samples/controls/source_snapshots/ibex_trip5_16s_samplesheet.tsv	Negative1
https://rubalkhali.science/kb/RAK_CTL_08b696ee857d8f734d0417178308630eb5dc6be2b2ee097977a0c4db887daca8	dna_extraction		https://rubalkhali.science/kb/RAK_CTL_5d645e9e2e96f374d7b336a4b0a78abb6c76b6b10574951b67a4e90a847a08e8	https://rubalkhali.science/kb/RAK_CTL_1189cb0da50ea40db0ae18dc7531b52a7b2f02e3550f3e6a06ecb54cccef2db9					data/metadata/samples/controls/source_snapshots/ibex_trip5_16s_samplesheet.tsv	Negative2
https://rubalkhali.science/kb/RAK_CTL_f6adc61177a293d499b6ac64706afb0662d0664db757129fe1a7e3aaef1ff3b2	amplicon_pcr		https://rubalkhali.science/kb/RAK_CTL_1189cb0da50ea40db0ae18dc7531b52a7b2f02e3550f3e6a06ecb54cccef2db9	https://rubalkhali.science/kb/RAK_CTL_7e5df0f44676cb481230255ddf1a98405d222e4f379254338b1a62b9809b77e4					data/metadata/samples/controls/source_snapshots/ibex_trip5_16s_samplesheet.tsv	Negative2
https://rubalkhali.science/kb/RAK_CTL_4ae39a97ff7abc003a02e0de461028cbc41554cc7e23321350369d217743d394	control_sequencing_assay		https://rubalkhali.science/kb/RAK_CTL_7e5df0f44676cb481230255ddf1a98405d222e4f379254338b1a62b9809b77e4	https://rubalkhali.science/kb/RAK_CTL_2dca5d66b566ad5eb59c3771876c07c087118923b5cf0ed7d5214e3be7a313c0					data/metadata/samples/controls/source_snapshots/ibex_trip5_16s_samplesheet.tsv	Negative2
https://rubalkhali.science/kb/RAK_CTL_001bfb9a6ad0342e0c190898a5bab92cfd4cda1a7896465c80b8fe80fc45125d	dna_extraction		https://rubalkhali.science/kb/RAK_CTL_292a1a1b28b9b11134dd7c561df5849efce29f8abcbbf0783cb264fb2c0cb231	https://rubalkhali.science/kb/RAK_CTL_a00301dd2af8542755e8f25d2c531d249f52c5156492b8b6cd6f0a14f14148b8					data/metadata/samples/controls/source_snapshots/ibex_trip5_16s_samplesheet.tsv	Negative4
https://rubalkhali.science/kb/RAK_CTL_631e1609983edf48d7c5a87909bf9ddb9616a6884e93b20c6da6339a8c568e20	amplicon_pcr		https://rubalkhali.science/kb/RAK_CTL_a00301dd2af8542755e8f25d2c531d249f52c5156492b8b6cd6f0a14f14148b8	https://rubalkhali.science/kb/RAK_CTL_58143497c670ad285425f4caec8132f4317b270731a69b4424c55eee2eb3445d					data/metadata/samples/controls/source_snapshots/ibex_trip5_16s_samplesheet.tsv	Negative4
https://rubalkhali.science/kb/RAK_CTL_64a67c15f8fff26e4d1edd77eb83c63aa9cd26dc2d20ec1bf769c2938c5b2629	control_sequencing_assay		https://rubalkhali.science/kb/RAK_CTL_58143497c670ad285425f4caec8132f4317b270731a69b4424c55eee2eb3445d	https://rubalkhali.science/kb/RAK_CTL_2f50d2eb37b3ad2800a07862924f14b23582e80aa7a72e70df75fa66c0004462					data/metadata/samples/controls/source_snapshots/ibex_trip5_16s_samplesheet.tsv	Negative4
https://rubalkhali.science/kb/RAK_CTL_c8bc099946a437ed0bcca379e89d14f7dc16e50f8bd78cfa691bbc5a782ff1e4	dna_extraction		https://rubalkhali.science/kb/RAK_CTL_34128a2b4f102fe5bcb93a0260c064246b40cc945b31c3c5b948c8432469119f	https://rubalkhali.science/kb/RAK_CTL_af89eaaedbc28ba1fe40e773f94160c0f9ee55ebdf716fb8695166831f328311					data/metadata/samples/controls/source_snapshots/ibex_trip5_16s_samplesheet.tsv	Negative5
https://rubalkhali.science/kb/RAK_CTL_9697bb4dfe5b36abb125f23f43e5981d3dd97187c1dffbf329b59eb3a03788bc	amplicon_pcr		https://rubalkhali.science/kb/RAK_CTL_af89eaaedbc28ba1fe40e773f94160c0f9ee55ebdf716fb8695166831f328311	https://rubalkhali.science/kb/RAK_CTL_96866e2e0b2e363b2bfe9046a02e7ab18989456b7876dbf40066fb30d5da3c24					data/metadata/samples/controls/source_snapshots/ibex_trip5_16s_samplesheet.tsv	Negative5
https://rubalkhali.science/kb/RAK_CTL_0f065fdc5569182c2388478ba3d04cf833afd67ca7aa8251cc7b35cd9e5205c1	control_sequencing_assay		https://rubalkhali.science/kb/RAK_CTL_96866e2e0b2e363b2bfe9046a02e7ab18989456b7876dbf40066fb30d5da3c24	https://rubalkhali.science/kb/RAK_CTL_f5b02f57b4fbb21092c9d3f91d549f766783e07354e83280b3921f4d9ce7d5d8					data/metadata/samples/controls/source_snapshots/ibex_trip5_16s_samplesheet.tsv	Negative5
https://rubalkhali.science/kb/RAK_CTL_74e8b252fe262cac103258a585ef42add7246383f1fd88212fdbd716251e2da0	dna_extraction		https://rubalkhali.science/kb/RAK_CTL_6cf9c6feb1e64f03302d0065ea04caeb95b6687abaf1795ea6620c7c936f0e06	https://rubalkhali.science/kb/RAK_CTL_897ed9255702c81908342091681395224377a4e57e79f551d74db666ebfb2eaa					data/metadata/samples/controls/source_snapshots/ibex_trip5_16s_samplesheet.tsv	Negative6
https://rubalkhali.science/kb/RAK_CTL_25d271a4a873478719c711c5ef107286a90ac9aa78da25c82ff5b68089a1af31	amplicon_pcr		https://rubalkhali.science/kb/RAK_CTL_897ed9255702c81908342091681395224377a4e57e79f551d74db666ebfb2eaa	https://rubalkhali.science/kb/RAK_CTL_1261945f8191a231430021174c4eac702ed883690d6617568739595d8603bf61					data/metadata/samples/controls/source_snapshots/ibex_trip5_16s_samplesheet.tsv	Negative6
https://rubalkhali.science/kb/RAK_CTL_0bc2e07ba99afc4d1745c5654b5487a10eca997785bcad7ba89f4e22c4b24cd0	control_sequencing_assay		https://rubalkhali.science/kb/RAK_CTL_1261945f8191a231430021174c4eac702ed883690d6617568739595d8603bf61	https://rubalkhali.science/kb/RAK_CTL_e69422fce4db3c05923d052ab7c8734f6a906121a07dddf59d05d900c4b37a78					data/metadata/samples/controls/source_snapshots/ibex_trip5_16s_samplesheet.tsv	Negative6
https://rubalkhali.science/kb/RAK_CTL_75102413de981c8c089a0f8a945777e900d6b4d15275889eeb773c0efac40ff4	dna_extraction		https://rubalkhali.science/kb/RAK_CTL_a257fdc1ec52a0bd13e4b97fb596775e19fc570683fc7f58dd4c275397192470	https://rubalkhali.science/kb/RAK_CTL_c345b03813579dfa1f15a19b11b6537dfcfb78450fa76ba30cac350ebfcc29b4					data/metadata/samples/controls/source_snapshots/ibex_trip5_16s_samplesheet.tsv	Negative7
https://rubalkhali.science/kb/RAK_CTL_30bfab732ad4e8f33601d19cd16d3ce04c2d3fbdac1b0365e3f6787c5c7aeb08	amplicon_pcr		https://rubalkhali.science/kb/RAK_CTL_c345b03813579dfa1f15a19b11b6537dfcfb78450fa76ba30cac350ebfcc29b4	https://rubalkhali.science/kb/RAK_CTL_3aab62424f860143f8adffeb22178c333c287bcd889b1d861973356ff87cd68b					data/metadata/samples/controls/source_snapshots/ibex_trip5_16s_samplesheet.tsv	Negative7
https://rubalkhali.science/kb/RAK_CTL_ece713fe52da385f39afbfdead6b1c23b6593a741dcba1d6fdc43c4721a261d4	control_sequencing_assay		https://rubalkhali.science/kb/RAK_CTL_3aab62424f860143f8adffeb22178c333c287bcd889b1d861973356ff87cd68b	https://rubalkhali.science/kb/RAK_CTL_398bcfb227a3e8d7394aebdad52ad9c1533d4ce8ae0de41a077d57f8384acded					data/metadata/samples/controls/source_snapshots/ibex_trip5_16s_samplesheet.tsv	Negative7
https://rubalkhali.science/kb/RAK_CTL_4bf8af1714ae9c769da2aac121c92d7c55ce649bbe1ae2d0cad157db9c56fe51	dna_extraction		https://rubalkhali.science/kb/RAK_CTL_9893feecdd50407a179a017dc3f993ca98e1d0bd9868759e5757bc61040ca8c5	https://rubalkhali.science/kb/RAK_CTL_89de0bdfe10ca953144e437a0a64a349341a09512e1ffa0798a17173207cca9d					data/metadata/samples/controls/control_ground_truth.tsv	
https://rubalkhali.science/kb/RAK_CTL_5515be9373b873e49bf543b194a9720d108d597fbf4de3722ae61a88e8fefe7b	dna_extraction		https://rubalkhali.science/kb/RAK_CTL_95a80c7dc700d619fbf630421fcc3ff09fcdde9dabddf157df22f0852bfe1d55	https://rubalkhali.science/kb/RAK_CTL_133eaa9a9bc00773cba1a36817fb5bf258436ad96e9a9ab05e564928d9c3cb51					data/metadata/samples/controls/control_ground_truth.tsv	
