Sample Name	FASTQ Paths
41Dr1	/ibex/project/c2014/EmptyQuarter_Data/soil/amplicon_16S/novaseq_14_07_25/raw_reads/M-25-0854_41Dr1_SU0367-SU0367_L002_R1_001.fastq.gz;/ibex/project/c2014/EmptyQuarter_Data/soil/amplicon_16S/novaseq_14_07_25/raw_reads/M-25-0854_41Dr1_SU0367-SU0367_L002_R2_001.fastq.gz
39PRr3	/ibex/project/c2014/EmptyQuarter_Data/soil/amplicon_16S/novaseq_14_07_25/raw_reads/M-25-0455_39PRr3_UDP0217-UDP0217_L002_R1_001.fastq.gz;/ibex/project/c2014/EmptyQuarter_Data/soil/amplicon_16S/novaseq_14_07_25/raw_reads/M-25-0455_39PRr3_UDP0217-UDP0217_L002_R2_001.fastq.gz
2Dr2	/ibex/project/c2014/EmptyQuarter_Data/soil/amplicon_16S/novaseq_14_07_25/raw_reads/M-25-0807_2Dr2_SU0313-SU0313_L002_R1_001.fastq.gz;/ibex/project/c2014/EmptyQuarter_Data/soil/amplicon_16S/novaseq_14_07_25/raw_reads/M-25-0807_2Dr2_SU0313-SU0313_L002_R2_001.fastq.gz
S58Dr1	/ibex/project/c2014/EmptyQuarter_Data/soil/amplicon_16S/novaseq_14_07_25/raw_reads/M-25-0615_S58Dr1_SU0183-SU0183_L002_R1_001.fastq.gz;/ibex/project/c2014/EmptyQuarter_Data/soil/amplicon_16S/novaseq_14_07_25/raw_reads/M-25-0615_S58Dr1_SU0183-SU0183_L002_R2_001.fastq.gz
S56PRr1	/ibex/project/c2014/EmptyQuarter_Data/soil/amplicon_16S/novaseq_14_07_25/raw_reads/M-25-0651_S56PRr1_SU0152-SU0152_L002_R1_001.fastq.gz;/ibex/project/c2014/EmptyQuarter_Data/soil/amplicon_16S/novaseq_14_07_25/raw_reads/M-25-0651_S56PRr1_SU0152-SU0152_L002_R2_001.fastq.gz
26Sr2	/ibex/project/c2014/EmptyQuarter_Data/soil/amplicon_16S/novaseq_14_07_25/raw_reads/M-25-0395_26Sr2_UDP0137-UDP0137_L002_R1_001.fastq.gz;/ibex/project/c2014/EmptyQuarter_Data/soil/amplicon_16S/novaseq_14_07_25/raw_reads/M-25-0395_26Sr2_UDP0137-UDP0137_L002_R2_001.fastq.gz
29Dr2	/ibex/project/c2014/EmptyQuarter_Data/soil/amplicon_16S/novaseq_14_07_25/raw_reads/M-25-0409_29Dr2_UDP0153-UDP0153_L002_R1_001.fastq.gz;/ibex/project/c2014/EmptyQuarter_Data/soil/amplicon_16S/novaseq_14_07_25/raw_reads/M-25-0409_29Dr2_UDP0153-UDP0153_L002_R2_001.fastq.gz
F20Sr3	/ibex/project/c2014/EmptyQuarter_Data/soil/amplicon_16S/novaseq_14_07_25/raw_reads/M-25-0776_F20Sr3_SU0557-SU0557_L002_R1_001.fastq.gz;/ibex/project/c2014/EmptyQuarter_Data/soil/amplicon_16S/novaseq_14_07_25/raw_reads/M-25-0776_F20Sr3_SU0557-SU0557_L002_R2_001.fastq.gz
T3Dr2	/ibex/project/c2014/EmptyQuarter_Data/soil/amplicon_16S/novaseq_14_07_25/raw_reads/M-25-0864_T3Dr2_SU0310-SU0310_L002_R1_001.fastq.gz;/ibex/project/c2014/EmptyQuarter_Data/soil/amplicon_16S/novaseq_14_07_25/raw_reads/M-25-0864_T3Dr2_SU0310-SU0310_L002_R2_001.fastq.gz
15PRr1	/ibex/project/c2014/EmptyQuarter_Data/soil/amplicon_16S/novaseq_14_07_25/raw_reads/M-25-0346_15PRr1_UDP0075-UDP0075_L002_R1_001.fastq.gz;/ibex/project/c2014/EmptyQuarter_Data/soil/amplicon_16S/novaseq_14_07_25/raw_reads/M-25-0346_15PRr1_UDP0075-UDP0075_L002_R2_001.fastq.gz
25PRr2	/ibex/project/c2014/EmptyQuarter_Data/soil/amplicon_16S/novaseq_14_07_25/raw_reads/M-25-0387_25PRr2_UDP0133-UDP0133_L002_R1_001.fastq.gz;/ibex/project/c2014/EmptyQuarter_Data/soil/amplicon_16S/novaseq_14_07_25/raw_reads/M-25-0387_25PRr2_UDP0133-UDP0133_L002_R2_001.fastq.gz
64PRr2	/ibex/project/c2014/EmptyQuarter_Data/soil/amplicon_16S/novaseq_14_07_25/raw_reads/M-25-0535_64PRr2_UDP0369-UDP0369_L002_R1_001.fastq.gz;/ibex/project/c2014/EmptyQuarter_Data/soil/amplicon_16S/novaseq_14_07_25/raw_reads/M-25-0535_64PRr2_UDP0369-UDP0369_L002_R2_001.fastq.gz
S51Dr1	/ibex/project/c2014/EmptyQuarter_Data/soil/amplicon_16S/novaseq_14_07_25/raw_reads/M-25-0647_S51Dr1_SU0104-SU0104_L002_R1_001.fastq.gz;/ibex/project/c2014/EmptyQuarter_Data/soil/amplicon_16S/novaseq_14_07_25/raw_reads/M-25-0647_S51Dr1_SU0104-SU0104_L002_R2_001.fastq.gz
S20Sr1	/ibex/project/c2014/EmptyQuarter_Data/soil/amplicon_16S/novaseq_14_07_25/raw_reads/M-25-0746_S20Sr1_SU0260-SU0260_L002_R1_001.fastq.gz;/ibex/project/c2014/EmptyQuarter_Data/soil/amplicon_16S/novaseq_14_07_25/raw_reads/M-25-0746_S20Sr1_SU0260-SU0260_L002_R2_001.fastq.gz
S40Dr1	/ibex/project/c2014/EmptyQuarter_Data/soil/amplicon_16S/novaseq_14_07_25/raw_reads/M-25-0755_S40Dr1_SU0285-SU0285_L002_R1_001.fastq.gz;/ibex/project/c2014/EmptyQuarter_Data/soil/amplicon_16S/novaseq_14_07_25/raw_reads/M-25-0755_S40Dr1_SU0285-SU0285_L002_R2_001.fastq.gz
42Sr3	/ibex/project/c2014/EmptyQuarter_Data/soil/amplicon_16S/novaseq_14_07_25/raw_reads/M-25-0855_42Sr3_SU0308-SU0308_L002_R1_001.fastq.gz;/ibex/project/c2014/EmptyQuarter_Data/soil/amplicon_16S/novaseq_14_07_25/raw_reads/M-25-0855_42Sr3_SU0308-SU0308_L002_R2_001.fastq.gz
S1Sr1	/ibex/project/c2014/EmptyQuarter_Data/soil/amplicon_16S/novaseq_14_07_25/raw_reads/M-25-0737_S1Sr1_SU0247-SU0247_L002_R1_001.fastq.gz;/ibex/project/c2014/EmptyQuarter_Data/soil/amplicon_16S/novaseq_14_07_25/raw_reads/M-25-0737_S1Sr1_SU0247-SU0247_L002_R2_001.fastq.gz
31PRr3	/ibex/project/c2014/EmptyQuarter_Data/soil/amplicon_16S/novaseq_14_07_25/raw_reads/M-25-0425_31PRr3_UDP0171-UDP0171_L002_R1_001.fastq.gz;/ibex/project/c2014/EmptyQuarter_Data/soil/amplicon_16S/novaseq_14_07_25/raw_reads/M-25-0425_31PRr3_UDP0171-UDP0171_L002_R2_001.fastq.gz
9PRr2	/ibex/project/c2014/EmptyQuarter_Data/soil/amplicon_16S/novaseq_14_07_25/raw_reads/M-25-0548_9PRr2_UDP0041-UDP0041_L002_R1_001.fastq.gz;/ibex/project/c2014/EmptyQuarter_Data/soil/amplicon_16S/novaseq_14_07_25/raw_reads/M-25-0548_9PRr2_UDP0041-UDP0041_L002_R2_001.fastq.gz
15Dr3	/ibex/project/c2014/EmptyQuarter_Data/soil/amplicon_16S/novaseq_14_07_25/raw_reads/M-25-0345_15Dr3_UDP0072-UDP0072_L002_R1_001.fastq.gz;/ibex/project/c2014/EmptyQuarter_Data/soil/amplicon_16S/novaseq_14_07_25/raw_reads/M-25-0345_15Dr3_UDP0072-UDP0072_L002_R2_001.fastq.gz
S14Sr1	/ibex/project/c2014/EmptyQuarter_Data/soil/amplicon_16S/novaseq_14_07_25/raw_reads/M-25-0716_S14Sr1_SU0010-SU0010_L002_R1_001.fastq.gz;/ibex/project/c2014/EmptyQuarter_Data/soil/amplicon_16S/novaseq_14_07_25/raw_reads/M-25-0716_S14Sr1_SU0010-SU0010_L002_R2_001.fastq.gz
S54Sr1	/ibex/project/c2014/EmptyQuarter_Data/soil/amplicon_16S/novaseq_14_07_25/raw_reads/M-25-0623_S54Sr1_SU0184-SU0184_L002_R1_001.fastq.gz;/ibex/project/c2014/EmptyQuarter_Data/soil/amplicon_16S/novaseq_14_07_25/raw_reads/M-25-0623_S54Sr1_SU0184-SU0184_L002_R2_001.fastq.gz
S60PRr1	/ibex/project/c2014/EmptyQuarter_Data/soil/amplicon_16S/novaseq_14_07_25/raw_reads/M-25-0657_S60PRr1_SU0129-SU0129_L002_R1_001.fastq.gz;/ibex/project/c2014/EmptyQuarter_Data/soil/amplicon_16S/novaseq_14_07_25/raw_reads/M-25-0657_S60PRr1_SU0129-SU0129_L002_R2_001.fastq.gz
T2PRr1	/ibex/project/c2014/EmptyQuarter_Data/soil/amplicon_16S/novaseq_14_07_25/raw_reads/M-25-0863_T2PRr1_SU0298-SU0298_L002_R1_001.fastq.gz;/ibex/project/c2014/EmptyQuarter_Data/soil/amplicon_16S/novaseq_14_07_25/raw_reads/M-25-0863_T2PRr1_SU0298-SU0298_L002_R2_001.fastq.gz
S52Dr1	/ibex/project/c2014/EmptyQuarter_Data/soil/amplicon_16S/novaseq_14_07_25/raw_reads/M-25-0758_S52Dr1_SU0012-SU0012_L002_R1_001.fastq.gz;/ibex/project/c2014/EmptyQuarter_Data/soil/amplicon_16S/novaseq_14_07_25/raw_reads/M-25-0758_S52Dr1_SU0012-SU0012_L002_R2_001.fastq.gz
36Dr2	/ibex/project/c2014/EmptyQuarter_Data/soil/amplicon_16S/novaseq_14_07_25/raw_reads/M-25-0440_36Dr2_UDP0196-UDP0196_L002_R1_001.fastq.gz;/ibex/project/c2014/EmptyQuarter_Data/soil/amplicon_16S/novaseq_14_07_25/raw_reads/M-25-0440_36Dr2_UDP0196-UDP0196_L002_R2_001.fastq.gz
F15PRr1	/ibex/project/c2014/EmptyQuarter_Data/soil/amplicon_16S/novaseq_14_07_25/raw_reads/M-25-0775_F15PRr1_SU0545-SU0545_L002_R1_001.fastq.gz;/ibex/project/c2014/EmptyQuarter_Data/soil/amplicon_16S/novaseq_14_07_25/raw_reads/M-25-0775_F15PRr1_SU0545-SU0545_L002_R2_001.fastq.gz
S42Sr1	/ibex/project/c2014/EmptyQuarter_Data/soil/amplicon_16S/novaseq_14_07_25/raw_reads/M-25-0766_S42Sr1_SU0227-SU0227_L002_R1_001.fastq.gz;/ibex/project/c2014/EmptyQuarter_Data/soil/amplicon_16S/novaseq_14_07_25/raw_reads/M-25-0766_S42Sr1_SU0227-SU0227_L002_R2_001.fastq.gz
Neg-Ctrl-1-Trip2	/ibex/project/c2014/EmptyQuarter_Data/soil/amplicon_16S/novaseq_14_07_25/raw_reads/M-25-0870_Neg-Ctrl-1-Trip2_SU0335-SU0335_L002_R1_001.fastq.gz;/ibex/project/c2014/EmptyQuarter_Data/soil/amplicon_16S/novaseq_14_07_25/raw_reads/M-25-0870_Neg-Ctrl-1-Trip2_SU0335-SU0335_L002_R2_001.fastq.gz
58PRr1	/ibex/project/c2014/EmptyQuarter_Data/soil/amplicon_16S/novaseq_14_07_25/raw_reads/M-25-0522_58PRr1_UDP0330-UDP0330_L002_R1_001.fastq.gz;/ibex/project/c2014/EmptyQuarter_Data/soil/amplicon_16S/novaseq_14_07_25/raw_reads/M-25-0522_58PRr1_UDP0330-UDP0330_L002_R2_001.fastq.gz
15PRr3	/ibex/project/c2014/EmptyQuarter_Data/soil/amplicon_16S/novaseq_14_07_25/raw_reads/M-25-0348_15PRr3_UDP0077-UDP0077_L002_R1_001.fastq.gz;/ibex/project/c2014/EmptyQuarter_Data/soil/amplicon_16S/novaseq_14_07_25/raw_reads/M-25-0348_15PRr3_UDP0077-UDP0077_L002_R2_001.fastq.gz
8PRr1	/ibex/project/c2014/EmptyQuarter_Data/soil/amplicon_16S/novaseq_14_07_25/raw_reads/M-25-0823_8PRr1_SU0339-SU0339_L002_R1_001.fastq.gz;/ibex/project/c2014/EmptyQuarter_Data/soil/amplicon_16S/novaseq_14_07_25/raw_reads/M-25-0823_8PRr1_SU0339-SU0339_L002_R2_001.fastq.gz
S51Sr1	/ibex/project/c2014/EmptyQuarter_Data/soil/amplicon_16S/novaseq_14_07_25/raw_reads/M-25-0646_S51Sr1_SU0187-SU0187_L002_R1_001.fastq.gz;/ibex/project/c2014/EmptyQuarter_Data/soil/amplicon_16S/novaseq_14_07_25/raw_reads/M-25-0646_S51Sr1_SU0187-SU0187_L002_R2_001.fastq.gz
12PRr1	/ibex/project/c2014/EmptyQuarter_Data/soil/amplicon_16S/novaseq_14_07_25/raw_reads/M-25-0332_12PRr1_UDP0059-UDP0059_L002_R1_001.fastq.gz;/ibex/project/c2014/EmptyQuarter_Data/soil/amplicon_16S/novaseq_14_07_25/raw_reads/M-25-0332_12PRr1_UDP0059-UDP0059_L002_R2_001.fastq.gz
S39Sr1	/ibex/project/c2014/EmptyQuarter_Data/soil/amplicon_16S/novaseq_14_07_25/raw_reads/M-25-0731_S39Sr1_SU0082-SU0082_L002_R1_001.fastq.gz;/ibex/project/c2014/EmptyQuarter_Data/soil/amplicon_16S/novaseq_14_07_25/raw_reads/M-25-0731_S39Sr1_SU0082-SU0082_L002_R2_001.fastq.gz
S25Sr1	/ibex/project/c2014/EmptyQuarter_Data/soil/amplicon_16S/novaseq_14_07_25/raw_reads/M-25-0620_S25Sr1_SU0148-SU0148_L002_R1_001.fastq.gz;/ibex/project/c2014/EmptyQuarter_Data/soil/amplicon_16S/novaseq_14_07_25/raw_reads/M-25-0620_S25Sr1_SU0148-SU0148_L002_R2_001.fastq.gz
24Dr2	/ibex/project/c2014/EmptyQuarter_Data/soil/amplicon_16S/novaseq_14_07_25/raw_reads/M-25-0383_24Dr2_UDP0123-UDP0123_L002_R1_001.fastq.gz;/ibex/project/c2014/EmptyQuarter_Data/soil/amplicon_16S/novaseq_14_07_25/raw_reads/M-25-0383_24Dr2_UDP0123-UDP0123_L002_R2_001.fastq.gz
54Sr2	/ibex/project/c2014/EmptyQuarter_Data/soil/amplicon_16S/novaseq_14_07_25/raw_reads/M-25-0511_54Sr2_UDP0305-UDP0305_L002_R1_001.fastq.gz;/ibex/project/c2014/EmptyQuarter_Data/soil/amplicon_16S/novaseq_14_07_25/raw_reads/M-25-0511_54Sr2_UDP0305-UDP0305_L002_R2_001.fastq.gz
12Sr2	/ibex/project/c2014/EmptyQuarter_Data/soil/amplicon_16S/novaseq_14_07_25/raw_reads/M-25-0826_12Sr2_SU0304-SU0304_L002_R1_001.fastq.gz;/ibex/project/c2014/EmptyQuarter_Data/soil/amplicon_16S/novaseq_14_07_25/raw_reads/M-25-0826_12Sr2_SU0304-SU0304_L002_R2_001.fastq.gz
40Dr1	/ibex/project/c2014/EmptyQuarter_Data/soil/amplicon_16S/novaseq_14_07_25/raw_reads/M-25-0460_40Dr1_UDP0218-UDP0218_L002_R1_001.fastq.gz;/ibex/project/c2014/EmptyQuarter_Data/soil/amplicon_16S/novaseq_14_07_25/raw_reads/M-25-0460_40Dr1_UDP0218-UDP0218_L002_R2_001.fastq.gz
45Dr3	/ibex/project/c2014/EmptyQuarter_Data/soil/amplicon_16S/novaseq_14_07_25/raw_reads/M-25-0476_45Dr3_UDP0250-UDP0250_L002_R1_001.fastq.gz;/ibex/project/c2014/EmptyQuarter_Data/soil/amplicon_16S/novaseq_14_07_25/raw_reads/M-25-0476_45Dr3_UDP0250-UDP0250_L002_R2_001.fastq.gz
39Dr3	/ibex/project/c2014/EmptyQuarter_Data/soil/amplicon_16S/novaseq_14_07_25/raw_reads/M-25-0852_39Dr3_SU0331-SU0331_L002_R1_001.fastq.gz;/ibex/project/c2014/EmptyQuarter_Data/soil/amplicon_16S/novaseq_14_07_25/raw_reads/M-25-0852_39Dr3_SU0331-SU0331_L002_R2_001.fastq.gz
40Dr2	/ibex/project/c2014/EmptyQuarter_Data/soil/amplicon_16S/novaseq_14_07_25/raw_reads/M-25-0461_40Dr2_UDP0219-UDP0219_L002_R1_001.fastq.gz;/ibex/project/c2014/EmptyQuarter_Data/soil/amplicon_16S/novaseq_14_07_25/raw_reads/M-25-0461_40Dr2_UDP0219-UDP0219_L002_R2_001.fastq.gz
59-MR-MD2	/ibex/project/c2014/EmptyQuarter_Data/soil/amplicon_16S/novaseq_14_07_25/raw_reads/M-25-0559_59-MR-MD2_SU0037-SU0037_L002_R1_001.fastq.gz;/ibex/project/c2014/EmptyQuarter_Data/soil/amplicon_16S/novaseq_14_07_25/raw_reads/M-25-0559_59-MR-MD2_SU0037-SU0037_L002_R2_001.fastq.gz
S30Sr1	/ibex/project/c2014/EmptyQuarter_Data/soil/amplicon_16S/novaseq_14_07_25/raw_reads/M-25-0707_S30Sr1_SU0069-SU0069_L002_R1_001.fastq.gz;/ibex/project/c2014/EmptyQuarter_Data/soil/amplicon_16S/novaseq_14_07_25/raw_reads/M-25-0707_S30Sr1_SU0069-SU0069_L002_R2_001.fastq.gz
19Sr3	/ibex/project/c2014/EmptyQuarter_Data/soil/amplicon_16S/novaseq_14_07_25/raw_reads/M-25-0891_19Sr3_UDP0318-UDP0318_L002_R1_001.fastq.gz;/ibex/project/c2014/EmptyQuarter_Data/soil/amplicon_16S/novaseq_14_07_25/raw_reads/M-25-0891_19Sr3_UDP0318-UDP0318_L002_R2_001.fastq.gz
F59PRr1	/ibex/project/c2014/EmptyQuarter_Data/soil/amplicon_16S/novaseq_14_07_25/raw_reads/M-25-0799_F59PRr1_SU0079-SU0079_L002_R1_001.fastq.gz;/ibex/project/c2014/EmptyQuarter_Data/soil/amplicon_16S/novaseq_14_07_25/raw_reads/M-25-0799_F59PRr1_SU0079-SU0079_L002_R2_001.fastq.gz
S28Dr2	/ibex/project/c2014/EmptyQuarter_Data/soil/amplicon_16S/novaseq_14_07_25/raw_reads/M-25-0597_S28Dr2_SU0157-SU0157_L002_R1_001.fastq.gz;/ibex/project/c2014/EmptyQuarter_Data/soil/amplicon_16S/novaseq_14_07_25/raw_reads/M-25-0597_S28Dr2_SU0157-SU0157_L002_R2_001.fastq.gz
36Sr2	/ibex/project/c2014/EmptyQuarter_Data/soil/amplicon_16S/novaseq_14_07_25/raw_reads/M-25-0850_36Sr2_SU0307-SU0307_L002_R1_001.fastq.gz;/ibex/project/c2014/EmptyQuarter_Data/soil/amplicon_16S/novaseq_14_07_25/raw_reads/M-25-0850_36Sr2_SU0307-SU0307_L002_R2_001.fastq.gz
47Dr3	/ibex/project/c2014/EmptyQuarter_Data/soil/amplicon_16S/novaseq_14_07_25/raw_reads/M-25-0481_47Dr3_UDP0260-UDP0260_L002_R1_001.fastq.gz;/ibex/project/c2014/EmptyQuarter_Data/soil/amplicon_16S/novaseq_14_07_25/raw_reads/M-25-0481_47Dr3_UDP0260-UDP0260_L002_R2_001.fastq.gz
56Sr1	/ibex/project/c2014/EmptyQuarter_Data/soil/amplicon_16S/novaseq_14_07_25/raw_reads/M-25-0518_56Sr1_UDP0317-UDP0317_L002_R1_001.fastq.gz;/ibex/project/c2014/EmptyQuarter_Data/soil/amplicon_16S/novaseq_14_07_25/raw_reads/M-25-0518_56Sr1_UDP0317-UDP0317_L002_R2_001.fastq.gz
27PRr1	/ibex/project/c2014/EmptyQuarter_Data/soil/amplicon_16S/novaseq_14_07_25/raw_reads/M-25-0399_27PRr1_UDP0145-UDP0145_L002_R1_001.fastq.gz;/ibex/project/c2014/EmptyQuarter_Data/soil/amplicon_16S/novaseq_14_07_25/raw_reads/M-25-0399_27PRr1_UDP0145-UDP0145_L002_R2_001.fastq.gz
S26Dr1	/ibex/project/c2014/EmptyQuarter_Data/soil/amplicon_16S/novaseq_14_07_25/raw_reads/M-25-0764_S26Dr1_SU0203-SU0203_L002_R1_001.fastq.gz;/ibex/project/c2014/EmptyQuarter_Data/soil/amplicon_16S/novaseq_14_07_25/raw_reads/M-25-0764_S26Dr1_SU0203-SU0203_L002_R2_001.fastq.gz
64Sr2	/ibex/project/c2014/EmptyQuarter_Data/soil/amplicon_16S/novaseq_14_07_25/raw_reads/M-25-0538_64Sr2_UDP0366-UDP0366_L002_R1_001.fastq.gz;/ibex/project/c2014/EmptyQuarter_Data/soil/amplicon_16S/novaseq_14_07_25/raw_reads/M-25-0538_64Sr2_UDP0366-UDP0366_L002_R2_001.fastq.gz
S47Sr1	/ibex/project/c2014/EmptyQuarter_Data/soil/amplicon_16S/novaseq_14_07_25/raw_reads/M-25-0611_S47Sr1_SU0135-SU0135_L002_R1_001.fastq.gz;/ibex/project/c2014/EmptyQuarter_Data/soil/amplicon_16S/novaseq_14_07_25/raw_reads/M-25-0611_S47Sr1_SU0135-SU0135_L002_R2_001.fastq.gz
14Sr2	/ibex/project/c2014/EmptyQuarter_Data/soil/amplicon_16S/novaseq_14_07_25/raw_reads/M-25-0343_14Sr2_UDP0068-UDP0068_L002_R1_001.fastq.gz;/ibex/project/c2014/EmptyQuarter_Data/soil/amplicon_16S/novaseq_14_07_25/raw_reads/M-25-0343_14Sr2_UDP0068-UDP0068_L002_R2_001.fastq.gz
35PRr1	/ibex/project/c2014/EmptyQuarter_Data/soil/amplicon_16S/novaseq_14_07_25/raw_reads/M-25-0908_35PRr1_UDP0343-UDP0343_L002_R1_001.fastq.gz;/ibex/project/c2014/EmptyQuarter_Data/soil/amplicon_16S/novaseq_14_07_25/raw_reads/M-25-0908_35PRr1_UDP0343-UDP0343_L002_R2_001.fastq.gz
6Dr3	/ibex/project/c2014/EmptyQuarter_Data/soil/amplicon_16S/novaseq_14_07_25/raw_reads/M-25-0816_6Dr3_SU0326-SU0326_L002_R1_001.fastq.gz;/ibex/project/c2014/EmptyQuarter_Data/soil/amplicon_16S/novaseq_14_07_25/raw_reads/M-25-0816_6Dr3_SU0326-SU0326_L002_R2_001.fastq.gz
S53Sr1	/ibex/project/c2014/EmptyQuarter_Data/soil/amplicon_16S/novaseq_14_07_25/raw_reads/M-25-0605_S53Sr1_SU0158-SU0158_L002_R1_001.fastq.gz;/ibex/project/c2014/EmptyQuarter_Data/soil/amplicon_16S/novaseq_14_07_25/raw_reads/M-25-0605_S53Sr1_SU0158-SU0158_L002_R2_001.fastq.gz
20Dr1	/ibex/project/c2014/EmptyQuarter_Data/soil/amplicon_16S/novaseq_14_07_25/raw_reads/M-25-0892_20Dr1_UDP0320-UDP0320_L002_R1_001.fastq.gz;/ibex/project/c2014/EmptyQuarter_Data/soil/amplicon_16S/novaseq_14_07_25/raw_reads/M-25-0892_20Dr1_UDP0320-UDP0320_L002_R2_001.fastq.gz
53Sr3	/ibex/project/c2014/EmptyQuarter_Data/soil/amplicon_16S/novaseq_14_07_25/raw_reads/M-25-0858_53Sr3_SU0368-SU0368_L002_R1_001.fastq.gz;/ibex/project/c2014/EmptyQuarter_Data/soil/amplicon_16S/novaseq_14_07_25/raw_reads/M-25-0858_53Sr3_SU0368-SU0368_L002_R2_001.fastq.gz
25Sr2	/ibex/project/c2014/EmptyQuarter_Data/soil/amplicon_16S/novaseq_14_07_25/raw_reads/M-25-0389_25Sr2_UDP0132-UDP0132_L002_R1_001.fastq.gz;/ibex/project/c2014/EmptyQuarter_Data/soil/amplicon_16S/novaseq_14_07_25/raw_reads/M-25-0389_25Sr2_UDP0132-UDP0132_L002_R2_001.fastq.gz
12Dr2	/ibex/project/c2014/EmptyQuarter_Data/soil/amplicon_16S/novaseq_14_07_25/raw_reads/M-25-0887_12Dr2_UDP0303-UDP0303_L002_R1_001.fastq.gz;/ibex/project/c2014/EmptyQuarter_Data/soil/amplicon_16S/novaseq_14_07_25/raw_reads/M-25-0887_12Dr2_UDP0303-UDP0303_L002_R2_001.fastq.gz
S38Sr1	/ibex/project/c2014/EmptyQuarter_Data/soil/amplicon_16S/novaseq_14_07_25/raw_reads/M-25-0632_S38Sr1_SU0102-SU0102_L002_R1_001.fastq.gz;/ibex/project/c2014/EmptyQuarter_Data/soil/amplicon_16S/novaseq_14_07_25/raw_reads/M-25-0632_S38Sr1_SU0102-SU0102_L002_R2_001.fastq.gz
S6Sr1	/ibex/project/c2014/EmptyQuarter_Data/soil/amplicon_16S/novaseq_14_07_25/raw_reads/M-25-0686_S6Sr1_SU0205-SU0205_L002_R1_001.fastq.gz;/ibex/project/c2014/EmptyQuarter_Data/soil/amplicon_16S/novaseq_14_07_25/raw_reads/M-25-0686_S6Sr1_SU0205-SU0205_L002_R2_001.fastq.gz
26Dr3	/ibex/project/c2014/EmptyQuarter_Data/soil/amplicon_16S/novaseq_14_07_25/raw_reads/M-25-0392_26Dr3_UDP0136-UDP0136_L002_R1_001.fastq.gz;/ibex/project/c2014/EmptyQuarter_Data/soil/amplicon_16S/novaseq_14_07_25/raw_reads/M-25-0392_26Dr3_UDP0136-UDP0136_L002_R2_001.fastq.gz
4Dr3	/ibex/project/c2014/EmptyQuarter_Data/soil/amplicon_16S/novaseq_14_07_25/raw_reads/M-25-0490_4Dr3_UDP0018-UDP0018_L002_R1_001.fastq.gz;/ibex/project/c2014/EmptyQuarter_Data/soil/amplicon_16S/novaseq_14_07_25/raw_reads/M-25-0490_4Dr3_UDP0018-UDP0018_L002_R2_001.fastq.gz
Extraction-Ctrl-Pro-Trip1	/ibex/project/c2014/EmptyQuarter_Data/soil/amplicon_16S/novaseq_14_07_25/raw_reads/M-25-0929_Extraction-Ctrl-Pro-Trip1_UDP0384-UDP0384_L002_R1_001.fastq.gz;/ibex/project/c2014/EmptyQuarter_Data/soil/amplicon_16S/novaseq_14_07_25/raw_reads/M-25-0929_Extraction-Ctrl-Pro-Trip1_UDP0384-UDP0384_L002_R2_001.fastq.gz
F60Sr3	/ibex/project/c2014/EmptyQuarter_Data/soil/amplicon_16S/novaseq_14_07_25/raw_reads/M-25-0803_F60Sr3_SU0032-SU0032_L002_R1_001.fastq.gz;/ibex/project/c2014/EmptyQuarter_Data/soil/amplicon_16S/novaseq_14_07_25/raw_reads/M-25-0803_F60Sr3_SU0032-SU0032_L002_R2_001.fastq.gz
2Dr3	/ibex/project/c2014/EmptyQuarter_Data/soil/amplicon_16S/novaseq_14_07_25/raw_reads/M-25-0415_2Dr3_UDP0009-UDP0009_L002_R1_001.fastq.gz;/ibex/project/c2014/EmptyQuarter_Data/soil/amplicon_16S/novaseq_14_07_25/raw_reads/M-25-0415_2Dr3_UDP0009-UDP0009_L002_R2_001.fastq.gz
35PRr3	/ibex/project/c2014/EmptyQuarter_Data/soil/amplicon_16S/novaseq_14_07_25/raw_reads/M-25-0849_35PRr3_SU0295-SU0295_L002_R1_001.fastq.gz;/ibex/project/c2014/EmptyQuarter_Data/soil/amplicon_16S/novaseq_14_07_25/raw_reads/M-25-0849_35PRr3_SU0295-SU0295_L002_R2_001.fastq.gz
S22Dr1	/ibex/project/c2014/EmptyQuarter_Data/soil/amplicon_16S/novaseq_14_07_25/raw_reads/M-25-0594_S22Dr1_SU0121-SU0121_L002_R1_001.fastq.gz;/ibex/project/c2014/EmptyQuarter_Data/soil/amplicon_16S/novaseq_14_07_25/raw_reads/M-25-0594_S22Dr1_SU0121-SU0121_L002_R2_001.fastq.gz
3Dr3	/ibex/project/c2014/EmptyQuarter_Data/soil/amplicon_16S/novaseq_14_07_25/raw_reads/M-25-0810_3Dr3_SU0349-SU0349_L002_R1_001.fastq.gz;/ibex/project/c2014/EmptyQuarter_Data/soil/amplicon_16S/novaseq_14_07_25/raw_reads/M-25-0810_3Dr3_SU0349-SU0349_L002_R2_001.fastq.gz
S27PRr1	/ibex/project/c2014/EmptyQuarter_Data/soil/amplicon_16S/novaseq_14_07_25/raw_reads/M-25-0642_S27PRr1_SU0139-SU0139_L002_R1_001.fastq.gz;/ibex/project/c2014/EmptyQuarter_Data/soil/amplicon_16S/novaseq_14_07_25/raw_reads/M-25-0642_S27PRr1_SU0139-SU0139_L002_R2_001.fastq.gz
S33Sr1	/ibex/project/c2014/EmptyQuarter_Data/soil/amplicon_16S/novaseq_14_07_25/raw_reads/M-25-0638_S33Sr1_SU0174-SU0174_L002_R1_001.fastq.gz;/ibex/project/c2014/EmptyQuarter_Data/soil/amplicon_16S/novaseq_14_07_25/raw_reads/M-25-0638_S33Sr1_SU0174-SU0174_L002_R2_001.fastq.gz
54Sr3	/ibex/project/c2014/EmptyQuarter_Data/soil/amplicon_16S/novaseq_14_07_25/raw_reads/M-25-0512_54Sr3_UDP0381-UDP0381_L002_R1_001.fastq.gz;/ibex/project/c2014/EmptyQuarter_Data/soil/amplicon_16S/novaseq_14_07_25/raw_reads/M-25-0512_54Sr3_UDP0381-UDP0381_L002_R2_001.fastq.gz
S49Dr1	/ibex/project/c2014/EmptyQuarter_Data/soil/amplicon_16S/novaseq_14_07_25/raw_reads/M-25-0665_S49Dr1_SU0130-SU0130_L002_R1_001.fastq.gz;/ibex/project/c2014/EmptyQuarter_Data/soil/amplicon_16S/novaseq_14_07_25/raw_reads/M-25-0665_S49Dr1_SU0130-SU0130_L002_R2_001.fastq.gz
24Dr1	/ibex/project/c2014/EmptyQuarter_Data/soil/amplicon_16S/novaseq_14_07_25/raw_reads/M-25-0382_24Dr1_UDP0122-UDP0122_L002_R1_001.fastq.gz;/ibex/project/c2014/EmptyQuarter_Data/soil/amplicon_16S/novaseq_14_07_25/raw_reads/M-25-0382_24Dr1_UDP0122-UDP0122_L002_R2_001.fastq.gz
28PRr3	/ibex/project/c2014/EmptyQuarter_Data/soil/amplicon_16S/novaseq_14_07_25/raw_reads/M-25-0405_28PRr3_UDP0152-UDP0152_L002_R1_001.fastq.gz;/ibex/project/c2014/EmptyQuarter_Data/soil/amplicon_16S/novaseq_14_07_25/raw_reads/M-25-0405_28PRr3_UDP0152-UDP0152_L002_R2_001.fastq.gz
18PRr2	/ibex/project/c2014/EmptyQuarter_Data/soil/amplicon_16S/novaseq_14_07_25/raw_reads/M-25-0360_18PRr2_UDP0095-UDP0095_L002_R1_001.fastq.gz;/ibex/project/c2014/EmptyQuarter_Data/soil/amplicon_16S/novaseq_14_07_25/raw_reads/M-25-0360_18PRr2_UDP0095-UDP0095_L002_R2_001.fastq.gz
S60Dr1	/ibex/project/c2014/EmptyQuarter_Data/soil/amplicon_16S/novaseq_14_07_25/raw_reads/M-25-0659_S60Dr1_SU0153-SU0153_L002_R1_001.fastq.gz;/ibex/project/c2014/EmptyQuarter_Data/soil/amplicon_16S/novaseq_14_07_25/raw_reads/M-25-0659_S60Dr1_SU0153-SU0153_L002_R2_001.fastq.gz
S15Sr1	/ibex/project/c2014/EmptyQuarter_Data/soil/amplicon_16S/novaseq_14_07_25/raw_reads/M-25-0695_S15Sr1_SU0218-SU0218_L002_R1_001.fastq.gz;/ibex/project/c2014/EmptyQuarter_Data/soil/amplicon_16S/novaseq_14_07_25/raw_reads/M-25-0695_S15Sr1_SU0218-SU0218_L002_R2_001.fastq.gz
S15Dr1	/ibex/project/c2014/EmptyQuarter_Data/soil/amplicon_16S/novaseq_14_07_25/raw_reads/M-25-0696_S15Dr1_SU0230-SU0230_L002_R1_001.fastq.gz;/ibex/project/c2014/EmptyQuarter_Data/soil/amplicon_16S/novaseq_14_07_25/raw_reads/M-25-0696_S15Dr1_SU0230-SU0230_L002_R2_001.fastq.gz
60Sr3	/ibex/project/c2014/EmptyQuarter_Data/soil/amplicon_16S/novaseq_14_07_25/raw_reads/M-25-0529_60Sr3_UDP0341-UDP0341_L002_R1_001.fastq.gz;/ibex/project/c2014/EmptyQuarter_Data/soil/amplicon_16S/novaseq_14_07_25/raw_reads/M-25-0529_60Sr3_UDP0341-UDP0341_L002_R2_001.fastq.gz
35Dr2	/ibex/project/c2014/EmptyQuarter_Data/soil/amplicon_16S/novaseq_14_07_25/raw_reads/M-25-0437_35Dr2_UDP0190-UDP0190_L002_R1_001.fastq.gz;/ibex/project/c2014/EmptyQuarter_Data/soil/amplicon_16S/novaseq_14_07_25/raw_reads/M-25-0437_35Dr2_UDP0190-UDP0190_L002_R2_001.fastq.gz
F34Sr1	/ibex/project/c2014/EmptyQuarter_Data/soil/amplicon_16S/novaseq_14_07_25/raw_reads/M-25-0781_F34Sr1_SU0525-SU0525_L002_R1_001.fastq.gz;/ibex/project/c2014/EmptyQuarter_Data/soil/amplicon_16S/novaseq_14_07_25/raw_reads/M-25-0781_F34Sr1_SU0525-SU0525_L002_R2_001.fastq.gz
25D-9	/ibex/project/c2014/EmptyQuarter_Data/soil/amplicon_16S/novaseq_14_07_25/raw_reads/M-25-0585_25D-9_SU0669-SU0669_L002_R1_001.fastq.gz;/ibex/project/c2014/EmptyQuarter_Data/soil/amplicon_16S/novaseq_14_07_25/raw_reads/M-25-0585_25D-9_SU0669-SU0669_L002_R2_001.fastq.gz
26Sr3	/ibex/project/c2014/EmptyQuarter_Data/soil/amplicon_16S/novaseq_14_07_25/raw_reads/M-25-0396_26Sr3_UDP0138-UDP0138_L002_R1_001.fastq.gz;/ibex/project/c2014/EmptyQuarter_Data/soil/amplicon_16S/novaseq_14_07_25/raw_reads/M-25-0396_26Sr3_UDP0138-UDP0138_L002_R2_001.fastq.gz
S43Sr1	/ibex/project/c2014/EmptyQuarter_Data/soil/amplicon_16S/novaseq_14_07_25/raw_reads/M-25-0602_S43Sr1_SU0122-SU0122_L002_R1_001.fastq.gz;/ibex/project/c2014/EmptyQuarter_Data/soil/amplicon_16S/novaseq_14_07_25/raw_reads/M-25-0602_S43Sr1_SU0122-SU0122_L002_R2_001.fastq.gz
33Dr3	/ibex/project/c2014/EmptyQuarter_Data/soil/amplicon_16S/novaseq_14_07_25/raw_reads/M-25-0848_33Dr3_SU0378-SU0378_L002_R1_001.fastq.gz;/ibex/project/c2014/EmptyQuarter_Data/soil/amplicon_16S/novaseq_14_07_25/raw_reads/M-25-0848_33Dr3_SU0378-SU0378_L002_R2_001.fastq.gz
22Sr3	/ibex/project/c2014/EmptyQuarter_Data/soil/amplicon_16S/novaseq_14_07_25/raw_reads/M-25-0896_22Sr3_UDP0326-UDP0326_L002_R1_001.fastq.gz;/ibex/project/c2014/EmptyQuarter_Data/soil/amplicon_16S/novaseq_14_07_25/raw_reads/M-25-0896_22Sr3_UDP0326-UDP0326_L002_R2_001.fastq.gz
48Sr2	/ibex/project/c2014/EmptyQuarter_Data/soil/amplicon_16S/novaseq_14_07_25/raw_reads/M-25-0486_48Sr2_UDP0268-UDP0268_L002_R1_001.fastq.gz;/ibex/project/c2014/EmptyQuarter_Data/soil/amplicon_16S/novaseq_14_07_25/raw_reads/M-25-0486_48Sr2_UDP0268-UDP0268_L002_R2_001.fastq.gz
34Dr3	/ibex/project/c2014/EmptyQuarter_Data/soil/amplicon_16S/novaseq_14_07_25/raw_reads/M-25-0907_34Dr3_UDP0342-UDP0342_L002_R1_001.fastq.gz;/ibex/project/c2014/EmptyQuarter_Data/soil/amplicon_16S/novaseq_14_07_25/raw_reads/M-25-0907_34Dr3_UDP0342-UDP0342_L002_R2_001.fastq.gz
47Dr2	/ibex/project/c2014/EmptyQuarter_Data/soil/amplicon_16S/novaseq_14_07_25/raw_reads/M-25-0480_47Dr2_UDP0259-UDP0259_L002_R1_001.fastq.gz;/ibex/project/c2014/EmptyQuarter_Data/soil/amplicon_16S/novaseq_14_07_25/raw_reads/M-25-0480_47Dr2_UDP0259-UDP0259_L002_R2_001.fastq.gz
EB1	/ibex/project/c2014/EmptyQuarter_Data/soil/amplicon_16S/novaseq_14_07_25/raw_reads/M-25-0770_EB1_SU0216-SU0216_L002_R1_001.fastq.gz;/ibex/project/c2014/EmptyQuarter_Data/soil/amplicon_16S/novaseq_14_07_25/raw_reads/M-25-0770_EB1_SU0216-SU0216_L002_R2_001.fastq.gz
61Sr2	/ibex/project/c2014/EmptyQuarter_Data/soil/amplicon_16S/novaseq_14_07_25/raw_reads/M-25-0861_61Sr2_SU0357-SU0357_L002_R1_001.fastq.gz;/ibex/project/c2014/EmptyQuarter_Data/soil/amplicon_16S/novaseq_14_07_25/raw_reads/M-25-0861_61Sr2_SU0357-SU0357_L002_R2_001.fastq.gz
PCR-Ctrl-Trip1	/ibex/project/c2014/EmptyQuarter_Data/soil/amplicon_16S/novaseq_14_07_25/raw_reads/M-25-0555_PCR-Ctrl-Trip1_UDP0374-UDP0374_L002_R1_001.fastq.gz;/ibex/project/c2014/EmptyQuarter_Data/soil/amplicon_16S/novaseq_14_07_25/raw_reads/M-25-0555_PCR-Ctrl-Trip1_UDP0374-UDP0374_L002_R2_001.fastq.gz
S11PRr1	/ibex/project/c2014/EmptyQuarter_Data/soil/amplicon_16S/novaseq_14_07_25/raw_reads/M-25-0678_S11PRr1_SU0191-SU0191_L002_R1_001.fastq.gz;/ibex/project/c2014/EmptyQuarter_Data/soil/amplicon_16S/novaseq_14_07_25/raw_reads/M-25-0678_S11PRr1_SU0191-SU0191_L002_R2_001.fastq.gz
17Dr2	/ibex/project/c2014/EmptyQuarter_Data/soil/amplicon_16S/novaseq_14_07_25/raw_reads/M-25-0829_17Dr2_SU0328-SU0328_L002_R1_001.fastq.gz;/ibex/project/c2014/EmptyQuarter_Data/soil/amplicon_16S/novaseq_14_07_25/raw_reads/M-25-0829_17Dr2_SU0328-SU0328_L002_R2_001.fastq.gz
S21Dr1	/ibex/project/c2014/EmptyQuarter_Data/soil/amplicon_16S/novaseq_14_07_25/raw_reads/M-25-0720_S21Dr1_SU0022-SU0022_L002_R1_001.fastq.gz;/ibex/project/c2014/EmptyQuarter_Data/soil/amplicon_16S/novaseq_14_07_25/raw_reads/M-25-0720_S21Dr1_SU0022-SU0022_L002_R2_001.fastq.gz
16Sr1	/ibex/project/c2014/EmptyQuarter_Data/soil/amplicon_16S/novaseq_14_07_25/raw_reads/M-25-0355_16Sr1_UDP0080-UDP0080_L002_R1_001.fastq.gz;/ibex/project/c2014/EmptyQuarter_Data/soil/amplicon_16S/novaseq_14_07_25/raw_reads/M-25-0355_16Sr1_UDP0080-UDP0080_L002_R2_001.fastq.gz
15Sr3	/ibex/project/c2014/EmptyQuarter_Data/soil/amplicon_16S/novaseq_14_07_25/raw_reads/M-25-0350_15Sr3_UDP0074-UDP0074_L002_R1_001.fastq.gz;/ibex/project/c2014/EmptyQuarter_Data/soil/amplicon_16S/novaseq_14_07_25/raw_reads/M-25-0350_15Sr3_UDP0074-UDP0074_L002_R2_001.fastq.gz
22Dr2	/ibex/project/c2014/EmptyQuarter_Data/soil/amplicon_16S/novaseq_14_07_25/raw_reads/M-25-0377_22Dr2_UDP0111-UDP0111_L002_R1_001.fastq.gz;/ibex/project/c2014/EmptyQuarter_Data/soil/amplicon_16S/novaseq_14_07_25/raw_reads/M-25-0377_22Dr2_UDP0111-UDP0111_L002_R2_001.fastq.gz
40PRr3	/ibex/project/c2014/EmptyQuarter_Data/soil/amplicon_16S/novaseq_14_07_25/raw_reads/M-25-0912_40PRr3_UDP0347-UDP0347_L002_R1_001.fastq.gz;/ibex/project/c2014/EmptyQuarter_Data/soil/amplicon_16S/novaseq_14_07_25/raw_reads/M-25-0912_40PRr3_UDP0347-UDP0347_L002_R2_001.fastq.gz
S52Sr1	/ibex/project/c2014/EmptyQuarter_Data/soil/amplicon_16S/novaseq_14_07_25/raw_reads/M-25-0757_S52Sr1_SU0095-SU0095_L002_R1_001.fastq.gz;/ibex/project/c2014/EmptyQuarter_Data/soil/amplicon_16S/novaseq_14_07_25/raw_reads/M-25-0757_S52Sr1_SU0095-SU0095_L002_R2_001.fastq.gz
S3PRr1	/ibex/project/c2014/EmptyQuarter_Data/soil/amplicon_16S/novaseq_14_07_25/raw_reads/M-25-0709_S3PRr1_SU0196-SU0196_L002_R1_001.fastq.gz;/ibex/project/c2014/EmptyQuarter_Data/soil/amplicon_16S/novaseq_14_07_25/raw_reads/M-25-0709_S3PRr1_SU0196-SU0196_L002_R2_001.fastq.gz
64Dr3	/ibex/project/c2014/EmptyQuarter_Data/soil/amplicon_16S/novaseq_14_07_25/raw_reads/M-25-0534_64Dr3_UDP0364-UDP0364_L002_R1_001.fastq.gz;/ibex/project/c2014/EmptyQuarter_Data/soil/amplicon_16S/novaseq_14_07_25/raw_reads/M-25-0534_64Dr3_UDP0364-UDP0364_L002_R2_001.fastq.gz
49Sr2	/ibex/project/c2014/EmptyQuarter_Data/soil/amplicon_16S/novaseq_14_07_25/raw_reads/M-25-0488_49Sr2_UDP0272-UDP0272_L002_R1_001.fastq.gz;/ibex/project/c2014/EmptyQuarter_Data/soil/amplicon_16S/novaseq_14_07_25/raw_reads/M-25-0488_49Sr2_UDP0272-UDP0272_L002_R2_001.fastq.gz
S25PRr1	/ibex/project/c2014/EmptyQuarter_Data/soil/amplicon_16S/novaseq_14_07_25/raw_reads/M-25-0619_S25PRr1_SU0136-SU0136_L002_R1_001.fastq.gz;/ibex/project/c2014/EmptyQuarter_Data/soil/amplicon_16S/novaseq_14_07_25/raw_reads/M-25-0619_S25PRr1_SU0136-SU0136_L002_R2_001.fastq.gz
S59Dr1	/ibex/project/c2014/EmptyQuarter_Data/soil/amplicon_16S/novaseq_14_07_25/raw_reads/M-25-0671_S59Dr1_SU0107-SU0107_L002_R1_001.fastq.gz;/ibex/project/c2014/EmptyQuarter_Data/soil/amplicon_16S/novaseq_14_07_25/raw_reads/M-25-0671_S59Dr1_SU0107-SU0107_L002_R2_001.fastq.gz
4Dr1	/ibex/project/c2014/EmptyQuarter_Data/soil/amplicon_16S/novaseq_14_07_25/raw_reads/M-25-0813_4Dr1_SU0290-SU0290_L002_R1_001.fastq.gz;/ibex/project/c2014/EmptyQuarter_Data/soil/amplicon_16S/novaseq_14_07_25/raw_reads/M-25-0813_4Dr1_SU0290-SU0290_L002_R2_001.fastq.gz
62Sr3	/ibex/project/c2014/EmptyQuarter_Data/soil/amplicon_16S/novaseq_14_07_25/raw_reads/M-25-0531_62Sr3_UDP0353-UDP0353_L002_R1_001.fastq.gz;/ibex/project/c2014/EmptyQuarter_Data/soil/amplicon_16S/novaseq_14_07_25/raw_reads/M-25-0531_62Sr3_UDP0353-UDP0353_L002_R2_001.fastq.gz
F58Sr3	/ibex/project/c2014/EmptyQuarter_Data/soil/amplicon_16S/novaseq_14_07_25/raw_reads/M-25-0797_F58Sr3_SU0575-SU0575_L002_R1_001.fastq.gz;/ibex/project/c2014/EmptyQuarter_Data/soil/amplicon_16S/novaseq_14_07_25/raw_reads/M-25-0797_F58Sr3_SU0575-SU0575_L002_R2_001.fastq.gz
53Dr2	/ibex/project/c2014/EmptyQuarter_Data/soil/amplicon_16S/novaseq_14_07_25/raw_reads/M-25-0504_53Dr2_UDP0295-UDP0295_L002_R1_001.fastq.gz;/ibex/project/c2014/EmptyQuarter_Data/soil/amplicon_16S/novaseq_14_07_25/raw_reads/M-25-0504_53Dr2_UDP0295-UDP0295_L002_R2_001.fastq.gz
EBK	/ibex/project/c2014/EmptyQuarter_Data/soil/amplicon_16S/novaseq_14_07_25/raw_reads/M-25-0566_EBK_SU0027-SU0027_L002_R1_001.fastq.gz;/ibex/project/c2014/EmptyQuarter_Data/soil/amplicon_16S/novaseq_14_07_25/raw_reads/M-25-0566_EBK_SU0027-SU0027_L002_R2_001.fastq.gz
45Sr1	/ibex/project/c2014/EmptyQuarter_Data/soil/amplicon_16S/novaseq_14_07_25/raw_reads/M-25-0916_45Sr1_UDP0351-UDP0351_L002_R1_001.fastq.gz;/ibex/project/c2014/EmptyQuarter_Data/soil/amplicon_16S/novaseq_14_07_25/raw_reads/M-25-0916_45Sr1_UDP0351-UDP0351_L002_R2_001.fastq.gz
31Sr3	/ibex/project/c2014/EmptyQuarter_Data/soil/amplicon_16S/novaseq_14_07_25/raw_reads/M-25-0846_31Sr3_SU0354-SU0354_L002_R1_001.fastq.gz;/ibex/project/c2014/EmptyQuarter_Data/soil/amplicon_16S/novaseq_14_07_25/raw_reads/M-25-0846_31Sr3_SU0354-SU0354_L002_R2_001.fastq.gz
S28PRr1	/ibex/project/c2014/EmptyQuarter_Data/soil/amplicon_16S/novaseq_14_07_25/raw_reads/M-25-0595_S28PRr1_SU0133-SU0133_L002_R1_001.fastq.gz;/ibex/project/c2014/EmptyQuarter_Data/soil/amplicon_16S/novaseq_14_07_25/raw_reads/M-25-0595_S28PRr1_SU0133-SU0133_L002_R2_001.fastq.gz
21Dr1	/ibex/project/c2014/EmptyQuarter_Data/soil/amplicon_16S/novaseq_14_07_25/raw_reads/M-25-0373_21Dr1_UDP0107-UDP0107_L002_R1_001.fastq.gz;/ibex/project/c2014/EmptyQuarter_Data/soil/amplicon_16S/novaseq_14_07_25/raw_reads/M-25-0373_21Dr1_UDP0107-UDP0107_L002_R2_001.fastq.gz
SEB	/ibex/project/c2014/EmptyQuarter_Data/soil/amplicon_16S/novaseq_14_07_25/raw_reads/M-25-0684_SEB_SU0168-SU0168_L002_R1_001.fastq.gz;/ibex/project/c2014/EmptyQuarter_Data/soil/amplicon_16S/novaseq_14_07_25/raw_reads/M-25-0684_SEB_SU0168-SU0168_L002_R2_001.fastq.gz
25D-8	/ibex/project/c2014/EmptyQuarter_Data/soil/amplicon_16S/novaseq_14_07_25/raw_reads/M-25-0584_25D-8_SU0657-SU0657_L002_R1_001.fastq.gz;/ibex/project/c2014/EmptyQuarter_Data/soil/amplicon_16S/novaseq_14_07_25/raw_reads/M-25-0584_25D-8_SU0657-SU0657_L002_R2_001.fastq.gz
33Dr1	/ibex/project/c2014/EmptyQuarter_Data/soil/amplicon_16S/novaseq_14_07_25/raw_reads/M-25-0905_33Dr1_UDP0339-UDP0339_L002_R1_001.fastq.gz;/ibex/project/c2014/EmptyQuarter_Data/soil/amplicon_16S/novaseq_14_07_25/raw_reads/M-25-0905_33Dr1_UDP0339-UDP0339_L002_R2_001.fastq.gz
4PRr2	/ibex/project/c2014/EmptyQuarter_Data/soil/amplicon_16S/novaseq_14_07_25/raw_reads/M-25-0492_4PRr2_UDP0022-UDP0022_L002_R1_001.fastq.gz;/ibex/project/c2014/EmptyQuarter_Data/soil/amplicon_16S/novaseq_14_07_25/raw_reads/M-25-0492_4PRr2_UDP0022-UDP0022_L002_R2_001.fastq.gz
31Dr2	/ibex/project/c2014/EmptyQuarter_Data/soil/amplicon_16S/novaseq_14_07_25/raw_reads/M-25-0423_31Dr2_UDP0167-UDP0167_L002_R1_001.fastq.gz;/ibex/project/c2014/EmptyQuarter_Data/soil/amplicon_16S/novaseq_14_07_25/raw_reads/M-25-0423_31Dr2_UDP0167-UDP0167_L002_R2_001.fastq.gz
S38PRr1	/ibex/project/c2014/EmptyQuarter_Data/soil/amplicon_16S/novaseq_14_07_25/raw_reads/M-25-0631_S38PRr1_SU0185-SU0185_L002_R1_001.fastq.gz;/ibex/project/c2014/EmptyQuarter_Data/soil/amplicon_16S/novaseq_14_07_25/raw_reads/M-25-0631_S38PRr1_SU0185-SU0185_L002_R2_001.fastq.gz
T27D	/ibex/project/c2014/EmptyQuarter_Data/soil/amplicon_16S/novaseq_14_07_25/raw_reads/M-25-0575_T27D_SU0620-SU0620_L002_R1_001.fastq.gz;/ibex/project/c2014/EmptyQuarter_Data/soil/amplicon_16S/novaseq_14_07_25/raw_reads/M-25-0575_T27D_SU0620-SU0620_L002_R2_001.fastq.gz
1Sr2	/ibex/project/c2014/EmptyQuarter_Data/soil/amplicon_16S/novaseq_14_07_25/raw_reads/M-25-0806_1Sr2_SU0301-SU0301_L002_R1_001.fastq.gz;/ibex/project/c2014/EmptyQuarter_Data/soil/amplicon_16S/novaseq_14_07_25/raw_reads/M-25-0806_1Sr2_SU0301-SU0301_L002_R2_001.fastq.gz
3PRr1	/ibex/project/c2014/EmptyQuarter_Data/soil/amplicon_16S/novaseq_14_07_25/raw_reads/M-25-0458_3PRr1_UDP0015-UDP0015_L002_R1_001.fastq.gz;/ibex/project/c2014/EmptyQuarter_Data/soil/amplicon_16S/novaseq_14_07_25/raw_reads/M-25-0458_3PRr1_UDP0015-UDP0015_L002_R2_001.fastq.gz
S32PRr1	/ibex/project/c2014/EmptyQuarter_Data/soil/amplicon_16S/novaseq_14_07_25/raw_reads/M-25-0727_S32PRr1_SU0222-SU0222_L002_R1_001.fastq.gz;/ibex/project/c2014/EmptyQuarter_Data/soil/amplicon_16S/novaseq_14_07_25/raw_reads/M-25-0727_S32PRr1_SU0222-SU0222_L002_R2_001.fastq.gz
S24Sr1	/ibex/project/c2014/EmptyQuarter_Data/soil/amplicon_16S/novaseq_14_07_25/raw_reads/M-25-0749_S24Sr1_SU0201-SU0201_L002_R1_001.fastq.gz;/ibex/project/c2014/EmptyQuarter_Data/soil/amplicon_16S/novaseq_14_07_25/raw_reads/M-25-0749_S24Sr1_SU0201-SU0201_L002_R2_001.fastq.gz
29Sr1	/ibex/project/c2014/EmptyQuarter_Data/soil/amplicon_16S/novaseq_14_07_25/raw_reads/M-25-0413_29Sr1_UDP0155-UDP0155_L002_R1_001.fastq.gz;/ibex/project/c2014/EmptyQuarter_Data/soil/amplicon_16S/novaseq_14_07_25/raw_reads/M-25-0413_29Sr1_UDP0155-UDP0155_L002_R2_001.fastq.gz
32PRr3	/ibex/project/c2014/EmptyQuarter_Data/soil/amplicon_16S/novaseq_14_07_25/raw_reads/M-25-0904_32PRr3_UDP0338-UDP0338_L002_R1_001.fastq.gz;/ibex/project/c2014/EmptyQuarter_Data/soil/amplicon_16S/novaseq_14_07_25/raw_reads/M-25-0904_32PRr3_UDP0338-UDP0338_L002_R2_001.fastq.gz
25D-5	/ibex/project/c2014/EmptyQuarter_Data/soil/amplicon_16S/novaseq_14_07_25/raw_reads/M-25-0581_25D-5_SU0621-SU0621_L002_R1_001.fastq.gz;/ibex/project/c2014/EmptyQuarter_Data/soil/amplicon_16S/novaseq_14_07_25/raw_reads/M-25-0581_25D-5_SU0621-SU0621_L002_R2_001.fastq.gz
10PRr2	/ibex/project/c2014/EmptyQuarter_Data/soil/amplicon_16S/novaseq_14_07_25/raw_reads/M-25-0326_10PRr2_UDP0047-UDP0047_L002_R1_001.fastq.gz;/ibex/project/c2014/EmptyQuarter_Data/soil/amplicon_16S/novaseq_14_07_25/raw_reads/M-25-0326_10PRr2_UDP0047-UDP0047_L002_R2_001.fastq.gz
24Sr1	/ibex/project/c2014/EmptyQuarter_Data/soil/amplicon_16S/novaseq_14_07_25/raw_reads/M-25-0900_24Sr1_UDP0333-UDP0333_L002_R1_001.fastq.gz;/ibex/project/c2014/EmptyQuarter_Data/soil/amplicon_16S/novaseq_14_07_25/raw_reads/M-25-0900_24Sr1_UDP0333-UDP0333_L002_R2_001.fastq.gz
S50Sr1	/ibex/project/c2014/EmptyQuarter_Data/soil/amplicon_16S/novaseq_14_07_25/raw_reads/M-25-0734_S50Sr1_SU0211-SU0211_L002_R1_001.fastq.gz;/ibex/project/c2014/EmptyQuarter_Data/soil/amplicon_16S/novaseq_14_07_25/raw_reads/M-25-0734_S50Sr1_SU0211-SU0211_L002_R2_001.fastq.gz
33PRr1	/ibex/project/c2014/EmptyQuarter_Data/soil/amplicon_16S/novaseq_14_07_25/raw_reads/M-25-0429_33PRr1_UDP0182-UDP0182_L002_R1_001.fastq.gz;/ibex/project/c2014/EmptyQuarter_Data/soil/amplicon_16S/novaseq_14_07_25/raw_reads/M-25-0429_33PRr1_UDP0182-UDP0182_L002_R2_001.fastq.gz
S13Dr1	/ibex/project/c2014/EmptyQuarter_Data/soil/amplicon_16S/novaseq_14_07_25/raw_reads/M-25-0618_S13Dr1_SU0124-SU0124_L002_R1_001.fastq.gz;/ibex/project/c2014/EmptyQuarter_Data/soil/amplicon_16S/novaseq_14_07_25/raw_reads/M-25-0618_S13Dr1_SU0124-SU0124_L002_R2_001.fastq.gz
40PRr2	/ibex/project/c2014/EmptyQuarter_Data/soil/amplicon_16S/novaseq_14_07_25/raw_reads/M-25-0462_40PRr2_UDP0222-UDP0222_L002_R1_001.fastq.gz;/ibex/project/c2014/EmptyQuarter_Data/soil/amplicon_16S/novaseq_14_07_25/raw_reads/M-25-0462_40PRr2_UDP0222-UDP0222_L002_R2_001.fastq.gz
38PRr2	/ibex/project/c2014/EmptyQuarter_Data/soil/amplicon_16S/novaseq_14_07_25/raw_reads/M-25-0451_38PRr2_UDP0212-UDP0212_L002_R1_001.fastq.gz;/ibex/project/c2014/EmptyQuarter_Data/soil/amplicon_16S/novaseq_14_07_25/raw_reads/M-25-0451_38PRr2_UDP0212-UDP0212_L002_R2_001.fastq.gz
S36PRr1	/ibex/project/c2014/EmptyQuarter_Data/soil/amplicon_16S/novaseq_14_07_25/raw_reads/M-25-0682_S36PRr1_SU0144-SU0144_L002_R1_001.fastq.gz;/ibex/project/c2014/EmptyQuarter_Data/soil/amplicon_16S/novaseq_14_07_25/raw_reads/M-25-0682_S36PRr1_SU0144-SU0144_L002_R2_001.fastq.gz
S27Sr1	/ibex/project/c2014/EmptyQuarter_Data/soil/amplicon_16S/novaseq_14_07_25/raw_reads/M-25-0643_S27Sr1_SU0151-SU0151_L002_R1_001.fastq.gz;/ibex/project/c2014/EmptyQuarter_Data/soil/amplicon_16S/novaseq_14_07_25/raw_reads/M-25-0643_S27Sr1_SU0151-SU0151_L002_R2_001.fastq.gz
20Dr2	/ibex/project/c2014/EmptyQuarter_Data/soil/amplicon_16S/novaseq_14_07_25/raw_reads/M-25-0370_20Dr2_UDP0375-UDP0375_L002_R1_001.fastq.gz;/ibex/project/c2014/EmptyQuarter_Data/soil/amplicon_16S/novaseq_14_07_25/raw_reads/M-25-0370_20Dr2_UDP0375-UDP0375_L002_R2_001.fastq.gz
F48PRr3	/ibex/project/c2014/EmptyQuarter_Data/soil/amplicon_16S/novaseq_14_07_25/raw_reads/M-25-0788_F48PRr3_SU0550-SU0550_L002_R1_001.fastq.gz;/ibex/project/c2014/EmptyQuarter_Data/soil/amplicon_16S/novaseq_14_07_25/raw_reads/M-25-0788_F48PRr3_SU0550-SU0550_L002_R2_001.fastq.gz
S54Dr1	/ibex/project/c2014/EmptyQuarter_Data/soil/amplicon_16S/novaseq_14_07_25/raw_reads/M-25-0624_S54Dr1_SU0101-SU0101_L002_R1_001.fastq.gz;/ibex/project/c2014/EmptyQuarter_Data/soil/amplicon_16S/novaseq_14_07_25/raw_reads/M-25-0624_S54Dr1_SU0101-SU0101_L002_R2_001.fastq.gz
S1PRr1	/ibex/project/c2014/EmptyQuarter_Data/soil/amplicon_16S/novaseq_14_07_25/raw_reads/M-25-0736_S1PRr1_SU0235-SU0235_L002_R1_001.fastq.gz;/ibex/project/c2014/EmptyQuarter_Data/soil/amplicon_16S/novaseq_14_07_25/raw_reads/M-25-0736_S1PRr1_SU0235-SU0235_L002_R2_001.fastq.gz
S15PRr1	/ibex/project/c2014/EmptyQuarter_Data/soil/amplicon_16S/novaseq_14_07_25/raw_reads/M-25-0694_S15PRr1_SU0206-SU0206_L002_R1_001.fastq.gz;/ibex/project/c2014/EmptyQuarter_Data/soil/amplicon_16S/novaseq_14_07_25/raw_reads/M-25-0694_S15PRr1_SU0206-SU0206_L002_R2_001.fastq.gz
S44PRr1	/ibex/project/c2014/EmptyQuarter_Data/soil/amplicon_16S/novaseq_14_07_25/raw_reads/M-25-0628_S44PRr1_SU0149-SU0149_L002_R1_001.fastq.gz;/ibex/project/c2014/EmptyQuarter_Data/soil/amplicon_16S/novaseq_14_07_25/raw_reads/M-25-0628_S44PRr1_SU0149-SU0149_L002_R2_001.fastq.gz
25Dr1	/ibex/project/c2014/EmptyQuarter_Data/soil/amplicon_16S/novaseq_14_07_25/raw_reads/M-25-0385_25Dr1_UDP0129-UDP0129_L002_R1_001.fastq.gz;/ibex/project/c2014/EmptyQuarter_Data/soil/amplicon_16S/novaseq_14_07_25/raw_reads/M-25-0385_25Dr1_UDP0129-UDP0129_L002_R2_001.fastq.gz
S24PRr1	/ibex/project/c2014/EmptyQuarter_Data/soil/amplicon_16S/novaseq_14_07_25/raw_reads/M-25-0748_S24PRr1_SU0284-SU0284_L002_R1_001.fastq.gz;/ibex/project/c2014/EmptyQuarter_Data/soil/amplicon_16S/novaseq_14_07_25/raw_reads/M-25-0748_S24PRr1_SU0284-SU0284_L002_R2_001.fastq.gz
S22PRr1	/ibex/project/c2014/EmptyQuarter_Data/soil/amplicon_16S/novaseq_14_07_25/raw_reads/M-25-0592_S22PRr1_SU0097-SU0097_L002_R1_001.fastq.gz;/ibex/project/c2014/EmptyQuarter_Data/soil/amplicon_16S/novaseq_14_07_25/raw_reads/M-25-0592_S22PRr1_SU0097-SU0097_L002_R2_001.fastq.gz
55Sr1	/ibex/project/c2014/EmptyQuarter_Data/soil/amplicon_16S/novaseq_14_07_25/raw_reads/M-25-0860_55Sr1_SU0309-SU0309_L002_R1_001.fastq.gz;/ibex/project/c2014/EmptyQuarter_Data/soil/amplicon_16S/novaseq_14_07_25/raw_reads/M-25-0860_55Sr1_SU0309-SU0309_L002_R2_001.fastq.gz
15PRr2	/ibex/project/c2014/EmptyQuarter_Data/soil/amplicon_16S/novaseq_14_07_25/raw_reads/M-25-0347_15PRr2_UDP0076-UDP0076_L002_R1_001.fastq.gz;/ibex/project/c2014/EmptyQuarter_Data/soil/amplicon_16S/novaseq_14_07_25/raw_reads/M-25-0347_15PRr2_UDP0076-UDP0076_L002_R2_001.fastq.gz
14Dr3	/ibex/project/c2014/EmptyQuarter_Data/soil/amplicon_16S/novaseq_14_07_25/raw_reads/M-25-0340_14Dr3_UDP0066-UDP0066_L002_R1_001.fastq.gz;/ibex/project/c2014/EmptyQuarter_Data/soil/amplicon_16S/novaseq_14_07_25/raw_reads/M-25-0340_14Dr3_UDP0066-UDP0066_L002_R2_001.fastq.gz
5Sr3	/ibex/project/c2014/EmptyQuarter_Data/soil/amplicon_16S/novaseq_14_07_25/raw_reads/M-25-0528_5Sr3_UDP0026-UDP0026_L002_R1_001.fastq.gz;/ibex/project/c2014/EmptyQuarter_Data/soil/amplicon_16S/novaseq_14_07_25/raw_reads/M-25-0528_5Sr3_UDP0026-UDP0026_L002_R2_001.fastq.gz
20Sr1	/ibex/project/c2014/EmptyQuarter_Data/soil/amplicon_16S/novaseq_14_07_25/raw_reads/M-25-0893_20Sr1_UDP0322-UDP0322_L002_R1_001.fastq.gz;/ibex/project/c2014/EmptyQuarter_Data/soil/amplicon_16S/novaseq_14_07_25/raw_reads/M-25-0893_20Sr1_UDP0322-UDP0322_L002_R2_001.fastq.gz
53PRr2	/ibex/project/c2014/EmptyQuarter_Data/soil/amplicon_16S/novaseq_14_07_25/raw_reads/M-25-0506_53PRr2_UDP0299-UDP0299_L002_R1_001.fastq.gz;/ibex/project/c2014/EmptyQuarter_Data/soil/amplicon_16S/novaseq_14_07_25/raw_reads/M-25-0506_53PRr2_UDP0299-UDP0299_L002_R2_001.fastq.gz
1Sr1	/ibex/project/c2014/EmptyQuarter_Data/soil/amplicon_16S/novaseq_14_07_25/raw_reads/M-25-0368_1Sr1_UDP0003-UDP0003_L002_R1_001.fastq.gz;/ibex/project/c2014/EmptyQuarter_Data/soil/amplicon_16S/novaseq_14_07_25/raw_reads/M-25-0368_1Sr1_UDP0003-UDP0003_L002_R2_001.fastq.gz
34Sr3	/ibex/project/c2014/EmptyQuarter_Data/soil/amplicon_16S/novaseq_14_07_25/raw_reads/M-25-0436_34Sr3_UDP0187-UDP0187_L002_R1_001.fastq.gz;/ibex/project/c2014/EmptyQuarter_Data/soil/amplicon_16S/novaseq_14_07_25/raw_reads/M-25-0436_34Sr3_UDP0187-UDP0187_L002_R2_001.fastq.gz
31PRr2	/ibex/project/c2014/EmptyQuarter_Data/soil/amplicon_16S/novaseq_14_07_25/raw_reads/M-25-0424_31PRr2_UDP0170-UDP0170_L002_R1_001.fastq.gz;/ibex/project/c2014/EmptyQuarter_Data/soil/amplicon_16S/novaseq_14_07_25/raw_reads/M-25-0424_31PRr2_UDP0170-UDP0170_L002_R2_001.fastq.gz
58Sr3	/ibex/project/c2014/EmptyQuarter_Data/soil/amplicon_16S/novaseq_14_07_25/raw_reads/M-25-0524_58Sr3_UDP0329-UDP0329_L002_R1_001.fastq.gz;/ibex/project/c2014/EmptyQuarter_Data/soil/amplicon_16S/novaseq_14_07_25/raw_reads/M-25-0524_58Sr3_UDP0329-UDP0329_L002_R2_001.fastq.gz
S53PRr1	/ibex/project/c2014/EmptyQuarter_Data/soil/amplicon_16S/novaseq_14_07_25/raw_reads/M-25-0604_S53PRr1_SU0146-SU0146_L002_R1_001.fastq.gz;/ibex/project/c2014/EmptyQuarter_Data/soil/amplicon_16S/novaseq_14_07_25/raw_reads/M-25-0604_S53PRr1_SU0146-SU0146_L002_R2_001.fastq.gz
27Dr3	/ibex/project/c2014/EmptyQuarter_Data/soil/amplicon_16S/novaseq_14_07_25/raw_reads/M-25-0398_27Dr3_UDP0142-UDP0142_L002_R1_001.fastq.gz;/ibex/project/c2014/EmptyQuarter_Data/soil/amplicon_16S/novaseq_14_07_25/raw_reads/M-25-0398_27Dr3_UDP0142-UDP0142_L002_R2_001.fastq.gz
1Dr2	/ibex/project/c2014/EmptyQuarter_Data/soil/amplicon_16S/novaseq_14_07_25/raw_reads/M-25-0365_1Dr2_UDP0002-UDP0002_L002_R1_001.fastq.gz;/ibex/project/c2014/EmptyQuarter_Data/soil/amplicon_16S/novaseq_14_07_25/raw_reads/M-25-0365_1Dr2_UDP0002-UDP0002_L002_R2_001.fastq.gz
T1Dr1	/ibex/project/c2014/EmptyQuarter_Data/soil/amplicon_16S/novaseq_14_07_25/raw_reads/M-25-0804_T1Dr1_SU0564-SU0564_L002_R1_001.fastq.gz;/ibex/project/c2014/EmptyQuarter_Data/soil/amplicon_16S/novaseq_14_07_25/raw_reads/M-25-0804_T1Dr1_SU0564-SU0564_L002_R2_001.fastq.gz
F58Dr1	/ibex/project/c2014/EmptyQuarter_Data/soil/amplicon_16S/novaseq_14_07_25/raw_reads/M-25-0796_F58Dr1_SU0563-SU0563_L002_R1_001.fastq.gz;/ibex/project/c2014/EmptyQuarter_Data/soil/amplicon_16S/novaseq_14_07_25/raw_reads/M-25-0796_F58Dr1_SU0563-SU0563_L002_R2_001.fastq.gz
17Dr3	/ibex/project/c2014/EmptyQuarter_Data/soil/amplicon_16S/novaseq_14_07_25/raw_reads/M-25-0357_17Dr3_UDP0085-UDP0085_L002_R1_001.fastq.gz;/ibex/project/c2014/EmptyQuarter_Data/soil/amplicon_16S/novaseq_14_07_25/raw_reads/M-25-0357_17Dr3_UDP0085-UDP0085_L002_R2_001.fastq.gz
S44Sr1	/ibex/project/c2014/EmptyQuarter_Data/soil/amplicon_16S/novaseq_14_07_25/raw_reads/M-25-0629_S44Sr1_SU0161-SU0161_L002_R1_001.fastq.gz;/ibex/project/c2014/EmptyQuarter_Data/soil/amplicon_16S/novaseq_14_07_25/raw_reads/M-25-0629_S44Sr1_SU0161-SU0161_L002_R2_001.fastq.gz
37Sr2	/ibex/project/c2014/EmptyQuarter_Data/soil/amplicon_16S/novaseq_14_07_25/raw_reads/M-25-0448_37Sr2_UDP0205-UDP0205_L002_R1_001.fastq.gz;/ibex/project/c2014/EmptyQuarter_Data/soil/amplicon_16S/novaseq_14_07_25/raw_reads/M-25-0448_37Sr2_UDP0205-UDP0205_L002_R2_001.fastq.gz
F1PRr2	/ibex/project/c2014/EmptyQuarter_Data/soil/amplicon_16S/novaseq_14_07_25/raw_reads/M-25-0873_F1PRr2_SU0383-SU0383_L002_R1_001.fastq.gz;/ibex/project/c2014/EmptyQuarter_Data/soil/amplicon_16S/novaseq_14_07_25/raw_reads/M-25-0873_F1PRr2_SU0383-SU0383_L002_R2_001.fastq.gz
S2Sr1	/ibex/project/c2014/EmptyQuarter_Data/soil/amplicon_16S/novaseq_14_07_25/raw_reads/M-25-0640_S2Sr1_SU0115-SU0115_L002_R1_001.fastq.gz;/ibex/project/c2014/EmptyQuarter_Data/soil/amplicon_16S/novaseq_14_07_25/raw_reads/M-25-0640_S2Sr1_SU0115-SU0115_L002_R2_001.fastq.gz
EB2	/ibex/project/c2014/EmptyQuarter_Data/soil/amplicon_16S/novaseq_14_07_25/raw_reads/M-25-0771_EB2_SU0228-SU0228_L002_R1_001.fastq.gz;/ibex/project/c2014/EmptyQuarter_Data/soil/amplicon_16S/novaseq_14_07_25/raw_reads/M-25-0771_EB2_SU0228-SU0228_L002_R2_001.fastq.gz
F59Dr2	/ibex/project/c2014/EmptyQuarter_Data/soil/amplicon_16S/novaseq_14_07_25/raw_reads/M-25-0798_F59Dr2_SU0067-SU0067_L002_R1_001.fastq.gz;/ibex/project/c2014/EmptyQuarter_Data/soil/amplicon_16S/novaseq_14_07_25/raw_reads/M-25-0798_F59Dr2_SU0067-SU0067_L002_R2_001.fastq.gz
S24Dr1	/ibex/project/c2014/EmptyQuarter_Data/soil/amplicon_16S/novaseq_14_07_25/raw_reads/M-25-0750_S24Dr1_SU0023-SU0023_L002_R1_001.fastq.gz;/ibex/project/c2014/EmptyQuarter_Data/soil/amplicon_16S/novaseq_14_07_25/raw_reads/M-25-0750_S24Dr1_SU0023-SU0023_L002_R2_001.fastq.gz
34Sr1	/ibex/project/c2014/EmptyQuarter_Data/soil/amplicon_16S/novaseq_14_07_25/raw_reads/M-25-0435_34Sr1_UDP0186-UDP0186_L002_R1_001.fastq.gz;/ibex/project/c2014/EmptyQuarter_Data/soil/amplicon_16S/novaseq_14_07_25/raw_reads/M-25-0435_34Sr1_UDP0186-UDP0186_L002_R2_001.fastq.gz
11Sr2	/ibex/project/c2014/EmptyQuarter_Data/soil/amplicon_16S/novaseq_14_07_25/raw_reads/M-25-0331_11Sr2_UDP0052-UDP0052_L002_R1_001.fastq.gz;/ibex/project/c2014/EmptyQuarter_Data/soil/amplicon_16S/novaseq_14_07_25/raw_reads/M-25-0331_11Sr2_UDP0052-UDP0052_L002_R2_001.fastq.gz
S54PRr1	/ibex/project/c2014/EmptyQuarter_Data/soil/amplicon_16S/novaseq_14_07_25/raw_reads/M-25-0622_S54PRr1_SU0172-SU0172_L002_R1_001.fastq.gz;/ibex/project/c2014/EmptyQuarter_Data/soil/amplicon_16S/novaseq_14_07_25/raw_reads/M-25-0622_S54PRr1_SU0172-SU0172_L002_R2_001.fastq.gz
S36Dr1	/ibex/project/c2014/EmptyQuarter_Data/soil/amplicon_16S/novaseq_14_07_25/raw_reads/M-25-0683_S36Dr1_SU0156-SU0156_L002_R1_001.fastq.gz;/ibex/project/c2014/EmptyQuarter_Data/soil/amplicon_16S/novaseq_14_07_25/raw_reads/M-25-0683_S36Dr1_SU0156-SU0156_L002_R2_001.fastq.gz
54Sr1	/ibex/project/c2014/EmptyQuarter_Data/soil/amplicon_16S/novaseq_14_07_25/raw_reads/M-25-0510_54Sr1_UDP0304-UDP0304_L002_R1_001.fastq.gz;/ibex/project/c2014/EmptyQuarter_Data/soil/amplicon_16S/novaseq_14_07_25/raw_reads/M-25-0510_54Sr1_UDP0304-UDP0304_L002_R2_001.fastq.gz
26Sr1	/ibex/project/c2014/EmptyQuarter_Data/soil/amplicon_16S/novaseq_14_07_25/raw_reads/M-25-0841_26Sr1_SU0294-SU0294_L002_R1_001.fastq.gz;/ibex/project/c2014/EmptyQuarter_Data/soil/amplicon_16S/novaseq_14_07_25/raw_reads/M-25-0841_26Sr1_SU0294-SU0294_L002_R2_001.fastq.gz
S4Sr1	/ibex/project/c2014/EmptyQuarter_Data/soil/amplicon_16S/novaseq_14_07_25/raw_reads/M-25-0673_S4Sr1_SU0131-SU0131_L002_R1_001.fastq.gz;/ibex/project/c2014/EmptyQuarter_Data/soil/amplicon_16S/novaseq_14_07_25/raw_reads/M-25-0673_S4Sr1_SU0131-SU0131_L002_R2_001.fastq.gz
14Dr1	/ibex/project/c2014/EmptyQuarter_Data/soil/amplicon_16S/novaseq_14_07_25/raw_reads/M-25-0339_14Dr1_UDP0065-UDP0065_L002_R1_001.fastq.gz;/ibex/project/c2014/EmptyQuarter_Data/soil/amplicon_16S/novaseq_14_07_25/raw_reads/M-25-0339_14Dr1_UDP0065-UDP0065_L002_R2_001.fastq.gz
50Dr1	/ibex/project/c2014/EmptyQuarter_Data/soil/amplicon_16S/novaseq_14_07_25/raw_reads/M-25-0495_50Dr1_UDP0275-UDP0275_L002_R1_001.fastq.gz;/ibex/project/c2014/EmptyQuarter_Data/soil/amplicon_16S/novaseq_14_07_25/raw_reads/M-25-0495_50Dr1_UDP0275-UDP0275_L002_R2_001.fastq.gz
S51PRr1	/ibex/project/c2014/EmptyQuarter_Data/soil/amplicon_16S/novaseq_14_07_25/raw_reads/M-25-0645_S51PRr1_SU0175-SU0175_L002_R1_001.fastq.gz;/ibex/project/c2014/EmptyQuarter_Data/soil/amplicon_16S/novaseq_14_07_25/raw_reads/M-25-0645_S51PRr1_SU0175-SU0175_L002_R2_001.fastq.gz
S10PRr1	/ibex/project/c2014/EmptyQuarter_Data/soil/amplicon_16S/novaseq_14_07_25/raw_reads/M-25-0742_S10PRr1_SU0212-SU0212_L002_R1_001.fastq.gz;/ibex/project/c2014/EmptyQuarter_Data/soil/amplicon_16S/novaseq_14_07_25/raw_reads/M-25-0742_S10PRr1_SU0212-SU0212_L002_R2_001.fastq.gz
50PRr1	/ibex/project/c2014/EmptyQuarter_Data/soil/amplicon_16S/novaseq_14_07_25/raw_reads/M-25-0921_50PRr1_UDP0358-UDP0358_L002_R1_001.fastq.gz;/ibex/project/c2014/EmptyQuarter_Data/soil/amplicon_16S/novaseq_14_07_25/raw_reads/M-25-0921_50PRr1_UDP0358-UDP0358_L002_R2_001.fastq.gz
33Sr1	/ibex/project/c2014/EmptyQuarter_Data/soil/amplicon_16S/novaseq_14_07_25/raw_reads/M-25-0431_33Sr1_UDP0180-UDP0180_L002_R1_001.fastq.gz;/ibex/project/c2014/EmptyQuarter_Data/soil/amplicon_16S/novaseq_14_07_25/raw_reads/M-25-0431_33Sr1_UDP0180-UDP0180_L002_R2_001.fastq.gz
22Sr1	/ibex/project/c2014/EmptyQuarter_Data/soil/amplicon_16S/novaseq_14_07_25/raw_reads/M-25-0895_22Sr1_UDP0324-UDP0324_L002_R1_001.fastq.gz;/ibex/project/c2014/EmptyQuarter_Data/soil/amplicon_16S/novaseq_14_07_25/raw_reads/M-25-0895_22Sr1_UDP0324-UDP0324_L002_R2_001.fastq.gz
32Dr3	/ibex/project/c2014/EmptyQuarter_Data/soil/amplicon_16S/novaseq_14_07_25/raw_reads/M-25-0847_32Dr3_SU0366-SU0366_L002_R1_001.fastq.gz;/ibex/project/c2014/EmptyQuarter_Data/soil/amplicon_16S/novaseq_14_07_25/raw_reads/M-25-0847_32Dr3_SU0366-SU0366_L002_R2_001.fastq.gz
54PRr1	/ibex/project/c2014/EmptyQuarter_Data/soil/amplicon_16S/novaseq_14_07_25/raw_reads/M-25-0507_54PRr1_UDP0306-UDP0306_L002_R1_001.fastq.gz;/ibex/project/c2014/EmptyQuarter_Data/soil/amplicon_16S/novaseq_14_07_25/raw_reads/M-25-0507_54PRr1_UDP0306-UDP0306_L002_R2_001.fastq.gz
30Sr2	/ibex/project/c2014/EmptyQuarter_Data/soil/amplicon_16S/novaseq_14_07_25/raw_reads/M-25-0845_30Sr2_SU0342-SU0342_L002_R1_001.fastq.gz;/ibex/project/c2014/EmptyQuarter_Data/soil/amplicon_16S/novaseq_14_07_25/raw_reads/M-25-0845_30Sr2_SU0342-SU0342_L002_R2_001.fastq.gz
6Dr1	/ibex/project/c2014/EmptyQuarter_Data/soil/amplicon_16S/novaseq_14_07_25/raw_reads/M-25-0540_6Dr1_UDP0027-UDP0027_L002_R1_001.fastq.gz;/ibex/project/c2014/EmptyQuarter_Data/soil/amplicon_16S/novaseq_14_07_25/raw_reads/M-25-0540_6Dr1_UDP0027-UDP0027_L002_R2_001.fastq.gz
12PRr3	/ibex/project/c2014/EmptyQuarter_Data/soil/amplicon_16S/novaseq_14_07_25/raw_reads/M-25-0333_12PRr3_UDP0060-UDP0060_L002_R1_001.fastq.gz;/ibex/project/c2014/EmptyQuarter_Data/soil/amplicon_16S/novaseq_14_07_25/raw_reads/M-25-0333_12PRr3_UDP0060-UDP0060_L002_R2_001.fastq.gz
29Sr2	/ibex/project/c2014/EmptyQuarter_Data/soil/amplicon_16S/novaseq_14_07_25/raw_reads/M-25-0902_29Sr2_UDP0335-UDP0335_L002_R1_001.fastq.gz;/ibex/project/c2014/EmptyQuarter_Data/soil/amplicon_16S/novaseq_14_07_25/raw_reads/M-25-0902_29Sr2_UDP0335-UDP0335_L002_R2_001.fastq.gz
8PRr2	/ibex/project/c2014/EmptyQuarter_Data/soil/amplicon_16S/novaseq_14_07_25/raw_reads/M-25-0824_8PRr2_SU0351-SU0351_L002_R1_001.fastq.gz;/ibex/project/c2014/EmptyQuarter_Data/soil/amplicon_16S/novaseq_14_07_25/raw_reads/M-25-0824_8PRr2_SU0351-SU0351_L002_R2_001.fastq.gz
S32Dr1	/ibex/project/c2014/EmptyQuarter_Data/soil/amplicon_16S/novaseq_14_07_25/raw_reads/M-25-0729_S32Dr1_SU0070-SU0070_L002_R1_001.fastq.gz;/ibex/project/c2014/EmptyQuarter_Data/soil/amplicon_16S/novaseq_14_07_25/raw_reads/M-25-0729_S32Dr1_SU0070-SU0070_L002_R2_001.fastq.gz
29PRr2	/ibex/project/c2014/EmptyQuarter_Data/soil/amplicon_16S/novaseq_14_07_25/raw_reads/M-25-0901_29PRr2_UDP0334-UDP0334_L002_R1_001.fastq.gz;/ibex/project/c2014/EmptyQuarter_Data/soil/amplicon_16S/novaseq_14_07_25/raw_reads/M-25-0901_29PRr2_UDP0334-UDP0334_L002_R2_001.fastq.gz
23Dr1	/ibex/project/c2014/EmptyQuarter_Data/soil/amplicon_16S/novaseq_14_07_25/raw_reads/M-25-0380_23Dr1_UDP0116-UDP0116_L002_R1_001.fastq.gz;/ibex/project/c2014/EmptyQuarter_Data/soil/amplicon_16S/novaseq_14_07_25/raw_reads/M-25-0380_23Dr1_UDP0116-UDP0116_L002_R2_001.fastq.gz
54PRr2	/ibex/project/c2014/EmptyQuarter_Data/soil/amplicon_16S/novaseq_14_07_25/raw_reads/M-25-0508_54PRr2_UDP0307-UDP0307_L002_R1_001.fastq.gz;/ibex/project/c2014/EmptyQuarter_Data/soil/amplicon_16S/novaseq_14_07_25/raw_reads/M-25-0508_54PRr2_UDP0307-UDP0307_L002_R2_001.fastq.gz
18Sr1	/ibex/project/c2014/EmptyQuarter_Data/soil/amplicon_16S/novaseq_14_07_25/raw_reads/M-25-0361_18Sr1_UDP0092-UDP0092_L002_R1_001.fastq.gz;/ibex/project/c2014/EmptyQuarter_Data/soil/amplicon_16S/novaseq_14_07_25/raw_reads/M-25-0361_18Sr1_UDP0092-UDP0092_L002_R2_001.fastq.gz
F31Sr2	/ibex/project/c2014/EmptyQuarter_Data/soil/amplicon_16S/novaseq_14_07_25/raw_reads/M-25-0778_F31Sr2_SU0521-SU0521_L002_R1_001.fastq.gz;/ibex/project/c2014/EmptyQuarter_Data/soil/amplicon_16S/novaseq_14_07_25/raw_reads/M-25-0778_F31Sr2_SU0521-SU0521_L002_R2_001.fastq.gz
25D-6	/ibex/project/c2014/EmptyQuarter_Data/soil/amplicon_16S/novaseq_14_07_25/raw_reads/M-25-0582_25D-6_SU0633-SU0633_L002_R1_001.fastq.gz;/ibex/project/c2014/EmptyQuarter_Data/soil/amplicon_16S/novaseq_14_07_25/raw_reads/M-25-0582_25D-6_SU0633-SU0633_L002_R2_001.fastq.gz
34PRr3	/ibex/project/c2014/EmptyQuarter_Data/soil/amplicon_16S/novaseq_14_07_25/raw_reads/M-25-0434_34PRr3_UDP0189-UDP0189_L002_R1_001.fastq.gz;/ibex/project/c2014/EmptyQuarter_Data/soil/amplicon_16S/novaseq_14_07_25/raw_reads/M-25-0434_34PRr3_UDP0189-UDP0189_L002_R2_001.fastq.gz
S7Sr1	/ibex/project/c2014/EmptyQuarter_Data/soil/amplicon_16S/novaseq_14_07_25/raw_reads/M-25-0713_S7Sr1_SU0244-SU0244_L002_R1_001.fastq.gz;/ibex/project/c2014/EmptyQuarter_Data/soil/amplicon_16S/novaseq_14_07_25/raw_reads/M-25-0713_S7Sr1_SU0244-SU0244_L002_R2_001.fastq.gz
63PRr3	/ibex/project/c2014/EmptyQuarter_Data/soil/amplicon_16S/novaseq_14_07_25/raw_reads/M-25-0532_63PRr3_UDP0362-UDP0362_L002_R1_001.fastq.gz;/ibex/project/c2014/EmptyQuarter_Data/soil/amplicon_16S/novaseq_14_07_25/raw_reads/M-25-0532_63PRr3_UDP0362-UDP0362_L002_R2_001.fastq.gz
28PRr1	/ibex/project/c2014/EmptyQuarter_Data/soil/amplicon_16S/novaseq_14_07_25/raw_reads/M-25-0844_28PRr1_SU0330-SU0330_L002_R1_001.fastq.gz;/ibex/project/c2014/EmptyQuarter_Data/soil/amplicon_16S/novaseq_14_07_25/raw_reads/M-25-0844_28PRr1_SU0330-SU0330_L002_R2_001.fastq.gz
59-MR-WR2	/ibex/project/c2014/EmptyQuarter_Data/soil/amplicon_16S/novaseq_14_07_25/raw_reads/M-25-0567_59-MR-WR2_SU0039-SU0039_L002_R1_001.fastq.gz;/ibex/project/c2014/EmptyQuarter_Data/soil/amplicon_16S/novaseq_14_07_25/raw_reads/M-25-0567_59-MR-WR2_SU0039-SU0039_L002_R2_001.fastq.gz
34Dr2	/ibex/project/c2014/EmptyQuarter_Data/soil/amplicon_16S/novaseq_14_07_25/raw_reads/M-25-0432_34Dr2_UDP0184-UDP0184_L002_R1_001.fastq.gz;/ibex/project/c2014/EmptyQuarter_Data/soil/amplicon_16S/novaseq_14_07_25/raw_reads/M-25-0432_34Dr2_UDP0184-UDP0184_L002_R2_001.fastq.gz
1Dr3	/ibex/project/c2014/EmptyQuarter_Data/soil/amplicon_16S/novaseq_14_07_25/raw_reads/M-25-0805_1Dr3_SU0289-SU0289_L002_R1_001.fastq.gz;/ibex/project/c2014/EmptyQuarter_Data/soil/amplicon_16S/novaseq_14_07_25/raw_reads/M-25-0805_1Dr3_SU0289-SU0289_L002_R2_001.fastq.gz
F57Dr1	/ibex/project/c2014/EmptyQuarter_Data/soil/amplicon_16S/novaseq_14_07_25/raw_reads/M-25-0794_F57Dr1_SU0043-SU0043_L002_R1_001.fastq.gz;/ibex/project/c2014/EmptyQuarter_Data/soil/amplicon_16S/novaseq_14_07_25/raw_reads/M-25-0794_F57Dr1_SU0043-SU0043_L002_R2_001.fastq.gz
T6PRr2	/ibex/project/c2014/EmptyQuarter_Data/soil/amplicon_16S/novaseq_14_07_25/raw_reads/M-25-0866_T6PRr2_SU0358-SU0358_L002_R1_001.fastq.gz;/ibex/project/c2014/EmptyQuarter_Data/soil/amplicon_16S/novaseq_14_07_25/raw_reads/M-25-0866_T6PRr2_SU0358-SU0358_L002_R2_001.fastq.gz
F57Sr3	/ibex/project/c2014/EmptyQuarter_Data/soil/amplicon_16S/novaseq_14_07_25/raw_reads/M-25-0795_F57Sr3_SU0055-SU0055_L002_R1_001.fastq.gz;/ibex/project/c2014/EmptyQuarter_Data/soil/amplicon_16S/novaseq_14_07_25/raw_reads/M-25-0795_F57Sr3_SU0055-SU0055_L002_R2_001.fastq.gz
7Sr1	/ibex/project/c2014/EmptyQuarter_Data/soil/amplicon_16S/novaseq_14_07_25/raw_reads/M-25-0543_7Sr1_UDP0031-UDP0031_L002_R1_001.fastq.gz;/ibex/project/c2014/EmptyQuarter_Data/soil/amplicon_16S/novaseq_14_07_25/raw_reads/M-25-0543_7Sr1_UDP0031-UDP0031_L002_R2_001.fastq.gz
S23Sr1	/ibex/project/c2014/EmptyQuarter_Data/soil/amplicon_16S/novaseq_14_07_25/raw_reads/M-25-0701_S23Sr1_SU0195-SU0195_L002_R1_001.fastq.gz;/ibex/project/c2014/EmptyQuarter_Data/soil/amplicon_16S/novaseq_14_07_25/raw_reads/M-25-0701_S23Sr1_SU0195-SU0195_L002_R2_001.fastq.gz
57PRr3	/ibex/project/c2014/EmptyQuarter_Data/soil/amplicon_16S/novaseq_14_07_25/raw_reads/M-25-0521_57PRr3_UDP0325-UDP0325_L002_R1_001.fastq.gz;/ibex/project/c2014/EmptyQuarter_Data/soil/amplicon_16S/novaseq_14_07_25/raw_reads/M-25-0521_57PRr3_UDP0325-UDP0325_L002_R2_001.fastq.gz
S6Dr1	/ibex/project/c2014/EmptyQuarter_Data/soil/amplicon_16S/novaseq_14_07_25/raw_reads/M-25-0687_S6Dr1_SU0217-SU0217_L002_R1_001.fastq.gz;/ibex/project/c2014/EmptyQuarter_Data/soil/amplicon_16S/novaseq_14_07_25/raw_reads/M-25-0687_S6Dr1_SU0217-SU0217_L002_R2_001.fastq.gz
7Dr1	/ibex/project/c2014/EmptyQuarter_Data/soil/amplicon_16S/novaseq_14_07_25/raw_reads/M-25-0819_7Dr1_SU0362-SU0362_L002_R1_001.fastq.gz;/ibex/project/c2014/EmptyQuarter_Data/soil/amplicon_16S/novaseq_14_07_25/raw_reads/M-25-0819_7Dr1_SU0362-SU0362_L002_R2_001.fastq.gz
28Sr1	/ibex/project/c2014/EmptyQuarter_Data/soil/amplicon_16S/novaseq_14_07_25/raw_reads/M-25-0843_28Sr1_SU0318-SU0318_L002_R1_001.fastq.gz;/ibex/project/c2014/EmptyQuarter_Data/soil/amplicon_16S/novaseq_14_07_25/raw_reads/M-25-0843_28Sr1_SU0318-SU0318_L002_R2_001.fastq.gz
43Sr1	/ibex/project/c2014/EmptyQuarter_Data/soil/amplicon_16S/novaseq_14_07_25/raw_reads/M-25-0913_43Sr1_UDP0348-UDP0348_L002_R1_001.fastq.gz;/ibex/project/c2014/EmptyQuarter_Data/soil/amplicon_16S/novaseq_14_07_25/raw_reads/M-25-0913_43Sr1_UDP0348-UDP0348_L002_R2_001.fastq.gz
35Sr1	/ibex/project/c2014/EmptyQuarter_Data/soil/amplicon_16S/novaseq_14_07_25/raw_reads/M-25-0909_35Sr1_UDP0344-UDP0344_L002_R1_001.fastq.gz;/ibex/project/c2014/EmptyQuarter_Data/soil/amplicon_16S/novaseq_14_07_25/raw_reads/M-25-0909_35Sr1_UDP0344-UDP0344_L002_R2_001.fastq.gz
F33Dr1	/ibex/project/c2014/EmptyQuarter_Data/soil/amplicon_16S/novaseq_14_07_25/raw_reads/M-25-0780_F33Dr1_SU0513-SU0513_L002_R1_001.fastq.gz;/ibex/project/c2014/EmptyQuarter_Data/soil/amplicon_16S/novaseq_14_07_25/raw_reads/M-25-0780_F33Dr1_SU0513-SU0513_L002_R2_001.fastq.gz
CW	/ibex/project/c2014/EmptyQuarter_Data/soil/amplicon_16S/novaseq_14_07_25/raw_reads/M-25-0565_CW_SU0421-SU0421_L002_R1_001.fastq.gz;/ibex/project/c2014/EmptyQuarter_Data/soil/amplicon_16S/novaseq_14_07_25/raw_reads/M-25-0565_CW_SU0421-SU0421_L002_R2_001.fastq.gz
S55PRr1	/ibex/project/c2014/EmptyQuarter_Data/soil/amplicon_16S/novaseq_14_07_25/raw_reads/M-25-0625_S55PRr1_SU0113-SU0113_L002_R1_001.fastq.gz;/ibex/project/c2014/EmptyQuarter_Data/soil/amplicon_16S/novaseq_14_07_25/raw_reads/M-25-0625_S55PRr1_SU0113-SU0113_L002_R2_001.fastq.gz
51PRr3	/ibex/project/c2014/EmptyQuarter_Data/soil/amplicon_16S/novaseq_14_07_25/raw_reads/M-25-0502_51PRr3_UDP0287-UDP0287_L002_R1_001.fastq.gz;/ibex/project/c2014/EmptyQuarter_Data/soil/amplicon_16S/novaseq_14_07_25/raw_reads/M-25-0502_51PRr3_UDP0287-UDP0287_L002_R2_001.fastq.gz
37Sr1	/ibex/project/c2014/EmptyQuarter_Data/soil/amplicon_16S/novaseq_14_07_25/raw_reads/M-25-0447_37Sr1_UDP0204-UDP0204_L002_R1_001.fastq.gz;/ibex/project/c2014/EmptyQuarter_Data/soil/amplicon_16S/novaseq_14_07_25/raw_reads/M-25-0447_37Sr1_UDP0204-UDP0204_L002_R2_001.fastq.gz
10Sr2	/ibex/project/c2014/EmptyQuarter_Data/soil/amplicon_16S/novaseq_14_07_25/raw_reads/M-25-0327_10Sr2_UDP0045-UDP0045_L002_R1_001.fastq.gz;/ibex/project/c2014/EmptyQuarter_Data/soil/amplicon_16S/novaseq_14_07_25/raw_reads/M-25-0327_10Sr2_UDP0045-UDP0045_L002_R2_001.fastq.gz
EB4	/ibex/project/c2014/EmptyQuarter_Data/soil/amplicon_16S/novaseq_14_07_25/raw_reads/M-25-0773_EB4_SU0252-SU0252_L002_R1_001.fastq.gz;/ibex/project/c2014/EmptyQuarter_Data/soil/amplicon_16S/novaseq_14_07_25/raw_reads/M-25-0773_EB4_SU0252-SU0252_L002_R2_001.fastq.gz
18Sr2	/ibex/project/c2014/EmptyQuarter_Data/soil/amplicon_16S/novaseq_14_07_25/raw_reads/M-25-0362_18Sr2_UDP0093-UDP0093_L002_R1_001.fastq.gz;/ibex/project/c2014/EmptyQuarter_Data/soil/amplicon_16S/novaseq_14_07_25/raw_reads/M-25-0362_18Sr2_UDP0093-UDP0093_L002_R2_001.fastq.gz
S8Dr1	/ibex/project/c2014/EmptyQuarter_Data/soil/amplicon_16S/novaseq_14_07_25/raw_reads/M-25-0677_S8Dr1_SU0179-SU0179_L002_R1_001.fastq.gz;/ibex/project/c2014/EmptyQuarter_Data/soil/amplicon_16S/novaseq_14_07_25/raw_reads/M-25-0677_S8Dr1_SU0179-SU0179_L002_R2_001.fastq.gz
18PRr1	/ibex/project/c2014/EmptyQuarter_Data/soil/amplicon_16S/novaseq_14_07_25/raw_reads/M-25-0359_18PRr1_UDP0094-UDP0094_L002_R1_001.fastq.gz;/ibex/project/c2014/EmptyQuarter_Data/soil/amplicon_16S/novaseq_14_07_25/raw_reads/M-25-0359_18PRr1_UDP0094-UDP0094_L002_R2_001.fastq.gz
S30PRr1	/ibex/project/c2014/EmptyQuarter_Data/soil/amplicon_16S/novaseq_14_07_25/raw_reads/M-25-0706_S30PRr1_SU0255-SU0255_L002_R1_001.fastq.gz;/ibex/project/c2014/EmptyQuarter_Data/soil/amplicon_16S/novaseq_14_07_25/raw_reads/M-25-0706_S30PRr1_SU0255-SU0255_L002_R2_001.fastq.gz
S29Dr1	/ibex/project/c2014/EmptyQuarter_Data/soil/amplicon_16S/novaseq_14_07_25/raw_reads/M-25-0705_S29Dr1_SU0243-SU0243_L002_R1_001.fastq.gz;/ibex/project/c2014/EmptyQuarter_Data/soil/amplicon_16S/novaseq_14_07_25/raw_reads/M-25-0705_S29Dr1_SU0243-SU0243_L002_R2_001.fastq.gz
33Sr2	/ibex/project/c2014/EmptyQuarter_Data/soil/amplicon_16S/novaseq_14_07_25/raw_reads/M-25-0906_33Sr2_UDP0340-UDP0340_L002_R1_001.fastq.gz;/ibex/project/c2014/EmptyQuarter_Data/soil/amplicon_16S/novaseq_14_07_25/raw_reads/M-25-0906_33Sr2_UDP0340-UDP0340_L002_R2_001.fastq.gz
S43Dr1	/ibex/project/c2014/EmptyQuarter_Data/soil/amplicon_16S/novaseq_14_07_25/raw_reads/M-25-0603_S43Dr1_SU0134-SU0134_L002_R1_001.fastq.gz;/ibex/project/c2014/EmptyQuarter_Data/soil/amplicon_16S/novaseq_14_07_25/raw_reads/M-25-0603_S43Dr1_SU0134-SU0134_L002_R2_001.fastq.gz
22Dr3	/ibex/project/c2014/EmptyQuarter_Data/soil/amplicon_16S/novaseq_14_07_25/raw_reads/M-25-0836_22Dr3_SU0317-SU0317_L002_R1_001.fastq.gz;/ibex/project/c2014/EmptyQuarter_Data/soil/amplicon_16S/novaseq_14_07_25/raw_reads/M-25-0836_22Dr3_SU0317-SU0317_L002_R2_001.fastq.gz
F59Sr3	/ibex/project/c2014/EmptyQuarter_Data/soil/amplicon_16S/novaseq_14_07_25/raw_reads/M-25-0800_F59Sr3_SU0091-SU0091_L002_R1_001.fastq.gz;/ibex/project/c2014/EmptyQuarter_Data/soil/amplicon_16S/novaseq_14_07_25/raw_reads/M-25-0800_F59Sr3_SU0091-SU0091_L002_R2_001.fastq.gz
2PRr1	/ibex/project/c2014/EmptyQuarter_Data/soil/amplicon_16S/novaseq_14_07_25/raw_reads/M-25-0809_2PRr1_SU0337-SU0337_L002_R1_001.fastq.gz;/ibex/project/c2014/EmptyQuarter_Data/soil/amplicon_16S/novaseq_14_07_25/raw_reads/M-25-0809_2PRr1_SU0337-SU0337_L002_R2_001.fastq.gz
42Sr1	/ibex/project/c2014/EmptyQuarter_Data/soil/amplicon_16S/novaseq_14_07_25/raw_reads/M-25-0468_42Sr1_UDP0232-UDP0232_L002_R1_001.fastq.gz;/ibex/project/c2014/EmptyQuarter_Data/soil/amplicon_16S/novaseq_14_07_25/raw_reads/M-25-0468_42Sr1_UDP0232-UDP0232_L002_R2_001.fastq.gz
T28D	/ibex/project/c2014/EmptyQuarter_Data/soil/amplicon_16S/novaseq_14_07_25/raw_reads/M-25-0577_T28D_SU0644-SU0644_L002_R1_001.fastq.gz;/ibex/project/c2014/EmptyQuarter_Data/soil/amplicon_16S/novaseq_14_07_25/raw_reads/M-25-0577_T28D_SU0644-SU0644_L002_R2_001.fastq.gz
S23PRr1	/ibex/project/c2014/EmptyQuarter_Data/soil/amplicon_16S/novaseq_14_07_25/raw_reads/M-25-0700_S23PRr1_SU0278-SU0278_L002_R1_001.fastq.gz;/ibex/project/c2014/EmptyQuarter_Data/soil/amplicon_16S/novaseq_14_07_25/raw_reads/M-25-0700_S23PRr1_SU0278-SU0278_L002_R2_001.fastq.gz
48Dr2	/ibex/project/c2014/EmptyQuarter_Data/soil/amplicon_16S/novaseq_14_07_25/raw_reads/M-25-0484_48Dr2_UDP0265-UDP0265_L002_R1_001.fastq.gz;/ibex/project/c2014/EmptyQuarter_Data/soil/amplicon_16S/novaseq_14_07_25/raw_reads/M-25-0484_48Dr2_UDP0265-UDP0265_L002_R2_001.fastq.gz
53PRr1	/ibex/project/c2014/EmptyQuarter_Data/soil/amplicon_16S/novaseq_14_07_25/raw_reads/M-25-0859_53PRr1_SU0297-SU0297_L002_R1_001.fastq.gz;/ibex/project/c2014/EmptyQuarter_Data/soil/amplicon_16S/novaseq_14_07_25/raw_reads/M-25-0859_53PRr1_SU0297-SU0297_L002_R2_001.fastq.gz
8Sr3	/ibex/project/c2014/EmptyQuarter_Data/soil/amplicon_16S/novaseq_14_07_25/raw_reads/M-25-0545_8Sr3_UDP0034-UDP0034_L002_R1_001.fastq.gz;/ibex/project/c2014/EmptyQuarter_Data/soil/amplicon_16S/novaseq_14_07_25/raw_reads/M-25-0545_8Sr3_UDP0034-UDP0034_L002_R2_001.fastq.gz
16Dr3	/ibex/project/c2014/EmptyQuarter_Data/soil/amplicon_16S/novaseq_14_07_25/raw_reads/M-25-0352_16Dr3_UDP0079-UDP0079_L002_R1_001.fastq.gz;/ibex/project/c2014/EmptyQuarter_Data/soil/amplicon_16S/novaseq_14_07_25/raw_reads/M-25-0352_16Dr3_UDP0079-UDP0079_L002_R2_001.fastq.gz
23Dr3	/ibex/project/c2014/EmptyQuarter_Data/soil/amplicon_16S/novaseq_14_07_25/raw_reads/M-25-0837_23Dr3_SU0329-SU0329_L002_R1_001.fastq.gz;/ibex/project/c2014/EmptyQuarter_Data/soil/amplicon_16S/novaseq_14_07_25/raw_reads/M-25-0837_23Dr3_SU0329-SU0329_L002_R2_001.fastq.gz
4Sr1	/ibex/project/c2014/EmptyQuarter_Data/soil/amplicon_16S/novaseq_14_07_25/raw_reads/M-25-0494_4Sr1_UDP0019-UDP0019_L002_R1_001.fastq.gz;/ibex/project/c2014/EmptyQuarter_Data/soil/amplicon_16S/novaseq_14_07_25/raw_reads/M-25-0494_4Sr1_UDP0019-UDP0019_L002_R2_001.fastq.gz
S18PRr1	/ibex/project/c2014/EmptyQuarter_Data/soil/amplicon_16S/novaseq_14_07_25/raw_reads/M-25-0876_S18PRr1_SU0324-SU0324_L002_R1_001.fastq.gz;/ibex/project/c2014/EmptyQuarter_Data/soil/amplicon_16S/novaseq_14_07_25/raw_reads/M-25-0876_S18PRr1_SU0324-SU0324_L002_R2_001.fastq.gz
51Dr1	/ibex/project/c2014/EmptyQuarter_Data/soil/amplicon_16S/novaseq_14_07_25/raw_reads/M-25-0500_51Dr1_UDP0281-UDP0281_L002_R1_001.fastq.gz;/ibex/project/c2014/EmptyQuarter_Data/soil/amplicon_16S/novaseq_14_07_25/raw_reads/M-25-0500_51Dr1_UDP0281-UDP0281_L002_R2_001.fastq.gz
S58PRr1	/ibex/project/c2014/EmptyQuarter_Data/soil/amplicon_16S/novaseq_14_07_25/raw_reads/M-25-0613_S58PRr1_SU0159-SU0159_L002_R1_001.fastq.gz;/ibex/project/c2014/EmptyQuarter_Data/soil/amplicon_16S/novaseq_14_07_25/raw_reads/M-25-0613_S58PRr1_SU0159-SU0159_L002_R2_001.fastq.gz
46Dr1	/ibex/project/c2014/EmptyQuarter_Data/soil/amplicon_16S/novaseq_14_07_25/raw_reads/M-25-0917_46Dr1_UDP0352-UDP0352_L002_R1_001.fastq.gz;/ibex/project/c2014/EmptyQuarter_Data/soil/amplicon_16S/novaseq_14_07_25/raw_reads/M-25-0917_46Dr1_UDP0352-UDP0352_L002_R2_001.fastq.gz
S21PRr1	/ibex/project/c2014/EmptyQuarter_Data/soil/amplicon_16S/novaseq_14_07_25/raw_reads/M-25-0718_S21PRr1_SU0209-SU0209_L002_R1_001.fastq.gz;/ibex/project/c2014/EmptyQuarter_Data/soil/amplicon_16S/novaseq_14_07_25/raw_reads/M-25-0718_S21PRr1_SU0209-SU0209_L002_R2_001.fastq.gz
11PRr3	/ibex/project/c2014/EmptyQuarter_Data/soil/amplicon_16S/novaseq_14_07_25/raw_reads/M-25-0330_11PRr3_UDP0054-UDP0054_L002_R1_001.fastq.gz;/ibex/project/c2014/EmptyQuarter_Data/soil/amplicon_16S/novaseq_14_07_25/raw_reads/M-25-0330_11PRr3_UDP0054-UDP0054_L002_R2_001.fastq.gz
1Dr1	/ibex/project/c2014/EmptyQuarter_Data/soil/amplicon_16S/novaseq_14_07_25/raw_reads/M-25-0364_1Dr1_UDP0001-UDP0001_L002_R1_001.fastq.gz;/ibex/project/c2014/EmptyQuarter_Data/soil/amplicon_16S/novaseq_14_07_25/raw_reads/M-25-0364_1Dr1_UDP0001-UDP0001_L002_R2_001.fastq.gz
S19Dr1	/ibex/project/c2014/EmptyQuarter_Data/soil/amplicon_16S/novaseq_14_07_25/raw_reads/M-25-0761_S19Dr1_SU0048-SU0048_L002_R1_001.fastq.gz;/ibex/project/c2014/EmptyQuarter_Data/soil/amplicon_16S/novaseq_14_07_25/raw_reads/M-25-0761_S19Dr1_SU0048-SU0048_L002_R2_001.fastq.gz
32PRr2	/ibex/project/c2014/EmptyQuarter_Data/soil/amplicon_16S/novaseq_14_07_25/raw_reads/M-25-0427_32PRr2_UDP0176-UDP0176_L002_R1_001.fastq.gz;/ibex/project/c2014/EmptyQuarter_Data/soil/amplicon_16S/novaseq_14_07_25/raw_reads/M-25-0427_32PRr2_UDP0176-UDP0176_L002_R2_001.fastq.gz
S35Sr1	/ibex/project/c2014/EmptyQuarter_Data/soil/amplicon_16S/novaseq_14_07_25/raw_reads/M-25-0599_S35Sr1_SU0181-SU0181_L002_R1_001.fastq.gz;/ibex/project/c2014/EmptyQuarter_Data/soil/amplicon_16S/novaseq_14_07_25/raw_reads/M-25-0599_S35Sr1_SU0181-SU0181_L002_R2_001.fastq.gz
S1Dr1	/ibex/project/c2014/EmptyQuarter_Data/soil/amplicon_16S/novaseq_14_07_25/raw_reads/M-25-0738_S1Dr1_SU0259-SU0259_L002_R1_001.fastq.gz;/ibex/project/c2014/EmptyQuarter_Data/soil/amplicon_16S/novaseq_14_07_25/raw_reads/M-25-0738_S1Dr1_SU0259-SU0259_L002_R2_001.fastq.gz
F60PRr1	/ibex/project/c2014/EmptyQuarter_Data/soil/amplicon_16S/novaseq_14_07_25/raw_reads/M-25-0801_F60PRr1_SU0008-SU0008_L002_R1_001.fastq.gz;/ibex/project/c2014/EmptyQuarter_Data/soil/amplicon_16S/novaseq_14_07_25/raw_reads/M-25-0801_F60PRr1_SU0008-SU0008_L002_R2_001.fastq.gz
S45Dr1	/ibex/project/c2014/EmptyQuarter_Data/soil/amplicon_16S/novaseq_14_07_25/raw_reads/M-25-0668_S45Dr1_SU0166-SU0166_L002_R1_001.fastq.gz;/ibex/project/c2014/EmptyQuarter_Data/soil/amplicon_16S/novaseq_14_07_25/raw_reads/M-25-0668_S45Dr1_SU0166-SU0166_L002_R2_001.fastq.gz
55PRr1	/ibex/project/c2014/EmptyQuarter_Data/soil/amplicon_16S/novaseq_14_07_25/raw_reads/M-25-0924_55PRr1_UDP0368-UDP0368_L002_R1_001.fastq.gz;/ibex/project/c2014/EmptyQuarter_Data/soil/amplicon_16S/novaseq_14_07_25/raw_reads/M-25-0924_55PRr1_UDP0368-UDP0368_L002_R2_001.fastq.gz
38Sr2	/ibex/project/c2014/EmptyQuarter_Data/soil/amplicon_16S/novaseq_14_07_25/raw_reads/M-25-0452_38Sr2_UDP0210-UDP0210_L002_R1_001.fastq.gz;/ibex/project/c2014/EmptyQuarter_Data/soil/amplicon_16S/novaseq_14_07_25/raw_reads/M-25-0452_38Sr2_UDP0210-UDP0210_L002_R2_001.fastq.gz
12Sr3	/ibex/project/c2014/EmptyQuarter_Data/soil/amplicon_16S/novaseq_14_07_25/raw_reads/M-25-0335_12Sr3_UDP0058-UDP0058_L002_R1_001.fastq.gz;/ibex/project/c2014/EmptyQuarter_Data/soil/amplicon_16S/novaseq_14_07_25/raw_reads/M-25-0335_12Sr3_UDP0058-UDP0058_L002_R2_001.fastq.gz
S13PRr1	/ibex/project/c2014/EmptyQuarter_Data/soil/amplicon_16S/novaseq_14_07_25/raw_reads/M-25-0616_S13PRr1_SU0100-SU0100_L002_R1_001.fastq.gz;/ibex/project/c2014/EmptyQuarter_Data/soil/amplicon_16S/novaseq_14_07_25/raw_reads/M-25-0616_S13PRr1_SU0100-SU0100_L002_R2_001.fastq.gz
29PRr1	/ibex/project/c2014/EmptyQuarter_Data/soil/amplicon_16S/novaseq_14_07_25/raw_reads/M-25-0411_29PRr1_UDP0157-UDP0157_L002_R1_001.fastq.gz;/ibex/project/c2014/EmptyQuarter_Data/soil/amplicon_16S/novaseq_14_07_25/raw_reads/M-25-0411_29PRr1_UDP0157-UDP0157_L002_R2_001.fastq.gz
30Dr1	/ibex/project/c2014/EmptyQuarter_Data/soil/amplicon_16S/novaseq_14_07_25/raw_reads/M-25-0418_30Dr1_UDP0160-UDP0160_L002_R1_001.fastq.gz;/ibex/project/c2014/EmptyQuarter_Data/soil/amplicon_16S/novaseq_14_07_25/raw_reads/M-25-0418_30Dr1_UDP0160-UDP0160_L002_R2_001.fastq.gz
Positive	/ibex/project/c2014/EmptyQuarter_Data/soil/amplicon_16S/novaseq_14_07_25/raw_reads/M-25-0874_Positive_SU0300-SU0300_L002_R1_001.fastq.gz;/ibex/project/c2014/EmptyQuarter_Data/soil/amplicon_16S/novaseq_14_07_25/raw_reads/M-25-0874_Positive_SU0300-SU0300_L002_R2_001.fastq.gz
52M	/ibex/project/c2014/EmptyQuarter_Data/soil/amplicon_16S/novaseq_14_07_25/raw_reads/M-25-0591_52M_SU0595-SU0595_L002_R1_001.fastq.gz;/ibex/project/c2014/EmptyQuarter_Data/soil/amplicon_16S/novaseq_14_07_25/raw_reads/M-25-0591_52M_SU0595-SU0595_L002_R2_001.fastq.gz
64Sr1	/ibex/project/c2014/EmptyQuarter_Data/soil/amplicon_16S/novaseq_14_07_25/raw_reads/M-25-0537_64Sr1_UDP0365-UDP0365_L002_R1_001.fastq.gz;/ibex/project/c2014/EmptyQuarter_Data/soil/amplicon_16S/novaseq_14_07_25/raw_reads/M-25-0537_64Sr1_UDP0365-UDP0365_L002_R2_001.fastq.gz
58Sr2	/ibex/project/c2014/EmptyQuarter_Data/soil/amplicon_16S/novaseq_14_07_25/raw_reads/M-25-0523_58Sr2_UDP0328-UDP0328_L002_R1_001.fastq.gz;/ibex/project/c2014/EmptyQuarter_Data/soil/amplicon_16S/novaseq_14_07_25/raw_reads/M-25-0523_58Sr2_UDP0328-UDP0328_L002_R2_001.fastq.gz
S6PRr1	/ibex/project/c2014/EmptyQuarter_Data/soil/amplicon_16S/novaseq_14_07_25/raw_reads/M-25-0685_S6PRr1_SU0193-SU0193_L002_R1_001.fastq.gz;/ibex/project/c2014/EmptyQuarter_Data/soil/amplicon_16S/novaseq_14_07_25/raw_reads/M-25-0685_S6PRr1_SU0193-SU0193_L002_R2_001.fastq.gz
8PRr3	/ibex/project/c2014/EmptyQuarter_Data/soil/amplicon_16S/novaseq_14_07_25/raw_reads/M-25-0883_8PRr3_UDP0298-UDP0298_L002_R1_001.fastq.gz;/ibex/project/c2014/EmptyQuarter_Data/soil/amplicon_16S/novaseq_14_07_25/raw_reads/M-25-0883_8PRr3_UDP0298-UDP0298_L002_R2_001.fastq.gz
T8Dr1	/ibex/project/c2014/EmptyQuarter_Data/soil/amplicon_16S/novaseq_14_07_25/raw_reads/M-25-0868_T8Dr1_SU0299-SU0299_L002_R1_001.fastq.gz;/ibex/project/c2014/EmptyQuarter_Data/soil/amplicon_16S/novaseq_14_07_25/raw_reads/M-25-0868_T8Dr1_SU0299-SU0299_L002_R2_001.fastq.gz
47PRr1	/ibex/project/c2014/EmptyQuarter_Data/soil/amplicon_16S/novaseq_14_07_25/raw_reads/M-25-0482_47PRr1_UDP0263-UDP0263_L002_R1_001.fastq.gz;/ibex/project/c2014/EmptyQuarter_Data/soil/amplicon_16S/novaseq_14_07_25/raw_reads/M-25-0482_47PRr1_UDP0263-UDP0263_L002_R2_001.fastq.gz
11PRr2	/ibex/project/c2014/EmptyQuarter_Data/soil/amplicon_16S/novaseq_14_07_25/raw_reads/M-25-0886_11PRr2_UDP0302-UDP0302_L002_R1_001.fastq.gz;/ibex/project/c2014/EmptyQuarter_Data/soil/amplicon_16S/novaseq_14_07_25/raw_reads/M-25-0886_11PRr2_UDP0302-UDP0302_L002_R2_001.fastq.gz
S17PRr1	/ibex/project/c2014/EmptyQuarter_Data/soil/amplicon_16S/novaseq_14_07_25/raw_reads/M-25-0697_S17PRr1_SU0242-SU0242_L002_R1_001.fastq.gz;/ibex/project/c2014/EmptyQuarter_Data/soil/amplicon_16S/novaseq_14_07_25/raw_reads/M-25-0697_S17PRr1_SU0242-SU0242_L002_R2_001.fastq.gz
S60Sr1	/ibex/project/c2014/EmptyQuarter_Data/soil/amplicon_16S/novaseq_14_07_25/raw_reads/M-25-0658_S60Sr1_SU0141-SU0141_L002_R1_001.fastq.gz;/ibex/project/c2014/EmptyQuarter_Data/soil/amplicon_16S/novaseq_14_07_25/raw_reads/M-25-0658_S60Sr1_SU0141-SU0141_L002_R2_001.fastq.gz
42Sr2	/ibex/project/c2014/EmptyQuarter_Data/soil/amplicon_16S/novaseq_14_07_25/raw_reads/M-25-0469_42Sr2_UDP0233-UDP0233_L002_R1_001.fastq.gz;/ibex/project/c2014/EmptyQuarter_Data/soil/amplicon_16S/novaseq_14_07_25/raw_reads/M-25-0469_42Sr2_UDP0233-UDP0233_L002_R2_001.fastq.gz
S23Dr1	/ibex/project/c2014/EmptyQuarter_Data/soil/amplicon_16S/novaseq_14_07_25/raw_reads/M-25-0702_S23Dr1_SU0033-SU0033_L002_R1_001.fastq.gz;/ibex/project/c2014/EmptyQuarter_Data/soil/amplicon_16S/novaseq_14_07_25/raw_reads/M-25-0702_S23Dr1_SU0033-SU0033_L002_R2_001.fastq.gz
S4PRr1	/ibex/project/c2014/EmptyQuarter_Data/soil/amplicon_16S/novaseq_14_07_25/raw_reads/M-25-0672_S4PRr1_SU0119-SU0119_L002_R1_001.fastq.gz;/ibex/project/c2014/EmptyQuarter_Data/soil/amplicon_16S/novaseq_14_07_25/raw_reads/M-25-0672_S4PRr1_SU0119-SU0119_L002_R2_001.fastq.gz
S39Dr1	/ibex/project/c2014/EmptyQuarter_Data/soil/amplicon_16S/novaseq_14_07_25/raw_reads/M-25-0732_S39Dr1_SU0282-SU0282_L002_R1_001.fastq.gz;/ibex/project/c2014/EmptyQuarter_Data/soil/amplicon_16S/novaseq_14_07_25/raw_reads/M-25-0732_S39Dr1_SU0282-SU0282_L002_R2_001.fastq.gz
25D-3	/ibex/project/c2014/EmptyQuarter_Data/soil/amplicon_16S/novaseq_14_07_25/raw_reads/M-25-0579_25D-3_SU0597-SU0597_L002_R1_001.fastq.gz;/ibex/project/c2014/EmptyQuarter_Data/soil/amplicon_16S/novaseq_14_07_25/raw_reads/M-25-0579_25D-3_SU0597-SU0597_L002_R2_001.fastq.gz
56Sr3	/ibex/project/c2014/EmptyQuarter_Data/soil/amplicon_16S/novaseq_14_07_25/raw_reads/M-25-0519_56Sr3_UDP0319-UDP0319_L002_R1_001.fastq.gz;/ibex/project/c2014/EmptyQuarter_Data/soil/amplicon_16S/novaseq_14_07_25/raw_reads/M-25-0519_56Sr3_UDP0319-UDP0319_L002_R2_001.fastq.gz
2Dr1	/ibex/project/c2014/EmptyQuarter_Data/soil/amplicon_16S/novaseq_14_07_25/raw_reads/M-25-0414_2Dr1_UDP0008-UDP0008_L002_R1_001.fastq.gz;/ibex/project/c2014/EmptyQuarter_Data/soil/amplicon_16S/novaseq_14_07_25/raw_reads/M-25-0414_2Dr1_UDP0008-UDP0008_L002_R2_001.fastq.gz
S28Sr1	/ibex/project/c2014/EmptyQuarter_Data/soil/amplicon_16S/novaseq_14_07_25/raw_reads/M-25-0596_S28Sr1_SU0145-SU0145_L002_R1_001.fastq.gz;/ibex/project/c2014/EmptyQuarter_Data/soil/amplicon_16S/novaseq_14_07_25/raw_reads/M-25-0596_S28Sr1_SU0145-SU0145_L002_R2_001.fastq.gz
50Sr1	/ibex/project/c2014/EmptyQuarter_Data/soil/amplicon_16S/novaseq_14_07_25/raw_reads/M-25-0498_50Sr1_UDP0277-UDP0277_L002_R1_001.fastq.gz;/ibex/project/c2014/EmptyQuarter_Data/soil/amplicon_16S/novaseq_14_07_25/raw_reads/M-25-0498_50Sr1_UDP0277-UDP0277_L002_R2_001.fastq.gz
46PRr1	/ibex/project/c2014/EmptyQuarter_Data/soil/amplicon_16S/novaseq_14_07_25/raw_reads/M-25-0478_46PRr1_UDP0258V2-UDP0258V2_L002_R1_001.fastq.gz;/ibex/project/c2014/EmptyQuarter_Data/soil/amplicon_16S/novaseq_14_07_25/raw_reads/M-25-0478_46PRr1_UDP0258V2-UDP0258V2_L002_R2_001.fastq.gz
43Sr2	/ibex/project/c2014/EmptyQuarter_Data/soil/amplicon_16S/novaseq_14_07_25/raw_reads/M-25-0473_43Sr2_UDP0239-UDP0239_L002_R1_001.fastq.gz;/ibex/project/c2014/EmptyQuarter_Data/soil/amplicon_16S/novaseq_14_07_25/raw_reads/M-25-0473_43Sr2_UDP0239-UDP0239_L002_R2_001.fastq.gz
3Dr2	/ibex/project/c2014/EmptyQuarter_Data/soil/amplicon_16S/novaseq_14_07_25/raw_reads/M-25-0457_3Dr2_UDP0012-UDP0012_L002_R1_001.fastq.gz;/ibex/project/c2014/EmptyQuarter_Data/soil/amplicon_16S/novaseq_14_07_25/raw_reads/M-25-0457_3Dr2_UDP0012-UDP0012_L002_R2_001.fastq.gz
S45PRr1	/ibex/project/c2014/EmptyQuarter_Data/soil/amplicon_16S/novaseq_14_07_25/raw_reads/M-25-0666_S45PRr1_SU0142-SU0142_L002_R1_001.fastq.gz;/ibex/project/c2014/EmptyQuarter_Data/soil/amplicon_16S/novaseq_14_07_25/raw_reads/M-25-0666_S45PRr1_SU0142-SU0142_L002_R2_001.fastq.gz
2Sr1	/ibex/project/c2014/EmptyQuarter_Data/soil/amplicon_16S/novaseq_14_07_25/raw_reads/M-25-0808_2Sr1_SU0325-SU0325_L002_R1_001.fastq.gz;/ibex/project/c2014/EmptyQuarter_Data/soil/amplicon_16S/novaseq_14_07_25/raw_reads/M-25-0808_2Sr1_SU0325-SU0325_L002_R2_001.fastq.gz
S56Dr1	/ibex/project/c2014/EmptyQuarter_Data/soil/amplicon_16S/novaseq_14_07_25/raw_reads/M-25-0653_S56Dr1_SU0176-SU0176_L002_R1_001.fastq.gz;/ibex/project/c2014/EmptyQuarter_Data/soil/amplicon_16S/novaseq_14_07_25/raw_reads/M-25-0653_S56Dr1_SU0176-SU0176_L002_R2_001.fastq.gz
45Dr1	/ibex/project/c2014/EmptyQuarter_Data/soil/amplicon_16S/novaseq_14_07_25/raw_reads/M-25-0915_45Dr1_UDP0350-UDP0350_L002_R1_001.fastq.gz;/ibex/project/c2014/EmptyQuarter_Data/soil/amplicon_16S/novaseq_14_07_25/raw_reads/M-25-0915_45Dr1_UDP0350-UDP0350_L002_R2_001.fastq.gz
S46Dr1	/ibex/project/c2014/EmptyQuarter_Data/soil/amplicon_16S/novaseq_14_07_25/raw_reads/M-25-0609_S46Dr1_SU0111-SU0111_L002_R1_001.fastq.gz;/ibex/project/c2014/EmptyQuarter_Data/soil/amplicon_16S/novaseq_14_07_25/raw_reads/M-25-0609_S46Dr1_SU0111-SU0111_L002_R2_001.fastq.gz
13Dr3	/ibex/project/c2014/EmptyQuarter_Data/soil/amplicon_16S/novaseq_14_07_25/raw_reads/M-25-0337_13Dr3_UDP0062-UDP0062_L002_R1_001.fastq.gz;/ibex/project/c2014/EmptyQuarter_Data/soil/amplicon_16S/novaseq_14_07_25/raw_reads/M-25-0337_13Dr3_UDP0062-UDP0062_L002_R2_001.fastq.gz
22PRr1	/ibex/project/c2014/EmptyQuarter_Data/soil/amplicon_16S/novaseq_14_07_25/raw_reads/M-25-0378_22PRr1_UDP0114-UDP0114_L002_R1_001.fastq.gz;/ibex/project/c2014/EmptyQuarter_Data/soil/amplicon_16S/novaseq_14_07_25/raw_reads/M-25-0378_22PRr1_UDP0114-UDP0114_L002_R2_001.fastq.gz
T29S	/ibex/project/c2014/EmptyQuarter_Data/soil/amplicon_16S/novaseq_14_07_25/raw_reads/M-25-0578_T29S_SU0656-SU0656_L002_R1_001.fastq.gz;/ibex/project/c2014/EmptyQuarter_Data/soil/amplicon_16S/novaseq_14_07_25/raw_reads/M-25-0578_T29S_SU0656-SU0656_L002_R2_001.fastq.gz
22PRr3	/ibex/project/c2014/EmptyQuarter_Data/soil/amplicon_16S/novaseq_14_07_25/raw_reads/M-25-0379_22PRr3_UDP0115-UDP0115_L002_R1_001.fastq.gz;/ibex/project/c2014/EmptyQuarter_Data/soil/amplicon_16S/novaseq_14_07_25/raw_reads/M-25-0379_22PRr3_UDP0115-UDP0115_L002_R2_001.fastq.gz
S52PRr1	/ibex/project/c2014/EmptyQuarter_Data/soil/amplicon_16S/novaseq_14_07_25/raw_reads/M-25-0756_S52PRr1_SU0083-SU0083_L002_R1_001.fastq.gz;/ibex/project/c2014/EmptyQuarter_Data/soil/amplicon_16S/novaseq_14_07_25/raw_reads/M-25-0756_S52PRr1_SU0083-SU0083_L002_R2_001.fastq.gz
S4Dr1	/ibex/project/c2014/EmptyQuarter_Data/soil/amplicon_16S/novaseq_14_07_25/raw_reads/M-25-0674_S4Dr1_SU0143-SU0143_L002_R1_001.fastq.gz;/ibex/project/c2014/EmptyQuarter_Data/soil/amplicon_16S/novaseq_14_07_25/raw_reads/M-25-0674_S4Dr1_SU0143-SU0143_L002_R2_001.fastq.gz
8Sr2	/ibex/project/c2014/EmptyQuarter_Data/soil/amplicon_16S/novaseq_14_07_25/raw_reads/M-25-0822_8Sr2_SU0327-SU0327_L002_R1_001.fastq.gz;/ibex/project/c2014/EmptyQuarter_Data/soil/amplicon_16S/novaseq_14_07_25/raw_reads/M-25-0822_8Sr2_SU0327-SU0327_L002_R2_001.fastq.gz
63Sr3	/ibex/project/c2014/EmptyQuarter_Data/soil/amplicon_16S/novaseq_14_07_25/raw_reads/M-25-0533_63Sr3_UDP0359-UDP0359_L002_R1_001.fastq.gz;/ibex/project/c2014/EmptyQuarter_Data/soil/amplicon_16S/novaseq_14_07_25/raw_reads/M-25-0533_63Sr3_UDP0359-UDP0359_L002_R2_001.fastq.gz
54Dr1	/ibex/project/c2014/EmptyQuarter_Data/soil/amplicon_16S/novaseq_14_07_25/raw_reads/M-25-0922_54Dr1_UDP0360-UDP0360_L002_R1_001.fastq.gz;/ibex/project/c2014/EmptyQuarter_Data/soil/amplicon_16S/novaseq_14_07_25/raw_reads/M-25-0922_54Dr1_UDP0360-UDP0360_L002_R2_001.fastq.gz
36Sr3	/ibex/project/c2014/EmptyQuarter_Data/soil/amplicon_16S/novaseq_14_07_25/raw_reads/M-25-0442_36Sr3_UDP0199-UDP0199_L002_R1_001.fastq.gz;/ibex/project/c2014/EmptyQuarter_Data/soil/amplicon_16S/novaseq_14_07_25/raw_reads/M-25-0442_36Sr3_UDP0199-UDP0199_L002_R2_001.fastq.gz
S11Sr1	/ibex/project/c2014/EmptyQuarter_Data/soil/amplicon_16S/novaseq_14_07_25/raw_reads/M-25-0679_S11Sr1_SU0108-SU0108_L002_R1_001.fastq.gz;/ibex/project/c2014/EmptyQuarter_Data/soil/amplicon_16S/novaseq_14_07_25/raw_reads/M-25-0679_S11Sr1_SU0108-SU0108_L002_R2_001.fastq.gz
F52Sr2	/ibex/project/c2014/EmptyQuarter_Data/soil/amplicon_16S/novaseq_14_07_25/raw_reads/M-25-0790_F52Sr2_SU0574-SU0574_L002_R1_001.fastq.gz;/ibex/project/c2014/EmptyQuarter_Data/soil/amplicon_16S/novaseq_14_07_25/raw_reads/M-25-0790_F52Sr2_SU0574-SU0574_L002_R2_001.fastq.gz
32PRr1	/ibex/project/c2014/EmptyQuarter_Data/soil/amplicon_16S/novaseq_14_07_25/raw_reads/M-25-0903_32PRr1_UDP0337-UDP0337_L002_R1_001.fastq.gz;/ibex/project/c2014/EmptyQuarter_Data/soil/amplicon_16S/novaseq_14_07_25/raw_reads/M-25-0903_32PRr1_UDP0337-UDP0337_L002_R2_001.fastq.gz
S57PRr1	/ibex/project/c2014/EmptyQuarter_Data/soil/amplicon_16S/novaseq_14_07_25/raw_reads/M-25-0654_S57PRr1_SU0188-SU0188_L002_R1_001.fastq.gz;/ibex/project/c2014/EmptyQuarter_Data/soil/amplicon_16S/novaseq_14_07_25/raw_reads/M-25-0654_S57PRr1_SU0188-SU0188_L002_R2_001.fastq.gz
17Sr1	/ibex/project/c2014/EmptyQuarter_Data/soil/amplicon_16S/novaseq_14_07_25/raw_reads/M-25-0830_17Sr1_SU0340-SU0340_L002_R1_001.fastq.gz;/ibex/project/c2014/EmptyQuarter_Data/soil/amplicon_16S/novaseq_14_07_25/raw_reads/M-25-0830_17Sr1_SU0340-SU0340_L002_R2_001.fastq.gz
26PRr2	/ibex/project/c2014/EmptyQuarter_Data/soil/amplicon_16S/novaseq_14_07_25/raw_reads/M-25-0393_26PRr2_UDP0139-UDP0139_L002_R1_001.fastq.gz;/ibex/project/c2014/EmptyQuarter_Data/soil/amplicon_16S/novaseq_14_07_25/raw_reads/M-25-0393_26PRr2_UDP0139-UDP0139_L002_R2_001.fastq.gz
2Sr3	/ibex/project/c2014/EmptyQuarter_Data/soil/amplicon_16S/novaseq_14_07_25/raw_reads/M-25-0417_2Sr3_UDP0010-UDP0010_L002_R1_001.fastq.gz;/ibex/project/c2014/EmptyQuarter_Data/soil/amplicon_16S/novaseq_14_07_25/raw_reads/M-25-0417_2Sr3_UDP0010-UDP0010_L002_R2_001.fastq.gz
14PRr1	/ibex/project/c2014/EmptyQuarter_Data/soil/amplicon_16S/novaseq_14_07_25/raw_reads/M-25-0341_14PRr1_UDP0069-UDP0069_L002_R1_001.fastq.gz;/ibex/project/c2014/EmptyQuarter_Data/soil/amplicon_16S/novaseq_14_07_25/raw_reads/M-25-0341_14PRr1_UDP0069-UDP0069_L002_R2_001.fastq.gz
S16Dr1	/ibex/project/c2014/EmptyQuarter_Data/soil/amplicon_16S/novaseq_14_07_25/raw_reads/M-25-0650_S16Dr1_SU0140-SU0140_L002_R1_001.fastq.gz;/ibex/project/c2014/EmptyQuarter_Data/soil/amplicon_16S/novaseq_14_07_25/raw_reads/M-25-0650_S16Dr1_SU0140-SU0140_L002_R2_001.fastq.gz
47Sr1	/ibex/project/c2014/EmptyQuarter_Data/soil/amplicon_16S/novaseq_14_07_25/raw_reads/M-25-0483_47Sr1_UDP0261-UDP0261_L002_R1_001.fastq.gz;/ibex/project/c2014/EmptyQuarter_Data/soil/amplicon_16S/novaseq_14_07_25/raw_reads/M-25-0483_47Sr1_UDP0261-UDP0261_L002_R2_001.fastq.gz
9Sr3	/ibex/project/c2014/EmptyQuarter_Data/soil/amplicon_16S/novaseq_14_07_25/raw_reads/M-25-0552_9Sr3_UDP0040-UDP0040_L002_R1_001.fastq.gz;/ibex/project/c2014/EmptyQuarter_Data/soil/amplicon_16S/novaseq_14_07_25/raw_reads/M-25-0552_9Sr3_UDP0040-UDP0040_L002_R2_001.fastq.gz
9PRr3	/ibex/project/c2014/EmptyQuarter_Data/soil/amplicon_16S/novaseq_14_07_25/raw_reads/M-25-0549_9PRr3_UDP0042-UDP0042_L002_R1_001.fastq.gz;/ibex/project/c2014/EmptyQuarter_Data/soil/amplicon_16S/novaseq_14_07_25/raw_reads/M-25-0549_9PRr3_UDP0042-UDP0042_L002_R2_001.fastq.gz
50Sr2	/ibex/project/c2014/EmptyQuarter_Data/soil/amplicon_16S/novaseq_14_07_25/raw_reads/M-25-0857_50Sr2_SU0332-SU0332_L002_R1_001.fastq.gz;/ibex/project/c2014/EmptyQuarter_Data/soil/amplicon_16S/novaseq_14_07_25/raw_reads/M-25-0857_50Sr2_SU0332-SU0332_L002_R2_001.fastq.gz
GC	/ibex/project/c2014/EmptyQuarter_Data/soil/amplicon_16S/novaseq_14_07_25/raw_reads/M-25-0572_GC_SU0050-SU0050_L002_R1_001.fastq.gz;/ibex/project/c2014/EmptyQuarter_Data/soil/amplicon_16S/novaseq_14_07_25/raw_reads/M-25-0572_GC_SU0050-SU0050_L002_R2_001.fastq.gz
30PRr1	/ibex/project/c2014/EmptyQuarter_Data/soil/amplicon_16S/novaseq_14_07_25/raw_reads/M-25-0419_30PRr1_UDP0165-UDP0165_L002_R1_001.fastq.gz;/ibex/project/c2014/EmptyQuarter_Data/soil/amplicon_16S/novaseq_14_07_25/raw_reads/M-25-0419_30PRr1_UDP0165-UDP0165_L002_R2_001.fastq.gz
13Dr1	/ibex/project/c2014/EmptyQuarter_Data/soil/amplicon_16S/novaseq_14_07_25/raw_reads/M-25-0336_13Dr1_UDP0061-UDP0061_L002_R1_001.fastq.gz;/ibex/project/c2014/EmptyQuarter_Data/soil/amplicon_16S/novaseq_14_07_25/raw_reads/M-25-0336_13Dr1_UDP0061-UDP0061_L002_R2_001.fastq.gz
Ctrl-1-Trip1	/ibex/project/c2014/EmptyQuarter_Data/soil/amplicon_16S/novaseq_14_07_25/raw_reads/M-25-0323_Ctrl-1-Trip1_UDP0371-UDP0371_L002_R1_001.fastq.gz;/ibex/project/c2014/EmptyQuarter_Data/soil/amplicon_16S/novaseq_14_07_25/raw_reads/M-25-0323_Ctrl-1-Trip1_UDP0371-UDP0371_L002_R2_001.fastq.gz
64PRr3	/ibex/project/c2014/EmptyQuarter_Data/soil/amplicon_16S/novaseq_14_07_25/raw_reads/M-25-0536_64PRr3_UDP0370-UDP0370_L002_R1_001.fastq.gz;/ibex/project/c2014/EmptyQuarter_Data/soil/amplicon_16S/novaseq_14_07_25/raw_reads/M-25-0536_64PRr3_UDP0370-UDP0370_L002_R2_001.fastq.gz
S34Sr1	/ibex/project/c2014/EmptyQuarter_Data/soil/amplicon_16S/novaseq_14_07_25/raw_reads/M-25-0752_S34Sr1_SU0047-SU0047_L002_R1_001.fastq.gz;/ibex/project/c2014/EmptyQuarter_Data/soil/amplicon_16S/novaseq_14_07_25/raw_reads/M-25-0752_S34Sr1_SU0047-SU0047_L002_R2_001.fastq.gz
48PRr3	/ibex/project/c2014/EmptyQuarter_Data/soil/amplicon_16S/novaseq_14_07_25/raw_reads/M-25-0856_48PRr3_SU0320-SU0320_L002_R1_001.fastq.gz;/ibex/project/c2014/EmptyQuarter_Data/soil/amplicon_16S/novaseq_14_07_25/raw_reads/M-25-0856_48PRr3_SU0320-SU0320_L002_R2_001.fastq.gz
42Dr1	/ibex/project/c2014/EmptyQuarter_Data/soil/amplicon_16S/novaseq_14_07_25/raw_reads/M-25-0464_42Dr1_UDP0230-UDP0230_L002_R1_001.fastq.gz;/ibex/project/c2014/EmptyQuarter_Data/soil/amplicon_16S/novaseq_14_07_25/raw_reads/M-25-0464_42Dr1_UDP0230-UDP0230_L002_R2_001.fastq.gz
S59PRr1	/ibex/project/c2014/EmptyQuarter_Data/soil/amplicon_16S/novaseq_14_07_25/raw_reads/M-25-0669_S59PRr1_SU0178-SU0178_L002_R1_001.fastq.gz;/ibex/project/c2014/EmptyQuarter_Data/soil/amplicon_16S/novaseq_14_07_25/raw_reads/M-25-0669_S59PRr1_SU0178-SU0178_L002_R2_001.fastq.gz
S22Sr1	/ibex/project/c2014/EmptyQuarter_Data/soil/amplicon_16S/novaseq_14_07_25/raw_reads/M-25-0593_S22Sr1_SU0109-SU0109_L002_R1_001.fastq.gz;/ibex/project/c2014/EmptyQuarter_Data/soil/amplicon_16S/novaseq_14_07_25/raw_reads/M-25-0593_S22Sr1_SU0109-SU0109_L002_R2_001.fastq.gz
EBT	/ibex/project/c2014/EmptyQuarter_Data/soil/amplicon_16S/novaseq_14_07_25/raw_reads/M-25-0564_EBT_SU0026-SU0026_L002_R1_001.fastq.gz;/ibex/project/c2014/EmptyQuarter_Data/soil/amplicon_16S/novaseq_14_07_25/raw_reads/M-25-0564_EBT_SU0026-SU0026_L002_R2_001.fastq.gz
10PRr3	/ibex/project/c2014/EmptyQuarter_Data/soil/amplicon_16S/novaseq_14_07_25/raw_reads/M-25-0884_10PRr3_UDP0300-UDP0300_L002_R1_001.fastq.gz;/ibex/project/c2014/EmptyQuarter_Data/soil/amplicon_16S/novaseq_14_07_25/raw_reads/M-25-0884_10PRr3_UDP0300-UDP0300_L002_R2_001.fastq.gz
S8PRr1	/ibex/project/c2014/EmptyQuarter_Data/soil/amplicon_16S/novaseq_14_07_25/raw_reads/M-25-0675_S8PRr1_SU0155-SU0155_L002_R1_001.fastq.gz;/ibex/project/c2014/EmptyQuarter_Data/soil/amplicon_16S/novaseq_14_07_25/raw_reads/M-25-0675_S8PRr1_SU0155-SU0155_L002_R2_001.fastq.gz
1PRr3	/ibex/project/c2014/EmptyQuarter_Data/soil/amplicon_16S/novaseq_14_07_25/raw_reads/M-25-0367_1PRr3_UDP0007-UDP0007_L002_R1_001.fastq.gz;/ibex/project/c2014/EmptyQuarter_Data/soil/amplicon_16S/novaseq_14_07_25/raw_reads/M-25-0367_1PRr3_UDP0007-UDP0007_L002_R2_001.fastq.gz
52Dr1	/ibex/project/c2014/EmptyQuarter_Data/soil/amplicon_16S/novaseq_14_07_25/raw_reads/M-25-0503_52Dr1_UDP0288-UDP0288_L002_R1_001.fastq.gz;/ibex/project/c2014/EmptyQuarter_Data/soil/amplicon_16S/novaseq_14_07_25/raw_reads/M-25-0503_52Dr1_UDP0288-UDP0288_L002_R2_001.fastq.gz
3PRr2	/ibex/project/c2014/EmptyQuarter_Data/soil/amplicon_16S/novaseq_14_07_25/raw_reads/M-25-0812_3PRr2_SU0373-SU0373_L002_R1_001.fastq.gz;/ibex/project/c2014/EmptyQuarter_Data/soil/amplicon_16S/novaseq_14_07_25/raw_reads/M-25-0812_3PRr2_SU0373-SU0373_L002_R2_001.fastq.gz
28Dr1	/ibex/project/c2014/EmptyQuarter_Data/soil/amplicon_16S/novaseq_14_07_25/raw_reads/M-25-0403_28Dr1_UDP0147-UDP0147_L002_R1_001.fastq.gz;/ibex/project/c2014/EmptyQuarter_Data/soil/amplicon_16S/novaseq_14_07_25/raw_reads/M-25-0403_28Dr1_UDP0147-UDP0147_L002_R2_001.fastq.gz
S31Dr1	/ibex/project/c2014/EmptyQuarter_Data/soil/amplicon_16S/novaseq_14_07_25/raw_reads/M-25-0723_S31Dr1_SU0269-SU0269_L002_R1_001.fastq.gz;/ibex/project/c2014/EmptyQuarter_Data/soil/amplicon_16S/novaseq_14_07_25/raw_reads/M-25-0723_S31Dr1_SU0269-SU0269_L002_R2_001.fastq.gz
23PRr3	/ibex/project/c2014/EmptyQuarter_Data/soil/amplicon_16S/novaseq_14_07_25/raw_reads/M-25-0898_23PRr3_UDP0331-UDP0331_L002_R1_001.fastq.gz;/ibex/project/c2014/EmptyQuarter_Data/soil/amplicon_16S/novaseq_14_07_25/raw_reads/M-25-0898_23PRr3_UDP0331-UDP0331_L002_R2_001.fastq.gz
9Sr2	/ibex/project/c2014/EmptyQuarter_Data/soil/amplicon_16S/novaseq_14_07_25/raw_reads/M-25-0551_9Sr2_UDP0039-UDP0039_L002_R1_001.fastq.gz;/ibex/project/c2014/EmptyQuarter_Data/soil/amplicon_16S/novaseq_14_07_25/raw_reads/M-25-0551_9Sr2_UDP0039-UDP0039_L002_R2_001.fastq.gz
S36Sr1	/ibex/project/c2014/EmptyQuarter_Data/soil/amplicon_16S/novaseq_14_07_25/raw_reads/M-25-0681_S36Sr1_SU0132-SU0132_L002_R1_001.fastq.gz;/ibex/project/c2014/EmptyQuarter_Data/soil/amplicon_16S/novaseq_14_07_25/raw_reads/M-25-0681_S36Sr1_SU0132-SU0132_L002_R2_001.fastq.gz
3PRr3	/ibex/project/c2014/EmptyQuarter_Data/soil/amplicon_16S/novaseq_14_07_25/raw_reads/M-25-0459_3PRr3_UDP0016-UDP0016_L002_R1_001.fastq.gz;/ibex/project/c2014/EmptyQuarter_Data/soil/amplicon_16S/novaseq_14_07_25/raw_reads/M-25-0459_3PRr3_UDP0016-UDP0016_L002_R2_001.fastq.gz
46Sr3	/ibex/project/c2014/EmptyQuarter_Data/soil/amplicon_16S/novaseq_14_07_25/raw_reads/M-25-0918_46Sr3_UDP0355-UDP0355_L002_R1_001.fastq.gz;/ibex/project/c2014/EmptyQuarter_Data/soil/amplicon_16S/novaseq_14_07_25/raw_reads/M-25-0918_46Sr3_UDP0355-UDP0355_L002_R2_001.fastq.gz
S20Dr1	/ibex/project/c2014/EmptyQuarter_Data/soil/amplicon_16S/novaseq_14_07_25/raw_reads/M-25-0747_S20Dr1_SU0272-SU0272_L002_R1_001.fastq.gz;/ibex/project/c2014/EmptyQuarter_Data/soil/amplicon_16S/novaseq_14_07_25/raw_reads/M-25-0747_S20Dr1_SU0272-SU0272_L002_R2_001.fastq.gz
35Dr3	/ibex/project/c2014/EmptyQuarter_Data/soil/amplicon_16S/novaseq_14_07_25/raw_reads/M-25-0438_35Dr3_UDP0191-UDP0191_L002_R1_001.fastq.gz;/ibex/project/c2014/EmptyQuarter_Data/soil/amplicon_16S/novaseq_14_07_25/raw_reads/M-25-0438_35Dr3_UDP0191-UDP0191_L002_R2_001.fastq.gz
S32Sr1	/ibex/project/c2014/EmptyQuarter_Data/soil/amplicon_16S/novaseq_14_07_25/raw_reads/M-25-0728_S32Sr1_SU0058-SU0058_L002_R1_001.fastq.gz;/ibex/project/c2014/EmptyQuarter_Data/soil/amplicon_16S/novaseq_14_07_25/raw_reads/M-25-0728_S32Sr1_SU0058-SU0058_L002_R2_001.fastq.gz
59PRr3	/ibex/project/c2014/EmptyQuarter_Data/soil/amplicon_16S/novaseq_14_07_25/raw_reads/M-25-0525_59PRr3_UDP0336-UDP0336_L002_R1_001.fastq.gz;/ibex/project/c2014/EmptyQuarter_Data/soil/amplicon_16S/novaseq_14_07_25/raw_reads/M-25-0525_59PRr3_UDP0336-UDP0336_L002_R2_001.fastq.gz
7Sr2	/ibex/project/c2014/EmptyQuarter_Data/soil/amplicon_16S/novaseq_14_07_25/raw_reads/M-25-0544_7Sr2_UDP0032-UDP0032_L002_R1_001.fastq.gz;/ibex/project/c2014/EmptyQuarter_Data/soil/amplicon_16S/novaseq_14_07_25/raw_reads/M-25-0544_7Sr2_UDP0032-UDP0032_L002_R2_001.fastq.gz
25Sr1	/ibex/project/c2014/EmptyQuarter_Data/soil/amplicon_16S/novaseq_14_07_25/raw_reads/M-25-0388_25Sr1_UDP0131-UDP0131_L002_R1_001.fastq.gz;/ibex/project/c2014/EmptyQuarter_Data/soil/amplicon_16S/novaseq_14_07_25/raw_reads/M-25-0388_25Sr1_UDP0131-UDP0131_L002_R2_001.fastq.gz
7PRr2	/ibex/project/c2014/EmptyQuarter_Data/soil/amplicon_16S/novaseq_14_07_25/raw_reads/M-25-0821_7PRr2_SU0291-SU0291_L002_R1_001.fastq.gz;/ibex/project/c2014/EmptyQuarter_Data/soil/amplicon_16S/novaseq_14_07_25/raw_reads/M-25-0821_7PRr2_SU0291-SU0291_L002_R2_001.fastq.gz
21Sr2	/ibex/project/c2014/EmptyQuarter_Data/soil/amplicon_16S/novaseq_14_07_25/raw_reads/M-25-0375_21Sr2_UDP0109-UDP0109_L002_R1_001.fastq.gz;/ibex/project/c2014/EmptyQuarter_Data/soil/amplicon_16S/novaseq_14_07_25/raw_reads/M-25-0375_21Sr2_UDP0109-UDP0109_L002_R2_001.fastq.gz
41PRr2	/ibex/project/c2014/EmptyQuarter_Data/soil/amplicon_16S/novaseq_14_07_25/raw_reads/M-25-0463_41PRr2_UDP0229-UDP0229_L002_R1_001.fastq.gz;/ibex/project/c2014/EmptyQuarter_Data/soil/amplicon_16S/novaseq_14_07_25/raw_reads/M-25-0463_41PRr2_UDP0229-UDP0229_L002_R2_001.fastq.gz
S31Sr1	/ibex/project/c2014/EmptyQuarter_Data/soil/amplicon_16S/novaseq_14_07_25/raw_reads/M-25-0722_S31Sr1_SU0257-SU0257_L002_R1_001.fastq.gz;/ibex/project/c2014/EmptyQuarter_Data/soil/amplicon_16S/novaseq_14_07_25/raw_reads/M-25-0722_S31Sr1_SU0257-SU0257_L002_R2_001.fastq.gz
51Dr3	/ibex/project/c2014/EmptyQuarter_Data/soil/amplicon_16S/novaseq_14_07_25/raw_reads/M-25-0501_51Dr3_UDP0283-UDP0283_L002_R1_001.fastq.gz;/ibex/project/c2014/EmptyQuarter_Data/soil/amplicon_16S/novaseq_14_07_25/raw_reads/M-25-0501_51Dr3_UDP0283-UDP0283_L002_R2_001.fastq.gz
29S-2	/ibex/project/c2014/EmptyQuarter_Data/soil/amplicon_16S/novaseq_14_07_25/raw_reads/M-25-0589_29S-2_SU0670-SU0670_L002_R1_001.fastq.gz;/ibex/project/c2014/EmptyQuarter_Data/soil/amplicon_16S/novaseq_14_07_25/raw_reads/M-25-0589_29S-2_SU0670-SU0670_L002_R2_001.fastq.gz
S55Sr1	/ibex/project/c2014/EmptyQuarter_Data/soil/amplicon_16S/novaseq_14_07_25/raw_reads/M-25-0626_S55Sr1_SU0125-SU0125_L002_R1_001.fastq.gz;/ibex/project/c2014/EmptyQuarter_Data/soil/amplicon_16S/novaseq_14_07_25/raw_reads/M-25-0626_S55Sr1_SU0125-SU0125_L002_R2_001.fastq.gz
20PRr2	/ibex/project/c2014/EmptyQuarter_Data/soil/amplicon_16S/novaseq_14_07_25/raw_reads/M-25-0372_20PRr2_UDP0106-UDP0106_L002_R1_001.fastq.gz;/ibex/project/c2014/EmptyQuarter_Data/soil/amplicon_16S/novaseq_14_07_25/raw_reads/M-25-0372_20PRr2_UDP0106-UDP0106_L002_R2_001.fastq.gz
17Sr2	/ibex/project/c2014/EmptyQuarter_Data/soil/amplicon_16S/novaseq_14_07_25/raw_reads/M-25-0831_17Sr2_SU0352-SU0352_L002_R1_001.fastq.gz;/ibex/project/c2014/EmptyQuarter_Data/soil/amplicon_16S/novaseq_14_07_25/raw_reads/M-25-0831_17Sr2_SU0352-SU0352_L002_R2_001.fastq.gz
11Dr3	/ibex/project/c2014/EmptyQuarter_Data/soil/amplicon_16S/novaseq_14_07_25/raw_reads/M-25-0329_11Dr3_UDP0050-UDP0050_L002_R1_001.fastq.gz;/ibex/project/c2014/EmptyQuarter_Data/soil/amplicon_16S/novaseq_14_07_25/raw_reads/M-25-0329_11Dr3_UDP0050-UDP0050_L002_R2_001.fastq.gz
16PRr1	/ibex/project/c2014/EmptyQuarter_Data/soil/amplicon_16S/novaseq_14_07_25/raw_reads/M-25-0828_16PRr1_SU0316-SU0316_L002_R1_001.fastq.gz;/ibex/project/c2014/EmptyQuarter_Data/soil/amplicon_16S/novaseq_14_07_25/raw_reads/M-25-0828_16PRr1_SU0316-SU0316_L002_R2_001.fastq.gz
57PRr1	/ibex/project/c2014/EmptyQuarter_Data/soil/amplicon_16S/novaseq_14_07_25/raw_reads/M-25-0925_57PRr1_UDP0378-UDP0378_L002_R1_001.fastq.gz;/ibex/project/c2014/EmptyQuarter_Data/soil/amplicon_16S/novaseq_14_07_25/raw_reads/M-25-0925_57PRr1_UDP0378-UDP0378_L002_R2_001.fastq.gz
4PRr1	/ibex/project/c2014/EmptyQuarter_Data/soil/amplicon_16S/novaseq_14_07_25/raw_reads/M-25-0491_4PRr1_UDP0021-UDP0021_L002_R1_001.fastq.gz;/ibex/project/c2014/EmptyQuarter_Data/soil/amplicon_16S/novaseq_14_07_25/raw_reads/M-25-0491_4PRr1_UDP0021-UDP0021_L002_R2_001.fastq.gz
T25S	/ibex/project/c2014/EmptyQuarter_Data/soil/amplicon_16S/novaseq_14_07_25/raw_reads/M-25-0573_T25S_SU0584-SU0584_L002_R1_001.fastq.gz;/ibex/project/c2014/EmptyQuarter_Data/soil/amplicon_16S/novaseq_14_07_25/raw_reads/M-25-0573_T25S_SU0584-SU0584_L002_R2_001.fastq.gz
38Dr2	/ibex/project/c2014/EmptyQuarter_Data/soil/amplicon_16S/novaseq_14_07_25/raw_reads/M-25-0449_38Dr2_UDP0208-UDP0208_L002_R1_001.fastq.gz;/ibex/project/c2014/EmptyQuarter_Data/soil/amplicon_16S/novaseq_14_07_25/raw_reads/M-25-0449_38Dr2_UDP0208-UDP0208_L002_R2_001.fastq.gz
10Dr1	/ibex/project/c2014/EmptyQuarter_Data/soil/amplicon_16S/novaseq_14_07_25/raw_reads/M-25-0324_10Dr1_UDP0043-UDP0043_L002_R1_001.fastq.gz;/ibex/project/c2014/EmptyQuarter_Data/soil/amplicon_16S/novaseq_14_07_25/raw_reads/M-25-0324_10Dr1_UDP0043-UDP0043_L002_R2_001.fastq.gz
5Sr1	/ibex/project/c2014/EmptyQuarter_Data/soil/amplicon_16S/novaseq_14_07_25/raw_reads/M-25-0527_5Sr1_UDP0025-UDP0025_L002_R1_001.fastq.gz;/ibex/project/c2014/EmptyQuarter_Data/soil/amplicon_16S/novaseq_14_07_25/raw_reads/M-25-0527_5Sr1_UDP0025-UDP0025_L002_R2_001.fastq.gz
F40Dr3	/ibex/project/c2014/EmptyQuarter_Data/soil/amplicon_16S/novaseq_14_07_25/raw_reads/M-25-0782_F40Dr3_SU0576-SU0576_L002_R1_001.fastq.gz;/ibex/project/c2014/EmptyQuarter_Data/soil/amplicon_16S/novaseq_14_07_25/raw_reads/M-25-0782_F40Dr3_SU0576-SU0576_L002_R2_001.fastq.gz
S56Sr1	/ibex/project/c2014/EmptyQuarter_Data/soil/amplicon_16S/novaseq_14_07_25/raw_reads/M-25-0652_S56Sr1_SU0164-SU0164_L002_R1_001.fastq.gz;/ibex/project/c2014/EmptyQuarter_Data/soil/amplicon_16S/novaseq_14_07_25/raw_reads/M-25-0652_S56Sr1_SU0164-SU0164_L002_R2_001.fastq.gz
21Sr3	/ibex/project/c2014/EmptyQuarter_Data/soil/amplicon_16S/novaseq_14_07_25/raw_reads/M-25-0835_21Sr3_SU0305-SU0305_L002_R1_001.fastq.gz;/ibex/project/c2014/EmptyQuarter_Data/soil/amplicon_16S/novaseq_14_07_25/raw_reads/M-25-0835_21Sr3_SU0305-SU0305_L002_R2_001.fastq.gz
F60PRr2	/ibex/project/c2014/EmptyQuarter_Data/soil/amplicon_16S/novaseq_14_07_25/raw_reads/M-25-0802_F60PRr2_SU0020-SU0020_L002_R1_001.fastq.gz;/ibex/project/c2014/EmptyQuarter_Data/soil/amplicon_16S/novaseq_14_07_25/raw_reads/M-25-0802_F60PRr2_SU0020-SU0020_L002_R2_001.fastq.gz
28D-3	/ibex/project/c2014/EmptyQuarter_Data/soil/amplicon_16S/novaseq_14_07_25/raw_reads/M-25-0587_28D-3_SU0646-SU0646_L002_R1_001.fastq.gz;/ibex/project/c2014/EmptyQuarter_Data/soil/amplicon_16S/novaseq_14_07_25/raw_reads/M-25-0587_28D-3_SU0646-SU0646_L002_R2_001.fastq.gz
6Sr1	/ibex/project/c2014/EmptyQuarter_Data/soil/amplicon_16S/novaseq_14_07_25/raw_reads/M-25-0817_6Sr1_SU0338-SU0338_L002_R1_001.fastq.gz;/ibex/project/c2014/EmptyQuarter_Data/soil/amplicon_16S/novaseq_14_07_25/raw_reads/M-25-0817_6Sr1_SU0338-SU0338_L002_R2_001.fastq.gz
59-MR-MD1	/ibex/project/c2014/EmptyQuarter_Data/soil/amplicon_16S/novaseq_14_07_25/raw_reads/M-25-0558_59-MR-MD1_SU0445-SU0445_L002_R1_001.fastq.gz;/ibex/project/c2014/EmptyQuarter_Data/soil/amplicon_16S/novaseq_14_07_25/raw_reads/M-25-0558_59-MR-MD1_SU0445-SU0445_L002_R2_001.fastq.gz
F43Sr2	/ibex/project/c2014/EmptyQuarter_Data/soil/amplicon_16S/novaseq_14_07_25/raw_reads/M-25-0786_F43Sr2_SU0526-SU0526_L002_R1_001.fastq.gz;/ibex/project/c2014/EmptyQuarter_Data/soil/amplicon_16S/novaseq_14_07_25/raw_reads/M-25-0786_F43Sr2_SU0526-SU0526_L002_R2_001.fastq.gz
55-MR-SR1	/ibex/project/c2014/EmptyQuarter_Data/soil/amplicon_16S/novaseq_14_07_25/raw_reads/M-25-0557_55-MR-SR1_SU0433-SU0433_L002_R1_001.fastq.gz;/ibex/project/c2014/EmptyQuarter_Data/soil/amplicon_16S/novaseq_14_07_25/raw_reads/M-25-0557_55-MR-SR1_SU0433-SU0433_L002_R2_001.fastq.gz
S18Dr1	/ibex/project/c2014/EmptyQuarter_Data/soil/amplicon_16S/novaseq_14_07_25/raw_reads/M-25-0878_S18Dr1_SU0348-SU0348_L002_R1_001.fastq.gz;/ibex/project/c2014/EmptyQuarter_Data/soil/amplicon_16S/novaseq_14_07_25/raw_reads/M-25-0878_S18Dr1_SU0348-SU0348_L002_R2_001.fastq.gz
S19Sr1	/ibex/project/c2014/EmptyQuarter_Data/soil/amplicon_16S/novaseq_14_07_25/raw_reads/M-25-0760_S19Sr1_SU0036-SU0036_L002_R1_001.fastq.gz;/ibex/project/c2014/EmptyQuarter_Data/soil/amplicon_16S/novaseq_14_07_25/raw_reads/M-25-0760_S19Sr1_SU0036-SU0036_L002_R2_001.fastq.gz
S31PRr1	/ibex/project/c2014/EmptyQuarter_Data/soil/amplicon_16S/novaseq_14_07_25/raw_reads/M-25-0721_S31PRr1_SU0034-SU0034_L002_R1_001.fastq.gz;/ibex/project/c2014/EmptyQuarter_Data/soil/amplicon_16S/novaseq_14_07_25/raw_reads/M-25-0721_S31PRr1_SU0034-SU0034_L002_R2_001.fastq.gz
S43PRr1	/ibex/project/c2014/EmptyQuarter_Data/soil/amplicon_16S/novaseq_14_07_25/raw_reads/M-25-0601_S43PRr1_SU0110-SU0110_L002_R1_001.fastq.gz;/ibex/project/c2014/EmptyQuarter_Data/soil/amplicon_16S/novaseq_14_07_25/raw_reads/M-25-0601_S43PRr1_SU0110-SU0110_L002_R2_001.fastq.gz
S35PRr1	/ibex/project/c2014/EmptyQuarter_Data/soil/amplicon_16S/novaseq_14_07_25/raw_reads/M-25-0598_S35PRr1_SU0169-SU0169_L002_R1_001.fastq.gz;/ibex/project/c2014/EmptyQuarter_Data/soil/amplicon_16S/novaseq_14_07_25/raw_reads/M-25-0598_S35PRr1_SU0169-SU0169_L002_R2_001.fastq.gz
39Dr2	/ibex/project/c2014/EmptyQuarter_Data/soil/amplicon_16S/novaseq_14_07_25/raw_reads/M-25-0453_39Dr2_UDP0214-UDP0214_L002_R1_001.fastq.gz;/ibex/project/c2014/EmptyQuarter_Data/soil/amplicon_16S/novaseq_14_07_25/raw_reads/M-25-0453_39Dr2_UDP0214-UDP0214_L002_R2_001.fastq.gz
57Dr3	/ibex/project/c2014/EmptyQuarter_Data/soil/amplicon_16S/novaseq_14_07_25/raw_reads/M-25-0520_57Dr3_UDP0321-UDP0321_L002_R1_001.fastq.gz;/ibex/project/c2014/EmptyQuarter_Data/soil/amplicon_16S/novaseq_14_07_25/raw_reads/M-25-0520_57Dr3_UDP0321-UDP0321_L002_R2_001.fastq.gz
23Sr3	/ibex/project/c2014/EmptyQuarter_Data/soil/amplicon_16S/novaseq_14_07_25/raw_reads/M-25-0838_23Sr3_SU0341-SU0341_L002_R1_001.fastq.gz;/ibex/project/c2014/EmptyQuarter_Data/soil/amplicon_16S/novaseq_14_07_25/raw_reads/M-25-0838_23Sr3_SU0341-SU0341_L002_R2_001.fastq.gz
19Sr1	/ibex/project/c2014/EmptyQuarter_Data/soil/amplicon_16S/novaseq_14_07_25/raw_reads/M-25-0890_19Sr1_UDP0313-UDP0313_L002_R1_001.fastq.gz;/ibex/project/c2014/EmptyQuarter_Data/soil/amplicon_16S/novaseq_14_07_25/raw_reads/M-25-0890_19Sr1_UDP0313-UDP0313_L002_R2_001.fastq.gz
39PRr1	/ibex/project/c2014/EmptyQuarter_Data/soil/amplicon_16S/novaseq_14_07_25/raw_reads/M-25-0454_39PRr1_UDP0216-UDP0216_L002_R1_001.fastq.gz;/ibex/project/c2014/EmptyQuarter_Data/soil/amplicon_16S/novaseq_14_07_25/raw_reads/M-25-0454_39PRr1_UDP0216-UDP0216_L002_R2_001.fastq.gz
RBF	/ibex/project/c2014/EmptyQuarter_Data/soil/amplicon_16S/novaseq_14_07_25/raw_reads/M-25-0570_RBF_SU0075-SU0075_L002_R1_001.fastq.gz;/ibex/project/c2014/EmptyQuarter_Data/soil/amplicon_16S/novaseq_14_07_25/raw_reads/M-25-0570_RBF_SU0075-SU0075_L002_R2_001.fastq.gz
22Dr1	/ibex/project/c2014/EmptyQuarter_Data/soil/amplicon_16S/novaseq_14_07_25/raw_reads/M-25-0376_22Dr1_UDP0110-UDP0110_L002_R1_001.fastq.gz;/ibex/project/c2014/EmptyQuarter_Data/soil/amplicon_16S/novaseq_14_07_25/raw_reads/M-25-0376_22Dr1_UDP0110-UDP0110_L002_R2_001.fastq.gz
44PRr2	/ibex/project/c2014/EmptyQuarter_Data/soil/amplicon_16S/novaseq_14_07_25/raw_reads/M-25-0914_44PRr2_UDP0349-UDP0349_L002_R1_001.fastq.gz;/ibex/project/c2014/EmptyQuarter_Data/soil/amplicon_16S/novaseq_14_07_25/raw_reads/M-25-0914_44PRr2_UDP0349-UDP0349_L002_R2_001.fastq.gz
S58Sr1	/ibex/project/c2014/EmptyQuarter_Data/soil/amplicon_16S/novaseq_14_07_25/raw_reads/M-25-0614_S58Sr1_SU0171-SU0171_L002_R1_001.fastq.gz;/ibex/project/c2014/EmptyQuarter_Data/soil/amplicon_16S/novaseq_14_07_25/raw_reads/M-25-0614_S58Sr1_SU0171-SU0171_L002_R2_001.fastq.gz
S34PRr1	/ibex/project/c2014/EmptyQuarter_Data/soil/amplicon_16S/novaseq_14_07_25/raw_reads/M-25-0751_S34PRr1_SU0035-SU0035_L002_R1_001.fastq.gz;/ibex/project/c2014/EmptyQuarter_Data/soil/amplicon_16S/novaseq_14_07_25/raw_reads/M-25-0751_S34PRr1_SU0035-SU0035_L002_R2_001.fastq.gz
S21Sr1	/ibex/project/c2014/EmptyQuarter_Data/soil/amplicon_16S/novaseq_14_07_25/raw_reads/M-25-0719_S21Sr1_SU0221-SU0221_L002_R1_001.fastq.gz;/ibex/project/c2014/EmptyQuarter_Data/soil/amplicon_16S/novaseq_14_07_25/raw_reads/M-25-0719_S21Sr1_SU0221-SU0221_L002_R2_001.fastq.gz
16PRr3	/ibex/project/c2014/EmptyQuarter_Data/soil/amplicon_16S/novaseq_14_07_25/raw_reads/M-25-0354_16PRr3_UDP0083-UDP0083_L002_R1_001.fastq.gz;/ibex/project/c2014/EmptyQuarter_Data/soil/amplicon_16S/novaseq_14_07_25/raw_reads/M-25-0354_16PRr3_UDP0083-UDP0083_L002_R2_001.fastq.gz
49PRr2	/ibex/project/c2014/EmptyQuarter_Data/soil/amplicon_16S/novaseq_14_07_25/raw_reads/M-25-0919_49PRr2_UDP0356-UDP0356_L002_R1_001.fastq.gz;/ibex/project/c2014/EmptyQuarter_Data/soil/amplicon_16S/novaseq_14_07_25/raw_reads/M-25-0919_49PRr2_UDP0356-UDP0356_L002_R2_001.fastq.gz
11PRr1	/ibex/project/c2014/EmptyQuarter_Data/soil/amplicon_16S/novaseq_14_07_25/raw_reads/M-25-0825_11PRr1_SU0363-SU0363_L002_R1_001.fastq.gz;/ibex/project/c2014/EmptyQuarter_Data/soil/amplicon_16S/novaseq_14_07_25/raw_reads/M-25-0825_11PRr1_SU0363-SU0363_L002_R2_001.fastq.gz
S57Dr1	/ibex/project/c2014/EmptyQuarter_Data/soil/amplicon_16S/novaseq_14_07_25/raw_reads/M-25-0656_S57Dr1_SU0117-SU0117_L002_R1_001.fastq.gz;/ibex/project/c2014/EmptyQuarter_Data/soil/amplicon_16S/novaseq_14_07_25/raw_reads/M-25-0656_S57Dr1_SU0117-SU0117_L002_R2_001.fastq.gz
23Sr2	/ibex/project/c2014/EmptyQuarter_Data/soil/amplicon_16S/novaseq_14_07_25/raw_reads/M-25-0381_23Sr2_UDP0119-UDP0119_L002_R1_001.fastq.gz;/ibex/project/c2014/EmptyQuarter_Data/soil/amplicon_16S/novaseq_14_07_25/raw_reads/M-25-0381_23Sr2_UDP0119-UDP0119_L002_R2_001.fastq.gz
55Sr3	/ibex/project/c2014/EmptyQuarter_Data/soil/amplicon_16S/novaseq_14_07_25/raw_reads/M-25-0515_55Sr3_UDP0312-UDP0312_L002_R1_001.fastq.gz;/ibex/project/c2014/EmptyQuarter_Data/soil/amplicon_16S/novaseq_14_07_25/raw_reads/M-25-0515_55Sr3_UDP0312-UDP0312_L002_R2_001.fastq.gz
2PRr2	/ibex/project/c2014/EmptyQuarter_Data/soil/amplicon_16S/novaseq_14_07_25/raw_reads/M-25-0416_2PRr2_UDP0011-UDP0011_L002_R1_001.fastq.gz;/ibex/project/c2014/EmptyQuarter_Data/soil/amplicon_16S/novaseq_14_07_25/raw_reads/M-25-0416_2PRr2_UDP0011-UDP0011_L002_R2_001.fastq.gz
S7PRr1	/ibex/project/c2014/EmptyQuarter_Data/soil/amplicon_16S/novaseq_14_07_25/raw_reads/M-25-0712_S7PRr1_SU0232-SU0232_L002_R1_001.fastq.gz;/ibex/project/c2014/EmptyQuarter_Data/soil/amplicon_16S/novaseq_14_07_25/raw_reads/M-25-0712_S7PRr1_SU0232-SU0232_L002_R2_001.fastq.gz
F24PRr3	/ibex/project/c2014/EmptyQuarter_Data/soil/amplicon_16S/novaseq_14_07_25/raw_reads/M-25-0777_F24PRr3_SU0569-SU0569_L002_R1_001.fastq.gz;/ibex/project/c2014/EmptyQuarter_Data/soil/amplicon_16S/novaseq_14_07_25/raw_reads/M-25-0777_F24PRr3_SU0569-SU0569_L002_R2_001.fastq.gz
36Dr3	/ibex/project/c2014/EmptyQuarter_Data/soil/amplicon_16S/novaseq_14_07_25/raw_reads/M-25-0441_36Dr3_UDP0197-UDP0197_L002_R1_001.fastq.gz;/ibex/project/c2014/EmptyQuarter_Data/soil/amplicon_16S/novaseq_14_07_25/raw_reads/M-25-0441_36Dr3_UDP0197-UDP0197_L002_R2_001.fastq.gz
27Sr2	/ibex/project/c2014/EmptyQuarter_Data/soil/amplicon_16S/novaseq_14_07_25/raw_reads/M-25-0401_27Sr2_UDP0143-UDP0143_L002_R1_001.fastq.gz;/ibex/project/c2014/EmptyQuarter_Data/soil/amplicon_16S/novaseq_14_07_25/raw_reads/M-25-0401_27Sr2_UDP0143-UDP0143_L002_R2_001.fastq.gz
S20PRr1	/ibex/project/c2014/EmptyQuarter_Data/soil/amplicon_16S/novaseq_14_07_25/raw_reads/M-25-0745_S20PRr1_SU0011-SU0011_L002_R1_001.fastq.gz;/ibex/project/c2014/EmptyQuarter_Data/soil/amplicon_16S/novaseq_14_07_25/raw_reads/M-25-0745_S20PRr1_SU0011-SU0011_L002_R2_001.fastq.gz
TMC1	/ibex/project/c2014/EmptyQuarter_Data/soil/amplicon_16S/novaseq_14_07_25/raw_reads/M-25-0872_TMC1_SU0359-SU0359_L002_R1_001.fastq.gz;/ibex/project/c2014/EmptyQuarter_Data/soil/amplicon_16S/novaseq_14_07_25/raw_reads/M-25-0872_TMC1_SU0359-SU0359_L002_R2_001.fastq.gz
38PRr3	/ibex/project/c2014/EmptyQuarter_Data/soil/amplicon_16S/novaseq_14_07_25/raw_reads/M-25-0851_38PRr3_SU0319-SU0319_L002_R1_001.fastq.gz;/ibex/project/c2014/EmptyQuarter_Data/soil/amplicon_16S/novaseq_14_07_25/raw_reads/M-25-0851_38PRr3_SU0319-SU0319_L002_R2_001.fastq.gz
1Sr3	/ibex/project/c2014/EmptyQuarter_Data/soil/amplicon_16S/novaseq_14_07_25/raw_reads/M-25-0369_1Sr3_UDP0004-UDP0004_L002_R1_001.fastq.gz;/ibex/project/c2014/EmptyQuarter_Data/soil/amplicon_16S/novaseq_14_07_25/raw_reads/M-25-0369_1Sr3_UDP0004-UDP0004_L002_R2_001.fastq.gz
54PRr3	/ibex/project/c2014/EmptyQuarter_Data/soil/amplicon_16S/novaseq_14_07_25/raw_reads/M-25-0509_54PRr3_UDP0308-UDP0308_L002_R1_001.fastq.gz;/ibex/project/c2014/EmptyQuarter_Data/soil/amplicon_16S/novaseq_14_07_25/raw_reads/M-25-0509_54PRr3_UDP0308-UDP0308_L002_R2_001.fastq.gz
64Sr3	/ibex/project/c2014/EmptyQuarter_Data/soil/amplicon_16S/novaseq_14_07_25/raw_reads/M-25-0539_64Sr3_UDP0367-UDP0367_L002_R1_001.fastq.gz;/ibex/project/c2014/EmptyQuarter_Data/soil/amplicon_16S/novaseq_14_07_25/raw_reads/M-25-0539_64Sr3_UDP0367-UDP0367_L002_R2_001.fastq.gz
27PRr2	/ibex/project/c2014/EmptyQuarter_Data/soil/amplicon_16S/novaseq_14_07_25/raw_reads/M-25-0400_27PRr2_UDP0146-UDP0146_L002_R1_001.fastq.gz;/ibex/project/c2014/EmptyQuarter_Data/soil/amplicon_16S/novaseq_14_07_25/raw_reads/M-25-0400_27PRr2_UDP0146-UDP0146_L002_R2_001.fastq.gz
Ctrl-3	/ibex/project/c2014/EmptyQuarter_Data/soil/amplicon_16S/novaseq_14_07_25/raw_reads/M-25-0554_Ctrl-3_UDP0373-UDP0373_L002_R1_001.fastq.gz;/ibex/project/c2014/EmptyQuarter_Data/soil/amplicon_16S/novaseq_14_07_25/raw_reads/M-25-0554_Ctrl-3_UDP0373-UDP0373_L002_R2_001.fastq.gz
S5PRr1	/ibex/project/c2014/EmptyQuarter_Data/soil/amplicon_16S/novaseq_14_07_25/raw_reads/M-25-0739_S5PRr1_SU0271-SU0271_L002_R1_001.fastq.gz;/ibex/project/c2014/EmptyQuarter_Data/soil/amplicon_16S/novaseq_14_07_25/raw_reads/M-25-0739_S5PRr1_SU0271-SU0271_L002_R2_001.fastq.gz
16Dr1	/ibex/project/c2014/EmptyQuarter_Data/soil/amplicon_16S/novaseq_14_07_25/raw_reads/M-25-0351_16Dr1_UDP0078-UDP0078_L002_R1_001.fastq.gz;/ibex/project/c2014/EmptyQuarter_Data/soil/amplicon_16S/novaseq_14_07_25/raw_reads/M-25-0351_16Dr1_UDP0078-UDP0078_L002_R2_001.fastq.gz
9Dr1	/ibex/project/c2014/EmptyQuarter_Data/soil/amplicon_16S/novaseq_14_07_25/raw_reads/M-25-0546_9Dr1_UDP0036-UDP0036_L002_R1_001.fastq.gz;/ibex/project/c2014/EmptyQuarter_Data/soil/amplicon_16S/novaseq_14_07_25/raw_reads/M-25-0546_9Dr1_UDP0036-UDP0036_L002_R2_001.fastq.gz
T5Sr3	/ibex/project/c2014/EmptyQuarter_Data/soil/amplicon_16S/novaseq_14_07_25/raw_reads/M-25-0865_T5Sr3_SU0334-SU0334_L002_R1_001.fastq.gz;/ibex/project/c2014/EmptyQuarter_Data/soil/amplicon_16S/novaseq_14_07_25/raw_reads/M-25-0865_T5Sr3_SU0334-SU0334_L002_R2_001.fastq.gz
S3Sr1	/ibex/project/c2014/EmptyQuarter_Data/soil/amplicon_16S/novaseq_14_07_25/raw_reads/M-25-0710_S3Sr1_SU0081-SU0081_L002_R1_001.fastq.gz;/ibex/project/c2014/EmptyQuarter_Data/soil/amplicon_16S/novaseq_14_07_25/raw_reads/M-25-0710_S3Sr1_SU0081-SU0081_L002_R2_001.fastq.gz
EB3	/ibex/project/c2014/EmptyQuarter_Data/soil/amplicon_16S/novaseq_14_07_25/raw_reads/M-25-0772_EB3_SU0240-SU0240_L002_R1_001.fastq.gz;/ibex/project/c2014/EmptyQuarter_Data/soil/amplicon_16S/novaseq_14_07_25/raw_reads/M-25-0772_EB3_SU0240-SU0240_L002_R2_001.fastq.gz
23Sr1	/ibex/project/c2014/EmptyQuarter_Data/soil/amplicon_16S/novaseq_14_07_25/raw_reads/M-25-0899_23Sr1_UDP0332-UDP0332_L002_R1_001.fastq.gz;/ibex/project/c2014/EmptyQuarter_Data/soil/amplicon_16S/novaseq_14_07_25/raw_reads/M-25-0899_23Sr1_UDP0332-UDP0332_L002_R2_001.fastq.gz
43PRr2	/ibex/project/c2014/EmptyQuarter_Data/soil/amplicon_16S/novaseq_14_07_25/raw_reads/M-25-0472_43PRr2_UDP0240-UDP0240_L002_R1_001.fastq.gz;/ibex/project/c2014/EmptyQuarter_Data/soil/amplicon_16S/novaseq_14_07_25/raw_reads/M-25-0472_43PRr2_UDP0240-UDP0240_L002_R2_001.fastq.gz
41-MR-MD1	/ibex/project/c2014/EmptyQuarter_Data/soil/amplicon_16S/novaseq_14_07_25/raw_reads/M-25-0556_41-MR-MD1_SU0001-SU0001_L002_R1_001.fastq.gz;/ibex/project/c2014/EmptyQuarter_Data/soil/amplicon_16S/novaseq_14_07_25/raw_reads/M-25-0556_41-MR-MD1_SU0001-SU0001_L002_R2_001.fastq.gz
F51Sr3	/ibex/project/c2014/EmptyQuarter_Data/soil/amplicon_16S/novaseq_14_07_25/raw_reads/M-25-0789_F51Sr3_SU0562-SU0562_L002_R1_001.fastq.gz;/ibex/project/c2014/EmptyQuarter_Data/soil/amplicon_16S/novaseq_14_07_25/raw_reads/M-25-0789_F51Sr3_SU0562-SU0562_L002_R2_001.fastq.gz
16PRr2	/ibex/project/c2014/EmptyQuarter_Data/soil/amplicon_16S/novaseq_14_07_25/raw_reads/M-25-0353_16PRr2_UDP0082-UDP0082_L002_R1_001.fastq.gz;/ibex/project/c2014/EmptyQuarter_Data/soil/amplicon_16S/novaseq_14_07_25/raw_reads/M-25-0353_16PRr2_UDP0082-UDP0082_L002_R2_001.fastq.gz
26Dr2	/ibex/project/c2014/EmptyQuarter_Data/soil/amplicon_16S/novaseq_14_07_25/raw_reads/M-25-0391_26Dr2_UDP0135-UDP0135_L002_R1_001.fastq.gz;/ibex/project/c2014/EmptyQuarter_Data/soil/amplicon_16S/novaseq_14_07_25/raw_reads/M-25-0391_26Dr2_UDP0135-UDP0135_L002_R2_001.fastq.gz
52S	/ibex/project/c2014/EmptyQuarter_Data/soil/amplicon_16S/novaseq_14_07_25/raw_reads/M-25-0590_52S_SU0583-SU0583_L002_R1_001.fastq.gz;/ibex/project/c2014/EmptyQuarter_Data/soil/amplicon_16S/novaseq_14_07_25/raw_reads/M-25-0590_52S_SU0583-SU0583_L002_R2_001.fastq.gz
S48Dr1	/ibex/project/c2014/EmptyQuarter_Data/soil/amplicon_16S/novaseq_14_07_25/raw_reads/M-25-0726_S48Dr1_SU0046-SU0046_L002_R1_001.fastq.gz;/ibex/project/c2014/EmptyQuarter_Data/soil/amplicon_16S/novaseq_14_07_25/raw_reads/M-25-0726_S48Dr1_SU0046-SU0046_L002_R2_001.fastq.gz
1PRr2	/ibex/project/c2014/EmptyQuarter_Data/soil/amplicon_16S/novaseq_14_07_25/raw_reads/M-25-0366_1PRr2_UDP0006-UDP0006_L002_R1_001.fastq.gz;/ibex/project/c2014/EmptyQuarter_Data/soil/amplicon_16S/novaseq_14_07_25/raw_reads/M-25-0366_1PRr2_UDP0006-UDP0006_L002_R2_001.fastq.gz
39Sr3	/ibex/project/c2014/EmptyQuarter_Data/soil/amplicon_16S/novaseq_14_07_25/raw_reads/M-25-0456_39Sr3_UDP0377-UDP0377_L002_R1_001.fastq.gz;/ibex/project/c2014/EmptyQuarter_Data/soil/amplicon_16S/novaseq_14_07_25/raw_reads/M-25-0456_39Sr3_UDP0377-UDP0377_L002_R2_001.fastq.gz
39PRr2	/ibex/project/c2014/EmptyQuarter_Data/soil/amplicon_16S/novaseq_14_07_25/raw_reads/M-25-0853_39PRr2_SU0343-SU0343_L002_R1_001.fastq.gz;/ibex/project/c2014/EmptyQuarter_Data/soil/amplicon_16S/novaseq_14_07_25/raw_reads/M-25-0853_39PRr2_SU0343-SU0343_L002_R2_001.fastq.gz
S29Sr1	/ibex/project/c2014/EmptyQuarter_Data/soil/amplicon_16S/novaseq_14_07_25/raw_reads/M-25-0704_S29Sr1_SU0057-SU0057_L002_R1_001.fastq.gz;/ibex/project/c2014/EmptyQuarter_Data/soil/amplicon_16S/novaseq_14_07_25/raw_reads/M-25-0704_S29Sr1_SU0057-SU0057_L002_R2_001.fastq.gz
F43Dr1	/ibex/project/c2014/EmptyQuarter_Data/soil/amplicon_16S/novaseq_14_07_25/raw_reads/M-25-0785_F43Dr1_SU0355-SU0355_L002_R1_001.fastq.gz;/ibex/project/c2014/EmptyQuarter_Data/soil/amplicon_16S/novaseq_14_07_25/raw_reads/M-25-0785_F43Dr1_SU0355-SU0355_L002_R2_001.fastq.gz
S47Dr1	/ibex/project/c2014/EmptyQuarter_Data/soil/amplicon_16S/novaseq_14_07_25/raw_reads/M-25-0612_S47Dr1_SU0147-SU0147_L002_R1_001.fastq.gz;/ibex/project/c2014/EmptyQuarter_Data/soil/amplicon_16S/novaseq_14_07_25/raw_reads/M-25-0612_S47Dr1_SU0147-SU0147_L002_R2_001.fastq.gz
19Dr3	/ibex/project/c2014/EmptyQuarter_Data/soil/amplicon_16S/novaseq_14_07_25/raw_reads/M-25-0889_19Dr3_UDP0311-UDP0311_L002_R1_001.fastq.gz;/ibex/project/c2014/EmptyQuarter_Data/soil/amplicon_16S/novaseq_14_07_25/raw_reads/M-25-0889_19Dr3_UDP0311-UDP0311_L002_R2_001.fastq.gz
35Sr2	/ibex/project/c2014/EmptyQuarter_Data/soil/amplicon_16S/novaseq_14_07_25/raw_reads/M-25-0439_35Sr2_UDP0193-UDP0193_L002_R1_001.fastq.gz;/ibex/project/c2014/EmptyQuarter_Data/soil/amplicon_16S/novaseq_14_07_25/raw_reads/M-25-0439_35Sr2_UDP0193-UDP0193_L002_R2_001.fastq.gz
F31Sr3	/ibex/project/c2014/EmptyQuarter_Data/soil/amplicon_16S/novaseq_14_07_25/raw_reads/M-25-0779_F31Sr3_SU0501-SU0501_L002_R1_001.fastq.gz;/ibex/project/c2014/EmptyQuarter_Data/soil/amplicon_16S/novaseq_14_07_25/raw_reads/M-25-0779_F31Sr3_SU0501-SU0501_L002_R2_001.fastq.gz
S9PRr1	/ibex/project/c2014/EmptyQuarter_Data/soil/amplicon_16S/novaseq_14_07_25/raw_reads/M-25-0688_S9PRr1_SU0229-SU0229_L002_R1_001.fastq.gz;/ibex/project/c2014/EmptyQuarter_Data/soil/amplicon_16S/novaseq_14_07_25/raw_reads/M-25-0688_S9PRr1_SU0229-SU0229_L002_R2_001.fastq.gz
37Dr3	/ibex/project/c2014/EmptyQuarter_Data/soil/amplicon_16S/novaseq_14_07_25/raw_reads/M-25-0444_37Dr3_UDP0203-UDP0203_L002_R1_001.fastq.gz;/ibex/project/c2014/EmptyQuarter_Data/soil/amplicon_16S/novaseq_14_07_25/raw_reads/M-25-0444_37Dr3_UDP0203-UDP0203_L002_R2_001.fastq.gz
28Sr3	/ibex/project/c2014/EmptyQuarter_Data/soil/amplicon_16S/novaseq_14_07_25/raw_reads/M-25-0407_28Sr3_UDP0150-UDP0150_L002_R1_001.fastq.gz;/ibex/project/c2014/EmptyQuarter_Data/soil/amplicon_16S/novaseq_14_07_25/raw_reads/M-25-0407_28Sr3_UDP0150-UDP0150_L002_R2_001.fastq.gz
S7Dr1	/ibex/project/c2014/EmptyQuarter_Data/soil/amplicon_16S/novaseq_14_07_25/raw_reads/M-25-0714_S7Dr1_SU0256-SU0256_L002_R1_001.fastq.gz;/ibex/project/c2014/EmptyQuarter_Data/soil/amplicon_16S/novaseq_14_07_25/raw_reads/M-25-0714_S7Dr1_SU0256-SU0256_L002_R2_001.fastq.gz
S53Dr1	/ibex/project/c2014/EmptyQuarter_Data/soil/amplicon_16S/novaseq_14_07_25/raw_reads/M-25-0606_S53Dr1_SU0170-SU0170_L002_R1_001.fastq.gz;/ibex/project/c2014/EmptyQuarter_Data/soil/amplicon_16S/novaseq_14_07_25/raw_reads/M-25-0606_S53Dr1_SU0170-SU0170_L002_R2_001.fastq.gz
60Dr3	/ibex/project/c2014/EmptyQuarter_Data/soil/amplicon_16S/novaseq_14_07_25/raw_reads/M-25-0928_60Dr3_UDP0383-UDP0383_L002_R1_001.fastq.gz;/ibex/project/c2014/EmptyQuarter_Data/soil/amplicon_16S/novaseq_14_07_25/raw_reads/M-25-0928_60Dr3_UDP0383-UDP0383_L002_R2_001.fastq.gz
S14PRr1	/ibex/project/c2014/EmptyQuarter_Data/soil/amplicon_16S/novaseq_14_07_25/raw_reads/M-25-0715_S14PRr1_SU0268-SU0268_L002_R1_001.fastq.gz;/ibex/project/c2014/EmptyQuarter_Data/soil/amplicon_16S/novaseq_14_07_25/raw_reads/M-25-0715_S14PRr1_SU0268-SU0268_L002_R2_001.fastq.gz
13Sr2	/ibex/project/c2014/EmptyQuarter_Data/soil/amplicon_16S/novaseq_14_07_25/raw_reads/M-25-0338_13Sr2_UDP0063-UDP0063_L002_R1_001.fastq.gz;/ibex/project/c2014/EmptyQuarter_Data/soil/amplicon_16S/novaseq_14_07_25/raw_reads/M-25-0338_13Sr2_UDP0063-UDP0063_L002_R2_001.fastq.gz
GBF	/ibex/project/c2014/EmptyQuarter_Data/soil/amplicon_16S/novaseq_14_07_25/raw_reads/M-25-0571_GBF_SU0087-SU0087_L002_R1_001.fastq.gz;/ibex/project/c2014/EmptyQuarter_Data/soil/amplicon_16S/novaseq_14_07_25/raw_reads/M-25-0571_GBF_SU0087-SU0087_L002_R2_001.fastq.gz
10Sr3	/ibex/project/c2014/EmptyQuarter_Data/soil/amplicon_16S/novaseq_14_07_25/raw_reads/M-25-0328_10Sr3_UDP0046-UDP0046_L002_R1_001.fastq.gz;/ibex/project/c2014/EmptyQuarter_Data/soil/amplicon_16S/novaseq_14_07_25/raw_reads/M-25-0328_10Sr3_UDP0046-UDP0046_L002_R2_001.fastq.gz
S33Dr1	/ibex/project/c2014/EmptyQuarter_Data/soil/amplicon_16S/novaseq_14_07_25/raw_reads/M-25-0639_S33Dr1_SU0186-SU0186_L002_R1_001.fastq.gz;/ibex/project/c2014/EmptyQuarter_Data/soil/amplicon_16S/novaseq_14_07_25/raw_reads/M-25-0639_S33Dr1_SU0186-SU0186_L002_R2_001.fastq.gz
S42PRr1	/ibex/project/c2014/EmptyQuarter_Data/soil/amplicon_16S/novaseq_14_07_25/raw_reads/M-25-0765_S42PRr1_SU0215-SU0215_L002_R1_001.fastq.gz;/ibex/project/c2014/EmptyQuarter_Data/soil/amplicon_16S/novaseq_14_07_25/raw_reads/M-25-0765_S42PRr1_SU0215-SU0215_L002_R2_001.fastq.gz
14PRr2	/ibex/project/c2014/EmptyQuarter_Data/soil/amplicon_16S/novaseq_14_07_25/raw_reads/M-25-0342_14PRr2_UDP0070-UDP0070_L002_R1_001.fastq.gz;/ibex/project/c2014/EmptyQuarter_Data/soil/amplicon_16S/novaseq_14_07_25/raw_reads/M-25-0342_14PRr2_UDP0070-UDP0070_L002_R2_001.fastq.gz
S3Dr1	/ibex/project/c2014/EmptyQuarter_Data/soil/amplicon_16S/novaseq_14_07_25/raw_reads/M-25-0711_S3Dr1_SU0093-SU0093_L002_R1_001.fastq.gz;/ibex/project/c2014/EmptyQuarter_Data/soil/amplicon_16S/novaseq_14_07_25/raw_reads/M-25-0711_S3Dr1_SU0093-SU0093_L002_R2_001.fastq.gz
S27Dr1	/ibex/project/c2014/EmptyQuarter_Data/soil/amplicon_16S/novaseq_14_07_25/raw_reads/M-25-0644_S27Dr1_SU0163-SU0163_L002_R1_001.fastq.gz;/ibex/project/c2014/EmptyQuarter_Data/soil/amplicon_16S/novaseq_14_07_25/raw_reads/M-25-0644_S27Dr1_SU0163-SU0163_L002_R2_001.fastq.gz
34PRr1	/ibex/project/c2014/EmptyQuarter_Data/soil/amplicon_16S/novaseq_14_07_25/raw_reads/M-25-0433_34PRr1_UDP0188-UDP0188_L002_R1_001.fastq.gz;/ibex/project/c2014/EmptyQuarter_Data/soil/amplicon_16S/novaseq_14_07_25/raw_reads/M-25-0433_34PRr1_UDP0188-UDP0188_L002_R2_001.fastq.gz
62PRr2	/ibex/project/c2014/EmptyQuarter_Data/soil/amplicon_16S/novaseq_14_07_25/raw_reads/M-25-0530_62PRr2_UDP0354-UDP0354_L002_R1_001.fastq.gz;/ibex/project/c2014/EmptyQuarter_Data/soil/amplicon_16S/novaseq_14_07_25/raw_reads/M-25-0530_62PRr2_UDP0354-UDP0354_L002_R2_001.fastq.gz
S16Sr1	/ibex/project/c2014/EmptyQuarter_Data/soil/amplicon_16S/novaseq_14_07_25/raw_reads/M-25-0649_S16Sr1_SU0128-SU0128_L002_R1_001.fastq.gz;/ibex/project/c2014/EmptyQuarter_Data/soil/amplicon_16S/novaseq_14_07_25/raw_reads/M-25-0649_S16Sr1_SU0128-SU0128_L002_R2_001.fastq.gz
59-MR-WR1	/ibex/project/c2014/EmptyQuarter_Data/soil/amplicon_16S/novaseq_14_07_25/raw_reads/M-25-0568_59-MR-WR1_SU0044-SU0044_L002_R1_001.fastq.gz;/ibex/project/c2014/EmptyQuarter_Data/soil/amplicon_16S/novaseq_14_07_25/raw_reads/M-25-0568_59-MR-WR1_SU0044-SU0044_L002_R2_001.fastq.gz
S25Dr1	/ibex/project/c2014/EmptyQuarter_Data/soil/amplicon_16S/novaseq_14_07_25/raw_reads/M-25-0621_S25Dr1_SU0160-SU0160_L002_R1_001.fastq.gz;/ibex/project/c2014/EmptyQuarter_Data/soil/amplicon_16S/novaseq_14_07_25/raw_reads/M-25-0621_S25Dr1_SU0160-SU0160_L002_R2_001.fastq.gz
17Sr3	/ibex/project/c2014/EmptyQuarter_Data/soil/amplicon_16S/novaseq_14_07_25/raw_reads/M-25-0832_17Sr3_SU0364-SU0364_L002_R1_001.fastq.gz;/ibex/project/c2014/EmptyQuarter_Data/soil/amplicon_16S/novaseq_14_07_25/raw_reads/M-25-0832_17Sr3_SU0364-SU0364_L002_R2_001.fastq.gz
S41Dr1	/ibex/project/c2014/EmptyQuarter_Data/soil/amplicon_16S/novaseq_14_07_25/raw_reads/M-25-0636_S41Dr1_SU0150-SU0150_L002_R1_001.fastq.gz;/ibex/project/c2014/EmptyQuarter_Data/soil/amplicon_16S/novaseq_14_07_25/raw_reads/M-25-0636_S41Dr1_SU0150-SU0150_L002_R2_001.fastq.gz
S37Dr1	/ibex/project/c2014/EmptyQuarter_Data/soil/amplicon_16S/novaseq_14_07_25/raw_reads/M-25-0662_S37Dr1_SU0189-SU0189_L002_R1_001.fastq.gz;/ibex/project/c2014/EmptyQuarter_Data/soil/amplicon_16S/novaseq_14_07_25/raw_reads/M-25-0662_S37Dr1_SU0189-SU0189_L002_R2_001.fastq.gz
S8Sr1	/ibex/project/c2014/EmptyQuarter_Data/soil/amplicon_16S/novaseq_14_07_25/raw_reads/M-25-0676_S8Sr1_SU0167-SU0167_L002_R1_001.fastq.gz;/ibex/project/c2014/EmptyQuarter_Data/soil/amplicon_16S/novaseq_14_07_25/raw_reads/M-25-0676_S8Sr1_SU0167-SU0167_L002_R2_001.fastq.gz
25Dr3	/ibex/project/c2014/EmptyQuarter_Data/soil/amplicon_16S/novaseq_14_07_25/raw_reads/M-25-0386_25Dr3_UDP0130-UDP0130_L002_R1_001.fastq.gz;/ibex/project/c2014/EmptyQuarter_Data/soil/amplicon_16S/novaseq_14_07_25/raw_reads/M-25-0386_25Dr3_UDP0130-UDP0130_L002_R2_001.fastq.gz
43Dr2	/ibex/project/c2014/EmptyQuarter_Data/soil/amplicon_16S/novaseq_14_07_25/raw_reads/M-25-0471_43Dr2_UDP0237-UDP0237_L002_R1_001.fastq.gz;/ibex/project/c2014/EmptyQuarter_Data/soil/amplicon_16S/novaseq_14_07_25/raw_reads/M-25-0471_43Dr2_UDP0237-UDP0237_L002_R2_001.fastq.gz
S16PRr1	/ibex/project/c2014/EmptyQuarter_Data/soil/amplicon_16S/novaseq_14_07_25/raw_reads/M-25-0648_S16PRr1_SU0116-SU0116_L002_R1_001.fastq.gz;/ibex/project/c2014/EmptyQuarter_Data/soil/amplicon_16S/novaseq_14_07_25/raw_reads/M-25-0648_S16PRr1_SU0116-SU0116_L002_R2_001.fastq.gz
S46PRr1	/ibex/project/c2014/EmptyQuarter_Data/soil/amplicon_16S/novaseq_14_07_25/raw_reads/M-25-0607_S46PRr1_SU0182-SU0182_L002_R1_001.fastq.gz;/ibex/project/c2014/EmptyQuarter_Data/soil/amplicon_16S/novaseq_14_07_25/raw_reads/M-25-0607_S46PRr1_SU0182-SU0182_L002_R2_001.fastq.gz
60Dr2	/ibex/project/c2014/EmptyQuarter_Data/soil/amplicon_16S/novaseq_14_07_25/raw_reads/M-25-0927_60Dr2_UDP0382-UDP0382_L002_R1_001.fastq.gz;/ibex/project/c2014/EmptyQuarter_Data/soil/amplicon_16S/novaseq_14_07_25/raw_reads/M-25-0927_60Dr2_UDP0382-UDP0382_L002_R2_001.fastq.gz
S10Sr1	/ibex/project/c2014/EmptyQuarter_Data/soil/amplicon_16S/novaseq_14_07_25/raw_reads/M-25-0743_S10Sr1_SU0224-SU0224_L002_R1_001.fastq.gz;/ibex/project/c2014/EmptyQuarter_Data/soil/amplicon_16S/novaseq_14_07_25/raw_reads/M-25-0743_S10Sr1_SU0224-SU0224_L002_R2_001.fastq.gz
53Dr3	/ibex/project/c2014/EmptyQuarter_Data/soil/amplicon_16S/novaseq_14_07_25/raw_reads/M-25-0505_53Dr3_UDP0296-UDP0296_L002_R1_001.fastq.gz;/ibex/project/c2014/EmptyQuarter_Data/soil/amplicon_16S/novaseq_14_07_25/raw_reads/M-25-0505_53Dr3_UDP0296-UDP0296_L002_R2_001.fastq.gz
S10Dr1	/ibex/project/c2014/EmptyQuarter_Data/soil/amplicon_16S/novaseq_14_07_25/raw_reads/M-25-0744_S10Dr1_SU0236-SU0236_L002_R1_001.fastq.gz;/ibex/project/c2014/EmptyQuarter_Data/soil/amplicon_16S/novaseq_14_07_25/raw_reads/M-25-0744_S10Dr1_SU0236-SU0236_L002_R2_001.fastq.gz
44PRr3	/ibex/project/c2014/EmptyQuarter_Data/soil/amplicon_16S/novaseq_14_07_25/raw_reads/M-25-0475_44PRr3_UDP0248-UDP0248_L002_R1_001.fastq.gz;/ibex/project/c2014/EmptyQuarter_Data/soil/amplicon_16S/novaseq_14_07_25/raw_reads/M-25-0475_44PRr3_UDP0248-UDP0248_L002_R2_001.fastq.gz
37PRr3	/ibex/project/c2014/EmptyQuarter_Data/soil/amplicon_16S/novaseq_14_07_25/raw_reads/M-25-0446_37PRr3_UDP0207-UDP0207_L002_R1_001.fastq.gz;/ibex/project/c2014/EmptyQuarter_Data/soil/amplicon_16S/novaseq_14_07_25/raw_reads/M-25-0446_37PRr3_UDP0207-UDP0207_L002_R2_001.fastq.gz
38Dr3	/ibex/project/c2014/EmptyQuarter_Data/soil/amplicon_16S/novaseq_14_07_25/raw_reads/M-25-0450_38Dr3_UDP0209-UDP0209_L002_R1_001.fastq.gz;/ibex/project/c2014/EmptyQuarter_Data/soil/amplicon_16S/novaseq_14_07_25/raw_reads/M-25-0450_38Dr3_UDP0209-UDP0209_L002_R2_001.fastq.gz
S2Dr1	/ibex/project/c2014/EmptyQuarter_Data/soil/amplicon_16S/novaseq_14_07_25/raw_reads/M-25-0641_S2Dr1_SU0127-SU0127_L002_R1_001.fastq.gz;/ibex/project/c2014/EmptyQuarter_Data/soil/amplicon_16S/novaseq_14_07_25/raw_reads/M-25-0641_S2Dr1_SU0127-SU0127_L002_R2_001.fastq.gz
Ctrl-2	/ibex/project/c2014/EmptyQuarter_Data/soil/amplicon_16S/novaseq_14_07_25/raw_reads/M-25-0553_Ctrl-2_UDP0372-UDP0372_L002_R1_001.fastq.gz;/ibex/project/c2014/EmptyQuarter_Data/soil/amplicon_16S/novaseq_14_07_25/raw_reads/M-25-0553_Ctrl-2_UDP0372-UDP0372_L002_R2_001.fastq.gz
S49Sr1	/ibex/project/c2014/EmptyQuarter_Data/soil/amplicon_16S/novaseq_14_07_25/raw_reads/M-25-0664_S49Sr1_SU0118-SU0118_L002_R1_001.fastq.gz;/ibex/project/c2014/EmptyQuarter_Data/soil/amplicon_16S/novaseq_14_07_25/raw_reads/M-25-0664_S49Sr1_SU0118-SU0118_L002_R2_001.fastq.gz
6PRr2	/ibex/project/c2014/EmptyQuarter_Data/soil/amplicon_16S/novaseq_14_07_25/raw_reads/M-25-0541_6PRr2_UDP0029-UDP0029_L002_R1_001.fastq.gz;/ibex/project/c2014/EmptyQuarter_Data/soil/amplicon_16S/novaseq_14_07_25/raw_reads/M-25-0541_6PRr2_UDP0029-UDP0029_L002_R2_001.fastq.gz
43Dr1	/ibex/project/c2014/EmptyQuarter_Data/soil/amplicon_16S/novaseq_14_07_25/raw_reads/M-25-0470_43Dr1_UDP0236-UDP0236_L002_R1_001.fastq.gz;/ibex/project/c2014/EmptyQuarter_Data/soil/amplicon_16S/novaseq_14_07_25/raw_reads/M-25-0470_43Dr1_UDP0236-UDP0236_L002_R2_001.fastq.gz
51Sr2	/ibex/project/c2014/EmptyQuarter_Data/soil/amplicon_16S/novaseq_14_07_25/raw_reads/M-25-0920_51Sr2_UDP0357-UDP0357_L002_R1_001.fastq.gz;/ibex/project/c2014/EmptyQuarter_Data/soil/amplicon_16S/novaseq_14_07_25/raw_reads/M-25-0920_51Sr2_UDP0357-UDP0357_L002_R2_001.fastq.gz
3Sr1	/ibex/project/c2014/EmptyQuarter_Data/soil/amplicon_16S/novaseq_14_07_25/raw_reads/M-25-0811_3Sr1_SU0303-SU0303_L002_R1_001.fastq.gz;/ibex/project/c2014/EmptyQuarter_Data/soil/amplicon_16S/novaseq_14_07_25/raw_reads/M-25-0811_3Sr1_SU0303-SU0303_L002_R2_001.fastq.gz
F56Sr2	/ibex/project/c2014/EmptyQuarter_Data/soil/amplicon_16S/novaseq_14_07_25/raw_reads/M-25-0792_F56Sr2_SU0019-SU0019_L002_R1_001.fastq.gz;/ibex/project/c2014/EmptyQuarter_Data/soil/amplicon_16S/novaseq_14_07_25/raw_reads/M-25-0792_F56Sr2_SU0019-SU0019_L002_R2_001.fastq.gz
Neg-Ctrl-2-Trip2	/ibex/project/c2014/EmptyQuarter_Data/soil/amplicon_16S/novaseq_14_07_25/raw_reads/M-25-0871_Neg-Ctrl-2-Trip2_SU0347-SU0347_L002_R1_001.fastq.gz;/ibex/project/c2014/EmptyQuarter_Data/soil/amplicon_16S/novaseq_14_07_25/raw_reads/M-25-0871_Neg-Ctrl-2-Trip2_SU0347-SU0347_L002_R2_001.fastq.gz
S12Sr1	/ibex/project/c2014/EmptyQuarter_Data/soil/amplicon_16S/novaseq_14_07_25/raw_reads/M-25-0692_S12Sr1_SU0277-SU0277_L002_R1_001.fastq.gz;/ibex/project/c2014/EmptyQuarter_Data/soil/amplicon_16S/novaseq_14_07_25/raw_reads/M-25-0692_S12Sr1_SU0277-SU0277_L002_R2_001.fastq.gz
30Sr1	/ibex/project/c2014/EmptyQuarter_Data/soil/amplicon_16S/novaseq_14_07_25/raw_reads/M-25-0421_30Sr1_UDP0162-UDP0162_L002_R1_001.fastq.gz;/ibex/project/c2014/EmptyQuarter_Data/soil/amplicon_16S/novaseq_14_07_25/raw_reads/M-25-0421_30Sr1_UDP0162-UDP0162_L002_R2_001.fastq.gz
33Dr2	/ibex/project/c2014/EmptyQuarter_Data/soil/amplicon_16S/novaseq_14_07_25/raw_reads/M-25-0428_33Dr2_UDP0179-UDP0179_L002_R1_001.fastq.gz;/ibex/project/c2014/EmptyQuarter_Data/soil/amplicon_16S/novaseq_14_07_25/raw_reads/M-25-0428_33Dr2_UDP0179-UDP0179_L002_R2_001.fastq.gz
S45Sr1	/ibex/project/c2014/EmptyQuarter_Data/soil/amplicon_16S/novaseq_14_07_25/raw_reads/M-25-0667_S45Sr1_SU0154-SU0154_L002_R1_001.fastq.gz;/ibex/project/c2014/EmptyQuarter_Data/soil/amplicon_16S/novaseq_14_07_25/raw_reads/M-25-0667_S45Sr1_SU0154-SU0154_L002_R2_001.fastq.gz
S42Dr1	/ibex/project/c2014/EmptyQuarter_Data/soil/amplicon_16S/novaseq_14_07_25/raw_reads/M-25-0767_S42Dr1_SU0060-SU0060_L002_R1_001.fastq.gz;/ibex/project/c2014/EmptyQuarter_Data/soil/amplicon_16S/novaseq_14_07_25/raw_reads/M-25-0767_S42Dr1_SU0060-SU0060_L002_R2_001.fastq.gz
42PRr1	/ibex/project/c2014/EmptyQuarter_Data/soil/amplicon_16S/novaseq_14_07_25/raw_reads/M-25-0466_42PRr1_UDP0234-UDP0234_L002_R1_001.fastq.gz;/ibex/project/c2014/EmptyQuarter_Data/soil/amplicon_16S/novaseq_14_07_25/raw_reads/M-25-0466_42PRr1_UDP0234-UDP0234_L002_R2_001.fastq.gz
55Dr2	/ibex/project/c2014/EmptyQuarter_Data/soil/amplicon_16S/novaseq_14_07_25/raw_reads/M-25-0513_55Dr2_UDP0310-UDP0310_L002_R1_001.fastq.gz;/ibex/project/c2014/EmptyQuarter_Data/soil/amplicon_16S/novaseq_14_07_25/raw_reads/M-25-0513_55Dr2_UDP0310-UDP0310_L002_R2_001.fastq.gz
60-MR-MD2	/ibex/project/c2014/EmptyQuarter_Data/soil/amplicon_16S/novaseq_14_07_25/raw_reads/M-25-0561_60-MR-MD2_SU0061-SU0061_L002_R1_001.fastq.gz;/ibex/project/c2014/EmptyQuarter_Data/soil/amplicon_16S/novaseq_14_07_25/raw_reads/M-25-0561_60-MR-MD2_SU0061-SU0061_L002_R2_001.fastq.gz
31Sr2	/ibex/project/c2014/EmptyQuarter_Data/soil/amplicon_16S/novaseq_14_07_25/raw_reads/M-25-0426_31Sr2_UDP0169-UDP0169_L002_R1_001.fastq.gz;/ibex/project/c2014/EmptyQuarter_Data/soil/amplicon_16S/novaseq_14_07_25/raw_reads/M-25-0426_31Sr2_UDP0169-UDP0169_L002_R2_001.fastq.gz
60-MR-BF1	/ibex/project/c2014/EmptyQuarter_Data/soil/amplicon_16S/novaseq_14_07_25/raw_reads/M-25-0562_60-MR-BF1_SU0073-SU0073_L002_R1_001.fastq.gz;/ibex/project/c2014/EmptyQuarter_Data/soil/amplicon_16S/novaseq_14_07_25/raw_reads/M-25-0562_60-MR-BF1_SU0073-SU0073_L002_R2_001.fastq.gz
S11Dr1	/ibex/project/c2014/EmptyQuarter_Data/soil/amplicon_16S/novaseq_14_07_25/raw_reads/M-25-0680_S11Dr1_SU0120-SU0120_L002_R1_001.fastq.gz;/ibex/project/c2014/EmptyQuarter_Data/soil/amplicon_16S/novaseq_14_07_25/raw_reads/M-25-0680_S11Dr1_SU0120-SU0120_L002_R2_001.fastq.gz
29Dr1	/ibex/project/c2014/EmptyQuarter_Data/soil/amplicon_16S/novaseq_14_07_25/raw_reads/M-25-0408_29Dr1_UDP0376-UDP0376_L002_R1_001.fastq.gz;/ibex/project/c2014/EmptyQuarter_Data/soil/amplicon_16S/novaseq_14_07_25/raw_reads/M-25-0408_29Dr1_UDP0376-UDP0376_L002_R2_001.fastq.gz
6Sr2	/ibex/project/c2014/EmptyQuarter_Data/soil/amplicon_16S/novaseq_14_07_25/raw_reads/M-25-0542_6Sr2_UDP0028-UDP0028_L002_R1_001.fastq.gz;/ibex/project/c2014/EmptyQuarter_Data/soil/amplicon_16S/novaseq_14_07_25/raw_reads/M-25-0542_6Sr2_UDP0028-UDP0028_L002_R2_001.fastq.gz
T7PRr2	/ibex/project/c2014/EmptyQuarter_Data/soil/amplicon_16S/novaseq_14_07_25/raw_reads/M-25-0867_T7PRr2_SU0382-SU0382_L002_R1_001.fastq.gz;/ibex/project/c2014/EmptyQuarter_Data/soil/amplicon_16S/novaseq_14_07_25/raw_reads/M-25-0867_T7PRr2_SU0382-SU0382_L002_R2_001.fastq.gz
29PRr3	/ibex/project/c2014/EmptyQuarter_Data/soil/amplicon_16S/novaseq_14_07_25/raw_reads/M-25-0412_29PRr3_UDP0159-UDP0159_L002_R1_001.fastq.gz;/ibex/project/c2014/EmptyQuarter_Data/soil/amplicon_16S/novaseq_14_07_25/raw_reads/M-25-0412_29PRr3_UDP0159-UDP0159_L002_R2_001.fastq.gz
NTC-2	/ibex/project/c2014/EmptyQuarter_Data/soil/amplicon_16S/novaseq_14_07_25/raw_reads/M-25-0875_NTC-2_SU0312-SU0312_L002_R1_001.fastq.gz;/ibex/project/c2014/EmptyQuarter_Data/soil/amplicon_16S/novaseq_14_07_25/raw_reads/M-25-0875_NTC-2_SU0312-SU0312_L002_R2_001.fastq.gz
60-MR-WR1	/ibex/project/c2014/EmptyQuarter_Data/soil/amplicon_16S/novaseq_14_07_25/raw_reads/M-25-0563_60-MR-WR1_SU0085-SU0085_L002_R1_001.fastq.gz;/ibex/project/c2014/EmptyQuarter_Data/soil/amplicon_16S/novaseq_14_07_25/raw_reads/M-25-0563_60-MR-WR1_SU0085-SU0085_L002_R2_001.fastq.gz
54Dr2	/ibex/project/c2014/EmptyQuarter_Data/soil/amplicon_16S/novaseq_14_07_25/raw_reads/M-25-0923_54Dr2_UDP0361-UDP0361_L002_R1_001.fastq.gz;/ibex/project/c2014/EmptyQuarter_Data/soil/amplicon_16S/novaseq_14_07_25/raw_reads/M-25-0923_54Dr2_UDP0361-UDP0361_L002_R2_001.fastq.gz
20Sr3	/ibex/project/c2014/EmptyQuarter_Data/soil/amplicon_16S/novaseq_14_07_25/raw_reads/M-25-0894_20Sr3_UDP0323-UDP0323_L002_R1_001.fastq.gz;/ibex/project/c2014/EmptyQuarter_Data/soil/amplicon_16S/novaseq_14_07_25/raw_reads/M-25-0894_20Sr3_UDP0323-UDP0323_L002_R2_001.fastq.gz
S48Sr1	/ibex/project/c2014/EmptyQuarter_Data/soil/amplicon_16S/novaseq_14_07_25/raw_reads/M-25-0725_S48Sr1_SU0198-SU0198_L002_R1_001.fastq.gz;/ibex/project/c2014/EmptyQuarter_Data/soil/amplicon_16S/novaseq_14_07_25/raw_reads/M-25-0725_S48Sr1_SU0198-SU0198_L002_R2_001.fastq.gz
27Sr3	/ibex/project/c2014/EmptyQuarter_Data/soil/amplicon_16S/novaseq_14_07_25/raw_reads/M-25-0402_27Sr3_UDP0144-UDP0144_L002_R1_001.fastq.gz;/ibex/project/c2014/EmptyQuarter_Data/soil/amplicon_16S/novaseq_14_07_25/raw_reads/M-25-0402_27Sr3_UDP0144-UDP0144_L002_R2_001.fastq.gz
20PRr1	/ibex/project/c2014/EmptyQuarter_Data/soil/amplicon_16S/novaseq_14_07_25/raw_reads/M-25-0371_20PRr1_UDP0105-UDP0105_L002_R1_001.fastq.gz;/ibex/project/c2014/EmptyQuarter_Data/soil/amplicon_16S/novaseq_14_07_25/raw_reads/M-25-0371_20PRr1_UDP0105-UDP0105_L002_R2_001.fastq.gz
21Sr1	/ibex/project/c2014/EmptyQuarter_Data/soil/amplicon_16S/novaseq_14_07_25/raw_reads/M-25-0374_21Sr1_UDP0108-UDP0108_L002_R1_001.fastq.gz;/ibex/project/c2014/EmptyQuarter_Data/soil/amplicon_16S/novaseq_14_07_25/raw_reads/M-25-0374_21Sr1_UDP0108-UDP0108_L002_R2_001.fastq.gz
F41Dr3	/ibex/project/c2014/EmptyQuarter_Data/soil/amplicon_16S/novaseq_14_07_25/raw_reads/M-25-0784_F41Dr3_SU0502-SU0502_L002_R1_001.fastq.gz;/ibex/project/c2014/EmptyQuarter_Data/soil/amplicon_16S/novaseq_14_07_25/raw_reads/M-25-0784_F41Dr3_SU0502-SU0502_L002_R2_001.fastq.gz
S17Sr1	/ibex/project/c2014/EmptyQuarter_Data/soil/amplicon_16S/novaseq_14_07_25/raw_reads/M-25-0698_S17Sr1_SU0009-SU0009_L002_R1_001.fastq.gz;/ibex/project/c2014/EmptyQuarter_Data/soil/amplicon_16S/novaseq_14_07_25/raw_reads/M-25-0698_S17Sr1_SU0009-SU0009_L002_R2_001.fastq.gz
45PRr2	/ibex/project/c2014/EmptyQuarter_Data/soil/amplicon_16S/novaseq_14_07_25/raw_reads/M-25-0477_45PRr2_UDP0254-UDP0254_L002_R1_001.fastq.gz;/ibex/project/c2014/EmptyQuarter_Data/soil/amplicon_16S/novaseq_14_07_25/raw_reads/M-25-0477_45PRr2_UDP0254-UDP0254_L002_R2_001.fastq.gz
S12Dr1	/ibex/project/c2014/EmptyQuarter_Data/soil/amplicon_16S/novaseq_14_07_25/raw_reads/M-25-0693_S12Dr1_SU0194-SU0194_L002_R1_001.fastq.gz;/ibex/project/c2014/EmptyQuarter_Data/soil/amplicon_16S/novaseq_14_07_25/raw_reads/M-25-0693_S12Dr1_SU0194-SU0194_L002_R2_001.fastq.gz
24Sr2	/ibex/project/c2014/EmptyQuarter_Data/soil/amplicon_16S/novaseq_14_07_25/raw_reads/M-25-0840_24Sr2_SU0365-SU0365_L002_R1_001.fastq.gz;/ibex/project/c2014/EmptyQuarter_Data/soil/amplicon_16S/novaseq_14_07_25/raw_reads/M-25-0840_24Sr2_SU0365-SU0365_L002_R2_001.fastq.gz
50Dr2	/ibex/project/c2014/EmptyQuarter_Data/soil/amplicon_16S/novaseq_14_07_25/raw_reads/M-25-0496_50Dr2_UDP0276-UDP0276_L002_R1_001.fastq.gz;/ibex/project/c2014/EmptyQuarter_Data/soil/amplicon_16S/novaseq_14_07_25/raw_reads/M-25-0496_50Dr2_UDP0276-UDP0276_L002_R2_001.fastq.gz
S30Dr1	/ibex/project/c2014/EmptyQuarter_Data/soil/amplicon_16S/novaseq_14_07_25/raw_reads/M-25-0708_S30Dr1_SU0279-SU0279_L002_R1_001.fastq.gz;/ibex/project/c2014/EmptyQuarter_Data/soil/amplicon_16S/novaseq_14_07_25/raw_reads/M-25-0708_S30Dr1_SU0279-SU0279_L002_R2_001.fastq.gz
25D-4	/ibex/project/c2014/EmptyQuarter_Data/soil/amplicon_16S/novaseq_14_07_25/raw_reads/M-25-0580_25D-4_SU0609-SU0609_L002_R1_001.fastq.gz;/ibex/project/c2014/EmptyQuarter_Data/soil/amplicon_16S/novaseq_14_07_25/raw_reads/M-25-0580_25D-4_SU0609-SU0609_L002_R2_001.fastq.gz
S18Sr1	/ibex/project/c2014/EmptyQuarter_Data/soil/amplicon_16S/novaseq_14_07_25/raw_reads/M-25-0877_S18Sr1_SU0336-SU0336_L002_R1_001.fastq.gz;/ibex/project/c2014/EmptyQuarter_Data/soil/amplicon_16S/novaseq_14_07_25/raw_reads/M-25-0877_S18Sr1_SU0336-SU0336_L002_R2_001.fastq.gz
3Sr3	/ibex/project/c2014/EmptyQuarter_Data/soil/amplicon_16S/novaseq_14_07_25/raw_reads/M-25-0880_3Sr3_UDP0293-UDP0293_L002_R1_001.fastq.gz;/ibex/project/c2014/EmptyQuarter_Data/soil/amplicon_16S/novaseq_14_07_25/raw_reads/M-25-0880_3Sr3_UDP0293-UDP0293_L002_R2_001.fastq.gz
25D-7	/ibex/project/c2014/EmptyQuarter_Data/soil/amplicon_16S/novaseq_14_07_25/raw_reads/M-25-0583_25D-7_SU0645-SU0645_L002_R1_001.fastq.gz;/ibex/project/c2014/EmptyQuarter_Data/soil/amplicon_16S/novaseq_14_07_25/raw_reads/M-25-0583_25D-7_SU0645-SU0645_L002_R2_001.fastq.gz
S35Dr1	/ibex/project/c2014/EmptyQuarter_Data/soil/amplicon_16S/novaseq_14_07_25/raw_reads/M-25-0600_S35Dr1_SU0098-SU0098_L002_R1_001.fastq.gz;/ibex/project/c2014/EmptyQuarter_Data/soil/amplicon_16S/novaseq_14_07_25/raw_reads/M-25-0600_S35Dr1_SU0098-SU0098_L002_R2_001.fastq.gz
EB5	/ibex/project/c2014/EmptyQuarter_Data/soil/amplicon_16S/novaseq_14_07_25/raw_reads/M-25-0774_EB5_SU0264-SU0264_L002_R1_001.fastq.gz;/ibex/project/c2014/EmptyQuarter_Data/soil/amplicon_16S/novaseq_14_07_25/raw_reads/M-25-0774_EB5_SU0264-SU0264_L002_R2_001.fastq.gz
48Dr3	/ibex/project/c2014/EmptyQuarter_Data/soil/amplicon_16S/novaseq_14_07_25/raw_reads/M-25-0485_48Dr3_UDP0266-UDP0266_L002_R1_001.fastq.gz;/ibex/project/c2014/EmptyQuarter_Data/soil/amplicon_16S/novaseq_14_07_25/raw_reads/M-25-0485_48Dr3_UDP0266-UDP0266_L002_R2_001.fastq.gz
S37PRr1	/ibex/project/c2014/EmptyQuarter_Data/soil/amplicon_16S/novaseq_14_07_25/raw_reads/M-25-0660_S37PRr1_SU0165-SU0165_L002_R1_001.fastq.gz;/ibex/project/c2014/EmptyQuarter_Data/soil/amplicon_16S/novaseq_14_07_25/raw_reads/M-25-0660_S37PRr1_SU0165-SU0165_L002_R2_001.fastq.gz
60GI	/ibex/project/c2014/EmptyQuarter_Data/soil/amplicon_16S/novaseq_14_07_25/raw_reads/M-25-0569_60GI_SU0063-SU0063_L002_R1_001.fastq.gz;/ibex/project/c2014/EmptyQuarter_Data/soil/amplicon_16S/novaseq_14_07_25/raw_reads/M-25-0569_60GI_SU0063-SU0063_L002_R2_001.fastq.gz
T2Dr2	/ibex/project/c2014/EmptyQuarter_Data/soil/amplicon_16S/novaseq_14_07_25/raw_reads/M-25-0862_T2Dr2_SU0381-SU0381_L002_R1_001.fastq.gz;/ibex/project/c2014/EmptyQuarter_Data/soil/amplicon_16S/novaseq_14_07_25/raw_reads/M-25-0862_T2Dr2_SU0381-SU0381_L002_R2_001.fastq.gz
29S-1	/ibex/project/c2014/EmptyQuarter_Data/soil/amplicon_16S/novaseq_14_07_25/raw_reads/M-25-0588_29S-1_SU0658-SU0658_L002_R1_001.fastq.gz;/ibex/project/c2014/EmptyQuarter_Data/soil/amplicon_16S/novaseq_14_07_25/raw_reads/M-25-0588_29S-1_SU0658-SU0658_L002_R2_001.fastq.gz
S14Dr1	/ibex/project/c2014/EmptyQuarter_Data/soil/amplicon_16S/novaseq_14_07_25/raw_reads/M-25-0717_S14Dr1_SU0197-SU0197_L002_R1_001.fastq.gz;/ibex/project/c2014/EmptyQuarter_Data/soil/amplicon_16S/novaseq_14_07_25/raw_reads/M-25-0717_S14Dr1_SU0197-SU0197_L002_R2_001.fastq.gz
S33PRr1	/ibex/project/c2014/EmptyQuarter_Data/soil/amplicon_16S/novaseq_14_07_25/raw_reads/M-25-0637_S33PRr1_SU0162-SU0162_L002_R1_001.fastq.gz;/ibex/project/c2014/EmptyQuarter_Data/soil/amplicon_16S/novaseq_14_07_25/raw_reads/M-25-0637_S33PRr1_SU0162-SU0162_L002_R2_001.fastq.gz
59-MR-SRR1	/ibex/project/c2014/EmptyQuarter_Data/soil/amplicon_16S/novaseq_14_07_25/raw_reads/M-25-0560_59-MR-SRR1_SU0049-SU0049_L002_R1_001.fastq.gz;/ibex/project/c2014/EmptyQuarter_Data/soil/amplicon_16S/novaseq_14_07_25/raw_reads/M-25-0560_59-MR-SRR1_SU0049-SU0049_L002_R2_001.fastq.gz
26Dr1	/ibex/project/c2014/EmptyQuarter_Data/soil/amplicon_16S/novaseq_14_07_25/raw_reads/M-25-0390_26Dr1_UDP0134-UDP0134_L002_R1_001.fastq.gz;/ibex/project/c2014/EmptyQuarter_Data/soil/amplicon_16S/novaseq_14_07_25/raw_reads/M-25-0390_26Dr1_UDP0134-UDP0134_L002_R2_001.fastq.gz
S50Dr1	/ibex/project/c2014/EmptyQuarter_Data/soil/amplicon_16S/novaseq_14_07_25/raw_reads/M-25-0735_S50Dr1_SU0223-SU0223_L002_R1_001.fastq.gz;/ibex/project/c2014/EmptyQuarter_Data/soil/amplicon_16S/novaseq_14_07_25/raw_reads/M-25-0735_S50Dr1_SU0223-SU0223_L002_R2_001.fastq.gz
6PRr1	/ibex/project/c2014/EmptyQuarter_Data/soil/amplicon_16S/novaseq_14_07_25/raw_reads/M-25-0818_6PRr1_SU0315-SU0315_L002_R1_001.fastq.gz;/ibex/project/c2014/EmptyQuarter_Data/soil/amplicon_16S/novaseq_14_07_25/raw_reads/M-25-0818_6PRr1_SU0315-SU0315_L002_R2_001.fastq.gz
S46Sr1	/ibex/project/c2014/EmptyQuarter_Data/soil/amplicon_16S/novaseq_14_07_25/raw_reads/M-25-0608_S46Sr1_SU0099-SU0099_L002_R1_001.fastq.gz;/ibex/project/c2014/EmptyQuarter_Data/soil/amplicon_16S/novaseq_14_07_25/raw_reads/M-25-0608_S46Sr1_SU0099-SU0099_L002_R2_001.fastq.gz
44Dr2	/ibex/project/c2014/EmptyQuarter_Data/soil/amplicon_16S/novaseq_14_07_25/raw_reads/M-25-0474_44Dr2_UDP0243-UDP0243_L002_R1_001.fastq.gz;/ibex/project/c2014/EmptyQuarter_Data/soil/amplicon_16S/novaseq_14_07_25/raw_reads/M-25-0474_44Dr2_UDP0243-UDP0243_L002_R2_001.fastq.gz
S29PRr1	/ibex/project/c2014/EmptyQuarter_Data/soil/amplicon_16S/novaseq_14_07_25/raw_reads/M-25-0703_S29PRr1_SU0045-SU0045_L002_R1_001.fastq.gz;/ibex/project/c2014/EmptyQuarter_Data/soil/amplicon_16S/novaseq_14_07_25/raw_reads/M-25-0703_S29PRr1_SU0045-SU0045_L002_R2_001.fastq.gz
4PRr3	/ibex/project/c2014/EmptyQuarter_Data/soil/amplicon_16S/novaseq_14_07_25/raw_reads/M-25-0493_4PRr3_UDP0023-UDP0023_L002_R1_001.fastq.gz;/ibex/project/c2014/EmptyQuarter_Data/soil/amplicon_16S/novaseq_14_07_25/raw_reads/M-25-0493_4PRr3_UDP0023-UDP0023_L002_R2_001.fastq.gz
42PRr2	/ibex/project/c2014/EmptyQuarter_Data/soil/amplicon_16S/novaseq_14_07_25/raw_reads/M-25-0467_42PRr2_UDP0235-UDP0235_L002_R1_001.fastq.gz;/ibex/project/c2014/EmptyQuarter_Data/soil/amplicon_16S/novaseq_14_07_25/raw_reads/M-25-0467_42PRr2_UDP0235-UDP0235_L002_R2_001.fastq.gz
28D-1	/ibex/project/c2014/EmptyQuarter_Data/soil/amplicon_16S/novaseq_14_07_25/raw_reads/M-25-0586_28D-1_SU0622-SU0622_L002_R1_001.fastq.gz;/ibex/project/c2014/EmptyQuarter_Data/soil/amplicon_16S/novaseq_14_07_25/raw_reads/M-25-0586_28D-1_SU0622-SU0622_L002_R2_001.fastq.gz
11Dr1	/ibex/project/c2014/EmptyQuarter_Data/soil/amplicon_16S/novaseq_14_07_25/raw_reads/M-25-0885_11Dr1_UDP0301V2-UDP0301V2_L002_R1_001.fastq.gz;/ibex/project/c2014/EmptyQuarter_Data/soil/amplicon_16S/novaseq_14_07_25/raw_reads/M-25-0885_11Dr1_UDP0301V2-UDP0301V2_L002_R2_001.fastq.gz
49Sr3	/ibex/project/c2014/EmptyQuarter_Data/soil/amplicon_16S/novaseq_14_07_25/raw_reads/M-25-0489_49Sr3_UDP0273-UDP0273_L002_R1_001.fastq.gz;/ibex/project/c2014/EmptyQuarter_Data/soil/amplicon_16S/novaseq_14_07_25/raw_reads/M-25-0489_49Sr3_UDP0273-UDP0273_L002_R2_001.fastq.gz
10Dr2	/ibex/project/c2014/EmptyQuarter_Data/soil/amplicon_16S/novaseq_14_07_25/raw_reads/M-25-0325_10Dr2_UDP0044-UDP0044_L002_R1_001.fastq.gz;/ibex/project/c2014/EmptyQuarter_Data/soil/amplicon_16S/novaseq_14_07_25/raw_reads/M-25-0325_10Dr2_UDP0044-UDP0044_L002_R2_001.fastq.gz
S13Sr1	/ibex/project/c2014/EmptyQuarter_Data/soil/amplicon_16S/novaseq_14_07_25/raw_reads/M-25-0617_S13Sr1_SU0112-SU0112_L002_R1_001.fastq.gz;/ibex/project/c2014/EmptyQuarter_Data/soil/amplicon_16S/novaseq_14_07_25/raw_reads/M-25-0617_S13Sr1_SU0112-SU0112_L002_R2_001.fastq.gz
S9Sr1	/ibex/project/c2014/EmptyQuarter_Data/soil/amplicon_16S/novaseq_14_07_25/raw_reads/M-25-0689_S9Sr1_SU0241-SU0241_L002_R1_001.fastq.gz;/ibex/project/c2014/EmptyQuarter_Data/soil/amplicon_16S/novaseq_14_07_25/raw_reads/M-25-0689_S9Sr1_SU0241-SU0241_L002_R2_001.fastq.gz
17PRr3	/ibex/project/c2014/EmptyQuarter_Data/soil/amplicon_16S/novaseq_14_07_25/raw_reads/M-25-0833_17PRr3_SU0377-SU0377_L002_R1_001.fastq.gz;/ibex/project/c2014/EmptyQuarter_Data/soil/amplicon_16S/novaseq_14_07_25/raw_reads/M-25-0833_17PRr3_SU0377-SU0377_L002_R2_001.fastq.gz
S40Sr1	/ibex/project/c2014/EmptyQuarter_Data/soil/amplicon_16S/novaseq_14_07_25/raw_reads/M-25-0754_S40Sr1_SU0273-SU0273_L002_R1_001.fastq.gz;/ibex/project/c2014/EmptyQuarter_Data/soil/amplicon_16S/novaseq_14_07_25/raw_reads/M-25-0754_S40Sr1_SU0273-SU0273_L002_R2_001.fastq.gz
T25D	/ibex/project/c2014/EmptyQuarter_Data/soil/amplicon_16S/novaseq_14_07_25/raw_reads/M-25-0574_T25D_SU0596-SU0596_L002_R1_001.fastq.gz;/ibex/project/c2014/EmptyQuarter_Data/soil/amplicon_16S/novaseq_14_07_25/raw_reads/M-25-0574_T25D_SU0596-SU0596_L002_R2_001.fastq.gz
30Sr3	/ibex/project/c2014/EmptyQuarter_Data/soil/amplicon_16S/novaseq_14_07_25/raw_reads/M-25-0422_30Sr3_UDP0164-UDP0164_L002_R1_001.fastq.gz;/ibex/project/c2014/EmptyQuarter_Data/soil/amplicon_16S/novaseq_14_07_25/raw_reads/M-25-0422_30Sr3_UDP0164-UDP0164_L002_R2_001.fastq.gz
S17Dr1	/ibex/project/c2014/EmptyQuarter_Data/soil/amplicon_16S/novaseq_14_07_25/raw_reads/M-25-0699_S17Dr1_SU0021-SU0021_L002_R1_001.fastq.gz;/ibex/project/c2014/EmptyQuarter_Data/soil/amplicon_16S/novaseq_14_07_25/raw_reads/M-25-0699_S17Dr1_SU0021-SU0021_L002_R2_001.fastq.gz
38Sr3	/ibex/project/c2014/EmptyQuarter_Data/soil/amplicon_16S/novaseq_14_07_25/raw_reads/M-25-0911_38Sr3_UDP0346-UDP0346_L002_R1_001.fastq.gz;/ibex/project/c2014/EmptyQuarter_Data/soil/amplicon_16S/novaseq_14_07_25/raw_reads/M-25-0911_38Sr3_UDP0346-UDP0346_L002_R2_001.fastq.gz
S49PRr1	/ibex/project/c2014/EmptyQuarter_Data/soil/amplicon_16S/novaseq_14_07_25/raw_reads/M-25-0663_S49PRr1_SU0106-SU0106_L002_R1_001.fastq.gz;/ibex/project/c2014/EmptyQuarter_Data/soil/amplicon_16S/novaseq_14_07_25/raw_reads/M-25-0663_S49PRr1_SU0106-SU0106_L002_R2_001.fastq.gz
S37Sr1	/ibex/project/c2014/EmptyQuarter_Data/soil/amplicon_16S/novaseq_14_07_25/raw_reads/M-25-0661_S37Sr1_SU0177-SU0177_L002_R1_001.fastq.gz;/ibex/project/c2014/EmptyQuarter_Data/soil/amplicon_16S/novaseq_14_07_25/raw_reads/M-25-0661_S37Sr1_SU0177-SU0177_L002_R2_001.fastq.gz
S9Dr1	/ibex/project/c2014/EmptyQuarter_Data/soil/amplicon_16S/novaseq_14_07_25/raw_reads/M-25-0690_S9Dr1_SU0253-SU0253_L002_R1_001.fastq.gz;/ibex/project/c2014/EmptyQuarter_Data/soil/amplicon_16S/novaseq_14_07_25/raw_reads/M-25-0690_S9Dr1_SU0253-SU0253_L002_R2_001.fastq.gz
33PRr2	/ibex/project/c2014/EmptyQuarter_Data/soil/amplicon_16S/novaseq_14_07_25/raw_reads/M-25-0430_33PRr2_UDP0183-UDP0183_L002_R1_001.fastq.gz;/ibex/project/c2014/EmptyQuarter_Data/soil/amplicon_16S/novaseq_14_07_25/raw_reads/M-25-0430_33PRr2_UDP0183-UDP0183_L002_R2_001.fastq.gz
27Dr1	/ibex/project/c2014/EmptyQuarter_Data/soil/amplicon_16S/novaseq_14_07_25/raw_reads/M-25-0397_27Dr1_UDP0141-UDP0141_L002_R1_001.fastq.gz;/ibex/project/c2014/EmptyQuarter_Data/soil/amplicon_16S/novaseq_14_07_25/raw_reads/M-25-0397_27Dr1_UDP0141-UDP0141_L002_R2_001.fastq.gz
S50PRr1	/ibex/project/c2014/EmptyQuarter_Data/soil/amplicon_16S/novaseq_14_07_25/raw_reads/M-25-0733_S50PRr1_SU0199-SU0199_L002_R1_001.fastq.gz;/ibex/project/c2014/EmptyQuarter_Data/soil/amplicon_16S/novaseq_14_07_25/raw_reads/M-25-0733_S50PRr1_SU0199-SU0199_L002_R2_001.fastq.gz
23PRr2	/ibex/project/c2014/EmptyQuarter_Data/soil/amplicon_16S/novaseq_14_07_25/raw_reads/M-25-0897_23PRr2_UDP0327-UDP0327_L002_R1_001.fastq.gz;/ibex/project/c2014/EmptyQuarter_Data/soil/amplicon_16S/novaseq_14_07_25/raw_reads/M-25-0897_23PRr2_UDP0327-UDP0327_L002_R2_001.fastq.gz
T28S	/ibex/project/c2014/EmptyQuarter_Data/soil/amplicon_16S/novaseq_14_07_25/raw_reads/M-25-0576_T28S_SU0632-SU0632_L002_R1_001.fastq.gz;/ibex/project/c2014/EmptyQuarter_Data/soil/amplicon_16S/novaseq_14_07_25/raw_reads/M-25-0576_T28S_SU0632-SU0632_L002_R2_001.fastq.gz
28Sr2	/ibex/project/c2014/EmptyQuarter_Data/soil/amplicon_16S/novaseq_14_07_25/raw_reads/M-25-0406_28Sr2_UDP0149-UDP0149_L002_R1_001.fastq.gz;/ibex/project/c2014/EmptyQuarter_Data/soil/amplicon_16S/novaseq_14_07_25/raw_reads/M-25-0406_28Sr2_UDP0149-UDP0149_L002_R2_001.fastq.gz
7Dr2	/ibex/project/c2014/EmptyQuarter_Data/soil/amplicon_16S/novaseq_14_07_25/raw_reads/M-25-0882_7Dr2_UDP0297-UDP0297_L002_R1_001.fastq.gz;/ibex/project/c2014/EmptyQuarter_Data/soil/amplicon_16S/novaseq_14_07_25/raw_reads/M-25-0882_7Dr2_UDP0297-UDP0297_L002_R2_001.fastq.gz
9Sr1	/ibex/project/c2014/EmptyQuarter_Data/soil/amplicon_16S/novaseq_14_07_25/raw_reads/M-25-0550_9Sr1_UDP0038-UDP0038_L002_R1_001.fastq.gz;/ibex/project/c2014/EmptyQuarter_Data/soil/amplicon_16S/novaseq_14_07_25/raw_reads/M-25-0550_9Sr1_UDP0038-UDP0038_L002_R2_001.fastq.gz
S44Dr1	/ibex/project/c2014/EmptyQuarter_Data/soil/amplicon_16S/novaseq_14_07_25/raw_reads/M-25-0630_S44Dr1_SU0173-SU0173_L002_R1_001.fastq.gz;/ibex/project/c2014/EmptyQuarter_Data/soil/amplicon_16S/novaseq_14_07_25/raw_reads/M-25-0630_S44Dr1_SU0173-SU0173_L002_R2_001.fastq.gz
S41Sr1	/ibex/project/c2014/EmptyQuarter_Data/soil/amplicon_16S/novaseq_14_07_25/raw_reads/M-25-0635_S41Sr1_SU0138-SU0138_L002_R1_001.fastq.gz;/ibex/project/c2014/EmptyQuarter_Data/soil/amplicon_16S/novaseq_14_07_25/raw_reads/M-25-0635_S41Sr1_SU0138-SU0138_L002_R2_001.fastq.gz
S12PRr1	/ibex/project/c2014/EmptyQuarter_Data/soil/amplicon_16S/novaseq_14_07_25/raw_reads/M-25-0691_S12PRr1_SU0265-SU0265_L002_R1_001.fastq.gz;/ibex/project/c2014/EmptyQuarter_Data/soil/amplicon_16S/novaseq_14_07_25/raw_reads/M-25-0691_S12PRr1_SU0265-SU0265_L002_R2_001.fastq.gz
36Sr1	/ibex/project/c2014/EmptyQuarter_Data/soil/amplicon_16S/novaseq_14_07_25/raw_reads/M-25-0910_36Sr1_UDP0345-UDP0345_L002_R1_001.fastq.gz;/ibex/project/c2014/EmptyQuarter_Data/soil/amplicon_16S/novaseq_14_07_25/raw_reads/M-25-0910_36Sr1_UDP0345-UDP0345_L002_R2_001.fastq.gz
S47PRr1	/ibex/project/c2014/EmptyQuarter_Data/soil/amplicon_16S/novaseq_14_07_25/raw_reads/M-25-0610_S47PRr1_SU0123-SU0123_L002_R1_001.fastq.gz;/ibex/project/c2014/EmptyQuarter_Data/soil/amplicon_16S/novaseq_14_07_25/raw_reads/M-25-0610_S47PRr1_SU0123-SU0123_L002_R2_001.fastq.gz
S59Sr1	/ibex/project/c2014/EmptyQuarter_Data/soil/amplicon_16S/novaseq_14_07_25/raw_reads/M-25-0670_S59Sr1_SU0190-SU0190_L002_R1_001.fastq.gz;/ibex/project/c2014/EmptyQuarter_Data/soil/amplicon_16S/novaseq_14_07_25/raw_reads/M-25-0670_S59Sr1_SU0190-SU0190_L002_R2_001.fastq.gz
15Dr1	/ibex/project/c2014/EmptyQuarter_Data/soil/amplicon_16S/novaseq_14_07_25/raw_reads/M-25-0344_15Dr1_UDP0071-UDP0071_L002_R1_001.fastq.gz;/ibex/project/c2014/EmptyQuarter_Data/soil/amplicon_16S/novaseq_14_07_25/raw_reads/M-25-0344_15Dr1_UDP0071-UDP0071_L002_R2_001.fastq.gz
17Dr1	/ibex/project/c2014/EmptyQuarter_Data/soil/amplicon_16S/novaseq_14_07_25/raw_reads/M-25-0356_17Dr1_UDP0084-UDP0084_L002_R1_001.fastq.gz;/ibex/project/c2014/EmptyQuarter_Data/soil/amplicon_16S/novaseq_14_07_25/raw_reads/M-25-0356_17Dr1_UDP0084-UDP0084_L002_R2_001.fastq.gz
56Dr1	/ibex/project/c2014/EmptyQuarter_Data/soil/amplicon_16S/novaseq_14_07_25/raw_reads/M-25-0516_56Dr1_UDP0315-UDP0315_L002_R1_001.fastq.gz;/ibex/project/c2014/EmptyQuarter_Data/soil/amplicon_16S/novaseq_14_07_25/raw_reads/M-25-0516_56Dr1_UDP0315-UDP0315_L002_R2_001.fastq.gz
14Dr2	/ibex/project/c2014/EmptyQuarter_Data/soil/amplicon_16S/novaseq_14_07_25/raw_reads/M-25-0827_14Dr2_SU0292-SU0292_L002_R1_001.fastq.gz;/ibex/project/c2014/EmptyQuarter_Data/soil/amplicon_16S/novaseq_14_07_25/raw_reads/M-25-0827_14Dr2_SU0292-SU0292_L002_R2_001.fastq.gz
S19PRr1	/ibex/project/c2014/EmptyQuarter_Data/soil/amplicon_16S/novaseq_14_07_25/raw_reads/M-25-0759_S19PRr1_SU0024-SU0024_L002_R1_001.fastq.gz;/ibex/project/c2014/EmptyQuarter_Data/soil/amplicon_16S/novaseq_14_07_25/raw_reads/M-25-0759_S19PRr1_SU0024-SU0024_L002_R2_001.fastq.gz
5Dr2	/ibex/project/c2014/EmptyQuarter_Data/soil/amplicon_16S/novaseq_14_07_25/raw_reads/M-25-0814_5Dr2_SU0302-SU0302_L002_R1_001.fastq.gz;/ibex/project/c2014/EmptyQuarter_Data/soil/amplicon_16S/novaseq_14_07_25/raw_reads/M-25-0814_5Dr2_SU0302-SU0302_L002_R2_001.fastq.gz
17PRr2	/ibex/project/c2014/EmptyQuarter_Data/soil/amplicon_16S/novaseq_14_07_25/raw_reads/M-25-0358_17PRr2_UDP0089-UDP0089_L002_R1_001.fastq.gz;/ibex/project/c2014/EmptyQuarter_Data/soil/amplicon_16S/novaseq_14_07_25/raw_reads/M-25-0358_17PRr2_UDP0089-UDP0089_L002_R2_001.fastq.gz
27Dr2	/ibex/project/c2014/EmptyQuarter_Data/soil/amplicon_16S/novaseq_14_07_25/raw_reads/M-25-0842_27Dr2_SU0306-SU0306_L002_R1_001.fastq.gz;/ibex/project/c2014/EmptyQuarter_Data/soil/amplicon_16S/novaseq_14_07_25/raw_reads/M-25-0842_27Dr2_SU0306-SU0306_L002_R2_001.fastq.gz
29Dr3	/ibex/project/c2014/EmptyQuarter_Data/soil/amplicon_16S/novaseq_14_07_25/raw_reads/M-25-0410_29Dr3_UDP0154-UDP0154_L002_R1_001.fastq.gz;/ibex/project/c2014/EmptyQuarter_Data/soil/amplicon_16S/novaseq_14_07_25/raw_reads/M-25-0410_29Dr3_UDP0154-UDP0154_L002_R2_001.fastq.gz
5Sr2	/ibex/project/c2014/EmptyQuarter_Data/soil/amplicon_16S/novaseq_14_07_25/raw_reads/M-25-0815_5Sr2_SU0314-SU0314_L002_R1_001.fastq.gz;/ibex/project/c2014/EmptyQuarter_Data/soil/amplicon_16S/novaseq_14_07_25/raw_reads/M-25-0815_5Sr2_SU0314-SU0314_L002_R2_001.fastq.gz
S5Dr1	/ibex/project/c2014/EmptyQuarter_Data/soil/amplicon_16S/novaseq_14_07_25/raw_reads/M-25-0741_S5Dr1_SU0200-SU0200_L002_R1_001.fastq.gz;/ibex/project/c2014/EmptyQuarter_Data/soil/amplicon_16S/novaseq_14_07_25/raw_reads/M-25-0741_S5Dr1_SU0200-SU0200_L002_R2_001.fastq.gz
S5Sr1	/ibex/project/c2014/EmptyQuarter_Data/soil/amplicon_16S/novaseq_14_07_25/raw_reads/M-25-0740_S5Sr1_SU0094-SU0094_L002_R1_001.fastq.gz;/ibex/project/c2014/EmptyQuarter_Data/soil/amplicon_16S/novaseq_14_07_25/raw_reads/M-25-0740_S5Sr1_SU0094-SU0094_L002_R2_001.fastq.gz
F55Sr1	/ibex/project/c2014/EmptyQuarter_Data/soil/amplicon_16S/novaseq_14_07_25/raw_reads/M-25-0791_F55Sr1_SU0491-SU0491_L002_R1_001.fastq.gz;/ibex/project/c2014/EmptyQuarter_Data/soil/amplicon_16S/novaseq_14_07_25/raw_reads/M-25-0791_F55Sr1_SU0491-SU0491_L002_R2_001.fastq.gz
26PRr3	/ibex/project/c2014/EmptyQuarter_Data/soil/amplicon_16S/novaseq_14_07_25/raw_reads/M-25-0394_26PRr3_UDP0140-UDP0140_L002_R1_001.fastq.gz;/ibex/project/c2014/EmptyQuarter_Data/soil/amplicon_16S/novaseq_14_07_25/raw_reads/M-25-0394_26PRr3_UDP0140-UDP0140_L002_R2_001.fastq.gz
24PRr2	/ibex/project/c2014/EmptyQuarter_Data/soil/amplicon_16S/novaseq_14_07_25/raw_reads/M-25-0384_24PRr2_UDP0127-UDP0127_L002_R1_001.fastq.gz;/ibex/project/c2014/EmptyQuarter_Data/soil/amplicon_16S/novaseq_14_07_25/raw_reads/M-25-0384_24PRr2_UDP0127-UDP0127_L002_R2_001.fastq.gz
55PRr3	/ibex/project/c2014/EmptyQuarter_Data/soil/amplicon_16S/novaseq_14_07_25/raw_reads/M-25-0514_55PRr3_UDP0314-UDP0314_L002_R1_001.fastq.gz;/ibex/project/c2014/EmptyQuarter_Data/soil/amplicon_16S/novaseq_14_07_25/raw_reads/M-25-0514_55PRr3_UDP0314-UDP0314_L002_R2_001.fastq.gz
T8PRr1	/ibex/project/c2014/EmptyQuarter_Data/soil/amplicon_16S/novaseq_14_07_25/raw_reads/M-25-0869_T8PRr1_SU0323-SU0323_L002_R1_001.fastq.gz;/ibex/project/c2014/EmptyQuarter_Data/soil/amplicon_16S/novaseq_14_07_25/raw_reads/M-25-0869_T8PRr1_SU0323-SU0323_L002_R2_001.fastq.gz
57Sr2	/ibex/project/c2014/EmptyQuarter_Data/soil/amplicon_16S/novaseq_14_07_25/raw_reads/M-25-0926_57Sr2_UDP0380-UDP0380_L002_R1_001.fastq.gz;/ibex/project/c2014/EmptyQuarter_Data/soil/amplicon_16S/novaseq_14_07_25/raw_reads/M-25-0926_57Sr2_UDP0380-UDP0380_L002_R2_001.fastq.gz
12Sr1	/ibex/project/c2014/EmptyQuarter_Data/soil/amplicon_16S/novaseq_14_07_25/raw_reads/M-25-0334_12Sr1_UDP0057-UDP0057_L002_R1_001.fastq.gz;/ibex/project/c2014/EmptyQuarter_Data/soil/amplicon_16S/novaseq_14_07_25/raw_reads/M-25-0334_12Sr1_UDP0057-UDP0057_L002_R2_001.fastq.gz
S48PRr1	/ibex/project/c2014/EmptyQuarter_Data/soil/amplicon_16S/novaseq_14_07_25/raw_reads/M-25-0724_S48PRr1_SU0281-SU0281_L002_R1_001.fastq.gz;/ibex/project/c2014/EmptyQuarter_Data/soil/amplicon_16S/novaseq_14_07_25/raw_reads/M-25-0724_S48PRr1_SU0281-SU0281_L002_R2_001.fastq.gz
F47PRr1	/ibex/project/c2014/EmptyQuarter_Data/soil/amplicon_16S/novaseq_14_07_25/raw_reads/M-25-0787_F47PRr1_SU0538-SU0538_L002_R1_001.fastq.gz;/ibex/project/c2014/EmptyQuarter_Data/soil/amplicon_16S/novaseq_14_07_25/raw_reads/M-25-0787_F47PRr1_SU0538-SU0538_L002_R2_001.fastq.gz
S26PRr1	/ibex/project/c2014/EmptyQuarter_Data/soil/amplicon_16S/novaseq_14_07_25/raw_reads/M-25-0762_S26PRr1_SU0274-SU0274_L002_R1_001.fastq.gz;/ibex/project/c2014/EmptyQuarter_Data/soil/amplicon_16S/novaseq_14_07_25/raw_reads/M-25-0762_S26PRr1_SU0274-SU0274_L002_R2_001.fastq.gz
F56Sr3	/ibex/project/c2014/EmptyQuarter_Data/soil/amplicon_16S/novaseq_14_07_25/raw_reads/M-25-0793_F56Sr3_SU0031-SU0031_L002_R1_001.fastq.gz;/ibex/project/c2014/EmptyQuarter_Data/soil/amplicon_16S/novaseq_14_07_25/raw_reads/M-25-0793_F56Sr3_SU0031-SU0031_L002_R2_001.fastq.gz
30PRr3	/ibex/project/c2014/EmptyQuarter_Data/soil/amplicon_16S/novaseq_14_07_25/raw_reads/M-25-0420_30PRr3_UDP0166-UDP0166_L002_R1_001.fastq.gz;/ibex/project/c2014/EmptyQuarter_Data/soil/amplicon_16S/novaseq_14_07_25/raw_reads/M-25-0420_30PRr3_UDP0166-UDP0166_L002_R2_001.fastq.gz
5Dr1	/ibex/project/c2014/EmptyQuarter_Data/soil/amplicon_16S/novaseq_14_07_25/raw_reads/M-25-0526_5Dr1_UDP0024-UDP0024_L002_R1_001.fastq.gz;/ibex/project/c2014/EmptyQuarter_Data/soil/amplicon_16S/novaseq_14_07_25/raw_reads/M-25-0526_5Dr1_UDP0024-UDP0024_L002_R2_001.fastq.gz
9Dr3	/ibex/project/c2014/EmptyQuarter_Data/soil/amplicon_16S/novaseq_14_07_25/raw_reads/M-25-0547_9Dr3_UDP0037-UDP0037_L002_R1_001.fastq.gz;/ibex/project/c2014/EmptyQuarter_Data/soil/amplicon_16S/novaseq_14_07_25/raw_reads/M-25-0547_9Dr3_UDP0037-UDP0037_L002_R2_001.fastq.gz
19Dr2	/ibex/project/c2014/EmptyQuarter_Data/soil/amplicon_16S/novaseq_14_07_25/raw_reads/M-25-0363_19Dr2_UDP0096-UDP0096_L002_R1_001.fastq.gz;/ibex/project/c2014/EmptyQuarter_Data/soil/amplicon_16S/novaseq_14_07_25/raw_reads/M-25-0363_19Dr2_UDP0096-UDP0096_L002_R2_001.fastq.gz
18Dr2	/ibex/project/c2014/EmptyQuarter_Data/soil/amplicon_16S/novaseq_14_07_25/raw_reads/M-25-0834_18Dr2_SU0293-SU0293_L002_R1_001.fastq.gz;/ibex/project/c2014/EmptyQuarter_Data/soil/amplicon_16S/novaseq_14_07_25/raw_reads/M-25-0834_18Dr2_SU0293-SU0293_L002_R2_001.fastq.gz
S39PRr1	/ibex/project/c2014/EmptyQuarter_Data/soil/amplicon_16S/novaseq_14_07_25/raw_reads/M-25-0730_S39PRr1_SU0258-SU0258_L002_R1_001.fastq.gz;/ibex/project/c2014/EmptyQuarter_Data/soil/amplicon_16S/novaseq_14_07_25/raw_reads/M-25-0730_S39PRr1_SU0258-SU0258_L002_R2_001.fastq.gz
50Sr3	/ibex/project/c2014/EmptyQuarter_Data/soil/amplicon_16S/novaseq_14_07_25/raw_reads/M-25-0499_50Sr3_UDP0278-UDP0278_L002_R1_001.fastq.gz;/ibex/project/c2014/EmptyQuarter_Data/soil/amplicon_16S/novaseq_14_07_25/raw_reads/M-25-0499_50Sr3_UDP0278-UDP0278_L002_R2_001.fastq.gz
50PRr2	/ibex/project/c2014/EmptyQuarter_Data/soil/amplicon_16S/novaseq_14_07_25/raw_reads/M-25-0497_50PRr2_UDP0280-UDP0280_L002_R1_001.fastq.gz;/ibex/project/c2014/EmptyQuarter_Data/soil/amplicon_16S/novaseq_14_07_25/raw_reads/M-25-0497_50PRr2_UDP0280-UDP0280_L002_R2_001.fastq.gz
15Sr1	/ibex/project/c2014/EmptyQuarter_Data/soil/amplicon_16S/novaseq_14_07_25/raw_reads/M-25-0349_15Sr1_UDP0073-UDP0073_L002_R1_001.fastq.gz;/ibex/project/c2014/EmptyQuarter_Data/soil/amplicon_16S/novaseq_14_07_25/raw_reads/M-25-0349_15Sr1_UDP0073-UDP0073_L002_R2_001.fastq.gz
28Dr3	/ibex/project/c2014/EmptyQuarter_Data/soil/amplicon_16S/novaseq_14_07_25/raw_reads/M-25-0404_28Dr3_UDP0148-UDP0148_L002_R1_001.fastq.gz;/ibex/project/c2014/EmptyQuarter_Data/soil/amplicon_16S/novaseq_14_07_25/raw_reads/M-25-0404_28Dr3_UDP0148-UDP0148_L002_R2_001.fastq.gz
S38Dr1	/ibex/project/c2014/EmptyQuarter_Data/soil/amplicon_16S/novaseq_14_07_25/raw_reads/M-25-0633_S38Dr1_SU0114-SU0114_L002_R1_001.fastq.gz;/ibex/project/c2014/EmptyQuarter_Data/soil/amplicon_16S/novaseq_14_07_25/raw_reads/M-25-0633_S38Dr1_SU0114-SU0114_L002_R2_001.fastq.gz
S57Sr1	/ibex/project/c2014/EmptyQuarter_Data/soil/amplicon_16S/novaseq_14_07_25/raw_reads/M-25-0655_S57Sr1_SU0105-SU0105_L002_R1_001.fastq.gz;/ibex/project/c2014/EmptyQuarter_Data/soil/amplicon_16S/novaseq_14_07_25/raw_reads/M-25-0655_S57Sr1_SU0105-SU0105_L002_R2_001.fastq.gz
4Dr2	/ibex/project/c2014/EmptyQuarter_Data/soil/amplicon_16S/novaseq_14_07_25/raw_reads/M-25-0881_4Dr2_UDP0294-UDP0294_L002_R1_001.fastq.gz;/ibex/project/c2014/EmptyQuarter_Data/soil/amplicon_16S/novaseq_14_07_25/raw_reads/M-25-0881_4Dr2_UDP0294-UDP0294_L002_R2_001.fastq.gz
56Dr3	/ibex/project/c2014/EmptyQuarter_Data/soil/amplicon_16S/novaseq_14_07_25/raw_reads/M-25-0517_56Dr3_UDP0316-UDP0316_L002_R1_001.fastq.gz;/ibex/project/c2014/EmptyQuarter_Data/soil/amplicon_16S/novaseq_14_07_25/raw_reads/M-25-0517_56Dr3_UDP0316-UDP0316_L002_R2_001.fastq.gz
S41PRr1	/ibex/project/c2014/EmptyQuarter_Data/soil/amplicon_16S/novaseq_14_07_25/raw_reads/M-25-0634_S41PRr1_SU0126-SU0126_L002_R1_001.fastq.gz;/ibex/project/c2014/EmptyQuarter_Data/soil/amplicon_16S/novaseq_14_07_25/raw_reads/M-25-0634_S41PRr1_SU0126-SU0126_L002_R2_001.fastq.gz
37PRr2	/ibex/project/c2014/EmptyQuarter_Data/soil/amplicon_16S/novaseq_14_07_25/raw_reads/M-25-0445_37PRr2_UDP0206-UDP0206_L002_R1_001.fastq.gz;/ibex/project/c2014/EmptyQuarter_Data/soil/amplicon_16S/novaseq_14_07_25/raw_reads/M-25-0445_37PRr2_UDP0206-UDP0206_L002_R2_001.fastq.gz
37Dr2	/ibex/project/c2014/EmptyQuarter_Data/soil/amplicon_16S/novaseq_14_07_25/raw_reads/M-25-0443_37Dr2_UDP0202-UDP0202_L002_R1_001.fastq.gz;/ibex/project/c2014/EmptyQuarter_Data/soil/amplicon_16S/novaseq_14_07_25/raw_reads/M-25-0443_37Dr2_UDP0202-UDP0202_L002_R2_001.fastq.gz
S26Sr1	/ibex/project/c2014/EmptyQuarter_Data/soil/amplicon_16S/novaseq_14_07_25/raw_reads/M-25-0763_S26Sr1_SU0286-SU0286_L002_R1_001.fastq.gz;/ibex/project/c2014/EmptyQuarter_Data/soil/amplicon_16S/novaseq_14_07_25/raw_reads/M-25-0763_S26Sr1_SU0286-SU0286_L002_R2_001.fastq.gz
49Dr2	/ibex/project/c2014/EmptyQuarter_Data/soil/amplicon_16S/novaseq_14_07_25/raw_reads/M-25-0487_49Dr2_UDP0270-UDP0270_L002_R1_001.fastq.gz;/ibex/project/c2014/EmptyQuarter_Data/soil/amplicon_16S/novaseq_14_07_25/raw_reads/M-25-0487_49Dr2_UDP0270-UDP0270_L002_R2_001.fastq.gz
12Dr3	/ibex/project/c2014/EmptyQuarter_Data/soil/amplicon_16S/novaseq_14_07_25/raw_reads/M-25-0888_12Dr3_UDP0309-UDP0309_L002_R1_001.fastq.gz;/ibex/project/c2014/EmptyQuarter_Data/soil/amplicon_16S/novaseq_14_07_25/raw_reads/M-25-0888_12Dr3_UDP0309-UDP0309_L002_R2_001.fastq.gz
23PRr1	/ibex/project/c2014/EmptyQuarter_Data/soil/amplicon_16S/novaseq_14_07_25/raw_reads/M-25-0839_23PRr1_SU0353-SU0353_L002_R1_001.fastq.gz;/ibex/project/c2014/EmptyQuarter_Data/soil/amplicon_16S/novaseq_14_07_25/raw_reads/M-25-0839_23PRr1_SU0353-SU0353_L002_R2_001.fastq.gz
S55Dr1	/ibex/project/c2014/EmptyQuarter_Data/soil/amplicon_16S/novaseq_14_07_25/raw_reads/M-25-0627_S55Dr1_SU0137-SU0137_L002_R1_001.fastq.gz;/ibex/project/c2014/EmptyQuarter_Data/soil/amplicon_16S/novaseq_14_07_25/raw_reads/M-25-0627_S55Dr1_SU0137-SU0137_L002_R2_001.fastq.gz
