entity_iri	entity_role	canonical_key	key_sha256	sample_id	source_sheet	source_row
https://rubalkhali.science/kb/RAK_PH_SOURCE_3ee4b9020b9f8570fc5fdc28093b67f839b72b0bc7e0b172e463d01eb4f80b0d	source	ph-measurement-v1|source|0986fdde4af4635252ead8f601e8725749228c0adf4f906e08b364801ab08398	3ee4b9020b9f8570fc5fdc28093b67f839b72b0bc7e0b172e463d01eb4f80b0d			
https://rubalkhali.science/kb/RAK_PH_PROTOCOL_21b33e6a049affde216901505fa96e34b2d6f5e350226d4d4d66bccc99877876	protocol	ph-measurement-v1|protocol|EQ-PH-CACL2-1G-v1.0.0	21b33e6a049affde216901505fa96e34b2d6f5e350226d4d4d66bccc99877876			
https://rubalkhali.science/kb/RAK_PH_DEVICE_244be48280819c197dc7048e9d3e673b5f5d466bd9893442fbf74ef05584b125	device	ph-measurement-v1|device|accumet-AB315-probe3	244be48280819c197dc7048e9d3e673b5f5d466bd9893442fbf74ef05584b125			
https://rubalkhali.science/kb/RAK_PH_SESSION_766c7e5cec16d7e4f6238710e8b3f1a71168ad59eeb4caa6940c8b890633ba27	session	ph-measurement-v1|session|1|2026-07-21|97.4|10.06	766c7e5cec16d7e4f6238710e8b3f1a71168ad59eeb4caa6940c8b890633ba27		Trip 1	2
https://rubalkhali.science/kb/RAK_PH_PROCESS_df3887599d1d18fa31b79f9f834c43df92c88fa53cd401215991ed7cdee48ee0	process	ph-measurement-v1|process|trip1|1Sr1|2026-07-21|EQ-PH-CACL2-1G-v1.0.0	df3887599d1d18fa31b79f9f834c43df92c88fa53cd401215991ed7cdee48ee0	1Sr1	Trip 1	2
https://rubalkhali.science/kb/RAK_PH_QUALITY_af983a22a8168f3c8554172240d2fb565fd7ee1b63a868a4cf692c8c2fda7a8d	quality	ph-measurement-v1|quality|trip1|1Sr1|2026-07-21|EQ-PH-CACL2-1G-v1.0.0	af983a22a8168f3c8554172240d2fb565fd7ee1b63a868a4cf692c8c2fda7a8d	1Sr1	Trip 1	2
https://rubalkhali.science/kb/RAK_PH_VALUE_11a779a45483e95f6676fce2c39fe9baa8cc3b6ee8a4a00a16e662a08c1c1e2e	value	ph-measurement-v1|value|trip1|1Sr1|2026-07-21|EQ-PH-CACL2-1G-v1.0.0	11a779a45483e95f6676fce2c39fe9baa8cc3b6ee8a4a00a16e662a08c1c1e2e	1Sr1	Trip 1	2
https://rubalkhali.science/kb/RAK_PH_PROCESS_2da37306e1f6f0beaabfef2d35cab098e62e670b3a8a3b8317248b16113e60be	process	ph-measurement-v1|process|trip1|1Sr2|2026-07-21|EQ-PH-CACL2-1G-v1.0.0	2da37306e1f6f0beaabfef2d35cab098e62e670b3a8a3b8317248b16113e60be	1Sr2	Trip 1	3
https://rubalkhali.science/kb/RAK_PH_QUALITY_40cd93c2b9e6b3a363b67c5998f313946ee7dcff119bb7194a3c4d85f51e30f3	quality	ph-measurement-v1|quality|trip1|1Sr2|2026-07-21|EQ-PH-CACL2-1G-v1.0.0	40cd93c2b9e6b3a363b67c5998f313946ee7dcff119bb7194a3c4d85f51e30f3	1Sr2	Trip 1	3
https://rubalkhali.science/kb/RAK_PH_VALUE_d520eea386e3b406026d9a649441b093ad37907320ed4456c57b9a665730c9f9	value	ph-measurement-v1|value|trip1|1Sr2|2026-07-21|EQ-PH-CACL2-1G-v1.0.0	d520eea386e3b406026d9a649441b093ad37907320ed4456c57b9a665730c9f9	1Sr2	Trip 1	3
https://rubalkhali.science/kb/RAK_PH_PROCESS_bc860e8bbaa3825a3ec50b68722338b5276af0a125c7610bd1dafd910665acb1	process	ph-measurement-v1|process|trip1|1Sr3|2026-07-21|EQ-PH-CACL2-1G-v1.0.0	bc860e8bbaa3825a3ec50b68722338b5276af0a125c7610bd1dafd910665acb1	1Sr3	Trip 1	4
https://rubalkhali.science/kb/RAK_PH_QUALITY_ea62024b51052ed8a5ab52aa937f11376b0dfbe46075f2e6e9812896fe182e3f	quality	ph-measurement-v1|quality|trip1|1Sr3|2026-07-21|EQ-PH-CACL2-1G-v1.0.0	ea62024b51052ed8a5ab52aa937f11376b0dfbe46075f2e6e9812896fe182e3f	1Sr3	Trip 1	4
https://rubalkhali.science/kb/RAK_PH_VALUE_983086b7a8b8c472059ae61a8f566171107f88cdc26de9b2cb7c3be95dc0aa6a	value	ph-measurement-v1|value|trip1|1Sr3|2026-07-21|EQ-PH-CACL2-1G-v1.0.0	983086b7a8b8c472059ae61a8f566171107f88cdc26de9b2cb7c3be95dc0aa6a	1Sr3	Trip 1	4
https://rubalkhali.science/kb/RAK_PH_PROCESS_05baf4d9f45edca9bebe07356caffab594c98d707be9965a1e417ecaecd11184	process	ph-measurement-v1|process|trip1|1Dr1|2026-07-21|EQ-PH-CACL2-1G-v1.0.0	05baf4d9f45edca9bebe07356caffab594c98d707be9965a1e417ecaecd11184	1Dr1	Trip 1	5
https://rubalkhali.science/kb/RAK_PH_QUALITY_c249f8c178ad97d255e21e5871e829c3aded5c6890950dff0bd5d41492c67f69	quality	ph-measurement-v1|quality|trip1|1Dr1|2026-07-21|EQ-PH-CACL2-1G-v1.0.0	c249f8c178ad97d255e21e5871e829c3aded5c6890950dff0bd5d41492c67f69	1Dr1	Trip 1	5
https://rubalkhali.science/kb/RAK_PH_VALUE_e185aa0df0628e1f9cc47ac6ec3cf173ede8b5b0567327497c3353e071e0bd38	value	ph-measurement-v1|value|trip1|1Dr1|2026-07-21|EQ-PH-CACL2-1G-v1.0.0	e185aa0df0628e1f9cc47ac6ec3cf173ede8b5b0567327497c3353e071e0bd38	1Dr1	Trip 1	5
https://rubalkhali.science/kb/RAK_PH_PROCESS_78a0560d07c6ec4ec0c07e95681bfca820b44eb0ea0bdf0949c8269524a84b60	process	ph-measurement-v1|process|trip1|1Dr2|2026-07-21|EQ-PH-CACL2-1G-v1.0.0	78a0560d07c6ec4ec0c07e95681bfca820b44eb0ea0bdf0949c8269524a84b60	1Dr2	Trip 1	6
https://rubalkhali.science/kb/RAK_PH_QUALITY_0aa7cad1b97af4563c64b073301e61b8c0a457406502d3eca4ab4a9de2fb424a	quality	ph-measurement-v1|quality|trip1|1Dr2|2026-07-21|EQ-PH-CACL2-1G-v1.0.0	0aa7cad1b97af4563c64b073301e61b8c0a457406502d3eca4ab4a9de2fb424a	1Dr2	Trip 1	6
https://rubalkhali.science/kb/RAK_PH_VALUE_2dd21b7ee3194cbe193d0d8f2c612a04959f5e10baa737850ff628df602709da	value	ph-measurement-v1|value|trip1|1Dr2|2026-07-21|EQ-PH-CACL2-1G-v1.0.0	2dd21b7ee3194cbe193d0d8f2c612a04959f5e10baa737850ff628df602709da	1Dr2	Trip 1	6
https://rubalkhali.science/kb/RAK_PH_PROCESS_52487a8e9849ffffc9d48f8fd4b32e7194e5b5f54018d58b9bf43f0a73bef3dd	process	ph-measurement-v1|process|trip1|1Dr3|2026-07-21|EQ-PH-CACL2-1G-v1.0.0	52487a8e9849ffffc9d48f8fd4b32e7194e5b5f54018d58b9bf43f0a73bef3dd	1Dr3	Trip 1	7
https://rubalkhali.science/kb/RAK_PH_QUALITY_d705252644c5fb43a7cc0b9b877b2803ce55cc370f6f64f927f1ce3d3c82fa2c	quality	ph-measurement-v1|quality|trip1|1Dr3|2026-07-21|EQ-PH-CACL2-1G-v1.0.0	d705252644c5fb43a7cc0b9b877b2803ce55cc370f6f64f927f1ce3d3c82fa2c	1Dr3	Trip 1	7
https://rubalkhali.science/kb/RAK_PH_VALUE_f983e039a59b5544aaa581ff346accd07f401384602a3c563fd00a33d3277492	value	ph-measurement-v1|value|trip1|1Dr3|2026-07-21|EQ-PH-CACL2-1G-v1.0.0	f983e039a59b5544aaa581ff346accd07f401384602a3c563fd00a33d3277492	1Dr3	Trip 1	7
https://rubalkhali.science/kb/RAK_PH_PROCESS_caecab7fd1ea7a029bc534966f14c4fd9f7d030f778ca4267a1c67f0952cd4f5	process	ph-measurement-v1|process|trip1|1PRr3|2026-07-21|EQ-PH-CACL2-1G-v1.0.0	caecab7fd1ea7a029bc534966f14c4fd9f7d030f778ca4267a1c67f0952cd4f5	1PRr3	Trip 1	9
https://rubalkhali.science/kb/RAK_PH_QUALITY_7ed6f8c3db02f0a0306490be262f8681b3c1f3ed3064753ec317be1271dea752	quality	ph-measurement-v1|quality|trip1|1PRr3|2026-07-21|EQ-PH-CACL2-1G-v1.0.0	7ed6f8c3db02f0a0306490be262f8681b3c1f3ed3064753ec317be1271dea752	1PRr3	Trip 1	9
https://rubalkhali.science/kb/RAK_PH_VALUE_b54e2a0679107fec7c681161a951a611cc1f00caa45b6faf555d7cb12562215b	value	ph-measurement-v1|value|trip1|1PRr3|2026-07-21|EQ-PH-CACL2-1G-v1.0.0	b54e2a0679107fec7c681161a951a611cc1f00caa45b6faf555d7cb12562215b	1PRr3	Trip 1	9
https://rubalkhali.science/kb/RAK_PH_SESSION_08f29ce6fc42637b71d6ae4fbd3ef694a8e159d0b792e6ae4b8a8098a2c68ab6	session	ph-measurement-v1|session|1|2026-07-22|96.1|10.06	08f29ce6fc42637b71d6ae4fbd3ef694a8e159d0b792e6ae4b8a8098a2c68ab6		Trip 1	10
https://rubalkhali.science/kb/RAK_PH_PROCESS_c31aa1d81c5e581dbfb84e129a800bd103b02a487a1471bdb934bd6823022f55	process	ph-measurement-v1|process|trip1|2Sr1|2026-07-22|EQ-PH-CACL2-1G-v1.0.0	c31aa1d81c5e581dbfb84e129a800bd103b02a487a1471bdb934bd6823022f55	2Sr1	Trip 1	10
https://rubalkhali.science/kb/RAK_PH_QUALITY_0f95c1a94bcd37f3efaf6382ddd739db18e61c20d5d3159feb1162290fa30c9e	quality	ph-measurement-v1|quality|trip1|2Sr1|2026-07-22|EQ-PH-CACL2-1G-v1.0.0	0f95c1a94bcd37f3efaf6382ddd739db18e61c20d5d3159feb1162290fa30c9e	2Sr1	Trip 1	10
https://rubalkhali.science/kb/RAK_PH_VALUE_d773e36bf5db165636da61130dd8e6fec2791635273f0e6f9d900fc0be6ab533	value	ph-measurement-v1|value|trip1|2Sr1|2026-07-22|EQ-PH-CACL2-1G-v1.0.0	d773e36bf5db165636da61130dd8e6fec2791635273f0e6f9d900fc0be6ab533	2Sr1	Trip 1	10
https://rubalkhali.science/kb/RAK_PH_PROCESS_e30c64327dbc033563c5748c9b3cd147fd867e71ae15d6d307379f341b20cf56	process	ph-measurement-v1|process|trip1|2Dr2|2026-07-22|EQ-PH-CACL2-1G-v1.0.0	e30c64327dbc033563c5748c9b3cd147fd867e71ae15d6d307379f341b20cf56	2Dr2	Trip 1	13
https://rubalkhali.science/kb/RAK_PH_QUALITY_c13143b2b06ad5f00b612d4bea50c0a745fd32d7b6abca2a1259d3c550b963e3	quality	ph-measurement-v1|quality|trip1|2Dr2|2026-07-22|EQ-PH-CACL2-1G-v1.0.0	c13143b2b06ad5f00b612d4bea50c0a745fd32d7b6abca2a1259d3c550b963e3	2Dr2	Trip 1	13
https://rubalkhali.science/kb/RAK_PH_VALUE_f6b5546098570e5cc95957b350b0fdf70d27d78e013947fb61527bbe902e338e	value	ph-measurement-v1|value|trip1|2Dr2|2026-07-22|EQ-PH-CACL2-1G-v1.0.0	f6b5546098570e5cc95957b350b0fdf70d27d78e013947fb61527bbe902e338e	2Dr2	Trip 1	13
https://rubalkhali.science/kb/RAK_PH_PROCESS_73122de5f94616512080abdda21a4183a9e1ed032b734ef5583562566881dd42	process	ph-measurement-v1|process|trip1|2PRr2|2026-07-22|EQ-PH-CACL2-1G-v1.0.0	73122de5f94616512080abdda21a4183a9e1ed032b734ef5583562566881dd42	2PRr2	Trip 1	16
https://rubalkhali.science/kb/RAK_PH_QUALITY_43ff9ad641bc8117bf5e3d2ac63cb7c7bb06f906ab0a862ddd905311e7ef8f9d	quality	ph-measurement-v1|quality|trip1|2PRr2|2026-07-22|EQ-PH-CACL2-1G-v1.0.0	43ff9ad641bc8117bf5e3d2ac63cb7c7bb06f906ab0a862ddd905311e7ef8f9d	2PRr2	Trip 1	16
https://rubalkhali.science/kb/RAK_PH_VALUE_d5a24e6e252649105ee1ada914b2cf06b406ae90ca7950999e9e62846fe752f7	value	ph-measurement-v1|value|trip1|2PRr2|2026-07-22|EQ-PH-CACL2-1G-v1.0.0	d5a24e6e252649105ee1ada914b2cf06b406ae90ca7950999e9e62846fe752f7	2PRr2	Trip 1	16
https://rubalkhali.science/kb/RAK_PH_PROCESS_0f987e27d805121ffa40b0d102bc1a08fc5db745aa1b3353bfa03a4963737b53	process	ph-measurement-v1|process|trip1|3Sr1|2026-07-22|EQ-PH-CACL2-1G-v1.0.0	0f987e27d805121ffa40b0d102bc1a08fc5db745aa1b3353bfa03a4963737b53	3Sr1	Trip 1	17
https://rubalkhali.science/kb/RAK_PH_QUALITY_9437daa91efa3f3a4112935cd0f091a802e6451981bb077141fa056b4234c1cc	quality	ph-measurement-v1|quality|trip1|3Sr1|2026-07-22|EQ-PH-CACL2-1G-v1.0.0	9437daa91efa3f3a4112935cd0f091a802e6451981bb077141fa056b4234c1cc	3Sr1	Trip 1	17
https://rubalkhali.science/kb/RAK_PH_VALUE_5b430c613a865c685e3d69775d480abe87f9f7183cea6b1199f37b73f1a35b1d	value	ph-measurement-v1|value|trip1|3Sr1|2026-07-22|EQ-PH-CACL2-1G-v1.0.0	5b430c613a865c685e3d69775d480abe87f9f7183cea6b1199f37b73f1a35b1d	3Sr1	Trip 1	17
https://rubalkhali.science/kb/RAK_PH_PROCESS_981898bbe6fad565aa376d45e5e864b57932ab53877f6dc3bb366eb31aace915	process	ph-measurement-v1|process|trip1|3Dr2|2026-07-22|EQ-PH-CACL2-1G-v1.0.0	981898bbe6fad565aa376d45e5e864b57932ab53877f6dc3bb366eb31aace915	3Dr2	Trip 1	19
https://rubalkhali.science/kb/RAK_PH_QUALITY_b24a6ffd1ce418193eddd5a8ec522d82a26fb547de7a5a4aeb5d40cf5bb54e1a	quality	ph-measurement-v1|quality|trip1|3Dr2|2026-07-22|EQ-PH-CACL2-1G-v1.0.0	b24a6ffd1ce418193eddd5a8ec522d82a26fb547de7a5a4aeb5d40cf5bb54e1a	3Dr2	Trip 1	19
https://rubalkhali.science/kb/RAK_PH_VALUE_1a6abe234d6957b9c93e84062572184738279637733549e8d7032d7b391753dc	value	ph-measurement-v1|value|trip1|3Dr2|2026-07-22|EQ-PH-CACL2-1G-v1.0.0	1a6abe234d6957b9c93e84062572184738279637733549e8d7032d7b391753dc	3Dr2	Trip 1	19
https://rubalkhali.science/kb/RAK_PH_PROCESS_33c97edc938180cdc8bc867bb4b9c4fab61a7a8126fca01a32bfd2927e29dac1	process	ph-measurement-v1|process|trip1|3PRr1|2026-07-22|EQ-PH-CACL2-1G-v1.0.0	33c97edc938180cdc8bc867bb4b9c4fab61a7a8126fca01a32bfd2927e29dac1	3PRr1	Trip 1	21
https://rubalkhali.science/kb/RAK_PH_QUALITY_6c15ba9ec25033c07e25ff5ca0bbad63f8a3a0a534ee66577c97f51d2e7b0473	quality	ph-measurement-v1|quality|trip1|3PRr1|2026-07-22|EQ-PH-CACL2-1G-v1.0.0	6c15ba9ec25033c07e25ff5ca0bbad63f8a3a0a534ee66577c97f51d2e7b0473	3PRr1	Trip 1	21
https://rubalkhali.science/kb/RAK_PH_VALUE_17566380cbc3d17fea64316c0a5d4f94a4fefac24e7df17bbe70ef43020a96ee	value	ph-measurement-v1|value|trip1|3PRr1|2026-07-22|EQ-PH-CACL2-1G-v1.0.0	17566380cbc3d17fea64316c0a5d4f94a4fefac24e7df17bbe70ef43020a96ee	3PRr1	Trip 1	21
https://rubalkhali.science/kb/RAK_PH_PROCESS_0261a126fe13b1b400e442c8c958860ededfecdf3a61d3554bebb8a8f1687463	process	ph-measurement-v1|process|trip1|4Sr1|2026-07-22|EQ-PH-CACL2-1G-v1.0.0	0261a126fe13b1b400e442c8c958860ededfecdf3a61d3554bebb8a8f1687463	4Sr1	Trip 1	24
https://rubalkhali.science/kb/RAK_PH_QUALITY_52c3d0a8883929da35b5dd653084bcbe0e9c80a27d15e14e910ff040dc4ca4de	quality	ph-measurement-v1|quality|trip1|4Sr1|2026-07-22|EQ-PH-CACL2-1G-v1.0.0	52c3d0a8883929da35b5dd653084bcbe0e9c80a27d15e14e910ff040dc4ca4de	4Sr1	Trip 1	24
https://rubalkhali.science/kb/RAK_PH_VALUE_95a5faa6a73165600e0da07f5442350ea73c3eb491750cc105068a6c88866de3	value	ph-measurement-v1|value|trip1|4Sr1|2026-07-22|EQ-PH-CACL2-1G-v1.0.0	95a5faa6a73165600e0da07f5442350ea73c3eb491750cc105068a6c88866de3	4Sr1	Trip 1	24
https://rubalkhali.science/kb/RAK_PH_PROCESS_09dc52acd310c515dcbccc46cf79a87a8c91779f85a8444948dc12404d586860	process	ph-measurement-v1|process|trip1|4Dr1|2026-07-22|EQ-PH-CACL2-1G-v1.0.0	09dc52acd310c515dcbccc46cf79a87a8c91779f85a8444948dc12404d586860	4Dr1	Trip 1	25
https://rubalkhali.science/kb/RAK_PH_QUALITY_a70a4d6ec8d30f760534417b8d63ea9ac228151acd442547bc803fc7c9a17a50	quality	ph-measurement-v1|quality|trip1|4Dr1|2026-07-22|EQ-PH-CACL2-1G-v1.0.0	a70a4d6ec8d30f760534417b8d63ea9ac228151acd442547bc803fc7c9a17a50	4Dr1	Trip 1	25
https://rubalkhali.science/kb/RAK_PH_VALUE_7762b4d8a03c73512449c3434272c842d01a94253a9c81f9ce6b944625dae0bc	value	ph-measurement-v1|value|trip1|4Dr1|2026-07-22|EQ-PH-CACL2-1G-v1.0.0	7762b4d8a03c73512449c3434272c842d01a94253a9c81f9ce6b944625dae0bc	4Dr1	Trip 1	25
https://rubalkhali.science/kb/RAK_PH_PROCESS_790826b7cb538a38dec8ad7a788f463ce9d1b9522234319fd136a6a246f33568	process	ph-measurement-v1|process|trip1|4PRr1|2026-07-22|EQ-PH-CACL2-1G-v1.0.0	790826b7cb538a38dec8ad7a788f463ce9d1b9522234319fd136a6a246f33568	4PRr1	Trip 1	28
https://rubalkhali.science/kb/RAK_PH_QUALITY_813a40831b1ffa6c9dab8ea26a6d23cbb53e7d071ad9d36764f16bcefbdd1f02	quality	ph-measurement-v1|quality|trip1|4PRr1|2026-07-22|EQ-PH-CACL2-1G-v1.0.0	813a40831b1ffa6c9dab8ea26a6d23cbb53e7d071ad9d36764f16bcefbdd1f02	4PRr1	Trip 1	28
https://rubalkhali.science/kb/RAK_PH_VALUE_5064760a9115c068306131c5c9d509f4a1cf468a5cb09a7529a01b0f2ee09718	value	ph-measurement-v1|value|trip1|4PRr1|2026-07-22|EQ-PH-CACL2-1G-v1.0.0	5064760a9115c068306131c5c9d509f4a1cf468a5cb09a7529a01b0f2ee09718	4PRr1	Trip 1	28
https://rubalkhali.science/kb/RAK_PH_PROCESS_2204242d5b2af67d81640114e49c708cbc30ac78678fd42263c9a53392d91e24	process	ph-measurement-v1|process|trip1|5Sr1|2026-07-22|EQ-PH-CACL2-1G-v1.0.0	2204242d5b2af67d81640114e49c708cbc30ac78678fd42263c9a53392d91e24	5Sr1	Trip 1	31
https://rubalkhali.science/kb/RAK_PH_QUALITY_a80682cf8bcf627ee6ed14b704aa871380e5cfa590e3a5f5509c7acc35585812	quality	ph-measurement-v1|quality|trip1|5Sr1|2026-07-22|EQ-PH-CACL2-1G-v1.0.0	a80682cf8bcf627ee6ed14b704aa871380e5cfa590e3a5f5509c7acc35585812	5Sr1	Trip 1	31
https://rubalkhali.science/kb/RAK_PH_VALUE_abed8322a625f0e7479661dea9609e895840094fe2443b58d129b98f0c548843	value	ph-measurement-v1|value|trip1|5Sr1|2026-07-22|EQ-PH-CACL2-1G-v1.0.0	abed8322a625f0e7479661dea9609e895840094fe2443b58d129b98f0c548843	5Sr1	Trip 1	31
https://rubalkhali.science/kb/RAK_PH_PROCESS_a22a27b07f8115f9f08db888c8dada6e0138ae6312773ded9baac4d01e0c3467	process	ph-measurement-v1|process|trip1|5Dr1|2026-07-22|EQ-PH-CACL2-1G-v1.0.0	a22a27b07f8115f9f08db888c8dada6e0138ae6312773ded9baac4d01e0c3467	5Dr1	Trip 1	34
https://rubalkhali.science/kb/RAK_PH_QUALITY_652db56ec1b772a61441b3763fb2d422a4fa4d1c9256d0b74fe7a115f1855337	quality	ph-measurement-v1|quality|trip1|5Dr1|2026-07-22|EQ-PH-CACL2-1G-v1.0.0	652db56ec1b772a61441b3763fb2d422a4fa4d1c9256d0b74fe7a115f1855337	5Dr1	Trip 1	34
https://rubalkhali.science/kb/RAK_PH_VALUE_921334f2dc95c7e9998f4ca83e0e5083a69aeedd95ce3a043232743e5df1dfb5	value	ph-measurement-v1|value|trip1|5Dr1|2026-07-22|EQ-PH-CACL2-1G-v1.0.0	921334f2dc95c7e9998f4ca83e0e5083a69aeedd95ce3a043232743e5df1dfb5	5Dr1	Trip 1	34
https://rubalkhali.science/kb/RAK_PH_PROCESS_d0e6d93381b9618e1cf33dac3b8958f806a0949739fa62f9e6733e82c7bb9ac2	process	ph-measurement-v1|process|trip1|6Sr1|2026-07-22|EQ-PH-CACL2-1G-v1.0.0	d0e6d93381b9618e1cf33dac3b8958f806a0949739fa62f9e6733e82c7bb9ac2	6Sr1	Trip 1	36
https://rubalkhali.science/kb/RAK_PH_QUALITY_d32340f29af7ef144f7881cb403d9916df86ee0c52ff15ec396c51cedb9fc6ca	quality	ph-measurement-v1|quality|trip1|6Sr1|2026-07-22|EQ-PH-CACL2-1G-v1.0.0	d32340f29af7ef144f7881cb403d9916df86ee0c52ff15ec396c51cedb9fc6ca	6Sr1	Trip 1	36
https://rubalkhali.science/kb/RAK_PH_VALUE_6bb57a47fd808b7b25e2467c2ca9c6cf9bf5c875ea75f7240899fa61081e1121	value	ph-measurement-v1|value|trip1|6Sr1|2026-07-22|EQ-PH-CACL2-1G-v1.0.0	6bb57a47fd808b7b25e2467c2ca9c6cf9bf5c875ea75f7240899fa61081e1121	6Sr1	Trip 1	36
https://rubalkhali.science/kb/RAK_PH_PROCESS_3618994f30013cde509655600b819a5aedfe2424c46e4f978c68e51f4a8711cc	process	ph-measurement-v1|process|trip1|6Dr1|2026-07-22|EQ-PH-CACL2-1G-v1.0.0	3618994f30013cde509655600b819a5aedfe2424c46e4f978c68e51f4a8711cc	6Dr1	Trip 1	38
https://rubalkhali.science/kb/RAK_PH_QUALITY_8ae93013dfa4edd9e659f11a1102f13db75637d1e633f2c1bc6e07eeaa8f74e7	quality	ph-measurement-v1|quality|trip1|6Dr1|2026-07-22|EQ-PH-CACL2-1G-v1.0.0	8ae93013dfa4edd9e659f11a1102f13db75637d1e633f2c1bc6e07eeaa8f74e7	6Dr1	Trip 1	38
https://rubalkhali.science/kb/RAK_PH_VALUE_4af00501cc199999460b3461b51e2f0911c575f0d6540a3cf32282facacf1f46	value	ph-measurement-v1|value|trip1|6Dr1|2026-07-22|EQ-PH-CACL2-1G-v1.0.0	4af00501cc199999460b3461b51e2f0911c575f0d6540a3cf32282facacf1f46	6Dr1	Trip 1	38
https://rubalkhali.science/kb/RAK_PH_PROCESS_4cf54d2b45a4bd533adde627032cb5cc4f0462c7e1fbc211122d4e32e0bc772f	process	ph-measurement-v1|process|trip1|6PRr1|2026-07-22|EQ-PH-CACL2-1G-v1.0.0	4cf54d2b45a4bd533adde627032cb5cc4f0462c7e1fbc211122d4e32e0bc772f	6PRr1	Trip 1	40
https://rubalkhali.science/kb/RAK_PH_QUALITY_6820612956afed8ca86e8fe1d4ac4cb63aaa2bf68dec62bf29a7b8f7fdf54ce3	quality	ph-measurement-v1|quality|trip1|6PRr1|2026-07-22|EQ-PH-CACL2-1G-v1.0.0	6820612956afed8ca86e8fe1d4ac4cb63aaa2bf68dec62bf29a7b8f7fdf54ce3	6PRr1	Trip 1	40
https://rubalkhali.science/kb/RAK_PH_VALUE_bd1a0c8e23d51436a28bfb3bb6fc411bfdc8bf780ca0b6d6d9c96dce5e6b4b5d	value	ph-measurement-v1|value|trip1|6PRr1|2026-07-22|EQ-PH-CACL2-1G-v1.0.0	bd1a0c8e23d51436a28bfb3bb6fc411bfdc8bf780ca0b6d6d9c96dce5e6b4b5d	6PRr1	Trip 1	40
https://rubalkhali.science/kb/RAK_PH_PROCESS_d05f63e2a67382a30d7a2fa26bdc0d0b071c0c8085151a60070763bf2460a0e0	process	ph-measurement-v1|process|trip1|7Sr2|2026-07-22|EQ-PH-CACL2-1G-v1.0.0	d05f63e2a67382a30d7a2fa26bdc0d0b071c0c8085151a60070763bf2460a0e0	7Sr2	Trip 1	43
https://rubalkhali.science/kb/RAK_PH_QUALITY_929f18343c6ea6ad8448892716a7a2fa365db939688908bcefb718c164b029f2	quality	ph-measurement-v1|quality|trip1|7Sr2|2026-07-22|EQ-PH-CACL2-1G-v1.0.0	929f18343c6ea6ad8448892716a7a2fa365db939688908bcefb718c164b029f2	7Sr2	Trip 1	43
https://rubalkhali.science/kb/RAK_PH_VALUE_2043370f25bedfb9688e420a542037eb3355a7660f0dc916033c7e46c24553e5	value	ph-measurement-v1|value|trip1|7Sr2|2026-07-22|EQ-PH-CACL2-1G-v1.0.0	2043370f25bedfb9688e420a542037eb3355a7660f0dc916033c7e46c24553e5	7Sr2	Trip 1	43
https://rubalkhali.science/kb/RAK_PH_PROCESS_f7658c02d7a72334922ec8c120a5322d9b273ceecc43b757b187b435f9813217	process	ph-measurement-v1|process|trip1|7Dr2|2026-07-22|EQ-PH-CACL2-1G-v1.0.0	f7658c02d7a72334922ec8c120a5322d9b273ceecc43b757b187b435f9813217	7Dr2	Trip 1	45
https://rubalkhali.science/kb/RAK_PH_QUALITY_2f42dbe9ae0dcc6fef0aa4567714a4a936e51bcdc500b288edd62d7b41ac6dfe	quality	ph-measurement-v1|quality|trip1|7Dr2|2026-07-22|EQ-PH-CACL2-1G-v1.0.0	2f42dbe9ae0dcc6fef0aa4567714a4a936e51bcdc500b288edd62d7b41ac6dfe	7Dr2	Trip 1	45
https://rubalkhali.science/kb/RAK_PH_VALUE_4980dd8d19028f972f2d4c3ff26743d7497687b11b571cac0eafc60e9a55c8f8	value	ph-measurement-v1|value|trip1|7Dr2|2026-07-22|EQ-PH-CACL2-1G-v1.0.0	4980dd8d19028f972f2d4c3ff26743d7497687b11b571cac0eafc60e9a55c8f8	7Dr2	Trip 1	45
https://rubalkhali.science/kb/RAK_PH_PROCESS_3d4840667e6cbdd6b897dc4441b72572c2f5d077a564f2bb1404367809d6b877	process	ph-measurement-v1|process|trip1|7PRr2|2026-07-22|EQ-PH-CACL2-1G-v1.0.0	3d4840667e6cbdd6b897dc4441b72572c2f5d077a564f2bb1404367809d6b877	7PRr2	Trip 1	46
https://rubalkhali.science/kb/RAK_PH_QUALITY_b47c06663198cf3418f8a433403c6cf88ae297dac2db168ba4b982f9feb89d37	quality	ph-measurement-v1|quality|trip1|7PRr2|2026-07-22|EQ-PH-CACL2-1G-v1.0.0	b47c06663198cf3418f8a433403c6cf88ae297dac2db168ba4b982f9feb89d37	7PRr2	Trip 1	46
https://rubalkhali.science/kb/RAK_PH_VALUE_872ab9d8ee53b4a87d7189a3fa2896d6968671d6d0f4bacadc4f54ff261d29f9	value	ph-measurement-v1|value|trip1|7PRr2|2026-07-22|EQ-PH-CACL2-1G-v1.0.0	872ab9d8ee53b4a87d7189a3fa2896d6968671d6d0f4bacadc4f54ff261d29f9	7PRr2	Trip 1	46
https://rubalkhali.science/kb/RAK_PH_PROCESS_8ec5812a28f384170744e199d60ef9780f91105058d7c2c867c45e8aed093878	process	ph-measurement-v1|process|trip1|8Sr2|2026-07-21|EQ-PH-CACL2-1G-v1.0.0	8ec5812a28f384170744e199d60ef9780f91105058d7c2c867c45e8aed093878	8Sr2	Trip 1	47
https://rubalkhali.science/kb/RAK_PH_QUALITY_cbd003ff2d5235748f647d5458fe5e03a830e54b9901a854c20ab7588c5a338d	quality	ph-measurement-v1|quality|trip1|8Sr2|2026-07-21|EQ-PH-CACL2-1G-v1.0.0	cbd003ff2d5235748f647d5458fe5e03a830e54b9901a854c20ab7588c5a338d	8Sr2	Trip 1	47
https://rubalkhali.science/kb/RAK_PH_VALUE_3e48851a76e07248f14e40047b14cf060ba1f0de5f955096521e33780094681b	value	ph-measurement-v1|value|trip1|8Sr2|2026-07-21|EQ-PH-CACL2-1G-v1.0.0	3e48851a76e07248f14e40047b14cf060ba1f0de5f955096521e33780094681b	8Sr2	Trip 1	47
https://rubalkhali.science/kb/RAK_PH_PROCESS_5149731d51d4496c0b21d92c628e33564a48b8e7472add829d6c1d8207958aa6	process	ph-measurement-v1|process|trip1|8Sr3|2026-07-21|EQ-PH-CACL2-1G-v1.0.0	5149731d51d4496c0b21d92c628e33564a48b8e7472add829d6c1d8207958aa6	8Sr3	Trip 1	48
https://rubalkhali.science/kb/RAK_PH_QUALITY_9072be70aab23d8d4f02f391036573c8d97c4ea52b746c6d3ab30034a726264b	quality	ph-measurement-v1|quality|trip1|8Sr3|2026-07-21|EQ-PH-CACL2-1G-v1.0.0	9072be70aab23d8d4f02f391036573c8d97c4ea52b746c6d3ab30034a726264b	8Sr3	Trip 1	48
https://rubalkhali.science/kb/RAK_PH_VALUE_57614c1ac3750ba8ca160059250b2dd03faa2e2f3a84796e0d9b9e54fdd06125	value	ph-measurement-v1|value|trip1|8Sr3|2026-07-21|EQ-PH-CACL2-1G-v1.0.0	57614c1ac3750ba8ca160059250b2dd03faa2e2f3a84796e0d9b9e54fdd06125	8Sr3	Trip 1	48
https://rubalkhali.science/kb/RAK_PH_PROCESS_d6abe83f4230bffb851084726323f709e94024aa8b709b43a8f7153f6c3c450f	process	ph-measurement-v1|process|trip1|8PRr1|2026-07-21|EQ-PH-CACL2-1G-v1.0.0	d6abe83f4230bffb851084726323f709e94024aa8b709b43a8f7153f6c3c450f	8PRr1	Trip 1	49
https://rubalkhali.science/kb/RAK_PH_QUALITY_466c4b9381b519b3c46ad9640596387fc46be6bf495d9f77a5184d1db06915de	quality	ph-measurement-v1|quality|trip1|8PRr1|2026-07-21|EQ-PH-CACL2-1G-v1.0.0	466c4b9381b519b3c46ad9640596387fc46be6bf495d9f77a5184d1db06915de	8PRr1	Trip 1	49
https://rubalkhali.science/kb/RAK_PH_VALUE_562564efde084680e7d9393a22371bad91014c374a6b3bad7785676d06285fb6	value	ph-measurement-v1|value|trip1|8PRr1|2026-07-21|EQ-PH-CACL2-1G-v1.0.0	562564efde084680e7d9393a22371bad91014c374a6b3bad7785676d06285fb6	8PRr1	Trip 1	49
https://rubalkhali.science/kb/RAK_PH_PROCESS_5b6cdc1b1096b84cd9a99d2db24e3bba683f690c808b50ed96618c64e6fed6eb	process	ph-measurement-v1|process|trip1|8PRr2|2026-07-21|EQ-PH-CACL2-1G-v1.0.0	5b6cdc1b1096b84cd9a99d2db24e3bba683f690c808b50ed96618c64e6fed6eb	8PRr2	Trip 1	50
https://rubalkhali.science/kb/RAK_PH_QUALITY_fe0d233d5e0d151869f1ba38c1fd992cd21e30835123a31173017e5764347e1b	quality	ph-measurement-v1|quality|trip1|8PRr2|2026-07-21|EQ-PH-CACL2-1G-v1.0.0	fe0d233d5e0d151869f1ba38c1fd992cd21e30835123a31173017e5764347e1b	8PRr2	Trip 1	50
https://rubalkhali.science/kb/RAK_PH_VALUE_b8863e612efd6424669165a9b7635f16ac00df78b852ade3ce16ae69d6f314f3	value	ph-measurement-v1|value|trip1|8PRr2|2026-07-21|EQ-PH-CACL2-1G-v1.0.0	b8863e612efd6424669165a9b7635f16ac00df78b852ade3ce16ae69d6f314f3	8PRr2	Trip 1	50
https://rubalkhali.science/kb/RAK_PH_PROCESS_2d5c7a9b49d2aece0c66be9177b4e9bdf7c6155ce38e0e678d28b28a752c07dd	process	ph-measurement-v1|process|trip1|8PRr3|2026-07-21|EQ-PH-CACL2-1G-v1.0.0	2d5c7a9b49d2aece0c66be9177b4e9bdf7c6155ce38e0e678d28b28a752c07dd	8PRr3	Trip 1	51
https://rubalkhali.science/kb/RAK_PH_QUALITY_8b07792e0660968148d3f07f4dc7f3b68daae4b778c306a1b280fcfa54d872ef	quality	ph-measurement-v1|quality|trip1|8PRr3|2026-07-21|EQ-PH-CACL2-1G-v1.0.0	8b07792e0660968148d3f07f4dc7f3b68daae4b778c306a1b280fcfa54d872ef	8PRr3	Trip 1	51
https://rubalkhali.science/kb/RAK_PH_VALUE_c8204904a882a119c37538da2f2a451d2b120e6dbf6934ebd5f6fc089bd6ba69	value	ph-measurement-v1|value|trip1|8PRr3|2026-07-21|EQ-PH-CACL2-1G-v1.0.0	c8204904a882a119c37538da2f2a451d2b120e6dbf6934ebd5f6fc089bd6ba69	8PRr3	Trip 1	51
https://rubalkhali.science/kb/RAK_PH_PROCESS_5c9aaae410b06a50cab4a66af6a4e0973eec720503ec0aae3fd6dcca11852ad4	process	ph-measurement-v1|process|trip1|9Sr1|2026-07-22|EQ-PH-CACL2-1G-v1.0.0	5c9aaae410b06a50cab4a66af6a4e0973eec720503ec0aae3fd6dcca11852ad4	9Sr1	Trip 1	52
https://rubalkhali.science/kb/RAK_PH_QUALITY_389cb78a95e58c4c6789c768766d637a5030bcaf419528a17b5c180eddf4ee57	quality	ph-measurement-v1|quality|trip1|9Sr1|2026-07-22|EQ-PH-CACL2-1G-v1.0.0	389cb78a95e58c4c6789c768766d637a5030bcaf419528a17b5c180eddf4ee57	9Sr1	Trip 1	52
https://rubalkhali.science/kb/RAK_PH_VALUE_aaf200184a925ed179a619764494446fe0a70c94dbfc1b03ecc4de984e079ad5	value	ph-measurement-v1|value|trip1|9Sr1|2026-07-22|EQ-PH-CACL2-1G-v1.0.0	aaf200184a925ed179a619764494446fe0a70c94dbfc1b03ecc4de984e079ad5	9Sr1	Trip 1	52
https://rubalkhali.science/kb/RAK_PH_PROCESS_33e1f222c610566999aab3cb1c2ebc56773694eba38e33f25212e220b835dfe0	process	ph-measurement-v1|process|trip1|9Dr1|2026-07-22|EQ-PH-CACL2-1G-v1.0.0	33e1f222c610566999aab3cb1c2ebc56773694eba38e33f25212e220b835dfe0	9Dr1	Trip 1	55
https://rubalkhali.science/kb/RAK_PH_QUALITY_3dbaccf3ee18b7fbb23ce769da1396a161e629c4957c7e2a5e42aa69231454c7	quality	ph-measurement-v1|quality|trip1|9Dr1|2026-07-22|EQ-PH-CACL2-1G-v1.0.0	3dbaccf3ee18b7fbb23ce769da1396a161e629c4957c7e2a5e42aa69231454c7	9Dr1	Trip 1	55
https://rubalkhali.science/kb/RAK_PH_VALUE_1e83dbaeaf20fa16cff9ec5dccf8c6bc7c1ca0731e5ae29712eafffded687ca4	value	ph-measurement-v1|value|trip1|9Dr1|2026-07-22|EQ-PH-CACL2-1G-v1.0.0	1e83dbaeaf20fa16cff9ec5dccf8c6bc7c1ca0731e5ae29712eafffded687ca4	9Dr1	Trip 1	55
https://rubalkhali.science/kb/RAK_PH_PROCESS_9d5d132306e093f162a47ed08856c1fd56eb01b9ca0fee9d1ceb27f11c362f0d	process	ph-measurement-v1|process|trip1|9PRr2|2026-07-22|EQ-PH-CACL2-1G-v1.0.0	9d5d132306e093f162a47ed08856c1fd56eb01b9ca0fee9d1ceb27f11c362f0d	9PRr2	Trip 1	57
https://rubalkhali.science/kb/RAK_PH_QUALITY_7214bb303ca3de2a5a63a07573559d627c82236e187a96602ba5c8fe13d8ffec	quality	ph-measurement-v1|quality|trip1|9PRr2|2026-07-22|EQ-PH-CACL2-1G-v1.0.0	7214bb303ca3de2a5a63a07573559d627c82236e187a96602ba5c8fe13d8ffec	9PRr2	Trip 1	57
https://rubalkhali.science/kb/RAK_PH_VALUE_46ebc5c47773e9e8f8f2f29cdfa0567c8cf709b8cfc7c74910da533d38e6b01c	value	ph-measurement-v1|value|trip1|9PRr2|2026-07-22|EQ-PH-CACL2-1G-v1.0.0	46ebc5c47773e9e8f8f2f29cdfa0567c8cf709b8cfc7c74910da533d38e6b01c	9PRr2	Trip 1	57
https://rubalkhali.science/kb/RAK_PH_PROCESS_4778f6c0f7779e09e0b008c6a08795a17d3ac963e538df94a172833af7aef754	process	ph-measurement-v1|process|trip1|10Sr2|2026-07-22|EQ-PH-CACL2-1G-v1.0.0	4778f6c0f7779e09e0b008c6a08795a17d3ac963e538df94a172833af7aef754	10Sr2	Trip 1	59
https://rubalkhali.science/kb/RAK_PH_QUALITY_49680719edcab7f73ca8981d21f5c35bb69b6d1319b9c35c672f3d76d5fbbc82	quality	ph-measurement-v1|quality|trip1|10Sr2|2026-07-22|EQ-PH-CACL2-1G-v1.0.0	49680719edcab7f73ca8981d21f5c35bb69b6d1319b9c35c672f3d76d5fbbc82	10Sr2	Trip 1	59
https://rubalkhali.science/kb/RAK_PH_VALUE_7ce18e514b988133464c844ce3ad7824c212bdaac5493eb51a5fca299a747d47	value	ph-measurement-v1|value|trip1|10Sr2|2026-07-22|EQ-PH-CACL2-1G-v1.0.0	7ce18e514b988133464c844ce3ad7824c212bdaac5493eb51a5fca299a747d47	10Sr2	Trip 1	59
https://rubalkhali.science/kb/RAK_PH_PROCESS_225318d4fcd39ef1f806227c4ead4b83fcab98c14f7f05ce4a98cbc95ea31145	process	ph-measurement-v1|process|trip1|10Dr2|2026-07-22|EQ-PH-CACL2-1G-v1.0.0	225318d4fcd39ef1f806227c4ead4b83fcab98c14f7f05ce4a98cbc95ea31145	10Dr2	Trip 1	61
https://rubalkhali.science/kb/RAK_PH_QUALITY_be74b20aa407cd31f9cc518d617a3e1f847e1640d20944450292bb898adc0732	quality	ph-measurement-v1|quality|trip1|10Dr2|2026-07-22|EQ-PH-CACL2-1G-v1.0.0	be74b20aa407cd31f9cc518d617a3e1f847e1640d20944450292bb898adc0732	10Dr2	Trip 1	61
https://rubalkhali.science/kb/RAK_PH_VALUE_78e69a4309de9e8d905f3e288780376725257dfb653beecfd3068cfae84db11c	value	ph-measurement-v1|value|trip1|10Dr2|2026-07-22|EQ-PH-CACL2-1G-v1.0.0	78e69a4309de9e8d905f3e288780376725257dfb653beecfd3068cfae84db11c	10Dr2	Trip 1	61
https://rubalkhali.science/kb/RAK_PH_PROCESS_348b8e20a3fafabb28ff853b6245fdd8c93c7692dc328419eee6add5dff5eb4e	process	ph-measurement-v1|process|trip1|10PRr2|2026-07-22|EQ-PH-CACL2-1G-v1.0.0	348b8e20a3fafabb28ff853b6245fdd8c93c7692dc328419eee6add5dff5eb4e	10PRr2	Trip 1	62
https://rubalkhali.science/kb/RAK_PH_QUALITY_6b814db0e0f642ab7ec7d6ba4f5d8149f2b087e176076458d3f188b4f367ab44	quality	ph-measurement-v1|quality|trip1|10PRr2|2026-07-22|EQ-PH-CACL2-1G-v1.0.0	6b814db0e0f642ab7ec7d6ba4f5d8149f2b087e176076458d3f188b4f367ab44	10PRr2	Trip 1	62
https://rubalkhali.science/kb/RAK_PH_VALUE_819356d792f67dbcd80ac214f8dc9f6862de2476073536dd993677f51bbf7ba7	value	ph-measurement-v1|value|trip1|10PRr2|2026-07-22|EQ-PH-CACL2-1G-v1.0.0	819356d792f67dbcd80ac214f8dc9f6862de2476073536dd993677f51bbf7ba7	10PRr2	Trip 1	62
https://rubalkhali.science/kb/RAK_PH_PROCESS_da1aa417bbc3cfe129a63674031088fc0f8fa402712870937e5916656923a896	process	ph-measurement-v1|process|trip1|11Sr2|2026-07-22|EQ-PH-CACL2-1G-v1.0.0	da1aa417bbc3cfe129a63674031088fc0f8fa402712870937e5916656923a896	11Sr2	Trip 1	64
https://rubalkhali.science/kb/RAK_PH_QUALITY_19800ee40041b9f4cb71eb35d0d7a08da3301a26e00360c007c4fda0c48ba9c8	quality	ph-measurement-v1|quality|trip1|11Sr2|2026-07-22|EQ-PH-CACL2-1G-v1.0.0	19800ee40041b9f4cb71eb35d0d7a08da3301a26e00360c007c4fda0c48ba9c8	11Sr2	Trip 1	64
https://rubalkhali.science/kb/RAK_PH_VALUE_e1e0735ee017b07263baaa8657ea5f4ee5a53143f35818322107e983a86623de	value	ph-measurement-v1|value|trip1|11Sr2|2026-07-22|EQ-PH-CACL2-1G-v1.0.0	e1e0735ee017b07263baaa8657ea5f4ee5a53143f35818322107e983a86623de	11Sr2	Trip 1	64
https://rubalkhali.science/kb/RAK_PH_PROCESS_52ebe0ece7657097715aad24a0b8757391ffcd0a0bb42422fb33c818b1d57c8a	process	ph-measurement-v1|process|trip1|11Dr1|2026-07-22|EQ-PH-CACL2-1G-v1.0.0	52ebe0ece7657097715aad24a0b8757391ffcd0a0bb42422fb33c818b1d57c8a	11Dr1	Trip 1	65
https://rubalkhali.science/kb/RAK_PH_QUALITY_4a4afdec38424e0dd932af629b79a429f29631c5ff6ef3435872d8074704ad66	quality	ph-measurement-v1|quality|trip1|11Dr1|2026-07-22|EQ-PH-CACL2-1G-v1.0.0	4a4afdec38424e0dd932af629b79a429f29631c5ff6ef3435872d8074704ad66	11Dr1	Trip 1	65
https://rubalkhali.science/kb/RAK_PH_VALUE_2c9b57eee7064f10adf38a05a0d3f9ab8c030fc457839a9698d855d211e99cb9	value	ph-measurement-v1|value|trip1|11Dr1|2026-07-22|EQ-PH-CACL2-1G-v1.0.0	2c9b57eee7064f10adf38a05a0d3f9ab8c030fc457839a9698d855d211e99cb9	11Dr1	Trip 1	65
https://rubalkhali.science/kb/RAK_PH_SESSION_1e2b47345aecb169f47e5ffe2fe5474fd7f82fc7830d14a510cb54d0299b97bf	session	ph-measurement-v1|session|1|2026-07-22|96.1|10.07	1e2b47345aecb169f47e5ffe2fe5474fd7f82fc7830d14a510cb54d0299b97bf		Trip 1	69
https://rubalkhali.science/kb/RAK_PH_PROCESS_d309ee7764c54775f414049a5cf6c6283a2aea4d829467ec4a655c2569dfeac8	process	ph-measurement-v1|process|trip1|11PRr3|2026-07-22|EQ-PH-CACL2-1G-v1.0.0	d309ee7764c54775f414049a5cf6c6283a2aea4d829467ec4a655c2569dfeac8	11PRr3	Trip 1	69
https://rubalkhali.science/kb/RAK_PH_QUALITY_0f2cb3b281037f74db415060be6ee896766f6694e2a92ae98e74d274283511b0	quality	ph-measurement-v1|quality|trip1|11PRr3|2026-07-22|EQ-PH-CACL2-1G-v1.0.0	0f2cb3b281037f74db415060be6ee896766f6694e2a92ae98e74d274283511b0	11PRr3	Trip 1	69
https://rubalkhali.science/kb/RAK_PH_VALUE_e06611e49615c7b881840c1997a411a27dbb620aa31040e4f4d77d45062084e6	value	ph-measurement-v1|value|trip1|11PRr3|2026-07-22|EQ-PH-CACL2-1G-v1.0.0	e06611e49615c7b881840c1997a411a27dbb620aa31040e4f4d77d45062084e6	11PRr3	Trip 1	69
https://rubalkhali.science/kb/RAK_PH_PROCESS_6a33240480486245b52264bd7cdd5330ad5257f397e39dba54590142f6b6d24a	process	ph-measurement-v1|process|trip1|13Sr2|2026-07-22|EQ-PH-CACL2-1G-v1.0.0	6a33240480486245b52264bd7cdd5330ad5257f397e39dba54590142f6b6d24a	13Sr2	Trip 1	77
https://rubalkhali.science/kb/RAK_PH_QUALITY_a36b4e7f5c75a0a71b2faa4f08888ad3e976243ba9bf7652d5704a8000880370	quality	ph-measurement-v1|quality|trip1|13Sr2|2026-07-22|EQ-PH-CACL2-1G-v1.0.0	a36b4e7f5c75a0a71b2faa4f08888ad3e976243ba9bf7652d5704a8000880370	13Sr2	Trip 1	77
https://rubalkhali.science/kb/RAK_PH_VALUE_2f5e7c9c8feb89e5f95dc01b61babd4172e50d49a19f02a26a067b18384fa4d8	value	ph-measurement-v1|value|trip1|13Sr2|2026-07-22|EQ-PH-CACL2-1G-v1.0.0	2f5e7c9c8feb89e5f95dc01b61babd4172e50d49a19f02a26a067b18384fa4d8	13Sr2	Trip 1	77
https://rubalkhali.science/kb/RAK_PH_PROCESS_05c7b7cc9b0aae228a1789a29cdadbf2af8e465a42806451a87acbc7c9930463	process	ph-measurement-v1|process|trip1|13Dr1|2026-07-22|EQ-PH-CACL2-1G-v1.0.0	05c7b7cc9b0aae228a1789a29cdadbf2af8e465a42806451a87acbc7c9930463	13Dr1	Trip 1	78
https://rubalkhali.science/kb/RAK_PH_QUALITY_05951745b995afadd6ed39e533a9bd1a40153b09aded89ed4732c151c475e052	quality	ph-measurement-v1|quality|trip1|13Dr1|2026-07-22|EQ-PH-CACL2-1G-v1.0.0	05951745b995afadd6ed39e533a9bd1a40153b09aded89ed4732c151c475e052	13Dr1	Trip 1	78
https://rubalkhali.science/kb/RAK_PH_VALUE_6f64dac9f729d76729a15ceda27631eb9eafdce280353aff5c2c33cca3b517d2	value	ph-measurement-v1|value|trip1|13Dr1|2026-07-22|EQ-PH-CACL2-1G-v1.0.0	6f64dac9f729d76729a15ceda27631eb9eafdce280353aff5c2c33cca3b517d2	13Dr1	Trip 1	78
https://rubalkhali.science/kb/RAK_PH_PROCESS_d79bc6522a67069b4f1034829d11cba67b95ece8503f621c08a33d06c84430ed	process	ph-measurement-v1|process|trip1|15Sr1|2026-07-22|EQ-PH-CACL2-1G-v1.0.0	d79bc6522a67069b4f1034829d11cba67b95ece8503f621c08a33d06c84430ed	15Sr1	Trip 1	86
https://rubalkhali.science/kb/RAK_PH_QUALITY_11a8f4e3c71157b7a0165087fb31359e76df316586e3522ae654747279ca0f76	quality	ph-measurement-v1|quality|trip1|15Sr1|2026-07-22|EQ-PH-CACL2-1G-v1.0.0	11a8f4e3c71157b7a0165087fb31359e76df316586e3522ae654747279ca0f76	15Sr1	Trip 1	86
https://rubalkhali.science/kb/RAK_PH_VALUE_92da9ba6bbfb8f6b678e5aeaa4dbe68cbbd240880fa754052d5ac583f2977641	value	ph-measurement-v1|value|trip1|15Sr1|2026-07-22|EQ-PH-CACL2-1G-v1.0.0	92da9ba6bbfb8f6b678e5aeaa4dbe68cbbd240880fa754052d5ac583f2977641	15Sr1	Trip 1	86
https://rubalkhali.science/kb/RAK_PH_PROCESS_a7863a65eabbbf3bde567cc1c8753cb0895d14cc6e232f273897311f4e66d668	process	ph-measurement-v1|process|trip1|15Dr1|2026-07-22|EQ-PH-CACL2-1G-v1.0.0	a7863a65eabbbf3bde567cc1c8753cb0895d14cc6e232f273897311f4e66d668	15Dr1	Trip 1	88
https://rubalkhali.science/kb/RAK_PH_QUALITY_b794ceec79f2c487281575c6f9bb6d78e00647821a1099634719d05c8b4c29b9	quality	ph-measurement-v1|quality|trip1|15Dr1|2026-07-22|EQ-PH-CACL2-1G-v1.0.0	b794ceec79f2c487281575c6f9bb6d78e00647821a1099634719d05c8b4c29b9	15Dr1	Trip 1	88
https://rubalkhali.science/kb/RAK_PH_VALUE_7d1fb16d39321a4fb97d0ec1365adb81beaa4e8a9269457f8275d0dc90e0feef	value	ph-measurement-v1|value|trip1|15Dr1|2026-07-22|EQ-PH-CACL2-1G-v1.0.0	7d1fb16d39321a4fb97d0ec1365adb81beaa4e8a9269457f8275d0dc90e0feef	15Dr1	Trip 1	88
https://rubalkhali.science/kb/RAK_PH_PROCESS_1244efc5c8370348e9177f084dae70f597778650b418293a39f31fdd030716aa	process	ph-measurement-v1|process|trip1|15PRr2|2026-07-22|EQ-PH-CACL2-1G-v1.0.0	1244efc5c8370348e9177f084dae70f597778650b418293a39f31fdd030716aa	15PRr2	Trip 1	91
https://rubalkhali.science/kb/RAK_PH_QUALITY_cf39b11fcafaaae742aa9a6734111605ccb9b7668c645f71eb7a38440fa481ed	quality	ph-measurement-v1|quality|trip1|15PRr2|2026-07-22|EQ-PH-CACL2-1G-v1.0.0	cf39b11fcafaaae742aa9a6734111605ccb9b7668c645f71eb7a38440fa481ed	15PRr2	Trip 1	91
https://rubalkhali.science/kb/RAK_PH_VALUE_43488ea80455f095c4c9327e8adf4db7573b358621af018aad960734ff5b061f	value	ph-measurement-v1|value|trip1|15PRr2|2026-07-22|EQ-PH-CACL2-1G-v1.0.0	43488ea80455f095c4c9327e8adf4db7573b358621af018aad960734ff5b061f	15PRr2	Trip 1	91
https://rubalkhali.science/kb/RAK_PH_PROCESS_5c97f7bcf5dddd4929e1f6eb29f0bb8d8212772f58841723be66070bc92c9392	process	ph-measurement-v1|process|trip1|16Sr1|2026-07-22|EQ-PH-CACL2-1G-v1.0.0	5c97f7bcf5dddd4929e1f6eb29f0bb8d8212772f58841723be66070bc92c9392	16Sr1	Trip 1	93
https://rubalkhali.science/kb/RAK_PH_QUALITY_53d911316508e67b8b8105c14f27132cb4b77a2baba796f7a66621a7982021fe	quality	ph-measurement-v1|quality|trip1|16Sr1|2026-07-22|EQ-PH-CACL2-1G-v1.0.0	53d911316508e67b8b8105c14f27132cb4b77a2baba796f7a66621a7982021fe	16Sr1	Trip 1	93
https://rubalkhali.science/kb/RAK_PH_VALUE_58026d5185b7d33e7d9f02d4f39c3f97a9f3e0b22a8d7760073d74dac4eb7028	value	ph-measurement-v1|value|trip1|16Sr1|2026-07-22|EQ-PH-CACL2-1G-v1.0.0	58026d5185b7d33e7d9f02d4f39c3f97a9f3e0b22a8d7760073d74dac4eb7028	16Sr1	Trip 1	93
https://rubalkhali.science/kb/RAK_PH_PROCESS_63cc01622c149eadb4b193291a522a00c7a189e2bf1e6ba3e68b9ff5bb2c2b9e	process	ph-measurement-v1|process|trip1|16Dr1|2026-07-22|EQ-PH-CACL2-1G-v1.0.0	63cc01622c149eadb4b193291a522a00c7a189e2bf1e6ba3e68b9ff5bb2c2b9e	16Dr1	Trip 1	94
https://rubalkhali.science/kb/RAK_PH_QUALITY_759229cf2ad7b09a215aaf53a6bb2b73cd97403c88853619bae52c49e336d844	quality	ph-measurement-v1|quality|trip1|16Dr1|2026-07-22|EQ-PH-CACL2-1G-v1.0.0	759229cf2ad7b09a215aaf53a6bb2b73cd97403c88853619bae52c49e336d844	16Dr1	Trip 1	94
https://rubalkhali.science/kb/RAK_PH_VALUE_3a85145ccf72d4e9841ceba2b49e1c20aac223bc942e84b4ee715a78c230f8f0	value	ph-measurement-v1|value|trip1|16Dr1|2026-07-22|EQ-PH-CACL2-1G-v1.0.0	3a85145ccf72d4e9841ceba2b49e1c20aac223bc942e84b4ee715a78c230f8f0	16Dr1	Trip 1	94
https://rubalkhali.science/kb/RAK_PH_PROCESS_4062edc3cedf92af31ec0cf2054138522ece88fdae9947e1512425ff78b1690c	process	ph-measurement-v1|process|trip1|16PRr1|2026-07-22|EQ-PH-CACL2-1G-v1.0.0	4062edc3cedf92af31ec0cf2054138522ece88fdae9947e1512425ff78b1690c	16PRr1	Trip 1	96
https://rubalkhali.science/kb/RAK_PH_QUALITY_62e416bfe698be07c76c5622b98dd96c38f397ae7d23f1cd1fd7da04389b6c02	quality	ph-measurement-v1|quality|trip1|16PRr1|2026-07-22|EQ-PH-CACL2-1G-v1.0.0	62e416bfe698be07c76c5622b98dd96c38f397ae7d23f1cd1fd7da04389b6c02	16PRr1	Trip 1	96
https://rubalkhali.science/kb/RAK_PH_VALUE_87a5165684a8209ceb4d12b0ea327d876b848c58118d247ec040cb13dafa17b1	value	ph-measurement-v1|value|trip1|16PRr1|2026-07-22|EQ-PH-CACL2-1G-v1.0.0	87a5165684a8209ceb4d12b0ea327d876b848c58118d247ec040cb13dafa17b1	16PRr1	Trip 1	96
https://rubalkhali.science/kb/RAK_PH_PROCESS_ca0f38dd517cb6b3e47ac8848aaed54927ac5b1d1330c27e94f56a35c1b5581b	process	ph-measurement-v1|process|trip1|17Sr1|2026-07-22|EQ-PH-CACL2-1G-v1.0.0	ca0f38dd517cb6b3e47ac8848aaed54927ac5b1d1330c27e94f56a35c1b5581b	17Sr1	Trip 1	99
https://rubalkhali.science/kb/RAK_PH_QUALITY_979b3fab15ddd3cc0f1c107980a39491f3a4152e2b557a0ccc56274dfa6b4598	quality	ph-measurement-v1|quality|trip1|17Sr1|2026-07-22|EQ-PH-CACL2-1G-v1.0.0	979b3fab15ddd3cc0f1c107980a39491f3a4152e2b557a0ccc56274dfa6b4598	17Sr1	Trip 1	99
https://rubalkhali.science/kb/RAK_PH_VALUE_0f4caac428b484795ca365db43415239343dff0ac8aaf2292def3fdb6c4b2b90	value	ph-measurement-v1|value|trip1|17Sr1|2026-07-22|EQ-PH-CACL2-1G-v1.0.0	0f4caac428b484795ca365db43415239343dff0ac8aaf2292def3fdb6c4b2b90	17Sr1	Trip 1	99
https://rubalkhali.science/kb/RAK_PH_PROCESS_3d3b50373f851cb71a67fb081499e1283049d3282b0d0aace50e3261582e517e	process	ph-measurement-v1|process|trip1|17Dr1|2026-07-22|EQ-PH-CACL2-1G-v1.0.0	3d3b50373f851cb71a67fb081499e1283049d3282b0d0aace50e3261582e517e	17Dr1	Trip 1	102
https://rubalkhali.science/kb/RAK_PH_QUALITY_f6fae04761c83c7bfbfee333cbb10c7442c4551e468b83ff3867a5e1eb05c1fa	quality	ph-measurement-v1|quality|trip1|17Dr1|2026-07-22|EQ-PH-CACL2-1G-v1.0.0	f6fae04761c83c7bfbfee333cbb10c7442c4551e468b83ff3867a5e1eb05c1fa	17Dr1	Trip 1	102
https://rubalkhali.science/kb/RAK_PH_VALUE_4e65b35efc3e674692aae97722eb5b8ae736ecd4ad0e8c2e4516e88be056faf8	value	ph-measurement-v1|value|trip1|17Dr1|2026-07-22|EQ-PH-CACL2-1G-v1.0.0	4e65b35efc3e674692aae97722eb5b8ae736ecd4ad0e8c2e4516e88be056faf8	17Dr1	Trip 1	102
https://rubalkhali.science/kb/RAK_PH_PROCESS_c18e7837147c9a35e4b5af2ec7f02d9248cf3b45fefc1c63a0a1e00152fd0cf9	process	ph-measurement-v1|process|trip1|17PRr2|2026-07-22|EQ-PH-CACL2-1G-v1.0.0	c18e7837147c9a35e4b5af2ec7f02d9248cf3b45fefc1c63a0a1e00152fd0cf9	17PRr2	Trip 1	105
https://rubalkhali.science/kb/RAK_PH_QUALITY_15f8624e72d3e0155f300eed9b231da9da3cd46c3a1c2097863df51a37960375	quality	ph-measurement-v1|quality|trip1|17PRr2|2026-07-22|EQ-PH-CACL2-1G-v1.0.0	15f8624e72d3e0155f300eed9b231da9da3cd46c3a1c2097863df51a37960375	17PRr2	Trip 1	105
https://rubalkhali.science/kb/RAK_PH_VALUE_6133b3fab90068fbb544fd5fb9155e75e0f5e2e69f6c354b80129b3f9d17c08b	value	ph-measurement-v1|value|trip1|17PRr2|2026-07-22|EQ-PH-CACL2-1G-v1.0.0	6133b3fab90068fbb544fd5fb9155e75e0f5e2e69f6c354b80129b3f9d17c08b	17PRr2	Trip 1	105
https://rubalkhali.science/kb/RAK_PH_PROCESS_fdc8886bad4da101a1ec6dc96934ba9d04db5745c11c32c90aedad2ae86391f8	process	ph-measurement-v1|process|trip1|18Sr1|2026-07-21|EQ-PH-CACL2-1G-v1.0.0	fdc8886bad4da101a1ec6dc96934ba9d04db5745c11c32c90aedad2ae86391f8	18Sr1	Trip 1	107
https://rubalkhali.science/kb/RAK_PH_QUALITY_8ca6458d9a23b8ff2eaef33415bfd3771395d527c6ac7486a43a96d73d66dc84	quality	ph-measurement-v1|quality|trip1|18Sr1|2026-07-21|EQ-PH-CACL2-1G-v1.0.0	8ca6458d9a23b8ff2eaef33415bfd3771395d527c6ac7486a43a96d73d66dc84	18Sr1	Trip 1	107
https://rubalkhali.science/kb/RAK_PH_VALUE_bd450f9c63f389fc0a1d27267463e9e9f2ee1b2ad406845512b593c1857129cf	value	ph-measurement-v1|value|trip1|18Sr1|2026-07-21|EQ-PH-CACL2-1G-v1.0.0	bd450f9c63f389fc0a1d27267463e9e9f2ee1b2ad406845512b593c1857129cf	18Sr1	Trip 1	107
https://rubalkhali.science/kb/RAK_PH_PROCESS_c493a37e9791d122122e15ff35e8ebc8cf4e3f5f90b28c0dda5f553876c5aa99	process	ph-measurement-v1|process|trip1|18Sr2|2026-07-21|EQ-PH-CACL2-1G-v1.0.0	c493a37e9791d122122e15ff35e8ebc8cf4e3f5f90b28c0dda5f553876c5aa99	18Sr2	Trip 1	108
https://rubalkhali.science/kb/RAK_PH_QUALITY_59dd984315578b19fda6b360e9f430fc95952042b1c0250a23a80c332847fc1f	quality	ph-measurement-v1|quality|trip1|18Sr2|2026-07-21|EQ-PH-CACL2-1G-v1.0.0	59dd984315578b19fda6b360e9f430fc95952042b1c0250a23a80c332847fc1f	18Sr2	Trip 1	108
https://rubalkhali.science/kb/RAK_PH_VALUE_096b5e52390647d72d7634eb556e2010c94767f717c74bb130917e224c8132f3	value	ph-measurement-v1|value|trip1|18Sr2|2026-07-21|EQ-PH-CACL2-1G-v1.0.0	096b5e52390647d72d7634eb556e2010c94767f717c74bb130917e224c8132f3	18Sr2	Trip 1	108
https://rubalkhali.science/kb/RAK_PH_PROCESS_5fc77c8667134e107cf13451a5cf4974d30cba1d4589bd7d0e48523e790fcf3a	process	ph-measurement-v1|process|trip1|18Dr2|2026-07-21|EQ-PH-CACL2-1G-v1.0.0	5fc77c8667134e107cf13451a5cf4974d30cba1d4589bd7d0e48523e790fcf3a	18Dr2	Trip 1	109
https://rubalkhali.science/kb/RAK_PH_QUALITY_0b9b651854c94c37c55556167dfc205a88d4f8a893c3a92f13656ca4f868848f	quality	ph-measurement-v1|quality|trip1|18Dr2|2026-07-21|EQ-PH-CACL2-1G-v1.0.0	0b9b651854c94c37c55556167dfc205a88d4f8a893c3a92f13656ca4f868848f	18Dr2	Trip 1	109
https://rubalkhali.science/kb/RAK_PH_VALUE_250082d324fa6f1e297a8213df46e0b144921ac94deacfad5593a09738bbfab6	value	ph-measurement-v1|value|trip1|18Dr2|2026-07-21|EQ-PH-CACL2-1G-v1.0.0	250082d324fa6f1e297a8213df46e0b144921ac94deacfad5593a09738bbfab6	18Dr2	Trip 1	109
https://rubalkhali.science/kb/RAK_PH_PROCESS_311b06f99ffc1fa79d43174d73e2a3a00c220dc1fab9c5ccd812f5534e5e28d8	process	ph-measurement-v1|process|trip1|18PRr2|2026-07-21|EQ-PH-CACL2-1G-v1.0.0	311b06f99ffc1fa79d43174d73e2a3a00c220dc1fab9c5ccd812f5534e5e28d8	18PRr2	Trip 1	111
https://rubalkhali.science/kb/RAK_PH_QUALITY_2270169147c968a12b531d282d36809f14cdb761f67764067103d892f43d190c	quality	ph-measurement-v1|quality|trip1|18PRr2|2026-07-21|EQ-PH-CACL2-1G-v1.0.0	2270169147c968a12b531d282d36809f14cdb761f67764067103d892f43d190c	18PRr2	Trip 1	111
https://rubalkhali.science/kb/RAK_PH_VALUE_9781afaa2f43c73e2f2eba45a251a28f050dfaf856ea8ff48eca7449a029b79b	value	ph-measurement-v1|value|trip1|18PRr2|2026-07-21|EQ-PH-CACL2-1G-v1.0.0	9781afaa2f43c73e2f2eba45a251a28f050dfaf856ea8ff48eca7449a029b79b	18PRr2	Trip 1	111
https://rubalkhali.science/kb/RAK_PH_PROCESS_c3057af5d4b321e9f183e0420a08ca9bc519caeb27d46bdc90321d9b165093cb	process	ph-measurement-v1|process|trip1|19Sr1|2026-07-22|EQ-PH-CACL2-1G-v1.0.0	c3057af5d4b321e9f183e0420a08ca9bc519caeb27d46bdc90321d9b165093cb	19Sr1	Trip 1	112
https://rubalkhali.science/kb/RAK_PH_QUALITY_a5fe3ed5753628a5a4e3c2c6dda04e54556421dfe6424fcf04a2813200a58515	quality	ph-measurement-v1|quality|trip1|19Sr1|2026-07-22|EQ-PH-CACL2-1G-v1.0.0	a5fe3ed5753628a5a4e3c2c6dda04e54556421dfe6424fcf04a2813200a58515	19Sr1	Trip 1	112
https://rubalkhali.science/kb/RAK_PH_VALUE_5b0cf310558c914bbf9eabc4e8eae8832f653ea4417006951de71711360f9b3a	value	ph-measurement-v1|value|trip1|19Sr1|2026-07-22|EQ-PH-CACL2-1G-v1.0.0	5b0cf310558c914bbf9eabc4e8eae8832f653ea4417006951de71711360f9b3a	19Sr1	Trip 1	112
https://rubalkhali.science/kb/RAK_PH_PROCESS_1194081496618cb2dadb5556db70d64b4c855d0c296a04848ed06ede5afafac8	process	ph-measurement-v1|process|trip1|19Dr2|2026-07-22|EQ-PH-CACL2-1G-v1.0.0	1194081496618cb2dadb5556db70d64b4c855d0c296a04848ed06ede5afafac8	19Dr2	Trip 1	114
https://rubalkhali.science/kb/RAK_PH_QUALITY_7ba37f4c62aadf57d52753910b97acaa5aecd64216e7cf9448667e8dd09a23fa	quality	ph-measurement-v1|quality|trip1|19Dr2|2026-07-22|EQ-PH-CACL2-1G-v1.0.0	7ba37f4c62aadf57d52753910b97acaa5aecd64216e7cf9448667e8dd09a23fa	19Dr2	Trip 1	114
https://rubalkhali.science/kb/RAK_PH_VALUE_0ff9f17b89144aa4b196fef62dc6b67aac64e59b788a41ea41c62dc87b321bc1	value	ph-measurement-v1|value|trip1|19Dr2|2026-07-22|EQ-PH-CACL2-1G-v1.0.0	0ff9f17b89144aa4b196fef62dc6b67aac64e59b788a41ea41c62dc87b321bc1	19Dr2	Trip 1	114
https://rubalkhali.science/kb/RAK_PH_PROCESS_ce45c25c14f4e2567d95f53f0d3949b41d7e36b89573c0665edd4dd06104f9aa	process	ph-measurement-v1|process|trip1|20Sr1|2026-07-22|EQ-PH-CACL2-1G-v1.0.0	ce45c25c14f4e2567d95f53f0d3949b41d7e36b89573c0665edd4dd06104f9aa	20Sr1	Trip 1	116
https://rubalkhali.science/kb/RAK_PH_QUALITY_fbdd458b290947713cec7777c52c8e9d17f8cd99524a7a746d0a349b302b30fd	quality	ph-measurement-v1|quality|trip1|20Sr1|2026-07-22|EQ-PH-CACL2-1G-v1.0.0	fbdd458b290947713cec7777c52c8e9d17f8cd99524a7a746d0a349b302b30fd	20Sr1	Trip 1	116
https://rubalkhali.science/kb/RAK_PH_VALUE_a16c38ca8d62e10534f7d851d0d24a86178607db99d769f03c73fe511e289dbf	value	ph-measurement-v1|value|trip1|20Sr1|2026-07-22|EQ-PH-CACL2-1G-v1.0.0	a16c38ca8d62e10534f7d851d0d24a86178607db99d769f03c73fe511e289dbf	20Sr1	Trip 1	116
https://rubalkhali.science/kb/RAK_PH_PROCESS_6c262f2be3c24b994f6f89d1a3f604bde8c6cae683e0ef8a1fb9dd80f60d6675	process	ph-measurement-v1|process|trip1|20Dr1|2026-07-22|EQ-PH-CACL2-1G-v1.0.0	6c262f2be3c24b994f6f89d1a3f604bde8c6cae683e0ef8a1fb9dd80f60d6675	20Dr1	Trip 1	118
https://rubalkhali.science/kb/RAK_PH_QUALITY_f57ac39ec343b98dfad185bef84fa49d6be8a27952fe78a719111a002d327e29	quality	ph-measurement-v1|quality|trip1|20Dr1|2026-07-22|EQ-PH-CACL2-1G-v1.0.0	f57ac39ec343b98dfad185bef84fa49d6be8a27952fe78a719111a002d327e29	20Dr1	Trip 1	118
https://rubalkhali.science/kb/RAK_PH_VALUE_ad951ebadf580015db5cbb7ef8e10d6b472bcc541ba57c701271f0cf0042a4ed	value	ph-measurement-v1|value|trip1|20Dr1|2026-07-22|EQ-PH-CACL2-1G-v1.0.0	ad951ebadf580015db5cbb7ef8e10d6b472bcc541ba57c701271f0cf0042a4ed	20Dr1	Trip 1	118
https://rubalkhali.science/kb/RAK_PH_PROCESS_d4e286728b1a6622a39c0a3308070c1c6b85003a224f90cd4f74d7f61309b715	process	ph-measurement-v1|process|trip1|22Sr1|2026-07-21|EQ-PH-CACL2-1G-v1.0.0	d4e286728b1a6622a39c0a3308070c1c6b85003a224f90cd4f74d7f61309b715	22Sr1	Trip 1	126
https://rubalkhali.science/kb/RAK_PH_QUALITY_ad72fd8a957bf1fcb1b9b777367320886a30310d852fe1448eb2bafe2433793d	quality	ph-measurement-v1|quality|trip1|22Sr1|2026-07-21|EQ-PH-CACL2-1G-v1.0.0	ad72fd8a957bf1fcb1b9b777367320886a30310d852fe1448eb2bafe2433793d	22Sr1	Trip 1	126
https://rubalkhali.science/kb/RAK_PH_VALUE_62daf9c2d48cf941a0e7550bde25afd62479b0093ee31ff6e5e9ed4054ae625b	value	ph-measurement-v1|value|trip1|22Sr1|2026-07-21|EQ-PH-CACL2-1G-v1.0.0	62daf9c2d48cf941a0e7550bde25afd62479b0093ee31ff6e5e9ed4054ae625b	22Sr1	Trip 1	126
https://rubalkhali.science/kb/RAK_PH_PROCESS_82289572adfb8a5d706bf43ba1e1695d8b8a4ec9231dd6308c3159796d9ebd11	process	ph-measurement-v1|process|trip1|22Sr3|2026-07-21|EQ-PH-CACL2-1G-v1.0.0	82289572adfb8a5d706bf43ba1e1695d8b8a4ec9231dd6308c3159796d9ebd11	22Sr3	Trip 1	127
https://rubalkhali.science/kb/RAK_PH_QUALITY_21631e514d33211d4ce94d88097b6f341d4590c4d843b69e029d9a55b50dffc7	quality	ph-measurement-v1|quality|trip1|22Sr3|2026-07-21|EQ-PH-CACL2-1G-v1.0.0	21631e514d33211d4ce94d88097b6f341d4590c4d843b69e029d9a55b50dffc7	22Sr3	Trip 1	127
https://rubalkhali.science/kb/RAK_PH_VALUE_6589949a8dad2d78904b5353f11f1a43c92b97a949e5984adb17c0fe5f220832	value	ph-measurement-v1|value|trip1|22Sr3|2026-07-21|EQ-PH-CACL2-1G-v1.0.0	6589949a8dad2d78904b5353f11f1a43c92b97a949e5984adb17c0fe5f220832	22Sr3	Trip 1	127
https://rubalkhali.science/kb/RAK_PH_PROCESS_b65b8f3ba491cd883a82a79a317149e18b405396b16e872f252f0f3d652630bf	process	ph-measurement-v1|process|trip1|22Dr1|2026-07-21|EQ-PH-CACL2-1G-v1.0.0	b65b8f3ba491cd883a82a79a317149e18b405396b16e872f252f0f3d652630bf	22Dr1	Trip 1	128
https://rubalkhali.science/kb/RAK_PH_QUALITY_224475e25e570ab6d0189974b861a07f18abc67d565f1395fc298c8f717efc23	quality	ph-measurement-v1|quality|trip1|22Dr1|2026-07-21|EQ-PH-CACL2-1G-v1.0.0	224475e25e570ab6d0189974b861a07f18abc67d565f1395fc298c8f717efc23	22Dr1	Trip 1	128
https://rubalkhali.science/kb/RAK_PH_VALUE_bd5f922677df85c3a44ad34ecfad2bed275babe1bb7afcb7d0f7a92ab89400f1	value	ph-measurement-v1|value|trip1|22Dr1|2026-07-21|EQ-PH-CACL2-1G-v1.0.0	bd5f922677df85c3a44ad34ecfad2bed275babe1bb7afcb7d0f7a92ab89400f1	22Dr1	Trip 1	128
https://rubalkhali.science/kb/RAK_PH_PROCESS_d76a9ba1acbac403c6fd0ee1c5ca723fc789e561b60eab535b65c26e6e37af39	process	ph-measurement-v1|process|trip1|22Dr2|2026-07-21|EQ-PH-CACL2-1G-v1.0.0	d76a9ba1acbac403c6fd0ee1c5ca723fc789e561b60eab535b65c26e6e37af39	22Dr2	Trip 1	129
https://rubalkhali.science/kb/RAK_PH_QUALITY_0b7a292c747b36725453cd0d164c8bf6d03e83ddab18bfc8bb7f5e2a95e259b0	quality	ph-measurement-v1|quality|trip1|22Dr2|2026-07-21|EQ-PH-CACL2-1G-v1.0.0	0b7a292c747b36725453cd0d164c8bf6d03e83ddab18bfc8bb7f5e2a95e259b0	22Dr2	Trip 1	129
https://rubalkhali.science/kb/RAK_PH_VALUE_39edb6a30b463221daf57014e66d3526f50628ea45f15401274fde5003ded589	value	ph-measurement-v1|value|trip1|22Dr2|2026-07-21|EQ-PH-CACL2-1G-v1.0.0	39edb6a30b463221daf57014e66d3526f50628ea45f15401274fde5003ded589	22Dr2	Trip 1	129
https://rubalkhali.science/kb/RAK_PH_PROCESS_3c830dbbe485cff5aa23f48b79ed5a1bb5a97d2d53e475fbfdd909580597240d	process	ph-measurement-v1|process|trip1|22PRr3|2026-07-21|EQ-PH-CACL2-1G-v1.0.0	3c830dbbe485cff5aa23f48b79ed5a1bb5a97d2d53e475fbfdd909580597240d	22PRr3	Trip 1	132
https://rubalkhali.science/kb/RAK_PH_QUALITY_5cc88212921619d9fae7306cde1e3a52cb50d109c9dd7728f80522825f0f61dd	quality	ph-measurement-v1|quality|trip1|22PRr3|2026-07-21|EQ-PH-CACL2-1G-v1.0.0	5cc88212921619d9fae7306cde1e3a52cb50d109c9dd7728f80522825f0f61dd	22PRr3	Trip 1	132
https://rubalkhali.science/kb/RAK_PH_VALUE_63838f5a4579b77f5b8c88a535043db272d65f26888aa724742419a7027249dc	value	ph-measurement-v1|value|trip1|22PRr3|2026-07-21|EQ-PH-CACL2-1G-v1.0.0	63838f5a4579b77f5b8c88a535043db272d65f26888aa724742419a7027249dc	22PRr3	Trip 1	132
https://rubalkhali.science/kb/RAK_PH_SESSION_84a1b2406b7720ab6533759470c37fd33842e22ee41bdb521b8559d26ef0e13f	session	ph-measurement-v1|session|1|2026-07-23|98.1|10.04	84a1b2406b7720ab6533759470c37fd33842e22ee41bdb521b8559d26ef0e13f		Trip 1	134
https://rubalkhali.science/kb/RAK_PH_PROCESS_d809df3ec4d4ac91729ec5ea9d1fd1c688176a49714e071b95632c45cde8c473	process	ph-measurement-v1|process|trip1|23Sr2|2026-07-23|EQ-PH-CACL2-1G-v1.0.0	d809df3ec4d4ac91729ec5ea9d1fd1c688176a49714e071b95632c45cde8c473	23Sr2	Trip 1	134
https://rubalkhali.science/kb/RAK_PH_QUALITY_2bca6a1cd515f6ca0e7d66db40269ef26ea20191ac447b92882d48ed0573d225	quality	ph-measurement-v1|quality|trip1|23Sr2|2026-07-23|EQ-PH-CACL2-1G-v1.0.0	2bca6a1cd515f6ca0e7d66db40269ef26ea20191ac447b92882d48ed0573d225	23Sr2	Trip 1	134
https://rubalkhali.science/kb/RAK_PH_VALUE_44eb87c7e11c35f73b7aa2bc27c166468d22acefabc00087aefc1bf3520bfdb2	value	ph-measurement-v1|value|trip1|23Sr2|2026-07-23|EQ-PH-CACL2-1G-v1.0.0	44eb87c7e11c35f73b7aa2bc27c166468d22acefabc00087aefc1bf3520bfdb2	23Sr2	Trip 1	134
https://rubalkhali.science/kb/RAK_PH_PROCESS_1357d919e489379c02526413ba8b94bb975839e37db6bb3383a8169541670a33	process	ph-measurement-v1|process|trip1|23Dr1|2026-07-23|EQ-PH-CACL2-1G-v1.0.0	1357d919e489379c02526413ba8b94bb975839e37db6bb3383a8169541670a33	23Dr1	Trip 1	136
https://rubalkhali.science/kb/RAK_PH_QUALITY_e926b0f0f236e231f9c8a88488aad18c9cce080af217f9c14bfbe520115cb863	quality	ph-measurement-v1|quality|trip1|23Dr1|2026-07-23|EQ-PH-CACL2-1G-v1.0.0	e926b0f0f236e231f9c8a88488aad18c9cce080af217f9c14bfbe520115cb863	23Dr1	Trip 1	136
https://rubalkhali.science/kb/RAK_PH_VALUE_f0c3ff7863b15f40e3157ffb3022a12ac61401f52f356bdecd96f0ca35a5f697	value	ph-measurement-v1|value|trip1|23Dr1|2026-07-23|EQ-PH-CACL2-1G-v1.0.0	f0c3ff7863b15f40e3157ffb3022a12ac61401f52f356bdecd96f0ca35a5f697	23Dr1	Trip 1	136
https://rubalkhali.science/kb/RAK_PH_PROCESS_2d46b1d09ef513d0bb6e4c5a8dcb136d6db1aaba0ae649d900fa464dd453d778	process	ph-measurement-v1|process|trip1|23PRr1|2026-07-23|EQ-PH-CACL2-1G-v1.0.0	2d46b1d09ef513d0bb6e4c5a8dcb136d6db1aaba0ae649d900fa464dd453d778	23PRr1	Trip 1	138
https://rubalkhali.science/kb/RAK_PH_QUALITY_1fbbda701030f4ceb90db58a95d1049ecd78a4bfd614d9b9c2446ae996038e18	quality	ph-measurement-v1|quality|trip1|23PRr1|2026-07-23|EQ-PH-CACL2-1G-v1.0.0	1fbbda701030f4ceb90db58a95d1049ecd78a4bfd614d9b9c2446ae996038e18	23PRr1	Trip 1	138
https://rubalkhali.science/kb/RAK_PH_VALUE_1edddc1dc173e93998177c98b452f3307ccc2d4fc204ac53d2a89b6658677bc2	value	ph-measurement-v1|value|trip1|23PRr1|2026-07-23|EQ-PH-CACL2-1G-v1.0.0	1edddc1dc173e93998177c98b452f3307ccc2d4fc204ac53d2a89b6658677bc2	23PRr1	Trip 1	138
https://rubalkhali.science/kb/RAK_PH_PROCESS_5e1bc684e6595c0a3f54c5873a1f38f6257e1fb0fc48f84d09a90f46b2d8aee8	process	ph-measurement-v1|process|trip1|24Sr1|2026-07-23|EQ-PH-CACL2-1G-v1.0.0	5e1bc684e6595c0a3f54c5873a1f38f6257e1fb0fc48f84d09a90f46b2d8aee8	24Sr1	Trip 1	141
https://rubalkhali.science/kb/RAK_PH_QUALITY_02eeb917366960f18ed5fe7603ab2492b5a76f1e35e98dfd5c579d17f0e61c9c	quality	ph-measurement-v1|quality|trip1|24Sr1|2026-07-23|EQ-PH-CACL2-1G-v1.0.0	02eeb917366960f18ed5fe7603ab2492b5a76f1e35e98dfd5c579d17f0e61c9c	24Sr1	Trip 1	141
https://rubalkhali.science/kb/RAK_PH_VALUE_81f90e793fc59064e7e0b14d1848c651f8ee2e7a978652a6936d8e03e3cf4fcf	value	ph-measurement-v1|value|trip1|24Sr1|2026-07-23|EQ-PH-CACL2-1G-v1.0.0	81f90e793fc59064e7e0b14d1848c651f8ee2e7a978652a6936d8e03e3cf4fcf	24Sr1	Trip 1	141
https://rubalkhali.science/kb/RAK_PH_PROCESS_f42e86990212d30fe5abb3a6d20e7b4118e8bae05fee45d07f55bfe2f58957dd	process	ph-measurement-v1|process|trip1|24Dr2|2026-07-23|EQ-PH-CACL2-1G-v1.0.0	f42e86990212d30fe5abb3a6d20e7b4118e8bae05fee45d07f55bfe2f58957dd	24Dr2	Trip 1	144
https://rubalkhali.science/kb/RAK_PH_QUALITY_9c7d37edc35dd0a8d84cae631bce6501d5eeb4eeade1cb0912eba3509ef273c5	quality	ph-measurement-v1|quality|trip1|24Dr2|2026-07-23|EQ-PH-CACL2-1G-v1.0.0	9c7d37edc35dd0a8d84cae631bce6501d5eeb4eeade1cb0912eba3509ef273c5	24Dr2	Trip 1	144
https://rubalkhali.science/kb/RAK_PH_VALUE_150c2531561a0e1cc9501346200c8e51937fc81c21e0e3f286ff6886c8704d21	value	ph-measurement-v1|value|trip1|24Dr2|2026-07-23|EQ-PH-CACL2-1G-v1.0.0	150c2531561a0e1cc9501346200c8e51937fc81c21e0e3f286ff6886c8704d21	24Dr2	Trip 1	144
https://rubalkhali.science/kb/RAK_PH_PROCESS_86816bbf36c079030f51435f4735b65588f2f58020ed9f762067ad0e4b4fafec	process	ph-measurement-v1|process|trip1|24PRr2|2026-07-23|EQ-PH-CACL2-1G-v1.0.0	86816bbf36c079030f51435f4735b65588f2f58020ed9f762067ad0e4b4fafec	24PRr2	Trip 1	145
https://rubalkhali.science/kb/RAK_PH_QUALITY_4d4182ad8a7cfb44ce2e959d8249a04565e7da2d023e5648cdfc890d51e9d6ba	quality	ph-measurement-v1|quality|trip1|24PRr2|2026-07-23|EQ-PH-CACL2-1G-v1.0.0	4d4182ad8a7cfb44ce2e959d8249a04565e7da2d023e5648cdfc890d51e9d6ba	24PRr2	Trip 1	145
https://rubalkhali.science/kb/RAK_PH_VALUE_114b9cabfaf1996d4f7cd0daa4ca25ffdc20f5574a651967e672dda8b771ec5d	value	ph-measurement-v1|value|trip1|24PRr2|2026-07-23|EQ-PH-CACL2-1G-v1.0.0	114b9cabfaf1996d4f7cd0daa4ca25ffdc20f5574a651967e672dda8b771ec5d	24PRr2	Trip 1	145
https://rubalkhali.science/kb/RAK_PH_PROCESS_da8e59726bce19aed157c087b18ed00ad9fd52317a9a2ce95721a58f15ccaeae	process	ph-measurement-v1|process|trip1|25Sr1|2026-07-23|EQ-PH-CACL2-1G-v1.0.0	da8e59726bce19aed157c087b18ed00ad9fd52317a9a2ce95721a58f15ccaeae	25Sr1	Trip 1	146
https://rubalkhali.science/kb/RAK_PH_QUALITY_a7ee9f5ddb4705f40882d280d42cfd33ce7e773ac81797fd4ece27241e469999	quality	ph-measurement-v1|quality|trip1|25Sr1|2026-07-23|EQ-PH-CACL2-1G-v1.0.0	a7ee9f5ddb4705f40882d280d42cfd33ce7e773ac81797fd4ece27241e469999	25Sr1	Trip 1	146
https://rubalkhali.science/kb/RAK_PH_VALUE_0ee1db108a32f1ed2461c31aea248611f5ba48490a909239725dfb32ec76058a	value	ph-measurement-v1|value|trip1|25Sr1|2026-07-23|EQ-PH-CACL2-1G-v1.0.0	0ee1db108a32f1ed2461c31aea248611f5ba48490a909239725dfb32ec76058a	25Sr1	Trip 1	146
https://rubalkhali.science/kb/RAK_PH_PROCESS_93c585ed1f1385f3b93d09ee484bc18528eeca0526a52062c5810ee854720d7a	process	ph-measurement-v1|process|trip1|25Dr3|2026-07-23|EQ-PH-CACL2-1G-v1.0.0	93c585ed1f1385f3b93d09ee484bc18528eeca0526a52062c5810ee854720d7a	25Dr3	Trip 1	149
https://rubalkhali.science/kb/RAK_PH_QUALITY_bc9f84e90b73fca61a512d2fc0f18cec1e56e56abc612ce81da47fa11bd4047d	quality	ph-measurement-v1|quality|trip1|25Dr3|2026-07-23|EQ-PH-CACL2-1G-v1.0.0	bc9f84e90b73fca61a512d2fc0f18cec1e56e56abc612ce81da47fa11bd4047d	25Dr3	Trip 1	149
https://rubalkhali.science/kb/RAK_PH_VALUE_554d28b85cc2c1ccf4ae39c808eecdd22935109ae9c2750df58c653e945c11f7	value	ph-measurement-v1|value|trip1|25Dr3|2026-07-23|EQ-PH-CACL2-1G-v1.0.0	554d28b85cc2c1ccf4ae39c808eecdd22935109ae9c2750df58c653e945c11f7	25Dr3	Trip 1	149
https://rubalkhali.science/kb/RAK_PH_PROCESS_b6a8d10378082007d0a804da92f1db19da329a62921432a6a3415ff76a843779	process	ph-measurement-v1|process|trip1|25PRr2|2026-07-23|EQ-PH-CACL2-1G-v1.0.0	b6a8d10378082007d0a804da92f1db19da329a62921432a6a3415ff76a843779	25PRr2	Trip 1	150
https://rubalkhali.science/kb/RAK_PH_QUALITY_ec1ca1d3839f6b1c07fcebb0f47593742c942085e40db406b46a77db2acc4d0e	quality	ph-measurement-v1|quality|trip1|25PRr2|2026-07-23|EQ-PH-CACL2-1G-v1.0.0	ec1ca1d3839f6b1c07fcebb0f47593742c942085e40db406b46a77db2acc4d0e	25PRr2	Trip 1	150
https://rubalkhali.science/kb/RAK_PH_VALUE_590d5c0927b88206e6329910d86cd9ec39857ddb341ff732ed08b6c1c52607be	value	ph-measurement-v1|value|trip1|25PRr2|2026-07-23|EQ-PH-CACL2-1G-v1.0.0	590d5c0927b88206e6329910d86cd9ec39857ddb341ff732ed08b6c1c52607be	25PRr2	Trip 1	150
https://rubalkhali.science/kb/RAK_PH_PROCESS_4103b724d53f75651f80b769caba74e4d161423e51e997f4bf3fe731c2098288	process	ph-measurement-v1|process|trip1|27Sr2|2026-07-23|EQ-PH-CACL2-1G-v1.0.0	4103b724d53f75651f80b769caba74e4d161423e51e997f4bf3fe731c2098288	27Sr2	Trip 1	159
https://rubalkhali.science/kb/RAK_PH_QUALITY_0fa57dfc09b022eaff89971e4add273d319dd940d3866e207ac32d4c5a8ee9b0	quality	ph-measurement-v1|quality|trip1|27Sr2|2026-07-23|EQ-PH-CACL2-1G-v1.0.0	0fa57dfc09b022eaff89971e4add273d319dd940d3866e207ac32d4c5a8ee9b0	27Sr2	Trip 1	159
https://rubalkhali.science/kb/RAK_PH_VALUE_b37c033a750237d28f51fff3976baa86d8df162c357d3b9f1b17a946d4645bc0	value	ph-measurement-v1|value|trip1|27Sr2|2026-07-23|EQ-PH-CACL2-1G-v1.0.0	b37c033a750237d28f51fff3976baa86d8df162c357d3b9f1b17a946d4645bc0	27Sr2	Trip 1	159
https://rubalkhali.science/kb/RAK_PH_PROCESS_b3a8deca7b33f295e938819d322a4cfe6b393be6f8efa5e6349a948c8be503ea	process	ph-measurement-v1|process|trip1|27Dr1|2026-07-23|EQ-PH-CACL2-1G-v1.0.0	b3a8deca7b33f295e938819d322a4cfe6b393be6f8efa5e6349a948c8be503ea	27Dr1	Trip 1	161
https://rubalkhali.science/kb/RAK_PH_QUALITY_ea87f1df4737025add85df79a9608eda2c29a2583f0e184b30fe350c6c6b50f9	quality	ph-measurement-v1|quality|trip1|27Dr1|2026-07-23|EQ-PH-CACL2-1G-v1.0.0	ea87f1df4737025add85df79a9608eda2c29a2583f0e184b30fe350c6c6b50f9	27Dr1	Trip 1	161
https://rubalkhali.science/kb/RAK_PH_VALUE_ca9bede1c8f31415888e1a3acf7b03b776598f4ee664c8acd59a7e8b9f58b648	value	ph-measurement-v1|value|trip1|27Dr1|2026-07-23|EQ-PH-CACL2-1G-v1.0.0	ca9bede1c8f31415888e1a3acf7b03b776598f4ee664c8acd59a7e8b9f58b648	27Dr1	Trip 1	161
https://rubalkhali.science/kb/RAK_PH_PROCESS_065f8a0c82777a134b84397ed2a1df89c380d6d18eadfe4c7f69ffc5cfc7949e	process	ph-measurement-v1|process|trip1|27PRr2|2026-07-23|EQ-PH-CACL2-1G-v1.0.0	065f8a0c82777a134b84397ed2a1df89c380d6d18eadfe4c7f69ffc5cfc7949e	27PRr2	Trip 1	165
https://rubalkhali.science/kb/RAK_PH_QUALITY_20c75df5fe69d89f72426f9c24ac853d1e3558fe49964a0e5bfbe4a58b063118	quality	ph-measurement-v1|quality|trip1|27PRr2|2026-07-23|EQ-PH-CACL2-1G-v1.0.0	20c75df5fe69d89f72426f9c24ac853d1e3558fe49964a0e5bfbe4a58b063118	27PRr2	Trip 1	165
https://rubalkhali.science/kb/RAK_PH_VALUE_cf20c1f0bbfec053ac070c6f6620f5fb4e523ae994243c64b030beae0768f062	value	ph-measurement-v1|value|trip1|27PRr2|2026-07-23|EQ-PH-CACL2-1G-v1.0.0	cf20c1f0bbfec053ac070c6f6620f5fb4e523ae994243c64b030beae0768f062	27PRr2	Trip 1	165
https://rubalkhali.science/kb/RAK_PH_PROCESS_f7cc8a1e65fad205bab039542e0b3806fe79a0bcdc157ecf844b812a96c6dbbc	process	ph-measurement-v1|process|trip1|28Sr2|2026-07-23|EQ-PH-CACL2-1G-v1.0.0	f7cc8a1e65fad205bab039542e0b3806fe79a0bcdc157ecf844b812a96c6dbbc	28Sr2	Trip 1	167
https://rubalkhali.science/kb/RAK_PH_QUALITY_17f7c89b7663d7d222e5895c4cd6aa602258a114f08be63d7057d154f1d4959f	quality	ph-measurement-v1|quality|trip1|28Sr2|2026-07-23|EQ-PH-CACL2-1G-v1.0.0	17f7c89b7663d7d222e5895c4cd6aa602258a114f08be63d7057d154f1d4959f	28Sr2	Trip 1	167
https://rubalkhali.science/kb/RAK_PH_VALUE_b1964df2fbced7f0880fdf5834a37937a8dfd590e29a1428a60986e1c681e7fe	value	ph-measurement-v1|value|trip1|28Sr2|2026-07-23|EQ-PH-CACL2-1G-v1.0.0	b1964df2fbced7f0880fdf5834a37937a8dfd590e29a1428a60986e1c681e7fe	28Sr2	Trip 1	167
https://rubalkhali.science/kb/RAK_PH_PROCESS_6604f4eb14786f5495b4a0e55cb5db395b71836bc1662f6d2db2c319fe132aac	process	ph-measurement-v1|process|trip1|28Dr1|2026-07-23|EQ-PH-CACL2-1G-v1.0.0	6604f4eb14786f5495b4a0e55cb5db395b71836bc1662f6d2db2c319fe132aac	28Dr1	Trip 1	169
https://rubalkhali.science/kb/RAK_PH_QUALITY_2c0ececb5aa15a48967eabe51f860d8bd8eab8aaeb159ca03a3652d85af39fb9	quality	ph-measurement-v1|quality|trip1|28Dr1|2026-07-23|EQ-PH-CACL2-1G-v1.0.0	2c0ececb5aa15a48967eabe51f860d8bd8eab8aaeb159ca03a3652d85af39fb9	28Dr1	Trip 1	169
https://rubalkhali.science/kb/RAK_PH_VALUE_2510e528d647621cf51772d60918879875225abc9528ef54b02a4120871a4607	value	ph-measurement-v1|value|trip1|28Dr1|2026-07-23|EQ-PH-CACL2-1G-v1.0.0	2510e528d647621cf51772d60918879875225abc9528ef54b02a4120871a4607	28Dr1	Trip 1	169
https://rubalkhali.science/kb/RAK_PH_PROCESS_f4ea99e2fce408568129f8c89459415d331a284492832d07900b47f81f9b783f	process	ph-measurement-v1|process|trip1|28PRr3|2026-07-23|EQ-PH-CACL2-1G-v1.0.0	f4ea99e2fce408568129f8c89459415d331a284492832d07900b47f81f9b783f	28PRr3	Trip 1	172
https://rubalkhali.science/kb/RAK_PH_QUALITY_0efef3614b79d759b51587ee0b4aa638108d1e07c3bbbee797d94cc0c305686d	quality	ph-measurement-v1|quality|trip1|28PRr3|2026-07-23|EQ-PH-CACL2-1G-v1.0.0	0efef3614b79d759b51587ee0b4aa638108d1e07c3bbbee797d94cc0c305686d	28PRr3	Trip 1	172
https://rubalkhali.science/kb/RAK_PH_VALUE_1363f7edf56b3e5763af019f4bb681fe0e2f50a1d1731cc826c2d30174b84bd4	value	ph-measurement-v1|value|trip1|28PRr3|2026-07-23|EQ-PH-CACL2-1G-v1.0.0	1363f7edf56b3e5763af019f4bb681fe0e2f50a1d1731cc826c2d30174b84bd4	28PRr3	Trip 1	172
https://rubalkhali.science/kb/RAK_PH_PROCESS_c0bd3fbbd1e957aab52a9a59dc1e4b25dab3090b79d271b0ba1b85843478a285	process	ph-measurement-v1|process|trip1|29Sr1|2026-07-23|EQ-PH-CACL2-1G-v1.0.0	c0bd3fbbd1e957aab52a9a59dc1e4b25dab3090b79d271b0ba1b85843478a285	29Sr1	Trip 1	173
https://rubalkhali.science/kb/RAK_PH_QUALITY_8602fe4eef64a74c809588c74b180186996b373af60a7d6c404b73824fc5876d	quality	ph-measurement-v1|quality|trip1|29Sr1|2026-07-23|EQ-PH-CACL2-1G-v1.0.0	8602fe4eef64a74c809588c74b180186996b373af60a7d6c404b73824fc5876d	29Sr1	Trip 1	173
https://rubalkhali.science/kb/RAK_PH_VALUE_ea204b96b1954db05c9679a2f16afe37f36897597d3c2cf84345cbbce70f7403	value	ph-measurement-v1|value|trip1|29Sr1|2026-07-23|EQ-PH-CACL2-1G-v1.0.0	ea204b96b1954db05c9679a2f16afe37f36897597d3c2cf84345cbbce70f7403	29Sr1	Trip 1	173
https://rubalkhali.science/kb/RAK_PH_PROCESS_ba1383bfe9d2c7e8fcae550c7798d39a68c3bff7a3ac50b81b54f0aae269b24d	process	ph-measurement-v1|process|trip1|29Dr2|2026-07-23|EQ-PH-CACL2-1G-v1.0.0	ba1383bfe9d2c7e8fcae550c7798d39a68c3bff7a3ac50b81b54f0aae269b24d	29Dr2	Trip 1	176
https://rubalkhali.science/kb/RAK_PH_QUALITY_b5f0a48d27786509dc138e2be22a4f2f002e9784b9cfda6f21e5a3a73cf4dcd4	quality	ph-measurement-v1|quality|trip1|29Dr2|2026-07-23|EQ-PH-CACL2-1G-v1.0.0	b5f0a48d27786509dc138e2be22a4f2f002e9784b9cfda6f21e5a3a73cf4dcd4	29Dr2	Trip 1	176
https://rubalkhali.science/kb/RAK_PH_VALUE_d21a08401fe01b18248333376571ada32bd2540a8363b28be8624048b3401f7e	value	ph-measurement-v1|value|trip1|29Dr2|2026-07-23|EQ-PH-CACL2-1G-v1.0.0	d21a08401fe01b18248333376571ada32bd2540a8363b28be8624048b3401f7e	29Dr2	Trip 1	176
https://rubalkhali.science/kb/RAK_PH_PROCESS_383cea120291df496bf6163df133ffe055542287699147aeaecfc2759a14861f	process	ph-measurement-v1|process|trip1|29PRr3|2026-07-23|EQ-PH-CACL2-1G-v1.0.0	383cea120291df496bf6163df133ffe055542287699147aeaecfc2759a14861f	29PRr3	Trip 1	180
https://rubalkhali.science/kb/RAK_PH_QUALITY_558b6525178ec3d36d2f9a157f362dc9b5e231e009a6d8f546b2d931954238d2	quality	ph-measurement-v1|quality|trip1|29PRr3|2026-07-23|EQ-PH-CACL2-1G-v1.0.0	558b6525178ec3d36d2f9a157f362dc9b5e231e009a6d8f546b2d931954238d2	29PRr3	Trip 1	180
https://rubalkhali.science/kb/RAK_PH_VALUE_5db3e3bbe94a196ff959f3ade1b4219af91956841704d26632a067533a861144	value	ph-measurement-v1|value|trip1|29PRr3|2026-07-23|EQ-PH-CACL2-1G-v1.0.0	5db3e3bbe94a196ff959f3ade1b4219af91956841704d26632a067533a861144	29PRr3	Trip 1	180
https://rubalkhali.science/kb/RAK_PH_PROCESS_11188803ea34f58175811f4850524efebbb22bd97463824263f87e7396337d18	process	ph-measurement-v1|process|trip1|30Sr3|2026-07-23|EQ-PH-CACL2-1G-v1.0.0	11188803ea34f58175811f4850524efebbb22bd97463824263f87e7396337d18	30Sr3	Trip 1	183
https://rubalkhali.science/kb/RAK_PH_QUALITY_c623050fc29a1bb5ea0b1f503eee1f2184c9078c50bcc6988e9e5574d63dd5f6	quality	ph-measurement-v1|quality|trip1|30Sr3|2026-07-23|EQ-PH-CACL2-1G-v1.0.0	c623050fc29a1bb5ea0b1f503eee1f2184c9078c50bcc6988e9e5574d63dd5f6	30Sr3	Trip 1	183
https://rubalkhali.science/kb/RAK_PH_VALUE_67e730ce580193c593c5ffe13a8489c4a94551d3582db3cf9f70a3b7bf6473ba	value	ph-measurement-v1|value|trip1|30Sr3|2026-07-23|EQ-PH-CACL2-1G-v1.0.0	67e730ce580193c593c5ffe13a8489c4a94551d3582db3cf9f70a3b7bf6473ba	30Sr3	Trip 1	183
https://rubalkhali.science/kb/RAK_PH_PROCESS_91e2e285fdfa96ca8c6529356935c93e0114b9fe87f2a39cf908c1aa469274bf	process	ph-measurement-v1|process|trip1|30Dr1|2026-07-23|EQ-PH-CACL2-1G-v1.0.0	91e2e285fdfa96ca8c6529356935c93e0114b9fe87f2a39cf908c1aa469274bf	30Dr1	Trip 1	184
https://rubalkhali.science/kb/RAK_PH_QUALITY_85e278703c9f14c797832f80d8936fdae8522edf7336d6d679172fe604feb36c	quality	ph-measurement-v1|quality|trip1|30Dr1|2026-07-23|EQ-PH-CACL2-1G-v1.0.0	85e278703c9f14c797832f80d8936fdae8522edf7336d6d679172fe604feb36c	30Dr1	Trip 1	184
https://rubalkhali.science/kb/RAK_PH_VALUE_a981eee404b4a3bbfacf9a9988d6f60b5cfcabbd537065023c2c2e7d307c8f78	value	ph-measurement-v1|value|trip1|30Dr1|2026-07-23|EQ-PH-CACL2-1G-v1.0.0	a981eee404b4a3bbfacf9a9988d6f60b5cfcabbd537065023c2c2e7d307c8f78	30Dr1	Trip 1	184
https://rubalkhali.science/kb/RAK_PH_PROCESS_2e772dc4ebe84fff1a1fe7bbfa500dd55472fe7d982b65071e79d8e08c4a6847	process	ph-measurement-v1|process|trip1|30PRr1|2026-07-23|EQ-PH-CACL2-1G-v1.0.0	2e772dc4ebe84fff1a1fe7bbfa500dd55472fe7d982b65071e79d8e08c4a6847	30PRr1	Trip 1	185
https://rubalkhali.science/kb/RAK_PH_QUALITY_ea424add959734f5fd275fd7ee3df438461fd090a78610fc7334aaf50204e126	quality	ph-measurement-v1|quality|trip1|30PRr1|2026-07-23|EQ-PH-CACL2-1G-v1.0.0	ea424add959734f5fd275fd7ee3df438461fd090a78610fc7334aaf50204e126	30PRr1	Trip 1	185
https://rubalkhali.science/kb/RAK_PH_VALUE_ccf45dc8ec93474d2cdddfb8512f5524404d3a7f61bb828ceb6eec073a16af9c	value	ph-measurement-v1|value|trip1|30PRr1|2026-07-23|EQ-PH-CACL2-1G-v1.0.0	ccf45dc8ec93474d2cdddfb8512f5524404d3a7f61bb828ceb6eec073a16af9c	30PRr1	Trip 1	185
https://rubalkhali.science/kb/RAK_PH_PROCESS_f58d2c0281db4e0d53c37e3722fb613dca79301f44d03a3f24392ce9ac7a733e	process	ph-measurement-v1|process|trip1|31Sr2|2026-07-23|EQ-PH-CACL2-1G-v1.0.0	f58d2c0281db4e0d53c37e3722fb613dca79301f44d03a3f24392ce9ac7a733e	31Sr2	Trip 1	187
https://rubalkhali.science/kb/RAK_PH_QUALITY_1ef1a1d7e41d49c4223814716ba4f8aca5b1e024b47058c6f7446e5e3e08f341	quality	ph-measurement-v1|quality|trip1|31Sr2|2026-07-23|EQ-PH-CACL2-1G-v1.0.0	1ef1a1d7e41d49c4223814716ba4f8aca5b1e024b47058c6f7446e5e3e08f341	31Sr2	Trip 1	187
https://rubalkhali.science/kb/RAK_PH_VALUE_3ac4e47af90ef45135c8adca1594fc973e81a1e8705e7f112d7ed00f42cfe164	value	ph-measurement-v1|value|trip1|31Sr2|2026-07-23|EQ-PH-CACL2-1G-v1.0.0	3ac4e47af90ef45135c8adca1594fc973e81a1e8705e7f112d7ed00f42cfe164	31Sr2	Trip 1	187
https://rubalkhali.science/kb/RAK_PH_SESSION_1201402d88ee6531aee1fdc7720d68b52807200c3c77d2efbec83a7acb869bdf	session	ph-measurement-v1|session|1|2026-07-23|98.1|10.06	1201402d88ee6531aee1fdc7720d68b52807200c3c77d2efbec83a7acb869bdf		Trip 1	189
https://rubalkhali.science/kb/RAK_PH_PROCESS_2262212e24e1d63c0889886f305d6bb24c9a6f6840e86a04b0796b074719d4a9	process	ph-measurement-v1|process|trip1|31Dr2|2026-07-23|EQ-PH-CACL2-1G-v1.0.0	2262212e24e1d63c0889886f305d6bb24c9a6f6840e86a04b0796b074719d4a9	31Dr2	Trip 1	189
https://rubalkhali.science/kb/RAK_PH_QUALITY_1c98ab9caed7da009746a9b3355ecca9e26e53cab926d8846471a3af7f16a205	quality	ph-measurement-v1|quality|trip1|31Dr2|2026-07-23|EQ-PH-CACL2-1G-v1.0.0	1c98ab9caed7da009746a9b3355ecca9e26e53cab926d8846471a3af7f16a205	31Dr2	Trip 1	189
https://rubalkhali.science/kb/RAK_PH_VALUE_2221c75e975a52edd069ccfcbe2a29ca96a6ed198c93451ddead743113465977	value	ph-measurement-v1|value|trip1|31Dr2|2026-07-23|EQ-PH-CACL2-1G-v1.0.0	2221c75e975a52edd069ccfcbe2a29ca96a6ed198c93451ddead743113465977	31Dr2	Trip 1	189
https://rubalkhali.science/kb/RAK_PH_PROCESS_18b6ecbe2aa927f158c18c7fb6222260997db42ef1be24d9c2b3e7c6c8cd70b3	process	ph-measurement-v1|process|trip1|31PRr2|2026-07-23|EQ-PH-CACL2-1G-v1.0.0	18b6ecbe2aa927f158c18c7fb6222260997db42ef1be24d9c2b3e7c6c8cd70b3	31PRr2	Trip 1	190
https://rubalkhali.science/kb/RAK_PH_QUALITY_9701e717c62c4214a1c1cc295f2d0d559cd707f02b2a121e68bed6f3ac3cd2c9	quality	ph-measurement-v1|quality|trip1|31PRr2|2026-07-23|EQ-PH-CACL2-1G-v1.0.0	9701e717c62c4214a1c1cc295f2d0d559cd707f02b2a121e68bed6f3ac3cd2c9	31PRr2	Trip 1	190
https://rubalkhali.science/kb/RAK_PH_VALUE_f0385970acfd49afef1980b66c1c4197764ed6eb925e493a076e22d5624d1afa	value	ph-measurement-v1|value|trip1|31PRr2|2026-07-23|EQ-PH-CACL2-1G-v1.0.0	f0385970acfd49afef1980b66c1c4197764ed6eb925e493a076e22d5624d1afa	31PRr2	Trip 1	190
https://rubalkhali.science/kb/RAK_PH_PROCESS_555efda1c106194e97480b1df7081f5af6b9e4460739b64f5f9edc0ff11b2f3b	process	ph-measurement-v1|process|trip1|32Dr3|2026-07-23|EQ-PH-CACL2-1G-v1.0.0	555efda1c106194e97480b1df7081f5af6b9e4460739b64f5f9edc0ff11b2f3b	32Dr3	Trip 1	192
https://rubalkhali.science/kb/RAK_PH_QUALITY_a4d1ca5430c823d9088b0649effb9d67b46da08c9b6de43afd298ba58b051dd9	quality	ph-measurement-v1|quality|trip1|32Dr3|2026-07-23|EQ-PH-CACL2-1G-v1.0.0	a4d1ca5430c823d9088b0649effb9d67b46da08c9b6de43afd298ba58b051dd9	32Dr3	Trip 1	192
https://rubalkhali.science/kb/RAK_PH_VALUE_e327363120b22e66e33c9d8c943e3ab4441c9edb7fd848279e73bddbc85786aa	value	ph-measurement-v1|value|trip1|32Dr3|2026-07-23|EQ-PH-CACL2-1G-v1.0.0	e327363120b22e66e33c9d8c943e3ab4441c9edb7fd848279e73bddbc85786aa	32Dr3	Trip 1	192
https://rubalkhali.science/kb/RAK_PH_PROCESS_f33b40b4f2e37a3dd47c654bf7d2bd847861e36b042c3dc65e3b6c5b4a84d3a3	process	ph-measurement-v1|process|trip1|32PRr3|2026-07-23|EQ-PH-CACL2-1G-v1.0.0	f33b40b4f2e37a3dd47c654bf7d2bd847861e36b042c3dc65e3b6c5b4a84d3a3	32PRr3	Trip 1	195
https://rubalkhali.science/kb/RAK_PH_QUALITY_30cba928473ceb3d7db82cb44063b1c835a2068b973088e8a0539f0ca7131e79	quality	ph-measurement-v1|quality|trip1|32PRr3|2026-07-23|EQ-PH-CACL2-1G-v1.0.0	30cba928473ceb3d7db82cb44063b1c835a2068b973088e8a0539f0ca7131e79	32PRr3	Trip 1	195
https://rubalkhali.science/kb/RAK_PH_VALUE_59e534a20cdd8d6d50c5d052350bacd03988ad989e3be1c622c597b2394d92f4	value	ph-measurement-v1|value|trip1|32PRr3|2026-07-23|EQ-PH-CACL2-1G-v1.0.0	59e534a20cdd8d6d50c5d052350bacd03988ad989e3be1c622c597b2394d92f4	32PRr3	Trip 1	195
https://rubalkhali.science/kb/RAK_PH_PROCESS_5c11a660fcadd8cd99c0b7a9c90d5d08a4a4d5354e0c9d3770df800f62f03e05	process	ph-measurement-v1|process|trip1|33Sr2|2026-07-23|EQ-PH-CACL2-1G-v1.0.0	5c11a660fcadd8cd99c0b7a9c90d5d08a4a4d5354e0c9d3770df800f62f03e05	33Sr2	Trip 1	197
https://rubalkhali.science/kb/RAK_PH_QUALITY_7799dabc75f07bd2ba046ed91f9ca087952c75d82becfa49ab9a314c8213eb1a	quality	ph-measurement-v1|quality|trip1|33Sr2|2026-07-23|EQ-PH-CACL2-1G-v1.0.0	7799dabc75f07bd2ba046ed91f9ca087952c75d82becfa49ab9a314c8213eb1a	33Sr2	Trip 1	197
https://rubalkhali.science/kb/RAK_PH_VALUE_a478b7fc7a534e86924e62d42eb60e5b74b5d84951676d288ddcd6b94ec533dc	value	ph-measurement-v1|value|trip1|33Sr2|2026-07-23|EQ-PH-CACL2-1G-v1.0.0	a478b7fc7a534e86924e62d42eb60e5b74b5d84951676d288ddcd6b94ec533dc	33Sr2	Trip 1	197
https://rubalkhali.science/kb/RAK_PH_PROCESS_a025a78775332abcbd83fe9c14a7dbc824225fb13e38e542e9692d11a9979b92	process	ph-measurement-v1|process|trip1|33Dr1|2026-07-23|EQ-PH-CACL2-1G-v1.0.0	a025a78775332abcbd83fe9c14a7dbc824225fb13e38e542e9692d11a9979b92	33Dr1	Trip 1	198
https://rubalkhali.science/kb/RAK_PH_QUALITY_074f8279071da39f97e73adbd531e44e2df9b523fc832711727cc0471b288108	quality	ph-measurement-v1|quality|trip1|33Dr1|2026-07-23|EQ-PH-CACL2-1G-v1.0.0	074f8279071da39f97e73adbd531e44e2df9b523fc832711727cc0471b288108	33Dr1	Trip 1	198
https://rubalkhali.science/kb/RAK_PH_VALUE_109ebdcf52899ff61ed3d6634999d3a0b0dccd2e63da9e3959b0b8fb0a073bca	value	ph-measurement-v1|value|trip1|33Dr1|2026-07-23|EQ-PH-CACL2-1G-v1.0.0	109ebdcf52899ff61ed3d6634999d3a0b0dccd2e63da9e3959b0b8fb0a073bca	33Dr1	Trip 1	198
https://rubalkhali.science/kb/RAK_PH_PROCESS_05131fddb999c8e669af62188395c1c05da3a772d6f6830df42e8ad7bea6db80	process	ph-measurement-v1|process|trip1|33PRr2|2026-07-23|EQ-PH-CACL2-1G-v1.0.0	05131fddb999c8e669af62188395c1c05da3a772d6f6830df42e8ad7bea6db80	33PRr2	Trip 1	202
https://rubalkhali.science/kb/RAK_PH_QUALITY_573d74020981b9ed7a6a0fccde3d8b977adc417c88b3a689a7e06c891d9d1217	quality	ph-measurement-v1|quality|trip1|33PRr2|2026-07-23|EQ-PH-CACL2-1G-v1.0.0	573d74020981b9ed7a6a0fccde3d8b977adc417c88b3a689a7e06c891d9d1217	33PRr2	Trip 1	202
https://rubalkhali.science/kb/RAK_PH_VALUE_77a6b92914bb698e980909ffc3fa989aae8d7f1d645c76cedc610cf25c5f9692	value	ph-measurement-v1|value|trip1|33PRr2|2026-07-23|EQ-PH-CACL2-1G-v1.0.0	77a6b92914bb698e980909ffc3fa989aae8d7f1d645c76cedc610cf25c5f9692	33PRr2	Trip 1	202
https://rubalkhali.science/kb/RAK_PH_PROCESS_a5818d853f6e5b431dc106c19720f92489563c278db43170001c924df1b26eab	process	ph-measurement-v1|process|trip1|34Sr3|2026-07-23|EQ-PH-CACL2-1G-v1.0.0	a5818d853f6e5b431dc106c19720f92489563c278db43170001c924df1b26eab	34Sr3	Trip 1	204
https://rubalkhali.science/kb/RAK_PH_QUALITY_93468d928ea89dcc7ea1a918d93422d3290d9161d5e3c94ba277c3335c809af1	quality	ph-measurement-v1|quality|trip1|34Sr3|2026-07-23|EQ-PH-CACL2-1G-v1.0.0	93468d928ea89dcc7ea1a918d93422d3290d9161d5e3c94ba277c3335c809af1	34Sr3	Trip 1	204
https://rubalkhali.science/kb/RAK_PH_VALUE_86d6e386cbf5e804573c9bb9faf109ed8a82bdf0866bb6385ae4d923d2a1232e	value	ph-measurement-v1|value|trip1|34Sr3|2026-07-23|EQ-PH-CACL2-1G-v1.0.0	86d6e386cbf5e804573c9bb9faf109ed8a82bdf0866bb6385ae4d923d2a1232e	34Sr3	Trip 1	204
https://rubalkhali.science/kb/RAK_PH_PROCESS_927335d1fcfe8a0eb1b4dd6a554b70e27d742aa983e413b448901106bc912b22	process	ph-measurement-v1|process|trip1|34Dr3|2026-07-23|EQ-PH-CACL2-1G-v1.0.0	927335d1fcfe8a0eb1b4dd6a554b70e27d742aa983e413b448901106bc912b22	34Dr3	Trip 1	206
https://rubalkhali.science/kb/RAK_PH_QUALITY_e19cebac33734d2604846aa91ac6039e60b92f06acce02330fdf807339e731d4	quality	ph-measurement-v1|quality|trip1|34Dr3|2026-07-23|EQ-PH-CACL2-1G-v1.0.0	e19cebac33734d2604846aa91ac6039e60b92f06acce02330fdf807339e731d4	34Dr3	Trip 1	206
https://rubalkhali.science/kb/RAK_PH_VALUE_22c450404a9b7be23218cf5e2120bb0b688f0b9de8db1d21d49224386e0cb635	value	ph-measurement-v1|value|trip1|34Dr3|2026-07-23|EQ-PH-CACL2-1G-v1.0.0	22c450404a9b7be23218cf5e2120bb0b688f0b9de8db1d21d49224386e0cb635	34Dr3	Trip 1	206
https://rubalkhali.science/kb/RAK_PH_PROCESS_0d84ac3fa8e28a33e2027e5a52b06d3436f196f5df70d338489c75cd743c9495	process	ph-measurement-v1|process|trip1|34PRr1|2026-07-23|EQ-PH-CACL2-1G-v1.0.0	0d84ac3fa8e28a33e2027e5a52b06d3436f196f5df70d338489c75cd743c9495	34PRr1	Trip 1	207
https://rubalkhali.science/kb/RAK_PH_QUALITY_e6ec64a887c3b29a14dcec59406f2ea0d6f46e554107d8ca183e6011f1f9f466	quality	ph-measurement-v1|quality|trip1|34PRr1|2026-07-23|EQ-PH-CACL2-1G-v1.0.0	e6ec64a887c3b29a14dcec59406f2ea0d6f46e554107d8ca183e6011f1f9f466	34PRr1	Trip 1	207
https://rubalkhali.science/kb/RAK_PH_VALUE_49785d8e23cc1a8a008326888a7da9fd4ca7d2225427c6e0b8f6338c379b82a2	value	ph-measurement-v1|value|trip1|34PRr1|2026-07-23|EQ-PH-CACL2-1G-v1.0.0	49785d8e23cc1a8a008326888a7da9fd4ca7d2225427c6e0b8f6338c379b82a2	34PRr1	Trip 1	207
https://rubalkhali.science/kb/RAK_PH_SESSION_1358c205a18012adad0172f0271b5be35403562c58fe8260619a8d02c4710d50	session	ph-measurement-v1|session|1|2026-07-26|97.6|10.03	1358c205a18012adad0172f0271b5be35403562c58fe8260619a8d02c4710d50		Trip 1	210
https://rubalkhali.science/kb/RAK_PH_PROCESS_a1634dd6ecdd8d80c1ce28dec13509dde4c89da828c34f62adf80a27cf6601c7	process	ph-measurement-v1|process|trip1|35Sr2|2026-07-26|EQ-PH-CACL2-1G-v1.0.0	a1634dd6ecdd8d80c1ce28dec13509dde4c89da828c34f62adf80a27cf6601c7	35Sr2	Trip 1	210
https://rubalkhali.science/kb/RAK_PH_QUALITY_836ba75fae2bf00d3b7875bbaf26b1966c47ba3129eecc4787171054d035f62d	quality	ph-measurement-v1|quality|trip1|35Sr2|2026-07-26|EQ-PH-CACL2-1G-v1.0.0	836ba75fae2bf00d3b7875bbaf26b1966c47ba3129eecc4787171054d035f62d	35Sr2	Trip 1	210
https://rubalkhali.science/kb/RAK_PH_VALUE_7c87058426add2840e286cd7efa7edc2d3ef8a9a3d906ca9a468f260d8daf93e	value	ph-measurement-v1|value|trip1|35Sr2|2026-07-26|EQ-PH-CACL2-1G-v1.0.0	7c87058426add2840e286cd7efa7edc2d3ef8a9a3d906ca9a468f260d8daf93e	35Sr2	Trip 1	210
https://rubalkhali.science/kb/RAK_PH_PROCESS_c3c878ead43d978a310e3569784c50ae864c14682475681609d813442a5d84da	process	ph-measurement-v1|process|trip1|35Dr2|2026-07-26|EQ-PH-CACL2-1G-v1.0.0	c3c878ead43d978a310e3569784c50ae864c14682475681609d813442a5d84da	35Dr2	Trip 1	211
https://rubalkhali.science/kb/RAK_PH_QUALITY_a4aa9d7addd321da15c50ea6e42094e294146762e7af532e37d4743bffdac8a8	quality	ph-measurement-v1|quality|trip1|35Dr2|2026-07-26|EQ-PH-CACL2-1G-v1.0.0	a4aa9d7addd321da15c50ea6e42094e294146762e7af532e37d4743bffdac8a8	35Dr2	Trip 1	211
https://rubalkhali.science/kb/RAK_PH_VALUE_39c69d73485d23174867b6ab6596ca85ec885c3b642bb0b8db05234cd20d85a9	value	ph-measurement-v1|value|trip1|35Dr2|2026-07-26|EQ-PH-CACL2-1G-v1.0.0	39c69d73485d23174867b6ab6596ca85ec885c3b642bb0b8db05234cd20d85a9	35Dr2	Trip 1	211
https://rubalkhali.science/kb/RAK_PH_PROCESS_b820694ce50ea2307a54341c29f7aa2689ab87ad82e3182a8a13976a1c271d2c	process	ph-measurement-v1|process|trip1|35PRr1|2026-07-26|EQ-PH-CACL2-1G-v1.0.0	b820694ce50ea2307a54341c29f7aa2689ab87ad82e3182a8a13976a1c271d2c	35PRr1	Trip 1	213
https://rubalkhali.science/kb/RAK_PH_QUALITY_99abc31aa39dde752fb28a56af598bc021cdae1e8e47394b416a690a55872412	quality	ph-measurement-v1|quality|trip1|35PRr1|2026-07-26|EQ-PH-CACL2-1G-v1.0.0	99abc31aa39dde752fb28a56af598bc021cdae1e8e47394b416a690a55872412	35PRr1	Trip 1	213
https://rubalkhali.science/kb/RAK_PH_VALUE_294f6766270b23cc12b46cf2415a40dd7a97855fe61cde458fcf5daa38027dad	value	ph-measurement-v1|value|trip1|35PRr1|2026-07-26|EQ-PH-CACL2-1G-v1.0.0	294f6766270b23cc12b46cf2415a40dd7a97855fe61cde458fcf5daa38027dad	35PRr1	Trip 1	213
https://rubalkhali.science/kb/RAK_PH_PROCESS_8cfa19eabf70a80ccfb4deb47e32becad904584ef2021fb0a91b719534c38707	process	ph-measurement-v1|process|trip1|36Sr1|2026-07-26|EQ-PH-CACL2-1G-v1.0.0	8cfa19eabf70a80ccfb4deb47e32becad904584ef2021fb0a91b719534c38707	36Sr1	Trip 1	215
https://rubalkhali.science/kb/RAK_PH_QUALITY_f723281e68d83abf4dc0c071e70a4e67b0783ccd2be161af74fc9c8067d6decf	quality	ph-measurement-v1|quality|trip1|36Sr1|2026-07-26|EQ-PH-CACL2-1G-v1.0.0	f723281e68d83abf4dc0c071e70a4e67b0783ccd2be161af74fc9c8067d6decf	36Sr1	Trip 1	215
https://rubalkhali.science/kb/RAK_PH_VALUE_6efe5bc1f7f09311e4fdf3bcce85d09ea3d11686e7483ad8351f42a8450b9dcb	value	ph-measurement-v1|value|trip1|36Sr1|2026-07-26|EQ-PH-CACL2-1G-v1.0.0	6efe5bc1f7f09311e4fdf3bcce85d09ea3d11686e7483ad8351f42a8450b9dcb	36Sr1	Trip 1	215
https://rubalkhali.science/kb/RAK_PH_PROCESS_568aac2c7383e000dd08e4424c80e7aeade671dc02d3268277c193d1a29f9acc	process	ph-measurement-v1|process|trip1|36Dr2|2026-07-26|EQ-PH-CACL2-1G-v1.0.0	568aac2c7383e000dd08e4424c80e7aeade671dc02d3268277c193d1a29f9acc	36Dr2	Trip 1	218
https://rubalkhali.science/kb/RAK_PH_QUALITY_22c14d78319445f2ed30df5e18291b413f9f1a7d0731313c6c929c2cb9a74467	quality	ph-measurement-v1|quality|trip1|36Dr2|2026-07-26|EQ-PH-CACL2-1G-v1.0.0	22c14d78319445f2ed30df5e18291b413f9f1a7d0731313c6c929c2cb9a74467	36Dr2	Trip 1	218
https://rubalkhali.science/kb/RAK_PH_VALUE_2e30476509f7c9451b4580c12e1e38cec8361e91611698cf7028806b8b9eae89	value	ph-measurement-v1|value|trip1|36Dr2|2026-07-26|EQ-PH-CACL2-1G-v1.0.0	2e30476509f7c9451b4580c12e1e38cec8361e91611698cf7028806b8b9eae89	36Dr2	Trip 1	218
https://rubalkhali.science/kb/RAK_PH_PROCESS_974be01d8df60f3ef6809e5a5e0f5dad5c0a1023369a373eb27123008f880a13	process	ph-measurement-v1|process|trip1|37Sr1|2026-07-26|EQ-PH-CACL2-1G-v1.0.0	974be01d8df60f3ef6809e5a5e0f5dad5c0a1023369a373eb27123008f880a13	37Sr1	Trip 1	220
https://rubalkhali.science/kb/RAK_PH_QUALITY_aa84179af458fd0214bd26bf741187839cc29c797ec03df579b1da00708c8ff9	quality	ph-measurement-v1|quality|trip1|37Sr1|2026-07-26|EQ-PH-CACL2-1G-v1.0.0	aa84179af458fd0214bd26bf741187839cc29c797ec03df579b1da00708c8ff9	37Sr1	Trip 1	220
https://rubalkhali.science/kb/RAK_PH_VALUE_4f5ff47ef2a967c7f1718e8281df95e93116976d4f2054247d8832cd2da30460	value	ph-measurement-v1|value|trip1|37Sr1|2026-07-26|EQ-PH-CACL2-1G-v1.0.0	4f5ff47ef2a967c7f1718e8281df95e93116976d4f2054247d8832cd2da30460	37Sr1	Trip 1	220
https://rubalkhali.science/kb/RAK_PH_PROCESS_d4e392e74de2f6fb76ebafb1d4047817615463c885194370f17a693f8de6a72a	process	ph-measurement-v1|process|trip1|37Dr2|2026-07-26|EQ-PH-CACL2-1G-v1.0.0	d4e392e74de2f6fb76ebafb1d4047817615463c885194370f17a693f8de6a72a	37Dr2	Trip 1	222
https://rubalkhali.science/kb/RAK_PH_QUALITY_b40b77b6a26cb757ee75a0afd7a5e9f932d03467dc5f26cda55be97c3ea18044	quality	ph-measurement-v1|quality|trip1|37Dr2|2026-07-26|EQ-PH-CACL2-1G-v1.0.0	b40b77b6a26cb757ee75a0afd7a5e9f932d03467dc5f26cda55be97c3ea18044	37Dr2	Trip 1	222
https://rubalkhali.science/kb/RAK_PH_VALUE_228076f54d8e3c70073e608e89f4339fadafe96098433813f38577460f2a7428	value	ph-measurement-v1|value|trip1|37Dr2|2026-07-26|EQ-PH-CACL2-1G-v1.0.0	228076f54d8e3c70073e608e89f4339fadafe96098433813f38577460f2a7428	37Dr2	Trip 1	222
https://rubalkhali.science/kb/RAK_PH_PROCESS_4ddd6a0f40c53e80d4981d53f1526d899b2114f23c4ceb191f5032e08cf6a683	process	ph-measurement-v1|process|trip1|37PRr2|2026-07-26|EQ-PH-CACL2-1G-v1.0.0	4ddd6a0f40c53e80d4981d53f1526d899b2114f23c4ceb191f5032e08cf6a683	37PRr2	Trip 1	224
https://rubalkhali.science/kb/RAK_PH_QUALITY_f5fc119ab22a11360aaacdbc5dc0a85aa765edb5b2e1096fad24bf736a2fdb49	quality	ph-measurement-v1|quality|trip1|37PRr2|2026-07-26|EQ-PH-CACL2-1G-v1.0.0	f5fc119ab22a11360aaacdbc5dc0a85aa765edb5b2e1096fad24bf736a2fdb49	37PRr2	Trip 1	224
https://rubalkhali.science/kb/RAK_PH_VALUE_4577b9448e2f5c7a6b4c8d9daa15cfffb327636e7586612026f92f70227e7197	value	ph-measurement-v1|value|trip1|37PRr2|2026-07-26|EQ-PH-CACL2-1G-v1.0.0	4577b9448e2f5c7a6b4c8d9daa15cfffb327636e7586612026f92f70227e7197	37PRr2	Trip 1	224
https://rubalkhali.science/kb/RAK_PH_PROCESS_0a31f5a9cf26270eb2cf9c1f5e9c6254f3635fb53f7add2eeead7108fc89019a	process	ph-measurement-v1|process|trip1|38Sr3|2026-07-26|EQ-PH-CACL2-1G-v1.0.0	0a31f5a9cf26270eb2cf9c1f5e9c6254f3635fb53f7add2eeead7108fc89019a	38Sr3	Trip 1	227
https://rubalkhali.science/kb/RAK_PH_QUALITY_13d6c5fe964c652462b3479e3bd039e54cc4e4f75f8706033e21345394a17cd1	quality	ph-measurement-v1|quality|trip1|38Sr3|2026-07-26|EQ-PH-CACL2-1G-v1.0.0	13d6c5fe964c652462b3479e3bd039e54cc4e4f75f8706033e21345394a17cd1	38Sr3	Trip 1	227
https://rubalkhali.science/kb/RAK_PH_VALUE_0b43711ae1a2f377319ffe7ff6df3df369261544365893a8ccd6c7ed7ece7a3c	value	ph-measurement-v1|value|trip1|38Sr3|2026-07-26|EQ-PH-CACL2-1G-v1.0.0	0b43711ae1a2f377319ffe7ff6df3df369261544365893a8ccd6c7ed7ece7a3c	38Sr3	Trip 1	227
https://rubalkhali.science/kb/RAK_PH_PROCESS_7ab803e04063693d97a051aed108bdd394db19226d0d434d735b4ef322b87e1a	process	ph-measurement-v1|process|trip1|38Dr3|2026-07-26|EQ-PH-CACL2-1G-v1.0.0	7ab803e04063693d97a051aed108bdd394db19226d0d434d735b4ef322b87e1a	38Dr3	Trip 1	229
https://rubalkhali.science/kb/RAK_PH_QUALITY_ba2785382799ab8ba8c316e542b8ca277b0ef1b95a5514ee034c850315b3ef6c	quality	ph-measurement-v1|quality|trip1|38Dr3|2026-07-26|EQ-PH-CACL2-1G-v1.0.0	ba2785382799ab8ba8c316e542b8ca277b0ef1b95a5514ee034c850315b3ef6c	38Dr3	Trip 1	229
https://rubalkhali.science/kb/RAK_PH_VALUE_4ff3327cae88c8a5b2290ace14b4469a4efaafb87b5628e1d910dd4072791095	value	ph-measurement-v1|value|trip1|38Dr3|2026-07-26|EQ-PH-CACL2-1G-v1.0.0	4ff3327cae88c8a5b2290ace14b4469a4efaafb87b5628e1d910dd4072791095	38Dr3	Trip 1	229
https://rubalkhali.science/kb/RAK_PH_PROCESS_3bbee7bc59a96785db781def3b98a472ba7b29a12fe4e1a38876c8bd28c272d1	process	ph-measurement-v1|process|trip1|38PRr2|2026-07-26|EQ-PH-CACL2-1G-v1.0.0	3bbee7bc59a96785db781def3b98a472ba7b29a12fe4e1a38876c8bd28c272d1	38PRr2	Trip 1	230
https://rubalkhali.science/kb/RAK_PH_QUALITY_4843bad63d38cb8a879096846454edeb6111e3c29e7904923871e0f7e0a9d9e6	quality	ph-measurement-v1|quality|trip1|38PRr2|2026-07-26|EQ-PH-CACL2-1G-v1.0.0	4843bad63d38cb8a879096846454edeb6111e3c29e7904923871e0f7e0a9d9e6	38PRr2	Trip 1	230
https://rubalkhali.science/kb/RAK_PH_VALUE_83c03de1809c3ee5bcaf37e98c4e696123df84c7d9dd5947ee63728824d9048e	value	ph-measurement-v1|value|trip1|38PRr2|2026-07-26|EQ-PH-CACL2-1G-v1.0.0	83c03de1809c3ee5bcaf37e98c4e696123df84c7d9dd5947ee63728824d9048e	38PRr2	Trip 1	230
https://rubalkhali.science/kb/RAK_PH_PROCESS_1f98585fd7787c41a493838be2358afed8bb3bce00f08e94f5c5a844556a5b47	process	ph-measurement-v1|process|trip1|39Sr3|2026-07-26|EQ-PH-CACL2-1G-v1.0.0	1f98585fd7787c41a493838be2358afed8bb3bce00f08e94f5c5a844556a5b47	39Sr3	Trip 1	232
https://rubalkhali.science/kb/RAK_PH_QUALITY_70594b6183cc55e8ba15263ea129507c3fbccfe39802c374b03a049b1bbfb1af	quality	ph-measurement-v1|quality|trip1|39Sr3|2026-07-26|EQ-PH-CACL2-1G-v1.0.0	70594b6183cc55e8ba15263ea129507c3fbccfe39802c374b03a049b1bbfb1af	39Sr3	Trip 1	232
https://rubalkhali.science/kb/RAK_PH_VALUE_05b226181e71ec95c2b968ff3dc7ec4451b225dda5d3d0246c0366cba461446f	value	ph-measurement-v1|value|trip1|39Sr3|2026-07-26|EQ-PH-CACL2-1G-v1.0.0	05b226181e71ec95c2b968ff3dc7ec4451b225dda5d3d0246c0366cba461446f	39Sr3	Trip 1	232
https://rubalkhali.science/kb/RAK_PH_PROCESS_fdc44d2535adc84eba2c8f0159100175214bc1620f548431f6f170b43bf378f3	process	ph-measurement-v1|process|trip1|39Dr3|2026-07-26|EQ-PH-CACL2-1G-v1.0.0	fdc44d2535adc84eba2c8f0159100175214bc1620f548431f6f170b43bf378f3	39Dr3	Trip 1	234
https://rubalkhali.science/kb/RAK_PH_QUALITY_91fb84cf65cde24e66d4d130d4185b34befdb41874976c546030dc29dfb8995e	quality	ph-measurement-v1|quality|trip1|39Dr3|2026-07-26|EQ-PH-CACL2-1G-v1.0.0	91fb84cf65cde24e66d4d130d4185b34befdb41874976c546030dc29dfb8995e	39Dr3	Trip 1	234
https://rubalkhali.science/kb/RAK_PH_VALUE_522425ae6698d6de11e5bf09893ce94cd34430d49f0d618647e4f195cf8c4e2a	value	ph-measurement-v1|value|trip1|39Dr3|2026-07-26|EQ-PH-CACL2-1G-v1.0.0	522425ae6698d6de11e5bf09893ce94cd34430d49f0d618647e4f195cf8c4e2a	39Dr3	Trip 1	234
https://rubalkhali.science/kb/RAK_PH_PROCESS_6e281e38ae31801827f548498ebe40666fe1d6f1cbf6e09d172cc45e537d5d24	process	ph-measurement-v1|process|trip1|39PRr3|2026-07-26|EQ-PH-CACL2-1G-v1.0.0	6e281e38ae31801827f548498ebe40666fe1d6f1cbf6e09d172cc45e537d5d24	39PRr3	Trip 1	237
https://rubalkhali.science/kb/RAK_PH_QUALITY_106f6936e1e774807f1b6bb1d3938dcdbd02058212e74f7b45487f512566ffdb	quality	ph-measurement-v1|quality|trip1|39PRr3|2026-07-26|EQ-PH-CACL2-1G-v1.0.0	106f6936e1e774807f1b6bb1d3938dcdbd02058212e74f7b45487f512566ffdb	39PRr3	Trip 1	237
https://rubalkhali.science/kb/RAK_PH_VALUE_5a9179f480170922e07cf6a450519b68125df007336f8a2aa793016a36b0808e	value	ph-measurement-v1|value|trip1|39PRr3|2026-07-26|EQ-PH-CACL2-1G-v1.0.0	5a9179f480170922e07cf6a450519b68125df007336f8a2aa793016a36b0808e	39PRr3	Trip 1	237
https://rubalkhali.science/kb/RAK_PH_PROCESS_173e538aac15e2aa4808243807f1078f10f86e2d0074fddf94231d5559d49105	process	ph-measurement-v1|process|trip1|40Dr1|2026-07-26|EQ-PH-CACL2-1G-v1.0.0	173e538aac15e2aa4808243807f1078f10f86e2d0074fddf94231d5559d49105	40Dr1	Trip 1	238
https://rubalkhali.science/kb/RAK_PH_QUALITY_2ac5a1e3bc580e2a5ee323c256cc48522d0bffecd31bc3c8883296db9c304784	quality	ph-measurement-v1|quality|trip1|40Dr1|2026-07-26|EQ-PH-CACL2-1G-v1.0.0	2ac5a1e3bc580e2a5ee323c256cc48522d0bffecd31bc3c8883296db9c304784	40Dr1	Trip 1	238
https://rubalkhali.science/kb/RAK_PH_VALUE_27281b26d5393e6741da27d707f21dd82d10c0a6df2978cf7d0f13ab35cf8505	value	ph-measurement-v1|value|trip1|40Dr1|2026-07-26|EQ-PH-CACL2-1G-v1.0.0	27281b26d5393e6741da27d707f21dd82d10c0a6df2978cf7d0f13ab35cf8505	40Dr1	Trip 1	238
https://rubalkhali.science/kb/RAK_PH_PROCESS_d79da4485da67ecc62b694c63de8ef9ce9ba1c837da7e9ba0029119a1d52f9ae	process	ph-measurement-v1|process|trip1|40PRr3|2026-07-26|EQ-PH-CACL2-1G-v1.0.0	d79da4485da67ecc62b694c63de8ef9ce9ba1c837da7e9ba0029119a1d52f9ae	40PRr3	Trip 1	241
https://rubalkhali.science/kb/RAK_PH_QUALITY_bc2fb416ce16538e206609cf0f8dfa05625fde27ab5fd39196a9be2e1d0a80d0	quality	ph-measurement-v1|quality|trip1|40PRr3|2026-07-26|EQ-PH-CACL2-1G-v1.0.0	bc2fb416ce16538e206609cf0f8dfa05625fde27ab5fd39196a9be2e1d0a80d0	40PRr3	Trip 1	241
https://rubalkhali.science/kb/RAK_PH_VALUE_169a1f5ba568d4537370526143b02d1d2eb4c06ba2ccdb3415f09cc01289e85d	value	ph-measurement-v1|value|trip1|40PRr3|2026-07-26|EQ-PH-CACL2-1G-v1.0.0	169a1f5ba568d4537370526143b02d1d2eb4c06ba2ccdb3415f09cc01289e85d	40PRr3	Trip 1	241
https://rubalkhali.science/kb/RAK_PH_PROCESS_274de716a0c31334fc874764de8865b6e7998d7c8d23c7f54277bff7b6459d98	process	ph-measurement-v1|process|trip1|41Dr1|2026-07-26|EQ-PH-CACL2-1G-v1.0.0	274de716a0c31334fc874764de8865b6e7998d7c8d23c7f54277bff7b6459d98	41Dr1	Trip 1	242
https://rubalkhali.science/kb/RAK_PH_QUALITY_e88ad7b5d53fe9e5f43e8640f701b4172b91956a3b853d1ac76f300c49b2a873	quality	ph-measurement-v1|quality|trip1|41Dr1|2026-07-26|EQ-PH-CACL2-1G-v1.0.0	e88ad7b5d53fe9e5f43e8640f701b4172b91956a3b853d1ac76f300c49b2a873	41Dr1	Trip 1	242
https://rubalkhali.science/kb/RAK_PH_VALUE_46838afac20a889d066a087030be548124c70d8793cde67f48f188bcb317435a	value	ph-measurement-v1|value|trip1|41Dr1|2026-07-26|EQ-PH-CACL2-1G-v1.0.0	46838afac20a889d066a087030be548124c70d8793cde67f48f188bcb317435a	41Dr1	Trip 1	242
https://rubalkhali.science/kb/RAK_PH_PROCESS_af34891cd55585b64d624798be5102e8321e0f3c789bee13a5e69807c7ba781f	process	ph-measurement-v1|process|trip1|41PRr2|2026-07-26|EQ-PH-CACL2-1G-v1.0.0	af34891cd55585b64d624798be5102e8321e0f3c789bee13a5e69807c7ba781f	41PRr2	Trip 1	243
https://rubalkhali.science/kb/RAK_PH_QUALITY_dedfe47b8f8bb8d27859a1a8072703a3c9b051eb271ff5a819be78d7a717ab71	quality	ph-measurement-v1|quality|trip1|41PRr2|2026-07-26|EQ-PH-CACL2-1G-v1.0.0	dedfe47b8f8bb8d27859a1a8072703a3c9b051eb271ff5a819be78d7a717ab71	41PRr2	Trip 1	243
https://rubalkhali.science/kb/RAK_PH_VALUE_47ba430819b7ca9865dd731ff973e9dd3284acb5dd59aaf951e8bf869bc41cad	value	ph-measurement-v1|value|trip1|41PRr2|2026-07-26|EQ-PH-CACL2-1G-v1.0.0	47ba430819b7ca9865dd731ff973e9dd3284acb5dd59aaf951e8bf869bc41cad	41PRr2	Trip 1	243
https://rubalkhali.science/kb/RAK_PH_PROCESS_cb72fb8687645e2746f89911ded1a1f4675207b1771bc4669f1c0f068ea87b53	process	ph-measurement-v1|process|trip1|42Sr1|2026-07-26|EQ-PH-CACL2-1G-v1.0.0	cb72fb8687645e2746f89911ded1a1f4675207b1771bc4669f1c0f068ea87b53	42Sr1	Trip 1	244
https://rubalkhali.science/kb/RAK_PH_QUALITY_3128979452f00a0d792eefcc89eab3c690bdd4f424524206009f660425dea313	quality	ph-measurement-v1|quality|trip1|42Sr1|2026-07-26|EQ-PH-CACL2-1G-v1.0.0	3128979452f00a0d792eefcc89eab3c690bdd4f424524206009f660425dea313	42Sr1	Trip 1	244
https://rubalkhali.science/kb/RAK_PH_VALUE_4d231e1b3ddbda2f6dd6577a34d5fa299d80f7e1acd8a290756191a94217026d	value	ph-measurement-v1|value|trip1|42Sr1|2026-07-26|EQ-PH-CACL2-1G-v1.0.0	4d231e1b3ddbda2f6dd6577a34d5fa299d80f7e1acd8a290756191a94217026d	42Sr1	Trip 1	244
https://rubalkhali.science/kb/RAK_PH_PROCESS_db7b0eaef9413bdff2d0ca03446c73de3ede0544c3b45f89009d9f0671e8e859	process	ph-measurement-v1|process|trip1|42Dr1|2026-07-26|EQ-PH-CACL2-1G-v1.0.0	db7b0eaef9413bdff2d0ca03446c73de3ede0544c3b45f89009d9f0671e8e859	42Dr1	Trip 1	247
https://rubalkhali.science/kb/RAK_PH_QUALITY_44b4ea5c55dff4dbf3642ba4282d48741e24cc4d24e6ecdd0e2965bf193b03e0	quality	ph-measurement-v1|quality|trip1|42Dr1|2026-07-26|EQ-PH-CACL2-1G-v1.0.0	44b4ea5c55dff4dbf3642ba4282d48741e24cc4d24e6ecdd0e2965bf193b03e0	42Dr1	Trip 1	247
https://rubalkhali.science/kb/RAK_PH_VALUE_f80791225ed1cff3aacae4ca9f1fe6278d2fec0bea1c8e3d95d1912330bc9ee2	value	ph-measurement-v1|value|trip1|42Dr1|2026-07-26|EQ-PH-CACL2-1G-v1.0.0	f80791225ed1cff3aacae4ca9f1fe6278d2fec0bea1c8e3d95d1912330bc9ee2	42Dr1	Trip 1	247
https://rubalkhali.science/kb/RAK_PH_PROCESS_04fb01a28093ed52412b012a7cf8c5fc01bd3f1bc739810535fae23c109bb11d	process	ph-measurement-v1|process|trip1|42PRr2|2026-07-26|EQ-PH-CACL2-1G-v1.0.0	04fb01a28093ed52412b012a7cf8c5fc01bd3f1bc739810535fae23c109bb11d	42PRr2	Trip 1	249
https://rubalkhali.science/kb/RAK_PH_QUALITY_a783c6ba3798526412d8aad011e9570d1687b79eaa5b44d44ee57321e75e5a8a	quality	ph-measurement-v1|quality|trip1|42PRr2|2026-07-26|EQ-PH-CACL2-1G-v1.0.0	a783c6ba3798526412d8aad011e9570d1687b79eaa5b44d44ee57321e75e5a8a	42PRr2	Trip 1	249
https://rubalkhali.science/kb/RAK_PH_VALUE_499e1281796ea620638be887f9c569dfe63c865423c8ff69268dbbe94e5abc70	value	ph-measurement-v1|value|trip1|42PRr2|2026-07-26|EQ-PH-CACL2-1G-v1.0.0	499e1281796ea620638be887f9c569dfe63c865423c8ff69268dbbe94e5abc70	42PRr2	Trip 1	249
https://rubalkhali.science/kb/RAK_PH_PROCESS_1687ace7c7feb0e5ec4ef368e6f23975edeee4bf4c96b1d60e9b71f26bfae574	process	ph-measurement-v1|process|trip1|43Sr2|2026-07-21|EQ-PH-CACL2-1G-v1.0.0	1687ace7c7feb0e5ec4ef368e6f23975edeee4bf4c96b1d60e9b71f26bfae574	43Sr2	Trip 1	251
https://rubalkhali.science/kb/RAK_PH_QUALITY_43de3365e814c0bd952104e87ca5cebb062aac4f99461e786b489625db50d4e5	quality	ph-measurement-v1|quality|trip1|43Sr2|2026-07-21|EQ-PH-CACL2-1G-v1.0.0	43de3365e814c0bd952104e87ca5cebb062aac4f99461e786b489625db50d4e5	43Sr2	Trip 1	251
https://rubalkhali.science/kb/RAK_PH_VALUE_13e2040cfd74618daac91c7e3e4a24bbc852718b7e2e240b69acbdba2e12c03a	value	ph-measurement-v1|value|trip1|43Sr2|2026-07-21|EQ-PH-CACL2-1G-v1.0.0	13e2040cfd74618daac91c7e3e4a24bbc852718b7e2e240b69acbdba2e12c03a	43Sr2	Trip 1	251
https://rubalkhali.science/kb/RAK_PH_PROCESS_e0c0d75d4776583591d8bcc8c2c1be07d790a9473d25067c1e24abab34864b27	process	ph-measurement-v1|process|trip1|43Dr1|2026-07-21|EQ-PH-CACL2-1G-v1.0.0	e0c0d75d4776583591d8bcc8c2c1be07d790a9473d25067c1e24abab34864b27	43Dr1	Trip 1	252
https://rubalkhali.science/kb/RAK_PH_QUALITY_0becbdef5bde26465f96ef90b0662cef749f5f89c949eae1bc88c5704a8a5cf9	quality	ph-measurement-v1|quality|trip1|43Dr1|2026-07-21|EQ-PH-CACL2-1G-v1.0.0	0becbdef5bde26465f96ef90b0662cef749f5f89c949eae1bc88c5704a8a5cf9	43Dr1	Trip 1	252
https://rubalkhali.science/kb/RAK_PH_VALUE_7fe3644c92656c9b0597dcf1c9c2fff88da48185491ebc972e125a9d6b4cbdf8	value	ph-measurement-v1|value|trip1|43Dr1|2026-07-21|EQ-PH-CACL2-1G-v1.0.0	7fe3644c92656c9b0597dcf1c9c2fff88da48185491ebc972e125a9d6b4cbdf8	43Dr1	Trip 1	252
https://rubalkhali.science/kb/RAK_PH_PROCESS_ff261098ca925c406bd1efccc5e49978472eca78025a95f7836380a7a2d14531	process	ph-measurement-v1|process|trip1|43Dr2|2026-07-21|EQ-PH-CACL2-1G-v1.0.0	ff261098ca925c406bd1efccc5e49978472eca78025a95f7836380a7a2d14531	43Dr2	Trip 1	253
https://rubalkhali.science/kb/RAK_PH_QUALITY_e2bd841f998b39a4389e35323652da0a24d12a73d4c88d775226382280ed66e5	quality	ph-measurement-v1|quality|trip1|43Dr2|2026-07-21|EQ-PH-CACL2-1G-v1.0.0	e2bd841f998b39a4389e35323652da0a24d12a73d4c88d775226382280ed66e5	43Dr2	Trip 1	253
https://rubalkhali.science/kb/RAK_PH_VALUE_205061822922ca7b731f0a0d14da222e9d4f6f1e4bc5ae67252685b525e0deda	value	ph-measurement-v1|value|trip1|43Dr2|2026-07-21|EQ-PH-CACL2-1G-v1.0.0	205061822922ca7b731f0a0d14da222e9d4f6f1e4bc5ae67252685b525e0deda	43Dr2	Trip 1	253
https://rubalkhali.science/kb/RAK_PH_PROCESS_1eef4baabb8677e6b49ff0aa8d91de61eb5f9d9fb1ad634816b7b4999ff85811	process	ph-measurement-v1|process|trip1|43PRr2|2026-07-21|EQ-PH-CACL2-1G-v1.0.0	1eef4baabb8677e6b49ff0aa8d91de61eb5f9d9fb1ad634816b7b4999ff85811	43PRr2	Trip 1	254
https://rubalkhali.science/kb/RAK_PH_QUALITY_dfb6a6327d92ce4bbc9cd154c25008acd0986db0d0ef0069a2e05ad88c9f794e	quality	ph-measurement-v1|quality|trip1|43PRr2|2026-07-21|EQ-PH-CACL2-1G-v1.0.0	dfb6a6327d92ce4bbc9cd154c25008acd0986db0d0ef0069a2e05ad88c9f794e	43PRr2	Trip 1	254
https://rubalkhali.science/kb/RAK_PH_VALUE_4aa2972087e262aec5f09453992670866250eb7836141d1773488567955f97b4	value	ph-measurement-v1|value|trip1|43PRr2|2026-07-21|EQ-PH-CACL2-1G-v1.0.0	4aa2972087e262aec5f09453992670866250eb7836141d1773488567955f97b4	43PRr2	Trip 1	254
https://rubalkhali.science/kb/RAK_PH_PROCESS_ea2cadd86d0c854eb67fcc3be51a2ba63ba7fb156f24210b04335c460c88bd85	process	ph-measurement-v1|process|trip1|44Dr2|2026-07-26|EQ-PH-CACL2-1G-v1.0.0	ea2cadd86d0c854eb67fcc3be51a2ba63ba7fb156f24210b04335c460c88bd85	44Dr2	Trip 1	255
https://rubalkhali.science/kb/RAK_PH_QUALITY_8783cf557e0fc6ab0a212e959c43ead6ee253f7c2d0ba30274cf19cc799a988c	quality	ph-measurement-v1|quality|trip1|44Dr2|2026-07-26|EQ-PH-CACL2-1G-v1.0.0	8783cf557e0fc6ab0a212e959c43ead6ee253f7c2d0ba30274cf19cc799a988c	44Dr2	Trip 1	255
https://rubalkhali.science/kb/RAK_PH_VALUE_b8a6368e41c3dbca31373564c618dcbc0584609913307de1c0e9135391d80f05	value	ph-measurement-v1|value|trip1|44Dr2|2026-07-26|EQ-PH-CACL2-1G-v1.0.0	b8a6368e41c3dbca31373564c618dcbc0584609913307de1c0e9135391d80f05	44Dr2	Trip 1	255
https://rubalkhali.science/kb/RAK_PH_SESSION_4a04196164e43d5c8d7b25c0b476baeff3243a0bc9c3daa58d21e12595091e35	session	ph-measurement-v1|session|1|2026-07-26|97.6|10.06	4a04196164e43d5c8d7b25c0b476baeff3243a0bc9c3daa58d21e12595091e35		Trip 1	256
https://rubalkhali.science/kb/RAK_PH_PROCESS_723385cc258cc3b3b26d2d95b38b0e0bdee25a49f2f365643b32d31c4410c8a7	process	ph-measurement-v1|process|trip1|44PRr2|2026-07-26|EQ-PH-CACL2-1G-v1.0.0	723385cc258cc3b3b26d2d95b38b0e0bdee25a49f2f365643b32d31c4410c8a7	44PRr2	Trip 1	256
https://rubalkhali.science/kb/RAK_PH_QUALITY_c09eb44b922f42d1fb4137062fbc0f543468ff125fb9319b173cfc52bdcd5dae	quality	ph-measurement-v1|quality|trip1|44PRr2|2026-07-26|EQ-PH-CACL2-1G-v1.0.0	c09eb44b922f42d1fb4137062fbc0f543468ff125fb9319b173cfc52bdcd5dae	44PRr2	Trip 1	256
https://rubalkhali.science/kb/RAK_PH_VALUE_ef9e90bdbe4b5e4cd0999065b86117ed112a2d87084bfb3af985bb0834d88d2c	value	ph-measurement-v1|value|trip1|44PRr2|2026-07-26|EQ-PH-CACL2-1G-v1.0.0	ef9e90bdbe4b5e4cd0999065b86117ed112a2d87084bfb3af985bb0834d88d2c	44PRr2	Trip 1	256
https://rubalkhali.science/kb/RAK_PH_PROCESS_0d48b44f5707d5351c95de121291619bace39f23ba7dc2d911112c1b7e0261af	process	ph-measurement-v1|process|trip1|45Sr1|2026-07-21|EQ-PH-CACL2-1G-v1.0.0	0d48b44f5707d5351c95de121291619bace39f23ba7dc2d911112c1b7e0261af	45Sr1	Trip 1	258
https://rubalkhali.science/kb/RAK_PH_QUALITY_d6302ed13c42ac4addc409a142acf684ee3b36d6acba9794a8473e0d9a82d3c7	quality	ph-measurement-v1|quality|trip1|45Sr1|2026-07-21|EQ-PH-CACL2-1G-v1.0.0	d6302ed13c42ac4addc409a142acf684ee3b36d6acba9794a8473e0d9a82d3c7	45Sr1	Trip 1	258
https://rubalkhali.science/kb/RAK_PH_VALUE_3210348016b178340e5e1cff2fb5d9c54358e22de215d61db70c32f05a18455c	value	ph-measurement-v1|value|trip1|45Sr1|2026-07-21|EQ-PH-CACL2-1G-v1.0.0	3210348016b178340e5e1cff2fb5d9c54358e22de215d61db70c32f05a18455c	45Sr1	Trip 1	258
https://rubalkhali.science/kb/RAK_PH_PROCESS_1a289d8d9b1efef0628b92a664a730a3c9c8a9247c312e065656e2caa80a1e72	process	ph-measurement-v1|process|trip1|45Dr1|2026-07-21|EQ-PH-CACL2-1G-v1.0.0	1a289d8d9b1efef0628b92a664a730a3c9c8a9247c312e065656e2caa80a1e72	45Dr1	Trip 1	259
https://rubalkhali.science/kb/RAK_PH_QUALITY_de068973d1156f5a3219cf0368fec636687c1e769f61142b45d55b69b9baccb4	quality	ph-measurement-v1|quality|trip1|45Dr1|2026-07-21|EQ-PH-CACL2-1G-v1.0.0	de068973d1156f5a3219cf0368fec636687c1e769f61142b45d55b69b9baccb4	45Dr1	Trip 1	259
https://rubalkhali.science/kb/RAK_PH_VALUE_9923505933314e1f7233449a1187281af034c47d2665cb4bf9481188dd75666b	value	ph-measurement-v1|value|trip1|45Dr1|2026-07-21|EQ-PH-CACL2-1G-v1.0.0	9923505933314e1f7233449a1187281af034c47d2665cb4bf9481188dd75666b	45Dr1	Trip 1	259
https://rubalkhali.science/kb/RAK_PH_PROCESS_5da64a19f3fbeb01d88833a442300a9d6a63d12359a87e3be5f654ef98e6824c	process	ph-measurement-v1|process|trip1|45PRr2|2026-07-21|EQ-PH-CACL2-1G-v1.0.0	5da64a19f3fbeb01d88833a442300a9d6a63d12359a87e3be5f654ef98e6824c	45PRr2	Trip 1	261
https://rubalkhali.science/kb/RAK_PH_QUALITY_5071f53d772a5067030eb08e5434dda9be2dea79b737e2c4019cb65ecb5bdd53	quality	ph-measurement-v1|quality|trip1|45PRr2|2026-07-21|EQ-PH-CACL2-1G-v1.0.0	5071f53d772a5067030eb08e5434dda9be2dea79b737e2c4019cb65ecb5bdd53	45PRr2	Trip 1	261
https://rubalkhali.science/kb/RAK_PH_VALUE_e3efc1a602cd26058defecb7701d96cbbd7f3a8680a445b4108b8382734cf7bc	value	ph-measurement-v1|value|trip1|45PRr2|2026-07-21|EQ-PH-CACL2-1G-v1.0.0	e3efc1a602cd26058defecb7701d96cbbd7f3a8680a445b4108b8382734cf7bc	45PRr2	Trip 1	261
https://rubalkhali.science/kb/RAK_PH_PROCESS_77d418f31e9424d5a9f8f12b12065d1f250ecdfcce4e5f497a1b4f2601f9d781	process	ph-measurement-v1|process|trip1|46Sr3|2026-07-26|EQ-PH-CACL2-1G-v1.0.0	77d418f31e9424d5a9f8f12b12065d1f250ecdfcce4e5f497a1b4f2601f9d781	46Sr3	Trip 1	262
https://rubalkhali.science/kb/RAK_PH_QUALITY_1f6eb14bfff1c689e7cfd3c8001ccb7645647529d0c6afadb6fe77e09e8a077d	quality	ph-measurement-v1|quality|trip1|46Sr3|2026-07-26|EQ-PH-CACL2-1G-v1.0.0	1f6eb14bfff1c689e7cfd3c8001ccb7645647529d0c6afadb6fe77e09e8a077d	46Sr3	Trip 1	262
https://rubalkhali.science/kb/RAK_PH_VALUE_53ec96fc8bded27aad74710eb8ca52c41a916ed0364655ea7476ad537e15a0d9	value	ph-measurement-v1|value|trip1|46Sr3|2026-07-26|EQ-PH-CACL2-1G-v1.0.0	53ec96fc8bded27aad74710eb8ca52c41a916ed0364655ea7476ad537e15a0d9	46Sr3	Trip 1	262
https://rubalkhali.science/kb/RAK_PH_PROCESS_dcabe68c418aa843c6f18fc73e86a7aba6e7af745990c8c6392864dd6b10d0c7	process	ph-measurement-v1|process|trip1|46Dr1|2026-07-26|EQ-PH-CACL2-1G-v1.0.0	dcabe68c418aa843c6f18fc73e86a7aba6e7af745990c8c6392864dd6b10d0c7	46Dr1	Trip 1	263
https://rubalkhali.science/kb/RAK_PH_QUALITY_ee59d41c16c597d113cd90aa8a7db342a6c1e7ee5df6f5331210ca8342226217	quality	ph-measurement-v1|quality|trip1|46Dr1|2026-07-26|EQ-PH-CACL2-1G-v1.0.0	ee59d41c16c597d113cd90aa8a7db342a6c1e7ee5df6f5331210ca8342226217	46Dr1	Trip 1	263
https://rubalkhali.science/kb/RAK_PH_VALUE_9e2203b17400b950951ec295e5e12e6f11d33da614a32c644ae6fb2c60a7fc5c	value	ph-measurement-v1|value|trip1|46Dr1|2026-07-26|EQ-PH-CACL2-1G-v1.0.0	9e2203b17400b950951ec295e5e12e6f11d33da614a32c644ae6fb2c60a7fc5c	46Dr1	Trip 1	263
https://rubalkhali.science/kb/RAK_PH_PROCESS_02dd7377763846c1b66957abeb3fcdb23916b78cf79a7759ca697866662fe62c	process	ph-measurement-v1|process|trip1|46PRr1|2026-07-26|EQ-PH-CACL2-1G-v1.0.0	02dd7377763846c1b66957abeb3fcdb23916b78cf79a7759ca697866662fe62c	46PRr1	Trip 1	264
https://rubalkhali.science/kb/RAK_PH_QUALITY_811d4a9ebf51bf2082354e30e46941bfde250c2310364c917f24ed2e7a0332e1	quality	ph-measurement-v1|quality|trip1|46PRr1|2026-07-26|EQ-PH-CACL2-1G-v1.0.0	811d4a9ebf51bf2082354e30e46941bfde250c2310364c917f24ed2e7a0332e1	46PRr1	Trip 1	264
https://rubalkhali.science/kb/RAK_PH_VALUE_552af1991fa8681f23a22337a4e44d20700621586730d0468121d7f25989ef79	value	ph-measurement-v1|value|trip1|46PRr1|2026-07-26|EQ-PH-CACL2-1G-v1.0.0	552af1991fa8681f23a22337a4e44d20700621586730d0468121d7f25989ef79	46PRr1	Trip 1	264
https://rubalkhali.science/kb/RAK_PH_PROCESS_804f30ee2b3b94521ba5c54778187e51d6c2aea44a1e29bfca6f557e3660aab1	process	ph-measurement-v1|process|trip1|47Sr1|2026-07-26|EQ-PH-CACL2-1G-v1.0.0	804f30ee2b3b94521ba5c54778187e51d6c2aea44a1e29bfca6f557e3660aab1	47Sr1	Trip 1	265
https://rubalkhali.science/kb/RAK_PH_QUALITY_5d97952608b99a98c5003840892e773a47e648812513fa7ab63efe0ade12c5ea	quality	ph-measurement-v1|quality|trip1|47Sr1|2026-07-26|EQ-PH-CACL2-1G-v1.0.0	5d97952608b99a98c5003840892e773a47e648812513fa7ab63efe0ade12c5ea	47Sr1	Trip 1	265
https://rubalkhali.science/kb/RAK_PH_VALUE_1bff62a751cc10d64acc87f20460056fb795e75c2d42ec9317c7ac4eb18da1d0	value	ph-measurement-v1|value|trip1|47Sr1|2026-07-26|EQ-PH-CACL2-1G-v1.0.0	1bff62a751cc10d64acc87f20460056fb795e75c2d42ec9317c7ac4eb18da1d0	47Sr1	Trip 1	265
https://rubalkhali.science/kb/RAK_PH_PROCESS_3909572c2e39b0e9e77b4590c266c5f5839ee78be49b51c770c66054a3f6ac0b	process	ph-measurement-v1|process|trip1|47Dr2|2026-07-26|EQ-PH-CACL2-1G-v1.0.0	3909572c2e39b0e9e77b4590c266c5f5839ee78be49b51c770c66054a3f6ac0b	47Dr2	Trip 1	266
https://rubalkhali.science/kb/RAK_PH_QUALITY_81b2864224bb66515b392c84ee4132bef7880829bfd81ff35cefbdf58c4409b0	quality	ph-measurement-v1|quality|trip1|47Dr2|2026-07-26|EQ-PH-CACL2-1G-v1.0.0	81b2864224bb66515b392c84ee4132bef7880829bfd81ff35cefbdf58c4409b0	47Dr2	Trip 1	266
https://rubalkhali.science/kb/RAK_PH_VALUE_142a964a6f9eacae00ac16d3698d6a6edf3fc06b4a9ebf2d361d7cfbf8c7f89f	value	ph-measurement-v1|value|trip1|47Dr2|2026-07-26|EQ-PH-CACL2-1G-v1.0.0	142a964a6f9eacae00ac16d3698d6a6edf3fc06b4a9ebf2d361d7cfbf8c7f89f	47Dr2	Trip 1	266
https://rubalkhali.science/kb/RAK_PH_PROCESS_43e2426ca0a8cc2ddec83fb28ab9cf293dd7c98d0a3f315420f3a00df615091d	process	ph-measurement-v1|process|trip1|47PRr1|2026-07-26|EQ-PH-CACL2-1G-v1.0.0	43e2426ca0a8cc2ddec83fb28ab9cf293dd7c98d0a3f315420f3a00df615091d	47PRr1	Trip 1	268
https://rubalkhali.science/kb/RAK_PH_QUALITY_f45a2c2e29c9201efffaa674a35213bcec38cb5892f266c15cd406dfe136eaa2	quality	ph-measurement-v1|quality|trip1|47PRr1|2026-07-26|EQ-PH-CACL2-1G-v1.0.0	f45a2c2e29c9201efffaa674a35213bcec38cb5892f266c15cd406dfe136eaa2	47PRr1	Trip 1	268
https://rubalkhali.science/kb/RAK_PH_VALUE_3c2c7cefcea8605a52611dcccf74e8e4a8672f7c1046c0123ed97caf3b9be5d9	value	ph-measurement-v1|value|trip1|47PRr1|2026-07-26|EQ-PH-CACL2-1G-v1.0.0	3c2c7cefcea8605a52611dcccf74e8e4a8672f7c1046c0123ed97caf3b9be5d9	47PRr1	Trip 1	268
https://rubalkhali.science/kb/RAK_PH_PROCESS_d7b4591e3d86bbbec8fd430856aa69c1857be867d1e9826ef86c0c363e499213	process	ph-measurement-v1|process|trip1|48Sr2|2026-07-26|EQ-PH-CACL2-1G-v1.0.0	d7b4591e3d86bbbec8fd430856aa69c1857be867d1e9826ef86c0c363e499213	48Sr2	Trip 1	269
https://rubalkhali.science/kb/RAK_PH_QUALITY_2f127648ae8c23b1d4bc93abbd1df6290d84d60bb10d86d1e391a6bee34abe06	quality	ph-measurement-v1|quality|trip1|48Sr2|2026-07-26|EQ-PH-CACL2-1G-v1.0.0	2f127648ae8c23b1d4bc93abbd1df6290d84d60bb10d86d1e391a6bee34abe06	48Sr2	Trip 1	269
https://rubalkhali.science/kb/RAK_PH_VALUE_16723a801336730f8b18fdf1f26e08d8d668763822f3b52d0532968998611338	value	ph-measurement-v1|value|trip1|48Sr2|2026-07-26|EQ-PH-CACL2-1G-v1.0.0	16723a801336730f8b18fdf1f26e08d8d668763822f3b52d0532968998611338	48Sr2	Trip 1	269
https://rubalkhali.science/kb/RAK_PH_PROCESS_79329283673818cca143fa8201d3ba3f438e9f2a14b93f41d952c8d9cbfa267c	process	ph-measurement-v1|process|trip1|48Dr2|2026-07-26|EQ-PH-CACL2-1G-v1.0.0	79329283673818cca143fa8201d3ba3f438e9f2a14b93f41d952c8d9cbfa267c	48Dr2	Trip 1	270
https://rubalkhali.science/kb/RAK_PH_QUALITY_41320a777900d2b552fd3562a2da9d7ba44f337203d2def1f13609ccbb329720	quality	ph-measurement-v1|quality|trip1|48Dr2|2026-07-26|EQ-PH-CACL2-1G-v1.0.0	41320a777900d2b552fd3562a2da9d7ba44f337203d2def1f13609ccbb329720	48Dr2	Trip 1	270
https://rubalkhali.science/kb/RAK_PH_VALUE_10e28fb0607c299f1fd94a9333fa97c5327becc4274cd6230a329c20a66da81c	value	ph-measurement-v1|value|trip1|48Dr2|2026-07-26|EQ-PH-CACL2-1G-v1.0.0	10e28fb0607c299f1fd94a9333fa97c5327becc4274cd6230a329c20a66da81c	48Dr2	Trip 1	270
https://rubalkhali.science/kb/RAK_PH_PROCESS_0dd3c5e7c334427c94c6e9fb53f87f32197ee9241f3aa6a6fd327a9b134f87dc	process	ph-measurement-v1|process|trip1|48PRr3|2026-07-26|EQ-PH-CACL2-1G-v1.0.0	0dd3c5e7c334427c94c6e9fb53f87f32197ee9241f3aa6a6fd327a9b134f87dc	48PRr3	Trip 1	271
https://rubalkhali.science/kb/RAK_PH_QUALITY_625c6851ff012608243ad290150cbe3b31443d40cdadf580fbabd4c5c76f9ce8	quality	ph-measurement-v1|quality|trip1|48PRr3|2026-07-26|EQ-PH-CACL2-1G-v1.0.0	625c6851ff012608243ad290150cbe3b31443d40cdadf580fbabd4c5c76f9ce8	48PRr3	Trip 1	271
https://rubalkhali.science/kb/RAK_PH_VALUE_11c7ef7e31b051936b0ffb512ca131dbc23b077c479e176f0b4eb7db8a8fc440	value	ph-measurement-v1|value|trip1|48PRr3|2026-07-26|EQ-PH-CACL2-1G-v1.0.0	11c7ef7e31b051936b0ffb512ca131dbc23b077c479e176f0b4eb7db8a8fc440	48PRr3	Trip 1	271
https://rubalkhali.science/kb/RAK_PH_PROCESS_049a87f1858d2a65a5795aa5d18e281bb43b678f3064c51d07cc5632e1c6ea92	process	ph-measurement-v1|process|trip1|49Dr2|2026-07-26|EQ-PH-CACL2-1G-v1.0.0	049a87f1858d2a65a5795aa5d18e281bb43b678f3064c51d07cc5632e1c6ea92	49Dr2	Trip 1	274
https://rubalkhali.science/kb/RAK_PH_QUALITY_48db6c37e63b825217dd0aea221402ec03f52553449e5704a693f66488eb242e	quality	ph-measurement-v1|quality|trip1|49Dr2|2026-07-26|EQ-PH-CACL2-1G-v1.0.0	48db6c37e63b825217dd0aea221402ec03f52553449e5704a693f66488eb242e	49Dr2	Trip 1	274
https://rubalkhali.science/kb/RAK_PH_VALUE_1c9deeca70dabd5d312ccdadef032eb299847d519406b9c249f80ed5359001c3	value	ph-measurement-v1|value|trip1|49Dr2|2026-07-26|EQ-PH-CACL2-1G-v1.0.0	1c9deeca70dabd5d312ccdadef032eb299847d519406b9c249f80ed5359001c3	49Dr2	Trip 1	274
https://rubalkhali.science/kb/RAK_PH_PROCESS_7bb15a1187fbeea7283dafdb0ebea48e6b43a451bc88a778a6426523f9352923	process	ph-measurement-v1|process|trip1|49PRr2|2026-07-26|EQ-PH-CACL2-1G-v1.0.0	7bb15a1187fbeea7283dafdb0ebea48e6b43a451bc88a778a6426523f9352923	49PRr2	Trip 1	275
https://rubalkhali.science/kb/RAK_PH_QUALITY_9055e4e1a63245d3ddc0259d957f15bc71950e0835af47dd98ca41e4cfce1ef1	quality	ph-measurement-v1|quality|trip1|49PRr2|2026-07-26|EQ-PH-CACL2-1G-v1.0.0	9055e4e1a63245d3ddc0259d957f15bc71950e0835af47dd98ca41e4cfce1ef1	49PRr2	Trip 1	275
https://rubalkhali.science/kb/RAK_PH_VALUE_46c8bf6807092c0a33ce7ddd31b589c5e0d5898443d11c07b400b4de18004c5e	value	ph-measurement-v1|value|trip1|49PRr2|2026-07-26|EQ-PH-CACL2-1G-v1.0.0	46c8bf6807092c0a33ce7ddd31b589c5e0d5898443d11c07b400b4de18004c5e	49PRr2	Trip 1	275
https://rubalkhali.science/kb/RAK_PH_PROCESS_09d01a6c727924c3710ff0ff385e4c9305022b5a771136f5e0cadd5ea99773cb	process	ph-measurement-v1|process|trip1|50Sr3|2026-07-26|EQ-PH-CACL2-1G-v1.0.0	09d01a6c727924c3710ff0ff385e4c9305022b5a771136f5e0cadd5ea99773cb	50Sr3	Trip 1	278
https://rubalkhali.science/kb/RAK_PH_QUALITY_925a933bc1e2ab9fce5af68d05f6683fafaca961209a88e75540612533f2110e	quality	ph-measurement-v1|quality|trip1|50Sr3|2026-07-26|EQ-PH-CACL2-1G-v1.0.0	925a933bc1e2ab9fce5af68d05f6683fafaca961209a88e75540612533f2110e	50Sr3	Trip 1	278
https://rubalkhali.science/kb/RAK_PH_VALUE_82d7a99234583a40ce771c7fff3fa4b5d30ef7df987df6cf495230b3284fc19d	value	ph-measurement-v1|value|trip1|50Sr3|2026-07-26|EQ-PH-CACL2-1G-v1.0.0	82d7a99234583a40ce771c7fff3fa4b5d30ef7df987df6cf495230b3284fc19d	50Sr3	Trip 1	278
https://rubalkhali.science/kb/RAK_PH_PROCESS_4a9d06d6855545c1cc032ddd0861da53ab16ab1d6f00df10b94e0016d61494d7	process	ph-measurement-v1|process|trip1|50Dr2|2026-07-26|EQ-PH-CACL2-1G-v1.0.0	4a9d06d6855545c1cc032ddd0861da53ab16ab1d6f00df10b94e0016d61494d7	50Dr2	Trip 1	280
https://rubalkhali.science/kb/RAK_PH_QUALITY_10d1238f13d4d628ee17febf99debc089fc79a26ded48b75cfee1de147ab1789	quality	ph-measurement-v1|quality|trip1|50Dr2|2026-07-26|EQ-PH-CACL2-1G-v1.0.0	10d1238f13d4d628ee17febf99debc089fc79a26ded48b75cfee1de147ab1789	50Dr2	Trip 1	280
https://rubalkhali.science/kb/RAK_PH_VALUE_ee7fc5f6235753dcd3840341fbbfeabf4d713dd2b56413373a6f66b8df379c20	value	ph-measurement-v1|value|trip1|50Dr2|2026-07-26|EQ-PH-CACL2-1G-v1.0.0	ee7fc5f6235753dcd3840341fbbfeabf4d713dd2b56413373a6f66b8df379c20	50Dr2	Trip 1	280
https://rubalkhali.science/kb/RAK_PH_PROCESS_3def7f6009cd43c27b46fb0f137d1ca0361f1064a27fab8d933446eb5d3c4d9f	process	ph-measurement-v1|process|trip1|50PRr2|2026-07-26|EQ-PH-CACL2-1G-v1.0.0	3def7f6009cd43c27b46fb0f137d1ca0361f1064a27fab8d933446eb5d3c4d9f	50PRr2	Trip 1	282
https://rubalkhali.science/kb/RAK_PH_QUALITY_247c44e10870dbefbd63a5e4642675c5c3f416288879db6dc75e6f49108ed2eb	quality	ph-measurement-v1|quality|trip1|50PRr2|2026-07-26|EQ-PH-CACL2-1G-v1.0.0	247c44e10870dbefbd63a5e4642675c5c3f416288879db6dc75e6f49108ed2eb	50PRr2	Trip 1	282
https://rubalkhali.science/kb/RAK_PH_VALUE_691939dbe6f4a78d438157adb16348c962865768e1369722360aa928d9c9c68b	value	ph-measurement-v1|value|trip1|50PRr2|2026-07-26|EQ-PH-CACL2-1G-v1.0.0	691939dbe6f4a78d438157adb16348c962865768e1369722360aa928d9c9c68b	50PRr2	Trip 1	282
https://rubalkhali.science/kb/RAK_PH_PROCESS_5c297ca7f1ae371e98c8de464f0337f28b3496bae67f73d244d87e5e15d54c6c	process	ph-measurement-v1|process|trip1|51Dr1|2026-07-26|EQ-PH-CACL2-1G-v1.0.0	5c297ca7f1ae371e98c8de464f0337f28b3496bae67f73d244d87e5e15d54c6c	51Dr1	Trip 1	284
https://rubalkhali.science/kb/RAK_PH_QUALITY_34668f74b39cb873772292f28f9f38aee71c46820c91651e3241e21d0e130475	quality	ph-measurement-v1|quality|trip1|51Dr1|2026-07-26|EQ-PH-CACL2-1G-v1.0.0	34668f74b39cb873772292f28f9f38aee71c46820c91651e3241e21d0e130475	51Dr1	Trip 1	284
https://rubalkhali.science/kb/RAK_PH_VALUE_26b4b943d1c4a0f36ea57a013b087fbb50cbb49d96e1e1314113fb38ba2e32a0	value	ph-measurement-v1|value|trip1|51Dr1|2026-07-26|EQ-PH-CACL2-1G-v1.0.0	26b4b943d1c4a0f36ea57a013b087fbb50cbb49d96e1e1314113fb38ba2e32a0	51Dr1	Trip 1	284
https://rubalkhali.science/kb/RAK_PH_PROCESS_bb5d3ee9e4c90bf44358b8357c9c0d432c39d6850d64deeb0378c520f47d43aa	process	ph-measurement-v1|process|trip1|51PRr3|2026-07-26|EQ-PH-CACL2-1G-v1.0.0	bb5d3ee9e4c90bf44358b8357c9c0d432c39d6850d64deeb0378c520f47d43aa	51PRr3	Trip 1	286
https://rubalkhali.science/kb/RAK_PH_QUALITY_19774d6233407c38f201d7c4eaf48ab587889638e11c195c9d2f85c57577e359	quality	ph-measurement-v1|quality|trip1|51PRr3|2026-07-26|EQ-PH-CACL2-1G-v1.0.0	19774d6233407c38f201d7c4eaf48ab587889638e11c195c9d2f85c57577e359	51PRr3	Trip 1	286
https://rubalkhali.science/kb/RAK_PH_VALUE_18e700f2b0037ca72e562895b5b9445268cd00fe1ac4fd4d66fdbf03db050ce2	value	ph-measurement-v1|value|trip1|51PRr3|2026-07-26|EQ-PH-CACL2-1G-v1.0.0	18e700f2b0037ca72e562895b5b9445268cd00fe1ac4fd4d66fdbf03db050ce2	51PRr3	Trip 1	286
https://rubalkhali.science/kb/RAK_PH_PROCESS_f6d40638e6f292f5f49b84abe4bacbefa7d1b9dee2f80948e7bb8e233eee5972	process	ph-measurement-v1|process|trip1|52Dr1|2026-07-26|EQ-PH-CACL2-1G-v1.0.0	f6d40638e6f292f5f49b84abe4bacbefa7d1b9dee2f80948e7bb8e233eee5972	52Dr1	Trip 1	287
https://rubalkhali.science/kb/RAK_PH_QUALITY_fe148fbcfdfa6bf2d5d304dca743681b7889f5724ee31f57be422cd9443c79c1	quality	ph-measurement-v1|quality|trip1|52Dr1|2026-07-26|EQ-PH-CACL2-1G-v1.0.0	fe148fbcfdfa6bf2d5d304dca743681b7889f5724ee31f57be422cd9443c79c1	52Dr1	Trip 1	287
https://rubalkhali.science/kb/RAK_PH_VALUE_68f71f976d3cc87df43e24bb88465b4fcaacea30770b1288b0e32357212a5ec8	value	ph-measurement-v1|value|trip1|52Dr1|2026-07-26|EQ-PH-CACL2-1G-v1.0.0	68f71f976d3cc87df43e24bb88465b4fcaacea30770b1288b0e32357212a5ec8	52Dr1	Trip 1	287
https://rubalkhali.science/kb/RAK_PH_PROCESS_082bf765abf44dedfb8a55950f797a2f8a470926800cab918688059962f256f1	process	ph-measurement-v1|process|trip1|53Sr3|2026-07-26|EQ-PH-CACL2-1G-v1.0.0	082bf765abf44dedfb8a55950f797a2f8a470926800cab918688059962f256f1	53Sr3	Trip 1	288
https://rubalkhali.science/kb/RAK_PH_QUALITY_c1a6d10978d05678446513b4fe89833e1533063bf1e657a9e1459923c18b1bfd	quality	ph-measurement-v1|quality|trip1|53Sr3|2026-07-26|EQ-PH-CACL2-1G-v1.0.0	c1a6d10978d05678446513b4fe89833e1533063bf1e657a9e1459923c18b1bfd	53Sr3	Trip 1	288
https://rubalkhali.science/kb/RAK_PH_VALUE_b852215b22ab954a1d6651d31b5174a158824446df69a42a84a8c716bbe55ee0	value	ph-measurement-v1|value|trip1|53Sr3|2026-07-26|EQ-PH-CACL2-1G-v1.0.0	b852215b22ab954a1d6651d31b5174a158824446df69a42a84a8c716bbe55ee0	53Sr3	Trip 1	288
https://rubalkhali.science/kb/RAK_PH_PROCESS_701bd080117460efb3f3614d82c2ff28f74a172d6c796782c717958f511b5541	process	ph-measurement-v1|process|trip1|53Dr2|2026-07-26|EQ-PH-CACL2-1G-v1.0.0	701bd080117460efb3f3614d82c2ff28f74a172d6c796782c717958f511b5541	53Dr2	Trip 1	289
https://rubalkhali.science/kb/RAK_PH_QUALITY_fd3d809bd63f4c771dca2b444015d847e235c20f623fac5468a20d715bdd6585	quality	ph-measurement-v1|quality|trip1|53Dr2|2026-07-26|EQ-PH-CACL2-1G-v1.0.0	fd3d809bd63f4c771dca2b444015d847e235c20f623fac5468a20d715bdd6585	53Dr2	Trip 1	289
https://rubalkhali.science/kb/RAK_PH_VALUE_1e53de8ef94f7d32a7c807744465c57293ab7506789573796d465ec98d1cda6e	value	ph-measurement-v1|value|trip1|53Dr2|2026-07-26|EQ-PH-CACL2-1G-v1.0.0	1e53de8ef94f7d32a7c807744465c57293ab7506789573796d465ec98d1cda6e	53Dr2	Trip 1	289
https://rubalkhali.science/kb/RAK_PH_SESSION_1bfdbaa79245b3be110bd688b85ec268aa029dbf442e14d0c81cfd59ea9b9b94	session	ph-measurement-v1|session|1|2026-07-26|97.6|10.05	1bfdbaa79245b3be110bd688b85ec268aa029dbf442e14d0c81cfd59ea9b9b94		Trip 1	291
https://rubalkhali.science/kb/RAK_PH_PROCESS_97c68939468edd200f2ae7579016f4991cf8ba454b3c6a163064c6bbeffad541	process	ph-measurement-v1|process|trip1|53PRr1|2026-07-26|EQ-PH-CACL2-1G-v1.0.0	97c68939468edd200f2ae7579016f4991cf8ba454b3c6a163064c6bbeffad541	53PRr1	Trip 1	291
https://rubalkhali.science/kb/RAK_PH_QUALITY_5b0f7e6cf5b878014f6a3dd0456420ba328e44d84a65ee3d9af5cb7ea6d206df	quality	ph-measurement-v1|quality|trip1|53PRr1|2026-07-26|EQ-PH-CACL2-1G-v1.0.0	5b0f7e6cf5b878014f6a3dd0456420ba328e44d84a65ee3d9af5cb7ea6d206df	53PRr1	Trip 1	291
https://rubalkhali.science/kb/RAK_PH_VALUE_b414595c2c79edb71de8a3653720bd7f29b73921bc141f783550184716758bc1	value	ph-measurement-v1|value|trip1|53PRr1|2026-07-26|EQ-PH-CACL2-1G-v1.0.0	b414595c2c79edb71de8a3653720bd7f29b73921bc141f783550184716758bc1	53PRr1	Trip 1	291
https://rubalkhali.science/kb/RAK_PH_PROCESS_910c381f75b4651c2d13ddda1052ff24517cc4ce9e1142e26e7369f60779b5dc	process	ph-measurement-v1|process|trip1|54Sr1|2026-07-26|EQ-PH-CACL2-1G-v1.0.0	910c381f75b4651c2d13ddda1052ff24517cc4ce9e1142e26e7369f60779b5dc	54Sr1	Trip 1	293
https://rubalkhali.science/kb/RAK_PH_QUALITY_77b4af7e436576eaf5931b3e7ad8c4cc9ac6aaeb1674e6b3e4f86d3f3f1e2611	quality	ph-measurement-v1|quality|trip1|54Sr1|2026-07-26|EQ-PH-CACL2-1G-v1.0.0	77b4af7e436576eaf5931b3e7ad8c4cc9ac6aaeb1674e6b3e4f86d3f3f1e2611	54Sr1	Trip 1	293
https://rubalkhali.science/kb/RAK_PH_VALUE_4175525990f597ad5cafc5d7b84164da1b3505dec70dda4ff6a3a75b3b34d63d	value	ph-measurement-v1|value|trip1|54Sr1|2026-07-26|EQ-PH-CACL2-1G-v1.0.0	4175525990f597ad5cafc5d7b84164da1b3505dec70dda4ff6a3a75b3b34d63d	54Sr1	Trip 1	293
https://rubalkhali.science/kb/RAK_PH_PROCESS_1b46c2c75c1630d3f6bc24c860e5fcc692fa0dbd8e86b2a283080d9e7ad861b1	process	ph-measurement-v1|process|trip1|54Dr1|2026-07-26|EQ-PH-CACL2-1G-v1.0.0	1b46c2c75c1630d3f6bc24c860e5fcc692fa0dbd8e86b2a283080d9e7ad861b1	54Dr1	Trip 1	296
https://rubalkhali.science/kb/RAK_PH_QUALITY_af29409f3146ae6e9ffea90ff945520dd4d95a3bdc113aa4f4f116826ddc90a6	quality	ph-measurement-v1|quality|trip1|54Dr1|2026-07-26|EQ-PH-CACL2-1G-v1.0.0	af29409f3146ae6e9ffea90ff945520dd4d95a3bdc113aa4f4f116826ddc90a6	54Dr1	Trip 1	296
https://rubalkhali.science/kb/RAK_PH_VALUE_ac7b166541fd9cd24f7762eb0c954a6358082ff5c983ac1e946caaeee467f290	value	ph-measurement-v1|value|trip1|54Dr1|2026-07-26|EQ-PH-CACL2-1G-v1.0.0	ac7b166541fd9cd24f7762eb0c954a6358082ff5c983ac1e946caaeee467f290	54Dr1	Trip 1	296
https://rubalkhali.science/kb/RAK_PH_PROCESS_f0be72a85ab22fb565aa6920a46694535ad30119046a8da613f510dc9080da1f	process	ph-measurement-v1|process|trip1|54PRr1|2026-07-26|EQ-PH-CACL2-1G-v1.0.0	f0be72a85ab22fb565aa6920a46694535ad30119046a8da613f510dc9080da1f	54PRr1	Trip 1	298
https://rubalkhali.science/kb/RAK_PH_QUALITY_cf32ae49b6a219c47da0161da750425826a5b70adc0cf72a154458916db3af8d	quality	ph-measurement-v1|quality|trip1|54PRr1|2026-07-26|EQ-PH-CACL2-1G-v1.0.0	cf32ae49b6a219c47da0161da750425826a5b70adc0cf72a154458916db3af8d	54PRr1	Trip 1	298
https://rubalkhali.science/kb/RAK_PH_VALUE_13e5a659a01be79f3aa566f1f01644b468fa8b1d104f037ab3329d00cc9a8d4d	value	ph-measurement-v1|value|trip1|54PRr1|2026-07-26|EQ-PH-CACL2-1G-v1.0.0	13e5a659a01be79f3aa566f1f01644b468fa8b1d104f037ab3329d00cc9a8d4d	54PRr1	Trip 1	298
https://rubalkhali.science/kb/RAK_PH_PROCESS_e2617077d878db017a65caa45a93e76010a66c62ce0a5b59d0e27c2d57f233d3	process	ph-measurement-v1|process|trip1|56Sr1|2026-07-26|EQ-PH-CACL2-1G-v1.0.0	e2617077d878db017a65caa45a93e76010a66c62ce0a5b59d0e27c2d57f233d3	56Sr1	Trip 1	306
https://rubalkhali.science/kb/RAK_PH_QUALITY_83a73db07cfda42bbc75692aee4c30c939cd5d4d341f3f46fe5e5d6cd7fd770c	quality	ph-measurement-v1|quality|trip1|56Sr1|2026-07-26|EQ-PH-CACL2-1G-v1.0.0	83a73db07cfda42bbc75692aee4c30c939cd5d4d341f3f46fe5e5d6cd7fd770c	56Sr1	Trip 1	306
https://rubalkhali.science/kb/RAK_PH_VALUE_21b1c2117214e5e3a32002c9ba999a53225fc5e57a88d2a2cd799340fef4f5a3	value	ph-measurement-v1|value|trip1|56Sr1|2026-07-26|EQ-PH-CACL2-1G-v1.0.0	21b1c2117214e5e3a32002c9ba999a53225fc5e57a88d2a2cd799340fef4f5a3	56Sr1	Trip 1	306
https://rubalkhali.science/kb/RAK_PH_PROCESS_f108041acd9d387030379be9690aee00d35c6587ff454e13dcafebf4a005aef1	process	ph-measurement-v1|process|trip1|56Dr1|2026-07-26|EQ-PH-CACL2-1G-v1.0.0	f108041acd9d387030379be9690aee00d35c6587ff454e13dcafebf4a005aef1	56Dr1	Trip 1	308
https://rubalkhali.science/kb/RAK_PH_QUALITY_de525fc674a03c5a2f22ebe6c1ca76d527f0ff90d22febc2ec807b4f6400e706	quality	ph-measurement-v1|quality|trip1|56Dr1|2026-07-26|EQ-PH-CACL2-1G-v1.0.0	de525fc674a03c5a2f22ebe6c1ca76d527f0ff90d22febc2ec807b4f6400e706	56Dr1	Trip 1	308
https://rubalkhali.science/kb/RAK_PH_VALUE_560adddedce946ec93d579dd6a60e577e3f88463fd0fd816a55fbe2aa0da2328	value	ph-measurement-v1|value|trip1|56Dr1|2026-07-26|EQ-PH-CACL2-1G-v1.0.0	560adddedce946ec93d579dd6a60e577e3f88463fd0fd816a55fbe2aa0da2328	56Dr1	Trip 1	308
https://rubalkhali.science/kb/RAK_PH_PROCESS_02762198c3b427d5e67cced2d618593d0f88422bed74f5ca2bb34c02d3e71ea1	process	ph-measurement-v1|process|trip1|57Sr2|2026-07-26|EQ-PH-CACL2-1G-v1.0.0	02762198c3b427d5e67cced2d618593d0f88422bed74f5ca2bb34c02d3e71ea1	57Sr2	Trip 1	310
https://rubalkhali.science/kb/RAK_PH_QUALITY_4cb5ff51fafa5a859416c0bd8280a51f2e7e841a570a0e2aca75b608cdaae633	quality	ph-measurement-v1|quality|trip1|57Sr2|2026-07-26|EQ-PH-CACL2-1G-v1.0.0	4cb5ff51fafa5a859416c0bd8280a51f2e7e841a570a0e2aca75b608cdaae633	57Sr2	Trip 1	310
https://rubalkhali.science/kb/RAK_PH_VALUE_7d2a2ef8c21fada0f3d2c1a6ee4ab5f3ca0b534425c66b5fcaa78c569192066a	value	ph-measurement-v1|value|trip1|57Sr2|2026-07-26|EQ-PH-CACL2-1G-v1.0.0	7d2a2ef8c21fada0f3d2c1a6ee4ab5f3ca0b534425c66b5fcaa78c569192066a	57Sr2	Trip 1	310
https://rubalkhali.science/kb/RAK_PH_PROCESS_d9ca1900645b27715fce68b0e644475a03ad7f339c012fc1e7e9086b3aa43dc8	process	ph-measurement-v1|process|trip1|57Dr3|2026-07-26|EQ-PH-CACL2-1G-v1.0.0	d9ca1900645b27715fce68b0e644475a03ad7f339c012fc1e7e9086b3aa43dc8	57Dr3	Trip 1	311
https://rubalkhali.science/kb/RAK_PH_QUALITY_f101ca43bf5fef49c01fabfb984d446ec2acf2f4d68495e56c806f4d522a9175	quality	ph-measurement-v1|quality|trip1|57Dr3|2026-07-26|EQ-PH-CACL2-1G-v1.0.0	f101ca43bf5fef49c01fabfb984d446ec2acf2f4d68495e56c806f4d522a9175	57Dr3	Trip 1	311
https://rubalkhali.science/kb/RAK_PH_VALUE_281828d0562549b7568b1e782cb58a55633625941263985d7a693f9764a7d526	value	ph-measurement-v1|value|trip1|57Dr3|2026-07-26|EQ-PH-CACL2-1G-v1.0.0	281828d0562549b7568b1e782cb58a55633625941263985d7a693f9764a7d526	57Dr3	Trip 1	311
https://rubalkhali.science/kb/RAK_PH_PROCESS_44f61f1003d4e37fc5dab589e299dee422622247d7ce9c823666e8a8b438f00f	process	ph-measurement-v1|process|trip1|57PRr3|2026-07-26|EQ-PH-CACL2-1G-v1.0.0	44f61f1003d4e37fc5dab589e299dee422622247d7ce9c823666e8a8b438f00f	57PRr3	Trip 1	313
https://rubalkhali.science/kb/RAK_PH_QUALITY_defffc32f272c7977ca9e5a565a1b8e6a1eb45ca8b223f486d67927f714ebee2	quality	ph-measurement-v1|quality|trip1|57PRr3|2026-07-26|EQ-PH-CACL2-1G-v1.0.0	defffc32f272c7977ca9e5a565a1b8e6a1eb45ca8b223f486d67927f714ebee2	57PRr3	Trip 1	313
https://rubalkhali.science/kb/RAK_PH_VALUE_47c58feaff07b78b4c3c136876f6702c865b6f69a76b505b07fddc579dec123a	value	ph-measurement-v1|value|trip1|57PRr3|2026-07-26|EQ-PH-CACL2-1G-v1.0.0	47c58feaff07b78b4c3c136876f6702c865b6f69a76b505b07fddc579dec123a	57PRr3	Trip 1	313
https://rubalkhali.science/kb/RAK_PH_PROCESS_0431236d0ecc334fdd277d5729b4419f2cc498471988ad3bdd6514544c719fdb	process	ph-measurement-v1|process|trip1|58Sr2|2026-07-26|EQ-PH-CACL2-1G-v1.0.0	0431236d0ecc334fdd277d5729b4419f2cc498471988ad3bdd6514544c719fdb	58Sr2	Trip 1	314
https://rubalkhali.science/kb/RAK_PH_QUALITY_93aaeb7cf5dd9966fbc2f14c75d63b645fee606d33954485c111a8c39a72b197	quality	ph-measurement-v1|quality|trip1|58Sr2|2026-07-26|EQ-PH-CACL2-1G-v1.0.0	93aaeb7cf5dd9966fbc2f14c75d63b645fee606d33954485c111a8c39a72b197	58Sr2	Trip 1	314
https://rubalkhali.science/kb/RAK_PH_VALUE_e952aface1121a77398dbbca365f44ca42602bb603b26fe6a2a3d1ded5c03837	value	ph-measurement-v1|value|trip1|58Sr2|2026-07-26|EQ-PH-CACL2-1G-v1.0.0	e952aface1121a77398dbbca365f44ca42602bb603b26fe6a2a3d1ded5c03837	58Sr2	Trip 1	314
https://rubalkhali.science/kb/RAK_PH_PROCESS_3d7158ad1b75cd420688bc56ba217c1f17ff24b6aa1de959685a2055fe5d3b4d	process	ph-measurement-v1|process|trip1|58PRr1|2026-07-26|EQ-PH-CACL2-1G-v1.0.0	3d7158ad1b75cd420688bc56ba217c1f17ff24b6aa1de959685a2055fe5d3b4d	58PRr1	Trip 1	316
https://rubalkhali.science/kb/RAK_PH_QUALITY_fc6e31c6bb27c9713021a429bbad95246b88604bececd4050119932cb52492fd	quality	ph-measurement-v1|quality|trip1|58PRr1|2026-07-26|EQ-PH-CACL2-1G-v1.0.0	fc6e31c6bb27c9713021a429bbad95246b88604bececd4050119932cb52492fd	58PRr1	Trip 1	316
https://rubalkhali.science/kb/RAK_PH_VALUE_6baf692a2256a4076730ce61fba0ead93780fdf330a2f2ec56a36d430765ad18	value	ph-measurement-v1|value|trip1|58PRr1|2026-07-26|EQ-PH-CACL2-1G-v1.0.0	6baf692a2256a4076730ce61fba0ead93780fdf330a2f2ec56a36d430765ad18	58PRr1	Trip 1	316
https://rubalkhali.science/kb/RAK_PH_PROCESS_4b42c889408822ea68f9ec0a8744f521e78cd6ee0a6655153db5c2964ee559b1	process	ph-measurement-v1|process|trip1|59PRr3|2026-07-26|EQ-PH-CACL2-1G-v1.0.0	4b42c889408822ea68f9ec0a8744f521e78cd6ee0a6655153db5c2964ee559b1	59PRr3	Trip 1	317
https://rubalkhali.science/kb/RAK_PH_QUALITY_a6ad15f335fb56391192ceabcf30247195e0f0b8bc763acd63b2c7e2c81644b1	quality	ph-measurement-v1|quality|trip1|59PRr3|2026-07-26|EQ-PH-CACL2-1G-v1.0.0	a6ad15f335fb56391192ceabcf30247195e0f0b8bc763acd63b2c7e2c81644b1	59PRr3	Trip 1	317
https://rubalkhali.science/kb/RAK_PH_VALUE_10e6750a2750850583fcec053a8e4745edc2d9e67bbd5b2bfae12412f90061d6	value	ph-measurement-v1|value|trip1|59PRr3|2026-07-26|EQ-PH-CACL2-1G-v1.0.0	10e6750a2750850583fcec053a8e4745edc2d9e67bbd5b2bfae12412f90061d6	59PRr3	Trip 1	317
https://rubalkhali.science/kb/RAK_PH_PROCESS_b5344f51e64c17ce7eee446f104b9495bce1a4d93c2ac700cb5f927a2ed4f72b	process	ph-measurement-v1|process|trip1|60Sr3|2026-07-26|EQ-PH-CACL2-1G-v1.0.0	b5344f51e64c17ce7eee446f104b9495bce1a4d93c2ac700cb5f927a2ed4f72b	60Sr3	Trip 1	318
https://rubalkhali.science/kb/RAK_PH_QUALITY_414f7ade1910e8bff8cb61d7a871e6212f2e1a1ff74f3abe44fc33678870a5f5	quality	ph-measurement-v1|quality|trip1|60Sr3|2026-07-26|EQ-PH-CACL2-1G-v1.0.0	414f7ade1910e8bff8cb61d7a871e6212f2e1a1ff74f3abe44fc33678870a5f5	60Sr3	Trip 1	318
https://rubalkhali.science/kb/RAK_PH_VALUE_92c3256e61def0ce49c2f228a9f25af8e9a04ce73960a1574a839b7a185f9124	value	ph-measurement-v1|value|trip1|60Sr3|2026-07-26|EQ-PH-CACL2-1G-v1.0.0	92c3256e61def0ce49c2f228a9f25af8e9a04ce73960a1574a839b7a185f9124	60Sr3	Trip 1	318
https://rubalkhali.science/kb/RAK_PH_PROCESS_5468109f97528f9205ad57cb93426f8ba5227c7f8eb6f9531f21e97341add550	process	ph-measurement-v1|process|trip1|60Dr2|2026-07-26|EQ-PH-CACL2-1G-v1.0.0	5468109f97528f9205ad57cb93426f8ba5227c7f8eb6f9531f21e97341add550	60Dr2	Trip 1	319
https://rubalkhali.science/kb/RAK_PH_QUALITY_8045d6710beb92e46eed2d957b68c4a77d9e69cdc0f34b7aa5cb317a994b5a8e	quality	ph-measurement-v1|quality|trip1|60Dr2|2026-07-26|EQ-PH-CACL2-1G-v1.0.0	8045d6710beb92e46eed2d957b68c4a77d9e69cdc0f34b7aa5cb317a994b5a8e	60Dr2	Trip 1	319
https://rubalkhali.science/kb/RAK_PH_VALUE_ec7eccf317da2242f2f3e4fc73dd313bbd768a5cc758275dd5e978420a413919	value	ph-measurement-v1|value|trip1|60Dr2|2026-07-26|EQ-PH-CACL2-1G-v1.0.0	ec7eccf317da2242f2f3e4fc73dd313bbd768a5cc758275dd5e978420a413919	60Dr2	Trip 1	319
https://rubalkhali.science/kb/RAK_PH_SESSION_9ab912afb68581d82ecbd2811673aaa8262e7a51ef057b175c70da3f539d82b9	session	ph-measurement-v1|session|2|2026-07-13|98|10.06	9ab912afb68581d82ecbd2811673aaa8262e7a51ef057b175c70da3f539d82b9		Trip 2	2
https://rubalkhali.science/kb/RAK_PH_PROCESS_3189c5bf35f0323eb252f11082d9045dc86c28bdc261a7ae5c20f55fc85ad540	process	ph-measurement-v1|process|trip2|T1Dr1|2026-07-13|EQ-PH-CACL2-1G-v1.0.0	3189c5bf35f0323eb252f11082d9045dc86c28bdc261a7ae5c20f55fc85ad540	T1Dr1	Trip 2	2
https://rubalkhali.science/kb/RAK_PH_QUALITY_c03342fdd8bdedde92c57313999e2fffd21ea80a22a73b490f8646c669eb8ca0	quality	ph-measurement-v1|quality|trip2|T1Dr1|2026-07-13|EQ-PH-CACL2-1G-v1.0.0	c03342fdd8bdedde92c57313999e2fffd21ea80a22a73b490f8646c669eb8ca0	T1Dr1	Trip 2	2
https://rubalkhali.science/kb/RAK_PH_VALUE_8b526886b0ebd7d032b179f5cbb6083ff9063559244f0aabb5908afec2c2c976	value	ph-measurement-v1|value|trip2|T1Dr1|2026-07-13|EQ-PH-CACL2-1G-v1.0.0	8b526886b0ebd7d032b179f5cbb6083ff9063559244f0aabb5908afec2c2c976	T1Dr1	Trip 2	2
https://rubalkhali.science/kb/RAK_PH_PROCESS_1930791e501fc360fb8aa656e724a3d9afcc49e6de1a9290841131182d59e0b6	process	ph-measurement-v1|process|trip2|T2PRr1|2026-07-13|EQ-PH-CACL2-1G-v1.0.0	1930791e501fc360fb8aa656e724a3d9afcc49e6de1a9290841131182d59e0b6	T2PRr1	Trip 2	3
https://rubalkhali.science/kb/RAK_PH_QUALITY_6a452bb28cc13f3a0d9d8fea253e2edd4c6b703c7f2f5f2dc42023028e1415d7	quality	ph-measurement-v1|quality|trip2|T2PRr1|2026-07-13|EQ-PH-CACL2-1G-v1.0.0	6a452bb28cc13f3a0d9d8fea253e2edd4c6b703c7f2f5f2dc42023028e1415d7	T2PRr1	Trip 2	3
https://rubalkhali.science/kb/RAK_PH_VALUE_66cc5f4410c15cbad62d660b9d43278b332961bfbbc06471f742992d6a5ed77b	value	ph-measurement-v1|value|trip2|T2PRr1|2026-07-13|EQ-PH-CACL2-1G-v1.0.0	66cc5f4410c15cbad62d660b9d43278b332961bfbbc06471f742992d6a5ed77b	T2PRr1	Trip 2	3
https://rubalkhali.science/kb/RAK_PH_PROCESS_c455671a9476127804a199ded82fdad899878ac084c2261efd46cdfd45fb5106	process	ph-measurement-v1|process|trip2|T2PRr3|2026-07-13|EQ-PH-CACL2-1G-v1.0.0	c455671a9476127804a199ded82fdad899878ac084c2261efd46cdfd45fb5106	T2PRr3	Trip 2	4
https://rubalkhali.science/kb/RAK_PH_QUALITY_bb3a924bd2b5b434cfeb12deaaa1e70a0cd81e5fd6f58c37e968bca20e182eb3	quality	ph-measurement-v1|quality|trip2|T2PRr3|2026-07-13|EQ-PH-CACL2-1G-v1.0.0	bb3a924bd2b5b434cfeb12deaaa1e70a0cd81e5fd6f58c37e968bca20e182eb3	T2PRr3	Trip 2	4
https://rubalkhali.science/kb/RAK_PH_VALUE_c00eedb177050849f2fe46ab1fde59848b755b6b54bdf6a19097a3d286c689a0	value	ph-measurement-v1|value|trip2|T2PRr3|2026-07-13|EQ-PH-CACL2-1G-v1.0.0	c00eedb177050849f2fe46ab1fde59848b755b6b54bdf6a19097a3d286c689a0	T2PRr3	Trip 2	4
https://rubalkhali.science/kb/RAK_PH_PROCESS_ce039ecfeca45efc50e12479bc3b8ffd9fa37231c0ca2fddfc1061a9e8794918	process	ph-measurement-v1|process|trip2|T2Dr2|2026-07-13|EQ-PH-CACL2-1G-v1.0.0	ce039ecfeca45efc50e12479bc3b8ffd9fa37231c0ca2fddfc1061a9e8794918	T2Dr2	Trip 2	5
https://rubalkhali.science/kb/RAK_PH_QUALITY_920911108906964fadac8407d2b6e14eb24f5a007310e6850eca8f05cf48ac06	quality	ph-measurement-v1|quality|trip2|T2Dr2|2026-07-13|EQ-PH-CACL2-1G-v1.0.0	920911108906964fadac8407d2b6e14eb24f5a007310e6850eca8f05cf48ac06	T2Dr2	Trip 2	5
https://rubalkhali.science/kb/RAK_PH_VALUE_ee9b52c5a613c4c6f642bfcfd85470e797afd8228fa6d32d21486f9ddbb31f0c	value	ph-measurement-v1|value|trip2|T2Dr2|2026-07-13|EQ-PH-CACL2-1G-v1.0.0	ee9b52c5a613c4c6f642bfcfd85470e797afd8228fa6d32d21486f9ddbb31f0c	T2Dr2	Trip 2	5
https://rubalkhali.science/kb/RAK_PH_PROCESS_db34f1a85a26a40271840c0abe2929b0afa764f993f24c68dcb6c1466b0f097e	process	ph-measurement-v1|process|trip2|T4Sr1|2026-07-13|EQ-PH-CACL2-1G-v1.0.0	db34f1a85a26a40271840c0abe2929b0afa764f993f24c68dcb6c1466b0f097e	T4Sr1	Trip 2	7
https://rubalkhali.science/kb/RAK_PH_QUALITY_2f00e2560cbf33298d14dba1e47e8e3c823fa8239559073f284fe1d4d0a1f11e	quality	ph-measurement-v1|quality|trip2|T4Sr1|2026-07-13|EQ-PH-CACL2-1G-v1.0.0	2f00e2560cbf33298d14dba1e47e8e3c823fa8239559073f284fe1d4d0a1f11e	T4Sr1	Trip 2	7
https://rubalkhali.science/kb/RAK_PH_VALUE_6c1bce1c99b9b71cd59dd58937dadb9b5030f4a780738525eaa83de06fb5e744	value	ph-measurement-v1|value|trip2|T4Sr1|2026-07-13|EQ-PH-CACL2-1G-v1.0.0	6c1bce1c99b9b71cd59dd58937dadb9b5030f4a780738525eaa83de06fb5e744	T4Sr1	Trip 2	7
https://rubalkhali.science/kb/RAK_PH_PROCESS_f0927b516d932448ead642c22f3d19e1178d4253948047988e4fa34e1fa9d3a9	process	ph-measurement-v1|process|trip2|T4PRr1|2026-07-13|EQ-PH-CACL2-1G-v1.0.0	f0927b516d932448ead642c22f3d19e1178d4253948047988e4fa34e1fa9d3a9	T4PRr1	Trip 2	8
https://rubalkhali.science/kb/RAK_PH_QUALITY_129516f889c8b69929045c1b44dc0c65b2828ad6909e780d72efab06b4290828	quality	ph-measurement-v1|quality|trip2|T4PRr1|2026-07-13|EQ-PH-CACL2-1G-v1.0.0	129516f889c8b69929045c1b44dc0c65b2828ad6909e780d72efab06b4290828	T4PRr1	Trip 2	8
https://rubalkhali.science/kb/RAK_PH_VALUE_73b261bba704da9bac7a09471927b8ea0d30aa68e1443bb3521bcb05f22f44c6	value	ph-measurement-v1|value|trip2|T4PRr1|2026-07-13|EQ-PH-CACL2-1G-v1.0.0	73b261bba704da9bac7a09471927b8ea0d30aa68e1443bb3521bcb05f22f44c6	T4PRr1	Trip 2	8
https://rubalkhali.science/kb/RAK_PH_PROCESS_cc33ad3aaa0a4308d621825b0576304350f2a269bc91b5c17ea6c90583e1cc30	process	ph-measurement-v1|process|trip2|T4PRr2|2026-07-13|EQ-PH-CACL2-1G-v1.0.0	cc33ad3aaa0a4308d621825b0576304350f2a269bc91b5c17ea6c90583e1cc30	T4PRr2	Trip 2	9
https://rubalkhali.science/kb/RAK_PH_QUALITY_21220ac75466b4a088b695275cc3739f74a33320cf7678e5212c215f97cdebd1	quality	ph-measurement-v1|quality|trip2|T4PRr2|2026-07-13|EQ-PH-CACL2-1G-v1.0.0	21220ac75466b4a088b695275cc3739f74a33320cf7678e5212c215f97cdebd1	T4PRr2	Trip 2	9
https://rubalkhali.science/kb/RAK_PH_VALUE_0e263b35b710a26f9eddc39941c9f1ef05420b1569ae44686c5f299c4085fadb	value	ph-measurement-v1|value|trip2|T4PRr2|2026-07-13|EQ-PH-CACL2-1G-v1.0.0	0e263b35b710a26f9eddc39941c9f1ef05420b1569ae44686c5f299c4085fadb	T4PRr2	Trip 2	9
https://rubalkhali.science/kb/RAK_PH_PROCESS_31b8b375d00a3cffcb3514887a5b7e850e625b715a74cbc28e6a136c574c1137	process	ph-measurement-v1|process|trip2|T5Sr1|2026-07-13|EQ-PH-CACL2-1G-v1.0.0	31b8b375d00a3cffcb3514887a5b7e850e625b715a74cbc28e6a136c574c1137	T5Sr1	Trip 2	10
https://rubalkhali.science/kb/RAK_PH_QUALITY_400c2cd17b94f18eacea46d46051621c3e87039eba25897af09df1a96fd1a1b8	quality	ph-measurement-v1|quality|trip2|T5Sr1|2026-07-13|EQ-PH-CACL2-1G-v1.0.0	400c2cd17b94f18eacea46d46051621c3e87039eba25897af09df1a96fd1a1b8	T5Sr1	Trip 2	10
https://rubalkhali.science/kb/RAK_PH_VALUE_bdaaabe548d990e50ed4cdfff33167101b0dc454cb92a878085c5aa02e261255	value	ph-measurement-v1|value|trip2|T5Sr1|2026-07-13|EQ-PH-CACL2-1G-v1.0.0	bdaaabe548d990e50ed4cdfff33167101b0dc454cb92a878085c5aa02e261255	T5Sr1	Trip 2	10
https://rubalkhali.science/kb/RAK_PH_PROCESS_65a62a49b4910c675b18c0df6219253d4c84fcb3ba43088a820086ae2cb7c10d	process	ph-measurement-v1|process|trip2|T5Sr2|2026-07-13|EQ-PH-CACL2-1G-v1.0.0	65a62a49b4910c675b18c0df6219253d4c84fcb3ba43088a820086ae2cb7c10d	T5Sr2	Trip 2	11
https://rubalkhali.science/kb/RAK_PH_QUALITY_a0ccded543452e68bef21d17b41b254b936d71f336c840c77c474c99d44f82cc	quality	ph-measurement-v1|quality|trip2|T5Sr2|2026-07-13|EQ-PH-CACL2-1G-v1.0.0	a0ccded543452e68bef21d17b41b254b936d71f336c840c77c474c99d44f82cc	T5Sr2	Trip 2	11
https://rubalkhali.science/kb/RAK_PH_VALUE_d338440b7c5934e912971685655ed143d0608fc89064e6ad4a0cc31a5d981420	value	ph-measurement-v1|value|trip2|T5Sr2|2026-07-13|EQ-PH-CACL2-1G-v1.0.0	d338440b7c5934e912971685655ed143d0608fc89064e6ad4a0cc31a5d981420	T5Sr2	Trip 2	11
https://rubalkhali.science/kb/RAK_PH_PROCESS_ada8bf9c127077c15e50796899e39102ac7093dcbdd0f283f1a998d1c7035a0c	process	ph-measurement-v1|process|trip2|T5Sr3|2026-07-13|EQ-PH-CACL2-1G-v1.0.0	ada8bf9c127077c15e50796899e39102ac7093dcbdd0f283f1a998d1c7035a0c	T5Sr3	Trip 2	12
https://rubalkhali.science/kb/RAK_PH_QUALITY_f6d98c518400e60bf62d20aa6f9112a7d2d29fc1afb8a98a262547ea1b7b9fd8	quality	ph-measurement-v1|quality|trip2|T5Sr3|2026-07-13|EQ-PH-CACL2-1G-v1.0.0	f6d98c518400e60bf62d20aa6f9112a7d2d29fc1afb8a98a262547ea1b7b9fd8	T5Sr3	Trip 2	12
https://rubalkhali.science/kb/RAK_PH_VALUE_e4a8a9e62d02d7fe23201c2ffd376afee522b05ff99bc123f20eea0274a3feb2	value	ph-measurement-v1|value|trip2|T5Sr3|2026-07-13|EQ-PH-CACL2-1G-v1.0.0	e4a8a9e62d02d7fe23201c2ffd376afee522b05ff99bc123f20eea0274a3feb2	T5Sr3	Trip 2	12
https://rubalkhali.science/kb/RAK_PH_PROCESS_7932cbcfd4457c15f2c2a5f5f48e000c59afa563f14e46b92782bf2d8be4de82	process	ph-measurement-v1|process|trip2|T5PRr1|2026-07-13|EQ-PH-CACL2-1G-v1.0.0	7932cbcfd4457c15f2c2a5f5f48e000c59afa563f14e46b92782bf2d8be4de82	T5PRr1	Trip 2	13
https://rubalkhali.science/kb/RAK_PH_QUALITY_9153aa19ecef33b0830587bdf158682221b4c73209662d546b32f81f98456ceb	quality	ph-measurement-v1|quality|trip2|T5PRr1|2026-07-13|EQ-PH-CACL2-1G-v1.0.0	9153aa19ecef33b0830587bdf158682221b4c73209662d546b32f81f98456ceb	T5PRr1	Trip 2	13
https://rubalkhali.science/kb/RAK_PH_VALUE_973bc490f71bd1d82cd56d6329e46f4c2726376664a890d02092878d86b4cac4	value	ph-measurement-v1|value|trip2|T5PRr1|2026-07-13|EQ-PH-CACL2-1G-v1.0.0	973bc490f71bd1d82cd56d6329e46f4c2726376664a890d02092878d86b4cac4	T5PRr1	Trip 2	13
https://rubalkhali.science/kb/RAK_PH_PROCESS_0ba3bfa6f6badcd82fdee9a244b40f5f6cc34359be7c52e2b3f80a148b66003b	process	ph-measurement-v1|process|trip2|T6Dr1|2026-07-13|EQ-PH-CACL2-1G-v1.0.0	0ba3bfa6f6badcd82fdee9a244b40f5f6cc34359be7c52e2b3f80a148b66003b	T6Dr1	Trip 2	15
https://rubalkhali.science/kb/RAK_PH_QUALITY_dff682893658706dd6b1516bd6daef26035335c0a6d146de40dc68a25203b9b5	quality	ph-measurement-v1|quality|trip2|T6Dr1|2026-07-13|EQ-PH-CACL2-1G-v1.0.0	dff682893658706dd6b1516bd6daef26035335c0a6d146de40dc68a25203b9b5	T6Dr1	Trip 2	15
https://rubalkhali.science/kb/RAK_PH_VALUE_56654c4de955d559444d390be7b49336fa35a1a875d303b107ca55a9fb975d60	value	ph-measurement-v1|value|trip2|T6Dr1|2026-07-13|EQ-PH-CACL2-1G-v1.0.0	56654c4de955d559444d390be7b49336fa35a1a875d303b107ca55a9fb975d60	T6Dr1	Trip 2	15
https://rubalkhali.science/kb/RAK_PH_PROCESS_15fe25b7a8b72d64f9cb574533e802ee59182b6c3fa4baf0d16ecc97090aab08	process	ph-measurement-v1|process|trip2|T6Dr2|2026-07-13|EQ-PH-CACL2-1G-v1.0.0	15fe25b7a8b72d64f9cb574533e802ee59182b6c3fa4baf0d16ecc97090aab08	T6Dr2	Trip 2	16
https://rubalkhali.science/kb/RAK_PH_QUALITY_7b1ee37b51915aaeb4a42e0689f0c57ee0e760e14c92aba513070b50f005cfe7	quality	ph-measurement-v1|quality|trip2|T6Dr2|2026-07-13|EQ-PH-CACL2-1G-v1.0.0	7b1ee37b51915aaeb4a42e0689f0c57ee0e760e14c92aba513070b50f005cfe7	T6Dr2	Trip 2	16
https://rubalkhali.science/kb/RAK_PH_VALUE_a8b222dc4768840f4938f5133224b9ace63bb5274393d19ba7f8d6818c110593	value	ph-measurement-v1|value|trip2|T6Dr2|2026-07-13|EQ-PH-CACL2-1G-v1.0.0	a8b222dc4768840f4938f5133224b9ace63bb5274393d19ba7f8d6818c110593	T6Dr2	Trip 2	16
https://rubalkhali.science/kb/RAK_PH_PROCESS_57cb210ffb84afae6dbddf9ccd6c24db04ef7d5aac7e03d3ced3e32665d8aa74	process	ph-measurement-v1|process|trip2|T6PRr2|2026-07-13|EQ-PH-CACL2-1G-v1.0.0	57cb210ffb84afae6dbddf9ccd6c24db04ef7d5aac7e03d3ced3e32665d8aa74	T6PRr2	Trip 2	17
https://rubalkhali.science/kb/RAK_PH_QUALITY_316d507e746140a89dbd6a40e757338d5b0d836be74c9d534f5ff18b453de2bc	quality	ph-measurement-v1|quality|trip2|T6PRr2|2026-07-13|EQ-PH-CACL2-1G-v1.0.0	316d507e746140a89dbd6a40e757338d5b0d836be74c9d534f5ff18b453de2bc	T6PRr2	Trip 2	17
https://rubalkhali.science/kb/RAK_PH_VALUE_8112de281ba3247027dcbe5ddbef0f9fc98de547246ec36a5306fd5d4e53acf6	value	ph-measurement-v1|value|trip2|T6PRr2|2026-07-13|EQ-PH-CACL2-1G-v1.0.0	8112de281ba3247027dcbe5ddbef0f9fc98de547246ec36a5306fd5d4e53acf6	T6PRr2	Trip 2	17
https://rubalkhali.science/kb/RAK_PH_PROCESS_7de274b3de1e5cda03e587114d9003d7c330f59103727bae553658ca337fd8b3	process	ph-measurement-v1|process|trip2|T6PRr3|2026-07-13|EQ-PH-CACL2-1G-v1.0.0	7de274b3de1e5cda03e587114d9003d7c330f59103727bae553658ca337fd8b3	T6PRr3	Trip 2	18
https://rubalkhali.science/kb/RAK_PH_QUALITY_921f2c439a34f46a9f5e061b9baf0a2d5e8bd4e5fe86b366b6d6a8539c236afd	quality	ph-measurement-v1|quality|trip2|T6PRr3|2026-07-13|EQ-PH-CACL2-1G-v1.0.0	921f2c439a34f46a9f5e061b9baf0a2d5e8bd4e5fe86b366b6d6a8539c236afd	T6PRr3	Trip 2	18
https://rubalkhali.science/kb/RAK_PH_VALUE_5041c44ef9c92d9a50301d5a0e0d7508db558d060aed7e7d6791dd0f102509b9	value	ph-measurement-v1|value|trip2|T6PRr3|2026-07-13|EQ-PH-CACL2-1G-v1.0.0	5041c44ef9c92d9a50301d5a0e0d7508db558d060aed7e7d6791dd0f102509b9	T6PRr3	Trip 2	18
https://rubalkhali.science/kb/RAK_PH_PROCESS_2861ead16fe77de7f1038b1f1ed27c747bf4cbb08db43d36ad587efdfbe18141	process	ph-measurement-v1|process|trip2|T7PRr1|2026-07-13|EQ-PH-CACL2-1G-v1.0.0	2861ead16fe77de7f1038b1f1ed27c747bf4cbb08db43d36ad587efdfbe18141	T7PRr1	Trip 2	19
https://rubalkhali.science/kb/RAK_PH_QUALITY_24b89652bc5bf614f5e84204005f2b61baf8538f1c01c6e4d3fc084a6713b1c2	quality	ph-measurement-v1|quality|trip2|T7PRr1|2026-07-13|EQ-PH-CACL2-1G-v1.0.0	24b89652bc5bf614f5e84204005f2b61baf8538f1c01c6e4d3fc084a6713b1c2	T7PRr1	Trip 2	19
https://rubalkhali.science/kb/RAK_PH_VALUE_f0b6dddd6a0d739f44e52ec6f5a82fb44820360a02c31c20d6ce5903d60165c2	value	ph-measurement-v1|value|trip2|T7PRr1|2026-07-13|EQ-PH-CACL2-1G-v1.0.0	f0b6dddd6a0d739f44e52ec6f5a82fb44820360a02c31c20d6ce5903d60165c2	T7PRr1	Trip 2	19
https://rubalkhali.science/kb/RAK_PH_PROCESS_458cf8a460bf783f42e3f80ed8fbffb1d6e02ee0755a9b092568ba76438406ca	process	ph-measurement-v1|process|trip2|T7PRr2|2026-07-13|EQ-PH-CACL2-1G-v1.0.0	458cf8a460bf783f42e3f80ed8fbffb1d6e02ee0755a9b092568ba76438406ca	T7PRr2	Trip 2	20
https://rubalkhali.science/kb/RAK_PH_QUALITY_565805f2012e390b65034f89e10904b9830143c087a84e1811a38be9e14297ef	quality	ph-measurement-v1|quality|trip2|T7PRr2|2026-07-13|EQ-PH-CACL2-1G-v1.0.0	565805f2012e390b65034f89e10904b9830143c087a84e1811a38be9e14297ef	T7PRr2	Trip 2	20
https://rubalkhali.science/kb/RAK_PH_VALUE_7ea3d735bab2dca2d3d31e022f878c92595a01cc9f709c609f9505c035df459c	value	ph-measurement-v1|value|trip2|T7PRr2|2026-07-13|EQ-PH-CACL2-1G-v1.0.0	7ea3d735bab2dca2d3d31e022f878c92595a01cc9f709c609f9505c035df459c	T7PRr2	Trip 2	20
https://rubalkhali.science/kb/RAK_PH_PROCESS_6ae7815e2a0a8aff0f8c363363f508fb132a5258ea1e1d14dc830384ea4eac72	process	ph-measurement-v1|process|trip2|T7PRr3|2026-07-13|EQ-PH-CACL2-1G-v1.0.0	6ae7815e2a0a8aff0f8c363363f508fb132a5258ea1e1d14dc830384ea4eac72	T7PRr3	Trip 2	21
https://rubalkhali.science/kb/RAK_PH_QUALITY_156dcad17bd04309b71f9a532f9fa34133fc4a3013b3926fc6f59396307a893d	quality	ph-measurement-v1|quality|trip2|T7PRr3|2026-07-13|EQ-PH-CACL2-1G-v1.0.0	156dcad17bd04309b71f9a532f9fa34133fc4a3013b3926fc6f59396307a893d	T7PRr3	Trip 2	21
https://rubalkhali.science/kb/RAK_PH_VALUE_51a02d0971bc52e21529939c5911c47b168fb0db937ec4efe3429dacadd51ce9	value	ph-measurement-v1|value|trip2|T7PRr3|2026-07-13|EQ-PH-CACL2-1G-v1.0.0	51a02d0971bc52e21529939c5911c47b168fb0db937ec4efe3429dacadd51ce9	T7PRr3	Trip 2	21
https://rubalkhali.science/kb/RAK_PH_PROCESS_a8cee3f620b951365a6a05c85dc0d67a436e222949a01aa5238e8ce1ecc0f110	process	ph-measurement-v1|process|trip2|T8Sr3|2026-07-13|EQ-PH-CACL2-1G-v1.0.0	a8cee3f620b951365a6a05c85dc0d67a436e222949a01aa5238e8ce1ecc0f110	T8Sr3	Trip 2	23
https://rubalkhali.science/kb/RAK_PH_QUALITY_acb0136694b9f692179ace6633871a5b93b50cb44bdfebdd9a4009898326d81c	quality	ph-measurement-v1|quality|trip2|T8Sr3|2026-07-13|EQ-PH-CACL2-1G-v1.0.0	acb0136694b9f692179ace6633871a5b93b50cb44bdfebdd9a4009898326d81c	T8Sr3	Trip 2	23
https://rubalkhali.science/kb/RAK_PH_VALUE_90ab3193369423d6f28a1caff34863da1feba53ffa88e4ff82e8251914ce7af4	value	ph-measurement-v1|value|trip2|T8Sr3|2026-07-13|EQ-PH-CACL2-1G-v1.0.0	90ab3193369423d6f28a1caff34863da1feba53ffa88e4ff82e8251914ce7af4	T8Sr3	Trip 2	23
https://rubalkhali.science/kb/RAK_PH_PROCESS_2685e159606770cb5423c236d62059d6afa6da66be7b5f7bfc15cce9d56bb1db	process	ph-measurement-v1|process|trip2|T8Dr1|2026-07-13|EQ-PH-CACL2-1G-v1.0.0	2685e159606770cb5423c236d62059d6afa6da66be7b5f7bfc15cce9d56bb1db	T8Dr1	Trip 2	24
https://rubalkhali.science/kb/RAK_PH_QUALITY_b5ae15c2ee47c0a6e1b8c08c934cdb2495c86ec4c4dea25f6fa6bae6ef4a1079	quality	ph-measurement-v1|quality|trip2|T8Dr1|2026-07-13|EQ-PH-CACL2-1G-v1.0.0	b5ae15c2ee47c0a6e1b8c08c934cdb2495c86ec4c4dea25f6fa6bae6ef4a1079	T8Dr1	Trip 2	24
https://rubalkhali.science/kb/RAK_PH_VALUE_32b50a53fa4d58b67e06655b5b4ad8a9894979db686acce00a8e570a84acb2ac	value	ph-measurement-v1|value|trip2|T8Dr1|2026-07-13|EQ-PH-CACL2-1G-v1.0.0	32b50a53fa4d58b67e06655b5b4ad8a9894979db686acce00a8e570a84acb2ac	T8Dr1	Trip 2	24
https://rubalkhali.science/kb/RAK_PH_PROCESS_17d187dec3ec501e8fa1c48643e3e846a4c34846a2a3ce3ec154ca0853931e5f	process	ph-measurement-v1|process|trip2|T8Dr3|2026-07-13|EQ-PH-CACL2-1G-v1.0.0	17d187dec3ec501e8fa1c48643e3e846a4c34846a2a3ce3ec154ca0853931e5f	T8Dr3	Trip 2	25
https://rubalkhali.science/kb/RAK_PH_QUALITY_eefafd72786d37dbd4cb87b9310715401770454a04b261a7bf3d63c69924b049	quality	ph-measurement-v1|quality|trip2|T8Dr3|2026-07-13|EQ-PH-CACL2-1G-v1.0.0	eefafd72786d37dbd4cb87b9310715401770454a04b261a7bf3d63c69924b049	T8Dr3	Trip 2	25
https://rubalkhali.science/kb/RAK_PH_VALUE_63b45141aaf5a3d725c910af597adcf904fc94d442dba0ded867e8d798b9b96a	value	ph-measurement-v1|value|trip2|T8Dr3|2026-07-13|EQ-PH-CACL2-1G-v1.0.0	63b45141aaf5a3d725c910af597adcf904fc94d442dba0ded867e8d798b9b96a	T8Dr3	Trip 2	25
https://rubalkhali.science/kb/RAK_PH_PROCESS_3e339d6df704b1ec7b63ad2f70e954610dbcbc8edbc5ee0c8cfd2e0a0351c3bf	process	ph-measurement-v1|process|trip2|T8PRr1|2026-07-13|EQ-PH-CACL2-1G-v1.0.0	3e339d6df704b1ec7b63ad2f70e954610dbcbc8edbc5ee0c8cfd2e0a0351c3bf	T8PRr1	Trip 2	26
https://rubalkhali.science/kb/RAK_PH_QUALITY_cce421929d2fec10c7815f6836176ac5edad30b346f004b4643c718a01e787ce	quality	ph-measurement-v1|quality|trip2|T8PRr1|2026-07-13|EQ-PH-CACL2-1G-v1.0.0	cce421929d2fec10c7815f6836176ac5edad30b346f004b4643c718a01e787ce	T8PRr1	Trip 2	26
https://rubalkhali.science/kb/RAK_PH_VALUE_63e21ab138cdf7a857baa8768c4afc9e4bd2d0b301963453bb83ee9c6ef583d7	value	ph-measurement-v1|value|trip2|T8PRr1|2026-07-13|EQ-PH-CACL2-1G-v1.0.0	63e21ab138cdf7a857baa8768c4afc9e4bd2d0b301963453bb83ee9c6ef583d7	T8PRr1	Trip 2	26
https://rubalkhali.science/kb/RAK_PH_PROCESS_523f8edd1737710c791f99be71549cba20378a17e434db398baa9c2d80229484	process	ph-measurement-v1|process|trip2|T8PRr3|2026-07-13|EQ-PH-CACL2-1G-v1.0.0	523f8edd1737710c791f99be71549cba20378a17e434db398baa9c2d80229484	T8PRr3	Trip 2	27
https://rubalkhali.science/kb/RAK_PH_QUALITY_a0df70fbf853f0065da269d93304dc1361e8cdbb3e6d27918fd77e5f1ce1de40	quality	ph-measurement-v1|quality|trip2|T8PRr3|2026-07-13|EQ-PH-CACL2-1G-v1.0.0	a0df70fbf853f0065da269d93304dc1361e8cdbb3e6d27918fd77e5f1ce1de40	T8PRr3	Trip 2	27
https://rubalkhali.science/kb/RAK_PH_VALUE_4dfbc19c30d65a4b581dca95e195e9048939ceb9ef919b3baa65b28c25a28856	value	ph-measurement-v1|value|trip2|T8PRr3|2026-07-13|EQ-PH-CACL2-1G-v1.0.0	4dfbc19c30d65a4b581dca95e195e9048939ceb9ef919b3baa65b28c25a28856	T8PRr3	Trip 2	27
https://rubalkhali.science/kb/RAK_PH_SESSION_cbd3c601fb228f600533f942b5fb97be5be32bed907c82c1e40f3ed10615deac	session	ph-measurement-v1|session|3|2026-07-27|97.9|10.06	cbd3c601fb228f600533f942b5fb97be5be32bed907c82c1e40f3ed10615deac		Trip 3	11
https://rubalkhali.science/kb/RAK_PH_PROCESS_ff64475515134568a0370564b84e000ccd9a77771abb256d1986fa1626c3a3ec	process	ph-measurement-v1|process|trip3|F5Sr1|2026-07-27|EQ-PH-CACL2-1G-v1.0.0	ff64475515134568a0370564b84e000ccd9a77771abb256d1986fa1626c3a3ec	F5Sr1	Trip 3	11
https://rubalkhali.science/kb/RAK_PH_QUALITY_201650c8ddcd15ca549c429eb1aae1b843025bf29999d8a47aaaacb3eb735570	quality	ph-measurement-v1|quality|trip3|F5Sr1|2026-07-27|EQ-PH-CACL2-1G-v1.0.0	201650c8ddcd15ca549c429eb1aae1b843025bf29999d8a47aaaacb3eb735570	F5Sr1	Trip 3	11
https://rubalkhali.science/kb/RAK_PH_VALUE_bfce37e539e806e7b7959e7f31573922a792a2c0897d63f5bfaadd4e674868f6	value	ph-measurement-v1|value|trip3|F5Sr1|2026-07-27|EQ-PH-CACL2-1G-v1.0.0	bfce37e539e806e7b7959e7f31573922a792a2c0897d63f5bfaadd4e674868f6	F5Sr1	Trip 3	11
https://rubalkhali.science/kb/RAK_PH_PROCESS_96ac39c9f536a7942db19959a1ed90159550d5c97fe851bbe2bc39d561f3f2a2	process	ph-measurement-v1|process|trip3|F5Dr2|2026-07-27|EQ-PH-CACL2-1G-v1.0.0	96ac39c9f536a7942db19959a1ed90159550d5c97fe851bbe2bc39d561f3f2a2	F5Dr2	Trip 3	14
https://rubalkhali.science/kb/RAK_PH_QUALITY_4ee5408a35255ef2e64ed73d545317f72a49be86017fe0917ef8517ffecd64ae	quality	ph-measurement-v1|quality|trip3|F5Dr2|2026-07-27|EQ-PH-CACL2-1G-v1.0.0	4ee5408a35255ef2e64ed73d545317f72a49be86017fe0917ef8517ffecd64ae	F5Dr2	Trip 3	14
https://rubalkhali.science/kb/RAK_PH_VALUE_997f71fc9070acbc3f1a79f27c8b4ee7dbe52f2c1641118eee7e19872a064fcc	value	ph-measurement-v1|value|trip3|F5Dr2|2026-07-27|EQ-PH-CACL2-1G-v1.0.0	997f71fc9070acbc3f1a79f27c8b4ee7dbe52f2c1641118eee7e19872a064fcc	F5Dr2	Trip 3	14
https://rubalkhali.science/kb/RAK_PH_PROCESS_406d73042828d70a9fb88ff6ec903f41a00cdfc14b42a87481ca008f0410f7e6	process	ph-measurement-v1|process|trip3|F5PRr2|2026-07-27|EQ-PH-CACL2-1G-v1.0.0	406d73042828d70a9fb88ff6ec903f41a00cdfc14b42a87481ca008f0410f7e6	F5PRr2	Trip 3	16
https://rubalkhali.science/kb/RAK_PH_QUALITY_6303263ea79409ed28b1adf8741cc6fc2bc6b2697b4217f918b044c6203f9332	quality	ph-measurement-v1|quality|trip3|F5PRr2|2026-07-27|EQ-PH-CACL2-1G-v1.0.0	6303263ea79409ed28b1adf8741cc6fc2bc6b2697b4217f918b044c6203f9332	F5PRr2	Trip 3	16
https://rubalkhali.science/kb/RAK_PH_VALUE_e93ce3645ec0beeeaad9fc8ab32056704bf295fa431a8a798b009365ddff373c	value	ph-measurement-v1|value|trip3|F5PRr2|2026-07-27|EQ-PH-CACL2-1G-v1.0.0	e93ce3645ec0beeeaad9fc8ab32056704bf295fa431a8a798b009365ddff373c	F5PRr2	Trip 3	16
https://rubalkhali.science/kb/RAK_PH_PROCESS_56df137d113e928dc46339cd0c58e3f25a7e22501aa900722659e6e22712f6b5	process	ph-measurement-v1|process|trip3|F6Sr1|2026-07-27|EQ-PH-CACL2-1G-v1.0.0	56df137d113e928dc46339cd0c58e3f25a7e22501aa900722659e6e22712f6b5	F6Sr1	Trip 3	17
https://rubalkhali.science/kb/RAK_PH_QUALITY_d30ff19c110d573cde10b75e8028afdfecb3245f3726a950f65f218fdd2bb713	quality	ph-measurement-v1|quality|trip3|F6Sr1|2026-07-27|EQ-PH-CACL2-1G-v1.0.0	d30ff19c110d573cde10b75e8028afdfecb3245f3726a950f65f218fdd2bb713	F6Sr1	Trip 3	17
https://rubalkhali.science/kb/RAK_PH_VALUE_476910b33cdab086caefa3aba3e8125e79d0b4160bf712e9cafa84896ca4fdca	value	ph-measurement-v1|value|trip3|F6Sr1|2026-07-27|EQ-PH-CACL2-1G-v1.0.0	476910b33cdab086caefa3aba3e8125e79d0b4160bf712e9cafa84896ca4fdca	F6Sr1	Trip 3	17
https://rubalkhali.science/kb/RAK_PH_PROCESS_19f04c17e87efdf3b8a8b9c472c1c3fb1156a4c10deafd21fcd04ce7ed6dc3fe	process	ph-measurement-v1|process|trip3|F6Dr1|2026-07-27|EQ-PH-CACL2-1G-v1.0.0	19f04c17e87efdf3b8a8b9c472c1c3fb1156a4c10deafd21fcd04ce7ed6dc3fe	F6Dr1	Trip 3	20
https://rubalkhali.science/kb/RAK_PH_QUALITY_73aa1ab88a96763be15f455d6ac989c62560907bc567036d0fa47f087f12abea	quality	ph-measurement-v1|quality|trip3|F6Dr1|2026-07-27|EQ-PH-CACL2-1G-v1.0.0	73aa1ab88a96763be15f455d6ac989c62560907bc567036d0fa47f087f12abea	F6Dr1	Trip 3	20
https://rubalkhali.science/kb/RAK_PH_VALUE_dd26bee429c330924436f6f6ba7a1a4d6e5c848417f7b1a9191860b38c2e9a79	value	ph-measurement-v1|value|trip3|F6Dr1|2026-07-27|EQ-PH-CACL2-1G-v1.0.0	dd26bee429c330924436f6f6ba7a1a4d6e5c848417f7b1a9191860b38c2e9a79	F6Dr1	Trip 3	20
https://rubalkhali.science/kb/RAK_PH_PROCESS_14a8db7b8abc96b96a55062e084c38759d6e34a09799271345252fbdaf8d58a4	process	ph-measurement-v1|process|trip3|F6PRr1|2026-07-27|EQ-PH-CACL2-1G-v1.0.0	14a8db7b8abc96b96a55062e084c38759d6e34a09799271345252fbdaf8d58a4	F6PRr1	Trip 3	21
https://rubalkhali.science/kb/RAK_PH_QUALITY_bcdbcfe0636658fee40ed81b8e8ccb2447f68d10d97741a47fb260517ebaea48	quality	ph-measurement-v1|quality|trip3|F6PRr1|2026-07-27|EQ-PH-CACL2-1G-v1.0.0	bcdbcfe0636658fee40ed81b8e8ccb2447f68d10d97741a47fb260517ebaea48	F6PRr1	Trip 3	21
https://rubalkhali.science/kb/RAK_PH_VALUE_60258988dcdf64308b052745eee0e4c0c82d7ce6d389b8e503435564460df304	value	ph-measurement-v1|value|trip3|F6PRr1|2026-07-27|EQ-PH-CACL2-1G-v1.0.0	60258988dcdf64308b052745eee0e4c0c82d7ce6d389b8e503435564460df304	F6PRr1	Trip 3	21
https://rubalkhali.science/kb/RAK_PH_PROCESS_dc6a201941a6fe86da406e3b1f2819af8d37c71b84f5d2abab48d5545e2bde77	process	ph-measurement-v1|process|trip3|F7Sr1|2026-07-27|EQ-PH-CACL2-1G-v1.0.0	dc6a201941a6fe86da406e3b1f2819af8d37c71b84f5d2abab48d5545e2bde77	F7Sr1	Trip 3	24
https://rubalkhali.science/kb/RAK_PH_QUALITY_c1580005a30f9dedbd0af4cdf7575ce40332d28291de87a866138cef408cb215	quality	ph-measurement-v1|quality|trip3|F7Sr1|2026-07-27|EQ-PH-CACL2-1G-v1.0.0	c1580005a30f9dedbd0af4cdf7575ce40332d28291de87a866138cef408cb215	F7Sr1	Trip 3	24
https://rubalkhali.science/kb/RAK_PH_VALUE_ae33b0e50623a4c6126b11955e7d2664e096e2bae36f37f9f73613871d8a99ca	value	ph-measurement-v1|value|trip3|F7Sr1|2026-07-27|EQ-PH-CACL2-1G-v1.0.0	ae33b0e50623a4c6126b11955e7d2664e096e2bae36f37f9f73613871d8a99ca	F7Sr1	Trip 3	24
https://rubalkhali.science/kb/RAK_PH_PROCESS_35698aa8ce7012dfcf5fde79a7db813d04715a9bfd37fb735ecbcc4523aa1098	process	ph-measurement-v1|process|trip3|F7Dr1|2026-07-27|EQ-PH-CACL2-1G-v1.0.0	35698aa8ce7012dfcf5fde79a7db813d04715a9bfd37fb735ecbcc4523aa1098	F7Dr1	Trip 3	27
https://rubalkhali.science/kb/RAK_PH_QUALITY_12a5d70526414dadb48632aac52552febc6e8410029dc1323addbe99c354009b	quality	ph-measurement-v1|quality|trip3|F7Dr1|2026-07-27|EQ-PH-CACL2-1G-v1.0.0	12a5d70526414dadb48632aac52552febc6e8410029dc1323addbe99c354009b	F7Dr1	Trip 3	27
https://rubalkhali.science/kb/RAK_PH_VALUE_03acb8b64edb4ff8595cadd6c168d04197ce451490eeb19b2788788bdf0dfc43	value	ph-measurement-v1|value|trip3|F7Dr1|2026-07-27|EQ-PH-CACL2-1G-v1.0.0	03acb8b64edb4ff8595cadd6c168d04197ce451490eeb19b2788788bdf0dfc43	F7Dr1	Trip 3	27
https://rubalkhali.science/kb/RAK_PH_PROCESS_07049fc95a3bd3b563d6b28e1d872f886af980c669237796638a0002675dc3b9	process	ph-measurement-v1|process|trip3|F7PRr1|2026-07-27|EQ-PH-CACL2-1G-v1.0.0	07049fc95a3bd3b563d6b28e1d872f886af980c669237796638a0002675dc3b9	F7PRr1	Trip 3	30
https://rubalkhali.science/kb/RAK_PH_QUALITY_c2ebfb72d052008c8899a75d109db4582c25231cea2356c93f7a943c0accc62f	quality	ph-measurement-v1|quality|trip3|F7PRr1|2026-07-27|EQ-PH-CACL2-1G-v1.0.0	c2ebfb72d052008c8899a75d109db4582c25231cea2356c93f7a943c0accc62f	F7PRr1	Trip 3	30
https://rubalkhali.science/kb/RAK_PH_VALUE_824fd7978b69b9b73557b06a6576636cd04089526ba4baef2b2766c6cc2dccd6	value	ph-measurement-v1|value|trip3|F7PRr1|2026-07-27|EQ-PH-CACL2-1G-v1.0.0	824fd7978b69b9b73557b06a6576636cd04089526ba4baef2b2766c6cc2dccd6	F7PRr1	Trip 3	30
https://rubalkhali.science/kb/RAK_PH_PROCESS_feac299716224f3205495b0ca529216e3a8530968ec2f4eabbb8f66d9bec7c18	process	ph-measurement-v1|process|trip3|F9Sr1|2026-07-27|EQ-PH-CACL2-1G-v1.0.0	feac299716224f3205495b0ca529216e3a8530968ec2f4eabbb8f66d9bec7c18	F9Sr1	Trip 3	42
https://rubalkhali.science/kb/RAK_PH_QUALITY_a5074a67b34306ecc4385b8bf6eba22d784134d203b33eaa6954014c55355669	quality	ph-measurement-v1|quality|trip3|F9Sr1|2026-07-27|EQ-PH-CACL2-1G-v1.0.0	a5074a67b34306ecc4385b8bf6eba22d784134d203b33eaa6954014c55355669	F9Sr1	Trip 3	42
https://rubalkhali.science/kb/RAK_PH_VALUE_c5720dd96e29e960a0d4fe879a4ad8e4f01a8a30b0f15c425c31ddb3f435dcfc	value	ph-measurement-v1|value|trip3|F9Sr1|2026-07-27|EQ-PH-CACL2-1G-v1.0.0	c5720dd96e29e960a0d4fe879a4ad8e4f01a8a30b0f15c425c31ddb3f435dcfc	F9Sr1	Trip 3	42
https://rubalkhali.science/kb/RAK_PH_PROCESS_37cb108ed7100d01de79ada43398943a097e65b575f97743e8654a153b32486e	process	ph-measurement-v1|process|trip3|F9Dr1|2026-07-27|EQ-PH-CACL2-1G-v1.0.0	37cb108ed7100d01de79ada43398943a097e65b575f97743e8654a153b32486e	F9Dr1	Trip 3	45
https://rubalkhali.science/kb/RAK_PH_QUALITY_c4a0b860c294d031f7e727e01915e997c744fb3825e9d92274ce2c98ab7d9b3f	quality	ph-measurement-v1|quality|trip3|F9Dr1|2026-07-27|EQ-PH-CACL2-1G-v1.0.0	c4a0b860c294d031f7e727e01915e997c744fb3825e9d92274ce2c98ab7d9b3f	F9Dr1	Trip 3	45
https://rubalkhali.science/kb/RAK_PH_VALUE_a7ad26ebdc4598b6f598de1aa03a77ff6f9f121fe8a5567d3096d614c2d94307	value	ph-measurement-v1|value|trip3|F9Dr1|2026-07-27|EQ-PH-CACL2-1G-v1.0.0	a7ad26ebdc4598b6f598de1aa03a77ff6f9f121fe8a5567d3096d614c2d94307	F9Dr1	Trip 3	45
https://rubalkhali.science/kb/RAK_PH_PROCESS_062f14835543ab5fb7df27b325f28fcb92319ec919bccffdd885fce8dcce7e93	process	ph-measurement-v1|process|trip3|F9PRr1|2026-07-27|EQ-PH-CACL2-1G-v1.0.0	062f14835543ab5fb7df27b325f28fcb92319ec919bccffdd885fce8dcce7e93	F9PRr1	Trip 3	48
https://rubalkhali.science/kb/RAK_PH_QUALITY_91ce55e8f6ee762a5b0a4643ef3d01802dd923c9dfc9278b1d989ea84078bf34	quality	ph-measurement-v1|quality|trip3|F9PRr1|2026-07-27|EQ-PH-CACL2-1G-v1.0.0	91ce55e8f6ee762a5b0a4643ef3d01802dd923c9dfc9278b1d989ea84078bf34	F9PRr1	Trip 3	48
https://rubalkhali.science/kb/RAK_PH_VALUE_6c3845bb007cb17dd94f40ca051bf24e9df3ca4de137c8eeecadac506a71a4ba	value	ph-measurement-v1|value|trip3|F9PRr1|2026-07-27|EQ-PH-CACL2-1G-v1.0.0	6c3845bb007cb17dd94f40ca051bf24e9df3ca4de137c8eeecadac506a71a4ba	F9PRr1	Trip 3	48
https://rubalkhali.science/kb/RAK_PH_PROCESS_875398b7afc06f7a9b402003f6552e17fd1085abb3540b0b9100ae77fb607a58	process	ph-measurement-v1|process|trip3|F10Sr1|2026-07-27|EQ-PH-CACL2-1G-v1.0.0	875398b7afc06f7a9b402003f6552e17fd1085abb3540b0b9100ae77fb607a58	F10Sr1	Trip 3	51
https://rubalkhali.science/kb/RAK_PH_QUALITY_05c094e4e97013cedb6286546160f02e84d9a00f24819230b76cf9b1bd739b0e	quality	ph-measurement-v1|quality|trip3|F10Sr1|2026-07-27|EQ-PH-CACL2-1G-v1.0.0	05c094e4e97013cedb6286546160f02e84d9a00f24819230b76cf9b1bd739b0e	F10Sr1	Trip 3	51
https://rubalkhali.science/kb/RAK_PH_VALUE_a123f20419467918c935bd1b852af45a4dcbcee65136236d9566626e750fa553	value	ph-measurement-v1|value|trip3|F10Sr1|2026-07-27|EQ-PH-CACL2-1G-v1.0.0	a123f20419467918c935bd1b852af45a4dcbcee65136236d9566626e750fa553	F10Sr1	Trip 3	51
https://rubalkhali.science/kb/RAK_PH_PROCESS_65e56dece19d3a3cbfeaf9dcfd7885c73a6b84fcc30b1a050842f69357050671	process	ph-measurement-v1|process|trip3|F10Dr1|2026-07-27|EQ-PH-CACL2-1G-v1.0.0	65e56dece19d3a3cbfeaf9dcfd7885c73a6b84fcc30b1a050842f69357050671	F10Dr1	Trip 3	54
https://rubalkhali.science/kb/RAK_PH_QUALITY_1a517b34de701f1e7158b687d5b16369158c322859c7fbb8b7082aa68e83223f	quality	ph-measurement-v1|quality|trip3|F10Dr1|2026-07-27|EQ-PH-CACL2-1G-v1.0.0	1a517b34de701f1e7158b687d5b16369158c322859c7fbb8b7082aa68e83223f	F10Dr1	Trip 3	54
https://rubalkhali.science/kb/RAK_PH_VALUE_021fc28345035448343454c00355521e2031fa7550f48dcbd70a955d0615a405	value	ph-measurement-v1|value|trip3|F10Dr1|2026-07-27|EQ-PH-CACL2-1G-v1.0.0	021fc28345035448343454c00355521e2031fa7550f48dcbd70a955d0615a405	F10Dr1	Trip 3	54
https://rubalkhali.science/kb/RAK_PH_PROCESS_7c45f9e240a44f6b4fcd482419162599027311c117468804ac0d825f5e099a06	process	ph-measurement-v1|process|trip3|F10PRr1|2026-07-27|EQ-PH-CACL2-1G-v1.0.0	7c45f9e240a44f6b4fcd482419162599027311c117468804ac0d825f5e099a06	F10PRr1	Trip 3	57
https://rubalkhali.science/kb/RAK_PH_QUALITY_d5dd95d4af7185d2a1b3810df6874d01713d3f56dd84a4fca3b0c9b52d7bd4dc	quality	ph-measurement-v1|quality|trip3|F10PRr1|2026-07-27|EQ-PH-CACL2-1G-v1.0.0	d5dd95d4af7185d2a1b3810df6874d01713d3f56dd84a4fca3b0c9b52d7bd4dc	F10PRr1	Trip 3	57
https://rubalkhali.science/kb/RAK_PH_VALUE_3bc0f5d1ff1e660bebefbaef4b3df6d918bb0777165edfaebbf0d7c4a4d4870e	value	ph-measurement-v1|value|trip3|F10PRr1|2026-07-27|EQ-PH-CACL2-1G-v1.0.0	3bc0f5d1ff1e660bebefbaef4b3df6d918bb0777165edfaebbf0d7c4a4d4870e	F10PRr1	Trip 3	57
https://rubalkhali.science/kb/RAK_PH_PROCESS_eb65efbee9d9a095c5d5e9c0bd184fac3c0e740f24ae6db8cf18a91d9edf2735	process	ph-measurement-v1|process|trip3|F11Sr1|2026-07-27|EQ-PH-CACL2-1G-v1.0.0	eb65efbee9d9a095c5d5e9c0bd184fac3c0e740f24ae6db8cf18a91d9edf2735	F11Sr1	Trip 3	59
https://rubalkhali.science/kb/RAK_PH_QUALITY_e88d5dcdcc4db87a5f3606765fbdf51756639ea9388999e487d3664703a19d02	quality	ph-measurement-v1|quality|trip3|F11Sr1|2026-07-27|EQ-PH-CACL2-1G-v1.0.0	e88d5dcdcc4db87a5f3606765fbdf51756639ea9388999e487d3664703a19d02	F11Sr1	Trip 3	59
https://rubalkhali.science/kb/RAK_PH_VALUE_1d7c9b3b7dcb138fd2396f5ce969a6ec44e54926c730f42b250147a3d6b45bc3	value	ph-measurement-v1|value|trip3|F11Sr1|2026-07-27|EQ-PH-CACL2-1G-v1.0.0	1d7c9b3b7dcb138fd2396f5ce969a6ec44e54926c730f42b250147a3d6b45bc3	F11Sr1	Trip 3	59
https://rubalkhali.science/kb/RAK_PH_PROCESS_bcb93f904269e5637118960991fb1896e0a113ff8c7c5ba71652a1fd196bc7da	process	ph-measurement-v1|process|trip3|F11Dr1|2026-07-27|EQ-PH-CACL2-1G-v1.0.0	bcb93f904269e5637118960991fb1896e0a113ff8c7c5ba71652a1fd196bc7da	F11Dr1	Trip 3	62
https://rubalkhali.science/kb/RAK_PH_QUALITY_da7ad338f0b199b972601b1c4021137226328031e7e37e8c89d634d3205a8e72	quality	ph-measurement-v1|quality|trip3|F11Dr1|2026-07-27|EQ-PH-CACL2-1G-v1.0.0	da7ad338f0b199b972601b1c4021137226328031e7e37e8c89d634d3205a8e72	F11Dr1	Trip 3	62
https://rubalkhali.science/kb/RAK_PH_VALUE_19547e4478b2b3659ae9aaec2087c317bedd37531df42c640e8cde39e7ea61d1	value	ph-measurement-v1|value|trip3|F11Dr1|2026-07-27|EQ-PH-CACL2-1G-v1.0.0	19547e4478b2b3659ae9aaec2087c317bedd37531df42c640e8cde39e7ea61d1	F11Dr1	Trip 3	62
https://rubalkhali.science/kb/RAK_PH_PROCESS_e3d2807d40cede44a24444489fa851dbbae6035cb7b5e87faff91df48c622779	process	ph-measurement-v1|process|trip3|F11PRr1|2026-07-27|EQ-PH-CACL2-1G-v1.0.0	e3d2807d40cede44a24444489fa851dbbae6035cb7b5e87faff91df48c622779	F11PRr1	Trip 3	65
https://rubalkhali.science/kb/RAK_PH_QUALITY_70b954cbe8be310cbf74a5e81851102ea74e471154aceb1132f9899c2a9d86e9	quality	ph-measurement-v1|quality|trip3|F11PRr1|2026-07-27|EQ-PH-CACL2-1G-v1.0.0	70b954cbe8be310cbf74a5e81851102ea74e471154aceb1132f9899c2a9d86e9	F11PRr1	Trip 3	65
https://rubalkhali.science/kb/RAK_PH_VALUE_c00c29740bea853393bec4e46479b36e9236d8491c22716ad0c447e06de73dea	value	ph-measurement-v1|value|trip3|F11PRr1|2026-07-27|EQ-PH-CACL2-1G-v1.0.0	c00c29740bea853393bec4e46479b36e9236d8491c22716ad0c447e06de73dea	F11PRr1	Trip 3	65
https://rubalkhali.science/kb/RAK_PH_SESSION_2a996108dda99ce671a9221444fa5f492b7ea60bec82b047fb56890209946612	session	ph-measurement-v1|session|3|2026-07-13|98.8|10.06	2a996108dda99ce671a9221444fa5f492b7ea60bec82b047fb56890209946612		Trip 3	68
https://rubalkhali.science/kb/RAK_PH_PROCESS_1876dbb71bf169f508bcebba487587160a5121bc9422f716d380abd4a73c943b	process	ph-measurement-v1|process|trip3|F12Sr2|2026-07-13|EQ-PH-CACL2-1G-v1.0.0	1876dbb71bf169f508bcebba487587160a5121bc9422f716d380abd4a73c943b	F12Sr2	Trip 3	68
https://rubalkhali.science/kb/RAK_PH_QUALITY_26643ba272a14502cac96f45c2ca14c4bd3ba7ba2795de243b574e4af974efe8	quality	ph-measurement-v1|quality|trip3|F12Sr2|2026-07-13|EQ-PH-CACL2-1G-v1.0.0	26643ba272a14502cac96f45c2ca14c4bd3ba7ba2795de243b574e4af974efe8	F12Sr2	Trip 3	68
https://rubalkhali.science/kb/RAK_PH_VALUE_9f089b706a13d97398d9ffa0bbe70f491f58c019d7064a75ac96bb2857ca7650	value	ph-measurement-v1|value|trip3|F12Sr2|2026-07-13|EQ-PH-CACL2-1G-v1.0.0	9f089b706a13d97398d9ffa0bbe70f491f58c019d7064a75ac96bb2857ca7650	F12Sr2	Trip 3	68
https://rubalkhali.science/kb/RAK_PH_PROCESS_8d324c37f0f3a327bd5532a641e47aad724cb4b905a96fd1054db797feb44355	process	ph-measurement-v1|process|trip3|F12Sr3|2026-07-13|EQ-PH-CACL2-1G-v1.0.0	8d324c37f0f3a327bd5532a641e47aad724cb4b905a96fd1054db797feb44355	F12Sr3	Trip 3	69
https://rubalkhali.science/kb/RAK_PH_QUALITY_ebea29e3f0fa50702fb690e4eac0892b141cde32d78e3e93d6065900e01eaba2	quality	ph-measurement-v1|quality|trip3|F12Sr3|2026-07-13|EQ-PH-CACL2-1G-v1.0.0	ebea29e3f0fa50702fb690e4eac0892b141cde32d78e3e93d6065900e01eaba2	F12Sr3	Trip 3	69
https://rubalkhali.science/kb/RAK_PH_VALUE_a3fbc17361bd0e70c13e7a8843232fcfda8cd3a4ca7b816855915e0636c2c7fd	value	ph-measurement-v1|value|trip3|F12Sr3|2026-07-13|EQ-PH-CACL2-1G-v1.0.0	a3fbc17361bd0e70c13e7a8843232fcfda8cd3a4ca7b816855915e0636c2c7fd	F12Sr3	Trip 3	69
https://rubalkhali.science/kb/RAK_PH_PROCESS_974fbed14575b5d3a12998829b65a6343a8f9f7bda0e5732ed7c64577affae72	process	ph-measurement-v1|process|trip3|F12Dr1|2026-07-13|EQ-PH-CACL2-1G-v1.0.0	974fbed14575b5d3a12998829b65a6343a8f9f7bda0e5732ed7c64577affae72	F12Dr1	Trip 3	70
https://rubalkhali.science/kb/RAK_PH_QUALITY_560e4614dc196f35388a723af2c8fe89add6ee98f31b0a602e7be6a43a99ba09	quality	ph-measurement-v1|quality|trip3|F12Dr1|2026-07-13|EQ-PH-CACL2-1G-v1.0.0	560e4614dc196f35388a723af2c8fe89add6ee98f31b0a602e7be6a43a99ba09	F12Dr1	Trip 3	70
https://rubalkhali.science/kb/RAK_PH_VALUE_353605c7b42829b8bf859689bdbceeea082942d381e9c9df86fec2392953ba0b	value	ph-measurement-v1|value|trip3|F12Dr1|2026-07-13|EQ-PH-CACL2-1G-v1.0.0	353605c7b42829b8bf859689bdbceeea082942d381e9c9df86fec2392953ba0b	F12Dr1	Trip 3	70
https://rubalkhali.science/kb/RAK_PH_PROCESS_717e3b142015c93676bcedadde0fe92f0374e08b389c593e175ae4500b83f780	process	ph-measurement-v1|process|trip3|F12Dr2|2026-07-13|EQ-PH-CACL2-1G-v1.0.0	717e3b142015c93676bcedadde0fe92f0374e08b389c593e175ae4500b83f780	F12Dr2	Trip 3	71
https://rubalkhali.science/kb/RAK_PH_QUALITY_af2e89f4ec786904f073eca68cb838f32c341f9264ce3a28e1cc12ecd2842852	quality	ph-measurement-v1|quality|trip3|F12Dr2|2026-07-13|EQ-PH-CACL2-1G-v1.0.0	af2e89f4ec786904f073eca68cb838f32c341f9264ce3a28e1cc12ecd2842852	F12Dr2	Trip 3	71
https://rubalkhali.science/kb/RAK_PH_VALUE_9b972e386cfd575cd4be529c7a54b3b0cdfe1ff22348aedc8bc50f208f6cb96b	value	ph-measurement-v1|value|trip3|F12Dr2|2026-07-13|EQ-PH-CACL2-1G-v1.0.0	9b972e386cfd575cd4be529c7a54b3b0cdfe1ff22348aedc8bc50f208f6cb96b	F12Dr2	Trip 3	71
https://rubalkhali.science/kb/RAK_PH_PROCESS_061cedd6b841162bb708493208aa02831b98c7607eb4eeb686f463b947d14024	process	ph-measurement-v1|process|trip3|F12PRr1|2026-07-13|EQ-PH-CACL2-1G-v1.0.0	061cedd6b841162bb708493208aa02831b98c7607eb4eeb686f463b947d14024	F12PRr1	Trip 3	72
https://rubalkhali.science/kb/RAK_PH_QUALITY_1a2a2964d8aa04681386615843a38442dee44619a3ed37b8a201a4375ccd09e8	quality	ph-measurement-v1|quality|trip3|F12PRr1|2026-07-13|EQ-PH-CACL2-1G-v1.0.0	1a2a2964d8aa04681386615843a38442dee44619a3ed37b8a201a4375ccd09e8	F12PRr1	Trip 3	72
https://rubalkhali.science/kb/RAK_PH_VALUE_7cf9cf52a0fb25fb5525511d2a6e30842365f7575675c5631e6f86afb551fb4a	value	ph-measurement-v1|value|trip3|F12PRr1|2026-07-13|EQ-PH-CACL2-1G-v1.0.0	7cf9cf52a0fb25fb5525511d2a6e30842365f7575675c5631e6f86afb551fb4a	F12PRr1	Trip 3	72
https://rubalkhali.science/kb/RAK_PH_PROCESS_1ee73d2cd69ac49ecd10472c9f7a5026a20b8888121c8777c65073ad29651e44	process	ph-measurement-v1|process|trip3|F12PRr2|2026-07-13|EQ-PH-CACL2-1G-v1.0.0	1ee73d2cd69ac49ecd10472c9f7a5026a20b8888121c8777c65073ad29651e44	F12PRr2	Trip 3	73
https://rubalkhali.science/kb/RAK_PH_QUALITY_b41017fb134852c7113f696d7f01f23368a452f03d2139b49cb71dd09e9d6b30	quality	ph-measurement-v1|quality|trip3|F12PRr2|2026-07-13|EQ-PH-CACL2-1G-v1.0.0	b41017fb134852c7113f696d7f01f23368a452f03d2139b49cb71dd09e9d6b30	F12PRr2	Trip 3	73
https://rubalkhali.science/kb/RAK_PH_VALUE_76e1b81bcff97af6498070f923b8de547ded155db8bc68b8310f2ce9fadea5ce	value	ph-measurement-v1|value|trip3|F12PRr2|2026-07-13|EQ-PH-CACL2-1G-v1.0.0	76e1b81bcff97af6498070f923b8de547ded155db8bc68b8310f2ce9fadea5ce	F12PRr2	Trip 3	73
https://rubalkhali.science/kb/RAK_PH_PROCESS_2f1a7a82d88f01d491781f02f765b55118e21caf16643aab50d92cbebe5a3012	process	ph-measurement-v1|process|trip3|F12PRr3|2026-07-13|EQ-PH-CACL2-1G-v1.0.0	2f1a7a82d88f01d491781f02f765b55118e21caf16643aab50d92cbebe5a3012	F12PRr3	Trip 3	74
https://rubalkhali.science/kb/RAK_PH_QUALITY_51b3c4dbc5146b8ae8c60a2ce24b0c73479f5950d9415bb05bd0c8d9f003efef	quality	ph-measurement-v1|quality|trip3|F12PRr3|2026-07-13|EQ-PH-CACL2-1G-v1.0.0	51b3c4dbc5146b8ae8c60a2ce24b0c73479f5950d9415bb05bd0c8d9f003efef	F12PRr3	Trip 3	74
https://rubalkhali.science/kb/RAK_PH_VALUE_f56598c0d003f7dbdfc20f94dfe55bc58444debef27d0572e2749738306ca0f5	value	ph-measurement-v1|value|trip3|F12PRr3|2026-07-13|EQ-PH-CACL2-1G-v1.0.0	f56598c0d003f7dbdfc20f94dfe55bc58444debef27d0572e2749738306ca0f5	F12PRr3	Trip 3	74
https://rubalkhali.science/kb/RAK_PH_PROCESS_d8bde880a22f6b5d45788334687fefb5c8d6465b4c17a923b4b0911f74ba073a	process	ph-measurement-v1|process|trip3|F13Sr1|2026-07-27|EQ-PH-CACL2-1G-v1.0.0	d8bde880a22f6b5d45788334687fefb5c8d6465b4c17a923b4b0911f74ba073a	F13Sr1	Trip 3	75
https://rubalkhali.science/kb/RAK_PH_QUALITY_489c698e2ff80314a42ede5749dc2dfa98a4e21eef581d2629d0d772b87df34d	quality	ph-measurement-v1|quality|trip3|F13Sr1|2026-07-27|EQ-PH-CACL2-1G-v1.0.0	489c698e2ff80314a42ede5749dc2dfa98a4e21eef581d2629d0d772b87df34d	F13Sr1	Trip 3	75
https://rubalkhali.science/kb/RAK_PH_VALUE_33358e5204ac4e74db143971a905863fb23728429a597f3fbf70d393ce8bd686	value	ph-measurement-v1|value|trip3|F13Sr1|2026-07-27|EQ-PH-CACL2-1G-v1.0.0	33358e5204ac4e74db143971a905863fb23728429a597f3fbf70d393ce8bd686	F13Sr1	Trip 3	75
https://rubalkhali.science/kb/RAK_PH_PROCESS_9d6b289eb341c14cce18cbce0b0a777255c71fecde66098709245eea29f5206b	process	ph-measurement-v1|process|trip3|F13Dr1|2026-07-27|EQ-PH-CACL2-1G-v1.0.0	9d6b289eb341c14cce18cbce0b0a777255c71fecde66098709245eea29f5206b	F13Dr1	Trip 3	78
https://rubalkhali.science/kb/RAK_PH_QUALITY_a8a9fd66df4ec53b0a0c8a5f90effe05ba15f6c401d1a21a86dd0b17ead882b5	quality	ph-measurement-v1|quality|trip3|F13Dr1|2026-07-27|EQ-PH-CACL2-1G-v1.0.0	a8a9fd66df4ec53b0a0c8a5f90effe05ba15f6c401d1a21a86dd0b17ead882b5	F13Dr1	Trip 3	78
https://rubalkhali.science/kb/RAK_PH_VALUE_bb1e5a91a68ea23a54eb3b4b9252d3815042c6ab0705b82369ede1c719933214	value	ph-measurement-v1|value|trip3|F13Dr1|2026-07-27|EQ-PH-CACL2-1G-v1.0.0	bb1e5a91a68ea23a54eb3b4b9252d3815042c6ab0705b82369ede1c719933214	F13Dr1	Trip 3	78
https://rubalkhali.science/kb/RAK_PH_PROCESS_4878ee3f0e439bcfb79b1271835f3636d009a368f5d97176edc1aa909fe9881d	process	ph-measurement-v1|process|trip3|F13PRr1|2026-07-27|EQ-PH-CACL2-1G-v1.0.0	4878ee3f0e439bcfb79b1271835f3636d009a368f5d97176edc1aa909fe9881d	F13PRr1	Trip 3	81
https://rubalkhali.science/kb/RAK_PH_QUALITY_62d89ead520a767b18b264ff72d75c005ad3dcd89fe69bcaa1e7881f822580de	quality	ph-measurement-v1|quality|trip3|F13PRr1|2026-07-27|EQ-PH-CACL2-1G-v1.0.0	62d89ead520a767b18b264ff72d75c005ad3dcd89fe69bcaa1e7881f822580de	F13PRr1	Trip 3	81
https://rubalkhali.science/kb/RAK_PH_VALUE_fa553765eea33eba37227de9fbe2d6f2d8bcab6aa9b6c746bd157cbbd1875a77	value	ph-measurement-v1|value|trip3|F13PRr1|2026-07-27|EQ-PH-CACL2-1G-v1.0.0	fa553765eea33eba37227de9fbe2d6f2d8bcab6aa9b6c746bd157cbbd1875a77	F13PRr1	Trip 3	81
https://rubalkhali.science/kb/RAK_PH_PROCESS_e8df7f29bc5ecfb12cfee986c5b528d1bdd4fe9e6677baf0bdfd9a2cd1c3d14f	process	ph-measurement-v1|process|trip3|F14Sr1|2026-07-27|EQ-PH-CACL2-1G-v1.0.0	e8df7f29bc5ecfb12cfee986c5b528d1bdd4fe9e6677baf0bdfd9a2cd1c3d14f	F14Sr1	Trip 3	84
https://rubalkhali.science/kb/RAK_PH_QUALITY_3dee4cf394cacf1f40a7a0aacfd1b923e535b8d10e19bf25aa5f7faafabb1c6b	quality	ph-measurement-v1|quality|trip3|F14Sr1|2026-07-27|EQ-PH-CACL2-1G-v1.0.0	3dee4cf394cacf1f40a7a0aacfd1b923e535b8d10e19bf25aa5f7faafabb1c6b	F14Sr1	Trip 3	84
https://rubalkhali.science/kb/RAK_PH_VALUE_4bef8751709e107968cf8463299c0c140c5b03c41caa78f64e6974a36f16b5d7	value	ph-measurement-v1|value|trip3|F14Sr1|2026-07-27|EQ-PH-CACL2-1G-v1.0.0	4bef8751709e107968cf8463299c0c140c5b03c41caa78f64e6974a36f16b5d7	F14Sr1	Trip 3	84
https://rubalkhali.science/kb/RAK_PH_PROCESS_d568003caeda3f7d29581a1028b8f3dd797bc886bb8bd7ddfcdb89553b9ca2d1	process	ph-measurement-v1|process|trip3|F14Dr1|2026-07-27|EQ-PH-CACL2-1G-v1.0.0	d568003caeda3f7d29581a1028b8f3dd797bc886bb8bd7ddfcdb89553b9ca2d1	F14Dr1	Trip 3	87
https://rubalkhali.science/kb/RAK_PH_QUALITY_0852ecd57bfd908416dae62f3f8da662a98dc963b675959c4aad82d47b60ba00	quality	ph-measurement-v1|quality|trip3|F14Dr1|2026-07-27|EQ-PH-CACL2-1G-v1.0.0	0852ecd57bfd908416dae62f3f8da662a98dc963b675959c4aad82d47b60ba00	F14Dr1	Trip 3	87
https://rubalkhali.science/kb/RAK_PH_VALUE_a85aed2749a329641c20085374e0f40be58f879750a3aad5168157ff5897f36f	value	ph-measurement-v1|value|trip3|F14Dr1|2026-07-27|EQ-PH-CACL2-1G-v1.0.0	a85aed2749a329641c20085374e0f40be58f879750a3aad5168157ff5897f36f	F14Dr1	Trip 3	87
https://rubalkhali.science/kb/RAK_PH_PROCESS_c288582d23f1913b5e6ed446ecfa1f997323a7d2a7b594503854a86c1d4e5b42	process	ph-measurement-v1|process|trip3|F14PRr1|2026-07-27|EQ-PH-CACL2-1G-v1.0.0	c288582d23f1913b5e6ed446ecfa1f997323a7d2a7b594503854a86c1d4e5b42	F14PRr1	Trip 3	90
https://rubalkhali.science/kb/RAK_PH_QUALITY_168b69336dec9531fab727439946067b628df0afefd94bd2e42010adee37a2e8	quality	ph-measurement-v1|quality|trip3|F14PRr1|2026-07-27|EQ-PH-CACL2-1G-v1.0.0	168b69336dec9531fab727439946067b628df0afefd94bd2e42010adee37a2e8	F14PRr1	Trip 3	90
https://rubalkhali.science/kb/RAK_PH_VALUE_25754981a2d10a436172ca6abfb40e1b991a0c33450b559553f16ea03ad3fda6	value	ph-measurement-v1|value|trip3|F14PRr1|2026-07-27|EQ-PH-CACL2-1G-v1.0.0	25754981a2d10a436172ca6abfb40e1b991a0c33450b559553f16ea03ad3fda6	F14PRr1	Trip 3	90
https://rubalkhali.science/kb/RAK_PH_PROCESS_8533c1cab160efab25694d6004ff9f9c52b7096552a183734b3e7cf804ec6bc4	process	ph-measurement-v1|process|trip3|F15Sr1|2026-07-27|EQ-PH-CACL2-1G-v1.0.0	8533c1cab160efab25694d6004ff9f9c52b7096552a183734b3e7cf804ec6bc4	F15Sr1	Trip 3	93
https://rubalkhali.science/kb/RAK_PH_QUALITY_72e8f03d7cfe816a1fc98cc4e77c59c6b83ecdd32d58584c3edaf0c6aa7c59e8	quality	ph-measurement-v1|quality|trip3|F15Sr1|2026-07-27|EQ-PH-CACL2-1G-v1.0.0	72e8f03d7cfe816a1fc98cc4e77c59c6b83ecdd32d58584c3edaf0c6aa7c59e8	F15Sr1	Trip 3	93
https://rubalkhali.science/kb/RAK_PH_VALUE_9389cd921e252216e1d37fbb5ef5a4d03f75e348fcf6a4ede5a111fd3ae1da4d	value	ph-measurement-v1|value|trip3|F15Sr1|2026-07-27|EQ-PH-CACL2-1G-v1.0.0	9389cd921e252216e1d37fbb5ef5a4d03f75e348fcf6a4ede5a111fd3ae1da4d	F15Sr1	Trip 3	93
https://rubalkhali.science/kb/RAK_PH_PROCESS_722efd6ef2feae95608c2bf44b207b4991a78641990f2ca5bdc6fbf41c8291e8	process	ph-measurement-v1|process|trip3|F15Dr1|2026-07-27|EQ-PH-CACL2-1G-v1.0.0	722efd6ef2feae95608c2bf44b207b4991a78641990f2ca5bdc6fbf41c8291e8	F15Dr1	Trip 3	96
https://rubalkhali.science/kb/RAK_PH_QUALITY_3f7d244b8b710368b78c88f77e3d74886a253494cf72736a372780e683cc19ce	quality	ph-measurement-v1|quality|trip3|F15Dr1|2026-07-27|EQ-PH-CACL2-1G-v1.0.0	3f7d244b8b710368b78c88f77e3d74886a253494cf72736a372780e683cc19ce	F15Dr1	Trip 3	96
https://rubalkhali.science/kb/RAK_PH_VALUE_f434990ff8b18638e0a7493edc237d361b69e5e67dd8cbf7722bdad421aab885	value	ph-measurement-v1|value|trip3|F15Dr1|2026-07-27|EQ-PH-CACL2-1G-v1.0.0	f434990ff8b18638e0a7493edc237d361b69e5e67dd8cbf7722bdad421aab885	F15Dr1	Trip 3	96
https://rubalkhali.science/kb/RAK_PH_PROCESS_405925bfb996ca2880546d150f33efacc1af163db6aaa2957998d6430a63d0e1	process	ph-measurement-v1|process|trip3|F15PRr1|2026-07-27|EQ-PH-CACL2-1G-v1.0.0	405925bfb996ca2880546d150f33efacc1af163db6aaa2957998d6430a63d0e1	F15PRr1	Trip 3	99
https://rubalkhali.science/kb/RAK_PH_QUALITY_c0d2e9e36dfc92543e91a926c81c33a5d663296daa381357b5ff2ead1b7dcf88	quality	ph-measurement-v1|quality|trip3|F15PRr1|2026-07-27|EQ-PH-CACL2-1G-v1.0.0	c0d2e9e36dfc92543e91a926c81c33a5d663296daa381357b5ff2ead1b7dcf88	F15PRr1	Trip 3	99
https://rubalkhali.science/kb/RAK_PH_VALUE_7ae4875ed46391066288922b469bbff4a628c99ef153d004cdd54ecb084e34c5	value	ph-measurement-v1|value|trip3|F15PRr1|2026-07-27|EQ-PH-CACL2-1G-v1.0.0	7ae4875ed46391066288922b469bbff4a628c99ef153d004cdd54ecb084e34c5	F15PRr1	Trip 3	99
https://rubalkhali.science/kb/RAK_PH_PROCESS_565d24942a15525c775ad11ce75e1b15563705678087a776efd3e59dcdcc1be8	process	ph-measurement-v1|process|trip3|F16Sr1|2026-07-27|EQ-PH-CACL2-1G-v1.0.0	565d24942a15525c775ad11ce75e1b15563705678087a776efd3e59dcdcc1be8	F16Sr1	Trip 3	102
https://rubalkhali.science/kb/RAK_PH_QUALITY_490cfab64e640b25992b8715f4fba1dce97246bdf530d7dd75502f65cced8e12	quality	ph-measurement-v1|quality|trip3|F16Sr1|2026-07-27|EQ-PH-CACL2-1G-v1.0.0	490cfab64e640b25992b8715f4fba1dce97246bdf530d7dd75502f65cced8e12	F16Sr1	Trip 3	102
https://rubalkhali.science/kb/RAK_PH_VALUE_4e7c9760028e14c852cebbb50e281753cb74dd60942b14b9cc983151b806b20f	value	ph-measurement-v1|value|trip3|F16Sr1|2026-07-27|EQ-PH-CACL2-1G-v1.0.0	4e7c9760028e14c852cebbb50e281753cb74dd60942b14b9cc983151b806b20f	F16Sr1	Trip 3	102
https://rubalkhali.science/kb/RAK_PH_PROCESS_a7b10f7afc2741e9e042b7fa8a6c03ad6421cdf92fd9a0fdf46261ecc70b13a7	process	ph-measurement-v1|process|trip3|F16Dr1|2026-07-27|EQ-PH-CACL2-1G-v1.0.0	a7b10f7afc2741e9e042b7fa8a6c03ad6421cdf92fd9a0fdf46261ecc70b13a7	F16Dr1	Trip 3	105
https://rubalkhali.science/kb/RAK_PH_QUALITY_07ce6b1e6b4dbc0b4fb3686ef9f2069c3196e5a70d5636456111066f99cc9ad6	quality	ph-measurement-v1|quality|trip3|F16Dr1|2026-07-27|EQ-PH-CACL2-1G-v1.0.0	07ce6b1e6b4dbc0b4fb3686ef9f2069c3196e5a70d5636456111066f99cc9ad6	F16Dr1	Trip 3	105
https://rubalkhali.science/kb/RAK_PH_VALUE_7079977b0e532752121943edfec9c8815234e12737652803648939fbf5b3fb01	value	ph-measurement-v1|value|trip3|F16Dr1|2026-07-27|EQ-PH-CACL2-1G-v1.0.0	7079977b0e532752121943edfec9c8815234e12737652803648939fbf5b3fb01	F16Dr1	Trip 3	105
https://rubalkhali.science/kb/RAK_PH_PROCESS_c26cb47a989b4265a4d61858c715aeb21944a8e7bfe2182b7a0b6d46a78978a7	process	ph-measurement-v1|process|trip3|F16PRr1|2026-07-27|EQ-PH-CACL2-1G-v1.0.0	c26cb47a989b4265a4d61858c715aeb21944a8e7bfe2182b7a0b6d46a78978a7	F16PRr1	Trip 3	108
https://rubalkhali.science/kb/RAK_PH_QUALITY_c4073dd82d556dd79657cf9d2bf78fb3ec05a1e03178d38de02ed602e4fa4ea9	quality	ph-measurement-v1|quality|trip3|F16PRr1|2026-07-27|EQ-PH-CACL2-1G-v1.0.0	c4073dd82d556dd79657cf9d2bf78fb3ec05a1e03178d38de02ed602e4fa4ea9	F16PRr1	Trip 3	108
https://rubalkhali.science/kb/RAK_PH_VALUE_b2ba24f31a2472a64bbe08b9fb52f74926ff94f671f30022f8e660a32ae149f5	value	ph-measurement-v1|value|trip3|F16PRr1|2026-07-27|EQ-PH-CACL2-1G-v1.0.0	b2ba24f31a2472a64bbe08b9fb52f74926ff94f671f30022f8e660a32ae149f5	F16PRr1	Trip 3	108
https://rubalkhali.science/kb/RAK_PH_PROCESS_c8a4b8c2f486cd3559455ac46bed8a964b2b4053ca3ca41a8b549f3db388d66b	process	ph-measurement-v1|process|trip3|F17Sr1|2026-07-27|EQ-PH-CACL2-1G-v1.0.0	c8a4b8c2f486cd3559455ac46bed8a964b2b4053ca3ca41a8b549f3db388d66b	F17Sr1	Trip 3	111
https://rubalkhali.science/kb/RAK_PH_QUALITY_7897f6bd3a7be9c4bb5038c73ba3d233f2e80105329ea30abb98b64efecefcfc	quality	ph-measurement-v1|quality|trip3|F17Sr1|2026-07-27|EQ-PH-CACL2-1G-v1.0.0	7897f6bd3a7be9c4bb5038c73ba3d233f2e80105329ea30abb98b64efecefcfc	F17Sr1	Trip 3	111
https://rubalkhali.science/kb/RAK_PH_VALUE_7d87f8b5c322d65a7097249194af2018f4d5a87a3c7792bfd259641f1edeb876	value	ph-measurement-v1|value|trip3|F17Sr1|2026-07-27|EQ-PH-CACL2-1G-v1.0.0	7d87f8b5c322d65a7097249194af2018f4d5a87a3c7792bfd259641f1edeb876	F17Sr1	Trip 3	111
https://rubalkhali.science/kb/RAK_PH_PROCESS_f0feff15eb4cea6062ba122dfc227e6bda58402ecb8f5b5329d7130364816c56	process	ph-measurement-v1|process|trip3|F17Dr1|2026-07-27|EQ-PH-CACL2-1G-v1.0.0	f0feff15eb4cea6062ba122dfc227e6bda58402ecb8f5b5329d7130364816c56	F17Dr1	Trip 3	114
https://rubalkhali.science/kb/RAK_PH_QUALITY_3cc8edfd538b67c99341ad59e1162b64a91382c2b0c1ec0c46a79de8e8f93eca	quality	ph-measurement-v1|quality|trip3|F17Dr1|2026-07-27|EQ-PH-CACL2-1G-v1.0.0	3cc8edfd538b67c99341ad59e1162b64a91382c2b0c1ec0c46a79de8e8f93eca	F17Dr1	Trip 3	114
https://rubalkhali.science/kb/RAK_PH_VALUE_3ee60808a66d4d71ff1e380711054b4e26d7949bd970f10aab6b1d7f4a2fd3e7	value	ph-measurement-v1|value|trip3|F17Dr1|2026-07-27|EQ-PH-CACL2-1G-v1.0.0	3ee60808a66d4d71ff1e380711054b4e26d7949bd970f10aab6b1d7f4a2fd3e7	F17Dr1	Trip 3	114
https://rubalkhali.science/kb/RAK_PH_PROCESS_157a18a9e4ac0b3bb2eb641b06962c5956e01d01ef9e0465b1af2a533164179b	process	ph-measurement-v1|process|trip3|F17PRr1|2026-07-27|EQ-PH-CACL2-1G-v1.0.0	157a18a9e4ac0b3bb2eb641b06962c5956e01d01ef9e0465b1af2a533164179b	F17PRr1	Trip 3	117
https://rubalkhali.science/kb/RAK_PH_QUALITY_1b934df864ecc4d719453bc758fa6ccb1d0d92028b621dafb8018e889d0e3916	quality	ph-measurement-v1|quality|trip3|F17PRr1|2026-07-27|EQ-PH-CACL2-1G-v1.0.0	1b934df864ecc4d719453bc758fa6ccb1d0d92028b621dafb8018e889d0e3916	F17PRr1	Trip 3	117
https://rubalkhali.science/kb/RAK_PH_VALUE_d4dd24e2a254a6b2b98c95295cea1b5eb17338eeea4679bc4871507766ed4d6d	value	ph-measurement-v1|value|trip3|F17PRr1|2026-07-27|EQ-PH-CACL2-1G-v1.0.0	d4dd24e2a254a6b2b98c95295cea1b5eb17338eeea4679bc4871507766ed4d6d	F17PRr1	Trip 3	117
https://rubalkhali.science/kb/RAK_PH_PROCESS_3ee6f6d8422d7c4868dad8d2c7bf4651485cfd0dcf2a7f3510bf86356d18980b	process	ph-measurement-v1|process|trip3|F19Sr1|2026-07-27|EQ-PH-CACL2-1G-v1.0.0	3ee6f6d8422d7c4868dad8d2c7bf4651485cfd0dcf2a7f3510bf86356d18980b	F19Sr1	Trip 3	129
https://rubalkhali.science/kb/RAK_PH_QUALITY_d1e4f451235426b5f613b09264d40df0162785a7b4ca5efcd336294d07c1474b	quality	ph-measurement-v1|quality|trip3|F19Sr1|2026-07-27|EQ-PH-CACL2-1G-v1.0.0	d1e4f451235426b5f613b09264d40df0162785a7b4ca5efcd336294d07c1474b	F19Sr1	Trip 3	129
https://rubalkhali.science/kb/RAK_PH_VALUE_78099d82cb90f9b7fe1e545bec6b002e326ec6a0f0dc059ed06a2ef36352e19e	value	ph-measurement-v1|value|trip3|F19Sr1|2026-07-27|EQ-PH-CACL2-1G-v1.0.0	78099d82cb90f9b7fe1e545bec6b002e326ec6a0f0dc059ed06a2ef36352e19e	F19Sr1	Trip 3	129
https://rubalkhali.science/kb/RAK_PH_PROCESS_9c7f8010f2de9e93b5eeedb3ea373c673311c3aecdb52e9229ec0d5f683fd613	process	ph-measurement-v1|process|trip3|F19Dr1|2026-07-27|EQ-PH-CACL2-1G-v1.0.0	9c7f8010f2de9e93b5eeedb3ea373c673311c3aecdb52e9229ec0d5f683fd613	F19Dr1	Trip 3	132
https://rubalkhali.science/kb/RAK_PH_QUALITY_8dda8ab771d792d2a72729a5fc0edfbec4a780ffe37968781bad0b9c81dd04a4	quality	ph-measurement-v1|quality|trip3|F19Dr1|2026-07-27|EQ-PH-CACL2-1G-v1.0.0	8dda8ab771d792d2a72729a5fc0edfbec4a780ffe37968781bad0b9c81dd04a4	F19Dr1	Trip 3	132
https://rubalkhali.science/kb/RAK_PH_VALUE_9bfe759f9dc51c2644ef75a401ea06746077beda0a4d83ccc8c206edd30930ab	value	ph-measurement-v1|value|trip3|F19Dr1|2026-07-27|EQ-PH-CACL2-1G-v1.0.0	9bfe759f9dc51c2644ef75a401ea06746077beda0a4d83ccc8c206edd30930ab	F19Dr1	Trip 3	132
https://rubalkhali.science/kb/RAK_PH_PROCESS_b81aad5d0a061a2fe5648f00d524d8385f8baf550c01003f3587e84184cddf61	process	ph-measurement-v1|process|trip3|F19PRr1|2026-07-27|EQ-PH-CACL2-1G-v1.0.0	b81aad5d0a061a2fe5648f00d524d8385f8baf550c01003f3587e84184cddf61	F19PRr1	Trip 3	135
https://rubalkhali.science/kb/RAK_PH_QUALITY_db64e0a915c3cff8b1d52cb38153e88e6ae64f6691daa60b1e8e7eced2f5f1cd	quality	ph-measurement-v1|quality|trip3|F19PRr1|2026-07-27|EQ-PH-CACL2-1G-v1.0.0	db64e0a915c3cff8b1d52cb38153e88e6ae64f6691daa60b1e8e7eced2f5f1cd	F19PRr1	Trip 3	135
https://rubalkhali.science/kb/RAK_PH_VALUE_aae64063eeb3a383170c488449c100eef08cfb886829d947bdbc2c50074b5a87	value	ph-measurement-v1|value|trip3|F19PRr1|2026-07-27|EQ-PH-CACL2-1G-v1.0.0	aae64063eeb3a383170c488449c100eef08cfb886829d947bdbc2c50074b5a87	F19PRr1	Trip 3	135
https://rubalkhali.science/kb/RAK_PH_PROCESS_ed48ac3e78c52a293d0b0441ed4a21d41789c41f712d220b5cf27504f2340c2d	process	ph-measurement-v1|process|trip3|F20Sr2|2026-07-27|EQ-PH-CACL2-1G-v1.0.0	ed48ac3e78c52a293d0b0441ed4a21d41789c41f712d220b5cf27504f2340c2d	F20Sr2	Trip 3	138
https://rubalkhali.science/kb/RAK_PH_QUALITY_c185b847752bb4074d2beac3ac716070324e80b2647752f4653c6f106724270d	quality	ph-measurement-v1|quality|trip3|F20Sr2|2026-07-27|EQ-PH-CACL2-1G-v1.0.0	c185b847752bb4074d2beac3ac716070324e80b2647752f4653c6f106724270d	F20Sr2	Trip 3	138
https://rubalkhali.science/kb/RAK_PH_VALUE_0fe108d23f7e0911923d64a625e23ce9e7da44445cf2ab5c797bd469b0e0f750	value	ph-measurement-v1|value|trip3|F20Sr2|2026-07-27|EQ-PH-CACL2-1G-v1.0.0	0fe108d23f7e0911923d64a625e23ce9e7da44445cf2ab5c797bd469b0e0f750	F20Sr2	Trip 3	138
https://rubalkhali.science/kb/RAK_PH_PROCESS_ab9536c1cb22c6551514d606996f92e4a1a18c26a6ea37f1451ad687912eb486	process	ph-measurement-v1|process|trip3|F20Dr1|2026-07-27|EQ-PH-CACL2-1G-v1.0.0	ab9536c1cb22c6551514d606996f92e4a1a18c26a6ea37f1451ad687912eb486	F20Dr1	Trip 3	140
https://rubalkhali.science/kb/RAK_PH_QUALITY_a29a0738dcff383afeafddbe947e65a900fd59cc40dbeab3ba9d0f67c2a9cb37	quality	ph-measurement-v1|quality|trip3|F20Dr1|2026-07-27|EQ-PH-CACL2-1G-v1.0.0	a29a0738dcff383afeafddbe947e65a900fd59cc40dbeab3ba9d0f67c2a9cb37	F20Dr1	Trip 3	140
https://rubalkhali.science/kb/RAK_PH_VALUE_2118e8ca1eb6ecc8daf5792e51d5fa6c37860a541f1ca5ee12f52cfa75be0855	value	ph-measurement-v1|value|trip3|F20Dr1|2026-07-27|EQ-PH-CACL2-1G-v1.0.0	2118e8ca1eb6ecc8daf5792e51d5fa6c37860a541f1ca5ee12f52cfa75be0855	F20Dr1	Trip 3	140
https://rubalkhali.science/kb/RAK_PH_PROCESS_7efaac9db563a89c8b0b7ca2ce19ad503a01755ad97c348086d401aef3f273e8	process	ph-measurement-v1|process|trip3|F20PRr1|2026-07-27|EQ-PH-CACL2-1G-v1.0.0	7efaac9db563a89c8b0b7ca2ce19ad503a01755ad97c348086d401aef3f273e8	F20PRr1	Trip 3	143
https://rubalkhali.science/kb/RAK_PH_QUALITY_e87b2c1cb7f823ba8ff3392317bafb54a2c4466e9e35d89fd804873e74780c82	quality	ph-measurement-v1|quality|trip3|F20PRr1|2026-07-27|EQ-PH-CACL2-1G-v1.0.0	e87b2c1cb7f823ba8ff3392317bafb54a2c4466e9e35d89fd804873e74780c82	F20PRr1	Trip 3	143
https://rubalkhali.science/kb/RAK_PH_VALUE_8d087cb993da9c9d0e5dadc7e7098b31bbed5573ed1434cf68500f839beb1092	value	ph-measurement-v1|value|trip3|F20PRr1|2026-07-27|EQ-PH-CACL2-1G-v1.0.0	8d087cb993da9c9d0e5dadc7e7098b31bbed5573ed1434cf68500f839beb1092	F20PRr1	Trip 3	143
https://rubalkhali.science/kb/RAK_PH_PROCESS_97eff7b1d515489d1d1b1419ebc72cb353e2388745b6790c4a6510e08f1b776f	process	ph-measurement-v1|process|trip3|F21Sr1|2026-07-27|EQ-PH-CACL2-1G-v1.0.0	97eff7b1d515489d1d1b1419ebc72cb353e2388745b6790c4a6510e08f1b776f	F21Sr1	Trip 3	146
https://rubalkhali.science/kb/RAK_PH_QUALITY_99bc342bf3d4dbb2f11a05f7429665db5e8b33426bc8947f53c98d4c0a35814b	quality	ph-measurement-v1|quality|trip3|F21Sr1|2026-07-27|EQ-PH-CACL2-1G-v1.0.0	99bc342bf3d4dbb2f11a05f7429665db5e8b33426bc8947f53c98d4c0a35814b	F21Sr1	Trip 3	146
https://rubalkhali.science/kb/RAK_PH_VALUE_b7eb268dfcc1d20f9f13a3920560deb514bbd14d7f109fce1ea96c378522c585	value	ph-measurement-v1|value|trip3|F21Sr1|2026-07-27|EQ-PH-CACL2-1G-v1.0.0	b7eb268dfcc1d20f9f13a3920560deb514bbd14d7f109fce1ea96c378522c585	F21Sr1	Trip 3	146
https://rubalkhali.science/kb/RAK_PH_PROCESS_fef2889bd2e08df254be14e3cd6afcc04fcf0f5ca2f089c20c72010f2fbcbcb6	process	ph-measurement-v1|process|trip3|F21Dr1|2026-07-27|EQ-PH-CACL2-1G-v1.0.0	fef2889bd2e08df254be14e3cd6afcc04fcf0f5ca2f089c20c72010f2fbcbcb6	F21Dr1	Trip 3	149
https://rubalkhali.science/kb/RAK_PH_QUALITY_69d7c6cf3803f2eab23927d1efe54e85d10b9db37f2a10e8d6fdd7b4239f18f2	quality	ph-measurement-v1|quality|trip3|F21Dr1|2026-07-27|EQ-PH-CACL2-1G-v1.0.0	69d7c6cf3803f2eab23927d1efe54e85d10b9db37f2a10e8d6fdd7b4239f18f2	F21Dr1	Trip 3	149
https://rubalkhali.science/kb/RAK_PH_VALUE_24122418d13c026f77b5e7dd764c8d673808fcbed8a224b43b490a8be5652663	value	ph-measurement-v1|value|trip3|F21Dr1|2026-07-27|EQ-PH-CACL2-1G-v1.0.0	24122418d13c026f77b5e7dd764c8d673808fcbed8a224b43b490a8be5652663	F21Dr1	Trip 3	149
https://rubalkhali.science/kb/RAK_PH_PROCESS_d6d0abc780dd982f315a4fd86ceb1c9f2d02e497dcca968a0bfcf898876bae51	process	ph-measurement-v1|process|trip3|F21PRr1|2026-07-27|EQ-PH-CACL2-1G-v1.0.0	d6d0abc780dd982f315a4fd86ceb1c9f2d02e497dcca968a0bfcf898876bae51	F21PRr1	Trip 3	152
https://rubalkhali.science/kb/RAK_PH_QUALITY_4c32a2681db53d83f88497c1b46a72baf95fb5a62c312957e4be67ddb6cfbc74	quality	ph-measurement-v1|quality|trip3|F21PRr1|2026-07-27|EQ-PH-CACL2-1G-v1.0.0	4c32a2681db53d83f88497c1b46a72baf95fb5a62c312957e4be67ddb6cfbc74	F21PRr1	Trip 3	152
https://rubalkhali.science/kb/RAK_PH_VALUE_ff552c2c111edeabb2a174acf9f912c42a8b6a9cb36e3f295ea60fe418e891d0	value	ph-measurement-v1|value|trip3|F21PRr1|2026-07-27|EQ-PH-CACL2-1G-v1.0.0	ff552c2c111edeabb2a174acf9f912c42a8b6a9cb36e3f295ea60fe418e891d0	F21PRr1	Trip 3	152
https://rubalkhali.science/kb/RAK_PH_PROCESS_c213925a0fa9b909d2f10862d2efecb10c1d3b284cb7dbcd019e05fb4642686a	process	ph-measurement-v1|process|trip3|F23Sr1|2026-07-27|EQ-PH-CACL2-1G-v1.0.0	c213925a0fa9b909d2f10862d2efecb10c1d3b284cb7dbcd019e05fb4642686a	F23Sr1	Trip 3	164
https://rubalkhali.science/kb/RAK_PH_QUALITY_8834bb0606ecadcc778db5c3d6855dba7c04a64eb70b28b3a7e8a2e5d99d9bcf	quality	ph-measurement-v1|quality|trip3|F23Sr1|2026-07-27|EQ-PH-CACL2-1G-v1.0.0	8834bb0606ecadcc778db5c3d6855dba7c04a64eb70b28b3a7e8a2e5d99d9bcf	F23Sr1	Trip 3	164
https://rubalkhali.science/kb/RAK_PH_VALUE_7c91dbe9969ca190e690b468e38f07f82bfc7a8d069577a8bb45610dac6287fe	value	ph-measurement-v1|value|trip3|F23Sr1|2026-07-27|EQ-PH-CACL2-1G-v1.0.0	7c91dbe9969ca190e690b468e38f07f82bfc7a8d069577a8bb45610dac6287fe	F23Sr1	Trip 3	164
https://rubalkhali.science/kb/RAK_PH_PROCESS_48bb31df7e0b113121d963f32e103a2eb42b919f5530e5b092e2558b3857d39c	process	ph-measurement-v1|process|trip3|F23Dr1|2026-07-27|EQ-PH-CACL2-1G-v1.0.0	48bb31df7e0b113121d963f32e103a2eb42b919f5530e5b092e2558b3857d39c	F23Dr1	Trip 3	167
https://rubalkhali.science/kb/RAK_PH_QUALITY_7efeeed3dbcc727dbc17a17ea867f53694748742f0f1c5a33fffb93f6972c4df	quality	ph-measurement-v1|quality|trip3|F23Dr1|2026-07-27|EQ-PH-CACL2-1G-v1.0.0	7efeeed3dbcc727dbc17a17ea867f53694748742f0f1c5a33fffb93f6972c4df	F23Dr1	Trip 3	167
https://rubalkhali.science/kb/RAK_PH_VALUE_403635441c1466c168eb4c313a4a6f5358633670bb1c57db62052aac8c4c63ae	value	ph-measurement-v1|value|trip3|F23Dr1|2026-07-27|EQ-PH-CACL2-1G-v1.0.0	403635441c1466c168eb4c313a4a6f5358633670bb1c57db62052aac8c4c63ae	F23Dr1	Trip 3	167
https://rubalkhali.science/kb/RAK_PH_PROCESS_0f46927b70a58fbc56897bf3d3bcc1dc59a93e7cf044febb41e0e84a597c8db7	process	ph-measurement-v1|process|trip3|F23PRr1|2026-07-27|EQ-PH-CACL2-1G-v1.0.0	0f46927b70a58fbc56897bf3d3bcc1dc59a93e7cf044febb41e0e84a597c8db7	F23PRr1	Trip 3	170
https://rubalkhali.science/kb/RAK_PH_QUALITY_cf92fad1698da4aaa401746c54d0e15fc66aff24413fb18d0534b57a88d96b5d	quality	ph-measurement-v1|quality|trip3|F23PRr1|2026-07-27|EQ-PH-CACL2-1G-v1.0.0	cf92fad1698da4aaa401746c54d0e15fc66aff24413fb18d0534b57a88d96b5d	F23PRr1	Trip 3	170
https://rubalkhali.science/kb/RAK_PH_VALUE_be576ab916d2bb9eb7c0c2d396ec3f83fad59e2b53e3c47303042f4ab89c6262	value	ph-measurement-v1|value|trip3|F23PRr1|2026-07-27|EQ-PH-CACL2-1G-v1.0.0	be576ab916d2bb9eb7c0c2d396ec3f83fad59e2b53e3c47303042f4ab89c6262	F23PRr1	Trip 3	170
https://rubalkhali.science/kb/RAK_PH_PROCESS_4e8d22c80c2791c108912a80ae0a85b1408be484fae4615e46d6fd0f340fe8dd	process	ph-measurement-v1|process|trip3|F24Sr1|2026-07-27|EQ-PH-CACL2-1G-v1.0.0	4e8d22c80c2791c108912a80ae0a85b1408be484fae4615e46d6fd0f340fe8dd	F24Sr1	Trip 3	173
https://rubalkhali.science/kb/RAK_PH_QUALITY_9d83fa25fb0d4786c610ae6f7ef69bcc3b2aa99f74014da36b4e4871d5af0f5f	quality	ph-measurement-v1|quality|trip3|F24Sr1|2026-07-27|EQ-PH-CACL2-1G-v1.0.0	9d83fa25fb0d4786c610ae6f7ef69bcc3b2aa99f74014da36b4e4871d5af0f5f	F24Sr1	Trip 3	173
https://rubalkhali.science/kb/RAK_PH_VALUE_27abf733a139cc10e682ecbe6c1ecc4af864d4dc94a73a35863c883520d22519	value	ph-measurement-v1|value|trip3|F24Sr1|2026-07-27|EQ-PH-CACL2-1G-v1.0.0	27abf733a139cc10e682ecbe6c1ecc4af864d4dc94a73a35863c883520d22519	F24Sr1	Trip 3	173
https://rubalkhali.science/kb/RAK_PH_PROCESS_fd4b6230c48933391bd56071bc1bbaeb06786f457a686884c3e2fc7d1afbd95f	process	ph-measurement-v1|process|trip3|F24Dr1|2026-07-27|EQ-PH-CACL2-1G-v1.0.0	fd4b6230c48933391bd56071bc1bbaeb06786f457a686884c3e2fc7d1afbd95f	F24Dr1	Trip 3	176
https://rubalkhali.science/kb/RAK_PH_QUALITY_09d22b39d3266dc2200148e25a2439b42f2c23f3aa9f4a33d3f7e9f17f5ac1ff	quality	ph-measurement-v1|quality|trip3|F24Dr1|2026-07-27|EQ-PH-CACL2-1G-v1.0.0	09d22b39d3266dc2200148e25a2439b42f2c23f3aa9f4a33d3f7e9f17f5ac1ff	F24Dr1	Trip 3	176
https://rubalkhali.science/kb/RAK_PH_VALUE_c5e323514b736e05361dda23ff4832c9b1e1fea45b2a8ea0726e2611c4d9f920	value	ph-measurement-v1|value|trip3|F24Dr1|2026-07-27|EQ-PH-CACL2-1G-v1.0.0	c5e323514b736e05361dda23ff4832c9b1e1fea45b2a8ea0726e2611c4d9f920	F24Dr1	Trip 3	176
https://rubalkhali.science/kb/RAK_PH_PROCESS_2f225f1808d89e2753a7a4be8dd4c7dd646b3ab6f47e9b6d4a0ccf7603a71443	process	ph-measurement-v1|process|trip3|F24PRr1|2026-07-27|EQ-PH-CACL2-1G-v1.0.0	2f225f1808d89e2753a7a4be8dd4c7dd646b3ab6f47e9b6d4a0ccf7603a71443	F24PRr1	Trip 3	178
https://rubalkhali.science/kb/RAK_PH_QUALITY_c4883d3f31b18799cae778051cc0106ee655d634941e4814ac4bd0dc993ee468	quality	ph-measurement-v1|quality|trip3|F24PRr1|2026-07-27|EQ-PH-CACL2-1G-v1.0.0	c4883d3f31b18799cae778051cc0106ee655d634941e4814ac4bd0dc993ee468	F24PRr1	Trip 3	178
https://rubalkhali.science/kb/RAK_PH_VALUE_c2019ff1ec7d50ce2ad6726e09d3ca10d4b6228a64b24b738dd7f55eb50041fa	value	ph-measurement-v1|value|trip3|F24PRr1|2026-07-27|EQ-PH-CACL2-1G-v1.0.0	c2019ff1ec7d50ce2ad6726e09d3ca10d4b6228a64b24b738dd7f55eb50041fa	F24PRr1	Trip 3	178
https://rubalkhali.science/kb/RAK_PH_PROCESS_e43edcd09c8ccb2e3fe0b6294660714bb1d925629d3b65f0388137490fdd3ca4	process	ph-measurement-v1|process|trip3|F25Sr1|2026-07-27|EQ-PH-CACL2-1G-v1.0.0	e43edcd09c8ccb2e3fe0b6294660714bb1d925629d3b65f0388137490fdd3ca4	F25Sr1	Trip 3	181
https://rubalkhali.science/kb/RAK_PH_QUALITY_15696f504caecc20b04d647fb305bcc36b1ecd424bf1e99955b65791ca24ecbd	quality	ph-measurement-v1|quality|trip3|F25Sr1|2026-07-27|EQ-PH-CACL2-1G-v1.0.0	15696f504caecc20b04d647fb305bcc36b1ecd424bf1e99955b65791ca24ecbd	F25Sr1	Trip 3	181
https://rubalkhali.science/kb/RAK_PH_VALUE_6b2b1f5b1e97e062bc1a3a92fdc650a2d3d528a26e69582fc4d47a0a01a2b3e7	value	ph-measurement-v1|value|trip3|F25Sr1|2026-07-27|EQ-PH-CACL2-1G-v1.0.0	6b2b1f5b1e97e062bc1a3a92fdc650a2d3d528a26e69582fc4d47a0a01a2b3e7	F25Sr1	Trip 3	181
https://rubalkhali.science/kb/RAK_PH_PROCESS_2ed683a5c2631459d458dc5c812ba0475dc7f1a6a01d1072e4bdd7af8708610f	process	ph-measurement-v1|process|trip3|F25Dr1|2026-07-27|EQ-PH-CACL2-1G-v1.0.0	2ed683a5c2631459d458dc5c812ba0475dc7f1a6a01d1072e4bdd7af8708610f	F25Dr1	Trip 3	184
https://rubalkhali.science/kb/RAK_PH_QUALITY_cb274546c69512697b1490641b21dd9ca132d0082cf6feaba60c9f5b3ab7fb62	quality	ph-measurement-v1|quality|trip3|F25Dr1|2026-07-27|EQ-PH-CACL2-1G-v1.0.0	cb274546c69512697b1490641b21dd9ca132d0082cf6feaba60c9f5b3ab7fb62	F25Dr1	Trip 3	184
https://rubalkhali.science/kb/RAK_PH_VALUE_6eec904cab2ec8b807a6d3b1bc9a6a1ad996bd10a0defb40d7360f2fab8ee7f5	value	ph-measurement-v1|value|trip3|F25Dr1|2026-07-27|EQ-PH-CACL2-1G-v1.0.0	6eec904cab2ec8b807a6d3b1bc9a6a1ad996bd10a0defb40d7360f2fab8ee7f5	F25Dr1	Trip 3	184
https://rubalkhali.science/kb/RAK_PH_PROCESS_9f99b7cf735dee3db13b95b2decd290a4e5d35e8f864f5e82176fd4d4850ed74	process	ph-measurement-v1|process|trip3|F25PRr1|2026-07-27|EQ-PH-CACL2-1G-v1.0.0	9f99b7cf735dee3db13b95b2decd290a4e5d35e8f864f5e82176fd4d4850ed74	F25PRr1	Trip 3	187
https://rubalkhali.science/kb/RAK_PH_QUALITY_912cd665c20b3f7f2134ea757e70251517fee723547b59ee78e88056bcdf5eae	quality	ph-measurement-v1|quality|trip3|F25PRr1|2026-07-27|EQ-PH-CACL2-1G-v1.0.0	912cd665c20b3f7f2134ea757e70251517fee723547b59ee78e88056bcdf5eae	F25PRr1	Trip 3	187
https://rubalkhali.science/kb/RAK_PH_VALUE_e0f523ae4178a36f2871df7c64c81f70888381e6edb5cf7e3636e31fe8bbf491	value	ph-measurement-v1|value|trip3|F25PRr1|2026-07-27|EQ-PH-CACL2-1G-v1.0.0	e0f523ae4178a36f2871df7c64c81f70888381e6edb5cf7e3636e31fe8bbf491	F25PRr1	Trip 3	187
https://rubalkhali.science/kb/RAK_PH_PROCESS_27c85d07740d4ce10df71a42ae29057ca23a67657d9a33f761b760e279b5c5e4	process	ph-measurement-v1|process|trip3|F26Sr1|2026-07-27|EQ-PH-CACL2-1G-v1.0.0	27c85d07740d4ce10df71a42ae29057ca23a67657d9a33f761b760e279b5c5e4	F26Sr1	Trip 3	190
https://rubalkhali.science/kb/RAK_PH_QUALITY_d9b4d89de96108f01770d185775c4f313789d99c72ce8db87b89f4a1a87ac062	quality	ph-measurement-v1|quality|trip3|F26Sr1|2026-07-27|EQ-PH-CACL2-1G-v1.0.0	d9b4d89de96108f01770d185775c4f313789d99c72ce8db87b89f4a1a87ac062	F26Sr1	Trip 3	190
https://rubalkhali.science/kb/RAK_PH_VALUE_e52c9c882120177e58e07333424d91bd239c9d235cc267d3abc1278cabca8132	value	ph-measurement-v1|value|trip3|F26Sr1|2026-07-27|EQ-PH-CACL2-1G-v1.0.0	e52c9c882120177e58e07333424d91bd239c9d235cc267d3abc1278cabca8132	F26Sr1	Trip 3	190
https://rubalkhali.science/kb/RAK_PH_PROCESS_8e91f14de02650d14fb1ad3eb4c60245ce7143cadc106ded2768bb48561dad7e	process	ph-measurement-v1|process|trip3|F26Dr1|2026-07-27|EQ-PH-CACL2-1G-v1.0.0	8e91f14de02650d14fb1ad3eb4c60245ce7143cadc106ded2768bb48561dad7e	F26Dr1	Trip 3	192
https://rubalkhali.science/kb/RAK_PH_QUALITY_a5a76c1f5e239ddd5ed55b453528ff09d3f76d5ba1a5f0e2a46789f362d145be	quality	ph-measurement-v1|quality|trip3|F26Dr1|2026-07-27|EQ-PH-CACL2-1G-v1.0.0	a5a76c1f5e239ddd5ed55b453528ff09d3f76d5ba1a5f0e2a46789f362d145be	F26Dr1	Trip 3	192
https://rubalkhali.science/kb/RAK_PH_VALUE_e31955c06e8a7f4a1d649f32e1cf540c14ea4dac7d6266cd736916ed616dad9b	value	ph-measurement-v1|value|trip3|F26Dr1|2026-07-27|EQ-PH-CACL2-1G-v1.0.0	e31955c06e8a7f4a1d649f32e1cf540c14ea4dac7d6266cd736916ed616dad9b	F26Dr1	Trip 3	192
https://rubalkhali.science/kb/RAK_PH_PROCESS_4a7954e9928d203e6acc8fe172fadc1b224d0eebb95ae48692f6a19be5c12fe6	process	ph-measurement-v1|process|trip3|F26PRr1|2026-07-27|EQ-PH-CACL2-1G-v1.0.0	4a7954e9928d203e6acc8fe172fadc1b224d0eebb95ae48692f6a19be5c12fe6	F26PRr1	Trip 3	194
https://rubalkhali.science/kb/RAK_PH_QUALITY_a32b3a18e904d6fdd9829718be80466cd95b13e37e7dea0d26cd3eef4976dfe1	quality	ph-measurement-v1|quality|trip3|F26PRr1|2026-07-27|EQ-PH-CACL2-1G-v1.0.0	a32b3a18e904d6fdd9829718be80466cd95b13e37e7dea0d26cd3eef4976dfe1	F26PRr1	Trip 3	194
https://rubalkhali.science/kb/RAK_PH_VALUE_ddf8d875c5de8cd2d4ebd5b0f6a151a32b91ff946ceb68461961bf45dcfdad5b	value	ph-measurement-v1|value|trip3|F26PRr1|2026-07-27|EQ-PH-CACL2-1G-v1.0.0	ddf8d875c5de8cd2d4ebd5b0f6a151a32b91ff946ceb68461961bf45dcfdad5b	F26PRr1	Trip 3	194
https://rubalkhali.science/kb/RAK_PH_PROCESS_feaab790c859f8f20e54512a5f1484815bbc8d898148c765544a9740c34914b9	process	ph-measurement-v1|process|trip3|F27Sr1|2026-07-27|EQ-PH-CACL2-1G-v1.0.0	feaab790c859f8f20e54512a5f1484815bbc8d898148c765544a9740c34914b9	F27Sr1	Trip 3	197
https://rubalkhali.science/kb/RAK_PH_QUALITY_32f4c84fa980f7200d4543b92975b9358aa663ad76c705d4fe356cbfe7714b93	quality	ph-measurement-v1|quality|trip3|F27Sr1|2026-07-27|EQ-PH-CACL2-1G-v1.0.0	32f4c84fa980f7200d4543b92975b9358aa663ad76c705d4fe356cbfe7714b93	F27Sr1	Trip 3	197
https://rubalkhali.science/kb/RAK_PH_VALUE_8fcee006884f64fff2d143b9f745599284aaa2cb5f64de226f2bfa6a995558de	value	ph-measurement-v1|value|trip3|F27Sr1|2026-07-27|EQ-PH-CACL2-1G-v1.0.0	8fcee006884f64fff2d143b9f745599284aaa2cb5f64de226f2bfa6a995558de	F27Sr1	Trip 3	197
https://rubalkhali.science/kb/RAK_PH_PROCESS_65f2bf2a3c579a695bfef84f4327e441a8abe20ca8301986c356ceadb989a7fb	process	ph-measurement-v1|process|trip3|F27Dr1|2026-07-27|EQ-PH-CACL2-1G-v1.0.0	65f2bf2a3c579a695bfef84f4327e441a8abe20ca8301986c356ceadb989a7fb	F27Dr1	Trip 3	200
https://rubalkhali.science/kb/RAK_PH_QUALITY_636d4561a0737fa2d1ad0053a4624bce78ef19a49c082704dca0c5bb72c23477	quality	ph-measurement-v1|quality|trip3|F27Dr1|2026-07-27|EQ-PH-CACL2-1G-v1.0.0	636d4561a0737fa2d1ad0053a4624bce78ef19a49c082704dca0c5bb72c23477	F27Dr1	Trip 3	200
https://rubalkhali.science/kb/RAK_PH_VALUE_d01b0b3c3203f59e93505a58a4d36f1b7916832f08ccfecddb7b5ca291d27fd9	value	ph-measurement-v1|value|trip3|F27Dr1|2026-07-27|EQ-PH-CACL2-1G-v1.0.0	d01b0b3c3203f59e93505a58a4d36f1b7916832f08ccfecddb7b5ca291d27fd9	F27Dr1	Trip 3	200
https://rubalkhali.science/kb/RAK_PH_PROCESS_bc38c8dfcabf81dfa0f81f03b9f5829ba7d4a0ea2147350fbdaeb30201958fcd	process	ph-measurement-v1|process|trip3|F27PRr1|2026-07-27|EQ-PH-CACL2-1G-v1.0.0	bc38c8dfcabf81dfa0f81f03b9f5829ba7d4a0ea2147350fbdaeb30201958fcd	F27PRr1	Trip 3	202
https://rubalkhali.science/kb/RAK_PH_QUALITY_08ce5200d429d4f7e9b4de8e334de096697a3a0fe10cd5b2734673374c105eaf	quality	ph-measurement-v1|quality|trip3|F27PRr1|2026-07-27|EQ-PH-CACL2-1G-v1.0.0	08ce5200d429d4f7e9b4de8e334de096697a3a0fe10cd5b2734673374c105eaf	F27PRr1	Trip 3	202
https://rubalkhali.science/kb/RAK_PH_VALUE_5dbdfe7442aeefda4c76df6ce9a5c3c26a1bcec2772c290b5d0c706bc2986274	value	ph-measurement-v1|value|trip3|F27PRr1|2026-07-27|EQ-PH-CACL2-1G-v1.0.0	5dbdfe7442aeefda4c76df6ce9a5c3c26a1bcec2772c290b5d0c706bc2986274	F27PRr1	Trip 3	202
https://rubalkhali.science/kb/RAK_PH_PROCESS_db225760bb29a3ec59794d69aa156a9a0c42d9133927f4625d8ad36821bf5975	process	ph-measurement-v1|process|trip3|F28Sr1|2026-07-27|EQ-PH-CACL2-1G-v1.0.0	db225760bb29a3ec59794d69aa156a9a0c42d9133927f4625d8ad36821bf5975	F28Sr1	Trip 3	205
https://rubalkhali.science/kb/RAK_PH_QUALITY_99d36dc2c781cbf92facd5288573b3244307e36695dc14476ef08f4db0c77549	quality	ph-measurement-v1|quality|trip3|F28Sr1|2026-07-27|EQ-PH-CACL2-1G-v1.0.0	99d36dc2c781cbf92facd5288573b3244307e36695dc14476ef08f4db0c77549	F28Sr1	Trip 3	205
https://rubalkhali.science/kb/RAK_PH_VALUE_edd4698a6c4f012bff09ff6b797009afef3a0bf30aeab2c63515581d93302d8e	value	ph-measurement-v1|value|trip3|F28Sr1|2026-07-27|EQ-PH-CACL2-1G-v1.0.0	edd4698a6c4f012bff09ff6b797009afef3a0bf30aeab2c63515581d93302d8e	F28Sr1	Trip 3	205
https://rubalkhali.science/kb/RAK_PH_PROCESS_6579e2f560a5e940c7c981d3172b9d6d70491daab2ea52ce5d8255e4e41c446d	process	ph-measurement-v1|process|trip3|F28Dr1|2026-07-27|EQ-PH-CACL2-1G-v1.0.0	6579e2f560a5e940c7c981d3172b9d6d70491daab2ea52ce5d8255e4e41c446d	F28Dr1	Trip 3	208
https://rubalkhali.science/kb/RAK_PH_QUALITY_f59c1d8ffa9aaf5eb79463c3b674b988a3fc7069675ce62ad2e9036dd96b80d0	quality	ph-measurement-v1|quality|trip3|F28Dr1|2026-07-27|EQ-PH-CACL2-1G-v1.0.0	f59c1d8ffa9aaf5eb79463c3b674b988a3fc7069675ce62ad2e9036dd96b80d0	F28Dr1	Trip 3	208
https://rubalkhali.science/kb/RAK_PH_VALUE_453924f26186052b003a44bdf66df1bebd5239fe568679f3aeeddc2588bea0c8	value	ph-measurement-v1|value|trip3|F28Dr1|2026-07-27|EQ-PH-CACL2-1G-v1.0.0	453924f26186052b003a44bdf66df1bebd5239fe568679f3aeeddc2588bea0c8	F28Dr1	Trip 3	208
https://rubalkhali.science/kb/RAK_PH_PROCESS_e7127adcb17cb1491ced77ee6f8ea29fb15bdfe4039ca9fc76df867f73076913	process	ph-measurement-v1|process|trip3|F28PRr1|2026-07-27|EQ-PH-CACL2-1G-v1.0.0	e7127adcb17cb1491ced77ee6f8ea29fb15bdfe4039ca9fc76df867f73076913	F28PRr1	Trip 3	211
https://rubalkhali.science/kb/RAK_PH_QUALITY_494220faedb59e37a95159028467ee7c6ee41ebc76e75926b481314ae523def8	quality	ph-measurement-v1|quality|trip3|F28PRr1|2026-07-27|EQ-PH-CACL2-1G-v1.0.0	494220faedb59e37a95159028467ee7c6ee41ebc76e75926b481314ae523def8	F28PRr1	Trip 3	211
https://rubalkhali.science/kb/RAK_PH_VALUE_80a9e9ce4d47dae7e118b422c479c3ef5b193b96a761a8fafce3667522cdbe18	value	ph-measurement-v1|value|trip3|F28PRr1|2026-07-27|EQ-PH-CACL2-1G-v1.0.0	80a9e9ce4d47dae7e118b422c479c3ef5b193b96a761a8fafce3667522cdbe18	F28PRr1	Trip 3	211
https://rubalkhali.science/kb/RAK_PH_PROCESS_567274aa92e6a35755780fc12c2d2c2d825d8cb279f510c00bf73ce12bfaadbc	process	ph-measurement-v1|process|trip3|F29Sr1|2026-07-27|EQ-PH-CACL2-1G-v1.0.0	567274aa92e6a35755780fc12c2d2c2d825d8cb279f510c00bf73ce12bfaadbc	F29Sr1	Trip 3	214
https://rubalkhali.science/kb/RAK_PH_QUALITY_a627ccb2990af649b034562c6b48f766cc79551663d6277508408ca6dfbfc70b	quality	ph-measurement-v1|quality|trip3|F29Sr1|2026-07-27|EQ-PH-CACL2-1G-v1.0.0	a627ccb2990af649b034562c6b48f766cc79551663d6277508408ca6dfbfc70b	F29Sr1	Trip 3	214
https://rubalkhali.science/kb/RAK_PH_VALUE_477db776b6be4af71fa86b9247d8103bb148d1221b722828cc1103375431e30e	value	ph-measurement-v1|value|trip3|F29Sr1|2026-07-27|EQ-PH-CACL2-1G-v1.0.0	477db776b6be4af71fa86b9247d8103bb148d1221b722828cc1103375431e30e	F29Sr1	Trip 3	214
https://rubalkhali.science/kb/RAK_PH_PROCESS_8addd84897708b7771a0c2a44de6fbbca928ff29c17a221d3ff3f3c009e95867	process	ph-measurement-v1|process|trip3|F29Dr1|2026-07-27|EQ-PH-CACL2-1G-v1.0.0	8addd84897708b7771a0c2a44de6fbbca928ff29c17a221d3ff3f3c009e95867	F29Dr1	Trip 3	217
https://rubalkhali.science/kb/RAK_PH_QUALITY_ac3b188c785b172e3217807e003adaf0c063f91d185b01dbeb5adfec61fb5277	quality	ph-measurement-v1|quality|trip3|F29Dr1|2026-07-27|EQ-PH-CACL2-1G-v1.0.0	ac3b188c785b172e3217807e003adaf0c063f91d185b01dbeb5adfec61fb5277	F29Dr1	Trip 3	217
https://rubalkhali.science/kb/RAK_PH_VALUE_73da9dac00359d8bc76a85e936a0bb89eaf9dd74eea7169d594474f0be562d45	value	ph-measurement-v1|value|trip3|F29Dr1|2026-07-27|EQ-PH-CACL2-1G-v1.0.0	73da9dac00359d8bc76a85e936a0bb89eaf9dd74eea7169d594474f0be562d45	F29Dr1	Trip 3	217
https://rubalkhali.science/kb/RAK_PH_PROCESS_a605e78ef4a4b7d2a31e1b00e758ccbbaf2ede1ffa696e432bacd7b1a13cb50c	process	ph-measurement-v1|process|trip3|F29PRr1|2026-07-27|EQ-PH-CACL2-1G-v1.0.0	a605e78ef4a4b7d2a31e1b00e758ccbbaf2ede1ffa696e432bacd7b1a13cb50c	F29PRr1	Trip 3	220
https://rubalkhali.science/kb/RAK_PH_QUALITY_02bd114c131f3563289f485eb012aa9a7948b19dc5c4f963c12885058b038897	quality	ph-measurement-v1|quality|trip3|F29PRr1|2026-07-27|EQ-PH-CACL2-1G-v1.0.0	02bd114c131f3563289f485eb012aa9a7948b19dc5c4f963c12885058b038897	F29PRr1	Trip 3	220
https://rubalkhali.science/kb/RAK_PH_VALUE_3abcf204439505abe3697dd45d7259a3d5e14ced444411ce31855c126ac271af	value	ph-measurement-v1|value|trip3|F29PRr1|2026-07-27|EQ-PH-CACL2-1G-v1.0.0	3abcf204439505abe3697dd45d7259a3d5e14ced444411ce31855c126ac271af	F29PRr1	Trip 3	220
https://rubalkhali.science/kb/RAK_PH_PROCESS_ca09dcccd158b4c6e90dbc211918def1ceeca2f94bc360211a7081600bf74fd6	process	ph-measurement-v1|process|trip3|F30Sr1|2026-07-27|EQ-PH-CACL2-1G-v1.0.0	ca09dcccd158b4c6e90dbc211918def1ceeca2f94bc360211a7081600bf74fd6	F30Sr1	Trip 3	223
https://rubalkhali.science/kb/RAK_PH_QUALITY_5978442083d7a79720a2a3c76f605469fd5b5203cc1cf5fe49b4c6e542078b7e	quality	ph-measurement-v1|quality|trip3|F30Sr1|2026-07-27|EQ-PH-CACL2-1G-v1.0.0	5978442083d7a79720a2a3c76f605469fd5b5203cc1cf5fe49b4c6e542078b7e	F30Sr1	Trip 3	223
https://rubalkhali.science/kb/RAK_PH_VALUE_655feeddb8d114df9df269bc0a4c239d816fbe29d797ffe3f2a828e61167b3c3	value	ph-measurement-v1|value|trip3|F30Sr1|2026-07-27|EQ-PH-CACL2-1G-v1.0.0	655feeddb8d114df9df269bc0a4c239d816fbe29d797ffe3f2a828e61167b3c3	F30Sr1	Trip 3	223
https://rubalkhali.science/kb/RAK_PH_PROCESS_c0916de333ea5ddef5d3dc0ad99aac6a6aa51e550e0fd3d345f9cf2ce68a82cd	process	ph-measurement-v1|process|trip3|F30Dr1|2026-07-27|EQ-PH-CACL2-1G-v1.0.0	c0916de333ea5ddef5d3dc0ad99aac6a6aa51e550e0fd3d345f9cf2ce68a82cd	F30Dr1	Trip 3	226
https://rubalkhali.science/kb/RAK_PH_QUALITY_e99610c6a47adfd66f2fb2f89c72962aeff44057495cfe138395b394e02527b1	quality	ph-measurement-v1|quality|trip3|F30Dr1|2026-07-27|EQ-PH-CACL2-1G-v1.0.0	e99610c6a47adfd66f2fb2f89c72962aeff44057495cfe138395b394e02527b1	F30Dr1	Trip 3	226
https://rubalkhali.science/kb/RAK_PH_VALUE_4e43a4bb720d3c04b193db13ac332f631fb457015a9fe97fc85732022ccf119f	value	ph-measurement-v1|value|trip3|F30Dr1|2026-07-27|EQ-PH-CACL2-1G-v1.0.0	4e43a4bb720d3c04b193db13ac332f631fb457015a9fe97fc85732022ccf119f	F30Dr1	Trip 3	226
https://rubalkhali.science/kb/RAK_PH_PROCESS_63ccafee665d10b0f3cd2b74034f19e530de3f9e33d9768a6446248145bce306	process	ph-measurement-v1|process|trip3|F30PRr1|2026-07-27|EQ-PH-CACL2-1G-v1.0.0	63ccafee665d10b0f3cd2b74034f19e530de3f9e33d9768a6446248145bce306	F30PRr1	Trip 3	229
https://rubalkhali.science/kb/RAK_PH_QUALITY_a1bbe41c001f2d670de0b97e9155cbafb1c1ee2d1eb5b12c72cdb8913b0784f1	quality	ph-measurement-v1|quality|trip3|F30PRr1|2026-07-27|EQ-PH-CACL2-1G-v1.0.0	a1bbe41c001f2d670de0b97e9155cbafb1c1ee2d1eb5b12c72cdb8913b0784f1	F30PRr1	Trip 3	229
https://rubalkhali.science/kb/RAK_PH_VALUE_f40656f428c0039596a1eb29fc6e13e1ea0c0d4175f8dfb0f170c94f92fd2d49	value	ph-measurement-v1|value|trip3|F30PRr1|2026-07-27|EQ-PH-CACL2-1G-v1.0.0	f40656f428c0039596a1eb29fc6e13e1ea0c0d4175f8dfb0f170c94f92fd2d49	F30PRr1	Trip 3	229
https://rubalkhali.science/kb/RAK_PH_SESSION_9ecba4e815375630fbd98173bc3c1f9e92c2a5d361fb7f04d65ecceadbef68f1	session	ph-measurement-v1|session|3|2026-07-28|97.7|10.03	9ecba4e815375630fbd98173bc3c1f9e92c2a5d361fb7f04d65ecceadbef68f1		Trip 3	232
https://rubalkhali.science/kb/RAK_PH_PROCESS_3586449ec29b64699bb6f059b22cfee3407eb934dd2222219dd3335ba3dd3a84	process	ph-measurement-v1|process|trip3|F31Sr2|2026-07-28|EQ-PH-CACL2-1G-v1.0.0	3586449ec29b64699bb6f059b22cfee3407eb934dd2222219dd3335ba3dd3a84	F31Sr2	Trip 3	232
https://rubalkhali.science/kb/RAK_PH_QUALITY_d0e141959bf2970910057539870141593a9e5a736e25744ca5d21caf11e44d25	quality	ph-measurement-v1|quality|trip3|F31Sr2|2026-07-28|EQ-PH-CACL2-1G-v1.0.0	d0e141959bf2970910057539870141593a9e5a736e25744ca5d21caf11e44d25	F31Sr2	Trip 3	232
https://rubalkhali.science/kb/RAK_PH_VALUE_157d750a6a352c116622251e06b01eb268840c5dcac6b9818129dcd4cbebd129	value	ph-measurement-v1|value|trip3|F31Sr2|2026-07-28|EQ-PH-CACL2-1G-v1.0.0	157d750a6a352c116622251e06b01eb268840c5dcac6b9818129dcd4cbebd129	F31Sr2	Trip 3	232
https://rubalkhali.science/kb/RAK_PH_PROCESS_c9020df0504e1d72950a65ed4064205937295ac25e985de879e9087ba3dd269c	process	ph-measurement-v1|process|trip3|F31Dr1|2026-07-28|EQ-PH-CACL2-1G-v1.0.0	c9020df0504e1d72950a65ed4064205937295ac25e985de879e9087ba3dd269c	F31Dr1	Trip 3	234
https://rubalkhali.science/kb/RAK_PH_QUALITY_1083d78bd74eb316542ff8d0e4cccce51beddc40a362e34ccbbfd481a86738ed	quality	ph-measurement-v1|quality|trip3|F31Dr1|2026-07-28|EQ-PH-CACL2-1G-v1.0.0	1083d78bd74eb316542ff8d0e4cccce51beddc40a362e34ccbbfd481a86738ed	F31Dr1	Trip 3	234
https://rubalkhali.science/kb/RAK_PH_VALUE_ca0a7d34e9abd6c1e1f4591a639df16e0854088da4ac902435c918937eb50814	value	ph-measurement-v1|value|trip3|F31Dr1|2026-07-28|EQ-PH-CACL2-1G-v1.0.0	ca0a7d34e9abd6c1e1f4591a639df16e0854088da4ac902435c918937eb50814	F31Dr1	Trip 3	234
https://rubalkhali.science/kb/RAK_PH_PROCESS_eef135d3d9107a39ef673f316fbe982944f38135fb9242f63aa379eeff8354e7	process	ph-measurement-v1|process|trip3|F31PRr1|2026-07-28|EQ-PH-CACL2-1G-v1.0.0	eef135d3d9107a39ef673f316fbe982944f38135fb9242f63aa379eeff8354e7	F31PRr1	Trip 3	236
https://rubalkhali.science/kb/RAK_PH_QUALITY_4a32f139eee6145f8b79c691f25975d90f01e770888cf1f16243e3775b658e16	quality	ph-measurement-v1|quality|trip3|F31PRr1|2026-07-28|EQ-PH-CACL2-1G-v1.0.0	4a32f139eee6145f8b79c691f25975d90f01e770888cf1f16243e3775b658e16	F31PRr1	Trip 3	236
https://rubalkhali.science/kb/RAK_PH_VALUE_50fb39489dffa56a8640ac21c3f3488b5588c5e93f7fe3541b3f3b0c8b21f04c	value	ph-measurement-v1|value|trip3|F31PRr1|2026-07-28|EQ-PH-CACL2-1G-v1.0.0	50fb39489dffa56a8640ac21c3f3488b5588c5e93f7fe3541b3f3b0c8b21f04c	F31PRr1	Trip 3	236
https://rubalkhali.science/kb/RAK_PH_PROCESS_6524a430d88e6c95bb6c2fed23b7ad4869033f8007c976e4cf2d2911ebf2321a	process	ph-measurement-v1|process|trip3|F32Sr1|2026-07-28|EQ-PH-CACL2-1G-v1.0.0	6524a430d88e6c95bb6c2fed23b7ad4869033f8007c976e4cf2d2911ebf2321a	F32Sr1	Trip 3	239
https://rubalkhali.science/kb/RAK_PH_QUALITY_109528a0e970affd671fbd9c1572c18c3418c2cc6837a0e182f48589790d4c7f	quality	ph-measurement-v1|quality|trip3|F32Sr1|2026-07-28|EQ-PH-CACL2-1G-v1.0.0	109528a0e970affd671fbd9c1572c18c3418c2cc6837a0e182f48589790d4c7f	F32Sr1	Trip 3	239
https://rubalkhali.science/kb/RAK_PH_VALUE_ee1e51d2992b5f06adb1ab43a9097e656444e76588e1f92107f2b7dad3dddb64	value	ph-measurement-v1|value|trip3|F32Sr1|2026-07-28|EQ-PH-CACL2-1G-v1.0.0	ee1e51d2992b5f06adb1ab43a9097e656444e76588e1f92107f2b7dad3dddb64	F32Sr1	Trip 3	239
https://rubalkhali.science/kb/RAK_PH_PROCESS_6640cb41a9a0a3cb3edd98b3ba9419b747caffdd9650087c156d003cf09d6207	process	ph-measurement-v1|process|trip3|F32Dr1|2026-07-28|EQ-PH-CACL2-1G-v1.0.0	6640cb41a9a0a3cb3edd98b3ba9419b747caffdd9650087c156d003cf09d6207	F32Dr1	Trip 3	242
https://rubalkhali.science/kb/RAK_PH_QUALITY_fc468efe825668746eda0353a0c08922a26795d78e6b101e353695ae748ff9f8	quality	ph-measurement-v1|quality|trip3|F32Dr1|2026-07-28|EQ-PH-CACL2-1G-v1.0.0	fc468efe825668746eda0353a0c08922a26795d78e6b101e353695ae748ff9f8	F32Dr1	Trip 3	242
https://rubalkhali.science/kb/RAK_PH_VALUE_48d271c50ac3da83a5c8cd80a21dfb799e165c6601785ab51602aa7f366da1bd	value	ph-measurement-v1|value|trip3|F32Dr1|2026-07-28|EQ-PH-CACL2-1G-v1.0.0	48d271c50ac3da83a5c8cd80a21dfb799e165c6601785ab51602aa7f366da1bd	F32Dr1	Trip 3	242
https://rubalkhali.science/kb/RAK_PH_PROCESS_cf3c080b6097cd993e88aeb998c86a281af847681176b549adb73415f37a27d3	process	ph-measurement-v1|process|trip3|F32PRr1|2026-07-28|EQ-PH-CACL2-1G-v1.0.0	cf3c080b6097cd993e88aeb998c86a281af847681176b549adb73415f37a27d3	F32PRr1	Trip 3	245
https://rubalkhali.science/kb/RAK_PH_QUALITY_89c9b736007b67b55de433479b0bb6864665f5bdc2bb625b65affeeaf30eb65a	quality	ph-measurement-v1|quality|trip3|F32PRr1|2026-07-28|EQ-PH-CACL2-1G-v1.0.0	89c9b736007b67b55de433479b0bb6864665f5bdc2bb625b65affeeaf30eb65a	F32PRr1	Trip 3	245
https://rubalkhali.science/kb/RAK_PH_VALUE_b058592a64b2ed34bada7d7294f947a096efb677d76a9f434019453a7ccaec7d	value	ph-measurement-v1|value|trip3|F32PRr1|2026-07-28|EQ-PH-CACL2-1G-v1.0.0	b058592a64b2ed34bada7d7294f947a096efb677d76a9f434019453a7ccaec7d	F32PRr1	Trip 3	245
https://rubalkhali.science/kb/RAK_PH_PROCESS_a0c76e8eeb0d90087cb67c7d415dcc8b70fab97f2357446af116a419e3d60760	process	ph-measurement-v1|process|trip3|F33Sr1|2026-07-28|EQ-PH-CACL2-1G-v1.0.0	a0c76e8eeb0d90087cb67c7d415dcc8b70fab97f2357446af116a419e3d60760	F33Sr1	Trip 3	248
https://rubalkhali.science/kb/RAK_PH_QUALITY_83ec653322cb03ec96961d0b6d210735abf0e9876fce430dfa80b3f4bb09a6b6	quality	ph-measurement-v1|quality|trip3|F33Sr1|2026-07-28|EQ-PH-CACL2-1G-v1.0.0	83ec653322cb03ec96961d0b6d210735abf0e9876fce430dfa80b3f4bb09a6b6	F33Sr1	Trip 3	248
https://rubalkhali.science/kb/RAK_PH_VALUE_41710c86ba563c83bcaaec66aa80cbba97c70559bd0fc51d9d869ff6ba7047d1	value	ph-measurement-v1|value|trip3|F33Sr1|2026-07-28|EQ-PH-CACL2-1G-v1.0.0	41710c86ba563c83bcaaec66aa80cbba97c70559bd0fc51d9d869ff6ba7047d1	F33Sr1	Trip 3	248
https://rubalkhali.science/kb/RAK_PH_PROCESS_26ec92fd121d125b6a8fd8c4fcfa760ec24ffc782007a3536d83b9ea973d49e6	process	ph-measurement-v1|process|trip3|F33Dr1|2026-07-28|EQ-PH-CACL2-1G-v1.0.0	26ec92fd121d125b6a8fd8c4fcfa760ec24ffc782007a3536d83b9ea973d49e6	F33Dr1	Trip 3	251
https://rubalkhali.science/kb/RAK_PH_QUALITY_4e4aa3ff281a4a436e51063f59e1c90a39becc3e3a71c0b1d14e8904526278c4	quality	ph-measurement-v1|quality|trip3|F33Dr1|2026-07-28|EQ-PH-CACL2-1G-v1.0.0	4e4aa3ff281a4a436e51063f59e1c90a39becc3e3a71c0b1d14e8904526278c4	F33Dr1	Trip 3	251
https://rubalkhali.science/kb/RAK_PH_VALUE_839c978b05fea137606b19fa1370020ee0e997b1810695d6492b274c714d1063	value	ph-measurement-v1|value|trip3|F33Dr1|2026-07-28|EQ-PH-CACL2-1G-v1.0.0	839c978b05fea137606b19fa1370020ee0e997b1810695d6492b274c714d1063	F33Dr1	Trip 3	251
https://rubalkhali.science/kb/RAK_PH_PROCESS_33d94f7ba6749cbb8daabe70babb8dc5bc0ee06ffd5b3d47614398d129155889	process	ph-measurement-v1|process|trip3|F33PRr2|2026-07-28|EQ-PH-CACL2-1G-v1.0.0	33d94f7ba6749cbb8daabe70babb8dc5bc0ee06ffd5b3d47614398d129155889	F33PRr2	Trip 3	254
https://rubalkhali.science/kb/RAK_PH_QUALITY_457a41025e13298f4f7d102458e34079a8d07c1c9fe5cf09b2d534e649c2cd64	quality	ph-measurement-v1|quality|trip3|F33PRr2|2026-07-28|EQ-PH-CACL2-1G-v1.0.0	457a41025e13298f4f7d102458e34079a8d07c1c9fe5cf09b2d534e649c2cd64	F33PRr2	Trip 3	254
https://rubalkhali.science/kb/RAK_PH_VALUE_104dd9e6cff31806ea17655c4e5f4a54552b576904e602bcf6187d24f4f54334	value	ph-measurement-v1|value|trip3|F33PRr2|2026-07-28|EQ-PH-CACL2-1G-v1.0.0	104dd9e6cff31806ea17655c4e5f4a54552b576904e602bcf6187d24f4f54334	F33PRr2	Trip 3	254
https://rubalkhali.science/kb/RAK_PH_PROCESS_ba562cd03157df45352cad0a9bb55120a286f921d40b234083ff9f32c7b541c0	process	ph-measurement-v1|process|trip3|F34Sr1|2026-07-28|EQ-PH-CACL2-1G-v1.0.0	ba562cd03157df45352cad0a9bb55120a286f921d40b234083ff9f32c7b541c0	F34Sr1	Trip 3	256
https://rubalkhali.science/kb/RAK_PH_QUALITY_18bc27e4f2698f8f06d53ef8b2453ed0ffc107a2113d826e7b5235d3653967af	quality	ph-measurement-v1|quality|trip3|F34Sr1|2026-07-28|EQ-PH-CACL2-1G-v1.0.0	18bc27e4f2698f8f06d53ef8b2453ed0ffc107a2113d826e7b5235d3653967af	F34Sr1	Trip 3	256
https://rubalkhali.science/kb/RAK_PH_VALUE_cd597d515e8e97cfa35e5b2fca506681dc25cd0e27e2420a844b60739e4c5029	value	ph-measurement-v1|value|trip3|F34Sr1|2026-07-28|EQ-PH-CACL2-1G-v1.0.0	cd597d515e8e97cfa35e5b2fca506681dc25cd0e27e2420a844b60739e4c5029	F34Sr1	Trip 3	256
https://rubalkhali.science/kb/RAK_PH_PROCESS_fbacf34cb8a4548b84fa072db81e02df65486a1867b279eaa2159426d497cd5f	process	ph-measurement-v1|process|trip3|F34Dr1|2026-07-28|EQ-PH-CACL2-1G-v1.0.0	fbacf34cb8a4548b84fa072db81e02df65486a1867b279eaa2159426d497cd5f	F34Dr1	Trip 3	259
https://rubalkhali.science/kb/RAK_PH_QUALITY_142c9df9adc1e60f3c2b42f83a5794596392451b1a50b7bb1faf9998302f619a	quality	ph-measurement-v1|quality|trip3|F34Dr1|2026-07-28|EQ-PH-CACL2-1G-v1.0.0	142c9df9adc1e60f3c2b42f83a5794596392451b1a50b7bb1faf9998302f619a	F34Dr1	Trip 3	259
https://rubalkhali.science/kb/RAK_PH_VALUE_0740697a266c50429934d44de69ba1d54a599fd310788e980347c131dfed029a	value	ph-measurement-v1|value|trip3|F34Dr1|2026-07-28|EQ-PH-CACL2-1G-v1.0.0	0740697a266c50429934d44de69ba1d54a599fd310788e980347c131dfed029a	F34Dr1	Trip 3	259
https://rubalkhali.science/kb/RAK_PH_PROCESS_7edc47b9fbe277fa8537cae131623b93a70d6ee49208c21d32c511161c18f999	process	ph-measurement-v1|process|trip3|F34PRr1|2026-07-28|EQ-PH-CACL2-1G-v1.0.0	7edc47b9fbe277fa8537cae131623b93a70d6ee49208c21d32c511161c18f999	F34PRr1	Trip 3	262
https://rubalkhali.science/kb/RAK_PH_QUALITY_2e4a329a6b10824426113c5fba7536b4b568933d610e2246166f432bea1502e3	quality	ph-measurement-v1|quality|trip3|F34PRr1|2026-07-28|EQ-PH-CACL2-1G-v1.0.0	2e4a329a6b10824426113c5fba7536b4b568933d610e2246166f432bea1502e3	F34PRr1	Trip 3	262
https://rubalkhali.science/kb/RAK_PH_VALUE_b9a3ab5ef9c40ab91d6ec770ce32335b4f8f02422abc811d197bf5d7c670874f	value	ph-measurement-v1|value|trip3|F34PRr1|2026-07-28|EQ-PH-CACL2-1G-v1.0.0	b9a3ab5ef9c40ab91d6ec770ce32335b4f8f02422abc811d197bf5d7c670874f	F34PRr1	Trip 3	262
https://rubalkhali.science/kb/RAK_PH_PROCESS_16c4b8d03bd8f062738bd5bfa86d75877b83a1b98b904f6023a7d0b51eca429c	process	ph-measurement-v1|process|trip3|F35Sr1|2026-07-28|EQ-PH-CACL2-1G-v1.0.0	16c4b8d03bd8f062738bd5bfa86d75877b83a1b98b904f6023a7d0b51eca429c	F35Sr1	Trip 3	265
https://rubalkhali.science/kb/RAK_PH_QUALITY_538f602cc036c96a1ac55168a87ed91b1d51e46b6298d8eaa7522d76f36e50ca	quality	ph-measurement-v1|quality|trip3|F35Sr1|2026-07-28|EQ-PH-CACL2-1G-v1.0.0	538f602cc036c96a1ac55168a87ed91b1d51e46b6298d8eaa7522d76f36e50ca	F35Sr1	Trip 3	265
https://rubalkhali.science/kb/RAK_PH_VALUE_ec59a6afdefdfdee722b2a162ed0f265ac7dbff75f8535740c72c4faacb1cc08	value	ph-measurement-v1|value|trip3|F35Sr1|2026-07-28|EQ-PH-CACL2-1G-v1.0.0	ec59a6afdefdfdee722b2a162ed0f265ac7dbff75f8535740c72c4faacb1cc08	F35Sr1	Trip 3	265
https://rubalkhali.science/kb/RAK_PH_PROCESS_5078da77be87456751f2289f4370ceb13d142558faa11552d5086258578555bc	process	ph-measurement-v1|process|trip3|F35Dr1|2026-07-28|EQ-PH-CACL2-1G-v1.0.0	5078da77be87456751f2289f4370ceb13d142558faa11552d5086258578555bc	F35Dr1	Trip 3	268
https://rubalkhali.science/kb/RAK_PH_QUALITY_ea85dd345f2ce6b362d4f0cb0d75aa32025e65cad78b51638779bc32c3517e85	quality	ph-measurement-v1|quality|trip3|F35Dr1|2026-07-28|EQ-PH-CACL2-1G-v1.0.0	ea85dd345f2ce6b362d4f0cb0d75aa32025e65cad78b51638779bc32c3517e85	F35Dr1	Trip 3	268
https://rubalkhali.science/kb/RAK_PH_VALUE_b926792d0d420babb578332aec4e7b376c30bc4ca4be2fcef424ca5eadc8adab	value	ph-measurement-v1|value|trip3|F35Dr1|2026-07-28|EQ-PH-CACL2-1G-v1.0.0	b926792d0d420babb578332aec4e7b376c30bc4ca4be2fcef424ca5eadc8adab	F35Dr1	Trip 3	268
https://rubalkhali.science/kb/RAK_PH_PROCESS_e99a9079ddb4f774e4d874b140cfb8ecb87813520b1831d8280b4d46befe4d8f	process	ph-measurement-v1|process|trip3|F35PRr1|2026-07-28|EQ-PH-CACL2-1G-v1.0.0	e99a9079ddb4f774e4d874b140cfb8ecb87813520b1831d8280b4d46befe4d8f	F35PRr1	Trip 3	271
https://rubalkhali.science/kb/RAK_PH_QUALITY_c362ca99d30bd45fe2842bffbd68cbaff19d43e9eddf485402eb307acacdc0e2	quality	ph-measurement-v1|quality|trip3|F35PRr1|2026-07-28|EQ-PH-CACL2-1G-v1.0.0	c362ca99d30bd45fe2842bffbd68cbaff19d43e9eddf485402eb307acacdc0e2	F35PRr1	Trip 3	271
https://rubalkhali.science/kb/RAK_PH_VALUE_7a130496dd669c283701af676a98d51eaa498a21528803cffe9e4854b44201a1	value	ph-measurement-v1|value|trip3|F35PRr1|2026-07-28|EQ-PH-CACL2-1G-v1.0.0	7a130496dd669c283701af676a98d51eaa498a21528803cffe9e4854b44201a1	F35PRr1	Trip 3	271
https://rubalkhali.science/kb/RAK_PH_PROCESS_61f65cc48cf741f66a03216bdb70129e994ad4dcc2cd390fe85e71d6d7cee581	process	ph-measurement-v1|process|trip3|F36Sr1|2026-07-28|EQ-PH-CACL2-1G-v1.0.0	61f65cc48cf741f66a03216bdb70129e994ad4dcc2cd390fe85e71d6d7cee581	F36Sr1	Trip 3	274
https://rubalkhali.science/kb/RAK_PH_QUALITY_998ff563d8004af3ad2d8034cb07dffae5d0e2fcb36e0fe0539f5b61ec27b0af	quality	ph-measurement-v1|quality|trip3|F36Sr1|2026-07-28|EQ-PH-CACL2-1G-v1.0.0	998ff563d8004af3ad2d8034cb07dffae5d0e2fcb36e0fe0539f5b61ec27b0af	F36Sr1	Trip 3	274
https://rubalkhali.science/kb/RAK_PH_VALUE_dd403005c2d7c9426d8096b2046aa29a56a4fdb53b88f75890ecdf5a1045c90b	value	ph-measurement-v1|value|trip3|F36Sr1|2026-07-28|EQ-PH-CACL2-1G-v1.0.0	dd403005c2d7c9426d8096b2046aa29a56a4fdb53b88f75890ecdf5a1045c90b	F36Sr1	Trip 3	274
https://rubalkhali.science/kb/RAK_PH_PROCESS_814769c9ef9d79f1aa5d42cfc509d28472f25859fc3ad16b81154eac954f27e3	process	ph-measurement-v1|process|trip3|F36Dr1|2026-07-28|EQ-PH-CACL2-1G-v1.0.0	814769c9ef9d79f1aa5d42cfc509d28472f25859fc3ad16b81154eac954f27e3	F36Dr1	Trip 3	276
https://rubalkhali.science/kb/RAK_PH_QUALITY_d7f97d406b763e0a3f51035dce28cc5890d1dbc513d94e6d2eaafee83baa3f53	quality	ph-measurement-v1|quality|trip3|F36Dr1|2026-07-28|EQ-PH-CACL2-1G-v1.0.0	d7f97d406b763e0a3f51035dce28cc5890d1dbc513d94e6d2eaafee83baa3f53	F36Dr1	Trip 3	276
https://rubalkhali.science/kb/RAK_PH_VALUE_8fedd2b50b287c14a75e432e9c9b0a6bfeac6a87b8bca05c977cd29a75c7f5c0	value	ph-measurement-v1|value|trip3|F36Dr1|2026-07-28|EQ-PH-CACL2-1G-v1.0.0	8fedd2b50b287c14a75e432e9c9b0a6bfeac6a87b8bca05c977cd29a75c7f5c0	F36Dr1	Trip 3	276
https://rubalkhali.science/kb/RAK_PH_PROCESS_58b8c63ff6b42a2dc09054003a7abdc7e184fe58035d4cf82f3f22b51b8d1780	process	ph-measurement-v1|process|trip3|F36PRr1|2026-07-28|EQ-PH-CACL2-1G-v1.0.0	58b8c63ff6b42a2dc09054003a7abdc7e184fe58035d4cf82f3f22b51b8d1780	F36PRr1	Trip 3	279
https://rubalkhali.science/kb/RAK_PH_QUALITY_860466776f7c9a3540878fc14d172ba673f07f25583c0e739d79c7355d7360dc	quality	ph-measurement-v1|quality|trip3|F36PRr1|2026-07-28|EQ-PH-CACL2-1G-v1.0.0	860466776f7c9a3540878fc14d172ba673f07f25583c0e739d79c7355d7360dc	F36PRr1	Trip 3	279
https://rubalkhali.science/kb/RAK_PH_VALUE_edeac6e49f3ecbb137d97c9e753080a68dd419e7cc9a5106a631f74f0009082f	value	ph-measurement-v1|value|trip3|F36PRr1|2026-07-28|EQ-PH-CACL2-1G-v1.0.0	edeac6e49f3ecbb137d97c9e753080a68dd419e7cc9a5106a631f74f0009082f	F36PRr1	Trip 3	279
https://rubalkhali.science/kb/RAK_PH_PROCESS_cb71767ede6c1db8889d967eca264dd1387f5086e5c116c04e4fcb242f911ddf	process	ph-measurement-v1|process|trip3|F37Sr1|2026-07-28|EQ-PH-CACL2-1G-v1.0.0	cb71767ede6c1db8889d967eca264dd1387f5086e5c116c04e4fcb242f911ddf	F37Sr1	Trip 3	282
https://rubalkhali.science/kb/RAK_PH_QUALITY_42b48f2f22a34a1f065ac781cd4cfbf84e94145e4b5bde3f0f8c682dc9292af2	quality	ph-measurement-v1|quality|trip3|F37Sr1|2026-07-28|EQ-PH-CACL2-1G-v1.0.0	42b48f2f22a34a1f065ac781cd4cfbf84e94145e4b5bde3f0f8c682dc9292af2	F37Sr1	Trip 3	282
https://rubalkhali.science/kb/RAK_PH_VALUE_41c213a22ab7d6a194424d94181813dfe4f94eb6409672197a615d4732a12f1d	value	ph-measurement-v1|value|trip3|F37Sr1|2026-07-28|EQ-PH-CACL2-1G-v1.0.0	41c213a22ab7d6a194424d94181813dfe4f94eb6409672197a615d4732a12f1d	F37Sr1	Trip 3	282
https://rubalkhali.science/kb/RAK_PH_PROCESS_5e5116f91753c36bafe2821f9b908fc3a32a61cad3844b9343f25a89c1b48e1c	process	ph-measurement-v1|process|trip3|F37Dr1|2026-07-28|EQ-PH-CACL2-1G-v1.0.0	5e5116f91753c36bafe2821f9b908fc3a32a61cad3844b9343f25a89c1b48e1c	F37Dr1	Trip 3	285
https://rubalkhali.science/kb/RAK_PH_QUALITY_33df317711fe14e1d4f86455b71d38c70ea169a2f1953de75325815a3cd2189a	quality	ph-measurement-v1|quality|trip3|F37Dr1|2026-07-28|EQ-PH-CACL2-1G-v1.0.0	33df317711fe14e1d4f86455b71d38c70ea169a2f1953de75325815a3cd2189a	F37Dr1	Trip 3	285
https://rubalkhali.science/kb/RAK_PH_VALUE_a63346340a2bb03c709106eaa56f7139faff19917a9f4f5875c97e97c02e50a7	value	ph-measurement-v1|value|trip3|F37Dr1|2026-07-28|EQ-PH-CACL2-1G-v1.0.0	a63346340a2bb03c709106eaa56f7139faff19917a9f4f5875c97e97c02e50a7	F37Dr1	Trip 3	285
https://rubalkhali.science/kb/RAK_PH_PROCESS_a90b9afa04e91298f9f0a3420c2e03c67e3b9f939bc78236586cac9e7868e24d	process	ph-measurement-v1|process|trip3|F37PRr1|2026-07-28|EQ-PH-CACL2-1G-v1.0.0	a90b9afa04e91298f9f0a3420c2e03c67e3b9f939bc78236586cac9e7868e24d	F37PRr1	Trip 3	288
https://rubalkhali.science/kb/RAK_PH_QUALITY_4b0c6a723ca3b1a1ee44c174d4b4f0a6b6015ab7df8a8f2aa70858bf0885edd0	quality	ph-measurement-v1|quality|trip3|F37PRr1|2026-07-28|EQ-PH-CACL2-1G-v1.0.0	4b0c6a723ca3b1a1ee44c174d4b4f0a6b6015ab7df8a8f2aa70858bf0885edd0	F37PRr1	Trip 3	288
https://rubalkhali.science/kb/RAK_PH_VALUE_be10c5b28a7b810972796eefb418dc8489b83f8fd1698c590519324b3881204b	value	ph-measurement-v1|value|trip3|F37PRr1|2026-07-28|EQ-PH-CACL2-1G-v1.0.0	be10c5b28a7b810972796eefb418dc8489b83f8fd1698c590519324b3881204b	F37PRr1	Trip 3	288
https://rubalkhali.science/kb/RAK_PH_PROCESS_9d250e8b4edb78f6e7f1e7289f27bf572fd3300416fc0d130d35f5e70ac4374a	process	ph-measurement-v1|process|trip3|F38Sr1|2026-07-28|EQ-PH-CACL2-1G-v1.0.0	9d250e8b4edb78f6e7f1e7289f27bf572fd3300416fc0d130d35f5e70ac4374a	F38Sr1	Trip 3	291
https://rubalkhali.science/kb/RAK_PH_QUALITY_1a2d576ebc777f33043eadfa298321413dbb254a9543619bd5dd90b433b8bd49	quality	ph-measurement-v1|quality|trip3|F38Sr1|2026-07-28|EQ-PH-CACL2-1G-v1.0.0	1a2d576ebc777f33043eadfa298321413dbb254a9543619bd5dd90b433b8bd49	F38Sr1	Trip 3	291
https://rubalkhali.science/kb/RAK_PH_VALUE_f1c707f02e10301773af04c3f77b3510c7bac9ce0d47c17ad133fe351bd651bf	value	ph-measurement-v1|value|trip3|F38Sr1|2026-07-28|EQ-PH-CACL2-1G-v1.0.0	f1c707f02e10301773af04c3f77b3510c7bac9ce0d47c17ad133fe351bd651bf	F38Sr1	Trip 3	291
https://rubalkhali.science/kb/RAK_PH_PROCESS_135346c660b8dd6f79a9e8fb2b4258d2d198e61a0cf5bc71f217b0686891b61b	process	ph-measurement-v1|process|trip3|F38Dr2|2026-07-28|EQ-PH-CACL2-1G-v1.0.0	135346c660b8dd6f79a9e8fb2b4258d2d198e61a0cf5bc71f217b0686891b61b	F38Dr2	Trip 3	294
https://rubalkhali.science/kb/RAK_PH_QUALITY_fa570e8d07ec87b40208cf31022f7571e53348e1c80e22f6c2d58168d280e343	quality	ph-measurement-v1|quality|trip3|F38Dr2|2026-07-28|EQ-PH-CACL2-1G-v1.0.0	fa570e8d07ec87b40208cf31022f7571e53348e1c80e22f6c2d58168d280e343	F38Dr2	Trip 3	294
https://rubalkhali.science/kb/RAK_PH_VALUE_165219f7ec159335b8ba3a3d9c6e85bb4e66abeb0e4c9cc69cd7b6e86fb0a677	value	ph-measurement-v1|value|trip3|F38Dr2|2026-07-28|EQ-PH-CACL2-1G-v1.0.0	165219f7ec159335b8ba3a3d9c6e85bb4e66abeb0e4c9cc69cd7b6e86fb0a677	F38Dr2	Trip 3	294
https://rubalkhali.science/kb/RAK_PH_PROCESS_90fb84fce194d86787da69b988f33062afdf2560759dc68b8939f7324f27c56b	process	ph-measurement-v1|process|trip3|F38PRr1|2026-07-28|EQ-PH-CACL2-1G-v1.0.0	90fb84fce194d86787da69b988f33062afdf2560759dc68b8939f7324f27c56b	F38PRr1	Trip 3	296
https://rubalkhali.science/kb/RAK_PH_QUALITY_171744a1118341238d635cf37d910058a18108e5dd41f9e7911c4dfa8ad537ff	quality	ph-measurement-v1|quality|trip3|F38PRr1|2026-07-28|EQ-PH-CACL2-1G-v1.0.0	171744a1118341238d635cf37d910058a18108e5dd41f9e7911c4dfa8ad537ff	F38PRr1	Trip 3	296
https://rubalkhali.science/kb/RAK_PH_VALUE_4f77993a187fa747855846c8e623242cf4cc6a59367777fb3d1b1e7330873b23	value	ph-measurement-v1|value|trip3|F38PRr1|2026-07-28|EQ-PH-CACL2-1G-v1.0.0	4f77993a187fa747855846c8e623242cf4cc6a59367777fb3d1b1e7330873b23	F38PRr1	Trip 3	296
https://rubalkhali.science/kb/RAK_PH_PROCESS_668047cdc4e9194301b7cbe72bbeaa5ac7471796547e48feb748affa78830b0b	process	ph-measurement-v1|process|trip3|F39Sr1|2026-07-28|EQ-PH-CACL2-1G-v1.0.0	668047cdc4e9194301b7cbe72bbeaa5ac7471796547e48feb748affa78830b0b	F39Sr1	Trip 3	299
https://rubalkhali.science/kb/RAK_PH_QUALITY_f69ceb518bcd8aa935dbe94100738ba0f29046769432125e396292d8b15c189b	quality	ph-measurement-v1|quality|trip3|F39Sr1|2026-07-28|EQ-PH-CACL2-1G-v1.0.0	f69ceb518bcd8aa935dbe94100738ba0f29046769432125e396292d8b15c189b	F39Sr1	Trip 3	299
https://rubalkhali.science/kb/RAK_PH_VALUE_5632260dd9b32e657aa4874515f67eb6a501083b9f8d34c6c8310035f7418266	value	ph-measurement-v1|value|trip3|F39Sr1|2026-07-28|EQ-PH-CACL2-1G-v1.0.0	5632260dd9b32e657aa4874515f67eb6a501083b9f8d34c6c8310035f7418266	F39Sr1	Trip 3	299
https://rubalkhali.science/kb/RAK_PH_SESSION_2149e68bf9e6ed48985a2b5aad14cb0ee7144ee0e0b3cce006f641977bb14d45	session	ph-measurement-v1|session|3|2026-07-28|97.7|10.04	2149e68bf9e6ed48985a2b5aad14cb0ee7144ee0e0b3cce006f641977bb14d45		Trip 3	302
https://rubalkhali.science/kb/RAK_PH_PROCESS_807e4803961c53840f372b28eb01fcb2a86dd5c1d990ffdbf42018e24dafa558	process	ph-measurement-v1|process|trip3|F39Dr2|2026-07-28|EQ-PH-CACL2-1G-v1.0.0	807e4803961c53840f372b28eb01fcb2a86dd5c1d990ffdbf42018e24dafa558	F39Dr2	Trip 3	302
https://rubalkhali.science/kb/RAK_PH_QUALITY_2ba59a1a6f19f395435c39d34e51fc103898116c671f8b67fa93259a2a0e60a7	quality	ph-measurement-v1|quality|trip3|F39Dr2|2026-07-28|EQ-PH-CACL2-1G-v1.0.0	2ba59a1a6f19f395435c39d34e51fc103898116c671f8b67fa93259a2a0e60a7	F39Dr2	Trip 3	302
https://rubalkhali.science/kb/RAK_PH_VALUE_233a24202c542172a14d2e625a0521e207838f92a78572f5c24e8cc764de2898	value	ph-measurement-v1|value|trip3|F39Dr2|2026-07-28|EQ-PH-CACL2-1G-v1.0.0	233a24202c542172a14d2e625a0521e207838f92a78572f5c24e8cc764de2898	F39Dr2	Trip 3	302
https://rubalkhali.science/kb/RAK_PH_PROCESS_6ce52a88d932606f2ef16098646ba70cd6175d1192ca597ed8c22517faac91f3	process	ph-measurement-v1|process|trip3|F39PRr1|2026-07-28|EQ-PH-CACL2-1G-v1.0.0	6ce52a88d932606f2ef16098646ba70cd6175d1192ca597ed8c22517faac91f3	F39PRr1	Trip 3	304
https://rubalkhali.science/kb/RAK_PH_QUALITY_e3460f436f72ae1c1b011e665a2f70c5f2f2e5ff169e81f23ae2be7d89614d97	quality	ph-measurement-v1|quality|trip3|F39PRr1|2026-07-28|EQ-PH-CACL2-1G-v1.0.0	e3460f436f72ae1c1b011e665a2f70c5f2f2e5ff169e81f23ae2be7d89614d97	F39PRr1	Trip 3	304
https://rubalkhali.science/kb/RAK_PH_VALUE_fbcf2e6b80a953eed1f13554666f8bb9071bf1b22f8fbc5bb60e72347c0ac14f	value	ph-measurement-v1|value|trip3|F39PRr1|2026-07-28|EQ-PH-CACL2-1G-v1.0.0	fbcf2e6b80a953eed1f13554666f8bb9071bf1b22f8fbc5bb60e72347c0ac14f	F39PRr1	Trip 3	304
https://rubalkhali.science/kb/RAK_PH_PROCESS_ed16c8541093cbaf5edbdc1cc227cce0b9f9b7c6a28be1e79b94d275917b2ff1	process	ph-measurement-v1|process|trip3|F40Sr1|2026-07-28|EQ-PH-CACL2-1G-v1.0.0	ed16c8541093cbaf5edbdc1cc227cce0b9f9b7c6a28be1e79b94d275917b2ff1	F40Sr1	Trip 3	306
https://rubalkhali.science/kb/RAK_PH_QUALITY_7ac630a089358e01999f3fdac671cbbded91f1985e9e97b7837ea8cedcdee962	quality	ph-measurement-v1|quality|trip3|F40Sr1|2026-07-28|EQ-PH-CACL2-1G-v1.0.0	7ac630a089358e01999f3fdac671cbbded91f1985e9e97b7837ea8cedcdee962	F40Sr1	Trip 3	306
https://rubalkhali.science/kb/RAK_PH_VALUE_91f2999cc574d35c86ad20e0d17f495a802f3bfe0540c988020ccb13a29961a8	value	ph-measurement-v1|value|trip3|F40Sr1|2026-07-28|EQ-PH-CACL2-1G-v1.0.0	91f2999cc574d35c86ad20e0d17f495a802f3bfe0540c988020ccb13a29961a8	F40Sr1	Trip 3	306
https://rubalkhali.science/kb/RAK_PH_PROCESS_fbf220ba64974f01f5ad51ae2e9a5d12513b20fcbf301f3f8ed440e9e1edae90	process	ph-measurement-v1|process|trip3|F40Dr1|2026-07-28|EQ-PH-CACL2-1G-v1.0.0	fbf220ba64974f01f5ad51ae2e9a5d12513b20fcbf301f3f8ed440e9e1edae90	F40Dr1	Trip 3	309
https://rubalkhali.science/kb/RAK_PH_QUALITY_b12c69487e2499e462989723759ed2d575f5db26bafc82e2ab11557a52c38e10	quality	ph-measurement-v1|quality|trip3|F40Dr1|2026-07-28|EQ-PH-CACL2-1G-v1.0.0	b12c69487e2499e462989723759ed2d575f5db26bafc82e2ab11557a52c38e10	F40Dr1	Trip 3	309
https://rubalkhali.science/kb/RAK_PH_VALUE_99e6f85deeac314b4d7e44ce4607ecc8bb931877f2cb0f7d302e1c4ac6ad3a40	value	ph-measurement-v1|value|trip3|F40Dr1|2026-07-28|EQ-PH-CACL2-1G-v1.0.0	99e6f85deeac314b4d7e44ce4607ecc8bb931877f2cb0f7d302e1c4ac6ad3a40	F40Dr1	Trip 3	309
https://rubalkhali.science/kb/RAK_PH_PROCESS_5319d0425d3809a746ca6049ed8c14ac7c88c41dbed09941f39ac465560ab384	process	ph-measurement-v1|process|trip3|F40PRr1|2026-07-28|EQ-PH-CACL2-1G-v1.0.0	5319d0425d3809a746ca6049ed8c14ac7c88c41dbed09941f39ac465560ab384	F40PRr1	Trip 3	312
https://rubalkhali.science/kb/RAK_PH_QUALITY_54584f807e36551aaa9f04e850fdb695f7ead99950200e69b633eb0f4136d0da	quality	ph-measurement-v1|quality|trip3|F40PRr1|2026-07-28|EQ-PH-CACL2-1G-v1.0.0	54584f807e36551aaa9f04e850fdb695f7ead99950200e69b633eb0f4136d0da	F40PRr1	Trip 3	312
https://rubalkhali.science/kb/RAK_PH_VALUE_8a60c4b01e0a1f706a8f204491a3b1d80b717b6692c642a42c1595470ca0ec31	value	ph-measurement-v1|value|trip3|F40PRr1|2026-07-28|EQ-PH-CACL2-1G-v1.0.0	8a60c4b01e0a1f706a8f204491a3b1d80b717b6692c642a42c1595470ca0ec31	F40PRr1	Trip 3	312
https://rubalkhali.science/kb/RAK_PH_PROCESS_1da03da547d6e7340cc4550e45fc5aa0003f99f7ec88e541a820f4129965add6	process	ph-measurement-v1|process|trip3|F42Sr1|2026-07-28|EQ-PH-CACL2-1G-v1.0.0	1da03da547d6e7340cc4550e45fc5aa0003f99f7ec88e541a820f4129965add6	F42Sr1	Trip 3	318
https://rubalkhali.science/kb/RAK_PH_QUALITY_11b871541d1210a1d4e236e15ab1047ee6ddc0c97ae041e24ce50eae98c3af17	quality	ph-measurement-v1|quality|trip3|F42Sr1|2026-07-28|EQ-PH-CACL2-1G-v1.0.0	11b871541d1210a1d4e236e15ab1047ee6ddc0c97ae041e24ce50eae98c3af17	F42Sr1	Trip 3	318
https://rubalkhali.science/kb/RAK_PH_VALUE_368b74cfe1fccad46f674373380cf999de591e5befb4b4542d75c121dfbdd291	value	ph-measurement-v1|value|trip3|F42Sr1|2026-07-28|EQ-PH-CACL2-1G-v1.0.0	368b74cfe1fccad46f674373380cf999de591e5befb4b4542d75c121dfbdd291	F42Sr1	Trip 3	318
https://rubalkhali.science/kb/RAK_PH_PROCESS_f8136b611486cc40fb03678af4dd2a590af9c9f25dba673a49bd59ddb5f95aad	process	ph-measurement-v1|process|trip3|F42Dr1|2026-07-28|EQ-PH-CACL2-1G-v1.0.0	f8136b611486cc40fb03678af4dd2a590af9c9f25dba673a49bd59ddb5f95aad	F42Dr1	Trip 3	321
https://rubalkhali.science/kb/RAK_PH_QUALITY_87907ea9b0695ab5953ec82e869b1bd91c0381bb810ce8aa17d5f04a291f6011	quality	ph-measurement-v1|quality|trip3|F42Dr1|2026-07-28|EQ-PH-CACL2-1G-v1.0.0	87907ea9b0695ab5953ec82e869b1bd91c0381bb810ce8aa17d5f04a291f6011	F42Dr1	Trip 3	321
https://rubalkhali.science/kb/RAK_PH_VALUE_46f14be6b82b438e6052b7b2560fce342fe94653b19c2ccac692011d87fc9c52	value	ph-measurement-v1|value|trip3|F42Dr1|2026-07-28|EQ-PH-CACL2-1G-v1.0.0	46f14be6b82b438e6052b7b2560fce342fe94653b19c2ccac692011d87fc9c52	F42Dr1	Trip 3	321
https://rubalkhali.science/kb/RAK_PH_PROCESS_7425c34327af97551948103dd0af989a077568d19dad9a547671d5f0fd5cdbbb	process	ph-measurement-v1|process|trip3|F42PRr1|2026-07-28|EQ-PH-CACL2-1G-v1.0.0	7425c34327af97551948103dd0af989a077568d19dad9a547671d5f0fd5cdbbb	F42PRr1	Trip 3	324
https://rubalkhali.science/kb/RAK_PH_QUALITY_a2f4811886bce0d29a7c95b16ff371f8151953a1e3886bcb64f2200a79b83612	quality	ph-measurement-v1|quality|trip3|F42PRr1|2026-07-28|EQ-PH-CACL2-1G-v1.0.0	a2f4811886bce0d29a7c95b16ff371f8151953a1e3886bcb64f2200a79b83612	F42PRr1	Trip 3	324
https://rubalkhali.science/kb/RAK_PH_VALUE_77d7dc6dd08a1f7a754703953e8781fbe58cc4039b1ca7ae9066ab2e8ba0ff95	value	ph-measurement-v1|value|trip3|F42PRr1|2026-07-28|EQ-PH-CACL2-1G-v1.0.0	77d7dc6dd08a1f7a754703953e8781fbe58cc4039b1ca7ae9066ab2e8ba0ff95	F42PRr1	Trip 3	324
https://rubalkhali.science/kb/RAK_PH_SESSION_fe86aaec974e4c193838840df0ee1a2e300a1c46cbe06c523363414d39482a65	session	ph-measurement-v1|session|3|2026-07-13|98.8|10.05	fe86aaec974e4c193838840df0ee1a2e300a1c46cbe06c523363414d39482a65		Trip 3	327
https://rubalkhali.science/kb/RAK_PH_PROCESS_6f1bbcc2cd9f4d367ee4598c82095d323e6fd8613ab45f9b3f514c7b34e7dbd0	process	ph-measurement-v1|process|trip3|F43Sr1|2026-07-13|EQ-PH-CACL2-1G-v1.0.0	6f1bbcc2cd9f4d367ee4598c82095d323e6fd8613ab45f9b3f514c7b34e7dbd0	F43Sr1	Trip 3	327
https://rubalkhali.science/kb/RAK_PH_QUALITY_b2f6505994bf76091b0cc9adb4a23d3be03de70795a9232ed126eb90741f94ed	quality	ph-measurement-v1|quality|trip3|F43Sr1|2026-07-13|EQ-PH-CACL2-1G-v1.0.0	b2f6505994bf76091b0cc9adb4a23d3be03de70795a9232ed126eb90741f94ed	F43Sr1	Trip 3	327
https://rubalkhali.science/kb/RAK_PH_VALUE_1ccaef5013e571a549f872dc65735e46d4af7cb6e9d1c093e2d309e90fa3e50f	value	ph-measurement-v1|value|trip3|F43Sr1|2026-07-13|EQ-PH-CACL2-1G-v1.0.0	1ccaef5013e571a549f872dc65735e46d4af7cb6e9d1c093e2d309e90fa3e50f	F43Sr1	Trip 3	327
https://rubalkhali.science/kb/RAK_PH_PROCESS_6957844121a8c80735beda3f3543ed49af9b22f1d5477c43de060783f3df1319	process	ph-measurement-v1|process|trip3|F43Sr2|2026-07-13|EQ-PH-CACL2-1G-v1.0.0	6957844121a8c80735beda3f3543ed49af9b22f1d5477c43de060783f3df1319	F43Sr2	Trip 3	328
https://rubalkhali.science/kb/RAK_PH_QUALITY_827ac8dcd7aeb3670ef292a099cd16fa7e662d777e9ff2b8693f04188f94ecdb	quality	ph-measurement-v1|quality|trip3|F43Sr2|2026-07-13|EQ-PH-CACL2-1G-v1.0.0	827ac8dcd7aeb3670ef292a099cd16fa7e662d777e9ff2b8693f04188f94ecdb	F43Sr2	Trip 3	328
https://rubalkhali.science/kb/RAK_PH_VALUE_85a35b99e83f4c20d0396fd94224d8b22f13089c7130d27e9f3b7e793de1c7bd	value	ph-measurement-v1|value|trip3|F43Sr2|2026-07-13|EQ-PH-CACL2-1G-v1.0.0	85a35b99e83f4c20d0396fd94224d8b22f13089c7130d27e9f3b7e793de1c7bd	F43Sr2	Trip 3	328
https://rubalkhali.science/kb/RAK_PH_PROCESS_5ba07e6f5c160da3b9b7b3ecae5147aae704af88ab98eb83c3402add123f55ce	process	ph-measurement-v1|process|trip3|F43Sr3|2026-07-13|EQ-PH-CACL2-1G-v1.0.0	5ba07e6f5c160da3b9b7b3ecae5147aae704af88ab98eb83c3402add123f55ce	F43Sr3	Trip 3	329
https://rubalkhali.science/kb/RAK_PH_QUALITY_9349a07eb2fd491c4b9d5546bfb21284e6909f7450a8fc3fe3d55f8788926a70	quality	ph-measurement-v1|quality|trip3|F43Sr3|2026-07-13|EQ-PH-CACL2-1G-v1.0.0	9349a07eb2fd491c4b9d5546bfb21284e6909f7450a8fc3fe3d55f8788926a70	F43Sr3	Trip 3	329
https://rubalkhali.science/kb/RAK_PH_VALUE_ee1e565f43996dfc8c7a031c75f54d73cb2ddec79e39515f732acb21551ce2ab	value	ph-measurement-v1|value|trip3|F43Sr3|2026-07-13|EQ-PH-CACL2-1G-v1.0.0	ee1e565f43996dfc8c7a031c75f54d73cb2ddec79e39515f732acb21551ce2ab	F43Sr3	Trip 3	329
https://rubalkhali.science/kb/RAK_PH_PROCESS_f9855e53d79150a4901958f88734d3cbbf9f8ee0bbab59f30d231e4d8048f047	process	ph-measurement-v1|process|trip3|F43Dr1|2026-07-13|EQ-PH-CACL2-1G-v1.0.0	f9855e53d79150a4901958f88734d3cbbf9f8ee0bbab59f30d231e4d8048f047	F43Dr1	Trip 3	330
https://rubalkhali.science/kb/RAK_PH_QUALITY_5dfd33ef625656368ad76f01c20d2c115e5f8d12f11f1208530e768d25fb90d1	quality	ph-measurement-v1|quality|trip3|F43Dr1|2026-07-13|EQ-PH-CACL2-1G-v1.0.0	5dfd33ef625656368ad76f01c20d2c115e5f8d12f11f1208530e768d25fb90d1	F43Dr1	Trip 3	330
https://rubalkhali.science/kb/RAK_PH_VALUE_4855b01c7c1b4a82161717b91aebf712e502859269b8ecf369a5a0c6e138017f	value	ph-measurement-v1|value|trip3|F43Dr1|2026-07-13|EQ-PH-CACL2-1G-v1.0.0	4855b01c7c1b4a82161717b91aebf712e502859269b8ecf369a5a0c6e138017f	F43Dr1	Trip 3	330
https://rubalkhali.science/kb/RAK_PH_PROCESS_0daf67eb6571f8fc3b9b47846e14685dc1e9b5194d5fe5357724df028c6dbf58	process	ph-measurement-v1|process|trip3|F43Dr2|2026-07-13|EQ-PH-CACL2-1G-v1.0.0	0daf67eb6571f8fc3b9b47846e14685dc1e9b5194d5fe5357724df028c6dbf58	F43Dr2	Trip 3	331
https://rubalkhali.science/kb/RAK_PH_QUALITY_e9d9b82e4daa695e0a2aaf2abe76c2f7d1d3c0eb8e068274689924c265e6345f	quality	ph-measurement-v1|quality|trip3|F43Dr2|2026-07-13|EQ-PH-CACL2-1G-v1.0.0	e9d9b82e4daa695e0a2aaf2abe76c2f7d1d3c0eb8e068274689924c265e6345f	F43Dr2	Trip 3	331
https://rubalkhali.science/kb/RAK_PH_VALUE_014f294f42b93fe59aa05972e4733cdcbe92547a506e88c3a95b90a60da27be6	value	ph-measurement-v1|value|trip3|F43Dr2|2026-07-13|EQ-PH-CACL2-1G-v1.0.0	014f294f42b93fe59aa05972e4733cdcbe92547a506e88c3a95b90a60da27be6	F43Dr2	Trip 3	331
https://rubalkhali.science/kb/RAK_PH_PROCESS_b3a9428bb6f8941aa8118bf94dbcbb5f55b4f57f60f4e9ba23f02cdde4e1816d	process	ph-measurement-v1|process|trip3|F43PRr1|2026-07-13|EQ-PH-CACL2-1G-v1.0.0	b3a9428bb6f8941aa8118bf94dbcbb5f55b4f57f60f4e9ba23f02cdde4e1816d	F43PRr1	Trip 3	333
https://rubalkhali.science/kb/RAK_PH_QUALITY_47d31aad97582dae5326e43e10ead19945743683ab5c5295110e1b7a9cab95ff	quality	ph-measurement-v1|quality|trip3|F43PRr1|2026-07-13|EQ-PH-CACL2-1G-v1.0.0	47d31aad97582dae5326e43e10ead19945743683ab5c5295110e1b7a9cab95ff	F43PRr1	Trip 3	333
https://rubalkhali.science/kb/RAK_PH_VALUE_d44aec851e429fe4d27f7dd813c22c52353a8d2f252bb23c94a94611bc202137	value	ph-measurement-v1|value|trip3|F43PRr1|2026-07-13|EQ-PH-CACL2-1G-v1.0.0	d44aec851e429fe4d27f7dd813c22c52353a8d2f252bb23c94a94611bc202137	F43PRr1	Trip 3	333
https://rubalkhali.science/kb/RAK_PH_PROCESS_6277032f38fd89a1ab18162424315f8e00348f39c8213c272df8741f2e6a77a9	process	ph-measurement-v1|process|trip3|F43PRr2|2026-07-13|EQ-PH-CACL2-1G-v1.0.0	6277032f38fd89a1ab18162424315f8e00348f39c8213c272df8741f2e6a77a9	F43PRr2	Trip 3	334
https://rubalkhali.science/kb/RAK_PH_QUALITY_50a9aac80ba0915343f6bfee3b5f32db6ba69107a34fe762d9070927b3304295	quality	ph-measurement-v1|quality|trip3|F43PRr2|2026-07-13|EQ-PH-CACL2-1G-v1.0.0	50a9aac80ba0915343f6bfee3b5f32db6ba69107a34fe762d9070927b3304295	F43PRr2	Trip 3	334
https://rubalkhali.science/kb/RAK_PH_VALUE_6e9aa04656241e9a0e5b2698e03559317ee68a85d477ac638685aa36d1dd44c2	value	ph-measurement-v1|value|trip3|F43PRr2|2026-07-13|EQ-PH-CACL2-1G-v1.0.0	6e9aa04656241e9a0e5b2698e03559317ee68a85d477ac638685aa36d1dd44c2	F43PRr2	Trip 3	334
https://rubalkhali.science/kb/RAK_PH_PROCESS_d845ec1cd49a62735beb728fd0999536aa9d340fd800b3bc3a379595b0dd93fd	process	ph-measurement-v1|process|trip3|F43PRr3|2026-07-13|EQ-PH-CACL2-1G-v1.0.0	d845ec1cd49a62735beb728fd0999536aa9d340fd800b3bc3a379595b0dd93fd	F43PRr3	Trip 3	335
https://rubalkhali.science/kb/RAK_PH_QUALITY_8e5f80cf35df18e46053fc867c62442940ee8f213117c16f7381d4bafb328847	quality	ph-measurement-v1|quality|trip3|F43PRr3|2026-07-13|EQ-PH-CACL2-1G-v1.0.0	8e5f80cf35df18e46053fc867c62442940ee8f213117c16f7381d4bafb328847	F43PRr3	Trip 3	335
https://rubalkhali.science/kb/RAK_PH_VALUE_d59f9347fe843e1cf85f3f83781ecac535655c39e1ec5d03b832e7ee05531c82	value	ph-measurement-v1|value|trip3|F43PRr3|2026-07-13|EQ-PH-CACL2-1G-v1.0.0	d59f9347fe843e1cf85f3f83781ecac535655c39e1ec5d03b832e7ee05531c82	F43PRr3	Trip 3	335
https://rubalkhali.science/kb/RAK_PH_PROCESS_e731251d64060b86841a5115cbc5ad695042b3c2cb5c5bd1dae5f7352c2312ff	process	ph-measurement-v1|process|trip3|F44Sr1|2026-07-28|EQ-PH-CACL2-1G-v1.0.0	e731251d64060b86841a5115cbc5ad695042b3c2cb5c5bd1dae5f7352c2312ff	F44Sr1	Trip 3	336
https://rubalkhali.science/kb/RAK_PH_QUALITY_2d49bd613c7c625e62a45a1c41107ede1cde63d311f571f17f42bde6ef922d3c	quality	ph-measurement-v1|quality|trip3|F44Sr1|2026-07-28|EQ-PH-CACL2-1G-v1.0.0	2d49bd613c7c625e62a45a1c41107ede1cde63d311f571f17f42bde6ef922d3c	F44Sr1	Trip 3	336
https://rubalkhali.science/kb/RAK_PH_VALUE_0cfe62320eb52f9a43671f5bda3e23efc310f62fe66ebd4433f7ecafc9d4d01e	value	ph-measurement-v1|value|trip3|F44Sr1|2026-07-28|EQ-PH-CACL2-1G-v1.0.0	0cfe62320eb52f9a43671f5bda3e23efc310f62fe66ebd4433f7ecafc9d4d01e	F44Sr1	Trip 3	336
https://rubalkhali.science/kb/RAK_PH_PROCESS_262e25c30c649b92e45461f1b7d1da1c51d1cd8ae3ccab39addf7cb8c9111943	process	ph-measurement-v1|process|trip3|F44Dr1|2026-07-28|EQ-PH-CACL2-1G-v1.0.0	262e25c30c649b92e45461f1b7d1da1c51d1cd8ae3ccab39addf7cb8c9111943	F44Dr1	Trip 3	339
https://rubalkhali.science/kb/RAK_PH_QUALITY_541655af1b44ce47d7a7d15fb516c85d81bf4bcb6f7df710b42666b183aff555	quality	ph-measurement-v1|quality|trip3|F44Dr1|2026-07-28|EQ-PH-CACL2-1G-v1.0.0	541655af1b44ce47d7a7d15fb516c85d81bf4bcb6f7df710b42666b183aff555	F44Dr1	Trip 3	339
https://rubalkhali.science/kb/RAK_PH_VALUE_b98247ba32a82793be0c7a1751aa6c0ad8955216e88b6eeff5a47812b3bcd77d	value	ph-measurement-v1|value|trip3|F44Dr1|2026-07-28|EQ-PH-CACL2-1G-v1.0.0	b98247ba32a82793be0c7a1751aa6c0ad8955216e88b6eeff5a47812b3bcd77d	F44Dr1	Trip 3	339
https://rubalkhali.science/kb/RAK_PH_PROCESS_9bd1fa731951fee3b467bb2b7548c438012218712afaa5e64c19520eefd72e36	process	ph-measurement-v1|process|trip3|F44PRr1|2026-07-28|EQ-PH-CACL2-1G-v1.0.0	9bd1fa731951fee3b467bb2b7548c438012218712afaa5e64c19520eefd72e36	F44PRr1	Trip 3	342
https://rubalkhali.science/kb/RAK_PH_QUALITY_d98b176a1aeb5561be46703c9273fdc1cbaa0b10010cc986e70dd3d2e5d99f3f	quality	ph-measurement-v1|quality|trip3|F44PRr1|2026-07-28|EQ-PH-CACL2-1G-v1.0.0	d98b176a1aeb5561be46703c9273fdc1cbaa0b10010cc986e70dd3d2e5d99f3f	F44PRr1	Trip 3	342
https://rubalkhali.science/kb/RAK_PH_VALUE_d599df6a43ebae173bf28d51bb6a2af842df74c331f3a21728ec463f7017a64d	value	ph-measurement-v1|value|trip3|F44PRr1|2026-07-28|EQ-PH-CACL2-1G-v1.0.0	d599df6a43ebae173bf28d51bb6a2af842df74c331f3a21728ec463f7017a64d	F44PRr1	Trip 3	342
https://rubalkhali.science/kb/RAK_PH_PROCESS_005197ca810512cb5a2c6838b8864f337f66897892c0359ddd1afb878fa37e80	process	ph-measurement-v1|process|trip3|F45Sr1|2026-07-13|EQ-PH-CACL2-1G-v1.0.0	005197ca810512cb5a2c6838b8864f337f66897892c0359ddd1afb878fa37e80	F45Sr1	Trip 3	345
https://rubalkhali.science/kb/RAK_PH_QUALITY_72dde85d66b8add342569dea4c0de67d16444ae1cc9c7520c64ebd809d8ffa67	quality	ph-measurement-v1|quality|trip3|F45Sr1|2026-07-13|EQ-PH-CACL2-1G-v1.0.0	72dde85d66b8add342569dea4c0de67d16444ae1cc9c7520c64ebd809d8ffa67	F45Sr1	Trip 3	345
https://rubalkhali.science/kb/RAK_PH_VALUE_bb365209d331e1a5240126397f65bf0450b5f1f1f67f055ebb07ee1d31b23e99	value	ph-measurement-v1|value|trip3|F45Sr1|2026-07-13|EQ-PH-CACL2-1G-v1.0.0	bb365209d331e1a5240126397f65bf0450b5f1f1f67f055ebb07ee1d31b23e99	F45Sr1	Trip 3	345
https://rubalkhali.science/kb/RAK_PH_PROCESS_592e97c3c6e6578094055a81e1a68403497ad0a0a31c439373e9c3f55358e0cc	process	ph-measurement-v1|process|trip3|F45Sr2|2026-07-13|EQ-PH-CACL2-1G-v1.0.0	592e97c3c6e6578094055a81e1a68403497ad0a0a31c439373e9c3f55358e0cc	F45Sr2	Trip 3	346
https://rubalkhali.science/kb/RAK_PH_QUALITY_7095a7216176eec37519178f29a92311bddd2be04bfdbf8c9bad4e535a009fdb	quality	ph-measurement-v1|quality|trip3|F45Sr2|2026-07-13|EQ-PH-CACL2-1G-v1.0.0	7095a7216176eec37519178f29a92311bddd2be04bfdbf8c9bad4e535a009fdb	F45Sr2	Trip 3	346
https://rubalkhali.science/kb/RAK_PH_VALUE_e422134fd20356603767dc7a7e6c74111631ba9f2220c7e14175a2f4a3a6c22d	value	ph-measurement-v1|value|trip3|F45Sr2|2026-07-13|EQ-PH-CACL2-1G-v1.0.0	e422134fd20356603767dc7a7e6c74111631ba9f2220c7e14175a2f4a3a6c22d	F45Sr2	Trip 3	346
https://rubalkhali.science/kb/RAK_PH_PROCESS_425bfa424d40136e1584061b993c7bff6cfb19d0f1f5e0bab8184b73cfe29958	process	ph-measurement-v1|process|trip3|F45Sr3|2026-07-13|EQ-PH-CACL2-1G-v1.0.0	425bfa424d40136e1584061b993c7bff6cfb19d0f1f5e0bab8184b73cfe29958	F45Sr3	Trip 3	347
https://rubalkhali.science/kb/RAK_PH_QUALITY_b2dcb10c7ad80e190e0730f25c93427ad70768621813699b3090f72e0cb0dff8	quality	ph-measurement-v1|quality|trip3|F45Sr3|2026-07-13|EQ-PH-CACL2-1G-v1.0.0	b2dcb10c7ad80e190e0730f25c93427ad70768621813699b3090f72e0cb0dff8	F45Sr3	Trip 3	347
https://rubalkhali.science/kb/RAK_PH_VALUE_936dbc752cac9829923de322c6a80cb27830fe9de3d6f66d05e96ef5be9ded7b	value	ph-measurement-v1|value|trip3|F45Sr3|2026-07-13|EQ-PH-CACL2-1G-v1.0.0	936dbc752cac9829923de322c6a80cb27830fe9de3d6f66d05e96ef5be9ded7b	F45Sr3	Trip 3	347
https://rubalkhali.science/kb/RAK_PH_PROCESS_271000fa6a605be98a6d25ac3eb0716abbd09ce5e6df21968ccfdb4096bf908c	process	ph-measurement-v1|process|trip3|F45Dr1|2026-07-13|EQ-PH-CACL2-1G-v1.0.0	271000fa6a605be98a6d25ac3eb0716abbd09ce5e6df21968ccfdb4096bf908c	F45Dr1	Trip 3	348
https://rubalkhali.science/kb/RAK_PH_QUALITY_148067d1e92b623431cdf02395e13ec21265791e958224869fc5cb550b01cfe0	quality	ph-measurement-v1|quality|trip3|F45Dr1|2026-07-13|EQ-PH-CACL2-1G-v1.0.0	148067d1e92b623431cdf02395e13ec21265791e958224869fc5cb550b01cfe0	F45Dr1	Trip 3	348
https://rubalkhali.science/kb/RAK_PH_VALUE_a746d58eefde8f065a930fabb99ed441d08150d6e61b1509424726381c549825	value	ph-measurement-v1|value|trip3|F45Dr1|2026-07-13|EQ-PH-CACL2-1G-v1.0.0	a746d58eefde8f065a930fabb99ed441d08150d6e61b1509424726381c549825	F45Dr1	Trip 3	348
https://rubalkhali.science/kb/RAK_PH_PROCESS_106f96cba1d4cba4e56abc125865c66a11dc9d7c9cfd3cba1073a2da6870441e	process	ph-measurement-v1|process|trip3|F45Dr2|2026-07-13|EQ-PH-CACL2-1G-v1.0.0	106f96cba1d4cba4e56abc125865c66a11dc9d7c9cfd3cba1073a2da6870441e	F45Dr2	Trip 3	349
https://rubalkhali.science/kb/RAK_PH_QUALITY_155e2df3136cd552b3c558ee3f840814ceb1fa196453bc989701bb16931340a0	quality	ph-measurement-v1|quality|trip3|F45Dr2|2026-07-13|EQ-PH-CACL2-1G-v1.0.0	155e2df3136cd552b3c558ee3f840814ceb1fa196453bc989701bb16931340a0	F45Dr2	Trip 3	349
https://rubalkhali.science/kb/RAK_PH_VALUE_550509b86d83034131548b5b629100ecc2f20f122652c02c745093e135398646	value	ph-measurement-v1|value|trip3|F45Dr2|2026-07-13|EQ-PH-CACL2-1G-v1.0.0	550509b86d83034131548b5b629100ecc2f20f122652c02c745093e135398646	F45Dr2	Trip 3	349
https://rubalkhali.science/kb/RAK_PH_PROCESS_576ef621d50f361dbe40508608be9e1e583dfd8613441947394340ef372a32a8	process	ph-measurement-v1|process|trip3|F45Dr3|2026-07-13|EQ-PH-CACL2-1G-v1.0.0	576ef621d50f361dbe40508608be9e1e583dfd8613441947394340ef372a32a8	F45Dr3	Trip 3	350
https://rubalkhali.science/kb/RAK_PH_QUALITY_4dfbf1b86c01bcb351727b0e90819a7125ef207b988423ee1749acad3228fd4f	quality	ph-measurement-v1|quality|trip3|F45Dr3|2026-07-13|EQ-PH-CACL2-1G-v1.0.0	4dfbf1b86c01bcb351727b0e90819a7125ef207b988423ee1749acad3228fd4f	F45Dr3	Trip 3	350
https://rubalkhali.science/kb/RAK_PH_VALUE_fb27d7189a5789b92aaee8fda8473bb241ec1757276534e78599ba56d2048082	value	ph-measurement-v1|value|trip3|F45Dr3|2026-07-13|EQ-PH-CACL2-1G-v1.0.0	fb27d7189a5789b92aaee8fda8473bb241ec1757276534e78599ba56d2048082	F45Dr3	Trip 3	350
https://rubalkhali.science/kb/RAK_PH_PROCESS_51d3cffb45099d5dccefa52f281459397fa42a0a6aa1cee5c38b0e7a43477823	process	ph-measurement-v1|process|trip3|F45PRr1|2026-07-13|EQ-PH-CACL2-1G-v1.0.0	51d3cffb45099d5dccefa52f281459397fa42a0a6aa1cee5c38b0e7a43477823	F45PRr1	Trip 3	351
https://rubalkhali.science/kb/RAK_PH_QUALITY_b88f5a490481cdd3ae3f74f84b74ecf7be567e96ea13b26320a16c6a0a5d3788	quality	ph-measurement-v1|quality|trip3|F45PRr1|2026-07-13|EQ-PH-CACL2-1G-v1.0.0	b88f5a490481cdd3ae3f74f84b74ecf7be567e96ea13b26320a16c6a0a5d3788	F45PRr1	Trip 3	351
https://rubalkhali.science/kb/RAK_PH_VALUE_c9e4fe13063a4fd80389172cee890d30da76811c6163d404f69ff2d425cdbedb	value	ph-measurement-v1|value|trip3|F45PRr1|2026-07-13|EQ-PH-CACL2-1G-v1.0.0	c9e4fe13063a4fd80389172cee890d30da76811c6163d404f69ff2d425cdbedb	F45PRr1	Trip 3	351
https://rubalkhali.science/kb/RAK_PH_PROCESS_0b9031df8d75a4aed4296e4ec7e0aa14d8e36009221a7bc8118da4bb320f40a3	process	ph-measurement-v1|process|trip3|F45PRr2|2026-07-13|EQ-PH-CACL2-1G-v1.0.0	0b9031df8d75a4aed4296e4ec7e0aa14d8e36009221a7bc8118da4bb320f40a3	F45PRr2	Trip 3	352
https://rubalkhali.science/kb/RAK_PH_QUALITY_53ad1b56cd406f903c1a6e3d22a38c6c1ce0bf9856d57efecfc30305c66e04c2	quality	ph-measurement-v1|quality|trip3|F45PRr2|2026-07-13|EQ-PH-CACL2-1G-v1.0.0	53ad1b56cd406f903c1a6e3d22a38c6c1ce0bf9856d57efecfc30305c66e04c2	F45PRr2	Trip 3	352
https://rubalkhali.science/kb/RAK_PH_VALUE_44ad9f6d6a50a9a5581ea79d6ded7d813f3b9e8b84a331ff890f2c02eb1aa598	value	ph-measurement-v1|value|trip3|F45PRr2|2026-07-13|EQ-PH-CACL2-1G-v1.0.0	44ad9f6d6a50a9a5581ea79d6ded7d813f3b9e8b84a331ff890f2c02eb1aa598	F45PRr2	Trip 3	352
https://rubalkhali.science/kb/RAK_PH_PROCESS_cf606f112392597b2a9465e97339073996e8229f2a1955fff02120b46bfed7b6	process	ph-measurement-v1|process|trip3|F45PRr3|2026-07-13|EQ-PH-CACL2-1G-v1.0.0	cf606f112392597b2a9465e97339073996e8229f2a1955fff02120b46bfed7b6	F45PRr3	Trip 3	353
https://rubalkhali.science/kb/RAK_PH_QUALITY_fb59f361135233eb8270b4e05de640a8b8e13f4e9b50070d95d75c4bbec0a5f1	quality	ph-measurement-v1|quality|trip3|F45PRr3|2026-07-13|EQ-PH-CACL2-1G-v1.0.0	fb59f361135233eb8270b4e05de640a8b8e13f4e9b50070d95d75c4bbec0a5f1	F45PRr3	Trip 3	353
https://rubalkhali.science/kb/RAK_PH_VALUE_7d9e7a65afe33c1a0674df73841d61e5679197165c0429a1408f95515460425c	value	ph-measurement-v1|value|trip3|F45PRr3|2026-07-13|EQ-PH-CACL2-1G-v1.0.0	7d9e7a65afe33c1a0674df73841d61e5679197165c0429a1408f95515460425c	F45PRr3	Trip 3	353
https://rubalkhali.science/kb/RAK_PH_PROCESS_d1b853fad6e52bae5e4146418d72a01c4fb1ef9d0f900ae26c75cf3254dfae01	process	ph-measurement-v1|process|trip3|F46Sr2|2026-07-28|EQ-PH-CACL2-1G-v1.0.0	d1b853fad6e52bae5e4146418d72a01c4fb1ef9d0f900ae26c75cf3254dfae01	F46Sr2	Trip 3	354
https://rubalkhali.science/kb/RAK_PH_QUALITY_c94b09a629c3bff61dd0196b7f5d0ff0c044161b82999b4f9c89a7d5c2ac0949	quality	ph-measurement-v1|quality|trip3|F46Sr2|2026-07-28|EQ-PH-CACL2-1G-v1.0.0	c94b09a629c3bff61dd0196b7f5d0ff0c044161b82999b4f9c89a7d5c2ac0949	F46Sr2	Trip 3	354
https://rubalkhali.science/kb/RAK_PH_VALUE_327c44da1f7296e7014b12581977039701dd454e7bc74120c9b009c0e55bd4cb	value	ph-measurement-v1|value|trip3|F46Sr2|2026-07-28|EQ-PH-CACL2-1G-v1.0.0	327c44da1f7296e7014b12581977039701dd454e7bc74120c9b009c0e55bd4cb	F46Sr2	Trip 3	354
https://rubalkhali.science/kb/RAK_PH_PROCESS_cdb9d9bc2647bba61fa8ae4646671c415728e6a853e8d4933c5a84a92a024efa	process	ph-measurement-v1|process|trip3|F46Dr1|2026-07-28|EQ-PH-CACL2-1G-v1.0.0	cdb9d9bc2647bba61fa8ae4646671c415728e6a853e8d4933c5a84a92a024efa	F46Dr1	Trip 3	355
https://rubalkhali.science/kb/RAK_PH_QUALITY_0383fb0217ee14d5bd7e0f2a19c99b308e4fc2194aa3edacc19b3cef015c490f	quality	ph-measurement-v1|quality|trip3|F46Dr1|2026-07-28|EQ-PH-CACL2-1G-v1.0.0	0383fb0217ee14d5bd7e0f2a19c99b308e4fc2194aa3edacc19b3cef015c490f	F46Dr1	Trip 3	355
https://rubalkhali.science/kb/RAK_PH_VALUE_81e7410b85cf92e200789b216c75e0c87205f5e3808e5888477c87af84f02352	value	ph-measurement-v1|value|trip3|F46Dr1|2026-07-28|EQ-PH-CACL2-1G-v1.0.0	81e7410b85cf92e200789b216c75e0c87205f5e3808e5888477c87af84f02352	F46Dr1	Trip 3	355
https://rubalkhali.science/kb/RAK_PH_PROCESS_e97c37cf1ba1090919b5d7d4894bf831d7d274d1948100c7f758a7bf673bb61c	process	ph-measurement-v1|process|trip3|F47Sr3|2026-07-28|EQ-PH-CACL2-1G-v1.0.0	e97c37cf1ba1090919b5d7d4894bf831d7d274d1948100c7f758a7bf673bb61c	F47Sr3	Trip 3	356
https://rubalkhali.science/kb/RAK_PH_QUALITY_b56fc11370ba3a90ce6d8e73fd1f793b129c75f9a9a088531c7994279f0f6354	quality	ph-measurement-v1|quality|trip3|F47Sr3|2026-07-28|EQ-PH-CACL2-1G-v1.0.0	b56fc11370ba3a90ce6d8e73fd1f793b129c75f9a9a088531c7994279f0f6354	F47Sr3	Trip 3	356
https://rubalkhali.science/kb/RAK_PH_VALUE_559578861e7673c209971e2c343093128c156ff7547451a379ca2e1a971db19a	value	ph-measurement-v1|value|trip3|F47Sr3|2026-07-28|EQ-PH-CACL2-1G-v1.0.0	559578861e7673c209971e2c343093128c156ff7547451a379ca2e1a971db19a	F47Sr3	Trip 3	356
https://rubalkhali.science/kb/RAK_PH_PROCESS_829712b817cc76a4d987a6bdcf7ab1b3d3160df461ad4417e4959e1919f423e9	process	ph-measurement-v1|process|trip3|F47Dr1|2026-07-28|EQ-PH-CACL2-1G-v1.0.0	829712b817cc76a4d987a6bdcf7ab1b3d3160df461ad4417e4959e1919f423e9	F47Dr1	Trip 3	357
https://rubalkhali.science/kb/RAK_PH_QUALITY_cdd5f485791f61b902f0b2a0ace9360f2a225f8f2cde740ad603509098ebe3f5	quality	ph-measurement-v1|quality|trip3|F47Dr1|2026-07-28|EQ-PH-CACL2-1G-v1.0.0	cdd5f485791f61b902f0b2a0ace9360f2a225f8f2cde740ad603509098ebe3f5	F47Dr1	Trip 3	357
https://rubalkhali.science/kb/RAK_PH_VALUE_636789aaf79b1436b847fd54798d7326e8c9148f6d50412a78534008394d1f29	value	ph-measurement-v1|value|trip3|F47Dr1|2026-07-28|EQ-PH-CACL2-1G-v1.0.0	636789aaf79b1436b847fd54798d7326e8c9148f6d50412a78534008394d1f29	F47Dr1	Trip 3	357
https://rubalkhali.science/kb/RAK_PH_PROCESS_90d31f54a9561907d63df8002fe7d5904355ed2b0fcd4c50ca37f37e992e8bea	process	ph-measurement-v1|process|trip3|F47PRr1|2026-07-28|EQ-PH-CACL2-1G-v1.0.0	90d31f54a9561907d63df8002fe7d5904355ed2b0fcd4c50ca37f37e992e8bea	F47PRr1	Trip 3	359
https://rubalkhali.science/kb/RAK_PH_QUALITY_4651bfefa648614ea8ce8d2c426d4e6dd9f29f2d3fb9e6770ccb5347c53d29f1	quality	ph-measurement-v1|quality|trip3|F47PRr1|2026-07-28|EQ-PH-CACL2-1G-v1.0.0	4651bfefa648614ea8ce8d2c426d4e6dd9f29f2d3fb9e6770ccb5347c53d29f1	F47PRr1	Trip 3	359
https://rubalkhali.science/kb/RAK_PH_VALUE_1761546e7becdca51c9999ed5450cec5bf7e44ecaf27475e71b60e9a00e81bfb	value	ph-measurement-v1|value|trip3|F47PRr1|2026-07-28|EQ-PH-CACL2-1G-v1.0.0	1761546e7becdca51c9999ed5450cec5bf7e44ecaf27475e71b60e9a00e81bfb	F47PRr1	Trip 3	359
https://rubalkhali.science/kb/RAK_PH_PROCESS_f24ef907fa9b5eda913c0b38be81b5de938bf37d72ebdce74ee6337d6a941f90	process	ph-measurement-v1|process|trip3|F48Dr1|2026-07-28|EQ-PH-CACL2-1G-v1.0.0	f24ef907fa9b5eda913c0b38be81b5de938bf37d72ebdce74ee6337d6a941f90	F48Dr1	Trip 3	365
https://rubalkhali.science/kb/RAK_PH_QUALITY_c1cf96f71bec6e89dbf49d952f6c20baad082c959d1749a1ba659599439c538d	quality	ph-measurement-v1|quality|trip3|F48Dr1|2026-07-28|EQ-PH-CACL2-1G-v1.0.0	c1cf96f71bec6e89dbf49d952f6c20baad082c959d1749a1ba659599439c538d	F48Dr1	Trip 3	365
https://rubalkhali.science/kb/RAK_PH_VALUE_a9d79f2123d6a46f974d84e5f1cd90a3f35c3f5579c663f134d405f23fae6d52	value	ph-measurement-v1|value|trip3|F48Dr1|2026-07-28|EQ-PH-CACL2-1G-v1.0.0	a9d79f2123d6a46f974d84e5f1cd90a3f35c3f5579c663f134d405f23fae6d52	F48Dr1	Trip 3	365
https://rubalkhali.science/kb/RAK_PH_PROCESS_2b98c1f45cc37cc85f6e2482088994d5359691c7f452007a796d0d993e19df0e	process	ph-measurement-v1|process|trip3|F49Sr1|2026-07-28|EQ-PH-CACL2-1G-v1.0.0	2b98c1f45cc37cc85f6e2482088994d5359691c7f452007a796d0d993e19df0e	F49Sr1	Trip 3	371
https://rubalkhali.science/kb/RAK_PH_QUALITY_e6ae30fd5f6649c49c1c1a051a37b482bd0c005983fac0f55574d809ba0a8aa9	quality	ph-measurement-v1|quality|trip3|F49Sr1|2026-07-28|EQ-PH-CACL2-1G-v1.0.0	e6ae30fd5f6649c49c1c1a051a37b482bd0c005983fac0f55574d809ba0a8aa9	F49Sr1	Trip 3	371
https://rubalkhali.science/kb/RAK_PH_VALUE_02acc71e9988f4d2cb95c3d4dc20aa27c8dbed482807a009793d0b4e60c54b2a	value	ph-measurement-v1|value|trip3|F49Sr1|2026-07-28|EQ-PH-CACL2-1G-v1.0.0	02acc71e9988f4d2cb95c3d4dc20aa27c8dbed482807a009793d0b4e60c54b2a	F49Sr1	Trip 3	371
https://rubalkhali.science/kb/RAK_PH_PROCESS_95bde96c58534dd7f9d0a027627ca870967ed4beeee662f9de108a787de36b87	process	ph-measurement-v1|process|trip3|F49Dr1|2026-07-28|EQ-PH-CACL2-1G-v1.0.0	95bde96c58534dd7f9d0a027627ca870967ed4beeee662f9de108a787de36b87	F49Dr1	Trip 3	374
https://rubalkhali.science/kb/RAK_PH_QUALITY_48835fd22a4b472d3a50f5eddfc5cd60dbfae626b3fdb3c979403b9d943f0cbd	quality	ph-measurement-v1|quality|trip3|F49Dr1|2026-07-28|EQ-PH-CACL2-1G-v1.0.0	48835fd22a4b472d3a50f5eddfc5cd60dbfae626b3fdb3c979403b9d943f0cbd	F49Dr1	Trip 3	374
https://rubalkhali.science/kb/RAK_PH_VALUE_da19451b2e1a7fd41ad0b8ff9e5e6ba9419db23c825de68992a4552720921513	value	ph-measurement-v1|value|trip3|F49Dr1|2026-07-28|EQ-PH-CACL2-1G-v1.0.0	da19451b2e1a7fd41ad0b8ff9e5e6ba9419db23c825de68992a4552720921513	F49Dr1	Trip 3	374
https://rubalkhali.science/kb/RAK_PH_PROCESS_7b2dd1a7b2270a04181e1ded4003711f4d0656878412fb71d5ffd36693a2fdcf	process	ph-measurement-v1|process|trip3|F49PRr1|2026-07-28|EQ-PH-CACL2-1G-v1.0.0	7b2dd1a7b2270a04181e1ded4003711f4d0656878412fb71d5ffd36693a2fdcf	F49PRr1	Trip 3	377
https://rubalkhali.science/kb/RAK_PH_QUALITY_11b66948bf65e0121ce0caf67419df76897942aa636bcc3927111334fbdaa072	quality	ph-measurement-v1|quality|trip3|F49PRr1|2026-07-28|EQ-PH-CACL2-1G-v1.0.0	11b66948bf65e0121ce0caf67419df76897942aa636bcc3927111334fbdaa072	F49PRr1	Trip 3	377
https://rubalkhali.science/kb/RAK_PH_VALUE_6f95baca280af36876f77d165761cc8ed28dfabd57c89e856d72fde4337af40f	value	ph-measurement-v1|value|trip3|F49PRr1|2026-07-28|EQ-PH-CACL2-1G-v1.0.0	6f95baca280af36876f77d165761cc8ed28dfabd57c89e856d72fde4337af40f	F49PRr1	Trip 3	377
https://rubalkhali.science/kb/RAK_PH_PROCESS_d65169f7f44b2a4e9160f6597923623284f8a731712cd97717e7564b742e34cc	process	ph-measurement-v1|process|trip3|F50Sr1|2026-07-28|EQ-PH-CACL2-1G-v1.0.0	d65169f7f44b2a4e9160f6597923623284f8a731712cd97717e7564b742e34cc	F50Sr1	Trip 3	380
https://rubalkhali.science/kb/RAK_PH_QUALITY_9cab3b06dcd1adfa7d865b8aad3f1bb556e9a14cc31d182b0bae4f0020cefee7	quality	ph-measurement-v1|quality|trip3|F50Sr1|2026-07-28|EQ-PH-CACL2-1G-v1.0.0	9cab3b06dcd1adfa7d865b8aad3f1bb556e9a14cc31d182b0bae4f0020cefee7	F50Sr1	Trip 3	380
https://rubalkhali.science/kb/RAK_PH_VALUE_4f1df8a0c14888ee6b0419242b1b0a9af339e9033baa27a3302c85747a61d869	value	ph-measurement-v1|value|trip3|F50Sr1|2026-07-28|EQ-PH-CACL2-1G-v1.0.0	4f1df8a0c14888ee6b0419242b1b0a9af339e9033baa27a3302c85747a61d869	F50Sr1	Trip 3	380
https://rubalkhali.science/kb/RAK_PH_PROCESS_b8c047bc083b2563789f0f81dfd8f9596ac1467da9ddf631c8a7ca15532fa58b	process	ph-measurement-v1|process|trip3|F50Dr1|2026-07-28|EQ-PH-CACL2-1G-v1.0.0	b8c047bc083b2563789f0f81dfd8f9596ac1467da9ddf631c8a7ca15532fa58b	F50Dr1	Trip 3	382
https://rubalkhali.science/kb/RAK_PH_QUALITY_c356f586e2608693ead30f966e12cc64567cec4838823a48d80b9c40caada85e	quality	ph-measurement-v1|quality|trip3|F50Dr1|2026-07-28|EQ-PH-CACL2-1G-v1.0.0	c356f586e2608693ead30f966e12cc64567cec4838823a48d80b9c40caada85e	F50Dr1	Trip 3	382
https://rubalkhali.science/kb/RAK_PH_VALUE_7389331c0c167b5e0c8fbb3bad6f189e6d7181ceda00eecd8c42b76a5c0ebcc8	value	ph-measurement-v1|value|trip3|F50Dr1|2026-07-28|EQ-PH-CACL2-1G-v1.0.0	7389331c0c167b5e0c8fbb3bad6f189e6d7181ceda00eecd8c42b76a5c0ebcc8	F50Dr1	Trip 3	382
https://rubalkhali.science/kb/RAK_PH_PROCESS_51b06420bde13d69064f720cdfdf74c9b33a677de435b0268accb312fb4b23a4	process	ph-measurement-v1|process|trip3|F50PRr1|2026-07-28|EQ-PH-CACL2-1G-v1.0.0	51b06420bde13d69064f720cdfdf74c9b33a677de435b0268accb312fb4b23a4	F50PRr1	Trip 3	385
https://rubalkhali.science/kb/RAK_PH_QUALITY_df703a2903a8eee465d8b148fdef051a98374f367df86fa16a7405175d7b5d14	quality	ph-measurement-v1|quality|trip3|F50PRr1|2026-07-28|EQ-PH-CACL2-1G-v1.0.0	df703a2903a8eee465d8b148fdef051a98374f367df86fa16a7405175d7b5d14	F50PRr1	Trip 3	385
https://rubalkhali.science/kb/RAK_PH_VALUE_6e6ba2ed15dadaad1f339c21026a1fc63ffae81e2e39517a5cf220a1c4311f07	value	ph-measurement-v1|value|trip3|F50PRr1|2026-07-28|EQ-PH-CACL2-1G-v1.0.0	6e6ba2ed15dadaad1f339c21026a1fc63ffae81e2e39517a5cf220a1c4311f07	F50PRr1	Trip 3	385
https://rubalkhali.science/kb/RAK_PH_PROCESS_966e2dede8ed299655df62cb35aa47427fde6d6a8280fe297b84d4f247caaa6e	process	ph-measurement-v1|process|trip3|F51Sr3|2026-07-28|EQ-PH-CACL2-1G-v1.0.0	966e2dede8ed299655df62cb35aa47427fde6d6a8280fe297b84d4f247caaa6e	F51Sr3	Trip 3	388
https://rubalkhali.science/kb/RAK_PH_QUALITY_4283b2571cd00a8ca4e4c194ffde14e4438b556b2fe7b90b9e0fa6ec751f88a2	quality	ph-measurement-v1|quality|trip3|F51Sr3|2026-07-28|EQ-PH-CACL2-1G-v1.0.0	4283b2571cd00a8ca4e4c194ffde14e4438b556b2fe7b90b9e0fa6ec751f88a2	F51Sr3	Trip 3	388
https://rubalkhali.science/kb/RAK_PH_VALUE_112cdf45e56ba80686329b3279c6069162f53caff7b547be437745980477e1c7	value	ph-measurement-v1|value|trip3|F51Sr3|2026-07-28|EQ-PH-CACL2-1G-v1.0.0	112cdf45e56ba80686329b3279c6069162f53caff7b547be437745980477e1c7	F51Sr3	Trip 3	388
https://rubalkhali.science/kb/RAK_PH_PROCESS_661a4ff41bfb1ed1195264480050969cd9501abe9192c8850774901505048176	process	ph-measurement-v1|process|trip3|F51Dr3|2026-07-28|EQ-PH-CACL2-1G-v1.0.0	661a4ff41bfb1ed1195264480050969cd9501abe9192c8850774901505048176	F51Dr3	Trip 3	389
https://rubalkhali.science/kb/RAK_PH_QUALITY_f5591f53903cc56c0650396efc337704c2a9c2e323e50d3d43e73e4d0c5f6939	quality	ph-measurement-v1|quality|trip3|F51Dr3|2026-07-28|EQ-PH-CACL2-1G-v1.0.0	f5591f53903cc56c0650396efc337704c2a9c2e323e50d3d43e73e4d0c5f6939	F51Dr3	Trip 3	389
https://rubalkhali.science/kb/RAK_PH_VALUE_12c4147deedd4b1d14ada916987c6b412a7f7d860a4f1e3f16c2e19e2f8542a2	value	ph-measurement-v1|value|trip3|F51Dr3|2026-07-28|EQ-PH-CACL2-1G-v1.0.0	12c4147deedd4b1d14ada916987c6b412a7f7d860a4f1e3f16c2e19e2f8542a2	F51Dr3	Trip 3	389
https://rubalkhali.science/kb/RAK_PH_SESSION_7f9d0df2316122861da05f9eea0e30161fb1ca6c3257144cd9562aa35cf8abc1	session	ph-measurement-v1|session|3|2026-07-29|97.6|10.03	7f9d0df2316122861da05f9eea0e30161fb1ca6c3257144cd9562aa35cf8abc1		Trip 3	391
https://rubalkhali.science/kb/RAK_PH_PROCESS_079d5451f9ad499b1b45b2719fa35903ac3777aef161e89c45014eed6d330486	process	ph-measurement-v1|process|trip3|F51PRr2|2026-07-29|EQ-PH-CACL2-1G-v1.0.0	079d5451f9ad499b1b45b2719fa35903ac3777aef161e89c45014eed6d330486	F51PRr2	Trip 3	391
https://rubalkhali.science/kb/RAK_PH_QUALITY_49c316c43a81cbd7c798fdcf6e412ad59d679deb237605b135968c7a7a21e775	quality	ph-measurement-v1|quality|trip3|F51PRr2|2026-07-29|EQ-PH-CACL2-1G-v1.0.0	49c316c43a81cbd7c798fdcf6e412ad59d679deb237605b135968c7a7a21e775	F51PRr2	Trip 3	391
https://rubalkhali.science/kb/RAK_PH_VALUE_146bad401102f08a58b1805a41543cce5c3fd8285b3fe7c88b525c44011a68a0	value	ph-measurement-v1|value|trip3|F51PRr2|2026-07-29|EQ-PH-CACL2-1G-v1.0.0	146bad401102f08a58b1805a41543cce5c3fd8285b3fe7c88b525c44011a68a0	F51PRr2	Trip 3	391
https://rubalkhali.science/kb/RAK_PH_PROCESS_6d97a7886a4ce769beca1eca04dbbd98ff57d1f115e04c767d2e5d63f692383d	process	ph-measurement-v1|process|trip3|F52Sr1|2026-07-29|EQ-PH-CACL2-1G-v1.0.0	6d97a7886a4ce769beca1eca04dbbd98ff57d1f115e04c767d2e5d63f692383d	F52Sr1	Trip 3	393
https://rubalkhali.science/kb/RAK_PH_QUALITY_dff62acce1059be46a23ca6bb4fec4bb38eafd81bd3b9910fe30a27282ae1b31	quality	ph-measurement-v1|quality|trip3|F52Sr1|2026-07-29|EQ-PH-CACL2-1G-v1.0.0	dff62acce1059be46a23ca6bb4fec4bb38eafd81bd3b9910fe30a27282ae1b31	F52Sr1	Trip 3	393
https://rubalkhali.science/kb/RAK_PH_VALUE_5c7849c1aff0de1318c21a7c3df1957cfac643dd6cbf7eebb8da6b1bc7656d6d	value	ph-measurement-v1|value|trip3|F52Sr1|2026-07-29|EQ-PH-CACL2-1G-v1.0.0	5c7849c1aff0de1318c21a7c3df1957cfac643dd6cbf7eebb8da6b1bc7656d6d	F52Sr1	Trip 3	393
https://rubalkhali.science/kb/RAK_PH_PROCESS_a647502e00bdba88282a50d0bcc570c01426ce83c054be67b410e5afaf552b54	process	ph-measurement-v1|process|trip3|F53Sr3|2026-07-29|EQ-PH-CACL2-1G-v1.0.0	a647502e00bdba88282a50d0bcc570c01426ce83c054be67b410e5afaf552b54	F53Sr3	Trip 3	396
https://rubalkhali.science/kb/RAK_PH_QUALITY_5b6b3a668936523a25c8957d458792d705ee3318aa88b740db046643183bf737	quality	ph-measurement-v1|quality|trip3|F53Sr3|2026-07-29|EQ-PH-CACL2-1G-v1.0.0	5b6b3a668936523a25c8957d458792d705ee3318aa88b740db046643183bf737	F53Sr3	Trip 3	396
https://rubalkhali.science/kb/RAK_PH_VALUE_cd20cdb01030ec49544105272614b054ecffb39804c73bc5ae9021e4125c5a47	value	ph-measurement-v1|value|trip3|F53Sr3|2026-07-29|EQ-PH-CACL2-1G-v1.0.0	cd20cdb01030ec49544105272614b054ecffb39804c73bc5ae9021e4125c5a47	F53Sr3	Trip 3	396
https://rubalkhali.science/kb/RAK_PH_PROCESS_461982ea7de7510017a51c709d6f46280ba0d5b92766002b9ade6b18ae0120d3	process	ph-measurement-v1|process|trip3|F53Dr1|2026-07-29|EQ-PH-CACL2-1G-v1.0.0	461982ea7de7510017a51c709d6f46280ba0d5b92766002b9ade6b18ae0120d3	F53Dr1	Trip 3	397
https://rubalkhali.science/kb/RAK_PH_QUALITY_60fef7ba9f28d60d3c61cfc1bbd22af4f7005cbc525f2b2d4358e0c9e5e8e408	quality	ph-measurement-v1|quality|trip3|F53Dr1|2026-07-29|EQ-PH-CACL2-1G-v1.0.0	60fef7ba9f28d60d3c61cfc1bbd22af4f7005cbc525f2b2d4358e0c9e5e8e408	F53Dr1	Trip 3	397
https://rubalkhali.science/kb/RAK_PH_VALUE_c7afa17ae23dd22e4c7c5590755fde3ef6f9ba8878fbde388e3ec84cb7b36515	value	ph-measurement-v1|value|trip3|F53Dr1|2026-07-29|EQ-PH-CACL2-1G-v1.0.0	c7afa17ae23dd22e4c7c5590755fde3ef6f9ba8878fbde388e3ec84cb7b36515	F53Dr1	Trip 3	397
https://rubalkhali.science/kb/RAK_PH_PROCESS_37f7721212151f9803599f6b86180e6dced1e41eaf9f783dd9352f8a5582dba5	process	ph-measurement-v1|process|trip3|F53PRr1|2026-07-29|EQ-PH-CACL2-1G-v1.0.0	37f7721212151f9803599f6b86180e6dced1e41eaf9f783dd9352f8a5582dba5	F53PRr1	Trip 3	400
https://rubalkhali.science/kb/RAK_PH_QUALITY_67e43c004ebb4ee5d4e13eb805397b981e63329f9bb54ee433405017fa187eca	quality	ph-measurement-v1|quality|trip3|F53PRr1|2026-07-29|EQ-PH-CACL2-1G-v1.0.0	67e43c004ebb4ee5d4e13eb805397b981e63329f9bb54ee433405017fa187eca	F53PRr1	Trip 3	400
https://rubalkhali.science/kb/RAK_PH_VALUE_c34bfad358d12deb6b4d48049934c1f16d2388c1d5ad32af465876e20258ffdd	value	ph-measurement-v1|value|trip3|F53PRr1|2026-07-29|EQ-PH-CACL2-1G-v1.0.0	c34bfad358d12deb6b4d48049934c1f16d2388c1d5ad32af465876e20258ffdd	F53PRr1	Trip 3	400
https://rubalkhali.science/kb/RAK_PH_PROCESS_b27026d878566fb026a5505e3eed991a3677ea69cabc770616fa821bcee77fdd	process	ph-measurement-v1|process|trip3|F54PRr2|2026-07-29|EQ-PH-CACL2-1G-v1.0.0	b27026d878566fb026a5505e3eed991a3677ea69cabc770616fa821bcee77fdd	F54PRr2	Trip 3	401
https://rubalkhali.science/kb/RAK_PH_QUALITY_80c65d3b939732e296b696fece67312ac15d0cbb613b1ff376699e858b46b1a6	quality	ph-measurement-v1|quality|trip3|F54PRr2|2026-07-29|EQ-PH-CACL2-1G-v1.0.0	80c65d3b939732e296b696fece67312ac15d0cbb613b1ff376699e858b46b1a6	F54PRr2	Trip 3	401
https://rubalkhali.science/kb/RAK_PH_VALUE_a6d3e4be3124832fd7d36d66835d75d98c45d084f72360151968b3fd4a363caa	value	ph-measurement-v1|value|trip3|F54PRr2|2026-07-29|EQ-PH-CACL2-1G-v1.0.0	a6d3e4be3124832fd7d36d66835d75d98c45d084f72360151968b3fd4a363caa	F54PRr2	Trip 3	401
https://rubalkhali.science/kb/RAK_PH_PROCESS_6734863e6ac2407f09765d06f202c4226a106f68c4aefdb06a328b8bba0b437f	process	ph-measurement-v1|process|trip3|F56Sr2|2026-07-29|EQ-PH-CACL2-1G-v1.0.0	6734863e6ac2407f09765d06f202c4226a106f68c4aefdb06a328b8bba0b437f	F56Sr2	Trip 3	403
https://rubalkhali.science/kb/RAK_PH_QUALITY_87f6a1f183b16fb410f4015b2b082194b763171bed48daacb45966e5c67c4dd3	quality	ph-measurement-v1|quality|trip3|F56Sr2|2026-07-29|EQ-PH-CACL2-1G-v1.0.0	87f6a1f183b16fb410f4015b2b082194b763171bed48daacb45966e5c67c4dd3	F56Sr2	Trip 3	403
https://rubalkhali.science/kb/RAK_PH_VALUE_351a88877941787340d3e351b8e526e8104d7586a9163e082307b2507bd165ee	value	ph-measurement-v1|value|trip3|F56Sr2|2026-07-29|EQ-PH-CACL2-1G-v1.0.0	351a88877941787340d3e351b8e526e8104d7586a9163e082307b2507bd165ee	F56Sr2	Trip 3	403
https://rubalkhali.science/kb/RAK_PH_PROCESS_c50e2eb0224243160fae0cbbda4a125ba4fdee0feed2df4aa9580d28996b0ea5	process	ph-measurement-v1|process|trip3|F57Sr3|2026-07-29|EQ-PH-CACL2-1G-v1.0.0	c50e2eb0224243160fae0cbbda4a125ba4fdee0feed2df4aa9580d28996b0ea5	F57Sr3	Trip 3	405
https://rubalkhali.science/kb/RAK_PH_QUALITY_5bca2962746fcd42da7c1bb1a8eac621be27a8d5755b845aa05e54337a9c52e6	quality	ph-measurement-v1|quality|trip3|F57Sr3|2026-07-29|EQ-PH-CACL2-1G-v1.0.0	5bca2962746fcd42da7c1bb1a8eac621be27a8d5755b845aa05e54337a9c52e6	F57Sr3	Trip 3	405
https://rubalkhali.science/kb/RAK_PH_VALUE_660133afa12ca3f66b569bc9c7c1914e3a76e304eada9446aa73d628be994de3	value	ph-measurement-v1|value|trip3|F57Sr3|2026-07-29|EQ-PH-CACL2-1G-v1.0.0	660133afa12ca3f66b569bc9c7c1914e3a76e304eada9446aa73d628be994de3	F57Sr3	Trip 3	405
https://rubalkhali.science/kb/RAK_PH_PROCESS_a418e6f91931ee2a10b7c2dfdf854d48b2195a2095935775760c84d2502d7f05	process	ph-measurement-v1|process|trip3|F57Dr1|2026-07-29|EQ-PH-CACL2-1G-v1.0.0	a418e6f91931ee2a10b7c2dfdf854d48b2195a2095935775760c84d2502d7f05	F57Dr1	Trip 3	406
https://rubalkhali.science/kb/RAK_PH_QUALITY_87049a58297c8addbe84ef18d5852651417d827d404702ad71c5bc127511acb7	quality	ph-measurement-v1|quality|trip3|F57Dr1|2026-07-29|EQ-PH-CACL2-1G-v1.0.0	87049a58297c8addbe84ef18d5852651417d827d404702ad71c5bc127511acb7	F57Dr1	Trip 3	406
https://rubalkhali.science/kb/RAK_PH_VALUE_bc5ad9a5bc85c60fdde1e16080da52060184eb6b5623b08141844aee846a279b	value	ph-measurement-v1|value|trip3|F57Dr1|2026-07-29|EQ-PH-CACL2-1G-v1.0.0	bc5ad9a5bc85c60fdde1e16080da52060184eb6b5623b08141844aee846a279b	F57Dr1	Trip 3	406
https://rubalkhali.science/kb/RAK_PH_PROCESS_52c6284ad22227dbc9291977856cafdd2ac44415d83285ab465655402a5f5b58	process	ph-measurement-v1|process|trip3|F57PRr1|2026-07-29|EQ-PH-CACL2-1G-v1.0.0	52c6284ad22227dbc9291977856cafdd2ac44415d83285ab465655402a5f5b58	F57PRr1	Trip 3	407
https://rubalkhali.science/kb/RAK_PH_QUALITY_1f087321be10161af4f1368cd5e83c419dcdf27506b65f0dd5ca3349d4607a84	quality	ph-measurement-v1|quality|trip3|F57PRr1|2026-07-29|EQ-PH-CACL2-1G-v1.0.0	1f087321be10161af4f1368cd5e83c419dcdf27506b65f0dd5ca3349d4607a84	F57PRr1	Trip 3	407
https://rubalkhali.science/kb/RAK_PH_VALUE_74e72fbf6f5586c17c163fe548d6322b5a4a75dff4c0ad12a99b66d239ff7599	value	ph-measurement-v1|value|trip3|F57PRr1|2026-07-29|EQ-PH-CACL2-1G-v1.0.0	74e72fbf6f5586c17c163fe548d6322b5a4a75dff4c0ad12a99b66d239ff7599	F57PRr1	Trip 3	407
https://rubalkhali.science/kb/RAK_PH_PROCESS_9d1d02a4807ca11c38a4a4d9a594dc34f3fa257f7d80155917c1092aaf0b538a	process	ph-measurement-v1|process|trip3|F58Sr1|2026-07-29|EQ-PH-CACL2-1G-v1.0.0	9d1d02a4807ca11c38a4a4d9a594dc34f3fa257f7d80155917c1092aaf0b538a	F58Sr1	Trip 3	410
https://rubalkhali.science/kb/RAK_PH_QUALITY_309671ccb5e0e05da3337870d3666f431cac732012d8c078172335f545d1b287	quality	ph-measurement-v1|quality|trip3|F58Sr1|2026-07-29|EQ-PH-CACL2-1G-v1.0.0	309671ccb5e0e05da3337870d3666f431cac732012d8c078172335f545d1b287	F58Sr1	Trip 3	410
https://rubalkhali.science/kb/RAK_PH_VALUE_f32a0bc3d804f85a889705f0c446a28f068848c255ed80f0a9a865459d41922f	value	ph-measurement-v1|value|trip3|F58Sr1|2026-07-29|EQ-PH-CACL2-1G-v1.0.0	f32a0bc3d804f85a889705f0c446a28f068848c255ed80f0a9a865459d41922f	F58Sr1	Trip 3	410
https://rubalkhali.science/kb/RAK_PH_PROCESS_46ce95817e5ea441c700e4eef5efbafd87ef7e515a8aae2e1b7cbbffbe2a36d8	process	ph-measurement-v1|process|trip3|F58Dr1|2026-07-29|EQ-PH-CACL2-1G-v1.0.0	46ce95817e5ea441c700e4eef5efbafd87ef7e515a8aae2e1b7cbbffbe2a36d8	F58Dr1	Trip 3	413
https://rubalkhali.science/kb/RAK_PH_QUALITY_6e3774ffde8ac9a0a128ca62ab66168c8a5e791cd1eaa7213d3fcc76da624e3f	quality	ph-measurement-v1|quality|trip3|F58Dr1|2026-07-29|EQ-PH-CACL2-1G-v1.0.0	6e3774ffde8ac9a0a128ca62ab66168c8a5e791cd1eaa7213d3fcc76da624e3f	F58Dr1	Trip 3	413
https://rubalkhali.science/kb/RAK_PH_VALUE_e32628e39e64bd14387978734ef415d55184a0dfd3877d78d0415ff38c3e86b6	value	ph-measurement-v1|value|trip3|F58Dr1|2026-07-29|EQ-PH-CACL2-1G-v1.0.0	e32628e39e64bd14387978734ef415d55184a0dfd3877d78d0415ff38c3e86b6	F58Dr1	Trip 3	413
https://rubalkhali.science/kb/RAK_PH_PROCESS_d612bc40ea7b44d3288e229f2cdf3cd6c640f373e06338795529e613104ed0f1	process	ph-measurement-v1|process|trip3|F58PRr1|2026-07-29|EQ-PH-CACL2-1G-v1.0.0	d612bc40ea7b44d3288e229f2cdf3cd6c640f373e06338795529e613104ed0f1	F58PRr1	Trip 3	414
https://rubalkhali.science/kb/RAK_PH_QUALITY_f734d674256cf4e8f17a0fd04bf566462b904dc459a02b8bcd5b3c72139fa4be	quality	ph-measurement-v1|quality|trip3|F58PRr1|2026-07-29|EQ-PH-CACL2-1G-v1.0.0	f734d674256cf4e8f17a0fd04bf566462b904dc459a02b8bcd5b3c72139fa4be	F58PRr1	Trip 3	414
https://rubalkhali.science/kb/RAK_PH_VALUE_50920f89748ca9c57b673e33355759613d349656a9f08cd5cd6136ac0f88bb6b	value	ph-measurement-v1|value|trip3|F58PRr1|2026-07-29|EQ-PH-CACL2-1G-v1.0.0	50920f89748ca9c57b673e33355759613d349656a9f08cd5cd6136ac0f88bb6b	F58PRr1	Trip 3	414
https://rubalkhali.science/kb/RAK_PH_PROCESS_88929cf619a6af6e80a2d92f80ecae187b8b629369159afe82fea76524ecf529	process	ph-measurement-v1|process|trip3|F59Sr3|2026-07-29|EQ-PH-CACL2-1G-v1.0.0	88929cf619a6af6e80a2d92f80ecae187b8b629369159afe82fea76524ecf529	F59Sr3	Trip 3	419
https://rubalkhali.science/kb/RAK_PH_QUALITY_a8e6d9b3d9ffb7f085e9ca8aa4024b685589420a5b3ebfc243038252c40bbb24	quality	ph-measurement-v1|quality|trip3|F59Sr3|2026-07-29|EQ-PH-CACL2-1G-v1.0.0	a8e6d9b3d9ffb7f085e9ca8aa4024b685589420a5b3ebfc243038252c40bbb24	F59Sr3	Trip 3	419
https://rubalkhali.science/kb/RAK_PH_VALUE_501ec3d3367db365931ba15132afddadcebf8539d909f6ce84bc04dee58d3b73	value	ph-measurement-v1|value|trip3|F59Sr3|2026-07-29|EQ-PH-CACL2-1G-v1.0.0	501ec3d3367db365931ba15132afddadcebf8539d909f6ce84bc04dee58d3b73	F59Sr3	Trip 3	419
https://rubalkhali.science/kb/RAK_PH_PROCESS_d0c1d8b564b8c8d989b73688abf8b967185e2f1cc656c5c59ce716440157ef3d	process	ph-measurement-v1|process|trip3|F60Sr1|2026-07-29|EQ-PH-CACL2-1G-v1.0.0	d0c1d8b564b8c8d989b73688abf8b967185e2f1cc656c5c59ce716440157ef3d	F60Sr1	Trip 3	422
https://rubalkhali.science/kb/RAK_PH_QUALITY_4379b767dc28476e8d23d7c493b1c8134ad97f7f7780661e025810a9ed2299df	quality	ph-measurement-v1|quality|trip3|F60Sr1|2026-07-29|EQ-PH-CACL2-1G-v1.0.0	4379b767dc28476e8d23d7c493b1c8134ad97f7f7780661e025810a9ed2299df	F60Sr1	Trip 3	422
https://rubalkhali.science/kb/RAK_PH_VALUE_59074d3bb105339abefb8ede672e5486c8b420f66b06e77f19872dcc7b911ab2	value	ph-measurement-v1|value|trip3|F60Sr1|2026-07-29|EQ-PH-CACL2-1G-v1.0.0	59074d3bb105339abefb8ede672e5486c8b420f66b06e77f19872dcc7b911ab2	F60Sr1	Trip 3	422
https://rubalkhali.science/kb/RAK_PH_PROCESS_433dd6b4a4a32f083737a121c8d68bc95c9170082aa0d9376a1bf1c61b22c54a	process	ph-measurement-v1|process|trip3|F60PRr1|2026-07-29|EQ-PH-CACL2-1G-v1.0.0	433dd6b4a4a32f083737a121c8d68bc95c9170082aa0d9376a1bf1c61b22c54a	F60PRr1	Trip 3	425
https://rubalkhali.science/kb/RAK_PH_QUALITY_d4e70cb3909a568714c61b2667e3dc039cee10588a1cff5e968370f8e8ed8100	quality	ph-measurement-v1|quality|trip3|F60PRr1|2026-07-29|EQ-PH-CACL2-1G-v1.0.0	d4e70cb3909a568714c61b2667e3dc039cee10588a1cff5e968370f8e8ed8100	F60PRr1	Trip 3	425
https://rubalkhali.science/kb/RAK_PH_VALUE_fc353a0d65dbc301d70d42e82e3127d1799080d579a3b00a695cb4d330a30042	value	ph-measurement-v1|value|trip3|F60PRr1|2026-07-29|EQ-PH-CACL2-1G-v1.0.0	fc353a0d65dbc301d70d42e82e3127d1799080d579a3b00a695cb4d330a30042	F60PRr1	Trip 3	425
https://rubalkhali.science/kb/RAK_PH_SESSION_847be6226dde30c916422b512c224a1b50dd67bf188a75c021744e03b6ca4efe	session	ph-measurement-v1|session|4|2026-07-29|97.6|10.07	847be6226dde30c916422b512c224a1b50dd67bf188a75c021744e03b6ca4efe		Trip 4	10
https://rubalkhali.science/kb/RAK_PH_PROCESS_ab8be31894ddbaf5c6c624b654e747b4daa4168a0885fc459a1d66ff2fdc5c1b	process	ph-measurement-v1|process|trip4|S4Sr1|2026-07-29|EQ-PH-CACL2-1G-v1.0.0	ab8be31894ddbaf5c6c624b654e747b4daa4168a0885fc459a1d66ff2fdc5c1b	S4Sr1	Trip 4	10
https://rubalkhali.science/kb/RAK_PH_QUALITY_a47dc709adc3adb35e57c52c64ddd6c75fa71f62ee507149635d48c4ecd8f689	quality	ph-measurement-v1|quality|trip4|S4Sr1|2026-07-29|EQ-PH-CACL2-1G-v1.0.0	a47dc709adc3adb35e57c52c64ddd6c75fa71f62ee507149635d48c4ecd8f689	S4Sr1	Trip 4	10
https://rubalkhali.science/kb/RAK_PH_VALUE_ee0c7503daa4b0e81c449a1c5bb66da6f234121e25dde7790a6b22168e6bac74	value	ph-measurement-v1|value|trip4|S4Sr1|2026-07-29|EQ-PH-CACL2-1G-v1.0.0	ee0c7503daa4b0e81c449a1c5bb66da6f234121e25dde7790a6b22168e6bac74	S4Sr1	Trip 4	10
https://rubalkhali.science/kb/RAK_PH_PROCESS_1a74510c19b0a874483c27436fcc2ebd3f9f6c2db2ac584f4a31007494c6cc94	process	ph-measurement-v1|process|trip4|S4Dr1|2026-07-29|EQ-PH-CACL2-1G-v1.0.0	1a74510c19b0a874483c27436fcc2ebd3f9f6c2db2ac584f4a31007494c6cc94	S4Dr1	Trip 4	11
https://rubalkhali.science/kb/RAK_PH_QUALITY_e387d865af7047dee8c18d04eabd74377cd0d659c34fe214a68d37f1f357f82e	quality	ph-measurement-v1|quality|trip4|S4Dr1|2026-07-29|EQ-PH-CACL2-1G-v1.0.0	e387d865af7047dee8c18d04eabd74377cd0d659c34fe214a68d37f1f357f82e	S4Dr1	Trip 4	11
https://rubalkhali.science/kb/RAK_PH_VALUE_82cb32b31b381931d522c1b47b9715075f5b8d150c0f3337c4c7a1f7d2f0ee2b	value	ph-measurement-v1|value|trip4|S4Dr1|2026-07-29|EQ-PH-CACL2-1G-v1.0.0	82cb32b31b381931d522c1b47b9715075f5b8d150c0f3337c4c7a1f7d2f0ee2b	S4Dr1	Trip 4	11
https://rubalkhali.science/kb/RAK_PH_PROCESS_ad615b1b5ba8e5584751019d27bfa971f6c94c51841917f761bdca8215e14a28	process	ph-measurement-v1|process|trip4|S4PRr1|2026-07-29|EQ-PH-CACL2-1G-v1.0.0	ad615b1b5ba8e5584751019d27bfa971f6c94c51841917f761bdca8215e14a28	S4PRr1	Trip 4	12
https://rubalkhali.science/kb/RAK_PH_QUALITY_962cc93a6f7c9ab3acbd784652094539ee7ce9e552ee8dbb4b2852bbf228ae28	quality	ph-measurement-v1|quality|trip4|S4PRr1|2026-07-29|EQ-PH-CACL2-1G-v1.0.0	962cc93a6f7c9ab3acbd784652094539ee7ce9e552ee8dbb4b2852bbf228ae28	S4PRr1	Trip 4	12
https://rubalkhali.science/kb/RAK_PH_VALUE_ee078b40285012d49d214c076d5e7bbb3843b1dd5f6062abb4baa195a6cc1a3e	value	ph-measurement-v1|value|trip4|S4PRr1|2026-07-29|EQ-PH-CACL2-1G-v1.0.0	ee078b40285012d49d214c076d5e7bbb3843b1dd5f6062abb4baa195a6cc1a3e	S4PRr1	Trip 4	12
https://rubalkhali.science/kb/RAK_PH_PROCESS_991d5bba41334d21c997b814a923039e4799e6c59cd0b6c76eb4b03c070660a1	process	ph-measurement-v1|process|trip4|S5Sr1|2026-07-29|EQ-PH-CACL2-1G-v1.0.0	991d5bba41334d21c997b814a923039e4799e6c59cd0b6c76eb4b03c070660a1	S5Sr1	Trip 4	13
https://rubalkhali.science/kb/RAK_PH_QUALITY_eb46e4867008de7351f71e57bd28dfbe2351deea12a53913a243080b318e3c76	quality	ph-measurement-v1|quality|trip4|S5Sr1|2026-07-29|EQ-PH-CACL2-1G-v1.0.0	eb46e4867008de7351f71e57bd28dfbe2351deea12a53913a243080b318e3c76	S5Sr1	Trip 4	13
https://rubalkhali.science/kb/RAK_PH_VALUE_e41ce5f94eef11813057ceb3ea1993bf7b477d2c63a8144867ee13e5aceadd78	value	ph-measurement-v1|value|trip4|S5Sr1|2026-07-29|EQ-PH-CACL2-1G-v1.0.0	e41ce5f94eef11813057ceb3ea1993bf7b477d2c63a8144867ee13e5aceadd78	S5Sr1	Trip 4	13
https://rubalkhali.science/kb/RAK_PH_PROCESS_7b93b636497952697ede428da4bb22e06c2412d74c56d98570ba8fc030df4940	process	ph-measurement-v1|process|trip4|S5Dr1|2026-07-29|EQ-PH-CACL2-1G-v1.0.0	7b93b636497952697ede428da4bb22e06c2412d74c56d98570ba8fc030df4940	S5Dr1	Trip 4	14
https://rubalkhali.science/kb/RAK_PH_QUALITY_d65154831b292d7833e8f8efe1509b6f1bebdd2dcf60ec56db13d277cf7803a6	quality	ph-measurement-v1|quality|trip4|S5Dr1|2026-07-29|EQ-PH-CACL2-1G-v1.0.0	d65154831b292d7833e8f8efe1509b6f1bebdd2dcf60ec56db13d277cf7803a6	S5Dr1	Trip 4	14
https://rubalkhali.science/kb/RAK_PH_VALUE_43ef789f61bfbdcf6a43604721af8285d55b04d9d6011ef01ebe6b12b140b71e	value	ph-measurement-v1|value|trip4|S5Dr1|2026-07-29|EQ-PH-CACL2-1G-v1.0.0	43ef789f61bfbdcf6a43604721af8285d55b04d9d6011ef01ebe6b12b140b71e	S5Dr1	Trip 4	14
https://rubalkhali.science/kb/RAK_PH_PROCESS_61a6752a6d65f20f00ff0dc724e5656e2378baf78b19b136cfc893fd61b3e934	process	ph-measurement-v1|process|trip4|S5PRr1|2026-07-29|EQ-PH-CACL2-1G-v1.0.0	61a6752a6d65f20f00ff0dc724e5656e2378baf78b19b136cfc893fd61b3e934	S5PRr1	Trip 4	15
https://rubalkhali.science/kb/RAK_PH_QUALITY_a2e44c802260a64d0653c0d225fcc5b41272263b2c998c36746e0a3c7401d8f7	quality	ph-measurement-v1|quality|trip4|S5PRr1|2026-07-29|EQ-PH-CACL2-1G-v1.0.0	a2e44c802260a64d0653c0d225fcc5b41272263b2c998c36746e0a3c7401d8f7	S5PRr1	Trip 4	15
https://rubalkhali.science/kb/RAK_PH_VALUE_8b946ea41bb71e59718ad9bd32bf1751411b3c8a1278082154c450c8ace57e5e	value	ph-measurement-v1|value|trip4|S5PRr1|2026-07-29|EQ-PH-CACL2-1G-v1.0.0	8b946ea41bb71e59718ad9bd32bf1751411b3c8a1278082154c450c8ace57e5e	S5PRr1	Trip 4	15
https://rubalkhali.science/kb/RAK_PH_PROCESS_db5b4d9def569c309def2e8b95bae21c4c9b53d598148c3f6595511a09ab4129	process	ph-measurement-v1|process|trip4|S8Dr1|2026-07-29|EQ-PH-CACL2-1G-v1.0.0	db5b4d9def569c309def2e8b95bae21c4c9b53d598148c3f6595511a09ab4129	S8Dr1	Trip 4	23
https://rubalkhali.science/kb/RAK_PH_QUALITY_3d5240b746b04fb331f63d894e31d43e18e8cfa156dd83715465a35025776a72	quality	ph-measurement-v1|quality|trip4|S8Dr1|2026-07-29|EQ-PH-CACL2-1G-v1.0.0	3d5240b746b04fb331f63d894e31d43e18e8cfa156dd83715465a35025776a72	S8Dr1	Trip 4	23
https://rubalkhali.science/kb/RAK_PH_VALUE_5149285501cfa60bc424d68aa4cd6032d6fee6a924efa8bbdd56ae1a50f0cf76	value	ph-measurement-v1|value|trip4|S8Dr1|2026-07-29|EQ-PH-CACL2-1G-v1.0.0	5149285501cfa60bc424d68aa4cd6032d6fee6a924efa8bbdd56ae1a50f0cf76	S8Dr1	Trip 4	23
https://rubalkhali.science/kb/RAK_PH_PROCESS_878e0b9802654a3a7a6591637e31be2a179544569cd30d3ba071f878b4dfe07b	process	ph-measurement-v1|process|trip4|S8PRr1|2026-07-29|EQ-PH-CACL2-1G-v1.0.0	878e0b9802654a3a7a6591637e31be2a179544569cd30d3ba071f878b4dfe07b	S8PRr1	Trip 4	24
https://rubalkhali.science/kb/RAK_PH_QUALITY_4512568ee105dc4af4ba8c6c251711bbdb9987a8417ab79e23e7c3e8eb2862f9	quality	ph-measurement-v1|quality|trip4|S8PRr1|2026-07-29|EQ-PH-CACL2-1G-v1.0.0	4512568ee105dc4af4ba8c6c251711bbdb9987a8417ab79e23e7c3e8eb2862f9	S8PRr1	Trip 4	24
https://rubalkhali.science/kb/RAK_PH_VALUE_6b36d8ba88a8245fd28971b181890fb0ace90ef77d214e14a5c595cbd9fb6407	value	ph-measurement-v1|value|trip4|S8PRr1|2026-07-29|EQ-PH-CACL2-1G-v1.0.0	6b36d8ba88a8245fd28971b181890fb0ace90ef77d214e14a5c595cbd9fb6407	S8PRr1	Trip 4	24
https://rubalkhali.science/kb/RAK_PH_PROCESS_60190f73907423c91457c7d1bce4e0116858d664801c9a0be0f24601b48911cc	process	ph-measurement-v1|process|trip4|S9Sr1|2026-07-29|EQ-PH-CACL2-1G-v1.0.0	60190f73907423c91457c7d1bce4e0116858d664801c9a0be0f24601b48911cc	S9Sr1	Trip 4	25
https://rubalkhali.science/kb/RAK_PH_QUALITY_35a99e87e9b03daf7ff96699d5e105c1e6f67e8d074345ecabc236a08c1907c1	quality	ph-measurement-v1|quality|trip4|S9Sr1|2026-07-29|EQ-PH-CACL2-1G-v1.0.0	35a99e87e9b03daf7ff96699d5e105c1e6f67e8d074345ecabc236a08c1907c1	S9Sr1	Trip 4	25
https://rubalkhali.science/kb/RAK_PH_VALUE_e28ca5881948103ec814c9da62895e93c8b7894c1d5e3a3f2efa9735a1b282ea	value	ph-measurement-v1|value|trip4|S9Sr1|2026-07-29|EQ-PH-CACL2-1G-v1.0.0	e28ca5881948103ec814c9da62895e93c8b7894c1d5e3a3f2efa9735a1b282ea	S9Sr1	Trip 4	25
https://rubalkhali.science/kb/RAK_PH_PROCESS_ed977c1873ea5916e8c6355d4d2255161ac76c1a6a28e242e7aaba86215f183c	process	ph-measurement-v1|process|trip4|S9Dr1|2026-07-29|EQ-PH-CACL2-1G-v1.0.0	ed977c1873ea5916e8c6355d4d2255161ac76c1a6a28e242e7aaba86215f183c	S9Dr1	Trip 4	26
https://rubalkhali.science/kb/RAK_PH_QUALITY_e840c1145a3e186553f8534ed89d2517ae80af9939728338fe209f8086a308f1	quality	ph-measurement-v1|quality|trip4|S9Dr1|2026-07-29|EQ-PH-CACL2-1G-v1.0.0	e840c1145a3e186553f8534ed89d2517ae80af9939728338fe209f8086a308f1	S9Dr1	Trip 4	26
https://rubalkhali.science/kb/RAK_PH_VALUE_a6c0e1d0f152963bf6f1f19403b20fcce92739ac94ca3466ea619e4ee85771f4	value	ph-measurement-v1|value|trip4|S9Dr1|2026-07-29|EQ-PH-CACL2-1G-v1.0.0	a6c0e1d0f152963bf6f1f19403b20fcce92739ac94ca3466ea619e4ee85771f4	S9Dr1	Trip 4	26
https://rubalkhali.science/kb/RAK_PH_PROCESS_9ea3232f4a2956443bd8d6468f532c61846f322db86ad15e974b1e526fdbbe56	process	ph-measurement-v1|process|trip4|S9PRr1|2026-07-29|EQ-PH-CACL2-1G-v1.0.0	9ea3232f4a2956443bd8d6468f532c61846f322db86ad15e974b1e526fdbbe56	S9PRr1	Trip 4	27
https://rubalkhali.science/kb/RAK_PH_QUALITY_9486ddd9bcca3925b66a4e7287f61cf25662c9c04bc6bbcf29cd0482d3319c2c	quality	ph-measurement-v1|quality|trip4|S9PRr1|2026-07-29|EQ-PH-CACL2-1G-v1.0.0	9486ddd9bcca3925b66a4e7287f61cf25662c9c04bc6bbcf29cd0482d3319c2c	S9PRr1	Trip 4	27
https://rubalkhali.science/kb/RAK_PH_VALUE_f69e71b9657fdbd88fc83a73925298a90da27f882deba3fedb59ad47fc7f4c34	value	ph-measurement-v1|value|trip4|S9PRr1|2026-07-29|EQ-PH-CACL2-1G-v1.0.0	f69e71b9657fdbd88fc83a73925298a90da27f882deba3fedb59ad47fc7f4c34	S9PRr1	Trip 4	27
https://rubalkhali.science/kb/RAK_PH_PROCESS_91ca2f0929f2c32793b823e86e39c52e4885858e6211bed162f13b3190309d4a	process	ph-measurement-v1|process|trip4|S10Sr1|2026-07-29|EQ-PH-CACL2-1G-v1.0.0	91ca2f0929f2c32793b823e86e39c52e4885858e6211bed162f13b3190309d4a	S10Sr1	Trip 4	28
https://rubalkhali.science/kb/RAK_PH_QUALITY_5ef88acf1ad24c7415eb87084309a64fa0e0abeff35abd42fdec2acdb8ea19ac	quality	ph-measurement-v1|quality|trip4|S10Sr1|2026-07-29|EQ-PH-CACL2-1G-v1.0.0	5ef88acf1ad24c7415eb87084309a64fa0e0abeff35abd42fdec2acdb8ea19ac	S10Sr1	Trip 4	28
https://rubalkhali.science/kb/RAK_PH_VALUE_aaf7dd920fdd1bf4a2d522c517cd7afd3e9fdbdf249072ac6a467f40ea38c53c	value	ph-measurement-v1|value|trip4|S10Sr1|2026-07-29|EQ-PH-CACL2-1G-v1.0.0	aaf7dd920fdd1bf4a2d522c517cd7afd3e9fdbdf249072ac6a467f40ea38c53c	S10Sr1	Trip 4	28
https://rubalkhali.science/kb/RAK_PH_PROCESS_15ff56208ca6d3940b62da365f86e76131ef5a80c414cbe65968114c8d2cda96	process	ph-measurement-v1|process|trip4|S10Dr1|2026-07-29|EQ-PH-CACL2-1G-v1.0.0	15ff56208ca6d3940b62da365f86e76131ef5a80c414cbe65968114c8d2cda96	S10Dr1	Trip 4	29
https://rubalkhali.science/kb/RAK_PH_QUALITY_df8caa1d748c5d8d5b54aa93d5949a0bd6be0bd668b301095e979a8de5a08832	quality	ph-measurement-v1|quality|trip4|S10Dr1|2026-07-29|EQ-PH-CACL2-1G-v1.0.0	df8caa1d748c5d8d5b54aa93d5949a0bd6be0bd668b301095e979a8de5a08832	S10Dr1	Trip 4	29
https://rubalkhali.science/kb/RAK_PH_VALUE_82676a657518659588e7ce26ecc596d26e7535f1e6f53fc8e04263c21db43da5	value	ph-measurement-v1|value|trip4|S10Dr1|2026-07-29|EQ-PH-CACL2-1G-v1.0.0	82676a657518659588e7ce26ecc596d26e7535f1e6f53fc8e04263c21db43da5	S10Dr1	Trip 4	29
https://rubalkhali.science/kb/RAK_PH_PROCESS_02eb8ee0db225e88f259c0f46b8fbd6316394061c963878c3139ab669d60ee00	process	ph-measurement-v1|process|trip4|S10PRr1|2026-07-29|EQ-PH-CACL2-1G-v1.0.0	02eb8ee0db225e88f259c0f46b8fbd6316394061c963878c3139ab669d60ee00	S10PRr1	Trip 4	30
https://rubalkhali.science/kb/RAK_PH_QUALITY_db26414a82a1a4f360822b940299d939c5780d7359e26403ac91b7cd66e2688f	quality	ph-measurement-v1|quality|trip4|S10PRr1|2026-07-29|EQ-PH-CACL2-1G-v1.0.0	db26414a82a1a4f360822b940299d939c5780d7359e26403ac91b7cd66e2688f	S10PRr1	Trip 4	30
https://rubalkhali.science/kb/RAK_PH_VALUE_522c8c58fb40cf522b90ed25836f2dd8ea492fd7e2f7740475eacf23c02c5224	value	ph-measurement-v1|value|trip4|S10PRr1|2026-07-29|EQ-PH-CACL2-1G-v1.0.0	522c8c58fb40cf522b90ed25836f2dd8ea492fd7e2f7740475eacf23c02c5224	S10PRr1	Trip 4	30
https://rubalkhali.science/kb/RAK_PH_PROCESS_72da93061113f15b97d64453a74468b13a8b73d1cfa32e802d0903f17df5744f	process	ph-measurement-v1|process|trip4|S11Sr1|2026-07-29|EQ-PH-CACL2-1G-v1.0.0	72da93061113f15b97d64453a74468b13a8b73d1cfa32e802d0903f17df5744f	S11Sr1	Trip 4	31
https://rubalkhali.science/kb/RAK_PH_QUALITY_620a8d530c8f5c57442c3c44c06168248b5103ecbb1b2384a836ef5be45fcfdc	quality	ph-measurement-v1|quality|trip4|S11Sr1|2026-07-29|EQ-PH-CACL2-1G-v1.0.0	620a8d530c8f5c57442c3c44c06168248b5103ecbb1b2384a836ef5be45fcfdc	S11Sr1	Trip 4	31
https://rubalkhali.science/kb/RAK_PH_VALUE_8b0f1a18a3faf1020e2cba952945ffc68aa123f1c13e8763a6aba002dff880f8	value	ph-measurement-v1|value|trip4|S11Sr1|2026-07-29|EQ-PH-CACL2-1G-v1.0.0	8b0f1a18a3faf1020e2cba952945ffc68aa123f1c13e8763a6aba002dff880f8	S11Sr1	Trip 4	31
https://rubalkhali.science/kb/RAK_PH_PROCESS_3af2d058a141e41df2749d38435dfebea16fb46b0214c67e48ab6886df816704	process	ph-measurement-v1|process|trip4|S11Dr1|2026-07-29|EQ-PH-CACL2-1G-v1.0.0	3af2d058a141e41df2749d38435dfebea16fb46b0214c67e48ab6886df816704	S11Dr1	Trip 4	32
https://rubalkhali.science/kb/RAK_PH_QUALITY_c5df7374ba26825fac08f6b9ab79758acc50b4b6b9ac2615f730e1552b1f4e6a	quality	ph-measurement-v1|quality|trip4|S11Dr1|2026-07-29|EQ-PH-CACL2-1G-v1.0.0	c5df7374ba26825fac08f6b9ab79758acc50b4b6b9ac2615f730e1552b1f4e6a	S11Dr1	Trip 4	32
https://rubalkhali.science/kb/RAK_PH_VALUE_b7bd6cdf0b59670b248e0fe7b10086ecf89dc4fae203cc00f15f5592f34632a4	value	ph-measurement-v1|value|trip4|S11Dr1|2026-07-29|EQ-PH-CACL2-1G-v1.0.0	b7bd6cdf0b59670b248e0fe7b10086ecf89dc4fae203cc00f15f5592f34632a4	S11Dr1	Trip 4	32
https://rubalkhali.science/kb/RAK_PH_PROCESS_bd2c3c518caad4013c0f27fe35f1e6624606994a4890909cead0d08caf1549cd	process	ph-measurement-v1|process|trip4|S11PRr1|2026-07-29|EQ-PH-CACL2-1G-v1.0.0	bd2c3c518caad4013c0f27fe35f1e6624606994a4890909cead0d08caf1549cd	S11PRr1	Trip 4	33
https://rubalkhali.science/kb/RAK_PH_QUALITY_c2d0ed1819e40f93cb2a0851374c9100b47bd47099855703cb171316bc892812	quality	ph-measurement-v1|quality|trip4|S11PRr1|2026-07-29|EQ-PH-CACL2-1G-v1.0.0	c2d0ed1819e40f93cb2a0851374c9100b47bd47099855703cb171316bc892812	S11PRr1	Trip 4	33
https://rubalkhali.science/kb/RAK_PH_VALUE_0d7e8e6b6c09ec4debc71ca790fed91240fd7b2f3a07c87dd028fcf78081dc20	value	ph-measurement-v1|value|trip4|S11PRr1|2026-07-29|EQ-PH-CACL2-1G-v1.0.0	0d7e8e6b6c09ec4debc71ca790fed91240fd7b2f3a07c87dd028fcf78081dc20	S11PRr1	Trip 4	33
https://rubalkhali.science/kb/RAK_PH_PROCESS_8b330ac3be130684b8e9b6ed672d5b716ac4548d41a179f516eef3283b524ab5	process	ph-measurement-v1|process|trip4|S12Sr1|2026-07-29|EQ-PH-CACL2-1G-v1.0.0	8b330ac3be130684b8e9b6ed672d5b716ac4548d41a179f516eef3283b524ab5	S12Sr1	Trip 4	34
https://rubalkhali.science/kb/RAK_PH_QUALITY_c8ab825c7846b87ac5faa5cca138c045678751c583d4d115df86bf714e9d221d	quality	ph-measurement-v1|quality|trip4|S12Sr1|2026-07-29|EQ-PH-CACL2-1G-v1.0.0	c8ab825c7846b87ac5faa5cca138c045678751c583d4d115df86bf714e9d221d	S12Sr1	Trip 4	34
https://rubalkhali.science/kb/RAK_PH_VALUE_6e0e6e58d8377acaae1bbfcd1122af59f85889c7fc29ca767ec70a3b7e1a8710	value	ph-measurement-v1|value|trip4|S12Sr1|2026-07-29|EQ-PH-CACL2-1G-v1.0.0	6e0e6e58d8377acaae1bbfcd1122af59f85889c7fc29ca767ec70a3b7e1a8710	S12Sr1	Trip 4	34
https://rubalkhali.science/kb/RAK_PH_SESSION_60a336c0de77b563b9d96201f7308a2b07e8bcd94663712d59c80b6787457133	session	ph-measurement-v1|session|4|2026-07-29|97.6|10.05	60a336c0de77b563b9d96201f7308a2b07e8bcd94663712d59c80b6787457133		Trip 4	35
https://rubalkhali.science/kb/RAK_PH_PROCESS_dabc795e6f4ea90a2291abd9fd4134586eeb3852b72d7c46bad3bac698fb4e47	process	ph-measurement-v1|process|trip4|S12Dr1|2026-07-29|EQ-PH-CACL2-1G-v1.0.0	dabc795e6f4ea90a2291abd9fd4134586eeb3852b72d7c46bad3bac698fb4e47	S12Dr1	Trip 4	35
https://rubalkhali.science/kb/RAK_PH_QUALITY_4fe37fd2f30f948f43635141dd06c4a0adb62a933ffb96e080129bc6ea6fbd1a	quality	ph-measurement-v1|quality|trip4|S12Dr1|2026-07-29|EQ-PH-CACL2-1G-v1.0.0	4fe37fd2f30f948f43635141dd06c4a0adb62a933ffb96e080129bc6ea6fbd1a	S12Dr1	Trip 4	35
https://rubalkhali.science/kb/RAK_PH_VALUE_332159790d40a87a6699413849acfac24e3b214a42a68c0cb47ded87e265e054	value	ph-measurement-v1|value|trip4|S12Dr1|2026-07-29|EQ-PH-CACL2-1G-v1.0.0	332159790d40a87a6699413849acfac24e3b214a42a68c0cb47ded87e265e054	S12Dr1	Trip 4	35
https://rubalkhali.science/kb/RAK_PH_PROCESS_aad2cdfd128b53cac9eadca48ba8c591e7a1d1ee83897f8420c504eba1c0d6ec	process	ph-measurement-v1|process|trip4|S12PRr1|2026-07-29|EQ-PH-CACL2-1G-v1.0.0	aad2cdfd128b53cac9eadca48ba8c591e7a1d1ee83897f8420c504eba1c0d6ec	S12PRr1	Trip 4	36
https://rubalkhali.science/kb/RAK_PH_QUALITY_a6a91c5c3d2fd8435fca4c26d72be11c051cc89d473259ee11cacf7f9d6e02ec	quality	ph-measurement-v1|quality|trip4|S12PRr1|2026-07-29|EQ-PH-CACL2-1G-v1.0.0	a6a91c5c3d2fd8435fca4c26d72be11c051cc89d473259ee11cacf7f9d6e02ec	S12PRr1	Trip 4	36
https://rubalkhali.science/kb/RAK_PH_VALUE_c2c8fa1d84c3ec9cf9f619fde9b7588824a7005ca3091e49514ac37c68a741ad	value	ph-measurement-v1|value|trip4|S12PRr1|2026-07-29|EQ-PH-CACL2-1G-v1.0.0	c2c8fa1d84c3ec9cf9f619fde9b7588824a7005ca3091e49514ac37c68a741ad	S12PRr1	Trip 4	36
https://rubalkhali.science/kb/RAK_PH_PROCESS_6df18d4dc0516f25f58dbb6c79cfee0fb762f74dd054ac707afe48c66e482865	process	ph-measurement-v1|process|trip4|S13Sr1|2026-07-29|EQ-PH-CACL2-1G-v1.0.0	6df18d4dc0516f25f58dbb6c79cfee0fb762f74dd054ac707afe48c66e482865	S13Sr1	Trip 4	37
https://rubalkhali.science/kb/RAK_PH_QUALITY_5b390d7da2b2ffbe9b823384cf6dc55cb7fcd5d5791b268895d1ca0261cd4493	quality	ph-measurement-v1|quality|trip4|S13Sr1|2026-07-29|EQ-PH-CACL2-1G-v1.0.0	5b390d7da2b2ffbe9b823384cf6dc55cb7fcd5d5791b268895d1ca0261cd4493	S13Sr1	Trip 4	37
https://rubalkhali.science/kb/RAK_PH_VALUE_17a46e928593cdf9545bbbcc7b7074065691528d156ba576a0c3974d3d24f8fc	value	ph-measurement-v1|value|trip4|S13Sr1|2026-07-29|EQ-PH-CACL2-1G-v1.0.0	17a46e928593cdf9545bbbcc7b7074065691528d156ba576a0c3974d3d24f8fc	S13Sr1	Trip 4	37
https://rubalkhali.science/kb/RAK_PH_PROCESS_85990322e36b22483fdc1bc52b4ebe554a3571ba2a3203c14786778458f01b16	process	ph-measurement-v1|process|trip4|S13Dr1|2026-07-29|EQ-PH-CACL2-1G-v1.0.0	85990322e36b22483fdc1bc52b4ebe554a3571ba2a3203c14786778458f01b16	S13Dr1	Trip 4	38
https://rubalkhali.science/kb/RAK_PH_QUALITY_98d58a7fd7c404f4eda7c114e31d96b980508b6eeff111e5ea90b1a2a303a221	quality	ph-measurement-v1|quality|trip4|S13Dr1|2026-07-29|EQ-PH-CACL2-1G-v1.0.0	98d58a7fd7c404f4eda7c114e31d96b980508b6eeff111e5ea90b1a2a303a221	S13Dr1	Trip 4	38
https://rubalkhali.science/kb/RAK_PH_VALUE_0a762ea36868a007889a72b97ece76280edc2836c8b82876b98fed30606690d3	value	ph-measurement-v1|value|trip4|S13Dr1|2026-07-29|EQ-PH-CACL2-1G-v1.0.0	0a762ea36868a007889a72b97ece76280edc2836c8b82876b98fed30606690d3	S13Dr1	Trip 4	38
https://rubalkhali.science/kb/RAK_PH_PROCESS_1e1c7574ecc434e5cf199bfbb7763097085a8933df5d367ea94cac9a94d29c54	process	ph-measurement-v1|process|trip4|S13PRr1|2026-07-29|EQ-PH-CACL2-1G-v1.0.0	1e1c7574ecc434e5cf199bfbb7763097085a8933df5d367ea94cac9a94d29c54	S13PRr1	Trip 4	39
https://rubalkhali.science/kb/RAK_PH_QUALITY_487c6a3934f84f5a034399ebc90868a8422be44922d4d1d2acf8d7b46e6ded0f	quality	ph-measurement-v1|quality|trip4|S13PRr1|2026-07-29|EQ-PH-CACL2-1G-v1.0.0	487c6a3934f84f5a034399ebc90868a8422be44922d4d1d2acf8d7b46e6ded0f	S13PRr1	Trip 4	39
https://rubalkhali.science/kb/RAK_PH_VALUE_43adf5cc863b84801a5c2df11d3d727c1899df4ca2cc08cde9f019600895ec32	value	ph-measurement-v1|value|trip4|S13PRr1|2026-07-29|EQ-PH-CACL2-1G-v1.0.0	43adf5cc863b84801a5c2df11d3d727c1899df4ca2cc08cde9f019600895ec32	S13PRr1	Trip 4	39
https://rubalkhali.science/kb/RAK_PH_PROCESS_d0cd08dac7863b4ea032cd29a931c3b584a805cf3bb0cc1bf62bd9afb4d45271	process	ph-measurement-v1|process|trip4|S14Sr1|2026-07-29|EQ-PH-CACL2-1G-v1.0.0	d0cd08dac7863b4ea032cd29a931c3b584a805cf3bb0cc1bf62bd9afb4d45271	S14Sr1	Trip 4	40
https://rubalkhali.science/kb/RAK_PH_QUALITY_91451fcd135ac35989198351727b32b234749ba9d3340c3fa389cf1a04bca91f	quality	ph-measurement-v1|quality|trip4|S14Sr1|2026-07-29|EQ-PH-CACL2-1G-v1.0.0	91451fcd135ac35989198351727b32b234749ba9d3340c3fa389cf1a04bca91f	S14Sr1	Trip 4	40
https://rubalkhali.science/kb/RAK_PH_VALUE_5aaf1dc4aefd88213ba31327292108cd7b262d1181b8995e2d2c7bac566c47f4	value	ph-measurement-v1|value|trip4|S14Sr1|2026-07-29|EQ-PH-CACL2-1G-v1.0.0	5aaf1dc4aefd88213ba31327292108cd7b262d1181b8995e2d2c7bac566c47f4	S14Sr1	Trip 4	40
https://rubalkhali.science/kb/RAK_PH_PROCESS_929ac0d45d265025f25a012bd2739f823a66822f3f79c283b9273a8f4895114b	process	ph-measurement-v1|process|trip4|S14Dr1|2026-07-29|EQ-PH-CACL2-1G-v1.0.0	929ac0d45d265025f25a012bd2739f823a66822f3f79c283b9273a8f4895114b	S14Dr1	Trip 4	41
https://rubalkhali.science/kb/RAK_PH_QUALITY_ad4c35b3a844134d647a4182594b2aa7535e61ce3bd98259de888e919e890c10	quality	ph-measurement-v1|quality|trip4|S14Dr1|2026-07-29|EQ-PH-CACL2-1G-v1.0.0	ad4c35b3a844134d647a4182594b2aa7535e61ce3bd98259de888e919e890c10	S14Dr1	Trip 4	41
https://rubalkhali.science/kb/RAK_PH_VALUE_359febd9e82fa037a755632b7d7ec23a50c648d1251c14effb2d3a993daefbb0	value	ph-measurement-v1|value|trip4|S14Dr1|2026-07-29|EQ-PH-CACL2-1G-v1.0.0	359febd9e82fa037a755632b7d7ec23a50c648d1251c14effb2d3a993daefbb0	S14Dr1	Trip 4	41
https://rubalkhali.science/kb/RAK_PH_PROCESS_a68c621b827d67b9a872d4f7439b70979313d26d6b6756b7431d882cc589baf4	process	ph-measurement-v1|process|trip4|S14PRr1|2026-07-29|EQ-PH-CACL2-1G-v1.0.0	a68c621b827d67b9a872d4f7439b70979313d26d6b6756b7431d882cc589baf4	S14PRr1	Trip 4	42
https://rubalkhali.science/kb/RAK_PH_QUALITY_556e65252606d21850278dc76429be28fc5fde20fae466666c5ad7ecb5cdab98	quality	ph-measurement-v1|quality|trip4|S14PRr1|2026-07-29|EQ-PH-CACL2-1G-v1.0.0	556e65252606d21850278dc76429be28fc5fde20fae466666c5ad7ecb5cdab98	S14PRr1	Trip 4	42
https://rubalkhali.science/kb/RAK_PH_VALUE_79d560eb747176eb62430282e0770a97b4e1aa3ff35f6697326ab0297e66aadb	value	ph-measurement-v1|value|trip4|S14PRr1|2026-07-29|EQ-PH-CACL2-1G-v1.0.0	79d560eb747176eb62430282e0770a97b4e1aa3ff35f6697326ab0297e66aadb	S14PRr1	Trip 4	42
https://rubalkhali.science/kb/RAK_PH_PROCESS_82cb02be47c002cfd7f890449ea318262a766de4f1ef312db0b2ebb543a87fb5	process	ph-measurement-v1|process|trip4|S15Sr1|2026-07-29|EQ-PH-CACL2-1G-v1.0.0	82cb02be47c002cfd7f890449ea318262a766de4f1ef312db0b2ebb543a87fb5	S15Sr1	Trip 4	43
https://rubalkhali.science/kb/RAK_PH_QUALITY_ac4145cb0a6b00b87f2884f01952805f008305879d4e5e3a91f69c90abfac233	quality	ph-measurement-v1|quality|trip4|S15Sr1|2026-07-29|EQ-PH-CACL2-1G-v1.0.0	ac4145cb0a6b00b87f2884f01952805f008305879d4e5e3a91f69c90abfac233	S15Sr1	Trip 4	43
https://rubalkhali.science/kb/RAK_PH_VALUE_0235f3fa8e62c5fc18c4072db5742a87c1e250d5e3d2724037f1e48da3e3345b	value	ph-measurement-v1|value|trip4|S15Sr1|2026-07-29|EQ-PH-CACL2-1G-v1.0.0	0235f3fa8e62c5fc18c4072db5742a87c1e250d5e3d2724037f1e48da3e3345b	S15Sr1	Trip 4	43
https://rubalkhali.science/kb/RAK_PH_PROCESS_95e0e47447574690b0e0b59583743fd496d6d010af740401f93fb0e714b8bc1f	process	ph-measurement-v1|process|trip4|S15Dr1|2026-07-29|EQ-PH-CACL2-1G-v1.0.0	95e0e47447574690b0e0b59583743fd496d6d010af740401f93fb0e714b8bc1f	S15Dr1	Trip 4	44
https://rubalkhali.science/kb/RAK_PH_QUALITY_1c799556b9689e416a2f19dc6c6ff95df206d13a19ae5c154ee6011b5ff8533c	quality	ph-measurement-v1|quality|trip4|S15Dr1|2026-07-29|EQ-PH-CACL2-1G-v1.0.0	1c799556b9689e416a2f19dc6c6ff95df206d13a19ae5c154ee6011b5ff8533c	S15Dr1	Trip 4	44
https://rubalkhali.science/kb/RAK_PH_VALUE_b651db16a66c74ca3ecebada40af34cd8cc5aadabb51f08c79f375d36020f07f	value	ph-measurement-v1|value|trip4|S15Dr1|2026-07-29|EQ-PH-CACL2-1G-v1.0.0	b651db16a66c74ca3ecebada40af34cd8cc5aadabb51f08c79f375d36020f07f	S15Dr1	Trip 4	44
https://rubalkhali.science/kb/RAK_PH_PROCESS_03db4df19236a62e08027725821d7747f0c99b5cf0f9abda347bf3872ff652f0	process	ph-measurement-v1|process|trip4|S15PRr1|2026-07-29|EQ-PH-CACL2-1G-v1.0.0	03db4df19236a62e08027725821d7747f0c99b5cf0f9abda347bf3872ff652f0	S15PRr1	Trip 4	45
https://rubalkhali.science/kb/RAK_PH_QUALITY_6b5277c4e013125270fc0531fd92eb2a92fe68530864ca71625cd1306de565c0	quality	ph-measurement-v1|quality|trip4|S15PRr1|2026-07-29|EQ-PH-CACL2-1G-v1.0.0	6b5277c4e013125270fc0531fd92eb2a92fe68530864ca71625cd1306de565c0	S15PRr1	Trip 4	45
https://rubalkhali.science/kb/RAK_PH_VALUE_dde6834a08c1a2468a008de86b2bdf68902e62391f7bb43e6fb9d3832a330444	value	ph-measurement-v1|value|trip4|S15PRr1|2026-07-29|EQ-PH-CACL2-1G-v1.0.0	dde6834a08c1a2468a008de86b2bdf68902e62391f7bb43e6fb9d3832a330444	S15PRr1	Trip 4	45
https://rubalkhali.science/kb/RAK_PH_PROCESS_892607946e6d04f0a588c3b81606e4826220e5e6ee1319492d24d064d39ccb60	process	ph-measurement-v1|process|trip4|S16Sr1|2026-07-29|EQ-PH-CACL2-1G-v1.0.0	892607946e6d04f0a588c3b81606e4826220e5e6ee1319492d24d064d39ccb60	S16Sr1	Trip 4	46
https://rubalkhali.science/kb/RAK_PH_QUALITY_a9ffc21b2a2427d4f465d7b2cfb556a9b60ae4a01ce2af8dd0221edf490f9079	quality	ph-measurement-v1|quality|trip4|S16Sr1|2026-07-29|EQ-PH-CACL2-1G-v1.0.0	a9ffc21b2a2427d4f465d7b2cfb556a9b60ae4a01ce2af8dd0221edf490f9079	S16Sr1	Trip 4	46
https://rubalkhali.science/kb/RAK_PH_VALUE_6530370bfbf66be13b034aa3758d3d0ba9cf5d1faac85fb489ff0a7a3f0a87f5	value	ph-measurement-v1|value|trip4|S16Sr1|2026-07-29|EQ-PH-CACL2-1G-v1.0.0	6530370bfbf66be13b034aa3758d3d0ba9cf5d1faac85fb489ff0a7a3f0a87f5	S16Sr1	Trip 4	46
https://rubalkhali.science/kb/RAK_PH_PROCESS_66c58b71603611570cc28e234aaafef1490a2cfaebade4556764a10e660424a4	process	ph-measurement-v1|process|trip4|S16Dr1|2026-07-29|EQ-PH-CACL2-1G-v1.0.0	66c58b71603611570cc28e234aaafef1490a2cfaebade4556764a10e660424a4	S16Dr1	Trip 4	47
https://rubalkhali.science/kb/RAK_PH_QUALITY_c84693d1b44f2d2da8890d5422356f49cadfe323e18f253ee52984f5582e8309	quality	ph-measurement-v1|quality|trip4|S16Dr1|2026-07-29|EQ-PH-CACL2-1G-v1.0.0	c84693d1b44f2d2da8890d5422356f49cadfe323e18f253ee52984f5582e8309	S16Dr1	Trip 4	47
https://rubalkhali.science/kb/RAK_PH_VALUE_40d16217c41093d1a77c328b98c160310e23898d18ffbac557f142b3af370838	value	ph-measurement-v1|value|trip4|S16Dr1|2026-07-29|EQ-PH-CACL2-1G-v1.0.0	40d16217c41093d1a77c328b98c160310e23898d18ffbac557f142b3af370838	S16Dr1	Trip 4	47
https://rubalkhali.science/kb/RAK_PH_PROCESS_4af32329bbb73f58ac7cfdd04d29e338ae3f1a98fecacb848a9f4e010148f403	process	ph-measurement-v1|process|trip4|S16PRr1|2026-07-29|EQ-PH-CACL2-1G-v1.0.0	4af32329bbb73f58ac7cfdd04d29e338ae3f1a98fecacb848a9f4e010148f403	S16PRr1	Trip 4	48
https://rubalkhali.science/kb/RAK_PH_QUALITY_2d1dc740a69123c636b7f9db90c5f8fbc38786c4d8b21c3f4e95fab981af46b1	quality	ph-measurement-v1|quality|trip4|S16PRr1|2026-07-29|EQ-PH-CACL2-1G-v1.0.0	2d1dc740a69123c636b7f9db90c5f8fbc38786c4d8b21c3f4e95fab981af46b1	S16PRr1	Trip 4	48
https://rubalkhali.science/kb/RAK_PH_VALUE_020c3a9cc91864b6fa56f91e102627f6e4768ff84467baca9b4138c7018f6a39	value	ph-measurement-v1|value|trip4|S16PRr1|2026-07-29|EQ-PH-CACL2-1G-v1.0.0	020c3a9cc91864b6fa56f91e102627f6e4768ff84467baca9b4138c7018f6a39	S16PRr1	Trip 4	48
https://rubalkhali.science/kb/RAK_PH_PROCESS_340f519a1e896edc48cffe431f90dcff1dbeb80db7db0c92fcec329ed536494c	process	ph-measurement-v1|process|trip4|S17Sr1|2026-07-29|EQ-PH-CACL2-1G-v1.0.0	340f519a1e896edc48cffe431f90dcff1dbeb80db7db0c92fcec329ed536494c	S17Sr1	Trip 4	49
https://rubalkhali.science/kb/RAK_PH_QUALITY_39b5a007292d9c73a1a0cdac903d9094ac4c5c4897153598932bd8e2531c785d	quality	ph-measurement-v1|quality|trip4|S17Sr1|2026-07-29|EQ-PH-CACL2-1G-v1.0.0	39b5a007292d9c73a1a0cdac903d9094ac4c5c4897153598932bd8e2531c785d	S17Sr1	Trip 4	49
https://rubalkhali.science/kb/RAK_PH_VALUE_6b6a1f12d8ac09c24236eb2b97548fb4e1edcdcf0acd52a60046b7d61874a765	value	ph-measurement-v1|value|trip4|S17Sr1|2026-07-29|EQ-PH-CACL2-1G-v1.0.0	6b6a1f12d8ac09c24236eb2b97548fb4e1edcdcf0acd52a60046b7d61874a765	S17Sr1	Trip 4	49
https://rubalkhali.science/kb/RAK_PH_PROCESS_b9a7781035c7d262d7b23f89000ca0f3dc6848ab20bb0d5443edd0bf9a1c2362	process	ph-measurement-v1|process|trip4|S17Dr1|2026-07-29|EQ-PH-CACL2-1G-v1.0.0	b9a7781035c7d262d7b23f89000ca0f3dc6848ab20bb0d5443edd0bf9a1c2362	S17Dr1	Trip 4	50
https://rubalkhali.science/kb/RAK_PH_QUALITY_43a8dc9043c378b5758ea82641d1365b0d14854113187adc38df7ccf67b95f1c	quality	ph-measurement-v1|quality|trip4|S17Dr1|2026-07-29|EQ-PH-CACL2-1G-v1.0.0	43a8dc9043c378b5758ea82641d1365b0d14854113187adc38df7ccf67b95f1c	S17Dr1	Trip 4	50
https://rubalkhali.science/kb/RAK_PH_VALUE_0865dd2cbac396200fd725ca6be204c86c882dff174a331074c8971040a70cb2	value	ph-measurement-v1|value|trip4|S17Dr1|2026-07-29|EQ-PH-CACL2-1G-v1.0.0	0865dd2cbac396200fd725ca6be204c86c882dff174a331074c8971040a70cb2	S17Dr1	Trip 4	50
https://rubalkhali.science/kb/RAK_PH_PROCESS_b13a6d27d07335ab1b377a84830a348e5b148f9128171b4095911c8bb2137cc9	process	ph-measurement-v1|process|trip4|S17PRr1|2026-07-29|EQ-PH-CACL2-1G-v1.0.0	b13a6d27d07335ab1b377a84830a348e5b148f9128171b4095911c8bb2137cc9	S17PRr1	Trip 4	51
https://rubalkhali.science/kb/RAK_PH_QUALITY_c4f2a6038bb4537d6d98b88d41747e2b49eb865b382d1750148b160d2c07a6ec	quality	ph-measurement-v1|quality|trip4|S17PRr1|2026-07-29|EQ-PH-CACL2-1G-v1.0.0	c4f2a6038bb4537d6d98b88d41747e2b49eb865b382d1750148b160d2c07a6ec	S17PRr1	Trip 4	51
https://rubalkhali.science/kb/RAK_PH_VALUE_22b8a12e8cfe4280871c3a939d6085c6ec79db59012fc66766b868ae41620670	value	ph-measurement-v1|value|trip4|S17PRr1|2026-07-29|EQ-PH-CACL2-1G-v1.0.0	22b8a12e8cfe4280871c3a939d6085c6ec79db59012fc66766b868ae41620670	S17PRr1	Trip 4	51
https://rubalkhali.science/kb/RAK_PH_PROCESS_5abad58f5bd1a7bca272658c6fd4fe74e75bcfe02f1df73bfe7c1981fdefacda	process	ph-measurement-v1|process|trip4|S18Sr1|2026-07-29|EQ-PH-CACL2-1G-v1.0.0	5abad58f5bd1a7bca272658c6fd4fe74e75bcfe02f1df73bfe7c1981fdefacda	S18Sr1	Trip 4	52
https://rubalkhali.science/kb/RAK_PH_QUALITY_c26763bfc7197820060b140505f75cb47e8316370b78fcc59771b1b06c35c5de	quality	ph-measurement-v1|quality|trip4|S18Sr1|2026-07-29|EQ-PH-CACL2-1G-v1.0.0	c26763bfc7197820060b140505f75cb47e8316370b78fcc59771b1b06c35c5de	S18Sr1	Trip 4	52
https://rubalkhali.science/kb/RAK_PH_VALUE_651c7089a4f813e64cac58d5c279a7f65d1d3051e43970855339d269702245fe	value	ph-measurement-v1|value|trip4|S18Sr1|2026-07-29|EQ-PH-CACL2-1G-v1.0.0	651c7089a4f813e64cac58d5c279a7f65d1d3051e43970855339d269702245fe	S18Sr1	Trip 4	52
https://rubalkhali.science/kb/RAK_PH_PROCESS_f7442d2d58353d978e278fe095b18657c3647ecdce3c9e0a9c4fa4435a3365ca	process	ph-measurement-v1|process|trip4|S18Dr1|2026-07-29|EQ-PH-CACL2-1G-v1.0.0	f7442d2d58353d978e278fe095b18657c3647ecdce3c9e0a9c4fa4435a3365ca	S18Dr1	Trip 4	53
https://rubalkhali.science/kb/RAK_PH_QUALITY_fc8c4ae3445638eaedea16b74dca7961f77eb42f13526141c4652574c4c69875	quality	ph-measurement-v1|quality|trip4|S18Dr1|2026-07-29|EQ-PH-CACL2-1G-v1.0.0	fc8c4ae3445638eaedea16b74dca7961f77eb42f13526141c4652574c4c69875	S18Dr1	Trip 4	53
https://rubalkhali.science/kb/RAK_PH_VALUE_89959c2b9d59bd383ad46c423afe1e8325664120e25a0d4322153b251e9b5919	value	ph-measurement-v1|value|trip4|S18Dr1|2026-07-29|EQ-PH-CACL2-1G-v1.0.0	89959c2b9d59bd383ad46c423afe1e8325664120e25a0d4322153b251e9b5919	S18Dr1	Trip 4	53
https://rubalkhali.science/kb/RAK_PH_PROCESS_f73de2e2b4509ea365899c1614b0e185f224019a0161bf25a575fbce2821a5d6	process	ph-measurement-v1|process|trip4|S18PRr1|2026-07-29|EQ-PH-CACL2-1G-v1.0.0	f73de2e2b4509ea365899c1614b0e185f224019a0161bf25a575fbce2821a5d6	S18PRr1	Trip 4	54
https://rubalkhali.science/kb/RAK_PH_QUALITY_40ec247d06d055791ea753bb931514934f65ca7de07a192605132bcd4f985eb0	quality	ph-measurement-v1|quality|trip4|S18PRr1|2026-07-29|EQ-PH-CACL2-1G-v1.0.0	40ec247d06d055791ea753bb931514934f65ca7de07a192605132bcd4f985eb0	S18PRr1	Trip 4	54
https://rubalkhali.science/kb/RAK_PH_VALUE_5b4e652a2f75bfc617de7b03c4303b3a4fad25c1a80bfcbfbcd29c460f529379	value	ph-measurement-v1|value|trip4|S18PRr1|2026-07-29|EQ-PH-CACL2-1G-v1.0.0	5b4e652a2f75bfc617de7b03c4303b3a4fad25c1a80bfcbfbcd29c460f529379	S18PRr1	Trip 4	54
https://rubalkhali.science/kb/RAK_PH_PROCESS_c77e217ac4db6c5794fae5a6fb91b4c321b5b30c007affd45c747cb1fc301bda	process	ph-measurement-v1|process|trip4|S19Sr1|2026-07-29|EQ-PH-CACL2-1G-v1.0.0	c77e217ac4db6c5794fae5a6fb91b4c321b5b30c007affd45c747cb1fc301bda	S19Sr1	Trip 4	55
https://rubalkhali.science/kb/RAK_PH_QUALITY_8fc843040beaad22cb161619787080025ef026509348e89baacdcaa96c15025a	quality	ph-measurement-v1|quality|trip4|S19Sr1|2026-07-29|EQ-PH-CACL2-1G-v1.0.0	8fc843040beaad22cb161619787080025ef026509348e89baacdcaa96c15025a	S19Sr1	Trip 4	55
https://rubalkhali.science/kb/RAK_PH_VALUE_0ef405a5e13af398f241e0d024c252e24649da776116199cae3f707e368a5546	value	ph-measurement-v1|value|trip4|S19Sr1|2026-07-29|EQ-PH-CACL2-1G-v1.0.0	0ef405a5e13af398f241e0d024c252e24649da776116199cae3f707e368a5546	S19Sr1	Trip 4	55
https://rubalkhali.science/kb/RAK_PH_PROCESS_31bd4d0ccd5ade5193e04ebc8b294d1a23fb5ab20d4b9c6f359bfc9429b0157f	process	ph-measurement-v1|process|trip4|S19Dr1|2026-07-29|EQ-PH-CACL2-1G-v1.0.0	31bd4d0ccd5ade5193e04ebc8b294d1a23fb5ab20d4b9c6f359bfc9429b0157f	S19Dr1	Trip 4	56
https://rubalkhali.science/kb/RAK_PH_QUALITY_fc8d2d718a26b668c0a8c75e7a0dd8eb8ed2614a2bbd748d5f1cfe2d786ef8ea	quality	ph-measurement-v1|quality|trip4|S19Dr1|2026-07-29|EQ-PH-CACL2-1G-v1.0.0	fc8d2d718a26b668c0a8c75e7a0dd8eb8ed2614a2bbd748d5f1cfe2d786ef8ea	S19Dr1	Trip 4	56
https://rubalkhali.science/kb/RAK_PH_VALUE_f76d8c8d04f387c78b468ee80d40b5ac003e88176a63522e9ca7f4210922b61c	value	ph-measurement-v1|value|trip4|S19Dr1|2026-07-29|EQ-PH-CACL2-1G-v1.0.0	f76d8c8d04f387c78b468ee80d40b5ac003e88176a63522e9ca7f4210922b61c	S19Dr1	Trip 4	56
https://rubalkhali.science/kb/RAK_PH_PROCESS_72bc6711b88d4face17694f9f8f50d724b91ca063df6046a152403f199f25eab	process	ph-measurement-v1|process|trip4|S19PRr1|2026-07-29|EQ-PH-CACL2-1G-v1.0.0	72bc6711b88d4face17694f9f8f50d724b91ca063df6046a152403f199f25eab	S19PRr1	Trip 4	57
https://rubalkhali.science/kb/RAK_PH_QUALITY_62d77168ce0de6f16d3253675c7325ebe2a3cdb8ee36e63ed9dce3f8c2cc1c28	quality	ph-measurement-v1|quality|trip4|S19PRr1|2026-07-29|EQ-PH-CACL2-1G-v1.0.0	62d77168ce0de6f16d3253675c7325ebe2a3cdb8ee36e63ed9dce3f8c2cc1c28	S19PRr1	Trip 4	57
https://rubalkhali.science/kb/RAK_PH_VALUE_69247034ae3f8f9255b6dbe4b6bdeec9e539a147aeb552129690db6803a48430	value	ph-measurement-v1|value|trip4|S19PRr1|2026-07-29|EQ-PH-CACL2-1G-v1.0.0	69247034ae3f8f9255b6dbe4b6bdeec9e539a147aeb552129690db6803a48430	S19PRr1	Trip 4	57
https://rubalkhali.science/kb/RAK_PH_SESSION_257aac6a8d36bcb05cba5f5b26a9f08298933b6c285234c6f6a8dbbbf42b7e2a	session	ph-measurement-v1|session|4|2026-07-30|97|10.05	257aac6a8d36bcb05cba5f5b26a9f08298933b6c285234c6f6a8dbbbf42b7e2a		Trip 4	58
https://rubalkhali.science/kb/RAK_PH_PROCESS_ec402096a2c1266e951a504d4eb6ce03e312d626bbcdef60e4f049db9d569185	process	ph-measurement-v1|process|trip4|S20Sr1|2026-07-30|EQ-PH-CACL2-1G-v1.0.0	ec402096a2c1266e951a504d4eb6ce03e312d626bbcdef60e4f049db9d569185	S20Sr1	Trip 4	58
https://rubalkhali.science/kb/RAK_PH_QUALITY_295eba040f1ec7ea1731b23c61fba734f8b04aef6c47968edddf13d9cfbc1136	quality	ph-measurement-v1|quality|trip4|S20Sr1|2026-07-30|EQ-PH-CACL2-1G-v1.0.0	295eba040f1ec7ea1731b23c61fba734f8b04aef6c47968edddf13d9cfbc1136	S20Sr1	Trip 4	58
https://rubalkhali.science/kb/RAK_PH_VALUE_8609ccb545351440c1caf552b58aaa1a94ac122c9fcda42bf21fd918f01ad3aa	value	ph-measurement-v1|value|trip4|S20Sr1|2026-07-30|EQ-PH-CACL2-1G-v1.0.0	8609ccb545351440c1caf552b58aaa1a94ac122c9fcda42bf21fd918f01ad3aa	S20Sr1	Trip 4	58
https://rubalkhali.science/kb/RAK_PH_PROCESS_f5a631ff0615e5564ebcc7edc1b14df940d8df4a94c4d8d558275ed8668579d2	process	ph-measurement-v1|process|trip4|S20Dr1|2026-07-30|EQ-PH-CACL2-1G-v1.0.0	f5a631ff0615e5564ebcc7edc1b14df940d8df4a94c4d8d558275ed8668579d2	S20Dr1	Trip 4	59
https://rubalkhali.science/kb/RAK_PH_QUALITY_69b19305f6be8e79a09e1a4d198600be563d3c1091481f0f8012d09ca7884a4b	quality	ph-measurement-v1|quality|trip4|S20Dr1|2026-07-30|EQ-PH-CACL2-1G-v1.0.0	69b19305f6be8e79a09e1a4d198600be563d3c1091481f0f8012d09ca7884a4b	S20Dr1	Trip 4	59
https://rubalkhali.science/kb/RAK_PH_VALUE_f3350f56d61954ff71901f8e729fba63fc258e4d5dd612bf025231c18517e855	value	ph-measurement-v1|value|trip4|S20Dr1|2026-07-30|EQ-PH-CACL2-1G-v1.0.0	f3350f56d61954ff71901f8e729fba63fc258e4d5dd612bf025231c18517e855	S20Dr1	Trip 4	59
https://rubalkhali.science/kb/RAK_PH_PROCESS_cb6c174a0c44b45150632244a498ce6873232305511af6c0da28eac333b7a37a	process	ph-measurement-v1|process|trip4|S20PRr1|2026-07-30|EQ-PH-CACL2-1G-v1.0.0	cb6c174a0c44b45150632244a498ce6873232305511af6c0da28eac333b7a37a	S20PRr1	Trip 4	60
https://rubalkhali.science/kb/RAK_PH_QUALITY_834b3304ac1bbae531b87d467cfc3bdbf688d5120fbb6ea5391d1c741983d324	quality	ph-measurement-v1|quality|trip4|S20PRr1|2026-07-30|EQ-PH-CACL2-1G-v1.0.0	834b3304ac1bbae531b87d467cfc3bdbf688d5120fbb6ea5391d1c741983d324	S20PRr1	Trip 4	60
https://rubalkhali.science/kb/RAK_PH_VALUE_5b470d710a56ea0f1bcbe526086ec04a7dc6b1d5ffb1b053c319bf0d0d812109	value	ph-measurement-v1|value|trip4|S20PRr1|2026-07-30|EQ-PH-CACL2-1G-v1.0.0	5b470d710a56ea0f1bcbe526086ec04a7dc6b1d5ffb1b053c319bf0d0d812109	S20PRr1	Trip 4	60
https://rubalkhali.science/kb/RAK_PH_PROCESS_4a01c17396372787c623084458ba80bd3539875192c280574f65dd392d0c8a12	process	ph-measurement-v1|process|trip4|S21Sr1|2026-07-30|EQ-PH-CACL2-1G-v1.0.0	4a01c17396372787c623084458ba80bd3539875192c280574f65dd392d0c8a12	S21Sr1	Trip 4	61
https://rubalkhali.science/kb/RAK_PH_QUALITY_e6ccd1af7792ed75dfef9ad6956aaa037103460748d7312f8a07100acdda2480	quality	ph-measurement-v1|quality|trip4|S21Sr1|2026-07-30|EQ-PH-CACL2-1G-v1.0.0	e6ccd1af7792ed75dfef9ad6956aaa037103460748d7312f8a07100acdda2480	S21Sr1	Trip 4	61
https://rubalkhali.science/kb/RAK_PH_VALUE_94eb975dd9bf4d11310433111478fe1a75d0532c5f6e774f2da1f3bd398d3efd	value	ph-measurement-v1|value|trip4|S21Sr1|2026-07-30|EQ-PH-CACL2-1G-v1.0.0	94eb975dd9bf4d11310433111478fe1a75d0532c5f6e774f2da1f3bd398d3efd	S21Sr1	Trip 4	61
https://rubalkhali.science/kb/RAK_PH_PROCESS_1bb0f223b38b0bdb877e7b4157c657dafe71e9932a2b2ef4314d1c479c5261e9	process	ph-measurement-v1|process|trip4|S21Dr1|2026-07-30|EQ-PH-CACL2-1G-v1.0.0	1bb0f223b38b0bdb877e7b4157c657dafe71e9932a2b2ef4314d1c479c5261e9	S21Dr1	Trip 4	62
https://rubalkhali.science/kb/RAK_PH_QUALITY_b74476d8ba808e72ae50b64130615e6ed8505e5b80d97b3896697d254e24266c	quality	ph-measurement-v1|quality|trip4|S21Dr1|2026-07-30|EQ-PH-CACL2-1G-v1.0.0	b74476d8ba808e72ae50b64130615e6ed8505e5b80d97b3896697d254e24266c	S21Dr1	Trip 4	62
https://rubalkhali.science/kb/RAK_PH_VALUE_5e0efaf3060914face6add477e130fd1e64dff86601772a5c2714da22c2fc39e	value	ph-measurement-v1|value|trip4|S21Dr1|2026-07-30|EQ-PH-CACL2-1G-v1.0.0	5e0efaf3060914face6add477e130fd1e64dff86601772a5c2714da22c2fc39e	S21Dr1	Trip 4	62
https://rubalkhali.science/kb/RAK_PH_PROCESS_a16c2b05ab66a21a392c9d56177383443e260ab003cf875a8961247b30355e05	process	ph-measurement-v1|process|trip4|S21PRr1|2026-07-30|EQ-PH-CACL2-1G-v1.0.0	a16c2b05ab66a21a392c9d56177383443e260ab003cf875a8961247b30355e05	S21PRr1	Trip 4	63
https://rubalkhali.science/kb/RAK_PH_QUALITY_389352a9ccd597e07e3e6700482d25923ca44d35ab29aad8d2910771caa02f25	quality	ph-measurement-v1|quality|trip4|S21PRr1|2026-07-30|EQ-PH-CACL2-1G-v1.0.0	389352a9ccd597e07e3e6700482d25923ca44d35ab29aad8d2910771caa02f25	S21PRr1	Trip 4	63
https://rubalkhali.science/kb/RAK_PH_VALUE_37ab054f0881960be3df2a8549ed199d8f9f2ccc52e8d60fcef41dcd68b44e1f	value	ph-measurement-v1|value|trip4|S21PRr1|2026-07-30|EQ-PH-CACL2-1G-v1.0.0	37ab054f0881960be3df2a8549ed199d8f9f2ccc52e8d60fcef41dcd68b44e1f	S21PRr1	Trip 4	63
https://rubalkhali.science/kb/RAK_PH_PROCESS_6ada4871ff06016d62050f6488ef29b63e27ec2c40bc724f0518cb6fa0664bd5	process	ph-measurement-v1|process|trip4|S22Sr1|2026-07-30|EQ-PH-CACL2-1G-v1.0.0	6ada4871ff06016d62050f6488ef29b63e27ec2c40bc724f0518cb6fa0664bd5	S22Sr1	Trip 4	64
https://rubalkhali.science/kb/RAK_PH_QUALITY_2ddd8d4db317f74f0463bf5e0672f6b6870f9a5a87424530df0ed9ac37d6a7df	quality	ph-measurement-v1|quality|trip4|S22Sr1|2026-07-30|EQ-PH-CACL2-1G-v1.0.0	2ddd8d4db317f74f0463bf5e0672f6b6870f9a5a87424530df0ed9ac37d6a7df	S22Sr1	Trip 4	64
https://rubalkhali.science/kb/RAK_PH_VALUE_10690bdfc146f694060a8b12e05e5d09b0ea93954c3e7d8609193aac7a801ab7	value	ph-measurement-v1|value|trip4|S22Sr1|2026-07-30|EQ-PH-CACL2-1G-v1.0.0	10690bdfc146f694060a8b12e05e5d09b0ea93954c3e7d8609193aac7a801ab7	S22Sr1	Trip 4	64
https://rubalkhali.science/kb/RAK_PH_PROCESS_1c471a380fdc49173cb50efbf7833cf0b43d060d4e196480c26329df5d3cb86b	process	ph-measurement-v1|process|trip4|S22Dr1|2026-07-30|EQ-PH-CACL2-1G-v1.0.0	1c471a380fdc49173cb50efbf7833cf0b43d060d4e196480c26329df5d3cb86b	S22Dr1	Trip 4	65
https://rubalkhali.science/kb/RAK_PH_QUALITY_df78a660e6cb36421561d2cbc792a7f09113fda78d24d654a6a8a50f4703f625	quality	ph-measurement-v1|quality|trip4|S22Dr1|2026-07-30|EQ-PH-CACL2-1G-v1.0.0	df78a660e6cb36421561d2cbc792a7f09113fda78d24d654a6a8a50f4703f625	S22Dr1	Trip 4	65
https://rubalkhali.science/kb/RAK_PH_VALUE_ebae4d5759c024eff6ef3e71db7a6288824c6cd7d367b88a1899a643020b358a	value	ph-measurement-v1|value|trip4|S22Dr1|2026-07-30|EQ-PH-CACL2-1G-v1.0.0	ebae4d5759c024eff6ef3e71db7a6288824c6cd7d367b88a1899a643020b358a	S22Dr1	Trip 4	65
https://rubalkhali.science/kb/RAK_PH_PROCESS_7465ec7fa8b6ce1ec63e6f63dedacdc8b620d0e4907b021628693e86e0ab3a57	process	ph-measurement-v1|process|trip4|S22PRr1|2026-07-30|EQ-PH-CACL2-1G-v1.0.0	7465ec7fa8b6ce1ec63e6f63dedacdc8b620d0e4907b021628693e86e0ab3a57	S22PRr1	Trip 4	66
https://rubalkhali.science/kb/RAK_PH_QUALITY_a33874a4385bae8433855980ee564eac497e8441070262b80541e930abd566e4	quality	ph-measurement-v1|quality|trip4|S22PRr1|2026-07-30|EQ-PH-CACL2-1G-v1.0.0	a33874a4385bae8433855980ee564eac497e8441070262b80541e930abd566e4	S22PRr1	Trip 4	66
https://rubalkhali.science/kb/RAK_PH_VALUE_a9c031f6cb68c814b7f5e791c6bfa5387148bd29c925e6f6c92febfcbe381bcb	value	ph-measurement-v1|value|trip4|S22PRr1|2026-07-30|EQ-PH-CACL2-1G-v1.0.0	a9c031f6cb68c814b7f5e791c6bfa5387148bd29c925e6f6c92febfcbe381bcb	S22PRr1	Trip 4	66
https://rubalkhali.science/kb/RAK_PH_PROCESS_e436fec248eaababbf8e820047c5cafe7ff10785e05c9c1bb7c6d3e95d1587b1	process	ph-measurement-v1|process|trip4|S23Sr1|2026-07-30|EQ-PH-CACL2-1G-v1.0.0	e436fec248eaababbf8e820047c5cafe7ff10785e05c9c1bb7c6d3e95d1587b1	S23Sr1	Trip 4	67
https://rubalkhali.science/kb/RAK_PH_QUALITY_49ce2054e910b4ae2d1357d2e77fa4b66afde8c35635e4d2560cb21560743681	quality	ph-measurement-v1|quality|trip4|S23Sr1|2026-07-30|EQ-PH-CACL2-1G-v1.0.0	49ce2054e910b4ae2d1357d2e77fa4b66afde8c35635e4d2560cb21560743681	S23Sr1	Trip 4	67
https://rubalkhali.science/kb/RAK_PH_VALUE_947b324cf8071ebe627c4bdd5abf4a5dd07283201b6b625b6c93c5fafe0f60e0	value	ph-measurement-v1|value|trip4|S23Sr1|2026-07-30|EQ-PH-CACL2-1G-v1.0.0	947b324cf8071ebe627c4bdd5abf4a5dd07283201b6b625b6c93c5fafe0f60e0	S23Sr1	Trip 4	67
https://rubalkhali.science/kb/RAK_PH_PROCESS_fd4a8ff33b8c17a857926fb31f1f9fc9c91498ac32542b06ff63b6137b8c00de	process	ph-measurement-v1|process|trip4|S23Dr1|2026-07-30|EQ-PH-CACL2-1G-v1.0.0	fd4a8ff33b8c17a857926fb31f1f9fc9c91498ac32542b06ff63b6137b8c00de	S23Dr1	Trip 4	68
https://rubalkhali.science/kb/RAK_PH_QUALITY_d8be8a58c87a9a36695f8de5923fb3105c25968d938798d5d25d2cc2eb91d850	quality	ph-measurement-v1|quality|trip4|S23Dr1|2026-07-30|EQ-PH-CACL2-1G-v1.0.0	d8be8a58c87a9a36695f8de5923fb3105c25968d938798d5d25d2cc2eb91d850	S23Dr1	Trip 4	68
https://rubalkhali.science/kb/RAK_PH_VALUE_6a8f1cb832aecf8088f4dc21ccd49734f1c598e32feaf1bb798d8a81f8ce88ea	value	ph-measurement-v1|value|trip4|S23Dr1|2026-07-30|EQ-PH-CACL2-1G-v1.0.0	6a8f1cb832aecf8088f4dc21ccd49734f1c598e32feaf1bb798d8a81f8ce88ea	S23Dr1	Trip 4	68
https://rubalkhali.science/kb/RAK_PH_PROCESS_7af0d314cff1f6169e120948ce5e7d870848779b4158ad9766edec7bda980f71	process	ph-measurement-v1|process|trip4|S23PRr1|2026-07-30|EQ-PH-CACL2-1G-v1.0.0	7af0d314cff1f6169e120948ce5e7d870848779b4158ad9766edec7bda980f71	S23PRr1	Trip 4	69
https://rubalkhali.science/kb/RAK_PH_QUALITY_6c9e7b4999fd9cf9ee2a0e34f75c4d012e73c72d586dbab4a2e5b656d37b40d6	quality	ph-measurement-v1|quality|trip4|S23PRr1|2026-07-30|EQ-PH-CACL2-1G-v1.0.0	6c9e7b4999fd9cf9ee2a0e34f75c4d012e73c72d586dbab4a2e5b656d37b40d6	S23PRr1	Trip 4	69
https://rubalkhali.science/kb/RAK_PH_VALUE_07b6c55f1fffcaf3dbcfde49c0d9bad5f6821e573d8804ac6a873806cb4c4290	value	ph-measurement-v1|value|trip4|S23PRr1|2026-07-30|EQ-PH-CACL2-1G-v1.0.0	07b6c55f1fffcaf3dbcfde49c0d9bad5f6821e573d8804ac6a873806cb4c4290	S23PRr1	Trip 4	69
https://rubalkhali.science/kb/RAK_PH_PROCESS_9bbc86d7eb2fc71384d0b0e0c5860474cb693f1832b1280a09cc1da3f034634b	process	ph-measurement-v1|process|trip4|S24Sr1|2026-07-30|EQ-PH-CACL2-1G-v1.0.0	9bbc86d7eb2fc71384d0b0e0c5860474cb693f1832b1280a09cc1da3f034634b	S24Sr1	Trip 4	70
https://rubalkhali.science/kb/RAK_PH_QUALITY_5968ac08f169545254251cd203950284ed1f05d3b3d84102e7929fa48d95a8c2	quality	ph-measurement-v1|quality|trip4|S24Sr1|2026-07-30|EQ-PH-CACL2-1G-v1.0.0	5968ac08f169545254251cd203950284ed1f05d3b3d84102e7929fa48d95a8c2	S24Sr1	Trip 4	70
https://rubalkhali.science/kb/RAK_PH_VALUE_1cd6491febc534b6ee88d8edc13ceb851386bc376b16bb22b44b802f1d110950	value	ph-measurement-v1|value|trip4|S24Sr1|2026-07-30|EQ-PH-CACL2-1G-v1.0.0	1cd6491febc534b6ee88d8edc13ceb851386bc376b16bb22b44b802f1d110950	S24Sr1	Trip 4	70
https://rubalkhali.science/kb/RAK_PH_PROCESS_f713c03447495c0ba8028035878ddc76bb779d2edabd0102a795f1a6eca756e2	process	ph-measurement-v1|process|trip4|S24Dr1|2026-07-30|EQ-PH-CACL2-1G-v1.0.0	f713c03447495c0ba8028035878ddc76bb779d2edabd0102a795f1a6eca756e2	S24Dr1	Trip 4	71
https://rubalkhali.science/kb/RAK_PH_QUALITY_bc8d4e70d450f33c13dc86f54c03f074188b0dacbf1ac2ec3ef7168a178e0b4d	quality	ph-measurement-v1|quality|trip4|S24Dr1|2026-07-30|EQ-PH-CACL2-1G-v1.0.0	bc8d4e70d450f33c13dc86f54c03f074188b0dacbf1ac2ec3ef7168a178e0b4d	S24Dr1	Trip 4	71
https://rubalkhali.science/kb/RAK_PH_VALUE_5a551af01c073c583417ba42de778aa7870c948afc023d83a073435932ab9093	value	ph-measurement-v1|value|trip4|S24Dr1|2026-07-30|EQ-PH-CACL2-1G-v1.0.0	5a551af01c073c583417ba42de778aa7870c948afc023d83a073435932ab9093	S24Dr1	Trip 4	71
https://rubalkhali.science/kb/RAK_PH_PROCESS_194f7a9bec547a9ca4a1f542a1de1df0ab27ccebb1e94ac7495325a46d9f5a50	process	ph-measurement-v1|process|trip4|S24PRr1|2026-07-30|EQ-PH-CACL2-1G-v1.0.0	194f7a9bec547a9ca4a1f542a1de1df0ab27ccebb1e94ac7495325a46d9f5a50	S24PRr1	Trip 4	72
https://rubalkhali.science/kb/RAK_PH_QUALITY_f54e4495b41e4181f69184be871ebb51c9ebc3650a08728605fbf9d22cce2bc6	quality	ph-measurement-v1|quality|trip4|S24PRr1|2026-07-30|EQ-PH-CACL2-1G-v1.0.0	f54e4495b41e4181f69184be871ebb51c9ebc3650a08728605fbf9d22cce2bc6	S24PRr1	Trip 4	72
https://rubalkhali.science/kb/RAK_PH_VALUE_1fa310cd0bde88edd9dc5d30bc83e736532a839922e48b0d4405c3bae990fce7	value	ph-measurement-v1|value|trip4|S24PRr1|2026-07-30|EQ-PH-CACL2-1G-v1.0.0	1fa310cd0bde88edd9dc5d30bc83e736532a839922e48b0d4405c3bae990fce7	S24PRr1	Trip 4	72
https://rubalkhali.science/kb/RAK_PH_PROCESS_eec59d9baf4947b285def840314971028d34c6c4aa2b4e821e26fc000110078e	process	ph-measurement-v1|process|trip4|S25Dr1|2026-07-30|EQ-PH-CACL2-1G-v1.0.0	eec59d9baf4947b285def840314971028d34c6c4aa2b4e821e26fc000110078e	S25Dr1	Trip 4	74
https://rubalkhali.science/kb/RAK_PH_QUALITY_9f6ce3b795fca3d8fc786fb5ee76d5b1e18774627fc790302d24111df421ab3c	quality	ph-measurement-v1|quality|trip4|S25Dr1|2026-07-30|EQ-PH-CACL2-1G-v1.0.0	9f6ce3b795fca3d8fc786fb5ee76d5b1e18774627fc790302d24111df421ab3c	S25Dr1	Trip 4	74
https://rubalkhali.science/kb/RAK_PH_VALUE_eed5b76d8abdd45a0e2b745b96b7719002731b0fe5e08b1b48eaa9d8aaf26c09	value	ph-measurement-v1|value|trip4|S25Dr1|2026-07-30|EQ-PH-CACL2-1G-v1.0.0	eed5b76d8abdd45a0e2b745b96b7719002731b0fe5e08b1b48eaa9d8aaf26c09	S25Dr1	Trip 4	74
https://rubalkhali.science/kb/RAK_PH_PROCESS_9480094972def21509d59298ba65c8107cf2c119c44a52681dc14df4c6e24045	process	ph-measurement-v1|process|trip4|S25PRr1|2026-07-30|EQ-PH-CACL2-1G-v1.0.0	9480094972def21509d59298ba65c8107cf2c119c44a52681dc14df4c6e24045	S25PRr1	Trip 4	75
https://rubalkhali.science/kb/RAK_PH_QUALITY_8910ac626e91d406c66b6a85e006414c6adf083bde561eb841c5b6e388a461f2	quality	ph-measurement-v1|quality|trip4|S25PRr1|2026-07-30|EQ-PH-CACL2-1G-v1.0.0	8910ac626e91d406c66b6a85e006414c6adf083bde561eb841c5b6e388a461f2	S25PRr1	Trip 4	75
https://rubalkhali.science/kb/RAK_PH_VALUE_f6cef9aab29f9db4c94a62ce64b40237be1acac244a934940b4c5b231941c17f	value	ph-measurement-v1|value|trip4|S25PRr1|2026-07-30|EQ-PH-CACL2-1G-v1.0.0	f6cef9aab29f9db4c94a62ce64b40237be1acac244a934940b4c5b231941c17f	S25PRr1	Trip 4	75
https://rubalkhali.science/kb/RAK_PH_PROCESS_9d5538e75af5c8fab7b83c7a68213d26cb81125b95d587fc0fa03a8d36c7d8ef	process	ph-measurement-v1|process|trip4|S26Sr1|2026-07-30|EQ-PH-CACL2-1G-v1.0.0	9d5538e75af5c8fab7b83c7a68213d26cb81125b95d587fc0fa03a8d36c7d8ef	S26Sr1	Trip 4	76
https://rubalkhali.science/kb/RAK_PH_QUALITY_f6be16835e8e4b9e1520f8a688a80e860624a0ba2bb4027bbedf369eabceacdf	quality	ph-measurement-v1|quality|trip4|S26Sr1|2026-07-30|EQ-PH-CACL2-1G-v1.0.0	f6be16835e8e4b9e1520f8a688a80e860624a0ba2bb4027bbedf369eabceacdf	S26Sr1	Trip 4	76
https://rubalkhali.science/kb/RAK_PH_VALUE_8efda8b127b8d9444df50c1dca6cdaa679ab8f5ef165597a6f06afd7a4ebd44e	value	ph-measurement-v1|value|trip4|S26Sr1|2026-07-30|EQ-PH-CACL2-1G-v1.0.0	8efda8b127b8d9444df50c1dca6cdaa679ab8f5ef165597a6f06afd7a4ebd44e	S26Sr1	Trip 4	76
https://rubalkhali.science/kb/RAK_PH_PROCESS_ac009436cace317b005c50569fdb5ef58364fc399272f4e3a3730a56c64b6c1e	process	ph-measurement-v1|process|trip4|S26Dr1|2026-07-30|EQ-PH-CACL2-1G-v1.0.0	ac009436cace317b005c50569fdb5ef58364fc399272f4e3a3730a56c64b6c1e	S26Dr1	Trip 4	77
https://rubalkhali.science/kb/RAK_PH_QUALITY_66a612183a460fcb1c69ae0fe52cb3838c70302f51f500fc914722773e426ada	quality	ph-measurement-v1|quality|trip4|S26Dr1|2026-07-30|EQ-PH-CACL2-1G-v1.0.0	66a612183a460fcb1c69ae0fe52cb3838c70302f51f500fc914722773e426ada	S26Dr1	Trip 4	77
https://rubalkhali.science/kb/RAK_PH_VALUE_13aa99b242c7d8a01cddd1dc03b11595359c1d76e079a743a04455984643cc6c	value	ph-measurement-v1|value|trip4|S26Dr1|2026-07-30|EQ-PH-CACL2-1G-v1.0.0	13aa99b242c7d8a01cddd1dc03b11595359c1d76e079a743a04455984643cc6c	S26Dr1	Trip 4	77
https://rubalkhali.science/kb/RAK_PH_PROCESS_f0a9b648d3cfc13f92d1e7d1258f79e9604ea012eaf1f5a96211c76eb3a5ff43	process	ph-measurement-v1|process|trip4|S26PRr1|2026-07-30|EQ-PH-CACL2-1G-v1.0.0	f0a9b648d3cfc13f92d1e7d1258f79e9604ea012eaf1f5a96211c76eb3a5ff43	S26PRr1	Trip 4	78
https://rubalkhali.science/kb/RAK_PH_QUALITY_fc889642af7e0a884d306a343332e81734f744b209ea6aef6d6428cdd8316560	quality	ph-measurement-v1|quality|trip4|S26PRr1|2026-07-30|EQ-PH-CACL2-1G-v1.0.0	fc889642af7e0a884d306a343332e81734f744b209ea6aef6d6428cdd8316560	S26PRr1	Trip 4	78
https://rubalkhali.science/kb/RAK_PH_VALUE_06403275b2ca20e7d45e3a99bff0b855b8a30d1ed477251fb01e5a9be4f3d1fe	value	ph-measurement-v1|value|trip4|S26PRr1|2026-07-30|EQ-PH-CACL2-1G-v1.0.0	06403275b2ca20e7d45e3a99bff0b855b8a30d1ed477251fb01e5a9be4f3d1fe	S26PRr1	Trip 4	78
https://rubalkhali.science/kb/RAK_PH_PROCESS_d4cfe8fb28472b988e592e57bd8d068103f1fabf1b4d732fae2efa1101c16212	process	ph-measurement-v1|process|trip4|S27Dr1|2026-07-30|EQ-PH-CACL2-1G-v1.0.0	d4cfe8fb28472b988e592e57bd8d068103f1fabf1b4d732fae2efa1101c16212	S27Dr1	Trip 4	80
https://rubalkhali.science/kb/RAK_PH_QUALITY_f9f2746bbf583178168ea2261582670df2a9da88cc739792f8da92393c7f63f9	quality	ph-measurement-v1|quality|trip4|S27Dr1|2026-07-30|EQ-PH-CACL2-1G-v1.0.0	f9f2746bbf583178168ea2261582670df2a9da88cc739792f8da92393c7f63f9	S27Dr1	Trip 4	80
https://rubalkhali.science/kb/RAK_PH_VALUE_ed423fbf73d6c98420ea5534f1b894e9ddaf2ba02833fb8dd5d71d0561b6214c	value	ph-measurement-v1|value|trip4|S27Dr1|2026-07-30|EQ-PH-CACL2-1G-v1.0.0	ed423fbf73d6c98420ea5534f1b894e9ddaf2ba02833fb8dd5d71d0561b6214c	S27Dr1	Trip 4	80
https://rubalkhali.science/kb/RAK_PH_PROCESS_4fba8940d75a32ac54137c5654b91fce1d13751c775c1ed5859dac7b159741b0	process	ph-measurement-v1|process|trip4|S27PRr1|2026-07-30|EQ-PH-CACL2-1G-v1.0.0	4fba8940d75a32ac54137c5654b91fce1d13751c775c1ed5859dac7b159741b0	S27PRr1	Trip 4	81
https://rubalkhali.science/kb/RAK_PH_QUALITY_fd66f6a0497f043031f9d34d392504bc1e8ca510d18f9ba0e082b03a982565fa	quality	ph-measurement-v1|quality|trip4|S27PRr1|2026-07-30|EQ-PH-CACL2-1G-v1.0.0	fd66f6a0497f043031f9d34d392504bc1e8ca510d18f9ba0e082b03a982565fa	S27PRr1	Trip 4	81
https://rubalkhali.science/kb/RAK_PH_VALUE_bd3d10db2de523eb113cb729d93814e47caf43e8f3ae5e32fa251ef9d2fffa33	value	ph-measurement-v1|value|trip4|S27PRr1|2026-07-30|EQ-PH-CACL2-1G-v1.0.0	bd3d10db2de523eb113cb729d93814e47caf43e8f3ae5e32fa251ef9d2fffa33	S27PRr1	Trip 4	81
https://rubalkhali.science/kb/RAK_PH_PROCESS_d76bf9890f63a24cadfff5b7958d87e2f0a5f78c44b20954e4a8ef2cae5c2fe5	process	ph-measurement-v1|process|trip4|S28Dr2|2026-07-30|EQ-PH-CACL2-1G-v1.0.0	d76bf9890f63a24cadfff5b7958d87e2f0a5f78c44b20954e4a8ef2cae5c2fe5	S28Dr2	Trip 4	83
https://rubalkhali.science/kb/RAK_PH_QUALITY_ee5a399616ac0d33e1cbc8b9f65053f04f1ea5fde5f8980ad7996b2447067c95	quality	ph-measurement-v1|quality|trip4|S28Dr2|2026-07-30|EQ-PH-CACL2-1G-v1.0.0	ee5a399616ac0d33e1cbc8b9f65053f04f1ea5fde5f8980ad7996b2447067c95	S28Dr2	Trip 4	83
https://rubalkhali.science/kb/RAK_PH_VALUE_4b82a7189772038c008b9721d40f2c033fba119e3b2fe56c2fcee4cb0f24cade	value	ph-measurement-v1|value|trip4|S28Dr2|2026-07-30|EQ-PH-CACL2-1G-v1.0.0	4b82a7189772038c008b9721d40f2c033fba119e3b2fe56c2fcee4cb0f24cade	S28Dr2	Trip 4	83
https://rubalkhali.science/kb/RAK_PH_SESSION_bf12b89bad5dd7051d3229a4cecb8319ee466ad2358115006dc54e9334a61904	session	ph-measurement-v1|session|4|2026-07-30|97|10.03	bf12b89bad5dd7051d3229a4cecb8319ee466ad2358115006dc54e9334a61904		Trip 4	84
https://rubalkhali.science/kb/RAK_PH_PROCESS_a185fcabfe25f483f9b74a66b2b828f538385cdcff27f72549405a231efccbc4	process	ph-measurement-v1|process|trip4|S28PRr1|2026-07-30|EQ-PH-CACL2-1G-v1.0.0	a185fcabfe25f483f9b74a66b2b828f538385cdcff27f72549405a231efccbc4	S28PRr1	Trip 4	84
https://rubalkhali.science/kb/RAK_PH_QUALITY_90d097a417e4f3b4f7046cd36dd3102ea5e6209c258f1aa839ba352870e31e3f	quality	ph-measurement-v1|quality|trip4|S28PRr1|2026-07-30|EQ-PH-CACL2-1G-v1.0.0	90d097a417e4f3b4f7046cd36dd3102ea5e6209c258f1aa839ba352870e31e3f	S28PRr1	Trip 4	84
https://rubalkhali.science/kb/RAK_PH_VALUE_bc403c6978a52819958a4587be0b5ab881f54bebf4dbae5f4647af1fa5e877e4	value	ph-measurement-v1|value|trip4|S28PRr1|2026-07-30|EQ-PH-CACL2-1G-v1.0.0	bc403c6978a52819958a4587be0b5ab881f54bebf4dbae5f4647af1fa5e877e4	S28PRr1	Trip 4	84
https://rubalkhali.science/kb/RAK_PH_PROCESS_571febc4ae7f0f4c811343ee9d3fec50dc3b86946f257b0d0ee9798c1b49ee02	process	ph-measurement-v1|process|trip4|S29PRr1|2026-07-30|EQ-PH-CACL2-1G-v1.0.0	571febc4ae7f0f4c811343ee9d3fec50dc3b86946f257b0d0ee9798c1b49ee02	S29PRr1	Trip 4	87
https://rubalkhali.science/kb/RAK_PH_QUALITY_fa7aeed3830e98a3126d1618f908da2c427c7e55b1d9f0e5aa4fc49ddd41fc15	quality	ph-measurement-v1|quality|trip4|S29PRr1|2026-07-30|EQ-PH-CACL2-1G-v1.0.0	fa7aeed3830e98a3126d1618f908da2c427c7e55b1d9f0e5aa4fc49ddd41fc15	S29PRr1	Trip 4	87
https://rubalkhali.science/kb/RAK_PH_VALUE_df034c2beba4f6a047a2c5620e0eaf400f9b32e0a599c6e14d9f95711d2797ec	value	ph-measurement-v1|value|trip4|S29PRr1|2026-07-30|EQ-PH-CACL2-1G-v1.0.0	df034c2beba4f6a047a2c5620e0eaf400f9b32e0a599c6e14d9f95711d2797ec	S29PRr1	Trip 4	87
https://rubalkhali.science/kb/RAK_PH_PROCESS_60234f87b88187059d0ec27aef697f7915f192e315a735558630d576a248d9aa	process	ph-measurement-v1|process|trip4|S30Sr1|2026-07-30|EQ-PH-CACL2-1G-v1.0.0	60234f87b88187059d0ec27aef697f7915f192e315a735558630d576a248d9aa	S30Sr1	Trip 4	88
https://rubalkhali.science/kb/RAK_PH_QUALITY_77762bbdcad0330b688bd037d09ba31b8a64544fec7392eb7a35cae51290b1ab	quality	ph-measurement-v1|quality|trip4|S30Sr1|2026-07-30|EQ-PH-CACL2-1G-v1.0.0	77762bbdcad0330b688bd037d09ba31b8a64544fec7392eb7a35cae51290b1ab	S30Sr1	Trip 4	88
https://rubalkhali.science/kb/RAK_PH_VALUE_f73a70f82bd35ccfc95fdeb1d6d94e66a78f8d5754018141e892928057dbe2ef	value	ph-measurement-v1|value|trip4|S30Sr1|2026-07-30|EQ-PH-CACL2-1G-v1.0.0	f73a70f82bd35ccfc95fdeb1d6d94e66a78f8d5754018141e892928057dbe2ef	S30Sr1	Trip 4	88
https://rubalkhali.science/kb/RAK_PH_PROCESS_3e01e5371b0715019ca9556e7d2bcfe6e98101db32b3e03c9f409a39f1a00b8a	process	ph-measurement-v1|process|trip4|S30Dr1|2026-07-30|EQ-PH-CACL2-1G-v1.0.0	3e01e5371b0715019ca9556e7d2bcfe6e98101db32b3e03c9f409a39f1a00b8a	S30Dr1	Trip 4	89
https://rubalkhali.science/kb/RAK_PH_QUALITY_909211b1d3f4dbef6f5167b1552a7a5495081bab7a79ecf8e6749e672c7f3bbb	quality	ph-measurement-v1|quality|trip4|S30Dr1|2026-07-30|EQ-PH-CACL2-1G-v1.0.0	909211b1d3f4dbef6f5167b1552a7a5495081bab7a79ecf8e6749e672c7f3bbb	S30Dr1	Trip 4	89
https://rubalkhali.science/kb/RAK_PH_VALUE_5ec288e28bb9336dc76758049d3e4a5626e36c5ce654b130e65b6520416f540b	value	ph-measurement-v1|value|trip4|S30Dr1|2026-07-30|EQ-PH-CACL2-1G-v1.0.0	5ec288e28bb9336dc76758049d3e4a5626e36c5ce654b130e65b6520416f540b	S30Dr1	Trip 4	89
https://rubalkhali.science/kb/RAK_PH_PROCESS_b5922b77f4f4cc8cb9480c90a74efb236aa7fa5ed4e36ca0429a5cd9f33e6a0f	process	ph-measurement-v1|process|trip4|S30PRr1|2026-07-30|EQ-PH-CACL2-1G-v1.0.0	b5922b77f4f4cc8cb9480c90a74efb236aa7fa5ed4e36ca0429a5cd9f33e6a0f	S30PRr1	Trip 4	90
https://rubalkhali.science/kb/RAK_PH_QUALITY_48321f780bc70fc0cfec78cddc773fc3e00fe5c01905b09d170ad663a83e4d5e	quality	ph-measurement-v1|quality|trip4|S30PRr1|2026-07-30|EQ-PH-CACL2-1G-v1.0.0	48321f780bc70fc0cfec78cddc773fc3e00fe5c01905b09d170ad663a83e4d5e	S30PRr1	Trip 4	90
https://rubalkhali.science/kb/RAK_PH_VALUE_62b67b7da040b74103d7889b1b6d05626a57a0b76dde508dd7648e28a744a33b	value	ph-measurement-v1|value|trip4|S30PRr1|2026-07-30|EQ-PH-CACL2-1G-v1.0.0	62b67b7da040b74103d7889b1b6d05626a57a0b76dde508dd7648e28a744a33b	S30PRr1	Trip 4	90
https://rubalkhali.science/kb/RAK_PH_PROCESS_dc3187e8ae8a588ac4e6a0b3f2b4b1dbf99f5a865bbba2d938de31c09c89d0f4	process	ph-measurement-v1|process|trip4|S31Sr1|2026-07-30|EQ-PH-CACL2-1G-v1.0.0	dc3187e8ae8a588ac4e6a0b3f2b4b1dbf99f5a865bbba2d938de31c09c89d0f4	S31Sr1	Trip 4	91
https://rubalkhali.science/kb/RAK_PH_QUALITY_01b3fee2c41f961e21277bf9dac6bd3f22656c065bfb0bb47b286b7352362384	quality	ph-measurement-v1|quality|trip4|S31Sr1|2026-07-30|EQ-PH-CACL2-1G-v1.0.0	01b3fee2c41f961e21277bf9dac6bd3f22656c065bfb0bb47b286b7352362384	S31Sr1	Trip 4	91
https://rubalkhali.science/kb/RAK_PH_VALUE_452363bc8eb44792b0b99402cfe4111944d7b3583de20ede384d7fa21a9de845	value	ph-measurement-v1|value|trip4|S31Sr1|2026-07-30|EQ-PH-CACL2-1G-v1.0.0	452363bc8eb44792b0b99402cfe4111944d7b3583de20ede384d7fa21a9de845	S31Sr1	Trip 4	91
https://rubalkhali.science/kb/RAK_PH_PROCESS_559b751ac8f4d6bd5ea9f3c2807b09c193e6156eb789d047e557eb084484dc06	process	ph-measurement-v1|process|trip4|S31Dr1|2026-07-30|EQ-PH-CACL2-1G-v1.0.0	559b751ac8f4d6bd5ea9f3c2807b09c193e6156eb789d047e557eb084484dc06	S31Dr1	Trip 4	92
https://rubalkhali.science/kb/RAK_PH_QUALITY_fd042ff8094c35f4c417d9fd34ae37f6bf6cefe8a46cf61c3aedd177420bb31a	quality	ph-measurement-v1|quality|trip4|S31Dr1|2026-07-30|EQ-PH-CACL2-1G-v1.0.0	fd042ff8094c35f4c417d9fd34ae37f6bf6cefe8a46cf61c3aedd177420bb31a	S31Dr1	Trip 4	92
https://rubalkhali.science/kb/RAK_PH_VALUE_ceb8a175a881e920a8639e905e10d75b940d5a6aa6cf707fad6a8f8ccc6f5727	value	ph-measurement-v1|value|trip4|S31Dr1|2026-07-30|EQ-PH-CACL2-1G-v1.0.0	ceb8a175a881e920a8639e905e10d75b940d5a6aa6cf707fad6a8f8ccc6f5727	S31Dr1	Trip 4	92
https://rubalkhali.science/kb/RAK_PH_PROCESS_413862a84c7af7fc610835015c79b72ceb5fe367ba62fef26a845b8643e2a54d	process	ph-measurement-v1|process|trip4|S31PRr1|2026-07-30|EQ-PH-CACL2-1G-v1.0.0	413862a84c7af7fc610835015c79b72ceb5fe367ba62fef26a845b8643e2a54d	S31PRr1	Trip 4	93
https://rubalkhali.science/kb/RAK_PH_QUALITY_ae564cea0ffc59c09ec1c4276548906e4e8c8aedbb399b97209e4be90efe9c9a	quality	ph-measurement-v1|quality|trip4|S31PRr1|2026-07-30|EQ-PH-CACL2-1G-v1.0.0	ae564cea0ffc59c09ec1c4276548906e4e8c8aedbb399b97209e4be90efe9c9a	S31PRr1	Trip 4	93
https://rubalkhali.science/kb/RAK_PH_VALUE_0ee664c9cd76a77dac1836cb17213350a4e406c0bf45c25f319b8364cc44dcea	value	ph-measurement-v1|value|trip4|S31PRr1|2026-07-30|EQ-PH-CACL2-1G-v1.0.0	0ee664c9cd76a77dac1836cb17213350a4e406c0bf45c25f319b8364cc44dcea	S31PRr1	Trip 4	93
https://rubalkhali.science/kb/RAK_PH_PROCESS_0702cf4166d4a53f1e26e2e4bf68309925ee0c81ad5b2ec005848e4bd47b77a8	process	ph-measurement-v1|process|trip4|S32Sr1|2026-07-30|EQ-PH-CACL2-1G-v1.0.0	0702cf4166d4a53f1e26e2e4bf68309925ee0c81ad5b2ec005848e4bd47b77a8	S32Sr1	Trip 4	94
https://rubalkhali.science/kb/RAK_PH_QUALITY_c6b12a037cfdb0ee043ee3d976d0429b1200f27bf2f2787264f87d5fada48ea2	quality	ph-measurement-v1|quality|trip4|S32Sr1|2026-07-30|EQ-PH-CACL2-1G-v1.0.0	c6b12a037cfdb0ee043ee3d976d0429b1200f27bf2f2787264f87d5fada48ea2	S32Sr1	Trip 4	94
https://rubalkhali.science/kb/RAK_PH_VALUE_39001b7972f231764a56377f48a2e27db42d99e539bce8103424672e811f318e	value	ph-measurement-v1|value|trip4|S32Sr1|2026-07-30|EQ-PH-CACL2-1G-v1.0.0	39001b7972f231764a56377f48a2e27db42d99e539bce8103424672e811f318e	S32Sr1	Trip 4	94
https://rubalkhali.science/kb/RAK_PH_PROCESS_4d034e9501fb6723d7e4668a90d59d6a92d663b3742b70fa88cf4af6fa712d0f	process	ph-measurement-v1|process|trip4|S32Dr1|2026-07-30|EQ-PH-CACL2-1G-v1.0.0	4d034e9501fb6723d7e4668a90d59d6a92d663b3742b70fa88cf4af6fa712d0f	S32Dr1	Trip 4	95
https://rubalkhali.science/kb/RAK_PH_QUALITY_bbd3d2eacf5563777031964cb1f6bf2a68ecc25338b6d72df9af6aa4911c16c7	quality	ph-measurement-v1|quality|trip4|S32Dr1|2026-07-30|EQ-PH-CACL2-1G-v1.0.0	bbd3d2eacf5563777031964cb1f6bf2a68ecc25338b6d72df9af6aa4911c16c7	S32Dr1	Trip 4	95
https://rubalkhali.science/kb/RAK_PH_VALUE_366dd21e06ab97fa372a874222c46b8dc4a2c7fa3d455d25a0bb4e43e9d80c6f	value	ph-measurement-v1|value|trip4|S32Dr1|2026-07-30|EQ-PH-CACL2-1G-v1.0.0	366dd21e06ab97fa372a874222c46b8dc4a2c7fa3d455d25a0bb4e43e9d80c6f	S32Dr1	Trip 4	95
https://rubalkhali.science/kb/RAK_PH_PROCESS_a0fbabd0ac620d1127cb4081eab25e579556dce1b76b3e4153ca2242c008ca88	process	ph-measurement-v1|process|trip4|S32PRr1|2026-07-30|EQ-PH-CACL2-1G-v1.0.0	a0fbabd0ac620d1127cb4081eab25e579556dce1b76b3e4153ca2242c008ca88	S32PRr1	Trip 4	96
https://rubalkhali.science/kb/RAK_PH_QUALITY_84b6a72e80b6d151405fd278a971b7f43a10b0958213f4ef520462018f6a8173	quality	ph-measurement-v1|quality|trip4|S32PRr1|2026-07-30|EQ-PH-CACL2-1G-v1.0.0	84b6a72e80b6d151405fd278a971b7f43a10b0958213f4ef520462018f6a8173	S32PRr1	Trip 4	96
https://rubalkhali.science/kb/RAK_PH_VALUE_01e9b3ec60256944c3be419ded5b33d91b430229765856348975de57cd7e90e4	value	ph-measurement-v1|value|trip4|S32PRr1|2026-07-30|EQ-PH-CACL2-1G-v1.0.0	01e9b3ec60256944c3be419ded5b33d91b430229765856348975de57cd7e90e4	S32PRr1	Trip 4	96
https://rubalkhali.science/kb/RAK_PH_PROCESS_eb5d58a4b7c06aab0fb06bbf1e3e438ba07d749ce6336bada4c30a0047a8d3e2	process	ph-measurement-v1|process|trip4|S33Sr1|2026-07-30|EQ-PH-CACL2-1G-v1.0.0	eb5d58a4b7c06aab0fb06bbf1e3e438ba07d749ce6336bada4c30a0047a8d3e2	S33Sr1	Trip 4	97
https://rubalkhali.science/kb/RAK_PH_QUALITY_5491456d2f5ee14a55fed32663d9e2ceef98626611e4dc8ab1e743fbda6c551d	quality	ph-measurement-v1|quality|trip4|S33Sr1|2026-07-30|EQ-PH-CACL2-1G-v1.0.0	5491456d2f5ee14a55fed32663d9e2ceef98626611e4dc8ab1e743fbda6c551d	S33Sr1	Trip 4	97
https://rubalkhali.science/kb/RAK_PH_VALUE_17a9bbaf1fba09b41687a0363030a76d74c5818aa9eed3cf18a00b149b25846e	value	ph-measurement-v1|value|trip4|S33Sr1|2026-07-30|EQ-PH-CACL2-1G-v1.0.0	17a9bbaf1fba09b41687a0363030a76d74c5818aa9eed3cf18a00b149b25846e	S33Sr1	Trip 4	97
https://rubalkhali.science/kb/RAK_PH_PROCESS_1b97af0cbd179ad386fb4d495a04388f3fd1de95e3aba9f631bdb929fda643a6	process	ph-measurement-v1|process|trip4|S33Dr1|2026-07-30|EQ-PH-CACL2-1G-v1.0.0	1b97af0cbd179ad386fb4d495a04388f3fd1de95e3aba9f631bdb929fda643a6	S33Dr1	Trip 4	98
https://rubalkhali.science/kb/RAK_PH_QUALITY_7b7ac51cd37cef8c49ba26c51714bb515b34a86ceb35a35056a6b7a2992c2aa0	quality	ph-measurement-v1|quality|trip4|S33Dr1|2026-07-30|EQ-PH-CACL2-1G-v1.0.0	7b7ac51cd37cef8c49ba26c51714bb515b34a86ceb35a35056a6b7a2992c2aa0	S33Dr1	Trip 4	98
https://rubalkhali.science/kb/RAK_PH_VALUE_5bcace51c98dd4dfb554985b4a055234594a4cade39e6ccdddda5ba36bcbc70e	value	ph-measurement-v1|value|trip4|S33Dr1|2026-07-30|EQ-PH-CACL2-1G-v1.0.0	5bcace51c98dd4dfb554985b4a055234594a4cade39e6ccdddda5ba36bcbc70e	S33Dr1	Trip 4	98
https://rubalkhali.science/kb/RAK_PH_PROCESS_f9ea98d4a99d0241a3de765cc6983ac8f03d2b6f8d5bb76c9a7bc0378294f4bc	process	ph-measurement-v1|process|trip4|S33PRr1|2026-07-30|EQ-PH-CACL2-1G-v1.0.0	f9ea98d4a99d0241a3de765cc6983ac8f03d2b6f8d5bb76c9a7bc0378294f4bc	S33PRr1	Trip 4	99
https://rubalkhali.science/kb/RAK_PH_QUALITY_0997f323c6c187002923fa3748ac56c16f4ab153707e1dde41267db627c6ae78	quality	ph-measurement-v1|quality|trip4|S33PRr1|2026-07-30|EQ-PH-CACL2-1G-v1.0.0	0997f323c6c187002923fa3748ac56c16f4ab153707e1dde41267db627c6ae78	S33PRr1	Trip 4	99
https://rubalkhali.science/kb/RAK_PH_VALUE_387555c78cba9d7cb7995a09b64aba2c8341759d84708d6d5e422f4085e9c7df	value	ph-measurement-v1|value|trip4|S33PRr1|2026-07-30|EQ-PH-CACL2-1G-v1.0.0	387555c78cba9d7cb7995a09b64aba2c8341759d84708d6d5e422f4085e9c7df	S33PRr1	Trip 4	99
https://rubalkhali.science/kb/RAK_PH_PROCESS_463509951b669383740ff7d10002b279798322d7a2215c1307e96571d4db0549	process	ph-measurement-v1|process|trip4|S34Sr1|2026-07-30|EQ-PH-CACL2-1G-v1.0.0	463509951b669383740ff7d10002b279798322d7a2215c1307e96571d4db0549	S34Sr1	Trip 4	100
https://rubalkhali.science/kb/RAK_PH_QUALITY_b3cd7790b31433531b569f6c20d9cae82c5382e4cbc572dacf6e1426a48504fe	quality	ph-measurement-v1|quality|trip4|S34Sr1|2026-07-30|EQ-PH-CACL2-1G-v1.0.0	b3cd7790b31433531b569f6c20d9cae82c5382e4cbc572dacf6e1426a48504fe	S34Sr1	Trip 4	100
https://rubalkhali.science/kb/RAK_PH_VALUE_5fbab4c442b8bd24f24c8cece2badba049ecb63e2b39ae5858b232a86a28c5b1	value	ph-measurement-v1|value|trip4|S34Sr1|2026-07-30|EQ-PH-CACL2-1G-v1.0.0	5fbab4c442b8bd24f24c8cece2badba049ecb63e2b39ae5858b232a86a28c5b1	S34Sr1	Trip 4	100
https://rubalkhali.science/kb/RAK_PH_PROCESS_a139deada50cde2c4b410592f5f5285b9ee496fc13331e241e05f453ec834569	process	ph-measurement-v1|process|trip4|S34PRr1|2026-07-30|EQ-PH-CACL2-1G-v1.0.0	a139deada50cde2c4b410592f5f5285b9ee496fc13331e241e05f453ec834569	S34PRr1	Trip 4	101
https://rubalkhali.science/kb/RAK_PH_QUALITY_c13cd7dfa408a9b39bd5a9a938977bac67a0926a47bb9d98d3f551ab629a2ae9	quality	ph-measurement-v1|quality|trip4|S34PRr1|2026-07-30|EQ-PH-CACL2-1G-v1.0.0	c13cd7dfa408a9b39bd5a9a938977bac67a0926a47bb9d98d3f551ab629a2ae9	S34PRr1	Trip 4	101
https://rubalkhali.science/kb/RAK_PH_VALUE_c25287eb57274df7288ba9bfc6438257baa66b110908f26b1d476631809d1043	value	ph-measurement-v1|value|trip4|S34PRr1|2026-07-30|EQ-PH-CACL2-1G-v1.0.0	c25287eb57274df7288ba9bfc6438257baa66b110908f26b1d476631809d1043	S34PRr1	Trip 4	101
https://rubalkhali.science/kb/RAK_PH_PROCESS_baa0c4f5f52e553a4faad30db81b9bf4409b2f82a38d70481128620759fc7d0f	process	ph-measurement-v1|process|trip4|S35Sr1|2026-07-30|EQ-PH-CACL2-1G-v1.0.0	baa0c4f5f52e553a4faad30db81b9bf4409b2f82a38d70481128620759fc7d0f	S35Sr1	Trip 4	102
https://rubalkhali.science/kb/RAK_PH_QUALITY_367005e756d08b73d8750904084dfd7e9165e813f4e13d8fc3c1f25d27c23179	quality	ph-measurement-v1|quality|trip4|S35Sr1|2026-07-30|EQ-PH-CACL2-1G-v1.0.0	367005e756d08b73d8750904084dfd7e9165e813f4e13d8fc3c1f25d27c23179	S35Sr1	Trip 4	102
https://rubalkhali.science/kb/RAK_PH_VALUE_7359b43d8692a03d565d0f8745104aa3fb737a1b25f70ea526fdf7b439265532	value	ph-measurement-v1|value|trip4|S35Sr1|2026-07-30|EQ-PH-CACL2-1G-v1.0.0	7359b43d8692a03d565d0f8745104aa3fb737a1b25f70ea526fdf7b439265532	S35Sr1	Trip 4	102
https://rubalkhali.science/kb/RAK_PH_PROCESS_f94c03b095d40bd4d10f2da4089e02a2309a10b60a35242e28dbb06c42484d9d	process	ph-measurement-v1|process|trip4|S35Dr1|2026-07-30|EQ-PH-CACL2-1G-v1.0.0	f94c03b095d40bd4d10f2da4089e02a2309a10b60a35242e28dbb06c42484d9d	S35Dr1	Trip 4	103
https://rubalkhali.science/kb/RAK_PH_QUALITY_d17935f67afb152414d339203688409f2c0e2d15fb50b19c50bf76c349fbe176	quality	ph-measurement-v1|quality|trip4|S35Dr1|2026-07-30|EQ-PH-CACL2-1G-v1.0.0	d17935f67afb152414d339203688409f2c0e2d15fb50b19c50bf76c349fbe176	S35Dr1	Trip 4	103
https://rubalkhali.science/kb/RAK_PH_VALUE_36c1fcc94016f4d14ad809903349ac8c09125204e7d71611ea1e7332f0557552	value	ph-measurement-v1|value|trip4|S35Dr1|2026-07-30|EQ-PH-CACL2-1G-v1.0.0	36c1fcc94016f4d14ad809903349ac8c09125204e7d71611ea1e7332f0557552	S35Dr1	Trip 4	103
https://rubalkhali.science/kb/RAK_PH_PROCESS_4b5cf439ab5846f23cd952ead9484f19f1c08ce347e07374e001ca9e0c424dd1	process	ph-measurement-v1|process|trip4|S35PRr1|2026-07-30|EQ-PH-CACL2-1G-v1.0.0	4b5cf439ab5846f23cd952ead9484f19f1c08ce347e07374e001ca9e0c424dd1	S35PRr1	Trip 4	104
https://rubalkhali.science/kb/RAK_PH_QUALITY_15f3a9adeb81f9df1568463e64b9f2933877e61d6c3a6ad6a5be360f696f4338	quality	ph-measurement-v1|quality|trip4|S35PRr1|2026-07-30|EQ-PH-CACL2-1G-v1.0.0	15f3a9adeb81f9df1568463e64b9f2933877e61d6c3a6ad6a5be360f696f4338	S35PRr1	Trip 4	104
https://rubalkhali.science/kb/RAK_PH_VALUE_cbe2532674a49edcec192bd52410d64aeabec70674c37a6f14d0861971966aa8	value	ph-measurement-v1|value|trip4|S35PRr1|2026-07-30|EQ-PH-CACL2-1G-v1.0.0	cbe2532674a49edcec192bd52410d64aeabec70674c37a6f14d0861971966aa8	S35PRr1	Trip 4	104
https://rubalkhali.science/kb/RAK_PH_PROCESS_80e4b6703864a150c5afe4e2cc4c6ea29be82446abe39a376a02b4c1c94f4660	process	ph-measurement-v1|process|trip4|S36Sr1|2026-07-30|EQ-PH-CACL2-1G-v1.0.0	80e4b6703864a150c5afe4e2cc4c6ea29be82446abe39a376a02b4c1c94f4660	S36Sr1	Trip 4	105
https://rubalkhali.science/kb/RAK_PH_QUALITY_ff83edd9e4ee14c440332e21a7c7bd661fe9d00066afc26071bcef562e6ba454	quality	ph-measurement-v1|quality|trip4|S36Sr1|2026-07-30|EQ-PH-CACL2-1G-v1.0.0	ff83edd9e4ee14c440332e21a7c7bd661fe9d00066afc26071bcef562e6ba454	S36Sr1	Trip 4	105
https://rubalkhali.science/kb/RAK_PH_VALUE_dc0b03e8692e18cae1e008a1eaa925507077670aa21c9eec5746225cff298256	value	ph-measurement-v1|value|trip4|S36Sr1|2026-07-30|EQ-PH-CACL2-1G-v1.0.0	dc0b03e8692e18cae1e008a1eaa925507077670aa21c9eec5746225cff298256	S36Sr1	Trip 4	105
https://rubalkhali.science/kb/RAK_PH_PROCESS_83ee5c5bff7b9c940bba91868ec7943a9a356465bcdc713ab85ef67939ae2e22	process	ph-measurement-v1|process|trip4|S36Dr1|2026-07-30|EQ-PH-CACL2-1G-v1.0.0	83ee5c5bff7b9c940bba91868ec7943a9a356465bcdc713ab85ef67939ae2e22	S36Dr1	Trip 4	106
https://rubalkhali.science/kb/RAK_PH_QUALITY_2bfffdf7e9bda2f8f4fc12a734962aa5c1255cce48e9b0c4bff269af7647f087	quality	ph-measurement-v1|quality|trip4|S36Dr1|2026-07-30|EQ-PH-CACL2-1G-v1.0.0	2bfffdf7e9bda2f8f4fc12a734962aa5c1255cce48e9b0c4bff269af7647f087	S36Dr1	Trip 4	106
https://rubalkhali.science/kb/RAK_PH_VALUE_058400bfc733fd6e4ae8da284ef8829fefc8d09f28730b1987641e16abefcf1f	value	ph-measurement-v1|value|trip4|S36Dr1|2026-07-30|EQ-PH-CACL2-1G-v1.0.0	058400bfc733fd6e4ae8da284ef8829fefc8d09f28730b1987641e16abefcf1f	S36Dr1	Trip 4	106
https://rubalkhali.science/kb/RAK_PH_PROCESS_b26fd2af0da41b2933e21056e3479721bb1d20957257750f1bf948e9e851aa48	process	ph-measurement-v1|process|trip4|S36PRr1|2026-07-30|EQ-PH-CACL2-1G-v1.0.0	b26fd2af0da41b2933e21056e3479721bb1d20957257750f1bf948e9e851aa48	S36PRr1	Trip 4	107
https://rubalkhali.science/kb/RAK_PH_QUALITY_fe9e1ed76293fd39885cff91ff66a5568a3909336f190bb0af6192fff6c97ba1	quality	ph-measurement-v1|quality|trip4|S36PRr1|2026-07-30|EQ-PH-CACL2-1G-v1.0.0	fe9e1ed76293fd39885cff91ff66a5568a3909336f190bb0af6192fff6c97ba1	S36PRr1	Trip 4	107
https://rubalkhali.science/kb/RAK_PH_VALUE_b9abba570761b656f873172c3891207ca8cb5e0aef0dc40f703c0472c84b72d2	value	ph-measurement-v1|value|trip4|S36PRr1|2026-07-30|EQ-PH-CACL2-1G-v1.0.0	b9abba570761b656f873172c3891207ca8cb5e0aef0dc40f703c0472c84b72d2	S36PRr1	Trip 4	107
https://rubalkhali.science/kb/RAK_PH_SESSION_6fcbf9ade91ac4a7bf81e1b0071639e5a2f909f26f901b1b6ea19273b7d321f0	session	ph-measurement-v1|session|4|2026-07-30|97|10.04	6fcbf9ade91ac4a7bf81e1b0071639e5a2f909f26f901b1b6ea19273b7d321f0		Trip 4	108
https://rubalkhali.science/kb/RAK_PH_PROCESS_d1d985e0b1470ef2a680f723abbac93efb454795019c5b6339ee46da0c2d4089	process	ph-measurement-v1|process|trip4|S37Sr1|2026-07-30|EQ-PH-CACL2-1G-v1.0.0	d1d985e0b1470ef2a680f723abbac93efb454795019c5b6339ee46da0c2d4089	S37Sr1	Trip 4	108
https://rubalkhali.science/kb/RAK_PH_QUALITY_dcbe5f34c8912a59c6154ca63dc3d65b2da44c9918bce44f6419f7bae38fea6d	quality	ph-measurement-v1|quality|trip4|S37Sr1|2026-07-30|EQ-PH-CACL2-1G-v1.0.0	dcbe5f34c8912a59c6154ca63dc3d65b2da44c9918bce44f6419f7bae38fea6d	S37Sr1	Trip 4	108
https://rubalkhali.science/kb/RAK_PH_VALUE_5dc053858a85a8a528ff335f709fb674ea44dc4ae94c6f9346075708f3d6b393	value	ph-measurement-v1|value|trip4|S37Sr1|2026-07-30|EQ-PH-CACL2-1G-v1.0.0	5dc053858a85a8a528ff335f709fb674ea44dc4ae94c6f9346075708f3d6b393	S37Sr1	Trip 4	108
https://rubalkhali.science/kb/RAK_PH_PROCESS_88655f1ee8c8742c96365db792cc205173051325fb2b66c13ee38f611d7018f3	process	ph-measurement-v1|process|trip4|S37Dr1|2026-07-30|EQ-PH-CACL2-1G-v1.0.0	88655f1ee8c8742c96365db792cc205173051325fb2b66c13ee38f611d7018f3	S37Dr1	Trip 4	109
https://rubalkhali.science/kb/RAK_PH_QUALITY_f793fd81c383f3aaa69565beb9418acea335871fe56c1ee558d0e40f6d780ee6	quality	ph-measurement-v1|quality|trip4|S37Dr1|2026-07-30|EQ-PH-CACL2-1G-v1.0.0	f793fd81c383f3aaa69565beb9418acea335871fe56c1ee558d0e40f6d780ee6	S37Dr1	Trip 4	109
https://rubalkhali.science/kb/RAK_PH_VALUE_7589360adc1f647f00d8848e09e36fbed8413c3400005a0b3f3e13d8b41d6e18	value	ph-measurement-v1|value|trip4|S37Dr1|2026-07-30|EQ-PH-CACL2-1G-v1.0.0	7589360adc1f647f00d8848e09e36fbed8413c3400005a0b3f3e13d8b41d6e18	S37Dr1	Trip 4	109
https://rubalkhali.science/kb/RAK_PH_PROCESS_84f567953d04e83ae41924f595e239c68dfed28d6d3fc0e32a8b05a6dc1824c7	process	ph-measurement-v1|process|trip4|S37PRr1|2026-07-30|EQ-PH-CACL2-1G-v1.0.0	84f567953d04e83ae41924f595e239c68dfed28d6d3fc0e32a8b05a6dc1824c7	S37PRr1	Trip 4	110
https://rubalkhali.science/kb/RAK_PH_QUALITY_10a8529f93b537dd1cd2e45a015aff65dc1f645a3c9a8edc5fbe17bd8b75e105	quality	ph-measurement-v1|quality|trip4|S37PRr1|2026-07-30|EQ-PH-CACL2-1G-v1.0.0	10a8529f93b537dd1cd2e45a015aff65dc1f645a3c9a8edc5fbe17bd8b75e105	S37PRr1	Trip 4	110
https://rubalkhali.science/kb/RAK_PH_VALUE_305336a7294133fd8ddd0e5ae807065c9788657979d3dd3586966de3bfa95666	value	ph-measurement-v1|value|trip4|S37PRr1|2026-07-30|EQ-PH-CACL2-1G-v1.0.0	305336a7294133fd8ddd0e5ae807065c9788657979d3dd3586966de3bfa95666	S37PRr1	Trip 4	110
https://rubalkhali.science/kb/RAK_PH_PROCESS_6c91c0ec1f316192dd480686daab9d13becd3f761a56a11f8a567a90ec411e05	process	ph-measurement-v1|process|trip4|S38Sr1|2026-07-30|EQ-PH-CACL2-1G-v1.0.0	6c91c0ec1f316192dd480686daab9d13becd3f761a56a11f8a567a90ec411e05	S38Sr1	Trip 4	111
https://rubalkhali.science/kb/RAK_PH_QUALITY_5d70e013a811a3bce89d54bc20e5d335540a64822a40666bfaa57900afc05e5d	quality	ph-measurement-v1|quality|trip4|S38Sr1|2026-07-30|EQ-PH-CACL2-1G-v1.0.0	5d70e013a811a3bce89d54bc20e5d335540a64822a40666bfaa57900afc05e5d	S38Sr1	Trip 4	111
https://rubalkhali.science/kb/RAK_PH_VALUE_bba4754e5e7efdb8d165a7330df887127b7279ff7e552b8ee3e55864efa7e28c	value	ph-measurement-v1|value|trip4|S38Sr1|2026-07-30|EQ-PH-CACL2-1G-v1.0.0	bba4754e5e7efdb8d165a7330df887127b7279ff7e552b8ee3e55864efa7e28c	S38Sr1	Trip 4	111
https://rubalkhali.science/kb/RAK_PH_PROCESS_b822132c5d1a52d7b93eb2f62eaf7c958c1a21e975b8b607c5c42baec2b33cc5	process	ph-measurement-v1|process|trip4|S38Dr1|2026-07-30|EQ-PH-CACL2-1G-v1.0.0	b822132c5d1a52d7b93eb2f62eaf7c958c1a21e975b8b607c5c42baec2b33cc5	S38Dr1	Trip 4	112
https://rubalkhali.science/kb/RAK_PH_QUALITY_2e5c25af313486d338d55a2da2c292c473c75a4e77f2153086eb0bd1cdca830b	quality	ph-measurement-v1|quality|trip4|S38Dr1|2026-07-30|EQ-PH-CACL2-1G-v1.0.0	2e5c25af313486d338d55a2da2c292c473c75a4e77f2153086eb0bd1cdca830b	S38Dr1	Trip 4	112
https://rubalkhali.science/kb/RAK_PH_VALUE_87193ebdf0f19da7708e880443c21f1ded1b4ac4bf5f1924c92160579c5302c3	value	ph-measurement-v1|value|trip4|S38Dr1|2026-07-30|EQ-PH-CACL2-1G-v1.0.0	87193ebdf0f19da7708e880443c21f1ded1b4ac4bf5f1924c92160579c5302c3	S38Dr1	Trip 4	112
https://rubalkhali.science/kb/RAK_PH_PROCESS_df072875cfc3f8029357d98fea93d85a680bea40ae0208764c38d8af35d66df6	process	ph-measurement-v1|process|trip4|S38PRr1|2026-07-30|EQ-PH-CACL2-1G-v1.0.0	df072875cfc3f8029357d98fea93d85a680bea40ae0208764c38d8af35d66df6	S38PRr1	Trip 4	113
https://rubalkhali.science/kb/RAK_PH_QUALITY_e1e0b3dd68106e0344776aedda4e124a1b6a06463abd7b9e0b5b84761b6d5722	quality	ph-measurement-v1|quality|trip4|S38PRr1|2026-07-30|EQ-PH-CACL2-1G-v1.0.0	e1e0b3dd68106e0344776aedda4e124a1b6a06463abd7b9e0b5b84761b6d5722	S38PRr1	Trip 4	113
https://rubalkhali.science/kb/RAK_PH_VALUE_34d2ebeb4f4d9150b3cdece0c97f6073ba84644fc8fab76737f75f670321c294	value	ph-measurement-v1|value|trip4|S38PRr1|2026-07-30|EQ-PH-CACL2-1G-v1.0.0	34d2ebeb4f4d9150b3cdece0c97f6073ba84644fc8fab76737f75f670321c294	S38PRr1	Trip 4	113
https://rubalkhali.science/kb/RAK_PH_PROCESS_1669a49bc6a252f260e466a7b9543556213aa2795e2164f0628b9eb031368818	process	ph-measurement-v1|process|trip4|S39Sr1|2026-07-30|EQ-PH-CACL2-1G-v1.0.0	1669a49bc6a252f260e466a7b9543556213aa2795e2164f0628b9eb031368818	S39Sr1	Trip 4	114
https://rubalkhali.science/kb/RAK_PH_QUALITY_87aacdeb0726fbe14171859d8a82fe7b6c468bb163da41d5600e245cd7823c2c	quality	ph-measurement-v1|quality|trip4|S39Sr1|2026-07-30|EQ-PH-CACL2-1G-v1.0.0	87aacdeb0726fbe14171859d8a82fe7b6c468bb163da41d5600e245cd7823c2c	S39Sr1	Trip 4	114
https://rubalkhali.science/kb/RAK_PH_VALUE_eb065314ce248d30d48bc16f871fbfaecfc28d431080e075a204d68962068079	value	ph-measurement-v1|value|trip4|S39Sr1|2026-07-30|EQ-PH-CACL2-1G-v1.0.0	eb065314ce248d30d48bc16f871fbfaecfc28d431080e075a204d68962068079	S39Sr1	Trip 4	114
https://rubalkhali.science/kb/RAK_PH_PROCESS_dcb7cc14f81b0a700883a0a776e443b2c06c35bc09a5ea683e3ead9f1fe3511a	process	ph-measurement-v1|process|trip4|S39Dr1|2026-07-30|EQ-PH-CACL2-1G-v1.0.0	dcb7cc14f81b0a700883a0a776e443b2c06c35bc09a5ea683e3ead9f1fe3511a	S39Dr1	Trip 4	115
https://rubalkhali.science/kb/RAK_PH_QUALITY_b6ec069f7735c928cad513d691369b82e5e36ce3f7c8a7aaa8353e89a04658c8	quality	ph-measurement-v1|quality|trip4|S39Dr1|2026-07-30|EQ-PH-CACL2-1G-v1.0.0	b6ec069f7735c928cad513d691369b82e5e36ce3f7c8a7aaa8353e89a04658c8	S39Dr1	Trip 4	115
https://rubalkhali.science/kb/RAK_PH_VALUE_34867bb88d98204e4ca0046b8875b8950b931c9340a9aa54e3cac724d74f44a1	value	ph-measurement-v1|value|trip4|S39Dr1|2026-07-30|EQ-PH-CACL2-1G-v1.0.0	34867bb88d98204e4ca0046b8875b8950b931c9340a9aa54e3cac724d74f44a1	S39Dr1	Trip 4	115
https://rubalkhali.science/kb/RAK_PH_PROCESS_7f61b1cfdebd281ad2e5ca864628ae811f966a32d5196711e0a72fbbc274118b	process	ph-measurement-v1|process|trip4|S39PRr1|2026-07-30|EQ-PH-CACL2-1G-v1.0.0	7f61b1cfdebd281ad2e5ca864628ae811f966a32d5196711e0a72fbbc274118b	S39PRr1	Trip 4	116
https://rubalkhali.science/kb/RAK_PH_QUALITY_82c8b4b7d97a2fd372391f6ac032ab28ecb7bd130a2ad74442a71a870fef0228	quality	ph-measurement-v1|quality|trip4|S39PRr1|2026-07-30|EQ-PH-CACL2-1G-v1.0.0	82c8b4b7d97a2fd372391f6ac032ab28ecb7bd130a2ad74442a71a870fef0228	S39PRr1	Trip 4	116
https://rubalkhali.science/kb/RAK_PH_VALUE_5834631445b9ec0836dd027337ffe750e3f14902ac413c3dd79050cd91c549ff	value	ph-measurement-v1|value|trip4|S39PRr1|2026-07-30|EQ-PH-CACL2-1G-v1.0.0	5834631445b9ec0836dd027337ffe750e3f14902ac413c3dd79050cd91c549ff	S39PRr1	Trip 4	116
https://rubalkhali.science/kb/RAK_PH_PROCESS_ba32631967c31e3ff62ba5529d5f27db223ae9ef65a2983fdd59b3d8495d398e	process	ph-measurement-v1|process|trip4|S40Sr1|2026-07-30|EQ-PH-CACL2-1G-v1.0.0	ba32631967c31e3ff62ba5529d5f27db223ae9ef65a2983fdd59b3d8495d398e	S40Sr1	Trip 4	117
https://rubalkhali.science/kb/RAK_PH_QUALITY_238b9c5fbf2e04a652c9079cefa1febd80ae05dbad5e0df683837a5a26acd4d0	quality	ph-measurement-v1|quality|trip4|S40Sr1|2026-07-30|EQ-PH-CACL2-1G-v1.0.0	238b9c5fbf2e04a652c9079cefa1febd80ae05dbad5e0df683837a5a26acd4d0	S40Sr1	Trip 4	117
https://rubalkhali.science/kb/RAK_PH_VALUE_97db862bb5a2b363319ec1633249f387691f9508f27203b84e9a1a363ee40a18	value	ph-measurement-v1|value|trip4|S40Sr1|2026-07-30|EQ-PH-CACL2-1G-v1.0.0	97db862bb5a2b363319ec1633249f387691f9508f27203b84e9a1a363ee40a18	S40Sr1	Trip 4	117
https://rubalkhali.science/kb/RAK_PH_PROCESS_5984fa08369f4d8c8d6a07c208577e8dd5205c48a26ebd6840a2188f94b03d4c	process	ph-measurement-v1|process|trip4|S40Dr1|2026-07-30|EQ-PH-CACL2-1G-v1.0.0	5984fa08369f4d8c8d6a07c208577e8dd5205c48a26ebd6840a2188f94b03d4c	S40Dr1	Trip 4	118
https://rubalkhali.science/kb/RAK_PH_QUALITY_09dfb2f8ca79cc172c407630108e50cb9d37d0aa39db11b33ddfebfcd4c3b9d6	quality	ph-measurement-v1|quality|trip4|S40Dr1|2026-07-30|EQ-PH-CACL2-1G-v1.0.0	09dfb2f8ca79cc172c407630108e50cb9d37d0aa39db11b33ddfebfcd4c3b9d6	S40Dr1	Trip 4	118
https://rubalkhali.science/kb/RAK_PH_VALUE_32800d4f0acc24076ffcf2bbb9cd7ca132643c34b01d72d71664b0a7345138ff	value	ph-measurement-v1|value|trip4|S40Dr1|2026-07-30|EQ-PH-CACL2-1G-v1.0.0	32800d4f0acc24076ffcf2bbb9cd7ca132643c34b01d72d71664b0a7345138ff	S40Dr1	Trip 4	118
https://rubalkhali.science/kb/RAK_PH_SESSION_b21984bb433d11d4b1edec755f74d9b22c5cb0583dd22fa88efbee403a01fc7d	session	ph-measurement-v1|session|5|2026-07-14|95.5|10.04	b21984bb433d11d4b1edec755f74d9b22c5cb0583dd22fa88efbee403a01fc7d		Trip 5	2
https://rubalkhali.science/kb/RAK_PH_PROCESS_d3c899f8696ca23e6883bbb0a8022fa020c0b177beacd153b82f99a8f5a519dd	process	ph-measurement-v1|process|trip5|V1Dr1|2026-07-14|EQ-PH-CACL2-1G-v1.0.0	d3c899f8696ca23e6883bbb0a8022fa020c0b177beacd153b82f99a8f5a519dd	V1Dr1	Trip 5	2
https://rubalkhali.science/kb/RAK_PH_QUALITY_6f23614a14a9d93b60647811d64421048453f96de40a330256f08ffdd215c04a	quality	ph-measurement-v1|quality|trip5|V1Dr1|2026-07-14|EQ-PH-CACL2-1G-v1.0.0	6f23614a14a9d93b60647811d64421048453f96de40a330256f08ffdd215c04a	V1Dr1	Trip 5	2
https://rubalkhali.science/kb/RAK_PH_VALUE_e0d06e3508371af139d79b77b835765438d299f0a4cffc46541e944cc8dc362f	value	ph-measurement-v1|value|trip5|V1Dr1|2026-07-14|EQ-PH-CACL2-1G-v1.0.0	e0d06e3508371af139d79b77b835765438d299f0a4cffc46541e944cc8dc362f	V1Dr1	Trip 5	2
https://rubalkhali.science/kb/RAK_PH_PROCESS_a84fbc8fac3ea38e621126177aa3455e4b60bd310bb7a3689ea4b12c0e497223	process	ph-measurement-v1|process|trip5|V1Dr3|2026-07-14|EQ-PH-CACL2-1G-v1.0.0	a84fbc8fac3ea38e621126177aa3455e4b60bd310bb7a3689ea4b12c0e497223	V1Dr3	Trip 5	3
https://rubalkhali.science/kb/RAK_PH_QUALITY_92540db82b0eb0609a9663ea81ad954d58b45023a6315ac26d23a05eff1b3ca7	quality	ph-measurement-v1|quality|trip5|V1Dr3|2026-07-14|EQ-PH-CACL2-1G-v1.0.0	92540db82b0eb0609a9663ea81ad954d58b45023a6315ac26d23a05eff1b3ca7	V1Dr3	Trip 5	3
https://rubalkhali.science/kb/RAK_PH_VALUE_bf6f4e505d46cea7f172d95e946f783e0a85c414578acc4f3037803b3ad81341	value	ph-measurement-v1|value|trip5|V1Dr3|2026-07-14|EQ-PH-CACL2-1G-v1.0.0	bf6f4e505d46cea7f172d95e946f783e0a85c414578acc4f3037803b3ad81341	V1Dr3	Trip 5	3
https://rubalkhali.science/kb/RAK_PH_PROCESS_3e5605a579ea0afd2c7554b94e6a7db54ed2735c74d1ccca1812af20c6e7212b	process	ph-measurement-v1|process|trip5|V1PRr1|2026-07-14|EQ-PH-CACL2-1G-v1.0.0	3e5605a579ea0afd2c7554b94e6a7db54ed2735c74d1ccca1812af20c6e7212b	V1PRr1	Trip 5	4
https://rubalkhali.science/kb/RAK_PH_QUALITY_094a034b29e60e06421a6372e1800105dcfc8f6ae0fcb61be0c10b2b725c7ff8	quality	ph-measurement-v1|quality|trip5|V1PRr1|2026-07-14|EQ-PH-CACL2-1G-v1.0.0	094a034b29e60e06421a6372e1800105dcfc8f6ae0fcb61be0c10b2b725c7ff8	V1PRr1	Trip 5	4
https://rubalkhali.science/kb/RAK_PH_VALUE_edad51c4fbd7e49d242f562ee831c52080673756e9e9927e3f6cad83597485a7	value	ph-measurement-v1|value|trip5|V1PRr1|2026-07-14|EQ-PH-CACL2-1G-v1.0.0	edad51c4fbd7e49d242f562ee831c52080673756e9e9927e3f6cad83597485a7	V1PRr1	Trip 5	4
https://rubalkhali.science/kb/RAK_PH_PROCESS_139d17f99207ac176a673e22e5a4bcdaca3d17cca42bb06789e5424bb214bd7a	process	ph-measurement-v1|process|trip5|V1PRr2|2026-07-14|EQ-PH-CACL2-1G-v1.0.0	139d17f99207ac176a673e22e5a4bcdaca3d17cca42bb06789e5424bb214bd7a	V1PRr2	Trip 5	5
https://rubalkhali.science/kb/RAK_PH_QUALITY_16c6cccad30a9e485444bbc9b7f78e182b8457f5cac6596869c09723fd4044a8	quality	ph-measurement-v1|quality|trip5|V1PRr2|2026-07-14|EQ-PH-CACL2-1G-v1.0.0	16c6cccad30a9e485444bbc9b7f78e182b8457f5cac6596869c09723fd4044a8	V1PRr2	Trip 5	5
https://rubalkhali.science/kb/RAK_PH_VALUE_fc5bdb95644361969723b94c80e08c454f864261d2076073cd0f0385adb797b5	value	ph-measurement-v1|value|trip5|V1PRr2|2026-07-14|EQ-PH-CACL2-1G-v1.0.0	fc5bdb95644361969723b94c80e08c454f864261d2076073cd0f0385adb797b5	V1PRr2	Trip 5	5
https://rubalkhali.science/kb/RAK_PH_PROCESS_953e8b72e0d6793f6a8680a31622a9d93c30d8180693a506a5b70590757d602b	process	ph-measurement-v1|process|trip5|V1PRr3|2026-07-14|EQ-PH-CACL2-1G-v1.0.0	953e8b72e0d6793f6a8680a31622a9d93c30d8180693a506a5b70590757d602b	V1PRr3	Trip 5	6
https://rubalkhali.science/kb/RAK_PH_QUALITY_f7d0b56d98fd44caa32f52062f436d4090b6ce1d83ce8585d9aa259817fa050b	quality	ph-measurement-v1|quality|trip5|V1PRr3|2026-07-14|EQ-PH-CACL2-1G-v1.0.0	f7d0b56d98fd44caa32f52062f436d4090b6ce1d83ce8585d9aa259817fa050b	V1PRr3	Trip 5	6
https://rubalkhali.science/kb/RAK_PH_VALUE_17c478f2b590c651570369057ab16b7a701d2797a92b00da037c9ee837d9a0a0	value	ph-measurement-v1|value|trip5|V1PRr3|2026-07-14|EQ-PH-CACL2-1G-v1.0.0	17c478f2b590c651570369057ab16b7a701d2797a92b00da037c9ee837d9a0a0	V1PRr3	Trip 5	6
https://rubalkhali.science/kb/RAK_PH_PROCESS_b2586653699025f499cf48dea23211567cf03431a32144cc9089f9a82ece940f	process	ph-measurement-v1|process|trip5|V2Sr1|2026-07-14|EQ-PH-CACL2-1G-v1.0.0	b2586653699025f499cf48dea23211567cf03431a32144cc9089f9a82ece940f	V2Sr1	Trip 5	7
https://rubalkhali.science/kb/RAK_PH_QUALITY_045edcd18629888664ca6d6aa49aa6c577f9c4490e8a473dec738262b3e634c8	quality	ph-measurement-v1|quality|trip5|V2Sr1|2026-07-14|EQ-PH-CACL2-1G-v1.0.0	045edcd18629888664ca6d6aa49aa6c577f9c4490e8a473dec738262b3e634c8	V2Sr1	Trip 5	7
https://rubalkhali.science/kb/RAK_PH_VALUE_a2f8e6896b001f96db412daaa67a01732317148f5face8f8cf831dbe999800bb	value	ph-measurement-v1|value|trip5|V2Sr1|2026-07-14|EQ-PH-CACL2-1G-v1.0.0	a2f8e6896b001f96db412daaa67a01732317148f5face8f8cf831dbe999800bb	V2Sr1	Trip 5	7
https://rubalkhali.science/kb/RAK_PH_PROCESS_810191764b88446bf1d8e9a19806902b014749895f1db82fe9c4858fb908be06	process	ph-measurement-v1|process|trip5|V2Sr2|2026-07-14|EQ-PH-CACL2-1G-v1.0.0	810191764b88446bf1d8e9a19806902b014749895f1db82fe9c4858fb908be06	V2Sr2	Trip 5	8
https://rubalkhali.science/kb/RAK_PH_QUALITY_db42c23ff1551b54bdd0c90d1e3885b483c97224df9283e5a77f55fb3d2c68cf	quality	ph-measurement-v1|quality|trip5|V2Sr2|2026-07-14|EQ-PH-CACL2-1G-v1.0.0	db42c23ff1551b54bdd0c90d1e3885b483c97224df9283e5a77f55fb3d2c68cf	V2Sr2	Trip 5	8
https://rubalkhali.science/kb/RAK_PH_VALUE_61a74192a6d9554913f0d1c2e47ccf87fa487312540dbd222f923757176fb5ab	value	ph-measurement-v1|value|trip5|V2Sr2|2026-07-14|EQ-PH-CACL2-1G-v1.0.0	61a74192a6d9554913f0d1c2e47ccf87fa487312540dbd222f923757176fb5ab	V2Sr2	Trip 5	8
https://rubalkhali.science/kb/RAK_PH_PROCESS_7e33bcb1b5685e449061a96516f9eb6ea5ba2aeca12e2c100fcb3e32f650a60d	process	ph-measurement-v1|process|trip5|V2Dr1|2026-07-14|EQ-PH-CACL2-1G-v1.0.0	7e33bcb1b5685e449061a96516f9eb6ea5ba2aeca12e2c100fcb3e32f650a60d	V2Dr1	Trip 5	9
https://rubalkhali.science/kb/RAK_PH_QUALITY_f93caa55ef0067b0ee795d2010fba6fbd4dfde60a2c48ba5f18038e11dafad46	quality	ph-measurement-v1|quality|trip5|V2Dr1|2026-07-14|EQ-PH-CACL2-1G-v1.0.0	f93caa55ef0067b0ee795d2010fba6fbd4dfde60a2c48ba5f18038e11dafad46	V2Dr1	Trip 5	9
https://rubalkhali.science/kb/RAK_PH_VALUE_3e7af188ae17b687628805a16589b67f632464568389475acde01fdd0c30e98a	value	ph-measurement-v1|value|trip5|V2Dr1|2026-07-14|EQ-PH-CACL2-1G-v1.0.0	3e7af188ae17b687628805a16589b67f632464568389475acde01fdd0c30e98a	V2Dr1	Trip 5	9
https://rubalkhali.science/kb/RAK_PH_PROCESS_a556be92f042fe5aa4dd8af42a7caff751bbe6855d6613ff580f8d13d07f41c8	process	ph-measurement-v1|process|trip5|V2Dr2|2026-07-14|EQ-PH-CACL2-1G-v1.0.0	a556be92f042fe5aa4dd8af42a7caff751bbe6855d6613ff580f8d13d07f41c8	V2Dr2	Trip 5	10
https://rubalkhali.science/kb/RAK_PH_QUALITY_fc11e5a6b2131999e96c3c285d397019c1b0ec40b1b4e93fe7b2dfa406d3101e	quality	ph-measurement-v1|quality|trip5|V2Dr2|2026-07-14|EQ-PH-CACL2-1G-v1.0.0	fc11e5a6b2131999e96c3c285d397019c1b0ec40b1b4e93fe7b2dfa406d3101e	V2Dr2	Trip 5	10
https://rubalkhali.science/kb/RAK_PH_VALUE_852eb095f5f6161d0c6c244820efc7b5dc1e67490991008cf533bf44566b8e71	value	ph-measurement-v1|value|trip5|V2Dr2|2026-07-14|EQ-PH-CACL2-1G-v1.0.0	852eb095f5f6161d0c6c244820efc7b5dc1e67490991008cf533bf44566b8e71	V2Dr2	Trip 5	10
https://rubalkhali.science/kb/RAK_PH_PROCESS_46390d846aecadaec8e3b945472f11bc8a5975eda84f6a0e87f4e88022ee8060	process	ph-measurement-v1|process|trip5|V2PRr1|2026-07-14|EQ-PH-CACL2-1G-v1.0.0	46390d846aecadaec8e3b945472f11bc8a5975eda84f6a0e87f4e88022ee8060	V2PRr1	Trip 5	11
https://rubalkhali.science/kb/RAK_PH_QUALITY_fedc73952fc36473a034b1c2cf95967a5fceff65c125ab26e4e9876038bb0887	quality	ph-measurement-v1|quality|trip5|V2PRr1|2026-07-14|EQ-PH-CACL2-1G-v1.0.0	fedc73952fc36473a034b1c2cf95967a5fceff65c125ab26e4e9876038bb0887	V2PRr1	Trip 5	11
https://rubalkhali.science/kb/RAK_PH_VALUE_7a34a9662250182ac475e8994902dddb5d3e094a8caa9aa425da9e4cc6751eb1	value	ph-measurement-v1|value|trip5|V2PRr1|2026-07-14|EQ-PH-CACL2-1G-v1.0.0	7a34a9662250182ac475e8994902dddb5d3e094a8caa9aa425da9e4cc6751eb1	V2PRr1	Trip 5	11
https://rubalkhali.science/kb/RAK_PH_PROCESS_9a7b7fe494206ab4caa8c2190b7675b59482cafb804e6349e0b84f4b4b78494a	process	ph-measurement-v1|process|trip5|V2PRr2|2026-07-14|EQ-PH-CACL2-1G-v1.0.0	9a7b7fe494206ab4caa8c2190b7675b59482cafb804e6349e0b84f4b4b78494a	V2PRr2	Trip 5	12
https://rubalkhali.science/kb/RAK_PH_QUALITY_26b63692457117d51b5cea117d6cd34b507a401ad96888d18123282f3466f868	quality	ph-measurement-v1|quality|trip5|V2PRr2|2026-07-14|EQ-PH-CACL2-1G-v1.0.0	26b63692457117d51b5cea117d6cd34b507a401ad96888d18123282f3466f868	V2PRr2	Trip 5	12
https://rubalkhali.science/kb/RAK_PH_VALUE_7057def1c921986f22193b7d12b4704e225f8570f82a650dbc21075fd85060d6	value	ph-measurement-v1|value|trip5|V2PRr2|2026-07-14|EQ-PH-CACL2-1G-v1.0.0	7057def1c921986f22193b7d12b4704e225f8570f82a650dbc21075fd85060d6	V2PRr2	Trip 5	12
https://rubalkhali.science/kb/RAK_PH_PROCESS_930e34ec5769e14985271633a000a0998e46350c3664b0f6a83f21d1f2eeb8ae	process	ph-measurement-v1|process|trip5|V2PRr3|2026-07-14|EQ-PH-CACL2-1G-v1.0.0	930e34ec5769e14985271633a000a0998e46350c3664b0f6a83f21d1f2eeb8ae	V2PRr3	Trip 5	13
https://rubalkhali.science/kb/RAK_PH_QUALITY_7b7c811cef71cba12e307df30f69f2297874cd90d534a1d1edc006a6dcdc8e0c	quality	ph-measurement-v1|quality|trip5|V2PRr3|2026-07-14|EQ-PH-CACL2-1G-v1.0.0	7b7c811cef71cba12e307df30f69f2297874cd90d534a1d1edc006a6dcdc8e0c	V2PRr3	Trip 5	13
https://rubalkhali.science/kb/RAK_PH_VALUE_023fdbf18f51cd55158da6ebf7d6b662a5e8115cd7c07998598a434524bf1c42	value	ph-measurement-v1|value|trip5|V2PRr3|2026-07-14|EQ-PH-CACL2-1G-v1.0.0	023fdbf18f51cd55158da6ebf7d6b662a5e8115cd7c07998598a434524bf1c42	V2PRr3	Trip 5	13
https://rubalkhali.science/kb/RAK_PH_PROCESS_50bde08397de8c12ae257d6f17285a792367fc379035467a183ff5a440f4b4a8	process	ph-measurement-v1|process|trip5|V3PRr1|2026-07-14|EQ-PH-CACL2-1G-v1.0.0	50bde08397de8c12ae257d6f17285a792367fc379035467a183ff5a440f4b4a8	V3PRr1	Trip 5	14
https://rubalkhali.science/kb/RAK_PH_QUALITY_b8419f35f3089e0a5e305495224843b7e5fc70cccc49730b0a07af3003f08931	quality	ph-measurement-v1|quality|trip5|V3PRr1|2026-07-14|EQ-PH-CACL2-1G-v1.0.0	b8419f35f3089e0a5e305495224843b7e5fc70cccc49730b0a07af3003f08931	V3PRr1	Trip 5	14
https://rubalkhali.science/kb/RAK_PH_VALUE_f36d63ac4d67da08c3fea8bf2592837ebd1fe1e24f27ef253e3f1c4f976384ad	value	ph-measurement-v1|value|trip5|V3PRr1|2026-07-14|EQ-PH-CACL2-1G-v1.0.0	f36d63ac4d67da08c3fea8bf2592837ebd1fe1e24f27ef253e3f1c4f976384ad	V3PRr1	Trip 5	14
https://rubalkhali.science/kb/RAK_PH_PROCESS_5f6fd2f4d567af2b44aa29a99e60de5347d8d69d0eb4bc9360397a7fe698129d	process	ph-measurement-v1|process|trip5|V3PRr2|2026-07-14|EQ-PH-CACL2-1G-v1.0.0	5f6fd2f4d567af2b44aa29a99e60de5347d8d69d0eb4bc9360397a7fe698129d	V3PRr2	Trip 5	15
https://rubalkhali.science/kb/RAK_PH_QUALITY_f771bc56bcd1e3ff49daf76a400f6d5a6c17f47bf5d2e06bd723072dd37531e7	quality	ph-measurement-v1|quality|trip5|V3PRr2|2026-07-14|EQ-PH-CACL2-1G-v1.0.0	f771bc56bcd1e3ff49daf76a400f6d5a6c17f47bf5d2e06bd723072dd37531e7	V3PRr2	Trip 5	15
https://rubalkhali.science/kb/RAK_PH_VALUE_09584399162e5e7b6dfe095dc7be2e121f3a23de0ce7a58bc372e3bbd7f746e4	value	ph-measurement-v1|value|trip5|V3PRr2|2026-07-14|EQ-PH-CACL2-1G-v1.0.0	09584399162e5e7b6dfe095dc7be2e121f3a23de0ce7a58bc372e3bbd7f746e4	V3PRr2	Trip 5	15
https://rubalkhali.science/kb/RAK_PH_PROCESS_2e852def2090d46c9fcba0fb9915e2d4f96f559f3990ff2e9020f930a9b61992	process	ph-measurement-v1|process|trip5|V3PRr3|2026-07-14|EQ-PH-CACL2-1G-v1.0.0	2e852def2090d46c9fcba0fb9915e2d4f96f559f3990ff2e9020f930a9b61992	V3PRr3	Trip 5	16
https://rubalkhali.science/kb/RAK_PH_QUALITY_1b391ca8b86cc556c3f10f4afbf55ce26d78312d794921dc2b8601a1bd6eaf83	quality	ph-measurement-v1|quality|trip5|V3PRr3|2026-07-14|EQ-PH-CACL2-1G-v1.0.0	1b391ca8b86cc556c3f10f4afbf55ce26d78312d794921dc2b8601a1bd6eaf83	V3PRr3	Trip 5	16
https://rubalkhali.science/kb/RAK_PH_VALUE_0471375818b6ffac1a44bc42c29e57ed3ca0ec2a8d2f2d9965ca5f9f4a47c487	value	ph-measurement-v1|value|trip5|V3PRr3|2026-07-14|EQ-PH-CACL2-1G-v1.0.0	0471375818b6ffac1a44bc42c29e57ed3ca0ec2a8d2f2d9965ca5f9f4a47c487	V3PRr3	Trip 5	16
https://rubalkhali.science/kb/RAK_PH_PROCESS_c66703857fc85ef18a12b79d425955d9542cfa90c694fef24323f4a54a1be27f	process	ph-measurement-v1|process|trip5|V4Sr1|2026-07-14|EQ-PH-CACL2-1G-v1.0.0	c66703857fc85ef18a12b79d425955d9542cfa90c694fef24323f4a54a1be27f	V4Sr1	Trip 5	17
https://rubalkhali.science/kb/RAK_PH_QUALITY_69585c714e1a7460e69a3f57b58f11f134ac706f4c3e3ee1bdd7fc30cba7d71f	quality	ph-measurement-v1|quality|trip5|V4Sr1|2026-07-14|EQ-PH-CACL2-1G-v1.0.0	69585c714e1a7460e69a3f57b58f11f134ac706f4c3e3ee1bdd7fc30cba7d71f	V4Sr1	Trip 5	17
https://rubalkhali.science/kb/RAK_PH_VALUE_7ea6e417aeb273029824895334181e85ecc28765d40664263a4a2a13eea23e51	value	ph-measurement-v1|value|trip5|V4Sr1|2026-07-14|EQ-PH-CACL2-1G-v1.0.0	7ea6e417aeb273029824895334181e85ecc28765d40664263a4a2a13eea23e51	V4Sr1	Trip 5	17
https://rubalkhali.science/kb/RAK_PH_PROCESS_ef2fed4ad4d9e3d2d83dcddefbd7c7b30975a0954b59aef71314dbe0986ae53b	process	ph-measurement-v1|process|trip5|V4Sr3|2026-07-14|EQ-PH-CACL2-1G-v1.0.0	ef2fed4ad4d9e3d2d83dcddefbd7c7b30975a0954b59aef71314dbe0986ae53b	V4Sr3	Trip 5	18
https://rubalkhali.science/kb/RAK_PH_QUALITY_5cfdd6119d1e4006a5b3f914f7015c32dc89a41a2ecf30d0d0f8af1f1992afcd	quality	ph-measurement-v1|quality|trip5|V4Sr3|2026-07-14|EQ-PH-CACL2-1G-v1.0.0	5cfdd6119d1e4006a5b3f914f7015c32dc89a41a2ecf30d0d0f8af1f1992afcd	V4Sr3	Trip 5	18
https://rubalkhali.science/kb/RAK_PH_VALUE_f0ae3d097bdf61c75418bd6ae06f3021ada0c4475b371f9d393adae675eb6766	value	ph-measurement-v1|value|trip5|V4Sr3|2026-07-14|EQ-PH-CACL2-1G-v1.0.0	f0ae3d097bdf61c75418bd6ae06f3021ada0c4475b371f9d393adae675eb6766	V4Sr3	Trip 5	18
https://rubalkhali.science/kb/RAK_PH_PROCESS_2e2b7b8aae69bb927725cd2a471e3a10042741343e69fa31281968c379ebc2a6	process	ph-measurement-v1|process|trip5|V4Dr1|2026-07-14|EQ-PH-CACL2-1G-v1.0.0	2e2b7b8aae69bb927725cd2a471e3a10042741343e69fa31281968c379ebc2a6	V4Dr1	Trip 5	19
https://rubalkhali.science/kb/RAK_PH_QUALITY_0471aa1974c7d3409d7bb918c83bedaee9c8a97703bbdce7b3441b503a43596e	quality	ph-measurement-v1|quality|trip5|V4Dr1|2026-07-14|EQ-PH-CACL2-1G-v1.0.0	0471aa1974c7d3409d7bb918c83bedaee9c8a97703bbdce7b3441b503a43596e	V4Dr1	Trip 5	19
https://rubalkhali.science/kb/RAK_PH_VALUE_b8eb116d7d82ecd0f45eeef58c993a34a84f7c55cdfaef9545ac730dc7531976	value	ph-measurement-v1|value|trip5|V4Dr1|2026-07-14|EQ-PH-CACL2-1G-v1.0.0	b8eb116d7d82ecd0f45eeef58c993a34a84f7c55cdfaef9545ac730dc7531976	V4Dr1	Trip 5	19
https://rubalkhali.science/kb/RAK_PH_PROCESS_0c8564e5a188a4c34c7246d92c4b91d9a1d2c95380709d04764cae7cba65fcf0	process	ph-measurement-v1|process|trip5|V4Dr2|2026-07-14|EQ-PH-CACL2-1G-v1.0.0	0c8564e5a188a4c34c7246d92c4b91d9a1d2c95380709d04764cae7cba65fcf0	V4Dr2	Trip 5	20
https://rubalkhali.science/kb/RAK_PH_QUALITY_0e9859635cb91e14ed4782c219078f1654ccbbe2a4858edc81a173a9be567464	quality	ph-measurement-v1|quality|trip5|V4Dr2|2026-07-14|EQ-PH-CACL2-1G-v1.0.0	0e9859635cb91e14ed4782c219078f1654ccbbe2a4858edc81a173a9be567464	V4Dr2	Trip 5	20
https://rubalkhali.science/kb/RAK_PH_VALUE_f6831d4c7418bb8263a0089e7b15273b1396c8ffdb36a01f0e3591badd65009f	value	ph-measurement-v1|value|trip5|V4Dr2|2026-07-14|EQ-PH-CACL2-1G-v1.0.0	f6831d4c7418bb8263a0089e7b15273b1396c8ffdb36a01f0e3591badd65009f	V4Dr2	Trip 5	20
https://rubalkhali.science/kb/RAK_PH_PROCESS_079f52c0134c03c350d8ad458de0289c3ddd3f97d83d6a942a1b19e795f1b5a7	process	ph-measurement-v1|process|trip5|V4Dr3|2026-07-14|EQ-PH-CACL2-1G-v1.0.0	079f52c0134c03c350d8ad458de0289c3ddd3f97d83d6a942a1b19e795f1b5a7	V4Dr3	Trip 5	21
https://rubalkhali.science/kb/RAK_PH_QUALITY_85ebba9e82c28b798766dc3794deedaacfee7af0d536d1c13654ca4e4f1dde68	quality	ph-measurement-v1|quality|trip5|V4Dr3|2026-07-14|EQ-PH-CACL2-1G-v1.0.0	85ebba9e82c28b798766dc3794deedaacfee7af0d536d1c13654ca4e4f1dde68	V4Dr3	Trip 5	21
https://rubalkhali.science/kb/RAK_PH_VALUE_d9fe1a75edf65c822458ae8b270ae92a3905c890431cad71dd6fccc222e03190	value	ph-measurement-v1|value|trip5|V4Dr3|2026-07-14|EQ-PH-CACL2-1G-v1.0.0	d9fe1a75edf65c822458ae8b270ae92a3905c890431cad71dd6fccc222e03190	V4Dr3	Trip 5	21
https://rubalkhali.science/kb/RAK_PH_PROCESS_f220b6773986421d009ef66538002597f458ed37eb6237c64e476fe68dc4176d	process	ph-measurement-v1|process|trip5|V4PRr1|2026-07-14|EQ-PH-CACL2-1G-v1.0.0	f220b6773986421d009ef66538002597f458ed37eb6237c64e476fe68dc4176d	V4PRr1	Trip 5	22
https://rubalkhali.science/kb/RAK_PH_QUALITY_9aeba582d09c8272f6eddca3671dcc90586cd3da8e85156b0d8c2bc4abc99063	quality	ph-measurement-v1|quality|trip5|V4PRr1|2026-07-14|EQ-PH-CACL2-1G-v1.0.0	9aeba582d09c8272f6eddca3671dcc90586cd3da8e85156b0d8c2bc4abc99063	V4PRr1	Trip 5	22
https://rubalkhali.science/kb/RAK_PH_VALUE_6102cf96da0c10ae64b3ec75e570770014a9ff995bbed755a1f0b5f9b9012f6c	value	ph-measurement-v1|value|trip5|V4PRr1|2026-07-14|EQ-PH-CACL2-1G-v1.0.0	6102cf96da0c10ae64b3ec75e570770014a9ff995bbed755a1f0b5f9b9012f6c	V4PRr1	Trip 5	22
https://rubalkhali.science/kb/RAK_PH_PROCESS_d41075c932bb7406265c92827f2cd534c80b1208688c664810c3b0a8ed1b7752	process	ph-measurement-v1|process|trip5|V4PRr2|2026-07-14|EQ-PH-CACL2-1G-v1.0.0	d41075c932bb7406265c92827f2cd534c80b1208688c664810c3b0a8ed1b7752	V4PRr2	Trip 5	23
https://rubalkhali.science/kb/RAK_PH_QUALITY_220c57e8bbaa57997ab3f980a7a1b5a660b542f3936d9b303dfe9c067dbd3c92	quality	ph-measurement-v1|quality|trip5|V4PRr2|2026-07-14|EQ-PH-CACL2-1G-v1.0.0	220c57e8bbaa57997ab3f980a7a1b5a660b542f3936d9b303dfe9c067dbd3c92	V4PRr2	Trip 5	23
https://rubalkhali.science/kb/RAK_PH_VALUE_c681e0c495d69c47ee7964b9b239ab19fedbdb845917da1e50fd89612f86caad	value	ph-measurement-v1|value|trip5|V4PRr2|2026-07-14|EQ-PH-CACL2-1G-v1.0.0	c681e0c495d69c47ee7964b9b239ab19fedbdb845917da1e50fd89612f86caad	V4PRr2	Trip 5	23
https://rubalkhali.science/kb/RAK_PH_PROCESS_76b7bb3f34446827c35c60c88b1a256af7c8a9ca1b54a78b84008344fa5a4b88	process	ph-measurement-v1|process|trip5|V4PRr3|2026-07-14|EQ-PH-CACL2-1G-v1.0.0	76b7bb3f34446827c35c60c88b1a256af7c8a9ca1b54a78b84008344fa5a4b88	V4PRr3	Trip 5	24
https://rubalkhali.science/kb/RAK_PH_QUALITY_6216fa034721de8714b87e09177edcbc41c0e229424b5b46bedb1018f89f4f17	quality	ph-measurement-v1|quality|trip5|V4PRr3|2026-07-14|EQ-PH-CACL2-1G-v1.0.0	6216fa034721de8714b87e09177edcbc41c0e229424b5b46bedb1018f89f4f17	V4PRr3	Trip 5	24
https://rubalkhali.science/kb/RAK_PH_VALUE_d98e04b7ca71e827be7569eaabc412b2d420209a0ae05a2225db999de9999026	value	ph-measurement-v1|value|trip5|V4PRr3|2026-07-14|EQ-PH-CACL2-1G-v1.0.0	d98e04b7ca71e827be7569eaabc412b2d420209a0ae05a2225db999de9999026	V4PRr3	Trip 5	24
https://rubalkhali.science/kb/RAK_PH_PROCESS_9b0a6c4e7bc4b60b76d3784acc764ec7979e7077467b7a22f7f2d37c6d211ed9	process	ph-measurement-v1|process|trip5|V5Sr1|2026-07-14|EQ-PH-CACL2-1G-v1.0.0	9b0a6c4e7bc4b60b76d3784acc764ec7979e7077467b7a22f7f2d37c6d211ed9	V5Sr1	Trip 5	25
https://rubalkhali.science/kb/RAK_PH_QUALITY_5344841c779710a787b5948a9ebaf836d1ddce280703d0e99a3eaac48a49735c	quality	ph-measurement-v1|quality|trip5|V5Sr1|2026-07-14|EQ-PH-CACL2-1G-v1.0.0	5344841c779710a787b5948a9ebaf836d1ddce280703d0e99a3eaac48a49735c	V5Sr1	Trip 5	25
https://rubalkhali.science/kb/RAK_PH_VALUE_19b603889991c25b5f30be8f0b5eea80b51a2add88fe3cdffaabfe7060bd2f76	value	ph-measurement-v1|value|trip5|V5Sr1|2026-07-14|EQ-PH-CACL2-1G-v1.0.0	19b603889991c25b5f30be8f0b5eea80b51a2add88fe3cdffaabfe7060bd2f76	V5Sr1	Trip 5	25
https://rubalkhali.science/kb/RAK_PH_PROCESS_169ed5ee37aa0ce98e24eca3ebf38d20ecb2d9956066978cd0844cb8c0516bae	process	ph-measurement-v1|process|trip5|V5Sr3|2026-07-14|EQ-PH-CACL2-1G-v1.0.0	169ed5ee37aa0ce98e24eca3ebf38d20ecb2d9956066978cd0844cb8c0516bae	V5Sr3	Trip 5	26
https://rubalkhali.science/kb/RAK_PH_QUALITY_97f12a48d71b2ffe7d2767a208b85e60fd3c4f720b3222b4ea1583bdfe56f466	quality	ph-measurement-v1|quality|trip5|V5Sr3|2026-07-14|EQ-PH-CACL2-1G-v1.0.0	97f12a48d71b2ffe7d2767a208b85e60fd3c4f720b3222b4ea1583bdfe56f466	V5Sr3	Trip 5	26
https://rubalkhali.science/kb/RAK_PH_VALUE_fd7f25094946ccafd5c39da4807c98d99c4122d575709c23aa631ab4b47944c7	value	ph-measurement-v1|value|trip5|V5Sr3|2026-07-14|EQ-PH-CACL2-1G-v1.0.0	fd7f25094946ccafd5c39da4807c98d99c4122d575709c23aa631ab4b47944c7	V5Sr3	Trip 5	26
https://rubalkhali.science/kb/RAK_PH_PROCESS_de1e164c902072d017c1de8a092276041556d9978a1e67c31fd37586b08396ed	process	ph-measurement-v1|process|trip5|V5Dr1|2026-07-14|EQ-PH-CACL2-1G-v1.0.0	de1e164c902072d017c1de8a092276041556d9978a1e67c31fd37586b08396ed	V5Dr1	Trip 5	27
https://rubalkhali.science/kb/RAK_PH_QUALITY_34b5cc31e51f97411586af428a3b95de61286da9b66ceb683eb12715c155b1c5	quality	ph-measurement-v1|quality|trip5|V5Dr1|2026-07-14|EQ-PH-CACL2-1G-v1.0.0	34b5cc31e51f97411586af428a3b95de61286da9b66ceb683eb12715c155b1c5	V5Dr1	Trip 5	27
https://rubalkhali.science/kb/RAK_PH_VALUE_06ae5b3871c7543aaee85389b41df62b1c7545e89b27dfcf807f4735a42722a8	value	ph-measurement-v1|value|trip5|V5Dr1|2026-07-14|EQ-PH-CACL2-1G-v1.0.0	06ae5b3871c7543aaee85389b41df62b1c7545e89b27dfcf807f4735a42722a8	V5Dr1	Trip 5	27
https://rubalkhali.science/kb/RAK_PH_PROCESS_24200a00170e8243abfda3104011c9e45b309808fd6ea1e65432ebd7317747dc	process	ph-measurement-v1|process|trip5|V5PRr1|2026-07-14|EQ-PH-CACL2-1G-v1.0.0	24200a00170e8243abfda3104011c9e45b309808fd6ea1e65432ebd7317747dc	V5PRr1	Trip 5	28
https://rubalkhali.science/kb/RAK_PH_QUALITY_4780eeed89dcf4c59d5677093d9077fc12572bef490e5e43a4f0c7fa51ae8137	quality	ph-measurement-v1|quality|trip5|V5PRr1|2026-07-14|EQ-PH-CACL2-1G-v1.0.0	4780eeed89dcf4c59d5677093d9077fc12572bef490e5e43a4f0c7fa51ae8137	V5PRr1	Trip 5	28
https://rubalkhali.science/kb/RAK_PH_VALUE_a91cf9bd7cd9b32cac2e1e8db07f60582eaade439ebeac641dd2b933be848106	value	ph-measurement-v1|value|trip5|V5PRr1|2026-07-14|EQ-PH-CACL2-1G-v1.0.0	a91cf9bd7cd9b32cac2e1e8db07f60582eaade439ebeac641dd2b933be848106	V5PRr1	Trip 5	28
https://rubalkhali.science/kb/RAK_PH_PROCESS_51136e1af33ba46a5685705785a08ddf784a9a622623acd9e2d4d5a12bb256f3	process	ph-measurement-v1|process|trip5|V5PRr2|2026-07-14|EQ-PH-CACL2-1G-v1.0.0	51136e1af33ba46a5685705785a08ddf784a9a622623acd9e2d4d5a12bb256f3	V5PRr2	Trip 5	29
https://rubalkhali.science/kb/RAK_PH_QUALITY_612cd4c7fa4a72119362f66e3c856fe9f18fe4a8d20047236cdc01d14abbab9a	quality	ph-measurement-v1|quality|trip5|V5PRr2|2026-07-14|EQ-PH-CACL2-1G-v1.0.0	612cd4c7fa4a72119362f66e3c856fe9f18fe4a8d20047236cdc01d14abbab9a	V5PRr2	Trip 5	29
https://rubalkhali.science/kb/RAK_PH_VALUE_f9c9aad5d9437b9adedfccd500469c5dc18b29e7eb51cb8a26806c6c31513180	value	ph-measurement-v1|value|trip5|V5PRr2|2026-07-14|EQ-PH-CACL2-1G-v1.0.0	f9c9aad5d9437b9adedfccd500469c5dc18b29e7eb51cb8a26806c6c31513180	V5PRr2	Trip 5	29
https://rubalkhali.science/kb/RAK_PH_PROCESS_e4b8ddea90a19719a3c465c27c17199004f81e12e793aa10fabb0f6493110463	process	ph-measurement-v1|process|trip5|V5PRr3|2026-07-14|EQ-PH-CACL2-1G-v1.0.0	e4b8ddea90a19719a3c465c27c17199004f81e12e793aa10fabb0f6493110463	V5PRr3	Trip 5	30
https://rubalkhali.science/kb/RAK_PH_QUALITY_9d2db7b42fc981bf8637c5bfe35e22ac8af4320a96731213dd5f19d9b6ecbf49	quality	ph-measurement-v1|quality|trip5|V5PRr3|2026-07-14|EQ-PH-CACL2-1G-v1.0.0	9d2db7b42fc981bf8637c5bfe35e22ac8af4320a96731213dd5f19d9b6ecbf49	V5PRr3	Trip 5	30
https://rubalkhali.science/kb/RAK_PH_VALUE_72683702bfa7abd4be6d1563d83f7933bec98a00c68881cc8d7cdd1187e2e2eb	value	ph-measurement-v1|value|trip5|V5PRr3|2026-07-14|EQ-PH-CACL2-1G-v1.0.0	72683702bfa7abd4be6d1563d83f7933bec98a00c68881cc8d7cdd1187e2e2eb	V5PRr3	Trip 5	30
https://rubalkhali.science/kb/RAK_PH_PROCESS_9b1828608be92fc4e7d3f58af1cff576df5f33334e13fb29e14b7cba5281dba6	process	ph-measurement-v1|process|trip5|V6Sr1|2026-07-14|EQ-PH-CACL2-1G-v1.0.0	9b1828608be92fc4e7d3f58af1cff576df5f33334e13fb29e14b7cba5281dba6	V6Sr1	Trip 5	31
https://rubalkhali.science/kb/RAK_PH_QUALITY_9c28775eb153ede666d59ed13e8d1e657c13a6952d335667cf9c72e9c5d152b3	quality	ph-measurement-v1|quality|trip5|V6Sr1|2026-07-14|EQ-PH-CACL2-1G-v1.0.0	9c28775eb153ede666d59ed13e8d1e657c13a6952d335667cf9c72e9c5d152b3	V6Sr1	Trip 5	31
https://rubalkhali.science/kb/RAK_PH_VALUE_09f13cbd106158975356ec91f399970277705868a20ab31c5025187a93329ec9	value	ph-measurement-v1|value|trip5|V6Sr1|2026-07-14|EQ-PH-CACL2-1G-v1.0.0	09f13cbd106158975356ec91f399970277705868a20ab31c5025187a93329ec9	V6Sr1	Trip 5	31
https://rubalkhali.science/kb/RAK_PH_PROCESS_4de2ea20ff7f4b05508eb850377253bb26e42657988b07d8103b0a03749a8d08	process	ph-measurement-v1|process|trip5|V6Sr3|2026-07-14|EQ-PH-CACL2-1G-v1.0.0	4de2ea20ff7f4b05508eb850377253bb26e42657988b07d8103b0a03749a8d08	V6Sr3	Trip 5	32
https://rubalkhali.science/kb/RAK_PH_QUALITY_bb357c4bed4f5e2bf4d5242915562f35431063c7e97e26328a55c7b73b8d73ca	quality	ph-measurement-v1|quality|trip5|V6Sr3|2026-07-14|EQ-PH-CACL2-1G-v1.0.0	bb357c4bed4f5e2bf4d5242915562f35431063c7e97e26328a55c7b73b8d73ca	V6Sr3	Trip 5	32
https://rubalkhali.science/kb/RAK_PH_VALUE_8563c905f9d4c896add65eb3acf6213358cbd980736eb6647d9abc16239ad060	value	ph-measurement-v1|value|trip5|V6Sr3|2026-07-14|EQ-PH-CACL2-1G-v1.0.0	8563c905f9d4c896add65eb3acf6213358cbd980736eb6647d9abc16239ad060	V6Sr3	Trip 5	32
https://rubalkhali.science/kb/RAK_PH_PROCESS_ec7f1e035e0f473d9086b2142326a9fa93246b01b15a2528efead1f2da2b7d6f	process	ph-measurement-v1|process|trip5|V6Dr1|2026-07-14|EQ-PH-CACL2-1G-v1.0.0	ec7f1e035e0f473d9086b2142326a9fa93246b01b15a2528efead1f2da2b7d6f	V6Dr1	Trip 5	33
https://rubalkhali.science/kb/RAK_PH_QUALITY_0d225872a3ca6717c23c09e21ef31770fc089602884f6c70f7f1a085d55a9521	quality	ph-measurement-v1|quality|trip5|V6Dr1|2026-07-14|EQ-PH-CACL2-1G-v1.0.0	0d225872a3ca6717c23c09e21ef31770fc089602884f6c70f7f1a085d55a9521	V6Dr1	Trip 5	33
https://rubalkhali.science/kb/RAK_PH_VALUE_00136b2b88637110b45cfc80bb50418e7df8ba0370bfb3c90d4891e7c1936c56	value	ph-measurement-v1|value|trip5|V6Dr1|2026-07-14|EQ-PH-CACL2-1G-v1.0.0	00136b2b88637110b45cfc80bb50418e7df8ba0370bfb3c90d4891e7c1936c56	V6Dr1	Trip 5	33
https://rubalkhali.science/kb/RAK_PH_PROCESS_c748a4ed0cf2876920f05d7169be1e42591f1f715d7157d888048a13c571e70e	process	ph-measurement-v1|process|trip5|V6PRr1|2026-07-14|EQ-PH-CACL2-1G-v1.0.0	c748a4ed0cf2876920f05d7169be1e42591f1f715d7157d888048a13c571e70e	V6PRr1	Trip 5	34
https://rubalkhali.science/kb/RAK_PH_QUALITY_6bab64271e1e659435253c5f721cc98b634b298c1473d022cea718fccf01ed58	quality	ph-measurement-v1|quality|trip5|V6PRr1|2026-07-14|EQ-PH-CACL2-1G-v1.0.0	6bab64271e1e659435253c5f721cc98b634b298c1473d022cea718fccf01ed58	V6PRr1	Trip 5	34
https://rubalkhali.science/kb/RAK_PH_VALUE_2e5187232ee83adee36bb472b1c6ac08e798a065bddecda3264945b4f341f7c2	value	ph-measurement-v1|value|trip5|V6PRr1|2026-07-14|EQ-PH-CACL2-1G-v1.0.0	2e5187232ee83adee36bb472b1c6ac08e798a065bddecda3264945b4f341f7c2	V6PRr1	Trip 5	34
https://rubalkhali.science/kb/RAK_PH_PROCESS_40bdebdede92670e8956487e1bd82171693b5199191e75fe1658706c1d113d08	process	ph-measurement-v1|process|trip5|V6PRr2|2026-07-14|EQ-PH-CACL2-1G-v1.0.0	40bdebdede92670e8956487e1bd82171693b5199191e75fe1658706c1d113d08	V6PRr2	Trip 5	35
https://rubalkhali.science/kb/RAK_PH_QUALITY_87201ed643198a3abd76eae36ac222cc2dd2bbd655c5123499e908d600a0f0ce	quality	ph-measurement-v1|quality|trip5|V6PRr2|2026-07-14|EQ-PH-CACL2-1G-v1.0.0	87201ed643198a3abd76eae36ac222cc2dd2bbd655c5123499e908d600a0f0ce	V6PRr2	Trip 5	35
https://rubalkhali.science/kb/RAK_PH_VALUE_097d83e6f8d35d5b8caad85a1c9b3041e986aed50b08cdc572be342c61f7b22c	value	ph-measurement-v1|value|trip5|V6PRr2|2026-07-14|EQ-PH-CACL2-1G-v1.0.0	097d83e6f8d35d5b8caad85a1c9b3041e986aed50b08cdc572be342c61f7b22c	V6PRr2	Trip 5	35
https://rubalkhali.science/kb/RAK_PH_PROCESS_03036960ea9d6a67510d61dd9a82826726e66382306dd9c3ac123a9687eb8636	process	ph-measurement-v1|process|trip5|V6PRr3|2026-07-14|EQ-PH-CACL2-1G-v1.0.0	03036960ea9d6a67510d61dd9a82826726e66382306dd9c3ac123a9687eb8636	V6PRr3	Trip 5	36
https://rubalkhali.science/kb/RAK_PH_QUALITY_8481ea8da438727a7d80680bd731a0b6ca2fe2876c9cf5a0186e648e6df393ce	quality	ph-measurement-v1|quality|trip5|V6PRr3|2026-07-14|EQ-PH-CACL2-1G-v1.0.0	8481ea8da438727a7d80680bd731a0b6ca2fe2876c9cf5a0186e648e6df393ce	V6PRr3	Trip 5	36
https://rubalkhali.science/kb/RAK_PH_VALUE_ef4e7f54c312404bf021365b1d1a9635468df78022008b0ca0aa161e7e2cd39a	value	ph-measurement-v1|value|trip5|V6PRr3|2026-07-14|EQ-PH-CACL2-1G-v1.0.0	ef4e7f54c312404bf021365b1d1a9635468df78022008b0ca0aa161e7e2cd39a	V6PRr3	Trip 5	36
https://rubalkhali.science/kb/RAK_PH_PROCESS_c7c3711e295e67800a00eaf36f5de07cc073a59bac5d5a9f3738b326def5cdd0	process	ph-measurement-v1|process|trip5|V7Dr1|2026-07-14|EQ-PH-CACL2-1G-v1.0.0	c7c3711e295e67800a00eaf36f5de07cc073a59bac5d5a9f3738b326def5cdd0	V7Dr1	Trip 5	37
https://rubalkhali.science/kb/RAK_PH_QUALITY_47b656a63dc98b12ddbc93440aa9e0bc3cc760ae34870a9773db47b7b0e34405	quality	ph-measurement-v1|quality|trip5|V7Dr1|2026-07-14|EQ-PH-CACL2-1G-v1.0.0	47b656a63dc98b12ddbc93440aa9e0bc3cc760ae34870a9773db47b7b0e34405	V7Dr1	Trip 5	37
https://rubalkhali.science/kb/RAK_PH_VALUE_dea8e46427823315cb92aed4f90ddf96661d3959fe4c8a1c93cca9e373f75f18	value	ph-measurement-v1|value|trip5|V7Dr1|2026-07-14|EQ-PH-CACL2-1G-v1.0.0	dea8e46427823315cb92aed4f90ddf96661d3959fe4c8a1c93cca9e373f75f18	V7Dr1	Trip 5	37
https://rubalkhali.science/kb/RAK_PH_PROCESS_ad5586c8678854438932b74595d64559a3d30d74497be42613a18fb5aea668b1	process	ph-measurement-v1|process|trip5|V7Dr3|2026-07-14|EQ-PH-CACL2-1G-v1.0.0	ad5586c8678854438932b74595d64559a3d30d74497be42613a18fb5aea668b1	V7Dr3	Trip 5	38
https://rubalkhali.science/kb/RAK_PH_QUALITY_c68f50f865bc2394b8d6cc8afb9ba65febd6bc8e0ae5c2e408784187fa290771	quality	ph-measurement-v1|quality|trip5|V7Dr3|2026-07-14|EQ-PH-CACL2-1G-v1.0.0	c68f50f865bc2394b8d6cc8afb9ba65febd6bc8e0ae5c2e408784187fa290771	V7Dr3	Trip 5	38
https://rubalkhali.science/kb/RAK_PH_VALUE_3739fe34a74188cfc248faf220eae42c2d8a524589e43fccac75a077d705e62f	value	ph-measurement-v1|value|trip5|V7Dr3|2026-07-14|EQ-PH-CACL2-1G-v1.0.0	3739fe34a74188cfc248faf220eae42c2d8a524589e43fccac75a077d705e62f	V7Dr3	Trip 5	38
https://rubalkhali.science/kb/RAK_PH_PROCESS_4bce0499bbe050f750f49c2b8f7309a1902b7482a5d156d01637fef51fa80743	process	ph-measurement-v1|process|trip5|V7PRr1|2026-07-14|EQ-PH-CACL2-1G-v1.0.0	4bce0499bbe050f750f49c2b8f7309a1902b7482a5d156d01637fef51fa80743	V7PRr1	Trip 5	39
https://rubalkhali.science/kb/RAK_PH_QUALITY_8e55da364eba0ed21d6f5286765976c724b2e2925a55c8ab9fa35ad026f9641e	quality	ph-measurement-v1|quality|trip5|V7PRr1|2026-07-14|EQ-PH-CACL2-1G-v1.0.0	8e55da364eba0ed21d6f5286765976c724b2e2925a55c8ab9fa35ad026f9641e	V7PRr1	Trip 5	39
https://rubalkhali.science/kb/RAK_PH_VALUE_57ed4971b595ad3bb4e2685934407df189dd631e22c930323f47f8adb8b66d0c	value	ph-measurement-v1|value|trip5|V7PRr1|2026-07-14|EQ-PH-CACL2-1G-v1.0.0	57ed4971b595ad3bb4e2685934407df189dd631e22c930323f47f8adb8b66d0c	V7PRr1	Trip 5	39
https://rubalkhali.science/kb/RAK_PH_PROCESS_f6b0fbbdcd23b001dfeab2a74bb58065cd10621b4b5a944640dc4bbb539082a4	process	ph-measurement-v1|process|trip5|V7PRr2|2026-07-14|EQ-PH-CACL2-1G-v1.0.0	f6b0fbbdcd23b001dfeab2a74bb58065cd10621b4b5a944640dc4bbb539082a4	V7PRr2	Trip 5	40
https://rubalkhali.science/kb/RAK_PH_QUALITY_ea32c7e216c9c9025389f29349827a3067cebc42d3c6274f72516c352c237ea5	quality	ph-measurement-v1|quality|trip5|V7PRr2|2026-07-14|EQ-PH-CACL2-1G-v1.0.0	ea32c7e216c9c9025389f29349827a3067cebc42d3c6274f72516c352c237ea5	V7PRr2	Trip 5	40
https://rubalkhali.science/kb/RAK_PH_VALUE_23189872c746f7d2b676b8f0c8994f4c34b7ae62d77b0e7f05243de40048d285	value	ph-measurement-v1|value|trip5|V7PRr2|2026-07-14|EQ-PH-CACL2-1G-v1.0.0	23189872c746f7d2b676b8f0c8994f4c34b7ae62d77b0e7f05243de40048d285	V7PRr2	Trip 5	40
https://rubalkhali.science/kb/RAK_PH_PROCESS_f24e170a67732771ca8a4006a8bc71db72e195d7b60a14dbed52249af03c8064	process	ph-measurement-v1|process|trip5|V7PRr3|2026-07-14|EQ-PH-CACL2-1G-v1.0.0	f24e170a67732771ca8a4006a8bc71db72e195d7b60a14dbed52249af03c8064	V7PRr3	Trip 5	41
https://rubalkhali.science/kb/RAK_PH_QUALITY_4f8e7f3fb4be5ab6b84b3dda26b300f37a7dbc9206085e15b966a772649b3877	quality	ph-measurement-v1|quality|trip5|V7PRr3|2026-07-14|EQ-PH-CACL2-1G-v1.0.0	4f8e7f3fb4be5ab6b84b3dda26b300f37a7dbc9206085e15b966a772649b3877	V7PRr3	Trip 5	41
https://rubalkhali.science/kb/RAK_PH_VALUE_f0986f91b182d9d0d3064c525f2bda666de2e7ad171068ecf8755e9ecf82c17a	value	ph-measurement-v1|value|trip5|V7PRr3|2026-07-14|EQ-PH-CACL2-1G-v1.0.0	f0986f91b182d9d0d3064c525f2bda666de2e7ad171068ecf8755e9ecf82c17a	V7PRr3	Trip 5	41
https://rubalkhali.science/kb/RAK_PH_SESSION_097e18dc95ac993a20bcf72334e687dc9f10eb6cd6649fe1091427bb2c3e3f25	session	ph-measurement-v1|session|5|2026-07-14|95.5|10.03	097e18dc95ac993a20bcf72334e687dc9f10eb6cd6649fe1091427bb2c3e3f25		Trip 5	42
https://rubalkhali.science/kb/RAK_PH_PROCESS_da504bf3bd87943e33969cc302ce19aef7a929c6bcfceb9bf79e79d1fd946089	process	ph-measurement-v1|process|trip5|V8Dr3|2026-07-14|EQ-PH-CACL2-1G-v1.0.0	da504bf3bd87943e33969cc302ce19aef7a929c6bcfceb9bf79e79d1fd946089	V8Dr3	Trip 5	42
https://rubalkhali.science/kb/RAK_PH_QUALITY_2950d9dc6f5c38ffd8464b97c2cec535ef31531c42bd3ebc6b2ed103d45a42b0	quality	ph-measurement-v1|quality|trip5|V8Dr3|2026-07-14|EQ-PH-CACL2-1G-v1.0.0	2950d9dc6f5c38ffd8464b97c2cec535ef31531c42bd3ebc6b2ed103d45a42b0	V8Dr3	Trip 5	42
https://rubalkhali.science/kb/RAK_PH_VALUE_d8f1f529088d8d42536bb3039ee01bcecee02e61535b7932e2bcf2150a901ba4	value	ph-measurement-v1|value|trip5|V8Dr3|2026-07-14|EQ-PH-CACL2-1G-v1.0.0	d8f1f529088d8d42536bb3039ee01bcecee02e61535b7932e2bcf2150a901ba4	V8Dr3	Trip 5	42
https://rubalkhali.science/kb/RAK_PH_PROCESS_c23dc25ef5eb74b33963009e3a6ae89889bed87363dd2ca72cfe967dfb158012	process	ph-measurement-v1|process|trip5|V8PRr1|2026-07-14|EQ-PH-CACL2-1G-v1.0.0	c23dc25ef5eb74b33963009e3a6ae89889bed87363dd2ca72cfe967dfb158012	V8PRr1	Trip 5	43
https://rubalkhali.science/kb/RAK_PH_QUALITY_029715914544cdd5be9c0df6b660648c67496fdc2d33bdfa7235ac1faab4f85a	quality	ph-measurement-v1|quality|trip5|V8PRr1|2026-07-14|EQ-PH-CACL2-1G-v1.0.0	029715914544cdd5be9c0df6b660648c67496fdc2d33bdfa7235ac1faab4f85a	V8PRr1	Trip 5	43
https://rubalkhali.science/kb/RAK_PH_VALUE_32797b980e4fa14e2fc0ba04dc983b7b4dbad4d5ae76a41d70d5fde2f5881f05	value	ph-measurement-v1|value|trip5|V8PRr1|2026-07-14|EQ-PH-CACL2-1G-v1.0.0	32797b980e4fa14e2fc0ba04dc983b7b4dbad4d5ae76a41d70d5fde2f5881f05	V8PRr1	Trip 5	43
https://rubalkhali.science/kb/RAK_PH_PROCESS_88fc5b9f7478c342ebdc52c0a59f122c724c538109afd73fef045b6350196108	process	ph-measurement-v1|process|trip5|V8PRr2|2026-07-14|EQ-PH-CACL2-1G-v1.0.0	88fc5b9f7478c342ebdc52c0a59f122c724c538109afd73fef045b6350196108	V8PRr2	Trip 5	44
https://rubalkhali.science/kb/RAK_PH_QUALITY_a9b9ed26bbf831c53311e320de866ee1fc27fce788b03d3f35e77c9489da84ff	quality	ph-measurement-v1|quality|trip5|V8PRr2|2026-07-14|EQ-PH-CACL2-1G-v1.0.0	a9b9ed26bbf831c53311e320de866ee1fc27fce788b03d3f35e77c9489da84ff	V8PRr2	Trip 5	44
https://rubalkhali.science/kb/RAK_PH_VALUE_a8e9667050953f82cdc7fea3be51e89b72fec128e11868052098719fdb43528d	value	ph-measurement-v1|value|trip5|V8PRr2|2026-07-14|EQ-PH-CACL2-1G-v1.0.0	a8e9667050953f82cdc7fea3be51e89b72fec128e11868052098719fdb43528d	V8PRr2	Trip 5	44
https://rubalkhali.science/kb/RAK_PH_PROCESS_aa54129903d4c4363d752cd6b2ba816192be2fe450e7eed8eb59bf016e101c23	process	ph-measurement-v1|process|trip5|V8PRr3|2026-07-14|EQ-PH-CACL2-1G-v1.0.0	aa54129903d4c4363d752cd6b2ba816192be2fe450e7eed8eb59bf016e101c23	V8PRr3	Trip 5	45
https://rubalkhali.science/kb/RAK_PH_QUALITY_b85cb1c1581ffd00fc35124868ea95598a16c56dd0932f1b798f6fbf80034ccf	quality	ph-measurement-v1|quality|trip5|V8PRr3|2026-07-14|EQ-PH-CACL2-1G-v1.0.0	b85cb1c1581ffd00fc35124868ea95598a16c56dd0932f1b798f6fbf80034ccf	V8PRr3	Trip 5	45
https://rubalkhali.science/kb/RAK_PH_VALUE_c5ee3def6f0dd87ab8b1c75f8b6783fd6763fa60993aba5d84ee3db1bb04d77f	value	ph-measurement-v1|value|trip5|V8PRr3|2026-07-14|EQ-PH-CACL2-1G-v1.0.0	c5ee3def6f0dd87ab8b1c75f8b6783fd6763fa60993aba5d84ee3db1bb04d77f	V8PRr3	Trip 5	45
https://rubalkhali.science/kb/RAK_PH_PROCESS_8c144f803354895988e37c0aef2128d3bb0e7460b5cd054c27320227273fdfa5	process	ph-measurement-v1|process|trip5|V9PRr1|2026-07-14|EQ-PH-CACL2-1G-v1.0.0	8c144f803354895988e37c0aef2128d3bb0e7460b5cd054c27320227273fdfa5	V9PRr1	Trip 5	46
https://rubalkhali.science/kb/RAK_PH_QUALITY_e5d3085d875f199cd1640485a54146c821a83afb4ecd5db556ffd784da59626e	quality	ph-measurement-v1|quality|trip5|V9PRr1|2026-07-14|EQ-PH-CACL2-1G-v1.0.0	e5d3085d875f199cd1640485a54146c821a83afb4ecd5db556ffd784da59626e	V9PRr1	Trip 5	46
https://rubalkhali.science/kb/RAK_PH_VALUE_bc4bd8236f2c2329a859dc892e158392c70f11b827023ea676de3a29f0ee2ec9	value	ph-measurement-v1|value|trip5|V9PRr1|2026-07-14|EQ-PH-CACL2-1G-v1.0.0	bc4bd8236f2c2329a859dc892e158392c70f11b827023ea676de3a29f0ee2ec9	V9PRr1	Trip 5	46
https://rubalkhali.science/kb/RAK_PH_PROCESS_015581d8afcbee3da8e5867fb05213243548af7c036591d8431b9e245ac38073	process	ph-measurement-v1|process|trip5|V9PRr2|2026-07-14|EQ-PH-CACL2-1G-v1.0.0	015581d8afcbee3da8e5867fb05213243548af7c036591d8431b9e245ac38073	V9PRr2	Trip 5	47
https://rubalkhali.science/kb/RAK_PH_QUALITY_c6798b3bab57676cbb73f05186ee3ba8bd7d20174a489891f6a2209670a8e99a	quality	ph-measurement-v1|quality|trip5|V9PRr2|2026-07-14|EQ-PH-CACL2-1G-v1.0.0	c6798b3bab57676cbb73f05186ee3ba8bd7d20174a489891f6a2209670a8e99a	V9PRr2	Trip 5	47
https://rubalkhali.science/kb/RAK_PH_VALUE_66cf44918b56377b5fa438a6ba5e71fea1ba3cef546f6e6c8c887e787458a411	value	ph-measurement-v1|value|trip5|V9PRr2|2026-07-14|EQ-PH-CACL2-1G-v1.0.0	66cf44918b56377b5fa438a6ba5e71fea1ba3cef546f6e6c8c887e787458a411	V9PRr2	Trip 5	47
https://rubalkhali.science/kb/RAK_PH_PROCESS_2276be6437ff58632392b66a75c6b7e8f592e531987acc602e0ea7936beb93c6	process	ph-measurement-v1|process|trip5|V9PRr3|2026-07-14|EQ-PH-CACL2-1G-v1.0.0	2276be6437ff58632392b66a75c6b7e8f592e531987acc602e0ea7936beb93c6	V9PRr3	Trip 5	48
https://rubalkhali.science/kb/RAK_PH_QUALITY_737f09f5dcf796a1d67760477e1076eeeb5309867957c110d0b6ea5d6a541a5f	quality	ph-measurement-v1|quality|trip5|V9PRr3|2026-07-14|EQ-PH-CACL2-1G-v1.0.0	737f09f5dcf796a1d67760477e1076eeeb5309867957c110d0b6ea5d6a541a5f	V9PRr3	Trip 5	48
https://rubalkhali.science/kb/RAK_PH_VALUE_7096b8d29951d5a6a31ea6cb67aa124d16363bce7a8f4dc94d378499417dba36	value	ph-measurement-v1|value|trip5|V9PRr3|2026-07-14|EQ-PH-CACL2-1G-v1.0.0	7096b8d29951d5a6a31ea6cb67aa124d16363bce7a8f4dc94d378499417dba36	V9PRr3	Trip 5	48
https://rubalkhali.science/kb/RAK_PH_SESSION_4bda4eec4d5f222460223d5e1fbf84db1a6d364fadf6f2a7e5cd056a10972bf7	session	ph-measurement-v1|session|5|2026-07-15|97.1|10.06	4bda4eec4d5f222460223d5e1fbf84db1a6d364fadf6f2a7e5cd056a10972bf7		Trip 5	49
https://rubalkhali.science/kb/RAK_PH_PROCESS_d802c3a15efe6126ede996197faa63c0a8f5e5bed12704709b669af038b2fba7	process	ph-measurement-v1|process|trip5|V10Dr1|2026-07-15|EQ-PH-CACL2-1G-v1.0.0	d802c3a15efe6126ede996197faa63c0a8f5e5bed12704709b669af038b2fba7	V10Dr1	Trip 5	49
https://rubalkhali.science/kb/RAK_PH_QUALITY_ce9c9aa4f6b53c439015d293671e7649810842a1fd4c7e86a5bda8930423e431	quality	ph-measurement-v1|quality|trip5|V10Dr1|2026-07-15|EQ-PH-CACL2-1G-v1.0.0	ce9c9aa4f6b53c439015d293671e7649810842a1fd4c7e86a5bda8930423e431	V10Dr1	Trip 5	49
https://rubalkhali.science/kb/RAK_PH_VALUE_1c561992c09c50664d3e199b0210840d7fa68984fe6ac25fa4790f55331fad6e	value	ph-measurement-v1|value|trip5|V10Dr1|2026-07-15|EQ-PH-CACL2-1G-v1.0.0	1c561992c09c50664d3e199b0210840d7fa68984fe6ac25fa4790f55331fad6e	V10Dr1	Trip 5	49
https://rubalkhali.science/kb/RAK_PH_PROCESS_e61fafa60bb5e5ea7c314bba0969ca87afc41a0f2511be8bd3fa7fa6a5f12b6f	process	ph-measurement-v1|process|trip5|V10PRr2|2026-07-15|EQ-PH-CACL2-1G-v1.0.0	e61fafa60bb5e5ea7c314bba0969ca87afc41a0f2511be8bd3fa7fa6a5f12b6f	V10PRr2	Trip 5	50
https://rubalkhali.science/kb/RAK_PH_QUALITY_2aeead9066a9b0599617c2517d38026e67cc1ba0495aeeac8ed9935ed649b884	quality	ph-measurement-v1|quality|trip5|V10PRr2|2026-07-15|EQ-PH-CACL2-1G-v1.0.0	2aeead9066a9b0599617c2517d38026e67cc1ba0495aeeac8ed9935ed649b884	V10PRr2	Trip 5	50
https://rubalkhali.science/kb/RAK_PH_VALUE_65f38b3df2d56746a35135c4b4c067881e861616cd90ebaffcf03e6250bf121c	value	ph-measurement-v1|value|trip5|V10PRr2|2026-07-15|EQ-PH-CACL2-1G-v1.0.0	65f38b3df2d56746a35135c4b4c067881e861616cd90ebaffcf03e6250bf121c	V10PRr2	Trip 5	50
https://rubalkhali.science/kb/RAK_PH_PROCESS_357938b8df1c6e55bd436243d39679a0c0adb9d6a0cea983a5466449b4be4037	process	ph-measurement-v1|process|trip5|V11Sr2|2026-07-15|EQ-PH-CACL2-1G-v1.0.0	357938b8df1c6e55bd436243d39679a0c0adb9d6a0cea983a5466449b4be4037	V11Sr2	Trip 5	51
https://rubalkhali.science/kb/RAK_PH_QUALITY_f3375ae0f8a4474840fb321031485781a494c3a684792d7c32167ed45eb5c125	quality	ph-measurement-v1|quality|trip5|V11Sr2|2026-07-15|EQ-PH-CACL2-1G-v1.0.0	f3375ae0f8a4474840fb321031485781a494c3a684792d7c32167ed45eb5c125	V11Sr2	Trip 5	51
https://rubalkhali.science/kb/RAK_PH_VALUE_2887c6ad839fa8aaeb23e3817d48200b57408d5d1a5d951733450e5acfa8ab4a	value	ph-measurement-v1|value|trip5|V11Sr2|2026-07-15|EQ-PH-CACL2-1G-v1.0.0	2887c6ad839fa8aaeb23e3817d48200b57408d5d1a5d951733450e5acfa8ab4a	V11Sr2	Trip 5	51
https://rubalkhali.science/kb/RAK_PH_PROCESS_73fd1dd79d7b2801183b27ab52306905ce2be05a1a9985e2ff28dad11450dcdd	process	ph-measurement-v1|process|trip5|V11Dr3|2026-07-15|EQ-PH-CACL2-1G-v1.0.0	73fd1dd79d7b2801183b27ab52306905ce2be05a1a9985e2ff28dad11450dcdd	V11Dr3	Trip 5	52
https://rubalkhali.science/kb/RAK_PH_QUALITY_aae7e73f9f082b1d45d521278601d69a7bbcabc7acde8e73c8dc467d3442d346	quality	ph-measurement-v1|quality|trip5|V11Dr3|2026-07-15|EQ-PH-CACL2-1G-v1.0.0	aae7e73f9f082b1d45d521278601d69a7bbcabc7acde8e73c8dc467d3442d346	V11Dr3	Trip 5	52
https://rubalkhali.science/kb/RAK_PH_VALUE_246dd7b99418b514e6270894e7462e76a543ba44eb6f8b26d4fe2fcf2ca50c5c	value	ph-measurement-v1|value|trip5|V11Dr3|2026-07-15|EQ-PH-CACL2-1G-v1.0.0	246dd7b99418b514e6270894e7462e76a543ba44eb6f8b26d4fe2fcf2ca50c5c	V11Dr3	Trip 5	52
https://rubalkhali.science/kb/RAK_PH_PROCESS_4b7b0bd49510f74861988e595efec05d88fbacc0b2fee507d9a0e4bcd8844f1a	process	ph-measurement-v1|process|trip5|V11PRr2|2026-07-15|EQ-PH-CACL2-1G-v1.0.0	4b7b0bd49510f74861988e595efec05d88fbacc0b2fee507d9a0e4bcd8844f1a	V11PRr2	Trip 5	53
https://rubalkhali.science/kb/RAK_PH_QUALITY_2fb69adbd4e6a55f428184a982f58580cb1f6d93701364d949519228694241bb	quality	ph-measurement-v1|quality|trip5|V11PRr2|2026-07-15|EQ-PH-CACL2-1G-v1.0.0	2fb69adbd4e6a55f428184a982f58580cb1f6d93701364d949519228694241bb	V11PRr2	Trip 5	53
https://rubalkhali.science/kb/RAK_PH_VALUE_c9ff5f9732f830140da7d0568c29c6d42c7fb43a47a40e80e8c1481d026aa471	value	ph-measurement-v1|value|trip5|V11PRr2|2026-07-15|EQ-PH-CACL2-1G-v1.0.0	c9ff5f9732f830140da7d0568c29c6d42c7fb43a47a40e80e8c1481d026aa471	V11PRr2	Trip 5	53
https://rubalkhali.science/kb/RAK_PH_PROCESS_d7006a793854d07606b23d6c97cbb961936c26c92a771206ecab46ec2b128d68	process	ph-measurement-v1|process|trip5|V11PRr3|2026-07-15|EQ-PH-CACL2-1G-v1.0.0	d7006a793854d07606b23d6c97cbb961936c26c92a771206ecab46ec2b128d68	V11PRr3	Trip 5	54
https://rubalkhali.science/kb/RAK_PH_QUALITY_6baa3645503980fd5daa860c2b8ae7bf341b55ebf77d091b82598f6e37919e27	quality	ph-measurement-v1|quality|trip5|V11PRr3|2026-07-15|EQ-PH-CACL2-1G-v1.0.0	6baa3645503980fd5daa860c2b8ae7bf341b55ebf77d091b82598f6e37919e27	V11PRr3	Trip 5	54
https://rubalkhali.science/kb/RAK_PH_VALUE_eaff9c6527e3836b58eb126721321c1a5a4c584a80f187fa3d3981a302e2a3cb	value	ph-measurement-v1|value|trip5|V11PRr3|2026-07-15|EQ-PH-CACL2-1G-v1.0.0	eaff9c6527e3836b58eb126721321c1a5a4c584a80f187fa3d3981a302e2a3cb	V11PRr3	Trip 5	54
https://rubalkhali.science/kb/RAK_PH_PROCESS_efc7e070325d5a2464b1bc86d4d0075a9916e3c6a6f1ffed8c27241b41e41e54	process	ph-measurement-v1|process|trip5|V12Sr1|2026-07-15|EQ-PH-CACL2-1G-v1.0.0	efc7e070325d5a2464b1bc86d4d0075a9916e3c6a6f1ffed8c27241b41e41e54	V12Sr1	Trip 5	55
https://rubalkhali.science/kb/RAK_PH_QUALITY_003ece68857686b43598f219d10041f6a96eab8b4591c2be755f2b037935f354	quality	ph-measurement-v1|quality|trip5|V12Sr1|2026-07-15|EQ-PH-CACL2-1G-v1.0.0	003ece68857686b43598f219d10041f6a96eab8b4591c2be755f2b037935f354	V12Sr1	Trip 5	55
https://rubalkhali.science/kb/RAK_PH_VALUE_b64317d3afed491a9a14f3bca8f866e2f27e21fc39285d0a3affa7a760134738	value	ph-measurement-v1|value|trip5|V12Sr1|2026-07-15|EQ-PH-CACL2-1G-v1.0.0	b64317d3afed491a9a14f3bca8f866e2f27e21fc39285d0a3affa7a760134738	V12Sr1	Trip 5	55
https://rubalkhali.science/kb/RAK_PH_PROCESS_65570488fa520bcaa417a0a8829339dba3ae3553f4d288421f7ea5e3c68931f0	process	ph-measurement-v1|process|trip5|V12Sr3|2026-07-15|EQ-PH-CACL2-1G-v1.0.0	65570488fa520bcaa417a0a8829339dba3ae3553f4d288421f7ea5e3c68931f0	V12Sr3	Trip 5	56
https://rubalkhali.science/kb/RAK_PH_QUALITY_b08e3d6dd89a6a800f233a39f63de6fb2d66cefa74d0d57fcc2c33deeffe44c7	quality	ph-measurement-v1|quality|trip5|V12Sr3|2026-07-15|EQ-PH-CACL2-1G-v1.0.0	b08e3d6dd89a6a800f233a39f63de6fb2d66cefa74d0d57fcc2c33deeffe44c7	V12Sr3	Trip 5	56
https://rubalkhali.science/kb/RAK_PH_VALUE_d15552d21f46670d9a1802db07e0c1f210e44f1b89205494aac0b5442f8ecc91	value	ph-measurement-v1|value|trip5|V12Sr3|2026-07-15|EQ-PH-CACL2-1G-v1.0.0	d15552d21f46670d9a1802db07e0c1f210e44f1b89205494aac0b5442f8ecc91	V12Sr3	Trip 5	56
https://rubalkhali.science/kb/RAK_PH_PROCESS_4c7e36e5bec0b4d79846ad6b814a43b837be0fcdf7763fda020f109726cf2704	process	ph-measurement-v1|process|trip5|V12Dr3|2026-07-15|EQ-PH-CACL2-1G-v1.0.0	4c7e36e5bec0b4d79846ad6b814a43b837be0fcdf7763fda020f109726cf2704	V12Dr3	Trip 5	57
https://rubalkhali.science/kb/RAK_PH_QUALITY_d13c2b76a704bd48cf602e68786075456c50cfca7f7c1756dd56bea803fbcb40	quality	ph-measurement-v1|quality|trip5|V12Dr3|2026-07-15|EQ-PH-CACL2-1G-v1.0.0	d13c2b76a704bd48cf602e68786075456c50cfca7f7c1756dd56bea803fbcb40	V12Dr3	Trip 5	57
https://rubalkhali.science/kb/RAK_PH_VALUE_08aa6b7e8385d146c23bf83e7ab3d82978db37782e303f1d13442d2d205a41e3	value	ph-measurement-v1|value|trip5|V12Dr3|2026-07-15|EQ-PH-CACL2-1G-v1.0.0	08aa6b7e8385d146c23bf83e7ab3d82978db37782e303f1d13442d2d205a41e3	V12Dr3	Trip 5	57
https://rubalkhali.science/kb/RAK_PH_PROCESS_1c52a719520b27fbc99245a4815926a89f1d53be2663ccdf4e94bde96385e5a3	process	ph-measurement-v1|process|trip5|V12PRr1|2026-07-15|EQ-PH-CACL2-1G-v1.0.0	1c52a719520b27fbc99245a4815926a89f1d53be2663ccdf4e94bde96385e5a3	V12PRr1	Trip 5	58
https://rubalkhali.science/kb/RAK_PH_QUALITY_d0da67d4aa65d9cb8f843244b65a7268a362583699e383258aa8ab5c0879a96a	quality	ph-measurement-v1|quality|trip5|V12PRr1|2026-07-15|EQ-PH-CACL2-1G-v1.0.0	d0da67d4aa65d9cb8f843244b65a7268a362583699e383258aa8ab5c0879a96a	V12PRr1	Trip 5	58
https://rubalkhali.science/kb/RAK_PH_VALUE_7c56582a60be79268546d76436c0b914b22d00ad84acbf43ed914e67c3f444ad	value	ph-measurement-v1|value|trip5|V12PRr1|2026-07-15|EQ-PH-CACL2-1G-v1.0.0	7c56582a60be79268546d76436c0b914b22d00ad84acbf43ed914e67c3f444ad	V12PRr1	Trip 5	58
https://rubalkhali.science/kb/RAK_PH_PROCESS_e45334dd908deb58140abf4106d255dab6bbcf326a4330ae2990168566d5a2b7	process	ph-measurement-v1|process|trip5|V12PRr2|2026-07-15|EQ-PH-CACL2-1G-v1.0.0	e45334dd908deb58140abf4106d255dab6bbcf326a4330ae2990168566d5a2b7	V12PRr2	Trip 5	59
https://rubalkhali.science/kb/RAK_PH_QUALITY_986eb2433cb09c3a9f10e6f5fc0ce8db45b5c2a778d479e740149b3cb7ca4433	quality	ph-measurement-v1|quality|trip5|V12PRr2|2026-07-15|EQ-PH-CACL2-1G-v1.0.0	986eb2433cb09c3a9f10e6f5fc0ce8db45b5c2a778d479e740149b3cb7ca4433	V12PRr2	Trip 5	59
https://rubalkhali.science/kb/RAK_PH_VALUE_9e93722f1fa17661e5552de2c884bf135e484d5eaf95da2c43d8796e410cf954	value	ph-measurement-v1|value|trip5|V12PRr2|2026-07-15|EQ-PH-CACL2-1G-v1.0.0	9e93722f1fa17661e5552de2c884bf135e484d5eaf95da2c43d8796e410cf954	V12PRr2	Trip 5	59
https://rubalkhali.science/kb/RAK_PH_PROCESS_c6f948f0f4c19797f154957200587ac6c541facfd3a73f5fd16f195c0456379c	process	ph-measurement-v1|process|trip5|V12PRr3|2026-07-15|EQ-PH-CACL2-1G-v1.0.0	c6f948f0f4c19797f154957200587ac6c541facfd3a73f5fd16f195c0456379c	V12PRr3	Trip 5	60
https://rubalkhali.science/kb/RAK_PH_QUALITY_f2e01d55b1c8489f7cbfb1ce2650920d913f8b4cc1c00a09114f623f263b7756	quality	ph-measurement-v1|quality|trip5|V12PRr3|2026-07-15|EQ-PH-CACL2-1G-v1.0.0	f2e01d55b1c8489f7cbfb1ce2650920d913f8b4cc1c00a09114f623f263b7756	V12PRr3	Trip 5	60
https://rubalkhali.science/kb/RAK_PH_VALUE_cc68d88065b30ec15212c97728dcf447184aeadaf7c4250051f7e282b2cd46c5	value	ph-measurement-v1|value|trip5|V12PRr3|2026-07-15|EQ-PH-CACL2-1G-v1.0.0	cc68d88065b30ec15212c97728dcf447184aeadaf7c4250051f7e282b2cd46c5	V12PRr3	Trip 5	60
https://rubalkhali.science/kb/RAK_PH_PROCESS_2aec8789fa11bcfa6209a556c4029ecc86bd33279bd3bef2a61e2ac9da462c44	process	ph-measurement-v1|process|trip5|V13Sr3|2026-07-15|EQ-PH-CACL2-1G-v1.0.0	2aec8789fa11bcfa6209a556c4029ecc86bd33279bd3bef2a61e2ac9da462c44	V13Sr3	Trip 5	61
https://rubalkhali.science/kb/RAK_PH_QUALITY_cb96882932aaddf77cf57a020a11807195acc0e48945a0597adf90b7d3fa0dd8	quality	ph-measurement-v1|quality|trip5|V13Sr3|2026-07-15|EQ-PH-CACL2-1G-v1.0.0	cb96882932aaddf77cf57a020a11807195acc0e48945a0597adf90b7d3fa0dd8	V13Sr3	Trip 5	61
https://rubalkhali.science/kb/RAK_PH_VALUE_6c2e1ea9b38df59825f5ace5de7a7fc4513a77dea9c5cfbd6518428a78b7811c	value	ph-measurement-v1|value|trip5|V13Sr3|2026-07-15|EQ-PH-CACL2-1G-v1.0.0	6c2e1ea9b38df59825f5ace5de7a7fc4513a77dea9c5cfbd6518428a78b7811c	V13Sr3	Trip 5	61
https://rubalkhali.science/kb/RAK_PH_PROCESS_906cc08018c038ae9b55343ea1e283cad636cf70a33e575a7a6a8ae8b0981aac	process	ph-measurement-v1|process|trip5|V13PRr1|2026-07-15|EQ-PH-CACL2-1G-v1.0.0	906cc08018c038ae9b55343ea1e283cad636cf70a33e575a7a6a8ae8b0981aac	V13PRr1	Trip 5	62
https://rubalkhali.science/kb/RAK_PH_QUALITY_adc13131d8f073f3d1afb7bdb30285e9ec6c1b07560b3d43144268eafb6c63dc	quality	ph-measurement-v1|quality|trip5|V13PRr1|2026-07-15|EQ-PH-CACL2-1G-v1.0.0	adc13131d8f073f3d1afb7bdb30285e9ec6c1b07560b3d43144268eafb6c63dc	V13PRr1	Trip 5	62
https://rubalkhali.science/kb/RAK_PH_VALUE_c553baa33b1d7e8f76015dea4134c9b24c8cbe5a7b76b745c29c77d44d959798	value	ph-measurement-v1|value|trip5|V13PRr1|2026-07-15|EQ-PH-CACL2-1G-v1.0.0	c553baa33b1d7e8f76015dea4134c9b24c8cbe5a7b76b745c29c77d44d959798	V13PRr1	Trip 5	62
https://rubalkhali.science/kb/RAK_PH_PROCESS_42243188a648645cfc5a14eade60f5330e007c5a2c2af43c27c4646fa9ab68c8	process	ph-measurement-v1|process|trip5|V13PRr2|2026-07-15|EQ-PH-CACL2-1G-v1.0.0	42243188a648645cfc5a14eade60f5330e007c5a2c2af43c27c4646fa9ab68c8	V13PRr2	Trip 5	63
https://rubalkhali.science/kb/RAK_PH_QUALITY_6451b2c010541f8b7714cd3c90991dd90e7f0644f8e9b75d004a9ffb79a3afe6	quality	ph-measurement-v1|quality|trip5|V13PRr2|2026-07-15|EQ-PH-CACL2-1G-v1.0.0	6451b2c010541f8b7714cd3c90991dd90e7f0644f8e9b75d004a9ffb79a3afe6	V13PRr2	Trip 5	63
https://rubalkhali.science/kb/RAK_PH_VALUE_38c9bcf01b20ffc479728e9ec8e69445fe30a45139e0ce6d31964f83d0af533c	value	ph-measurement-v1|value|trip5|V13PRr2|2026-07-15|EQ-PH-CACL2-1G-v1.0.0	38c9bcf01b20ffc479728e9ec8e69445fe30a45139e0ce6d31964f83d0af533c	V13PRr2	Trip 5	63
https://rubalkhali.science/kb/RAK_PH_PROCESS_429ca6a49874e74c9d2b2dab8a28c8b0262b6e50e66e9b85c43e413039ec9054	process	ph-measurement-v1|process|trip5|V14Sr1|2026-07-15|EQ-PH-CACL2-1G-v1.0.0	429ca6a49874e74c9d2b2dab8a28c8b0262b6e50e66e9b85c43e413039ec9054	V14Sr1	Trip 5	64
https://rubalkhali.science/kb/RAK_PH_QUALITY_5d657e3d16b57f9f599bd4c8324f9dbf9403ce8a6a8402422dec44563499010f	quality	ph-measurement-v1|quality|trip5|V14Sr1|2026-07-15|EQ-PH-CACL2-1G-v1.0.0	5d657e3d16b57f9f599bd4c8324f9dbf9403ce8a6a8402422dec44563499010f	V14Sr1	Trip 5	64
https://rubalkhali.science/kb/RAK_PH_VALUE_f78d8348480f08f8a478b6d47f34f025e1f18b51ac82f09d2f100d9bece6e49c	value	ph-measurement-v1|value|trip5|V14Sr1|2026-07-15|EQ-PH-CACL2-1G-v1.0.0	f78d8348480f08f8a478b6d47f34f025e1f18b51ac82f09d2f100d9bece6e49c	V14Sr1	Trip 5	64
https://rubalkhali.science/kb/RAK_PH_PROCESS_a86e6174a87dfea2f5287824f398c482daa33509eec1f0599fc8562a81f4527f	process	ph-measurement-v1|process|trip5|V14Dr3|2026-07-15|EQ-PH-CACL2-1G-v1.0.0	a86e6174a87dfea2f5287824f398c482daa33509eec1f0599fc8562a81f4527f	V14Dr3	Trip 5	65
https://rubalkhali.science/kb/RAK_PH_QUALITY_8362afa5891029ab0e8a1a877bd673bc163fa084a9dfbe25b075e172812518de	quality	ph-measurement-v1|quality|trip5|V14Dr3|2026-07-15|EQ-PH-CACL2-1G-v1.0.0	8362afa5891029ab0e8a1a877bd673bc163fa084a9dfbe25b075e172812518de	V14Dr3	Trip 5	65
https://rubalkhali.science/kb/RAK_PH_VALUE_788b258b7e4724f6a131849f0fe5dd0eafd80262b4d30321697edec830c1e06b	value	ph-measurement-v1|value|trip5|V14Dr3|2026-07-15|EQ-PH-CACL2-1G-v1.0.0	788b258b7e4724f6a131849f0fe5dd0eafd80262b4d30321697edec830c1e06b	V14Dr3	Trip 5	65
https://rubalkhali.science/kb/RAK_PH_PROCESS_77d05a7f479af504ba282dfca5619c033a854eaa8c18f71cfbfa5c5edac35324	process	ph-measurement-v1|process|trip5|V14PRr1|2026-07-15|EQ-PH-CACL2-1G-v1.0.0	77d05a7f479af504ba282dfca5619c033a854eaa8c18f71cfbfa5c5edac35324	V14PRr1	Trip 5	66
https://rubalkhali.science/kb/RAK_PH_QUALITY_38137921e84ab797270c87d4af408e769eff6a7fa2cd452a8a93003a389e9d47	quality	ph-measurement-v1|quality|trip5|V14PRr1|2026-07-15|EQ-PH-CACL2-1G-v1.0.0	38137921e84ab797270c87d4af408e769eff6a7fa2cd452a8a93003a389e9d47	V14PRr1	Trip 5	66
https://rubalkhali.science/kb/RAK_PH_VALUE_add04f4efb688f80a2066ef3cd9891b5a1e350e06472d7b5fa1d9b75d36b612c	value	ph-measurement-v1|value|trip5|V14PRr1|2026-07-15|EQ-PH-CACL2-1G-v1.0.0	add04f4efb688f80a2066ef3cd9891b5a1e350e06472d7b5fa1d9b75d36b612c	V14PRr1	Trip 5	66
https://rubalkhali.science/kb/RAK_PH_PROCESS_698abb4a1cf6ea18b80c7b7f84113a98599f796209d757609939de445e6754cd	process	ph-measurement-v1|process|trip5|V14PRr2|2026-07-15|EQ-PH-CACL2-1G-v1.0.0	698abb4a1cf6ea18b80c7b7f84113a98599f796209d757609939de445e6754cd	V14PRr2	Trip 5	67
https://rubalkhali.science/kb/RAK_PH_QUALITY_184c003e32da143e7fa9a3d21758b256f954e3b9e6a01d10415ad74f68ad5602	quality	ph-measurement-v1|quality|trip5|V14PRr2|2026-07-15|EQ-PH-CACL2-1G-v1.0.0	184c003e32da143e7fa9a3d21758b256f954e3b9e6a01d10415ad74f68ad5602	V14PRr2	Trip 5	67
https://rubalkhali.science/kb/RAK_PH_VALUE_2ef27ebc131e93fe4f3237a15985d552817ec69f8b19f2ffad7d513ecea55f5f	value	ph-measurement-v1|value|trip5|V14PRr2|2026-07-15|EQ-PH-CACL2-1G-v1.0.0	2ef27ebc131e93fe4f3237a15985d552817ec69f8b19f2ffad7d513ecea55f5f	V14PRr2	Trip 5	67
https://rubalkhali.science/kb/RAK_PH_PROCESS_1aabe934bb81b4a241392d7bc19761e28c9a0084477f05aa39b2e3a624fd00e7	process	ph-measurement-v1|process|trip5|V14PRr3|2026-07-15|EQ-PH-CACL2-1G-v1.0.0	1aabe934bb81b4a241392d7bc19761e28c9a0084477f05aa39b2e3a624fd00e7	V14PRr3	Trip 5	68
https://rubalkhali.science/kb/RAK_PH_QUALITY_bc8735e1427cfac14244665024e94242416c231c77073a72b666bbe4e8892fd5	quality	ph-measurement-v1|quality|trip5|V14PRr3|2026-07-15|EQ-PH-CACL2-1G-v1.0.0	bc8735e1427cfac14244665024e94242416c231c77073a72b666bbe4e8892fd5	V14PRr3	Trip 5	68
https://rubalkhali.science/kb/RAK_PH_VALUE_18e7fdefdef26535a17c3c3c26a728cba0815fa537476dd1f39f60d5e7358c19	value	ph-measurement-v1|value|trip5|V14PRr3|2026-07-15|EQ-PH-CACL2-1G-v1.0.0	18e7fdefdef26535a17c3c3c26a728cba0815fa537476dd1f39f60d5e7358c19	V14PRr3	Trip 5	68
https://rubalkhali.science/kb/RAK_PH_PROCESS_507c1bb2b6f45e9fb3ca76d2eb47ac439576f8194beee310ce09e1caffd289b4	process	ph-measurement-v1|process|trip5|V15Sr1|2026-07-15|EQ-PH-CACL2-1G-v1.0.0	507c1bb2b6f45e9fb3ca76d2eb47ac439576f8194beee310ce09e1caffd289b4	V15Sr1	Trip 5	69
https://rubalkhali.science/kb/RAK_PH_QUALITY_047f9f78c2d43271a48e9f74dd022abaf6a35c480bbfd6de62e08e6dbd59e885	quality	ph-measurement-v1|quality|trip5|V15Sr1|2026-07-15|EQ-PH-CACL2-1G-v1.0.0	047f9f78c2d43271a48e9f74dd022abaf6a35c480bbfd6de62e08e6dbd59e885	V15Sr1	Trip 5	69
https://rubalkhali.science/kb/RAK_PH_VALUE_2d376bb6056aa9e126d939435965f1c2ca00cc41c3106ac7789c9e74e1db0a53	value	ph-measurement-v1|value|trip5|V15Sr1|2026-07-15|EQ-PH-CACL2-1G-v1.0.0	2d376bb6056aa9e126d939435965f1c2ca00cc41c3106ac7789c9e74e1db0a53	V15Sr1	Trip 5	69
https://rubalkhali.science/kb/RAK_PH_PROCESS_ff5d99ac2e0fd48c8775f8f00199c4ecb9eb72c094979e3bed80440f9db98704	process	ph-measurement-v1|process|trip5|V15Sr2|2026-07-15|EQ-PH-CACL2-1G-v1.0.0	ff5d99ac2e0fd48c8775f8f00199c4ecb9eb72c094979e3bed80440f9db98704	V15Sr2	Trip 5	70
https://rubalkhali.science/kb/RAK_PH_QUALITY_e168095ecf97fe1384aa62c792ed367175befd087bf258c1df6a3122cd3d0b31	quality	ph-measurement-v1|quality|trip5|V15Sr2|2026-07-15|EQ-PH-CACL2-1G-v1.0.0	e168095ecf97fe1384aa62c792ed367175befd087bf258c1df6a3122cd3d0b31	V15Sr2	Trip 5	70
https://rubalkhali.science/kb/RAK_PH_VALUE_7fdafbb04fc83e0493894dcd97e2bb1e31302fcb3b0f214f4746c056cbe63a2f	value	ph-measurement-v1|value|trip5|V15Sr2|2026-07-15|EQ-PH-CACL2-1G-v1.0.0	7fdafbb04fc83e0493894dcd97e2bb1e31302fcb3b0f214f4746c056cbe63a2f	V15Sr2	Trip 5	70
https://rubalkhali.science/kb/RAK_PH_PROCESS_31234a21229a7df583e40afafb42957d51aa144c6a2c17efd004b7ef9459f6ac	process	ph-measurement-v1|process|trip5|V15Dr1|2026-07-15|EQ-PH-CACL2-1G-v1.0.0	31234a21229a7df583e40afafb42957d51aa144c6a2c17efd004b7ef9459f6ac	V15Dr1	Trip 5	71
https://rubalkhali.science/kb/RAK_PH_QUALITY_de3f4699e3cebdfc012af0a8880aa976f632ff89d4588b2752a91aaf6ccb1749	quality	ph-measurement-v1|quality|trip5|V15Dr1|2026-07-15|EQ-PH-CACL2-1G-v1.0.0	de3f4699e3cebdfc012af0a8880aa976f632ff89d4588b2752a91aaf6ccb1749	V15Dr1	Trip 5	71
https://rubalkhali.science/kb/RAK_PH_VALUE_28d0249ecfbd9c62012319056d871f4968ef0922bf94e9c2062660bfa76abb61	value	ph-measurement-v1|value|trip5|V15Dr1|2026-07-15|EQ-PH-CACL2-1G-v1.0.0	28d0249ecfbd9c62012319056d871f4968ef0922bf94e9c2062660bfa76abb61	V15Dr1	Trip 5	71
https://rubalkhali.science/kb/RAK_PH_PROCESS_b296619b2aafb732ed136c74d63a1c4b34f632b6a0c14e03c438583b54c3da97	process	ph-measurement-v1|process|trip5|V15Dr2|2026-07-15|EQ-PH-CACL2-1G-v1.0.0	b296619b2aafb732ed136c74d63a1c4b34f632b6a0c14e03c438583b54c3da97	V15Dr2	Trip 5	72
https://rubalkhali.science/kb/RAK_PH_QUALITY_e6ce92564fe58b562955a80dd79773fe7db655a0cd4bc13a83c143dc4991a215	quality	ph-measurement-v1|quality|trip5|V15Dr2|2026-07-15|EQ-PH-CACL2-1G-v1.0.0	e6ce92564fe58b562955a80dd79773fe7db655a0cd4bc13a83c143dc4991a215	V15Dr2	Trip 5	72
https://rubalkhali.science/kb/RAK_PH_VALUE_37db538304c529d23a56b728dca2efde6d98f3cf719e58c5b873f203f8a97a53	value	ph-measurement-v1|value|trip5|V15Dr2|2026-07-15|EQ-PH-CACL2-1G-v1.0.0	37db538304c529d23a56b728dca2efde6d98f3cf719e58c5b873f203f8a97a53	V15Dr2	Trip 5	72
https://rubalkhali.science/kb/RAK_PH_PROCESS_4ce7fa3c2e5a3ab3fd45454fb9fbeb612ebf953fe511937bdc0d39e2d81cb47b	process	ph-measurement-v1|process|trip5|V15Dr3|2026-07-15|EQ-PH-CACL2-1G-v1.0.0	4ce7fa3c2e5a3ab3fd45454fb9fbeb612ebf953fe511937bdc0d39e2d81cb47b	V15Dr3	Trip 5	73
https://rubalkhali.science/kb/RAK_PH_QUALITY_0dd32ce8bd3409ca6e411b9559dd8904e8e195c3b927f32fd970eebd97647bf4	quality	ph-measurement-v1|quality|trip5|V15Dr3|2026-07-15|EQ-PH-CACL2-1G-v1.0.0	0dd32ce8bd3409ca6e411b9559dd8904e8e195c3b927f32fd970eebd97647bf4	V15Dr3	Trip 5	73
https://rubalkhali.science/kb/RAK_PH_VALUE_d52f54d52290067a38bf2757460cb9178e68a5a525b2b5505ce74d8e217b087f	value	ph-measurement-v1|value|trip5|V15Dr3|2026-07-15|EQ-PH-CACL2-1G-v1.0.0	d52f54d52290067a38bf2757460cb9178e68a5a525b2b5505ce74d8e217b087f	V15Dr3	Trip 5	73
https://rubalkhali.science/kb/RAK_PH_PROCESS_8a15c6729becacc88931aac7a4ea69515d5c4e4615d22ade6db35f66fb91bab8	process	ph-measurement-v1|process|trip5|V15PRr1|2026-07-15|EQ-PH-CACL2-1G-v1.0.0	8a15c6729becacc88931aac7a4ea69515d5c4e4615d22ade6db35f66fb91bab8	V15PRr1	Trip 5	74
https://rubalkhali.science/kb/RAK_PH_QUALITY_f56a7fe9c50f37c05f78d52d9eac0bf6a573b9ed3d8729f46cddcf45372ade10	quality	ph-measurement-v1|quality|trip5|V15PRr1|2026-07-15|EQ-PH-CACL2-1G-v1.0.0	f56a7fe9c50f37c05f78d52d9eac0bf6a573b9ed3d8729f46cddcf45372ade10	V15PRr1	Trip 5	74
https://rubalkhali.science/kb/RAK_PH_VALUE_0934f148920e3770f76603644dbd49c1f8ad7b7570bb61e7ff8cf54a50c64b34	value	ph-measurement-v1|value|trip5|V15PRr1|2026-07-15|EQ-PH-CACL2-1G-v1.0.0	0934f148920e3770f76603644dbd49c1f8ad7b7570bb61e7ff8cf54a50c64b34	V15PRr1	Trip 5	74
https://rubalkhali.science/kb/RAK_PH_PROCESS_28cf4188b18e1d391c88e9226a7e70e838052fb6a0c9e7d172c96191943e3ee9	process	ph-measurement-v1|process|trip5|V15PRr2|2026-07-15|EQ-PH-CACL2-1G-v1.0.0	28cf4188b18e1d391c88e9226a7e70e838052fb6a0c9e7d172c96191943e3ee9	V15PRr2	Trip 5	75
https://rubalkhali.science/kb/RAK_PH_QUALITY_e72ea53795e4f227baf75626120c2f7a1af6f17591da70de21aff642be573a53	quality	ph-measurement-v1|quality|trip5|V15PRr2|2026-07-15|EQ-PH-CACL2-1G-v1.0.0	e72ea53795e4f227baf75626120c2f7a1af6f17591da70de21aff642be573a53	V15PRr2	Trip 5	75
https://rubalkhali.science/kb/RAK_PH_VALUE_8b4d545535e4137cd1270f54307acf423047998be5b74aabf58c936e14dc075a	value	ph-measurement-v1|value|trip5|V15PRr2|2026-07-15|EQ-PH-CACL2-1G-v1.0.0	8b4d545535e4137cd1270f54307acf423047998be5b74aabf58c936e14dc075a	V15PRr2	Trip 5	75
https://rubalkhali.science/kb/RAK_PH_PROCESS_a16da2979275325e4f70ca1c66f11daf4f1a8f1ca7e056250d08986fd6298b94	process	ph-measurement-v1|process|trip5|V15PRr3|2026-07-15|EQ-PH-CACL2-1G-v1.0.0	a16da2979275325e4f70ca1c66f11daf4f1a8f1ca7e056250d08986fd6298b94	V15PRr3	Trip 5	76
https://rubalkhali.science/kb/RAK_PH_QUALITY_26bc35482245b56fb75c50afbc19437bd276606270aff481eb0eec0a2486b51b	quality	ph-measurement-v1|quality|trip5|V15PRr3|2026-07-15|EQ-PH-CACL2-1G-v1.0.0	26bc35482245b56fb75c50afbc19437bd276606270aff481eb0eec0a2486b51b	V15PRr3	Trip 5	76
https://rubalkhali.science/kb/RAK_PH_VALUE_f3d6ed0052ab1c2f09574075dc01857f6a4f62c361c01646827cde7910432716	value	ph-measurement-v1|value|trip5|V15PRr3|2026-07-15|EQ-PH-CACL2-1G-v1.0.0	f3d6ed0052ab1c2f09574075dc01857f6a4f62c361c01646827cde7910432716	V15PRr3	Trip 5	76
https://rubalkhali.science/kb/RAK_PH_PROCESS_20142f68fcbb4b588eac2f709273c23a00683a48d935c20439d6f975f879e1e2	process	ph-measurement-v1|process|trip5|V16Sr1|2026-07-15|EQ-PH-CACL2-1G-v1.0.0	20142f68fcbb4b588eac2f709273c23a00683a48d935c20439d6f975f879e1e2	V16Sr1	Trip 5	77
https://rubalkhali.science/kb/RAK_PH_QUALITY_598c7822dd5d589eab2209ac4e17655046bd5b5ef29306210985e094082ff1b4	quality	ph-measurement-v1|quality|trip5|V16Sr1|2026-07-15|EQ-PH-CACL2-1G-v1.0.0	598c7822dd5d589eab2209ac4e17655046bd5b5ef29306210985e094082ff1b4	V16Sr1	Trip 5	77
https://rubalkhali.science/kb/RAK_PH_VALUE_06cab447015f9f4597b4e88701c369c8b63d707943e7d28ab1db4272f8bb38df	value	ph-measurement-v1|value|trip5|V16Sr1|2026-07-15|EQ-PH-CACL2-1G-v1.0.0	06cab447015f9f4597b4e88701c369c8b63d707943e7d28ab1db4272f8bb38df	V16Sr1	Trip 5	77
https://rubalkhali.science/kb/RAK_PH_PROCESS_d8f720ed18bd21310dbbd0b3c5fcd9a5e0d87a0002d7c51a3c67e058517c1ef5	process	ph-measurement-v1|process|trip5|V16Dr1|2026-07-15|EQ-PH-CACL2-1G-v1.0.0	d8f720ed18bd21310dbbd0b3c5fcd9a5e0d87a0002d7c51a3c67e058517c1ef5	V16Dr1	Trip 5	78
https://rubalkhali.science/kb/RAK_PH_QUALITY_6a835aaed9b2499b370d76cb982f5ba7d8e4c7d37c883581b1d9ce143d03d0ac	quality	ph-measurement-v1|quality|trip5|V16Dr1|2026-07-15|EQ-PH-CACL2-1G-v1.0.0	6a835aaed9b2499b370d76cb982f5ba7d8e4c7d37c883581b1d9ce143d03d0ac	V16Dr1	Trip 5	78
https://rubalkhali.science/kb/RAK_PH_VALUE_f96c52399506630b51d401dd9c41aa546a41fb0c90d2fee6502693d1f8908b58	value	ph-measurement-v1|value|trip5|V16Dr1|2026-07-15|EQ-PH-CACL2-1G-v1.0.0	f96c52399506630b51d401dd9c41aa546a41fb0c90d2fee6502693d1f8908b58	V16Dr1	Trip 5	78
https://rubalkhali.science/kb/RAK_PH_PROCESS_6a129b79435005ba56f2c6eee7b771e46e80452c44d5f073854d1a94fbe3eca2	process	ph-measurement-v1|process|trip5|V16Dr3|2026-07-15|EQ-PH-CACL2-1G-v1.0.0	6a129b79435005ba56f2c6eee7b771e46e80452c44d5f073854d1a94fbe3eca2	V16Dr3	Trip 5	79
https://rubalkhali.science/kb/RAK_PH_QUALITY_8a5ca9547ed2daa62d3a69c34e8dced9fe4b6f07d152ce7c1d3bf9337882d706	quality	ph-measurement-v1|quality|trip5|V16Dr3|2026-07-15|EQ-PH-CACL2-1G-v1.0.0	8a5ca9547ed2daa62d3a69c34e8dced9fe4b6f07d152ce7c1d3bf9337882d706	V16Dr3	Trip 5	79
https://rubalkhali.science/kb/RAK_PH_VALUE_58eb11f7cb509718784304577b4cedb0b5b9837471200ee43309e02fc601bc01	value	ph-measurement-v1|value|trip5|V16Dr3|2026-07-15|EQ-PH-CACL2-1G-v1.0.0	58eb11f7cb509718784304577b4cedb0b5b9837471200ee43309e02fc601bc01	V16Dr3	Trip 5	79
https://rubalkhali.science/kb/RAK_PH_PROCESS_0aa8330ee91efab85ca23e9e76caef2204beef4bc5dbe5b87a2801f6faa92d5b	process	ph-measurement-v1|process|trip5|V16PRr1|2026-07-15|EQ-PH-CACL2-1G-v1.0.0	0aa8330ee91efab85ca23e9e76caef2204beef4bc5dbe5b87a2801f6faa92d5b	V16PRr1	Trip 5	80
https://rubalkhali.science/kb/RAK_PH_QUALITY_a716a67fa47ca7bcf4e1ee5d0a446c3764f70d84c1418a76714b2b38b7214afd	quality	ph-measurement-v1|quality|trip5|V16PRr1|2026-07-15|EQ-PH-CACL2-1G-v1.0.0	a716a67fa47ca7bcf4e1ee5d0a446c3764f70d84c1418a76714b2b38b7214afd	V16PRr1	Trip 5	80
https://rubalkhali.science/kb/RAK_PH_VALUE_1937ca8019abdbc3da6eb5f6ea1ffc5a7740083ddd5e9af4feb76d504bb253a2	value	ph-measurement-v1|value|trip5|V16PRr1|2026-07-15|EQ-PH-CACL2-1G-v1.0.0	1937ca8019abdbc3da6eb5f6ea1ffc5a7740083ddd5e9af4feb76d504bb253a2	V16PRr1	Trip 5	80
https://rubalkhali.science/kb/RAK_PH_PROCESS_680ebaf05e69fe60e148a5b6cb72e13e9a11536d20a1c452ea42d8d09181ca0c	process	ph-measurement-v1|process|trip5|V16PRr2|2026-07-15|EQ-PH-CACL2-1G-v1.0.0	680ebaf05e69fe60e148a5b6cb72e13e9a11536d20a1c452ea42d8d09181ca0c	V16PRr2	Trip 5	81
https://rubalkhali.science/kb/RAK_PH_QUALITY_ffef99691114e115e03ed7dc0aba3693ab4812c8fe6f133e4be64d465d6604cb	quality	ph-measurement-v1|quality|trip5|V16PRr2|2026-07-15|EQ-PH-CACL2-1G-v1.0.0	ffef99691114e115e03ed7dc0aba3693ab4812c8fe6f133e4be64d465d6604cb	V16PRr2	Trip 5	81
https://rubalkhali.science/kb/RAK_PH_VALUE_1d01e39448625442afe3bf7843dd25d5485dac476f000e8ee026ab11c8c2d9cf	value	ph-measurement-v1|value|trip5|V16PRr2|2026-07-15|EQ-PH-CACL2-1G-v1.0.0	1d01e39448625442afe3bf7843dd25d5485dac476f000e8ee026ab11c8c2d9cf	V16PRr2	Trip 5	81
https://rubalkhali.science/kb/RAK_PH_PROCESS_223b81cbf4e691bbca911d2b6ad91b89c12a6d794fd2fcfdc3feb25d83622906	process	ph-measurement-v1|process|trip5|V16PRr3|2026-07-15|EQ-PH-CACL2-1G-v1.0.0	223b81cbf4e691bbca911d2b6ad91b89c12a6d794fd2fcfdc3feb25d83622906	V16PRr3	Trip 5	82
https://rubalkhali.science/kb/RAK_PH_QUALITY_62ddd85d875c941489c684a5b6d61be7832e695cc0ce13b382f1d28f66713358	quality	ph-measurement-v1|quality|trip5|V16PRr3|2026-07-15|EQ-PH-CACL2-1G-v1.0.0	62ddd85d875c941489c684a5b6d61be7832e695cc0ce13b382f1d28f66713358	V16PRr3	Trip 5	82
https://rubalkhali.science/kb/RAK_PH_VALUE_468c688311bbf10868f7b5df5eed1ba1bc40a0934f5d1d20047e4269a22911f2	value	ph-measurement-v1|value|trip5|V16PRr3|2026-07-15|EQ-PH-CACL2-1G-v1.0.0	468c688311bbf10868f7b5df5eed1ba1bc40a0934f5d1d20047e4269a22911f2	V16PRr3	Trip 5	82
https://rubalkhali.science/kb/RAK_PH_PROCESS_dc8f12c569bfb7826d402e42975c5da96c20cb58ecb246f752ee446a40ea8ca3	process	ph-measurement-v1|process|trip5|V17Dr1|2026-07-15|EQ-PH-CACL2-1G-v1.0.0	dc8f12c569bfb7826d402e42975c5da96c20cb58ecb246f752ee446a40ea8ca3	V17Dr1	Trip 5	83
https://rubalkhali.science/kb/RAK_PH_QUALITY_f27d0a99d397970df8cd49337a3d58a476f0f89058d8f664d269a1c6529bad15	quality	ph-measurement-v1|quality|trip5|V17Dr1|2026-07-15|EQ-PH-CACL2-1G-v1.0.0	f27d0a99d397970df8cd49337a3d58a476f0f89058d8f664d269a1c6529bad15	V17Dr1	Trip 5	83
https://rubalkhali.science/kb/RAK_PH_VALUE_624f6996d352c84a45f45e835e91401ff920e89b34af6704a0978c57daddb0fc	value	ph-measurement-v1|value|trip5|V17Dr1|2026-07-15|EQ-PH-CACL2-1G-v1.0.0	624f6996d352c84a45f45e835e91401ff920e89b34af6704a0978c57daddb0fc	V17Dr1	Trip 5	83
https://rubalkhali.science/kb/RAK_PH_PROCESS_08ffc239fcfbffd9ab8d08764f02b1496bf2bfeec5e4424d0d08fa79c3573367	process	ph-measurement-v1|process|trip5|V17Dr2|2026-07-15|EQ-PH-CACL2-1G-v1.0.0	08ffc239fcfbffd9ab8d08764f02b1496bf2bfeec5e4424d0d08fa79c3573367	V17Dr2	Trip 5	84
https://rubalkhali.science/kb/RAK_PH_QUALITY_a66f453ffdf8b6ac8de65dc6450c20d7d854b3aa0d777afa363c3a415943a4af	quality	ph-measurement-v1|quality|trip5|V17Dr2|2026-07-15|EQ-PH-CACL2-1G-v1.0.0	a66f453ffdf8b6ac8de65dc6450c20d7d854b3aa0d777afa363c3a415943a4af	V17Dr2	Trip 5	84
https://rubalkhali.science/kb/RAK_PH_VALUE_bbb5705b886fcc9e726c7457d4d6ce1f0d06dac128b26e05ac4dcf1e4e59c07d	value	ph-measurement-v1|value|trip5|V17Dr2|2026-07-15|EQ-PH-CACL2-1G-v1.0.0	bbb5705b886fcc9e726c7457d4d6ce1f0d06dac128b26e05ac4dcf1e4e59c07d	V17Dr2	Trip 5	84
https://rubalkhali.science/kb/RAK_PH_PROCESS_f9cfed79365ed5ce93b7acdff6712cc4305478360e14fcdd1b4f6067a72e0e76	process	ph-measurement-v1|process|trip5|V17PRr1|2026-07-15|EQ-PH-CACL2-1G-v1.0.0	f9cfed79365ed5ce93b7acdff6712cc4305478360e14fcdd1b4f6067a72e0e76	V17PRr1	Trip 5	85
https://rubalkhali.science/kb/RAK_PH_QUALITY_360d8472bf251eaf1a60315abe1cc3ae80205d063a425bf1e5fda52a6d2116c4	quality	ph-measurement-v1|quality|trip5|V17PRr1|2026-07-15|EQ-PH-CACL2-1G-v1.0.0	360d8472bf251eaf1a60315abe1cc3ae80205d063a425bf1e5fda52a6d2116c4	V17PRr1	Trip 5	85
https://rubalkhali.science/kb/RAK_PH_VALUE_53739d38a9a6d77a3a88d6eae20b02d1c63d648a9ab2b37c762dc2b08a72bb34	value	ph-measurement-v1|value|trip5|V17PRr1|2026-07-15|EQ-PH-CACL2-1G-v1.0.0	53739d38a9a6d77a3a88d6eae20b02d1c63d648a9ab2b37c762dc2b08a72bb34	V17PRr1	Trip 5	85
https://rubalkhali.science/kb/RAK_PH_PROCESS_35d19bec21dbdc791367b184a66caf61451f760110888f4ee0d8be4792661f13	process	ph-measurement-v1|process|trip5|V17PRr2|2026-07-15|EQ-PH-CACL2-1G-v1.0.0	35d19bec21dbdc791367b184a66caf61451f760110888f4ee0d8be4792661f13	V17PRr2	Trip 5	86
https://rubalkhali.science/kb/RAK_PH_QUALITY_db6e550ccad8aa88beebb71f25fcdb12597bdb90350a53ebc61385a7addc1202	quality	ph-measurement-v1|quality|trip5|V17PRr2|2026-07-15|EQ-PH-CACL2-1G-v1.0.0	db6e550ccad8aa88beebb71f25fcdb12597bdb90350a53ebc61385a7addc1202	V17PRr2	Trip 5	86
https://rubalkhali.science/kb/RAK_PH_VALUE_ee23402f6b4dcda6a04ae2300cdb63d1aeb3027c941d571874b6a01b523b6502	value	ph-measurement-v1|value|trip5|V17PRr2|2026-07-15|EQ-PH-CACL2-1G-v1.0.0	ee23402f6b4dcda6a04ae2300cdb63d1aeb3027c941d571874b6a01b523b6502	V17PRr2	Trip 5	86
https://rubalkhali.science/kb/RAK_PH_PROCESS_0433015cf62b2ff841ad1e10ab320fe1282333d1ffe74943c88d6f717838a919	process	ph-measurement-v1|process|trip5|V17PRr3|2026-07-15|EQ-PH-CACL2-1G-v1.0.0	0433015cf62b2ff841ad1e10ab320fe1282333d1ffe74943c88d6f717838a919	V17PRr3	Trip 5	87
https://rubalkhali.science/kb/RAK_PH_QUALITY_c24dca43d887d623e26fb8540e52c0cf30ea813603f4b7d173cfb90627e78634	quality	ph-measurement-v1|quality|trip5|V17PRr3|2026-07-15|EQ-PH-CACL2-1G-v1.0.0	c24dca43d887d623e26fb8540e52c0cf30ea813603f4b7d173cfb90627e78634	V17PRr3	Trip 5	87
https://rubalkhali.science/kb/RAK_PH_VALUE_e22f1ae073a2326edabf9b18ce3085514cfa11e448576c2906a855191a794a55	value	ph-measurement-v1|value|trip5|V17PRr3|2026-07-15|EQ-PH-CACL2-1G-v1.0.0	e22f1ae073a2326edabf9b18ce3085514cfa11e448576c2906a855191a794a55	V17PRr3	Trip 5	87
https://rubalkhali.science/kb/RAK_PH_PROCESS_626325b24447410ee92c318717451ea8922b99f14868e8cb9de0de73219af7d6	process	ph-measurement-v1|process|trip5|V18PRr2|2026-07-15|EQ-PH-CACL2-1G-v1.0.0	626325b24447410ee92c318717451ea8922b99f14868e8cb9de0de73219af7d6	V18PRr2	Trip 5	88
https://rubalkhali.science/kb/RAK_PH_QUALITY_34fbd24428eba1cad6626013e7c6ecf1483a9b40b94c3440bb1f8c391a5af488	quality	ph-measurement-v1|quality|trip5|V18PRr2|2026-07-15|EQ-PH-CACL2-1G-v1.0.0	34fbd24428eba1cad6626013e7c6ecf1483a9b40b94c3440bb1f8c391a5af488	V18PRr2	Trip 5	88
https://rubalkhali.science/kb/RAK_PH_VALUE_f0e816a5375fc167e7a2f0e5db8a6c54aa4dc66d8f8df8fbd8bb736d904e9a96	value	ph-measurement-v1|value|trip5|V18PRr2|2026-07-15|EQ-PH-CACL2-1G-v1.0.0	f0e816a5375fc167e7a2f0e5db8a6c54aa4dc66d8f8df8fbd8bb736d904e9a96	V18PRr2	Trip 5	88
https://rubalkhali.science/kb/RAK_PH_PROCESS_a8411a929bf5449a3f53d12f36795d4dae95c97538fbc2dfa74b797fe777b4a0	process	ph-measurement-v1|process|trip5|V18PRr3|2026-07-15|EQ-PH-CACL2-1G-v1.0.0	a8411a929bf5449a3f53d12f36795d4dae95c97538fbc2dfa74b797fe777b4a0	V18PRr3	Trip 5	89
https://rubalkhali.science/kb/RAK_PH_QUALITY_f4f017295d412b136c367fce02132f1bf5ba152064c6e77958c877f6ad80f726	quality	ph-measurement-v1|quality|trip5|V18PRr3|2026-07-15|EQ-PH-CACL2-1G-v1.0.0	f4f017295d412b136c367fce02132f1bf5ba152064c6e77958c877f6ad80f726	V18PRr3	Trip 5	89
https://rubalkhali.science/kb/RAK_PH_VALUE_62caa799fc121ebf954ff3482251a83e79fe6e05694407de0f588233db23ea68	value	ph-measurement-v1|value|trip5|V18PRr3|2026-07-15|EQ-PH-CACL2-1G-v1.0.0	62caa799fc121ebf954ff3482251a83e79fe6e05694407de0f588233db23ea68	V18PRr3	Trip 5	89
https://rubalkhali.science/kb/RAK_PH_PROCESS_d61400bfb0e212f3d3f306d91a976e021fc03b60f85d340f4454deb3fe9f4646	process	ph-measurement-v1|process|trip5|V19Sr3|2026-07-15|EQ-PH-CACL2-1G-v1.0.0	d61400bfb0e212f3d3f306d91a976e021fc03b60f85d340f4454deb3fe9f4646	V19Sr3	Trip 5	90
https://rubalkhali.science/kb/RAK_PH_QUALITY_12e6088a22004f58b068f6d8c033c474d5d27aa097034986dd321837b8196f5c	quality	ph-measurement-v1|quality|trip5|V19Sr3|2026-07-15|EQ-PH-CACL2-1G-v1.0.0	12e6088a22004f58b068f6d8c033c474d5d27aa097034986dd321837b8196f5c	V19Sr3	Trip 5	90
https://rubalkhali.science/kb/RAK_PH_VALUE_22770eabc6cf3681a828808d17b9c4dc34d85a6316990049c390ba5a1074c1ae	value	ph-measurement-v1|value|trip5|V19Sr3|2026-07-15|EQ-PH-CACL2-1G-v1.0.0	22770eabc6cf3681a828808d17b9c4dc34d85a6316990049c390ba5a1074c1ae	V19Sr3	Trip 5	90
https://rubalkhali.science/kb/RAK_PH_PROCESS_9d53dd1c4afc9d40b7826b8ae5d50ac31327dc3d2672f091d86e31fc40b3ccc4	process	ph-measurement-v1|process|trip5|V19Dr2|2026-07-15|EQ-PH-CACL2-1G-v1.0.0	9d53dd1c4afc9d40b7826b8ae5d50ac31327dc3d2672f091d86e31fc40b3ccc4	V19Dr2	Trip 5	91
https://rubalkhali.science/kb/RAK_PH_QUALITY_a36fb7d30d0dd80d0da7fdeb54a56ae5b9150fb873f98c524600b272aa9ba586	quality	ph-measurement-v1|quality|trip5|V19Dr2|2026-07-15|EQ-PH-CACL2-1G-v1.0.0	a36fb7d30d0dd80d0da7fdeb54a56ae5b9150fb873f98c524600b272aa9ba586	V19Dr2	Trip 5	91
https://rubalkhali.science/kb/RAK_PH_VALUE_3209051289e4602c3492fb20c5e67b326478adcb5129b3f1a822580e9f6aad27	value	ph-measurement-v1|value|trip5|V19Dr2|2026-07-15|EQ-PH-CACL2-1G-v1.0.0	3209051289e4602c3492fb20c5e67b326478adcb5129b3f1a822580e9f6aad27	V19Dr2	Trip 5	91
https://rubalkhali.science/kb/RAK_PH_PROCESS_42f42f25d26d5990ec7921f0e111668aa0790c47ac7227c2714719ee61f425cf	process	ph-measurement-v1|process|trip5|V19Dr3|2026-07-15|EQ-PH-CACL2-1G-v1.0.0	42f42f25d26d5990ec7921f0e111668aa0790c47ac7227c2714719ee61f425cf	V19Dr3	Trip 5	92
https://rubalkhali.science/kb/RAK_PH_QUALITY_1169a340a3c8a7fea79c085d71624ca24abaefe48d4bfe846fcff82c59581a9d	quality	ph-measurement-v1|quality|trip5|V19Dr3|2026-07-15|EQ-PH-CACL2-1G-v1.0.0	1169a340a3c8a7fea79c085d71624ca24abaefe48d4bfe846fcff82c59581a9d	V19Dr3	Trip 5	92
https://rubalkhali.science/kb/RAK_PH_VALUE_f0614110292a5ebf98c3326720cc9f5f054676cafdace1ae4843a4a45a1420aa	value	ph-measurement-v1|value|trip5|V19Dr3|2026-07-15|EQ-PH-CACL2-1G-v1.0.0	f0614110292a5ebf98c3326720cc9f5f054676cafdace1ae4843a4a45a1420aa	V19Dr3	Trip 5	92
https://rubalkhali.science/kb/RAK_PH_PROCESS_bfe9161569560f3d32c43e1cb494bc6140a0b3c84a48c7544fe599a1dc65257d	process	ph-measurement-v1|process|trip5|V19PRr1|2026-07-15|EQ-PH-CACL2-1G-v1.0.0	bfe9161569560f3d32c43e1cb494bc6140a0b3c84a48c7544fe599a1dc65257d	V19PRr1	Trip 5	93
https://rubalkhali.science/kb/RAK_PH_QUALITY_4c58594fc24ca1180b8d8d8d1752becca14a75d1c364dd308683e3ced06fd0c2	quality	ph-measurement-v1|quality|trip5|V19PRr1|2026-07-15|EQ-PH-CACL2-1G-v1.0.0	4c58594fc24ca1180b8d8d8d1752becca14a75d1c364dd308683e3ced06fd0c2	V19PRr1	Trip 5	93
https://rubalkhali.science/kb/RAK_PH_VALUE_8ae846468a736fc3a7f64213578a9f9630ddc6fad6c04eb29c1d6eb344fb8afa	value	ph-measurement-v1|value|trip5|V19PRr1|2026-07-15|EQ-PH-CACL2-1G-v1.0.0	8ae846468a736fc3a7f64213578a9f9630ddc6fad6c04eb29c1d6eb344fb8afa	V19PRr1	Trip 5	93
https://rubalkhali.science/kb/RAK_PH_PROCESS_7534ae1f25a118b9895986ba9792960be1029a365a3db433f51544f1f20acc8f	process	ph-measurement-v1|process|trip5|V19PRr2|2026-07-15|EQ-PH-CACL2-1G-v1.0.0	7534ae1f25a118b9895986ba9792960be1029a365a3db433f51544f1f20acc8f	V19PRr2	Trip 5	94
https://rubalkhali.science/kb/RAK_PH_QUALITY_6ad3093ae96a350c317d6303bba164f2bd9c43d6e81e95d7a6292193bb27e179	quality	ph-measurement-v1|quality|trip5|V19PRr2|2026-07-15|EQ-PH-CACL2-1G-v1.0.0	6ad3093ae96a350c317d6303bba164f2bd9c43d6e81e95d7a6292193bb27e179	V19PRr2	Trip 5	94
https://rubalkhali.science/kb/RAK_PH_VALUE_c55e361794201866bcd9ab431d2cbe7b51e5cfa93205e4db40613c4af5275ef6	value	ph-measurement-v1|value|trip5|V19PRr2|2026-07-15|EQ-PH-CACL2-1G-v1.0.0	c55e361794201866bcd9ab431d2cbe7b51e5cfa93205e4db40613c4af5275ef6	V19PRr2	Trip 5	94
https://rubalkhali.science/kb/RAK_PH_PROCESS_577a7ceb565838c865646bd2f724c8633b0ae621a24bd96ced48bd12e15f9139	process	ph-measurement-v1|process|trip5|V19PRr3|2026-07-15|EQ-PH-CACL2-1G-v1.0.0	577a7ceb565838c865646bd2f724c8633b0ae621a24bd96ced48bd12e15f9139	V19PRr3	Trip 5	95
https://rubalkhali.science/kb/RAK_PH_QUALITY_293a826483b06afc965c7b029752f2d9d26bc16836ba6aedb204398f181802ba	quality	ph-measurement-v1|quality|trip5|V19PRr3|2026-07-15|EQ-PH-CACL2-1G-v1.0.0	293a826483b06afc965c7b029752f2d9d26bc16836ba6aedb204398f181802ba	V19PRr3	Trip 5	95
https://rubalkhali.science/kb/RAK_PH_VALUE_3ebf172fcf80fcd66b747bc6f791a23bbfea8cf2ca585f8adbd8e46c446f9599	value	ph-measurement-v1|value|trip5|V19PRr3|2026-07-15|EQ-PH-CACL2-1G-v1.0.0	3ebf172fcf80fcd66b747bc6f791a23bbfea8cf2ca585f8adbd8e46c446f9599	V19PRr3	Trip 5	95
https://rubalkhali.science/kb/RAK_PH_PROCESS_b413519fe04e3c50b9540577abcc6839cb5203140c2813e656be3fe52569524b	process	ph-measurement-v1|process|trip5|V20Sr2|2026-07-15|EQ-PH-CACL2-1G-v1.0.0	b413519fe04e3c50b9540577abcc6839cb5203140c2813e656be3fe52569524b	V20Sr2	Trip 5	96
https://rubalkhali.science/kb/RAK_PH_QUALITY_c3cf4f13f7beb64880e4d8652fb055b8076bf347a676c47e3d15a8ac7a354904	quality	ph-measurement-v1|quality|trip5|V20Sr2|2026-07-15|EQ-PH-CACL2-1G-v1.0.0	c3cf4f13f7beb64880e4d8652fb055b8076bf347a676c47e3d15a8ac7a354904	V20Sr2	Trip 5	96
https://rubalkhali.science/kb/RAK_PH_VALUE_a18ad43f3a672be3cc3e89393fe238d64ff7dcd70a3c2b76d44365f1a97428da	value	ph-measurement-v1|value|trip5|V20Sr2|2026-07-15|EQ-PH-CACL2-1G-v1.0.0	a18ad43f3a672be3cc3e89393fe238d64ff7dcd70a3c2b76d44365f1a97428da	V20Sr2	Trip 5	96
https://rubalkhali.science/kb/RAK_PH_PROCESS_38049dd43ea9de80750cf24750e5c5c801e085a0c3da9b68c787e92567dc187b	process	ph-measurement-v1|process|trip5|V20PRr1|2026-07-15|EQ-PH-CACL2-1G-v1.0.0	38049dd43ea9de80750cf24750e5c5c801e085a0c3da9b68c787e92567dc187b	V20PRr1	Trip 5	97
https://rubalkhali.science/kb/RAK_PH_QUALITY_05d3c477cf5b1d983514edd80b7d1fcc39edb6d69e4cf1b30c7ef5d4e1bc8d9e	quality	ph-measurement-v1|quality|trip5|V20PRr1|2026-07-15|EQ-PH-CACL2-1G-v1.0.0	05d3c477cf5b1d983514edd80b7d1fcc39edb6d69e4cf1b30c7ef5d4e1bc8d9e	V20PRr1	Trip 5	97
https://rubalkhali.science/kb/RAK_PH_VALUE_7ff63da37961641cf0a8cf6f43949ddaac8871a517cfe809d5bd2d0702bd46e2	value	ph-measurement-v1|value|trip5|V20PRr1|2026-07-15|EQ-PH-CACL2-1G-v1.0.0	7ff63da37961641cf0a8cf6f43949ddaac8871a517cfe809d5bd2d0702bd46e2	V20PRr1	Trip 5	97
https://rubalkhali.science/kb/RAK_PH_PROCESS_171931d58ebd049ee9ffd07303c939638af3516c7fdbf429755a04baeacee89c	process	ph-measurement-v1|process|trip5|V20PRr2|2026-07-15|EQ-PH-CACL2-1G-v1.0.0	171931d58ebd049ee9ffd07303c939638af3516c7fdbf429755a04baeacee89c	V20PRr2	Trip 5	98
https://rubalkhali.science/kb/RAK_PH_QUALITY_c394ac491cee0bf0e0921d18aaf3046797049010795269616465b92c48c971d0	quality	ph-measurement-v1|quality|trip5|V20PRr2|2026-07-15|EQ-PH-CACL2-1G-v1.0.0	c394ac491cee0bf0e0921d18aaf3046797049010795269616465b92c48c971d0	V20PRr2	Trip 5	98
https://rubalkhali.science/kb/RAK_PH_VALUE_c7e11b3ce5c254302dc9529623aefb72a7a4399befbd869fe49952910b51502c	value	ph-measurement-v1|value|trip5|V20PRr2|2026-07-15|EQ-PH-CACL2-1G-v1.0.0	c7e11b3ce5c254302dc9529623aefb72a7a4399befbd869fe49952910b51502c	V20PRr2	Trip 5	98
https://rubalkhali.science/kb/RAK_PH_PROCESS_9fa994591022250a17add6910c46860e65c39fd48217a83577b8c7a28436f7ca	process	ph-measurement-v1|process|trip5|V20PRr3|2026-07-15|EQ-PH-CACL2-1G-v1.0.0	9fa994591022250a17add6910c46860e65c39fd48217a83577b8c7a28436f7ca	V20PRr3	Trip 5	99
https://rubalkhali.science/kb/RAK_PH_QUALITY_e010c7908623ea4524752b6fc39991a92323df45bf27db7cad65c033f79818ca	quality	ph-measurement-v1|quality|trip5|V20PRr3|2026-07-15|EQ-PH-CACL2-1G-v1.0.0	e010c7908623ea4524752b6fc39991a92323df45bf27db7cad65c033f79818ca	V20PRr3	Trip 5	99
https://rubalkhali.science/kb/RAK_PH_VALUE_8b3c981443ea76c987b3000ebc8304671dc80bf2f8bbba9d1321acf50205ca6d	value	ph-measurement-v1|value|trip5|V20PRr3|2026-07-15|EQ-PH-CACL2-1G-v1.0.0	8b3c981443ea76c987b3000ebc8304671dc80bf2f8bbba9d1321acf50205ca6d	V20PRr3	Trip 5	99
https://rubalkhali.science/kb/RAK_PH_PROCESS_d51eb5bba33acef5b1594f343eee229c99941d81795e8852fde05011e688cd42	process	ph-measurement-v1|process|trip5|V21Sr3|2026-07-15|EQ-PH-CACL2-1G-v1.0.0	d51eb5bba33acef5b1594f343eee229c99941d81795e8852fde05011e688cd42	V21Sr3	Trip 5	100
https://rubalkhali.science/kb/RAK_PH_QUALITY_bad79a91b043ce9155d56ca991d7bdbc22bcf62dbf496d84ed48375a4e8366f4	quality	ph-measurement-v1|quality|trip5|V21Sr3|2026-07-15|EQ-PH-CACL2-1G-v1.0.0	bad79a91b043ce9155d56ca991d7bdbc22bcf62dbf496d84ed48375a4e8366f4	V21Sr3	Trip 5	100
https://rubalkhali.science/kb/RAK_PH_VALUE_0d81524b2c4633601d461b044fa535c21bfc4fb0689f775489364893ed07e2ef	value	ph-measurement-v1|value|trip5|V21Sr3|2026-07-15|EQ-PH-CACL2-1G-v1.0.0	0d81524b2c4633601d461b044fa535c21bfc4fb0689f775489364893ed07e2ef	V21Sr3	Trip 5	100
https://rubalkhali.science/kb/RAK_PH_PROCESS_120ce57e3f1fee6ba9b089990b37ffa49a552d153b2cc43ef973b19dd911bd4a	process	ph-measurement-v1|process|trip5|V21Dr1|2026-07-15|EQ-PH-CACL2-1G-v1.0.0	120ce57e3f1fee6ba9b089990b37ffa49a552d153b2cc43ef973b19dd911bd4a	V21Dr1	Trip 5	101
https://rubalkhali.science/kb/RAK_PH_QUALITY_031c02434f9120c55ecb2f8ef156dc8ff6cd573bfc3a774d2ea608bff244abff	quality	ph-measurement-v1|quality|trip5|V21Dr1|2026-07-15|EQ-PH-CACL2-1G-v1.0.0	031c02434f9120c55ecb2f8ef156dc8ff6cd573bfc3a774d2ea608bff244abff	V21Dr1	Trip 5	101
https://rubalkhali.science/kb/RAK_PH_VALUE_77cbbe3a8ac834796eccb1316acef78b21794e4d871ff737c7a7798bc86c6221	value	ph-measurement-v1|value|trip5|V21Dr1|2026-07-15|EQ-PH-CACL2-1G-v1.0.0	77cbbe3a8ac834796eccb1316acef78b21794e4d871ff737c7a7798bc86c6221	V21Dr1	Trip 5	101
https://rubalkhali.science/kb/RAK_PH_PROCESS_d2255f903542a27a95c5aa69e9def6e9bd7b4e633680ab2e7b185150716e154b	process	ph-measurement-v1|process|trip5|V21Dr2|2026-07-15|EQ-PH-CACL2-1G-v1.0.0	d2255f903542a27a95c5aa69e9def6e9bd7b4e633680ab2e7b185150716e154b	V21Dr2	Trip 5	102
https://rubalkhali.science/kb/RAK_PH_QUALITY_a8f92415cfc27f1a2318dcf9f16e1cbabbbd6039a3dc806d4f4aa38b9c5a2403	quality	ph-measurement-v1|quality|trip5|V21Dr2|2026-07-15|EQ-PH-CACL2-1G-v1.0.0	a8f92415cfc27f1a2318dcf9f16e1cbabbbd6039a3dc806d4f4aa38b9c5a2403	V21Dr2	Trip 5	102
https://rubalkhali.science/kb/RAK_PH_VALUE_a867de0ec9ce4e1667e81bdb70c046da49c6b9b080ccbb3fecb8a42acbcc6cae	value	ph-measurement-v1|value|trip5|V21Dr2|2026-07-15|EQ-PH-CACL2-1G-v1.0.0	a867de0ec9ce4e1667e81bdb70c046da49c6b9b080ccbb3fecb8a42acbcc6cae	V21Dr2	Trip 5	102
https://rubalkhali.science/kb/RAK_PH_PROCESS_e471117510720a91a88e9b869dd7f1327a93439b82d1d5f589499a84668fd4e0	process	ph-measurement-v1|process|trip5|V21PRr1|2026-07-15|EQ-PH-CACL2-1G-v1.0.0	e471117510720a91a88e9b869dd7f1327a93439b82d1d5f589499a84668fd4e0	V21PRr1	Trip 5	103
https://rubalkhali.science/kb/RAK_PH_QUALITY_f445b34aac1ac482f4917c753b693e5c79ca48d4c415f650ec4d610b86433ef7	quality	ph-measurement-v1|quality|trip5|V21PRr1|2026-07-15|EQ-PH-CACL2-1G-v1.0.0	f445b34aac1ac482f4917c753b693e5c79ca48d4c415f650ec4d610b86433ef7	V21PRr1	Trip 5	103
https://rubalkhali.science/kb/RAK_PH_VALUE_73a7775684ebb9f17ab9a43b1f4facd6096732bb62b52356436c4628aaa024a4	value	ph-measurement-v1|value|trip5|V21PRr1|2026-07-15|EQ-PH-CACL2-1G-v1.0.0	73a7775684ebb9f17ab9a43b1f4facd6096732bb62b52356436c4628aaa024a4	V21PRr1	Trip 5	103
https://rubalkhali.science/kb/RAK_PH_PROCESS_2842d4fbc30c76ff8311c3ee89fbbfd6bee8434caa8a456beda470f626fa0805	process	ph-measurement-v1|process|trip5|V21PRr2|2026-07-15|EQ-PH-CACL2-1G-v1.0.0	2842d4fbc30c76ff8311c3ee89fbbfd6bee8434caa8a456beda470f626fa0805	V21PRr2	Trip 5	104
https://rubalkhali.science/kb/RAK_PH_QUALITY_088b92db1a3ff849e354f63f2f42107b99c29f167d5e053fc9bc05ee163c6327	quality	ph-measurement-v1|quality|trip5|V21PRr2|2026-07-15|EQ-PH-CACL2-1G-v1.0.0	088b92db1a3ff849e354f63f2f42107b99c29f167d5e053fc9bc05ee163c6327	V21PRr2	Trip 5	104
https://rubalkhali.science/kb/RAK_PH_VALUE_a95f1306545148f88cde2431f30d2718022ffa3bed3f3591d379275a83f3e553	value	ph-measurement-v1|value|trip5|V21PRr2|2026-07-15|EQ-PH-CACL2-1G-v1.0.0	a95f1306545148f88cde2431f30d2718022ffa3bed3f3591d379275a83f3e553	V21PRr2	Trip 5	104
https://rubalkhali.science/kb/RAK_PH_PROCESS_1cb176c0098b61e7b95d1203118f7581bb100fbc14b050a0f413195d0b6cdfe9	process	ph-measurement-v1|process|trip5|V21PRr3|2026-07-15|EQ-PH-CACL2-1G-v1.0.0	1cb176c0098b61e7b95d1203118f7581bb100fbc14b050a0f413195d0b6cdfe9	V21PRr3	Trip 5	105
https://rubalkhali.science/kb/RAK_PH_QUALITY_d34eabc47d2911dce6e29cd0ac93f2f1d7e73f0b9a984223a48351a6aef283ea	quality	ph-measurement-v1|quality|trip5|V21PRr3|2026-07-15|EQ-PH-CACL2-1G-v1.0.0	d34eabc47d2911dce6e29cd0ac93f2f1d7e73f0b9a984223a48351a6aef283ea	V21PRr3	Trip 5	105
https://rubalkhali.science/kb/RAK_PH_VALUE_311fdb2aec43d7788ddfa636e2537469b6d1c160752577b40bbbb2492cbdb7b5	value	ph-measurement-v1|value|trip5|V21PRr3|2026-07-15|EQ-PH-CACL2-1G-v1.0.0	311fdb2aec43d7788ddfa636e2537469b6d1c160752577b40bbbb2492cbdb7b5	V21PRr3	Trip 5	105
https://rubalkhali.science/kb/RAK_PH_PROCESS_cdf2c33d02dc087cf097cf6de8832b013a0ef8ca427ac5bbd3658fa545c02069	process	ph-measurement-v1|process|trip5|V22PRr2|2026-07-15|EQ-PH-CACL2-1G-v1.0.0	cdf2c33d02dc087cf097cf6de8832b013a0ef8ca427ac5bbd3658fa545c02069	V22PRr2	Trip 5	106
https://rubalkhali.science/kb/RAK_PH_QUALITY_9bf85429b859f5031534abc708a453afb5888c0541981628726df781b51ff86a	quality	ph-measurement-v1|quality|trip5|V22PRr2|2026-07-15|EQ-PH-CACL2-1G-v1.0.0	9bf85429b859f5031534abc708a453afb5888c0541981628726df781b51ff86a	V22PRr2	Trip 5	106
https://rubalkhali.science/kb/RAK_PH_VALUE_2251c86c1ba0e180e17010b731e8983a37529b193a5b7147b20f47ee4ffa8888	value	ph-measurement-v1|value|trip5|V22PRr2|2026-07-15|EQ-PH-CACL2-1G-v1.0.0	2251c86c1ba0e180e17010b731e8983a37529b193a5b7147b20f47ee4ffa8888	V22PRr2	Trip 5	106
https://rubalkhali.science/kb/RAK_PH_SESSION_ef25c42af828deed29626c577ae3fadbaa5c503ad2868791e209b4b2eb039f84	session	ph-measurement-v1|session|5|2026-07-16|97.9|10.06	ef25c42af828deed29626c577ae3fadbaa5c503ad2868791e209b4b2eb039f84		Trip 5	107
https://rubalkhali.science/kb/RAK_PH_PROCESS_1474a451ecb6851bf9b1d42102411e1dcf4ae0cb4b0bef4193c66b7f932d0c55	process	ph-measurement-v1|process|trip5|V23Dr1|2026-07-16|EQ-PH-CACL2-1G-v1.0.0	1474a451ecb6851bf9b1d42102411e1dcf4ae0cb4b0bef4193c66b7f932d0c55	V23Dr1	Trip 5	107
https://rubalkhali.science/kb/RAK_PH_QUALITY_77577218dd9b353c3b6b2edc4896685f81ef83bf0d466bd40bc14941c9334445	quality	ph-measurement-v1|quality|trip5|V23Dr1|2026-07-16|EQ-PH-CACL2-1G-v1.0.0	77577218dd9b353c3b6b2edc4896685f81ef83bf0d466bd40bc14941c9334445	V23Dr1	Trip 5	107
https://rubalkhali.science/kb/RAK_PH_VALUE_5abbb484ef90961ec9e87df8a506584681e23ae3f5ba9c103f33ea2598287621	value	ph-measurement-v1|value|trip5|V23Dr1|2026-07-16|EQ-PH-CACL2-1G-v1.0.0	5abbb484ef90961ec9e87df8a506584681e23ae3f5ba9c103f33ea2598287621	V23Dr1	Trip 5	107
https://rubalkhali.science/kb/RAK_PH_PROCESS_613964954e18241017b5501f27fa0c405db04c0b5e5f5763f3ccc3c2b6b8f159	process	ph-measurement-v1|process|trip5|V23PRr1|2026-07-16|EQ-PH-CACL2-1G-v1.0.0	613964954e18241017b5501f27fa0c405db04c0b5e5f5763f3ccc3c2b6b8f159	V23PRr1	Trip 5	108
https://rubalkhali.science/kb/RAK_PH_QUALITY_10d88396f39f424559c430fdcc1b9566f40e48f7d04796e1ef21921808ba361c	quality	ph-measurement-v1|quality|trip5|V23PRr1|2026-07-16|EQ-PH-CACL2-1G-v1.0.0	10d88396f39f424559c430fdcc1b9566f40e48f7d04796e1ef21921808ba361c	V23PRr1	Trip 5	108
https://rubalkhali.science/kb/RAK_PH_VALUE_7b05f12f06a02df6081b60060761ec5df73881017d0d9b4661d32281048c2d0e	value	ph-measurement-v1|value|trip5|V23PRr1|2026-07-16|EQ-PH-CACL2-1G-v1.0.0	7b05f12f06a02df6081b60060761ec5df73881017d0d9b4661d32281048c2d0e	V23PRr1	Trip 5	108
https://rubalkhali.science/kb/RAK_PH_PROCESS_8437f7787619d1c7d5640d480e72e8430325e2a2861064769553db5af52ca818	process	ph-measurement-v1|process|trip5|V23PRr2|2026-07-16|EQ-PH-CACL2-1G-v1.0.0	8437f7787619d1c7d5640d480e72e8430325e2a2861064769553db5af52ca818	V23PRr2	Trip 5	109
https://rubalkhali.science/kb/RAK_PH_QUALITY_1016c2e451b3438f02b19c0c54c1e68af6e361590845493d1a5cb03f65231d4f	quality	ph-measurement-v1|quality|trip5|V23PRr2|2026-07-16|EQ-PH-CACL2-1G-v1.0.0	1016c2e451b3438f02b19c0c54c1e68af6e361590845493d1a5cb03f65231d4f	V23PRr2	Trip 5	109
https://rubalkhali.science/kb/RAK_PH_VALUE_8d952dd60fd4ccc66d6e3d5a97b8f04ce6e49c1898424d03b133ea32467a8033	value	ph-measurement-v1|value|trip5|V23PRr2|2026-07-16|EQ-PH-CACL2-1G-v1.0.0	8d952dd60fd4ccc66d6e3d5a97b8f04ce6e49c1898424d03b133ea32467a8033	V23PRr2	Trip 5	109
https://rubalkhali.science/kb/RAK_PH_PROCESS_1483a2253d587e590a1ab04dcb7a54a3c641788100e2fa36244642c08b5b913d	process	ph-measurement-v1|process|trip5|V24Dr1|2026-07-16|EQ-PH-CACL2-1G-v1.0.0	1483a2253d587e590a1ab04dcb7a54a3c641788100e2fa36244642c08b5b913d	V24Dr1	Trip 5	110
https://rubalkhali.science/kb/RAK_PH_QUALITY_b1abdcd9747b6ad09b688f1252ed513fd717c1c3f96c1adb5966933e30e53488	quality	ph-measurement-v1|quality|trip5|V24Dr1|2026-07-16|EQ-PH-CACL2-1G-v1.0.0	b1abdcd9747b6ad09b688f1252ed513fd717c1c3f96c1adb5966933e30e53488	V24Dr1	Trip 5	110
https://rubalkhali.science/kb/RAK_PH_VALUE_5a97ce07ac49cf17ab42a2704aa6126d9c3cf957346aac21badb2d0f62dc78f3	value	ph-measurement-v1|value|trip5|V24Dr1|2026-07-16|EQ-PH-CACL2-1G-v1.0.0	5a97ce07ac49cf17ab42a2704aa6126d9c3cf957346aac21badb2d0f62dc78f3	V24Dr1	Trip 5	110
https://rubalkhali.science/kb/RAK_PH_PROCESS_c4fb60f34c99911e8c6814fc67b241e6a68aa145e8caa384573a30c60d5b8c90	process	ph-measurement-v1|process|trip5|V24PRr1|2026-07-16|EQ-PH-CACL2-1G-v1.0.0	c4fb60f34c99911e8c6814fc67b241e6a68aa145e8caa384573a30c60d5b8c90	V24PRr1	Trip 5	111
https://rubalkhali.science/kb/RAK_PH_QUALITY_3c1a8bdffc16e25d0f06442bfffad246affa8cc2def12bf47028cf5f9e2f76e9	quality	ph-measurement-v1|quality|trip5|V24PRr1|2026-07-16|EQ-PH-CACL2-1G-v1.0.0	3c1a8bdffc16e25d0f06442bfffad246affa8cc2def12bf47028cf5f9e2f76e9	V24PRr1	Trip 5	111
https://rubalkhali.science/kb/RAK_PH_VALUE_47716fa4ca7338e29532257be31e2d106350cfad0d687472b1236f1526a6080a	value	ph-measurement-v1|value|trip5|V24PRr1|2026-07-16|EQ-PH-CACL2-1G-v1.0.0	47716fa4ca7338e29532257be31e2d106350cfad0d687472b1236f1526a6080a	V24PRr1	Trip 5	111
https://rubalkhali.science/kb/RAK_PH_PROCESS_ee1f5dbfb3c367d2b16eb35eabdade9de46b1289c2cd879fed10c9a5312455b3	process	ph-measurement-v1|process|trip5|V24PRr3|2026-07-16|EQ-PH-CACL2-1G-v1.0.0	ee1f5dbfb3c367d2b16eb35eabdade9de46b1289c2cd879fed10c9a5312455b3	V24PRr3	Trip 5	112
https://rubalkhali.science/kb/RAK_PH_QUALITY_2ebb161126f2b2d5c73b19eddb2a78518e8c4615aeeb6f3000d141397b5d488d	quality	ph-measurement-v1|quality|trip5|V24PRr3|2026-07-16|EQ-PH-CACL2-1G-v1.0.0	2ebb161126f2b2d5c73b19eddb2a78518e8c4615aeeb6f3000d141397b5d488d	V24PRr3	Trip 5	112
https://rubalkhali.science/kb/RAK_PH_VALUE_a1751070cd135fe3ce42c524ccbf7585aa4f2eb95dbadc7f9c39f3810509873c	value	ph-measurement-v1|value|trip5|V24PRr3|2026-07-16|EQ-PH-CACL2-1G-v1.0.0	a1751070cd135fe3ce42c524ccbf7585aa4f2eb95dbadc7f9c39f3810509873c	V24PRr3	Trip 5	112
https://rubalkhali.science/kb/RAK_PH_PROCESS_01bc6fcf5cfb2c4dd08cd43f39aa0c2f64a69c02ddbda3197cd899ddd1394ee0	process	ph-measurement-v1|process|trip5|V25Sr2|2026-07-16|EQ-PH-CACL2-1G-v1.0.0	01bc6fcf5cfb2c4dd08cd43f39aa0c2f64a69c02ddbda3197cd899ddd1394ee0	V25Sr2	Trip 5	113
https://rubalkhali.science/kb/RAK_PH_QUALITY_c9d716b204322671cfc93d3649e499998d8cba1dfc9bca1abee06be4d15eced4	quality	ph-measurement-v1|quality|trip5|V25Sr2|2026-07-16|EQ-PH-CACL2-1G-v1.0.0	c9d716b204322671cfc93d3649e499998d8cba1dfc9bca1abee06be4d15eced4	V25Sr2	Trip 5	113
https://rubalkhali.science/kb/RAK_PH_VALUE_c54c90e082c8711a48a41efa2b5844da9b24fe3b648b3fac66eb3e82726ab7ea	value	ph-measurement-v1|value|trip5|V25Sr2|2026-07-16|EQ-PH-CACL2-1G-v1.0.0	c54c90e082c8711a48a41efa2b5844da9b24fe3b648b3fac66eb3e82726ab7ea	V25Sr2	Trip 5	113
https://rubalkhali.science/kb/RAK_PH_PROCESS_8983bcdb4ac6330eaba5cd7ed908bf81279967bca45bb2667891f0f416842708	process	ph-measurement-v1|process|trip5|V25Sr3|2026-07-16|EQ-PH-CACL2-1G-v1.0.0	8983bcdb4ac6330eaba5cd7ed908bf81279967bca45bb2667891f0f416842708	V25Sr3	Trip 5	114
https://rubalkhali.science/kb/RAK_PH_QUALITY_bb59e7160a1cb86d93521634b4347755ed70a1089d3e028882280f3fe9268adc	quality	ph-measurement-v1|quality|trip5|V25Sr3|2026-07-16|EQ-PH-CACL2-1G-v1.0.0	bb59e7160a1cb86d93521634b4347755ed70a1089d3e028882280f3fe9268adc	V25Sr3	Trip 5	114
https://rubalkhali.science/kb/RAK_PH_VALUE_b859bedf979200f9c7c85cead1515b3bcda705e5b9c715614d986347c1105207	value	ph-measurement-v1|value|trip5|V25Sr3|2026-07-16|EQ-PH-CACL2-1G-v1.0.0	b859bedf979200f9c7c85cead1515b3bcda705e5b9c715614d986347c1105207	V25Sr3	Trip 5	114
https://rubalkhali.science/kb/RAK_PH_PROCESS_d66f864fde01e2346c56dd7305d47c276a277e9b0323c1c3f611127069def4f3	process	ph-measurement-v1|process|trip5|V25Dr3|2026-07-16|EQ-PH-CACL2-1G-v1.0.0	d66f864fde01e2346c56dd7305d47c276a277e9b0323c1c3f611127069def4f3	V25Dr3	Trip 5	115
https://rubalkhali.science/kb/RAK_PH_QUALITY_23d7c65525bd592eb922cf74fcf334c65152edd2e9e9904799d80d187fdf77bf	quality	ph-measurement-v1|quality|trip5|V25Dr3|2026-07-16|EQ-PH-CACL2-1G-v1.0.0	23d7c65525bd592eb922cf74fcf334c65152edd2e9e9904799d80d187fdf77bf	V25Dr3	Trip 5	115
https://rubalkhali.science/kb/RAK_PH_VALUE_4cc62d8365e5dc06a1d1d303c469d34ed6b03cf10864cb33c8af3a064167ec2f	value	ph-measurement-v1|value|trip5|V25Dr3|2026-07-16|EQ-PH-CACL2-1G-v1.0.0	4cc62d8365e5dc06a1d1d303c469d34ed6b03cf10864cb33c8af3a064167ec2f	V25Dr3	Trip 5	115
https://rubalkhali.science/kb/RAK_PH_PROCESS_524fcad8ff46e7b4838d6e04b859d784535fea4d63667b13338efe76d852509a	process	ph-measurement-v1|process|trip5|V25PRr1|2026-07-16|EQ-PH-CACL2-1G-v1.0.0	524fcad8ff46e7b4838d6e04b859d784535fea4d63667b13338efe76d852509a	V25PRr1	Trip 5	116
https://rubalkhali.science/kb/RAK_PH_QUALITY_2b64ad8c9869264ac81b3eda0de842b13c572b6c8e81dc90d31ba13c4ca03beb	quality	ph-measurement-v1|quality|trip5|V25PRr1|2026-07-16|EQ-PH-CACL2-1G-v1.0.0	2b64ad8c9869264ac81b3eda0de842b13c572b6c8e81dc90d31ba13c4ca03beb	V25PRr1	Trip 5	116
https://rubalkhali.science/kb/RAK_PH_VALUE_1045a345ea49c3ae0fafb796ecbf5e579cb82988d3c4a6dc5749bb4b1d173d93	value	ph-measurement-v1|value|trip5|V25PRr1|2026-07-16|EQ-PH-CACL2-1G-v1.0.0	1045a345ea49c3ae0fafb796ecbf5e579cb82988d3c4a6dc5749bb4b1d173d93	V25PRr1	Trip 5	116
https://rubalkhali.science/kb/RAK_PH_PROCESS_d0b027add16efa009eeb5ac53b5a1ed78366a75140682290990fa09205e2a9f8	process	ph-measurement-v1|process|trip5|V25PRr2|2026-07-16|EQ-PH-CACL2-1G-v1.0.0	d0b027add16efa009eeb5ac53b5a1ed78366a75140682290990fa09205e2a9f8	V25PRr2	Trip 5	117
https://rubalkhali.science/kb/RAK_PH_QUALITY_1444aa19b81080c57fc3217db70ffe16071c97210997f79e3e09e995c98d77b0	quality	ph-measurement-v1|quality|trip5|V25PRr2|2026-07-16|EQ-PH-CACL2-1G-v1.0.0	1444aa19b81080c57fc3217db70ffe16071c97210997f79e3e09e995c98d77b0	V25PRr2	Trip 5	117
https://rubalkhali.science/kb/RAK_PH_VALUE_a14c784356619683b462beb13d31676f9a555f116271c5472e8aafd24313d22b	value	ph-measurement-v1|value|trip5|V25PRr2|2026-07-16|EQ-PH-CACL2-1G-v1.0.0	a14c784356619683b462beb13d31676f9a555f116271c5472e8aafd24313d22b	V25PRr2	Trip 5	117
https://rubalkhali.science/kb/RAK_PH_PROCESS_8f08a92dbf38e7d1866ebf6a8b13d6969f8997bd659dddfcd26de5cd03b0ee23	process	ph-measurement-v1|process|trip5|V25PRr3|2026-07-16|EQ-PH-CACL2-1G-v1.0.0	8f08a92dbf38e7d1866ebf6a8b13d6969f8997bd659dddfcd26de5cd03b0ee23	V25PRr3	Trip 5	118
https://rubalkhali.science/kb/RAK_PH_QUALITY_4e17187c6c48a58c0bd70751d7f352917dfe763df782cbf048440b61d8d295b9	quality	ph-measurement-v1|quality|trip5|V25PRr3|2026-07-16|EQ-PH-CACL2-1G-v1.0.0	4e17187c6c48a58c0bd70751d7f352917dfe763df782cbf048440b61d8d295b9	V25PRr3	Trip 5	118
https://rubalkhali.science/kb/RAK_PH_VALUE_7f518f896ab0c818b7dddcf36308fccafa402a22f692c7ad2e2fa47af603514e	value	ph-measurement-v1|value|trip5|V25PRr3|2026-07-16|EQ-PH-CACL2-1G-v1.0.0	7f518f896ab0c818b7dddcf36308fccafa402a22f692c7ad2e2fa47af603514e	V25PRr3	Trip 5	118
https://rubalkhali.science/kb/RAK_PH_PROCESS_34de4f032c73fe6eae275fa34591e4d4b9266727d1771805e8d1da683bd549ea	process	ph-measurement-v1|process|trip5|V26Sr2|2026-07-16|EQ-PH-CACL2-1G-v1.0.0	34de4f032c73fe6eae275fa34591e4d4b9266727d1771805e8d1da683bd549ea	V26Sr2	Trip 5	119
https://rubalkhali.science/kb/RAK_PH_QUALITY_7a08ca89d62081e1faf780e576ba60328f259df2ac99cce70e833dc342e8a633	quality	ph-measurement-v1|quality|trip5|V26Sr2|2026-07-16|EQ-PH-CACL2-1G-v1.0.0	7a08ca89d62081e1faf780e576ba60328f259df2ac99cce70e833dc342e8a633	V26Sr2	Trip 5	119
https://rubalkhali.science/kb/RAK_PH_VALUE_68f6c950d7fd94dab485633e56ad7958b9577690603d01e32392e0e9a6865697	value	ph-measurement-v1|value|trip5|V26Sr2|2026-07-16|EQ-PH-CACL2-1G-v1.0.0	68f6c950d7fd94dab485633e56ad7958b9577690603d01e32392e0e9a6865697	V26Sr2	Trip 5	119
https://rubalkhali.science/kb/RAK_PH_PROCESS_d7b0341ed2af0e8658a86a6c0a10dfe33925de939b0a1368bd7eeff57ce681ac	process	ph-measurement-v1|process|trip5|V26Dr2|2026-07-16|EQ-PH-CACL2-1G-v1.0.0	d7b0341ed2af0e8658a86a6c0a10dfe33925de939b0a1368bd7eeff57ce681ac	V26Dr2	Trip 5	120
https://rubalkhali.science/kb/RAK_PH_QUALITY_6b7d80419e75983555e4ab282385f24b353929fbee83722d695997f9498f69de	quality	ph-measurement-v1|quality|trip5|V26Dr2|2026-07-16|EQ-PH-CACL2-1G-v1.0.0	6b7d80419e75983555e4ab282385f24b353929fbee83722d695997f9498f69de	V26Dr2	Trip 5	120
https://rubalkhali.science/kb/RAK_PH_VALUE_623348e21d9684bbb6d9873aeaf6240d2ca231ce08c98466c021174bfcbebbe9	value	ph-measurement-v1|value|trip5|V26Dr2|2026-07-16|EQ-PH-CACL2-1G-v1.0.0	623348e21d9684bbb6d9873aeaf6240d2ca231ce08c98466c021174bfcbebbe9	V26Dr2	Trip 5	120
https://rubalkhali.science/kb/RAK_PH_PROCESS_c2f6a8b10b5eb01ab1a9968a6d727544acf4dc18c17e60eaea26a55f3e43cd39	process	ph-measurement-v1|process|trip5|V26Dr3|2026-07-16|EQ-PH-CACL2-1G-v1.0.0	c2f6a8b10b5eb01ab1a9968a6d727544acf4dc18c17e60eaea26a55f3e43cd39	V26Dr3	Trip 5	121
https://rubalkhali.science/kb/RAK_PH_QUALITY_6c1194b5e27c69006d1b34b0295f718ba60831eb4dac15eafb70e20f4b368d3b	quality	ph-measurement-v1|quality|trip5|V26Dr3|2026-07-16|EQ-PH-CACL2-1G-v1.0.0	6c1194b5e27c69006d1b34b0295f718ba60831eb4dac15eafb70e20f4b368d3b	V26Dr3	Trip 5	121
https://rubalkhali.science/kb/RAK_PH_VALUE_c75bb00fc034a9f18ff2965acb6bd6fe224f30f9aba723a77d1b373c102bf798	value	ph-measurement-v1|value|trip5|V26Dr3|2026-07-16|EQ-PH-CACL2-1G-v1.0.0	c75bb00fc034a9f18ff2965acb6bd6fe224f30f9aba723a77d1b373c102bf798	V26Dr3	Trip 5	121
https://rubalkhali.science/kb/RAK_PH_PROCESS_fd0ad8c64cbf534d737884b9da69aeb03afaabe7414738801423d5045289c91c	process	ph-measurement-v1|process|trip5|V26PRr1|2026-07-16|EQ-PH-CACL2-1G-v1.0.0	fd0ad8c64cbf534d737884b9da69aeb03afaabe7414738801423d5045289c91c	V26PRr1	Trip 5	122
https://rubalkhali.science/kb/RAK_PH_QUALITY_b4cb51b306072af9e34770da6a27097d9ea2a059b43b27884ffd8b42c0a3f542	quality	ph-measurement-v1|quality|trip5|V26PRr1|2026-07-16|EQ-PH-CACL2-1G-v1.0.0	b4cb51b306072af9e34770da6a27097d9ea2a059b43b27884ffd8b42c0a3f542	V26PRr1	Trip 5	122
https://rubalkhali.science/kb/RAK_PH_VALUE_3542ba02059deb1ee97d15e13bf7a1366e575d8c8e347ae84664cd43743c70e6	value	ph-measurement-v1|value|trip5|V26PRr1|2026-07-16|EQ-PH-CACL2-1G-v1.0.0	3542ba02059deb1ee97d15e13bf7a1366e575d8c8e347ae84664cd43743c70e6	V26PRr1	Trip 5	122
https://rubalkhali.science/kb/RAK_PH_PROCESS_c0b9791a5ff5a29a032eddd282916df5e19bd197b89abc93a281f30e4236d22d	process	ph-measurement-v1|process|trip5|V26PRr2|2026-07-16|EQ-PH-CACL2-1G-v1.0.0	c0b9791a5ff5a29a032eddd282916df5e19bd197b89abc93a281f30e4236d22d	V26PRr2	Trip 5	123
https://rubalkhali.science/kb/RAK_PH_QUALITY_857ea68a79272a6b469bfde361df68273ab9c8299190484e341e4cdc9404461d	quality	ph-measurement-v1|quality|trip5|V26PRr2|2026-07-16|EQ-PH-CACL2-1G-v1.0.0	857ea68a79272a6b469bfde361df68273ab9c8299190484e341e4cdc9404461d	V26PRr2	Trip 5	123
https://rubalkhali.science/kb/RAK_PH_VALUE_79591d7d59a269a988d70d828689aa0e9e9c6d97e3da8515e1f952305494165c	value	ph-measurement-v1|value|trip5|V26PRr2|2026-07-16|EQ-PH-CACL2-1G-v1.0.0	79591d7d59a269a988d70d828689aa0e9e9c6d97e3da8515e1f952305494165c	V26PRr2	Trip 5	123
https://rubalkhali.science/kb/RAK_PH_PROCESS_4336d9427bf895e3732f6b21ed008355e29686bee3676e5ff37d8ee62c1b8b6b	process	ph-measurement-v1|process|trip5|V27Dr2|2026-07-16|EQ-PH-CACL2-1G-v1.0.0	4336d9427bf895e3732f6b21ed008355e29686bee3676e5ff37d8ee62c1b8b6b	V27Dr2	Trip 5	124
https://rubalkhali.science/kb/RAK_PH_QUALITY_f7461876c8e31a2db26fd24b827dddb795b1b894717fdead561830618a0d46b2	quality	ph-measurement-v1|quality|trip5|V27Dr2|2026-07-16|EQ-PH-CACL2-1G-v1.0.0	f7461876c8e31a2db26fd24b827dddb795b1b894717fdead561830618a0d46b2	V27Dr2	Trip 5	124
https://rubalkhali.science/kb/RAK_PH_VALUE_9041556f7f42bc0fd5111de381a4cffdb8a641e4b91589ea0ccdbb0ecd4d217b	value	ph-measurement-v1|value|trip5|V27Dr2|2026-07-16|EQ-PH-CACL2-1G-v1.0.0	9041556f7f42bc0fd5111de381a4cffdb8a641e4b91589ea0ccdbb0ecd4d217b	V27Dr2	Trip 5	124
https://rubalkhali.science/kb/RAK_PH_PROCESS_d9b7e5d06be73e15ddc3e913774bb0b7038d889fbb75e35273349cd30503fe16	process	ph-measurement-v1|process|trip5|V27Dr3|2026-07-16|EQ-PH-CACL2-1G-v1.0.0	d9b7e5d06be73e15ddc3e913774bb0b7038d889fbb75e35273349cd30503fe16	V27Dr3	Trip 5	125
https://rubalkhali.science/kb/RAK_PH_QUALITY_2ef75fab0c0009d12934d93804f9d80dc773c890da00ee884495a30a0ac54424	quality	ph-measurement-v1|quality|trip5|V27Dr3|2026-07-16|EQ-PH-CACL2-1G-v1.0.0	2ef75fab0c0009d12934d93804f9d80dc773c890da00ee884495a30a0ac54424	V27Dr3	Trip 5	125
https://rubalkhali.science/kb/RAK_PH_VALUE_4f08bdac9a5f90d3d342f451867cceeebb2521c72632b529a1ba5c153914dcbe	value	ph-measurement-v1|value|trip5|V27Dr3|2026-07-16|EQ-PH-CACL2-1G-v1.0.0	4f08bdac9a5f90d3d342f451867cceeebb2521c72632b529a1ba5c153914dcbe	V27Dr3	Trip 5	125
https://rubalkhali.science/kb/RAK_PH_PROCESS_288337cd919770c6d0105846986a5a7246b195fe1e34fe3fd96cc034d1619eca	process	ph-measurement-v1|process|trip5|V27PRr1|2026-07-16|EQ-PH-CACL2-1G-v1.0.0	288337cd919770c6d0105846986a5a7246b195fe1e34fe3fd96cc034d1619eca	V27PRr1	Trip 5	126
https://rubalkhali.science/kb/RAK_PH_QUALITY_ca21431c13f18c80e0a7b956fdc85b324d252894b9a157ccadfff0d2c1a68b25	quality	ph-measurement-v1|quality|trip5|V27PRr1|2026-07-16|EQ-PH-CACL2-1G-v1.0.0	ca21431c13f18c80e0a7b956fdc85b324d252894b9a157ccadfff0d2c1a68b25	V27PRr1	Trip 5	126
https://rubalkhali.science/kb/RAK_PH_VALUE_5a2930e643845eb3167cd4c595ee7f4ef336d6adddac86062b59a26f71337264	value	ph-measurement-v1|value|trip5|V27PRr1|2026-07-16|EQ-PH-CACL2-1G-v1.0.0	5a2930e643845eb3167cd4c595ee7f4ef336d6adddac86062b59a26f71337264	V27PRr1	Trip 5	126
https://rubalkhali.science/kb/RAK_PH_PROCESS_68f4557ad25a2483d40e668ba40e186fa5f36e23626cc08fd180cc88fb22a864	process	ph-measurement-v1|process|trip5|V27PRr2|2026-07-16|EQ-PH-CACL2-1G-v1.0.0	68f4557ad25a2483d40e668ba40e186fa5f36e23626cc08fd180cc88fb22a864	V27PRr2	Trip 5	127
https://rubalkhali.science/kb/RAK_PH_QUALITY_661b243ae3b45c50cbdf6804940ee761694cf992950f38d8b6597ba7ed5d892d	quality	ph-measurement-v1|quality|trip5|V27PRr2|2026-07-16|EQ-PH-CACL2-1G-v1.0.0	661b243ae3b45c50cbdf6804940ee761694cf992950f38d8b6597ba7ed5d892d	V27PRr2	Trip 5	127
https://rubalkhali.science/kb/RAK_PH_VALUE_47da2c62156bbf8e6196059546bf6a8b72aea79a70fed9955551dd5e740b635a	value	ph-measurement-v1|value|trip5|V27PRr2|2026-07-16|EQ-PH-CACL2-1G-v1.0.0	47da2c62156bbf8e6196059546bf6a8b72aea79a70fed9955551dd5e740b635a	V27PRr2	Trip 5	127
https://rubalkhali.science/kb/RAK_PH_PROCESS_bc7b7723550a108fefa9c30bb889d7f5f2e349f23ed674e7efa648f33d4e9760	process	ph-measurement-v1|process|trip5|V27PRr3|2026-07-16|EQ-PH-CACL2-1G-v1.0.0	bc7b7723550a108fefa9c30bb889d7f5f2e349f23ed674e7efa648f33d4e9760	V27PRr3	Trip 5	128
https://rubalkhali.science/kb/RAK_PH_QUALITY_0608fdc1003d4e7a077ce6ef3a2bb852696b72cc8f88f454114663733c6ef368	quality	ph-measurement-v1|quality|trip5|V27PRr3|2026-07-16|EQ-PH-CACL2-1G-v1.0.0	0608fdc1003d4e7a077ce6ef3a2bb852696b72cc8f88f454114663733c6ef368	V27PRr3	Trip 5	128
https://rubalkhali.science/kb/RAK_PH_VALUE_b420caa2a3aff4c2b665493fdf76745cb625ebc8209f8f52626721f0539e89ca	value	ph-measurement-v1|value|trip5|V27PRr3|2026-07-16|EQ-PH-CACL2-1G-v1.0.0	b420caa2a3aff4c2b665493fdf76745cb625ebc8209f8f52626721f0539e89ca	V27PRr3	Trip 5	128
https://rubalkhali.science/kb/RAK_PH_PROCESS_a2a81d99b27e76b649c6c4cd975b506347eca58a8b48a2554800a57af1da21f5	process	ph-measurement-v1|process|trip5|V28Dr1|2026-07-16|EQ-PH-CACL2-1G-v1.0.0	a2a81d99b27e76b649c6c4cd975b506347eca58a8b48a2554800a57af1da21f5	V28Dr1	Trip 5	129
https://rubalkhali.science/kb/RAK_PH_QUALITY_540ee6b2788e35182f84c8fc89810308797a2937e50d6803759ca7d35b6fa8be	quality	ph-measurement-v1|quality|trip5|V28Dr1|2026-07-16|EQ-PH-CACL2-1G-v1.0.0	540ee6b2788e35182f84c8fc89810308797a2937e50d6803759ca7d35b6fa8be	V28Dr1	Trip 5	129
https://rubalkhali.science/kb/RAK_PH_VALUE_2dda55634edaa1e9ce3a829ce01ad7f94e7723e8ec8d416457e2e6ec1d6e7ddf	value	ph-measurement-v1|value|trip5|V28Dr1|2026-07-16|EQ-PH-CACL2-1G-v1.0.0	2dda55634edaa1e9ce3a829ce01ad7f94e7723e8ec8d416457e2e6ec1d6e7ddf	V28Dr1	Trip 5	129
https://rubalkhali.science/kb/RAK_PH_PROCESS_1bb43ad1e6503a08895bf2ec6d0454314bb4c0d12b8652597869b7f72bc0d269	process	ph-measurement-v1|process|trip5|V28Dr3|2026-07-16|EQ-PH-CACL2-1G-v1.0.0	1bb43ad1e6503a08895bf2ec6d0454314bb4c0d12b8652597869b7f72bc0d269	V28Dr3	Trip 5	130
https://rubalkhali.science/kb/RAK_PH_QUALITY_1a3c29e6edcc60f78c503713007d16d716da1008053075498116525b12db3c1f	quality	ph-measurement-v1|quality|trip5|V28Dr3|2026-07-16|EQ-PH-CACL2-1G-v1.0.0	1a3c29e6edcc60f78c503713007d16d716da1008053075498116525b12db3c1f	V28Dr3	Trip 5	130
https://rubalkhali.science/kb/RAK_PH_VALUE_b9fbf567057fc26e2598cb9b67b42f039a228501b7c0b91260974b38908ab267	value	ph-measurement-v1|value|trip5|V28Dr3|2026-07-16|EQ-PH-CACL2-1G-v1.0.0	b9fbf567057fc26e2598cb9b67b42f039a228501b7c0b91260974b38908ab267	V28Dr3	Trip 5	130
https://rubalkhali.science/kb/RAK_PH_PROCESS_fd1d0377a51c94e156b9f3ca994576285af591123230faf851778aeff9f2f167	process	ph-measurement-v1|process|trip5|V28PRr1|2026-07-16|EQ-PH-CACL2-1G-v1.0.0	fd1d0377a51c94e156b9f3ca994576285af591123230faf851778aeff9f2f167	V28PRr1	Trip 5	131
https://rubalkhali.science/kb/RAK_PH_QUALITY_0546e5d21da8e1f83f465524a5a5c4dd3267f1e347307eb515fdbb5290d2fa6c	quality	ph-measurement-v1|quality|trip5|V28PRr1|2026-07-16|EQ-PH-CACL2-1G-v1.0.0	0546e5d21da8e1f83f465524a5a5c4dd3267f1e347307eb515fdbb5290d2fa6c	V28PRr1	Trip 5	131
https://rubalkhali.science/kb/RAK_PH_VALUE_20a9b38e43864f42423f8d7fc32a6109984d6bc9f6434ae9e650f8ed4f4943cf	value	ph-measurement-v1|value|trip5|V28PRr1|2026-07-16|EQ-PH-CACL2-1G-v1.0.0	20a9b38e43864f42423f8d7fc32a6109984d6bc9f6434ae9e650f8ed4f4943cf	V28PRr1	Trip 5	131
https://rubalkhali.science/kb/RAK_PH_PROCESS_af18574c6960bab1d4d148dda2817cf3eaa79dba338c2fd3b26c1b71995856ac	process	ph-measurement-v1|process|trip5|V28PRr2|2026-07-16|EQ-PH-CACL2-1G-v1.0.0	af18574c6960bab1d4d148dda2817cf3eaa79dba338c2fd3b26c1b71995856ac	V28PRr2	Trip 5	132
https://rubalkhali.science/kb/RAK_PH_QUALITY_2a96b3ad002dc950ca2c26fc50b55a29da4ff73db6f7c54ac4ec28d4a0f0aacf	quality	ph-measurement-v1|quality|trip5|V28PRr2|2026-07-16|EQ-PH-CACL2-1G-v1.0.0	2a96b3ad002dc950ca2c26fc50b55a29da4ff73db6f7c54ac4ec28d4a0f0aacf	V28PRr2	Trip 5	132
https://rubalkhali.science/kb/RAK_PH_VALUE_a6540c114a0048724f23f9974493a2ed0ee92817a6dbccf8f31c560cd1a50434	value	ph-measurement-v1|value|trip5|V28PRr2|2026-07-16|EQ-PH-CACL2-1G-v1.0.0	a6540c114a0048724f23f9974493a2ed0ee92817a6dbccf8f31c560cd1a50434	V28PRr2	Trip 5	132
https://rubalkhali.science/kb/RAK_PH_PROCESS_44ef41b8154ca63c150ef5c4592da81253a48cefa12bc0757bbf2874857e047c	process	ph-measurement-v1|process|trip5|V28PRr3|2026-07-16|EQ-PH-CACL2-1G-v1.0.0	44ef41b8154ca63c150ef5c4592da81253a48cefa12bc0757bbf2874857e047c	V28PRr3	Trip 5	133
https://rubalkhali.science/kb/RAK_PH_QUALITY_fc503ddfd6ee0b41e2addc008a8b873783054b850ed6111c8a2f15f20686faa6	quality	ph-measurement-v1|quality|trip5|V28PRr3|2026-07-16|EQ-PH-CACL2-1G-v1.0.0	fc503ddfd6ee0b41e2addc008a8b873783054b850ed6111c8a2f15f20686faa6	V28PRr3	Trip 5	133
https://rubalkhali.science/kb/RAK_PH_VALUE_02067f4ff1147f359b4d0fb4e9fb0d1c130564b06412c384a3bfc1e0caf761b1	value	ph-measurement-v1|value|trip5|V28PRr3|2026-07-16|EQ-PH-CACL2-1G-v1.0.0	02067f4ff1147f359b4d0fb4e9fb0d1c130564b06412c384a3bfc1e0caf761b1	V28PRr3	Trip 5	133
https://rubalkhali.science/kb/RAK_PH_PROCESS_f948c90bda573378a6572cbde7c5c383defec8bf3c60aeaba8e76cf370be6b5d	process	ph-measurement-v1|process|trip5|V29PRr2|2026-07-16|EQ-PH-CACL2-1G-v1.0.0	f948c90bda573378a6572cbde7c5c383defec8bf3c60aeaba8e76cf370be6b5d	V29PRr2	Trip 5	134
https://rubalkhali.science/kb/RAK_PH_QUALITY_71dbe48c6d8f8902c25eb14c8d5f13bd4e0830ba0dd872c7aa4df94d95c06d17	quality	ph-measurement-v1|quality|trip5|V29PRr2|2026-07-16|EQ-PH-CACL2-1G-v1.0.0	71dbe48c6d8f8902c25eb14c8d5f13bd4e0830ba0dd872c7aa4df94d95c06d17	V29PRr2	Trip 5	134
https://rubalkhali.science/kb/RAK_PH_VALUE_8c47c19bf9c1cf80fb90172bbb2f0cef39a648887f8570879465f5f6ec077b62	value	ph-measurement-v1|value|trip5|V29PRr2|2026-07-16|EQ-PH-CACL2-1G-v1.0.0	8c47c19bf9c1cf80fb90172bbb2f0cef39a648887f8570879465f5f6ec077b62	V29PRr2	Trip 5	134
https://rubalkhali.science/kb/RAK_PH_PROCESS_f3ec616a52f4858780af630f55c063cea1c747fe578976c39564c96d5aa5b3ed	process	ph-measurement-v1|process|trip5|V29PRr3|2026-07-16|EQ-PH-CACL2-1G-v1.0.0	f3ec616a52f4858780af630f55c063cea1c747fe578976c39564c96d5aa5b3ed	V29PRr3	Trip 5	135
https://rubalkhali.science/kb/RAK_PH_QUALITY_079bf0aa3702d6d319cdc63b2ac736fbd4b74ede2e0dc34e8ff72c9922081bd3	quality	ph-measurement-v1|quality|trip5|V29PRr3|2026-07-16|EQ-PH-CACL2-1G-v1.0.0	079bf0aa3702d6d319cdc63b2ac736fbd4b74ede2e0dc34e8ff72c9922081bd3	V29PRr3	Trip 5	135
https://rubalkhali.science/kb/RAK_PH_VALUE_df59384dd0bbc967ec1fb42b1d9a6ca07b5b84283da5bce656aaa74e5b3c74f8	value	ph-measurement-v1|value|trip5|V29PRr3|2026-07-16|EQ-PH-CACL2-1G-v1.0.0	df59384dd0bbc967ec1fb42b1d9a6ca07b5b84283da5bce656aaa74e5b3c74f8	V29PRr3	Trip 5	135
https://rubalkhali.science/kb/RAK_PH_PROCESS_14dfdbfa18a745085389e238838097c2abc7b502d48fe893086c1a5f75ee7209	process	ph-measurement-v1|process|trip5|V30Sr2|2026-07-16|EQ-PH-CACL2-1G-v1.0.0	14dfdbfa18a745085389e238838097c2abc7b502d48fe893086c1a5f75ee7209	V30Sr2	Trip 5	136
https://rubalkhali.science/kb/RAK_PH_QUALITY_6eac0a6393e7befae5c29f047c83112c79aa2f561efd81f80ae809a7d6f0f30a	quality	ph-measurement-v1|quality|trip5|V30Sr2|2026-07-16|EQ-PH-CACL2-1G-v1.0.0	6eac0a6393e7befae5c29f047c83112c79aa2f561efd81f80ae809a7d6f0f30a	V30Sr2	Trip 5	136
https://rubalkhali.science/kb/RAK_PH_VALUE_a9bab9268e055bcae6879ede89a435200d2f647692f3180d1c6847e2c87797c3	value	ph-measurement-v1|value|trip5|V30Sr2|2026-07-16|EQ-PH-CACL2-1G-v1.0.0	a9bab9268e055bcae6879ede89a435200d2f647692f3180d1c6847e2c87797c3	V30Sr2	Trip 5	136
https://rubalkhali.science/kb/RAK_PH_PROCESS_64314ebd6574e1b1a793ceb73dcdda899211f4259c71b6f2a35ca1feb0aba697	process	ph-measurement-v1|process|trip5|V30PRr1|2026-07-16|EQ-PH-CACL2-1G-v1.0.0	64314ebd6574e1b1a793ceb73dcdda899211f4259c71b6f2a35ca1feb0aba697	V30PRr1	Trip 5	137
https://rubalkhali.science/kb/RAK_PH_QUALITY_bb815ba01581d92c4cee4d32181a7e3e544d0c62db28b92e967d408a11845bc6	quality	ph-measurement-v1|quality|trip5|V30PRr1|2026-07-16|EQ-PH-CACL2-1G-v1.0.0	bb815ba01581d92c4cee4d32181a7e3e544d0c62db28b92e967d408a11845bc6	V30PRr1	Trip 5	137
https://rubalkhali.science/kb/RAK_PH_VALUE_6311fecb5194736683b928ee1118c1ea348d2b4965042588df184bfd3424ffd2	value	ph-measurement-v1|value|trip5|V30PRr1|2026-07-16|EQ-PH-CACL2-1G-v1.0.0	6311fecb5194736683b928ee1118c1ea348d2b4965042588df184bfd3424ffd2	V30PRr1	Trip 5	137
https://rubalkhali.science/kb/RAK_PH_PROCESS_f8ed284719b16061d4d92ad857f76d2a05c1026143c7fc4a473bc0cc5a1f5608	process	ph-measurement-v1|process|trip5|V30PRr2|2026-07-16|EQ-PH-CACL2-1G-v1.0.0	f8ed284719b16061d4d92ad857f76d2a05c1026143c7fc4a473bc0cc5a1f5608	V30PRr2	Trip 5	138
https://rubalkhali.science/kb/RAK_PH_QUALITY_b3af4368a57c774e556f1d540da25a36819a8a92d5306bcef4c45f68e02b19be	quality	ph-measurement-v1|quality|trip5|V30PRr2|2026-07-16|EQ-PH-CACL2-1G-v1.0.0	b3af4368a57c774e556f1d540da25a36819a8a92d5306bcef4c45f68e02b19be	V30PRr2	Trip 5	138
https://rubalkhali.science/kb/RAK_PH_VALUE_5f6e7d0cf507a2cb1d611ad091e2a7893c34499eeb1262b3422d3c0ed1925d88	value	ph-measurement-v1|value|trip5|V30PRr2|2026-07-16|EQ-PH-CACL2-1G-v1.0.0	5f6e7d0cf507a2cb1d611ad091e2a7893c34499eeb1262b3422d3c0ed1925d88	V30PRr2	Trip 5	138
https://rubalkhali.science/kb/RAK_PH_PROCESS_ceaef48096aa6d8eb0f7544abe39574e989fafe74eb55af37bb2dd5b641d9037	process	ph-measurement-v1|process|trip5|V30PRr3|2026-07-16|EQ-PH-CACL2-1G-v1.0.0	ceaef48096aa6d8eb0f7544abe39574e989fafe74eb55af37bb2dd5b641d9037	V30PRr3	Trip 5	139
https://rubalkhali.science/kb/RAK_PH_QUALITY_c2c16441b43f96bb118454c807ad4c4527933b32c36f01a3d1cc31b1d892b3da	quality	ph-measurement-v1|quality|trip5|V30PRr3|2026-07-16|EQ-PH-CACL2-1G-v1.0.0	c2c16441b43f96bb118454c807ad4c4527933b32c36f01a3d1cc31b1d892b3da	V30PRr3	Trip 5	139
https://rubalkhali.science/kb/RAK_PH_VALUE_58d177ffe79d69ff108272e1a302463ee00b864069906ea507b53fd7d665879f	value	ph-measurement-v1|value|trip5|V30PRr3|2026-07-16|EQ-PH-CACL2-1G-v1.0.0	58d177ffe79d69ff108272e1a302463ee00b864069906ea507b53fd7d665879f	V30PRr3	Trip 5	139
https://rubalkhali.science/kb/RAK_PH_SESSION_8f7a64d48e68b9ba59cf80a3699f4f79714ef9160a71b346b8288ab67569ce0b	session	ph-measurement-v1|session|5|2026-07-19|98|10.06	8f7a64d48e68b9ba59cf80a3699f4f79714ef9160a71b346b8288ab67569ce0b		Trip 5	140
https://rubalkhali.science/kb/RAK_PH_PROCESS_c6bcc60edb25affd293dd8a4fd0611007081c327b6569ab9dd686af31dedd7c7	process	ph-measurement-v1|process|trip5|V31Dr1|2026-07-19|EQ-PH-CACL2-1G-v1.0.0	c6bcc60edb25affd293dd8a4fd0611007081c327b6569ab9dd686af31dedd7c7	V31Dr1	Trip 5	140
https://rubalkhali.science/kb/RAK_PH_QUALITY_09f23a6b081750125429cebb94f9aa96446eb8c1002d8adbd915b79526f5d7dd	quality	ph-measurement-v1|quality|trip5|V31Dr1|2026-07-19|EQ-PH-CACL2-1G-v1.0.0	09f23a6b081750125429cebb94f9aa96446eb8c1002d8adbd915b79526f5d7dd	V31Dr1	Trip 5	140
https://rubalkhali.science/kb/RAK_PH_VALUE_161977cacd58a1f2e78a932cac83861734df9f02414131648f41c2109d4c9755	value	ph-measurement-v1|value|trip5|V31Dr1|2026-07-19|EQ-PH-CACL2-1G-v1.0.0	161977cacd58a1f2e78a932cac83861734df9f02414131648f41c2109d4c9755	V31Dr1	Trip 5	140
https://rubalkhali.science/kb/RAK_PH_PROCESS_62c41c49b86aec7ee86be378f3198bb5487defff4e8f43e2624b4bb63ddd3db5	process	ph-measurement-v1|process|trip5|V31Dr3|2026-07-19|EQ-PH-CACL2-1G-v1.0.0	62c41c49b86aec7ee86be378f3198bb5487defff4e8f43e2624b4bb63ddd3db5	V31Dr3	Trip 5	141
https://rubalkhali.science/kb/RAK_PH_QUALITY_09625eec7a43efcf89a2b700e9c73c57119343c48c7f7da5741fc7d6202a113f	quality	ph-measurement-v1|quality|trip5|V31Dr3|2026-07-19|EQ-PH-CACL2-1G-v1.0.0	09625eec7a43efcf89a2b700e9c73c57119343c48c7f7da5741fc7d6202a113f	V31Dr3	Trip 5	141
https://rubalkhali.science/kb/RAK_PH_VALUE_85c42242a8ffa43d69f7e3f366c6ed27fcb1b7d83d25d12e8884a615702a7130	value	ph-measurement-v1|value|trip5|V31Dr3|2026-07-19|EQ-PH-CACL2-1G-v1.0.0	85c42242a8ffa43d69f7e3f366c6ed27fcb1b7d83d25d12e8884a615702a7130	V31Dr3	Trip 5	141
https://rubalkhali.science/kb/RAK_PH_PROCESS_50299dc4854ecfe76be979f8a82ec5d37f935c48da144cf78f249b48f43f33c1	process	ph-measurement-v1|process|trip5|V32PRr1|2026-07-19|EQ-PH-CACL2-1G-v1.0.0	50299dc4854ecfe76be979f8a82ec5d37f935c48da144cf78f249b48f43f33c1	V32PRr1	Trip 5	142
https://rubalkhali.science/kb/RAK_PH_QUALITY_dac0f5f7cca304cadc9fe86d6a1b15960c0a59d536d07c01e96163d428c0cd14	quality	ph-measurement-v1|quality|trip5|V32PRr1|2026-07-19|EQ-PH-CACL2-1G-v1.0.0	dac0f5f7cca304cadc9fe86d6a1b15960c0a59d536d07c01e96163d428c0cd14	V32PRr1	Trip 5	142
https://rubalkhali.science/kb/RAK_PH_VALUE_bc0381d98abdf75ecc8a8ad44bac4633d04e4e848af4ee6604cb6a24b305d1b6	value	ph-measurement-v1|value|trip5|V32PRr1|2026-07-19|EQ-PH-CACL2-1G-v1.0.0	bc0381d98abdf75ecc8a8ad44bac4633d04e4e848af4ee6604cb6a24b305d1b6	V32PRr1	Trip 5	142
https://rubalkhali.science/kb/RAK_PH_PROCESS_cb1ca3c78c6f0b23dcdebba53376363fd7562915839ec5a935d1b51c56140b13	process	ph-measurement-v1|process|trip5|V32PRr2|2026-07-19|EQ-PH-CACL2-1G-v1.0.0	cb1ca3c78c6f0b23dcdebba53376363fd7562915839ec5a935d1b51c56140b13	V32PRr2	Trip 5	143
https://rubalkhali.science/kb/RAK_PH_QUALITY_8490e23f1a0cdb3d14da5c7da42be0f165df4fa76648e89d727af31ac04ae25f	quality	ph-measurement-v1|quality|trip5|V32PRr2|2026-07-19|EQ-PH-CACL2-1G-v1.0.0	8490e23f1a0cdb3d14da5c7da42be0f165df4fa76648e89d727af31ac04ae25f	V32PRr2	Trip 5	143
https://rubalkhali.science/kb/RAK_PH_VALUE_1d9a890c851b99d6e5e4f22819912975c5d998a416cf7cdca9063634abe691fd	value	ph-measurement-v1|value|trip5|V32PRr2|2026-07-19|EQ-PH-CACL2-1G-v1.0.0	1d9a890c851b99d6e5e4f22819912975c5d998a416cf7cdca9063634abe691fd	V32PRr2	Trip 5	143
https://rubalkhali.science/kb/RAK_PH_PROCESS_63422a89fb197dc8b969e919d038ee413dbaa009dfeee6972fd9918f1826ad16	process	ph-measurement-v1|process|trip5|V32PRr3|2026-07-19|EQ-PH-CACL2-1G-v1.0.0	63422a89fb197dc8b969e919d038ee413dbaa009dfeee6972fd9918f1826ad16	V32PRr3	Trip 5	144
https://rubalkhali.science/kb/RAK_PH_QUALITY_d91de629f31f74797c67f1f17357189958587111b3a07a6f1d7a768624257c0d	quality	ph-measurement-v1|quality|trip5|V32PRr3|2026-07-19|EQ-PH-CACL2-1G-v1.0.0	d91de629f31f74797c67f1f17357189958587111b3a07a6f1d7a768624257c0d	V32PRr3	Trip 5	144
https://rubalkhali.science/kb/RAK_PH_VALUE_c42e07ba043ffcab73ffb7d7097ca41512480b82da3ffe33e99143d0c99ab17d	value	ph-measurement-v1|value|trip5|V32PRr3|2026-07-19|EQ-PH-CACL2-1G-v1.0.0	c42e07ba043ffcab73ffb7d7097ca41512480b82da3ffe33e99143d0c99ab17d	V32PRr3	Trip 5	144
https://rubalkhali.science/kb/RAK_PH_PROCESS_f9574f549c0823fe9adaec3be2902973768ab02b6702ac7d25fb4e1c2f186433	process	ph-measurement-v1|process|trip5|V33PRr1|2026-07-19|EQ-PH-CACL2-1G-v1.0.0	f9574f549c0823fe9adaec3be2902973768ab02b6702ac7d25fb4e1c2f186433	V33PRr1	Trip 5	145
https://rubalkhali.science/kb/RAK_PH_QUALITY_9b7ec7dd6bc65880fed146c722c4384013bebb1eff0ada3b7fd3d7aced0c36d0	quality	ph-measurement-v1|quality|trip5|V33PRr1|2026-07-19|EQ-PH-CACL2-1G-v1.0.0	9b7ec7dd6bc65880fed146c722c4384013bebb1eff0ada3b7fd3d7aced0c36d0	V33PRr1	Trip 5	145
https://rubalkhali.science/kb/RAK_PH_VALUE_0bdf40d42a8121cc81c1e03881c48ebaef49f5259666bd5a31892c8bc8c445c5	value	ph-measurement-v1|value|trip5|V33PRr1|2026-07-19|EQ-PH-CACL2-1G-v1.0.0	0bdf40d42a8121cc81c1e03881c48ebaef49f5259666bd5a31892c8bc8c445c5	V33PRr1	Trip 5	145
https://rubalkhali.science/kb/RAK_PH_PROCESS_5ad9000cc793bd6fabb78fadc088d2feb5e893569352379c5a05bc0c3003bce3	process	ph-measurement-v1|process|trip5|V33PRr2|2026-07-19|EQ-PH-CACL2-1G-v1.0.0	5ad9000cc793bd6fabb78fadc088d2feb5e893569352379c5a05bc0c3003bce3	V33PRr2	Trip 5	146
https://rubalkhali.science/kb/RAK_PH_QUALITY_315f3413a71fbf6639122b75387cb77e64e7ffd2a6b784ee066ca257c4e3caee	quality	ph-measurement-v1|quality|trip5|V33PRr2|2026-07-19|EQ-PH-CACL2-1G-v1.0.0	315f3413a71fbf6639122b75387cb77e64e7ffd2a6b784ee066ca257c4e3caee	V33PRr2	Trip 5	146
https://rubalkhali.science/kb/RAK_PH_VALUE_0042d876863dab18e3ea177ccc5c3dd654ce0898baca25aa538e12d5bcf47337	value	ph-measurement-v1|value|trip5|V33PRr2|2026-07-19|EQ-PH-CACL2-1G-v1.0.0	0042d876863dab18e3ea177ccc5c3dd654ce0898baca25aa538e12d5bcf47337	V33PRr2	Trip 5	146
https://rubalkhali.science/kb/RAK_PH_PROCESS_36c52a070d8d6dae87e8a8cf790b3ffb79c149f24ed22b013430f5a48e4423b2	process	ph-measurement-v1|process|trip5|V33PRr3|2026-07-19|EQ-PH-CACL2-1G-v1.0.0	36c52a070d8d6dae87e8a8cf790b3ffb79c149f24ed22b013430f5a48e4423b2	V33PRr3	Trip 5	147
https://rubalkhali.science/kb/RAK_PH_QUALITY_3d546e27ccec8e631b88a40a867b4681ca8d0536c2a995340e0986174d9989a1	quality	ph-measurement-v1|quality|trip5|V33PRr3|2026-07-19|EQ-PH-CACL2-1G-v1.0.0	3d546e27ccec8e631b88a40a867b4681ca8d0536c2a995340e0986174d9989a1	V33PRr3	Trip 5	147
https://rubalkhali.science/kb/RAK_PH_VALUE_ceae69f78b3e6d5382fbeafa9a2331e31d78c707fc6588c496669356445d07ed	value	ph-measurement-v1|value|trip5|V33PRr3|2026-07-19|EQ-PH-CACL2-1G-v1.0.0	ceae69f78b3e6d5382fbeafa9a2331e31d78c707fc6588c496669356445d07ed	V33PRr3	Trip 5	147
https://rubalkhali.science/kb/RAK_PH_PROCESS_c39bed85b397b89a6dbb612d55d3342ce051fac744b2e8f17486b5c3461acb26	process	ph-measurement-v1|process|trip5|V34Dr2|2026-07-19|EQ-PH-CACL2-1G-v1.0.0	c39bed85b397b89a6dbb612d55d3342ce051fac744b2e8f17486b5c3461acb26	V34Dr2	Trip 5	148
https://rubalkhali.science/kb/RAK_PH_QUALITY_49ca729e8c2bc343c244068389f757f76cca458b128193ab6813c8f6aefed40f	quality	ph-measurement-v1|quality|trip5|V34Dr2|2026-07-19|EQ-PH-CACL2-1G-v1.0.0	49ca729e8c2bc343c244068389f757f76cca458b128193ab6813c8f6aefed40f	V34Dr2	Trip 5	148
https://rubalkhali.science/kb/RAK_PH_VALUE_79c7c14efc76418101b33c1e6e403a9531aaef25c401e983f6f3c8906418078b	value	ph-measurement-v1|value|trip5|V34Dr2|2026-07-19|EQ-PH-CACL2-1G-v1.0.0	79c7c14efc76418101b33c1e6e403a9531aaef25c401e983f6f3c8906418078b	V34Dr2	Trip 5	148
https://rubalkhali.science/kb/RAK_PH_PROCESS_513c3fa9e84f1efca8de043c56df820b5ecb002096ad9c0fafedd8e74861f3fc	process	ph-measurement-v1|process|trip5|V34PRr1|2026-07-19|EQ-PH-CACL2-1G-v1.0.0	513c3fa9e84f1efca8de043c56df820b5ecb002096ad9c0fafedd8e74861f3fc	V34PRr1	Trip 5	149
https://rubalkhali.science/kb/RAK_PH_QUALITY_278af9c061dfbbf941290a4aa62d8dbe302dd149fecec5800a873275faa7e5df	quality	ph-measurement-v1|quality|trip5|V34PRr1|2026-07-19|EQ-PH-CACL2-1G-v1.0.0	278af9c061dfbbf941290a4aa62d8dbe302dd149fecec5800a873275faa7e5df	V34PRr1	Trip 5	149
https://rubalkhali.science/kb/RAK_PH_VALUE_9398533afe580d6d24c6bc972f4ea7aea6f648949595b300943d54c3957651ae	value	ph-measurement-v1|value|trip5|V34PRr1|2026-07-19|EQ-PH-CACL2-1G-v1.0.0	9398533afe580d6d24c6bc972f4ea7aea6f648949595b300943d54c3957651ae	V34PRr1	Trip 5	149
https://rubalkhali.science/kb/RAK_PH_PROCESS_ade85addde94e498a13fb66ab8c131607f2757e58281122df1778a16c00f97cb	process	ph-measurement-v1|process|trip5|V34PRr2|2026-07-19|EQ-PH-CACL2-1G-v1.0.0	ade85addde94e498a13fb66ab8c131607f2757e58281122df1778a16c00f97cb	V34PRr2	Trip 5	150
https://rubalkhali.science/kb/RAK_PH_QUALITY_7ade1a20ee791076460f1a56ee3d8351540d7cc5f83a15ae4b51fb6a06efed19	quality	ph-measurement-v1|quality|trip5|V34PRr2|2026-07-19|EQ-PH-CACL2-1G-v1.0.0	7ade1a20ee791076460f1a56ee3d8351540d7cc5f83a15ae4b51fb6a06efed19	V34PRr2	Trip 5	150
https://rubalkhali.science/kb/RAK_PH_VALUE_f4b1b39ba4a5d66db486df8cab3f6cb2f3f81ba7d74f93cddd247ac064acec49	value	ph-measurement-v1|value|trip5|V34PRr2|2026-07-19|EQ-PH-CACL2-1G-v1.0.0	f4b1b39ba4a5d66db486df8cab3f6cb2f3f81ba7d74f93cddd247ac064acec49	V34PRr2	Trip 5	150
https://rubalkhali.science/kb/RAK_PH_PROCESS_83991ff91c1edb414daa284e8d0100ab6fa6e2a353d18671faf3cf9968f1f68b	process	ph-measurement-v1|process|trip5|V34PRr3|2026-07-19|EQ-PH-CACL2-1G-v1.0.0	83991ff91c1edb414daa284e8d0100ab6fa6e2a353d18671faf3cf9968f1f68b	V34PRr3	Trip 5	151
https://rubalkhali.science/kb/RAK_PH_QUALITY_b39f6fa2f7bfbf7f3f2eb4f4d0926516e088031b49a40ba4b748e3e81c2b63da	quality	ph-measurement-v1|quality|trip5|V34PRr3|2026-07-19|EQ-PH-CACL2-1G-v1.0.0	b39f6fa2f7bfbf7f3f2eb4f4d0926516e088031b49a40ba4b748e3e81c2b63da	V34PRr3	Trip 5	151
https://rubalkhali.science/kb/RAK_PH_VALUE_17165e33e1f4421c3b223f55aa1b73e3133f8d513334f1ec71a9b044d4471fec	value	ph-measurement-v1|value|trip5|V34PRr3|2026-07-19|EQ-PH-CACL2-1G-v1.0.0	17165e33e1f4421c3b223f55aa1b73e3133f8d513334f1ec71a9b044d4471fec	V34PRr3	Trip 5	151
https://rubalkhali.science/kb/RAK_PH_PROCESS_c577e30e6c6819d25973b2334ed89c998af9a446a781eaf8d3d4ef5ec30518eb	process	ph-measurement-v1|process|trip5|V35Dr1|2026-07-19|EQ-PH-CACL2-1G-v1.0.0	c577e30e6c6819d25973b2334ed89c998af9a446a781eaf8d3d4ef5ec30518eb	V35Dr1	Trip 5	152
https://rubalkhali.science/kb/RAK_PH_QUALITY_5383ed251cd969fb0a66a497177ed2768c6e93dce4d2bf2e3cac88eb79596832	quality	ph-measurement-v1|quality|trip5|V35Dr1|2026-07-19|EQ-PH-CACL2-1G-v1.0.0	5383ed251cd969fb0a66a497177ed2768c6e93dce4d2bf2e3cac88eb79596832	V35Dr1	Trip 5	152
https://rubalkhali.science/kb/RAK_PH_VALUE_717aeac61dd44be61856bab0633fc1923647967c4d4b54c1d23b25b905fd5df1	value	ph-measurement-v1|value|trip5|V35Dr1|2026-07-19|EQ-PH-CACL2-1G-v1.0.0	717aeac61dd44be61856bab0633fc1923647967c4d4b54c1d23b25b905fd5df1	V35Dr1	Trip 5	152
https://rubalkhali.science/kb/RAK_PH_PROCESS_d657a8592a1937bf517c87a059b03b3464973bf6ff083fdb6b8f9b4936682541	process	ph-measurement-v1|process|trip5|V35PRr1|2026-07-19|EQ-PH-CACL2-1G-v1.0.0	d657a8592a1937bf517c87a059b03b3464973bf6ff083fdb6b8f9b4936682541	V35PRr1	Trip 5	153
https://rubalkhali.science/kb/RAK_PH_QUALITY_26a72307ff942b758e655e65c3e85eef02a1f0c4d3b2780d636c29433998f44b	quality	ph-measurement-v1|quality|trip5|V35PRr1|2026-07-19|EQ-PH-CACL2-1G-v1.0.0	26a72307ff942b758e655e65c3e85eef02a1f0c4d3b2780d636c29433998f44b	V35PRr1	Trip 5	153
https://rubalkhali.science/kb/RAK_PH_VALUE_a6ac606bb63022c4dcfa5508657ce7f1b3a0a493f8c5186b140c011b76afffed	value	ph-measurement-v1|value|trip5|V35PRr1|2026-07-19|EQ-PH-CACL2-1G-v1.0.0	a6ac606bb63022c4dcfa5508657ce7f1b3a0a493f8c5186b140c011b76afffed	V35PRr1	Trip 5	153
https://rubalkhali.science/kb/RAK_PH_PROCESS_da5f8a1969c7a461f2b7542d9c7631fc085d2f37ab939d98cbabf08f5db1b570	process	ph-measurement-v1|process|trip5|V35PRr2|2026-07-19|EQ-PH-CACL2-1G-v1.0.0	da5f8a1969c7a461f2b7542d9c7631fc085d2f37ab939d98cbabf08f5db1b570	V35PRr2	Trip 5	154
https://rubalkhali.science/kb/RAK_PH_QUALITY_c3e4dba07977a74ecc151108124d91a1f8559be41d8584aaed40b3be1f311794	quality	ph-measurement-v1|quality|trip5|V35PRr2|2026-07-19|EQ-PH-CACL2-1G-v1.0.0	c3e4dba07977a74ecc151108124d91a1f8559be41d8584aaed40b3be1f311794	V35PRr2	Trip 5	154
https://rubalkhali.science/kb/RAK_PH_VALUE_ccf9c47b8b622a6f78bd114a5b87683c4f7dab77aec752ab8fcbf138d1d0ffd0	value	ph-measurement-v1|value|trip5|V35PRr2|2026-07-19|EQ-PH-CACL2-1G-v1.0.0	ccf9c47b8b622a6f78bd114a5b87683c4f7dab77aec752ab8fcbf138d1d0ffd0	V35PRr2	Trip 5	154
https://rubalkhali.science/kb/RAK_PH_PROCESS_0fa5dccd4857745c9ea28f8e438291c0345c78926ebe1228b0ee60d090ae2b2c	process	ph-measurement-v1|process|trip5|V35PRr3|2026-07-19|EQ-PH-CACL2-1G-v1.0.0	0fa5dccd4857745c9ea28f8e438291c0345c78926ebe1228b0ee60d090ae2b2c	V35PRr3	Trip 5	155
https://rubalkhali.science/kb/RAK_PH_QUALITY_179e61b1da5447f4f2e03314cb943fbefb1c9b0972da00ce30054b9eb87c6717	quality	ph-measurement-v1|quality|trip5|V35PRr3|2026-07-19|EQ-PH-CACL2-1G-v1.0.0	179e61b1da5447f4f2e03314cb943fbefb1c9b0972da00ce30054b9eb87c6717	V35PRr3	Trip 5	155
https://rubalkhali.science/kb/RAK_PH_VALUE_beaaf4368fdfa22b16a8d1c65e4d7c352e0fdbcd6f07acaac5f1eb38e50d5754	value	ph-measurement-v1|value|trip5|V35PRr3|2026-07-19|EQ-PH-CACL2-1G-v1.0.0	beaaf4368fdfa22b16a8d1c65e4d7c352e0fdbcd6f07acaac5f1eb38e50d5754	V35PRr3	Trip 5	155
https://rubalkhali.science/kb/RAK_PH_PROCESS_3b67bf07e2f8a7edb1572e95fb32465ed98f58d1da7dc76b3d4d3760fd975e05	process	ph-measurement-v1|process|trip5|V37Dr1|2026-07-19|EQ-PH-CACL2-1G-v1.0.0	3b67bf07e2f8a7edb1572e95fb32465ed98f58d1da7dc76b3d4d3760fd975e05	V37Dr1	Trip 5	156
https://rubalkhali.science/kb/RAK_PH_QUALITY_10a38de14a16642a396f278fa3046524067e5222e9c8c78bc32e4a5522c5c5e4	quality	ph-measurement-v1|quality|trip5|V37Dr1|2026-07-19|EQ-PH-CACL2-1G-v1.0.0	10a38de14a16642a396f278fa3046524067e5222e9c8c78bc32e4a5522c5c5e4	V37Dr1	Trip 5	156
https://rubalkhali.science/kb/RAK_PH_VALUE_791cb0f24e8c7ab9b2ab3d40e1c4c1182a61fa9b0b7aab5bafe5861118a92331	value	ph-measurement-v1|value|trip5|V37Dr1|2026-07-19|EQ-PH-CACL2-1G-v1.0.0	791cb0f24e8c7ab9b2ab3d40e1c4c1182a61fa9b0b7aab5bafe5861118a92331	V37Dr1	Trip 5	156
https://rubalkhali.science/kb/RAK_PH_PROCESS_882482e6eb29ec551c8445291b0a9b67371e4d5688cbf76542c3235bbbfdcea1	process	ph-measurement-v1|process|trip5|V37PRr2|2026-07-19|EQ-PH-CACL2-1G-v1.0.0	882482e6eb29ec551c8445291b0a9b67371e4d5688cbf76542c3235bbbfdcea1	V37PRr2	Trip 5	157
https://rubalkhali.science/kb/RAK_PH_QUALITY_41511aae39e3424c03a6fed9b1bcf6ca88b85a918e286d5b160fd0b6daea885c	quality	ph-measurement-v1|quality|trip5|V37PRr2|2026-07-19|EQ-PH-CACL2-1G-v1.0.0	41511aae39e3424c03a6fed9b1bcf6ca88b85a918e286d5b160fd0b6daea885c	V37PRr2	Trip 5	157
https://rubalkhali.science/kb/RAK_PH_VALUE_4741970c26391ae2b13ee61a3bdc7338e2e040933a867056223b7562b7ee8eb9	value	ph-measurement-v1|value|trip5|V37PRr2|2026-07-19|EQ-PH-CACL2-1G-v1.0.0	4741970c26391ae2b13ee61a3bdc7338e2e040933a867056223b7562b7ee8eb9	V37PRr2	Trip 5	157
https://rubalkhali.science/kb/RAK_PH_PROCESS_6bf19ef155c9759b64190742e30fab37a65b5f9eb7b38606581f2dbff39351d9	process	ph-measurement-v1|process|trip5|V37PRr3|2026-07-19|EQ-PH-CACL2-1G-v1.0.0	6bf19ef155c9759b64190742e30fab37a65b5f9eb7b38606581f2dbff39351d9	V37PRr3	Trip 5	158
https://rubalkhali.science/kb/RAK_PH_QUALITY_f9108af28ca251cc1f0bf6e267597220df65c65ca36730a90863dcb794ce5e02	quality	ph-measurement-v1|quality|trip5|V37PRr3|2026-07-19|EQ-PH-CACL2-1G-v1.0.0	f9108af28ca251cc1f0bf6e267597220df65c65ca36730a90863dcb794ce5e02	V37PRr3	Trip 5	158
https://rubalkhali.science/kb/RAK_PH_VALUE_3abacb4a6d08d60af42f732d6eca999521437ee2ae855de8abe1f16fc86a1426	value	ph-measurement-v1|value|trip5|V37PRr3|2026-07-19|EQ-PH-CACL2-1G-v1.0.0	3abacb4a6d08d60af42f732d6eca999521437ee2ae855de8abe1f16fc86a1426	V37PRr3	Trip 5	158
https://rubalkhali.science/kb/RAK_PH_PROCESS_ccacf318160128b9500740d669f68a724444273945819855b396eaf31128a8b5	process	ph-measurement-v1|process|trip5|V38Sr2|2026-07-19|EQ-PH-CACL2-1G-v1.0.0	ccacf318160128b9500740d669f68a724444273945819855b396eaf31128a8b5	V38Sr2	Trip 5	159
https://rubalkhali.science/kb/RAK_PH_QUALITY_785f37b4c3f6eb579bed4bdf15a73aca69e94c6e20cae45ac03ee851c902ce30	quality	ph-measurement-v1|quality|trip5|V38Sr2|2026-07-19|EQ-PH-CACL2-1G-v1.0.0	785f37b4c3f6eb579bed4bdf15a73aca69e94c6e20cae45ac03ee851c902ce30	V38Sr2	Trip 5	159
https://rubalkhali.science/kb/RAK_PH_VALUE_a1f82b94371f4af0afd1a7951be51b7bd742f5e1c1872c2ef6696b3d3200aff7	value	ph-measurement-v1|value|trip5|V38Sr2|2026-07-19|EQ-PH-CACL2-1G-v1.0.0	a1f82b94371f4af0afd1a7951be51b7bd742f5e1c1872c2ef6696b3d3200aff7	V38Sr2	Trip 5	159
https://rubalkhali.science/kb/RAK_PH_PROCESS_4786ad2d462698221ce72da9c2e6fe4b5bfa1993ff32f0955f3824aad39821f6	process	ph-measurement-v1|process|trip5|V38PRr3|2026-07-19|EQ-PH-CACL2-1G-v1.0.0	4786ad2d462698221ce72da9c2e6fe4b5bfa1993ff32f0955f3824aad39821f6	V38PRr3	Trip 5	160
https://rubalkhali.science/kb/RAK_PH_QUALITY_adbb7340f7d5ad1a4b79a7f6e98f41f8daddf2952bc02dd1736eab182edf7846	quality	ph-measurement-v1|quality|trip5|V38PRr3|2026-07-19|EQ-PH-CACL2-1G-v1.0.0	adbb7340f7d5ad1a4b79a7f6e98f41f8daddf2952bc02dd1736eab182edf7846	V38PRr3	Trip 5	160
https://rubalkhali.science/kb/RAK_PH_VALUE_419efef8671936500baa0715e82d689db5cbeac6e5a2eac52465167fb03b1e66	value	ph-measurement-v1|value|trip5|V38PRr3|2026-07-19|EQ-PH-CACL2-1G-v1.0.0	419efef8671936500baa0715e82d689db5cbeac6e5a2eac52465167fb03b1e66	V38PRr3	Trip 5	160
https://rubalkhali.science/kb/RAK_PH_PROCESS_fcc52dec4b610b8ea70d8fe9c2198598917a1c09e0826ae3476e2625ffb4eb38	process	ph-measurement-v1|process|trip5|V39Sr2|2026-07-19|EQ-PH-CACL2-1G-v1.0.0	fcc52dec4b610b8ea70d8fe9c2198598917a1c09e0826ae3476e2625ffb4eb38	V39Sr2	Trip 5	161
https://rubalkhali.science/kb/RAK_PH_QUALITY_0879bdcbc12aa767081ddffa9230d1aec47fd1830bf836353a3306c3b6814f9e	quality	ph-measurement-v1|quality|trip5|V39Sr2|2026-07-19|EQ-PH-CACL2-1G-v1.0.0	0879bdcbc12aa767081ddffa9230d1aec47fd1830bf836353a3306c3b6814f9e	V39Sr2	Trip 5	161
https://rubalkhali.science/kb/RAK_PH_VALUE_135ef2dd728275fceb70164971b126e68ff57b35963503835fe06bff2fa48981	value	ph-measurement-v1|value|trip5|V39Sr2|2026-07-19|EQ-PH-CACL2-1G-v1.0.0	135ef2dd728275fceb70164971b126e68ff57b35963503835fe06bff2fa48981	V39Sr2	Trip 5	161
https://rubalkhali.science/kb/RAK_PH_PROCESS_e4f4711c1fa5fc673b7fc5d7deeaec8c36ade0a88f91f96beab9a48625d96ce4	process	ph-measurement-v1|process|trip5|V39Dr1|2026-07-19|EQ-PH-CACL2-1G-v1.0.0	e4f4711c1fa5fc673b7fc5d7deeaec8c36ade0a88f91f96beab9a48625d96ce4	V39Dr1	Trip 5	162
https://rubalkhali.science/kb/RAK_PH_QUALITY_3cf344f17fc5562fca7305174a07be11d95f5a00e7fd7d4c134d5f712a3e817b	quality	ph-measurement-v1|quality|trip5|V39Dr1|2026-07-19|EQ-PH-CACL2-1G-v1.0.0	3cf344f17fc5562fca7305174a07be11d95f5a00e7fd7d4c134d5f712a3e817b	V39Dr1	Trip 5	162
https://rubalkhali.science/kb/RAK_PH_VALUE_62988908acc42db6fc5498708011027a8a8b9abb03e22fb8420a205a91cc7b96	value	ph-measurement-v1|value|trip5|V39Dr1|2026-07-19|EQ-PH-CACL2-1G-v1.0.0	62988908acc42db6fc5498708011027a8a8b9abb03e22fb8420a205a91cc7b96	V39Dr1	Trip 5	162
https://rubalkhali.science/kb/RAK_PH_PROCESS_bb551fadb5cf4e6b9d7b2d17b543764cafa7dd1e4a871fb535f863fe4a20939b	process	ph-measurement-v1|process|trip5|V39Dr3|2026-07-19|EQ-PH-CACL2-1G-v1.0.0	bb551fadb5cf4e6b9d7b2d17b543764cafa7dd1e4a871fb535f863fe4a20939b	V39Dr3	Trip 5	163
https://rubalkhali.science/kb/RAK_PH_QUALITY_0505c7e77fa97837fcd4f139ea27767c88f091654aea8b93fe0fa865a0acea16	quality	ph-measurement-v1|quality|trip5|V39Dr3|2026-07-19|EQ-PH-CACL2-1G-v1.0.0	0505c7e77fa97837fcd4f139ea27767c88f091654aea8b93fe0fa865a0acea16	V39Dr3	Trip 5	163
https://rubalkhali.science/kb/RAK_PH_VALUE_bcf60715a2bebf6f65b918954e647f42e47681a1477436de9da14b5aefc4ce4f	value	ph-measurement-v1|value|trip5|V39Dr3|2026-07-19|EQ-PH-CACL2-1G-v1.0.0	bcf60715a2bebf6f65b918954e647f42e47681a1477436de9da14b5aefc4ce4f	V39Dr3	Trip 5	163
https://rubalkhali.science/kb/RAK_PH_PROCESS_0b1f8320a056f4e6e18760ea3458798a270718e9c896a3cbe1fe8fffc15c0752	process	ph-measurement-v1|process|trip5|V39PRr1|2026-07-19|EQ-PH-CACL2-1G-v1.0.0	0b1f8320a056f4e6e18760ea3458798a270718e9c896a3cbe1fe8fffc15c0752	V39PRr1	Trip 5	164
https://rubalkhali.science/kb/RAK_PH_QUALITY_feac688d265a3a2ebf4162765bb2216c0debd1a44290c03121989cc061895fdb	quality	ph-measurement-v1|quality|trip5|V39PRr1|2026-07-19|EQ-PH-CACL2-1G-v1.0.0	feac688d265a3a2ebf4162765bb2216c0debd1a44290c03121989cc061895fdb	V39PRr1	Trip 5	164
https://rubalkhali.science/kb/RAK_PH_VALUE_f134f7e8543bba501f72581c807166c449e251f02eee0ea1dfe465c6561c1d6f	value	ph-measurement-v1|value|trip5|V39PRr1|2026-07-19|EQ-PH-CACL2-1G-v1.0.0	f134f7e8543bba501f72581c807166c449e251f02eee0ea1dfe465c6561c1d6f	V39PRr1	Trip 5	164
https://rubalkhali.science/kb/RAK_PH_PROCESS_c0ad73196b35da4eb43364ac988d426d024d1d20a847fa4735203c06d86e717e	process	ph-measurement-v1|process|trip5|V39PRr2|2026-07-19|EQ-PH-CACL2-1G-v1.0.0	c0ad73196b35da4eb43364ac988d426d024d1d20a847fa4735203c06d86e717e	V39PRr2	Trip 5	165
https://rubalkhali.science/kb/RAK_PH_QUALITY_b9ad0bba5d915e6a26202cb3e0839c168f412a268e913a5e6a6acec5923f6661	quality	ph-measurement-v1|quality|trip5|V39PRr2|2026-07-19|EQ-PH-CACL2-1G-v1.0.0	b9ad0bba5d915e6a26202cb3e0839c168f412a268e913a5e6a6acec5923f6661	V39PRr2	Trip 5	165
https://rubalkhali.science/kb/RAK_PH_VALUE_2176835f4d79ff4afffd85d2f54b469de5b58f816584fafaa6fdb2617069b565	value	ph-measurement-v1|value|trip5|V39PRr2|2026-07-19|EQ-PH-CACL2-1G-v1.0.0	2176835f4d79ff4afffd85d2f54b469de5b58f816584fafaa6fdb2617069b565	V39PRr2	Trip 5	165
https://rubalkhali.science/kb/RAK_PH_PROCESS_e1a8fb0993a4f25c6de134a28beb0a4f8238614462395beaa51a677b5b8b407f	process	ph-measurement-v1|process|trip5|V39PRr3|2026-07-19|EQ-PH-CACL2-1G-v1.0.0	e1a8fb0993a4f25c6de134a28beb0a4f8238614462395beaa51a677b5b8b407f	V39PRr3	Trip 5	166
https://rubalkhali.science/kb/RAK_PH_QUALITY_e927f4f66297d10a0ec1a1dd5aca98c61f7baefabe1a4d53e8dc180ef7bf8f90	quality	ph-measurement-v1|quality|trip5|V39PRr3|2026-07-19|EQ-PH-CACL2-1G-v1.0.0	e927f4f66297d10a0ec1a1dd5aca98c61f7baefabe1a4d53e8dc180ef7bf8f90	V39PRr3	Trip 5	166
https://rubalkhali.science/kb/RAK_PH_VALUE_b243e7946ea2a597062a62c449bce6cb8694078ed311c5ad071e9fe3927a1eca	value	ph-measurement-v1|value|trip5|V39PRr3|2026-07-19|EQ-PH-CACL2-1G-v1.0.0	b243e7946ea2a597062a62c449bce6cb8694078ed311c5ad071e9fe3927a1eca	V39PRr3	Trip 5	166
https://rubalkhali.science/kb/RAK_PH_PROCESS_357e4ec923162bf70aee0bb9834ce3ebd21314cdfae4d4e3b51504efaa135341	process	ph-measurement-v1|process|trip5|V40Sr3|2026-07-19|EQ-PH-CACL2-1G-v1.0.0	357e4ec923162bf70aee0bb9834ce3ebd21314cdfae4d4e3b51504efaa135341	V40Sr3	Trip 5	167
https://rubalkhali.science/kb/RAK_PH_QUALITY_4bab7360736ec5a60d6a50ee0d71a35b0f5f2d066f68dc57fb3b5679f1233403	quality	ph-measurement-v1|quality|trip5|V40Sr3|2026-07-19|EQ-PH-CACL2-1G-v1.0.0	4bab7360736ec5a60d6a50ee0d71a35b0f5f2d066f68dc57fb3b5679f1233403	V40Sr3	Trip 5	167
https://rubalkhali.science/kb/RAK_PH_VALUE_3cce2f047524ab1898ea4306b8109daa6b3a7560a4b9598478693fbb79f3f518	value	ph-measurement-v1|value|trip5|V40Sr3|2026-07-19|EQ-PH-CACL2-1G-v1.0.0	3cce2f047524ab1898ea4306b8109daa6b3a7560a4b9598478693fbb79f3f518	V40Sr3	Trip 5	167
https://rubalkhali.science/kb/RAK_PH_PROCESS_78a8b476b772ae6e1468493760a33564ecb4871f0ff5bf853031036ba4ff5c83	process	ph-measurement-v1|process|trip5|V40Dr1|2026-07-19|EQ-PH-CACL2-1G-v1.0.0	78a8b476b772ae6e1468493760a33564ecb4871f0ff5bf853031036ba4ff5c83	V40Dr1	Trip 5	168
https://rubalkhali.science/kb/RAK_PH_QUALITY_5dcb47dcc03748da6fe4b2893a0e3258b943efa4a09f4bb4700e6c9750e9e2bb	quality	ph-measurement-v1|quality|trip5|V40Dr1|2026-07-19|EQ-PH-CACL2-1G-v1.0.0	5dcb47dcc03748da6fe4b2893a0e3258b943efa4a09f4bb4700e6c9750e9e2bb	V40Dr1	Trip 5	168
https://rubalkhali.science/kb/RAK_PH_VALUE_f1ef989da7c53b8fa5fb0332c729cb4928b466b86f2b22602eef4b201edd2875	value	ph-measurement-v1|value|trip5|V40Dr1|2026-07-19|EQ-PH-CACL2-1G-v1.0.0	f1ef989da7c53b8fa5fb0332c729cb4928b466b86f2b22602eef4b201edd2875	V40Dr1	Trip 5	168
https://rubalkhali.science/kb/RAK_PH_PROCESS_0746bdfbefa76ffade8c8f90dd146679e3edf52d22efc243504fd039d09c3cb8	process	ph-measurement-v1|process|trip5|V40PRr1|2026-07-19|EQ-PH-CACL2-1G-v1.0.0	0746bdfbefa76ffade8c8f90dd146679e3edf52d22efc243504fd039d09c3cb8	V40PRr1	Trip 5	169
https://rubalkhali.science/kb/RAK_PH_QUALITY_0e36166c297cd864ffeb15c7ea9a1143df120385a5d9ecb396f82086ce95861e	quality	ph-measurement-v1|quality|trip5|V40PRr1|2026-07-19|EQ-PH-CACL2-1G-v1.0.0	0e36166c297cd864ffeb15c7ea9a1143df120385a5d9ecb396f82086ce95861e	V40PRr1	Trip 5	169
https://rubalkhali.science/kb/RAK_PH_VALUE_ddd7685e2055cd2143e040eafac1cf595cd664f56b00955667190165efaa3ebe	value	ph-measurement-v1|value|trip5|V40PRr1|2026-07-19|EQ-PH-CACL2-1G-v1.0.0	ddd7685e2055cd2143e040eafac1cf595cd664f56b00955667190165efaa3ebe	V40PRr1	Trip 5	169
https://rubalkhali.science/kb/RAK_PH_PROCESS_22db74ac123806dd6edad927f4fc8e9dc403c0b101b656eb8c6bdc6df801b51c	process	ph-measurement-v1|process|trip5|V40PRr2|2026-07-19|EQ-PH-CACL2-1G-v1.0.0	22db74ac123806dd6edad927f4fc8e9dc403c0b101b656eb8c6bdc6df801b51c	V40PRr2	Trip 5	170
https://rubalkhali.science/kb/RAK_PH_QUALITY_a37828dd756475796283e8de0a431deb7971b726a66da2766f40fa82a220c707	quality	ph-measurement-v1|quality|trip5|V40PRr2|2026-07-19|EQ-PH-CACL2-1G-v1.0.0	a37828dd756475796283e8de0a431deb7971b726a66da2766f40fa82a220c707	V40PRr2	Trip 5	170
https://rubalkhali.science/kb/RAK_PH_VALUE_e6e020e086b5803fd4419df87d117856f42c08130a716fb9b59d9eb930b1b261	value	ph-measurement-v1|value|trip5|V40PRr2|2026-07-19|EQ-PH-CACL2-1G-v1.0.0	e6e020e086b5803fd4419df87d117856f42c08130a716fb9b59d9eb930b1b261	V40PRr2	Trip 5	170
https://rubalkhali.science/kb/RAK_PH_PROCESS_754d3987eae0d6f712cd4a4d55c4f348f8ee5b45ce0a6bb7ea3c0d4673841b15	process	ph-measurement-v1|process|trip5|V40PRr3|2026-07-19|EQ-PH-CACL2-1G-v1.0.0	754d3987eae0d6f712cd4a4d55c4f348f8ee5b45ce0a6bb7ea3c0d4673841b15	V40PRr3	Trip 5	171
https://rubalkhali.science/kb/RAK_PH_QUALITY_d7b00dd4d2caa87fbca7e5a23e2262cbb8ee4cf7b0b21ef7550f74bc1ae9c1eb	quality	ph-measurement-v1|quality|trip5|V40PRr3|2026-07-19|EQ-PH-CACL2-1G-v1.0.0	d7b00dd4d2caa87fbca7e5a23e2262cbb8ee4cf7b0b21ef7550f74bc1ae9c1eb	V40PRr3	Trip 5	171
https://rubalkhali.science/kb/RAK_PH_VALUE_6119a5dbfe7a5c46d0968c9cc30ab541a7ce84c40d2ad3864d63332801671910	value	ph-measurement-v1|value|trip5|V40PRr3|2026-07-19|EQ-PH-CACL2-1G-v1.0.0	6119a5dbfe7a5c46d0968c9cc30ab541a7ce84c40d2ad3864d63332801671910	V40PRr3	Trip 5	171
https://rubalkhali.science/kb/RAK_PH_PROCESS_7d112154834166a942ea1b6acad029409b2e09057ed230c75dd9335b13166d75	process	ph-measurement-v1|process|trip5|V41Dr3|2026-07-19|EQ-PH-CACL2-1G-v1.0.0	7d112154834166a942ea1b6acad029409b2e09057ed230c75dd9335b13166d75	V41Dr3	Trip 5	172
https://rubalkhali.science/kb/RAK_PH_QUALITY_1075b4511bb3d26203523d8ae9847a879c577c8080c259c83df2a31612454303	quality	ph-measurement-v1|quality|trip5|V41Dr3|2026-07-19|EQ-PH-CACL2-1G-v1.0.0	1075b4511bb3d26203523d8ae9847a879c577c8080c259c83df2a31612454303	V41Dr3	Trip 5	172
https://rubalkhali.science/kb/RAK_PH_VALUE_10ab8b595b2ebbb5dccc348f63e4327bec71ecf92141734006fc7cf46adefea0	value	ph-measurement-v1|value|trip5|V41Dr3|2026-07-19|EQ-PH-CACL2-1G-v1.0.0	10ab8b595b2ebbb5dccc348f63e4327bec71ecf92141734006fc7cf46adefea0	V41Dr3	Trip 5	172
https://rubalkhali.science/kb/RAK_PH_PROCESS_7ea360983cdf628d1002e5be8f1caf8d4d7060987ab42676341fc6625d614986	process	ph-measurement-v1|process|trip5|V42Sr2|2026-07-19|EQ-PH-CACL2-1G-v1.0.0	7ea360983cdf628d1002e5be8f1caf8d4d7060987ab42676341fc6625d614986	V42Sr2	Trip 5	173
https://rubalkhali.science/kb/RAK_PH_QUALITY_5f778a7d8a71e107db3d7f5cc97a669d192160fac91019f24203fe4914d64f0e	quality	ph-measurement-v1|quality|trip5|V42Sr2|2026-07-19|EQ-PH-CACL2-1G-v1.0.0	5f778a7d8a71e107db3d7f5cc97a669d192160fac91019f24203fe4914d64f0e	V42Sr2	Trip 5	173
https://rubalkhali.science/kb/RAK_PH_VALUE_3ededd69fd36d20492f7cc55d7272a9bb8244113e3b131317ea9a6d1a899ec8b	value	ph-measurement-v1|value|trip5|V42Sr2|2026-07-19|EQ-PH-CACL2-1G-v1.0.0	3ededd69fd36d20492f7cc55d7272a9bb8244113e3b131317ea9a6d1a899ec8b	V42Sr2	Trip 5	173
https://rubalkhali.science/kb/RAK_PH_PROCESS_55078e88c7d8a7be22d5f75d72e28c3ad056d8e253bba86db24648a4a9378990	process	ph-measurement-v1|process|trip5|V42PRr2|2026-07-19|EQ-PH-CACL2-1G-v1.0.0	55078e88c7d8a7be22d5f75d72e28c3ad056d8e253bba86db24648a4a9378990	V42PRr2	Trip 5	174
https://rubalkhali.science/kb/RAK_PH_QUALITY_2c0614b89d16353e2c45bc6a823c45e722b333fc9bb3624953ea6e987319c460	quality	ph-measurement-v1|quality|trip5|V42PRr2|2026-07-19|EQ-PH-CACL2-1G-v1.0.0	2c0614b89d16353e2c45bc6a823c45e722b333fc9bb3624953ea6e987319c460	V42PRr2	Trip 5	174
https://rubalkhali.science/kb/RAK_PH_VALUE_4f609751088586e26b4f68b32c821443a861615a8d47f231122ce2f3bd5a0ffd	value	ph-measurement-v1|value|trip5|V42PRr2|2026-07-19|EQ-PH-CACL2-1G-v1.0.0	4f609751088586e26b4f68b32c821443a861615a8d47f231122ce2f3bd5a0ffd	V42PRr2	Trip 5	174
https://rubalkhali.science/kb/RAK_PH_PROCESS_1d90a4c41b69febceb60844394c1239b91474021e2796f3cd7aba4b4c12760f9	process	ph-measurement-v1|process|trip5|V43Dr1|2026-07-19|EQ-PH-CACL2-1G-v1.0.0	1d90a4c41b69febceb60844394c1239b91474021e2796f3cd7aba4b4c12760f9	V43Dr1	Trip 5	175
https://rubalkhali.science/kb/RAK_PH_QUALITY_66364432f8f7b11f365b33fd4de4ad03182ff42579b13b6d1f10e71f5c1acb73	quality	ph-measurement-v1|quality|trip5|V43Dr1|2026-07-19|EQ-PH-CACL2-1G-v1.0.0	66364432f8f7b11f365b33fd4de4ad03182ff42579b13b6d1f10e71f5c1acb73	V43Dr1	Trip 5	175
https://rubalkhali.science/kb/RAK_PH_VALUE_15062f66970835e97789cfcc59f3f0c9ad04c74abebcf8cc7ac1ee7ff90daf2b	value	ph-measurement-v1|value|trip5|V43Dr1|2026-07-19|EQ-PH-CACL2-1G-v1.0.0	15062f66970835e97789cfcc59f3f0c9ad04c74abebcf8cc7ac1ee7ff90daf2b	V43Dr1	Trip 5	175
https://rubalkhali.science/kb/RAK_PH_PROCESS_80589bfe6780672e355b762c18c5c18db8175bee31de9f8cb5db1cf5b5bd3964	process	ph-measurement-v1|process|trip5|V43Dr2|2026-07-19|EQ-PH-CACL2-1G-v1.0.0	80589bfe6780672e355b762c18c5c18db8175bee31de9f8cb5db1cf5b5bd3964	V43Dr2	Trip 5	176
https://rubalkhali.science/kb/RAK_PH_QUALITY_4a3677d20e992d3383b849bd07bf50e0808265064ab8ae3ecc67d27c495fb83a	quality	ph-measurement-v1|quality|trip5|V43Dr2|2026-07-19|EQ-PH-CACL2-1G-v1.0.0	4a3677d20e992d3383b849bd07bf50e0808265064ab8ae3ecc67d27c495fb83a	V43Dr2	Trip 5	176
https://rubalkhali.science/kb/RAK_PH_VALUE_a991890100f7b57a0d70875705ba367ea32916240599f198fa28e34a6c5f5fc1	value	ph-measurement-v1|value|trip5|V43Dr2|2026-07-19|EQ-PH-CACL2-1G-v1.0.0	a991890100f7b57a0d70875705ba367ea32916240599f198fa28e34a6c5f5fc1	V43Dr2	Trip 5	176
https://rubalkhali.science/kb/RAK_PH_PROCESS_9a4a58e61b4a4f2a21622872046fd4edd265af994002582f113900c9a41a1ff9	process	ph-measurement-v1|process|trip5|V43Dr3|2026-07-19|EQ-PH-CACL2-1G-v1.0.0	9a4a58e61b4a4f2a21622872046fd4edd265af994002582f113900c9a41a1ff9	V43Dr3	Trip 5	177
https://rubalkhali.science/kb/RAK_PH_QUALITY_114a177a3e62d4178b4dc4725bd988daf7c5da84d30829a7d032a1bae2be976d	quality	ph-measurement-v1|quality|trip5|V43Dr3|2026-07-19|EQ-PH-CACL2-1G-v1.0.0	114a177a3e62d4178b4dc4725bd988daf7c5da84d30829a7d032a1bae2be976d	V43Dr3	Trip 5	177
https://rubalkhali.science/kb/RAK_PH_VALUE_217c72e6a7edcbde08e29f68320c4d9cc4556579a1e8a4ca2346fb53d150b4a9	value	ph-measurement-v1|value|trip5|V43Dr3|2026-07-19|EQ-PH-CACL2-1G-v1.0.0	217c72e6a7edcbde08e29f68320c4d9cc4556579a1e8a4ca2346fb53d150b4a9	V43Dr3	Trip 5	177
https://rubalkhali.science/kb/RAK_PH_PROCESS_e2c3c5a6d52b256bc6cd51644ce803a8fb775881d9a3a5cbc7531d188902cd57	process	ph-measurement-v1|process|trip5|V43PRr1|2026-07-19|EQ-PH-CACL2-1G-v1.0.0	e2c3c5a6d52b256bc6cd51644ce803a8fb775881d9a3a5cbc7531d188902cd57	V43PRr1	Trip 5	178
https://rubalkhali.science/kb/RAK_PH_QUALITY_9442993c967a3e0db4c499a90688cc09d001c2c0ab75fad580def5fa015c981d	quality	ph-measurement-v1|quality|trip5|V43PRr1|2026-07-19|EQ-PH-CACL2-1G-v1.0.0	9442993c967a3e0db4c499a90688cc09d001c2c0ab75fad580def5fa015c981d	V43PRr1	Trip 5	178
https://rubalkhali.science/kb/RAK_PH_VALUE_aab7cc3312542014436c63bd02624937efdf0b456c327553765df16a822de1a5	value	ph-measurement-v1|value|trip5|V43PRr1|2026-07-19|EQ-PH-CACL2-1G-v1.0.0	aab7cc3312542014436c63bd02624937efdf0b456c327553765df16a822de1a5	V43PRr1	Trip 5	178
https://rubalkhali.science/kb/RAK_PH_PROCESS_cf279641b3712e466627d289bbfd18261d9acf92ed86df49bf2a74cc5cee1ff7	process	ph-measurement-v1|process|trip5|V43PRr2|2026-07-19|EQ-PH-CACL2-1G-v1.0.0	cf279641b3712e466627d289bbfd18261d9acf92ed86df49bf2a74cc5cee1ff7	V43PRr2	Trip 5	179
https://rubalkhali.science/kb/RAK_PH_QUALITY_14619fddd4095f7ba7966e8ca5eb277b8c17afe817a2f1183bbba61e4ccfeafb	quality	ph-measurement-v1|quality|trip5|V43PRr2|2026-07-19|EQ-PH-CACL2-1G-v1.0.0	14619fddd4095f7ba7966e8ca5eb277b8c17afe817a2f1183bbba61e4ccfeafb	V43PRr2	Trip 5	179
https://rubalkhali.science/kb/RAK_PH_VALUE_6f6bbe46d6e58af41b6aa17a6af5d6ff67cb790fc09827382fb3aec10af1221a	value	ph-measurement-v1|value|trip5|V43PRr2|2026-07-19|EQ-PH-CACL2-1G-v1.0.0	6f6bbe46d6e58af41b6aa17a6af5d6ff67cb790fc09827382fb3aec10af1221a	V43PRr2	Trip 5	179
https://rubalkhali.science/kb/RAK_PH_PROCESS_c3c73967051a211ee702a1b06795186aaf56c8d9746517c23837f3b4ad9a1293	process	ph-measurement-v1|process|trip5|V43PRr3|2026-07-19|EQ-PH-CACL2-1G-v1.0.0	c3c73967051a211ee702a1b06795186aaf56c8d9746517c23837f3b4ad9a1293	V43PRr3	Trip 5	180
https://rubalkhali.science/kb/RAK_PH_QUALITY_39c7217805aab54391b39e282e0502d2820ad5e90d4420d7e1a2a345056c47ff	quality	ph-measurement-v1|quality|trip5|V43PRr3|2026-07-19|EQ-PH-CACL2-1G-v1.0.0	39c7217805aab54391b39e282e0502d2820ad5e90d4420d7e1a2a345056c47ff	V43PRr3	Trip 5	180
https://rubalkhali.science/kb/RAK_PH_VALUE_e6fa92ef96be3f60d61fe261ef2ba1499b9307ebba8c0cd753b97e0b3df73202	value	ph-measurement-v1|value|trip5|V43PRr3|2026-07-19|EQ-PH-CACL2-1G-v1.0.0	e6fa92ef96be3f60d61fe261ef2ba1499b9307ebba8c0cd753b97e0b3df73202	V43PRr3	Trip 5	180
https://rubalkhali.science/kb/RAK_PH_PROCESS_4b81372e69b3c5f7e52cf287596900e8ea2f066cc523344b318c1e964aafb579	process	ph-measurement-v1|process|trip5|V44Dr1|2026-07-19|EQ-PH-CACL2-1G-v1.0.0	4b81372e69b3c5f7e52cf287596900e8ea2f066cc523344b318c1e964aafb579	V44Dr1	Trip 5	181
https://rubalkhali.science/kb/RAK_PH_QUALITY_ea04a3fdc0feaf1151ac662631852ca569c4d91e6288f15fa1abab9109d388b6	quality	ph-measurement-v1|quality|trip5|V44Dr1|2026-07-19|EQ-PH-CACL2-1G-v1.0.0	ea04a3fdc0feaf1151ac662631852ca569c4d91e6288f15fa1abab9109d388b6	V44Dr1	Trip 5	181
https://rubalkhali.science/kb/RAK_PH_VALUE_e024747e45b149eb9aa53cf85c7a509716da0ec14d605a1456f4f0d4f11a7028	value	ph-measurement-v1|value|trip5|V44Dr1|2026-07-19|EQ-PH-CACL2-1G-v1.0.0	e024747e45b149eb9aa53cf85c7a509716da0ec14d605a1456f4f0d4f11a7028	V44Dr1	Trip 5	181
https://rubalkhali.science/kb/RAK_PH_PROCESS_c5fa61defdc64ed957e285c1d5444e10d2f26128b164cb49458c361245159fdd	process	ph-measurement-v1|process|trip5|V44PRr1|2026-07-19|EQ-PH-CACL2-1G-v1.0.0	c5fa61defdc64ed957e285c1d5444e10d2f26128b164cb49458c361245159fdd	V44PRr1	Trip 5	182
https://rubalkhali.science/kb/RAK_PH_QUALITY_0432fb90339d5c309392e43aa4dc46bc651bd0197a24b0c0f4374a24b4143aa2	quality	ph-measurement-v1|quality|trip5|V44PRr1|2026-07-19|EQ-PH-CACL2-1G-v1.0.0	0432fb90339d5c309392e43aa4dc46bc651bd0197a24b0c0f4374a24b4143aa2	V44PRr1	Trip 5	182
https://rubalkhali.science/kb/RAK_PH_VALUE_e0a8d981acf0cbf7b4ac0154fbe1af888cbaef9166a7f94a5836454fbfdbe1af	value	ph-measurement-v1|value|trip5|V44PRr1|2026-07-19|EQ-PH-CACL2-1G-v1.0.0	e0a8d981acf0cbf7b4ac0154fbe1af888cbaef9166a7f94a5836454fbfdbe1af	V44PRr1	Trip 5	182
https://rubalkhali.science/kb/RAK_PH_PROCESS_c52e9d4243a33cd5d6006750eb59d25990c896ca24a1b4bad5ca7de4df266762	process	ph-measurement-v1|process|trip5|V44PRr2|2026-07-19|EQ-PH-CACL2-1G-v1.0.0	c52e9d4243a33cd5d6006750eb59d25990c896ca24a1b4bad5ca7de4df266762	V44PRr2	Trip 5	183
https://rubalkhali.science/kb/RAK_PH_QUALITY_eafb95536ac4a647c0ea0cf167c272a57cb015e5b1b0f903d33629dbc75c4d39	quality	ph-measurement-v1|quality|trip5|V44PRr2|2026-07-19|EQ-PH-CACL2-1G-v1.0.0	eafb95536ac4a647c0ea0cf167c272a57cb015e5b1b0f903d33629dbc75c4d39	V44PRr2	Trip 5	183
https://rubalkhali.science/kb/RAK_PH_VALUE_042bbedeeecd5baee80dfc22a225b6c8ac8657246ff7fd50d1b306e3218dc9ca	value	ph-measurement-v1|value|trip5|V44PRr2|2026-07-19|EQ-PH-CACL2-1G-v1.0.0	042bbedeeecd5baee80dfc22a225b6c8ac8657246ff7fd50d1b306e3218dc9ca	V44PRr2	Trip 5	183
https://rubalkhali.science/kb/RAK_PH_PROCESS_d523b42812d5741e163a176b56474f265aeabfc188d3174a89a13d868896edc9	process	ph-measurement-v1|process|trip5|V45Sr3|2026-07-19|EQ-PH-CACL2-1G-v1.0.0	d523b42812d5741e163a176b56474f265aeabfc188d3174a89a13d868896edc9	V45Sr3	Trip 5	184
https://rubalkhali.science/kb/RAK_PH_QUALITY_08e27d50175b26fea8b24ecb673eca5830d4f41a0d32e41f0651496cbfc14942	quality	ph-measurement-v1|quality|trip5|V45Sr3|2026-07-19|EQ-PH-CACL2-1G-v1.0.0	08e27d50175b26fea8b24ecb673eca5830d4f41a0d32e41f0651496cbfc14942	V45Sr3	Trip 5	184
https://rubalkhali.science/kb/RAK_PH_VALUE_5bdff46b8b00d1b002ef83fba0659629dfc2106f763102ae8a343300c6909811	value	ph-measurement-v1|value|trip5|V45Sr3|2026-07-19|EQ-PH-CACL2-1G-v1.0.0	5bdff46b8b00d1b002ef83fba0659629dfc2106f763102ae8a343300c6909811	V45Sr3	Trip 5	184
https://rubalkhali.science/kb/RAK_PH_PROCESS_2754cee1a6a3dbba73530a5646eb7e1dcfb1ab4bec2cbf47c5f43ef6e728def8	process	ph-measurement-v1|process|trip5|V45Dr1|2026-07-19|EQ-PH-CACL2-1G-v1.0.0	2754cee1a6a3dbba73530a5646eb7e1dcfb1ab4bec2cbf47c5f43ef6e728def8	V45Dr1	Trip 5	185
https://rubalkhali.science/kb/RAK_PH_QUALITY_5c15ad31e1f05259947600b1373e96951e29408efec87330d32dcd5aec25ee15	quality	ph-measurement-v1|quality|trip5|V45Dr1|2026-07-19|EQ-PH-CACL2-1G-v1.0.0	5c15ad31e1f05259947600b1373e96951e29408efec87330d32dcd5aec25ee15	V45Dr1	Trip 5	185
https://rubalkhali.science/kb/RAK_PH_VALUE_f5d80a246b136425f231e469ce18ed3eb696fd35971a316a5dab8edfc8fb7860	value	ph-measurement-v1|value|trip5|V45Dr1|2026-07-19|EQ-PH-CACL2-1G-v1.0.0	f5d80a246b136425f231e469ce18ed3eb696fd35971a316a5dab8edfc8fb7860	V45Dr1	Trip 5	185
https://rubalkhali.science/kb/RAK_PH_PROCESS_0987e8109197312f4d9da7a3b3c81124ceb76c745a72e4d85f6eebc606afb196	process	ph-measurement-v1|process|trip5|V45Dr2|2026-07-19|EQ-PH-CACL2-1G-v1.0.0	0987e8109197312f4d9da7a3b3c81124ceb76c745a72e4d85f6eebc606afb196	V45Dr2	Trip 5	186
https://rubalkhali.science/kb/RAK_PH_QUALITY_c9ed0f2c550747034ffef814e86f28e429bfebd0620e616d905134fe5e66813d	quality	ph-measurement-v1|quality|trip5|V45Dr2|2026-07-19|EQ-PH-CACL2-1G-v1.0.0	c9ed0f2c550747034ffef814e86f28e429bfebd0620e616d905134fe5e66813d	V45Dr2	Trip 5	186
https://rubalkhali.science/kb/RAK_PH_VALUE_252889bb80b67e9629af7a4908f458813e30473d25456a1fe344bed651d9adfc	value	ph-measurement-v1|value|trip5|V45Dr2|2026-07-19|EQ-PH-CACL2-1G-v1.0.0	252889bb80b67e9629af7a4908f458813e30473d25456a1fe344bed651d9adfc	V45Dr2	Trip 5	186
https://rubalkhali.science/kb/RAK_PH_PROCESS_d1ed288f497f26a190b04123f064baa7ca7b3d673e7349abfaa6cff8e381cccd	process	ph-measurement-v1|process|trip5|V45Dr3|2026-07-19|EQ-PH-CACL2-1G-v1.0.0	d1ed288f497f26a190b04123f064baa7ca7b3d673e7349abfaa6cff8e381cccd	V45Dr3	Trip 5	187
https://rubalkhali.science/kb/RAK_PH_QUALITY_f6f0136d94c440474bd38c06f720eb80826e1fb3193c3675f5aa452c76d2ab74	quality	ph-measurement-v1|quality|trip5|V45Dr3|2026-07-19|EQ-PH-CACL2-1G-v1.0.0	f6f0136d94c440474bd38c06f720eb80826e1fb3193c3675f5aa452c76d2ab74	V45Dr3	Trip 5	187
https://rubalkhali.science/kb/RAK_PH_VALUE_eedbc796aaa8b6715ded9505cee9bc3bac9b0bf043bd58f70aa5ad0a9e61a3f4	value	ph-measurement-v1|value|trip5|V45Dr3|2026-07-19|EQ-PH-CACL2-1G-v1.0.0	eedbc796aaa8b6715ded9505cee9bc3bac9b0bf043bd58f70aa5ad0a9e61a3f4	V45Dr3	Trip 5	187
https://rubalkhali.science/kb/RAK_PH_PROCESS_332432f8a0060827b7663f3d7eadb1a54344defa051cd102574ed7357e0d76f0	process	ph-measurement-v1|process|trip5|V45PRr1|2026-07-19|EQ-PH-CACL2-1G-v1.0.0	332432f8a0060827b7663f3d7eadb1a54344defa051cd102574ed7357e0d76f0	V45PRr1	Trip 5	188
https://rubalkhali.science/kb/RAK_PH_QUALITY_5e382a53a52ffd2406403bdba58234a9c2afb2965ee64e3adae6a7a2ac9e172d	quality	ph-measurement-v1|quality|trip5|V45PRr1|2026-07-19|EQ-PH-CACL2-1G-v1.0.0	5e382a53a52ffd2406403bdba58234a9c2afb2965ee64e3adae6a7a2ac9e172d	V45PRr1	Trip 5	188
https://rubalkhali.science/kb/RAK_PH_VALUE_8891f9ce759dcd837e4fdaed5a649666a39875684b824525a8e93e39cbfa9450	value	ph-measurement-v1|value|trip5|V45PRr1|2026-07-19|EQ-PH-CACL2-1G-v1.0.0	8891f9ce759dcd837e4fdaed5a649666a39875684b824525a8e93e39cbfa9450	V45PRr1	Trip 5	188
https://rubalkhali.science/kb/RAK_PH_PROCESS_c3d8992a41a71bb41220a1f5eff8d778dd6ad74edf66f98c275caebb0886cca7	process	ph-measurement-v1|process|trip5|V45PRr2|2026-07-19|EQ-PH-CACL2-1G-v1.0.0	c3d8992a41a71bb41220a1f5eff8d778dd6ad74edf66f98c275caebb0886cca7	V45PRr2	Trip 5	189
https://rubalkhali.science/kb/RAK_PH_QUALITY_9699fd9da587c3928ae5746882a7a113cfab3079e4764940c19ad4069ca6ba9e	quality	ph-measurement-v1|quality|trip5|V45PRr2|2026-07-19|EQ-PH-CACL2-1G-v1.0.0	9699fd9da587c3928ae5746882a7a113cfab3079e4764940c19ad4069ca6ba9e	V45PRr2	Trip 5	189
https://rubalkhali.science/kb/RAK_PH_VALUE_3b28f3c6c98d1c47917048a097b7ca058017ad802e2b5dbf97f705340dac594e	value	ph-measurement-v1|value|trip5|V45PRr2|2026-07-19|EQ-PH-CACL2-1G-v1.0.0	3b28f3c6c98d1c47917048a097b7ca058017ad802e2b5dbf97f705340dac594e	V45PRr2	Trip 5	189
https://rubalkhali.science/kb/RAK_PH_PROCESS_ba18e20afc01e13547e9b4ac9df7312db4141f3f8533186c09c20500bfd2373f	process	ph-measurement-v1|process|trip5|V45PRr3|2026-07-19|EQ-PH-CACL2-1G-v1.0.0	ba18e20afc01e13547e9b4ac9df7312db4141f3f8533186c09c20500bfd2373f	V45PRr3	Trip 5	190
https://rubalkhali.science/kb/RAK_PH_QUALITY_89a9080ebbac339033604ab2596fea8890a2098b00b218bd36b95ec13112ec46	quality	ph-measurement-v1|quality|trip5|V45PRr3|2026-07-19|EQ-PH-CACL2-1G-v1.0.0	89a9080ebbac339033604ab2596fea8890a2098b00b218bd36b95ec13112ec46	V45PRr3	Trip 5	190
https://rubalkhali.science/kb/RAK_PH_VALUE_217978420f50ae90a78e93d66706c13886a9d59d0f2f2391ce80e3050adad7d7	value	ph-measurement-v1|value|trip5|V45PRr3|2026-07-19|EQ-PH-CACL2-1G-v1.0.0	217978420f50ae90a78e93d66706c13886a9d59d0f2f2391ce80e3050adad7d7	V45PRr3	Trip 5	190
https://rubalkhali.science/kb/RAK_PH_SESSION_b4444035f55a920e433ede6ec6ab406260a976446df487d4430cd5ca7d8096a7	session	ph-measurement-v1|session|5|2026-07-20|97.9|10.07	b4444035f55a920e433ede6ec6ab406260a976446df487d4430cd5ca7d8096a7		Trip 5	191
https://rubalkhali.science/kb/RAK_PH_PROCESS_c2e9614ab98c0fa413fa0bed05b3e65b03b4c57bd1efe36d643620744591f854	process	ph-measurement-v1|process|trip5|V46PRr1|2026-07-20|EQ-PH-CACL2-1G-v1.0.0	c2e9614ab98c0fa413fa0bed05b3e65b03b4c57bd1efe36d643620744591f854	V46PRr1	Trip 5	191
https://rubalkhali.science/kb/RAK_PH_QUALITY_6f30513f0f1263023e1b53937ebb0be44abce4e3c58ef407bd56399388af4423	quality	ph-measurement-v1|quality|trip5|V46PRr1|2026-07-20|EQ-PH-CACL2-1G-v1.0.0	6f30513f0f1263023e1b53937ebb0be44abce4e3c58ef407bd56399388af4423	V46PRr1	Trip 5	191
https://rubalkhali.science/kb/RAK_PH_VALUE_68dd1816f6c85800ce77f28c5c112236b9bd413257c044f4b7c943fe118ee027	value	ph-measurement-v1|value|trip5|V46PRr1|2026-07-20|EQ-PH-CACL2-1G-v1.0.0	68dd1816f6c85800ce77f28c5c112236b9bd413257c044f4b7c943fe118ee027	V46PRr1	Trip 5	191
https://rubalkhali.science/kb/RAK_PH_PROCESS_af5209e24d644d5e46aa3505e6df7ce8a4829f06c594782a456714f7b0c510d6	process	ph-measurement-v1|process|trip5|V46PRr2|2026-07-20|EQ-PH-CACL2-1G-v1.0.0	af5209e24d644d5e46aa3505e6df7ce8a4829f06c594782a456714f7b0c510d6	V46PRr2	Trip 5	192
https://rubalkhali.science/kb/RAK_PH_QUALITY_23aa9889360c7fef2d879599f786af25e779c3e3628256ea25f00141504390fe	quality	ph-measurement-v1|quality|trip5|V46PRr2|2026-07-20|EQ-PH-CACL2-1G-v1.0.0	23aa9889360c7fef2d879599f786af25e779c3e3628256ea25f00141504390fe	V46PRr2	Trip 5	192
https://rubalkhali.science/kb/RAK_PH_VALUE_7ead3c4e2c68e1675c3246484250caba26283e3647907f04ff49d81e7b129bfe	value	ph-measurement-v1|value|trip5|V46PRr2|2026-07-20|EQ-PH-CACL2-1G-v1.0.0	7ead3c4e2c68e1675c3246484250caba26283e3647907f04ff49d81e7b129bfe	V46PRr2	Trip 5	192
https://rubalkhali.science/kb/RAK_PH_PROCESS_67e9b883f2ad9ec681f329b243c9ff7b1e1224ad0d8002435da8ba3a63153a14	process	ph-measurement-v1|process|trip5|V46PRr3|2026-07-20|EQ-PH-CACL2-1G-v1.0.0	67e9b883f2ad9ec681f329b243c9ff7b1e1224ad0d8002435da8ba3a63153a14	V46PRr3	Trip 5	193
https://rubalkhali.science/kb/RAK_PH_QUALITY_1599c66a9ac7f026ef0f30cc272ea713c2dbcd3dfc30865783eedc66d3e727ea	quality	ph-measurement-v1|quality|trip5|V46PRr3|2026-07-20|EQ-PH-CACL2-1G-v1.0.0	1599c66a9ac7f026ef0f30cc272ea713c2dbcd3dfc30865783eedc66d3e727ea	V46PRr3	Trip 5	193
https://rubalkhali.science/kb/RAK_PH_VALUE_338a8acbd59198d170eebd6553e64a871ce39ec15dabc2d5a16463395bcd5dc1	value	ph-measurement-v1|value|trip5|V46PRr3|2026-07-20|EQ-PH-CACL2-1G-v1.0.0	338a8acbd59198d170eebd6553e64a871ce39ec15dabc2d5a16463395bcd5dc1	V46PRr3	Trip 5	193
https://rubalkhali.science/kb/RAK_PH_PROCESS_b90b51e3c50db34c24c564e1b03303efcdf635d51b1f70dc5593d3e3c0762693	process	ph-measurement-v1|process|trip5|V47PRr1|2026-07-20|EQ-PH-CACL2-1G-v1.0.0	b90b51e3c50db34c24c564e1b03303efcdf635d51b1f70dc5593d3e3c0762693	V47PRr1	Trip 5	194
https://rubalkhali.science/kb/RAK_PH_QUALITY_24581ad2ef3938de7130b2bcb879f47a1315b07defd5aa155d28eae85bb484a9	quality	ph-measurement-v1|quality|trip5|V47PRr1|2026-07-20|EQ-PH-CACL2-1G-v1.0.0	24581ad2ef3938de7130b2bcb879f47a1315b07defd5aa155d28eae85bb484a9	V47PRr1	Trip 5	194
https://rubalkhali.science/kb/RAK_PH_VALUE_6e4ce364262aa3058fba37f05f1f729c9c539b5e02d94741989f94e4dcb21aff	value	ph-measurement-v1|value|trip5|V47PRr1|2026-07-20|EQ-PH-CACL2-1G-v1.0.0	6e4ce364262aa3058fba37f05f1f729c9c539b5e02d94741989f94e4dcb21aff	V47PRr1	Trip 5	194
https://rubalkhali.science/kb/RAK_PH_PROCESS_fbfd27f824b1eb361eb965b5821579202dc02f48a0df3930899311a44bb1a690	process	ph-measurement-v1|process|trip5|V47PRr2|2026-07-20|EQ-PH-CACL2-1G-v1.0.0	fbfd27f824b1eb361eb965b5821579202dc02f48a0df3930899311a44bb1a690	V47PRr2	Trip 5	195
https://rubalkhali.science/kb/RAK_PH_QUALITY_114f100eeb33560c4abef447ac451b336538c02c9830acaaabb2bc11aee22dcb	quality	ph-measurement-v1|quality|trip5|V47PRr2|2026-07-20|EQ-PH-CACL2-1G-v1.0.0	114f100eeb33560c4abef447ac451b336538c02c9830acaaabb2bc11aee22dcb	V47PRr2	Trip 5	195
https://rubalkhali.science/kb/RAK_PH_VALUE_1e1ce8fcda3af72d41e825348b7287a653e8b47cc2750a72dd67aa04497b2ba4	value	ph-measurement-v1|value|trip5|V47PRr2|2026-07-20|EQ-PH-CACL2-1G-v1.0.0	1e1ce8fcda3af72d41e825348b7287a653e8b47cc2750a72dd67aa04497b2ba4	V47PRr2	Trip 5	195
https://rubalkhali.science/kb/RAK_PH_PROCESS_b64e1c5fd63400ee73d45951a34cf7c23503ef553895983e3cd2158f7fc2e68e	process	ph-measurement-v1|process|trip5|V47PRr3|2026-07-20|EQ-PH-CACL2-1G-v1.0.0	b64e1c5fd63400ee73d45951a34cf7c23503ef553895983e3cd2158f7fc2e68e	V47PRr3	Trip 5	196
https://rubalkhali.science/kb/RAK_PH_QUALITY_42a344b66e48723c6877b28a31c9a06b3f156e3860c7a8f71ed03478c0cd6142	quality	ph-measurement-v1|quality|trip5|V47PRr3|2026-07-20|EQ-PH-CACL2-1G-v1.0.0	42a344b66e48723c6877b28a31c9a06b3f156e3860c7a8f71ed03478c0cd6142	V47PRr3	Trip 5	196
https://rubalkhali.science/kb/RAK_PH_VALUE_9c50a78cdc7c0e3de7b5b84c390666fddd3dfbd227c38a7fe5a22dfb12ee6e77	value	ph-measurement-v1|value|trip5|V47PRr3|2026-07-20|EQ-PH-CACL2-1G-v1.0.0	9c50a78cdc7c0e3de7b5b84c390666fddd3dfbd227c38a7fe5a22dfb12ee6e77	V47PRr3	Trip 5	196
https://rubalkhali.science/kb/RAK_PH_PROCESS_e64ce5403a1522a8e949dc45c91f9b576bb18f948c89f2b1c8f6624f568ed520	process	ph-measurement-v1|process|trip5|V48Dr1|2026-07-20|EQ-PH-CACL2-1G-v1.0.0	e64ce5403a1522a8e949dc45c91f9b576bb18f948c89f2b1c8f6624f568ed520	V48Dr1	Trip 5	197
https://rubalkhali.science/kb/RAK_PH_QUALITY_717d7ea6e1b76261a8a72c8835055bb087d7bb682394feb3af7d9b576175c371	quality	ph-measurement-v1|quality|trip5|V48Dr1|2026-07-20|EQ-PH-CACL2-1G-v1.0.0	717d7ea6e1b76261a8a72c8835055bb087d7bb682394feb3af7d9b576175c371	V48Dr1	Trip 5	197
https://rubalkhali.science/kb/RAK_PH_VALUE_f1628a328f73de07b5ef0ca45404b1a974a2fdf8ded79a4063d604be5d99a90f	value	ph-measurement-v1|value|trip5|V48Dr1|2026-07-20|EQ-PH-CACL2-1G-v1.0.0	f1628a328f73de07b5ef0ca45404b1a974a2fdf8ded79a4063d604be5d99a90f	V48Dr1	Trip 5	197
https://rubalkhali.science/kb/RAK_PH_PROCESS_d07d46bc52a26005acb6b6fb49b1478fe977131c183ae874bb22ddf370939ee3	process	ph-measurement-v1|process|trip5|V48Dr2|2026-07-20|EQ-PH-CACL2-1G-v1.0.0	d07d46bc52a26005acb6b6fb49b1478fe977131c183ae874bb22ddf370939ee3	V48Dr2	Trip 5	198
https://rubalkhali.science/kb/RAK_PH_QUALITY_5c1ac7d9cb58af2735a191301082ed30a5de5360cc9cf0559bda84809928de65	quality	ph-measurement-v1|quality|trip5|V48Dr2|2026-07-20|EQ-PH-CACL2-1G-v1.0.0	5c1ac7d9cb58af2735a191301082ed30a5de5360cc9cf0559bda84809928de65	V48Dr2	Trip 5	198
https://rubalkhali.science/kb/RAK_PH_VALUE_c5fe5adf5231c852c74fd1129ae4c4c40bb7bef8d7d3f8614aff20a9fd347b8c	value	ph-measurement-v1|value|trip5|V48Dr2|2026-07-20|EQ-PH-CACL2-1G-v1.0.0	c5fe5adf5231c852c74fd1129ae4c4c40bb7bef8d7d3f8614aff20a9fd347b8c	V48Dr2	Trip 5	198
https://rubalkhali.science/kb/RAK_PH_PROCESS_7ca12cec7cd6da24be29b4d090f5a84fbb6e3b576e1bea1ec2d6805f8e214633	process	ph-measurement-v1|process|trip5|V48Dr3|2026-07-20|EQ-PH-CACL2-1G-v1.0.0	7ca12cec7cd6da24be29b4d090f5a84fbb6e3b576e1bea1ec2d6805f8e214633	V48Dr3	Trip 5	199
https://rubalkhali.science/kb/RAK_PH_QUALITY_e260c8ccf9a2346a96546e3f665835302e1d2d50f069aedea1adb3173a0bc73b	quality	ph-measurement-v1|quality|trip5|V48Dr3|2026-07-20|EQ-PH-CACL2-1G-v1.0.0	e260c8ccf9a2346a96546e3f665835302e1d2d50f069aedea1adb3173a0bc73b	V48Dr3	Trip 5	199
https://rubalkhali.science/kb/RAK_PH_VALUE_afa4f4d82a77ee75bcb9aa521b89504ecfb43ec1fa0b8d9824a42338128dfcff	value	ph-measurement-v1|value|trip5|V48Dr3|2026-07-20|EQ-PH-CACL2-1G-v1.0.0	afa4f4d82a77ee75bcb9aa521b89504ecfb43ec1fa0b8d9824a42338128dfcff	V48Dr3	Trip 5	199
https://rubalkhali.science/kb/RAK_PH_PROCESS_8bd650e6183c52219a42c67d4526a32b7952e521b59c6950236edc4ecbc541b6	process	ph-measurement-v1|process|trip5|V48PRr1|2026-07-20|EQ-PH-CACL2-1G-v1.0.0	8bd650e6183c52219a42c67d4526a32b7952e521b59c6950236edc4ecbc541b6	V48PRr1	Trip 5	200
https://rubalkhali.science/kb/RAK_PH_QUALITY_ccf1bc2b430971cfaf5b3168b3914df144a2e4b13a8e663363c99596e5e33771	quality	ph-measurement-v1|quality|trip5|V48PRr1|2026-07-20|EQ-PH-CACL2-1G-v1.0.0	ccf1bc2b430971cfaf5b3168b3914df144a2e4b13a8e663363c99596e5e33771	V48PRr1	Trip 5	200
https://rubalkhali.science/kb/RAK_PH_VALUE_49023b3d8d4e7433d5bfc9fd7e856a3cb02fc72ad21670ad734c586e16800a5b	value	ph-measurement-v1|value|trip5|V48PRr1|2026-07-20|EQ-PH-CACL2-1G-v1.0.0	49023b3d8d4e7433d5bfc9fd7e856a3cb02fc72ad21670ad734c586e16800a5b	V48PRr1	Trip 5	200
https://rubalkhali.science/kb/RAK_PH_PROCESS_b8a59f8aff3f03d086bd229224e1765d25a9d4d9b93a0c622b8028600a29814b	process	ph-measurement-v1|process|trip5|V49Dr2|2026-07-20|EQ-PH-CACL2-1G-v1.0.0	b8a59f8aff3f03d086bd229224e1765d25a9d4d9b93a0c622b8028600a29814b	V49Dr2	Trip 5	201
https://rubalkhali.science/kb/RAK_PH_QUALITY_0a38acc22e9e0bb3e40b3febecef7b82c2859b0ed88075dad5fd49c00f7eecff	quality	ph-measurement-v1|quality|trip5|V49Dr2|2026-07-20|EQ-PH-CACL2-1G-v1.0.0	0a38acc22e9e0bb3e40b3febecef7b82c2859b0ed88075dad5fd49c00f7eecff	V49Dr2	Trip 5	201
https://rubalkhali.science/kb/RAK_PH_VALUE_f82ca0b2290ba6efd27864bcb21405818dd75e5df0f9b8986ca4d806a11a523a	value	ph-measurement-v1|value|trip5|V49Dr2|2026-07-20|EQ-PH-CACL2-1G-v1.0.0	f82ca0b2290ba6efd27864bcb21405818dd75e5df0f9b8986ca4d806a11a523a	V49Dr2	Trip 5	201
https://rubalkhali.science/kb/RAK_PH_PROCESS_b992b81b1fcda7ff664c9166fa5e75138d2bae82b6bdbebf8432466e3be13cb3	process	ph-measurement-v1|process|trip5|V50PRr2|2026-07-20|EQ-PH-CACL2-1G-v1.0.0	b992b81b1fcda7ff664c9166fa5e75138d2bae82b6bdbebf8432466e3be13cb3	V50PRr2	Trip 5	202
https://rubalkhali.science/kb/RAK_PH_QUALITY_c33d4cc01edccc91697007dd660810b8ed3166bece0389808411f66318606c3f	quality	ph-measurement-v1|quality|trip5|V50PRr2|2026-07-20|EQ-PH-CACL2-1G-v1.0.0	c33d4cc01edccc91697007dd660810b8ed3166bece0389808411f66318606c3f	V50PRr2	Trip 5	202
https://rubalkhali.science/kb/RAK_PH_VALUE_fa0d284ae71dadc1080dcfc24c9101bdf4838c04147b31a12f5a499e6c8a375c	value	ph-measurement-v1|value|trip5|V50PRr2|2026-07-20|EQ-PH-CACL2-1G-v1.0.0	fa0d284ae71dadc1080dcfc24c9101bdf4838c04147b31a12f5a499e6c8a375c	V50PRr2	Trip 5	202
https://rubalkhali.science/kb/RAK_PH_PROCESS_a8556649bcdc56519c55e40a4b4787c920895cd05325e0c70397affeca612de2	process	ph-measurement-v1|process|trip5|V51PRr2|2026-07-20|EQ-PH-CACL2-1G-v1.0.0	a8556649bcdc56519c55e40a4b4787c920895cd05325e0c70397affeca612de2	V51PRr2	Trip 5	203
https://rubalkhali.science/kb/RAK_PH_QUALITY_8f5ceae9d7a87d86c30e0dc46b6c28954755e34552963bae4f2e0d69497d9e2a	quality	ph-measurement-v1|quality|trip5|V51PRr2|2026-07-20|EQ-PH-CACL2-1G-v1.0.0	8f5ceae9d7a87d86c30e0dc46b6c28954755e34552963bae4f2e0d69497d9e2a	V51PRr2	Trip 5	203
https://rubalkhali.science/kb/RAK_PH_VALUE_fe405d6847b9075cf9dc57812d785c928f2b1eee5c615e07fe99937e128e1042	value	ph-measurement-v1|value|trip5|V51PRr2|2026-07-20|EQ-PH-CACL2-1G-v1.0.0	fe405d6847b9075cf9dc57812d785c928f2b1eee5c615e07fe99937e128e1042	V51PRr2	Trip 5	203
https://rubalkhali.science/kb/RAK_PH_PROCESS_f8f766f3649b04a13c8af6715b88dcfed24a2e77ce83c657ed56f910e0906e94	process	ph-measurement-v1|process|trip5|V51PRr3|2026-07-20|EQ-PH-CACL2-1G-v1.0.0	f8f766f3649b04a13c8af6715b88dcfed24a2e77ce83c657ed56f910e0906e94	V51PRr3	Trip 5	204
https://rubalkhali.science/kb/RAK_PH_QUALITY_12b08543c8895c599b57cc319fd46c9c419b8540d6f90a08d4029c7f79de8830	quality	ph-measurement-v1|quality|trip5|V51PRr3|2026-07-20|EQ-PH-CACL2-1G-v1.0.0	12b08543c8895c599b57cc319fd46c9c419b8540d6f90a08d4029c7f79de8830	V51PRr3	Trip 5	204
https://rubalkhali.science/kb/RAK_PH_VALUE_c87763b26ec4292cef779c7bbf81661d6c7ad0ab5ea132f1d4f20f0ca7510553	value	ph-measurement-v1|value|trip5|V51PRr3|2026-07-20|EQ-PH-CACL2-1G-v1.0.0	c87763b26ec4292cef779c7bbf81661d6c7ad0ab5ea132f1d4f20f0ca7510553	V51PRr3	Trip 5	204
https://rubalkhali.science/kb/RAK_PH_PROCESS_392636b802b4261f141318107f0d23eae02d730b38427091bb397c21d9814b7d	process	ph-measurement-v1|process|trip5|V53PRr2|2026-07-20|EQ-PH-CACL2-1G-v1.0.0	392636b802b4261f141318107f0d23eae02d730b38427091bb397c21d9814b7d	V53PRr2	Trip 5	205
https://rubalkhali.science/kb/RAK_PH_QUALITY_17cb8a3db4ddff4334c66b592dcbd8591147751b8d9adfc5a6600e7ccdecfb10	quality	ph-measurement-v1|quality|trip5|V53PRr2|2026-07-20|EQ-PH-CACL2-1G-v1.0.0	17cb8a3db4ddff4334c66b592dcbd8591147751b8d9adfc5a6600e7ccdecfb10	V53PRr2	Trip 5	205
https://rubalkhali.science/kb/RAK_PH_VALUE_1f53d8f74c017bb760942e2d49937b540b2e303bd7120fa4f120f4baf835f8cf	value	ph-measurement-v1|value|trip5|V53PRr2|2026-07-20|EQ-PH-CACL2-1G-v1.0.0	1f53d8f74c017bb760942e2d49937b540b2e303bd7120fa4f120f4baf835f8cf	V53PRr2	Trip 5	205
https://rubalkhali.science/kb/RAK_PH_PROCESS_45785c2cf6cbf460fd23299eda65b1dc753419773a3ceb990c8934bfceb136c3	process	ph-measurement-v1|process|trip5|V54PRr1|2026-07-20|EQ-PH-CACL2-1G-v1.0.0	45785c2cf6cbf460fd23299eda65b1dc753419773a3ceb990c8934bfceb136c3	V54PRr1	Trip 5	206
https://rubalkhali.science/kb/RAK_PH_QUALITY_795266e035c33a237fd4bc108590f439bc9c71b92ba15ac772da01fec73f6aa4	quality	ph-measurement-v1|quality|trip5|V54PRr1|2026-07-20|EQ-PH-CACL2-1G-v1.0.0	795266e035c33a237fd4bc108590f439bc9c71b92ba15ac772da01fec73f6aa4	V54PRr1	Trip 5	206
https://rubalkhali.science/kb/RAK_PH_VALUE_2fac19044b003813fb5ff8506c04076024e7531f3d0efbcdaf77d7405f084674	value	ph-measurement-v1|value|trip5|V54PRr1|2026-07-20|EQ-PH-CACL2-1G-v1.0.0	2fac19044b003813fb5ff8506c04076024e7531f3d0efbcdaf77d7405f084674	V54PRr1	Trip 5	206
https://rubalkhali.science/kb/RAK_PH_PROCESS_d3ab7dd349da6f06bb7161aebe4dd3ac3ed9d7c5b0db01a6ff206a1deda9e2ba	process	ph-measurement-v1|process|trip5|V54PRr2|2026-07-20|EQ-PH-CACL2-1G-v1.0.0	d3ab7dd349da6f06bb7161aebe4dd3ac3ed9d7c5b0db01a6ff206a1deda9e2ba	V54PRr2	Trip 5	207
https://rubalkhali.science/kb/RAK_PH_QUALITY_e2e2185cd929ed5575b799cef56f7704123f6c4cf98fc1d357e9d2b5481323ee	quality	ph-measurement-v1|quality|trip5|V54PRr2|2026-07-20|EQ-PH-CACL2-1G-v1.0.0	e2e2185cd929ed5575b799cef56f7704123f6c4cf98fc1d357e9d2b5481323ee	V54PRr2	Trip 5	207
https://rubalkhali.science/kb/RAK_PH_VALUE_16f5012f67603f1f5d23a3b6c007e036a33e3059d8fcc2863a0d002c2ef378ef	value	ph-measurement-v1|value|trip5|V54PRr2|2026-07-20|EQ-PH-CACL2-1G-v1.0.0	16f5012f67603f1f5d23a3b6c007e036a33e3059d8fcc2863a0d002c2ef378ef	V54PRr2	Trip 5	207
https://rubalkhali.science/kb/RAK_PH_PROCESS_32f73a3cc4be2769120c1f0042326802ad0bde9224eb53e37700954253e41c2a	process	ph-measurement-v1|process|trip5|V54PRr3|2026-07-20|EQ-PH-CACL2-1G-v1.0.0	32f73a3cc4be2769120c1f0042326802ad0bde9224eb53e37700954253e41c2a	V54PRr3	Trip 5	208
https://rubalkhali.science/kb/RAK_PH_QUALITY_de25db42168da21edb3d62a22b28507832d082dfd704f1470a8de6eaf9c004f3	quality	ph-measurement-v1|quality|trip5|V54PRr3|2026-07-20|EQ-PH-CACL2-1G-v1.0.0	de25db42168da21edb3d62a22b28507832d082dfd704f1470a8de6eaf9c004f3	V54PRr3	Trip 5	208
https://rubalkhali.science/kb/RAK_PH_VALUE_561b4e475f7bed84240dd58af7b98c47a932b31e2c7a8fb33cedb7e127c76f5f	value	ph-measurement-v1|value|trip5|V54PRr3|2026-07-20|EQ-PH-CACL2-1G-v1.0.0	561b4e475f7bed84240dd58af7b98c47a932b31e2c7a8fb33cedb7e127c76f5f	V54PRr3	Trip 5	208
https://rubalkhali.science/kb/RAK_PH_PROCESS_e5b65d645c61039045ce72fb95fda3cdda06ff445ad478820b1fbc1bfb553037	process	ph-measurement-v1|process|trip5|V55Sr2|2026-07-20|EQ-PH-CACL2-1G-v1.0.0	e5b65d645c61039045ce72fb95fda3cdda06ff445ad478820b1fbc1bfb553037	V55Sr2	Trip 5	209
https://rubalkhali.science/kb/RAK_PH_QUALITY_7ed0c1b58c71961ab54fa631a9d3db9b5485096a779148ad03538541d054551e	quality	ph-measurement-v1|quality|trip5|V55Sr2|2026-07-20|EQ-PH-CACL2-1G-v1.0.0	7ed0c1b58c71961ab54fa631a9d3db9b5485096a779148ad03538541d054551e	V55Sr2	Trip 5	209
https://rubalkhali.science/kb/RAK_PH_VALUE_39e60176ab7f216dc154d857059bd983347c977f07cf6873a4852f0e1e15c41a	value	ph-measurement-v1|value|trip5|V55Sr2|2026-07-20|EQ-PH-CACL2-1G-v1.0.0	39e60176ab7f216dc154d857059bd983347c977f07cf6873a4852f0e1e15c41a	V55Sr2	Trip 5	209
https://rubalkhali.science/kb/RAK_PH_PROCESS_dc4a48ca408c90f0d80796f7e1e1ced683846dc43c82d5c1c932530280dae600	process	ph-measurement-v1|process|trip5|V55Sr3|2026-07-20|EQ-PH-CACL2-1G-v1.0.0	dc4a48ca408c90f0d80796f7e1e1ced683846dc43c82d5c1c932530280dae600	V55Sr3	Trip 5	210
https://rubalkhali.science/kb/RAK_PH_QUALITY_cff7c17eac809a2682e509afa550051f4d1a32383edd86d53707ee0ce5d851d6	quality	ph-measurement-v1|quality|trip5|V55Sr3|2026-07-20|EQ-PH-CACL2-1G-v1.0.0	cff7c17eac809a2682e509afa550051f4d1a32383edd86d53707ee0ce5d851d6	V55Sr3	Trip 5	210
https://rubalkhali.science/kb/RAK_PH_VALUE_f4ecadb6814df2f5f4266f218f87630c0a6afaa06dd4abf28cec371924c1d269	value	ph-measurement-v1|value|trip5|V55Sr3|2026-07-20|EQ-PH-CACL2-1G-v1.0.0	f4ecadb6814df2f5f4266f218f87630c0a6afaa06dd4abf28cec371924c1d269	V55Sr3	Trip 5	210
https://rubalkhali.science/kb/RAK_PH_PROCESS_f39cdbe926895686a70e96543695adc6d1963e02e669734d376d48432a033df6	process	ph-measurement-v1|process|trip5|V55Dr1|2026-07-20|EQ-PH-CACL2-1G-v1.0.0	f39cdbe926895686a70e96543695adc6d1963e02e669734d376d48432a033df6	V55Dr1	Trip 5	211
https://rubalkhali.science/kb/RAK_PH_QUALITY_2e305e5f31ca72fa18897b6a2682c4cb93522d615eab40dd5f622b44a39e4a1d	quality	ph-measurement-v1|quality|trip5|V55Dr1|2026-07-20|EQ-PH-CACL2-1G-v1.0.0	2e305e5f31ca72fa18897b6a2682c4cb93522d615eab40dd5f622b44a39e4a1d	V55Dr1	Trip 5	211
https://rubalkhali.science/kb/RAK_PH_VALUE_66e399e2cafe8abed255ab79bd292650c993a13614c24c85b101e675b2b02bcb	value	ph-measurement-v1|value|trip5|V55Dr1|2026-07-20|EQ-PH-CACL2-1G-v1.0.0	66e399e2cafe8abed255ab79bd292650c993a13614c24c85b101e675b2b02bcb	V55Dr1	Trip 5	211
https://rubalkhali.science/kb/RAK_PH_PROCESS_4008502f82bb75785e835e07e4605c960941e714dffcee8407571addd186fdc7	process	ph-measurement-v1|process|trip5|V55PRr1|2026-07-20|EQ-PH-CACL2-1G-v1.0.0	4008502f82bb75785e835e07e4605c960941e714dffcee8407571addd186fdc7	V55PRr1	Trip 5	212
https://rubalkhali.science/kb/RAK_PH_QUALITY_79328466fba153d8fce2cee98e8d6c4534360b01dd7f34d0daeff9c78f291a1e	quality	ph-measurement-v1|quality|trip5|V55PRr1|2026-07-20|EQ-PH-CACL2-1G-v1.0.0	79328466fba153d8fce2cee98e8d6c4534360b01dd7f34d0daeff9c78f291a1e	V55PRr1	Trip 5	212
https://rubalkhali.science/kb/RAK_PH_VALUE_a944a5b5bc6bec014aba4fdf3d7ba962b1d9bf9dde98b7a3cadcae07be45592d	value	ph-measurement-v1|value|trip5|V55PRr1|2026-07-20|EQ-PH-CACL2-1G-v1.0.0	a944a5b5bc6bec014aba4fdf3d7ba962b1d9bf9dde98b7a3cadcae07be45592d	V55PRr1	Trip 5	212
https://rubalkhali.science/kb/RAK_PH_PROCESS_60deaf0ef2d5f19c5e94c8f73a1407424ee156fa80ec38633ae5ce10cd240e29	process	ph-measurement-v1|process|trip5|V55PRr2|2026-07-20|EQ-PH-CACL2-1G-v1.0.0	60deaf0ef2d5f19c5e94c8f73a1407424ee156fa80ec38633ae5ce10cd240e29	V55PRr2	Trip 5	213
https://rubalkhali.science/kb/RAK_PH_QUALITY_60053e65a63f3b6aea5bb2f140d9f31ce5d4990297602299106ec0f545de1ed7	quality	ph-measurement-v1|quality|trip5|V55PRr2|2026-07-20|EQ-PH-CACL2-1G-v1.0.0	60053e65a63f3b6aea5bb2f140d9f31ce5d4990297602299106ec0f545de1ed7	V55PRr2	Trip 5	213
https://rubalkhali.science/kb/RAK_PH_VALUE_03c3b583c892c50504590ce4c0d3a5c8c9bfea7f602bd08f7ca85873b316ebb4	value	ph-measurement-v1|value|trip5|V55PRr2|2026-07-20|EQ-PH-CACL2-1G-v1.0.0	03c3b583c892c50504590ce4c0d3a5c8c9bfea7f602bd08f7ca85873b316ebb4	V55PRr2	Trip 5	213
https://rubalkhali.science/kb/RAK_PH_PROCESS_9ea5564d5eb1b390139f143410cc0e9a40e9cea7038b8fc00ff7e11a15e05f8f	process	ph-measurement-v1|process|trip5|V55PRr3|2026-07-20|EQ-PH-CACL2-1G-v1.0.0	9ea5564d5eb1b390139f143410cc0e9a40e9cea7038b8fc00ff7e11a15e05f8f	V55PRr3	Trip 5	214
https://rubalkhali.science/kb/RAK_PH_QUALITY_e5f882d4357e240b8cb13b774a15744f2b09137b4ab21949022f048bd0ffed1e	quality	ph-measurement-v1|quality|trip5|V55PRr3|2026-07-20|EQ-PH-CACL2-1G-v1.0.0	e5f882d4357e240b8cb13b774a15744f2b09137b4ab21949022f048bd0ffed1e	V55PRr3	Trip 5	214
https://rubalkhali.science/kb/RAK_PH_VALUE_fc23e3fa28e3b16660d27743c416c0bd0d641b5cd8575c823817c21ec119511b	value	ph-measurement-v1|value|trip5|V55PRr3|2026-07-20|EQ-PH-CACL2-1G-v1.0.0	fc23e3fa28e3b16660d27743c416c0bd0d641b5cd8575c823817c21ec119511b	V55PRr3	Trip 5	214
https://rubalkhali.science/kb/RAK_PH_PROCESS_ed1d677406f17039adb890b225d104c313465c97745593924c7468db13fe6913	process	ph-measurement-v1|process|trip5|V57PRr2|2026-07-20|EQ-PH-CACL2-1G-v1.0.0	ed1d677406f17039adb890b225d104c313465c97745593924c7468db13fe6913	V57PRr2	Trip 5	215
https://rubalkhali.science/kb/RAK_PH_QUALITY_c0695d999bd8901d6dbe8ca3ff8e4e557a0d619dfe47382c581cd12881a58d5d	quality	ph-measurement-v1|quality|trip5|V57PRr2|2026-07-20|EQ-PH-CACL2-1G-v1.0.0	c0695d999bd8901d6dbe8ca3ff8e4e557a0d619dfe47382c581cd12881a58d5d	V57PRr2	Trip 5	215
https://rubalkhali.science/kb/RAK_PH_VALUE_9eabcb3412156c3e26043c908fb0df9d521d84739dbaa348d6a28c220d02c447	value	ph-measurement-v1|value|trip5|V57PRr2|2026-07-20|EQ-PH-CACL2-1G-v1.0.0	9eabcb3412156c3e26043c908fb0df9d521d84739dbaa348d6a28c220d02c447	V57PRr2	Trip 5	215
https://rubalkhali.science/kb/RAK_PH_PROCESS_0e2dcdf9cef4903d6b7de13855e37ad82416d5d7755b238227694c5dc9c82f54	process	ph-measurement-v1|process|trip5|V57PRr3|2026-07-20|EQ-PH-CACL2-1G-v1.0.0	0e2dcdf9cef4903d6b7de13855e37ad82416d5d7755b238227694c5dc9c82f54	V57PRr3	Trip 5	216
https://rubalkhali.science/kb/RAK_PH_QUALITY_92f3f6580001b264c8318c2c707305f36963d1915265fb8450f6f1dd0a8957fe	quality	ph-measurement-v1|quality|trip5|V57PRr3|2026-07-20|EQ-PH-CACL2-1G-v1.0.0	92f3f6580001b264c8318c2c707305f36963d1915265fb8450f6f1dd0a8957fe	V57PRr3	Trip 5	216
https://rubalkhali.science/kb/RAK_PH_VALUE_74c0489c5d68c33569e1d9ca7eb028fd5a7f3a4e1467bebb6f5a69f4e0a06357	value	ph-measurement-v1|value|trip5|V57PRr3|2026-07-20|EQ-PH-CACL2-1G-v1.0.0	74c0489c5d68c33569e1d9ca7eb028fd5a7f3a4e1467bebb6f5a69f4e0a06357	V57PRr3	Trip 5	216
https://rubalkhali.science/kb/RAK_PH_PROCESS_7e8e89e8d9d25375997c71871fe52605ff7385e662c7cb0701e99066598491db	process	ph-measurement-v1|process|trip5|V58PRr1|2026-07-20|EQ-PH-CACL2-1G-v1.0.0	7e8e89e8d9d25375997c71871fe52605ff7385e662c7cb0701e99066598491db	V58PRr1	Trip 5	217
https://rubalkhali.science/kb/RAK_PH_QUALITY_504e2842e7a9e62a4a2ed2fe9a3ab7b8aa2603c956907fecbe17787341840cda	quality	ph-measurement-v1|quality|trip5|V58PRr1|2026-07-20|EQ-PH-CACL2-1G-v1.0.0	504e2842e7a9e62a4a2ed2fe9a3ab7b8aa2603c956907fecbe17787341840cda	V58PRr1	Trip 5	217
https://rubalkhali.science/kb/RAK_PH_VALUE_7f7edc30286701083f069586d2fc6be669e070b598623a283318417509b6b76a	value	ph-measurement-v1|value|trip5|V58PRr1|2026-07-20|EQ-PH-CACL2-1G-v1.0.0	7f7edc30286701083f069586d2fc6be669e070b598623a283318417509b6b76a	V58PRr1	Trip 5	217
https://rubalkhali.science/kb/RAK_PH_PROCESS_6e1f0c7cdf10c52521d4f970a8c582aaa44a7b01a77778d70494aa45f028666b	process	ph-measurement-v1|process|trip5|V58PRr2|2026-07-20|EQ-PH-CACL2-1G-v1.0.0	6e1f0c7cdf10c52521d4f970a8c582aaa44a7b01a77778d70494aa45f028666b	V58PRr2	Trip 5	218
https://rubalkhali.science/kb/RAK_PH_QUALITY_62c2ba372ddc5540cafe1264b1b743b0d79792f8f8e1b971969790efbd80ac14	quality	ph-measurement-v1|quality|trip5|V58PRr2|2026-07-20|EQ-PH-CACL2-1G-v1.0.0	62c2ba372ddc5540cafe1264b1b743b0d79792f8f8e1b971969790efbd80ac14	V58PRr2	Trip 5	218
https://rubalkhali.science/kb/RAK_PH_VALUE_1c6ee0d9159dd49cb8c40d8788e9d1afecd43d334609eb91e2b8478bfe681dc8	value	ph-measurement-v1|value|trip5|V58PRr2|2026-07-20|EQ-PH-CACL2-1G-v1.0.0	1c6ee0d9159dd49cb8c40d8788e9d1afecd43d334609eb91e2b8478bfe681dc8	V58PRr2	Trip 5	218
https://rubalkhali.science/kb/RAK_PH_PROCESS_9916e7ff06232a44471606a71dbaf998692d239026efd47f7ae30a8e6f4a0668	process	ph-measurement-v1|process|trip5|V58PRr3|2026-07-20|EQ-PH-CACL2-1G-v1.0.0	9916e7ff06232a44471606a71dbaf998692d239026efd47f7ae30a8e6f4a0668	V58PRr3	Trip 5	219
https://rubalkhali.science/kb/RAK_PH_QUALITY_1b60126bd4455fd6e325834b3a1276505bd89a9fc9cc498f3f4e1c33e219515e	quality	ph-measurement-v1|quality|trip5|V58PRr3|2026-07-20|EQ-PH-CACL2-1G-v1.0.0	1b60126bd4455fd6e325834b3a1276505bd89a9fc9cc498f3f4e1c33e219515e	V58PRr3	Trip 5	219
https://rubalkhali.science/kb/RAK_PH_VALUE_3c2508b0eb1d2fae99bffb245a939f18721b62cc559442020d10d9cd6ac0a65a	value	ph-measurement-v1|value|trip5|V58PRr3|2026-07-20|EQ-PH-CACL2-1G-v1.0.0	3c2508b0eb1d2fae99bffb245a939f18721b62cc559442020d10d9cd6ac0a65a	V58PRr3	Trip 5	219
https://rubalkhali.science/kb/RAK_PH_PROCESS_ec3a8d741dd037d67e7486d9e02d9bb59ed2bcf4b0e0507c0726a4f8bdb63a50	process	ph-measurement-v1|process|trip5|V60PRr1|2026-07-20|EQ-PH-CACL2-1G-v1.0.0	ec3a8d741dd037d67e7486d9e02d9bb59ed2bcf4b0e0507c0726a4f8bdb63a50	V60PRr1	Trip 5	220
https://rubalkhali.science/kb/RAK_PH_QUALITY_945071d66430a76e9227045a8e74ce1817998262f6bb5e4cbc417c7f4e0f4731	quality	ph-measurement-v1|quality|trip5|V60PRr1|2026-07-20|EQ-PH-CACL2-1G-v1.0.0	945071d66430a76e9227045a8e74ce1817998262f6bb5e4cbc417c7f4e0f4731	V60PRr1	Trip 5	220
https://rubalkhali.science/kb/RAK_PH_VALUE_d356c0654af95c4788788a96aeb533d91fb596574aedada94fa8e31cc582af0e	value	ph-measurement-v1|value|trip5|V60PRr1|2026-07-20|EQ-PH-CACL2-1G-v1.0.0	d356c0654af95c4788788a96aeb533d91fb596574aedada94fa8e31cc582af0e	V60PRr1	Trip 5	220
https://rubalkhali.science/kb/RAK_PH_PROCESS_50c00357c36f1d98d59f83f36fcbd6bb0a2478e8c12d75488307ac7173d043c1	process	ph-measurement-v1|process|trip5|V60PRr2|2026-07-20|EQ-PH-CACL2-1G-v1.0.0	50c00357c36f1d98d59f83f36fcbd6bb0a2478e8c12d75488307ac7173d043c1	V60PRr2	Trip 5	221
https://rubalkhali.science/kb/RAK_PH_QUALITY_a5a8149f03297b4364d67fce4a0a8ae60c3ceeafed52a3192af2a7c5f3e502e1	quality	ph-measurement-v1|quality|trip5|V60PRr2|2026-07-20|EQ-PH-CACL2-1G-v1.0.0	a5a8149f03297b4364d67fce4a0a8ae60c3ceeafed52a3192af2a7c5f3e502e1	V60PRr2	Trip 5	221
https://rubalkhali.science/kb/RAK_PH_VALUE_487c4bcbebf739176ae9c079b56e58a078afdea75e50fab6635b1d7661ec7a0a	value	ph-measurement-v1|value|trip5|V60PRr2|2026-07-20|EQ-PH-CACL2-1G-v1.0.0	487c4bcbebf739176ae9c079b56e58a078afdea75e50fab6635b1d7661ec7a0a	V60PRr2	Trip 5	221
