source_sheet	source_row	trip	sample_id	specimen_iri	site	compartment	replicate	measurement_date_raw	measurement_date	date_status	calibration_recorded	slope_percent	ph10_check	ph_value_raw	ph_value	notes	metadata_match	calibration_pass	slope_pass	ph10_check_pass	value_range_pass	disposition	ecology_eligible	kg_eligible	reason_codes
Trip 1	2	1	1Sr1	https://rubalkhali.science/kb/RAK_6000004	1	Surface	1	2026-07-21T00:00:00	2026-07-21	accepted	Yes	97.4	10.06	7.99	7.99		True	True	True	True	True	ADMITTED_MEASUREMENT	True	True	
Trip 1	3	1	1Sr2	https://rubalkhali.science/kb/RAK_6000005	1	Surface	2	2026-07-21T00:00:00	2026-07-21	accepted	Yes	97.4	10.06	8	8		True	True	True	True	True	ADMITTED_MEASUREMENT	True	True	
Trip 1	4	1	1Sr3	https://rubalkhali.science/kb/RAK_6000006	1	Surface	3	2026-07-21T00:00:00	2026-07-21	accepted	Yes	97.4	10.06	7.98	7.98		True	True	True	True	True	ADMITTED_MEASUREMENT	True	True	
Trip 1	5	1	1Dr1	https://rubalkhali.science/kb/RAK_6000001	1	Deep	1	2026-07-21T00:00:00	2026-07-21	accepted	Yes	97.4	10.06	8	8		True	True	True	True	True	ADMITTED_MEASUREMENT	True	True	
Trip 1	6	1	1Dr2	https://rubalkhali.science/kb/RAK_6000002	1	Deep	2	2026-07-21T00:00:00	2026-07-21	accepted	Yes	97.4	10.06	7.99	7.99		True	True	True	True	True	ADMITTED_MEASUREMENT	True	True	
Trip 1	7	1	1Dr3	https://rubalkhali.science/kb/RAK_6000003	1	Deep	3	2026-07-21T00:00:00	2026-07-21	accepted	Yes	97.4	10.06	8	8		True	True	True	True	True	ADMITTED_MEASUREMENT	True	True	
Trip 1	8	1	1PRr2	https://rubalkhali.science/kb/RAK_6000008	1	Rhizosphere	2			missing							True	False	False	False	False	PENDING_MEASUREMENT	False	False	ph_value_missing
Trip 1	9	1	1PRr3	https://rubalkhali.science/kb/RAK_6000009	1	Rhizosphere	3	2026-07-21T00:00:00	2026-07-21	accepted	Yes	97.4	10.06	7.95	7.95		True	True	True	True	True	ADMITTED_MEASUREMENT	True	True	
Trip 1	10	1	2Sr1	https://rubalkhali.science/kb/RAK_6000013	2	Surface	1	2026-07-22T00:00:00	2026-07-22	accepted	Yes	96.1	10.06	8.15	8.15		True	True	True	True	True	ADMITTED_MEASUREMENT	True	True	
Trip 1	11	1	2Sr3	https://rubalkhali.science/kb/RAK_6000015	2	Surface	3			missing							True	False	False	False	False	PENDING_MEASUREMENT	False	False	ph_value_missing
Trip 1	12	1	2Dr1	https://rubalkhali.science/kb/RAK_6000010	2	Deep	1			missing							True	False	False	False	False	PENDING_MEASUREMENT	False	False	ph_value_missing
Trip 1	13	1	2Dr2	https://rubalkhali.science/kb/RAK_6000011	2	Deep	2	2026-07-22T00:00:00	2026-07-22	accepted	Yes	96.1	10.06	8.07	8.07		True	True	True	True	True	ADMITTED_MEASUREMENT	True	True	
Trip 1	14	1	2Dr3	https://rubalkhali.science/kb/RAK_6000012	2	Deep	3			missing							True	False	False	False	False	PENDING_MEASUREMENT	False	False	ph_value_missing
Trip 1	15	1	2PRr1	https://rubalkhali.science/kb/RAK_6000016	2	Rhizosphere	1			missing							True	False	False	False	False	PENDING_MEASUREMENT	False	False	ph_value_missing
Trip 1	16	1	2PRr2	https://rubalkhali.science/kb/RAK_6000017	2	Rhizosphere	2	2026-07-22T00:00:00	2026-07-22	accepted	Yes	96.1	10.06	7.9	7.9		True	True	True	True	True	ADMITTED_MEASUREMENT	True	True	
Trip 1	17	1	3Sr1	https://rubalkhali.science/kb/RAK_6000022	3	Surface	1	2026-07-22T00:00:00	2026-07-22	accepted	Yes	96.1	10.06	7.84	7.84		True	True	True	True	True	ADMITTED_MEASUREMENT	True	True	
Trip 1	18	1	3Sr3	https://rubalkhali.science/kb/RAK_6000024	3	Surface	3			missing							True	False	False	False	False	PENDING_MEASUREMENT	False	False	ph_value_missing
Trip 1	19	1	3Dr2	https://rubalkhali.science/kb/RAK_6000020	3	Deep	2	2026-07-22T00:00:00	2026-07-22	accepted	Yes	96.1	10.06	7.77	7.77		True	True	True	True	True	ADMITTED_MEASUREMENT	True	True	
Trip 1	20	1	3Dr3	https://rubalkhali.science/kb/RAK_6000021	3	Deep	3			missing							True	False	False	False	False	PENDING_MEASUREMENT	False	False	ph_value_missing
Trip 1	21	1	3PRr1	https://rubalkhali.science/kb/RAK_6000025	3	Rhizosphere	1	2026-07-22T00:00:00	2026-07-22	accepted	Yes	96.1	10.06	7.65	7.65		True	True	True	True	True	ADMITTED_MEASUREMENT	True	True	
Trip 1	22	1	3PRr2	https://rubalkhali.science/kb/RAK_6000026	3	Rhizosphere	2			missing							True	False	False	False	False	PENDING_MEASUREMENT	False	False	ph_value_missing
Trip 1	23	1	3PRr3	https://rubalkhali.science/kb/RAK_6000027	3	Rhizosphere	3			missing							True	False	False	False	False	PENDING_MEASUREMENT	False	False	ph_value_missing
Trip 1	24	1	4Sr1	https://rubalkhali.science/kb/RAK_6000031	4	Surface	1	2026-07-22T00:00:00	2026-07-22	accepted	Yes	96.1	10.06	8.02	8.02		True	True	True	True	True	ADMITTED_MEASUREMENT	True	True	
Trip 1	25	1	4Dr1	https://rubalkhali.science/kb/RAK_6000028	4	Deep	1	2026-07-22T00:00:00	2026-07-22	accepted	Yes	96.1	10.06	7.97	7.97		True	True	True	True	True	ADMITTED_MEASUREMENT	True	True	
Trip 1	26	1	4Dr2	https://rubalkhali.science/kb/RAK_6000029	4	Deep	2			missing							True	False	False	False	False	PENDING_MEASUREMENT	False	False	ph_value_missing
Trip 1	27	1	4Dr3	https://rubalkhali.science/kb/RAK_6000030	4	Deep	3			missing							True	False	False	False	False	PENDING_MEASUREMENT	False	False	ph_value_missing
Trip 1	28	1	4PRr1	https://rubalkhali.science/kb/RAK_6000034	4	Rhizosphere	1	2026-07-22T00:00:00	2026-07-22	accepted	Yes	96.1	10.06	7.93	7.93		True	True	True	True	True	ADMITTED_MEASUREMENT	True	True	
Trip 1	29	1	4PRr2	https://rubalkhali.science/kb/RAK_6000035	4	Rhizosphere	2			missing							True	False	False	False	False	PENDING_MEASUREMENT	False	False	ph_value_missing
Trip 1	30	1	4PRr3	https://rubalkhali.science/kb/RAK_6000036	4	Rhizosphere	3			missing							True	False	False	False	False	PENDING_MEASUREMENT	False	False	ph_value_missing
Trip 1	31	1	5Sr1	https://rubalkhali.science/kb/RAK_6000040	5	Surface	1	2026-07-22T00:00:00	2026-07-22	accepted	Yes	96.1	10.06	8.03	8.03		True	True	True	True	True	ADMITTED_MEASUREMENT	True	True	
Trip 1	32	1	5Sr2	https://rubalkhali.science/kb/RAK_6000041	5	Surface	2			missing							True	False	False	False	False	PENDING_MEASUREMENT	False	False	ph_value_missing
Trip 1	33	1	5Sr3	https://rubalkhali.science/kb/RAK_6000042	5	Surface	3			missing							True	False	False	False	False	PENDING_MEASUREMENT	False	False	ph_value_missing
Trip 1	34	1	5Dr1	https://rubalkhali.science/kb/RAK_6000037	5	Deep	1	2026-07-22T00:00:00	2026-07-22	accepted	Yes	96.1	10.06	7.99	7.99		True	True	True	True	True	ADMITTED_MEASUREMENT	True	True	
Trip 1	35	1	5Dr2	https://rubalkhali.science/kb/RAK_6000038	5	Deep	2			missing							True	False	False	False	False	PENDING_MEASUREMENT	False	False	ph_value_missing
Trip 1	36	1	6Sr1	https://rubalkhali.science/kb/RAK_6000049	6	Surface	1	2026-07-22T00:00:00	2026-07-22	accepted	Yes	96.1	10.06	7.96	7.96		True	True	True	True	True	ADMITTED_MEASUREMENT	True	True	
Trip 1	37	1	6Sr2	https://rubalkhali.science/kb/RAK_6000050	6	Surface	2			missing							True	False	False	False	False	PENDING_MEASUREMENT	False	False	ph_value_missing
Trip 1	38	1	6Dr1	https://rubalkhali.science/kb/RAK_6000046	6	Deep	1	2026-07-22T00:00:00	2026-07-22	accepted	Yes	96.1	10.06	7.93	7.93		True	True	True	True	True	ADMITTED_MEASUREMENT	True	True	
Trip 1	39	1	6Dr3	https://rubalkhali.science/kb/RAK_6000048	6	Deep	3			missing							True	False	False	False	False	PENDING_MEASUREMENT	False	False	ph_value_missing
Trip 1	40	1	6PRr1	https://rubalkhali.science/kb/RAK_6000052	6	Rhizosphere	1	2026-07-22T00:00:00	2026-07-22	accepted	Yes	96.1	10.06	7.88	7.88		True	True	True	True	True	ADMITTED_MEASUREMENT	True	True	
Trip 1	41	1	6PRr2	https://rubalkhali.science/kb/RAK_6000053	6	Rhizosphere	2			missing							True	False	False	False	False	PENDING_MEASUREMENT	False	False	ph_value_missing
Trip 1	42	1	7Sr1	https://rubalkhali.science/kb/RAK_6000058	7	Surface	1			missing							True	False	False	False	False	PENDING_MEASUREMENT	False	False	ph_value_missing
Trip 1	43	1	7Sr2	https://rubalkhali.science/kb/RAK_6000059	7	Surface	2	2026-07-22T00:00:00	2026-07-22	accepted	Yes	96.1	10.06	8.04	8.04		True	True	True	True	True	ADMITTED_MEASUREMENT	True	True	
Trip 1	44	1	7Dr1	https://rubalkhali.science/kb/RAK_6000055	7	Deep	1			missing							True	False	False	False	False	PENDING_MEASUREMENT	False	False	ph_value_missing
Trip 1	45	1	7Dr2	https://rubalkhali.science/kb/RAK_6000056	7	Deep	2	2026-07-22T00:00:00	2026-07-22	accepted	Yes	96.1	10.06	7.95	7.95		True	True	True	True	True	ADMITTED_MEASUREMENT	True	True	
Trip 1	46	1	7PRr2	https://rubalkhali.science/kb/RAK_6000062	7	Rhizosphere	2	2026-07-22T00:00:00	2026-07-22	accepted	Yes	96.1	10.06	7.7	7.7		True	True	True	True	True	ADMITTED_MEASUREMENT	True	True	
Trip 1	47	1	8Sr2	https://rubalkhali.science/kb/RAK_6000068	8	Surface	2	2026-07-21T00:00:00	2026-07-21	accepted	Yes	97.4	10.06	7.4	7.4		True	True	True	True	True	ADMITTED_MEASUREMENT	True	True	
Trip 1	48	1	8Sr3	https://rubalkhali.science/kb/RAK_6000069	8	Surface	3	2026-07-21T00:00:00	2026-07-21	accepted	Yes	97.4	10.06	7.39	7.39		True	True	True	True	True	ADMITTED_MEASUREMENT	True	True	
Trip 1	49	1	8PRr1	https://rubalkhali.science/kb/RAK_6000070	8	Rhizosphere	1	2026-07-21T00:00:00	2026-07-21	accepted	Yes	97.4	10.06	7.71	7.71		True	True	True	True	True	ADMITTED_MEASUREMENT	True	True	
Trip 1	50	1	8PRr2	https://rubalkhali.science/kb/RAK_6000071	8	Rhizosphere	2	2026-07-21T00:00:00	2026-07-21	accepted	Yes	97.4	10.06	7.77	7.77		True	True	True	True	True	ADMITTED_MEASUREMENT	True	True	
Trip 1	51	1	8PRr3	https://rubalkhali.science/kb/RAK_6000072	8	Rhizosphere	3	2026-07-21T00:00:00	2026-07-21	accepted	Yes	97.4	10.06	7.69	7.69		True	True	True	True	True	ADMITTED_MEASUREMENT	True	True	
Trip 1	52	1	9Sr1	https://rubalkhali.science/kb/RAK_6000076	9	Surface	1	2026-07-22T00:00:00	2026-07-22	accepted	Yes	96.1	10.06	8.09	8.09		True	True	True	True	True	ADMITTED_MEASUREMENT	True	True	
Trip 1	53	1	9Sr2	https://rubalkhali.science/kb/RAK_6000077	9	Surface	2			missing							True	False	False	False	False	PENDING_MEASUREMENT	False	False	ph_value_missing
Trip 1	54	1	9Sr3	https://rubalkhali.science/kb/RAK_6000078	9	Surface	3			missing							True	False	False	False	False	PENDING_MEASUREMENT	False	False	ph_value_missing
Trip 1	55	1	9Dr1	https://rubalkhali.science/kb/RAK_6000073	9	Deep	1	2026-07-22T00:00:00	2026-07-22	accepted	Yes	96.1	10.06	7.97	7.97		True	True	True	True	True	ADMITTED_MEASUREMENT	True	True	
Trip 1	56	1	9Dr3	https://rubalkhali.science/kb/RAK_6000075	9	Deep	3			missing							True	False	False	False	False	PENDING_MEASUREMENT	False	False	ph_value_missing
Trip 1	57	1	9PRr2	https://rubalkhali.science/kb/RAK_6000080	9	Rhizosphere	2	2026-07-22T00:00:00	2026-07-22	accepted	Yes	96.1	10.06	7.9	7.9		True	True	True	True	True	ADMITTED_MEASUREMENT	True	True	
Trip 1	58	1	9PRr3	https://rubalkhali.science/kb/RAK_6000081	9	Rhizosphere	3			missing							True	False	False	False	False	PENDING_MEASUREMENT	False	False	ph_value_missing
Trip 1	59	1	10Sr2	https://rubalkhali.science/kb/RAK_6000086	10	Surface	2	2026-07-22T00:00:00	2026-07-22	accepted	Yes	96.1	10.06	8.01	8.01		True	True	True	True	True	ADMITTED_MEASUREMENT	True	True	
Trip 1	60	1	10Sr3	https://rubalkhali.science/kb/RAK_6000087	10	Surface	3			missing							True	False	False	False	False	PENDING_MEASUREMENT	False	False	ph_value_missing
Trip 1	61	1	10Dr2	https://rubalkhali.science/kb/RAK_6000083	10	Deep	2	2026-07-22T00:00:00	2026-07-22	accepted	Yes	96.1	10.06	7.7	7.7		True	True	True	True	True	ADMITTED_MEASUREMENT	True	True	
Trip 1	62	1	10PRr2	https://rubalkhali.science/kb/RAK_6000089	10	Rhizosphere	2	2026-07-22T00:00:00	2026-07-22	accepted	Yes	96.1	10.06	8.02	8.02		True	True	True	True	True	ADMITTED_MEASUREMENT	True	True	
Trip 1	63	1	10PRr3	https://rubalkhali.science/kb/RAK_6000090	10	Rhizosphere	3			missing							True	False	False	False	False	PENDING_MEASUREMENT	False	False	ph_value_missing
Trip 1	64	1	11Sr2	https://rubalkhali.science/kb/RAK_6000095	11	Surface	2	2026-07-22T00:00:00	2026-07-22	accepted	Yes	96.1	10.06	8.12	8.12		True	True	True	True	True	ADMITTED_MEASUREMENT	True	True	
Trip 1	65	1	11Dr1	https://rubalkhali.science/kb/RAK_6000091	11	Deep	1	2026-07-22T00:00:00	2026-07-22	accepted	Yes	96.1	10.06	8.13	8.13		True	True	True	True	True	ADMITTED_MEASUREMENT	True	True	
Trip 1	66	1	11Dr3	https://rubalkhali.science/kb/RAK_6000093	11	Deep	3			missing							True	False	False	False	False	PENDING_MEASUREMENT	False	False	ph_value_missing
Trip 1	67	1	11PRr1	https://rubalkhali.science/kb/RAK_6000097	11	Rhizosphere	1			missing							True	False	False	False	False	PENDING_MEASUREMENT	False	False	ph_value_missing
Trip 1	68	1	11PRr2	https://rubalkhali.science/kb/RAK_6000098	11	Rhizosphere	2			missing							True	False	False	False	False	PENDING_MEASUREMENT	False	False	ph_value_missing
Trip 1	69	1	11PRr3	https://rubalkhali.science/kb/RAK_6000099	11	Rhizosphere	3	2026-07-22T00:00:00	2026-07-22	accepted	Yes	96.1	10.07	8.01	8.01		True	True	True	True	True	ADMITTED_MEASUREMENT	True	True	
Trip 1	70	1	12Sr1	https://rubalkhali.science/kb/RAK_6000103	12	Surface	1			missing						Depleted	True	False	False	False	False	NOT_MEASURED_DEPLETED	False	False	sample_depleted
Trip 1	71	1	12Sr2	https://rubalkhali.science/kb/RAK_6000104	12	Surface	2			missing						Depleted	True	False	False	False	False	NOT_MEASURED_DEPLETED	False	False	sample_depleted
Trip 1	72	1	12Sr3	https://rubalkhali.science/kb/RAK_6000105	12	Surface	3			missing						Depleted	True	False	False	False	False	NOT_MEASURED_DEPLETED	False	False	sample_depleted
Trip 1	73	1	12Dr2	https://rubalkhali.science/kb/RAK_6000101	12	Deep	2			missing						Depleted	True	False	False	False	False	NOT_MEASURED_DEPLETED	False	False	sample_depleted
Trip 1	74	1	12Dr3	https://rubalkhali.science/kb/RAK_6000102	12	Deep	3			missing						Depleted	True	False	False	False	False	NOT_MEASURED_DEPLETED	False	False	sample_depleted
Trip 1	75	1	12PRr1	https://rubalkhali.science/kb/RAK_6000106	12	Rhizosphere	1			missing						Depleted	True	False	False	False	False	NOT_MEASURED_DEPLETED	False	False	sample_depleted
Trip 1	76	1	12PRr3	https://rubalkhali.science/kb/RAK_6000108	12	Rhizosphere	3			missing						Depleted	True	False	False	False	False	NOT_MEASURED_DEPLETED	False	False	sample_depleted
Trip 1	77	1	13Sr2	https://rubalkhali.science/kb/RAK_6000113	13	Surface	2	2026-07-22T00:00:00	2026-07-22	accepted	Yes	96.1	10.07	8.02	8.02		True	True	True	True	True	ADMITTED_MEASUREMENT	True	True	
Trip 1	78	1	13Dr1	https://rubalkhali.science/kb/RAK_6000109	13	Deep	1	2026-07-22T00:00:00	2026-07-22	accepted	Yes	96.1	10.07	8.03	8.03		True	True	True	True	True	ADMITTED_MEASUREMENT	True	True	
Trip 1	79	1	13Dr3	https://rubalkhali.science/kb/RAK_6000111	13	Deep	3			missing							True	False	False	False	False	PENDING_MEASUREMENT	False	False	ph_value_missing
Trip 1	80	1	14Sr2	https://rubalkhali.science/kb/RAK_6000122	14	Surface	2			missing						Depleted	True	False	False	False	False	NOT_MEASURED_DEPLETED	False	False	sample_depleted
Trip 1	81	1	14Dr1	https://rubalkhali.science/kb/RAK_6000118	14	Deep	1			missing						Depleted	True	False	False	False	False	NOT_MEASURED_DEPLETED	False	False	sample_depleted
Trip 1	82	1	14Dr2	https://rubalkhali.science/kb/RAK_6000119	14	Deep	2			missing						Depleted	True	False	False	False	False	NOT_MEASURED_DEPLETED	False	False	sample_depleted
Trip 1	83	1	14Dr3	https://rubalkhali.science/kb/RAK_6000120	14	Deep	3			missing						Depleted	True	False	False	False	False	NOT_MEASURED_DEPLETED	False	False	sample_depleted
Trip 1	84	1	14PRr1	https://rubalkhali.science/kb/RAK_6000124	14	Rhizosphere	1			missing						Depleted	True	False	False	False	False	NOT_MEASURED_DEPLETED	False	False	sample_depleted
Trip 1	85	1	14PRr2	https://rubalkhali.science/kb/RAK_6000125	14	Rhizosphere	2			missing						Depleted	True	False	False	False	False	NOT_MEASURED_DEPLETED	False	False	sample_depleted
Trip 1	86	1	15Sr1	https://rubalkhali.science/kb/RAK_6000130	15	Surface	1	2026-07-22T00:00:00	2026-07-22	accepted	Yes	96.1	10.07	7.97	7.97		True	True	True	True	True	ADMITTED_MEASUREMENT	True	True	
Trip 1	87	1	15Sr3	https://rubalkhali.science/kb/RAK_6000132	15	Surface	3			missing							True	False	False	False	False	PENDING_MEASUREMENT	False	False	ph_value_missing
Trip 1	88	1	15Dr1	https://rubalkhali.science/kb/RAK_6000127	15	Deep	1	2026-07-22T00:00:00	2026-07-22	accepted	Yes	96.1	10.07	7.93	7.93		True	True	True	True	True	ADMITTED_MEASUREMENT	True	True	
Trip 1	89	1	15Dr3	https://rubalkhali.science/kb/RAK_6000129	15	Deep	3			missing							True	False	False	False	False	PENDING_MEASUREMENT	False	False	ph_value_missing
Trip 1	90	1	15PRr1	https://rubalkhali.science/kb/RAK_6000133	15	Rhizosphere	1			missing							True	False	False	False	False	PENDING_MEASUREMENT	False	False	ph_value_missing
Trip 1	91	1	15PRr2	https://rubalkhali.science/kb/RAK_6000134	15	Rhizosphere	2	2026-07-22T00:00:00	2026-07-22	accepted	Yes	96.1	10.07	7.8	7.8		True	True	True	True	True	ADMITTED_MEASUREMENT	True	True	
Trip 1	92	1	15PRr3	https://rubalkhali.science/kb/RAK_6000135	15	Rhizosphere	3			missing							True	False	False	False	False	PENDING_MEASUREMENT	False	False	ph_value_missing
Trip 1	93	1	16Sr1	https://rubalkhali.science/kb/RAK_6000139	16	Surface	1	2026-07-22T00:00:00	2026-07-22	accepted	Yes	96.1	10.07	7.88	7.88		True	True	True	True	True	ADMITTED_MEASUREMENT	True	True	
Trip 1	94	1	16Dr1	https://rubalkhali.science/kb/RAK_6000136	16	Deep	1	2026-07-22T00:00:00	2026-07-22	accepted	Yes	96.1	10.07	7.91	7.91		True	True	True	True	True	ADMITTED_MEASUREMENT	True	True	
Trip 1	95	1	16Dr3	https://rubalkhali.science/kb/RAK_6000138	16	Deep	3			missing							True	False	False	False	False	PENDING_MEASUREMENT	False	False	ph_value_missing
Trip 1	96	1	16PRr1	https://rubalkhali.science/kb/RAK_6000142	16	Rhizosphere	1	2026-07-22T00:00:00	2026-07-22	accepted	Yes	96.1	10.07	7.8	7.8		True	True	True	True	True	ADMITTED_MEASUREMENT	True	True	
Trip 1	97	1	16PRr2	https://rubalkhali.science/kb/RAK_6000143	16	Rhizosphere	2			missing							True	False	False	False	False	PENDING_MEASUREMENT	False	False	ph_value_missing
Trip 1	98	1	16PRr3	https://rubalkhali.science/kb/RAK_6000144	16	Rhizosphere	3			missing							True	False	False	False	False	PENDING_MEASUREMENT	False	False	ph_value_missing
Trip 1	99	1	17Sr1	https://rubalkhali.science/kb/RAK_6000148	17	Surface	1	2026-07-22T00:00:00	2026-07-22	accepted	Yes	96.1	10.07	8.01	8.01		True	True	True	True	True	ADMITTED_MEASUREMENT	True	True	
Trip 1	100	1	17Sr2	https://rubalkhali.science/kb/RAK_6000149	17	Surface	2			missing							True	False	False	False	False	PENDING_MEASUREMENT	False	False	ph_value_missing
Trip 1	101	1	17Sr3	https://rubalkhali.science/kb/RAK_6000150	17	Surface	3			missing							True	False	False	False	False	PENDING_MEASUREMENT	False	False	ph_value_missing
Trip 1	102	1	17Dr1	https://rubalkhali.science/kb/RAK_6000145	17	Deep	1	2026-07-22T00:00:00	2026-07-22	accepted	Yes	96.1	10.07	7.99	7.99		True	True	True	True	True	ADMITTED_MEASUREMENT	True	True	
Trip 1	103	1	17Dr2	https://rubalkhali.science/kb/RAK_6000146	17	Deep	2			missing							True	False	False	False	False	PENDING_MEASUREMENT	False	False	ph_value_missing
Trip 1	104	1	17Dr3	https://rubalkhali.science/kb/RAK_6000147	17	Deep	3			missing							True	False	False	False	False	PENDING_MEASUREMENT	False	False	ph_value_missing
Trip 1	105	1	17PRr2	https://rubalkhali.science/kb/RAK_6000152	17	Rhizosphere	2	2026-07-22T00:00:00	2026-07-22	accepted	Yes	96.1	10.07	7.7	7.7		True	True	True	True	True	ADMITTED_MEASUREMENT	True	True	
Trip 1	106	1	17PRr3	https://rubalkhali.science/kb/RAK_6000153	17	Rhizosphere	3			missing							True	False	False	False	False	PENDING_MEASUREMENT	False	False	ph_value_missing
Trip 1	107	1	18Sr1	https://rubalkhali.science/kb/RAK_6000157	18	Surface	1	2026-07-21T00:00:00	2026-07-21	accepted	Yes	97.4	10.06	7.82	7.82		True	True	True	True	True	ADMITTED_MEASUREMENT	True	True	
Trip 1	108	1	18Sr2	https://rubalkhali.science/kb/RAK_6000158	18	Surface	2	2026-07-21T00:00:00	2026-07-21	accepted	Yes	97.4	10.06	7.93	7.93		True	True	True	True	True	ADMITTED_MEASUREMENT	True	True	
Trip 1	109	1	18Dr2	https://rubalkhali.science/kb/RAK_6000155	18	Deep	2	2026-07-21T00:00:00	2026-07-21	accepted	Yes	97.4	10.06	7.61	7.61		True	True	True	True	True	ADMITTED_MEASUREMENT	True	True	
Trip 1	110	1	18PRr1	https://rubalkhali.science/kb/RAK_6000160	18	Rhizosphere	1			missing							True	False	False	False	False	PENDING_MEASUREMENT	False	False	ph_value_missing
Trip 1	111	1	18PRr2	https://rubalkhali.science/kb/RAK_6000161	18	Rhizosphere	2	2026-07-21T00:00:00	2026-07-21	accepted	Yes	97.4	10.06	7.91	7.91		True	True	True	True	True	ADMITTED_MEASUREMENT	True	True	
Trip 1	112	1	19Sr1	https://rubalkhali.science/kb/RAK_6000166	19	Surface	1	2026-07-22T00:00:00	2026-07-22	accepted	Yes	96.1	10.07	7.78	7.78		True	True	True	True	True	ADMITTED_MEASUREMENT	True	True	
Trip 1	113	1	19Sr3	https://rubalkhali.science/kb/RAK_6000168	19	Surface	3			missing							True	False	False	False	False	PENDING_MEASUREMENT	False	False	ph_value_missing
Trip 1	114	1	19Dr2	https://rubalkhali.science/kb/RAK_6000164	19	Deep	2	2026-07-22T00:00:00	2026-07-22	accepted	Yes	96.1	10.07	7.7	7.7		True	True	True	True	True	ADMITTED_MEASUREMENT	True	True	
Trip 1	115	1	19Dr3	https://rubalkhali.science/kb/RAK_6000165	19	Deep	3			missing							True	False	False	False	False	PENDING_MEASUREMENT	False	False	ph_value_missing
Trip 1	116	1	20Sr1	https://rubalkhali.science/kb/RAK_6000175	20	Surface	1	2026-07-22T00:00:00	2026-07-22	accepted	Yes	96.1	10.07	7.81	7.81		True	True	True	True	True	ADMITTED_MEASUREMENT	True	True	
Trip 1	117	1	20Sr3	https://rubalkhali.science/kb/RAK_6000177	20	Surface	3			missing							True	False	False	False	False	PENDING_MEASUREMENT	False	False	ph_value_missing
Trip 1	118	1	20Dr1	https://rubalkhali.science/kb/RAK_6000172	20	Deep	1	2026-07-22T00:00:00	2026-07-22	accepted	Yes	96.1	10.07	7.79	7.79		True	True	True	True	True	ADMITTED_MEASUREMENT	True	True	
Trip 1	119	1	20Dr2	https://rubalkhali.science/kb/RAK_6000173	20	Deep	2			missing							True	False	False	False	False	PENDING_MEASUREMENT	False	False	ph_value_missing
Trip 1	120	1	20PRr1	https://rubalkhali.science/kb/RAK_6000178	20	Rhizosphere	1			missing							True	False	False	False	False	PENDING_MEASUREMENT	False	False	ph_value_missing
Trip 1	121	1	20PRr2	https://rubalkhali.science/kb/RAK_6000179	20	Rhizosphere	2			missing							True	False	False	False	False	PENDING_MEASUREMENT	False	False	ph_value_missing
Trip 1	122	1	21Sr1	https://rubalkhali.science/kb/RAK_6000184	21	Surface	1			missing							True	False	False	False	False	PENDING_MEASUREMENT	False	False	ph_value_missing
Trip 1	123	1	21Sr2	https://rubalkhali.science/kb/RAK_6000185	21	Surface	2			missing							True	False	False	False	False	PENDING_MEASUREMENT	False	False	ph_value_missing
Trip 1	124	1	21Sr3	https://rubalkhali.science/kb/RAK_6000186	21	Surface	3			missing							True	False	False	False	False	PENDING_MEASUREMENT	False	False	ph_value_missing
Trip 1	125	1	21Dr1	https://rubalkhali.science/kb/RAK_6000181	21	Deep	1			missing							True	False	False	False	False	PENDING_MEASUREMENT	False	False	ph_value_missing
Trip 1	126	1	22Sr1	https://rubalkhali.science/kb/RAK_6000193	22	Surface	1	2026-07-21T00:00:00	2026-07-21	accepted	Yes	97.4	10.06	7.98	7.98		True	True	True	True	True	ADMITTED_MEASUREMENT	True	True	
Trip 1	127	1	22Sr3	https://rubalkhali.science/kb/RAK_6000195	22	Surface	3	2026-07-21T00:00:00	2026-07-21	accepted	Yes	97.4	10.06	7.91	7.91		True	True	True	True	True	ADMITTED_MEASUREMENT	True	True	
Trip 1	128	1	22Dr1	https://rubalkhali.science/kb/RAK_6000190	22	Deep	1	2026-07-21T00:00:00	2026-07-21	accepted	Yes	97.4	10.06	7.99	7.99		True	True	True	True	True	ADMITTED_MEASUREMENT	True	True	
Trip 1	129	1	22Dr2	https://rubalkhali.science/kb/RAK_6000191	22	Deep	2	2026-07-21T00:00:00	2026-07-21	accepted	Yes	97.4	10.06	7.96	7.96		True	True	True	True	True	ADMITTED_MEASUREMENT	True	True	
Trip 1	130	1	22Dr3	https://rubalkhali.science/kb/RAK_6000192	22	Deep	3			missing							True	False	False	False	False	PENDING_MEASUREMENT	False	False	ph_value_missing
Trip 1	131	1	22PRr1	https://rubalkhali.science/kb/RAK_6000196	22	Rhizosphere	1			missing							True	False	False	False	False	PENDING_MEASUREMENT	False	False	ph_value_missing
Trip 1	132	1	22PRr3	https://rubalkhali.science/kb/RAK_6000198	22	Rhizosphere	3	2026-07-21T00:00:00	2026-07-21	accepted	Yes	97.4	10.06	7.97	7.97		True	True	True	True	True	ADMITTED_MEASUREMENT	True	True	
Trip 1	133	1	23Sr1	https://rubalkhali.science/kb/RAK_6000202	23	Surface	1			missing							True	False	False	False	False	PENDING_MEASUREMENT	False	False	ph_value_missing
Trip 1	134	1	23Sr2	https://rubalkhali.science/kb/RAK_6000203	23	Surface	2	2026-07-23T00:00:00	2026-07-23	accepted	Yes	98.1	10.04	7.96	7.96		True	True	True	True	True	ADMITTED_MEASUREMENT	True	True	
Trip 1	135	1	23Sr3	https://rubalkhali.science/kb/RAK_6000204	23	Surface	3			missing							True	False	False	False	False	PENDING_MEASUREMENT	False	False	ph_value_missing
Trip 1	136	1	23Dr1	https://rubalkhali.science/kb/RAK_6000199	23	Deep	1	2026-07-23T00:00:00	2026-07-23	accepted	Yes	98.1	10.04	8.03	8.03		True	True	True	True	True	ADMITTED_MEASUREMENT	True	True	
Trip 1	137	1	23Dr3	https://rubalkhali.science/kb/RAK_6000201	23	Deep	3			missing							True	False	False	False	False	PENDING_MEASUREMENT	False	False	ph_value_missing
Trip 1	138	1	23PRr1	https://rubalkhali.science/kb/RAK_6000205	23	Rhizosphere	1	2026-07-23T00:00:00	2026-07-23	accepted	Yes	98.1	10.04	7.8	7.8		True	True	True	True	True	ADMITTED_MEASUREMENT	True	True	
Trip 1	139	1	23PRr2	https://rubalkhali.science/kb/RAK_6000206	23	Rhizosphere	2			missing							True	False	False	False	False	PENDING_MEASUREMENT	False	False	ph_value_missing
Trip 1	140	1	23PRr3	https://rubalkhali.science/kb/RAK_6000207	23	Rhizosphere	3			missing							True	False	False	False	False	PENDING_MEASUREMENT	False	False	ph_value_missing
Trip 1	141	1	24Sr1	https://rubalkhali.science/kb/RAK_6000211	24	Surface	1	2026-07-23T00:00:00	2026-07-23	accepted	Yes	98.1	10.04	7.79	7.79		True	True	True	True	True	ADMITTED_MEASUREMENT	True	True	
Trip 1	142	1	24Sr2	https://rubalkhali.science/kb/RAK_6000212	24	Surface	2			missing							True	False	False	False	False	PENDING_MEASUREMENT	False	False	ph_value_missing
Trip 1	143	1	24Dr1	https://rubalkhali.science/kb/RAK_6000208	24	Deep	1			missing							True	False	False	False	False	PENDING_MEASUREMENT	False	False	ph_value_missing
Trip 1	144	1	24Dr2	https://rubalkhali.science/kb/RAK_6000209	24	Deep	2	2026-07-23T00:00:00	2026-07-23	accepted	Yes	98.1	10.04	8.02	8.02		True	True	True	True	True	ADMITTED_MEASUREMENT	True	True	
Trip 1	145	1	24PRr2	https://rubalkhali.science/kb/RAK_6000215	24	Rhizosphere	2	2026-07-23T00:00:00	2026-07-23	accepted	Yes	98.1	10.04	7.97	7.97		True	True	True	True	True	ADMITTED_MEASUREMENT	True	True	
Trip 1	146	1	25Sr1	https://rubalkhali.science/kb/RAK_6000220	25	Surface	1	2026-07-23T00:00:00	2026-07-23	accepted	Yes	98.1	10.04	7.99	7.99		True	True	True	True	True	ADMITTED_MEASUREMENT	True	True	
Trip 1	147	1	25Sr2	https://rubalkhali.science/kb/RAK_6000221	25	Surface	2			missing							True	False	False	False	False	PENDING_MEASUREMENT	False	False	ph_value_missing
Trip 1	148	1	25Dr1	https://rubalkhali.science/kb/RAK_6000217	25	Deep	1			missing							True	False	False	False	False	PENDING_MEASUREMENT	False	False	ph_value_missing
Trip 1	149	1	25Dr3	https://rubalkhali.science/kb/RAK_6000219	25	Deep	3	2026-07-23T00:00:00	2026-07-23	accepted	Yes	98.1	10.04	7.89	7.89		True	True	True	True	True	ADMITTED_MEASUREMENT	True	True	
Trip 1	150	1	25PRr2	https://rubalkhali.science/kb/RAK_6000224	25	Rhizosphere	2	2026-07-23T00:00:00	2026-07-23	accepted	Yes	98.1	10.04	7.73	7.73		True	True	True	True	True	ADMITTED_MEASUREMENT	True	True	
Trip 1	151	1	26Sr1	https://rubalkhali.science/kb/RAK_6000229	26	Surface	1			missing						Depleted	True	False	False	False	False	NOT_MEASURED_DEPLETED	False	False	sample_depleted
Trip 1	152	1	26Sr2	https://rubalkhali.science/kb/RAK_6000230	26	Surface	2			missing						Depleted	True	False	False	False	False	NOT_MEASURED_DEPLETED	False	False	sample_depleted
Trip 1	153	1	26Sr3	https://rubalkhali.science/kb/RAK_6000231	26	Surface	3			missing						Depleted	True	False	False	False	False	NOT_MEASURED_DEPLETED	False	False	sample_depleted
Trip 1	154	1	26Dr1	https://rubalkhali.science/kb/RAK_6000226	26	Deep	1			missing						Depleted	True	False	False	False	False	NOT_MEASURED_DEPLETED	False	False	sample_depleted
Trip 1	155	1	26Dr2	https://rubalkhali.science/kb/RAK_6000227	26	Deep	2			missing						Depleted	True	False	False	False	False	NOT_MEASURED_DEPLETED	False	False	sample_depleted
Trip 1	156	1	26Dr3	https://rubalkhali.science/kb/RAK_6000228	26	Deep	3			missing						Depleted	True	False	False	False	False	NOT_MEASURED_DEPLETED	False	False	sample_depleted
Trip 1	157	1	26PRr2	https://rubalkhali.science/kb/RAK_6000233	26	Rhizosphere	2			missing						Depleted	True	False	False	False	False	NOT_MEASURED_DEPLETED	False	False	sample_depleted
Trip 1	158	1	26PRr3	https://rubalkhali.science/kb/RAK_6000234	26	Rhizosphere	3			missing						Depleted	True	False	False	False	False	NOT_MEASURED_DEPLETED	False	False	sample_depleted
Trip 1	159	1	27Sr2	https://rubalkhali.science/kb/RAK_6000239	27	Surface	2	2026-07-23T00:00:00	2026-07-23	accepted	Yes	98.1	10.04	7.92	7.92		True	True	True	True	True	ADMITTED_MEASUREMENT	True	True	
Trip 1	160	1	27Sr3	https://rubalkhali.science/kb/RAK_6000240	27	Surface	3			missing							True	False	False	False	False	PENDING_MEASUREMENT	False	False	ph_value_missing
Trip 1	161	1	27Dr1	https://rubalkhali.science/kb/RAK_6000235	27	Deep	1	2026-07-23T00:00:00	2026-07-23	accepted	Yes	98.1	10.04	7.89	7.89		True	True	True	True	True	ADMITTED_MEASUREMENT	True	True	
Trip 1	162	1	27Dr2	https://rubalkhali.science/kb/RAK_6000236	27	Deep	2			missing							True	False	False	False	False	PENDING_MEASUREMENT	False	False	ph_value_missing
Trip 1	163	1	27Dr3	https://rubalkhali.science/kb/RAK_6000237	27	Deep	3			missing							True	False	False	False	False	PENDING_MEASUREMENT	False	False	ph_value_missing
Trip 1	164	1	27PRr1	https://rubalkhali.science/kb/RAK_6000241	27	Rhizosphere	1			missing							True	False	False	False	False	PENDING_MEASUREMENT	False	False	ph_value_missing
Trip 1	165	1	27PRr2	https://rubalkhali.science/kb/RAK_6000242	27	Rhizosphere	2	2026-07-23T00:00:00	2026-07-23	accepted	Yes	98.1	10.04	7.29	7.29		True	True	True	True	True	ADMITTED_MEASUREMENT	True	True	
Trip 1	166	1	28Sr1	https://rubalkhali.science/kb/RAK_6000247	28	Surface	1			missing							True	False	False	False	False	PENDING_MEASUREMENT	False	False	ph_value_missing
Trip 1	167	1	28Sr2	https://rubalkhali.science/kb/RAK_6000248	28	Surface	2	2026-07-23T00:00:00	2026-07-23	accepted	Yes	98.1	10.04	8	8		True	True	True	True	True	ADMITTED_MEASUREMENT	True	True	
Trip 1	168	1	28Sr3	https://rubalkhali.science/kb/RAK_6000249	28	Surface	3			missing							True	False	False	False	False	PENDING_MEASUREMENT	False	False	ph_value_missing
Trip 1	169	1	28Dr1	https://rubalkhali.science/kb/RAK_6000244	28	Deep	1	2026-07-23T00:00:00	2026-07-23	accepted	Yes	98.1	10.04	7.98	7.98		True	True	True	True	True	ADMITTED_MEASUREMENT	True	True	
Trip 1	170	1	28Dr3	https://rubalkhali.science/kb/RAK_6000246	28	Deep	3			missing							True	False	False	False	False	PENDING_MEASUREMENT	False	False	ph_value_missing
Trip 1	171	1	28PRr1	https://rubalkhali.science/kb/RAK_6000250	28	Rhizosphere	1			missing							True	False	False	False	False	PENDING_MEASUREMENT	False	False	ph_value_missing
Trip 1	172	1	28PRr3	https://rubalkhali.science/kb/RAK_6000252	28	Rhizosphere	3	2026-07-23T00:00:00	2026-07-23	accepted	Yes	98.1	10.04	8.01	8.01		True	True	True	True	True	ADMITTED_MEASUREMENT	True	True	
Trip 1	173	1	29Sr1	https://rubalkhali.science/kb/RAK_6000256	29	Surface	1	2026-07-23T00:00:00	2026-07-23	accepted	Yes	98.1	10.04	7.78	7.78		True	True	True	True	True	ADMITTED_MEASUREMENT	True	True	
Trip 1	174	1	29Sr2	https://rubalkhali.science/kb/RAK_6000257	29	Surface	2			missing							True	False	False	False	False	PENDING_MEASUREMENT	False	False	ph_value_missing
Trip 1	175	1	29Dr1	https://rubalkhali.science/kb/RAK_6000253	29	Deep	1			missing							True	False	False	False	False	PENDING_MEASUREMENT	False	False	ph_value_missing
Trip 1	176	1	29Dr2	https://rubalkhali.science/kb/RAK_6000254	29	Deep	2	2026-07-23T00:00:00	2026-07-23	accepted	Yes	98.1	10.04	8.03	8.03		True	True	True	True	True	ADMITTED_MEASUREMENT	True	True	
Trip 1	177	1	29Dr3	https://rubalkhali.science/kb/RAK_6000255	29	Deep	3			missing							True	False	False	False	False	PENDING_MEASUREMENT	False	False	ph_value_missing
Trip 1	178	1	29PRr1	https://rubalkhali.science/kb/RAK_6000259	29	Rhizosphere	1			missing							True	False	False	False	False	PENDING_MEASUREMENT	False	False	ph_value_missing
Trip 1	179	1	29PRr2	https://rubalkhali.science/kb/RAK_6000260	29	Rhizosphere	2			missing							True	False	False	False	False	PENDING_MEASUREMENT	False	False	ph_value_missing
Trip 1	180	1	29PRr3	https://rubalkhali.science/kb/RAK_6000261	29	Rhizosphere	3	2026-07-23T00:00:00	2026-07-23	accepted	Yes	98.1	10.04	7.94	7.94		True	True	True	True	True	ADMITTED_MEASUREMENT	True	True	
Trip 1	181	1	30Sr1	https://rubalkhali.science/kb/RAK_6000265	30	Surface	1			missing							True	False	False	False	False	PENDING_MEASUREMENT	False	False	ph_value_missing
Trip 1	182	1	30Sr2	https://rubalkhali.science/kb/RAK_6000266	30	Surface	2			missing							True	False	False	False	False	PENDING_MEASUREMENT	False	False	ph_value_missing
Trip 1	183	1	30Sr3	https://rubalkhali.science/kb/RAK_6000267	30	Surface	3	2026-07-23T00:00:00	2026-07-23	accepted	Yes	98.1	10.04	7.93	7.93		True	True	True	True	True	ADMITTED_MEASUREMENT	True	True	
Trip 1	184	1	30Dr1	https://rubalkhali.science/kb/RAK_6000262	30	Deep	1	2026-07-23T00:00:00	2026-07-23	accepted	Yes	98.1	10.04	8.1	8.1		True	True	True	True	True	ADMITTED_MEASUREMENT	True	True	
Trip 1	185	1	30PRr1	https://rubalkhali.science/kb/RAK_6000268	30	Rhizosphere	1	2026-07-23T00:00:00	2026-07-23	accepted	Yes	98.1	10.04	8.04	8.04		True	True	True	True	True	ADMITTED_MEASUREMENT	True	True	
Trip 1	186	1	30PRr3	https://rubalkhali.science/kb/RAK_6000270	30	Rhizosphere	3			missing							True	False	False	False	False	PENDING_MEASUREMENT	False	False	ph_value_missing
Trip 1	187	1	31Sr2	https://rubalkhali.science/kb/RAK_6000275	31	Surface	2	2026-07-23T00:00:00	2026-07-23	accepted	Yes	98.1	10.04	8.16	8.16		True	True	True	True	True	ADMITTED_MEASUREMENT	True	True	
Trip 1	188	1	31Sr3	https://rubalkhali.science/kb/RAK_6000276	31	Surface	3			missing							True	False	False	False	False	PENDING_MEASUREMENT	False	False	ph_value_missing
Trip 1	189	1	31Dr2	https://rubalkhali.science/kb/RAK_6000272	31	Deep	2	2026-07-23T00:00:00	2026-07-23	accepted	Yes	98.1	10.06	8.27	8.27		True	True	True	True	True	ADMITTED_MEASUREMENT	True	True	
Trip 1	190	1	31PRr2	https://rubalkhali.science/kb/RAK_6000278	31	Rhizosphere	2	2026-07-23T00:00:00	2026-07-23	accepted	Yes	98.1	10.06	8	8		True	True	True	True	True	ADMITTED_MEASUREMENT	True	True	
Trip 1	191	1	31PRr3	https://rubalkhali.science/kb/RAK_6000279	31	Rhizosphere	3			missing							True	False	False	False	False	PENDING_MEASUREMENT	False	False	ph_value_missing
Trip 1	192	1	32Dr3	https://rubalkhali.science/kb/RAK_6000282	32	Deep	3	2026-07-23T00:00:00	2026-07-23	accepted	Yes	98.1	10.06	8.1	8.1		True	True	True	True	True	ADMITTED_MEASUREMENT	True	True	
Trip 1	193	1	32PRr1	https://rubalkhali.science/kb/RAK_6000286	32	Rhizosphere	1			missing							True	False	False	False	False	PENDING_MEASUREMENT	False	False	ph_value_missing
Trip 1	194	1	32PRr2	https://rubalkhali.science/kb/RAK_6000287	32	Rhizosphere	2			missing							True	False	False	False	False	PENDING_MEASUREMENT	False	False	ph_value_missing
Trip 1	195	1	32PRr3	https://rubalkhali.science/kb/RAK_6000288	32	Rhizosphere	3	2026-07-23T00:00:00	2026-07-23	accepted	Yes	98.1	10.06	8.04	8.04		True	True	True	True	True	ADMITTED_MEASUREMENT	True	True	
Trip 1	196	1	33Sr1	https://rubalkhali.science/kb/RAK_6000292	33	Surface	1			missing							True	False	False	False	False	PENDING_MEASUREMENT	False	False	ph_value_missing
Trip 1	197	1	33Sr2	https://rubalkhali.science/kb/RAK_6000293	33	Surface	2	2026-07-23T00:00:00	2026-07-23	accepted	Yes	98.1	10.06	8.08	8.08		True	True	True	True	True	ADMITTED_MEASUREMENT	True	True	
Trip 1	198	1	33Dr1	https://rubalkhali.science/kb/RAK_6000289	33	Deep	1	2026-07-23T00:00:00	2026-07-23	accepted	Yes	98.1	10.06	7.9	7.9		True	True	True	True	True	ADMITTED_MEASUREMENT	True	True	
Trip 1	199	1	33Dr2	https://rubalkhali.science/kb/RAK_6000290	33	Deep	2			missing							True	False	False	False	False	PENDING_MEASUREMENT	False	False	ph_value_missing
Trip 1	200	1	33Dr3	https://rubalkhali.science/kb/RAK_6000291	33	Deep	3			missing							True	False	False	False	False	PENDING_MEASUREMENT	False	False	ph_value_missing
Trip 1	201	1	33PRr1	https://rubalkhali.science/kb/RAK_6000295	33	Rhizosphere	1			missing							True	False	False	False	False	PENDING_MEASUREMENT	False	False	ph_value_missing
Trip 1	202	1	33PRr2	https://rubalkhali.science/kb/RAK_6000296	33	Rhizosphere	2	2026-07-23T00:00:00	2026-07-23	accepted	Yes	98.1	10.06	7.7	7.7		True	True	True	True	True	ADMITTED_MEASUREMENT	True	True	
Trip 1	203	1	34Sr1	https://rubalkhali.science/kb/RAK_6000301	34	Surface	1			missing							True	False	False	False	False	PENDING_MEASUREMENT	False	False	ph_value_missing
Trip 1	204	1	34Sr3	https://rubalkhali.science/kb/RAK_6000303	34	Surface	3	2026-07-23T00:00:00	2026-07-23	accepted	Yes	98.1	10.06	7.87	7.87		True	True	True	True	True	ADMITTED_MEASUREMENT	True	True	
Trip 1	205	1	34Dr2	https://rubalkhali.science/kb/RAK_6000299	34	Deep	2			missing							True	False	False	False	False	PENDING_MEASUREMENT	False	False	ph_value_missing
Trip 1	206	1	34Dr3	https://rubalkhali.science/kb/RAK_6000300	34	Deep	3	2026-07-23T00:00:00	2026-07-23	accepted	Yes	98.1	10.06	7.81	7.81		True	True	True	True	True	ADMITTED_MEASUREMENT	True	True	
Trip 1	207	1	34PRr1	https://rubalkhali.science/kb/RAK_6000304	34	Rhizosphere	1	2026-07-23T00:00:00	2026-07-23	accepted	Yes	98.1	10.06	7.8	7.8		True	True	True	True	True	ADMITTED_MEASUREMENT	True	True	
Trip 1	208	1	34PRr3	https://rubalkhali.science/kb/RAK_6000306	34	Rhizosphere	3			missing							True	False	False	False	False	PENDING_MEASUREMENT	False	False	ph_value_missing
Trip 1	209	1	35Sr1	https://rubalkhali.science/kb/RAK_6000310	35	Surface	1			missing							True	False	False	False	False	PENDING_MEASUREMENT	False	False	ph_value_missing
Trip 1	210	1	35Sr2	https://rubalkhali.science/kb/RAK_6000311	35	Surface	2	2026-07-26T00:00:00	2026-07-26	accepted	Yes	97.6	10.03	8.18	8.18		True	True	True	True	True	ADMITTED_MEASUREMENT	True	True	
Trip 1	211	1	35Dr2	https://rubalkhali.science/kb/RAK_6000308	35	Deep	2	2026-07-26T00:00:00	2026-07-26	accepted	Yes	97.6	10.03	7.92	7.92		True	True	True	True	True	ADMITTED_MEASUREMENT	True	True	
Trip 1	212	1	35Dr3	https://rubalkhali.science/kb/RAK_6000309	35	Deep	3			missing							True	False	False	False	False	PENDING_MEASUREMENT	False	False	ph_value_missing
Trip 1	213	1	35PRr1	https://rubalkhali.science/kb/RAK_6000313	35	Rhizosphere	1	2026-07-26T00:00:00	2026-07-26	accepted	Yes	97.6	10.03	7.91	7.91		True	True	True	True	True	ADMITTED_MEASUREMENT	True	True	
Trip 1	214	1	35PRr3	https://rubalkhali.science/kb/RAK_6000315	35	Rhizosphere	3			missing							True	False	False	False	False	PENDING_MEASUREMENT	False	False	ph_value_missing
Trip 1	215	1	36Sr1	https://rubalkhali.science/kb/RAK_6000319	36	Surface	1	2026-07-26T00:00:00	2026-07-26	accepted	Yes	97.6	10.03	8.05	8.05		True	True	True	True	True	ADMITTED_MEASUREMENT	True	True	
Trip 1	216	1	36Sr2	https://rubalkhali.science/kb/RAK_6000320	36	Surface	2			missing							True	False	False	False	False	PENDING_MEASUREMENT	False	False	ph_value_missing
Trip 1	217	1	36Sr3	https://rubalkhali.science/kb/RAK_6000321	36	Surface	3			missing							True	False	False	False	False	PENDING_MEASUREMENT	False	False	ph_value_missing
Trip 1	218	1	36Dr2	https://rubalkhali.science/kb/RAK_6000317	36	Deep	2	2026-07-26T00:00:00	2026-07-26	accepted	Yes	97.6	10.03	8	8		True	True	True	True	True	ADMITTED_MEASUREMENT	True	True	
Trip 1	219	1	36Dr3	https://rubalkhali.science/kb/RAK_6000318	36	Deep	3			missing							True	False	False	False	False	PENDING_MEASUREMENT	False	False	ph_value_missing
Trip 1	220	1	37Sr1	https://rubalkhali.science/kb/RAK_6000328	37	Surface	1	2026-07-26T00:00:00	2026-07-26	accepted	Yes	97.6	10.03	8.24	8.24		True	True	True	True	True	ADMITTED_MEASUREMENT	True	True	
Trip 1	221	1	37Sr2	https://rubalkhali.science/kb/RAK_6000329	37	Surface	2			missing							True	False	False	False	False	PENDING_MEASUREMENT	False	False	ph_value_missing
Trip 1	222	1	37Dr2	https://rubalkhali.science/kb/RAK_6000326	37	Deep	2	2026-07-26T00:00:00	2026-07-26	accepted	Yes	97.6	10.03	8.22	8.22		True	True	True	True	True	ADMITTED_MEASUREMENT	True	True	
Trip 1	223	1	37Dr3	https://rubalkhali.science/kb/RAK_6000327	37	Deep	3			missing							True	False	False	False	False	PENDING_MEASUREMENT	False	False	ph_value_missing
Trip 1	224	1	37PRr2	https://rubalkhali.science/kb/RAK_6000332	37	Rhizosphere	2	2026-07-26T00:00:00	2026-07-26	accepted	Yes	97.6	10.03	8.19	8.19		True	True	True	True	True	ADMITTED_MEASUREMENT	True	True	
Trip 1	225	1	37PRr3	https://rubalkhali.science/kb/RAK_6000333	37	Rhizosphere	3			missing							True	False	False	False	False	PENDING_MEASUREMENT	False	False	ph_value_missing
Trip 1	226	1	38Sr2	https://rubalkhali.science/kb/RAK_6000338	38	Surface	2			missing							True	False	False	False	False	PENDING_MEASUREMENT	False	False	ph_value_missing
Trip 1	227	1	38Sr3	https://rubalkhali.science/kb/RAK_6000339	38	Surface	3	2026-07-26T00:00:00	2026-07-26	accepted	Yes	97.6	10.03	7.96	7.96		True	True	True	True	True	ADMITTED_MEASUREMENT	True	True	
Trip 1	228	1	38Dr2	https://rubalkhali.science/kb/RAK_6000335	38	Deep	2			missing							True	False	False	False	False	PENDING_MEASUREMENT	False	False	ph_value_missing
Trip 1	229	1	38Dr3	https://rubalkhali.science/kb/RAK_6000336	38	Deep	3	2026-07-26T00:00:00	2026-07-26	accepted	Yes	97.6	10.03	7.94	7.94		True	True	True	True	True	ADMITTED_MEASUREMENT	True	True	
Trip 1	230	1	38PRr2	https://rubalkhali.science/kb/RAK_6000341	38	Rhizosphere	2	2026-07-26T00:00:00	2026-07-26	accepted	Yes	97.6	10.03	8.03	8.03		True	True	True	True	True	ADMITTED_MEASUREMENT	True	True	
Trip 1	231	1	38PRr3	https://rubalkhali.science/kb/RAK_6000342	38	Rhizosphere	3			missing							True	False	False	False	False	PENDING_MEASUREMENT	False	False	ph_value_missing
Trip 1	232	1	39Sr3	https://rubalkhali.science/kb/RAK_6000348	39	Surface	3	2026-07-26T00:00:00	2026-07-26	accepted	Yes	97.6	10.03	7.92	7.92		True	True	True	True	True	ADMITTED_MEASUREMENT	True	True	
Trip 1	233	1	39Dr2	https://rubalkhali.science/kb/RAK_6000344	39	Deep	2			missing							True	False	False	False	False	PENDING_MEASUREMENT	False	False	ph_value_missing
Trip 1	234	1	39Dr3	https://rubalkhali.science/kb/RAK_6000345	39	Deep	3	2026-07-26T00:00:00	2026-07-26	accepted	Yes	97.6	10.03	8.04	8.04		True	True	True	True	True	ADMITTED_MEASUREMENT	True	True	
Trip 1	235	1	39PRr1	https://rubalkhali.science/kb/RAK_6000349	39	Rhizosphere	1			missing							True	False	False	False	False	PENDING_MEASUREMENT	False	False	ph_value_missing
Trip 1	236	1	39PRr2	https://rubalkhali.science/kb/RAK_6000350	39	Rhizosphere	2			missing							True	False	False	False	False	PENDING_MEASUREMENT	False	False	ph_value_missing
Trip 1	237	1	39PRr3	https://rubalkhali.science/kb/RAK_6000351	39	Rhizosphere	3	2026-07-26T00:00:00	2026-07-26	accepted	Yes	97.6	10.03	8.05	8.05		True	True	True	True	True	ADMITTED_MEASUREMENT	True	True	
Trip 1	238	1	40Dr1	https://rubalkhali.science/kb/RAK_6000352	40	Deep	1	2026-07-26T00:00:00	2026-07-26	accepted	Yes	97.6	10.03	7.96	7.96		True	True	True	True	True	ADMITTED_MEASUREMENT	True	True	
Trip 1	239	1	40Dr2	https://rubalkhali.science/kb/RAK_6000353	40	Deep	2			missing							True	False	False	False	False	PENDING_MEASUREMENT	False	False	ph_value_missing
Trip 1	240	1	40PRr2	https://rubalkhali.science/kb/RAK_6000359	40	Rhizosphere	2			missing							True	False	False	False	False	PENDING_MEASUREMENT	False	False	ph_value_missing
Trip 1	241	1	40PRr3	https://rubalkhali.science/kb/RAK_6000360	40	Rhizosphere	3	2026-07-26T00:00:00	2026-07-26	accepted	Yes	97.6	10.03	8.06	8.06		True	True	True	True	True	ADMITTED_MEASUREMENT	True	True	
Trip 1	242	1	41Dr1	https://rubalkhali.science/kb/RAK_6000361	41	Deep	1	2026-07-26T00:00:00	2026-07-26	accepted	Yes	97.6	10.03	8.07	8.07		True	True	True	True	True	ADMITTED_MEASUREMENT	True	True	
Trip 1	243	1	41PRr2	https://rubalkhali.science/kb/RAK_6000368	41	Rhizosphere	2	2026-07-26T00:00:00	2026-07-26	accepted	Yes	97.6	10.03	7.98	7.98		True	True	True	True	True	ADMITTED_MEASUREMENT	True	True	
Trip 1	244	1	42Sr1	https://rubalkhali.science/kb/RAK_6000373	42	Surface	1	2026-07-26T00:00:00	2026-07-26	accepted	Yes	97.6	10.03	8.01	8.01		True	True	True	True	True	ADMITTED_MEASUREMENT	True	True	
Trip 1	245	1	42Sr2	https://rubalkhali.science/kb/RAK_6000374	42	Surface	2			missing							True	False	False	False	False	PENDING_MEASUREMENT	False	False	ph_value_missing
Trip 1	246	1	42Sr3	https://rubalkhali.science/kb/RAK_6000375	42	Surface	3			missing							True	False	False	False	False	PENDING_MEASUREMENT	False	False	ph_value_missing
Trip 1	247	1	42Dr1	https://rubalkhali.science/kb/RAK_6000370	42	Deep	1	2026-07-26T00:00:00	2026-07-26	accepted	Yes	97.6	10.03	7.99	7.99		True	True	True	True	True	ADMITTED_MEASUREMENT	True	True	
Trip 1	248	1	42PRr1	https://rubalkhali.science/kb/RAK_6000376	42	Rhizosphere	1			missing							True	False	False	False	False	PENDING_MEASUREMENT	False	False	ph_value_missing
Trip 1	249	1	42PRr2	https://rubalkhali.science/kb/RAK_6000377	42	Rhizosphere	2	2026-07-26T00:00:00	2026-07-26	accepted	Yes	97.6	10.03	8.02	8.02		True	True	True	True	True	ADMITTED_MEASUREMENT	True	True	
Trip 1	250	1	43Sr1	https://rubalkhali.science/kb/RAK_6000382	43	Surface	1			missing							True	False	False	False	False	PENDING_MEASUREMENT	False	False	ph_value_missing
Trip 1	251	1	43Sr2	https://rubalkhali.science/kb/RAK_6000383	43	Surface	2	2026-07-21T00:00:00	2026-07-21	accepted	Yes	97.4	10.06	8.09	8.09		True	True	True	True	True	ADMITTED_MEASUREMENT	True	True	
Trip 1	252	1	43Dr1	https://rubalkhali.science/kb/RAK_6000379	43	Deep	1	2026-07-21T00:00:00	2026-07-21	accepted	Yes	97.4	10.06	8.1	8.1		True	True	True	True	True	ADMITTED_MEASUREMENT	True	True	
Trip 1	253	1	43Dr2	https://rubalkhali.science/kb/RAK_6000380	43	Deep	2	2026-07-21T00:00:00	2026-07-21	accepted	Yes	97.4	10.06	8.01	8.01		True	True	True	True	True	ADMITTED_MEASUREMENT	True	True	
Trip 1	254	1	43PRr2	https://rubalkhali.science/kb/RAK_6000386	43	Rhizosphere	2	2026-07-21T00:00:00	2026-07-21	accepted	Yes	97.4	10.06	8	8		True	True	True	True	True	ADMITTED_MEASUREMENT	True	True	
Trip 1	255	1	44Dr2	https://rubalkhali.science/kb/RAK_6000389	44	Deep	2	2026-07-26T00:00:00	2026-07-26	accepted	Yes	97.6	10.03	7.99	7.99		True	True	True	True	True	ADMITTED_MEASUREMENT	True	True	
Trip 1	256	1	44PRr2	https://rubalkhali.science/kb/RAK_6000395	44	Rhizosphere	2	2026-07-26T00:00:00	2026-07-26	accepted	Yes	97.6	10.06	8	8		True	True	True	True	True	ADMITTED_MEASUREMENT	True	True	
Trip 1	257	1	44PRr3	https://rubalkhali.science/kb/RAK_6000396	44	Rhizosphere	3			missing							True	False	False	False	False	PENDING_MEASUREMENT	False	False	ph_value_missing
Trip 1	258	1	45Sr1	https://rubalkhali.science/kb/RAK_6000400	45	Surface	1	2026-07-21T00:00:00	2026-07-21	accepted	Yes	97.4	10.06	8.15	8.15		True	True	True	True	True	ADMITTED_MEASUREMENT	True	True	
Trip 1	259	1	45Dr1	https://rubalkhali.science/kb/RAK_6000397	45	Deep	1	2026-07-21T00:00:00	2026-07-21	accepted	Yes	97.4	10.06	8.23	8.23		True	True	True	True	True	ADMITTED_MEASUREMENT	True	True	
Trip 1	260	1	45Dr3	https://rubalkhali.science/kb/RAK_6000399	45	Deep	3			missing							True	False	False	False	False	PENDING_MEASUREMENT	False	False	ph_value_missing
Trip 1	261	1	45PRr2	https://rubalkhali.science/kb/RAK_6000404	45	Rhizosphere	2	2026-07-21T00:00:00	2026-07-21	accepted	Yes	97.4	10.06	8.06	8.06		True	True	True	True	True	ADMITTED_MEASUREMENT	True	True	
Trip 1	262	1	46Sr3	https://rubalkhali.science/kb/RAK_6000411	46	Surface	3	2026-07-26T00:00:00	2026-07-26	accepted	Yes	97.6	10.06	8.16	8.16		True	True	True	True	True	ADMITTED_MEASUREMENT	True	True	
Trip 1	263	1	46Dr1	https://rubalkhali.science/kb/RAK_6000406	46	Deep	1	2026-07-26T00:00:00	2026-07-26	accepted	Yes	97.6	10.06	8.2	8.2		True	True	True	True	True	ADMITTED_MEASUREMENT	True	True	
Trip 1	264	1	46PRr1	https://rubalkhali.science/kb/RAK_6000412	46	Rhizosphere	1	2026-07-26T00:00:00	2026-07-26	accepted	Yes	97.6	10.06	8.18	8.18		True	True	True	True	True	ADMITTED_MEASUREMENT	True	True	
Trip 1	265	1	47Sr1	https://rubalkhali.science/kb/RAK_6000418	47	Surface	1	2026-07-26T00:00:00	2026-07-26	accepted	Yes	97.6	10.06	8.14	8.14		True	True	True	True	True	ADMITTED_MEASUREMENT	True	True	
Trip 1	266	1	47Dr2	https://rubalkhali.science/kb/RAK_6000416	47	Deep	2	2026-07-26T00:00:00	2026-07-26	accepted	Yes	97.6	10.06	8.1	8.1		True	True	True	True	True	ADMITTED_MEASUREMENT	True	True	
Trip 1	267	1	47Dr3	https://rubalkhali.science/kb/RAK_6000417	47	Deep	3			missing			10.06				True	False	False	True	False	PENDING_MEASUREMENT	False	False	ph_value_missing
Trip 1	268	1	47PRr1	https://rubalkhali.science/kb/RAK_6000421	47	Rhizosphere	1	2026-07-26T00:00:00	2026-07-26	accepted	Yes	97.6	10.06	8.08	8.08		True	True	True	True	True	ADMITTED_MEASUREMENT	True	True	
Trip 1	269	1	48Sr2	https://rubalkhali.science/kb/RAK_6000428	48	Surface	2	2026-07-26T00:00:00	2026-07-26	accepted	Yes	97.6	10.06	8.1	8.1		True	True	True	True	True	ADMITTED_MEASUREMENT	True	True	
Trip 1	270	1	48Dr2	https://rubalkhali.science/kb/RAK_6000425	48	Deep	2	2026-07-26T00:00:00	2026-07-26	accepted	Yes	97.6	10.06	8	8		True	True	True	True	True	ADMITTED_MEASUREMENT	True	True	
Trip 1	271	1	48PRr3	https://rubalkhali.science/kb/RAK_6000432	48	Rhizosphere	3	2026-07-26T00:00:00	2026-07-26	accepted	Yes	97.6	10.06	8.12	8.12		True	True	True	True	True	ADMITTED_MEASUREMENT	True	True	
Trip 1	272	1	49Sr2	https://rubalkhali.science/kb/RAK_6000437	49	Surface	2			missing			10.06			Depleted	True	False	False	True	False	NOT_MEASURED_DEPLETED	False	False	sample_depleted
Trip 1	273	1	49Sr3	https://rubalkhali.science/kb/RAK_6000438	49	Surface	3			missing			10.06			Depleted	True	False	False	True	False	NOT_MEASURED_DEPLETED	False	False	sample_depleted
Trip 1	274	1	49Dr2	https://rubalkhali.science/kb/RAK_6000434	49	Deep	2	2026-07-26T00:00:00	2026-07-26	accepted	Yes	97.6	10.06	8.29	8.29		True	True	True	True	True	ADMITTED_MEASUREMENT	True	True	
Trip 1	275	1	49PRr2	https://rubalkhali.science/kb/RAK_6000440	49	Rhizosphere	2	2026-07-26T00:00:00	2026-07-26	accepted	Yes	97.6	10.06	8.27	8.27		True	True	True	True	True	ADMITTED_MEASUREMENT	True	True	
Trip 1	276	1	50Sr1	https://rubalkhali.science/kb/RAK_6000445	50	Surface	1			missing			10.06				True	False	False	True	False	PENDING_MEASUREMENT	False	False	ph_value_missing
Trip 1	277	1	50Sr2	https://rubalkhali.science/kb/RAK_6000446	50	Surface	2			missing			10.06				True	False	False	True	False	PENDING_MEASUREMENT	False	False	ph_value_missing
Trip 1	278	1	50Sr3	https://rubalkhali.science/kb/RAK_6000447	50	Surface	3	2026-07-26T00:00:00	2026-07-26	accepted	Yes	97.6	10.06	8.21	8.21		True	True	True	True	True	ADMITTED_MEASUREMENT	True	True	
Trip 1	279	1	50Dr1	https://rubalkhali.science/kb/RAK_6000442	50	Deep	1			missing			10.06				True	False	False	True	False	PENDING_MEASUREMENT	False	False	ph_value_missing
Trip 1	280	1	50Dr2	https://rubalkhali.science/kb/RAK_6000443	50	Deep	2	2026-07-26T00:00:00	2026-07-26	accepted	Yes	97.6	10.06	8.27	8.27		True	True	True	True	True	ADMITTED_MEASUREMENT	True	True	
Trip 1	281	1	50PRr1	https://rubalkhali.science/kb/RAK_6000448	50	Rhizosphere	1			missing			10.06				True	False	False	True	False	PENDING_MEASUREMENT	False	False	ph_value_missing
Trip 1	282	1	50PRr2	https://rubalkhali.science/kb/RAK_6000449	50	Rhizosphere	2	2026-07-26T00:00:00	2026-07-26	accepted	Yes	97.6	10.06	8.09	8.09		True	True	True	True	True	ADMITTED_MEASUREMENT	True	True	
Trip 1	283	1	51Sr2	https://rubalkhali.science/kb/RAK_6000455	51	Surface	2			missing			10.06				True	False	False	True	False	PENDING_MEASUREMENT	False	False	ph_value_missing
Trip 1	284	1	51Dr1	https://rubalkhali.science/kb/RAK_6000451	51	Deep	1	2026-07-26T00:00:00	2026-07-26	accepted	Yes	97.6	10.06	8.31	8.31		True	True	True	True	True	ADMITTED_MEASUREMENT	True	True	
Trip 1	285	1	51Dr3	https://rubalkhali.science/kb/RAK_6000453	51	Deep	3			missing							True	False	False	False	False	PENDING_MEASUREMENT	False	False	ph_value_missing
Trip 1	286	1	51PRr3	https://rubalkhali.science/kb/RAK_6000459	51	Rhizosphere	3	2026-07-26T00:00:00	2026-07-26	accepted	Yes	97.6	10.06	8.28	8.28		True	True	True	True	True	ADMITTED_MEASUREMENT	True	True	
Trip 1	287	1	52Dr1	https://rubalkhali.science/kb/RAK_6000460	52	Deep	1	2026-07-26T00:00:00	2026-07-26	accepted	Yes	97.6	10.06	8.27	8.27		True	True	True	True	True	ADMITTED_MEASUREMENT	True	True	
Trip 1	288	1	53Sr3	https://rubalkhali.science/kb/RAK_6000474	53	Surface	3	2026-07-26T00:00:00	2026-07-26	accepted	Yes	97.6	10.06	8.42	8.42		True	True	True	True	True	ADMITTED_MEASUREMENT	True	True	
Trip 1	289	1	53Dr2	https://rubalkhali.science/kb/RAK_6000470	53	Deep	2	2026-07-26T00:00:00	2026-07-26	accepted	Yes	97.6	10.06	8.39	8.39		True	True	True	True	True	ADMITTED_MEASUREMENT	True	True	
Trip 1	290	1	53Dr3	https://rubalkhali.science/kb/RAK_6000471	53	Deep	3			missing							True	False	False	False	False	PENDING_MEASUREMENT	False	False	ph_value_missing
Trip 1	291	1	53PRr1	https://rubalkhali.science/kb/RAK_6000475	53	Rhizosphere	1	2026-07-26T00:00:00	2026-07-26	accepted	Yes	97.6	10.05	8.31	8.31		True	True	True	True	True	ADMITTED_MEASUREMENT	True	True	
Trip 1	292	1	53PRr2	https://rubalkhali.science/kb/RAK_6000476	53	Rhizosphere	2			missing							True	False	False	False	False	PENDING_MEASUREMENT	False	False	ph_value_missing
Trip 1	293	1	54Sr1	https://rubalkhali.science/kb/RAK_6000481	54	Surface	1	2026-07-26T00:00:00	2026-07-26	accepted	Yes	97.6	10.05	8.15	8.15		True	True	True	True	True	ADMITTED_MEASUREMENT	True	True	
Trip 1	294	1	54Sr2	https://rubalkhali.science/kb/RAK_6000482	54	Surface	2			missing							True	False	False	False	False	PENDING_MEASUREMENT	False	False	ph_value_missing
Trip 1	295	1	54Sr3	https://rubalkhali.science/kb/RAK_6000483	54	Surface	3			missing							True	False	False	False	False	PENDING_MEASUREMENT	False	False	ph_value_missing
Trip 1	296	1	54Dr1	https://rubalkhali.science/kb/RAK_6000478	54	Deep	1	2026-07-26T00:00:00	2026-07-26	accepted	Yes	97.6	10.05	8.21	8.21		True	True	True	True	True	ADMITTED_MEASUREMENT	True	True	
Trip 1	297	1	54Dr2	https://rubalkhali.science/kb/RAK_6000479	54	Deep	2			missing							True	False	False	False	False	PENDING_MEASUREMENT	False	False	ph_value_missing
Trip 1	298	1	54PRr1	https://rubalkhali.science/kb/RAK_6000484	54	Rhizosphere	1	2026-07-26T00:00:00	2026-07-26	accepted	Yes	97.6	10.05	8.17	8.17		True	True	True	True	True	ADMITTED_MEASUREMENT	True	True	
Trip 1	299	1	54PRr2	https://rubalkhali.science/kb/RAK_6000485	54	Rhizosphere	2			missing							True	False	False	False	False	PENDING_MEASUREMENT	False	False	ph_value_missing
Trip 1	300	1	54PRr3	https://rubalkhali.science/kb/RAK_6000486	54	Rhizosphere	3			missing							True	False	False	False	False	PENDING_MEASUREMENT	False	False	ph_value_missing
Trip 1	301	1	55Sr1	https://rubalkhali.science/kb/RAK_6000490	55	Surface	1			missing						Depleted	True	False	False	False	False	NOT_MEASURED_DEPLETED	False	False	sample_depleted
Trip 1	302	1	55Sr3	https://rubalkhali.science/kb/RAK_6000492	55	Surface	3			missing						Depleted	True	False	False	False	False	NOT_MEASURED_DEPLETED	False	False	sample_depleted
Trip 1	303	1	55Dr2	https://rubalkhali.science/kb/RAK_6000488	55	Deep	2			missing						Depleted	True	False	False	False	False	NOT_MEASURED_DEPLETED	False	False	sample_depleted
Trip 1	304	1	55PRr1	https://rubalkhali.science/kb/RAK_6000493	55	Rhizosphere	1			missing						Depleted	True	False	False	False	False	NOT_MEASURED_DEPLETED	False	False	sample_depleted
Trip 1	305	1	55PRr3	https://rubalkhali.science/kb/RAK_6000495	55	Rhizosphere	3			missing						Depleted	True	False	False	False	False	NOT_MEASURED_DEPLETED	False	False	sample_depleted
Trip 1	306	1	56Sr1	https://rubalkhali.science/kb/RAK_6000499	56	Surface	1	2026-07-26T00:00:00	2026-07-26	accepted	Yes	97.6	10.05	8.11	8.11		True	True	True	True	True	ADMITTED_MEASUREMENT	True	True	
Trip 1	307	1	56Sr3	https://rubalkhali.science/kb/RAK_6000501	56	Surface	3			missing							True	False	False	False	False	PENDING_MEASUREMENT	False	False	ph_value_missing
Trip 1	308	1	56Dr1	https://rubalkhali.science/kb/RAK_6000496	56	Deep	1	2026-07-26T00:00:00	2026-07-26	accepted	Yes	97.6	10.05	8.18	8.18		True	True	True	True	True	ADMITTED_MEASUREMENT	True	True	
Trip 1	309	1	56Dr3	https://rubalkhali.science/kb/RAK_6000498	56	Deep	3			missing							True	False	False	False	False	PENDING_MEASUREMENT	False	False	ph_value_missing
Trip 1	310	1	57Sr2	https://rubalkhali.science/kb/RAK_6000509	57	Surface	2	2026-07-26T00:00:00	2026-07-26	accepted	Yes	97.6	10.05	8.43	8.43		True	True	True	True	True	ADMITTED_MEASUREMENT	True	True	
Trip 1	311	1	57Dr3	https://rubalkhali.science/kb/RAK_6000507	57	Deep	3	2026-07-26T00:00:00	2026-07-26	accepted	Yes	97.6	10.05	8.39	8.39		True	True	True	True	True	ADMITTED_MEASUREMENT	True	True	
Trip 1	312	1	57PRr1	https://rubalkhali.science/kb/RAK_6000511	57	Rhizosphere	1			missing							True	False	False	False	False	PENDING_MEASUREMENT	False	False	ph_value_missing
Trip 1	313	1	57PRr3	https://rubalkhali.science/kb/RAK_6000513	57	Rhizosphere	3	2026-07-26T00:00:00	2026-07-26	accepted	Yes	97.6	10.05	8.4	8.4		True	True	True	True	True	ADMITTED_MEASUREMENT	True	True	
Trip 1	314	1	58Sr2	https://rubalkhali.science/kb/RAK_6000518	58	Surface	2	2026-07-26T00:00:00	2026-07-26	accepted	Yes	97.6	10.05	8.26	8.26		True	True	True	True	True	ADMITTED_MEASUREMENT	True	True	
Trip 1	315	1	58Sr3	https://rubalkhali.science/kb/RAK_6000519	58	Surface	3			missing							True	False	False	False	False	PENDING_MEASUREMENT	False	False	ph_value_missing
Trip 1	316	1	58PRr1	https://rubalkhali.science/kb/RAK_6000520	58	Rhizosphere	1	2026-07-26T00:00:00	2026-07-26	accepted	Yes	97.6	10.05	8.23	8.23		True	True	True	True	True	ADMITTED_MEASUREMENT	True	True	
Trip 1	317	1	59PRr3	https://rubalkhali.science/kb/RAK_6000531	59	Rhizosphere	3	2026-07-26T00:00:00	2026-07-26	accepted	Yes	97.6	10.05	8.45	8.45		True	True	True	True	True	ADMITTED_MEASUREMENT	True	True	
Trip 1	318	1	60Sr3	https://rubalkhali.science/kb/RAK_6000537	60	Surface	3	2026-07-26T00:00:00	2026-07-26	accepted	Yes	97.6	10.05	8.22	8.22		True	True	True	True	True	ADMITTED_MEASUREMENT	True	True	
Trip 1	319	1	60Dr2	https://rubalkhali.science/kb/RAK_6000533	60	Deep	2	2026-07-26T00:00:00	2026-07-26	accepted	Yes	97.6	10.05	8.2	8.2		True	True	True	True	True	ADMITTED_MEASUREMENT	True	True	
Trip 1	320	1	60Dr3	https://rubalkhali.science/kb/RAK_6000534	60	Deep	3			missing							True	False	False	False	False	PENDING_MEASUREMENT	False	False	ph_value_missing
Trip 2	2	2	T1Dr1	https://rubalkhali.science/kb/RAK_6000577	1	Deep	1	13/7/2026	2026-07-13	accepted	Yes	98	10.06	7.81	7.81		True	True	True	True	True	ADMITTED_MEASUREMENT	True	True	
Trip 2	3	2	T2PRr1	https://rubalkhali.science/kb/RAK_6000592	2	Rhizosphere	1	13/7/2026	2026-07-13	accepted	Yes	98	10.06	7.4	7.4		True	True	True	True	True	ADMITTED_MEASUREMENT	True	True	
Trip 2	4	2	T2PRr3	https://rubalkhali.science/kb/RAK_6000594	2	Rhizosphere	3	13/7/2026	2026-07-13	accepted	Yes	98	10.06	7.49	7.49		True	True	True	True	True	ADMITTED_MEASUREMENT	True	True	
Trip 2	5	2	T2Dr2	https://rubalkhali.science/kb/RAK_6000587	2	Deep	2	13/7/2026	2026-07-13	accepted	Yes	98	10.06	7.8	7.8		True	True	True	True	True	ADMITTED_MEASUREMENT	True	True	
Trip 2	6	2	T3Dr2	https://rubalkhali.science/kb/RAK_6000596	3	Deep	2	13/7/2026	2026-07-13	accepted	Yes	98	10.06	-		Depleted	True	True	True	True	False	NOT_MEASURED_DEPLETED	False	False	sample_depleted
Trip 2	7	2	T4Sr1	https://rubalkhali.science/kb/RAK_6000607	4	Surface	1	13/7/2026	2026-07-13	accepted	Yes	98	10.06	7.79	7.79		True	True	True	True	True	ADMITTED_MEASUREMENT	True	True	
Trip 2	8	2	T4PRr1	https://rubalkhali.science/kb/RAK_6000610	4	Rhizosphere	1	13/7/2026	2026-07-13	accepted	Yes	98	10.06	7.7	7.7		True	True	True	True	True	ADMITTED_MEASUREMENT	True	True	
Trip 2	9	2	T4PRr2	https://rubalkhali.science/kb/RAK_6000611	4	Rhizosphere	2	13/7/2026	2026-07-13	accepted	Yes	98	10.06	7.84	7.84		True	True	True	True	True	ADMITTED_MEASUREMENT	True	True	
Trip 2	10	2	T5Sr1	https://rubalkhali.science/kb/RAK_6000616	5	Surface	1	13/7/2026	2026-07-13	accepted	Yes	98	10.06	7.75	7.75		True	True	True	True	True	ADMITTED_MEASUREMENT	True	True	
Trip 2	11	2	T5Sr2	https://rubalkhali.science/kb/RAK_6000617	5	Surface	2	13/7/2026	2026-07-13	accepted	Yes	98	10.06	7.75	7.75		True	True	True	True	True	ADMITTED_MEASUREMENT	True	True	
Trip 2	12	2	T5Sr3	https://rubalkhali.science/kb/RAK_6000618	5	Surface	3	13/7/2026	2026-07-13	accepted	Yes	98	10.06	7.82	7.82		True	True	True	True	True	ADMITTED_MEASUREMENT	True	True	
Trip 2	13	2	T5PRr1	https://rubalkhali.science/kb/RAK_6000619	5	Rhizosphere	1	13/7/2026	2026-07-13	accepted	Yes	98	10.06	7.59	7.59		True	True	True	True	True	ADMITTED_MEASUREMENT	True	True	
Trip 2	14	2	T6Sr3	https://rubalkhali.science/kb/RAK_6000627	6	Surface	3	13/7/2026	2026-07-13	accepted	Yes	98	10.06	-		Depleted	True	True	True	True	False	NOT_MEASURED_DEPLETED	False	False	sample_depleted
Trip 2	15	2	T6Dr1	https://rubalkhali.science/kb/RAK_6000622	6	Deep	1	13/7/2026	2026-07-13	accepted	Yes	98	10.06	7.64	7.64		True	True	True	True	True	ADMITTED_MEASUREMENT	True	True	
Trip 2	16	2	T6Dr2	https://rubalkhali.science/kb/RAK_6000623	6	Deep	2	13/7/2026	2026-07-13	accepted	Yes	98	10.06	7.55	7.55		True	True	True	True	True	ADMITTED_MEASUREMENT	True	True	
Trip 2	17	2	T6PRr2	https://rubalkhali.science/kb/RAK_6000629	6	Rhizosphere	2	13/7/2026	2026-07-13	accepted	Yes	98	10.06	7.55	7.55		True	True	True	True	True	ADMITTED_MEASUREMENT	True	True	
Trip 2	18	2	T6PRr3	https://rubalkhali.science/kb/RAK_6000630	6	Rhizosphere	3	13/7/2026	2026-07-13	accepted	Yes	98	10.06	7.57	7.57		True	True	True	True	True	ADMITTED_MEASUREMENT	True	True	
Trip 2	19	2	T7PRr1	https://rubalkhali.science/kb/RAK_6000637	7	Rhizosphere	1	13/7/2026	2026-07-13	accepted	Yes	98	10.06	7.62	7.62		True	True	True	True	True	ADMITTED_MEASUREMENT	True	True	
Trip 2	20	2	T7PRr2	https://rubalkhali.science/kb/RAK_6000638	7	Rhizosphere	2	13/7/2026	2026-07-13	accepted	Yes	98	10.06	7.57	7.57		True	True	True	True	True	ADMITTED_MEASUREMENT	True	True	
Trip 2	21	2	T7PRr3	https://rubalkhali.science/kb/RAK_6000639	7	Rhizosphere	3	13/7/2026	2026-07-13	accepted	Yes	98	10.06	7.5	7.5		True	True	True	True	True	ADMITTED_MEASUREMENT	True	True	
Trip 2	22	2	T7Dr3	https://rubalkhali.science/kb/RAK_6000633	7	Deep	3	13/7/2026	2026-07-13	accepted	Yes	98	10.06	-		Depleted	True	True	True	True	False	NOT_MEASURED_DEPLETED	False	False	sample_depleted
Trip 2	23	2	T8Sr3	https://rubalkhali.science/kb/RAK_6000645	8	Surface	3	13/7/2026	2026-07-13	accepted	Yes	98	10.06	7.53	7.53		True	True	True	True	True	ADMITTED_MEASUREMENT	True	True	
Trip 2	24	2	T8Dr1	https://rubalkhali.science/kb/RAK_6000640	8	Deep	1	13/7/2026	2026-07-13	accepted	Yes	98	10.06	7.91	7.91		True	True	True	True	True	ADMITTED_MEASUREMENT	True	True	
Trip 2	25	2	T8Dr3	https://rubalkhali.science/kb/RAK_6000642	8	Deep	3	13/7/2026	2026-07-13	accepted	Yes	98	10.06	7.87	7.87		True	True	True	True	True	ADMITTED_MEASUREMENT	True	True	
Trip 2	26	2	T8PRr1	https://rubalkhali.science/kb/RAK_6000646	8	Rhizosphere	1	13/7/2026	2026-07-13	accepted	Yes	98	10.06	7.56	7.56		True	True	True	True	True	ADMITTED_MEASUREMENT	True	True	
Trip 2	27	2	T8PRr3	https://rubalkhali.science/kb/RAK_6000648	8	Rhizosphere	3	13/7/2026	2026-07-13	accepted	Yes	98	10.06	7.49	7.49		True	True	True	True	True	ADMITTED_MEASUREMENT	True	True	
Trip 3	2	3	F1Sr1	https://rubalkhali.science/kb/RAK_6000652	1	Surface	1	2026-12-07T00:00:00		future_or_day_month_ambiguous	Yes	100	9.95	7.96	7.96		True	True	True	True	True	QUARANTINED_DATE	False	False	measurement_date_future_or_day_month_ambiguous
Trip 3	3	3	F1Sr2	https://rubalkhali.science/kb/RAK_6000653	1	Surface	2	2026-12-07T00:00:00		future_or_day_month_ambiguous	Yes	100	9.95	7.97	7.97		True	True	True	True	True	QUARANTINED_DATE	False	False	measurement_date_future_or_day_month_ambiguous
Trip 3	4	3	F1Sr3	https://rubalkhali.science/kb/RAK_6000654	1	Surface	3	2026-12-07T00:00:00		future_or_day_month_ambiguous	Yes	100	9.95	7.97	7.97		True	True	True	True	True	QUARANTINED_DATE	False	False	measurement_date_future_or_day_month_ambiguous
Trip 3	5	3	F1Dr1	https://rubalkhali.science/kb/RAK_6000649	1	Deep	1	2026-12-07T00:00:00		future_or_day_month_ambiguous	Yes	100	9.95	7.93	7.93		True	True	True	True	True	QUARANTINED_DATE	False	False	measurement_date_future_or_day_month_ambiguous
Trip 3	6	3	F1Dr2	https://rubalkhali.science/kb/RAK_6000650	1	Deep	2	2026-12-07T00:00:00		future_or_day_month_ambiguous	Yes	100	9.95	7.99	7.99		True	True	True	True	True	QUARANTINED_DATE	False	False	measurement_date_future_or_day_month_ambiguous
Trip 3	7	3	F1Dr3	https://rubalkhali.science/kb/RAK_6000651	1	Deep	3	2026-12-07T00:00:00		future_or_day_month_ambiguous	Yes	100	9.95	7.92	7.92		True	True	True	True	True	QUARANTINED_DATE	False	False	measurement_date_future_or_day_month_ambiguous
Trip 3	8	3	F1PRr1	https://rubalkhali.science/kb/RAK_6000655	1	Rhizosphere	1	2026-12-07T00:00:00		future_or_day_month_ambiguous	Yes	100	9.95	7.84	7.84		True	True	True	True	True	QUARANTINED_DATE	False	False	measurement_date_future_or_day_month_ambiguous
Trip 3	9	3	F1PRr2	https://rubalkhali.science/kb/RAK_6000656	1	Rhizosphere	2	2026-12-07T00:00:00		future_or_day_month_ambiguous	Yes	100	9.95	7.73	7.73		True	True	True	True	True	QUARANTINED_DATE	False	False	measurement_date_future_or_day_month_ambiguous
Trip 3	10	3	F1PRr3	https://rubalkhali.science/kb/RAK_6000657	1	Rhizosphere	3	2026-12-07T00:00:00		future_or_day_month_ambiguous	Yes	100	9.95	7.71	7.71		True	True	True	True	True	QUARANTINED_DATE	False	False	measurement_date_future_or_day_month_ambiguous
Trip 3	11	3	F5Sr1	https://rubalkhali.science/kb/RAK_6000688	5	Surface	1	2026-07-27T00:00:00	2026-07-27	accepted	Yes	97.9	10.06	8.27	8.27		True	True	True	True	True	ADMITTED_MEASUREMENT	True	True	
Trip 3	12	3	F5Sr2	https://rubalkhali.science/kb/RAK_6000689	5	Surface	2			missing							True	False	False	False	False	PENDING_MEASUREMENT	False	False	ph_value_missing
Trip 3	13	3	F5Sr3	https://rubalkhali.science/kb/RAK_6000690	5	Surface	3			missing							True	False	False	False	False	PENDING_MEASUREMENT	False	False	ph_value_missing
Trip 3	14	3	F5Dr2	https://rubalkhali.science/kb/RAK_6000686	5	Deep	2	2026-07-27T00:00:00	2026-07-27	accepted	Yes	97.9	10.06	8.2	8.2		True	True	True	True	True	ADMITTED_MEASUREMENT	True	True	
Trip 3	15	3	F5Dr3	https://rubalkhali.science/kb/RAK_6000687	5	Deep	3			missing							True	False	False	False	False	PENDING_MEASUREMENT	False	False	ph_value_missing
Trip 3	16	3	F5PRr2	https://rubalkhali.science/kb/RAK_6000692	5	Rhizosphere	2	2026-07-27T00:00:00	2026-07-27	accepted	Yes	97.9	10.06	8.23	8.23		True	True	True	True	True	ADMITTED_MEASUREMENT	True	True	
Trip 3	17	3	F6Sr1	https://rubalkhali.science/kb/RAK_6000697	6	Surface	1	2026-07-27T00:00:00	2026-07-27	accepted	Yes	97.9	10.06	7.7	7.7		True	True	True	True	True	ADMITTED_MEASUREMENT	True	True	
Trip 3	18	3	F6Sr2	https://rubalkhali.science/kb/RAK_6000698	6	Surface	2			missing							True	False	False	False	False	PENDING_MEASUREMENT	False	False	ph_value_missing
Trip 3	19	3	F6Sr3	https://rubalkhali.science/kb/RAK_6000699	6	Surface	3			missing							True	False	False	False	False	PENDING_MEASUREMENT	False	False	ph_value_missing
Trip 3	20	3	F6Dr1	https://rubalkhali.science/kb/RAK_6000694	6	Deep	1	2026-07-27T00:00:00	2026-07-27	accepted	Yes	97.9	10.06	7.74	7.74		True	True	True	True	True	ADMITTED_MEASUREMENT	True	True	
Trip 3	21	3	F6PRr1	https://rubalkhali.science/kb/RAK_6000700	6	Rhizosphere	1	2026-07-27T00:00:00	2026-07-27	accepted	Yes	97.9	10.06	7.69	7.69		True	True	True	True	True	ADMITTED_MEASUREMENT	True	True	
Trip 3	22	3	F6PRr2	https://rubalkhali.science/kb/RAK_6000701	6	Rhizosphere	2			missing							True	False	False	False	False	PENDING_MEASUREMENT	False	False	ph_value_missing
Trip 3	23	3	F6PRr3	https://rubalkhali.science/kb/RAK_6000702	6	Rhizosphere	3			missing							True	False	False	False	False	PENDING_MEASUREMENT	False	False	ph_value_missing
Trip 3	24	3	F7Sr1	https://rubalkhali.science/kb/RAK_6000706	7	Surface	1	2026-07-27T00:00:00	2026-07-27	accepted	Yes	97.9	10.06	7.8	7.8		True	True	True	True	True	ADMITTED_MEASUREMENT	True	True	
Trip 3	25	3	F7Sr2	https://rubalkhali.science/kb/RAK_6000707	7	Surface	2			missing							True	False	False	False	False	PENDING_MEASUREMENT	False	False	ph_value_missing
Trip 3	26	3	F7Sr3	https://rubalkhali.science/kb/RAK_6000708	7	Surface	3			missing							True	False	False	False	False	PENDING_MEASUREMENT	False	False	ph_value_missing
Trip 3	27	3	F7Dr1	https://rubalkhali.science/kb/RAK_6000703	7	Deep	1	2026-07-27T00:00:00	2026-07-27	accepted	Yes	97.9	10.06	7.84	7.84		True	True	True	True	True	ADMITTED_MEASUREMENT	True	True	
Trip 3	28	3	F7Dr2	https://rubalkhali.science/kb/RAK_6000704	7	Deep	2			missing							True	False	False	False	False	PENDING_MEASUREMENT	False	False	ph_value_missing
Trip 3	29	3	F7Dr3	https://rubalkhali.science/kb/RAK_6000705	7	Deep	3			missing							True	False	False	False	False	PENDING_MEASUREMENT	False	False	ph_value_missing
Trip 3	30	3	F7PRr1	https://rubalkhali.science/kb/RAK_6000709	7	Rhizosphere	1	2026-07-27T00:00:00	2026-07-27	accepted	Yes	97.9	10.06	7.81	7.81		True	True	True	True	True	ADMITTED_MEASUREMENT	True	True	
Trip 3	31	3	F7PRr2	https://rubalkhali.science/kb/RAK_6000710	7	Rhizosphere	2			missing							True	False	False	False	False	PENDING_MEASUREMENT	False	False	ph_value_missing
Trip 3	32	3	F7PRr3	https://rubalkhali.science/kb/RAK_6000711	7	Rhizosphere	3			missing							True	False	False	False	False	PENDING_MEASUREMENT	False	False	ph_value_missing
Trip 3	33	3	F8Sr1	https://rubalkhali.science/kb/RAK_6000715	8	Surface	1	2026-12-07T00:00:00		future_or_day_month_ambiguous	Yes	100	9.95	7.39	7.39		True	True	True	True	True	QUARANTINED_DATE	False	False	measurement_date_future_or_day_month_ambiguous
Trip 3	34	3	F8Sr2	https://rubalkhali.science/kb/RAK_6000716	8	Surface	2	2026-12-07T00:00:00		future_or_day_month_ambiguous	Yes	100	9.95	7.35	7.35		True	True	True	True	True	QUARANTINED_DATE	False	False	measurement_date_future_or_day_month_ambiguous
Trip 3	35	3	F8Sr3	https://rubalkhali.science/kb/RAK_6000717	8	Surface	3	2026-12-07T00:00:00		future_or_day_month_ambiguous	Yes	100	9.95	7.35	7.35		True	True	True	True	True	QUARANTINED_DATE	False	False	measurement_date_future_or_day_month_ambiguous
Trip 3	36	3	F8Dr1	https://rubalkhali.science/kb/RAK_6000712	8	Deep	1	2026-12-07T00:00:00		future_or_day_month_ambiguous	Yes	100	9.95	7.3	7.3		True	True	True	True	True	QUARANTINED_DATE	False	False	measurement_date_future_or_day_month_ambiguous
Trip 3	37	3	F8Dr2	https://rubalkhali.science/kb/RAK_6000713	8	Deep	2	2026-12-07T00:00:00		future_or_day_month_ambiguous	Yes	100	9.95	7.23	7.23		True	True	True	True	True	QUARANTINED_DATE	False	False	measurement_date_future_or_day_month_ambiguous
Trip 3	38	3	F8Dr3	https://rubalkhali.science/kb/RAK_6000714	8	Deep	3	2026-12-07T00:00:00		future_or_day_month_ambiguous	Yes	100	9.95	7.36	7.36		True	True	True	True	True	QUARANTINED_DATE	False	False	measurement_date_future_or_day_month_ambiguous
Trip 3	39	3	F8PRr1	https://rubalkhali.science/kb/RAK_6000718	8	Rhizosphere	1	2026-12-07T00:00:00		future_or_day_month_ambiguous	Yes	100	9.95	7.68	7.68		True	True	True	True	True	QUARANTINED_DATE	False	False	measurement_date_future_or_day_month_ambiguous
Trip 3	40	3	F8PRr2	https://rubalkhali.science/kb/RAK_6000719	8	Rhizosphere	2	2026-12-07T00:00:00		future_or_day_month_ambiguous	Yes	100	9.95	7.76	7.76		True	True	True	True	True	QUARANTINED_DATE	False	False	measurement_date_future_or_day_month_ambiguous
Trip 3	41	3	F8PRr3	https://rubalkhali.science/kb/RAK_6000720	8	Rhizosphere	3	2026-12-07T00:00:00		future_or_day_month_ambiguous	Yes	100	9.95	7.68	7.68		True	True	True	True	True	QUARANTINED_DATE	False	False	measurement_date_future_or_day_month_ambiguous
Trip 3	42	3	F9Sr1	https://rubalkhali.science/kb/RAK_6000724	9	Surface	1	2026-07-27T00:00:00	2026-07-27	accepted	Yes	97.9	10.06	7.69	7.69		True	True	True	True	True	ADMITTED_MEASUREMENT	True	True	
Trip 3	43	3	F9Sr2	https://rubalkhali.science/kb/RAK_6000725	9	Surface	2			missing							True	False	False	False	False	PENDING_MEASUREMENT	False	False	ph_value_missing
Trip 3	44	3	F9Sr3	https://rubalkhali.science/kb/RAK_6000726	9	Surface	3			missing							True	False	False	False	False	PENDING_MEASUREMENT	False	False	ph_value_missing
Trip 3	45	3	F9Dr1	https://rubalkhali.science/kb/RAK_6000721	9	Deep	1	2026-07-27T00:00:00	2026-07-27	accepted	Yes	97.9	10.06	7.73	7.73		True	True	True	True	True	ADMITTED_MEASUREMENT	True	True	
Trip 3	46	3	F9Dr2	https://rubalkhali.science/kb/RAK_6000722	9	Deep	2			missing							True	False	False	False	False	PENDING_MEASUREMENT	False	False	ph_value_missing
Trip 3	47	3	F9Dr3	https://rubalkhali.science/kb/RAK_6000723	9	Deep	3			missing							True	False	False	False	False	PENDING_MEASUREMENT	False	False	ph_value_missing
Trip 3	48	3	F9PRr1	https://rubalkhali.science/kb/RAK_6000727	9	Rhizosphere	1	2026-07-27T00:00:00	2026-07-27	accepted	Yes	97.9	10.06	7.71	7.71		True	True	True	True	True	ADMITTED_MEASUREMENT	True	True	
Trip 3	49	3	F9PRr2	https://rubalkhali.science/kb/RAK_6000728	9	Rhizosphere	2			missing							True	False	False	False	False	PENDING_MEASUREMENT	False	False	ph_value_missing
Trip 3	50	3	F9PRr3	https://rubalkhali.science/kb/RAK_6000729	9	Rhizosphere	3			missing							True	False	False	False	False	PENDING_MEASUREMENT	False	False	ph_value_missing
Trip 3	51	3	F10Sr1	https://rubalkhali.science/kb/RAK_6000733	10	Surface	1	2026-07-27T00:00:00	2026-07-27	accepted	Yes	97.9	10.06	7.76	7.76		True	True	True	True	True	ADMITTED_MEASUREMENT	True	True	
Trip 3	52	3	F10Sr2	https://rubalkhali.science/kb/RAK_6000734	10	Surface	2			missing							True	False	False	False	False	PENDING_MEASUREMENT	False	False	ph_value_missing
Trip 3	53	3	F10Sr3	https://rubalkhali.science/kb/RAK_6000735	10	Surface	3			missing							True	False	False	False	False	PENDING_MEASUREMENT	False	False	ph_value_missing
Trip 3	54	3	F10Dr1	https://rubalkhali.science/kb/RAK_6000730	10	Deep	1	2026-07-27T00:00:00	2026-07-27	accepted	Yes	97.9	10.06	7.79	7.79		True	True	True	True	True	ADMITTED_MEASUREMENT	True	True	
Trip 3	55	3	F10Dr2	https://rubalkhali.science/kb/RAK_6000731	10	Deep	2			missing							True	False	False	False	False	PENDING_MEASUREMENT	False	False	ph_value_missing
Trip 3	56	3	F10Dr3	https://rubalkhali.science/kb/RAK_6000732	10	Deep	3			missing							True	False	False	False	False	PENDING_MEASUREMENT	False	False	ph_value_missing
Trip 3	57	3	F10PRr1	https://rubalkhali.science/kb/RAK_6000736	10	Rhizosphere	1	2026-07-27T00:00:00	2026-07-27	accepted	Yes	97.9	10.06	7.7	7.7		True	True	True	True	True	ADMITTED_MEASUREMENT	True	True	
Trip 3	58	3	F10PRr2	https://rubalkhali.science/kb/RAK_6000737	10	Rhizosphere	2			missing							True	False	False	False	False	PENDING_MEASUREMENT	False	False	ph_value_missing
Trip 3	59	3	F11Sr1	https://rubalkhali.science/kb/RAK_6000742	11	Surface	1	2026-07-27T00:00:00	2026-07-27	accepted	Yes	97.9	10.06	7.61	7.61		True	True	True	True	True	ADMITTED_MEASUREMENT	True	True	
Trip 3	60	3	F11Sr2	https://rubalkhali.science/kb/RAK_6000743	11	Surface	2			missing							True	False	False	False	False	PENDING_MEASUREMENT	False	False	ph_value_missing
Trip 3	61	3	F11Sr3	https://rubalkhali.science/kb/RAK_6000744	11	Surface	3			missing							True	False	False	False	False	PENDING_MEASUREMENT	False	False	ph_value_missing
Trip 3	62	3	F11Dr1	https://rubalkhali.science/kb/RAK_6000739	11	Deep	1	2026-07-27T00:00:00	2026-07-27	accepted	Yes	97.9	10.06	7.69	7.69		True	True	True	True	True	ADMITTED_MEASUREMENT	True	True	
Trip 3	63	3	F11Dr2	https://rubalkhali.science/kb/RAK_6000740	11	Deep	2			missing							True	False	False	False	False	PENDING_MEASUREMENT	False	False	ph_value_missing
Trip 3	64	3	F11Dr3	https://rubalkhali.science/kb/RAK_6000741	11	Deep	3			missing							True	False	False	False	False	PENDING_MEASUREMENT	False	False	ph_value_missing
Trip 3	65	3	F11PRr1	https://rubalkhali.science/kb/RAK_6000745	11	Rhizosphere	1	2026-07-27T00:00:00	2026-07-27	accepted	Yes	97.9	10.06	7.65	7.65		True	True	True	True	True	ADMITTED_MEASUREMENT	True	True	
Trip 3	66	3	F11PRr2	https://rubalkhali.science/kb/RAK_6000746	11	Rhizosphere	2			missing							True	False	False	False	False	PENDING_MEASUREMENT	False	False	ph_value_missing
Trip 3	67	3	F11PRr3	https://rubalkhali.science/kb/RAK_6000747	11	Rhizosphere	3			missing							True	False	False	False	False	PENDING_MEASUREMENT	False	False	ph_value_missing
Trip 3	68	3	F12Sr2	https://rubalkhali.science/kb/RAK_6000752	12	Surface	2	13/7/2026	2026-07-13	accepted	Yes	98.8	10.06	8.05	8.05		True	True	True	True	True	ADMITTED_MEASUREMENT	True	True	
Trip 3	69	3	F12Sr3	https://rubalkhali.science/kb/RAK_6000753	12	Surface	3	13/7/2026	2026-07-13	accepted	Yes	98.8	10.06	8	8		True	True	True	True	True	ADMITTED_MEASUREMENT	True	True	
Trip 3	70	3	F12Dr1	https://rubalkhali.science/kb/RAK_6000748	12	Deep	1	13/7/2026	2026-07-13	accepted	Yes	98.8	10.06	8.11	8.11		True	True	True	True	True	ADMITTED_MEASUREMENT	True	True	
Trip 3	71	3	F12Dr2	https://rubalkhali.science/kb/RAK_6000749	12	Deep	2	13/7/2026	2026-07-13	accepted	Yes	98.8	10.06	7.97	7.97		True	True	True	True	True	ADMITTED_MEASUREMENT	True	True	
Trip 3	72	3	F12PRr1	https://rubalkhali.science/kb/RAK_6000754	12	Rhizosphere	1	13/7/2026	2026-07-13	accepted	Yes	98.8	10.06	8.1	8.1		True	True	True	True	True	ADMITTED_MEASUREMENT	True	True	
Trip 3	73	3	F12PRr2	https://rubalkhali.science/kb/RAK_6000755	12	Rhizosphere	2	13/7/2026	2026-07-13	accepted	Yes	98.8	10.06	8.07	8.07		True	True	True	True	True	ADMITTED_MEASUREMENT	True	True	
Trip 3	74	3	F12PRr3	https://rubalkhali.science/kb/RAK_6000756	12	Rhizosphere	3	13/7/2026	2026-07-13	accepted	Yes	98.8	10.06	8.11	8.11		True	True	True	True	True	ADMITTED_MEASUREMENT	True	True	
Trip 3	75	3	F13Sr1	https://rubalkhali.science/kb/RAK_6000760	13	Surface	1	2026-07-27T00:00:00	2026-07-27	accepted	Yes	97.9	10.06	7.88	7.88		True	True	True	True	True	ADMITTED_MEASUREMENT	True	True	
Trip 3	76	3	F13Sr2	https://rubalkhali.science/kb/RAK_6000761	13	Surface	2			missing							True	False	False	False	False	PENDING_MEASUREMENT	False	False	ph_value_missing
Trip 3	77	3	F13Sr3	https://rubalkhali.science/kb/RAK_6000762	13	Surface	3			missing							True	False	False	False	False	PENDING_MEASUREMENT	False	False	ph_value_missing
Trip 3	78	3	F13Dr1	https://rubalkhali.science/kb/RAK_6000757	13	Deep	1	2026-07-27T00:00:00	2026-07-27	accepted	Yes	97.9	10.06	7.9	7.9		True	True	True	True	True	ADMITTED_MEASUREMENT	True	True	
Trip 3	79	3	F13Dr2	https://rubalkhali.science/kb/RAK_6000758	13	Deep	2			missing							True	False	False	False	False	PENDING_MEASUREMENT	False	False	ph_value_missing
Trip 3	80	3	F13Dr3	https://rubalkhali.science/kb/RAK_6000759	13	Deep	3			missing							True	False	False	False	False	PENDING_MEASUREMENT	False	False	ph_value_missing
Trip 3	81	3	F13PRr1	https://rubalkhali.science/kb/RAK_6000763	13	Rhizosphere	1	2026-07-27T00:00:00	2026-07-27	accepted	Yes	97.9	10.06	7.86	7.86		True	True	True	True	True	ADMITTED_MEASUREMENT	True	True	
Trip 3	82	3	F13PRr2	https://rubalkhali.science/kb/RAK_6000764	13	Rhizosphere	2			missing							True	False	False	False	False	PENDING_MEASUREMENT	False	False	ph_value_missing
Trip 3	83	3	F13PRr3	https://rubalkhali.science/kb/RAK_6000765	13	Rhizosphere	3			missing							True	False	False	False	False	PENDING_MEASUREMENT	False	False	ph_value_missing
Trip 3	84	3	F14Sr1	https://rubalkhali.science/kb/RAK_6000769	14	Surface	1	2026-07-27T00:00:00	2026-07-27	accepted	Yes	97.9	10.06	7.97	7.97		True	True	True	True	True	ADMITTED_MEASUREMENT	True	True	
Trip 3	85	3	F14Sr2	https://rubalkhali.science/kb/RAK_6000770	14	Surface	2			missing							True	False	False	False	False	PENDING_MEASUREMENT	False	False	ph_value_missing
Trip 3	86	3	F14Sr3	https://rubalkhali.science/kb/RAK_6000771	14	Surface	3			missing							True	False	False	False	False	PENDING_MEASUREMENT	False	False	ph_value_missing
Trip 3	87	3	F14Dr1	https://rubalkhali.science/kb/RAK_6000766	14	Deep	1	2026-07-27T00:00:00	2026-07-27	accepted	Yes	97.9	10.06	8.01	8.01		True	True	True	True	True	ADMITTED_MEASUREMENT	True	True	
Trip 3	88	3	F14Dr2	https://rubalkhali.science/kb/RAK_6000767	14	Deep	2			missing							True	False	False	False	False	PENDING_MEASUREMENT	False	False	ph_value_missing
Trip 3	89	3	F14Dr3	https://rubalkhali.science/kb/RAK_6000768	14	Deep	3			missing							True	False	False	False	False	PENDING_MEASUREMENT	False	False	ph_value_missing
Trip 3	90	3	F14PRr1	https://rubalkhali.science/kb/RAK_6000772	14	Rhizosphere	1	2026-07-27T00:00:00	2026-07-27	accepted	Yes	97.9	10.06	7.94	7.94		True	True	True	True	True	ADMITTED_MEASUREMENT	True	True	
Trip 3	91	3	F14PRr2	https://rubalkhali.science/kb/RAK_6000773	14	Rhizosphere	2			missing							True	False	False	False	False	PENDING_MEASUREMENT	False	False	ph_value_missing
Trip 3	92	3	F14PRr3	https://rubalkhali.science/kb/RAK_6000774	14	Rhizosphere	3			missing							True	False	False	False	False	PENDING_MEASUREMENT	False	False	ph_value_missing
Trip 3	93	3	F15Sr1	https://rubalkhali.science/kb/RAK_6000778	15	Surface	1	2026-07-27T00:00:00	2026-07-27	accepted	Yes	97.9	10.06	8	8		True	True	True	True	True	ADMITTED_MEASUREMENT	True	True	
Trip 3	94	3	F15Sr2	https://rubalkhali.science/kb/RAK_6000779	15	Surface	2			missing							True	False	False	False	False	PENDING_MEASUREMENT	False	False	ph_value_missing
Trip 3	95	3	F15Sr3	https://rubalkhali.science/kb/RAK_6000780	15	Surface	3			missing							True	False	False	False	False	PENDING_MEASUREMENT	False	False	ph_value_missing
Trip 3	96	3	F15Dr1	https://rubalkhali.science/kb/RAK_6000775	15	Deep	1	2026-07-27T00:00:00	2026-07-27	accepted	Yes	97.9	10.06	8.02	8.02		True	True	True	True	True	ADMITTED_MEASUREMENT	True	True	
Trip 3	97	3	F15Dr2	https://rubalkhali.science/kb/RAK_6000776	15	Deep	2			missing							True	False	False	False	False	PENDING_MEASUREMENT	False	False	ph_value_missing
Trip 3	98	3	F15Dr3	https://rubalkhali.science/kb/RAK_6000777	15	Deep	3			missing							True	False	False	False	False	PENDING_MEASUREMENT	False	False	ph_value_missing
Trip 3	99	3	F15PRr1	https://rubalkhali.science/kb/RAK_6000781	15	Rhizosphere	1	2026-07-27T00:00:00	2026-07-27	accepted	Yes	97.9	10.06	7.79	7.79		True	True	True	True	True	ADMITTED_MEASUREMENT	True	True	
Trip 3	100	3	F15PRr2	https://rubalkhali.science/kb/RAK_6000782	15	Rhizosphere	2			missing							True	False	False	False	False	PENDING_MEASUREMENT	False	False	ph_value_missing
Trip 3	101	3	F15PRr3	https://rubalkhali.science/kb/RAK_6000783	15	Rhizosphere	3			missing							True	False	False	False	False	PENDING_MEASUREMENT	False	False	ph_value_missing
Trip 3	102	3	F16Sr1	https://rubalkhali.science/kb/RAK_6000787	16	Surface	1	2026-07-27T00:00:00	2026-07-27	accepted	Yes	97.9	10.06	7.96	7.96		True	True	True	True	True	ADMITTED_MEASUREMENT	True	True	
Trip 3	103	3	F16Sr2	https://rubalkhali.science/kb/RAK_6000788	16	Surface	2			missing							True	False	False	False	False	PENDING_MEASUREMENT	False	False	ph_value_missing
Trip 3	104	3	F16Sr3	https://rubalkhali.science/kb/RAK_6000789	16	Surface	3			missing							True	False	False	False	False	PENDING_MEASUREMENT	False	False	ph_value_missing
Trip 3	105	3	F16Dr1	https://rubalkhali.science/kb/RAK_6000784	16	Deep	1	2026-07-27T00:00:00	2026-07-27	accepted	Yes	97.9	10.06	7.8	7.8		True	True	True	True	True	ADMITTED_MEASUREMENT	True	True	
Trip 3	106	3	F16Dr2	https://rubalkhali.science/kb/RAK_6000785	16	Deep	2			missing							True	False	False	False	False	PENDING_MEASUREMENT	False	False	ph_value_missing
Trip 3	107	3	F16Dr3	https://rubalkhali.science/kb/RAK_6000786	16	Deep	3			missing							True	False	False	False	False	PENDING_MEASUREMENT	False	False	ph_value_missing
Trip 3	108	3	F16PRr1	https://rubalkhali.science/kb/RAK_6000790	16	Rhizosphere	1	2026-07-27T00:00:00	2026-07-27	accepted	Yes	97.9	10.06	7.89	7.89		True	True	True	True	True	ADMITTED_MEASUREMENT	True	True	
Trip 3	109	3	F16PRr2	https://rubalkhali.science/kb/RAK_6000791	16	Rhizosphere	2			missing							True	False	False	False	False	PENDING_MEASUREMENT	False	False	ph_value_missing
Trip 3	110	3	F16PRr3	https://rubalkhali.science/kb/RAK_6000792	16	Rhizosphere	3			missing							True	False	False	False	False	PENDING_MEASUREMENT	False	False	ph_value_missing
Trip 3	111	3	F17Sr1	https://rubalkhali.science/kb/RAK_6000796	17	Surface	1	2026-07-27T00:00:00	2026-07-27	accepted	Yes	97.9	10.06	7.6	7.6		True	True	True	True	True	ADMITTED_MEASUREMENT	True	True	
Trip 3	112	3	F17Sr2	https://rubalkhali.science/kb/RAK_6000797	17	Surface	2			missing							True	False	False	False	False	PENDING_MEASUREMENT	False	False	ph_value_missing
Trip 3	113	3	F17Sr3	https://rubalkhali.science/kb/RAK_6000798	17	Surface	3			missing							True	False	False	False	False	PENDING_MEASUREMENT	False	False	ph_value_missing
Trip 3	114	3	F17Dr1	https://rubalkhali.science/kb/RAK_6000793	17	Deep	1	2026-07-27T00:00:00	2026-07-27	accepted	Yes	97.9	10.06	7.63	7.63		True	True	True	True	True	ADMITTED_MEASUREMENT	True	True	
Trip 3	115	3	F17Dr2	https://rubalkhali.science/kb/RAK_6000794	17	Deep	2			missing							True	False	False	False	False	PENDING_MEASUREMENT	False	False	ph_value_missing
Trip 3	116	3	F17Dr3	https://rubalkhali.science/kb/RAK_6000795	17	Deep	3			missing							True	False	False	False	False	PENDING_MEASUREMENT	False	False	ph_value_missing
Trip 3	117	3	F17PRr1	https://rubalkhali.science/kb/RAK_6000799	17	Rhizosphere	1	2026-07-27T00:00:00	2026-07-27	accepted	Yes	97.9	10.06	7.58	7.58		True	True	True	True	True	ADMITTED_MEASUREMENT	True	True	
Trip 3	118	3	F17PRr2	https://rubalkhali.science/kb/RAK_6000800	17	Rhizosphere	2			missing							True	False	False	False	False	PENDING_MEASUREMENT	False	False	ph_value_missing
Trip 3	119	3	F17PRr3	https://rubalkhali.science/kb/RAK_6000801	17	Rhizosphere	3			missing							True	False	False	False	False	PENDING_MEASUREMENT	False	False	ph_value_missing
Trip 3	120	3	F18Sr1	https://rubalkhali.science/kb/RAK_6000805	18	Surface	1	2026-12-07T00:00:00		future_or_day_month_ambiguous	Yes	100	9.95	7.96	7.96		True	True	True	True	True	QUARANTINED_DATE	False	False	measurement_date_future_or_day_month_ambiguous
Trip 3	121	3	F18Sr2	https://rubalkhali.science/kb/RAK_6000806	18	Surface	2	2026-12-07T00:00:00		future_or_day_month_ambiguous	Yes	100	9.95	7.84	7.84		True	True	True	True	True	QUARANTINED_DATE	False	False	measurement_date_future_or_day_month_ambiguous
Trip 3	122	3	F18Sr3	https://rubalkhali.science/kb/RAK_6000807	18	Surface	3	2026-12-07T00:00:00		future_or_day_month_ambiguous	Yes	100	9.95	7.92	7.92		True	True	True	True	True	QUARANTINED_DATE	False	False	measurement_date_future_or_day_month_ambiguous
Trip 3	123	3	F18Dr1	https://rubalkhali.science/kb/RAK_6000802	18	Deep	1	2026-12-07T00:00:00		future_or_day_month_ambiguous	Yes	100	9.95	7.59	7.59		True	True	True	True	True	QUARANTINED_DATE	False	False	measurement_date_future_or_day_month_ambiguous
Trip 3	124	3	F18Dr2	https://rubalkhali.science/kb/RAK_6000803	18	Deep	2	2026-12-07T00:00:00		future_or_day_month_ambiguous	Yes	100	9.95	7.49	7.49		True	True	True	True	True	QUARANTINED_DATE	False	False	measurement_date_future_or_day_month_ambiguous
Trip 3	125	3	F18Dr3	https://rubalkhali.science/kb/RAK_6000804	18	Deep	3	2026-12-07T00:00:00		future_or_day_month_ambiguous	Yes	100	9.95	7.84	7.84		True	True	True	True	True	QUARANTINED_DATE	False	False	measurement_date_future_or_day_month_ambiguous
Trip 3	126	3	F18PRr1	https://rubalkhali.science/kb/RAK_6000808	18	Rhizosphere	1	2026-12-07T00:00:00		future_or_day_month_ambiguous	Yes	100	9.95	7.93	7.93		True	True	True	True	True	QUARANTINED_DATE	False	False	measurement_date_future_or_day_month_ambiguous
Trip 3	127	3	F18PRr2	https://rubalkhali.science/kb/RAK_6000809	18	Rhizosphere	2	2026-12-07T00:00:00		future_or_day_month_ambiguous	Yes	100	9.95	7.91	7.91		True	True	True	True	True	QUARANTINED_DATE	False	False	measurement_date_future_or_day_month_ambiguous
Trip 3	128	3	F18PRr3	https://rubalkhali.science/kb/RAK_6000810	18	Rhizosphere	3	2026-12-07T00:00:00		future_or_day_month_ambiguous	Yes	100	9.95	7.92	7.92		True	True	True	True	True	QUARANTINED_DATE	False	False	measurement_date_future_or_day_month_ambiguous
Trip 3	129	3	F19Sr1	https://rubalkhali.science/kb/RAK_6000814	19	Surface	1	2026-07-27T00:00:00	2026-07-27	accepted	Yes	97.9	10.06	7.72	7.72		True	True	True	True	True	ADMITTED_MEASUREMENT	True	True	
Trip 3	130	3	F19Sr2	https://rubalkhali.science/kb/RAK_6000815	19	Surface	2			missing							True	False	False	False	False	PENDING_MEASUREMENT	False	False	ph_value_missing
Trip 3	131	3	F19Sr3	https://rubalkhali.science/kb/RAK_6000816	19	Surface	3			missing							True	False	False	False	False	PENDING_MEASUREMENT	False	False	ph_value_missing
Trip 3	132	3	F19Dr1	https://rubalkhali.science/kb/RAK_6000811	19	Deep	1	2026-07-27T00:00:00	2026-07-27	accepted	Yes	97.9	10.06	7.77	7.77		True	True	True	True	True	ADMITTED_MEASUREMENT	True	True	
Trip 3	133	3	F19Dr2	https://rubalkhali.science/kb/RAK_6000812	19	Deep	2			missing							True	False	False	False	False	PENDING_MEASUREMENT	False	False	ph_value_missing
Trip 3	134	3	F19Dr3	https://rubalkhali.science/kb/RAK_6000813	19	Deep	3			missing							True	False	False	False	False	PENDING_MEASUREMENT	False	False	ph_value_missing
Trip 3	135	3	F19PRr1	https://rubalkhali.science/kb/RAK_6000817	19	Rhizosphere	1	2026-07-27T00:00:00	2026-07-27	accepted	Yes	97.9	10.06	7.74	7.74		True	True	True	True	True	ADMITTED_MEASUREMENT	True	True	
Trip 3	136	3	F19PRr2	https://rubalkhali.science/kb/RAK_6000818	19	Rhizosphere	2			missing							True	False	False	False	False	PENDING_MEASUREMENT	False	False	ph_value_missing
Trip 3	137	3	F19PRr3	https://rubalkhali.science/kb/RAK_6000819	19	Rhizosphere	3			missing							True	False	False	False	False	PENDING_MEASUREMENT	False	False	ph_value_missing
Trip 3	138	3	F20Sr2	https://rubalkhali.science/kb/RAK_6000824	20	Surface	2	2026-07-27T00:00:00	2026-07-27	accepted	Yes	97.9	10.06	7.72	7.72		True	True	True	True	True	ADMITTED_MEASUREMENT	True	True	
Trip 3	139	3	F20Sr3	https://rubalkhali.science/kb/RAK_6000825	20	Surface	3			missing							True	False	False	False	False	PENDING_MEASUREMENT	False	False	ph_value_missing
Trip 3	140	3	F20Dr1	https://rubalkhali.science/kb/RAK_6000820	20	Deep	1	2026-07-27T00:00:00	2026-07-27	accepted	Yes	97.9	10.06	7.77	7.77		True	True	True	True	True	ADMITTED_MEASUREMENT	True	True	
Trip 3	141	3	F20Dr2	https://rubalkhali.science/kb/RAK_6000821	20	Deep	2			missing							True	False	False	False	False	PENDING_MEASUREMENT	False	False	ph_value_missing
Trip 3	142	3	F20Dr3	https://rubalkhali.science/kb/RAK_6000822	20	Deep	3			missing							True	False	False	False	False	PENDING_MEASUREMENT	False	False	ph_value_missing
Trip 3	143	3	F20PRr1	https://rubalkhali.science/kb/RAK_6000826	20	Rhizosphere	1	2026-07-27T00:00:00	2026-07-27	accepted	Yes	97.9	10.06	7.74	7.74		True	True	True	True	True	ADMITTED_MEASUREMENT	True	True	
Trip 3	144	3	F20PRr2	https://rubalkhali.science/kb/RAK_6000827	20	Rhizosphere	2			missing							True	False	False	False	False	PENDING_MEASUREMENT	False	False	ph_value_missing
Trip 3	145	3	F20PRr3	https://rubalkhali.science/kb/RAK_6000828	20	Rhizosphere	3			missing							True	False	False	False	False	PENDING_MEASUREMENT	False	False	ph_value_missing
Trip 3	146	3	F21Sr1	https://rubalkhali.science/kb/RAK_6000832	21	Surface	1	2026-07-27T00:00:00	2026-07-27	accepted	Yes	97.9	10.06	7.53	7.53		True	True	True	True	True	ADMITTED_MEASUREMENT	True	True	
Trip 3	147	3	F21Sr2	https://rubalkhali.science/kb/RAK_6000833	21	Surface	2			missing							True	False	False	False	False	PENDING_MEASUREMENT	False	False	ph_value_missing
Trip 3	148	3	F21Sr3	https://rubalkhali.science/kb/RAK_6000834	21	Surface	3			missing							True	False	False	False	False	PENDING_MEASUREMENT	False	False	ph_value_missing
Trip 3	149	3	F21Dr1	https://rubalkhali.science/kb/RAK_6000829	21	Deep	1	2026-07-27T00:00:00	2026-07-27	accepted	Yes	97.9	10.06	7.69	7.69		True	True	True	True	True	ADMITTED_MEASUREMENT	True	True	
Trip 3	150	3	F21Dr2	https://rubalkhali.science/kb/RAK_6000830	21	Deep	2			missing							True	False	False	False	False	PENDING_MEASUREMENT	False	False	ph_value_missing
Trip 3	151	3	F21Dr3	https://rubalkhali.science/kb/RAK_6000831	21	Deep	3			missing							True	False	False	False	False	PENDING_MEASUREMENT	False	False	ph_value_missing
Trip 3	152	3	F21PRr1	https://rubalkhali.science/kb/RAK_6000835	21	Rhizosphere	1	2026-07-27T00:00:00	2026-07-27	accepted	Yes	97.9	10.06	7.61	7.61		True	True	True	True	True	ADMITTED_MEASUREMENT	True	True	
Trip 3	153	3	F21PRr2	https://rubalkhali.science/kb/RAK_6000836	21	Rhizosphere	2			missing							True	False	False	False	False	PENDING_MEASUREMENT	False	False	ph_value_missing
Trip 3	154	3	F21PRr3	https://rubalkhali.science/kb/RAK_6000837	21	Rhizosphere	3			missing							True	False	False	False	False	PENDING_MEASUREMENT	False	False	ph_value_missing
Trip 3	155	3	F22Sr1	https://rubalkhali.science/kb/RAK_6000841	22	Surface	1	2026-12-07T00:00:00		future_or_day_month_ambiguous	Yes	100	9.95	7.93	7.93		True	True	True	True	True	QUARANTINED_DATE	False	False	measurement_date_future_or_day_month_ambiguous
Trip 3	156	3	F22Sr2	https://rubalkhali.science/kb/RAK_6000842	22	Surface	2	2026-12-07T00:00:00		future_or_day_month_ambiguous	Yes	100	9.95	7.96	7.96		True	True	True	True	True	QUARANTINED_DATE	False	False	measurement_date_future_or_day_month_ambiguous
Trip 3	157	3	F22Sr3	https://rubalkhali.science/kb/RAK_6000843	22	Surface	3	2026-12-07T00:00:00		future_or_day_month_ambiguous	Yes	100	9.95	7.92	7.92		True	True	True	True	True	QUARANTINED_DATE	False	False	measurement_date_future_or_day_month_ambiguous
Trip 3	158	3	F22Dr1	https://rubalkhali.science/kb/RAK_6000838	22	Deep	1	2026-12-07T00:00:00		future_or_day_month_ambiguous	Yes	100	9.95	7.93	7.93		True	True	True	True	True	QUARANTINED_DATE	False	False	measurement_date_future_or_day_month_ambiguous
Trip 3	159	3	F22Dr2	https://rubalkhali.science/kb/RAK_6000839	22	Deep	2	2026-12-07T00:00:00		future_or_day_month_ambiguous	Yes	100	9.95	7.82	7.82		True	True	True	True	True	QUARANTINED_DATE	False	False	measurement_date_future_or_day_month_ambiguous
Trip 3	160	3	F22Dr3	https://rubalkhali.science/kb/RAK_6000840	22	Deep	3	2026-12-07T00:00:00		future_or_day_month_ambiguous	Yes	100	9.95	7.92	7.92		True	True	True	True	True	QUARANTINED_DATE	False	False	measurement_date_future_or_day_month_ambiguous
Trip 3	161	3	F22PRr1	https://rubalkhali.science/kb/RAK_6000844	22	Rhizosphere	1	2026-12-07T00:00:00		future_or_day_month_ambiguous	Yes	100	9.95	7.93	7.93		True	True	True	True	True	QUARANTINED_DATE	False	False	measurement_date_future_or_day_month_ambiguous
Trip 3	162	3	F22PRr2	https://rubalkhali.science/kb/RAK_6000845	22	Rhizosphere	2	2026-12-07T00:00:00		future_or_day_month_ambiguous	Yes	100	9.95	7.98	7.98		True	True	True	True	True	QUARANTINED_DATE	False	False	measurement_date_future_or_day_month_ambiguous
Trip 3	163	3	F22PRr3	https://rubalkhali.science/kb/RAK_6000846	22	Rhizosphere	3	2026-12-07T00:00:00		future_or_day_month_ambiguous	Yes	100	9.95	7.99	7.99		True	True	True	True	True	QUARANTINED_DATE	False	False	measurement_date_future_or_day_month_ambiguous
Trip 3	164	3	F23Sr1	https://rubalkhali.science/kb/RAK_6000850	23	Surface	1	2026-07-27T00:00:00	2026-07-27	accepted	Yes	97.9	10.06	7.6	7.6		True	True	True	True	True	ADMITTED_MEASUREMENT	True	True	
Trip 3	165	3	F23Sr2	https://rubalkhali.science/kb/RAK_6000851	23	Surface	2			missing							True	False	False	False	False	PENDING_MEASUREMENT	False	False	ph_value_missing
Trip 3	166	3	F23Sr3	https://rubalkhali.science/kb/RAK_6000852	23	Surface	3			missing							True	False	False	False	False	PENDING_MEASUREMENT	False	False	ph_value_missing
Trip 3	167	3	F23Dr1	https://rubalkhali.science/kb/RAK_6000847	23	Deep	1	2026-07-27T00:00:00	2026-07-27	accepted	Yes	97.9	10.06	7.58	7.58		True	True	True	True	True	ADMITTED_MEASUREMENT	True	True	
Trip 3	168	3	F23Dr2	https://rubalkhali.science/kb/RAK_6000848	23	Deep	2			missing							True	False	False	False	False	PENDING_MEASUREMENT	False	False	ph_value_missing
Trip 3	169	3	F23Dr3	https://rubalkhali.science/kb/RAK_6000849	23	Deep	3			missing							True	False	False	False	False	PENDING_MEASUREMENT	False	False	ph_value_missing
Trip 3	170	3	F23PRr1	https://rubalkhali.science/kb/RAK_6000853	23	Rhizosphere	1	2026-07-27T00:00:00	2026-07-27	accepted	Yes	97.9	10.06	7.54	7.54		True	True	True	True	True	ADMITTED_MEASUREMENT	True	True	
Trip 3	171	3	F23PRr2	https://rubalkhali.science/kb/RAK_6000854	23	Rhizosphere	2			missing							True	False	False	False	False	PENDING_MEASUREMENT	False	False	ph_value_missing
Trip 3	172	3	F23PRr3	https://rubalkhali.science/kb/RAK_6000855	23	Rhizosphere	3			missing							True	False	False	False	False	PENDING_MEASUREMENT	False	False	ph_value_missing
Trip 3	173	3	F24Sr1	https://rubalkhali.science/kb/RAK_6000859	24	Surface	1	2026-07-27T00:00:00	2026-07-27	accepted	Yes	97.9	10.06	8.02	8.02		True	True	True	True	True	ADMITTED_MEASUREMENT	True	True	
Trip 3	174	3	F24Sr2	https://rubalkhali.science/kb/RAK_6000860	24	Surface	2			missing							True	False	False	False	False	PENDING_MEASUREMENT	False	False	ph_value_missing
Trip 3	175	3	F24Sr3	https://rubalkhali.science/kb/RAK_6000861	24	Surface	3			missing							True	False	False	False	False	PENDING_MEASUREMENT	False	False	ph_value_missing
Trip 3	176	3	F24Dr1	https://rubalkhali.science/kb/RAK_6000856	24	Deep	1	2026-07-27T00:00:00	2026-07-27	accepted	Yes	97.9	10.06	8.03	8.03		True	True	True	True	True	ADMITTED_MEASUREMENT	True	True	
Trip 3	177	3	F24Dr2	https://rubalkhali.science/kb/RAK_6000857	24	Deep	2			missing							True	False	False	False	False	PENDING_MEASUREMENT	False	False	ph_value_missing
Trip 3	178	3	F24PRr1	https://rubalkhali.science/kb/RAK_6000862	24	Rhizosphere	1	2026-07-27T00:00:00	2026-07-27	accepted	Yes	97.9	10.06	7.92	7.92		True	True	True	True	True	ADMITTED_MEASUREMENT	True	True	
Trip 3	179	3	F24PRr2	https://rubalkhali.science/kb/RAK_6000863	24	Rhizosphere	2			missing							True	False	False	False	False	PENDING_MEASUREMENT	False	False	ph_value_missing
Trip 3	180	3	F24PRr3	https://rubalkhali.science/kb/RAK_6000864	24	Rhizosphere	3			missing							True	False	False	False	False	PENDING_MEASUREMENT	False	False	ph_value_missing
Trip 3	181	3	F25Sr1	https://rubalkhali.science/kb/RAK_6000868	25	Surface	1	2026-07-27T00:00:00	2026-07-27	accepted	Yes	97.9	10.06	7.79	7.79		True	True	True	True	True	ADMITTED_MEASUREMENT	True	True	
Trip 3	182	3	F25Sr2	https://rubalkhali.science/kb/RAK_6000869	25	Surface	2			missing							True	False	False	False	False	PENDING_MEASUREMENT	False	False	ph_value_missing
Trip 3	183	3	F25Sr3	https://rubalkhali.science/kb/RAK_6000870	25	Surface	3			missing							True	False	False	False	False	PENDING_MEASUREMENT	False	False	ph_value_missing
Trip 3	184	3	F25Dr1	https://rubalkhali.science/kb/RAK_6000865	25	Deep	1	2026-07-27T00:00:00	2026-07-27	accepted	Yes	97.9	10.06	7.78	7.78		True	True	True	True	True	ADMITTED_MEASUREMENT	True	True	
Trip 3	185	3	F25Dr2	https://rubalkhali.science/kb/RAK_6000866	25	Deep	2			missing							True	False	False	False	False	PENDING_MEASUREMENT	False	False	ph_value_missing
Trip 3	186	3	F25Dr3	https://rubalkhali.science/kb/RAK_6000867	25	Deep	3			missing							True	False	False	False	False	PENDING_MEASUREMENT	False	False	ph_value_missing
Trip 3	187	3	F25PRr1	https://rubalkhali.science/kb/RAK_6000871	25	Rhizosphere	1	2026-07-27T00:00:00	2026-07-27	accepted	Yes	97.9	10.06	7.7	7.7		True	True	True	True	True	ADMITTED_MEASUREMENT	True	True	
Trip 3	188	3	F25PRr2	https://rubalkhali.science/kb/RAK_6000872	25	Rhizosphere	2			missing							True	False	False	False	False	PENDING_MEASUREMENT	False	False	ph_value_missing
Trip 3	189	3	F25PRr3	https://rubalkhali.science/kb/RAK_6000873	25	Rhizosphere	3			missing							True	False	False	False	False	PENDING_MEASUREMENT	False	False	ph_value_missing
Trip 3	190	3	F26Sr1	https://rubalkhali.science/kb/RAK_6000877	26	Surface	1	2026-07-27T00:00:00	2026-07-27	accepted	Yes	97.9	10.06	7.76	7.76		True	True	True	True	True	ADMITTED_MEASUREMENT	True	True	
Trip 3	191	3	F26Sr3	https://rubalkhali.science/kb/RAK_6000879	26	Surface	3			missing							True	False	False	False	False	PENDING_MEASUREMENT	False	False	ph_value_missing
Trip 3	192	3	F26Dr1	https://rubalkhali.science/kb/RAK_6000874	26	Deep	1	2026-07-27T00:00:00	2026-07-27	accepted	Yes	97.9	10.06	7.82	7.82		True	True	True	True	True	ADMITTED_MEASUREMENT	True	True	
Trip 3	193	3	F26Dr3	https://rubalkhali.science/kb/RAK_6000876	26	Deep	3			missing							True	False	False	False	False	PENDING_MEASUREMENT	False	False	ph_value_missing
Trip 3	194	3	F26PRr1	https://rubalkhali.science/kb/RAK_6000880	26	Rhizosphere	1	2026-07-27T00:00:00	2026-07-27	accepted	Yes	97.9	10.06	7.75	7.75		True	True	True	True	True	ADMITTED_MEASUREMENT	True	True	
Trip 3	195	3	F26PRr2	https://rubalkhali.science/kb/RAK_6000881	26	Rhizosphere	2			missing							True	False	False	False	False	PENDING_MEASUREMENT	False	False	ph_value_missing
Trip 3	196	3	F26PRr3	https://rubalkhali.science/kb/RAK_6000882	26	Rhizosphere	3			missing							True	False	False	False	False	PENDING_MEASUREMENT	False	False	ph_value_missing
Trip 3	197	3	F27Sr1	https://rubalkhali.science/kb/RAK_6000886	27	Surface	1	2026-07-27T00:00:00	2026-07-27	accepted	Yes	97.9	10.06	7.89	7.89		True	True	True	True	True	ADMITTED_MEASUREMENT	True	True	
Trip 3	198	3	F27Sr2	https://rubalkhali.science/kb/RAK_6000887	27	Surface	2			missing							True	False	False	False	False	PENDING_MEASUREMENT	False	False	ph_value_missing
Trip 3	199	3	F27Sr3	https://rubalkhali.science/kb/RAK_6000888	27	Surface	3			missing							True	False	False	False	False	PENDING_MEASUREMENT	False	False	ph_value_missing
Trip 3	200	3	F27Dr1	https://rubalkhali.science/kb/RAK_6000883	27	Deep	1	2026-07-27T00:00:00	2026-07-27	accepted	Yes	97.9	10.06	7.95	7.95		True	True	True	True	True	ADMITTED_MEASUREMENT	True	True	
Trip 3	201	3	F27Dr2	https://rubalkhali.science/kb/RAK_6000884	27	Deep	2			missing							True	False	False	False	False	PENDING_MEASUREMENT	False	False	ph_value_missing
Trip 3	202	3	F27PRr1	https://rubalkhali.science/kb/RAK_6000889	27	Rhizosphere	1	2026-07-27T00:00:00	2026-07-27	accepted	Yes	97.9	10.06	7.89	7.89		True	True	True	True	True	ADMITTED_MEASUREMENT	True	True	
Trip 3	203	3	F27PRr2	https://rubalkhali.science/kb/RAK_6000890	27	Rhizosphere	2			missing							True	False	False	False	False	PENDING_MEASUREMENT	False	False	ph_value_missing
Trip 3	204	3	F27PRr3	https://rubalkhali.science/kb/RAK_6000891	27	Rhizosphere	3			missing							True	False	False	False	False	PENDING_MEASUREMENT	False	False	ph_value_missing
Trip 3	205	3	F28Sr1	https://rubalkhali.science/kb/RAK_6000895	28	Surface	1	2026-07-27T00:00:00	2026-07-27	accepted	Yes	97.9	10.06	8.11	8.11		True	True	True	True	True	ADMITTED_MEASUREMENT	True	True	
Trip 3	206	3	F28Sr2	https://rubalkhali.science/kb/RAK_6000896	28	Surface	2			missing							True	False	False	False	False	PENDING_MEASUREMENT	False	False	ph_value_missing
Trip 3	207	3	F28Sr3	https://rubalkhali.science/kb/RAK_6000897	28	Surface	3			missing							True	False	False	False	False	PENDING_MEASUREMENT	False	False	ph_value_missing
Trip 3	208	3	F28Dr1	https://rubalkhali.science/kb/RAK_6000892	28	Deep	1	2026-07-27T00:00:00	2026-07-27	accepted	Yes	97.9	10.06	8.21	8.21		True	True	True	True	True	ADMITTED_MEASUREMENT	True	True	
Trip 3	209	3	F28Dr2	https://rubalkhali.science/kb/RAK_6000893	28	Deep	2			missing							True	False	False	False	False	PENDING_MEASUREMENT	False	False	ph_value_missing
Trip 3	210	3	F28Dr3	https://rubalkhali.science/kb/RAK_6000894	28	Deep	3			missing							True	False	False	False	False	PENDING_MEASUREMENT	False	False	ph_value_missing
Trip 3	211	3	F28PRr1	https://rubalkhali.science/kb/RAK_6000898	28	Rhizosphere	1	2026-07-27T00:00:00	2026-07-27	accepted	Yes	97.9	10.06	8.03	8.03		True	True	True	True	True	ADMITTED_MEASUREMENT	True	True	
Trip 3	212	3	F28PRr2	https://rubalkhali.science/kb/RAK_6000899	28	Rhizosphere	2			missing							True	False	False	False	False	PENDING_MEASUREMENT	False	False	ph_value_missing
Trip 3	213	3	F28PRr3	https://rubalkhali.science/kb/RAK_6000900	28	Rhizosphere	3			missing							True	False	False	False	False	PENDING_MEASUREMENT	False	False	ph_value_missing
Trip 3	214	3	F29Sr1	https://rubalkhali.science/kb/RAK_6000904	29	Surface	1	2026-07-27T00:00:00	2026-07-27	accepted	Yes	97.9	10.06	7.93	7.93		True	True	True	True	True	ADMITTED_MEASUREMENT	True	True	
Trip 3	215	3	F29Sr2	https://rubalkhali.science/kb/RAK_6000905	29	Surface	2			missing							True	False	False	False	False	PENDING_MEASUREMENT	False	False	ph_value_missing
Trip 3	216	3	F29Sr3	https://rubalkhali.science/kb/RAK_6000906	29	Surface	3			missing							True	False	False	False	False	PENDING_MEASUREMENT	False	False	ph_value_missing
Trip 3	217	3	F29Dr1	https://rubalkhali.science/kb/RAK_6000901	29	Deep	1	2026-07-27T00:00:00	2026-07-27	accepted	Yes	97.9	10.06	8.13	8.13		True	True	True	True	True	ADMITTED_MEASUREMENT	True	True	
Trip 3	218	3	F29Dr2	https://rubalkhali.science/kb/RAK_6000902	29	Deep	2			missing							True	False	False	False	False	PENDING_MEASUREMENT	False	False	ph_value_missing
Trip 3	219	3	F29Dr3	https://rubalkhali.science/kb/RAK_6000903	29	Deep	3			missing							True	False	False	False	False	PENDING_MEASUREMENT	False	False	ph_value_missing
Trip 3	220	3	F29PRr1	https://rubalkhali.science/kb/RAK_6000907	29	Rhizosphere	1	2026-07-27T00:00:00	2026-07-27	accepted	Yes	97.9	10.06	8.08	8.08		True	True	True	True	True	ADMITTED_MEASUREMENT	True	True	
Trip 3	221	3	F29PRr2	https://rubalkhali.science/kb/RAK_6000908	29	Rhizosphere	2			missing							True	False	False	False	False	PENDING_MEASUREMENT	False	False	ph_value_missing
Trip 3	222	3	F29PRr3	https://rubalkhali.science/kb/RAK_6000909	29	Rhizosphere	3			missing							True	False	False	False	False	PENDING_MEASUREMENT	False	False	ph_value_missing
Trip 3	223	3	F30Sr1	https://rubalkhali.science/kb/RAK_6000913	30	Surface	1	2026-07-27T00:00:00	2026-07-27	accepted	Yes	97.9	10.06	8.04	8.04		True	True	True	True	True	ADMITTED_MEASUREMENT	True	True	
Trip 3	224	3	F30Sr2	https://rubalkhali.science/kb/RAK_6000914	30	Surface	2			missing							True	False	False	False	False	PENDING_MEASUREMENT	False	False	ph_value_missing
Trip 3	225	3	F30Sr3	https://rubalkhali.science/kb/RAK_6000915	30	Surface	3			missing							True	False	False	False	False	PENDING_MEASUREMENT	False	False	ph_value_missing
Trip 3	226	3	F30Dr1	https://rubalkhali.science/kb/RAK_6000910	30	Deep	1	2026-07-27T00:00:00	2026-07-27	accepted	Yes	97.9	10.06	8.16	8.16		True	True	True	True	True	ADMITTED_MEASUREMENT	True	True	
Trip 3	227	3	F30Dr2	https://rubalkhali.science/kb/RAK_6000911	30	Deep	2			missing							True	False	False	False	False	PENDING_MEASUREMENT	False	False	ph_value_missing
Trip 3	228	3	F30Dr3	https://rubalkhali.science/kb/RAK_6000912	30	Deep	3			missing							True	False	False	False	False	PENDING_MEASUREMENT	False	False	ph_value_missing
Trip 3	229	3	F30PRr1	https://rubalkhali.science/kb/RAK_6000916	30	Rhizosphere	1	2026-07-27T00:00:00	2026-07-27	accepted	Yes	97.9	10.06	8	8		True	True	True	True	True	ADMITTED_MEASUREMENT	True	True	
Trip 3	230	3	F30PRr2	https://rubalkhali.science/kb/RAK_6000917	30	Rhizosphere	2			missing							True	False	False	False	False	PENDING_MEASUREMENT	False	False	ph_value_missing
Trip 3	231	3	F30PRr3	https://rubalkhali.science/kb/RAK_6000918	30	Rhizosphere	3			missing							True	False	False	False	False	PENDING_MEASUREMENT	False	False	ph_value_missing
Trip 3	232	3	F31Sr2	https://rubalkhali.science/kb/RAK_6000923	31	Surface	2	2026-07-28T00:00:00	2026-07-28	accepted	Yes	97.7	10.03	7.98	7.98		True	True	True	True	True	ADMITTED_MEASUREMENT	True	True	
Trip 3	233	3	F31Sr3	https://rubalkhali.science/kb/RAK_6000924	31	Surface	3			missing							True	False	False	False	False	PENDING_MEASUREMENT	False	False	ph_value_missing
Trip 3	234	3	F31Dr1	https://rubalkhali.science/kb/RAK_6000919	31	Deep	1	2026-07-28T00:00:00	2026-07-28	accepted	Yes	97.7	10.03	7.92	7.92		True	True	True	True	True	ADMITTED_MEASUREMENT	True	True	
Trip 3	235	3	F31Dr2	https://rubalkhali.science/kb/RAK_6000920	31	Deep	2			missing							True	False	False	False	False	PENDING_MEASUREMENT	False	False	ph_value_missing
Trip 3	236	3	F31PRr1	https://rubalkhali.science/kb/RAK_6000925	31	Rhizosphere	1	2026-07-28T00:00:00	2026-07-28	accepted	Yes	97.7	10.03	7.9	7.9		True	True	True	True	True	ADMITTED_MEASUREMENT	True	True	
Trip 3	237	3	F31PRr2	https://rubalkhali.science/kb/RAK_6000926	31	Rhizosphere	2			missing							True	False	False	False	False	PENDING_MEASUREMENT	False	False	ph_value_missing
Trip 3	238	3	F31PRr3	https://rubalkhali.science/kb/RAK_6000927	31	Rhizosphere	3			missing							True	False	False	False	False	PENDING_MEASUREMENT	False	False	ph_value_missing
Trip 3	239	3	F32Sr1	https://rubalkhali.science/kb/RAK_6000931	32	Surface	1	2026-07-28T00:00:00	2026-07-28	accepted	Yes	97.7	10.03	7.82	7.82		True	True	True	True	True	ADMITTED_MEASUREMENT	True	True	
Trip 3	240	3	F32Sr2	https://rubalkhali.science/kb/RAK_6000932	32	Surface	2			missing							True	False	False	False	False	PENDING_MEASUREMENT	False	False	ph_value_missing
Trip 3	241	3	F32Sr3	https://rubalkhali.science/kb/RAK_6000933	32	Surface	3			missing							True	False	False	False	False	PENDING_MEASUREMENT	False	False	ph_value_missing
Trip 3	242	3	F32Dr1	https://rubalkhali.science/kb/RAK_6000928	32	Deep	1	2026-07-28T00:00:00	2026-07-28	accepted	Yes	97.7	10.03	7.93	7.93		True	True	True	True	True	ADMITTED_MEASUREMENT	True	True	
Trip 3	243	3	F32Dr2	https://rubalkhali.science/kb/RAK_6000929	32	Deep	2			missing							True	False	False	False	False	PENDING_MEASUREMENT	False	False	ph_value_missing
Trip 3	244	3	F32Dr3	https://rubalkhali.science/kb/RAK_6000930	32	Deep	3			missing							True	False	False	False	False	PENDING_MEASUREMENT	False	False	ph_value_missing
Trip 3	245	3	F32PRr1	https://rubalkhali.science/kb/RAK_6000934	32	Rhizosphere	1	2026-07-28T00:00:00	2026-07-28	accepted	Yes	97.7	10.03	7.89	7.89		True	True	True	True	True	ADMITTED_MEASUREMENT	True	True	
Trip 3	246	3	F32PRr2	https://rubalkhali.science/kb/RAK_6000935	32	Rhizosphere	2			missing							True	False	False	False	False	PENDING_MEASUREMENT	False	False	ph_value_missing
Trip 3	247	3	F32PRr3	https://rubalkhali.science/kb/RAK_6000936	32	Rhizosphere	3			missing							True	False	False	False	False	PENDING_MEASUREMENT	False	False	ph_value_missing
Trip 3	248	3	F33Sr1	https://rubalkhali.science/kb/RAK_6000940	33	Surface	1	2026-07-28T00:00:00	2026-07-28	accepted	Yes	97.7	10.03	7.93	7.93		True	True	True	True	True	ADMITTED_MEASUREMENT	True	True	
Trip 3	249	3	F33Sr2	https://rubalkhali.science/kb/RAK_6000941	33	Surface	2			missing							True	False	False	False	False	PENDING_MEASUREMENT	False	False	ph_value_missing
Trip 3	250	3	F33Sr3	https://rubalkhali.science/kb/RAK_6000942	33	Surface	3			missing							True	False	False	False	False	PENDING_MEASUREMENT	False	False	ph_value_missing
Trip 3	251	3	F33Dr1	https://rubalkhali.science/kb/RAK_6000937	33	Deep	1	2026-07-28T00:00:00	2026-07-28	accepted	Yes	97.7	10.03	8.01	8.01		True	True	True	True	True	ADMITTED_MEASUREMENT	True	True	
Trip 3	252	3	F33Dr2	https://rubalkhali.science/kb/RAK_6000938	33	Deep	2			missing							True	False	False	False	False	PENDING_MEASUREMENT	False	False	ph_value_missing
Trip 3	253	3	F33Dr3	https://rubalkhali.science/kb/RAK_6000939	33	Deep	3			missing							True	False	False	False	False	PENDING_MEASUREMENT	False	False	ph_value_missing
Trip 3	254	3	F33PRr2	https://rubalkhali.science/kb/RAK_6000944	33	Rhizosphere	2	2026-07-28T00:00:00	2026-07-28	accepted	Yes	97.7	10.03	7.87	7.87		True	True	True	True	True	ADMITTED_MEASUREMENT	True	True	
Trip 3	255	3	F33PRr3	https://rubalkhali.science/kb/RAK_6000945	33	Rhizosphere	3			missing							True	False	False	False	False	PENDING_MEASUREMENT	False	False	ph_value_missing
Trip 3	256	3	F34Sr1	https://rubalkhali.science/kb/RAK_6000949	34	Surface	1	2026-07-28T00:00:00	2026-07-28	accepted	Yes	97.7	10.03	7.8	7.8		True	True	True	True	True	ADMITTED_MEASUREMENT	True	True	
Trip 3	257	3	F34Sr2	https://rubalkhali.science/kb/RAK_6000950	34	Surface	2			missing							True	False	False	False	False	PENDING_MEASUREMENT	False	False	ph_value_missing
Trip 3	258	3	F34Sr3	https://rubalkhali.science/kb/RAK_6000951	34	Surface	3			missing							True	False	False	False	False	PENDING_MEASUREMENT	False	False	ph_value_missing
Trip 3	259	3	F34Dr1	https://rubalkhali.science/kb/RAK_6000946	34	Deep	1	2026-07-28T00:00:00	2026-07-28	accepted	Yes	97.7	10.03	7.79	7.79		True	True	True	True	True	ADMITTED_MEASUREMENT	True	True	
Trip 3	260	3	F34Dr2	https://rubalkhali.science/kb/RAK_6000947	34	Deep	2			missing							True	False	False	False	False	PENDING_MEASUREMENT	False	False	ph_value_missing
Trip 3	261	3	F34Dr3	https://rubalkhali.science/kb/RAK_6000948	34	Deep	3			missing							True	False	False	False	False	PENDING_MEASUREMENT	False	False	ph_value_missing
Trip 3	262	3	F34PRr1	https://rubalkhali.science/kb/RAK_6000952	34	Rhizosphere	1	2026-07-28T00:00:00	2026-07-28	accepted	Yes	97.7	10.03	7.71	7.71		True	True	True	True	True	ADMITTED_MEASUREMENT	True	True	
Trip 3	263	3	F34PRr2	https://rubalkhali.science/kb/RAK_6000953	34	Rhizosphere	2			missing							True	False	False	False	False	PENDING_MEASUREMENT	False	False	ph_value_missing
Trip 3	264	3	F34PRr3	https://rubalkhali.science/kb/RAK_6000954	34	Rhizosphere	3			missing							True	False	False	False	False	PENDING_MEASUREMENT	False	False	ph_value_missing
Trip 3	265	3	F35Sr1	https://rubalkhali.science/kb/RAK_6000958	35	Surface	1	2026-07-28T00:00:00	2026-07-28	accepted	Yes	97.7	10.03	8.02	8.02		True	True	True	True	True	ADMITTED_MEASUREMENT	True	True	
Trip 3	266	3	F35Sr2	https://rubalkhali.science/kb/RAK_6000959	35	Surface	2			missing							True	False	False	False	False	PENDING_MEASUREMENT	False	False	ph_value_missing
Trip 3	267	3	F35Sr3	https://rubalkhali.science/kb/RAK_6000960	35	Surface	3			missing							True	False	False	False	False	PENDING_MEASUREMENT	False	False	ph_value_missing
Trip 3	268	3	F35Dr1	https://rubalkhali.science/kb/RAK_6000955	35	Deep	1	2026-07-28T00:00:00	2026-07-28	accepted	Yes	97.7	10.03	8.17	8.17		True	True	True	True	True	ADMITTED_MEASUREMENT	True	True	
Trip 3	269	3	F35Dr2	https://rubalkhali.science/kb/RAK_6000956	35	Deep	2			missing							True	False	False	False	False	PENDING_MEASUREMENT	False	False	ph_value_missing
Trip 3	270	3	F35Dr3	https://rubalkhali.science/kb/RAK_6000957	35	Deep	3			missing							True	False	False	False	False	PENDING_MEASUREMENT	False	False	ph_value_missing
Trip 3	271	3	F35PRr1	https://rubalkhali.science/kb/RAK_6000961	35	Rhizosphere	1	2026-07-28T00:00:00	2026-07-28	accepted	Yes	97.7	10.03	7.97	7.97		True	True	True	True	True	ADMITTED_MEASUREMENT	True	True	
Trip 3	272	3	F35PRr2	https://rubalkhali.science/kb/RAK_6000962	35	Rhizosphere	2			missing							True	False	False	False	False	PENDING_MEASUREMENT	False	False	ph_value_missing
Trip 3	273	3	F35PRr3	https://rubalkhali.science/kb/RAK_6000963	35	Rhizosphere	3			missing							True	False	False	False	False	PENDING_MEASUREMENT	False	False	ph_value_missing
Trip 3	274	3	F36Sr1	https://rubalkhali.science/kb/RAK_6000967	36	Surface	1	2026-07-28T00:00:00	2026-07-28	accepted	Yes	97.7	10.03	7.88	7.88		True	True	True	True	True	ADMITTED_MEASUREMENT	True	True	
Trip 3	275	3	F36Sr2	https://rubalkhali.science/kb/RAK_6000968	36	Surface	2			missing							True	False	False	False	False	PENDING_MEASUREMENT	False	False	ph_value_missing
Trip 3	276	3	F36Dr1	https://rubalkhali.science/kb/RAK_6000964	36	Deep	1	2026-07-28T00:00:00	2026-07-28	accepted	Yes	97.7	10.03	8.07	8.07		True	True	True	True	True	ADMITTED_MEASUREMENT	True	True	
Trip 3	277	3	F36Dr2	https://rubalkhali.science/kb/RAK_6000965	36	Deep	2			missing							True	False	False	False	False	PENDING_MEASUREMENT	False	False	ph_value_missing
Trip 3	278	3	F36Dr3	https://rubalkhali.science/kb/RAK_6000966	36	Deep	3			missing							True	False	False	False	False	PENDING_MEASUREMENT	False	False	ph_value_missing
Trip 3	279	3	F36PRr1	https://rubalkhali.science/kb/RAK_6000970	36	Rhizosphere	1	2026-07-28T00:00:00	2026-07-28	accepted	Yes	97.7	10.03	7.86	7.86		True	True	True	True	True	ADMITTED_MEASUREMENT	True	True	
Trip 3	280	3	F36PRr2	https://rubalkhali.science/kb/RAK_6000971	36	Rhizosphere	2			missing							True	False	False	False	False	PENDING_MEASUREMENT	False	False	ph_value_missing
Trip 3	281	3	F36PRr3	https://rubalkhali.science/kb/RAK_6000972	36	Rhizosphere	3			missing							True	False	False	False	False	PENDING_MEASUREMENT	False	False	ph_value_missing
Trip 3	282	3	F37Sr1	https://rubalkhali.science/kb/RAK_6000976	37	Surface	1	2026-07-28T00:00:00	2026-07-28	accepted	Yes	97.7	10.03	7.98	7.98		True	True	True	True	True	ADMITTED_MEASUREMENT	True	True	
Trip 3	283	3	F37Sr2	https://rubalkhali.science/kb/RAK_6000977	37	Surface	2			missing							True	False	False	False	False	PENDING_MEASUREMENT	False	False	ph_value_missing
Trip 3	284	3	F37Sr3	https://rubalkhali.science/kb/RAK_6000978	37	Surface	3			missing							True	False	False	False	False	PENDING_MEASUREMENT	False	False	ph_value_missing
Trip 3	285	3	F37Dr1	https://rubalkhali.science/kb/RAK_6000973	37	Deep	1	2026-07-28T00:00:00	2026-07-28	accepted	Yes	97.7	10.03	8.09	8.09		True	True	True	True	True	ADMITTED_MEASUREMENT	True	True	
Trip 3	286	3	F37Dr2	https://rubalkhali.science/kb/RAK_6000974	37	Deep	2			missing							True	False	False	False	False	PENDING_MEASUREMENT	False	False	ph_value_missing
Trip 3	287	3	F37Dr3	https://rubalkhali.science/kb/RAK_6000975	37	Deep	3			missing							True	False	False	False	False	PENDING_MEASUREMENT	False	False	ph_value_missing
Trip 3	288	3	F37PRr1	https://rubalkhali.science/kb/RAK_6000979	37	Rhizosphere	1	2026-07-28T00:00:00	2026-07-28	accepted	Yes	97.7	10.03	8.01	8.01		True	True	True	True	True	ADMITTED_MEASUREMENT	True	True	
Trip 3	289	3	F37PRr2	https://rubalkhali.science/kb/RAK_6000980	37	Rhizosphere	2			missing							True	False	False	False	False	PENDING_MEASUREMENT	False	False	ph_value_missing
Trip 3	290	3	F37PRr3	https://rubalkhali.science/kb/RAK_6000981	37	Rhizosphere	3			missing							True	False	False	False	False	PENDING_MEASUREMENT	False	False	ph_value_missing
Trip 3	291	3	F38Sr1	https://rubalkhali.science/kb/RAK_6000985	38	Surface	1	2026-07-28T00:00:00	2026-07-28	accepted	Yes	97.7	10.03	7.83	7.83		True	True	True	True	True	ADMITTED_MEASUREMENT	True	True	
Trip 3	292	3	F38Sr2	https://rubalkhali.science/kb/RAK_6000986	38	Surface	2			missing							True	False	False	False	False	PENDING_MEASUREMENT	False	False	ph_value_missing
Trip 3	293	3	F38Sr3	https://rubalkhali.science/kb/RAK_6000987	38	Surface	3			missing							True	False	False	False	False	PENDING_MEASUREMENT	False	False	ph_value_missing
Trip 3	294	3	F38Dr2	https://rubalkhali.science/kb/RAK_6000983	38	Deep	2	2026-07-28T00:00:00	2026-07-28	accepted	Yes	97.7	10.03	8.03	8.03		True	True	True	True	True	ADMITTED_MEASUREMENT	True	True	
Trip 3	295	3	F38Dr3	https://rubalkhali.science/kb/RAK_6000984	38	Deep	3			missing							True	False	False	False	False	PENDING_MEASUREMENT	False	False	ph_value_missing
Trip 3	296	3	F38PRr1	https://rubalkhali.science/kb/RAK_6000988	38	Rhizosphere	1	2026-07-28T00:00:00	2026-07-28	accepted	Yes	97.7	10.03	7.88	7.88		True	True	True	True	True	ADMITTED_MEASUREMENT	True	True	
Trip 3	297	3	F38PRr2	https://rubalkhali.science/kb/RAK_6000989	38	Rhizosphere	2			missing							True	False	False	False	False	PENDING_MEASUREMENT	False	False	ph_value_missing
Trip 3	298	3	F38PRr3	https://rubalkhali.science/kb/RAK_6000990	38	Rhizosphere	3			missing							True	False	False	False	False	PENDING_MEASUREMENT	False	False	ph_value_missing
Trip 3	299	3	F39Sr1	https://rubalkhali.science/kb/RAK_6000994	39	Surface	1	2026-07-28T00:00:00	2026-07-28	accepted	Yes	97.7	10.03	7.91	7.91		True	True	True	True	True	ADMITTED_MEASUREMENT	True	True	
Trip 3	300	3	F39Sr2	https://rubalkhali.science/kb/RAK_6000995	39	Surface	2			missing							True	False	False	False	False	PENDING_MEASUREMENT	False	False	ph_value_missing
Trip 3	301	3	F39Sr3	https://rubalkhali.science/kb/RAK_6000996	39	Surface	3			missing							True	False	False	False	False	PENDING_MEASUREMENT	False	False	ph_value_missing
Trip 3	302	3	F39Dr2	https://rubalkhali.science/kb/RAK_6000992	39	Deep	2	2026-07-28T00:00:00	2026-07-28	accepted	Yes	97.7	10.04	8.1	8.1		True	True	True	True	True	ADMITTED_MEASUREMENT	True	True	
Trip 3	303	3	F39Dr3	https://rubalkhali.science/kb/RAK_6000993	39	Deep	3			missing							True	False	False	False	False	PENDING_MEASUREMENT	False	False	ph_value_missing
Trip 3	304	3	F39PRr1	https://rubalkhali.science/kb/RAK_6000997	39	Rhizosphere	1	2026-07-28T00:00:00	2026-07-28	accepted	Yes	97.7	10.04	8.06	8.06		True	True	True	True	True	ADMITTED_MEASUREMENT	True	True	
Trip 3	305	3	F39PRr3	https://rubalkhali.science/kb/RAK_6000999	39	Rhizosphere	3			missing							True	False	False	False	False	PENDING_MEASUREMENT	False	False	ph_value_missing
Trip 3	306	3	F40Sr1	https://rubalkhali.science/kb/RAK_6001003	40	Surface	1	2026-07-28T00:00:00	2026-07-28	accepted	Yes	97.7	10.04	8.18	8.18		True	True	True	True	True	ADMITTED_MEASUREMENT	True	True	
Trip 3	307	3	F40Sr2	https://rubalkhali.science/kb/RAK_6001004	40	Surface	2			missing							True	False	False	False	False	PENDING_MEASUREMENT	False	False	ph_value_missing
Trip 3	308	3	F40Sr3	https://rubalkhali.science/kb/RAK_6001005	40	Surface	3			missing							True	False	False	False	False	PENDING_MEASUREMENT	False	False	ph_value_missing
Trip 3	309	3	F40Dr1	https://rubalkhali.science/kb/RAK_6001000	40	Deep	1	2026-07-28T00:00:00	2026-07-28	accepted	Yes	97.7	10.04	8.1	8.1		True	True	True	True	True	ADMITTED_MEASUREMENT	True	True	
Trip 3	310	3	F40Dr2	https://rubalkhali.science/kb/RAK_6001001	40	Deep	2			missing							True	False	False	False	False	PENDING_MEASUREMENT	False	False	ph_value_missing
Trip 3	311	3	F40Dr3	https://rubalkhali.science/kb/RAK_6001002	40	Deep	3			missing							True	False	False	False	False	PENDING_MEASUREMENT	False	False	ph_value_missing
Trip 3	312	3	F40PRr1	https://rubalkhali.science/kb/RAK_6001006	40	Rhizosphere	1	2026-07-28T00:00:00	2026-07-28	accepted	Yes	97.7	10.04	8.14	8.14		True	True	True	True	True	ADMITTED_MEASUREMENT	True	True	
Trip 3	313	3	F40PRr2	https://rubalkhali.science/kb/RAK_6001007	40	Rhizosphere	2			missing							True	False	False	False	False	PENDING_MEASUREMENT	False	False	ph_value_missing
Trip 3	314	3	F40PRr3	https://rubalkhali.science/kb/RAK_6001008	40	Rhizosphere	3			missing							True	False	False	False	False	PENDING_MEASUREMENT	False	False	ph_value_missing
Trip 3	315	3	F41Dr3	https://rubalkhali.science/kb/RAK_6001011	41	Deep	3			missing						Depleted	True	False	False	False	False	NOT_MEASURED_DEPLETED	False	False	sample_depleted
Trip 3	316	3	F41PRr1	https://rubalkhali.science/kb/RAK_6001015	41	Rhizosphere	1			missing						Depleted	True	False	False	False	False	NOT_MEASURED_DEPLETED	False	False	sample_depleted
Trip 3	317	3	F41PRr2	https://rubalkhali.science/kb/RAK_6001016	41	Rhizosphere	2			missing						Depleted	True	False	False	False	False	NOT_MEASURED_DEPLETED	False	False	sample_depleted
Trip 3	318	3	F42Sr1	https://rubalkhali.science/kb/RAK_6001021	42	Surface	1	2026-07-28T00:00:00	2026-07-28	accepted	Yes	97.7	10.04	8.11	8.11		True	True	True	True	True	ADMITTED_MEASUREMENT	True	True	
Trip 3	319	3	F42Sr2	https://rubalkhali.science/kb/RAK_6001022	42	Surface	2			missing							True	False	False	False	False	PENDING_MEASUREMENT	False	False	ph_value_missing
Trip 3	320	3	F42Sr3	https://rubalkhali.science/kb/RAK_6001023	42	Surface	3			missing							True	False	False	False	False	PENDING_MEASUREMENT	False	False	ph_value_missing
Trip 3	321	3	F42Dr1	https://rubalkhali.science/kb/RAK_6001018	42	Deep	1	2026-07-28T00:00:00	2026-07-28	accepted	Yes	97.7	10.04	8.2	8.2		True	True	True	True	True	ADMITTED_MEASUREMENT	True	True	
Trip 3	322	3	F42Dr2	https://rubalkhali.science/kb/RAK_6001019	42	Deep	2			missing							True	False	False	False	False	PENDING_MEASUREMENT	False	False	ph_value_missing
Trip 3	323	3	F42Dr3	https://rubalkhali.science/kb/RAK_6001020	42	Deep	3			missing							True	False	False	False	False	PENDING_MEASUREMENT	False	False	ph_value_missing
Trip 3	324	3	F42PRr1	https://rubalkhali.science/kb/RAK_6001024	42	Rhizosphere	1	2026-07-28T00:00:00	2026-07-28	accepted	Yes	97.7	10.04	8.09	8.09		True	True	True	True	True	ADMITTED_MEASUREMENT	True	True	
Trip 3	325	3	F42PRr2	https://rubalkhali.science/kb/RAK_6001025	42	Rhizosphere	2			missing							True	False	False	False	False	PENDING_MEASUREMENT	False	False	ph_value_missing
Trip 3	326	3	F42PRr3	https://rubalkhali.science/kb/RAK_6001026	42	Rhizosphere	3			missing							True	False	False	False	False	PENDING_MEASUREMENT	False	False	ph_value_missing
Trip 3	327	3	F43Sr1	https://rubalkhali.science/kb/RAK_6001030	43	Surface	1	13/7/2026	2026-07-13	accepted	Yes	98.8	10.05	8.14	8.14		True	True	True	True	True	ADMITTED_MEASUREMENT	True	True	
Trip 3	328	3	F43Sr2	https://rubalkhali.science/kb/RAK_6001031	43	Surface	2	13/7/2026	2026-07-13	accepted	Yes	98.8	10.05	8.06	8.06		True	True	True	True	True	ADMITTED_MEASUREMENT	True	True	
Trip 3	329	3	F43Sr3	https://rubalkhali.science/kb/RAK_6001032	43	Surface	3	13/7/2026	2026-07-13	accepted	Yes	98.8	10.05	8.07	8.07		True	True	True	True	True	ADMITTED_MEASUREMENT	True	True	
Trip 3	330	3	F43Dr1	https://rubalkhali.science/kb/RAK_6001027	43	Deep	1	13/7/2026	2026-07-13	accepted	Yes	98.8	10.05	7.97	7.97		True	True	True	True	True	ADMITTED_MEASUREMENT	True	True	
Trip 3	331	3	F43Dr2	https://rubalkhali.science/kb/RAK_6001028	43	Deep	2	13/7/2026	2026-07-13	accepted	Yes	98.8	10.05	8	8		True	True	True	True	True	ADMITTED_MEASUREMENT	True	True	
Trip 3	332	3	F43Dr3	https://rubalkhali.science/kb/RAK_6001029	43	Deep	3	13/7/2026	2026-07-13	accepted	Yes	98.8	10.05	-		Depleted	True	True	True	True	False	NOT_MEASURED_DEPLETED	False	False	sample_depleted
Trip 3	333	3	F43PRr1	https://rubalkhali.science/kb/RAK_6001033	43	Rhizosphere	1	13/7/2026	2026-07-13	accepted	Yes	98.8	10.05	7.95	7.95		True	True	True	True	True	ADMITTED_MEASUREMENT	True	True	
Trip 3	334	3	F43PRr2	https://rubalkhali.science/kb/RAK_6001034	43	Rhizosphere	2	13/7/2026	2026-07-13	accepted	Yes	98.8	10.05	7.98	7.98		True	True	True	True	True	ADMITTED_MEASUREMENT	True	True	
Trip 3	335	3	F43PRr3	https://rubalkhali.science/kb/RAK_6001035	43	Rhizosphere	3	13/7/2026	2026-07-13	accepted	Yes	98.8	10.05	7.99	7.99		True	True	True	True	True	ADMITTED_MEASUREMENT	True	True	
Trip 3	336	3	F44Sr1	https://rubalkhali.science/kb/RAK_6001039	44	Surface	1	2026-07-28T00:00:00	2026-07-28	accepted	Yes	97.7	10.04	8.06	8.06		True	True	True	True	True	ADMITTED_MEASUREMENT	True	True	
Trip 3	337	3	F44Sr2	https://rubalkhali.science/kb/RAK_6001040	44	Surface	2			missing							True	False	False	False	False	PENDING_MEASUREMENT	False	False	ph_value_missing
Trip 3	338	3	F44Sr3	https://rubalkhali.science/kb/RAK_6001041	44	Surface	3			missing							True	False	False	False	False	PENDING_MEASUREMENT	False	False	ph_value_missing
Trip 3	339	3	F44Dr1	https://rubalkhali.science/kb/RAK_6001036	44	Deep	1	2026-07-28T00:00:00	2026-07-28	accepted	Yes	97.7	10.04	8.01	8.01		True	True	True	True	True	ADMITTED_MEASUREMENT	True	True	
Trip 3	340	3	F44Dr2	https://rubalkhali.science/kb/RAK_6001037	44	Deep	2			missing							True	False	False	False	False	PENDING_MEASUREMENT	False	False	ph_value_missing
Trip 3	341	3	F44Dr3	https://rubalkhali.science/kb/RAK_6001038	44	Deep	3			missing							True	False	False	False	False	PENDING_MEASUREMENT	False	False	ph_value_missing
Trip 3	342	3	F44PRr1	https://rubalkhali.science/kb/RAK_6001042	44	Rhizosphere	1	2026-07-28T00:00:00	2026-07-28	accepted	Yes	97.7	10.04	8.07	8.07		True	True	True	True	True	ADMITTED_MEASUREMENT	True	True	
Trip 3	343	3	F44PRr2	https://rubalkhali.science/kb/RAK_6001043	44	Rhizosphere	2			missing							True	False	False	False	False	PENDING_MEASUREMENT	False	False	ph_value_missing
Trip 3	344	3	F44PRr3	https://rubalkhali.science/kb/RAK_6001044	44	Rhizosphere	3			missing							True	False	False	False	False	PENDING_MEASUREMENT	False	False	ph_value_missing
Trip 3	345	3	F45Sr1	https://rubalkhali.science/kb/RAK_6001048	45	Surface	1	13/7/2026	2026-07-13	accepted	Yes	98.8	10.06	8.12	8.12		True	True	True	True	True	ADMITTED_MEASUREMENT	True	True	
Trip 3	346	3	F45Sr2	https://rubalkhali.science/kb/RAK_6001049	45	Surface	2	13/7/2026	2026-07-13	accepted	Yes	98.8	10.06	8.14	8.14		True	True	True	True	True	ADMITTED_MEASUREMENT	True	True	
Trip 3	347	3	F45Sr3	https://rubalkhali.science/kb/RAK_6001050	45	Surface	3	13/7/2026	2026-07-13	accepted	Yes	98.8	10.06	8.17	8.17		True	True	True	True	True	ADMITTED_MEASUREMENT	True	True	
Trip 3	348	3	F45Dr1	https://rubalkhali.science/kb/RAK_6001045	45	Deep	1	13/7/2026	2026-07-13	accepted	Yes	98.8	10.06	8.26	8.26		True	True	True	True	True	ADMITTED_MEASUREMENT	True	True	
Trip 3	349	3	F45Dr2	https://rubalkhali.science/kb/RAK_6001046	45	Deep	2	13/7/2026	2026-07-13	accepted	Yes	98.8	10.06	8.34	8.34		True	True	True	True	True	ADMITTED_MEASUREMENT	True	True	
Trip 3	350	3	F45Dr3	https://rubalkhali.science/kb/RAK_6001047	45	Deep	3	13/7/2026	2026-07-13	accepted	Yes	98.8	10.06	8.33	8.33		True	True	True	True	True	ADMITTED_MEASUREMENT	True	True	
Trip 3	351	3	F45PRr1	https://rubalkhali.science/kb/RAK_6001051	45	Rhizosphere	1	13/7/2026	2026-07-13	accepted	Yes	98.8	10.06	7.87	7.87		True	True	True	True	True	ADMITTED_MEASUREMENT	True	True	
Trip 3	352	3	F45PRr2	https://rubalkhali.science/kb/RAK_6001052	45	Rhizosphere	2	13/7/2026	2026-07-13	accepted	Yes	98.8	10.06	8	8		True	True	True	True	True	ADMITTED_MEASUREMENT	True	True	
Trip 3	353	3	F45PRr3	https://rubalkhali.science/kb/RAK_6001053	45	Rhizosphere	3	13/7/2026	2026-07-13	accepted	Yes	98.8	10.06	7.96	7.96		True	True	True	True	True	ADMITTED_MEASUREMENT	True	True	
Trip 3	354	3	F46Sr2	https://rubalkhali.science/kb/RAK_6001058	46	Surface	2	2026-07-28T00:00:00	2026-07-28	accepted	Yes	97.7	10.04	8.05	8.05		True	True	True	True	True	ADMITTED_MEASUREMENT	True	True	
Trip 3	355	3	F46Dr1	https://rubalkhali.science/kb/RAK_6001054	46	Deep	1	2026-07-28T00:00:00	2026-07-28	accepted	Yes	97.7	10.04	8.13	8.13		True	True	True	True	True	ADMITTED_MEASUREMENT	True	True	
Trip 3	356	3	F47Sr3	https://rubalkhali.science/kb/RAK_6001068	47	Surface	3	2026-07-28T00:00:00	2026-07-28	accepted	Yes	97.7	10.04	8.12	8.12		True	True	True	True	True	ADMITTED_MEASUREMENT	True	True	
Trip 3	357	3	F47Dr1	https://rubalkhali.science/kb/RAK_6001063	47	Deep	1	2026-07-28T00:00:00	2026-07-28	accepted	Yes	97.7	10.04	8.04	8.04		True	True	True	True	True	ADMITTED_MEASUREMENT	True	True	
Trip 3	358	3	F47Dr3	https://rubalkhali.science/kb/RAK_6001065	47	Deep	3			missing							True	False	False	False	False	PENDING_MEASUREMENT	False	False	ph_value_missing
Trip 3	359	3	F47PRr1	https://rubalkhali.science/kb/RAK_6001069	47	Rhizosphere	1	2026-07-28T00:00:00	2026-07-28	accepted	Yes	97.7	10.04	8.16	8.16		True	True	True	True	True	ADMITTED_MEASUREMENT	True	True	
Trip 3	360	3	F47PRr2	https://rubalkhali.science/kb/RAK_6001070	47	Rhizosphere	2			missing							True	False	False	False	False	PENDING_MEASUREMENT	False	False	ph_value_missing
Trip 3	361	3	F47PRr3	https://rubalkhali.science/kb/RAK_6001071	47	Rhizosphere	3			missing							True	False	False	False	False	PENDING_MEASUREMENT	False	False	ph_value_missing
Trip 3	362	3	F48Sr1	https://rubalkhali.science/kb/RAK_6001075	48	Surface	1			missing						Depleted	True	False	False	False	False	NOT_MEASURED_DEPLETED	False	False	sample_depleted
Trip 3	363	3	F48Sr2	https://rubalkhali.science/kb/RAK_6001076	48	Surface	2			missing						Depleted	True	False	False	False	False	NOT_MEASURED_DEPLETED	False	False	sample_depleted
Trip 3	364	3	F48Sr3	https://rubalkhali.science/kb/RAK_6001077	48	Surface	3			missing						Depleted	True	False	False	False	False	NOT_MEASURED_DEPLETED	False	False	sample_depleted
Trip 3	365	3	F48Dr1	https://rubalkhali.science/kb/RAK_6001072	48	Deep	1	2026-07-28T00:00:00	2026-07-28	accepted	Yes	97.7	10.04	8.21	8.21		True	True	True	True	True	ADMITTED_MEASUREMENT	True	True	
Trip 3	366	3	F48Dr2	https://rubalkhali.science/kb/RAK_6001073	48	Deep	2			missing						Depleted	True	False	False	False	False	NOT_MEASURED_DEPLETED	False	False	sample_depleted
Trip 3	367	3	F48Dr3	https://rubalkhali.science/kb/RAK_6001074	48	Deep	3			missing						Depleted	True	False	False	False	False	NOT_MEASURED_DEPLETED	False	False	sample_depleted
Trip 3	368	3	F48PRr1	https://rubalkhali.science/kb/RAK_6001078	48	Rhizosphere	1			missing						Depleted	True	False	False	False	False	NOT_MEASURED_DEPLETED	False	False	sample_depleted
Trip 3	369	3	F48PRr2	https://rubalkhali.science/kb/RAK_6001079	48	Rhizosphere	2			missing						Depleted	True	False	False	False	False	NOT_MEASURED_DEPLETED	False	False	sample_depleted
Trip 3	370	3	F48PRr3	https://rubalkhali.science/kb/RAK_6001080	48	Rhizosphere	3			missing						Depleted	True	False	False	False	False	NOT_MEASURED_DEPLETED	False	False	sample_depleted
Trip 3	371	3	F49Sr1	https://rubalkhali.science/kb/RAK_6001084	49	Surface	1	2026-07-28T00:00:00	2026-07-28	accepted	Yes	97.7	10.04	8.09	8.09		True	True	True	True	True	ADMITTED_MEASUREMENT	True	True	
Trip 3	372	3	F49Sr2	https://rubalkhali.science/kb/RAK_6001085	49	Surface	2			missing							True	False	False	False	False	PENDING_MEASUREMENT	False	False	ph_value_missing
Trip 3	373	3	F49Sr3	https://rubalkhali.science/kb/RAK_6001086	49	Surface	3			missing							True	False	False	False	False	PENDING_MEASUREMENT	False	False	ph_value_missing
Trip 3	374	3	F49Dr1	https://rubalkhali.science/kb/RAK_6001081	49	Deep	1	2026-07-28T00:00:00	2026-07-28	accepted	Yes	97.7	10.04	7.94	7.94		True	True	True	True	True	ADMITTED_MEASUREMENT	True	True	
Trip 3	375	3	F49Dr2	https://rubalkhali.science/kb/RAK_6001082	49	Deep	2			missing							True	False	False	False	False	PENDING_MEASUREMENT	False	False	ph_value_missing
Trip 3	376	3	F49Dr3	https://rubalkhali.science/kb/RAK_6001083	49	Deep	3			missing							True	False	False	False	False	PENDING_MEASUREMENT	False	False	ph_value_missing
Trip 3	377	3	F49PRr1	https://rubalkhali.science/kb/RAK_6001087	49	Rhizosphere	1	2026-07-28T00:00:00	2026-07-28	accepted	Yes	97.7	10.04	7.9	7.9		True	True	True	True	True	ADMITTED_MEASUREMENT	True	True	
Trip 3	378	3	F49PRr2	https://rubalkhali.science/kb/RAK_6001088	49	Rhizosphere	2			missing							True	False	False	False	False	PENDING_MEASUREMENT	False	False	ph_value_missing
Trip 3	379	3	F49PRr3	https://rubalkhali.science/kb/RAK_6001089	49	Rhizosphere	3			missing							True	False	False	False	False	PENDING_MEASUREMENT	False	False	ph_value_missing
Trip 3	380	3	F50Sr1	https://rubalkhali.science/kb/RAK_6001093	50	Surface	1	2026-07-28T00:00:00	2026-07-28	accepted	Yes	97.7	10.04	8.19	8.19		True	True	True	True	True	ADMITTED_MEASUREMENT	True	True	
Trip 3	381	3	F50Sr3	https://rubalkhali.science/kb/RAK_6001095	50	Surface	3			missing							True	False	False	False	False	PENDING_MEASUREMENT	False	False	ph_value_missing
Trip 3	382	3	F50Dr1	https://rubalkhali.science/kb/RAK_6001090	50	Deep	1	2026-07-28T00:00:00	2026-07-28	accepted	Yes	97.7	10.04	8.09	8.09		True	True	True	True	True	ADMITTED_MEASUREMENT	True	True	
Trip 3	383	3	F50Dr2	https://rubalkhali.science/kb/RAK_6001091	50	Deep	2			missing							True	False	False	False	False	PENDING_MEASUREMENT	False	False	ph_value_missing
Trip 3	384	3	F50Dr3	https://rubalkhali.science/kb/RAK_6001092	50	Deep	3			missing							True	False	False	False	False	PENDING_MEASUREMENT	False	False	ph_value_missing
Trip 3	385	3	F50PRr1	https://rubalkhali.science/kb/RAK_6001096	50	Rhizosphere	1	2026-07-28T00:00:00	2026-07-28	accepted	Yes	97.7	10.04	8.2	8.2		True	True	True	True	True	ADMITTED_MEASUREMENT	True	True	
Trip 3	386	3	F50PRr2	https://rubalkhali.science/kb/RAK_6001097	50	Rhizosphere	2			missing							True	False	False	False	False	PENDING_MEASUREMENT	False	False	ph_value_missing
Trip 3	387	3	F50PRr3	https://rubalkhali.science/kb/RAK_6001098	50	Rhizosphere	3			missing							True	False	False	False	False	PENDING_MEASUREMENT	False	False	ph_value_missing
Trip 3	388	3	F51Sr3	https://rubalkhali.science/kb/RAK_6001104	51	Surface	3	2026-07-28T00:00:00	2026-07-28	accepted	Yes	97.7	10.04	8.43	8.43		True	True	True	True	True	ADMITTED_MEASUREMENT	True	True	
Trip 3	389	3	F51Dr3	https://rubalkhali.science/kb/RAK_6001101	51	Deep	3	2026-07-28T00:00:00	2026-07-28	accepted	Yes	97.7	10.04	8.38	8.38		True	True	True	True	True	ADMITTED_MEASUREMENT	True	True	
Trip 3	390	3	F51PRr1	https://rubalkhali.science/kb/RAK_6001105	51	Rhizosphere	1			missing							True	False	False	False	False	PENDING_MEASUREMENT	False	False	ph_value_missing
Trip 3	391	3	F51PRr2	https://rubalkhali.science/kb/RAK_6001106	51	Rhizosphere	2	2026-07-29T00:00:00	2026-07-29	accepted	Yes	97.6	10.03	8.37	8.37		True	True	True	True	True	ADMITTED_MEASUREMENT	True	True	
Trip 3	392	3	F51PRr3	https://rubalkhali.science/kb/RAK_6001107	51	Rhizosphere	3			missing							True	False	False	False	False	PENDING_MEASUREMENT	False	False	ph_value_missing
Trip 3	393	3	F52Sr1	https://rubalkhali.science/kb/RAK_6001111	52	Surface	1	2026-07-29T00:00:00	2026-07-29	accepted	Yes	97.6	10.03	8.41	8.41		True	True	True	True	True	ADMITTED_MEASUREMENT	True	True	
Trip 3	394	3	F52Sr2	https://rubalkhali.science/kb/RAK_6001112	52	Surface	2			missing							True	False	False	False	False	PENDING_MEASUREMENT	False	False	ph_value_missing
Trip 3	395	3	F52Sr3	https://rubalkhali.science/kb/RAK_6001113	52	Surface	3			missing							True	False	False	False	False	PENDING_MEASUREMENT	False	False	ph_value_missing
Trip 3	396	3	F53Sr3	https://rubalkhali.science/kb/RAK_6001122	53	Surface	3	2026-07-29T00:00:00	2026-07-29	accepted	Yes	97.6	10.03	8.27	8.27		True	True	True	True	True	ADMITTED_MEASUREMENT	True	True	
Trip 3	397	3	F53Dr1	https://rubalkhali.science/kb/RAK_6001117	53	Deep	1	2026-07-29T00:00:00	2026-07-29	accepted	Yes	97.6	10.03	8.3	8.3		True	True	True	True	True	ADMITTED_MEASUREMENT	True	True	
Trip 3	398	3	F53Dr2	https://rubalkhali.science/kb/RAK_6001118	53	Deep	2			missing							True	False	False	False	False	PENDING_MEASUREMENT	False	False	ph_value_missing
Trip 3	399	3	F53Dr3	https://rubalkhali.science/kb/RAK_6001119	53	Deep	3			missing							True	False	False	False	False	PENDING_MEASUREMENT	False	False	ph_value_missing
Trip 3	400	3	F53PRr1	https://rubalkhali.science/kb/RAK_6001123	53	Rhizosphere	1	2026-07-29T00:00:00	2026-07-29	accepted	Yes	97.6	10.03	8.2	8.2		True	True	True	True	True	ADMITTED_MEASUREMENT	True	True	
Trip 3	401	3	F54PRr2	https://rubalkhali.science/kb/RAK_6001133	54	Rhizosphere	2	2026-07-29T00:00:00	2026-07-29	accepted	Yes	97.6	10.03	8.1	8.1		True	True	True	True	True	ADMITTED_MEASUREMENT	True	True	
Trip 3	402	3	F55Sr1	https://rubalkhali.science/kb/RAK_6001138	55	Surface	1			missing						Depleted	True	False	False	False	False	NOT_MEASURED_DEPLETED	False	False	sample_depleted
Trip 3	403	3	F56Sr2	https://rubalkhali.science/kb/RAK_6001148	56	Surface	2	2026-07-29T00:00:00	2026-07-29	accepted	Yes	97.6	10.03	8.14	8.14		True	True	True	True	True	ADMITTED_MEASUREMENT	True	True	
Trip 3	404	3	F56Sr3	https://rubalkhali.science/kb/RAK_6001149	56	Surface	3			missing							True	False	False	False	False	PENDING_MEASUREMENT	False	False	ph_value_missing
Trip 3	405	3	F57Sr3	https://rubalkhali.science/kb/RAK_6001158	57	Surface	3	2026-07-29T00:00:00	2026-07-29	accepted	Yes	97.6	10.03	8.34	8.34		True	True	True	True	True	ADMITTED_MEASUREMENT	True	True	
Trip 3	406	3	F57Dr1	https://rubalkhali.science/kb/RAK_6001153	57	Deep	1	2026-07-29T00:00:00	2026-07-29	accepted	Yes	97.6	10.03	8.39	8.39		True	True	True	True	True	ADMITTED_MEASUREMENT	True	True	
Trip 3	407	3	F57PRr1	https://rubalkhali.science/kb/RAK_6001159	57	Rhizosphere	1	2026-07-29T00:00:00	2026-07-29	accepted	Yes	97.6	10.03	8.42	8.42		True	True	True	True	True	ADMITTED_MEASUREMENT	True	True	
Trip 3	408	3	F57PRr2	https://rubalkhali.science/kb/RAK_6001160	57	Rhizosphere	2			missing							True	False	False	False	False	PENDING_MEASUREMENT	False	False	ph_value_missing
Trip 3	409	3	F57PRr3	https://rubalkhali.science/kb/RAK_6001161	57	Rhizosphere	3			missing							True	False	False	False	False	PENDING_MEASUREMENT	False	False	ph_value_missing
Trip 3	410	3	F58Sr1	https://rubalkhali.science/kb/RAK_6001165	58	Surface	1	2026-07-29T00:00:00	2026-07-29	accepted	Yes	97.6	10.03	8.23	8.23		True	True	True	True	True	ADMITTED_MEASUREMENT	True	True	
Trip 3	411	3	F58Sr2	https://rubalkhali.science/kb/RAK_6001166	58	Surface	2			missing							True	False	False	False	False	PENDING_MEASUREMENT	False	False	ph_value_missing
Trip 3	412	3	F58Sr3	https://rubalkhali.science/kb/RAK_6001167	58	Surface	3			missing							True	False	False	False	False	PENDING_MEASUREMENT	False	False	ph_value_missing
Trip 3	413	3	F58Dr1	https://rubalkhali.science/kb/RAK_6001162	58	Deep	1	2026-07-29T00:00:00	2026-07-29	accepted	Yes	97.6	10.03	8.28	8.28		True	True	True	True	True	ADMITTED_MEASUREMENT	True	True	
Trip 3	414	3	F58PRr1	https://rubalkhali.science/kb/RAK_6001168	58	Rhizosphere	1	2026-07-29T00:00:00	2026-07-29	accepted	Yes	97.6	10.03	8.38	8.38		True	True	True	True	True	ADMITTED_MEASUREMENT	True	True	
Trip 3	415	3	F58PRr2	https://rubalkhali.science/kb/RAK_6001169	58	Rhizosphere	2			missing							True	False	False	False	False	PENDING_MEASUREMENT	False	False	ph_value_missing
Trip 3	416	3	F58PRr3	https://rubalkhali.science/kb/RAK_6001170	58	Rhizosphere	3			missing							True	False	False	False	False	PENDING_MEASUREMENT	False	False	ph_value_missing
Trip 3	417	3	F59Sr1	https://rubalkhali.science/kb/RAK_6001174	59	Surface	1			missing							True	False	False	False	False	PENDING_MEASUREMENT	False	False	ph_value_missing
Trip 3	418	3	F59Sr2	https://rubalkhali.science/kb/RAK_6001175	59	Surface	2			missing							True	False	False	False	False	PENDING_MEASUREMENT	False	False	ph_value_missing
Trip 3	419	3	F59Sr3	https://rubalkhali.science/kb/RAK_6001176	59	Surface	3	2026-07-29T00:00:00	2026-07-29	accepted	Yes	97.6	10.03	8.49	8.49		True	True	True	True	True	ADMITTED_MEASUREMENT	True	True	
Trip 3	420	3	F59Dr2	https://rubalkhali.science/kb/RAK_6001172	59	Deep	2			missing							True	False	False	False	False	PENDING_MEASUREMENT	False	False	ph_value_missing
Trip 3	421	3	F59PRr1	https://rubalkhali.science/kb/RAK_6001177	59	Rhizosphere	1			missing							True	False	False	False	False	PENDING_MEASUREMENT	False	False	ph_value_missing
Trip 3	422	3	F60Sr1	https://rubalkhali.science/kb/RAK_6001183	60	Surface	1	2026-07-29T00:00:00	2026-07-29	accepted	Yes	97.6	10.03	8.53	8.53		True	True	True	True	True	ADMITTED_MEASUREMENT	True	True	
Trip 3	423	3	F60Sr2	https://rubalkhali.science/kb/RAK_6001184	60	Surface	2			missing							True	False	False	False	False	PENDING_MEASUREMENT	False	False	ph_value_missing
Trip 3	424	3	F60Sr3	https://rubalkhali.science/kb/RAK_6001185	60	Surface	3			missing							True	False	False	False	False	PENDING_MEASUREMENT	False	False	ph_value_missing
Trip 3	425	3	F60PRr1	https://rubalkhali.science/kb/RAK_6001186	60	Rhizosphere	1	2026-07-29T00:00:00	2026-07-29	accepted	Yes	97.6	10.03	8.46	8.46		True	True	True	True	True	ADMITTED_MEASUREMENT	True	True	
Trip 3	426	3	F60PRr2	https://rubalkhali.science/kb/RAK_6001187	60	Rhizosphere	2			missing							True	False	False	False	False	PENDING_MEASUREMENT	False	False	ph_value_missing
Trip 3	427	3	F60PRr3	https://rubalkhali.science/kb/RAK_6001188	60	Rhizosphere	3			missing							True	False	False	False	False	PENDING_MEASUREMENT	False	False	ph_value_missing
Trip 4	2	4	S1Sr1	https://rubalkhali.science/kb/RAK_6001192	1	Surface	1	2026-07-14T00:00:00	2026-07-14	accepted	Yes	95.5	8.23				True	True	True	False	False	QUARANTINED_COLUMN_SHIFT_CANDIDATE	False	False	numeric_value_in_ph10_column_without_ph_value
Trip 4	3	4	S1Dr1	https://rubalkhali.science/kb/RAK_6001189	1	Deep	1	2026-07-14T00:00:00	2026-07-14	accepted	Yes	95.5	8.2				True	True	True	False	False	QUARANTINED_COLUMN_SHIFT_CANDIDATE	False	False	numeric_value_in_ph10_column_without_ph_value
Trip 4	4	4	S1PRr1	https://rubalkhali.science/kb/RAK_6001195	1	Rhizosphere	1	2026-07-14T00:00:00	2026-07-14	accepted	Yes	95.5	8.1				True	True	True	False	False	QUARANTINED_COLUMN_SHIFT_CANDIDATE	False	False	numeric_value_in_ph10_column_without_ph_value
Trip 4	5	4	S2Sr1	https://rubalkhali.science/kb/RAK_6001201	2	Surface	1	2026-07-14T00:00:00	2026-07-14	accepted	Yes	95.5	7.91				True	True	True	False	False	QUARANTINED_COLUMN_SHIFT_CANDIDATE	False	False	numeric_value_in_ph10_column_without_ph_value
Trip 4	6	4	S2Dr1	https://rubalkhali.science/kb/RAK_6001198	2	Deep	1	2026-07-14T00:00:00	2026-07-14	accepted	Yes	95.5	8.06				True	True	True	False	False	QUARANTINED_COLUMN_SHIFT_CANDIDATE	False	False	numeric_value_in_ph10_column_without_ph_value
Trip 4	7	4	S3Sr1	https://rubalkhali.science/kb/RAK_6001210	3	Surface	1	2026-07-14T00:00:00	2026-07-14	accepted	Yes	95.5				Depleted	True	True	True	False	False	NOT_MEASURED_DEPLETED	False	False	sample_depleted
Trip 4	8	4	S3Dr1	https://rubalkhali.science/kb/RAK_6001207	3	Deep	1	2026-07-14T00:00:00	2026-07-14	accepted	Yes	95.5	7.97				True	True	True	False	False	QUARANTINED_COLUMN_SHIFT_CANDIDATE	False	False	numeric_value_in_ph10_column_without_ph_value
Trip 4	9	4	S3PRr1	https://rubalkhali.science/kb/RAK_6001213	3	Rhizosphere	1	2026-07-14T00:00:00	2026-07-14	accepted	Yes	95.5	7.96				True	True	True	False	False	QUARANTINED_COLUMN_SHIFT_CANDIDATE	False	False	numeric_value_in_ph10_column_without_ph_value
Trip 4	10	4	S4Sr1	https://rubalkhali.science/kb/RAK_6001219	4	Surface	1	2026-07-29T00:00:00	2026-07-29	accepted	Yes	97.6	10.07	8.07	8.07		True	True	True	True	True	ADMITTED_MEASUREMENT	True	True	
Trip 4	11	4	S4Dr1	https://rubalkhali.science/kb/RAK_6001216	4	Deep	1	2026-07-29T00:00:00	2026-07-29	accepted	Yes	97.6	10.07	7.8	7.8		True	True	True	True	True	ADMITTED_MEASUREMENT	True	True	
Trip 4	12	4	S4PRr1	https://rubalkhali.science/kb/RAK_6001222	4	Rhizosphere	1	2026-07-29T00:00:00	2026-07-29	accepted	Yes	97.6	10.07	7.72	7.72		True	True	True	True	True	ADMITTED_MEASUREMENT	True	True	
Trip 4	13	4	S5Sr1	https://rubalkhali.science/kb/RAK_6001228	5	Surface	1	2026-07-29T00:00:00	2026-07-29	accepted	Yes	97.6	10.07	8.04	8.04		True	True	True	True	True	ADMITTED_MEASUREMENT	True	True	
Trip 4	14	4	S5Dr1	https://rubalkhali.science/kb/RAK_6001225	5	Deep	1	2026-07-29T00:00:00	2026-07-29	accepted	Yes	97.6	10.07	7.86	7.86		True	True	True	True	True	ADMITTED_MEASUREMENT	True	True	
Trip 4	15	4	S5PRr1	https://rubalkhali.science/kb/RAK_6001231	5	Rhizosphere	1	2026-07-29T00:00:00	2026-07-29	accepted	Yes	97.6	10.07	7.7	7.7		True	True	True	True	True	ADMITTED_MEASUREMENT	True	True	
Trip 4	16	4	S6Sr1	https://rubalkhali.science/kb/RAK_6001237	6	Surface	1			missing							True	False	False	False	False	PENDING_MEASUREMENT	False	False	ph_value_missing
Trip 4	17	4	S6Dr1	https://rubalkhali.science/kb/RAK_6001234	6	Deep	1			missing							True	False	False	False	False	PENDING_MEASUREMENT	False	False	ph_value_missing
Trip 4	18	4	S6PRr1	https://rubalkhali.science/kb/RAK_6001240	6	Rhizosphere	1			missing							True	False	False	False	False	PENDING_MEASUREMENT	False	False	ph_value_missing
Trip 4	19	4	S7Sr1	https://rubalkhali.science/kb/RAK_6001246	7	Surface	1			missing							True	False	False	False	False	PENDING_MEASUREMENT	False	False	ph_value_missing
Trip 4	20	4	S7Dr1	https://rubalkhali.science/kb/RAK_6001243	7	Deep	1			missing							True	False	False	False	False	PENDING_MEASUREMENT	False	False	ph_value_missing
Trip 4	21	4	S7PRr1	https://rubalkhali.science/kb/RAK_6001249	7	Rhizosphere	1			missing							True	False	False	False	False	PENDING_MEASUREMENT	False	False	ph_value_missing
Trip 4	22	4	S8Sr1	https://rubalkhali.science/kb/RAK_6001255	8	Surface	1			missing						Depleted	True	False	False	False	False	NOT_MEASURED_DEPLETED	False	False	sample_depleted
Trip 4	23	4	S8Dr1	https://rubalkhali.science/kb/RAK_6001252	8	Deep	1	2026-07-29T00:00:00	2026-07-29	accepted	Yes	97.6	10.07	7.64	7.64		True	True	True	True	True	ADMITTED_MEASUREMENT	True	True	
Trip 4	24	4	S8PRr1	https://rubalkhali.science/kb/RAK_6001258	8	Rhizosphere	1	2026-07-29T00:00:00	2026-07-29	accepted	Yes	97.6	10.07	7.57	7.57		True	True	True	True	True	ADMITTED_MEASUREMENT	True	True	
Trip 4	25	4	S9Sr1	https://rubalkhali.science/kb/RAK_6001264	9	Surface	1	2026-07-29T00:00:00	2026-07-29	accepted	Yes	97.6	10.07	7.65	7.65		True	True	True	True	True	ADMITTED_MEASUREMENT	True	True	
Trip 4	26	4	S9Dr1	https://rubalkhali.science/kb/RAK_6001261	9	Deep	1	2026-07-29T00:00:00	2026-07-29	accepted	Yes	97.6	10.07	7.56	7.56		True	True	True	True	True	ADMITTED_MEASUREMENT	True	True	
Trip 4	27	4	S9PRr1	https://rubalkhali.science/kb/RAK_6001267	9	Rhizosphere	1	2026-07-29T00:00:00	2026-07-29	accepted	Yes	97.6	10.07	7.61	7.61		True	True	True	True	True	ADMITTED_MEASUREMENT	True	True	
Trip 4	28	4	S10Sr1	https://rubalkhali.science/kb/RAK_6001273	10	Surface	1	2026-07-29T00:00:00	2026-07-29	accepted	Yes	97.6	10.07	7.53	7.53		True	True	True	True	True	ADMITTED_MEASUREMENT	True	True	
Trip 4	29	4	S10Dr1	https://rubalkhali.science/kb/RAK_6001270	10	Deep	1	2026-07-29T00:00:00	2026-07-29	accepted	Yes	97.6	10.07	7.4	7.4		True	True	True	True	True	ADMITTED_MEASUREMENT	True	True	
Trip 4	30	4	S10PRr1	https://rubalkhali.science/kb/RAK_6001276	10	Rhizosphere	1	2026-07-29T00:00:00	2026-07-29	accepted	Yes	97.6	10.07	7.51	7.51		True	True	True	True	True	ADMITTED_MEASUREMENT	True	True	
Trip 4	31	4	S11Sr1	https://rubalkhali.science/kb/RAK_6001282	11	Surface	1	2026-07-29T00:00:00	2026-07-29	accepted	Yes	97.6	10.07	7.83	7.83		True	True	True	True	True	ADMITTED_MEASUREMENT	True	True	
Trip 4	32	4	S11Dr1	https://rubalkhali.science/kb/RAK_6001279	11	Deep	1	2026-07-29T00:00:00	2026-07-29	accepted	Yes	97.6	10.07	7.9	7.9		True	True	True	True	True	ADMITTED_MEASUREMENT	True	True	
Trip 4	33	4	S11PRr1	https://rubalkhali.science/kb/RAK_6001285	11	Rhizosphere	1	2026-07-29T00:00:00	2026-07-29	accepted	Yes	97.6	10.07	7.79	7.79		True	True	True	True	True	ADMITTED_MEASUREMENT	True	True	
Trip 4	34	4	S12Sr1	https://rubalkhali.science/kb/RAK_6001291	12	Surface	1	2026-07-29T00:00:00	2026-07-29	accepted	Yes	97.6	10.07	7.84	7.84		True	True	True	True	True	ADMITTED_MEASUREMENT	True	True	
Trip 4	35	4	S12Dr1	https://rubalkhali.science/kb/RAK_6001288	12	Deep	1	2026-07-29T00:00:00	2026-07-29	accepted	Yes	97.6	10.05	8.16	8.16		True	True	True	True	True	ADMITTED_MEASUREMENT	True	True	
Trip 4	36	4	S12PRr1	https://rubalkhali.science/kb/RAK_6001294	12	Rhizosphere	1	2026-07-29T00:00:00	2026-07-29	accepted	Yes	97.6	10.05	8.1	8.1		True	True	True	True	True	ADMITTED_MEASUREMENT	True	True	
Trip 4	37	4	S13Sr1	https://rubalkhali.science/kb/RAK_6001300	13	Surface	1	2026-07-29T00:00:00	2026-07-29	accepted	Yes	97.6	10.05	8.04	8.04		True	True	True	True	True	ADMITTED_MEASUREMENT	True	True	
Trip 4	38	4	S13Dr1	https://rubalkhali.science/kb/RAK_6001297	13	Deep	1	2026-07-29T00:00:00	2026-07-29	accepted	Yes	97.6	10.05	7.86	7.86		True	True	True	True	True	ADMITTED_MEASUREMENT	True	True	
Trip 4	39	4	S13PRr1	https://rubalkhali.science/kb/RAK_6001303	13	Rhizosphere	1	2026-07-29T00:00:00	2026-07-29	accepted	Yes	97.6	10.05	7.93	7.93		True	True	True	True	True	ADMITTED_MEASUREMENT	True	True	
Trip 4	40	4	S14Sr1	https://rubalkhali.science/kb/RAK_6001309	14	Surface	1	2026-07-29T00:00:00	2026-07-29	accepted	Yes	97.6	10.05	8	8		True	True	True	True	True	ADMITTED_MEASUREMENT	True	True	
Trip 4	41	4	S14Dr1	https://rubalkhali.science/kb/RAK_6001306	14	Deep	1	2026-07-29T00:00:00	2026-07-29	accepted	Yes	97.6	10.05	7.9	7.9		True	True	True	True	True	ADMITTED_MEASUREMENT	True	True	
Trip 4	42	4	S14PRr1	https://rubalkhali.science/kb/RAK_6001312	14	Rhizosphere	1	2026-07-29T00:00:00	2026-07-29	accepted	Yes	97.6	10.05	7.96	7.96		True	True	True	True	True	ADMITTED_MEASUREMENT	True	True	
Trip 4	43	4	S15Sr1	https://rubalkhali.science/kb/RAK_6001318	15	Surface	1	2026-07-29T00:00:00	2026-07-29	accepted	Yes	97.6	10.05	7.88	7.88		True	True	True	True	True	ADMITTED_MEASUREMENT	True	True	
Trip 4	44	4	S15Dr1	https://rubalkhali.science/kb/RAK_6001315	15	Deep	1	2026-07-29T00:00:00	2026-07-29	accepted	Yes	97.6	10.05	7.77	7.77		True	True	True	True	True	ADMITTED_MEASUREMENT	True	True	
Trip 4	45	4	S15PRr1	https://rubalkhali.science/kb/RAK_6001321	15	Rhizosphere	1	2026-07-29T00:00:00	2026-07-29	accepted	Yes	97.6	10.05	7.85	7.85		True	True	True	True	True	ADMITTED_MEASUREMENT	True	True	
Trip 4	46	4	S16Sr1	https://rubalkhali.science/kb/RAK_6001327	16	Surface	1	2026-07-29T00:00:00	2026-07-29	accepted	Yes	97.6	10.05	7.7	7.7		True	True	True	True	True	ADMITTED_MEASUREMENT	True	True	
Trip 4	47	4	S16Dr1	https://rubalkhali.science/kb/RAK_6001324	16	Deep	1	2026-07-29T00:00:00	2026-07-29	accepted	Yes	97.6	10.05	7.64	7.64		True	True	True	True	True	ADMITTED_MEASUREMENT	True	True	
Trip 4	48	4	S16PRr1	https://rubalkhali.science/kb/RAK_6001330	16	Rhizosphere	1	2026-07-29T00:00:00	2026-07-29	accepted	Yes	97.6	10.05	7.87	7.87		True	True	True	True	True	ADMITTED_MEASUREMENT	True	True	
Trip 4	49	4	S17Sr1	https://rubalkhali.science/kb/RAK_6001336	17	Surface	1	2026-07-29T00:00:00	2026-07-29	accepted	Yes	97.6	10.05	7.9	7.9		True	True	True	True	True	ADMITTED_MEASUREMENT	True	True	
Trip 4	50	4	S17Dr1	https://rubalkhali.science/kb/RAK_6001333	17	Deep	1	2026-07-29T00:00:00	2026-07-29	accepted	Yes	97.6	10.05	7.71	7.71		True	True	True	True	True	ADMITTED_MEASUREMENT	True	True	
Trip 4	51	4	S17PRr1	https://rubalkhali.science/kb/RAK_6001339	17	Rhizosphere	1	2026-07-29T00:00:00	2026-07-29	accepted	Yes	97.6	10.05	7.99	7.99		True	True	True	True	True	ADMITTED_MEASUREMENT	True	True	
Trip 4	52	4	S18Sr1	https://rubalkhali.science/kb/RAK_6001345	18	Surface	1	2026-07-29T00:00:00	2026-07-29	accepted	Yes	97.6	10.05	8.06	8.06		True	True	True	True	True	ADMITTED_MEASUREMENT	True	True	
Trip 4	53	4	S18Dr1	https://rubalkhali.science/kb/RAK_6001342	18	Deep	1	2026-07-29T00:00:00	2026-07-29	accepted	Yes	97.6	10.05	7.9	7.9		True	True	True	True	True	ADMITTED_MEASUREMENT	True	True	
Trip 4	54	4	S18PRr1	https://rubalkhali.science/kb/RAK_6001348	18	Rhizosphere	1	2026-07-29T00:00:00	2026-07-29	accepted	Yes	97.6	10.05	7.83	7.83		True	True	True	True	True	ADMITTED_MEASUREMENT	True	True	
Trip 4	55	4	S19Sr1	https://rubalkhali.science/kb/RAK_6001354	19	Surface	1	2026-07-29T00:00:00	2026-07-29	accepted	Yes	97.6	10.05	7.86	7.86		True	True	True	True	True	ADMITTED_MEASUREMENT	True	True	
Trip 4	56	4	S19Dr1	https://rubalkhali.science/kb/RAK_6001351	19	Deep	1	2026-07-29T00:00:00	2026-07-29	accepted	Yes	97.6	10.05	7.7	7.7		True	True	True	True	True	ADMITTED_MEASUREMENT	True	True	
Trip 4	57	4	S19PRr1	https://rubalkhali.science/kb/RAK_6001357	19	Rhizosphere	1	2026-07-29T00:00:00	2026-07-29	accepted	Yes	97.6	10.05	7.64	7.64		True	True	True	True	True	ADMITTED_MEASUREMENT	True	True	
Trip 4	58	4	S20Sr1	https://rubalkhali.science/kb/RAK_6001363	20	Surface	1	2026-07-30T00:00:00	2026-07-30	accepted	Yes	97	10.05	7.97	7.97		True	True	True	True	True	ADMITTED_MEASUREMENT	True	True	
Trip 4	59	4	S20Dr1	https://rubalkhali.science/kb/RAK_6001360	20	Deep	1	2026-07-30T00:00:00	2026-07-30	accepted	Yes	97	10.05	7.75	7.75		True	True	True	True	True	ADMITTED_MEASUREMENT	True	True	
Trip 4	60	4	S20PRr1	https://rubalkhali.science/kb/RAK_6001366	20	Rhizosphere	1	2026-07-30T00:00:00	2026-07-30	accepted	Yes	97	10.05	7.71	7.71		True	True	True	True	True	ADMITTED_MEASUREMENT	True	True	
Trip 4	61	4	S21Sr1	https://rubalkhali.science/kb/RAK_6001372	21	Surface	1	2026-07-30T00:00:00	2026-07-30	accepted	Yes	97	10.05	7.81	7.81		True	True	True	True	True	ADMITTED_MEASUREMENT	True	True	
Trip 4	62	4	S21Dr1	https://rubalkhali.science/kb/RAK_6001369	21	Deep	1	2026-07-30T00:00:00	2026-07-30	accepted	Yes	97	10.05	7.93	7.93		True	True	True	True	True	ADMITTED_MEASUREMENT	True	True	
Trip 4	63	4	S21PRr1	https://rubalkhali.science/kb/RAK_6001375	21	Rhizosphere	1	2026-07-30T00:00:00	2026-07-30	accepted	Yes	97	10.05	7.84	7.84		True	True	True	True	True	ADMITTED_MEASUREMENT	True	True	
Trip 4	64	4	S22Sr1	https://rubalkhali.science/kb/RAK_6001381	22	Surface	1	2026-07-30T00:00:00	2026-07-30	accepted	Yes	97	10.05	7.76	7.76		True	True	True	True	True	ADMITTED_MEASUREMENT	True	True	
Trip 4	65	4	S22Dr1	https://rubalkhali.science/kb/RAK_6001378	22	Deep	1	2026-07-30T00:00:00	2026-07-30	accepted	Yes	97	10.05	7.66	7.66		True	True	True	True	True	ADMITTED_MEASUREMENT	True	True	
Trip 4	66	4	S22PRr1	https://rubalkhali.science/kb/RAK_6001384	22	Rhizosphere	1	2026-07-30T00:00:00	2026-07-30	accepted	Yes	97	10.05	7.74	7.74		True	True	True	True	True	ADMITTED_MEASUREMENT	True	True	
Trip 4	67	4	S23Sr1	https://rubalkhali.science/kb/RAK_6001390	23	Surface	1	2026-07-30T00:00:00	2026-07-30	accepted	Yes	97	10.05	7.81	7.81		True	True	True	True	True	ADMITTED_MEASUREMENT	True	True	
Trip 4	68	4	S23Dr1	https://rubalkhali.science/kb/RAK_6001387	23	Deep	1	2026-07-30T00:00:00	2026-07-30	accepted	Yes	97	10.05	7.95	7.95		True	True	True	True	True	ADMITTED_MEASUREMENT	True	True	
Trip 4	69	4	S23PRr1	https://rubalkhali.science/kb/RAK_6001393	23	Rhizosphere	1	2026-07-30T00:00:00	2026-07-30	accepted	Yes	97	10.05	7.91	7.91		True	True	True	True	True	ADMITTED_MEASUREMENT	True	True	
Trip 4	70	4	S24Sr1	https://rubalkhali.science/kb/RAK_6001399	24	Surface	1	2026-07-30T00:00:00	2026-07-30	accepted	Yes	97	10.05	7.76	7.76		True	True	True	True	True	ADMITTED_MEASUREMENT	True	True	
Trip 4	71	4	S24Dr1	https://rubalkhali.science/kb/RAK_6001396	24	Deep	1	2026-07-30T00:00:00	2026-07-30	accepted	Yes	97	10.05	7.63	7.63		True	True	True	True	True	ADMITTED_MEASUREMENT	True	True	
Trip 4	72	4	S24PRr1	https://rubalkhali.science/kb/RAK_6001402	24	Rhizosphere	1	2026-07-30T00:00:00	2026-07-30	accepted	Yes	97	10.05	7.71	7.71		True	True	True	True	True	ADMITTED_MEASUREMENT	True	True	
Trip 4	73	4	S25Sr1	https://rubalkhali.science/kb/RAK_6001408	25	Surface	1			missing						Depleted	True	False	False	False	False	NOT_MEASURED_DEPLETED	False	False	sample_depleted
Trip 4	74	4	S25Dr1	https://rubalkhali.science/kb/RAK_6001405	25	Deep	1	2026-07-30T00:00:00	2026-07-30	accepted	Yes	97	10.05	7.69	7.69		True	True	True	True	True	ADMITTED_MEASUREMENT	True	True	
Trip 4	75	4	S25PRr1	https://rubalkhali.science/kb/RAK_6001411	25	Rhizosphere	1	2026-07-30T00:00:00	2026-07-30	accepted	Yes	97	10.05	7.78	7.78		True	True	True	True	True	ADMITTED_MEASUREMENT	True	True	
Trip 4	76	4	S26Sr1	https://rubalkhali.science/kb/RAK_6001417	26	Surface	1	2026-07-30T00:00:00	2026-07-30	accepted	Yes	97	10.05	7.61	7.61		True	True	True	True	True	ADMITTED_MEASUREMENT	True	True	
Trip 4	77	4	S26Dr1	https://rubalkhali.science/kb/RAK_6001414	26	Deep	1	2026-07-30T00:00:00	2026-07-30	accepted	Yes	97	10.05	7.7	7.7		True	True	True	True	True	ADMITTED_MEASUREMENT	True	True	
Trip 4	78	4	S26PRr1	https://rubalkhali.science/kb/RAK_6001420	26	Rhizosphere	1	2026-07-30T00:00:00	2026-07-30	accepted	Yes	97	10.05	7.75	7.75		True	True	True	True	True	ADMITTED_MEASUREMENT	True	True	
Trip 4	79	4	S27Sr1	https://rubalkhali.science/kb/RAK_6001426	27	Surface	1			missing						Depleted	True	False	False	False	False	NOT_MEASURED_DEPLETED	False	False	sample_depleted
Trip 4	80	4	S27Dr1	https://rubalkhali.science/kb/RAK_6001423	27	Deep	1	2026-07-30T00:00:00	2026-07-30	accepted	Yes	97	10.05	7.77	7.77		True	True	True	True	True	ADMITTED_MEASUREMENT	True	True	
Trip 4	81	4	S27PRr1	https://rubalkhali.science/kb/RAK_6001429	27	Rhizosphere	1	2026-07-30T00:00:00	2026-07-30	accepted	Yes	97	10.05	7.82	7.82		True	True	True	True	True	ADMITTED_MEASUREMENT	True	True	
Trip 4	82	4	S28Sr1	https://rubalkhali.science/kb/RAK_6001435	28	Surface	1			missing						Depleted	True	False	False	False	False	NOT_MEASURED_DEPLETED	False	False	sample_depleted
Trip 4	83	4	S28Dr2	https://rubalkhali.science/kb/RAK_6001433	28	Deep	2	2026-07-30T00:00:00	2026-07-30	accepted	Yes	97	10.05	7.98	7.98		True	True	True	True	True	ADMITTED_MEASUREMENT	True	True	
Trip 4	84	4	S28PRr1	https://rubalkhali.science/kb/RAK_6001438	28	Rhizosphere	1	2026-07-30T00:00:00	2026-07-30	accepted	Yes	97	10.03	7.88	7.88		True	True	True	True	True	ADMITTED_MEASUREMENT	True	True	
Trip 4	85	4	S29Sr1	https://rubalkhali.science/kb/RAK_6001444	29	Surface	1			missing						Depleted	True	False	False	False	False	NOT_MEASURED_DEPLETED	False	False	sample_depleted
Trip 4	86	4	S29Dr1	https://rubalkhali.science/kb/RAK_6001441	29	Deep	1			missing						Depleted	True	False	False	False	False	NOT_MEASURED_DEPLETED	False	False	sample_depleted
Trip 4	87	4	S29PRr1	https://rubalkhali.science/kb/RAK_6001447	29	Rhizosphere	1	2026-07-30T00:00:00	2026-07-30	accepted	Yes	97	10.03	8	8		True	True	True	True	True	ADMITTED_MEASUREMENT	True	True	
Trip 4	88	4	S30Sr1	https://rubalkhali.science/kb/RAK_6001453	30	Surface	1	2026-07-30T00:00:00	2026-07-30	accepted	Yes	97	10.03	7.86	7.86		True	True	True	True	True	ADMITTED_MEASUREMENT	True	True	
Trip 4	89	4	S30Dr1	https://rubalkhali.science/kb/RAK_6001450	30	Deep	1	2026-07-30T00:00:00	2026-07-30	accepted	Yes	97	10.03	7.87	7.87		True	True	True	True	True	ADMITTED_MEASUREMENT	True	True	
Trip 4	90	4	S30PRr1	https://rubalkhali.science/kb/RAK_6001456	30	Rhizosphere	1	2026-07-30T00:00:00	2026-07-30	accepted	Yes	97	10.03	7.9	7.9		True	True	True	True	True	ADMITTED_MEASUREMENT	True	True	
Trip 4	91	4	S31Sr1	https://rubalkhali.science/kb/RAK_6001462	31	Surface	1	2026-07-30T00:00:00	2026-07-30	accepted	Yes	97	10.03	7.81	7.81		True	True	True	True	True	ADMITTED_MEASUREMENT	True	True	
Trip 4	92	4	S31Dr1	https://rubalkhali.science/kb/RAK_6001459	31	Deep	1	2026-07-30T00:00:00	2026-07-30	accepted	Yes	97	10.03	7.9	7.9		True	True	True	True	True	ADMITTED_MEASUREMENT	True	True	
Trip 4	93	4	S31PRr1	https://rubalkhali.science/kb/RAK_6001465	31	Rhizosphere	1	2026-07-30T00:00:00	2026-07-30	accepted	Yes	97	10.03	7.89	7.89		True	True	True	True	True	ADMITTED_MEASUREMENT	True	True	
Trip 4	94	4	S32Sr1	https://rubalkhali.science/kb/RAK_6001471	32	Surface	1	2026-07-30T00:00:00	2026-07-30	accepted	Yes	97	10.03	7.85	7.85		True	True	True	True	True	ADMITTED_MEASUREMENT	True	True	
Trip 4	95	4	S32Dr1	https://rubalkhali.science/kb/RAK_6001468	32	Deep	1	2026-07-30T00:00:00	2026-07-30	accepted	Yes	97	10.03	8.01	8.01		True	True	True	True	True	ADMITTED_MEASUREMENT	True	True	
Trip 4	96	4	S32PRr1	https://rubalkhali.science/kb/RAK_6001474	32	Rhizosphere	1	2026-07-30T00:00:00	2026-07-30	accepted	Yes	97	10.03	7.94	7.94		True	True	True	True	True	ADMITTED_MEASUREMENT	True	True	
Trip 4	97	4	S33Sr1	https://rubalkhali.science/kb/RAK_6001480	33	Surface	1	2026-07-30T00:00:00	2026-07-30	accepted	Yes	97	10.03	8	8		True	True	True	True	True	ADMITTED_MEASUREMENT	True	True	
Trip 4	98	4	S33Dr1	https://rubalkhali.science/kb/RAK_6001477	33	Deep	1	2026-07-30T00:00:00	2026-07-30	accepted	Yes	97	10.03	7.93	7.93		True	True	True	True	True	ADMITTED_MEASUREMENT	True	True	
Trip 4	99	4	S33PRr1	https://rubalkhali.science/kb/RAK_6001483	33	Rhizosphere	1	2026-07-30T00:00:00	2026-07-30	accepted	Yes	97	10.03	7.88	7.88		True	True	True	True	True	ADMITTED_MEASUREMENT	True	True	
Trip 4	100	4	S34Sr1	https://rubalkhali.science/kb/RAK_6001489	34	Surface	1	2026-07-30T00:00:00	2026-07-30	accepted	Yes	97	10.03	7.87	7.87		True	True	True	True	True	ADMITTED_MEASUREMENT	True	True	
Trip 4	101	4	S34PRr1	https://rubalkhali.science/kb/RAK_6001492	34	Rhizosphere	1	2026-07-30T00:00:00	2026-07-30	accepted	Yes	97	10.03	7.86	7.86		True	True	True	True	True	ADMITTED_MEASUREMENT	True	True	
Trip 4	102	4	S35Sr1	https://rubalkhali.science/kb/RAK_6001498	35	Surface	1	2026-07-30T00:00:00	2026-07-30	accepted	Yes	97	10.03	7.98	7.98		True	True	True	True	True	ADMITTED_MEASUREMENT	True	True	
Trip 4	103	4	S35Dr1	https://rubalkhali.science/kb/RAK_6001495	35	Deep	1	2026-07-30T00:00:00	2026-07-30	accepted	Yes	97	10.03	8	8		True	True	True	True	True	ADMITTED_MEASUREMENT	True	True	
Trip 4	104	4	S35PRr1	https://rubalkhali.science/kb/RAK_6001501	35	Rhizosphere	1	2026-07-30T00:00:00	2026-07-30	accepted	Yes	97	10.03	7.92	7.92		True	True	True	True	True	ADMITTED_MEASUREMENT	True	True	
Trip 4	105	4	S36Sr1	https://rubalkhali.science/kb/RAK_6001507	36	Surface	1	2026-07-30T00:00:00	2026-07-30	accepted	Yes	97	10.03	8.03	8.03		True	True	True	True	True	ADMITTED_MEASUREMENT	True	True	
Trip 4	106	4	S36Dr1	https://rubalkhali.science/kb/RAK_6001504	36	Deep	1	2026-07-30T00:00:00	2026-07-30	accepted	Yes	97	10.03	8	8		True	True	True	True	True	ADMITTED_MEASUREMENT	True	True	
Trip 4	107	4	S36PRr1	https://rubalkhali.science/kb/RAK_6001510	36	Rhizosphere	1	2026-07-30T00:00:00	2026-07-30	accepted	Yes	97	10.03	7.89	7.89		True	True	True	True	True	ADMITTED_MEASUREMENT	True	True	
Trip 4	108	4	S37Sr1	https://rubalkhali.science/kb/RAK_6001516	37	Surface	1	2026-07-30T00:00:00	2026-07-30	accepted	Yes	97	10.04	8.04	8.04		True	True	True	True	True	ADMITTED_MEASUREMENT	True	True	
Trip 4	109	4	S37Dr1	https://rubalkhali.science/kb/RAK_6001513	37	Deep	1	2026-07-30T00:00:00	2026-07-30	accepted	Yes	97	10.04	8.1	8.1		True	True	True	True	True	ADMITTED_MEASUREMENT	True	True	
Trip 4	110	4	S37PRr1	https://rubalkhali.science/kb/RAK_6001519	37	Rhizosphere	1	2026-07-30T00:00:00	2026-07-30	accepted	Yes	97	10.04	7.92	7.92		True	True	True	True	True	ADMITTED_MEASUREMENT	True	True	
Trip 4	111	4	S38Sr1	https://rubalkhali.science/kb/RAK_6001525	38	Surface	1	2026-07-30T00:00:00	2026-07-30	accepted	Yes	97	10.04	8.11	8.11		True	True	True	True	True	ADMITTED_MEASUREMENT	True	True	
Trip 4	112	4	S38Dr1	https://rubalkhali.science/kb/RAK_6001522	38	Deep	1	2026-07-30T00:00:00	2026-07-30	accepted	Yes	97	10.04	8.08	8.08		True	True	True	True	True	ADMITTED_MEASUREMENT	True	True	
Trip 4	113	4	S38PRr1	https://rubalkhali.science/kb/RAK_6001528	38	Rhizosphere	1	2026-07-30T00:00:00	2026-07-30	accepted	Yes	97	10.04	8.06	8.06		True	True	True	True	True	ADMITTED_MEASUREMENT	True	True	
Trip 4	114	4	S39Sr1	https://rubalkhali.science/kb/RAK_6001534	39	Surface	1	2026-07-30T00:00:00	2026-07-30	accepted	Yes	97	10.04	8.05	8.05		True	True	True	True	True	ADMITTED_MEASUREMENT	True	True	
Trip 4	115	4	S39Dr1	https://rubalkhali.science/kb/RAK_6001531	39	Deep	1	2026-07-30T00:00:00	2026-07-30	accepted	Yes	97	10.04	8.19	8.19		True	True	True	True	True	ADMITTED_MEASUREMENT	True	True	
Trip 4	116	4	S39PRr1	https://rubalkhali.science/kb/RAK_6001537	39	Rhizosphere	1	2026-07-30T00:00:00	2026-07-30	accepted	Yes	97	10.04	7.92	7.92		True	True	True	True	True	ADMITTED_MEASUREMENT	True	True	
Trip 4	117	4	S40Sr1	https://rubalkhali.science/kb/RAK_6001543	40	Surface	1	2026-07-30T00:00:00	2026-07-30	accepted	Yes	97	10.04	8.13	8.13		True	True	True	True	True	ADMITTED_MEASUREMENT	True	True	
Trip 4	118	4	S40Dr1	https://rubalkhali.science/kb/RAK_6001540	40	Deep	1	2026-07-30T00:00:00	2026-07-30	accepted	Yes	97	10.04	8.18	8.18		True	True	True	True	True	ADMITTED_MEASUREMENT	True	True	
Trip 4	119	4	S41Sr1	https://rubalkhali.science/kb/RAK_6001552	41	Surface	1			missing							True	False	False	False	False	PENDING_MEASUREMENT	False	False	ph_value_missing
Trip 4	120	4	S41Dr1	https://rubalkhali.science/kb/RAK_6001549	41	Deep	1			missing							True	False	False	False	False	PENDING_MEASUREMENT	False	False	ph_value_missing
Trip 4	121	4	S41PRr1	https://rubalkhali.science/kb/RAK_6001555	41	Rhizosphere	1			missing							True	False	False	False	False	PENDING_MEASUREMENT	False	False	ph_value_missing
Trip 4	122	4	S42Sr1	https://rubalkhali.science/kb/RAK_6001561	42	Surface	1			missing							True	False	False	False	False	PENDING_MEASUREMENT	False	False	ph_value_missing
Trip 4	123	4	S42Dr1	https://rubalkhali.science/kb/RAK_6001558	42	Deep	1			missing							True	False	False	False	False	PENDING_MEASUREMENT	False	False	ph_value_missing
Trip 4	124	4	S42PRr1	https://rubalkhali.science/kb/RAK_6001564	42	Rhizosphere	1			missing							True	False	False	False	False	PENDING_MEASUREMENT	False	False	ph_value_missing
Trip 4	125	4	S43Sr1	https://rubalkhali.science/kb/RAK_6001570	43	Surface	1			missing							True	False	False	False	False	PENDING_MEASUREMENT	False	False	ph_value_missing
Trip 4	126	4	S43Dr1	https://rubalkhali.science/kb/RAK_6001567	43	Deep	1			missing							True	False	False	False	False	PENDING_MEASUREMENT	False	False	ph_value_missing
Trip 4	127	4	S43PRr1	https://rubalkhali.science/kb/RAK_6001573	43	Rhizosphere	1			missing							True	False	False	False	False	PENDING_MEASUREMENT	False	False	ph_value_missing
Trip 4	128	4	S44Sr1	https://rubalkhali.science/kb/RAK_6001579	44	Surface	1			missing							True	False	False	False	False	PENDING_MEASUREMENT	False	False	ph_value_missing
Trip 4	129	4	S44Dr1	https://rubalkhali.science/kb/RAK_6001576	44	Deep	1			missing							True	False	False	False	False	PENDING_MEASUREMENT	False	False	ph_value_missing
Trip 4	130	4	S44PRr1	https://rubalkhali.science/kb/RAK_6001582	44	Rhizosphere	1			missing							True	False	False	False	False	PENDING_MEASUREMENT	False	False	ph_value_missing
Trip 4	131	4	S45Sr1	https://rubalkhali.science/kb/RAK_6001588	45	Surface	1			missing							True	False	False	False	False	PENDING_MEASUREMENT	False	False	ph_value_missing
Trip 4	132	4	S45Dr1	https://rubalkhali.science/kb/RAK_6001585	45	Deep	1			missing							True	False	False	False	False	PENDING_MEASUREMENT	False	False	ph_value_missing
Trip 4	133	4	S45PRr1	https://rubalkhali.science/kb/RAK_6001591	45	Rhizosphere	1			missing							True	False	False	False	False	PENDING_MEASUREMENT	False	False	ph_value_missing
Trip 4	134	4	S46Sr1	https://rubalkhali.science/kb/RAK_6001597	46	Surface	1			missing							True	False	False	False	False	PENDING_MEASUREMENT	False	False	ph_value_missing
Trip 4	135	4	S46Dr1	https://rubalkhali.science/kb/RAK_6001594	46	Deep	1			missing							True	False	False	False	False	PENDING_MEASUREMENT	False	False	ph_value_missing
Trip 4	136	4	S46PRr1	https://rubalkhali.science/kb/RAK_6001600	46	Rhizosphere	1			missing							True	False	False	False	False	PENDING_MEASUREMENT	False	False	ph_value_missing
Trip 4	137	4	S47Sr1	https://rubalkhali.science/kb/RAK_6001606	47	Surface	1			missing							True	False	False	False	False	PENDING_MEASUREMENT	False	False	ph_value_missing
Trip 4	138	4	S47Dr1	https://rubalkhali.science/kb/RAK_6001603	47	Deep	1			missing							True	False	False	False	False	PENDING_MEASUREMENT	False	False	ph_value_missing
Trip 4	139	4	S47PRr1	https://rubalkhali.science/kb/RAK_6001609	47	Rhizosphere	1			missing							True	False	False	False	False	PENDING_MEASUREMENT	False	False	ph_value_missing
Trip 4	140	4	S48Sr1	https://rubalkhali.science/kb/RAK_6001615	48	Surface	1			missing							True	False	False	False	False	PENDING_MEASUREMENT	False	False	ph_value_missing
Trip 4	141	4	S48Dr1	https://rubalkhali.science/kb/RAK_6001612	48	Deep	1			missing							True	False	False	False	False	PENDING_MEASUREMENT	False	False	ph_value_missing
Trip 4	142	4	S48PRr1	https://rubalkhali.science/kb/RAK_6001618	48	Rhizosphere	1			missing							True	False	False	False	False	PENDING_MEASUREMENT	False	False	ph_value_missing
Trip 4	143	4	S49Sr1	https://rubalkhali.science/kb/RAK_6001624	49	Surface	1			missing							True	False	False	False	False	PENDING_MEASUREMENT	False	False	ph_value_missing
Trip 4	144	4	S49Dr1	https://rubalkhali.science/kb/RAK_6001621	49	Deep	1			missing							True	False	False	False	False	PENDING_MEASUREMENT	False	False	ph_value_missing
Trip 4	145	4	S49PRr1	https://rubalkhali.science/kb/RAK_6001627	49	Rhizosphere	1			missing							True	False	False	False	False	PENDING_MEASUREMENT	False	False	ph_value_missing
Trip 4	146	4	S50Sr1	https://rubalkhali.science/kb/RAK_6001633	50	Surface	1			missing							True	False	False	False	False	PENDING_MEASUREMENT	False	False	ph_value_missing
Trip 4	147	4	S50Dr1	https://rubalkhali.science/kb/RAK_6001630	50	Deep	1			missing							True	False	False	False	False	PENDING_MEASUREMENT	False	False	ph_value_missing
Trip 4	148	4	S50PRr1	https://rubalkhali.science/kb/RAK_6001636	50	Rhizosphere	1			missing							True	False	False	False	False	PENDING_MEASUREMENT	False	False	ph_value_missing
Trip 4	149	4	S51Sr1	https://rubalkhali.science/kb/RAK_6001642	51	Surface	1			missing							True	False	False	False	False	PENDING_MEASUREMENT	False	False	ph_value_missing
Trip 4	150	4	S51Dr1	https://rubalkhali.science/kb/RAK_6001639	51	Deep	1			missing							True	False	False	False	False	PENDING_MEASUREMENT	False	False	ph_value_missing
Trip 4	151	4	S51PRr1	https://rubalkhali.science/kb/RAK_6001645	51	Rhizosphere	1			missing							True	False	False	False	False	PENDING_MEASUREMENT	False	False	ph_value_missing
Trip 4	152	4	S52Sr1	https://rubalkhali.science/kb/RAK_6001651	52	Surface	1			missing							True	False	False	False	False	PENDING_MEASUREMENT	False	False	ph_value_missing
Trip 4	153	4	S52Dr1	https://rubalkhali.science/kb/RAK_6001648	52	Deep	1			missing							True	False	False	False	False	PENDING_MEASUREMENT	False	False	ph_value_missing
Trip 4	154	4	S52PRr1	https://rubalkhali.science/kb/RAK_6001654	52	Rhizosphere	1			missing							True	False	False	False	False	PENDING_MEASUREMENT	False	False	ph_value_missing
Trip 4	155	4	S53Sr1	https://rubalkhali.science/kb/RAK_6001660	53	Surface	1			missing							True	False	False	False	False	PENDING_MEASUREMENT	False	False	ph_value_missing
Trip 4	156	4	S53Dr1	https://rubalkhali.science/kb/RAK_6001657	53	Deep	1			missing							True	False	False	False	False	PENDING_MEASUREMENT	False	False	ph_value_missing
Trip 4	157	4	S53PRr1	https://rubalkhali.science/kb/RAK_6001663	53	Rhizosphere	1			missing							True	False	False	False	False	PENDING_MEASUREMENT	False	False	ph_value_missing
Trip 4	158	4	S54Sr1	https://rubalkhali.science/kb/RAK_6001669	54	Surface	1			missing							True	False	False	False	False	PENDING_MEASUREMENT	False	False	ph_value_missing
Trip 4	159	4	S54Dr1	https://rubalkhali.science/kb/RAK_6001666	54	Deep	1			missing							True	False	False	False	False	PENDING_MEASUREMENT	False	False	ph_value_missing
Trip 4	160	4	S54PRr1	https://rubalkhali.science/kb/RAK_6001672	54	Rhizosphere	1			missing							True	False	False	False	False	PENDING_MEASUREMENT	False	False	ph_value_missing
Trip 4	161	4	S55Sr1	https://rubalkhali.science/kb/RAK_6001678	55	Surface	1			missing							True	False	False	False	False	PENDING_MEASUREMENT	False	False	ph_value_missing
Trip 4	162	4	S55Dr1	https://rubalkhali.science/kb/RAK_6001675	55	Deep	1			missing							True	False	False	False	False	PENDING_MEASUREMENT	False	False	ph_value_missing
Trip 4	163	4	S55PRr1	https://rubalkhali.science/kb/RAK_6001681	55	Rhizosphere	1			missing							True	False	False	False	False	PENDING_MEASUREMENT	False	False	ph_value_missing
Trip 4	164	4	S56Sr1	https://rubalkhali.science/kb/RAK_6001687	56	Surface	1			missing							True	False	False	False	False	PENDING_MEASUREMENT	False	False	ph_value_missing
Trip 4	165	4	S56Dr1	https://rubalkhali.science/kb/RAK_6001684	56	Deep	1			missing							True	False	False	False	False	PENDING_MEASUREMENT	False	False	ph_value_missing
Trip 4	166	4	S56PRr1	https://rubalkhali.science/kb/RAK_6001690	56	Rhizosphere	1			missing							True	False	False	False	False	PENDING_MEASUREMENT	False	False	ph_value_missing
Trip 4	167	4	S57Sr1	https://rubalkhali.science/kb/RAK_6001696	57	Surface	1			missing							True	False	False	False	False	PENDING_MEASUREMENT	False	False	ph_value_missing
Trip 4	168	4	S57Dr1	https://rubalkhali.science/kb/RAK_6001693	57	Deep	1			missing							True	False	False	False	False	PENDING_MEASUREMENT	False	False	ph_value_missing
Trip 4	169	4	S57PRr1	https://rubalkhali.science/kb/RAK_6001699	57	Rhizosphere	1			missing							True	False	False	False	False	PENDING_MEASUREMENT	False	False	ph_value_missing
Trip 4	170	4	S58Sr1	https://rubalkhali.science/kb/RAK_6001705	58	Surface	1			missing							True	False	False	False	False	PENDING_MEASUREMENT	False	False	ph_value_missing
Trip 4	171	4	S58Dr1	https://rubalkhali.science/kb/RAK_6001702	58	Deep	1			missing							True	False	False	False	False	PENDING_MEASUREMENT	False	False	ph_value_missing
Trip 4	172	4	S58PRr1	https://rubalkhali.science/kb/RAK_6001708	58	Rhizosphere	1			missing							True	False	False	False	False	PENDING_MEASUREMENT	False	False	ph_value_missing
Trip 4	173	4	S59Sr1	https://rubalkhali.science/kb/RAK_6001714	59	Surface	1			missing							True	False	False	False	False	PENDING_MEASUREMENT	False	False	ph_value_missing
Trip 4	174	4	S59Dr1	https://rubalkhali.science/kb/RAK_6001711	59	Deep	1			missing							True	False	False	False	False	PENDING_MEASUREMENT	False	False	ph_value_missing
Trip 4	175	4	S59PRr1	https://rubalkhali.science/kb/RAK_6001717	59	Rhizosphere	1			missing							True	False	False	False	False	PENDING_MEASUREMENT	False	False	ph_value_missing
Trip 4	176	4	S60Sr1	https://rubalkhali.science/kb/RAK_6001723	60	Surface	1			missing							True	False	False	False	False	PENDING_MEASUREMENT	False	False	ph_value_missing
Trip 4	177	4	S60Dr1	https://rubalkhali.science/kb/RAK_6001720	60	Deep	1			missing							True	False	False	False	False	PENDING_MEASUREMENT	False	False	ph_value_missing
Trip 4	178	4	S60PRr1	https://rubalkhali.science/kb/RAK_6001726	60	Rhizosphere	1			missing							True	False	False	False	False	PENDING_MEASUREMENT	False	False	ph_value_missing
Trip 5	2	5	V1Dr1	https://rubalkhali.science/kb/RAK_6001729	1	Deep	1	2026-07-14T00:00:00	2026-07-14	accepted	Yes	95.5	10.04	8.01	8.01		True	True	True	True	True	ADMITTED_MEASUREMENT	True	True	
Trip 5	3	5	V1Dr3	https://rubalkhali.science/kb/RAK_6001731	1	Deep	3	2026-07-14T00:00:00	2026-07-14	accepted	Yes	95.5	10.04	8.05	8.05		True	True	True	True	True	ADMITTED_MEASUREMENT	True	True	
Trip 5	4	5	V1PRr1	https://rubalkhali.science/kb/RAK_6001735	1	Rhizosphere	1	2026-07-14T00:00:00	2026-07-14	accepted	Yes	95.5	10.04	8	8		True	True	True	True	True	ADMITTED_MEASUREMENT	True	True	
Trip 5	5	5	V1PRr2	https://rubalkhali.science/kb/RAK_6001736	1	Rhizosphere	2	2026-07-14T00:00:00	2026-07-14	accepted	Yes	95.5	10.04	7.92	7.92		True	True	True	True	True	ADMITTED_MEASUREMENT	True	True	
Trip 5	6	5	V1PRr3	https://rubalkhali.science/kb/RAK_6001737	1	Rhizosphere	3	2026-07-14T00:00:00	2026-07-14	accepted	Yes	95.5	10.04	7.86	7.86		True	True	True	True	True	ADMITTED_MEASUREMENT	True	True	
Trip 5	7	5	V2Sr1	https://rubalkhali.science/kb/RAK_6001741	2	Surface	1	2026-07-14T00:00:00	2026-07-14	accepted	Yes	95.5	10.04	7.98	7.98		True	True	True	True	True	ADMITTED_MEASUREMENT	True	True	
Trip 5	8	5	V2Sr2	https://rubalkhali.science/kb/RAK_6001742	2	Surface	2	2026-07-14T00:00:00	2026-07-14	accepted	Yes	95.5	10.04	7.9	7.9		True	True	True	True	True	ADMITTED_MEASUREMENT	True	True	
Trip 5	9	5	V2Dr1	https://rubalkhali.science/kb/RAK_6001738	2	Deep	1	2026-07-14T00:00:00	2026-07-14	accepted	Yes	95.5	10.04	8.11	8.11		True	True	True	True	True	ADMITTED_MEASUREMENT	True	True	
Trip 5	10	5	V2Dr2	https://rubalkhali.science/kb/RAK_6001739	2	Deep	2	2026-07-14T00:00:00	2026-07-14	accepted	Yes	95.5	10.04	8.16	8.16		True	True	True	True	True	ADMITTED_MEASUREMENT	True	True	
Trip 5	11	5	V2PRr1	https://rubalkhali.science/kb/RAK_6001744	2	Rhizosphere	1	2026-07-14T00:00:00	2026-07-14	accepted	Yes	95.5	10.04	7.6	7.6		True	True	True	True	True	ADMITTED_MEASUREMENT	True	True	
Trip 5	12	5	V2PRr2	https://rubalkhali.science/kb/RAK_6001745	2	Rhizosphere	2	2026-07-14T00:00:00	2026-07-14	accepted	Yes	95.5	10.04	7.61	7.61		True	True	True	True	True	ADMITTED_MEASUREMENT	True	True	
Trip 5	13	5	V2PRr3	https://rubalkhali.science/kb/RAK_6001746	2	Rhizosphere	3	2026-07-14T00:00:00	2026-07-14	accepted	Yes	95.5	10.04	7.57	7.57		True	True	True	True	True	ADMITTED_MEASUREMENT	True	True	
Trip 5	14	5	V3PRr1	https://rubalkhali.science/kb/RAK_6001753	3	Rhizosphere	1	2026-07-14T00:00:00	2026-07-14	accepted	Yes	95.5	10.04	7.56	7.56		True	True	True	True	True	ADMITTED_MEASUREMENT	True	True	
Trip 5	15	5	V3PRr2	https://rubalkhali.science/kb/RAK_6001754	3	Rhizosphere	2	2026-07-14T00:00:00	2026-07-14	accepted	Yes	95.5	10.04	7.51	7.51		True	True	True	True	True	ADMITTED_MEASUREMENT	True	True	
Trip 5	16	5	V3PRr3	https://rubalkhali.science/kb/RAK_6001755	3	Rhizosphere	3	2026-07-14T00:00:00	2026-07-14	accepted	Yes	95.5	10.04	7.48	7.48		True	True	True	True	True	ADMITTED_MEASUREMENT	True	True	
Trip 5	17	5	V4Sr1	https://rubalkhali.science/kb/RAK_6001759	4	Surface	1	2026-07-14T00:00:00	2026-07-14	accepted	Yes	95.5	10.04	8.01	8.01		True	True	True	True	True	ADMITTED_MEASUREMENT	True	True	
Trip 5	18	5	V4Sr3	https://rubalkhali.science/kb/RAK_6001761	4	Surface	3	2026-07-14T00:00:00	2026-07-14	accepted	Yes	95.5	10.04	7.96	7.96		True	True	True	True	True	ADMITTED_MEASUREMENT	True	True	
Trip 5	19	5	V4Dr1	https://rubalkhali.science/kb/RAK_6001756	4	Deep	1	2026-07-14T00:00:00	2026-07-14	accepted	Yes	95.5	10.04	7.89	7.89		True	True	True	True	True	ADMITTED_MEASUREMENT	True	True	
Trip 5	20	5	V4Dr2	https://rubalkhali.science/kb/RAK_6001757	4	Deep	2	2026-07-14T00:00:00	2026-07-14	accepted	Yes	95.5	10.04	7.9	7.9		True	True	True	True	True	ADMITTED_MEASUREMENT	True	True	
Trip 5	21	5	V4Dr3	https://rubalkhali.science/kb/RAK_6001758	4	Deep	3	2026-07-14T00:00:00	2026-07-14	accepted	Yes	95.5	10.04	7.94	7.94		True	True	True	True	True	ADMITTED_MEASUREMENT	True	True	
Trip 5	22	5	V4PRr1	https://rubalkhali.science/kb/RAK_6001762	4	Rhizosphere	1	2026-07-14T00:00:00	2026-07-14	accepted	Yes	95.5	10.04	7.94	7.94		True	True	True	True	True	ADMITTED_MEASUREMENT	True	True	
Trip 5	23	5	V4PRr2	https://rubalkhali.science/kb/RAK_6001763	4	Rhizosphere	2	2026-07-14T00:00:00	2026-07-14	accepted	Yes	95.5	10.04	8	8		True	True	True	True	True	ADMITTED_MEASUREMENT	True	True	
Trip 5	24	5	V4PRr3	https://rubalkhali.science/kb/RAK_6001764	4	Rhizosphere	3	2026-07-14T00:00:00	2026-07-14	accepted	Yes	95.5	10.04	7.91	7.91		True	True	True	True	True	ADMITTED_MEASUREMENT	True	True	
Trip 5	25	5	V5Sr1	https://rubalkhali.science/kb/RAK_6001768	5	Surface	1	2026-07-14T00:00:00	2026-07-14	accepted	Yes	95.5	10.04	8.06	8.06		True	True	True	True	True	ADMITTED_MEASUREMENT	True	True	
Trip 5	26	5	V5Sr3	https://rubalkhali.science/kb/RAK_6001770	5	Surface	3	2026-07-14T00:00:00	2026-07-14	accepted	Yes	95.5	10.04	8.01	8.01		True	True	True	True	True	ADMITTED_MEASUREMENT	True	True	
Trip 5	27	5	V5Dr1	https://rubalkhali.science/kb/RAK_6001765	5	Deep	1	2026-07-14T00:00:00	2026-07-14	accepted	Yes	95.5	10.04	8.01	8.01		True	True	True	True	True	ADMITTED_MEASUREMENT	True	True	
Trip 5	28	5	V5PRr1	https://rubalkhali.science/kb/RAK_6001771	5	Rhizosphere	1	2026-07-14T00:00:00	2026-07-14	accepted	Yes	95.5	10.04	8.03	8.03		True	True	True	True	True	ADMITTED_MEASUREMENT	True	True	
Trip 5	29	5	V5PRr2	https://rubalkhali.science/kb/RAK_6001772	5	Rhizosphere	2	2026-07-14T00:00:00	2026-07-14	accepted	Yes	95.5	10.04	8.02	8.02		True	True	True	True	True	ADMITTED_MEASUREMENT	True	True	
Trip 5	30	5	V5PRr3	https://rubalkhali.science/kb/RAK_6001773	5	Rhizosphere	3	2026-07-14T00:00:00	2026-07-14	accepted	Yes	95.5	10.04	8	8		True	True	True	True	True	ADMITTED_MEASUREMENT	True	True	
Trip 5	31	5	V6Sr1	https://rubalkhali.science/kb/RAK_6001777	6	Surface	1	2026-07-14T00:00:00	2026-07-14	accepted	Yes	95.5	10.04	7.88	7.88		True	True	True	True	True	ADMITTED_MEASUREMENT	True	True	
Trip 5	32	5	V6Sr3	https://rubalkhali.science/kb/RAK_6001779	6	Surface	3	2026-07-14T00:00:00	2026-07-14	accepted	Yes	95.5	10.04	7.85	7.85		True	True	True	True	True	ADMITTED_MEASUREMENT	True	True	
Trip 5	33	5	V6Dr1	https://rubalkhali.science/kb/RAK_6001774	6	Deep	1	2026-07-14T00:00:00	2026-07-14	accepted	Yes	95.5	10.04	7.86	7.86		True	True	True	True	True	ADMITTED_MEASUREMENT	True	True	
Trip 5	34	5	V6PRr1	https://rubalkhali.science/kb/RAK_6001780	6	Rhizosphere	1	2026-07-14T00:00:00	2026-07-14	accepted	Yes	95.5	10.04	7.89	7.89		True	True	True	True	True	ADMITTED_MEASUREMENT	True	True	
Trip 5	35	5	V6PRr2	https://rubalkhali.science/kb/RAK_6001781	6	Rhizosphere	2	2026-07-14T00:00:00	2026-07-14	accepted	Yes	95.5	10.04	7.8	7.8		True	True	True	True	True	ADMITTED_MEASUREMENT	True	True	
Trip 5	36	5	V6PRr3	https://rubalkhali.science/kb/RAK_6001782	6	Rhizosphere	3	2026-07-14T00:00:00	2026-07-14	accepted	Yes	95.5	10.04	7.85	7.85		True	True	True	True	True	ADMITTED_MEASUREMENT	True	True	
Trip 5	37	5	V7Dr1	https://rubalkhali.science/kb/RAK_6001783	7	Deep	1	2026-07-14T00:00:00	2026-07-14	accepted	Yes	95.5	10.04	7.89	7.89		True	True	True	True	True	ADMITTED_MEASUREMENT	True	True	
Trip 5	38	5	V7Dr3	https://rubalkhali.science/kb/RAK_6001785	7	Deep	3	2026-07-14T00:00:00	2026-07-14	accepted	Yes	95.5	10.04	7.8	7.8		True	True	True	True	True	ADMITTED_MEASUREMENT	True	True	
Trip 5	39	5	V7PRr1	https://rubalkhali.science/kb/RAK_6001789	7	Rhizosphere	1	2026-07-14T00:00:00	2026-07-14	accepted	Yes	95.5	10.04	7.85	7.85		True	True	True	True	True	ADMITTED_MEASUREMENT	True	True	
Trip 5	40	5	V7PRr2	https://rubalkhali.science/kb/RAK_6001790	7	Rhizosphere	2	2026-07-14T00:00:00	2026-07-14	accepted	Yes	95.5	10.04	7.8	7.8		True	True	True	True	True	ADMITTED_MEASUREMENT	True	True	
Trip 5	41	5	V7PRr3	https://rubalkhali.science/kb/RAK_6001791	7	Rhizosphere	3	2026-07-14T00:00:00	2026-07-14	accepted	Yes	95.5	10.04	7.81	7.81		True	True	True	True	True	ADMITTED_MEASUREMENT	True	True	
Trip 5	42	5	V8Dr3	https://rubalkhali.science/kb/RAK_6001794	8	Deep	3	2026-07-14T00:00:00	2026-07-14	accepted	Yes	95.5	10.03	7.78	7.78		True	True	True	True	True	ADMITTED_MEASUREMENT	True	True	
Trip 5	43	5	V8PRr1	https://rubalkhali.science/kb/RAK_6001798	8	Rhizosphere	1	2026-07-14T00:00:00	2026-07-14	accepted	Yes	95.5	10.03	7.9	7.9		True	True	True	True	True	ADMITTED_MEASUREMENT	True	True	
Trip 5	44	5	V8PRr2	https://rubalkhali.science/kb/RAK_6001799	8	Rhizosphere	2	2026-07-14T00:00:00	2026-07-14	accepted	Yes	95.5	10.03	7.91	7.91		True	True	True	True	True	ADMITTED_MEASUREMENT	True	True	
Trip 5	45	5	V8PRr3	https://rubalkhali.science/kb/RAK_6001800	8	Rhizosphere	3	2026-07-14T00:00:00	2026-07-14	accepted	Yes	95.5	10.03	7.94	7.94		True	True	True	True	True	ADMITTED_MEASUREMENT	True	True	
Trip 5	46	5	V9PRr1	https://rubalkhali.science/kb/RAK_6001807	9	Rhizosphere	1	2026-07-14T00:00:00	2026-07-14	accepted	Yes	95.5	10.03	7.76	7.76		True	True	True	True	True	ADMITTED_MEASUREMENT	True	True	
Trip 5	47	5	V9PRr2	https://rubalkhali.science/kb/RAK_6001808	9	Rhizosphere	2	2026-07-14T00:00:00	2026-07-14	accepted	Yes	95.5	10.03	7.66	7.66		True	True	True	True	True	ADMITTED_MEASUREMENT	True	True	
Trip 5	48	5	V9PRr3	https://rubalkhali.science/kb/RAK_6001809	9	Rhizosphere	3	2026-07-14T00:00:00	2026-07-14	accepted	Yes	95.5	10.03	7.67	7.67		True	True	True	True	True	ADMITTED_MEASUREMENT	True	True	
Trip 5	49	5	V10Dr1	https://rubalkhali.science/kb/RAK_6001810	10	Deep	1	2026-07-15T00:00:00	2026-07-15	accepted	Yes	97.1	10.06	7.81	7.81		True	True	True	True	True	ADMITTED_MEASUREMENT	True	True	
Trip 5	50	5	V10PRr2	https://rubalkhali.science/kb/RAK_6001817	10	Rhizosphere	2	2026-07-15T00:00:00	2026-07-15	accepted	Yes	97.1	10.06	7.9	7.9		True	True	True	True	True	ADMITTED_MEASUREMENT	True	True	
Trip 5	51	5	V11Sr2	https://rubalkhali.science/kb/RAK_6001823	11	Surface	2	2026-07-15T00:00:00	2026-07-15	accepted	Yes	97.1	10.06	7.85	7.85		True	True	True	True	True	ADMITTED_MEASUREMENT	True	True	
Trip 5	52	5	V11Dr3	https://rubalkhali.science/kb/RAK_6001821	11	Deep	3	2026-07-15T00:00:00	2026-07-15	accepted	Yes	97.1	10.06	7.97	7.97		True	True	True	True	True	ADMITTED_MEASUREMENT	True	True	
Trip 5	53	5	V11PRr2	https://rubalkhali.science/kb/RAK_6001826	11	Rhizosphere	2	2026-07-15T00:00:00	2026-07-15	accepted	Yes	97.1	10.06	7.7	7.7		True	True	True	True	True	ADMITTED_MEASUREMENT	True	True	
Trip 5	54	5	V11PRr3	https://rubalkhali.science/kb/RAK_6001827	11	Rhizosphere	3	2026-07-15T00:00:00	2026-07-15	accepted	Yes	97.1	10.06	7.78	7.78		True	True	True	True	True	ADMITTED_MEASUREMENT	True	True	
Trip 5	55	5	V12Sr1	https://rubalkhali.science/kb/RAK_6001831	12	Surface	1	2026-07-15T00:00:00	2026-07-15	accepted	Yes	97.1	10.06	7.97	7.97		True	True	True	True	True	ADMITTED_MEASUREMENT	True	True	
Trip 5	56	5	V12Sr3	https://rubalkhali.science/kb/RAK_6001833	12	Surface	3	2026-07-15T00:00:00	2026-07-15	accepted	Yes	97.1	10.06	7.9	7.9		True	True	True	True	True	ADMITTED_MEASUREMENT	True	True	
Trip 5	57	5	V12Dr3	https://rubalkhali.science/kb/RAK_6001830	12	Deep	3	2026-07-15T00:00:00	2026-07-15	accepted	Yes	97.1	10.06	7.94	7.94		True	True	True	True	True	ADMITTED_MEASUREMENT	True	True	
Trip 5	58	5	V12PRr1	https://rubalkhali.science/kb/RAK_6001834	12	Rhizosphere	1	2026-07-15T00:00:00	2026-07-15	accepted	Yes	97.1	10.06	8.02	8.02		True	True	True	True	True	ADMITTED_MEASUREMENT	True	True	
Trip 5	59	5	V12PRr2	https://rubalkhali.science/kb/RAK_6001835	12	Rhizosphere	2	2026-07-15T00:00:00	2026-07-15	accepted	Yes	97.1	10.06	8	8		True	True	True	True	True	ADMITTED_MEASUREMENT	True	True	
Trip 5	60	5	V12PRr3	https://rubalkhali.science/kb/RAK_6001836	12	Rhizosphere	3	2026-07-15T00:00:00	2026-07-15	accepted	Yes	97.1	10.06	7.98	7.98		True	True	True	True	True	ADMITTED_MEASUREMENT	True	True	
Trip 5	61	5	V13Sr3	https://rubalkhali.science/kb/RAK_6001842	13	Surface	3	2026-07-15T00:00:00	2026-07-15	accepted	Yes	97.1	10.06	7.85	7.85		True	True	True	True	True	ADMITTED_MEASUREMENT	True	True	
Trip 5	62	5	V13PRr1	https://rubalkhali.science/kb/RAK_6001843	13	Rhizosphere	1	2026-07-15T00:00:00	2026-07-15	accepted	Yes	97.1	10.06	7.88	7.88		True	True	True	True	True	ADMITTED_MEASUREMENT	True	True	
Trip 5	63	5	V13PRr2	https://rubalkhali.science/kb/RAK_6001844	13	Rhizosphere	2	2026-07-15T00:00:00	2026-07-15	accepted	Yes	97.1	10.06	7.83	7.83		True	True	True	True	True	ADMITTED_MEASUREMENT	True	True	
Trip 5	64	5	V14Sr1	https://rubalkhali.science/kb/RAK_6001849	14	Surface	1	2026-07-15T00:00:00	2026-07-15	accepted	Yes	97.1	10.06	8.09	8.09		True	True	True	True	True	ADMITTED_MEASUREMENT	True	True	
Trip 5	65	5	V14Dr3	https://rubalkhali.science/kb/RAK_6001848	14	Deep	3	2026-07-15T00:00:00	2026-07-15	accepted	Yes	97.1	10.06	8.1	8.1		True	True	True	True	True	ADMITTED_MEASUREMENT	True	True	
Trip 5	66	5	V14PRr1	https://rubalkhali.science/kb/RAK_6001852	14	Rhizosphere	1	2026-07-15T00:00:00	2026-07-15	accepted	Yes	97.1	10.06	8.29	8.29		True	True	True	True	True	ADMITTED_MEASUREMENT	True	True	
Trip 5	67	5	V14PRr2	https://rubalkhali.science/kb/RAK_6001853	14	Rhizosphere	2	2026-07-15T00:00:00	2026-07-15	accepted	Yes	97.1	10.06	8.26	8.26		True	True	True	True	True	ADMITTED_MEASUREMENT	True	True	
Trip 5	68	5	V14PRr3	https://rubalkhali.science/kb/RAK_6001854	14	Rhizosphere	3	2026-07-15T00:00:00	2026-07-15	accepted	Yes	97.1	10.06	8.12	8.12		True	True	True	True	True	ADMITTED_MEASUREMENT	True	True	
Trip 5	69	5	V15Sr1	https://rubalkhali.science/kb/RAK_6001858	15	Surface	1	2026-07-15T00:00:00	2026-07-15	accepted	Yes	97.1	10.06	7.83	7.83		True	True	True	True	True	ADMITTED_MEASUREMENT	True	True	
Trip 5	70	5	V15Sr2	https://rubalkhali.science/kb/RAK_6001859	15	Surface	2	2026-07-15T00:00:00	2026-07-15	accepted	Yes	97.1	10.06	7.79	7.79		True	True	True	True	True	ADMITTED_MEASUREMENT	True	True	
Trip 5	71	5	V15Dr1	https://rubalkhali.science/kb/RAK_6001855	15	Deep	1	2026-07-15T00:00:00	2026-07-15	accepted	Yes	97.1	10.06	7.88	7.88		True	True	True	True	True	ADMITTED_MEASUREMENT	True	True	
Trip 5	72	5	V15Dr2	https://rubalkhali.science/kb/RAK_6001856	15	Deep	2	2026-07-15T00:00:00	2026-07-15	accepted	Yes	97.1	10.06	7.9	7.9		True	True	True	True	True	ADMITTED_MEASUREMENT	True	True	
Trip 5	73	5	V15Dr3	https://rubalkhali.science/kb/RAK_6001857	15	Deep	3	2026-07-15T00:00:00	2026-07-15	accepted	Yes	97.1	10.06	7.86	7.86		True	True	True	True	True	ADMITTED_MEASUREMENT	True	True	
Trip 5	74	5	V15PRr1	https://rubalkhali.science/kb/RAK_6001861	15	Rhizosphere	1	2026-07-15T00:00:00	2026-07-15	accepted	Yes	97.1	10.06	8.09	8.09		True	True	True	True	True	ADMITTED_MEASUREMENT	True	True	
Trip 5	75	5	V15PRr2	https://rubalkhali.science/kb/RAK_6001862	15	Rhizosphere	2	2026-07-15T00:00:00	2026-07-15	accepted	Yes	97.1	10.06	8.14	8.14		True	True	True	True	True	ADMITTED_MEASUREMENT	True	True	
Trip 5	76	5	V15PRr3	https://rubalkhali.science/kb/RAK_6001863	15	Rhizosphere	3	2026-07-15T00:00:00	2026-07-15	accepted	Yes	97.1	10.06	7.99	7.99		True	True	True	True	True	ADMITTED_MEASUREMENT	True	True	
Trip 5	77	5	V16Sr1	https://rubalkhali.science/kb/RAK_6001867	16	Surface	1	2026-07-15T00:00:00	2026-07-15	accepted	Yes	97.1	10.06	8.03	8.03	variant: O	True	True	True	True	True	ADMITTED_MEASUREMENT	True	True	
Trip 5	78	5	V16Dr1	https://rubalkhali.science/kb/RAK_6001864	16	Deep	1	2026-07-15T00:00:00	2026-07-15	accepted	Yes	97.1	10.06	8.07	8.07	variant: O	True	True	True	True	True	ADMITTED_MEASUREMENT	True	True	
Trip 5	79	5	V16Dr3	https://rubalkhali.science/kb/RAK_6001866	16	Deep	3	2026-07-15T00:00:00	2026-07-15	accepted	Yes	97.1	10.06	8.06	8.06		True	True	True	True	True	ADMITTED_MEASUREMENT	True	True	
Trip 5	80	5	V16PRr1	https://rubalkhali.science/kb/RAK_6001870	16	Rhizosphere	1	2026-07-15T00:00:00	2026-07-15	accepted	Yes	97.1	10.06	8.26	8.26		True	True	True	True	True	ADMITTED_MEASUREMENT	True	True	
Trip 5	81	5	V16PRr2	https://rubalkhali.science/kb/RAK_6001871	16	Rhizosphere	2	2026-07-15T00:00:00	2026-07-15	accepted	Yes	97.1	10.06	8.28	8.28		True	True	True	True	True	ADMITTED_MEASUREMENT	True	True	
Trip 5	82	5	V16PRr3	https://rubalkhali.science/kb/RAK_6001872	16	Rhizosphere	3	2026-07-15T00:00:00	2026-07-15	accepted	Yes	97.1	10.06	8.2	8.2		True	True	True	True	True	ADMITTED_MEASUREMENT	True	True	
Trip 5	83	5	V17Dr1	https://rubalkhali.science/kb/RAK_6001873	17	Deep	1	2026-07-15T00:00:00	2026-07-15	accepted	Yes	97.1	10.06	8.06	8.06		True	True	True	True	True	ADMITTED_MEASUREMENT	True	True	
Trip 5	84	5	V17Dr2	https://rubalkhali.science/kb/RAK_6001874	17	Deep	2	2026-07-15T00:00:00	2026-07-15	accepted	Yes	97.1	10.06	8.05	8.05		True	True	True	True	True	ADMITTED_MEASUREMENT	True	True	
Trip 5	85	5	V17PRr1	https://rubalkhali.science/kb/RAK_6001879	17	Rhizosphere	1	2026-07-15T00:00:00	2026-07-15	accepted	Yes	97.1	10.06	7.85	7.85		True	True	True	True	True	ADMITTED_MEASUREMENT	True	True	
Trip 5	86	5	V17PRr2	https://rubalkhali.science/kb/RAK_6001880	17	Rhizosphere	2	2026-07-15T00:00:00	2026-07-15	accepted	Yes	97.1	10.06	7.93	7.93		True	True	True	True	True	ADMITTED_MEASUREMENT	True	True	
Trip 5	87	5	V17PRr3	https://rubalkhali.science/kb/RAK_6001881	17	Rhizosphere	3	2026-07-15T00:00:00	2026-07-15	accepted	Yes	97.1	10.06	7.91	7.91		True	True	True	True	True	ADMITTED_MEASUREMENT	True	True	
Trip 5	88	5	V18PRr2	https://rubalkhali.science/kb/RAK_6001889	18	Rhizosphere	2	2026-07-15T00:00:00	2026-07-15	accepted	Yes	97.1	10.06	8.06	8.06		True	True	True	True	True	ADMITTED_MEASUREMENT	True	True	
Trip 5	89	5	V18PRr3	https://rubalkhali.science/kb/RAK_6001890	18	Rhizosphere	3	2026-07-15T00:00:00	2026-07-15	accepted	Yes	97.1	10.06	8.09	8.09		True	True	True	True	True	ADMITTED_MEASUREMENT	True	True	
Trip 5	90	5	V19Sr3	https://rubalkhali.science/kb/RAK_6001896	19	Surface	3	2026-07-15T00:00:00	2026-07-15	accepted	Yes	97.1	10.06	7.8	7.8		True	True	True	True	True	ADMITTED_MEASUREMENT	True	True	
Trip 5	91	5	V19Dr2	https://rubalkhali.science/kb/RAK_6001892	19	Deep	2	2026-07-15T00:00:00	2026-07-15	accepted	Yes	97.1	10.06	8.1	8.1		True	True	True	True	True	ADMITTED_MEASUREMENT	True	True	
Trip 5	92	5	V19Dr3	https://rubalkhali.science/kb/RAK_6001893	19	Deep	3	2026-07-15T00:00:00	2026-07-15	accepted	Yes	97.1	10.06	8.12	8.12		True	True	True	True	True	ADMITTED_MEASUREMENT	True	True	
Trip 5	93	5	V19PRr1	https://rubalkhali.science/kb/RAK_6001897	19	Rhizosphere	1	2026-07-15T00:00:00	2026-07-15	accepted	Yes	97.1	10.06	7.97	7.97		True	True	True	True	True	ADMITTED_MEASUREMENT	True	True	
Trip 5	94	5	V19PRr2	https://rubalkhali.science/kb/RAK_6001898	19	Rhizosphere	2	2026-07-15T00:00:00	2026-07-15	accepted	Yes	97.1	10.06	7.95	7.95		True	True	True	True	True	ADMITTED_MEASUREMENT	True	True	
Trip 5	95	5	V19PRr3	https://rubalkhali.science/kb/RAK_6001899	19	Rhizosphere	3	2026-07-15T00:00:00	2026-07-15	accepted	Yes	97.1	10.06	7.93	7.93		True	True	True	True	True	ADMITTED_MEASUREMENT	True	True	
Trip 5	96	5	V20Sr2	https://rubalkhali.science/kb/RAK_6001904	20	Surface	2	2026-07-15T00:00:00	2026-07-15	accepted	Yes	97.1	10.06	7.85	7.85		True	True	True	True	True	ADMITTED_MEASUREMENT	True	True	
Trip 5	97	5	V20PRr1	https://rubalkhali.science/kb/RAK_6001906	20	Rhizosphere	1	2026-07-15T00:00:00	2026-07-15	accepted	Yes	97.1	10.06	7.56	7.56		True	True	True	True	True	ADMITTED_MEASUREMENT	True	True	
Trip 5	98	5	V20PRr2	https://rubalkhali.science/kb/RAK_6001907	20	Rhizosphere	2	2026-07-15T00:00:00	2026-07-15	accepted	Yes	97.1	10.06	7.58	7.58		True	True	True	True	True	ADMITTED_MEASUREMENT	True	True	
Trip 5	99	5	V20PRr3	https://rubalkhali.science/kb/RAK_6001908	20	Rhizosphere	3	2026-07-15T00:00:00	2026-07-15	accepted	Yes	97.1	10.06	7.63	7.63		True	True	True	True	True	ADMITTED_MEASUREMENT	True	True	
Trip 5	100	5	V21Sr3	https://rubalkhali.science/kb/RAK_6001914	21	Surface	3	2026-07-15T00:00:00	2026-07-15	accepted	Yes	97.1	10.06	7.84	7.84		True	True	True	True	True	ADMITTED_MEASUREMENT	True	True	
Trip 5	101	5	V21Dr1	https://rubalkhali.science/kb/RAK_6001909	21	Deep	1	2026-07-15T00:00:00	2026-07-15	accepted	Yes	97.1	10.06	7.7	7.7		True	True	True	True	True	ADMITTED_MEASUREMENT	True	True	
Trip 5	102	5	V21Dr2	https://rubalkhali.science/kb/RAK_6001910	21	Deep	2	2026-07-15T00:00:00	2026-07-15	accepted	Yes	97.1	10.06	7.79	7.79		True	True	True	True	True	ADMITTED_MEASUREMENT	True	True	
Trip 5	103	5	V21PRr1	https://rubalkhali.science/kb/RAK_6001915	21	Rhizosphere	1	2026-07-15T00:00:00	2026-07-15	accepted	Yes	97.1	10.06	7.7	7.7		True	True	True	True	True	ADMITTED_MEASUREMENT	True	True	
Trip 5	104	5	V21PRr2	https://rubalkhali.science/kb/RAK_6001916	21	Rhizosphere	2	2026-07-15T00:00:00	2026-07-15	accepted	Yes	97.1	10.06	7.62	7.62		True	True	True	True	True	ADMITTED_MEASUREMENT	True	True	
Trip 5	105	5	V21PRr3	https://rubalkhali.science/kb/RAK_6001917	21	Rhizosphere	3	2026-07-15T00:00:00	2026-07-15	accepted	Yes	97.1	10.06	7.61	7.61		True	True	True	True	True	ADMITTED_MEASUREMENT	True	True	
Trip 5	106	5	V22PRr2	https://rubalkhali.science/kb/RAK_6001925	22	Rhizosphere	2	2026-07-15T00:00:00	2026-07-15	accepted	Yes	97.1	10.06	7.94	7.94		True	True	True	True	True	ADMITTED_MEASUREMENT	True	True	
Trip 5	107	5	V23Dr1	https://rubalkhali.science/kb/RAK_6001927	23	Deep	1	2026-07-16T00:00:00	2026-07-16	accepted	Yes	97.9	10.06	8.17	8.17		True	True	True	True	True	ADMITTED_MEASUREMENT	True	True	
Trip 5	108	5	V23PRr1	https://rubalkhali.science/kb/RAK_6001933	23	Rhizosphere	1	2026-07-16T00:00:00	2026-07-16	accepted	Yes	97.9	10.06	7.7	7.7		True	True	True	True	True	ADMITTED_MEASUREMENT	True	True	
Trip 5	109	5	V23PRr2	https://rubalkhali.science/kb/RAK_6001934	23	Rhizosphere	2	2026-07-16T00:00:00	2026-07-16	accepted	Yes	97.9	10.06	7.67	7.67		True	True	True	True	True	ADMITTED_MEASUREMENT	True	True	
Trip 5	110	5	V24Dr1	https://rubalkhali.science/kb/RAK_6001936	24	Deep	1	2026-07-16T00:00:00	2026-07-16	accepted	Yes	97.9	10.06	8.01	8.01		True	True	True	True	True	ADMITTED_MEASUREMENT	True	True	
Trip 5	111	5	V24PRr1	https://rubalkhali.science/kb/RAK_6001942	24	Rhizosphere	1	2026-07-16T00:00:00	2026-07-16	accepted	Yes	97.9	10.06	7.76	7.76		True	True	True	True	True	ADMITTED_MEASUREMENT	True	True	
Trip 5	112	5	V24PRr3	https://rubalkhali.science/kb/RAK_6001944	24	Rhizosphere	3	2026-07-16T00:00:00	2026-07-16	accepted	Yes	97.9	10.06	7.82	7.82		True	True	True	True	True	ADMITTED_MEASUREMENT	True	True	
Trip 5	113	5	V25Sr2	https://rubalkhali.science/kb/RAK_6001949	25	Surface	2	2026-07-16T00:00:00	2026-07-16	accepted	Yes	97.9	10.06	7.7	7.7		True	True	True	True	True	ADMITTED_MEASUREMENT	True	True	
Trip 5	114	5	V25Sr3	https://rubalkhali.science/kb/RAK_6001950	25	Surface	3	2026-07-16T00:00:00	2026-07-16	accepted	Yes	97.9	10.06	7.79	7.79		True	True	True	True	True	ADMITTED_MEASUREMENT	True	True	
Trip 5	115	5	V25Dr3	https://rubalkhali.science/kb/RAK_6001947	25	Deep	3	2026-07-16T00:00:00	2026-07-16	accepted	Yes	97.9	10.06	7.87	7.87		True	True	True	True	True	ADMITTED_MEASUREMENT	True	True	
Trip 5	116	5	V25PRr1	https://rubalkhali.science/kb/RAK_6001951	25	Rhizosphere	1	2026-07-16T00:00:00	2026-07-16	accepted	Yes	97.9	10.06	7.72	7.72		True	True	True	True	True	ADMITTED_MEASUREMENT	True	True	
Trip 5	117	5	V25PRr2	https://rubalkhali.science/kb/RAK_6001952	25	Rhizosphere	2	2026-07-16T00:00:00	2026-07-16	accepted	Yes	97.9	10.06	7.63	7.63		True	True	True	True	True	ADMITTED_MEASUREMENT	True	True	
Trip 5	118	5	V25PRr3	https://rubalkhali.science/kb/RAK_6001953	25	Rhizosphere	3	2026-07-16T00:00:00	2026-07-16	accepted	Yes	97.9	10.06	7.62	7.62		True	True	True	True	True	ADMITTED_MEASUREMENT	True	True	
Trip 5	119	5	V26Sr2	https://rubalkhali.science/kb/RAK_6001958	26	Surface	2	2026-07-16T00:00:00	2026-07-16	accepted	Yes	97.9	10.06	7.67	7.67		True	True	True	True	True	ADMITTED_MEASUREMENT	True	True	
Trip 5	120	5	V26Dr2	https://rubalkhali.science/kb/RAK_6001955	26	Deep	2	2026-07-16T00:00:00	2026-07-16	accepted	Yes	97.9	10.06	7.6	7.6		True	True	True	True	True	ADMITTED_MEASUREMENT	True	True	
Trip 5	121	5	V26Dr3	https://rubalkhali.science/kb/RAK_6001956	26	Deep	3	2026-07-16T00:00:00	2026-07-16	accepted	Yes	97.9	10.06	7.69	7.69		True	True	True	True	True	ADMITTED_MEASUREMENT	True	True	
Trip 5	122	5	V26PRr1	https://rubalkhali.science/kb/RAK_6001960	26	Rhizosphere	1	2026-07-16T00:00:00	2026-07-16	accepted	Yes	97.9	10.06	7.72	7.72		True	True	True	True	True	ADMITTED_MEASUREMENT	True	True	
Trip 5	123	5	V26PRr2	https://rubalkhali.science/kb/RAK_6001961	26	Rhizosphere	2	2026-07-16T00:00:00	2026-07-16	accepted	Yes	97.9	10.06	7.68	7.68		True	True	True	True	True	ADMITTED_MEASUREMENT	True	True	
Trip 5	124	5	V27Dr2	https://rubalkhali.science/kb/RAK_6001964	27	Deep	2	2026-07-16T00:00:00	2026-07-16	accepted	Yes	97.9	10.06	7.74	7.74		True	True	True	True	True	ADMITTED_MEASUREMENT	True	True	
Trip 5	125	5	V27Dr3	https://rubalkhali.science/kb/RAK_6001965	27	Deep	3	2026-07-16T00:00:00	2026-07-16	accepted	Yes	97.9	10.06	7.7	7.7		True	True	True	True	True	ADMITTED_MEASUREMENT	True	True	
Trip 5	126	5	V27PRr1	https://rubalkhali.science/kb/RAK_6001969	27	Rhizosphere	1	2026-07-16T00:00:00	2026-07-16	accepted	Yes	97.9	10.06	7.7	7.7		True	True	True	True	True	ADMITTED_MEASUREMENT	True	True	
Trip 5	127	5	V27PRr2	https://rubalkhali.science/kb/RAK_6001970	27	Rhizosphere	2	2026-07-16T00:00:00	2026-07-16	accepted	Yes	97.9	10.06	7.63	7.63		True	True	True	True	True	ADMITTED_MEASUREMENT	True	True	
Trip 5	128	5	V27PRr3	https://rubalkhali.science/kb/RAK_6001971	27	Rhizosphere	3	2026-07-16T00:00:00	2026-07-16	accepted	Yes	97.9	10.06	7.67	7.67		True	True	True	True	True	ADMITTED_MEASUREMENT	True	True	
Trip 5	129	5	V28Dr1	https://rubalkhali.science/kb/RAK_6001972	28	Deep	1	2026-07-16T00:00:00	2026-07-16	accepted	Yes	97.9	10.06	7.69	7.69		True	True	True	True	True	ADMITTED_MEASUREMENT	True	True	
Trip 5	130	5	V28Dr3	https://rubalkhali.science/kb/RAK_6001974	28	Deep	3	2026-07-16T00:00:00	2026-07-16	accepted	Yes	97.9	10.06	7.7	7.7		True	True	True	True	True	ADMITTED_MEASUREMENT	True	True	
Trip 5	131	5	V28PRr1	https://rubalkhali.science/kb/RAK_6001978	28	Rhizosphere	1	2026-07-16T00:00:00	2026-07-16	accepted	Yes	97.9	10.06	7.66	7.66		True	True	True	True	True	ADMITTED_MEASUREMENT	True	True	
Trip 5	132	5	V28PRr2	https://rubalkhali.science/kb/RAK_6001979	28	Rhizosphere	2	2026-07-16T00:00:00	2026-07-16	accepted	Yes	97.9	10.06	7.6	7.6		True	True	True	True	True	ADMITTED_MEASUREMENT	True	True	
Trip 5	133	5	V28PRr3	https://rubalkhali.science/kb/RAK_6001980	28	Rhizosphere	3	2026-07-16T00:00:00	2026-07-16	accepted	Yes	97.9	10.06	7.57	7.57		True	True	True	True	True	ADMITTED_MEASUREMENT	True	True	
Trip 5	134	5	V29PRr2	https://rubalkhali.science/kb/RAK_6001988	29	Rhizosphere	2	2026-07-16T00:00:00	2026-07-16	accepted	Yes	97.9	10.06	7.73	7.73		True	True	True	True	True	ADMITTED_MEASUREMENT	True	True	
Trip 5	135	5	V29PRr3	https://rubalkhali.science/kb/RAK_6001989	29	Rhizosphere	3	2026-07-16T00:00:00	2026-07-16	accepted	Yes	97.9	10.06	7.65	7.65		True	True	True	True	True	ADMITTED_MEASUREMENT	True	True	
Trip 5	136	5	V30Sr2	https://rubalkhali.science/kb/RAK_6001994	30	Surface	2	2026-07-16T00:00:00	2026-07-16	accepted	Yes	97.9	10.06	7.51	7.51		True	True	True	True	True	ADMITTED_MEASUREMENT	True	True	
Trip 5	137	5	V30PRr1	https://rubalkhali.science/kb/RAK_6001996	30	Rhizosphere	1	2026-07-16T00:00:00	2026-07-16	accepted	Yes	97.9	10.06	7.56	7.56		True	True	True	True	True	ADMITTED_MEASUREMENT	True	True	
Trip 5	138	5	V30PRr2	https://rubalkhali.science/kb/RAK_6001997	30	Rhizosphere	2	2026-07-16T00:00:00	2026-07-16	accepted	Yes	97.9	10.06	7.6	7.6		True	True	True	True	True	ADMITTED_MEASUREMENT	True	True	
Trip 5	139	5	V30PRr3	https://rubalkhali.science/kb/RAK_6001998	30	Rhizosphere	3	2026-07-16T00:00:00	2026-07-16	accepted	Yes	97.9	10.06	7.61	7.61		True	True	True	True	True	ADMITTED_MEASUREMENT	True	True	
Trip 5	140	5	V31Dr1	https://rubalkhali.science/kb/RAK_6001999	31	Deep	1	2026-07-19T00:00:00	2026-07-19	accepted	Yes	98	10.06	7.99	7.99		True	True	True	True	True	ADMITTED_MEASUREMENT	True	True	
Trip 5	141	5	V31Dr3	https://rubalkhali.science/kb/RAK_6002001	31	Deep	3	2026-07-19T00:00:00	2026-07-19	accepted	Yes	98	10.06	7.88	7.88		True	True	True	True	True	ADMITTED_MEASUREMENT	True	True	
Trip 5	142	5	V32PRr1	https://rubalkhali.science/kb/RAK_6002014	32	Rhizosphere	1	2026-07-19T00:00:00	2026-07-19	accepted	Yes	98	10.06	7.65	7.65		True	True	True	True	True	ADMITTED_MEASUREMENT	True	True	
Trip 5	143	5	V32PRr2	https://rubalkhali.science/kb/RAK_6002015	32	Rhizosphere	2	2026-07-19T00:00:00	2026-07-19	accepted	Yes	98	10.06	7.61	7.61		True	True	True	True	True	ADMITTED_MEASUREMENT	True	True	
Trip 5	144	5	V32PRr3	https://rubalkhali.science/kb/RAK_6002016	32	Rhizosphere	3	2026-07-19T00:00:00	2026-07-19	accepted	Yes	98	10.06	7.6	7.6		True	True	True	True	True	ADMITTED_MEASUREMENT	True	True	
Trip 5	145	5	V33PRr1	https://rubalkhali.science/kb/RAK_6002023	33	Rhizosphere	1	2026-07-19T00:00:00	2026-07-19	accepted	Yes	98	10.06	8.06	8.06		True	True	True	True	True	ADMITTED_MEASUREMENT	True	True	
Trip 5	146	5	V33PRr2	https://rubalkhali.science/kb/RAK_6002024	33	Rhizosphere	2	2026-07-19T00:00:00	2026-07-19	accepted	Yes	98	10.06	7.98	7.98		True	True	True	True	True	ADMITTED_MEASUREMENT	True	True	
Trip 5	147	5	V33PRr3	https://rubalkhali.science/kb/RAK_6002025	33	Rhizosphere	3	2026-07-19T00:00:00	2026-07-19	accepted	Yes	98	10.06	8	8		True	True	True	True	True	ADMITTED_MEASUREMENT	True	True	
Trip 5	148	5	V34Dr2	https://rubalkhali.science/kb/RAK_6002027	34	Deep	2	2026-07-19T00:00:00	2026-07-19	accepted	Yes	98	10.06	8.01	8.01		True	True	True	True	True	ADMITTED_MEASUREMENT	True	True	
Trip 5	149	5	V34PRr1	https://rubalkhali.science/kb/RAK_6002032	34	Rhizosphere	1	2026-07-19T00:00:00	2026-07-19	accepted	Yes	98	10.06	8.07	8.07		True	True	True	True	True	ADMITTED_MEASUREMENT	True	True	
Trip 5	150	5	V34PRr2	https://rubalkhali.science/kb/RAK_6002033	34	Rhizosphere	2	2026-07-19T00:00:00	2026-07-19	accepted	Yes	98	10.06	8.09	8.09		True	True	True	True	True	ADMITTED_MEASUREMENT	True	True	
Trip 5	151	5	V34PRr3	https://rubalkhali.science/kb/RAK_6002034	34	Rhizosphere	3	2026-07-19T00:00:00	2026-07-19	accepted	Yes	98	10.06	8.11	8.11		True	True	True	True	True	ADMITTED_MEASUREMENT	True	True	
Trip 5	152	5	V35Dr1	https://rubalkhali.science/kb/RAK_6002035	35	Deep	1	2026-07-19T00:00:00	2026-07-19	accepted	Yes	98	10.06	8.1	8.1		True	True	True	True	True	ADMITTED_MEASUREMENT	True	True	
Trip 5	153	5	V35PRr1	https://rubalkhali.science/kb/RAK_6002041	35	Rhizosphere	1	2026-07-19T00:00:00	2026-07-19	accepted	Yes	98	10.06	8.42	8.42		True	True	True	True	True	ADMITTED_MEASUREMENT	True	True	
Trip 5	154	5	V35PRr2	https://rubalkhali.science/kb/RAK_6002042	35	Rhizosphere	2	2026-07-19T00:00:00	2026-07-19	accepted	Yes	98	10.06	8.37	8.37		True	True	True	True	True	ADMITTED_MEASUREMENT	True	True	
Trip 5	155	5	V35PRr3	https://rubalkhali.science/kb/RAK_6002043	35	Rhizosphere	3	2026-07-19T00:00:00	2026-07-19	accepted	Yes	98	10.06	8.41	8.41		True	True	True	True	True	ADMITTED_MEASUREMENT	True	True	
Trip 5	156	5	V37Dr1	https://rubalkhali.science/kb/RAK_6002053	37	Deep	1	2026-07-19T00:00:00	2026-07-19	accepted	Yes	98	10.06	8.22	8.22		True	True	True	True	True	ADMITTED_MEASUREMENT	True	True	
Trip 5	157	5	V37PRr2	https://rubalkhali.science/kb/RAK_6002060	37	Rhizosphere	2	2026-07-19T00:00:00	2026-07-19	accepted	Yes	98	10.06	8.03	8.03		True	True	True	True	True	ADMITTED_MEASUREMENT	True	True	
Trip 5	158	5	V37PRr3	https://rubalkhali.science/kb/RAK_6002061	37	Rhizosphere	3	2026-07-19T00:00:00	2026-07-19	accepted	Yes	98	10.06	7.99	7.99		True	True	True	True	True	ADMITTED_MEASUREMENT	True	True	
Trip 5	159	5	V38Sr2	https://rubalkhali.science/kb/RAK_6002066	38	Surface	2	2026-07-19T00:00:00	2026-07-19	accepted	Yes	98	10.06	8.14	8.14		True	True	True	True	True	ADMITTED_MEASUREMENT	True	True	
Trip 5	160	5	V38PRr3	https://rubalkhali.science/kb/RAK_6002070	38	Rhizosphere	3	2026-07-19T00:00:00	2026-07-19	accepted	Yes	98	10.06	8.17	8.17		True	True	True	True	True	ADMITTED_MEASUREMENT	True	True	
Trip 5	161	5	V39Sr2	https://rubalkhali.science/kb/RAK_6002075	39	Surface	2	2026-07-19T00:00:00	2026-07-19	accepted	Yes	98	10.06	8.06	8.06		True	True	True	True	True	ADMITTED_MEASUREMENT	True	True	
Trip 5	162	5	V39Dr1	https://rubalkhali.science/kb/RAK_6002071	39	Deep	1	2026-07-19T00:00:00	2026-07-19	accepted	Yes	98	10.06	8.28	8.28		True	True	True	True	True	ADMITTED_MEASUREMENT	True	True	
Trip 5	163	5	V39Dr3	https://rubalkhali.science/kb/RAK_6002073	39	Deep	3	2026-07-19T00:00:00	2026-07-19	accepted	Yes	98	10.06	8.23	8.23		True	True	True	True	True	ADMITTED_MEASUREMENT	True	True	
Trip 5	164	5	V39PRr1	https://rubalkhali.science/kb/RAK_6002077	39	Rhizosphere	1	2026-07-19T00:00:00	2026-07-19	accepted	Yes	98	10.06	8.18	8.18		True	True	True	True	True	ADMITTED_MEASUREMENT	True	True	
Trip 5	165	5	V39PRr2	https://rubalkhali.science/kb/RAK_6002078	39	Rhizosphere	2	2026-07-19T00:00:00	2026-07-19	accepted	Yes	98	10.06	8.2	8.2		True	True	True	True	True	ADMITTED_MEASUREMENT	True	True	
Trip 5	166	5	V39PRr3	https://rubalkhali.science/kb/RAK_6002079	39	Rhizosphere	3	2026-07-19T00:00:00	2026-07-19	accepted	Yes	98	10.06	8.19	8.19		True	True	True	True	True	ADMITTED_MEASUREMENT	True	True	
Trip 5	167	5	V40Sr3	https://rubalkhali.science/kb/RAK_6002085	40	Surface	3	2026-07-19T00:00:00	2026-07-19	accepted	Yes	98	10.06	7.91	7.91		True	True	True	True	True	ADMITTED_MEASUREMENT	True	True	
Trip 5	168	5	V40Dr1	https://rubalkhali.science/kb/RAK_6002080	40	Deep	1	2026-07-19T00:00:00	2026-07-19	accepted	Yes	98	10.06	7.99	7.99		True	True	True	True	True	ADMITTED_MEASUREMENT	True	True	
Trip 5	169	5	V40PRr1	https://rubalkhali.science/kb/RAK_6002086	40	Rhizosphere	1	2026-07-19T00:00:00	2026-07-19	accepted	Yes	98	10.06	7.89	7.89		True	True	True	True	True	ADMITTED_MEASUREMENT	True	True	
Trip 5	170	5	V40PRr2	https://rubalkhali.science/kb/RAK_6002087	40	Rhizosphere	2	2026-07-19T00:00:00	2026-07-19	accepted	Yes	98	10.06	7.9	7.9		True	True	True	True	True	ADMITTED_MEASUREMENT	True	True	
Trip 5	171	5	V40PRr3	https://rubalkhali.science/kb/RAK_6002088	40	Rhizosphere	3	2026-07-19T00:00:00	2026-07-19	accepted	Yes	98	10.06	7.97	7.97		True	True	True	True	True	ADMITTED_MEASUREMENT	True	True	
Trip 5	172	5	V41Dr3	https://rubalkhali.science/kb/RAK_6002091	41	Deep	3	2026-07-19T00:00:00	2026-07-19	accepted	Yes	98	10.06	7.92	7.92		True	True	True	True	True	ADMITTED_MEASUREMENT	True	True	
Trip 5	173	5	V42Sr2	https://rubalkhali.science/kb/RAK_6002102	42	Surface	2	2026-07-19T00:00:00	2026-07-19	accepted	Yes	98	10.06	7.86	7.86		True	True	True	True	True	ADMITTED_MEASUREMENT	True	True	
Trip 5	174	5	V42PRr2	https://rubalkhali.science/kb/RAK_6002105	42	Rhizosphere	2	2026-07-19T00:00:00	2026-07-19	accepted	Yes	98	10.06	8.13	8.13		True	True	True	True	True	ADMITTED_MEASUREMENT	True	True	
Trip 5	175	5	V43Dr1	https://rubalkhali.science/kb/RAK_6002107	43	Deep	1	2026-07-19T00:00:00	2026-07-19	accepted	Yes	98	10.06	7.9	7.9		True	True	True	True	True	ADMITTED_MEASUREMENT	True	True	
Trip 5	176	5	V43Dr2	https://rubalkhali.science/kb/RAK_6002108	43	Deep	2	2026-07-19T00:00:00	2026-07-19	accepted	Yes	98	10.06	7.85	7.85		True	True	True	True	True	ADMITTED_MEASUREMENT	True	True	
Trip 5	177	5	V43Dr3	https://rubalkhali.science/kb/RAK_6002109	43	Deep	3	2026-07-19T00:00:00	2026-07-19	accepted	Yes	98	10.06	7.87	7.87		True	True	True	True	True	ADMITTED_MEASUREMENT	True	True	
Trip 5	178	5	V43PRr1	https://rubalkhali.science/kb/RAK_6002113	43	Rhizosphere	1	2026-07-19T00:00:00	2026-07-19	accepted	Yes	98	10.06	7.89	7.89		True	True	True	True	True	ADMITTED_MEASUREMENT	True	True	
Trip 5	179	5	V43PRr2	https://rubalkhali.science/kb/RAK_6002114	43	Rhizosphere	2	2026-07-19T00:00:00	2026-07-19	accepted	Yes	98	10.06	7.9	7.9		True	True	True	True	True	ADMITTED_MEASUREMENT	True	True	
Trip 5	180	5	V43PRr3	https://rubalkhali.science/kb/RAK_6002115	43	Rhizosphere	3	2026-07-19T00:00:00	2026-07-19	accepted	Yes	98	10.06	7.93	7.93		True	True	True	True	True	ADMITTED_MEASUREMENT	True	True	
Trip 5	181	5	V44Dr1	https://rubalkhali.science/kb/RAK_6002116	44	Deep	1	2026-07-19T00:00:00	2026-07-19	accepted	Yes	98	10.06	7.83	7.83		True	True	True	True	True	ADMITTED_MEASUREMENT	True	True	
Trip 5	182	5	V44PRr1	https://rubalkhali.science/kb/RAK_6002122	44	Rhizosphere	1	2026-07-19T00:00:00	2026-07-19	accepted	Yes	98	10.06	7.95	7.95		True	True	True	True	True	ADMITTED_MEASUREMENT	True	True	
Trip 5	183	5	V44PRr2	https://rubalkhali.science/kb/RAK_6002123	44	Rhizosphere	2	2026-07-19T00:00:00	2026-07-19	accepted	Yes	98	10.06	7.9	7.9		True	True	True	True	True	ADMITTED_MEASUREMENT	True	True	
Trip 5	184	5	V45Sr3	https://rubalkhali.science/kb/RAK_6002130	45	Surface	3	2026-07-19T00:00:00	2026-07-19	accepted	Yes	98	10.06	8	8		True	True	True	True	True	ADMITTED_MEASUREMENT	True	True	
Trip 5	185	5	V45Dr1	https://rubalkhali.science/kb/RAK_6002125	45	Deep	1	2026-07-19T00:00:00	2026-07-19	accepted	Yes	98	10.06	8.12	8.12		True	True	True	True	True	ADMITTED_MEASUREMENT	True	True	
Trip 5	186	5	V45Dr2	https://rubalkhali.science/kb/RAK_6002126	45	Deep	2	2026-07-19T00:00:00	2026-07-19	accepted	Yes	98	10.06	8.15	8.15		True	True	True	True	True	ADMITTED_MEASUREMENT	True	True	
Trip 5	187	5	V45Dr3	https://rubalkhali.science/kb/RAK_6002127	45	Deep	3	2026-07-19T00:00:00	2026-07-19	accepted	Yes	98	10.06	8.2	8.2		True	True	True	True	True	ADMITTED_MEASUREMENT	True	True	
Trip 5	188	5	V45PRr1	https://rubalkhali.science/kb/RAK_6002131	45	Rhizosphere	1	2026-07-19T00:00:00	2026-07-19	accepted	Yes	98	10.06	7.8	7.8		True	True	True	True	True	ADMITTED_MEASUREMENT	True	True	
Trip 5	189	5	V45PRr2	https://rubalkhali.science/kb/RAK_6002132	45	Rhizosphere	2	2026-07-19T00:00:00	2026-07-19	accepted	Yes	98	10.06	7.89	7.89		True	True	True	True	True	ADMITTED_MEASUREMENT	True	True	
Trip 5	190	5	V45PRr3	https://rubalkhali.science/kb/RAK_6002133	45	Rhizosphere	3	2026-07-19T00:00:00	2026-07-19	accepted	Yes	98	10.06	7.9	7.9		True	True	True	True	True	ADMITTED_MEASUREMENT	True	True	
Trip 5	191	5	V46PRr1	https://rubalkhali.science/kb/RAK_6002140	46	Rhizosphere	1	2026-07-20T00:00:00	2026-07-20	accepted	Yes	97.9	10.07	8.06	8.06		True	True	True	True	True	ADMITTED_MEASUREMENT	True	True	
Trip 5	192	5	V46PRr2	https://rubalkhali.science/kb/RAK_6002141	46	Rhizosphere	2	2026-07-20T00:00:00	2026-07-20	accepted	Yes	97.9	10.07	8.09	8.09		True	True	True	True	True	ADMITTED_MEASUREMENT	True	True	
Trip 5	193	5	V46PRr3	https://rubalkhali.science/kb/RAK_6002142	46	Rhizosphere	3	2026-07-20T00:00:00	2026-07-20	accepted	Yes	97.9	10.07	8.05	8.05		True	True	True	True	True	ADMITTED_MEASUREMENT	True	True	
Trip 5	194	5	V47PRr1	https://rubalkhali.science/kb/RAK_6002149	47	Rhizosphere	1	2026-07-20T00:00:00	2026-07-20	accepted	Yes	97.9	10.07	8.24	8.24		True	True	True	True	True	ADMITTED_MEASUREMENT	True	True	
Trip 5	195	5	V47PRr2	https://rubalkhali.science/kb/RAK_6002150	47	Rhizosphere	2	2026-07-20T00:00:00	2026-07-20	accepted	Yes	97.9	10.07	8.28	8.28		True	True	True	True	True	ADMITTED_MEASUREMENT	True	True	
Trip 5	196	5	V47PRr3	https://rubalkhali.science/kb/RAK_6002151	47	Rhizosphere	3	2026-07-20T00:00:00	2026-07-20	accepted	Yes	97.9	10.07	8.2	8.2		True	True	True	True	True	ADMITTED_MEASUREMENT	True	True	
Trip 5	197	5	V48Dr1	https://rubalkhali.science/kb/RAK_6002152	48	Deep	1	2026-07-20T00:00:00	2026-07-20	accepted	Yes	97.9	10.07	8.4	8.4		True	True	True	True	True	ADMITTED_MEASUREMENT	True	True	
Trip 5	198	5	V48Dr2	https://rubalkhali.science/kb/RAK_6002153	48	Deep	2	2026-07-20T00:00:00	2026-07-20	accepted	Yes	97.9	10.07	8.42	8.42		True	True	True	True	True	ADMITTED_MEASUREMENT	True	True	
Trip 5	199	5	V48Dr3	https://rubalkhali.science/kb/RAK_6002154	48	Deep	3	2026-07-20T00:00:00	2026-07-20	accepted	Yes	97.9	10.07	8.37	8.37		True	True	True	True	True	ADMITTED_MEASUREMENT	True	True	
Trip 5	200	5	V48PRr1	https://rubalkhali.science/kb/RAK_6002158	48	Rhizosphere	1	2026-07-20T00:00:00	2026-07-20	accepted	Yes	97.9	10.07	8.31	8.31		True	True	True	True	True	ADMITTED_MEASUREMENT	True	True	
Trip 5	201	5	V49Dr2	https://rubalkhali.science/kb/RAK_6002162	49	Deep	2	2026-07-20T00:00:00	2026-07-20	accepted	Yes	97.9	10.07	8.45	8.45		True	True	True	True	True	ADMITTED_MEASUREMENT	True	True	
Trip 5	202	5	V50PRr2	https://rubalkhali.science/kb/RAK_6002177	50	Rhizosphere	2	2026-07-20T00:00:00	2026-07-20	accepted	Yes	97.9	10.07	8.26	8.26		True	True	True	True	True	ADMITTED_MEASUREMENT	True	True	
Trip 5	203	5	V51PRr2	https://rubalkhali.science/kb/RAK_6002186	51	Rhizosphere	2	2026-07-20T00:00:00	2026-07-20	accepted	Yes	97.9	10.07	8.32	8.32		True	True	True	True	True	ADMITTED_MEASUREMENT	True	True	
Trip 5	204	5	V51PRr3	https://rubalkhali.science/kb/RAK_6002187	51	Rhizosphere	3	2026-07-20T00:00:00	2026-07-20	accepted	Yes	97.9	10.07	8.28	8.28		True	True	True	True	True	ADMITTED_MEASUREMENT	True	True	
Trip 5	205	5	V53PRr2	https://rubalkhali.science/kb/RAK_6002204	53	Rhizosphere	2	2026-07-20T00:00:00	2026-07-20	accepted	Yes	97.9	10.07	8.23	8.23		True	True	True	True	True	ADMITTED_MEASUREMENT	True	True	
Trip 5	206	5	V54PRr1	https://rubalkhali.science/kb/RAK_6002212	54	Rhizosphere	1	2026-07-20T00:00:00	2026-07-20	accepted	Yes	97.9	10.07	8.43	8.43		True	True	True	True	True	ADMITTED_MEASUREMENT	True	True	
Trip 5	207	5	V54PRr2	https://rubalkhali.science/kb/RAK_6002213	54	Rhizosphere	2	2026-07-20T00:00:00	2026-07-20	accepted	Yes	97.9	10.07	8.41	8.41		True	True	True	True	True	ADMITTED_MEASUREMENT	True	True	
Trip 5	208	5	V54PRr3	https://rubalkhali.science/kb/RAK_6002214	54	Rhizosphere	3	2026-07-20T00:00:00	2026-07-20	accepted	Yes	97.9	10.07	8.38	8.38		True	True	True	True	True	ADMITTED_MEASUREMENT	True	True	
Trip 5	209	5	V55Sr2	https://rubalkhali.science/kb/RAK_6002219	55	Surface	2	2026-07-20T00:00:00	2026-07-20	accepted	Yes	97.9	10.07	8.45	8.45		True	True	True	True	True	ADMITTED_MEASUREMENT	True	True	
Trip 5	210	5	V55Sr3	https://rubalkhali.science/kb/RAK_6002220	55	Surface	3	2026-07-20T00:00:00	2026-07-20	accepted	Yes	97.9	10.07	8.4	8.4		True	True	True	True	True	ADMITTED_MEASUREMENT	True	True	
Trip 5	211	5	V55Dr1	https://rubalkhali.science/kb/RAK_6002215	55	Deep	1	2026-07-20T00:00:00	2026-07-20	accepted	Yes	97.9	10.07	8.43	8.43		True	True	True	True	True	ADMITTED_MEASUREMENT	True	True	
Trip 5	212	5	V55PRr1	https://rubalkhali.science/kb/RAK_6002221	55	Rhizosphere	1	2026-07-20T00:00:00	2026-07-20	accepted	Yes	97.9	10.07	8.48	8.48		True	True	True	True	True	ADMITTED_MEASUREMENT	True	True	
Trip 5	213	5	V55PRr2	https://rubalkhali.science/kb/RAK_6002222	55	Rhizosphere	2	2026-07-20T00:00:00	2026-07-20	accepted	Yes	97.9	10.07	8.44	8.44		True	True	True	True	True	ADMITTED_MEASUREMENT	True	True	
Trip 5	214	5	V55PRr3	https://rubalkhali.science/kb/RAK_6002223	55	Rhizosphere	3	2026-07-20T00:00:00	2026-07-20	accepted	Yes	97.9	10.07	8.39	8.39		True	True	True	True	True	ADMITTED_MEASUREMENT	True	True	
Trip 5	215	5	V57PRr2	https://rubalkhali.science/kb/RAK_6002240	57	Rhizosphere	2	2026-07-20T00:00:00	2026-07-20	accepted	Yes	97.9	10.07	8.03	8.03		True	True	True	True	True	ADMITTED_MEASUREMENT	True	True	
Trip 5	216	5	V57PRr3	https://rubalkhali.science/kb/RAK_6002241	57	Rhizosphere	3	2026-07-20T00:00:00	2026-07-20	accepted	Yes	97.9	10.07	8.05	8.05		True	True	True	True	True	ADMITTED_MEASUREMENT	True	True	
Trip 5	217	5	V58PRr1	https://rubalkhali.science/kb/RAK_6002248	58	Rhizosphere	1	2026-07-20T00:00:00	2026-07-20	accepted	Yes	97.9	10.07	8.33	8.33		True	True	True	True	True	ADMITTED_MEASUREMENT	True	True	
Trip 5	218	5	V58PRr2	https://rubalkhali.science/kb/RAK_6002249	58	Rhizosphere	2	2026-07-20T00:00:00	2026-07-20	accepted	Yes	97.9	10.07	8.29	8.29		True	True	True	True	True	ADMITTED_MEASUREMENT	True	True	
Trip 5	219	5	V58PRr3	https://rubalkhali.science/kb/RAK_6002250	58	Rhizosphere	3	2026-07-20T00:00:00	2026-07-20	accepted	Yes	97.9	10.07	8.35	8.35		True	True	True	True	True	ADMITTED_MEASUREMENT	True	True	
Trip 5	220	5	V60PRr1	https://rubalkhali.science/kb/RAK_6002266	60	Rhizosphere	1	2026-07-20T00:00:00	2026-07-20	accepted	Yes	97.9	10.07	8.26	8.26		True	True	True	True	True	ADMITTED_MEASUREMENT	True	True	
Trip 5	221	5	V60PRr2	https://rubalkhali.science/kb/RAK_6002267	60	Rhizosphere	2	2026-07-20T00:00:00	2026-07-20	accepted	Yes	97.9	10.07	8.24	8.24		True	True	True	True	True	ADMITTED_MEASUREMENT	True	True	
