source_sheet	source_row	trip	sample_id	specimen_iri	site	compartment	replicate	measurement_date_raw	measurement_date	date_status	calibration_recorded	slope_percent	ph10_check	ph_value_raw	ph_value	notes	metadata_match	calibration_pass	slope_pass	ph10_check_pass	value_range_pass	disposition	ecology_eligible	kg_eligible	reason_codes	alpha_trip	alpha_site	alpha_compartment	shannon	sequencing_depth	n_profiles
Trip 1	2	1	1Sr1	https://rubalkhali.science/kb/RAK_6000004	1	Surface	1	2026-07-21T00:00:00	2026-07-21	accepted	Yes	97.4	10.06	7.99	7.99		True	True	True	True	True	ADMITTED_MEASUREMENT	True	True		1	1	Surface	6.278563061630953	466832.0	1
Trip 1	3	1	1Sr2	https://rubalkhali.science/kb/RAK_6000005	1	Surface	2	2026-07-21T00:00:00	2026-07-21	accepted	Yes	97.4	10.06	8.0	8.0		True	True	True	True	True	ADMITTED_MEASUREMENT	True	True		1	1	Surface	5.866764641138717	79374.0	1
Trip 1	4	1	1Sr3	https://rubalkhali.science/kb/RAK_6000006	1	Surface	3	2026-07-21T00:00:00	2026-07-21	accepted	Yes	97.4	10.06	7.98	7.98		True	True	True	True	True	ADMITTED_MEASUREMENT	True	True		1	1	Surface	6.356868364296517	448797.0	1
Trip 1	5	1	1Dr1	https://rubalkhali.science/kb/RAK_6000001	1	Deep	1	2026-07-21T00:00:00	2026-07-21	accepted	Yes	97.4	10.06	8.0	8.0		True	True	True	True	True	ADMITTED_MEASUREMENT	True	True		1	1	Deep	6.669304419200758	80130.0	1
Trip 1	6	1	1Dr2	https://rubalkhali.science/kb/RAK_6000002	1	Deep	2	2026-07-21T00:00:00	2026-07-21	accepted	Yes	97.4	10.06	7.99	7.99		True	True	True	True	True	ADMITTED_MEASUREMENT	True	True		1	1	Deep	6.642350414136711	127644.0	1
Trip 1	9	1	1PRr3	https://rubalkhali.science/kb/RAK_6000009	1	Rhizosphere	3	2026-07-21T00:00:00	2026-07-21	accepted	Yes	97.4	10.06	7.95	7.95		True	True	True	True	True	ADMITTED_MEASUREMENT	True	True		1	1	Rhizosphere	6.715934327655664	186884.0	1
Trip 1	10	1	2Sr1	https://rubalkhali.science/kb/RAK_6000013	2	Surface	1	2026-07-22T00:00:00	2026-07-22	accepted	Yes	96.1	10.06	8.15	8.15		True	True	True	True	True	ADMITTED_MEASUREMENT	True	True		1	2	Surface	5.474749176568929	18569.0	1
Trip 1	13	1	2Dr2	https://rubalkhali.science/kb/RAK_6000011	2	Deep	2	2026-07-22T00:00:00	2026-07-22	accepted	Yes	96.1	10.06	8.07	8.07		True	True	True	True	True	ADMITTED_MEASUREMENT	True	True		1	2	Deep	5.781290608805656	20729.0	1
Trip 1	16	1	2PRr2	https://rubalkhali.science/kb/RAK_6000017	2	Rhizosphere	2	2026-07-22T00:00:00	2026-07-22	accepted	Yes	96.1	10.06	7.9	7.9		True	True	True	True	True	ADMITTED_MEASUREMENT	True	True		1	2	Rhizosphere	6.034870259113963	227586.0	1
Trip 1	17	1	3Sr1	https://rubalkhali.science/kb/RAK_6000022	3	Surface	1	2026-07-22T00:00:00	2026-07-22	accepted	Yes	96.1	10.06	7.84	7.84		True	True	True	True	True	ADMITTED_MEASUREMENT	True	True		1	3	Surface	6.417511801421415	68097.0	1
Trip 1	19	1	3Dr2	https://rubalkhali.science/kb/RAK_6000020	3	Deep	2	2026-07-22T00:00:00	2026-07-22	accepted	Yes	96.1	10.06	7.77	7.77		True	True	True	True	True	ADMITTED_MEASUREMENT	True	True		1	3	Deep	7.401163248654631	569675.0	1
Trip 1	21	1	3PRr1	https://rubalkhali.science/kb/RAK_6000025	3	Rhizosphere	1	2026-07-22T00:00:00	2026-07-22	accepted	Yes	96.1	10.06	7.65	7.65		True	True	True	True	True	ADMITTED_MEASUREMENT	True	True		1	3	Rhizosphere	6.38308220002177	295697.0	1
Trip 1	24	1	4Sr1	https://rubalkhali.science/kb/RAK_6000031	4	Surface	1	2026-07-22T00:00:00	2026-07-22	accepted	Yes	96.1	10.06	8.02	8.02		True	True	True	True	True	ADMITTED_MEASUREMENT	True	True		1	4	Surface	6.332888782654392	641748.0	1
Trip 1	25	1	4Dr1	https://rubalkhali.science/kb/RAK_6000028	4	Deep	1	2026-07-22T00:00:00	2026-07-22	accepted	Yes	96.1	10.06	7.97	7.97		True	True	True	True	True	ADMITTED_MEASUREMENT	True	True		1	4	Deep	5.290081596005005	12168.0	1
Trip 1	28	1	4PRr1	https://rubalkhali.science/kb/RAK_6000034	4	Rhizosphere	1	2026-07-22T00:00:00	2026-07-22	accepted	Yes	96.1	10.06	7.93	7.93		True	True	True	True	True	ADMITTED_MEASUREMENT	True	True		1	4	Rhizosphere	6.003990519698318	961183.0	1
Trip 1	31	1	5Sr1	https://rubalkhali.science/kb/RAK_6000040	5	Surface	1	2026-07-22T00:00:00	2026-07-22	accepted	Yes	96.1	10.06	8.03	8.03		True	True	True	True	True	ADMITTED_MEASUREMENT	True	True		1	5	Surface	5.725087157253492	244857.0	1
Trip 1	34	1	5Dr1	https://rubalkhali.science/kb/RAK_6000037	5	Deep	1	2026-07-22T00:00:00	2026-07-22	accepted	Yes	96.1	10.06	7.99	7.99		True	True	True	True	True	ADMITTED_MEASUREMENT	True	True		1	5	Deep	6.294755274737854	156969.0	1
Trip 1	36	1	6Sr1	https://rubalkhali.science/kb/RAK_6000049	6	Surface	1	2026-07-22T00:00:00	2026-07-22	accepted	Yes	96.1	10.06	7.96	7.96		True	True	True	True	True	ADMITTED_MEASUREMENT	True	True		1	6	Surface	5.911475454407379	53354.0	1
Trip 1	38	1	6Dr1	https://rubalkhali.science/kb/RAK_6000046	6	Deep	1	2026-07-22T00:00:00	2026-07-22	accepted	Yes	96.1	10.06	7.93	7.93		True	True	True	True	True	ADMITTED_MEASUREMENT	True	True		1	6	Deep	7.217200723625958	963407.0	1
Trip 1	40	1	6PRr1	https://rubalkhali.science/kb/RAK_6000052	6	Rhizosphere	1	2026-07-22T00:00:00	2026-07-22	accepted	Yes	96.1	10.06	7.88	7.88		True	True	True	True	True	ADMITTED_MEASUREMENT	True	True		1	6	Rhizosphere	4.960751909945537	16591.0	1
Trip 1	43	1	7Sr2	https://rubalkhali.science/kb/RAK_6000059	7	Surface	2	2026-07-22T00:00:00	2026-07-22	accepted	Yes	96.1	10.06	8.04	8.04		True	True	True	True	True	ADMITTED_MEASUREMENT	True	True		1	7	Surface	4.005569337181843	53896.0	1
Trip 1	45	1	7Dr2	https://rubalkhali.science/kb/RAK_6000056	7	Deep	2	2026-07-22T00:00:00	2026-07-22	accepted	Yes	96.1	10.06	7.95	7.95		True	True	True	True	True	ADMITTED_MEASUREMENT	True	True		1	7	Deep	6.873276871173924	470585.0	1
Trip 1	46	1	7PRr2	https://rubalkhali.science/kb/RAK_6000062	7	Rhizosphere	2	2026-07-22T00:00:00	2026-07-22	accepted	Yes	96.1	10.06	7.7	7.7		True	True	True	True	True	ADMITTED_MEASUREMENT	True	True		1	7	Rhizosphere	5.307778352015222	14554.0	1
Trip 1	47	1	8Sr2	https://rubalkhali.science/kb/RAK_6000068	8	Surface	2	2026-07-21T00:00:00	2026-07-21	accepted	Yes	97.4	10.06	7.4	7.4		True	True	True	True	True	ADMITTED_MEASUREMENT	True	True		1	8	Surface	6.687904028962447	166155.0	1
Trip 1	48	1	8Sr3	https://rubalkhali.science/kb/RAK_6000069	8	Surface	3	2026-07-21T00:00:00	2026-07-21	accepted	Yes	97.4	10.06	7.39	7.39		True	True	True	True	True	ADMITTED_MEASUREMENT	True	True		1	8	Surface	5.5203769155703375	31544.0	1
Trip 1	49	1	8PRr1	https://rubalkhali.science/kb/RAK_6000070	8	Rhizosphere	1	2026-07-21T00:00:00	2026-07-21	accepted	Yes	97.4	10.06	7.71	7.71		True	True	True	True	True	ADMITTED_MEASUREMENT	True	True		1	8	Rhizosphere	5.242408579901044	9811.0	1
Trip 1	50	1	8PRr2	https://rubalkhali.science/kb/RAK_6000071	8	Rhizosphere	2	2026-07-21T00:00:00	2026-07-21	accepted	Yes	97.4	10.06	7.77	7.77		True	True	True	True	True	ADMITTED_MEASUREMENT	True	True		1	8	Rhizosphere	5.724320389560811	336935.0	1
Trip 1	51	1	8PRr3	https://rubalkhali.science/kb/RAK_6000072	8	Rhizosphere	3	2026-07-21T00:00:00	2026-07-21	accepted	Yes	97.4	10.06	7.69	7.69		True	True	True	True	True	ADMITTED_MEASUREMENT	True	True		1	8	Rhizosphere	6.54870123166638	416315.0	1
Trip 1	52	1	9Sr1	https://rubalkhali.science/kb/RAK_6000076	9	Surface	1	2026-07-22T00:00:00	2026-07-22	accepted	Yes	96.1	10.06	8.09	8.09		True	True	True	True	True	ADMITTED_MEASUREMENT	True	True		1	9	Surface	6.314880398953704	366332.0	1
Trip 1	55	1	9Dr1	https://rubalkhali.science/kb/RAK_6000073	9	Deep	1	2026-07-22T00:00:00	2026-07-22	accepted	Yes	96.1	10.06	7.97	7.97		True	True	True	True	True	ADMITTED_MEASUREMENT	True	True		1	9	Deep	6.561909712696564	318005.0	1
Trip 1	57	1	9PRr2	https://rubalkhali.science/kb/RAK_6000080	9	Rhizosphere	2	2026-07-22T00:00:00	2026-07-22	accepted	Yes	96.1	10.06	7.9	7.9		True	True	True	True	True	ADMITTED_MEASUREMENT	True	True		1	9	Rhizosphere	5.799661496283749	462436.0	1
Trip 1	59	1	10Sr2	https://rubalkhali.science/kb/RAK_6000086	10	Surface	2	2026-07-22T00:00:00	2026-07-22	accepted	Yes	96.1	10.06	8.01	8.01		True	True	True	True	True	ADMITTED_MEASUREMENT	True	True		1	10	Surface	6.830716177023331	1634081.0	1
Trip 1	61	1	10Dr2	https://rubalkhali.science/kb/RAK_6000083	10	Deep	2	2026-07-22T00:00:00	2026-07-22	accepted	Yes	96.1	10.06	7.7	7.7		True	True	True	True	True	ADMITTED_MEASUREMENT	True	True		1	10	Deep	6.659232384545959	503679.0	1
Trip 1	62	1	10PRr2	https://rubalkhali.science/kb/RAK_6000089	10	Rhizosphere	2	2026-07-22T00:00:00	2026-07-22	accepted	Yes	96.1	10.06	8.02	8.02		True	True	True	True	True	ADMITTED_MEASUREMENT	True	True		1	10	Rhizosphere	5.869525257032846	234734.0	1
Trip 1	64	1	11Sr2	https://rubalkhali.science/kb/RAK_6000095	11	Surface	2	2026-07-22T00:00:00	2026-07-22	accepted	Yes	96.1	10.06	8.12	8.12		True	True	True	True	True	ADMITTED_MEASUREMENT	True	True		1	11	Surface	5.678883274313884	125604.0	1
Trip 1	65	1	11Dr1	https://rubalkhali.science/kb/RAK_6000091	11	Deep	1	2026-07-22T00:00:00	2026-07-22	accepted	Yes	96.1	10.06	8.13	8.13		True	True	True	True	True	ADMITTED_MEASUREMENT	True	True		1	11	Deep	5.938083780496115	487056.0	1
Trip 1	69	1	11PRr3	https://rubalkhali.science/kb/RAK_6000099	11	Rhizosphere	3	2026-07-22T00:00:00	2026-07-22	accepted	Yes	96.1	10.07	8.01	8.01		True	True	True	True	True	ADMITTED_MEASUREMENT	True	True		1	11	Rhizosphere	5.945018617411077	847369.0	1
Trip 1	77	1	13Sr2	https://rubalkhali.science/kb/RAK_6000113	13	Surface	2	2026-07-22T00:00:00	2026-07-22	accepted	Yes	96.1	10.07	8.02	8.02		True	True	True	True	True	ADMITTED_MEASUREMENT	True	True		1	13	Surface	5.654056548523213	357173.0	1
Trip 1	78	1	13Dr1	https://rubalkhali.science/kb/RAK_6000109	13	Deep	1	2026-07-22T00:00:00	2026-07-22	accepted	Yes	96.1	10.07	8.03	8.03		True	True	True	True	True	ADMITTED_MEASUREMENT	True	True		1	13	Deep	6.9528277174114095	473455.0	1
Trip 1	86	1	15Sr1	https://rubalkhali.science/kb/RAK_6000130	15	Surface	1	2026-07-22T00:00:00	2026-07-22	accepted	Yes	96.1	10.07	7.97	7.97		True	True	True	True	True	ADMITTED_MEASUREMENT	True	True		1	15	Surface	6.42089305484757	900509.0	1
Trip 1	88	1	15Dr1	https://rubalkhali.science/kb/RAK_6000127	15	Deep	1	2026-07-22T00:00:00	2026-07-22	accepted	Yes	96.1	10.07	7.93	7.93		True	True	True	True	True	ADMITTED_MEASUREMENT	True	True		1	15	Deep	7.228124542544702	943660.0	1
Trip 1	91	1	15PRr2	https://rubalkhali.science/kb/RAK_6000134	15	Rhizosphere	2	2026-07-22T00:00:00	2026-07-22	accepted	Yes	96.1	10.07	7.8	7.8		True	True	True	True	True	ADMITTED_MEASUREMENT	True	True		1	15	Rhizosphere	5.897749197947201	909284.0	1
Trip 1	93	1	16Sr1	https://rubalkhali.science/kb/RAK_6000139	16	Surface	1	2026-07-22T00:00:00	2026-07-22	accepted	Yes	96.1	10.07	7.88	7.88		True	True	True	True	True	ADMITTED_MEASUREMENT	True	True		1	16	Surface	4.805189136725123	214146.0	1
Trip 1	94	1	16Dr1	https://rubalkhali.science/kb/RAK_6000136	16	Deep	1	2026-07-22T00:00:00	2026-07-22	accepted	Yes	96.1	10.07	7.91	7.91		True	True	True	True	True	ADMITTED_MEASUREMENT	True	True		1	16	Deep	6.438471986347724	416803.0	1
Trip 1	96	1	16PRr1	https://rubalkhali.science/kb/RAK_6000142	16	Rhizosphere	1	2026-07-22T00:00:00	2026-07-22	accepted	Yes	96.1	10.07	7.8	7.8		True	True	True	True	True	ADMITTED_MEASUREMENT	True	True		1	16	Rhizosphere	4.947956730318936	16917.0	1
Trip 1	99	1	17Sr1	https://rubalkhali.science/kb/RAK_6000148	17	Surface	1	2026-07-22T00:00:00	2026-07-22	accepted	Yes	96.1	10.07	8.01	8.01		True	True	True	True	True	ADMITTED_MEASUREMENT	True	True		1	17	Surface	5.480153064178926	23551.0	1
Trip 1	102	1	17Dr1	https://rubalkhali.science/kb/RAK_6000145	17	Deep	1	2026-07-22T00:00:00	2026-07-22	accepted	Yes	96.1	10.07	7.99	7.99		True	True	True	True	True	ADMITTED_MEASUREMENT	True	True		1	17	Deep	6.679286079105272	133041.0	1
Trip 1	105	1	17PRr2	https://rubalkhali.science/kb/RAK_6000152	17	Rhizosphere	2	2026-07-22T00:00:00	2026-07-22	accepted	Yes	96.1	10.07	7.7	7.7		True	True	True	True	True	ADMITTED_MEASUREMENT	True	True		1	17	Rhizosphere	4.991549885889936	218408.0	1
Trip 1	107	1	18Sr1	https://rubalkhali.science/kb/RAK_6000157	18	Surface	1	2026-07-21T00:00:00	2026-07-21	accepted	Yes	97.4	10.06	7.82	7.82		True	True	True	True	True	ADMITTED_MEASUREMENT	True	True		1	18	Surface	5.204226073093584	41294.0	1
Trip 1	108	1	18Sr2	https://rubalkhali.science/kb/RAK_6000158	18	Surface	2	2026-07-21T00:00:00	2026-07-21	accepted	Yes	97.4	10.06	7.93	7.93		True	True	True	True	True	ADMITTED_MEASUREMENT	True	True		1	18	Surface	5.286214098946733	188918.0	1
Trip 1	109	1	18Dr2	https://rubalkhali.science/kb/RAK_6000155	18	Deep	2	2026-07-21T00:00:00	2026-07-21	accepted	Yes	97.4	10.06	7.61	7.61		True	True	True	True	True	ADMITTED_MEASUREMENT	True	True		1	18	Deep	5.753251893919978	299805.0	1
Trip 1	111	1	18PRr2	https://rubalkhali.science/kb/RAK_6000161	18	Rhizosphere	2	2026-07-21T00:00:00	2026-07-21	accepted	Yes	97.4	10.06	7.91	7.91		True	True	True	True	True	ADMITTED_MEASUREMENT	True	True		1	18	Rhizosphere	3.421212613317964	554215.0	1
Trip 1	112	1	19Sr1	https://rubalkhali.science/kb/RAK_6000166	19	Surface	1	2026-07-22T00:00:00	2026-07-22	accepted	Yes	96.1	10.07	7.78	7.78		True	True	True	True	True	ADMITTED_MEASUREMENT	True	True		1	19	Surface	4.4410162925589045	416258.0	1
Trip 1	114	1	19Dr2	https://rubalkhali.science/kb/RAK_6000164	19	Deep	2	2026-07-22T00:00:00	2026-07-22	accepted	Yes	96.1	10.07	7.7	7.7		True	True	True	True	True	ADMITTED_MEASUREMENT	True	True		1	19	Deep	6.134222166334685	141570.0	1
Trip 1	116	1	20Sr1	https://rubalkhali.science/kb/RAK_6000175	20	Surface	1	2026-07-22T00:00:00	2026-07-22	accepted	Yes	96.1	10.07	7.81	7.81		True	True	True	True	True	ADMITTED_MEASUREMENT	True	True		1	20	Surface	4.026017136604109	395135.0	1
Trip 1	118	1	20Dr1	https://rubalkhali.science/kb/RAK_6000172	20	Deep	1	2026-07-22T00:00:00	2026-07-22	accepted	Yes	96.1	10.07	7.79	7.79		True	True	True	True	True	ADMITTED_MEASUREMENT	True	True		1	20	Deep	5.812305908854338	594658.0	1
Trip 1	126	1	22Sr1	https://rubalkhali.science/kb/RAK_6000193	22	Surface	1	2026-07-21T00:00:00	2026-07-21	accepted	Yes	97.4	10.06	7.98	7.98		True	True	True	True	True	ADMITTED_MEASUREMENT	True	True		1	22	Surface	5.5656093081725455	32727.0	1
Trip 1	127	1	22Sr3	https://rubalkhali.science/kb/RAK_6000195	22	Surface	3	2026-07-21T00:00:00	2026-07-21	accepted	Yes	97.4	10.06	7.91	7.91		True	True	True	True	True	ADMITTED_MEASUREMENT	True	True		1	22	Surface	5.796732522604136	301456.0	1
Trip 1	128	1	22Dr1	https://rubalkhali.science/kb/RAK_6000190	22	Deep	1	2026-07-21T00:00:00	2026-07-21	accepted	Yes	97.4	10.06	7.99	7.99		True	True	True	True	True	ADMITTED_MEASUREMENT	True	True		1	22	Deep	6.156266454728585	520766.0	1
Trip 1	129	1	22Dr2	https://rubalkhali.science/kb/RAK_6000191	22	Deep	2	2026-07-21T00:00:00	2026-07-21	accepted	Yes	97.4	10.06	7.96	7.96		True	True	True	True	True	ADMITTED_MEASUREMENT	True	True		1	22	Deep	6.4713252976341575	645847.0	1
Trip 1	132	1	22PRr3	https://rubalkhali.science/kb/RAK_6000198	22	Rhizosphere	3	2026-07-21T00:00:00	2026-07-21	accepted	Yes	97.4	10.06	7.97	7.97		True	True	True	True	True	ADMITTED_MEASUREMENT	True	True		1	22	Rhizosphere	5.638642377512771	473079.0	1
Trip 1	134	1	23Sr2	https://rubalkhali.science/kb/RAK_6000203	23	Surface	2	2026-07-23T00:00:00	2026-07-23	accepted	Yes	98.1	10.04	7.96	7.96		True	True	True	True	True	ADMITTED_MEASUREMENT	True	True		1	23	Surface	5.210711758903411	621961.0	1
Trip 1	136	1	23Dr1	https://rubalkhali.science/kb/RAK_6000199	23	Deep	1	2026-07-23T00:00:00	2026-07-23	accepted	Yes	98.1	10.04	8.03	8.03		True	True	True	True	True	ADMITTED_MEASUREMENT	True	True		1	23	Deep	6.06905356310698	221753.0	1
Trip 1	138	1	23PRr1	https://rubalkhali.science/kb/RAK_6000205	23	Rhizosphere	1	2026-07-23T00:00:00	2026-07-23	accepted	Yes	98.1	10.04	7.8	7.8		True	True	True	True	True	ADMITTED_MEASUREMENT	True	True		1	23	Rhizosphere	4.854156371080063	55872.0	1
Trip 1	141	1	24Sr1	https://rubalkhali.science/kb/RAK_6000211	24	Surface	1	2026-07-23T00:00:00	2026-07-23	accepted	Yes	98.1	10.04	7.79	7.79		True	True	True	True	True	ADMITTED_MEASUREMENT	True	True		1	24	Surface	5.837575453420429	55712.0	1
Trip 1	144	1	24Dr2	https://rubalkhali.science/kb/RAK_6000209	24	Deep	2	2026-07-23T00:00:00	2026-07-23	accepted	Yes	98.1	10.04	8.02	8.02		True	True	True	True	True	ADMITTED_MEASUREMENT	True	True		1	24	Deep	6.229304455537572	510802.0	1
Trip 1	146	1	25Sr1	https://rubalkhali.science/kb/RAK_6000220	25	Surface	1	2026-07-23T00:00:00	2026-07-23	accepted	Yes	98.1	10.04	7.99	7.99		True	True	True	True	True	ADMITTED_MEASUREMENT	True	True		1	25	Surface	6.153406882640771	376969.0	1
Trip 1	149	1	25Dr3	https://rubalkhali.science/kb/RAK_6000219	25	Deep	3	2026-07-23T00:00:00	2026-07-23	accepted	Yes	98.1	10.04	7.89	7.89		True	True	True	True	True	ADMITTED_MEASUREMENT	True	True		1	25	Deep	6.440835870975157	499676.0	1
Trip 1	150	1	25PRr2	https://rubalkhali.science/kb/RAK_6000224	25	Rhizosphere	2	2026-07-23T00:00:00	2026-07-23	accepted	Yes	98.1	10.04	7.73	7.73		True	True	True	True	True	ADMITTED_MEASUREMENT	True	True		1	25	Rhizosphere	5.265009395124739	375595.0	1
Trip 1	159	1	27Sr2	https://rubalkhali.science/kb/RAK_6000239	27	Surface	2	2026-07-23T00:00:00	2026-07-23	accepted	Yes	98.1	10.04	7.92	7.92		True	True	True	True	True	ADMITTED_MEASUREMENT	True	True		1	27	Surface	5.687635339799874	630451.0	1
Trip 1	161	1	27Dr1	https://rubalkhali.science/kb/RAK_6000235	27	Deep	1	2026-07-23T00:00:00	2026-07-23	accepted	Yes	98.1	10.04	7.89	7.89		True	True	True	True	True	ADMITTED_MEASUREMENT	True	True		1	27	Deep	7.000027120475883	740948.0	1
Trip 1	165	1	27PRr2	https://rubalkhali.science/kb/RAK_6000242	27	Rhizosphere	2	2026-07-23T00:00:00	2026-07-23	accepted	Yes	98.1	10.04	7.29	7.29		True	True	True	True	True	ADMITTED_MEASUREMENT	True	True		1	27	Rhizosphere	5.249714056183764	443610.0	1
Trip 1	167	1	28Sr2	https://rubalkhali.science/kb/RAK_6000248	28	Surface	2	2026-07-23T00:00:00	2026-07-23	accepted	Yes	98.1	10.04	8.0	8.0		True	True	True	True	True	ADMITTED_MEASUREMENT	True	True		1	28	Surface	5.724465452900271	514475.0	1
Trip 1	169	1	28Dr1	https://rubalkhali.science/kb/RAK_6000244	28	Deep	1	2026-07-23T00:00:00	2026-07-23	accepted	Yes	98.1	10.04	7.98	7.98		True	True	True	True	True	ADMITTED_MEASUREMENT	True	True		1	28	Deep	6.348689604596271	258543.0	1
Trip 1	172	1	28PRr3	https://rubalkhali.science/kb/RAK_6000252	28	Rhizosphere	3	2026-07-23T00:00:00	2026-07-23	accepted	Yes	98.1	10.04	8.01	8.01		True	True	True	True	True	ADMITTED_MEASUREMENT	True	True		1	28	Rhizosphere	6.281413260910348	495049.0	1
Trip 1	173	1	29Sr1	https://rubalkhali.science/kb/RAK_6000256	29	Surface	1	2026-07-23T00:00:00	2026-07-23	accepted	Yes	98.1	10.04	7.78	7.78		True	True	True	True	True	ADMITTED_MEASUREMENT	True	True		1	29	Surface	5.753093155066934	421606.0	1
Trip 1	176	1	29Dr2	https://rubalkhali.science/kb/RAK_6000254	29	Deep	2	2026-07-23T00:00:00	2026-07-23	accepted	Yes	98.1	10.04	8.03	8.03		True	True	True	True	True	ADMITTED_MEASUREMENT	True	True		1	29	Deep	6.390687316553075	572404.0	1
Trip 1	180	1	29PRr3	https://rubalkhali.science/kb/RAK_6000261	29	Rhizosphere	3	2026-07-23T00:00:00	2026-07-23	accepted	Yes	98.1	10.04	7.94	7.94		True	True	True	True	True	ADMITTED_MEASUREMENT	True	True		1	29	Rhizosphere	6.329028100820555	174179.0	1
Trip 1	183	1	30Sr3	https://rubalkhali.science/kb/RAK_6000267	30	Surface	3	2026-07-23T00:00:00	2026-07-23	accepted	Yes	98.1	10.04	7.93	7.93		True	True	True	True	True	ADMITTED_MEASUREMENT	True	True		1	30	Surface	5.911531066006062	448049.0	1
Trip 1	184	1	30Dr1	https://rubalkhali.science/kb/RAK_6000262	30	Deep	1	2026-07-23T00:00:00	2026-07-23	accepted	Yes	98.1	10.04	8.1	8.1		True	True	True	True	True	ADMITTED_MEASUREMENT	True	True		1	30	Deep	6.172157290523014	139558.0	1
Trip 1	185	1	30PRr1	https://rubalkhali.science/kb/RAK_6000268	30	Rhizosphere	1	2026-07-23T00:00:00	2026-07-23	accepted	Yes	98.1	10.04	8.04	8.04		True	True	True	True	True	ADMITTED_MEASUREMENT	True	True		1	30	Rhizosphere	6.5415625135095405	880174.0	1
Trip 1	187	1	31Sr2	https://rubalkhali.science/kb/RAK_6000275	31	Surface	2	2026-07-23T00:00:00	2026-07-23	accepted	Yes	98.1	10.04	8.16	8.16		True	True	True	True	True	ADMITTED_MEASUREMENT	True	True		1	31	Surface	6.255046846646303	489913.0	1
Trip 1	189	1	31Dr2	https://rubalkhali.science/kb/RAK_6000272	31	Deep	2	2026-07-23T00:00:00	2026-07-23	accepted	Yes	98.1	10.06	8.27	8.27		True	True	True	True	True	ADMITTED_MEASUREMENT	True	True		1	31	Deep	6.0195819534267	462115.0	1
Trip 1	190	1	31PRr2	https://rubalkhali.science/kb/RAK_6000278	31	Rhizosphere	2	2026-07-23T00:00:00	2026-07-23	accepted	Yes	98.1	10.06	8.0	8.0		True	True	True	True	True	ADMITTED_MEASUREMENT	True	True		1	31	Rhizosphere	4.750769274962029	300114.0	1
Trip 1	195	1	32PRr3	https://rubalkhali.science/kb/RAK_6000288	32	Rhizosphere	3	2026-07-23T00:00:00	2026-07-23	accepted	Yes	98.1	10.06	8.04	8.04		True	True	True	True	True	ADMITTED_MEASUREMENT	True	True		1	32	Rhizosphere	5.795138750109911	156644.0	1
Trip 1	197	1	33Sr2	https://rubalkhali.science/kb/RAK_6000293	33	Surface	2	2026-07-23T00:00:00	2026-07-23	accepted	Yes	98.1	10.06	8.08	8.08		True	True	True	True	True	ADMITTED_MEASUREMENT	True	True		1	33	Surface	6.114771200056611	271531.0	1
Trip 1	198	1	33Dr1	https://rubalkhali.science/kb/RAK_6000289	33	Deep	1	2026-07-23T00:00:00	2026-07-23	accepted	Yes	98.1	10.06	7.9	7.9		True	True	True	True	True	ADMITTED_MEASUREMENT	True	True		1	33	Deep	5.984028233640966	523517.0	1
Trip 1	202	1	33PRr2	https://rubalkhali.science/kb/RAK_6000296	33	Rhizosphere	2	2026-07-23T00:00:00	2026-07-23	accepted	Yes	98.1	10.06	7.7	7.7		True	True	True	True	True	ADMITTED_MEASUREMENT	True	True		1	33	Rhizosphere	5.239384936633843	396883.0	1
Trip 1	204	1	34Sr3	https://rubalkhali.science/kb/RAK_6000303	34	Surface	3	2026-07-23T00:00:00	2026-07-23	accepted	Yes	98.1	10.06	7.87	7.87		True	True	True	True	True	ADMITTED_MEASUREMENT	True	True		1	34	Surface	6.389289360104938	830488.0	1
Trip 1	206	1	34Dr3	https://rubalkhali.science/kb/RAK_6000300	34	Deep	3	2026-07-23T00:00:00	2026-07-23	accepted	Yes	98.1	10.06	7.81	7.81		True	True	True	True	True	ADMITTED_MEASUREMENT	True	True		1	34	Deep	5.353876026384497	431609.0	1
Trip 1	207	1	34PRr1	https://rubalkhali.science/kb/RAK_6000304	34	Rhizosphere	1	2026-07-23T00:00:00	2026-07-23	accepted	Yes	98.1	10.06	7.8	7.8		True	True	True	True	True	ADMITTED_MEASUREMENT	True	True		1	34	Rhizosphere	5.5856240381611295	274524.0	1
Trip 1	210	1	35Sr2	https://rubalkhali.science/kb/RAK_6000311	35	Surface	2	2026-07-26T00:00:00	2026-07-26	accepted	Yes	97.6	10.03	8.18	8.18		True	True	True	True	True	ADMITTED_MEASUREMENT	True	True		1	35	Surface	6.351941093844511	768244.0	1
Trip 1	211	1	35Dr2	https://rubalkhali.science/kb/RAK_6000308	35	Deep	2	2026-07-26T00:00:00	2026-07-26	accepted	Yes	97.6	10.03	7.92	7.92		True	True	True	True	True	ADMITTED_MEASUREMENT	True	True		1	35	Deep	6.159990994050095	405578.0	1
Trip 1	213	1	35PRr1	https://rubalkhali.science/kb/RAK_6000313	35	Rhizosphere	1	2026-07-26T00:00:00	2026-07-26	accepted	Yes	97.6	10.03	7.91	7.91		True	True	True	True	True	ADMITTED_MEASUREMENT	True	True		1	35	Rhizosphere	4.993547272511452	205859.0	1
Trip 1	215	1	36Sr1	https://rubalkhali.science/kb/RAK_6000319	36	Surface	1	2026-07-26T00:00:00	2026-07-26	accepted	Yes	97.6	10.03	8.05	8.05		True	True	True	True	True	ADMITTED_MEASUREMENT	True	True		1	36	Surface	3.665829167620556	20015.0	1
Trip 1	218	1	36Dr2	https://rubalkhali.science/kb/RAK_6000317	36	Deep	2	2026-07-26T00:00:00	2026-07-26	accepted	Yes	97.6	10.03	8.0	8.0		True	True	True	True	True	ADMITTED_MEASUREMENT	True	True		1	36	Deep	5.728591220839864	270651.0	1
Trip 1	220	1	37Sr1	https://rubalkhali.science/kb/RAK_6000328	37	Surface	1	2026-07-26T00:00:00	2026-07-26	accepted	Yes	97.6	10.03	8.24	8.24		True	True	True	True	True	ADMITTED_MEASUREMENT	True	True		1	37	Surface	6.5856635721911765	472516.0	1
Trip 1	222	1	37Dr2	https://rubalkhali.science/kb/RAK_6000326	37	Deep	2	2026-07-26T00:00:00	2026-07-26	accepted	Yes	97.6	10.03	8.22	8.22		True	True	True	True	True	ADMITTED_MEASUREMENT	True	True		1	37	Deep	6.4978832541416125	357294.0	1
Trip 1	224	1	37PRr2	https://rubalkhali.science/kb/RAK_6000332	37	Rhizosphere	2	2026-07-26T00:00:00	2026-07-26	accepted	Yes	97.6	10.03	8.19	8.19		True	True	True	True	True	ADMITTED_MEASUREMENT	True	True		1	37	Rhizosphere	5.94072874683531	376528.0	1
Trip 1	227	1	38Sr3	https://rubalkhali.science/kb/RAK_6000339	38	Surface	3	2026-07-26T00:00:00	2026-07-26	accepted	Yes	97.6	10.03	7.96	7.96		True	True	True	True	True	ADMITTED_MEASUREMENT	True	True		1	38	Surface	6.493041243761703	460036.0	1
Trip 1	229	1	38Dr3	https://rubalkhali.science/kb/RAK_6000336	38	Deep	3	2026-07-26T00:00:00	2026-07-26	accepted	Yes	97.6	10.03	7.94	7.94		True	True	True	True	True	ADMITTED_MEASUREMENT	True	True		1	38	Deep	6.332524792960212	232842.0	1
Trip 1	230	1	38PRr2	https://rubalkhali.science/kb/RAK_6000341	38	Rhizosphere	2	2026-07-26T00:00:00	2026-07-26	accepted	Yes	97.6	10.03	8.03	8.03		True	True	True	True	True	ADMITTED_MEASUREMENT	True	True		1	38	Rhizosphere	6.149058884876152	625188.0	1
Trip 1	232	1	39Sr3	https://rubalkhali.science/kb/RAK_6000348	39	Surface	3	2026-07-26T00:00:00	2026-07-26	accepted	Yes	97.6	10.03	7.92	7.92		True	True	True	True	True	ADMITTED_MEASUREMENT	True	True		1	39	Surface	5.854214328168118	132265.0	1
Trip 1	234	1	39Dr3	https://rubalkhali.science/kb/RAK_6000345	39	Deep	3	2026-07-26T00:00:00	2026-07-26	accepted	Yes	97.6	10.03	8.04	8.04		True	True	True	True	True	ADMITTED_MEASUREMENT	True	True		1	39	Deep	5.790080850720783	229779.0	1
Trip 1	237	1	39PRr3	https://rubalkhali.science/kb/RAK_6000351	39	Rhizosphere	3	2026-07-26T00:00:00	2026-07-26	accepted	Yes	97.6	10.03	8.05	8.05		True	True	True	True	True	ADMITTED_MEASUREMENT	True	True		1	39	Rhizosphere	5.206830441898898	201061.0	1
Trip 1	238	1	40Dr1	https://rubalkhali.science/kb/RAK_6000352	40	Deep	1	2026-07-26T00:00:00	2026-07-26	accepted	Yes	97.6	10.03	7.96	7.96		True	True	True	True	True	ADMITTED_MEASUREMENT	True	True		1	40	Deep	6.327907375218389	522507.0	1
Trip 1	241	1	40PRr3	https://rubalkhali.science/kb/RAK_6000360	40	Rhizosphere	3	2026-07-26T00:00:00	2026-07-26	accepted	Yes	97.6	10.03	8.06	8.06		True	True	True	True	True	ADMITTED_MEASUREMENT	True	True		1	40	Rhizosphere	5.845523043807353	379688.0	1
Trip 1	242	1	41Dr1	https://rubalkhali.science/kb/RAK_6000361	41	Deep	1	2026-07-26T00:00:00	2026-07-26	accepted	Yes	97.6	10.03	8.07	8.07		True	True	True	True	True	ADMITTED_MEASUREMENT	True	True		1	41	Deep	2.515991427976635	24318.0	1
Trip 1	243	1	41PRr2	https://rubalkhali.science/kb/RAK_6000368	41	Rhizosphere	2	2026-07-26T00:00:00	2026-07-26	accepted	Yes	97.6	10.03	7.98	7.98		True	True	True	True	True	ADMITTED_MEASUREMENT	True	True		1	41	Rhizosphere	5.797500418919494	330261.0	1
Trip 1	244	1	42Sr1	https://rubalkhali.science/kb/RAK_6000373	42	Surface	1	2026-07-26T00:00:00	2026-07-26	accepted	Yes	97.6	10.03	8.01	8.01		True	True	True	True	True	ADMITTED_MEASUREMENT	True	True		1	42	Surface	4.937272415647771	113641.0	1
Trip 1	247	1	42Dr1	https://rubalkhali.science/kb/RAK_6000370	42	Deep	1	2026-07-26T00:00:00	2026-07-26	accepted	Yes	97.6	10.03	7.99	7.99		True	True	True	True	True	ADMITTED_MEASUREMENT	True	True		1	42	Deep	6.481842446038048	148967.0	1
Trip 1	249	1	42PRr2	https://rubalkhali.science/kb/RAK_6000377	42	Rhizosphere	2	2026-07-26T00:00:00	2026-07-26	accepted	Yes	97.6	10.03	8.02	8.02		True	True	True	True	True	ADMITTED_MEASUREMENT	True	True		1	42	Rhizosphere	5.670761491697691	453138.0	1
Trip 1	251	1	43Sr2	https://rubalkhali.science/kb/RAK_6000383	43	Surface	2	2026-07-21T00:00:00	2026-07-21	accepted	Yes	97.4	10.06	8.09	8.09		True	True	True	True	True	ADMITTED_MEASUREMENT	True	True		1	43	Surface	6.034453245669747	110391.0	1
Trip 1	252	1	43Dr1	https://rubalkhali.science/kb/RAK_6000379	43	Deep	1	2026-07-21T00:00:00	2026-07-21	accepted	Yes	97.4	10.06	8.1	8.1		True	True	True	True	True	ADMITTED_MEASUREMENT	True	True		1	43	Deep	6.584315991399301	484466.0	1
Trip 1	253	1	43Dr2	https://rubalkhali.science/kb/RAK_6000380	43	Deep	2	2026-07-21T00:00:00	2026-07-21	accepted	Yes	97.4	10.06	8.01	8.01		True	True	True	True	True	ADMITTED_MEASUREMENT	True	True		1	43	Deep	6.281168314201397	152625.0	1
Trip 1	254	1	43PRr2	https://rubalkhali.science/kb/RAK_6000386	43	Rhizosphere	2	2026-07-21T00:00:00	2026-07-21	accepted	Yes	97.4	10.06	8.0	8.0		True	True	True	True	True	ADMITTED_MEASUREMENT	True	True		1	43	Rhizosphere	6.424623084712568	301967.0	1
Trip 1	255	1	44Dr2	https://rubalkhali.science/kb/RAK_6000389	44	Deep	2	2026-07-26T00:00:00	2026-07-26	accepted	Yes	97.6	10.03	7.99	7.99		True	True	True	True	True	ADMITTED_MEASUREMENT	True	True		1	44	Deep	6.261705428379263	737956.0	1
Trip 1	256	1	44PRr2	https://rubalkhali.science/kb/RAK_6000395	44	Rhizosphere	2	2026-07-26T00:00:00	2026-07-26	accepted	Yes	97.6	10.06	8.0	8.0		True	True	True	True	True	ADMITTED_MEASUREMENT	True	True		1	44	Rhizosphere	5.437727895644472	216052.0	1
Trip 1	258	1	45Sr1	https://rubalkhali.science/kb/RAK_6000400	45	Surface	1	2026-07-21T00:00:00	2026-07-21	accepted	Yes	97.4	10.06	8.15	8.15		True	True	True	True	True	ADMITTED_MEASUREMENT	True	True		1	45	Surface	6.127026216817883	512753.0	1
Trip 1	259	1	45Dr1	https://rubalkhali.science/kb/RAK_6000397	45	Deep	1	2026-07-21T00:00:00	2026-07-21	accepted	Yes	97.4	10.06	8.23	8.23		True	True	True	True	True	ADMITTED_MEASUREMENT	True	True		1	45	Deep	5.855163333634126	339044.0	1
Trip 1	261	1	45PRr2	https://rubalkhali.science/kb/RAK_6000404	45	Rhizosphere	2	2026-07-21T00:00:00	2026-07-21	accepted	Yes	97.4	10.06	8.06	8.06		True	True	True	True	True	ADMITTED_MEASUREMENT	True	True		1	45	Rhizosphere	5.4863804982152296	258006.0	1
Trip 1	262	1	46Sr3	https://rubalkhali.science/kb/RAK_6000411	46	Surface	3	2026-07-26T00:00:00	2026-07-26	accepted	Yes	97.6	10.06	8.16	8.16		True	True	True	True	True	ADMITTED_MEASUREMENT	True	True		1	46	Surface	5.148081164849797	107990.0	1
Trip 1	263	1	46Dr1	https://rubalkhali.science/kb/RAK_6000406	46	Deep	1	2026-07-26T00:00:00	2026-07-26	accepted	Yes	97.6	10.06	8.2	8.2		True	True	True	True	True	ADMITTED_MEASUREMENT	True	True		1	46	Deep	5.055741797306747	129263.0	1
Trip 1	264	1	46PRr1	https://rubalkhali.science/kb/RAK_6000412	46	Rhizosphere	1	2026-07-26T00:00:00	2026-07-26	accepted	Yes	97.6	10.06	8.18	8.18		True	True	True	True	True	ADMITTED_MEASUREMENT	True	True		1	46	Rhizosphere	4.055009165820923	2046.0	1
Trip 1	265	1	47Sr1	https://rubalkhali.science/kb/RAK_6000418	47	Surface	1	2026-07-26T00:00:00	2026-07-26	accepted	Yes	97.6	10.06	8.14	8.14		True	True	True	True	True	ADMITTED_MEASUREMENT	True	True		1	47	Surface	6.76689901457821	382238.0	1
Trip 1	266	1	47Dr2	https://rubalkhali.science/kb/RAK_6000416	47	Deep	2	2026-07-26T00:00:00	2026-07-26	accepted	Yes	97.6	10.06	8.1	8.1		True	True	True	True	True	ADMITTED_MEASUREMENT	True	True		1	47	Deep	6.545768254049477	259795.0	1
Trip 1	268	1	47PRr1	https://rubalkhali.science/kb/RAK_6000421	47	Rhizosphere	1	2026-07-26T00:00:00	2026-07-26	accepted	Yes	97.6	10.06	8.08	8.08		True	True	True	True	True	ADMITTED_MEASUREMENT	True	True		1	47	Rhizosphere	5.124237546974011	21560.0	1
Trip 1	269	1	48Sr2	https://rubalkhali.science/kb/RAK_6000428	48	Surface	2	2026-07-26T00:00:00	2026-07-26	accepted	Yes	97.6	10.06	8.1	8.1		True	True	True	True	True	ADMITTED_MEASUREMENT	True	True		1	48	Surface	5.589313506088121	300759.0	1
Trip 1	270	1	48Dr2	https://rubalkhali.science/kb/RAK_6000425	48	Deep	2	2026-07-26T00:00:00	2026-07-26	accepted	Yes	97.6	10.06	8.0	8.0		True	True	True	True	True	ADMITTED_MEASUREMENT	True	True		1	48	Deep	5.7632927140028745	175317.0	1
Trip 1	274	1	49Dr2	https://rubalkhali.science/kb/RAK_6000434	49	Deep	2	2026-07-26T00:00:00	2026-07-26	accepted	Yes	97.6	10.06	8.29	8.29		True	True	True	True	True	ADMITTED_MEASUREMENT	True	True		1	49	Deep	5.480517931532357	191915.0	1
Trip 1	275	1	49PRr2	https://rubalkhali.science/kb/RAK_6000440	49	Rhizosphere	2	2026-07-26T00:00:00	2026-07-26	accepted	Yes	97.6	10.06	8.27	8.27		True	True	True	True	True	ADMITTED_MEASUREMENT	True	True		1	49	Rhizosphere	5.900392269910602	109413.0	1
Trip 1	278	1	50Sr3	https://rubalkhali.science/kb/RAK_6000447	50	Surface	3	2026-07-26T00:00:00	2026-07-26	accepted	Yes	97.6	10.06	8.21	8.21		True	True	True	True	True	ADMITTED_MEASUREMENT	True	True		1	50	Surface	5.106424533709721	23333.0	1
Trip 1	280	1	50Dr2	https://rubalkhali.science/kb/RAK_6000443	50	Deep	2	2026-07-26T00:00:00	2026-07-26	accepted	Yes	97.6	10.06	8.27	8.27		True	True	True	True	True	ADMITTED_MEASUREMENT	True	True		1	50	Deep	6.254453494405376	90101.0	1
Trip 1	282	1	50PRr2	https://rubalkhali.science/kb/RAK_6000449	50	Rhizosphere	2	2026-07-26T00:00:00	2026-07-26	accepted	Yes	97.6	10.06	8.09	8.09		True	True	True	True	True	ADMITTED_MEASUREMENT	True	True		1	50	Rhizosphere	5.896335016273405	534861.0	1
Trip 1	284	1	51Dr1	https://rubalkhali.science/kb/RAK_6000451	51	Deep	1	2026-07-26T00:00:00	2026-07-26	accepted	Yes	97.6	10.06	8.31	8.31		True	True	True	True	True	ADMITTED_MEASUREMENT	True	True		1	51	Deep	5.899527454716157	1278036.0	1
Trip 1	286	1	51PRr3	https://rubalkhali.science/kb/RAK_6000459	51	Rhizosphere	3	2026-07-26T00:00:00	2026-07-26	accepted	Yes	97.6	10.06	8.28	8.28		True	True	True	True	True	ADMITTED_MEASUREMENT	True	True		1	51	Rhizosphere	4.151150836492533	333425.0	1
Trip 1	287	1	52Dr1	https://rubalkhali.science/kb/RAK_6000460	52	Deep	1	2026-07-26T00:00:00	2026-07-26	accepted	Yes	97.6	10.06	8.27	8.27		True	True	True	True	True	ADMITTED_MEASUREMENT	True	True		1	52	Deep	4.655282501768799	405299.0	1
Trip 1	288	1	53Sr3	https://rubalkhali.science/kb/RAK_6000474	53	Surface	3	2026-07-26T00:00:00	2026-07-26	accepted	Yes	97.6	10.06	8.42	8.42		True	True	True	True	True	ADMITTED_MEASUREMENT	True	True		1	53	Surface	1.5121167518413738	67648.0	1
Trip 1	289	1	53Dr2	https://rubalkhali.science/kb/RAK_6000470	53	Deep	2	2026-07-26T00:00:00	2026-07-26	accepted	Yes	97.6	10.06	8.39	8.39		True	True	True	True	True	ADMITTED_MEASUREMENT	True	True		1	53	Deep	4.783797130786727	525288.0	1
Trip 1	291	1	53PRr1	https://rubalkhali.science/kb/RAK_6000475	53	Rhizosphere	1	2026-07-26T00:00:00	2026-07-26	accepted	Yes	97.6	10.05	8.31	8.31		True	True	True	True	True	ADMITTED_MEASUREMENT	True	True		1	53	Rhizosphere	4.821115076199249	34154.0	1
Trip 1	293	1	54Sr1	https://rubalkhali.science/kb/RAK_6000481	54	Surface	1	2026-07-26T00:00:00	2026-07-26	accepted	Yes	97.6	10.05	8.15	8.15		True	True	True	True	True	ADMITTED_MEASUREMENT	True	True		1	54	Surface	3.338173883941729	1230.0	1
Trip 1	296	1	54Dr1	https://rubalkhali.science/kb/RAK_6000478	54	Deep	1	2026-07-26T00:00:00	2026-07-26	accepted	Yes	97.6	10.05	8.21	8.21		True	True	True	True	True	ADMITTED_MEASUREMENT	True	True		1	54	Deep	5.168985123562304	406279.0	1
Trip 1	298	1	54PRr1	https://rubalkhali.science/kb/RAK_6000484	54	Rhizosphere	1	2026-07-26T00:00:00	2026-07-26	accepted	Yes	97.6	10.05	8.17	8.17		True	True	True	True	True	ADMITTED_MEASUREMENT	True	True		1	54	Rhizosphere	4.122365070628243	140880.0	1
Trip 1	306	1	56Sr1	https://rubalkhali.science/kb/RAK_6000499	56	Surface	1	2026-07-26T00:00:00	2026-07-26	accepted	Yes	97.6	10.05	8.11	8.11		True	True	True	True	True	ADMITTED_MEASUREMENT	True	True		1	56	Surface	3.99710375781564	21640.0	1
Trip 1	308	1	56Dr1	https://rubalkhali.science/kb/RAK_6000496	56	Deep	1	2026-07-26T00:00:00	2026-07-26	accepted	Yes	97.6	10.05	8.18	8.18		True	True	True	True	True	ADMITTED_MEASUREMENT	True	True		1	56	Deep	4.024855644226668	21885.0	1
Trip 1	310	1	57Sr2	https://rubalkhali.science/kb/RAK_6000509	57	Surface	2	2026-07-26T00:00:00	2026-07-26	accepted	Yes	97.6	10.05	8.43	8.43		True	True	True	True	True	ADMITTED_MEASUREMENT	True	True		1	57	Surface	3.88909466118054	94954.0	1
Trip 1	311	1	57Dr3	https://rubalkhali.science/kb/RAK_6000507	57	Deep	3	2026-07-26T00:00:00	2026-07-26	accepted	Yes	97.6	10.05	8.39	8.39		True	True	True	True	True	ADMITTED_MEASUREMENT	True	True		1	57	Deep	5.188134154240806	31250.0	1
Trip 1	313	1	57PRr3	https://rubalkhali.science/kb/RAK_6000513	57	Rhizosphere	3	2026-07-26T00:00:00	2026-07-26	accepted	Yes	97.6	10.05	8.4	8.4		True	True	True	True	True	ADMITTED_MEASUREMENT	True	True		1	57	Rhizosphere	4.371297548983113	426086.0	1
Trip 1	314	1	58Sr2	https://rubalkhali.science/kb/RAK_6000518	58	Surface	2	2026-07-26T00:00:00	2026-07-26	accepted	Yes	97.6	10.05	8.26	8.26		True	True	True	True	True	ADMITTED_MEASUREMENT	True	True		1	58	Surface	4.517751776217252	14313.0	1
Trip 1	316	1	58PRr1	https://rubalkhali.science/kb/RAK_6000520	58	Rhizosphere	1	2026-07-26T00:00:00	2026-07-26	accepted	Yes	97.6	10.05	8.23	8.23		True	True	True	True	True	ADMITTED_MEASUREMENT	True	True		1	58	Rhizosphere	5.162432508762434	197756.0	1
Trip 1	317	1	59PRr3	https://rubalkhali.science/kb/RAK_6000531	59	Rhizosphere	3	2026-07-26T00:00:00	2026-07-26	accepted	Yes	97.6	10.05	8.45	8.45		True	True	True	True	True	ADMITTED_MEASUREMENT	True	True		1	59	Rhizosphere	3.690052725539084	8737.0	1
Trip 1	318	1	60Sr3	https://rubalkhali.science/kb/RAK_6000537	60	Surface	3	2026-07-26T00:00:00	2026-07-26	accepted	Yes	97.6	10.05	8.22	8.22		True	True	True	True	True	ADMITTED_MEASUREMENT	True	True		1	60	Surface	4.642253451079344	142260.0	1
Trip 1	319	1	60Dr2	https://rubalkhali.science/kb/RAK_6000533	60	Deep	2	2026-07-26T00:00:00	2026-07-26	accepted	Yes	97.6	10.05	8.2	8.2		True	True	True	True	True	ADMITTED_MEASUREMENT	True	True		1	60	Deep	4.517929494501491	147421.0	1
Trip 2	2	2	T1Dr1	https://rubalkhali.science/kb/RAK_6000577	1	Deep	1	13/7/2026	2026-07-13	accepted	Yes	98.0	10.06	7.81	7.81		True	True	True	True	True	ADMITTED_MEASUREMENT	True	True		2	1	Deep	3.586140005587671	1485.0	1
Trip 2	3	2	T2PRr1	https://rubalkhali.science/kb/RAK_6000592	2	Rhizosphere	1	13/7/2026	2026-07-13	accepted	Yes	98.0	10.06	7.4	7.4		True	True	True	True	True	ADMITTED_MEASUREMENT	True	True		2	2	Rhizosphere	3.949049443162994	3658.0	1
Trip 2	4	2	T2PRr3	https://rubalkhali.science/kb/RAK_6000594	2	Rhizosphere	3	13/7/2026	2026-07-13	accepted	Yes	98.0	10.06	7.49	7.49		True	True	True	True	True	ADMITTED_MEASUREMENT	True	True		2	2	Rhizosphere	6.155972078635656	662013.0	1
Trip 2	5	2	T2Dr2	https://rubalkhali.science/kb/RAK_6000587	2	Deep	2	13/7/2026	2026-07-13	accepted	Yes	98.0	10.06	7.8	7.8		True	True	True	True	True	ADMITTED_MEASUREMENT	True	True		2	2	Deep	4.798986593452173	12566.0	1
Trip 2	7	2	T4Sr1	https://rubalkhali.science/kb/RAK_6000607	4	Surface	1	13/7/2026	2026-07-13	accepted	Yes	98.0	10.06	7.79	7.79		True	True	True	True	True	ADMITTED_MEASUREMENT	True	True		2	4	Surface	6.491502375118535	226775.0	1
Trip 2	8	2	T4PRr1	https://rubalkhali.science/kb/RAK_6000610	4	Rhizosphere	1	13/7/2026	2026-07-13	accepted	Yes	98.0	10.06	7.7	7.7		True	True	True	True	True	ADMITTED_MEASUREMENT	True	True		2	4	Rhizosphere	5.978007521513599	545420.0	1
Trip 2	10	2	T5Sr1	https://rubalkhali.science/kb/RAK_6000616	5	Surface	1	13/7/2026	2026-07-13	accepted	Yes	98.0	10.06	7.75	7.75		True	True	True	True	True	ADMITTED_MEASUREMENT	True	True		2	5	Surface	6.191348955145518	1082336.0	1
Trip 2	11	2	T5Sr2	https://rubalkhali.science/kb/RAK_6000617	5	Surface	2	13/7/2026	2026-07-13	accepted	Yes	98.0	10.06	7.75	7.75		True	True	True	True	True	ADMITTED_MEASUREMENT	True	True		2	5	Surface	6.851718042718234	2054565.0	1
Trip 2	12	2	T5Sr3	https://rubalkhali.science/kb/RAK_6000618	5	Surface	3	13/7/2026	2026-07-13	accepted	Yes	98.0	10.06	7.82	7.82		True	True	True	True	True	ADMITTED_MEASUREMENT	True	True		2	5	Surface	6.5141926279810285	318680.0	1
Trip 2	13	2	T5PRr1	https://rubalkhali.science/kb/RAK_6000619	5	Rhizosphere	1	13/7/2026	2026-07-13	accepted	Yes	98.0	10.06	7.59	7.59		True	True	True	True	True	ADMITTED_MEASUREMENT	True	True		2	5	Rhizosphere	6.624019206265058	301075.0	1
Trip 2	15	2	T6Dr1	https://rubalkhali.science/kb/RAK_6000622	6	Deep	1	13/7/2026	2026-07-13	accepted	Yes	98.0	10.06	7.64	7.64		True	True	True	True	True	ADMITTED_MEASUREMENT	True	True		2	6	Deep	6.107083485919736	500407.0	1
Trip 2	16	2	T6Dr2	https://rubalkhali.science/kb/RAK_6000623	6	Deep	2	13/7/2026	2026-07-13	accepted	Yes	98.0	10.06	7.55	7.55		True	True	True	True	True	ADMITTED_MEASUREMENT	True	True		2	6	Deep	6.470197825781866	299544.0	1
Trip 2	17	2	T6PRr2	https://rubalkhali.science/kb/RAK_6000629	6	Rhizosphere	2	13/7/2026	2026-07-13	accepted	Yes	98.0	10.06	7.55	7.55		True	True	True	True	True	ADMITTED_MEASUREMENT	True	True		2	6	Rhizosphere	4.161595280341947	22057.0	1
Trip 2	18	2	T6PRr3	https://rubalkhali.science/kb/RAK_6000630	6	Rhizosphere	3	13/7/2026	2026-07-13	accepted	Yes	98.0	10.06	7.57	7.57		True	True	True	True	True	ADMITTED_MEASUREMENT	True	True		2	6	Rhizosphere	3.525146189555111	1068.0	1
Trip 2	20	2	T7PRr2	https://rubalkhali.science/kb/RAK_6000638	7	Rhizosphere	2	13/7/2026	2026-07-13	accepted	Yes	98.0	10.06	7.57	7.57		True	True	True	True	True	ADMITTED_MEASUREMENT	True	True		2	7	Rhizosphere	5.49442590717081	37427.0	1
Trip 2	21	2	T7PRr3	https://rubalkhali.science/kb/RAK_6000639	7	Rhizosphere	3	13/7/2026	2026-07-13	accepted	Yes	98.0	10.06	7.5	7.5		True	True	True	True	True	ADMITTED_MEASUREMENT	True	True		2	7	Rhizosphere	6.442343219426262	573620.0	1
Trip 2	23	2	T8Sr3	https://rubalkhali.science/kb/RAK_6000645	8	Surface	3	13/7/2026	2026-07-13	accepted	Yes	98.0	10.06	7.53	7.53		True	True	True	True	True	ADMITTED_MEASUREMENT	True	True		2	8	Surface	6.444431474850381	603513.0	1
Trip 2	24	2	T8Dr1	https://rubalkhali.science/kb/RAK_6000640	8	Deep	1	13/7/2026	2026-07-13	accepted	Yes	98.0	10.06	7.91	7.91		True	True	True	True	True	ADMITTED_MEASUREMENT	True	True		2	8	Deep	3.8013977938268697	13407.0	1
Trip 2	26	2	T8PRr1	https://rubalkhali.science/kb/RAK_6000646	8	Rhizosphere	1	13/7/2026	2026-07-13	accepted	Yes	98.0	10.06	7.56	7.56		True	True	True	True	True	ADMITTED_MEASUREMENT	True	True		2	8	Rhizosphere	4.890613153617107	6670.0	1
Trip 2	27	2	T8PRr3	https://rubalkhali.science/kb/RAK_6000648	8	Rhizosphere	3	13/7/2026	2026-07-13	accepted	Yes	98.0	10.06	7.49	7.49		True	True	True	True	True	ADMITTED_MEASUREMENT	True	True		2	8	Rhizosphere	6.645597948666233	619986.0	1
Trip 3	11	3	F5Sr1	https://rubalkhali.science/kb/RAK_6000688	5	Surface	1	2026-07-27T00:00:00	2026-07-27	accepted	Yes	97.9	10.06	8.27	8.27		True	True	True	True	True	ADMITTED_MEASUREMENT	True	True		3	5	Surface	6.651555287911616	157478.0	1
Trip 3	14	3	F5Dr2	https://rubalkhali.science/kb/RAK_6000686	5	Deep	2	2026-07-27T00:00:00	2026-07-27	accepted	Yes	97.9	10.06	8.2	8.2		True	True	True	True	True	ADMITTED_MEASUREMENT	True	True		3	5	Deep	6.652942495018957	86938.0	1
Trip 3	16	3	F5PRr2	https://rubalkhali.science/kb/RAK_6000692	5	Rhizosphere	2	2026-07-27T00:00:00	2026-07-27	accepted	Yes	97.9	10.06	8.23	8.23		True	True	True	True	True	ADMITTED_MEASUREMENT	True	True		3	5	Rhizosphere	5.871814693151994	70036.0	1
Trip 3	17	3	F6Sr1	https://rubalkhali.science/kb/RAK_6000697	6	Surface	1	2026-07-27T00:00:00	2026-07-27	accepted	Yes	97.9	10.06	7.7	7.7		True	True	True	True	True	ADMITTED_MEASUREMENT	True	True		3	6	Surface	5.973193200674619	523646.0	1
Trip 3	20	3	F6Dr1	https://rubalkhali.science/kb/RAK_6000694	6	Deep	1	2026-07-27T00:00:00	2026-07-27	accepted	Yes	97.9	10.06	7.74	7.74		True	True	True	True	True	ADMITTED_MEASUREMENT	True	True		3	6	Deep	6.7245079362160585	418339.0	1
Trip 3	21	3	F6PRr1	https://rubalkhali.science/kb/RAK_6000700	6	Rhizosphere	1	2026-07-27T00:00:00	2026-07-27	accepted	Yes	97.9	10.06	7.69	7.69		True	True	True	True	True	ADMITTED_MEASUREMENT	True	True		3	6	Rhizosphere	6.386883712557067	310850.0	1
Trip 3	24	3	F7Sr1	https://rubalkhali.science/kb/RAK_6000706	7	Surface	1	2026-07-27T00:00:00	2026-07-27	accepted	Yes	97.9	10.06	7.8	7.8		True	True	True	True	True	ADMITTED_MEASUREMENT	True	True		3	7	Surface	6.17184993563639	320810.0	1
Trip 3	27	3	F7Dr1	https://rubalkhali.science/kb/RAK_6000703	7	Deep	1	2026-07-27T00:00:00	2026-07-27	accepted	Yes	97.9	10.06	7.84	7.84		True	True	True	True	True	ADMITTED_MEASUREMENT	True	True		3	7	Deep	6.17189943196058	416799.0	1
Trip 3	30	3	F7PRr1	https://rubalkhali.science/kb/RAK_6000709	7	Rhizosphere	1	2026-07-27T00:00:00	2026-07-27	accepted	Yes	97.9	10.06	7.81	7.81		True	True	True	True	True	ADMITTED_MEASUREMENT	True	True		3	7	Rhizosphere	6.364723358644341	465559.0	1
Trip 3	42	3	F9Sr1	https://rubalkhali.science/kb/RAK_6000724	9	Surface	1	2026-07-27T00:00:00	2026-07-27	accepted	Yes	97.9	10.06	7.69	7.69		True	True	True	True	True	ADMITTED_MEASUREMENT	True	True		3	9	Surface	5.837292016567195	337605.0	1
Trip 3	45	3	F9Dr1	https://rubalkhali.science/kb/RAK_6000721	9	Deep	1	2026-07-27T00:00:00	2026-07-27	accepted	Yes	97.9	10.06	7.73	7.73		True	True	True	True	True	ADMITTED_MEASUREMENT	True	True		3	9	Deep	5.716951942602005	293173.0	1
Trip 3	48	3	F9PRr1	https://rubalkhali.science/kb/RAK_6000727	9	Rhizosphere	1	2026-07-27T00:00:00	2026-07-27	accepted	Yes	97.9	10.06	7.71	7.71		True	True	True	True	True	ADMITTED_MEASUREMENT	True	True		3	9	Rhizosphere	3.5140603743704446	235844.0	1
Trip 3	51	3	F10Sr1	https://rubalkhali.science/kb/RAK_6000733	10	Surface	1	2026-07-27T00:00:00	2026-07-27	accepted	Yes	97.9	10.06	7.76	7.76		True	True	True	True	True	ADMITTED_MEASUREMENT	True	True		3	10	Surface	5.89620230054602	468163.0	1
Trip 3	54	3	F10Dr1	https://rubalkhali.science/kb/RAK_6000730	10	Deep	1	2026-07-27T00:00:00	2026-07-27	accepted	Yes	97.9	10.06	7.79	7.79		True	True	True	True	True	ADMITTED_MEASUREMENT	True	True		3	10	Deep	5.290056668648759	395144.0	1
Trip 3	57	3	F10PRr1	https://rubalkhali.science/kb/RAK_6000736	10	Rhizosphere	1	2026-07-27T00:00:00	2026-07-27	accepted	Yes	97.9	10.06	7.7	7.7		True	True	True	True	True	ADMITTED_MEASUREMENT	True	True		3	10	Rhizosphere	4.810205563573631	163550.0	1
Trip 3	59	3	F11Sr1	https://rubalkhali.science/kb/RAK_6000742	11	Surface	1	2026-07-27T00:00:00	2026-07-27	accepted	Yes	97.9	10.06	7.61	7.61		True	True	True	True	True	ADMITTED_MEASUREMENT	True	True		3	11	Surface	3.5971559076439235	217217.0	1
Trip 3	62	3	F11Dr1	https://rubalkhali.science/kb/RAK_6000739	11	Deep	1	2026-07-27T00:00:00	2026-07-27	accepted	Yes	97.9	10.06	7.69	7.69		True	True	True	True	True	ADMITTED_MEASUREMENT	True	True		3	11	Deep	6.637360702246734	491207.0	1
Trip 3	65	3	F11PRr1	https://rubalkhali.science/kb/RAK_6000745	11	Rhizosphere	1	2026-07-27T00:00:00	2026-07-27	accepted	Yes	97.9	10.06	7.65	7.65		True	True	True	True	True	ADMITTED_MEASUREMENT	True	True		3	11	Rhizosphere	6.3611998202542965	295163.0	1
Trip 3	68	3	F12Sr2	https://rubalkhali.science/kb/RAK_6000752	12	Surface	2	13/7/2026	2026-07-13	accepted	Yes	98.8	10.06	8.05	8.05		True	True	True	True	True	ADMITTED_MEASUREMENT	True	True		3	12	Surface	6.502260163113076	403346.0	1
Trip 3	69	3	F12Sr3	https://rubalkhali.science/kb/RAK_6000753	12	Surface	3	13/7/2026	2026-07-13	accepted	Yes	98.8	10.06	8.0	8.0		True	True	True	True	True	ADMITTED_MEASUREMENT	True	True		3	12	Surface	6.311272943894253	341036.0	1
Trip 3	70	3	F12Dr1	https://rubalkhali.science/kb/RAK_6000748	12	Deep	1	13/7/2026	2026-07-13	accepted	Yes	98.8	10.06	8.11	8.11		True	True	True	True	True	ADMITTED_MEASUREMENT	True	True		3	12	Deep	7.288910555371273	337470.0	1
Trip 3	71	3	F12Dr2	https://rubalkhali.science/kb/RAK_6000749	12	Deep	2	13/7/2026	2026-07-13	accepted	Yes	98.8	10.06	7.97	7.97		True	True	True	True	True	ADMITTED_MEASUREMENT	True	True		3	12	Deep	7.283266859084324	404342.0	1
Trip 3	72	3	F12PRr1	https://rubalkhali.science/kb/RAK_6000754	12	Rhizosphere	1	13/7/2026	2026-07-13	accepted	Yes	98.8	10.06	8.1	8.1		True	True	True	True	True	ADMITTED_MEASUREMENT	True	True		3	12	Rhizosphere	5.936310950256849	175452.0	1
Trip 3	73	3	F12PRr2	https://rubalkhali.science/kb/RAK_6000755	12	Rhizosphere	2	13/7/2026	2026-07-13	accepted	Yes	98.8	10.06	8.07	8.07		True	True	True	True	True	ADMITTED_MEASUREMENT	True	True		3	12	Rhizosphere	6.015526265978221	113346.0	1
Trip 3	74	3	F12PRr3	https://rubalkhali.science/kb/RAK_6000756	12	Rhizosphere	3	13/7/2026	2026-07-13	accepted	Yes	98.8	10.06	8.11	8.11		True	True	True	True	True	ADMITTED_MEASUREMENT	True	True		3	12	Rhizosphere	4.587283094607073	160699.0	1
Trip 3	75	3	F13Sr1	https://rubalkhali.science/kb/RAK_6000760	13	Surface	1	2026-07-27T00:00:00	2026-07-27	accepted	Yes	97.9	10.06	7.88	7.88		True	True	True	True	True	ADMITTED_MEASUREMENT	True	True		3	13	Surface	5.977393855345067	1008371.0	1
Trip 3	78	3	F13Dr1	https://rubalkhali.science/kb/RAK_6000757	13	Deep	1	2026-07-27T00:00:00	2026-07-27	accepted	Yes	97.9	10.06	7.9	7.9		True	True	True	True	True	ADMITTED_MEASUREMENT	True	True		3	13	Deep	6.3652297302380125	325171.0	1
Trip 3	81	3	F13PRr1	https://rubalkhali.science/kb/RAK_6000763	13	Rhizosphere	1	2026-07-27T00:00:00	2026-07-27	accepted	Yes	97.9	10.06	7.86	7.86		True	True	True	True	True	ADMITTED_MEASUREMENT	True	True		3	13	Rhizosphere	5.7764309862173056	131374.0	1
Trip 3	84	3	F14Sr1	https://rubalkhali.science/kb/RAK_6000769	14	Surface	1	2026-07-27T00:00:00	2026-07-27	accepted	Yes	97.9	10.06	7.97	7.97		True	True	True	True	True	ADMITTED_MEASUREMENT	True	True		3	14	Surface	6.046326977271598	348877.0	1
Trip 3	87	3	F14Dr1	https://rubalkhali.science/kb/RAK_6000766	14	Deep	1	2026-07-27T00:00:00	2026-07-27	accepted	Yes	97.9	10.06	8.01	8.01		True	True	True	True	True	ADMITTED_MEASUREMENT	True	True		3	14	Deep	5.651504295122838	519873.0	1
Trip 3	90	3	F14PRr1	https://rubalkhali.science/kb/RAK_6000772	14	Rhizosphere	1	2026-07-27T00:00:00	2026-07-27	accepted	Yes	97.9	10.06	7.94	7.94		True	True	True	True	True	ADMITTED_MEASUREMENT	True	True		3	14	Rhizosphere	5.232710635594185	51655.0	1
Trip 3	93	3	F15Sr1	https://rubalkhali.science/kb/RAK_6000778	15	Surface	1	2026-07-27T00:00:00	2026-07-27	accepted	Yes	97.9	10.06	8.0	8.0		True	True	True	True	True	ADMITTED_MEASUREMENT	True	True		3	15	Surface	6.007258826871896	69531.0	1
Trip 3	96	3	F15Dr1	https://rubalkhali.science/kb/RAK_6000775	15	Deep	1	2026-07-27T00:00:00	2026-07-27	accepted	Yes	97.9	10.06	8.02	8.02		True	True	True	True	True	ADMITTED_MEASUREMENT	True	True		3	15	Deep	5.889602072791014	185203.0	1
Trip 3	99	3	F15PRr1	https://rubalkhali.science/kb/RAK_6000781	15	Rhizosphere	1	2026-07-27T00:00:00	2026-07-27	accepted	Yes	97.9	10.06	7.79	7.79		True	True	True	True	True	ADMITTED_MEASUREMENT	True	True		3	15	Rhizosphere	5.124169802131627	98731.0	2
Trip 3	102	3	F16Sr1	https://rubalkhali.science/kb/RAK_6000787	16	Surface	1	2026-07-27T00:00:00	2026-07-27	accepted	Yes	97.9	10.06	7.96	7.96		True	True	True	True	True	ADMITTED_MEASUREMENT	True	True		3	16	Surface	6.707315124341131	310310.0	1
Trip 3	105	3	F16Dr1	https://rubalkhali.science/kb/RAK_6000784	16	Deep	1	2026-07-27T00:00:00	2026-07-27	accepted	Yes	97.9	10.06	7.8	7.8		True	True	True	True	True	ADMITTED_MEASUREMENT	True	True		3	16	Deep	5.843442324080852	169939.0	1
Trip 3	108	3	F16PRr1	https://rubalkhali.science/kb/RAK_6000790	16	Rhizosphere	1	2026-07-27T00:00:00	2026-07-27	accepted	Yes	97.9	10.06	7.89	7.89		True	True	True	True	True	ADMITTED_MEASUREMENT	True	True		3	16	Rhizosphere	6.593582603739249	311261.0	1
Trip 3	111	3	F17Sr1	https://rubalkhali.science/kb/RAK_6000796	17	Surface	1	2026-07-27T00:00:00	2026-07-27	accepted	Yes	97.9	10.06	7.6	7.6		True	True	True	True	True	ADMITTED_MEASUREMENT	True	True		3	17	Surface	6.602085046848311	560472.0	1
Trip 3	114	3	F17Dr1	https://rubalkhali.science/kb/RAK_6000793	17	Deep	1	2026-07-27T00:00:00	2026-07-27	accepted	Yes	97.9	10.06	7.63	7.63		True	True	True	True	True	ADMITTED_MEASUREMENT	True	True		3	17	Deep	5.697296147281195	1009475.0	1
Trip 3	117	3	F17PRr1	https://rubalkhali.science/kb/RAK_6000799	17	Rhizosphere	1	2026-07-27T00:00:00	2026-07-27	accepted	Yes	97.9	10.06	7.58	7.58		True	True	True	True	True	ADMITTED_MEASUREMENT	True	True		3	17	Rhizosphere	5.8474900042265725	173549.0	1
Trip 3	129	3	F19Sr1	https://rubalkhali.science/kb/RAK_6000814	19	Surface	1	2026-07-27T00:00:00	2026-07-27	accepted	Yes	97.9	10.06	7.72	7.72		True	True	True	True	True	ADMITTED_MEASUREMENT	True	True		3	19	Surface	6.151385290418565	637908.0	1
Trip 3	132	3	F19Dr1	https://rubalkhali.science/kb/RAK_6000811	19	Deep	1	2026-07-27T00:00:00	2026-07-27	accepted	Yes	97.9	10.06	7.77	7.77		True	True	True	True	True	ADMITTED_MEASUREMENT	True	True		3	19	Deep	6.123336013993772	959051.0	1
Trip 3	135	3	F19PRr1	https://rubalkhali.science/kb/RAK_6000817	19	Rhizosphere	1	2026-07-27T00:00:00	2026-07-27	accepted	Yes	97.9	10.06	7.74	7.74		True	True	True	True	True	ADMITTED_MEASUREMENT	True	True		3	19	Rhizosphere	5.241095241784358	149999.0	1
Trip 3	138	3	F20Sr2	https://rubalkhali.science/kb/RAK_6000824	20	Surface	2	2026-07-27T00:00:00	2026-07-27	accepted	Yes	97.9	10.06	7.72	7.72		True	True	True	True	True	ADMITTED_MEASUREMENT	True	True		3	20	Surface	6.346236309531261	418757.0	1
Trip 3	140	3	F20Dr1	https://rubalkhali.science/kb/RAK_6000820	20	Deep	1	2026-07-27T00:00:00	2026-07-27	accepted	Yes	97.9	10.06	7.77	7.77		True	True	True	True	True	ADMITTED_MEASUREMENT	True	True		3	20	Deep	6.466645824962625	577705.0	1
Trip 3	143	3	F20PRr1	https://rubalkhali.science/kb/RAK_6000826	20	Rhizosphere	1	2026-07-27T00:00:00	2026-07-27	accepted	Yes	97.9	10.06	7.74	7.74		True	True	True	True	True	ADMITTED_MEASUREMENT	True	True		3	20	Rhizosphere	6.543031419071071	426599.0	1
Trip 3	146	3	F21Sr1	https://rubalkhali.science/kb/RAK_6000832	21	Surface	1	2026-07-27T00:00:00	2026-07-27	accepted	Yes	97.9	10.06	7.53	7.53		True	True	True	True	True	ADMITTED_MEASUREMENT	True	True		3	21	Surface	4.79089896557724	240708.0	1
Trip 3	149	3	F21Dr1	https://rubalkhali.science/kb/RAK_6000829	21	Deep	1	2026-07-27T00:00:00	2026-07-27	accepted	Yes	97.9	10.06	7.69	7.69		True	True	True	True	True	ADMITTED_MEASUREMENT	True	True		3	21	Deep	6.482332906401845	269446.0	1
Trip 3	152	3	F21PRr1	https://rubalkhali.science/kb/RAK_6000835	21	Rhizosphere	1	2026-07-27T00:00:00	2026-07-27	accepted	Yes	97.9	10.06	7.61	7.61		True	True	True	True	True	ADMITTED_MEASUREMENT	True	True		3	21	Rhizosphere	4.275887378394659	68085.0	1
Trip 3	164	3	F23Sr1	https://rubalkhali.science/kb/RAK_6000850	23	Surface	1	2026-07-27T00:00:00	2026-07-27	accepted	Yes	97.9	10.06	7.6	7.6		True	True	True	True	True	ADMITTED_MEASUREMENT	True	True		3	23	Surface	6.649017288560778	437269.0	1
Trip 3	167	3	F23Dr1	https://rubalkhali.science/kb/RAK_6000847	23	Deep	1	2026-07-27T00:00:00	2026-07-27	accepted	Yes	97.9	10.06	7.58	7.58		True	True	True	True	True	ADMITTED_MEASUREMENT	True	True		3	23	Deep	6.784856155857501	350095.0	1
Trip 3	170	3	F23PRr1	https://rubalkhali.science/kb/RAK_6000853	23	Rhizosphere	1	2026-07-27T00:00:00	2026-07-27	accepted	Yes	97.9	10.06	7.54	7.54		True	True	True	True	True	ADMITTED_MEASUREMENT	True	True		3	23	Rhizosphere	5.837329198542735	227917.0	1
Trip 3	173	3	F24Sr1	https://rubalkhali.science/kb/RAK_6000859	24	Surface	1	2026-07-27T00:00:00	2026-07-27	accepted	Yes	97.9	10.06	8.02	8.02		True	True	True	True	True	ADMITTED_MEASUREMENT	True	True		3	24	Surface	5.419276377652483	158028.0	1
Trip 3	176	3	F24Dr1	https://rubalkhali.science/kb/RAK_6000856	24	Deep	1	2026-07-27T00:00:00	2026-07-27	accepted	Yes	97.9	10.06	8.03	8.03		True	True	True	True	True	ADMITTED_MEASUREMENT	True	True		3	24	Deep	5.914521141616757	318186.0	1
Trip 3	178	3	F24PRr1	https://rubalkhali.science/kb/RAK_6000862	24	Rhizosphere	1	2026-07-27T00:00:00	2026-07-27	accepted	Yes	97.9	10.06	7.92	7.92		True	True	True	True	True	ADMITTED_MEASUREMENT	True	True		3	24	Rhizosphere	5.011926087826236	127009.0	1
Trip 3	181	3	F25Sr1	https://rubalkhali.science/kb/RAK_6000868	25	Surface	1	2026-07-27T00:00:00	2026-07-27	accepted	Yes	97.9	10.06	7.79	7.79		True	True	True	True	True	ADMITTED_MEASUREMENT	True	True		3	25	Surface	3.969574866681631	266228.0	1
Trip 3	184	3	F25Dr1	https://rubalkhali.science/kb/RAK_6000865	25	Deep	1	2026-07-27T00:00:00	2026-07-27	accepted	Yes	97.9	10.06	7.78	7.78		True	True	True	True	True	ADMITTED_MEASUREMENT	True	True		3	25	Deep	5.539841872429121	380004.0	1
Trip 3	187	3	F25PRr1	https://rubalkhali.science/kb/RAK_6000871	25	Rhizosphere	1	2026-07-27T00:00:00	2026-07-27	accepted	Yes	97.9	10.06	7.7	7.7		True	True	True	True	True	ADMITTED_MEASUREMENT	True	True		3	25	Rhizosphere	3.733555280296789	302188.0	1
Trip 3	190	3	F26Sr1	https://rubalkhali.science/kb/RAK_6000877	26	Surface	1	2026-07-27T00:00:00	2026-07-27	accepted	Yes	97.9	10.06	7.76	7.76		True	True	True	True	True	ADMITTED_MEASUREMENT	True	True		3	26	Surface	5.998872611977517	292811.0	1
Trip 3	192	3	F26Dr1	https://rubalkhali.science/kb/RAK_6000874	26	Deep	1	2026-07-27T00:00:00	2026-07-27	accepted	Yes	97.9	10.06	7.82	7.82		True	True	True	True	True	ADMITTED_MEASUREMENT	True	True		3	26	Deep	6.584801251317461	294032.0	1
Trip 3	194	3	F26PRr1	https://rubalkhali.science/kb/RAK_6000880	26	Rhizosphere	1	2026-07-27T00:00:00	2026-07-27	accepted	Yes	97.9	10.06	7.75	7.75		True	True	True	True	True	ADMITTED_MEASUREMENT	True	True		3	26	Rhizosphere	5.420682174859379	233612.0	1
Trip 3	197	3	F27Sr1	https://rubalkhali.science/kb/RAK_6000886	27	Surface	1	2026-07-27T00:00:00	2026-07-27	accepted	Yes	97.9	10.06	7.89	7.89		True	True	True	True	True	ADMITTED_MEASUREMENT	True	True		3	27	Surface	4.426932375132058	215300.0	1
Trip 3	200	3	F27Dr1	https://rubalkhali.science/kb/RAK_6000883	27	Deep	1	2026-07-27T00:00:00	2026-07-27	accepted	Yes	97.9	10.06	7.95	7.95		True	True	True	True	True	ADMITTED_MEASUREMENT	True	True		3	27	Deep	6.682140384351803	401130.0	1
Trip 3	202	3	F27PRr1	https://rubalkhali.science/kb/RAK_6000889	27	Rhizosphere	1	2026-07-27T00:00:00	2026-07-27	accepted	Yes	97.9	10.06	7.89	7.89		True	True	True	True	True	ADMITTED_MEASUREMENT	True	True		3	27	Rhizosphere	4.128638300376758	177847.0	1
Trip 3	205	3	F28Sr1	https://rubalkhali.science/kb/RAK_6000895	28	Surface	1	2026-07-27T00:00:00	2026-07-27	accepted	Yes	97.9	10.06	8.11	8.11		True	True	True	True	True	ADMITTED_MEASUREMENT	True	True		3	28	Surface	6.384911568300455	1098133.0	1
Trip 3	208	3	F28Dr1	https://rubalkhali.science/kb/RAK_6000892	28	Deep	1	2026-07-27T00:00:00	2026-07-27	accepted	Yes	97.9	10.06	8.21	8.21		True	True	True	True	True	ADMITTED_MEASUREMENT	True	True		3	28	Deep	6.805318455678115	1437718.0	1
Trip 3	211	3	F28PRr1	https://rubalkhali.science/kb/RAK_6000898	28	Rhizosphere	1	2026-07-27T00:00:00	2026-07-27	accepted	Yes	97.9	10.06	8.03	8.03		True	True	True	True	True	ADMITTED_MEASUREMENT	True	True		3	28	Rhizosphere	5.884334994150269	311684.0	1
Trip 3	214	3	F29Sr1	https://rubalkhali.science/kb/RAK_6000904	29	Surface	1	2026-07-27T00:00:00	2026-07-27	accepted	Yes	97.9	10.06	7.93	7.93		True	True	True	True	True	ADMITTED_MEASUREMENT	True	True		3	29	Surface	5.049752216116348	245503.0	1
Trip 3	217	3	F29Dr1	https://rubalkhali.science/kb/RAK_6000901	29	Deep	1	2026-07-27T00:00:00	2026-07-27	accepted	Yes	97.9	10.06	8.13	8.13		True	True	True	True	True	ADMITTED_MEASUREMENT	True	True		3	29	Deep	6.389594454320556	249839.0	1
Trip 3	220	3	F29PRr1	https://rubalkhali.science/kb/RAK_6000907	29	Rhizosphere	1	2026-07-27T00:00:00	2026-07-27	accepted	Yes	97.9	10.06	8.08	8.08		True	True	True	True	True	ADMITTED_MEASUREMENT	True	True		3	29	Rhizosphere	4.112700328645942	84038.0	1
Trip 3	223	3	F30Sr1	https://rubalkhali.science/kb/RAK_6000913	30	Surface	1	2026-07-27T00:00:00	2026-07-27	accepted	Yes	97.9	10.06	8.04	8.04		True	True	True	True	True	ADMITTED_MEASUREMENT	True	True		3	30	Surface	6.123108802711523	250273.0	1
Trip 3	226	3	F30Dr1	https://rubalkhali.science/kb/RAK_6000910	30	Deep	1	2026-07-27T00:00:00	2026-07-27	accepted	Yes	97.9	10.06	8.16	8.16		True	True	True	True	True	ADMITTED_MEASUREMENT	True	True		3	30	Deep	6.155172392970754	428124.0	1
Trip 3	229	3	F30PRr1	https://rubalkhali.science/kb/RAK_6000916	30	Rhizosphere	1	2026-07-27T00:00:00	2026-07-27	accepted	Yes	97.9	10.06	8.0	8.0		True	True	True	True	True	ADMITTED_MEASUREMENT	True	True		3	30	Rhizosphere	6.016508988066004	284720.0	1
Trip 3	232	3	F31Sr2	https://rubalkhali.science/kb/RAK_6000923	31	Surface	2	2026-07-28T00:00:00	2026-07-28	accepted	Yes	97.7	10.03	7.98	7.98		True	True	True	True	True	ADMITTED_MEASUREMENT	True	True		3	31	Surface	6.341552864373731	481084.0	2
Trip 3	234	3	F31Dr1	https://rubalkhali.science/kb/RAK_6000919	31	Deep	1	2026-07-28T00:00:00	2026-07-28	accepted	Yes	97.7	10.03	7.92	7.92		True	True	True	True	True	ADMITTED_MEASUREMENT	True	True		3	31	Deep	5.057803314179503	234547.0	1
Trip 3	236	3	F31PRr1	https://rubalkhali.science/kb/RAK_6000925	31	Rhizosphere	1	2026-07-28T00:00:00	2026-07-28	accepted	Yes	97.7	10.03	7.9	7.9		True	True	True	True	True	ADMITTED_MEASUREMENT	True	True		3	31	Rhizosphere	4.834535635095026	157247.0	1
Trip 3	239	3	F32Sr1	https://rubalkhali.science/kb/RAK_6000931	32	Surface	1	2026-07-28T00:00:00	2026-07-28	accepted	Yes	97.7	10.03	7.82	7.82		True	True	True	True	True	ADMITTED_MEASUREMENT	True	True		3	32	Surface	6.241930130596004	742902.0	1
Trip 3	242	3	F32Dr1	https://rubalkhali.science/kb/RAK_6000928	32	Deep	1	2026-07-28T00:00:00	2026-07-28	accepted	Yes	97.7	10.03	7.93	7.93		True	True	True	True	True	ADMITTED_MEASUREMENT	True	True		3	32	Deep	6.198962478144205	481265.0	1
Trip 3	245	3	F32PRr1	https://rubalkhali.science/kb/RAK_6000934	32	Rhizosphere	1	2026-07-28T00:00:00	2026-07-28	accepted	Yes	97.7	10.03	7.89	7.89		True	True	True	True	True	ADMITTED_MEASUREMENT	True	True		3	32	Rhizosphere	5.52485947035917	474513.0	1
Trip 3	248	3	F33Sr1	https://rubalkhali.science/kb/RAK_6000940	33	Surface	1	2026-07-28T00:00:00	2026-07-28	accepted	Yes	97.7	10.03	7.93	7.93		True	True	True	True	True	ADMITTED_MEASUREMENT	True	True		3	33	Surface	6.653249116284113	643126.0	1
Trip 3	251	3	F33Dr1	https://rubalkhali.science/kb/RAK_6000937	33	Deep	1	2026-07-28T00:00:00	2026-07-28	accepted	Yes	97.7	10.03	8.01	8.01		True	True	True	True	True	ADMITTED_MEASUREMENT	True	True		3	33	Deep	6.282114960682977	908315.0	2
Trip 3	254	3	F33PRr2	https://rubalkhali.science/kb/RAK_6000944	33	Rhizosphere	2	2026-07-28T00:00:00	2026-07-28	accepted	Yes	97.7	10.03	7.87	7.87		True	True	True	True	True	ADMITTED_MEASUREMENT	True	True		3	33	Rhizosphere	5.868719760748326	256212.0	1
Trip 3	256	3	F34Sr1	https://rubalkhali.science/kb/RAK_6000949	34	Surface	1	2026-07-28T00:00:00	2026-07-28	accepted	Yes	97.7	10.03	7.8	7.8		True	True	True	True	True	ADMITTED_MEASUREMENT	True	True		3	34	Surface	6.173277957412413	1024083.0	2
Trip 3	259	3	F34Dr1	https://rubalkhali.science/kb/RAK_6000946	34	Deep	1	2026-07-28T00:00:00	2026-07-28	accepted	Yes	97.7	10.03	7.79	7.79		True	True	True	True	True	ADMITTED_MEASUREMENT	True	True		3	34	Deep	6.165907088380995	620398.0	1
Trip 3	262	3	F34PRr1	https://rubalkhali.science/kb/RAK_6000952	34	Rhizosphere	1	2026-07-28T00:00:00	2026-07-28	accepted	Yes	97.7	10.03	7.71	7.71		True	True	True	True	True	ADMITTED_MEASUREMENT	True	True		3	34	Rhizosphere	6.064500884285026	317120.0	1
Trip 3	265	3	F35Sr1	https://rubalkhali.science/kb/RAK_6000958	35	Surface	1	2026-07-28T00:00:00	2026-07-28	accepted	Yes	97.7	10.03	8.02	8.02		True	True	True	True	True	ADMITTED_MEASUREMENT	True	True		3	35	Surface	5.741674201226196	1002775.0	1
Trip 3	268	3	F35Dr1	https://rubalkhali.science/kb/RAK_6000955	35	Deep	1	2026-07-28T00:00:00	2026-07-28	accepted	Yes	97.7	10.03	8.17	8.17		True	True	True	True	True	ADMITTED_MEASUREMENT	True	True		3	35	Deep	6.7635342984172375	522563.0	1
Trip 3	271	3	F35PRr1	https://rubalkhali.science/kb/RAK_6000961	35	Rhizosphere	1	2026-07-28T00:00:00	2026-07-28	accepted	Yes	97.7	10.03	7.97	7.97		True	True	True	True	True	ADMITTED_MEASUREMENT	True	True		3	35	Rhizosphere	5.905883249190334	267913.0	1
Trip 3	274	3	F36Sr1	https://rubalkhali.science/kb/RAK_6000967	36	Surface	1	2026-07-28T00:00:00	2026-07-28	accepted	Yes	97.7	10.03	7.88	7.88		True	True	True	True	True	ADMITTED_MEASUREMENT	True	True		3	36	Surface	5.290009042595261	542516.0	1
Trip 3	276	3	F36Dr1	https://rubalkhali.science/kb/RAK_6000964	36	Deep	1	2026-07-28T00:00:00	2026-07-28	accepted	Yes	97.7	10.03	8.07	8.07		True	True	True	True	True	ADMITTED_MEASUREMENT	True	True		3	36	Deep	6.6646639595085535	281621.0	1
Trip 3	279	3	F36PRr1	https://rubalkhali.science/kb/RAK_6000970	36	Rhizosphere	1	2026-07-28T00:00:00	2026-07-28	accepted	Yes	97.7	10.03	7.86	7.86		True	True	True	True	True	ADMITTED_MEASUREMENT	True	True		3	36	Rhizosphere	5.214808105357241	391715.0	1
Trip 3	282	3	F37Sr1	https://rubalkhali.science/kb/RAK_6000976	37	Surface	1	2026-07-28T00:00:00	2026-07-28	accepted	Yes	97.7	10.03	7.98	7.98		True	True	True	True	True	ADMITTED_MEASUREMENT	True	True		3	37	Surface	6.351133115682546	482119.0	1
Trip 3	285	3	F37Dr1	https://rubalkhali.science/kb/RAK_6000973	37	Deep	1	2026-07-28T00:00:00	2026-07-28	accepted	Yes	97.7	10.03	8.09	8.09		True	True	True	True	True	ADMITTED_MEASUREMENT	True	True		3	37	Deep	6.359014845306724	292269.0	1
Trip 3	288	3	F37PRr1	https://rubalkhali.science/kb/RAK_6000979	37	Rhizosphere	1	2026-07-28T00:00:00	2026-07-28	accepted	Yes	97.7	10.03	8.01	8.01		True	True	True	True	True	ADMITTED_MEASUREMENT	True	True		3	37	Rhizosphere	4.418218910042306	565445.0	1
Trip 3	291	3	F38Sr1	https://rubalkhali.science/kb/RAK_6000985	38	Surface	1	2026-07-28T00:00:00	2026-07-28	accepted	Yes	97.7	10.03	7.83	7.83		True	True	True	True	True	ADMITTED_MEASUREMENT	True	True		3	38	Surface	6.092076822254023	577345.0	1
Trip 3	294	3	F38Dr2	https://rubalkhali.science/kb/RAK_6000983	38	Deep	2	2026-07-28T00:00:00	2026-07-28	accepted	Yes	97.7	10.03	8.03	8.03		True	True	True	True	True	ADMITTED_MEASUREMENT	True	True		3	38	Deep	6.309146421605799	768512.0	1
Trip 3	296	3	F38PRr1	https://rubalkhali.science/kb/RAK_6000988	38	Rhizosphere	1	2026-07-28T00:00:00	2026-07-28	accepted	Yes	97.7	10.03	7.88	7.88		True	True	True	True	True	ADMITTED_MEASUREMENT	True	True		3	38	Rhizosphere	5.212490543157568	760982.0	1
Trip 3	299	3	F39Sr1	https://rubalkhali.science/kb/RAK_6000994	39	Surface	1	2026-07-28T00:00:00	2026-07-28	accepted	Yes	97.7	10.03	7.91	7.91		True	True	True	True	True	ADMITTED_MEASUREMENT	True	True		3	39	Surface	5.2999147694736415	346530.0	1
Trip 3	302	3	F39Dr2	https://rubalkhali.science/kb/RAK_6000992	39	Deep	2	2026-07-28T00:00:00	2026-07-28	accepted	Yes	97.7	10.04	8.1	8.1		True	True	True	True	True	ADMITTED_MEASUREMENT	True	True		3	39	Deep	5.630681232570224	601910.0	1
Trip 3	304	3	F39PRr1	https://rubalkhali.science/kb/RAK_6000997	39	Rhizosphere	1	2026-07-28T00:00:00	2026-07-28	accepted	Yes	97.7	10.04	8.06	8.06		True	True	True	True	True	ADMITTED_MEASUREMENT	True	True		3	39	Rhizosphere	4.983464398512691	287978.0	1
Trip 3	306	3	F40Sr1	https://rubalkhali.science/kb/RAK_6001003	40	Surface	1	2026-07-28T00:00:00	2026-07-28	accepted	Yes	97.7	10.04	8.18	8.18		True	True	True	True	True	ADMITTED_MEASUREMENT	True	True		3	40	Surface	5.961780075065056	200089.0	1
Trip 3	309	3	F40Dr1	https://rubalkhali.science/kb/RAK_6001000	40	Deep	1	2026-07-28T00:00:00	2026-07-28	accepted	Yes	97.7	10.04	8.1	8.1		True	True	True	True	True	ADMITTED_MEASUREMENT	True	True		3	40	Deep	6.283889852014715	649811.0	1
Trip 3	312	3	F40PRr1	https://rubalkhali.science/kb/RAK_6001006	40	Rhizosphere	1	2026-07-28T00:00:00	2026-07-28	accepted	Yes	97.7	10.04	8.14	8.14		True	True	True	True	True	ADMITTED_MEASUREMENT	True	True		3	40	Rhizosphere	5.968724988860361	213945.0	1
Trip 3	318	3	F42Sr1	https://rubalkhali.science/kb/RAK_6001021	42	Surface	1	2026-07-28T00:00:00	2026-07-28	accepted	Yes	97.7	10.04	8.11	8.11		True	True	True	True	True	ADMITTED_MEASUREMENT	True	True		3	42	Surface	5.467518011371851	574071.0	1
Trip 3	321	3	F42Dr1	https://rubalkhali.science/kb/RAK_6001018	42	Deep	1	2026-07-28T00:00:00	2026-07-28	accepted	Yes	97.7	10.04	8.2	8.2		True	True	True	True	True	ADMITTED_MEASUREMENT	True	True		3	42	Deep	6.168255888288022	487641.0	1
Trip 3	324	3	F42PRr1	https://rubalkhali.science/kb/RAK_6001024	42	Rhizosphere	1	2026-07-28T00:00:00	2026-07-28	accepted	Yes	97.7	10.04	8.09	8.09		True	True	True	True	True	ADMITTED_MEASUREMENT	True	True		3	42	Rhizosphere	5.905782358916347	395478.0	1
Trip 3	327	3	F43Sr1	https://rubalkhali.science/kb/RAK_6001030	43	Surface	1	13/7/2026	2026-07-13	accepted	Yes	98.8	10.05	8.14	8.14		True	True	True	True	True	ADMITTED_MEASUREMENT	True	True		3	43	Surface	4.735486598300595	389433.0	1
Trip 3	328	3	F43Sr2	https://rubalkhali.science/kb/RAK_6001031	43	Surface	2	13/7/2026	2026-07-13	accepted	Yes	98.8	10.05	8.06	8.06		True	True	True	True	True	ADMITTED_MEASUREMENT	True	True		3	43	Surface	4.869462051213976	514441.0	1
Trip 3	329	3	F43Sr3	https://rubalkhali.science/kb/RAK_6001032	43	Surface	3	13/7/2026	2026-07-13	accepted	Yes	98.8	10.05	8.07	8.07		True	True	True	True	True	ADMITTED_MEASUREMENT	True	True		3	43	Surface	5.915323355637958	421758.0	1
Trip 3	330	3	F43Dr1	https://rubalkhali.science/kb/RAK_6001027	43	Deep	1	13/7/2026	2026-07-13	accepted	Yes	98.8	10.05	7.97	7.97		True	True	True	True	True	ADMITTED_MEASUREMENT	True	True		3	43	Deep	5.735888786792561	990895.0	2
Trip 3	331	3	F43Dr2	https://rubalkhali.science/kb/RAK_6001028	43	Deep	2	13/7/2026	2026-07-13	accepted	Yes	98.8	10.05	8.0	8.0		True	True	True	True	True	ADMITTED_MEASUREMENT	True	True		3	43	Deep	5.471179212220639	530310.0	1
Trip 3	333	3	F43PRr1	https://rubalkhali.science/kb/RAK_6001033	43	Rhizosphere	1	13/7/2026	2026-07-13	accepted	Yes	98.8	10.05	7.95	7.95		True	True	True	True	True	ADMITTED_MEASUREMENT	True	True		3	43	Rhizosphere	6.158250920743135	275336.0	1
Trip 3	334	3	F43PRr2	https://rubalkhali.science/kb/RAK_6001034	43	Rhizosphere	2	13/7/2026	2026-07-13	accepted	Yes	98.8	10.05	7.98	7.98		True	True	True	True	True	ADMITTED_MEASUREMENT	True	True		3	43	Rhizosphere	5.999196028879672	262580.0	1
Trip 3	335	3	F43PRr3	https://rubalkhali.science/kb/RAK_6001035	43	Rhizosphere	3	13/7/2026	2026-07-13	accepted	Yes	98.8	10.05	7.99	7.99		True	True	True	True	True	ADMITTED_MEASUREMENT	True	True		3	43	Rhizosphere	5.8952080130047575	280427.0	1
Trip 3	336	3	F44Sr1	https://rubalkhali.science/kb/RAK_6001039	44	Surface	1	2026-07-28T00:00:00	2026-07-28	accepted	Yes	97.7	10.04	8.06	8.06		True	True	True	True	True	ADMITTED_MEASUREMENT	True	True		3	44	Surface	5.656313835126475	525993.0	1
Trip 3	339	3	F44Dr1	https://rubalkhali.science/kb/RAK_6001036	44	Deep	1	2026-07-28T00:00:00	2026-07-28	accepted	Yes	97.7	10.04	8.01	8.01		True	True	True	True	True	ADMITTED_MEASUREMENT	True	True		3	44	Deep	5.758072871519696	488710.0	1
Trip 3	342	3	F44PRr1	https://rubalkhali.science/kb/RAK_6001042	44	Rhizosphere	1	2026-07-28T00:00:00	2026-07-28	accepted	Yes	97.7	10.04	8.07	8.07		True	True	True	True	True	ADMITTED_MEASUREMENT	True	True		3	44	Rhizosphere	3.67554805256823	226793.0	1
Trip 3	345	3	F45Sr1	https://rubalkhali.science/kb/RAK_6001048	45	Surface	1	13/7/2026	2026-07-13	accepted	Yes	98.8	10.06	8.12	8.12		True	True	True	True	True	ADMITTED_MEASUREMENT	True	True		3	45	Surface	3.7772646794581526	393793.0	1
Trip 3	346	3	F45Sr2	https://rubalkhali.science/kb/RAK_6001049	45	Surface	2	13/7/2026	2026-07-13	accepted	Yes	98.8	10.06	8.14	8.14		True	True	True	True	True	ADMITTED_MEASUREMENT	True	True		3	45	Surface	3.769223220636338	316490.0	1
Trip 3	347	3	F45Sr3	https://rubalkhali.science/kb/RAK_6001050	45	Surface	3	13/7/2026	2026-07-13	accepted	Yes	98.8	10.06	8.17	8.17		True	True	True	True	True	ADMITTED_MEASUREMENT	True	True		3	45	Surface	5.891655258614282	118003.0	1
Trip 3	348	3	F45Dr1	https://rubalkhali.science/kb/RAK_6001045	45	Deep	1	13/7/2026	2026-07-13	accepted	Yes	98.8	10.06	8.26	8.26		True	True	True	True	True	ADMITTED_MEASUREMENT	True	True		3	45	Deep	5.987744626326704	403814.0	1
Trip 3	349	3	F45Dr2	https://rubalkhali.science/kb/RAK_6001046	45	Deep	2	13/7/2026	2026-07-13	accepted	Yes	98.8	10.06	8.34	8.34		True	True	True	True	True	ADMITTED_MEASUREMENT	True	True		3	45	Deep	6.161929020055002	371060.0	1
Trip 3	350	3	F45Dr3	https://rubalkhali.science/kb/RAK_6001047	45	Deep	3	13/7/2026	2026-07-13	accepted	Yes	98.8	10.06	8.33	8.33		True	True	True	True	True	ADMITTED_MEASUREMENT	True	True		3	45	Deep	5.738693505080592	250343.0	1
Trip 3	351	3	F45PRr1	https://rubalkhali.science/kb/RAK_6001051	45	Rhizosphere	1	13/7/2026	2026-07-13	accepted	Yes	98.8	10.06	7.87	7.87		True	True	True	True	True	ADMITTED_MEASUREMENT	True	True		3	45	Rhizosphere	6.696396691023812	216284.0	1
Trip 3	352	3	F45PRr2	https://rubalkhali.science/kb/RAK_6001052	45	Rhizosphere	2	13/7/2026	2026-07-13	accepted	Yes	98.8	10.06	8.0	8.0		True	True	True	True	True	ADMITTED_MEASUREMENT	True	True		3	45	Rhizosphere	6.613511387084749	200138.0	1
Trip 3	353	3	F45PRr3	https://rubalkhali.science/kb/RAK_6001053	45	Rhizosphere	3	13/7/2026	2026-07-13	accepted	Yes	98.8	10.06	7.96	7.96		True	True	True	True	True	ADMITTED_MEASUREMENT	True	True		3	45	Rhizosphere	6.805622286030393	231644.0	1
Trip 3	354	3	F46Sr2	https://rubalkhali.science/kb/RAK_6001058	46	Surface	2	2026-07-28T00:00:00	2026-07-28	accepted	Yes	97.7	10.04	8.05	8.05		True	True	True	True	True	ADMITTED_MEASUREMENT	True	True		3	46	Surface	3.2813298747937614	58312.0	1
Trip 3	355	3	F46Dr1	https://rubalkhali.science/kb/RAK_6001054	46	Deep	1	2026-07-28T00:00:00	2026-07-28	accepted	Yes	97.7	10.04	8.13	8.13		True	True	True	True	True	ADMITTED_MEASUREMENT	True	True		3	46	Deep	5.721940515696714	202959.0	1
Trip 3	356	3	F47Sr3	https://rubalkhali.science/kb/RAK_6001068	47	Surface	3	2026-07-28T00:00:00	2026-07-28	accepted	Yes	97.7	10.04	8.12	8.12		True	True	True	True	True	ADMITTED_MEASUREMENT	True	True		3	47	Surface	2.6796441065151626	40903.0	1
Trip 3	357	3	F47Dr1	https://rubalkhali.science/kb/RAK_6001063	47	Deep	1	2026-07-28T00:00:00	2026-07-28	accepted	Yes	97.7	10.04	8.04	8.04		True	True	True	True	True	ADMITTED_MEASUREMENT	True	True		3	47	Deep	4.252646063880515	169811.0	1
Trip 3	359	3	F47PRr1	https://rubalkhali.science/kb/RAK_6001069	47	Rhizosphere	1	2026-07-28T00:00:00	2026-07-28	accepted	Yes	97.7	10.04	8.16	8.16		True	True	True	True	True	ADMITTED_MEASUREMENT	True	True		3	47	Rhizosphere	3.2728405414738537	243812.0	2
Trip 3	365	3	F48Dr1	https://rubalkhali.science/kb/RAK_6001072	48	Deep	1	2026-07-28T00:00:00	2026-07-28	accepted	Yes	97.7	10.04	8.21	8.21		True	True	True	True	True	ADMITTED_MEASUREMENT	True	True		3	48	Deep	5.745275770462928	172934.0	1
Trip 3	371	3	F49Sr1	https://rubalkhali.science/kb/RAK_6001084	49	Surface	1	2026-07-28T00:00:00	2026-07-28	accepted	Yes	97.7	10.04	8.09	8.09		True	True	True	True	True	ADMITTED_MEASUREMENT	True	True		3	49	Surface	4.511800938271897	326946.0	1
Trip 3	374	3	F49Dr1	https://rubalkhali.science/kb/RAK_6001081	49	Deep	1	2026-07-28T00:00:00	2026-07-28	accepted	Yes	97.7	10.04	7.94	7.94		True	True	True	True	True	ADMITTED_MEASUREMENT	True	True		3	49	Deep	5.465084659841859	240170.0	1
Trip 3	377	3	F49PRr1	https://rubalkhali.science/kb/RAK_6001087	49	Rhizosphere	1	2026-07-28T00:00:00	2026-07-28	accepted	Yes	97.7	10.04	7.9	7.9		True	True	True	True	True	ADMITTED_MEASUREMENT	True	True		3	49	Rhizosphere	5.9815017868809015	271109.0	1
Trip 3	380	3	F50Sr1	https://rubalkhali.science/kb/RAK_6001093	50	Surface	1	2026-07-28T00:00:00	2026-07-28	accepted	Yes	97.7	10.04	8.19	8.19		True	True	True	True	True	ADMITTED_MEASUREMENT	True	True		3	50	Surface	6.622251536486525	349574.0	1
Trip 3	382	3	F50Dr1	https://rubalkhali.science/kb/RAK_6001090	50	Deep	1	2026-07-28T00:00:00	2026-07-28	accepted	Yes	97.7	10.04	8.09	8.09		True	True	True	True	True	ADMITTED_MEASUREMENT	True	True		3	50	Deep	5.79447650157836	515008.0	1
Trip 3	385	3	F50PRr1	https://rubalkhali.science/kb/RAK_6001096	50	Rhizosphere	1	2026-07-28T00:00:00	2026-07-28	accepted	Yes	97.7	10.04	8.2	8.2		True	True	True	True	True	ADMITTED_MEASUREMENT	True	True		3	50	Rhizosphere	5.662393099776602	210458.0	1
Trip 3	388	3	F51Sr3	https://rubalkhali.science/kb/RAK_6001104	51	Surface	3	2026-07-28T00:00:00	2026-07-28	accepted	Yes	97.7	10.04	8.43	8.43		True	True	True	True	True	ADMITTED_MEASUREMENT	True	True		3	51	Surface	5.320683031468111	517307.0	2
Trip 3	389	3	F51Dr3	https://rubalkhali.science/kb/RAK_6001101	51	Deep	3	2026-07-28T00:00:00	2026-07-28	accepted	Yes	97.7	10.04	8.38	8.38		True	True	True	True	True	ADMITTED_MEASUREMENT	True	True		3	51	Deep	5.219498393303304	304280.0	1
Trip 3	391	3	F51PRr2	https://rubalkhali.science/kb/RAK_6001106	51	Rhizosphere	2	2026-07-29T00:00:00	2026-07-29	accepted	Yes	97.6	10.03	8.37	8.37		True	True	True	True	True	ADMITTED_MEASUREMENT	True	True		3	51	Rhizosphere	5.521640312327223	378239.0	1
Trip 3	393	3	F52Sr1	https://rubalkhali.science/kb/RAK_6001111	52	Surface	1	2026-07-29T00:00:00	2026-07-29	accepted	Yes	97.6	10.03	8.41	8.41		True	True	True	True	True	ADMITTED_MEASUREMENT	True	True		3	52	Surface	3.5058505200303287	113146.0	1
Trip 3	396	3	F53Sr3	https://rubalkhali.science/kb/RAK_6001122	53	Surface	3	2026-07-29T00:00:00	2026-07-29	accepted	Yes	97.6	10.03	8.27	8.27		True	True	True	True	True	ADMITTED_MEASUREMENT	True	True		3	53	Surface	4.717959326040593	208040.0	1
Trip 3	397	3	F53Dr1	https://rubalkhali.science/kb/RAK_6001117	53	Deep	1	2026-07-29T00:00:00	2026-07-29	accepted	Yes	97.6	10.03	8.3	8.3		True	True	True	True	True	ADMITTED_MEASUREMENT	True	True		3	53	Deep	3.223772440118486	96844.0	1
Trip 3	400	3	F53PRr1	https://rubalkhali.science/kb/RAK_6001123	53	Rhizosphere	1	2026-07-29T00:00:00	2026-07-29	accepted	Yes	97.6	10.03	8.2	8.2		True	True	True	True	True	ADMITTED_MEASUREMENT	True	True		3	53	Rhizosphere	5.849047752168181	459016.0	1
Trip 3	401	3	F54PRr2	https://rubalkhali.science/kb/RAK_6001133	54	Rhizosphere	2	2026-07-29T00:00:00	2026-07-29	accepted	Yes	97.6	10.03	8.1	8.1		True	True	True	True	True	ADMITTED_MEASUREMENT	True	True		3	54	Rhizosphere	4.54176949589219	309479.0	1
Trip 3	403	3	F56Sr2	https://rubalkhali.science/kb/RAK_6001148	56	Surface	2	2026-07-29T00:00:00	2026-07-29	accepted	Yes	97.6	10.03	8.14	8.14		True	True	True	True	True	ADMITTED_MEASUREMENT	True	True		3	56	Surface	2.576878510082256	173064.0	2
Trip 3	405	3	F57Sr3	https://rubalkhali.science/kb/RAK_6001158	57	Surface	3	2026-07-29T00:00:00	2026-07-29	accepted	Yes	97.6	10.03	8.34	8.34		True	True	True	True	True	ADMITTED_MEASUREMENT	True	True		3	57	Surface	2.657222560061575	196960.0	2
Trip 3	406	3	F57Dr1	https://rubalkhali.science/kb/RAK_6001153	57	Deep	1	2026-07-29T00:00:00	2026-07-29	accepted	Yes	97.6	10.03	8.39	8.39		True	True	True	True	True	ADMITTED_MEASUREMENT	True	True		3	57	Deep	2.756038017914311	187849.0	2
Trip 3	407	3	F57PRr1	https://rubalkhali.science/kb/RAK_6001159	57	Rhizosphere	1	2026-07-29T00:00:00	2026-07-29	accepted	Yes	97.6	10.03	8.42	8.42		True	True	True	True	True	ADMITTED_MEASUREMENT	True	True		3	57	Rhizosphere	5.334178452899562	29725.0	1
Trip 3	410	3	F58Sr1	https://rubalkhali.science/kb/RAK_6001165	58	Surface	1	2026-07-29T00:00:00	2026-07-29	accepted	Yes	97.6	10.03	8.23	8.23		True	True	True	True	True	ADMITTED_MEASUREMENT	True	True		3	58	Surface	5.939153906873768	102606.0	1
Trip 3	413	3	F58Dr1	https://rubalkhali.science/kb/RAK_6001162	58	Deep	1	2026-07-29T00:00:00	2026-07-29	accepted	Yes	97.6	10.03	8.28	8.28		True	True	True	True	True	ADMITTED_MEASUREMENT	True	True		3	58	Deep	3.1615361807128384	9890.0	2
Trip 3	414	3	F58PRr1	https://rubalkhali.science/kb/RAK_6001168	58	Rhizosphere	1	2026-07-29T00:00:00	2026-07-29	accepted	Yes	97.6	10.03	8.38	8.38		True	True	True	True	True	ADMITTED_MEASUREMENT	True	True		3	58	Rhizosphere	4.911621126797658	159636.0	1
Trip 3	419	3	F59Sr3	https://rubalkhali.science/kb/RAK_6001176	59	Surface	3	2026-07-29T00:00:00	2026-07-29	accepted	Yes	97.6	10.03	8.49	8.49		True	True	True	True	True	ADMITTED_MEASUREMENT	True	True		3	59	Surface	2.9972352957180557	51989.0	2
Trip 3	422	3	F60Sr1	https://rubalkhali.science/kb/RAK_6001183	60	Surface	1	2026-07-29T00:00:00	2026-07-29	accepted	Yes	97.6	10.03	8.53	8.53		True	True	True	True	True	ADMITTED_MEASUREMENT	True	True		3	60	Surface	5.631379641233023	37238.0	1
Trip 3	425	3	F60PRr1	https://rubalkhali.science/kb/RAK_6001186	60	Rhizosphere	1	2026-07-29T00:00:00	2026-07-29	accepted	Yes	97.6	10.03	8.46	8.46		True	True	True	True	True	ADMITTED_MEASUREMENT	True	True		3	60	Rhizosphere	4.711892500868999	121034.0	2
Trip 4	10	4	S4Sr1	https://rubalkhali.science/kb/RAK_6001219	4	Surface	1	2026-07-29T00:00:00	2026-07-29	accepted	Yes	97.6	10.07	8.07	8.07		True	True	True	True	True	ADMITTED_MEASUREMENT	True	True		4	4	Surface	6.377092757676245	391895.0	1
Trip 4	11	4	S4Dr1	https://rubalkhali.science/kb/RAK_6001216	4	Deep	1	2026-07-29T00:00:00	2026-07-29	accepted	Yes	97.6	10.07	7.8	7.8		True	True	True	True	True	ADMITTED_MEASUREMENT	True	True		4	4	Deep	6.924245243251809	416306.0	1
Trip 4	12	4	S4PRr1	https://rubalkhali.science/kb/RAK_6001222	4	Rhizosphere	1	2026-07-29T00:00:00	2026-07-29	accepted	Yes	97.6	10.07	7.72	7.72		True	True	True	True	True	ADMITTED_MEASUREMENT	True	True		4	4	Rhizosphere	6.094916872887098	194618.0	1
Trip 4	13	4	S5Sr1	https://rubalkhali.science/kb/RAK_6001228	5	Surface	1	2026-07-29T00:00:00	2026-07-29	accepted	Yes	97.6	10.07	8.04	8.04		True	True	True	True	True	ADMITTED_MEASUREMENT	True	True		4	5	Surface	6.106081346858195	112226.0	1
Trip 4	14	4	S5Dr1	https://rubalkhali.science/kb/RAK_6001225	5	Deep	1	2026-07-29T00:00:00	2026-07-29	accepted	Yes	97.6	10.07	7.86	7.86		True	True	True	True	True	ADMITTED_MEASUREMENT	True	True		4	5	Deep	5.760700443372139	380915.0	1
Trip 4	15	4	S5PRr1	https://rubalkhali.science/kb/RAK_6001231	5	Rhizosphere	1	2026-07-29T00:00:00	2026-07-29	accepted	Yes	97.6	10.07	7.7	7.7		True	True	True	True	True	ADMITTED_MEASUREMENT	True	True		4	5	Rhizosphere	6.164922994825995	362651.0	1
Trip 4	23	4	S8Dr1	https://rubalkhali.science/kb/RAK_6001252	8	Deep	1	2026-07-29T00:00:00	2026-07-29	accepted	Yes	97.6	10.07	7.64	7.64		True	True	True	True	True	ADMITTED_MEASUREMENT	True	True		4	8	Deep	6.067506811133061	583897.0	1
Trip 4	24	4	S8PRr1	https://rubalkhali.science/kb/RAK_6001258	8	Rhizosphere	1	2026-07-29T00:00:00	2026-07-29	accepted	Yes	97.6	10.07	7.57	7.57		True	True	True	True	True	ADMITTED_MEASUREMENT	True	True		4	8	Rhizosphere	6.637149742968954	563748.0	1
Trip 4	25	4	S9Sr1	https://rubalkhali.science/kb/RAK_6001264	9	Surface	1	2026-07-29T00:00:00	2026-07-29	accepted	Yes	97.6	10.07	7.65	7.65		True	True	True	True	True	ADMITTED_MEASUREMENT	True	True		4	9	Surface	6.1958488266800105	518496.0	1
Trip 4	26	4	S9Dr1	https://rubalkhali.science/kb/RAK_6001261	9	Deep	1	2026-07-29T00:00:00	2026-07-29	accepted	Yes	97.6	10.07	7.56	7.56		True	True	True	True	True	ADMITTED_MEASUREMENT	True	True		4	9	Deep	5.881963056085239	339715.0	1
Trip 4	27	4	S9PRr1	https://rubalkhali.science/kb/RAK_6001267	9	Rhizosphere	1	2026-07-29T00:00:00	2026-07-29	accepted	Yes	97.6	10.07	7.61	7.61		True	True	True	True	True	ADMITTED_MEASUREMENT	True	True		4	9	Rhizosphere	5.093271029897695	99086.0	1
Trip 4	28	4	S10Sr1	https://rubalkhali.science/kb/RAK_6001273	10	Surface	1	2026-07-29T00:00:00	2026-07-29	accepted	Yes	97.6	10.07	7.53	7.53		True	True	True	True	True	ADMITTED_MEASUREMENT	True	True		4	10	Surface	6.283618337633388	448414.0	1
Trip 4	29	4	S10Dr1	https://rubalkhali.science/kb/RAK_6001270	10	Deep	1	2026-07-29T00:00:00	2026-07-29	accepted	Yes	97.6	10.07	7.4	7.4		True	True	True	True	True	ADMITTED_MEASUREMENT	True	True		4	10	Deep	6.139390696495916	427301.0	1
Trip 4	30	4	S10PRr1	https://rubalkhali.science/kb/RAK_6001276	10	Rhizosphere	1	2026-07-29T00:00:00	2026-07-29	accepted	Yes	97.6	10.07	7.51	7.51		True	True	True	True	True	ADMITTED_MEASUREMENT	True	True		4	10	Rhizosphere	3.3025685354410736	175679.0	1
Trip 4	31	4	S11Sr1	https://rubalkhali.science/kb/RAK_6001282	11	Surface	1	2026-07-29T00:00:00	2026-07-29	accepted	Yes	97.6	10.07	7.83	7.83		True	True	True	True	True	ADMITTED_MEASUREMENT	True	True		4	11	Surface	5.858415978396275	490941.0	1
Trip 4	32	4	S11Dr1	https://rubalkhali.science/kb/RAK_6001279	11	Deep	1	2026-07-29T00:00:00	2026-07-29	accepted	Yes	97.6	10.07	7.9	7.9		True	True	True	True	True	ADMITTED_MEASUREMENT	True	True		4	11	Deep	6.459004331847418	443602.0	1
Trip 4	33	4	S11PRr1	https://rubalkhali.science/kb/RAK_6001285	11	Rhizosphere	1	2026-07-29T00:00:00	2026-07-29	accepted	Yes	97.6	10.07	7.79	7.79		True	True	True	True	True	ADMITTED_MEASUREMENT	True	True		4	11	Rhizosphere	6.022684181478236	259816.0	1
Trip 4	34	4	S12Sr1	https://rubalkhali.science/kb/RAK_6001291	12	Surface	1	2026-07-29T00:00:00	2026-07-29	accepted	Yes	97.6	10.07	7.84	7.84		True	True	True	True	True	ADMITTED_MEASUREMENT	True	True		4	12	Surface	6.202477859780965	883286.0	1
Trip 4	35	4	S12Dr1	https://rubalkhali.science/kb/RAK_6001288	12	Deep	1	2026-07-29T00:00:00	2026-07-29	accepted	Yes	97.6	10.05	8.16	8.16		True	True	True	True	True	ADMITTED_MEASUREMENT	True	True		4	12	Deep	6.721066496980293	637514.0	1
Trip 4	36	4	S12PRr1	https://rubalkhali.science/kb/RAK_6001294	12	Rhizosphere	1	2026-07-29T00:00:00	2026-07-29	accepted	Yes	97.6	10.05	8.1	8.1		True	True	True	True	True	ADMITTED_MEASUREMENT	True	True		4	12	Rhizosphere	6.22594728558695	290486.0	1
Trip 4	37	4	S13Sr1	https://rubalkhali.science/kb/RAK_6001300	13	Surface	1	2026-07-29T00:00:00	2026-07-29	accepted	Yes	97.6	10.05	8.04	8.04		True	True	True	True	True	ADMITTED_MEASUREMENT	True	True		4	13	Surface	6.288791477240704	569978.0	1
Trip 4	38	4	S13Dr1	https://rubalkhali.science/kb/RAK_6001297	13	Deep	1	2026-07-29T00:00:00	2026-07-29	accepted	Yes	97.6	10.05	7.86	7.86		True	True	True	True	True	ADMITTED_MEASUREMENT	True	True		4	13	Deep	6.609463819196131	602152.0	1
Trip 4	39	4	S13PRr1	https://rubalkhali.science/kb/RAK_6001303	13	Rhizosphere	1	2026-07-29T00:00:00	2026-07-29	accepted	Yes	97.6	10.05	7.93	7.93		True	True	True	True	True	ADMITTED_MEASUREMENT	True	True		4	13	Rhizosphere	6.953695777559904	519732.0	1
Trip 4	40	4	S14Sr1	https://rubalkhali.science/kb/RAK_6001309	14	Surface	1	2026-07-29T00:00:00	2026-07-29	accepted	Yes	97.6	10.05	8.0	8.0		True	True	True	True	True	ADMITTED_MEASUREMENT	True	True		4	14	Surface	6.1113133032540485	403700.0	1
Trip 4	41	4	S14Dr1	https://rubalkhali.science/kb/RAK_6001306	14	Deep	1	2026-07-29T00:00:00	2026-07-29	accepted	Yes	97.6	10.05	7.9	7.9		True	True	True	True	True	ADMITTED_MEASUREMENT	True	True		4	14	Deep	6.71733454374162	652895.0	1
Trip 4	42	4	S14PRr1	https://rubalkhali.science/kb/RAK_6001312	14	Rhizosphere	1	2026-07-29T00:00:00	2026-07-29	accepted	Yes	97.6	10.05	7.96	7.96		True	True	True	True	True	ADMITTED_MEASUREMENT	True	True		4	14	Rhizosphere	3.468795825830496	209711.0	1
Trip 4	43	4	S15Sr1	https://rubalkhali.science/kb/RAK_6001318	15	Surface	1	2026-07-29T00:00:00	2026-07-29	accepted	Yes	97.6	10.05	7.88	7.88		True	True	True	True	True	ADMITTED_MEASUREMENT	True	True		4	15	Surface	7.263797910675005	594496.0	1
Trip 4	44	4	S15Dr1	https://rubalkhali.science/kb/RAK_6001315	15	Deep	1	2026-07-29T00:00:00	2026-07-29	accepted	Yes	97.6	10.05	7.77	7.77		True	True	True	True	True	ADMITTED_MEASUREMENT	True	True		4	15	Deep	7.394971022945971	477736.0	1
Trip 4	45	4	S15PRr1	https://rubalkhali.science/kb/RAK_6001321	15	Rhizosphere	1	2026-07-29T00:00:00	2026-07-29	accepted	Yes	97.6	10.05	7.85	7.85		True	True	True	True	True	ADMITTED_MEASUREMENT	True	True		4	15	Rhizosphere	7.385921175912815	355904.0	1
Trip 4	46	4	S16Sr1	https://rubalkhali.science/kb/RAK_6001327	16	Surface	1	2026-07-29T00:00:00	2026-07-29	accepted	Yes	97.6	10.05	7.7	7.7		True	True	True	True	True	ADMITTED_MEASUREMENT	True	True		4	16	Surface	6.986790961079451	618043.0	1
Trip 4	47	4	S16Dr1	https://rubalkhali.science/kb/RAK_6001324	16	Deep	1	2026-07-29T00:00:00	2026-07-29	accepted	Yes	97.6	10.05	7.64	7.64		True	True	True	True	True	ADMITTED_MEASUREMENT	True	True		4	16	Deep	6.988248774377627	475095.0	1
Trip 4	48	4	S16PRr1	https://rubalkhali.science/kb/RAK_6001330	16	Rhizosphere	1	2026-07-29T00:00:00	2026-07-29	accepted	Yes	97.6	10.05	7.87	7.87		True	True	True	True	True	ADMITTED_MEASUREMENT	True	True		4	16	Rhizosphere	6.349438556654757	357655.0	1
Trip 4	49	4	S17Sr1	https://rubalkhali.science/kb/RAK_6001336	17	Surface	1	2026-07-29T00:00:00	2026-07-29	accepted	Yes	97.6	10.05	7.9	7.9		True	True	True	True	True	ADMITTED_MEASUREMENT	True	True		4	17	Surface	6.61397289381036	481857.0	1
Trip 4	50	4	S17Dr1	https://rubalkhali.science/kb/RAK_6001333	17	Deep	1	2026-07-29T00:00:00	2026-07-29	accepted	Yes	97.6	10.05	7.71	7.71		True	True	True	True	True	ADMITTED_MEASUREMENT	True	True		4	17	Deep	6.099334066545082	522026.0	1
Trip 4	51	4	S17PRr1	https://rubalkhali.science/kb/RAK_6001339	17	Rhizosphere	1	2026-07-29T00:00:00	2026-07-29	accepted	Yes	97.6	10.05	7.99	7.99		True	True	True	True	True	ADMITTED_MEASUREMENT	True	True		4	17	Rhizosphere	6.375092202822419	195282.0	1
Trip 4	52	4	S18Sr1	https://rubalkhali.science/kb/RAK_6001345	18	Surface	1	2026-07-29T00:00:00	2026-07-29	accepted	Yes	97.6	10.05	8.06	8.06		True	True	True	True	True	ADMITTED_MEASUREMENT	True	True		4	18	Surface	6.395447581504357	300562.0	1
Trip 4	53	4	S18Dr1	https://rubalkhali.science/kb/RAK_6001342	18	Deep	1	2026-07-29T00:00:00	2026-07-29	accepted	Yes	97.6	10.05	7.9	7.9		True	True	True	True	True	ADMITTED_MEASUREMENT	True	True		4	18	Deep	5.788951945446459	342752.0	1
Trip 4	54	4	S18PRr1	https://rubalkhali.science/kb/RAK_6001348	18	Rhizosphere	1	2026-07-29T00:00:00	2026-07-29	accepted	Yes	97.6	10.05	7.83	7.83		True	True	True	True	True	ADMITTED_MEASUREMENT	True	True		4	18	Rhizosphere	3.379013336291713	13267.0	1
Trip 4	55	4	S19Sr1	https://rubalkhali.science/kb/RAK_6001354	19	Surface	1	2026-07-29T00:00:00	2026-07-29	accepted	Yes	97.6	10.05	7.86	7.86		True	True	True	True	True	ADMITTED_MEASUREMENT	True	True		4	19	Surface	6.89843646118626	533436.0	1
Trip 4	56	4	S19Dr1	https://rubalkhali.science/kb/RAK_6001351	19	Deep	1	2026-07-29T00:00:00	2026-07-29	accepted	Yes	97.6	10.05	7.7	7.7		True	True	True	True	True	ADMITTED_MEASUREMENT	True	True		4	19	Deep	6.5178136445412775	167221.0	1
Trip 4	57	4	S19PRr1	https://rubalkhali.science/kb/RAK_6001357	19	Rhizosphere	1	2026-07-29T00:00:00	2026-07-29	accepted	Yes	97.6	10.05	7.64	7.64		True	True	True	True	True	ADMITTED_MEASUREMENT	True	True		4	19	Rhizosphere	6.781350961754551	294742.0	1
Trip 4	58	4	S20Sr1	https://rubalkhali.science/kb/RAK_6001363	20	Surface	1	2026-07-30T00:00:00	2026-07-30	accepted	Yes	97.0	10.05	7.97	7.97		True	True	True	True	True	ADMITTED_MEASUREMENT	True	True		4	20	Surface	7.064559514200382	484245.0	1
Trip 4	59	4	S20Dr1	https://rubalkhali.science/kb/RAK_6001360	20	Deep	1	2026-07-30T00:00:00	2026-07-30	accepted	Yes	97.0	10.05	7.75	7.75		True	True	True	True	True	ADMITTED_MEASUREMENT	True	True		4	20	Deep	6.428882290378126	488075.0	1
Trip 4	60	4	S20PRr1	https://rubalkhali.science/kb/RAK_6001366	20	Rhizosphere	1	2026-07-30T00:00:00	2026-07-30	accepted	Yes	97.0	10.05	7.71	7.71		True	True	True	True	True	ADMITTED_MEASUREMENT	True	True		4	20	Rhizosphere	5.657902928232527	198502.0	1
Trip 4	61	4	S21Sr1	https://rubalkhali.science/kb/RAK_6001372	21	Surface	1	2026-07-30T00:00:00	2026-07-30	accepted	Yes	97.0	10.05	7.81	7.81		True	True	True	True	True	ADMITTED_MEASUREMENT	True	True		4	21	Surface	6.475178747481713	379049.0	1
Trip 4	62	4	S21Dr1	https://rubalkhali.science/kb/RAK_6001369	21	Deep	1	2026-07-30T00:00:00	2026-07-30	accepted	Yes	97.0	10.05	7.93	7.93		True	True	True	True	True	ADMITTED_MEASUREMENT	True	True		4	21	Deep	6.561423299362915	483111.0	1
Trip 4	63	4	S21PRr1	https://rubalkhali.science/kb/RAK_6001375	21	Rhizosphere	1	2026-07-30T00:00:00	2026-07-30	accepted	Yes	97.0	10.05	7.84	7.84		True	True	True	True	True	ADMITTED_MEASUREMENT	True	True		4	21	Rhizosphere	5.369605541768196	137986.0	1
Trip 4	64	4	S22Sr1	https://rubalkhali.science/kb/RAK_6001381	22	Surface	1	2026-07-30T00:00:00	2026-07-30	accepted	Yes	97.0	10.05	7.76	7.76		True	True	True	True	True	ADMITTED_MEASUREMENT	True	True		4	22	Surface	7.029118046914952	412497.0	1
Trip 4	65	4	S22Dr1	https://rubalkhali.science/kb/RAK_6001378	22	Deep	1	2026-07-30T00:00:00	2026-07-30	accepted	Yes	97.0	10.05	7.66	7.66		True	True	True	True	True	ADMITTED_MEASUREMENT	True	True		4	22	Deep	6.089392790651319	478018.0	1
Trip 4	66	4	S22PRr1	https://rubalkhali.science/kb/RAK_6001384	22	Rhizosphere	1	2026-07-30T00:00:00	2026-07-30	accepted	Yes	97.0	10.05	7.74	7.74		True	True	True	True	True	ADMITTED_MEASUREMENT	True	True		4	22	Rhizosphere	6.094239619535446	527445.0	1
Trip 4	67	4	S23Sr1	https://rubalkhali.science/kb/RAK_6001390	23	Surface	1	2026-07-30T00:00:00	2026-07-30	accepted	Yes	97.0	10.05	7.81	7.81		True	True	True	True	True	ADMITTED_MEASUREMENT	True	True		4	23	Surface	6.427701152221683	541334.0	1
Trip 4	68	4	S23Dr1	https://rubalkhali.science/kb/RAK_6001387	23	Deep	1	2026-07-30T00:00:00	2026-07-30	accepted	Yes	97.0	10.05	7.95	7.95		True	True	True	True	True	ADMITTED_MEASUREMENT	True	True		4	23	Deep	4.929152155428601	160888.0	1
Trip 4	69	4	S23PRr1	https://rubalkhali.science/kb/RAK_6001393	23	Rhizosphere	1	2026-07-30T00:00:00	2026-07-30	accepted	Yes	97.0	10.05	7.91	7.91		True	True	True	True	True	ADMITTED_MEASUREMENT	True	True		4	23	Rhizosphere	5.393661007447929	296625.0	1
Trip 4	70	4	S24Sr1	https://rubalkhali.science/kb/RAK_6001399	24	Surface	1	2026-07-30T00:00:00	2026-07-30	accepted	Yes	97.0	10.05	7.76	7.76		True	True	True	True	True	ADMITTED_MEASUREMENT	True	True		4	24	Surface	6.584388471408566	565700.0	1
Trip 4	71	4	S24Dr1	https://rubalkhali.science/kb/RAK_6001396	24	Deep	1	2026-07-30T00:00:00	2026-07-30	accepted	Yes	97.0	10.05	7.63	7.63		True	True	True	True	True	ADMITTED_MEASUREMENT	True	True		4	24	Deep	5.830864835951341	528256.0	1
Trip 4	72	4	S24PRr1	https://rubalkhali.science/kb/RAK_6001402	24	Rhizosphere	1	2026-07-30T00:00:00	2026-07-30	accepted	Yes	97.0	10.05	7.71	7.71		True	True	True	True	True	ADMITTED_MEASUREMENT	True	True		4	24	Rhizosphere	6.675424542975416	490020.0	1
Trip 4	74	4	S25Dr1	https://rubalkhali.science/kb/RAK_6001405	25	Deep	1	2026-07-30T00:00:00	2026-07-30	accepted	Yes	97.0	10.05	7.69	7.69		True	True	True	True	True	ADMITTED_MEASUREMENT	True	True		4	25	Deep	6.346225375817353	388881.0	1
Trip 4	75	4	S25PRr1	https://rubalkhali.science/kb/RAK_6001411	25	Rhizosphere	1	2026-07-30T00:00:00	2026-07-30	accepted	Yes	97.0	10.05	7.78	7.78		True	True	True	True	True	ADMITTED_MEASUREMENT	True	True		4	25	Rhizosphere	5.761429369124235	242997.0	1
Trip 4	76	4	S26Sr1	https://rubalkhali.science/kb/RAK_6001417	26	Surface	1	2026-07-30T00:00:00	2026-07-30	accepted	Yes	97.0	10.05	7.61	7.61		True	True	True	True	True	ADMITTED_MEASUREMENT	True	True		4	26	Surface	6.649183766341992	491484.0	1
Trip 4	77	4	S26Dr1	https://rubalkhali.science/kb/RAK_6001414	26	Deep	1	2026-07-30T00:00:00	2026-07-30	accepted	Yes	97.0	10.05	7.7	7.7		True	True	True	True	True	ADMITTED_MEASUREMENT	True	True		4	26	Deep	6.514770403695425	512137.0	1
Trip 4	78	4	S26PRr1	https://rubalkhali.science/kb/RAK_6001420	26	Rhizosphere	1	2026-07-30T00:00:00	2026-07-30	accepted	Yes	97.0	10.05	7.75	7.75		True	True	True	True	True	ADMITTED_MEASUREMENT	True	True		4	26	Rhizosphere	4.754408197044837	52990.0	1
Trip 4	80	4	S27Dr1	https://rubalkhali.science/kb/RAK_6001423	27	Deep	1	2026-07-30T00:00:00	2026-07-30	accepted	Yes	97.0	10.05	7.77	7.77		True	True	True	True	True	ADMITTED_MEASUREMENT	True	True		4	27	Deep	6.776141627536706	509270.0	1
Trip 4	81	4	S27PRr1	https://rubalkhali.science/kb/RAK_6001429	27	Rhizosphere	1	2026-07-30T00:00:00	2026-07-30	accepted	Yes	97.0	10.05	7.82	7.82		True	True	True	True	True	ADMITTED_MEASUREMENT	True	True		4	27	Rhizosphere	5.822079257246583	361496.0	1
Trip 4	83	4	S28Dr2	https://rubalkhali.science/kb/RAK_6001433	28	Deep	2	2026-07-30T00:00:00	2026-07-30	accepted	Yes	97.0	10.05	7.98	7.98		True	True	True	True	True	ADMITTED_MEASUREMENT	True	True		4	28	Deep	6.579261011245471	446785.0	1
Trip 4	84	4	S28PRr1	https://rubalkhali.science/kb/RAK_6001438	28	Rhizosphere	1	2026-07-30T00:00:00	2026-07-30	accepted	Yes	97.0	10.03	7.88	7.88		True	True	True	True	True	ADMITTED_MEASUREMENT	True	True		4	28	Rhizosphere	6.932255725977208	381757.0	1
Trip 4	87	4	S29PRr1	https://rubalkhali.science/kb/RAK_6001447	29	Rhizosphere	1	2026-07-30T00:00:00	2026-07-30	accepted	Yes	97.0	10.03	8.0	8.0		True	True	True	True	True	ADMITTED_MEASUREMENT	True	True		4	29	Rhizosphere	7.139108355059321	443026.0	1
Trip 4	88	4	S30Sr1	https://rubalkhali.science/kb/RAK_6001453	30	Surface	1	2026-07-30T00:00:00	2026-07-30	accepted	Yes	97.0	10.03	7.86	7.86		True	True	True	True	True	ADMITTED_MEASUREMENT	True	True		4	30	Surface	6.185079477074479	481269.0	1
Trip 4	89	4	S30Dr1	https://rubalkhali.science/kb/RAK_6001450	30	Deep	1	2026-07-30T00:00:00	2026-07-30	accepted	Yes	97.0	10.03	7.87	7.87		True	True	True	True	True	ADMITTED_MEASUREMENT	True	True		4	30	Deep	6.481283765161268	541835.0	1
Trip 4	90	4	S30PRr1	https://rubalkhali.science/kb/RAK_6001456	30	Rhizosphere	1	2026-07-30T00:00:00	2026-07-30	accepted	Yes	97.0	10.03	7.9	7.9		True	True	True	True	True	ADMITTED_MEASUREMENT	True	True		4	30	Rhizosphere	5.563752530387081	148689.0	1
Trip 4	91	4	S31Sr1	https://rubalkhali.science/kb/RAK_6001462	31	Surface	1	2026-07-30T00:00:00	2026-07-30	accepted	Yes	97.0	10.03	7.81	7.81		True	True	True	True	True	ADMITTED_MEASUREMENT	True	True		4	31	Surface	6.270094652299395	615421.0	1
Trip 4	92	4	S31Dr1	https://rubalkhali.science/kb/RAK_6001459	31	Deep	1	2026-07-30T00:00:00	2026-07-30	accepted	Yes	97.0	10.03	7.9	7.9		True	True	True	True	True	ADMITTED_MEASUREMENT	True	True		4	31	Deep	6.704950087522048	490807.0	1
Trip 4	93	4	S31PRr1	https://rubalkhali.science/kb/RAK_6001465	31	Rhizosphere	1	2026-07-30T00:00:00	2026-07-30	accepted	Yes	97.0	10.03	7.89	7.89		True	True	True	True	True	ADMITTED_MEASUREMENT	True	True		4	31	Rhizosphere	5.214192286552485	36064.0	1
Trip 4	94	4	S32Sr1	https://rubalkhali.science/kb/RAK_6001471	32	Surface	1	2026-07-30T00:00:00	2026-07-30	accepted	Yes	97.0	10.03	7.85	7.85		True	True	True	True	True	ADMITTED_MEASUREMENT	True	True		4	32	Surface	6.392214235842219	630929.0	1
Trip 4	95	4	S32Dr1	https://rubalkhali.science/kb/RAK_6001468	32	Deep	1	2026-07-30T00:00:00	2026-07-30	accepted	Yes	97.0	10.03	8.01	8.01		True	True	True	True	True	ADMITTED_MEASUREMENT	True	True		4	32	Deep	6.395638151434938	485503.0	1
Trip 4	96	4	S32PRr1	https://rubalkhali.science/kb/RAK_6001474	32	Rhizosphere	1	2026-07-30T00:00:00	2026-07-30	accepted	Yes	97.0	10.03	7.94	7.94		True	True	True	True	True	ADMITTED_MEASUREMENT	True	True		4	32	Rhizosphere	5.2189002047067925	168044.0	1
Trip 4	97	4	S33Sr1	https://rubalkhali.science/kb/RAK_6001480	33	Surface	1	2026-07-30T00:00:00	2026-07-30	accepted	Yes	97.0	10.03	8.0	8.0		True	True	True	True	True	ADMITTED_MEASUREMENT	True	True		4	33	Surface	5.878545061643102	253904.0	1
Trip 4	98	4	S33Dr1	https://rubalkhali.science/kb/RAK_6001477	33	Deep	1	2026-07-30T00:00:00	2026-07-30	accepted	Yes	97.0	10.03	7.93	7.93		True	True	True	True	True	ADMITTED_MEASUREMENT	True	True		4	33	Deep	6.455529441725924	598794.0	1
Trip 4	99	4	S33PRr1	https://rubalkhali.science/kb/RAK_6001483	33	Rhizosphere	1	2026-07-30T00:00:00	2026-07-30	accepted	Yes	97.0	10.03	7.88	7.88		True	True	True	True	True	ADMITTED_MEASUREMENT	True	True		4	33	Rhizosphere	6.402307892844839	634824.0	1
Trip 4	100	4	S34Sr1	https://rubalkhali.science/kb/RAK_6001489	34	Surface	1	2026-07-30T00:00:00	2026-07-30	accepted	Yes	97.0	10.03	7.87	7.87		True	True	True	True	True	ADMITTED_MEASUREMENT	True	True		4	34	Surface	4.989504252454326	545675.0	1
Trip 4	101	4	S34PRr1	https://rubalkhali.science/kb/RAK_6001492	34	Rhizosphere	1	2026-07-30T00:00:00	2026-07-30	accepted	Yes	97.0	10.03	7.86	7.86		True	True	True	True	True	ADMITTED_MEASUREMENT	True	True		4	34	Rhizosphere	5.1084591369400085	95569.0	1
Trip 4	102	4	S35Sr1	https://rubalkhali.science/kb/RAK_6001498	35	Surface	1	2026-07-30T00:00:00	2026-07-30	accepted	Yes	97.0	10.03	7.98	7.98		True	True	True	True	True	ADMITTED_MEASUREMENT	True	True		4	35	Surface	6.937787471548251	702152.0	1
Trip 4	103	4	S35Dr1	https://rubalkhali.science/kb/RAK_6001495	35	Deep	1	2026-07-30T00:00:00	2026-07-30	accepted	Yes	97.0	10.03	8.0	8.0		True	True	True	True	True	ADMITTED_MEASUREMENT	True	True		4	35	Deep	6.822115456776757	400056.0	1
Trip 4	104	4	S35PRr1	https://rubalkhali.science/kb/RAK_6001501	35	Rhizosphere	1	2026-07-30T00:00:00	2026-07-30	accepted	Yes	97.0	10.03	7.92	7.92		True	True	True	True	True	ADMITTED_MEASUREMENT	True	True		4	35	Rhizosphere	6.427316160455464	349063.0	1
Trip 4	105	4	S36Sr1	https://rubalkhali.science/kb/RAK_6001507	36	Surface	1	2026-07-30T00:00:00	2026-07-30	accepted	Yes	97.0	10.03	8.03	8.03		True	True	True	True	True	ADMITTED_MEASUREMENT	True	True		4	36	Surface	6.524551977676613	422374.0	1
Trip 4	106	4	S36Dr1	https://rubalkhali.science/kb/RAK_6001504	36	Deep	1	2026-07-30T00:00:00	2026-07-30	accepted	Yes	97.0	10.03	8.0	8.0		True	True	True	True	True	ADMITTED_MEASUREMENT	True	True		4	36	Deep	6.431221778858599	471473.0	1
Trip 4	107	4	S36PRr1	https://rubalkhali.science/kb/RAK_6001510	36	Rhizosphere	1	2026-07-30T00:00:00	2026-07-30	accepted	Yes	97.0	10.03	7.89	7.89		True	True	True	True	True	ADMITTED_MEASUREMENT	True	True		4	36	Rhizosphere	5.783971723345025	198470.0	1
Trip 4	108	4	S37Sr1	https://rubalkhali.science/kb/RAK_6001516	37	Surface	1	2026-07-30T00:00:00	2026-07-30	accepted	Yes	97.0	10.04	8.04	8.04		True	True	True	True	True	ADMITTED_MEASUREMENT	True	True		4	37	Surface	6.223556706982971	351005.0	1
Trip 4	109	4	S37Dr1	https://rubalkhali.science/kb/RAK_6001513	37	Deep	1	2026-07-30T00:00:00	2026-07-30	accepted	Yes	97.0	10.04	8.1	8.1		True	True	True	True	True	ADMITTED_MEASUREMENT	True	True		4	37	Deep	5.976959752617437	489679.0	1
Trip 4	110	4	S37PRr1	https://rubalkhali.science/kb/RAK_6001519	37	Rhizosphere	1	2026-07-30T00:00:00	2026-07-30	accepted	Yes	97.0	10.04	7.92	7.92		True	True	True	True	True	ADMITTED_MEASUREMENT	True	True		4	37	Rhizosphere	6.089243189008392	436420.0	1
Trip 4	111	4	S38Sr1	https://rubalkhali.science/kb/RAK_6001525	38	Surface	1	2026-07-30T00:00:00	2026-07-30	accepted	Yes	97.0	10.04	8.11	8.11		True	True	True	True	True	ADMITTED_MEASUREMENT	True	True		4	38	Surface	6.12205742925916	450747.0	1
Trip 4	112	4	S38Dr1	https://rubalkhali.science/kb/RAK_6001522	38	Deep	1	2026-07-30T00:00:00	2026-07-30	accepted	Yes	97.0	10.04	8.08	8.08		True	True	True	True	True	ADMITTED_MEASUREMENT	True	True		4	38	Deep	6.713226778709048	518648.0	1
Trip 4	113	4	S38PRr1	https://rubalkhali.science/kb/RAK_6001528	38	Rhizosphere	1	2026-07-30T00:00:00	2026-07-30	accepted	Yes	97.0	10.04	8.06	8.06		True	True	True	True	True	ADMITTED_MEASUREMENT	True	True		4	38	Rhizosphere	5.497958814446659	212973.0	1
Trip 4	114	4	S39Sr1	https://rubalkhali.science/kb/RAK_6001534	39	Surface	1	2026-07-30T00:00:00	2026-07-30	accepted	Yes	97.0	10.04	8.05	8.05		True	True	True	True	True	ADMITTED_MEASUREMENT	True	True		4	39	Surface	6.222168306267883	392885.0	1
Trip 4	115	4	S39Dr1	https://rubalkhali.science/kb/RAK_6001531	39	Deep	1	2026-07-30T00:00:00	2026-07-30	accepted	Yes	97.0	10.04	8.19	8.19		True	True	True	True	True	ADMITTED_MEASUREMENT	True	True		4	39	Deep	6.358712030565988	453888.0	1
Trip 4	116	4	S39PRr1	https://rubalkhali.science/kb/RAK_6001537	39	Rhizosphere	1	2026-07-30T00:00:00	2026-07-30	accepted	Yes	97.0	10.04	7.92	7.92		True	True	True	True	True	ADMITTED_MEASUREMENT	True	True		4	39	Rhizosphere	4.507959263742976	88140.0	1
Trip 4	117	4	S40Sr1	https://rubalkhali.science/kb/RAK_6001543	40	Surface	1	2026-07-30T00:00:00	2026-07-30	accepted	Yes	97.0	10.04	8.13	8.13		True	True	True	True	True	ADMITTED_MEASUREMENT	True	True		4	40	Surface	6.115965028149567	633853.0	1
Trip 4	118	4	S40Dr1	https://rubalkhali.science/kb/RAK_6001540	40	Deep	1	2026-07-30T00:00:00	2026-07-30	accepted	Yes	97.0	10.04	8.18	8.18		True	True	True	True	True	ADMITTED_MEASUREMENT	True	True		4	40	Deep	5.749474673456928	183318.0	1
Trip 4	119	4	S41Sr1	https://rubalkhali.science/kb/RAK_6001552	41	Surface	1	2026-08-02T00:00:00	2026-08-02	accepted	Yes	97.8	10.03	8.33	8.33		True	True	True	True	True	ADMITTED_MEASUREMENT	True	True		4	41	Surface	5.935438567524782	464378.0	1
Trip 4	120	4	S41Dr1	https://rubalkhali.science/kb/RAK_6001549	41	Deep	1	2026-08-02T00:00:00	2026-08-02	accepted	Yes	97.8	10.03	8.24	8.24		True	True	True	True	True	ADMITTED_MEASUREMENT	True	True		4	41	Deep	6.330569043393418	441537.0	1
Trip 4	121	4	S41PRr1	https://rubalkhali.science/kb/RAK_6001555	41	Rhizosphere	1	2026-08-02T00:00:00	2026-08-02	accepted	Yes	97.8	10.03	8.18	8.18		True	True	True	True	True	ADMITTED_MEASUREMENT	True	True		4	41	Rhizosphere	4.969698683026702	219888.0	1
Trip 4	122	4	S42Sr1	https://rubalkhali.science/kb/RAK_6001561	42	Surface	1	2026-08-02T00:00:00	2026-08-02	accepted	Yes	97.8	10.03	8.41	8.41		True	True	True	True	True	ADMITTED_MEASUREMENT	True	True		4	42	Surface	6.159050732602176	491030.0	1
Trip 4	123	4	S42Dr1	https://rubalkhali.science/kb/RAK_6001558	42	Deep	1	2026-08-02T00:00:00	2026-08-02	accepted	Yes	97.8	10.03	8.36	8.36		True	True	True	True	True	ADMITTED_MEASUREMENT	True	True		4	42	Deep	3.075878360518262	202429.0	1
Trip 4	124	4	S42PRr1	https://rubalkhali.science/kb/RAK_6001564	42	Rhizosphere	1	2026-08-02T00:00:00	2026-08-02	accepted	Yes	97.8	10.03	8.21	8.21		True	True	True	True	True	ADMITTED_MEASUREMENT	True	True		4	42	Rhizosphere	5.509120335452107	89400.0	1
Trip 4	125	4	S43Sr1	https://rubalkhali.science/kb/RAK_6001570	43	Surface	1	2026-08-02T00:00:00	2026-08-02	accepted	Yes	97.8	10.03	8.27	8.27		True	True	True	True	True	ADMITTED_MEASUREMENT	True	True		4	43	Surface	6.029437499795585	460770.0	1
Trip 4	126	4	S43Dr1	https://rubalkhali.science/kb/RAK_6001567	43	Deep	1	2026-08-02T00:00:00	2026-08-02	accepted	Yes	97.8	10.03	8.22	8.22		True	True	True	True	True	ADMITTED_MEASUREMENT	True	True		4	43	Deep	6.02962089500102	437288.0	1
Trip 4	127	4	S43PRr1	https://rubalkhali.science/kb/RAK_6001573	43	Rhizosphere	1	2026-08-02T00:00:00	2026-08-02	accepted	Yes	97.8	10.03	8.09	8.09		True	True	True	True	True	ADMITTED_MEASUREMENT	True	True		4	43	Rhizosphere	2.948938821645985	223024.0	1
Trip 4	128	4	S44Sr1	https://rubalkhali.science/kb/RAK_6001579	44	Surface	1	2026-08-02T00:00:00	2026-08-02	accepted	Yes	97.8	10.03	8.25	8.25		True	True	True	True	True	ADMITTED_MEASUREMENT	True	True		4	44	Surface	6.25550252654816	554370.0	1
Trip 4	129	4	S44Dr1	https://rubalkhali.science/kb/RAK_6001576	44	Deep	1	2026-08-02T00:00:00	2026-08-02	accepted	Yes	97.8	10.03	8.21	8.21		True	True	True	True	True	ADMITTED_MEASUREMENT	True	True		4	44	Deep	6.704990391143013	560521.0	1
Trip 4	130	4	S44PRr1	https://rubalkhali.science/kb/RAK_6001582	44	Rhizosphere	1	2026-08-02T00:00:00	2026-08-02	accepted	Yes	97.8	10.03	8.1	8.1		True	True	True	True	True	ADMITTED_MEASUREMENT	True	True		4	44	Rhizosphere	6.069617615443753	236291.0	1
Trip 4	131	4	S45Sr1	https://rubalkhali.science/kb/RAK_6001588	45	Surface	1	2026-08-02T00:00:00	2026-08-02	accepted	Yes	97.8	10.03	8.13	8.13		True	True	True	True	True	ADMITTED_MEASUREMENT	True	True		4	45	Surface	6.3324119595419495	599288.0	1
Trip 4	132	4	S45Dr1	https://rubalkhali.science/kb/RAK_6001585	45	Deep	1	2026-08-02T00:00:00	2026-08-02	accepted	Yes	97.8	10.03	8.21	8.21		True	True	True	True	True	ADMITTED_MEASUREMENT	True	True		4	45	Deep	6.616562554732242	549047.0	1
Trip 4	133	4	S45PRr1	https://rubalkhali.science/kb/RAK_6001591	45	Rhizosphere	1	2026-08-02T00:00:00	2026-08-02	accepted	Yes	97.8	10.03	8.1	8.1		True	True	True	True	True	ADMITTED_MEASUREMENT	True	True		4	45	Rhizosphere	6.0866330941354665	449184.0	1
Trip 4	134	4	S46Sr1	https://rubalkhali.science/kb/RAK_6001597	46	Surface	1	2026-08-02T00:00:00	2026-08-02	accepted	Yes	97.8	10.03	8.16	8.16		True	True	True	True	True	ADMITTED_MEASUREMENT	True	True		4	46	Surface	3.874023225725844	53792.0	1
Trip 4	135	4	S46Dr1	https://rubalkhali.science/kb/RAK_6001594	46	Deep	1	2026-08-02T00:00:00	2026-08-02	accepted	Yes	97.8	10.03	8.23	8.23		True	True	True	True	True	ADMITTED_MEASUREMENT	True	True		4	46	Deep	5.901089748619366	321601.0	1
Trip 4	136	4	S46PRr1	https://rubalkhali.science/kb/RAK_6001600	46	Rhizosphere	1	2026-08-02T00:00:00	2026-08-02	accepted	Yes	97.8	10.03	7.96	7.96		True	True	True	True	True	ADMITTED_MEASUREMENT	True	True		4	46	Rhizosphere	5.364712600954548	97674.0	1
Trip 4	137	4	S47Sr1	https://rubalkhali.science/kb/RAK_6001606	47	Surface	1	2026-08-02T00:00:00	2026-08-02	accepted	Yes	97.8	10.03	8.13	8.13		True	True	True	True	True	ADMITTED_MEASUREMENT	True	True		4	47	Surface	5.287629268342009	467362.0	1
Trip 4	138	4	S47Dr1	https://rubalkhali.science/kb/RAK_6001603	47	Deep	1	2026-08-02T00:00:00	2026-08-02	accepted	Yes	97.8	10.03	8.1	8.1		True	True	True	True	True	ADMITTED_MEASUREMENT	True	True		4	47	Deep	4.02333155322156	181613.0	1
Trip 4	139	4	S47PRr1	https://rubalkhali.science/kb/RAK_6001609	47	Rhizosphere	1	2026-08-02T00:00:00	2026-08-02	accepted	Yes	97.8	10.03	8.19	8.19		True	True	True	True	True	ADMITTED_MEASUREMENT	True	True		4	47	Rhizosphere	6.242529425632803	468453.0	1
Trip 4	140	4	S48Sr1	https://rubalkhali.science/kb/RAK_6001615	48	Surface	1	2026-08-02T00:00:00	2026-08-02	accepted	Yes	97.8	10.03	8.28	8.28		True	True	True	True	True	ADMITTED_MEASUREMENT	True	True		4	48	Surface	6.507742937569525	552873.0	1
Trip 4	141	4	S48Dr1	https://rubalkhali.science/kb/RAK_6001612	48	Deep	1	2026-08-02T00:00:00	2026-08-02	accepted	Yes	97.8	10.03	8.11	8.11		True	True	True	True	True	ADMITTED_MEASUREMENT	True	True		4	48	Deep	1.64366760367127	29529.0	1
Trip 4	142	4	S48PRr1	https://rubalkhali.science/kb/RAK_6001618	48	Rhizosphere	1	2026-08-02T00:00:00	2026-08-02	accepted	Yes	97.8	10.03	8.2	8.2		True	True	True	True	True	ADMITTED_MEASUREMENT	True	True		4	48	Rhizosphere	6.827552952548083	325754.0	1
Trip 4	143	4	S49Sr1	https://rubalkhali.science/kb/RAK_6001624	49	Surface	1	2026-08-02T00:00:00	2026-08-02	accepted	Yes	97.8	10.03	8.31	8.31		True	True	True	True	True	ADMITTED_MEASUREMENT	True	True		4	49	Surface	6.596581074684573	140943.0	1
Trip 4	144	4	S49Dr1	https://rubalkhali.science/kb/RAK_6001621	49	Deep	1	2026-08-02T00:00:00	2026-08-02	accepted	Yes	97.8	10.06	8.42	8.42		True	True	True	True	True	ADMITTED_MEASUREMENT	True	True		4	49	Deep	4.656050882401206	178016.0	1
Trip 4	145	4	S49PRr1	https://rubalkhali.science/kb/RAK_6001627	49	Rhizosphere	1	2026-08-02T00:00:00	2026-08-02	accepted	Yes	97.8	10.06	8.28	8.28		True	True	True	True	True	ADMITTED_MEASUREMENT	True	True		4	49	Rhizosphere	3.924834514176359	46683.0	1
Trip 4	146	4	S50Sr1	https://rubalkhali.science/kb/RAK_6001633	50	Surface	1	2026-08-02T00:00:00	2026-08-02	accepted	Yes	97.8	10.06	8.45	8.45		True	True	True	True	True	ADMITTED_MEASUREMENT	True	True		4	50	Surface	5.843223894275009	601146.0	1
Trip 4	147	4	S50Dr1	https://rubalkhali.science/kb/RAK_6001630	50	Deep	1	2026-08-02T00:00:00	2026-08-02	accepted	Yes	97.8	10.06	8.36	8.36		True	True	True	True	True	ADMITTED_MEASUREMENT	True	True		4	50	Deep	6.041724635804873	663527.0	1
Trip 4	148	4	S50PRr1	https://rubalkhali.science/kb/RAK_6001636	50	Rhizosphere	1	2026-08-02T00:00:00	2026-08-02	accepted	Yes	97.8	10.06	8.21	8.21		True	True	True	True	True	ADMITTED_MEASUREMENT	True	True		4	50	Rhizosphere	3.4868534314418422	248627.0	1
Trip 4	149	4	S51Sr1	https://rubalkhali.science/kb/RAK_6001642	51	Surface	1	2026-08-02T00:00:00	2026-08-02	accepted	Yes	97.8	10.06	7.81	7.81		True	True	True	True	True	ADMITTED_MEASUREMENT	True	True		4	51	Surface	5.038202603976307	63682.0	1
Trip 4	150	4	S51Dr1	https://rubalkhali.science/kb/RAK_6001639	51	Deep	1	2026-08-02T00:00:00	2026-08-02	accepted	Yes	97.8	10.06	7.93	7.93		True	True	True	True	True	ADMITTED_MEASUREMENT	True	True		4	51	Deep	6.164752744953094	509352.0	1
Trip 4	151	4	S51PRr1	https://rubalkhali.science/kb/RAK_6001645	51	Rhizosphere	1	2026-08-02T00:00:00	2026-08-02	accepted	Yes	97.8	10.06	7.84	7.84		True	True	True	True	True	ADMITTED_MEASUREMENT	True	True		4	51	Rhizosphere	4.980202070690677	450329.0	1
Trip 4	152	4	S52Sr1	https://rubalkhali.science/kb/RAK_6001651	52	Surface	1	2026-08-02T00:00:00	2026-08-02	accepted	Yes	97.8	10.06	8.25	8.25		True	True	True	True	True	ADMITTED_MEASUREMENT	True	True		4	52	Surface	1.298287729285816	54874.0	1
Trip 4	153	4	S52Dr1	https://rubalkhali.science/kb/RAK_6001648	52	Deep	1	2026-08-02T00:00:00	2026-08-02	accepted	Yes	97.8	10.06	8.37	8.37		True	True	True	True	True	ADMITTED_MEASUREMENT	True	True		4	52	Deep	2.285410834972879	76639.0	1
Trip 4	154	4	S52PRr1	https://rubalkhali.science/kb/RAK_6001654	52	Rhizosphere	1	2026-08-02T00:00:00	2026-08-02	accepted	Yes	97.8	10.06	8.4	8.4		True	True	True	True	True	ADMITTED_MEASUREMENT	True	True		4	52	Rhizosphere	5.306348448805434	95285.0	1
Trip 4	155	4	S53Sr1	https://rubalkhali.science/kb/RAK_6001660	53	Surface	1	2026-08-02T00:00:00	2026-08-02	accepted	Yes	97.8	10.06	8.18	8.18		True	True	True	True	True	ADMITTED_MEASUREMENT	True	True		4	53	Surface	0.5102248813375088	44735.0	1
Trip 4	156	4	S53Dr1	https://rubalkhali.science/kb/RAK_6001657	53	Deep	1	2026-08-02T00:00:00	2026-08-02	accepted	Yes	97.8	10.06	8.16	8.16		True	True	True	True	True	ADMITTED_MEASUREMENT	True	True		4	53	Deep	0.8404828965959705	15697.0	1
Trip 4	157	4	S53PRr1	https://rubalkhali.science/kb/RAK_6001663	53	Rhizosphere	1	2026-08-02T00:00:00	2026-08-02	accepted	Yes	97.8	10.06	8.1	8.1		True	True	True	True	True	ADMITTED_MEASUREMENT	True	True		4	53	Rhizosphere	2.953391193251761	63649.0	1
Trip 4	158	4	S54Sr1	https://rubalkhali.science/kb/RAK_6001669	54	Surface	1	2026-08-02T00:00:00	2026-08-02	accepted	Yes	97.8	10.06	8.49	8.49		True	True	True	True	True	ADMITTED_MEASUREMENT	True	True		4	54	Surface	1.016523563616852	15266.0	1
Trip 4	159	4	S54Dr1	https://rubalkhali.science/kb/RAK_6001666	54	Deep	1	2026-08-02T00:00:00	2026-08-02	accepted	Yes	97.8	10.06	8.29	8.29		True	True	True	True	True	ADMITTED_MEASUREMENT	True	True		4	54	Deep	3.309372124754903	159416.0	1
Trip 4	160	4	S54PRr1	https://rubalkhali.science/kb/RAK_6001672	54	Rhizosphere	1	2026-08-02T00:00:00	2026-08-02	accepted	Yes	97.8	10.06	8.22	8.22		True	True	True	True	True	ADMITTED_MEASUREMENT	True	True		4	54	Rhizosphere	4.92182201263355	221041.0	1
Trip 4	161	4	S55Sr1	https://rubalkhali.science/kb/RAK_6001678	55	Surface	1	2026-08-02T00:00:00	2026-08-02	accepted	Yes	97.8	10.06	8.27	8.27		True	True	True	True	True	ADMITTED_MEASUREMENT	True	True		4	55	Surface	3.633630495759293	93822.0	1
Trip 4	162	4	S55Dr1	https://rubalkhali.science/kb/RAK_6001675	55	Deep	1	2026-08-02T00:00:00	2026-08-02	accepted	Yes	97.8	10.06	8.31	8.31		True	True	True	True	True	ADMITTED_MEASUREMENT	True	True		4	55	Deep	2.4118038307909053	114126.0	1
Trip 4	163	4	S55PRr1	https://rubalkhali.science/kb/RAK_6001681	55	Rhizosphere	1	2026-08-02T00:00:00	2026-08-02	accepted	Yes	97.8	10.06	8.34	8.34		True	True	True	True	True	ADMITTED_MEASUREMENT	True	True		4	55	Rhizosphere	3.2301947352651315	119617.0	1
Trip 4	164	4	S56Sr1	https://rubalkhali.science/kb/RAK_6001687	56	Surface	1	2026-08-02T00:00:00	2026-08-02	accepted	Yes	97.8	10.06	8.42	8.42		True	True	True	True	True	ADMITTED_MEASUREMENT	True	True		4	56	Surface	3.2275031489829944	34250.0	1
Trip 4	165	4	S56Dr1	https://rubalkhali.science/kb/RAK_6001684	56	Deep	1	2026-08-02T00:00:00	2026-08-02	accepted	Yes	97.8	10.06	8.39	8.39		True	True	True	True	True	ADMITTED_MEASUREMENT	True	True		4	56	Deep	1.64078976508749	25214.0	1
Trip 4	166	4	S56PRr1	https://rubalkhali.science/kb/RAK_6001690	56	Rhizosphere	1	2026-08-02T00:00:00	2026-08-02	accepted	Yes	97.8	10.06	8.29	8.29		True	True	True	True	True	ADMITTED_MEASUREMENT	True	True		4	56	Rhizosphere	3.0248149031015004	37594.0	1
Trip 4	167	4	S57Sr1	https://rubalkhali.science/kb/RAK_6001696	57	Surface	1	2026-08-02T00:00:00	2026-08-02	accepted	Yes	97.8	10.06	8.43	8.43		True	True	True	True	True	ADMITTED_MEASUREMENT	True	True		4	57	Surface	4.947463089003868	302229.0	1
Trip 4	169	4	S57PRr1	https://rubalkhali.science/kb/RAK_6001699	57	Rhizosphere	1	2026-08-02T00:00:00	2026-08-02	accepted	Yes	97.8	10.06	8.32	8.32		True	True	True	True	True	ADMITTED_MEASUREMENT	True	True		4	57	Rhizosphere	4.855722342421877	115623.0	1
Trip 4	170	4	S58Sr1	https://rubalkhali.science/kb/RAK_6001705	58	Surface	1	2026-08-02T00:00:00	2026-08-02	accepted	Yes	97.8	10.07	8.54	8.54		True	True	True	True	True	ADMITTED_MEASUREMENT	True	True		4	58	Surface	2.970587878474676	90160.0	1
Trip 4	171	4	S58Dr1	https://rubalkhali.science/kb/RAK_6001702	58	Deep	1	2026-08-02T00:00:00	2026-08-02	accepted	Yes	97.8	10.07	8.34	8.34		True	True	True	True	True	ADMITTED_MEASUREMENT	True	True		4	58	Deep	1.0264249272964443	28112.0	1
Trip 4	172	4	S58PRr1	https://rubalkhali.science/kb/RAK_6001708	58	Rhizosphere	1	2026-08-02T00:00:00	2026-08-02	accepted	Yes	97.8	10.07	8.24	8.24		True	True	True	True	True	ADMITTED_MEASUREMENT	True	True		4	58	Rhizosphere	2.6021213518616264	85984.0	1
Trip 4	173	4	S59Sr1	https://rubalkhali.science/kb/RAK_6001714	59	Surface	1	2026-08-02T00:00:00	2026-08-02	accepted	Yes	97.8	10.07	8.45	8.45		True	True	True	True	True	ADMITTED_MEASUREMENT	True	True		4	59	Surface	4.549761501504422	194102.0	1
Trip 4	174	4	S59Dr1	https://rubalkhali.science/kb/RAK_6001711	59	Deep	1	2026-08-02T00:00:00	2026-08-02	accepted	Yes	97.8	10.07	8.36	8.36		True	True	True	True	True	ADMITTED_MEASUREMENT	True	True		4	59	Deep	2.2171762530558734	17783.0	1
Trip 4	175	4	S59PRr1	https://rubalkhali.science/kb/RAK_6001717	59	Rhizosphere	1	2026-08-02T00:00:00	2026-08-02	accepted	Yes	97.8	10.07	8.47	8.47		True	True	True	True	True	ADMITTED_MEASUREMENT	True	True		4	59	Rhizosphere	3.572419064152207	87477.0	1
Trip 4	176	4	S60Sr1	https://rubalkhali.science/kb/RAK_6001723	60	Surface	1	2026-08-02T00:00:00	2026-08-02	accepted	Yes	97.8	10.07	8.17	8.17		True	True	True	True	True	ADMITTED_MEASUREMENT	True	True		4	60	Surface	1.8048149539447191	37387.0	1
Trip 4	177	4	S60Dr1	https://rubalkhali.science/kb/RAK_6001720	60	Deep	1	2026-08-02T00:00:00	2026-08-02	accepted	Yes	97.8	10.07	7.94	7.94		True	True	True	True	True	ADMITTED_MEASUREMENT	True	True		4	60	Deep	3.5521078305803453	476823.0	1
Trip 4	178	4	S60PRr1	https://rubalkhali.science/kb/RAK_6001726	60	Rhizosphere	1	2026-08-02T00:00:00	2026-08-02	accepted	Yes	97.8	10.07	9.98	9.98		True	True	True	True	True	ADMITTED_MEASUREMENT	True	True		4	60	Rhizosphere	5.2735233403240285	269463.0	1
Trip 5	2	5	V1Dr1	https://rubalkhali.science/kb/RAK_6001729	1	Deep	1	2026-07-14T00:00:00	2026-07-14	accepted	Yes	95.5	10.04	8.01	8.01		True	True	True	True	True	ADMITTED_MEASUREMENT	True	True		5	1	Deep	3.821148519518468	149046.0	1
Trip 5	3	5	V1Dr3	https://rubalkhali.science/kb/RAK_6001731	1	Deep	3	2026-07-14T00:00:00	2026-07-14	accepted	Yes	95.5	10.04	8.05	8.05		True	True	True	True	True	ADMITTED_MEASUREMENT	True	True		5	1	Deep	6.024926364714019	625355.0	1
Trip 5	4	5	V1PRr1	https://rubalkhali.science/kb/RAK_6001735	1	Rhizosphere	1	2026-07-14T00:00:00	2026-07-14	accepted	Yes	95.5	10.04	8.0	8.0		True	True	True	True	True	ADMITTED_MEASUREMENT	True	True		5	1	Rhizosphere	5.38025114018375	535684.0	1
Trip 5	5	5	V1PRr2	https://rubalkhali.science/kb/RAK_6001736	1	Rhizosphere	2	2026-07-14T00:00:00	2026-07-14	accepted	Yes	95.5	10.04	7.92	7.92		True	True	True	True	True	ADMITTED_MEASUREMENT	True	True		5	1	Rhizosphere	4.288119573266259	397005.0	1
Trip 5	6	5	V1PRr3	https://rubalkhali.science/kb/RAK_6001737	1	Rhizosphere	3	2026-07-14T00:00:00	2026-07-14	accepted	Yes	95.5	10.04	7.86	7.86		True	True	True	True	True	ADMITTED_MEASUREMENT	True	True		5	1	Rhizosphere	4.147337695512634	742979.0	1
Trip 5	7	5	V2Sr1	https://rubalkhali.science/kb/RAK_6001741	2	Surface	1	2026-07-14T00:00:00	2026-07-14	accepted	Yes	95.5	10.04	7.98	7.98		True	True	True	True	True	ADMITTED_MEASUREMENT	True	True		5	2	Surface	6.794634796486897	691496.0	1
Trip 5	8	5	V2Sr2	https://rubalkhali.science/kb/RAK_6001742	2	Surface	2	2026-07-14T00:00:00	2026-07-14	accepted	Yes	95.5	10.04	7.9	7.9		True	True	True	True	True	ADMITTED_MEASUREMENT	True	True		5	2	Surface	6.763256524470933	435506.0	1
Trip 5	9	5	V2Dr1	https://rubalkhali.science/kb/RAK_6001738	2	Deep	1	2026-07-14T00:00:00	2026-07-14	accepted	Yes	95.5	10.04	8.11	8.11		True	True	True	True	True	ADMITTED_MEASUREMENT	True	True		5	2	Deep	6.07283196131689	438638.0	1
Trip 5	10	5	V2Dr2	https://rubalkhali.science/kb/RAK_6001739	2	Deep	2	2026-07-14T00:00:00	2026-07-14	accepted	Yes	95.5	10.04	8.16	8.16		True	True	True	True	True	ADMITTED_MEASUREMENT	True	True		5	2	Deep	6.617176275066376	599571.0	1
Trip 5	11	5	V2PRr1	https://rubalkhali.science/kb/RAK_6001744	2	Rhizosphere	1	2026-07-14T00:00:00	2026-07-14	accepted	Yes	95.5	10.04	7.6	7.6		True	True	True	True	True	ADMITTED_MEASUREMENT	True	True		5	2	Rhizosphere	6.797368898015842	684082.0	1
Trip 5	12	5	V2PRr2	https://rubalkhali.science/kb/RAK_6001745	2	Rhizosphere	2	2026-07-14T00:00:00	2026-07-14	accepted	Yes	95.5	10.04	7.61	7.61		True	True	True	True	True	ADMITTED_MEASUREMENT	True	True		5	2	Rhizosphere	6.904150577218453	255464.0	1
Trip 5	13	5	V2PRr3	https://rubalkhali.science/kb/RAK_6001746	2	Rhizosphere	3	2026-07-14T00:00:00	2026-07-14	accepted	Yes	95.5	10.04	7.57	7.57		True	True	True	True	True	ADMITTED_MEASUREMENT	True	True		5	2	Rhizosphere	7.089151099500596	627102.0	1
Trip 5	14	5	V3PRr1	https://rubalkhali.science/kb/RAK_6001753	3	Rhizosphere	1	2026-07-14T00:00:00	2026-07-14	accepted	Yes	95.5	10.04	7.56	7.56		True	True	True	True	True	ADMITTED_MEASUREMENT	True	True		5	3	Rhizosphere	6.4128803348197225	245792.0	1
Trip 5	15	5	V3PRr2	https://rubalkhali.science/kb/RAK_6001754	3	Rhizosphere	2	2026-07-14T00:00:00	2026-07-14	accepted	Yes	95.5	10.04	7.51	7.51		True	True	True	True	True	ADMITTED_MEASUREMENT	True	True		5	3	Rhizosphere	5.896997570055127	85966.0	1
Trip 5	16	5	V3PRr3	https://rubalkhali.science/kb/RAK_6001755	3	Rhizosphere	3	2026-07-14T00:00:00	2026-07-14	accepted	Yes	95.5	10.04	7.48	7.48		True	True	True	True	True	ADMITTED_MEASUREMENT	True	True		5	3	Rhizosphere	6.659885080468599	406970.0	1
Trip 5	17	5	V4Sr1	https://rubalkhali.science/kb/RAK_6001759	4	Surface	1	2026-07-14T00:00:00	2026-07-14	accepted	Yes	95.5	10.04	8.01	8.01		True	True	True	True	True	ADMITTED_MEASUREMENT	True	True		5	4	Surface	6.854248324832848	1776802.0	1
Trip 5	18	5	V4Sr3	https://rubalkhali.science/kb/RAK_6001761	4	Surface	3	2026-07-14T00:00:00	2026-07-14	accepted	Yes	95.5	10.04	7.96	7.96		True	True	True	True	True	ADMITTED_MEASUREMENT	True	True		5	4	Surface	6.805178646548959	1002454.0	1
Trip 5	19	5	V4Dr1	https://rubalkhali.science/kb/RAK_6001756	4	Deep	1	2026-07-14T00:00:00	2026-07-14	accepted	Yes	95.5	10.04	7.89	7.89		True	True	True	True	True	ADMITTED_MEASUREMENT	True	True		5	4	Deep	7.187084818184515	709278.0	1
Trip 5	20	5	V4Dr2	https://rubalkhali.science/kb/RAK_6001757	4	Deep	2	2026-07-14T00:00:00	2026-07-14	accepted	Yes	95.5	10.04	7.9	7.9		True	True	True	True	True	ADMITTED_MEASUREMENT	True	True		5	4	Deep	7.3296030573106945	1204226.0	1
Trip 5	21	5	V4Dr3	https://rubalkhali.science/kb/RAK_6001758	4	Deep	3	2026-07-14T00:00:00	2026-07-14	accepted	Yes	95.5	10.04	7.94	7.94		True	True	True	True	True	ADMITTED_MEASUREMENT	True	True		5	4	Deep	6.7785523099722615	771595.0	1
Trip 5	22	5	V4PRr1	https://rubalkhali.science/kb/RAK_6001762	4	Rhizosphere	1	2026-07-14T00:00:00	2026-07-14	accepted	Yes	95.5	10.04	7.94	7.94		True	True	True	True	True	ADMITTED_MEASUREMENT	True	True		5	4	Rhizosphere	5.575608722133342	1022303.0	1
Trip 5	23	5	V4PRr2	https://rubalkhali.science/kb/RAK_6001763	4	Rhizosphere	2	2026-07-14T00:00:00	2026-07-14	accepted	Yes	95.5	10.04	8.0	8.0		True	True	True	True	True	ADMITTED_MEASUREMENT	True	True		5	4	Rhizosphere	6.357655567848405	895149.0	1
Trip 5	24	5	V4PRr3	https://rubalkhali.science/kb/RAK_6001764	4	Rhizosphere	3	2026-07-14T00:00:00	2026-07-14	accepted	Yes	95.5	10.04	7.91	7.91		True	True	True	True	True	ADMITTED_MEASUREMENT	True	True		5	4	Rhizosphere	6.212835530724762	629011.0	1
Trip 5	25	5	V5Sr1	https://rubalkhali.science/kb/RAK_6001768	5	Surface	1	2026-07-14T00:00:00	2026-07-14	accepted	Yes	95.5	10.04	8.06	8.06		True	True	True	True	True	ADMITTED_MEASUREMENT	True	True		5	5	Surface	6.428907170278651	839544.0	1
Trip 5	26	5	V5Sr3	https://rubalkhali.science/kb/RAK_6001770	5	Surface	3	2026-07-14T00:00:00	2026-07-14	accepted	Yes	95.5	10.04	8.01	8.01		True	True	True	True	True	ADMITTED_MEASUREMENT	True	True		5	5	Surface	7.356730951768091	767122.0	1
Trip 5	27	5	V5Dr1	https://rubalkhali.science/kb/RAK_6001765	5	Deep	1	2026-07-14T00:00:00	2026-07-14	accepted	Yes	95.5	10.04	8.01	8.01		True	True	True	True	True	ADMITTED_MEASUREMENT	True	True		5	5	Deep	7.317558433236218	1024357.0	1
Trip 5	28	5	V5PRr1	https://rubalkhali.science/kb/RAK_6001771	5	Rhizosphere	1	2026-07-14T00:00:00	2026-07-14	accepted	Yes	95.5	10.04	8.03	8.03		True	True	True	True	True	ADMITTED_MEASUREMENT	True	True		5	5	Rhizosphere	7.421106775018379	1009579.0	1
Trip 5	29	5	V5PRr2	https://rubalkhali.science/kb/RAK_6001772	5	Rhizosphere	2	2026-07-14T00:00:00	2026-07-14	accepted	Yes	95.5	10.04	8.02	8.02		True	True	True	True	True	ADMITTED_MEASUREMENT	True	True		5	5	Rhizosphere	6.917300271740422	667044.0	1
Trip 5	30	5	V5PRr3	https://rubalkhali.science/kb/RAK_6001773	5	Rhizosphere	3	2026-07-14T00:00:00	2026-07-14	accepted	Yes	95.5	10.04	8.0	8.0		True	True	True	True	True	ADMITTED_MEASUREMENT	True	True		5	5	Rhizosphere	7.032627175118316	428929.0	1
Trip 5	31	5	V6Sr1	https://rubalkhali.science/kb/RAK_6001777	6	Surface	1	2026-07-14T00:00:00	2026-07-14	accepted	Yes	95.5	10.04	7.88	7.88		True	True	True	True	True	ADMITTED_MEASUREMENT	True	True		5	6	Surface	6.542102821520594	868758.0	1
Trip 5	32	5	V6Sr3	https://rubalkhali.science/kb/RAK_6001779	6	Surface	3	2026-07-14T00:00:00	2026-07-14	accepted	Yes	95.5	10.04	7.85	7.85		True	True	True	True	True	ADMITTED_MEASUREMENT	True	True		5	6	Surface	6.568597842527469	935390.0	1
Trip 5	33	5	V6Dr1	https://rubalkhali.science/kb/RAK_6001774	6	Deep	1	2026-07-14T00:00:00	2026-07-14	accepted	Yes	95.5	10.04	7.86	7.86		True	True	True	True	True	ADMITTED_MEASUREMENT	True	True		5	6	Deep	7.550144618852466	937702.0	1
Trip 5	34	5	V6PRr1	https://rubalkhali.science/kb/RAK_6001780	6	Rhizosphere	1	2026-07-14T00:00:00	2026-07-14	accepted	Yes	95.5	10.04	7.89	7.89		True	True	True	True	True	ADMITTED_MEASUREMENT	True	True		5	6	Rhizosphere	6.585400833724687	471496.0	1
Trip 5	35	5	V6PRr2	https://rubalkhali.science/kb/RAK_6001781	6	Rhizosphere	2	2026-07-14T00:00:00	2026-07-14	accepted	Yes	95.5	10.04	7.8	7.8		True	True	True	True	True	ADMITTED_MEASUREMENT	True	True		5	6	Rhizosphere	6.51604662979695	614832.0	1
Trip 5	36	5	V6PRr3	https://rubalkhali.science/kb/RAK_6001782	6	Rhizosphere	3	2026-07-14T00:00:00	2026-07-14	accepted	Yes	95.5	10.04	7.85	7.85		True	True	True	True	True	ADMITTED_MEASUREMENT	True	True		5	6	Rhizosphere	5.654082142979714	372065.0	1
Trip 5	38	5	V7Dr3	https://rubalkhali.science/kb/RAK_6001785	7	Deep	3	2026-07-14T00:00:00	2026-07-14	accepted	Yes	95.5	10.04	7.8	7.8		True	True	True	True	True	ADMITTED_MEASUREMENT	True	True		5	7	Deep	5.876939100779439	139645.0	1
Trip 5	39	5	V7PRr1	https://rubalkhali.science/kb/RAK_6001789	7	Rhizosphere	1	2026-07-14T00:00:00	2026-07-14	accepted	Yes	95.5	10.04	7.85	7.85		True	True	True	True	True	ADMITTED_MEASUREMENT	True	True		5	7	Rhizosphere	6.332319356418071	639871.0	1
Trip 5	40	5	V7PRr2	https://rubalkhali.science/kb/RAK_6001790	7	Rhizosphere	2	2026-07-14T00:00:00	2026-07-14	accepted	Yes	95.5	10.04	7.8	7.8		True	True	True	True	True	ADMITTED_MEASUREMENT	True	True		5	7	Rhizosphere	5.61560790552486	396490.0	1
Trip 5	41	5	V7PRr3	https://rubalkhali.science/kb/RAK_6001791	7	Rhizosphere	3	2026-07-14T00:00:00	2026-07-14	accepted	Yes	95.5	10.04	7.81	7.81		True	True	True	True	True	ADMITTED_MEASUREMENT	True	True		5	7	Rhizosphere	5.357549564834825	1054326.0	1
Trip 5	42	5	V8Dr3	https://rubalkhali.science/kb/RAK_6001794	8	Deep	3	2026-07-14T00:00:00	2026-07-14	accepted	Yes	95.5	10.03	7.78	7.78		True	True	True	True	True	ADMITTED_MEASUREMENT	True	True		5	8	Deep	7.30882573976071	687547.0	1
Trip 5	43	5	V8PRr1	https://rubalkhali.science/kb/RAK_6001798	8	Rhizosphere	1	2026-07-14T00:00:00	2026-07-14	accepted	Yes	95.5	10.03	7.9	7.9		True	True	True	True	True	ADMITTED_MEASUREMENT	True	True		5	8	Rhizosphere	6.781924806609633	1108103.0	1
Trip 5	44	5	V8PRr2	https://rubalkhali.science/kb/RAK_6001799	8	Rhizosphere	2	2026-07-14T00:00:00	2026-07-14	accepted	Yes	95.5	10.03	7.91	7.91		True	True	True	True	True	ADMITTED_MEASUREMENT	True	True		5	8	Rhizosphere	6.514009231419728	795344.0	1
Trip 5	45	5	V8PRr3	https://rubalkhali.science/kb/RAK_6001800	8	Rhizosphere	3	2026-07-14T00:00:00	2026-07-14	accepted	Yes	95.5	10.03	7.94	7.94		True	True	True	True	True	ADMITTED_MEASUREMENT	True	True		5	8	Rhizosphere	6.293547392325823	484110.0	1
Trip 5	46	5	V9PRr1	https://rubalkhali.science/kb/RAK_6001807	9	Rhizosphere	1	2026-07-14T00:00:00	2026-07-14	accepted	Yes	95.5	10.03	7.76	7.76		True	True	True	True	True	ADMITTED_MEASUREMENT	True	True		5	9	Rhizosphere	6.530036203296106	421307.0	1
Trip 5	47	5	V9PRr2	https://rubalkhali.science/kb/RAK_6001808	9	Rhizosphere	2	2026-07-14T00:00:00	2026-07-14	accepted	Yes	95.5	10.03	7.66	7.66		True	True	True	True	True	ADMITTED_MEASUREMENT	True	True		5	9	Rhizosphere	6.316954156145981	452332.0	1
Trip 5	48	5	V9PRr3	https://rubalkhali.science/kb/RAK_6001809	9	Rhizosphere	3	2026-07-14T00:00:00	2026-07-14	accepted	Yes	95.5	10.03	7.67	7.67		True	True	True	True	True	ADMITTED_MEASUREMENT	True	True		5	9	Rhizosphere	6.894980839645609	662418.0	1
Trip 5	49	5	V10Dr1	https://rubalkhali.science/kb/RAK_6001810	10	Deep	1	2026-07-15T00:00:00	2026-07-15	accepted	Yes	97.1	10.06	7.81	7.81		True	True	True	True	True	ADMITTED_MEASUREMENT	True	True		5	10	Deep	6.291773184969021	853897.0	1
Trip 5	50	5	V10PRr2	https://rubalkhali.science/kb/RAK_6001817	10	Rhizosphere	2	2026-07-15T00:00:00	2026-07-15	accepted	Yes	97.1	10.06	7.9	7.9		True	True	True	True	True	ADMITTED_MEASUREMENT	True	True		5	10	Rhizosphere	6.28693901737721	615357.0	1
Trip 5	51	5	V11Sr2	https://rubalkhali.science/kb/RAK_6001823	11	Surface	2	2026-07-15T00:00:00	2026-07-15	accepted	Yes	97.1	10.06	7.85	7.85		True	True	True	True	True	ADMITTED_MEASUREMENT	True	True		5	11	Surface	5.555474044691346	1668156.0	1
Trip 5	52	5	V11Dr3	https://rubalkhali.science/kb/RAK_6001821	11	Deep	3	2026-07-15T00:00:00	2026-07-15	accepted	Yes	97.1	10.06	7.97	7.97		True	True	True	True	True	ADMITTED_MEASUREMENT	True	True		5	11	Deep	7.349755497271334	739633.0	1
Trip 5	53	5	V11PRr2	https://rubalkhali.science/kb/RAK_6001826	11	Rhizosphere	2	2026-07-15T00:00:00	2026-07-15	accepted	Yes	97.1	10.06	7.7	7.7		True	True	True	True	True	ADMITTED_MEASUREMENT	True	True		5	11	Rhizosphere	7.0510720220792455	778089.0	1
Trip 5	54	5	V11PRr3	https://rubalkhali.science/kb/RAK_6001827	11	Rhizosphere	3	2026-07-15T00:00:00	2026-07-15	accepted	Yes	97.1	10.06	7.78	7.78		True	True	True	True	True	ADMITTED_MEASUREMENT	True	True		5	11	Rhizosphere	6.761442901533836	534851.0	1
Trip 5	55	5	V12Sr1	https://rubalkhali.science/kb/RAK_6001831	12	Surface	1	2026-07-15T00:00:00	2026-07-15	accepted	Yes	97.1	10.06	7.97	7.97		True	True	True	True	True	ADMITTED_MEASUREMENT	True	True		5	12	Surface	6.901799212584265	470457.0	1
Trip 5	56	5	V12Sr3	https://rubalkhali.science/kb/RAK_6001833	12	Surface	3	2026-07-15T00:00:00	2026-07-15	accepted	Yes	97.1	10.06	7.9	7.9		True	True	True	True	True	ADMITTED_MEASUREMENT	True	True		5	12	Surface	6.226678702004024	911857.0	1
Trip 5	57	5	V12Dr3	https://rubalkhali.science/kb/RAK_6001830	12	Deep	3	2026-07-15T00:00:00	2026-07-15	accepted	Yes	97.1	10.06	7.94	7.94		True	True	True	True	True	ADMITTED_MEASUREMENT	True	True		5	12	Deep	7.558703318259936	568995.0	1
Trip 5	58	5	V12PRr1	https://rubalkhali.science/kb/RAK_6001834	12	Rhizosphere	1	2026-07-15T00:00:00	2026-07-15	accepted	Yes	97.1	10.06	8.02	8.02		True	True	True	True	True	ADMITTED_MEASUREMENT	True	True		5	12	Rhizosphere	6.67196908720698	600621.0	1
Trip 5	59	5	V12PRr2	https://rubalkhali.science/kb/RAK_6001835	12	Rhizosphere	2	2026-07-15T00:00:00	2026-07-15	accepted	Yes	97.1	10.06	8.0	8.0		True	True	True	True	True	ADMITTED_MEASUREMENT	True	True		5	12	Rhizosphere	6.664793382684412	416744.0	1
Trip 5	60	5	V12PRr3	https://rubalkhali.science/kb/RAK_6001836	12	Rhizosphere	3	2026-07-15T00:00:00	2026-07-15	accepted	Yes	97.1	10.06	7.98	7.98		True	True	True	True	True	ADMITTED_MEASUREMENT	True	True		5	12	Rhizosphere	6.762700873937399	630776.0	1
Trip 5	61	5	V13Sr3	https://rubalkhali.science/kb/RAK_6001842	13	Surface	3	2026-07-15T00:00:00	2026-07-15	accepted	Yes	97.1	10.06	7.85	7.85		True	True	True	True	True	ADMITTED_MEASUREMENT	True	True		5	13	Surface	6.641013448685905	702965.0	1
Trip 5	62	5	V13PRr1	https://rubalkhali.science/kb/RAK_6001843	13	Rhizosphere	1	2026-07-15T00:00:00	2026-07-15	accepted	Yes	97.1	10.06	7.88	7.88		True	True	True	True	True	ADMITTED_MEASUREMENT	True	True		5	13	Rhizosphere	6.899852068162057	1227634.0	1
Trip 5	63	5	V13PRr2	https://rubalkhali.science/kb/RAK_6001844	13	Rhizosphere	2	2026-07-15T00:00:00	2026-07-15	accepted	Yes	97.1	10.06	7.83	7.83		True	True	True	True	True	ADMITTED_MEASUREMENT	True	True		5	13	Rhizosphere	6.245408667410055	727940.0	1
Trip 5	64	5	V14Sr1	https://rubalkhali.science/kb/RAK_6001849	14	Surface	1	2026-07-15T00:00:00	2026-07-15	accepted	Yes	97.1	10.06	8.09	8.09		True	True	True	True	True	ADMITTED_MEASUREMENT	True	True		5	14	Surface	6.166826041321032	589062.0	1
Trip 5	65	5	V14Dr3	https://rubalkhali.science/kb/RAK_6001848	14	Deep	3	2026-07-15T00:00:00	2026-07-15	accepted	Yes	97.1	10.06	8.1	8.1		True	True	True	True	True	ADMITTED_MEASUREMENT	True	True		5	14	Deep	4.812193288310944	873663.0	1
Trip 5	66	5	V14PRr1	https://rubalkhali.science/kb/RAK_6001852	14	Rhizosphere	1	2026-07-15T00:00:00	2026-07-15	accepted	Yes	97.1	10.06	8.29	8.29		True	True	True	True	True	ADMITTED_MEASUREMENT	True	True		5	14	Rhizosphere	4.414162728990117	744229.0	1
Trip 5	67	5	V14PRr2	https://rubalkhali.science/kb/RAK_6001853	14	Rhizosphere	2	2026-07-15T00:00:00	2026-07-15	accepted	Yes	97.1	10.06	8.26	8.26		True	True	True	True	True	ADMITTED_MEASUREMENT	True	True		5	14	Rhizosphere	5.08420872599446	442347.0	1
Trip 5	68	5	V14PRr3	https://rubalkhali.science/kb/RAK_6001854	14	Rhizosphere	3	2026-07-15T00:00:00	2026-07-15	accepted	Yes	97.1	10.06	8.12	8.12		True	True	True	True	True	ADMITTED_MEASUREMENT	True	True		5	14	Rhizosphere	4.689983432963345	517214.0	1
Trip 5	69	5	V15Sr1	https://rubalkhali.science/kb/RAK_6001858	15	Surface	1	2026-07-15T00:00:00	2026-07-15	accepted	Yes	97.1	10.06	7.83	7.83		True	True	True	True	True	ADMITTED_MEASUREMENT	True	True		5	15	Surface	6.961415230137332	679119.0	1
Trip 5	70	5	V15Sr2	https://rubalkhali.science/kb/RAK_6001859	15	Surface	2	2026-07-15T00:00:00	2026-07-15	accepted	Yes	97.1	10.06	7.79	7.79		True	True	True	True	True	ADMITTED_MEASUREMENT	True	True		5	15	Surface	7.808782539769897	868439.0	1
Trip 5	71	5	V15Dr1	https://rubalkhali.science/kb/RAK_6001855	15	Deep	1	2026-07-15T00:00:00	2026-07-15	accepted	Yes	97.1	10.06	7.88	7.88		True	True	True	True	True	ADMITTED_MEASUREMENT	True	True		5	15	Deep	7.278302315774624	808917.0	1
Trip 5	72	5	V15Dr2	https://rubalkhali.science/kb/RAK_6001856	15	Deep	2	2026-07-15T00:00:00	2026-07-15	accepted	Yes	97.1	10.06	7.9	7.9		True	True	True	True	True	ADMITTED_MEASUREMENT	True	True		5	15	Deep	6.97921567169825	993412.0	1
Trip 5	73	5	V15Dr3	https://rubalkhali.science/kb/RAK_6001857	15	Deep	3	2026-07-15T00:00:00	2026-07-15	accepted	Yes	97.1	10.06	7.86	7.86		True	True	True	True	True	ADMITTED_MEASUREMENT	True	True		5	15	Deep	7.271577765618136	861255.0	1
Trip 5	74	5	V15PRr1	https://rubalkhali.science/kb/RAK_6001861	15	Rhizosphere	1	2026-07-15T00:00:00	2026-07-15	accepted	Yes	97.1	10.06	8.09	8.09		True	True	True	True	True	ADMITTED_MEASUREMENT	True	True		5	15	Rhizosphere	5.839991171877314	661392.0	1
Trip 5	75	5	V15PRr2	https://rubalkhali.science/kb/RAK_6001862	15	Rhizosphere	2	2026-07-15T00:00:00	2026-07-15	accepted	Yes	97.1	10.06	8.14	8.14		True	True	True	True	True	ADMITTED_MEASUREMENT	True	True		5	15	Rhizosphere	6.360027296866398	853682.0	1
Trip 5	76	5	V15PRr3	https://rubalkhali.science/kb/RAK_6001863	15	Rhizosphere	3	2026-07-15T00:00:00	2026-07-15	accepted	Yes	97.1	10.06	7.99	7.99		True	True	True	True	True	ADMITTED_MEASUREMENT	True	True		5	15	Rhizosphere	6.118752162734364	500074.0	1
Trip 5	79	5	V16Dr3	https://rubalkhali.science/kb/RAK_6001866	16	Deep	3	2026-07-15T00:00:00	2026-07-15	accepted	Yes	97.1	10.06	8.06	8.06		True	True	True	True	True	ADMITTED_MEASUREMENT	True	True		5	16	Deep	6.019337395941415	826731.0	1
Trip 5	80	5	V16PRr1	https://rubalkhali.science/kb/RAK_6001870	16	Rhizosphere	1	2026-07-15T00:00:00	2026-07-15	accepted	Yes	97.1	10.06	8.26	8.26		True	True	True	True	True	ADMITTED_MEASUREMENT	True	True		5	16	Rhizosphere	6.467345419079946	691016.0	1
Trip 5	81	5	V16PRr2	https://rubalkhali.science/kb/RAK_6001871	16	Rhizosphere	2	2026-07-15T00:00:00	2026-07-15	accepted	Yes	97.1	10.06	8.28	8.28		True	True	True	True	True	ADMITTED_MEASUREMENT	True	True		5	16	Rhizosphere	6.5955996725194215	388509.0	1
Trip 5	82	5	V16PRr3	https://rubalkhali.science/kb/RAK_6001872	16	Rhizosphere	3	2026-07-15T00:00:00	2026-07-15	accepted	Yes	97.1	10.06	8.2	8.2		True	True	True	True	True	ADMITTED_MEASUREMENT	True	True		5	16	Rhizosphere	6.555386829750541	467393.0	1
Trip 5	83	5	V17Dr1	https://rubalkhali.science/kb/RAK_6001873	17	Deep	1	2026-07-15T00:00:00	2026-07-15	accepted	Yes	97.1	10.06	8.06	8.06		True	True	True	True	True	ADMITTED_MEASUREMENT	True	True		5	17	Deep	7.231439234808066	617693.0	1
Trip 5	84	5	V17Dr2	https://rubalkhali.science/kb/RAK_6001874	17	Deep	2	2026-07-15T00:00:00	2026-07-15	accepted	Yes	97.1	10.06	8.05	8.05		True	True	True	True	True	ADMITTED_MEASUREMENT	True	True		5	17	Deep	6.874616713668324	739031.0	1
Trip 5	85	5	V17PRr1	https://rubalkhali.science/kb/RAK_6001879	17	Rhizosphere	1	2026-07-15T00:00:00	2026-07-15	accepted	Yes	97.1	10.06	7.85	7.85		True	True	True	True	True	ADMITTED_MEASUREMENT	True	True		5	17	Rhizosphere	6.476198941869173	919445.0	1
Trip 5	86	5	V17PRr2	https://rubalkhali.science/kb/RAK_6001880	17	Rhizosphere	2	2026-07-15T00:00:00	2026-07-15	accepted	Yes	97.1	10.06	7.93	7.93		True	True	True	True	True	ADMITTED_MEASUREMENT	True	True		5	17	Rhizosphere	6.210533031418248	671805.0	1
Trip 5	87	5	V17PRr3	https://rubalkhali.science/kb/RAK_6001881	17	Rhizosphere	3	2026-07-15T00:00:00	2026-07-15	accepted	Yes	97.1	10.06	7.91	7.91		True	True	True	True	True	ADMITTED_MEASUREMENT	True	True		5	17	Rhizosphere	6.554508856987424	567532.0	1
Trip 5	88	5	V18PRr2	https://rubalkhali.science/kb/RAK_6001889	18	Rhizosphere	2	2026-07-15T00:00:00	2026-07-15	accepted	Yes	97.1	10.06	8.06	8.06		True	True	True	True	True	ADMITTED_MEASUREMENT	True	True		5	18	Rhizosphere	6.013118872920276	688527.0	1
Trip 5	89	5	V18PRr3	https://rubalkhali.science/kb/RAK_6001890	18	Rhizosphere	3	2026-07-15T00:00:00	2026-07-15	accepted	Yes	97.1	10.06	8.09	8.09		True	True	True	True	True	ADMITTED_MEASUREMENT	True	True		5	18	Rhizosphere	5.981320414046333	490978.0	1
Trip 5	90	5	V19Sr3	https://rubalkhali.science/kb/RAK_6001896	19	Surface	3	2026-07-15T00:00:00	2026-07-15	accepted	Yes	97.1	10.06	7.8	7.8		True	True	True	True	True	ADMITTED_MEASUREMENT	True	True		5	19	Surface	7.008983926988234	1116547.0	1
Trip 5	91	5	V19Dr2	https://rubalkhali.science/kb/RAK_6001892	19	Deep	2	2026-07-15T00:00:00	2026-07-15	accepted	Yes	97.1	10.06	8.1	8.1		True	True	True	True	True	ADMITTED_MEASUREMENT	True	True		5	19	Deep	7.645085143478468	4341054.0	1
Trip 5	92	5	V19Dr3	https://rubalkhali.science/kb/RAK_6001893	19	Deep	3	2026-07-15T00:00:00	2026-07-15	accepted	Yes	97.1	10.06	8.12	8.12		True	True	True	True	True	ADMITTED_MEASUREMENT	True	True		5	19	Deep	7.507018438480661	691081.0	1
Trip 5	93	5	V19PRr1	https://rubalkhali.science/kb/RAK_6001897	19	Rhizosphere	1	2026-07-15T00:00:00	2026-07-15	accepted	Yes	97.1	10.06	7.97	7.97		True	True	True	True	True	ADMITTED_MEASUREMENT	True	True		5	19	Rhizosphere	6.031009357940724	907515.0	1
Trip 5	94	5	V19PRr2	https://rubalkhali.science/kb/RAK_6001898	19	Rhizosphere	2	2026-07-15T00:00:00	2026-07-15	accepted	Yes	97.1	10.06	7.95	7.95		True	True	True	True	True	ADMITTED_MEASUREMENT	True	True		5	19	Rhizosphere	5.970026012356159	452234.0	1
Trip 5	95	5	V19PRr3	https://rubalkhali.science/kb/RAK_6001899	19	Rhizosphere	3	2026-07-15T00:00:00	2026-07-15	accepted	Yes	97.1	10.06	7.93	7.93		True	True	True	True	True	ADMITTED_MEASUREMENT	True	True		5	19	Rhizosphere	5.832763843861786	480790.0	1
Trip 5	96	5	V20Sr2	https://rubalkhali.science/kb/RAK_6001904	20	Surface	2	2026-07-15T00:00:00	2026-07-15	accepted	Yes	97.1	10.06	7.85	7.85		True	True	True	True	True	ADMITTED_MEASUREMENT	True	True		5	20	Surface	6.229044500857744	668287.0	1
Trip 5	97	5	V20PRr1	https://rubalkhali.science/kb/RAK_6001906	20	Rhizosphere	1	2026-07-15T00:00:00	2026-07-15	accepted	Yes	97.1	10.06	7.56	7.56		True	True	True	True	True	ADMITTED_MEASUREMENT	True	True		5	20	Rhizosphere	6.572357313689798	2217058.0	1
Trip 5	98	5	V20PRr2	https://rubalkhali.science/kb/RAK_6001907	20	Rhizosphere	2	2026-07-15T00:00:00	2026-07-15	accepted	Yes	97.1	10.06	7.58	7.58		True	True	True	True	True	ADMITTED_MEASUREMENT	True	True		5	20	Rhizosphere	6.069268987779067	602263.0	1
Trip 5	99	5	V20PRr3	https://rubalkhali.science/kb/RAK_6001908	20	Rhizosphere	3	2026-07-15T00:00:00	2026-07-15	accepted	Yes	97.1	10.06	7.63	7.63		True	True	True	True	True	ADMITTED_MEASUREMENT	True	True		5	20	Rhizosphere	6.347835001515997	1256846.0	1
Trip 5	100	5	V21Sr3	https://rubalkhali.science/kb/RAK_6001914	21	Surface	3	2026-07-15T00:00:00	2026-07-15	accepted	Yes	97.1	10.06	7.84	7.84		True	True	True	True	True	ADMITTED_MEASUREMENT	True	True		5	21	Surface	7.46872653484918	1112675.0	1
Trip 5	101	5	V21Dr1	https://rubalkhali.science/kb/RAK_6001909	21	Deep	1	2026-07-15T00:00:00	2026-07-15	accepted	Yes	97.1	10.06	7.7	7.7		True	True	True	True	True	ADMITTED_MEASUREMENT	True	True		5	21	Deep	7.091804667574464	399410.0	1
Trip 5	102	5	V21Dr2	https://rubalkhali.science/kb/RAK_6001910	21	Deep	2	2026-07-15T00:00:00	2026-07-15	accepted	Yes	97.1	10.06	7.79	7.79		True	True	True	True	True	ADMITTED_MEASUREMENT	True	True		5	21	Deep	6.735789283149695	387092.0	1
Trip 5	103	5	V21PRr1	https://rubalkhali.science/kb/RAK_6001915	21	Rhizosphere	1	2026-07-15T00:00:00	2026-07-15	accepted	Yes	97.1	10.06	7.7	7.7		True	True	True	True	True	ADMITTED_MEASUREMENT	True	True		5	21	Rhizosphere	6.916070306004352	367389.0	1
Trip 5	104	5	V21PRr2	https://rubalkhali.science/kb/RAK_6001916	21	Rhizosphere	2	2026-07-15T00:00:00	2026-07-15	accepted	Yes	97.1	10.06	7.62	7.62		True	True	True	True	True	ADMITTED_MEASUREMENT	True	True		5	21	Rhizosphere	6.93163060339027	750436.0	1
Trip 5	105	5	V21PRr3	https://rubalkhali.science/kb/RAK_6001917	21	Rhizosphere	3	2026-07-15T00:00:00	2026-07-15	accepted	Yes	97.1	10.06	7.61	7.61		True	True	True	True	True	ADMITTED_MEASUREMENT	True	True		5	21	Rhizosphere	6.429084786554002	499748.0	1
Trip 5	106	5	V22PRr2	https://rubalkhali.science/kb/RAK_6001925	22	Rhizosphere	2	2026-07-15T00:00:00	2026-07-15	accepted	Yes	97.1	10.06	7.94	7.94		True	True	True	True	True	ADMITTED_MEASUREMENT	True	True		5	22	Rhizosphere	6.723417816259554	630179.0	1
Trip 5	107	5	V23Dr1	https://rubalkhali.science/kb/RAK_6001927	23	Deep	1	2026-07-16T00:00:00	2026-07-16	accepted	Yes	97.9	10.06	8.17	8.17		True	True	True	True	True	ADMITTED_MEASUREMENT	True	True		5	23	Deep	7.262563224610426	709739.0	1
Trip 5	108	5	V23PRr1	https://rubalkhali.science/kb/RAK_6001933	23	Rhizosphere	1	2026-07-16T00:00:00	2026-07-16	accepted	Yes	97.9	10.06	7.7	7.7		True	True	True	True	True	ADMITTED_MEASUREMENT	True	True		5	23	Rhizosphere	7.606338929356527	605279.0	1
Trip 5	109	5	V23PRr2	https://rubalkhali.science/kb/RAK_6001934	23	Rhizosphere	2	2026-07-16T00:00:00	2026-07-16	accepted	Yes	97.9	10.06	7.67	7.67		True	True	True	True	True	ADMITTED_MEASUREMENT	True	True		5	23	Rhizosphere	7.65858558564094	493078.0	1
Trip 5	110	5	V24Dr1	https://rubalkhali.science/kb/RAK_6001936	24	Deep	1	2026-07-16T00:00:00	2026-07-16	accepted	Yes	97.9	10.06	8.01	8.01		True	True	True	True	True	ADMITTED_MEASUREMENT	True	True		5	24	Deep	5.952291512861044	433988.0	1
Trip 5	111	5	V24PRr1	https://rubalkhali.science/kb/RAK_6001942	24	Rhizosphere	1	2026-07-16T00:00:00	2026-07-16	accepted	Yes	97.9	10.06	7.76	7.76		True	True	True	True	True	ADMITTED_MEASUREMENT	True	True		5	24	Rhizosphere	7.537633020962198	551729.0	1
Trip 5	112	5	V24PRr3	https://rubalkhali.science/kb/RAK_6001944	24	Rhizosphere	3	2026-07-16T00:00:00	2026-07-16	accepted	Yes	97.9	10.06	7.82	7.82		True	True	True	True	True	ADMITTED_MEASUREMENT	True	True		5	24	Rhizosphere	7.08881415674837	377824.0	1
Trip 5	113	5	V25Sr2	https://rubalkhali.science/kb/RAK_6001949	25	Surface	2	2026-07-16T00:00:00	2026-07-16	accepted	Yes	97.9	10.06	7.7	7.7		True	True	True	True	True	ADMITTED_MEASUREMENT	True	True		5	25	Surface	6.740916826216066	864456.0	1
Trip 5	114	5	V25Sr3	https://rubalkhali.science/kb/RAK_6001950	25	Surface	3	2026-07-16T00:00:00	2026-07-16	accepted	Yes	97.9	10.06	7.79	7.79		True	True	True	True	True	ADMITTED_MEASUREMENT	True	True		5	25	Surface	6.871474224782201	838440.0	1
Trip 5	115	5	V25Dr3	https://rubalkhali.science/kb/RAK_6001947	25	Deep	3	2026-07-16T00:00:00	2026-07-16	accepted	Yes	97.9	10.06	7.87	7.87		True	True	True	True	True	ADMITTED_MEASUREMENT	True	True		5	25	Deep	7.006453151375272	409452.0	1
Trip 5	116	5	V25PRr1	https://rubalkhali.science/kb/RAK_6001951	25	Rhizosphere	1	2026-07-16T00:00:00	2026-07-16	accepted	Yes	97.9	10.06	7.72	7.72		True	True	True	True	True	ADMITTED_MEASUREMENT	True	True		5	25	Rhizosphere	5.889912844629042	565561.0	1
Trip 5	117	5	V25PRr2	https://rubalkhali.science/kb/RAK_6001952	25	Rhizosphere	2	2026-07-16T00:00:00	2026-07-16	accepted	Yes	97.9	10.06	7.63	7.63		True	True	True	True	True	ADMITTED_MEASUREMENT	True	True		5	25	Rhizosphere	5.798390679557145	500897.0	1
Trip 5	118	5	V25PRr3	https://rubalkhali.science/kb/RAK_6001953	25	Rhizosphere	3	2026-07-16T00:00:00	2026-07-16	accepted	Yes	97.9	10.06	7.62	7.62		True	True	True	True	True	ADMITTED_MEASUREMENT	True	True		5	25	Rhizosphere	5.920817633391586	540459.0	1
Trip 5	119	5	V26Sr2	https://rubalkhali.science/kb/RAK_6001958	26	Surface	2	2026-07-16T00:00:00	2026-07-16	accepted	Yes	97.9	10.06	7.67	7.67		True	True	True	True	True	ADMITTED_MEASUREMENT	True	True		5	26	Surface	7.08711490100435	676130.0	1
Trip 5	120	5	V26Dr2	https://rubalkhali.science/kb/RAK_6001955	26	Deep	2	2026-07-16T00:00:00	2026-07-16	accepted	Yes	97.9	10.06	7.6	7.6		True	True	True	True	True	ADMITTED_MEASUREMENT	True	True		5	26	Deep	6.983498869642484	227594.0	1
Trip 5	121	5	V26Dr3	https://rubalkhali.science/kb/RAK_6001956	26	Deep	3	2026-07-16T00:00:00	2026-07-16	accepted	Yes	97.9	10.06	7.69	7.69		True	True	True	True	True	ADMITTED_MEASUREMENT	True	True		5	26	Deep	6.86145175651711	599509.0	1
Trip 5	122	5	V26PRr1	https://rubalkhali.science/kb/RAK_6001960	26	Rhizosphere	1	2026-07-16T00:00:00	2026-07-16	accepted	Yes	97.9	10.06	7.72	7.72		True	True	True	True	True	ADMITTED_MEASUREMENT	True	True		5	26	Rhizosphere	7.106294448025959	524183.0	1
Trip 5	123	5	V26PRr2	https://rubalkhali.science/kb/RAK_6001961	26	Rhizosphere	2	2026-07-16T00:00:00	2026-07-16	accepted	Yes	97.9	10.06	7.68	7.68		True	True	True	True	True	ADMITTED_MEASUREMENT	True	True		5	26	Rhizosphere	7.260402418330814	804585.0	1
Trip 5	124	5	V27Dr2	https://rubalkhali.science/kb/RAK_6001964	27	Deep	2	2026-07-16T00:00:00	2026-07-16	accepted	Yes	97.9	10.06	7.74	7.74		True	True	True	True	True	ADMITTED_MEASUREMENT	True	True		5	27	Deep	7.058049365608923	690327.0	1
Trip 5	125	5	V27Dr3	https://rubalkhali.science/kb/RAK_6001965	27	Deep	3	2026-07-16T00:00:00	2026-07-16	accepted	Yes	97.9	10.06	7.7	7.7		True	True	True	True	True	ADMITTED_MEASUREMENT	True	True		5	27	Deep	7.086410630111724	759591.0	1
Trip 5	126	5	V27PRr1	https://rubalkhali.science/kb/RAK_6001969	27	Rhizosphere	1	2026-07-16T00:00:00	2026-07-16	accepted	Yes	97.9	10.06	7.7	7.7		True	True	True	True	True	ADMITTED_MEASUREMENT	True	True		5	27	Rhizosphere	5.667194526943705	415925.0	1
Trip 5	127	5	V27PRr2	https://rubalkhali.science/kb/RAK_6001970	27	Rhizosphere	2	2026-07-16T00:00:00	2026-07-16	accepted	Yes	97.9	10.06	7.63	7.63		True	True	True	True	True	ADMITTED_MEASUREMENT	True	True		5	27	Rhizosphere	6.052669512107686	555336.0	1
Trip 5	128	5	V27PRr3	https://rubalkhali.science/kb/RAK_6001971	27	Rhizosphere	3	2026-07-16T00:00:00	2026-07-16	accepted	Yes	97.9	10.06	7.67	7.67		True	True	True	True	True	ADMITTED_MEASUREMENT	True	True		5	27	Rhizosphere	5.602218530845192	545853.0	1
Trip 5	129	5	V28Dr1	https://rubalkhali.science/kb/RAK_6001972	28	Deep	1	2026-07-16T00:00:00	2026-07-16	accepted	Yes	97.9	10.06	7.69	7.69		True	True	True	True	True	ADMITTED_MEASUREMENT	True	True		5	28	Deep	7.295210416029421	892760.0	1
Trip 5	130	5	V28Dr3	https://rubalkhali.science/kb/RAK_6001974	28	Deep	3	2026-07-16T00:00:00	2026-07-16	accepted	Yes	97.9	10.06	7.7	7.7		True	True	True	True	True	ADMITTED_MEASUREMENT	True	True		5	28	Deep	7.023551293448132	419697.0	1
Trip 5	131	5	V28PRr1	https://rubalkhali.science/kb/RAK_6001978	28	Rhizosphere	1	2026-07-16T00:00:00	2026-07-16	accepted	Yes	97.9	10.06	7.66	7.66		True	True	True	True	True	ADMITTED_MEASUREMENT	True	True		5	28	Rhizosphere	4.191742074428278	716456.0	1
Trip 5	132	5	V28PRr2	https://rubalkhali.science/kb/RAK_6001979	28	Rhizosphere	2	2026-07-16T00:00:00	2026-07-16	accepted	Yes	97.9	10.06	7.6	7.6		True	True	True	True	True	ADMITTED_MEASUREMENT	True	True		5	28	Rhizosphere	5.217727957307666	701711.0	1
Trip 5	133	5	V28PRr3	https://rubalkhali.science/kb/RAK_6001980	28	Rhizosphere	3	2026-07-16T00:00:00	2026-07-16	accepted	Yes	97.9	10.06	7.57	7.57		True	True	True	True	True	ADMITTED_MEASUREMENT	True	True		5	28	Rhizosphere	6.13103913072689	528041.0	1
Trip 5	134	5	V29PRr2	https://rubalkhali.science/kb/RAK_6001988	29	Rhizosphere	2	2026-07-16T00:00:00	2026-07-16	accepted	Yes	97.9	10.06	7.73	7.73		True	True	True	True	True	ADMITTED_MEASUREMENT	True	True		5	29	Rhizosphere	7.030770708537004	829930.0	1
Trip 5	135	5	V29PRr3	https://rubalkhali.science/kb/RAK_6001989	29	Rhizosphere	3	2026-07-16T00:00:00	2026-07-16	accepted	Yes	97.9	10.06	7.65	7.65		True	True	True	True	True	ADMITTED_MEASUREMENT	True	True		5	29	Rhizosphere	6.83849650063942	890128.0	1
Trip 5	136	5	V30Sr2	https://rubalkhali.science/kb/RAK_6001994	30	Surface	2	2026-07-16T00:00:00	2026-07-16	accepted	Yes	97.9	10.06	7.51	7.51		True	True	True	True	True	ADMITTED_MEASUREMENT	True	True		5	30	Surface	7.191496779468096	955117.0	1
Trip 5	137	5	V30PRr1	https://rubalkhali.science/kb/RAK_6001996	30	Rhizosphere	1	2026-07-16T00:00:00	2026-07-16	accepted	Yes	97.9	10.06	7.56	7.56		True	True	True	True	True	ADMITTED_MEASUREMENT	True	True		5	30	Rhizosphere	6.209465372758471	384827.0	1
Trip 5	138	5	V30PRr2	https://rubalkhali.science/kb/RAK_6001997	30	Rhizosphere	2	2026-07-16T00:00:00	2026-07-16	accepted	Yes	97.9	10.06	7.6	7.6		True	True	True	True	True	ADMITTED_MEASUREMENT	True	True		5	30	Rhizosphere	6.23560635234203	316791.0	1
Trip 5	139	5	V30PRr3	https://rubalkhali.science/kb/RAK_6001998	30	Rhizosphere	3	2026-07-16T00:00:00	2026-07-16	accepted	Yes	97.9	10.06	7.61	7.61		True	True	True	True	True	ADMITTED_MEASUREMENT	True	True		5	30	Rhizosphere	5.366779729772519	625055.0	1
Trip 5	140	5	V31Dr1	https://rubalkhali.science/kb/RAK_6001999	31	Deep	1	2026-07-19T00:00:00	2026-07-19	accepted	Yes	98.0	10.06	7.99	7.99		True	True	True	True	True	ADMITTED_MEASUREMENT	True	True		5	31	Deep	6.375766105821247	816505.0	1
Trip 5	141	5	V31Dr3	https://rubalkhali.science/kb/RAK_6002001	31	Deep	3	2026-07-19T00:00:00	2026-07-19	accepted	Yes	98.0	10.06	7.88	7.88		True	True	True	True	True	ADMITTED_MEASUREMENT	True	True		5	31	Deep	7.0927276909969645	721172.0	1
Trip 5	142	5	V32PRr1	https://rubalkhali.science/kb/RAK_6002014	32	Rhizosphere	1	2026-07-19T00:00:00	2026-07-19	accepted	Yes	98.0	10.06	7.65	7.65		True	True	True	True	True	ADMITTED_MEASUREMENT	True	True		5	32	Rhizosphere	6.48859168599208	783652.0	1
Trip 5	143	5	V32PRr2	https://rubalkhali.science/kb/RAK_6002015	32	Rhizosphere	2	2026-07-19T00:00:00	2026-07-19	accepted	Yes	98.0	10.06	7.61	7.61		True	True	True	True	True	ADMITTED_MEASUREMENT	True	True		5	32	Rhizosphere	6.866732345484473	514694.0	1
Trip 5	144	5	V32PRr3	https://rubalkhali.science/kb/RAK_6002016	32	Rhizosphere	3	2026-07-19T00:00:00	2026-07-19	accepted	Yes	98.0	10.06	7.6	7.6		True	True	True	True	True	ADMITTED_MEASUREMENT	True	True		5	32	Rhizosphere	7.629687231435452	760983.0	1
Trip 5	145	5	V33PRr1	https://rubalkhali.science/kb/RAK_6002023	33	Rhizosphere	1	2026-07-19T00:00:00	2026-07-19	accepted	Yes	98.0	10.06	8.06	8.06		True	True	True	True	True	ADMITTED_MEASUREMENT	True	True		5	33	Rhizosphere	5.581381170047046	607595.0	1
Trip 5	146	5	V33PRr2	https://rubalkhali.science/kb/RAK_6002024	33	Rhizosphere	2	2026-07-19T00:00:00	2026-07-19	accepted	Yes	98.0	10.06	7.98	7.98		True	True	True	True	True	ADMITTED_MEASUREMENT	True	True		5	33	Rhizosphere	6.387827350573152	733370.0	1
Trip 5	147	5	V33PRr3	https://rubalkhali.science/kb/RAK_6002025	33	Rhizosphere	3	2026-07-19T00:00:00	2026-07-19	accepted	Yes	98.0	10.06	8.0	8.0		True	True	True	True	True	ADMITTED_MEASUREMENT	True	True		5	33	Rhizosphere	6.454089705362361	593156.0	1
Trip 5	148	5	V34Dr2	https://rubalkhali.science/kb/RAK_6002027	34	Deep	2	2026-07-19T00:00:00	2026-07-19	accepted	Yes	98.0	10.06	8.01	8.01		True	True	True	True	True	ADMITTED_MEASUREMENT	True	True		5	34	Deep	6.82232608113885	877855.0	1
Trip 5	149	5	V34PRr1	https://rubalkhali.science/kb/RAK_6002032	34	Rhizosphere	1	2026-07-19T00:00:00	2026-07-19	accepted	Yes	98.0	10.06	8.07	8.07		True	True	True	True	True	ADMITTED_MEASUREMENT	True	True		5	34	Rhizosphere	5.982138065874569	507706.0	1
Trip 5	150	5	V34PRr2	https://rubalkhali.science/kb/RAK_6002033	34	Rhizosphere	2	2026-07-19T00:00:00	2026-07-19	accepted	Yes	98.0	10.06	8.09	8.09		True	True	True	True	True	ADMITTED_MEASUREMENT	True	True		5	34	Rhizosphere	6.216565589823693	643446.0	1
Trip 5	151	5	V34PRr3	https://rubalkhali.science/kb/RAK_6002034	34	Rhizosphere	3	2026-07-19T00:00:00	2026-07-19	accepted	Yes	98.0	10.06	8.11	8.11		True	True	True	True	True	ADMITTED_MEASUREMENT	True	True		5	34	Rhizosphere	5.902651702919861	626593.0	1
Trip 5	152	5	V35Dr1	https://rubalkhali.science/kb/RAK_6002035	35	Deep	1	2026-07-19T00:00:00	2026-07-19	accepted	Yes	98.0	10.06	8.1	8.1		True	True	True	True	True	ADMITTED_MEASUREMENT	True	True		5	35	Deep	6.80519595781961	1450613.0	1
Trip 5	153	5	V35PRr1	https://rubalkhali.science/kb/RAK_6002041	35	Rhizosphere	1	2026-07-19T00:00:00	2026-07-19	accepted	Yes	98.0	10.06	8.42	8.42		True	True	True	True	True	ADMITTED_MEASUREMENT	True	True		5	35	Rhizosphere	5.883695785555509	334895.0	1
Trip 5	154	5	V35PRr2	https://rubalkhali.science/kb/RAK_6002042	35	Rhizosphere	2	2026-07-19T00:00:00	2026-07-19	accepted	Yes	98.0	10.06	8.37	8.37		True	True	True	True	True	ADMITTED_MEASUREMENT	True	True		5	35	Rhizosphere	5.366653436092893	302467.0	1
Trip 5	155	5	V35PRr3	https://rubalkhali.science/kb/RAK_6002043	35	Rhizosphere	3	2026-07-19T00:00:00	2026-07-19	accepted	Yes	98.0	10.06	8.41	8.41		True	True	True	True	True	ADMITTED_MEASUREMENT	True	True		5	35	Rhizosphere	5.555620974744208	160039.0	1
Trip 5	156	5	V37Dr1	https://rubalkhali.science/kb/RAK_6002053	37	Deep	1	2026-07-19T00:00:00	2026-07-19	accepted	Yes	98.0	10.06	8.22	8.22		True	True	True	True	True	ADMITTED_MEASUREMENT	True	True		5	37	Deep	6.408266412661558	236686.0	1
Trip 5	157	5	V37PRr2	https://rubalkhali.science/kb/RAK_6002060	37	Rhizosphere	2	2026-07-19T00:00:00	2026-07-19	accepted	Yes	98.0	10.06	8.03	8.03		True	True	True	True	True	ADMITTED_MEASUREMENT	True	True		5	37	Rhizosphere	6.289349784457207	346454.0	1
Trip 5	158	5	V37PRr3	https://rubalkhali.science/kb/RAK_6002061	37	Rhizosphere	3	2026-07-19T00:00:00	2026-07-19	accepted	Yes	98.0	10.06	7.99	7.99		True	True	True	True	True	ADMITTED_MEASUREMENT	True	True		5	37	Rhizosphere	5.523685794289101	449850.0	1
Trip 5	159	5	V38Sr2	https://rubalkhali.science/kb/RAK_6002066	38	Surface	2	2026-07-19T00:00:00	2026-07-19	accepted	Yes	98.0	10.06	8.14	8.14		True	True	True	True	True	ADMITTED_MEASUREMENT	True	True		5	38	Surface	6.016920658868115	865020.0	1
Trip 5	160	5	V38PRr3	https://rubalkhali.science/kb/RAK_6002070	38	Rhizosphere	3	2026-07-19T00:00:00	2026-07-19	accepted	Yes	98.0	10.06	8.17	8.17		True	True	True	True	True	ADMITTED_MEASUREMENT	True	True		5	38	Rhizosphere	5.701239674816281	48510.0	1
Trip 5	161	5	V39Sr2	https://rubalkhali.science/kb/RAK_6002075	39	Surface	2	2026-07-19T00:00:00	2026-07-19	accepted	Yes	98.0	10.06	8.06	8.06		True	True	True	True	True	ADMITTED_MEASUREMENT	True	True		5	39	Surface	6.419179040771728	333612.0	1
Trip 5	162	5	V39Dr1	https://rubalkhali.science/kb/RAK_6002071	39	Deep	1	2026-07-19T00:00:00	2026-07-19	accepted	Yes	98.0	10.06	8.28	8.28		True	True	True	True	True	ADMITTED_MEASUREMENT	True	True		5	39	Deep	6.4644545650843215	949051.0	1
Trip 5	163	5	V39Dr3	https://rubalkhali.science/kb/RAK_6002073	39	Deep	3	2026-07-19T00:00:00	2026-07-19	accepted	Yes	98.0	10.06	8.23	8.23		True	True	True	True	True	ADMITTED_MEASUREMENT	True	True		5	39	Deep	6.679909484727185	813823.0	1
Trip 5	164	5	V39PRr1	https://rubalkhali.science/kb/RAK_6002077	39	Rhizosphere	1	2026-07-19T00:00:00	2026-07-19	accepted	Yes	98.0	10.06	8.18	8.18		True	True	True	True	True	ADMITTED_MEASUREMENT	True	True		5	39	Rhizosphere	6.444157883060068	433656.0	1
Trip 5	165	5	V39PRr2	https://rubalkhali.science/kb/RAK_6002078	39	Rhizosphere	2	2026-07-19T00:00:00	2026-07-19	accepted	Yes	98.0	10.06	8.2	8.2		True	True	True	True	True	ADMITTED_MEASUREMENT	True	True		5	39	Rhizosphere	6.9602246734960485	994413.0	1
Trip 5	166	5	V39PRr3	https://rubalkhali.science/kb/RAK_6002079	39	Rhizosphere	3	2026-07-19T00:00:00	2026-07-19	accepted	Yes	98.0	10.06	8.19	8.19		True	True	True	True	True	ADMITTED_MEASUREMENT	True	True		5	39	Rhizosphere	6.630309731300334	380123.0	1
Trip 5	167	5	V40Sr3	https://rubalkhali.science/kb/RAK_6002085	40	Surface	3	2026-07-19T00:00:00	2026-07-19	accepted	Yes	98.0	10.06	7.91	7.91		True	True	True	True	True	ADMITTED_MEASUREMENT	True	True		5	40	Surface	7.027629260483111	1318128.0	1
Trip 5	168	5	V40Dr1	https://rubalkhali.science/kb/RAK_6002080	40	Deep	1	2026-07-19T00:00:00	2026-07-19	accepted	Yes	98.0	10.06	7.99	7.99		True	True	True	True	True	ADMITTED_MEASUREMENT	True	True		5	40	Deep	7.595856362851694	703200.0	1
Trip 5	169	5	V40PRr1	https://rubalkhali.science/kb/RAK_6002086	40	Rhizosphere	1	2026-07-19T00:00:00	2026-07-19	accepted	Yes	98.0	10.06	7.89	7.89		True	True	True	True	True	ADMITTED_MEASUREMENT	True	True		5	40	Rhizosphere	6.805755757864333	387146.0	1
Trip 5	170	5	V40PRr2	https://rubalkhali.science/kb/RAK_6002087	40	Rhizosphere	2	2026-07-19T00:00:00	2026-07-19	accepted	Yes	98.0	10.06	7.9	7.9		True	True	True	True	True	ADMITTED_MEASUREMENT	True	True		5	40	Rhizosphere	6.897757027904333	653812.0	1
Trip 5	171	5	V40PRr3	https://rubalkhali.science/kb/RAK_6002088	40	Rhizosphere	3	2026-07-19T00:00:00	2026-07-19	accepted	Yes	98.0	10.06	7.97	7.97		True	True	True	True	True	ADMITTED_MEASUREMENT	True	True		5	40	Rhizosphere	7.146407968322699	993307.0	1
Trip 5	172	5	V41Dr3	https://rubalkhali.science/kb/RAK_6002091	41	Deep	3	2026-07-19T00:00:00	2026-07-19	accepted	Yes	98.0	10.06	7.92	7.92		True	True	True	True	True	ADMITTED_MEASUREMENT	True	True		5	41	Deep	4.973780581487745	382552.0	1
Trip 5	173	5	V42Sr2	https://rubalkhali.science/kb/RAK_6002102	42	Surface	2	2026-07-19T00:00:00	2026-07-19	accepted	Yes	98.0	10.06	7.86	7.86		True	True	True	True	True	ADMITTED_MEASUREMENT	True	True		5	42	Surface	6.663987445034155	1028589.0	1
Trip 5	174	5	V42PRr2	https://rubalkhali.science/kb/RAK_6002105	42	Rhizosphere	2	2026-07-19T00:00:00	2026-07-19	accepted	Yes	98.0	10.06	8.13	8.13		True	True	True	True	True	ADMITTED_MEASUREMENT	True	True		5	42	Rhizosphere	6.171353809949757	785972.0	1
Trip 5	175	5	V43Dr1	https://rubalkhali.science/kb/RAK_6002107	43	Deep	1	2026-07-19T00:00:00	2026-07-19	accepted	Yes	98.0	10.06	7.9	7.9		True	True	True	True	True	ADMITTED_MEASUREMENT	True	True		5	43	Deep	6.83423622133839	581664.0	1
Trip 5	176	5	V43Dr2	https://rubalkhali.science/kb/RAK_6002108	43	Deep	2	2026-07-19T00:00:00	2026-07-19	accepted	Yes	98.0	10.06	7.85	7.85		True	True	True	True	True	ADMITTED_MEASUREMENT	True	True		5	43	Deep	6.91232393732318	529697.0	1
Trip 5	177	5	V43Dr3	https://rubalkhali.science/kb/RAK_6002109	43	Deep	3	2026-07-19T00:00:00	2026-07-19	accepted	Yes	98.0	10.06	7.87	7.87		True	True	True	True	True	ADMITTED_MEASUREMENT	True	True		5	43	Deep	7.090745197226239	699177.0	1
Trip 5	178	5	V43PRr1	https://rubalkhali.science/kb/RAK_6002113	43	Rhizosphere	1	2026-07-19T00:00:00	2026-07-19	accepted	Yes	98.0	10.06	7.89	7.89		True	True	True	True	True	ADMITTED_MEASUREMENT	True	True		5	43	Rhizosphere	6.634989806409702	723396.0	1
Trip 5	179	5	V43PRr2	https://rubalkhali.science/kb/RAK_6002114	43	Rhizosphere	2	2026-07-19T00:00:00	2026-07-19	accepted	Yes	98.0	10.06	7.9	7.9		True	True	True	True	True	ADMITTED_MEASUREMENT	True	True		5	43	Rhizosphere	6.376422912493996	787772.0	1
Trip 5	180	5	V43PRr3	https://rubalkhali.science/kb/RAK_6002115	43	Rhizosphere	3	2026-07-19T00:00:00	2026-07-19	accepted	Yes	98.0	10.06	7.93	7.93		True	True	True	True	True	ADMITTED_MEASUREMENT	True	True		5	43	Rhizosphere	6.823451122915073	943624.0	1
Trip 5	181	5	V44Dr1	https://rubalkhali.science/kb/RAK_6002116	44	Deep	1	2026-07-19T00:00:00	2026-07-19	accepted	Yes	98.0	10.06	7.83	7.83		True	True	True	True	True	ADMITTED_MEASUREMENT	True	True		5	44	Deep	6.131545945614184	688641.0	1
Trip 5	182	5	V44PRr1	https://rubalkhali.science/kb/RAK_6002122	44	Rhizosphere	1	2026-07-19T00:00:00	2026-07-19	accepted	Yes	98.0	10.06	7.95	7.95		True	True	True	True	True	ADMITTED_MEASUREMENT	True	True		5	44	Rhizosphere	7.767567935013634	823933.0	1
Trip 5	183	5	V44PRr2	https://rubalkhali.science/kb/RAK_6002123	44	Rhizosphere	2	2026-07-19T00:00:00	2026-07-19	accepted	Yes	98.0	10.06	7.9	7.9		True	True	True	True	True	ADMITTED_MEASUREMENT	True	True		5	44	Rhizosphere	6.632881183670549	820768.0	1
Trip 5	184	5	V45Sr3	https://rubalkhali.science/kb/RAK_6002130	45	Surface	3	2026-07-19T00:00:00	2026-07-19	accepted	Yes	98.0	10.06	8.0	8.0		True	True	True	True	True	ADMITTED_MEASUREMENT	True	True		5	45	Surface	6.05571879949082	603083.0	1
Trip 5	185	5	V45Dr1	https://rubalkhali.science/kb/RAK_6002125	45	Deep	1	2026-07-19T00:00:00	2026-07-19	accepted	Yes	98.0	10.06	8.12	8.12		True	True	True	True	True	ADMITTED_MEASUREMENT	True	True		5	45	Deep	4.185311724486343	672000.0	1
Trip 5	186	5	V45Dr2	https://rubalkhali.science/kb/RAK_6002126	45	Deep	2	2026-07-19T00:00:00	2026-07-19	accepted	Yes	98.0	10.06	8.15	8.15		True	True	True	True	True	ADMITTED_MEASUREMENT	True	True		5	45	Deep	4.275697622987948	632897.0	1
Trip 5	187	5	V45Dr3	https://rubalkhali.science/kb/RAK_6002127	45	Deep	3	2026-07-19T00:00:00	2026-07-19	accepted	Yes	98.0	10.06	8.2	8.2		True	True	True	True	True	ADMITTED_MEASUREMENT	True	True		5	45	Deep	4.633530684075112	425049.0	1
Trip 5	188	5	V45PRr1	https://rubalkhali.science/kb/RAK_6002131	45	Rhizosphere	1	2026-07-19T00:00:00	2026-07-19	accepted	Yes	98.0	10.06	7.8	7.8		True	True	True	True	True	ADMITTED_MEASUREMENT	True	True		5	45	Rhizosphere	4.0422755080793	357216.0	1
Trip 5	189	5	V45PRr2	https://rubalkhali.science/kb/RAK_6002132	45	Rhizosphere	2	2026-07-19T00:00:00	2026-07-19	accepted	Yes	98.0	10.06	7.89	7.89		True	True	True	True	True	ADMITTED_MEASUREMENT	True	True		5	45	Rhizosphere	4.135602386727271	416030.0	1
Trip 5	190	5	V45PRr3	https://rubalkhali.science/kb/RAK_6002133	45	Rhizosphere	3	2026-07-19T00:00:00	2026-07-19	accepted	Yes	98.0	10.06	7.9	7.9		True	True	True	True	True	ADMITTED_MEASUREMENT	True	True		5	45	Rhizosphere	4.665105784425693	908916.0	1
Trip 5	191	5	V46PRr1	https://rubalkhali.science/kb/RAK_6002140	46	Rhizosphere	1	2026-07-20T00:00:00	2026-07-20	accepted	Yes	97.9	10.07	8.06	8.06		True	True	True	True	True	ADMITTED_MEASUREMENT	True	True		5	46	Rhizosphere	5.833745057654887	305383.0	1
Trip 5	192	5	V46PRr2	https://rubalkhali.science/kb/RAK_6002141	46	Rhizosphere	2	2026-07-20T00:00:00	2026-07-20	accepted	Yes	97.9	10.07	8.09	8.09		True	True	True	True	True	ADMITTED_MEASUREMENT	True	True		5	46	Rhizosphere	5.9806738474979815	444029.0	1
Trip 5	193	5	V46PRr3	https://rubalkhali.science/kb/RAK_6002142	46	Rhizosphere	3	2026-07-20T00:00:00	2026-07-20	accepted	Yes	97.9	10.07	8.05	8.05		True	True	True	True	True	ADMITTED_MEASUREMENT	True	True		5	46	Rhizosphere	5.593172634490265	592143.0	1
Trip 5	194	5	V47PRr1	https://rubalkhali.science/kb/RAK_6002149	47	Rhizosphere	1	2026-07-20T00:00:00	2026-07-20	accepted	Yes	97.9	10.07	8.24	8.24		True	True	True	True	True	ADMITTED_MEASUREMENT	True	True		5	47	Rhizosphere	6.326691371440523	631747.0	1
Trip 5	195	5	V47PRr2	https://rubalkhali.science/kb/RAK_6002150	47	Rhizosphere	2	2026-07-20T00:00:00	2026-07-20	accepted	Yes	97.9	10.07	8.28	8.28		True	True	True	True	True	ADMITTED_MEASUREMENT	True	True		5	47	Rhizosphere	6.214977300917794	489175.0	1
Trip 5	196	5	V47PRr3	https://rubalkhali.science/kb/RAK_6002151	47	Rhizosphere	3	2026-07-20T00:00:00	2026-07-20	accepted	Yes	97.9	10.07	8.2	8.2		True	True	True	True	True	ADMITTED_MEASUREMENT	True	True		5	47	Rhizosphere	6.399731475917298	602884.0	1
Trip 5	197	5	V48Dr1	https://rubalkhali.science/kb/RAK_6002152	48	Deep	1	2026-07-20T00:00:00	2026-07-20	accepted	Yes	97.9	10.07	8.4	8.4		True	True	True	True	True	ADMITTED_MEASUREMENT	True	True		5	48	Deep	5.024744727974275	640336.0	1
Trip 5	198	5	V48Dr2	https://rubalkhali.science/kb/RAK_6002153	48	Deep	2	2026-07-20T00:00:00	2026-07-20	accepted	Yes	97.9	10.07	8.42	8.42		True	True	True	True	True	ADMITTED_MEASUREMENT	True	True		5	48	Deep	5.308111049573041	582278.0	1
Trip 5	199	5	V48Dr3	https://rubalkhali.science/kb/RAK_6002154	48	Deep	3	2026-07-20T00:00:00	2026-07-20	accepted	Yes	97.9	10.07	8.37	8.37		True	True	True	True	True	ADMITTED_MEASUREMENT	True	True		5	48	Deep	5.407960797896283	683205.0	1
Trip 5	200	5	V48PRr1	https://rubalkhali.science/kb/RAK_6002158	48	Rhizosphere	1	2026-07-20T00:00:00	2026-07-20	accepted	Yes	97.9	10.07	8.31	8.31		True	True	True	True	True	ADMITTED_MEASUREMENT	True	True		5	48	Rhizosphere	5.110546220601828	951132.0	1
Trip 5	201	5	V49Dr2	https://rubalkhali.science/kb/RAK_6002162	49	Deep	2	2026-07-20T00:00:00	2026-07-20	accepted	Yes	97.9	10.07	8.45	8.45		True	True	True	True	True	ADMITTED_MEASUREMENT	True	True		5	49	Deep	4.892507637722977	734681.0	1
Trip 5	202	5	V50PRr2	https://rubalkhali.science/kb/RAK_6002177	50	Rhizosphere	2	2026-07-20T00:00:00	2026-07-20	accepted	Yes	97.9	10.07	8.26	8.26		True	True	True	True	True	ADMITTED_MEASUREMENT	True	True		5	50	Rhizosphere	6.052954006202184	549271.0	1
Trip 5	203	5	V51PRr2	https://rubalkhali.science/kb/RAK_6002186	51	Rhizosphere	2	2026-07-20T00:00:00	2026-07-20	accepted	Yes	97.9	10.07	8.32	8.32		True	True	True	True	True	ADMITTED_MEASUREMENT	True	True		5	51	Rhizosphere	5.711780618860672	365455.0	1
Trip 5	204	5	V51PRr3	https://rubalkhali.science/kb/RAK_6002187	51	Rhizosphere	3	2026-07-20T00:00:00	2026-07-20	accepted	Yes	97.9	10.07	8.28	8.28		True	True	True	True	True	ADMITTED_MEASUREMENT	True	True		5	51	Rhizosphere	4.982494539767176	329373.0	1
Trip 5	205	5	V53PRr2	https://rubalkhali.science/kb/RAK_6002204	53	Rhizosphere	2	2026-07-20T00:00:00	2026-07-20	accepted	Yes	97.9	10.07	8.23	8.23		True	True	True	True	True	ADMITTED_MEASUREMENT	True	True		5	53	Rhizosphere	2.159099743715343	552895.0	1
Trip 5	206	5	V54PRr1	https://rubalkhali.science/kb/RAK_6002212	54	Rhizosphere	1	2026-07-20T00:00:00	2026-07-20	accepted	Yes	97.9	10.07	8.43	8.43		True	True	True	True	True	ADMITTED_MEASUREMENT	True	True		5	54	Rhizosphere	5.438864105385541	360035.0	1
Trip 5	207	5	V54PRr2	https://rubalkhali.science/kb/RAK_6002213	54	Rhizosphere	2	2026-07-20T00:00:00	2026-07-20	accepted	Yes	97.9	10.07	8.41	8.41		True	True	True	True	True	ADMITTED_MEASUREMENT	True	True		5	54	Rhizosphere	5.829290003257124	688597.0	1
Trip 5	208	5	V54PRr3	https://rubalkhali.science/kb/RAK_6002214	54	Rhizosphere	3	2026-07-20T00:00:00	2026-07-20	accepted	Yes	97.9	10.07	8.38	8.38		True	True	True	True	True	ADMITTED_MEASUREMENT	True	True		5	54	Rhizosphere	5.521715046290322	448796.0	1
Trip 5	209	5	V55Sr2	https://rubalkhali.science/kb/RAK_6002219	55	Surface	2	2026-07-20T00:00:00	2026-07-20	accepted	Yes	97.9	10.07	8.45	8.45		True	True	True	True	True	ADMITTED_MEASUREMENT	True	True		5	55	Surface	4.772139094668349	389009.0	1
Trip 5	210	5	V55Sr3	https://rubalkhali.science/kb/RAK_6002220	55	Surface	3	2026-07-20T00:00:00	2026-07-20	accepted	Yes	97.9	10.07	8.4	8.4		True	True	True	True	True	ADMITTED_MEASUREMENT	True	True		5	55	Surface	4.868411917913093	388034.0	1
Trip 5	211	5	V55Dr1	https://rubalkhali.science/kb/RAK_6002215	55	Deep	1	2026-07-20T00:00:00	2026-07-20	accepted	Yes	97.9	10.07	8.43	8.43		True	True	True	True	True	ADMITTED_MEASUREMENT	True	True		5	55	Deep	4.559510369413079	697209.0	1
Trip 5	212	5	V55PRr1	https://rubalkhali.science/kb/RAK_6002221	55	Rhizosphere	1	2026-07-20T00:00:00	2026-07-20	accepted	Yes	97.9	10.07	8.48	8.48		True	True	True	True	True	ADMITTED_MEASUREMENT	True	True		5	55	Rhizosphere	5.090592606691482	1747691.0	1
Trip 5	213	5	V55PRr2	https://rubalkhali.science/kb/RAK_6002222	55	Rhizosphere	2	2026-07-20T00:00:00	2026-07-20	accepted	Yes	97.9	10.07	8.44	8.44		True	True	True	True	True	ADMITTED_MEASUREMENT	True	True		5	55	Rhizosphere	5.255825846654032	549108.0	1
Trip 5	214	5	V55PRr3	https://rubalkhali.science/kb/RAK_6002223	55	Rhizosphere	3	2026-07-20T00:00:00	2026-07-20	accepted	Yes	97.9	10.07	8.39	8.39		True	True	True	True	True	ADMITTED_MEASUREMENT	True	True		5	55	Rhizosphere	5.498075169997343	807870.0	1
Trip 5	215	5	V57PRr2	https://rubalkhali.science/kb/RAK_6002240	57	Rhizosphere	2	2026-07-20T00:00:00	2026-07-20	accepted	Yes	97.9	10.07	8.03	8.03		True	True	True	True	True	ADMITTED_MEASUREMENT	True	True		5	57	Rhizosphere	5.382608743893302	263826.0	1
Trip 5	216	5	V57PRr3	https://rubalkhali.science/kb/RAK_6002241	57	Rhizosphere	3	2026-07-20T00:00:00	2026-07-20	accepted	Yes	97.9	10.07	8.05	8.05		True	True	True	True	True	ADMITTED_MEASUREMENT	True	True		5	57	Rhizosphere	4.513376266836561	748550.0	1
Trip 5	217	5	V58PRr1	https://rubalkhali.science/kb/RAK_6002248	58	Rhizosphere	1	2026-07-20T00:00:00	2026-07-20	accepted	Yes	97.9	10.07	8.33	8.33		True	True	True	True	True	ADMITTED_MEASUREMENT	True	True		5	58	Rhizosphere	5.662333940812335	375791.0	1
Trip 5	218	5	V58PRr2	https://rubalkhali.science/kb/RAK_6002249	58	Rhizosphere	2	2026-07-20T00:00:00	2026-07-20	accepted	Yes	97.9	10.07	8.29	8.29		True	True	True	True	True	ADMITTED_MEASUREMENT	True	True		5	58	Rhizosphere	5.155652987419352	348421.0	1
Trip 5	219	5	V58PRr3	https://rubalkhali.science/kb/RAK_6002250	58	Rhizosphere	3	2026-07-20T00:00:00	2026-07-20	accepted	Yes	97.9	10.07	8.35	8.35		True	True	True	True	True	ADMITTED_MEASUREMENT	True	True		5	58	Rhizosphere	5.572557649003575	648764.0	1
Trip 5	220	5	V60PRr1	https://rubalkhali.science/kb/RAK_6002266	60	Rhizosphere	1	2026-07-20T00:00:00	2026-07-20	accepted	Yes	97.9	10.07	8.26	8.26		True	True	True	True	True	ADMITTED_MEASUREMENT	True	True		5	60	Rhizosphere	4.85308172652457	913004.0	1
Trip 5	221	5	V60PRr2	https://rubalkhali.science/kb/RAK_6002267	60	Rhizosphere	2	2026-07-20T00:00:00	2026-07-20	accepted	Yes	97.9	10.07	8.24	8.24		True	True	True	True	True	ADMITTED_MEASUREMENT	True	True		5	60	Rhizosphere	6.06397849625952	517113.0	1
