umbrella_project	bioproject	biosample_accession	experiment_accession	run_accession	sample_name	library_strategy	target_gene	sample_title	sample_describtion	library_name
PRJEB104209	PRJEB106069	ERS28391676	ERX15451265	ERR16061083	T1Dr1	AMPLICON	16S	T1Dr1_16S	T1Dr1 16S amplicon	T1Dr1_amp_lib1
PRJEB104209	PRJEB106069	ERS28391677	ERX15451266	ERR16061084	T1PRr3	AMPLICON	16S	T1PRr3_16S	T1PRr3 16S amplicon	T1PRr3_amp_lib1
PRJEB104209	PRJEB106069	ERS28391678	ERX15451267	ERR16061085	T2Dr2	AMPLICON	16S	T2Dr2_16S	T2Dr2 16S amplicon	T2Dr2_amp_lib1
PRJEB104209	PRJEB106069	ERS28391679	ERX15451268	ERR16061086	T2PRr3	AMPLICON	16S	T2PRr3_16S	T2PRr3 16S amplicon	T2PRr3_amp_lib1
PRJEB104209	PRJEB106069	ERS28391680	ERX15451269	ERR16061087	T4PRr1	AMPLICON	16S	T4PRr1_16S	T4PRr1 16S amplicon	T4PRr1_amp_lib1
PRJEB104209	PRJEB106069	ERS28391681	ERX15451270	ERR16061088	T4PRr2	AMPLICON	16S	T4PRr2_16S	T4PRr2 16S amplicon	T4PRr2_amp_lib1
PRJEB104209	PRJEB106069	ERS28391682	ERX15451271	ERR16061089	T4Sr1	AMPLICON	16S	T4Sr1_16S	T4Sr1 16S amplicon	T4Sr1_amp_lib1
PRJEB104209	PRJEB106069	ERS28391683	ERX15451272	ERR16061090	T5PRr1	AMPLICON	16S	T5PRr1_16S	T5PRr1 16S amplicon	T5PRr1_amp_lib1
PRJEB104209	PRJEB106069	ERS28391684	ERX15451273	ERR16061091	T5Sr1	AMPLICON	16S	T5Sr1_16S	T5Sr1 16S amplicon	T5Sr1_amp_lib1
PRJEB104209	PRJEB106069	ERS28391685	ERX15451274	ERR16061092	T5Sr2	AMPLICON	16S	T5Sr2_16S	T5Sr2 16S amplicon	T5Sr2_amp_lib1
PRJEB104209	PRJEB106069	ERS28391686	ERX15451275	ERR16061093	T6Dr1	AMPLICON	16S	T6Dr1_16S	T6Dr1 16S amplicon	T6Dr1_amp_lib1
PRJEB104209	PRJEB106069	ERS28391687	ERX15451276	ERR16061094	T6Dr2	AMPLICON	16S	T6Dr2_16S	T6Dr2 16S amplicon	T6Dr2_amp_lib1
PRJEB104209	PRJEB106069	ERS28391688	ERX15451277	ERR16061095	T6PRr3	AMPLICON	16S	T6PRr3_16S	T6PRr3 16S amplicon	T6PRr3_amp_lib1
PRJEB104209	PRJEB106069	ERS28391689	ERX15451278	ERR16061096	T6Sr3	AMPLICON	16S	T6Sr3_16S	T6Sr3 16S amplicon	T6Sr3_amp_lib1
PRJEB104209	PRJEB106069	ERS28391690	ERX15451279	ERR16061097	T7Dr2	AMPLICON	16S	T7Dr2_16S	T7Dr2 16S amplicon	T7Dr2_amp_lib1
PRJEB104209	PRJEB106069	ERS28391691	ERX15451280	ERR16061098	T7Dr3	AMPLICON	16S	T7Dr3_16S	T7Dr3 16S amplicon	T7Dr3_amp_lib1
PRJEB104209	PRJEB106069	ERS28391692	ERX15451281	ERR16061099	T7PRr1	AMPLICON	16S	T7PRr1_16S	T7PRr1 16S amplicon	T7PRr1_amp_lib1
PRJEB104209	PRJEB106069	ERS28391693	ERX15451282	ERR16061100	T7PRr3	AMPLICON	16S	T7PRr3_16S	T7PRr3 16S amplicon	T7PRr3_amp_lib1
PRJEB104209	PRJEB106069	ERS28391694	ERX15451283	ERR16061101	T7Sr3	AMPLICON	16S	T7Sr3_16S	T7Sr3 16S amplicon	T7Sr3_amp_lib1
PRJEB104209	PRJEB106069	ERS28391695	ERX15451284	ERR16061102	T8Dr3	AMPLICON	16S	T8Dr3_16S	T8Dr3 16S amplicon	T8Dr3_amp_lib1
PRJEB104209	PRJEB106069	ERS28391696	ERX15451285	ERR16061103	T8PRr3	AMPLICON	16S	T8PRr3_16S	T8PRr3 16S amplicon	T8PRr3_amp_lib1
PRJEB104209	PRJEB106069	ERS28391697	ERX15451286	ERR16061104	T8Sr3	AMPLICON	16S	T8Sr3_16S	T8Sr3 16S amplicon	T8Sr3_amp_lib1
PRJEB104209	PRJEB106069	ERS28392113	ERX15451352	ERR16061170	T2PRr1	AMPLICON	16S	T2PRr1_16S	T2PRr1 16S amplicon	T2PRr1_amp_lib1
PRJEB104209	PRJEB106069	ERS28392114	ERX15451353	ERR16061171	T3Dr2	AMPLICON	16S	T3Dr2_16S	T3Dr2 16S amplicon	T3Dr2_amp_lib1
PRJEB104209	PRJEB106069	ERS28392115	ERX15451354	ERR16061172	T5Sr3	AMPLICON	16S	T5Sr3_16S	T5Sr3 16S amplicon	T5Sr3_amp_lib1
PRJEB104209	PRJEB106069	ERS28392116	ERX15451355	ERR16061173	T6PRr2	AMPLICON	16S	T6PRr2_16S	T6PRr2 16S amplicon	T6PRr2_amp_lib1
PRJEB104209	PRJEB106069	ERS28392117	ERX15451356	ERR16061174	T7PRr2	AMPLICON	16S	T7PRr2_16S	T7PRr2 16S amplicon	T7PRr2_amp_lib1
PRJEB104209	PRJEB106069	ERS28392118	ERX15451357	ERR16061175	T8Dr1	AMPLICON	16S	T8Dr1_16S	T8Dr1 16S amplicon	T8Dr1_amp_lib1
PRJEB104209	PRJEB106069	ERS28392119	ERX15451358	ERR16061176	T8PRr1	AMPLICON	16S	T8PRr1_16S	T8PRr1 16S amplicon	T8PRr1_amp_lib1
PRJEB104209	PRJEB106069	ERS28392121	ERX15451359	ERR16061177	T_Neg_Ctrl1	AMPLICON	16S	T_Neg_Ctrl1_16S	T_Neg_Ctrl1 16S amplicon	T_Neg_Ctrl1_amp_lib1
PRJEB104209	PRJEB106069	ERS28392122	ERX15451360	ERR16061178	T_Neg_Ctrl2	AMPLICON	16S	T_Neg_Ctrl2_16S	T_Neg_Ctrl2 16S amplicon	T_Neg_Ctrl2_amp_lib1
PRJEB104209	PRJEB106069	ERS28391676	ERX15451350	ERR16061168	T1Dr1	AMPLICON	16S	T1Dr1_16S	T1Dr1 16S amplicon	T1Dr1_amp_lib2
PRJEB104209	PRJEB106069	ERS28391678	ERX15451351	ERR16061169	T2Dr2	AMPLICON	16S	T2Dr2_16S	T2Dr2 16S amplicon	T2Dr2_amp_lib2
PRJEB104209	PRJEB106069	ERS28392451	ERX15451367	ERR16061185	S1Dr1	AMPLICON	16S	S1Dr1_16S	S1Dr1 16S amplicon	S1Dr1_amp_lib1
PRJEB104209	PRJEB106069	ERS28392452	ERX15451368	ERR16061186	S1PRr1	AMPLICON	16S	S1PRr1_16S	S1PRr1 16S amplicon	S1PRr1_amp_lib1
PRJEB104209	PRJEB106069	ERS28392453	ERX15451369	ERR16061187	S1Sr1	AMPLICON	16S	S1Sr1_16S	S1Sr1 16S amplicon	S1Sr1_amp_lib1
PRJEB104209	PRJEB106069	ERS28392454	ERX15451370	ERR16061188	S2Dr1	AMPLICON	16S	S2Dr1_16S	S2Dr1 16S amplicon	S2Dr1_amp_lib1
PRJEB104209	PRJEB106069	ERS28392455	ERX15451371	ERR16061189	S2Sr1	AMPLICON	16S	S2Sr1_16S	S2Sr1 16S amplicon	S2Sr1_amp_lib1
PRJEB104209	PRJEB106069	ERS28392456	ERX15451372	ERR16061190	S3Dr1	AMPLICON	16S	S3Dr1_16S	S3Dr1 16S amplicon	S3Dr1_amp_lib1
PRJEB104209	PRJEB106069	ERS28392457	ERX15451373	ERR16061191	S3PRr1	AMPLICON	16S	S3PRr1_16S	S3PRr1 16S amplicon	S3PRr1_amp_lib1
PRJEB104209	PRJEB106069	ERS28392458	ERX15451374	ERR16061192	S3Sr1	AMPLICON	16S	S3Sr1_16S	S3Sr1 16S amplicon	S3Sr1_amp_lib1
PRJEB104209	PRJEB106069	ERS28392459	ERX15451375	ERR16061193	S4Dr1	AMPLICON	16S	S4Dr1_16S	S4Dr1 16S amplicon	S4Dr1_amp_lib1
PRJEB104209	PRJEB106069	ERS28392460	ERX15451376	ERR16061194	S4PRr1	AMPLICON	16S	S4PRr1_16S	S4PRr1 16S amplicon	S4PRr1_amp_lib1
PRJEB104209	PRJEB106069	ERS28392461	ERX15451377	ERR16061195	S4Sr1	AMPLICON	16S	S4Sr1_16S	S4Sr1 16S amplicon	S4Sr1_amp_lib1
PRJEB104209	PRJEB106069	ERS28392462	ERX15451378	ERR16061196	S5Dr1	AMPLICON	16S	S5Dr1_16S	S5Dr1 16S amplicon	S5Dr1_amp_lib1
PRJEB104209	PRJEB106069	ERS28392463	ERX15451379	ERR16061197	S5PRr1	AMPLICON	16S	S5PRr1_16S	S5PRr1 16S amplicon	S5PRr1_amp_lib1
PRJEB104209	PRJEB106069	ERS28392464	ERX15451380	ERR16061198	S5Sr1	AMPLICON	16S	S5Sr1_16S	S5Sr1 16S amplicon	S5Sr1_amp_lib1
PRJEB104209	PRJEB106069	ERS28392465	ERX15451381	ERR16061199	S6Dr1	AMPLICON	16S	S6Dr1_16S	S6Dr1 16S amplicon	S6Dr1_amp_lib1
PRJEB104209	PRJEB106069	ERS28392466	ERX15451382	ERR16061200	S6PRr1	AMPLICON	16S	S6PRr1_16S	S6PRr1 16S amplicon	S6PRr1_amp_lib1
PRJEB104209	PRJEB106069	ERS28392467	ERX15451383	ERR16061201	S6Sr1	AMPLICON	16S	S6Sr1_16S	S6Sr1 16S amplicon	S6Sr1_amp_lib1
PRJEB104209	PRJEB106069	ERS28392468	ERX15451384	ERR16061202	S7Dr1	AMPLICON	16S	S7Dr1_16S	S7Dr1 16S amplicon	S7Dr1_amp_lib1
PRJEB104209	PRJEB106069	ERS28392469	ERX15451385	ERR16061203	S7PRr1	AMPLICON	16S	S7PRr1_16S	S7PRr1 16S amplicon	S7PRr1_amp_lib1
PRJEB104209	PRJEB106069	ERS28392470	ERX15451386	ERR16061204	S7Sr1	AMPLICON	16S	S7Sr1_16S	S7Sr1 16S amplicon	S7Sr1_amp_lib1
PRJEB104209	PRJEB106069	ERS28392471	ERX15451387	ERR16061205	S8Dr1	AMPLICON	16S	S8Dr1_16S	S8Dr1 16S amplicon	S8Dr1_amp_lib1
PRJEB104209	PRJEB106069	ERS28392472	ERX15451388	ERR16061206	S8PRr1	AMPLICON	16S	S8PRr1_16S	S8PRr1 16S amplicon	S8PRr1_amp_lib1
PRJEB104209	PRJEB106069	ERS28392473	ERX15451389	ERR16061207	S8Sr1	AMPLICON	16S	S8Sr1_16S	S8Sr1 16S amplicon	S8Sr1_amp_lib1
PRJEB104209	PRJEB106069	ERS28392474	ERX15451390	ERR16061208	S9Dr1	AMPLICON	16S	S9Dr1_16S	S9Dr1 16S amplicon	S9Dr1_amp_lib1
PRJEB104209	PRJEB106069	ERS28392475	ERX15451391	ERR16061209	S9PRr1	AMPLICON	16S	S9PRr1_16S	S9PRr1 16S amplicon	S9PRr1_amp_lib1
PRJEB104209	PRJEB106069	ERS28392476	ERX15451392	ERR16061210	S9Sr1	AMPLICON	16S	S9Sr1_16S	S9Sr1 16S amplicon	S9Sr1_amp_lib1
PRJEB104209	PRJEB106069	ERS28392477	ERX15451393	ERR16061211	S10Dr1	AMPLICON	16S	S10Dr1_16S	S10Dr1 16S amplicon	S10Dr1_amp_lib1
PRJEB104209	PRJEB106069	ERS28392478	ERX15451394	ERR16061212	S10PRr1	AMPLICON	16S	S10PRr1_16S	S10PRr1 16S amplicon	S10PRr1_amp_lib1
PRJEB104209	PRJEB106069	ERS28392479	ERX15451395	ERR16061213	S10Sr1	AMPLICON	16S	S10Sr1_16S	S10Sr1 16S amplicon	S10Sr1_amp_lib1
PRJEB104209	PRJEB106069	ERS28392480	ERX15451396	ERR16061214	S11Dr1	AMPLICON	16S	S11Dr1_16S	S11Dr1 16S amplicon	S11Dr1_amp_lib1
PRJEB104209	PRJEB106069	ERS28392481	ERX15451397	ERR16061215	S11PRr1	AMPLICON	16S	S11PRr1_16S	S11PRr1 16S amplicon	S11PRr1_amp_lib1
PRJEB104209	PRJEB106069	ERS28392482	ERX15451398	ERR16061216	S11Sr1	AMPLICON	16S	S11Sr1_16S	S11Sr1 16S amplicon	S11Sr1_amp_lib1
PRJEB104209	PRJEB106069	ERS28392483	ERX15451399	ERR16061217	S12Dr1	AMPLICON	16S	S12Dr1_16S	S12Dr1 16S amplicon	S12Dr1_amp_lib1
PRJEB104209	PRJEB106069	ERS28392484	ERX15451400	ERR16061218	S12PRr1	AMPLICON	16S	S12PRr1_16S	S12PRr1 16S amplicon	S12PRr1_amp_lib1
PRJEB104209	PRJEB106069	ERS28392485	ERX15451401	ERR16061219	S12Sr1	AMPLICON	16S	S12Sr1_16S	S12Sr1 16S amplicon	S12Sr1_amp_lib1
PRJEB104209	PRJEB106069	ERS28392486	ERX15451402	ERR16061220	S13Dr1	AMPLICON	16S	S13Dr1_16S	S13Dr1 16S amplicon	S13Dr1_amp_lib1
PRJEB104209	PRJEB106069	ERS28392487	ERX15451403	ERR16061221	S13PRr1	AMPLICON	16S	S13PRr1_16S	S13PRr1 16S amplicon	S13PRr1_amp_lib1
PRJEB104209	PRJEB106069	ERS28392488	ERX15451404	ERR16061222	S13Sr1	AMPLICON	16S	S13Sr1_16S	S13Sr1 16S amplicon	S13Sr1_amp_lib1
PRJEB104209	PRJEB106069	ERS28392489	ERX15451405	ERR16061223	S14Dr1	AMPLICON	16S	S14Dr1_16S	S14Dr1 16S amplicon	S14Dr1_amp_lib1
PRJEB104209	PRJEB106069	ERS28392490	ERX15451406	ERR16061224	S14PRr1	AMPLICON	16S	S14PRr1_16S	S14PRr1 16S amplicon	S14PRr1_amp_lib1
PRJEB104209	PRJEB106069	ERS28392491	ERX15451407	ERR16061225	S14Sr1	AMPLICON	16S	S14Sr1_16S	S14Sr1 16S amplicon	S14Sr1_amp_lib1
PRJEB104209	PRJEB106069	ERS28392492	ERX15451408	ERR16061226	S15Dr1	AMPLICON	16S	S15Dr1_16S	S15Dr1 16S amplicon	S15Dr1_amp_lib1
PRJEB104209	PRJEB106069	ERS28392493	ERX15451409	ERR16061227	S15PRr1	AMPLICON	16S	S15PRr1_16S	S15PRr1 16S amplicon	S15PRr1_amp_lib1
PRJEB104209	PRJEB106069	ERS28392494	ERX15451410	ERR16061228	S15Sr1	AMPLICON	16S	S15Sr1_16S	S15Sr1 16S amplicon	S15Sr1_amp_lib1
PRJEB104209	PRJEB106069	ERS28392495	ERX15451411	ERR16061229	S16Dr1	AMPLICON	16S	S16Dr1_16S	S16Dr1 16S amplicon	S16Dr1_amp_lib1
PRJEB104209	PRJEB106069	ERS28392496	ERX15451412	ERR16061230	S16PRr1	AMPLICON	16S	S16PRr1_16S	S16PRr1 16S amplicon	S16PRr1_amp_lib1
PRJEB104209	PRJEB106069	ERS28392497	ERX15451413	ERR16061231	S16Sr1	AMPLICON	16S	S16Sr1_16S	S16Sr1 16S amplicon	S16Sr1_amp_lib1
PRJEB104209	PRJEB106069	ERS28392498	ERX15451414	ERR16061232	S17Dr1	AMPLICON	16S	S17Dr1_16S	S17Dr1 16S amplicon	S17Dr1_amp_lib1
PRJEB104209	PRJEB106069	ERS28392499	ERX15451415	ERR16061233	S17PRr1	AMPLICON	16S	S17PRr1_16S	S17PRr1 16S amplicon	S17PRr1_amp_lib1
PRJEB104209	PRJEB106069	ERS28392500	ERX15451416	ERR16061234	S17Sr1	AMPLICON	16S	S17Sr1_16S	S17Sr1 16S amplicon	S17Sr1_amp_lib1
PRJEB104209	PRJEB106069	ERS28392501	ERX15451417	ERR16061235	S19Dr1	AMPLICON	16S	S19Dr1_16S	S19Dr1 16S amplicon	S19Dr1_amp_lib1
PRJEB104209	PRJEB106069	ERS28392502	ERX15451418	ERR16061236	S19PRr1	AMPLICON	16S	S19PRr1_16S	S19PRr1 16S amplicon	S19PRr1_amp_lib1
PRJEB104209	PRJEB106069	ERS28392503	ERX15451419	ERR16061237	S19Sr1	AMPLICON	16S	S19Sr1_16S	S19Sr1 16S amplicon	S19Sr1_amp_lib1
PRJEB104209	PRJEB106069	ERS28392504	ERX15451420	ERR16061238	S20Dr1	AMPLICON	16S	S20Dr1_16S	S20Dr1 16S amplicon	S20Dr1_amp_lib1
PRJEB104209	PRJEB106069	ERS28392505	ERX15451421	ERR16061239	S20PRr1	AMPLICON	16S	S20PRr1_16S	S20PRr1 16S amplicon	S20PRr1_amp_lib1
PRJEB104209	PRJEB106069	ERS28392506	ERX15451422	ERR16061240	S20Sr1	AMPLICON	16S	S20Sr1_16S	S20Sr1 16S amplicon	S20Sr1_amp_lib1
PRJEB104209	PRJEB106069	ERS28392507	ERX15451423	ERR16061241	S21Dr1	AMPLICON	16S	S21Dr1_16S	S21Dr1 16S amplicon	S21Dr1_amp_lib1
PRJEB104209	PRJEB106069	ERS28392508	ERX15451424	ERR16061242	S21PRr1	AMPLICON	16S	S21PRr1_16S	S21PRr1 16S amplicon	S21PRr1_amp_lib1
PRJEB104209	PRJEB106069	ERS28392509	ERX15451425	ERR16061243	S21Sr1	AMPLICON	16S	S21Sr1_16S	S21Sr1 16S amplicon	S21Sr1_amp_lib1
PRJEB104209	PRJEB106069	ERS28392510	ERX15451426	ERR16061244	S22Dr1	AMPLICON	16S	S22Dr1_16S	S22Dr1 16S amplicon	S22Dr1_amp_lib1
PRJEB104209	PRJEB106069	ERS28392511	ERX15451427	ERR16061245	S22PRr1	AMPLICON	16S	S22PRr1_16S	S22PRr1 16S amplicon	S22PRr1_amp_lib1
PRJEB104209	PRJEB106069	ERS28392512	ERX15451428	ERR16061246	S22Sr1	AMPLICON	16S	S22Sr1_16S	S22Sr1 16S amplicon	S22Sr1_amp_lib1
PRJEB104209	PRJEB106069	ERS28392513	ERX15451429	ERR16061247	S23Dr1	AMPLICON	16S	S23Dr1_16S	S23Dr1 16S amplicon	S23Dr1_amp_lib1
PRJEB104209	PRJEB106069	ERS28392514	ERX15451430	ERR16061248	S23PRr1	AMPLICON	16S	S23PRr1_16S	S23PRr1 16S amplicon	S23PRr1_amp_lib1
PRJEB104209	PRJEB106069	ERS28392515	ERX15451431	ERR16061249	S23Sr1	AMPLICON	16S	S23Sr1_16S	S23Sr1 16S amplicon	S23Sr1_amp_lib1
PRJEB104209	PRJEB106069	ERS28392516	ERX15451432	ERR16061250	S24Dr1	AMPLICON	16S	S24Dr1_16S	S24Dr1 16S amplicon	S24Dr1_amp_lib1
PRJEB104209	PRJEB106069	ERS28392517	ERX15451433	ERR16061251	S24PRr1	AMPLICON	16S	S24PRr1_16S	S24PRr1 16S amplicon	S24PRr1_amp_lib1
PRJEB104209	PRJEB106069	ERS28392518	ERX15451434	ERR16061252	S24Sr1	AMPLICON	16S	S24Sr1_16S	S24Sr1 16S amplicon	S24Sr1_amp_lib1
PRJEB104209	PRJEB106069	ERS28392519	ERX15451435	ERR16061253	S25Dr1	AMPLICON	16S	S25Dr1_16S	S25Dr1 16S amplicon	S25Dr1_amp_lib1
PRJEB104209	PRJEB106069	ERS28392520	ERX15451436	ERR16061254	S25PRr1	AMPLICON	16S	S25PRr1_16S	S25PRr1 16S amplicon	S25PRr1_amp_lib1
PRJEB104209	PRJEB106069	ERS28392521	ERX15451437	ERR16061255	S25Sr1	AMPLICON	16S	S25Sr1_16S	S25Sr1 16S amplicon	S25Sr1_amp_lib1
PRJEB104209	PRJEB106069	ERS28392522	ERX15451438	ERR16061256	S26Dr1	AMPLICON	16S	S26Dr1_16S	S26Dr1 16S amplicon	S26Dr1_amp_lib1
PRJEB104209	PRJEB106069	ERS28392523	ERX15451439	ERR16061257	S26PRr1	AMPLICON	16S	S26PRr1_16S	S26PRr1 16S amplicon	S26PRr1_amp_lib1
PRJEB104209	PRJEB106069	ERS28392524	ERX15451440	ERR16061258	S26Sr1	AMPLICON	16S	S26Sr1_16S	S26Sr1 16S amplicon	S26Sr1_amp_lib1
PRJEB104209	PRJEB106069	ERS28392525	ERX15451441	ERR16061259	S27Dr1	AMPLICON	16S	S27Dr1_16S	S27Dr1 16S amplicon	S27Dr1_amp_lib1
PRJEB104209	PRJEB106069	ERS28392526	ERX15451442	ERR16061260	S27PRr1	AMPLICON	16S	S27PRr1_16S	S27PRr1 16S amplicon	S27PRr1_amp_lib1
PRJEB104209	PRJEB106069	ERS28392527	ERX15451443	ERR16061261	S27Sr1	AMPLICON	16S	S27Sr1_16S	S27Sr1 16S amplicon	S27Sr1_amp_lib1
PRJEB104209	PRJEB106069	ERS28392528	ERX15451444	ERR16061262	S28Dr2	AMPLICON	16S	S28Dr2_16S	S28Dr2 16S amplicon	S28Dr2_amp_lib1
PRJEB104209	PRJEB106069	ERS28392529	ERX15451445	ERR16061263	S28PRr1	AMPLICON	16S	S28PRr1_16S	S28PRr1 16S amplicon	S28PRr1_amp_lib1
PRJEB104209	PRJEB106069	ERS28392530	ERX15451446	ERR16061264	S28Sr1	AMPLICON	16S	S28Sr1_16S	S28Sr1 16S amplicon	S28Sr1_amp_lib1
PRJEB104209	PRJEB106069	ERS28392531	ERX15451447	ERR16061265	S29Dr1	AMPLICON	16S	S29Dr1_16S	S29Dr1 16S amplicon	S29Dr1_amp_lib1
PRJEB104209	PRJEB106069	ERS28392532	ERX15451448	ERR16061266	S29PRr1	AMPLICON	16S	S29PRr1_16S	S29PRr1 16S amplicon	S29PRr1_amp_lib1
PRJEB104209	PRJEB106069	ERS28392533	ERX15451449	ERR16061267	S29Sr1	AMPLICON	16S	S29Sr1_16S	S29Sr1 16S amplicon	S29Sr1_amp_lib1
PRJEB104209	PRJEB106069	ERS28392534	ERX15451450	ERR16061268	S30Dr1	AMPLICON	16S	S30Dr1_16S	S30Dr1 16S amplicon	S30Dr1_amp_lib1
PRJEB104209	PRJEB106069	ERS28392535	ERX15451451	ERR16061269	S30PRr1	AMPLICON	16S	S30PRr1_16S	S30PRr1 16S amplicon	S30PRr1_amp_lib1
PRJEB104209	PRJEB106069	ERS28392536	ERX15451452	ERR16061270	S30Sr1	AMPLICON	16S	S30Sr1_16S	S30Sr1 16S amplicon	S30Sr1_amp_lib1
PRJEB104209	PRJEB106069	ERS28392537	ERX15451453	ERR16061271	S31Dr1	AMPLICON	16S	S31Dr1_16S	S31Dr1 16S amplicon	S31Dr1_amp_lib1
PRJEB104209	PRJEB106069	ERS28392538	ERX15451454	ERR16061272	S31PRr1	AMPLICON	16S	S31PRr1_16S	S31PRr1 16S amplicon	S31PRr1_amp_lib1
PRJEB104209	PRJEB106069	ERS28392539	ERX15451455	ERR16061273	S31Sr1	AMPLICON	16S	S31Sr1_16S	S31Sr1 16S amplicon	S31Sr1_amp_lib1
PRJEB104209	PRJEB106069	ERS28392540	ERX15451456	ERR16061274	S32Dr1	AMPLICON	16S	S32Dr1_16S	S32Dr1 16S amplicon	S32Dr1_amp_lib1
PRJEB104209	PRJEB106069	ERS28392541	ERX15451457	ERR16061275	S32PRr1	AMPLICON	16S	S32PRr1_16S	S32PRr1 16S amplicon	S32PRr1_amp_lib1
PRJEB104209	PRJEB106069	ERS28392542	ERX15451458	ERR16061276	S32Sr1	AMPLICON	16S	S32Sr1_16S	S32Sr1 16S amplicon	S32Sr1_amp_lib1
PRJEB104209	PRJEB106069	ERS28392543	ERX15451459	ERR16061277	S33Dr1	AMPLICON	16S	S33Dr1_16S	S33Dr1 16S amplicon	S33Dr1_amp_lib1
PRJEB104209	PRJEB106069	ERS28392544	ERX15451460	ERR16061278	S33PRr1	AMPLICON	16S	S33PRr1_16S	S33PRr1 16S amplicon	S33PRr1_amp_lib1
PRJEB104209	PRJEB106069	ERS28392545	ERX15451461	ERR16061279	S33Sr1	AMPLICON	16S	S33Sr1_16S	S33Sr1 16S amplicon	S33Sr1_amp_lib1
PRJEB104209	PRJEB106069	ERS28392546	ERX15451462	ERR16061280	S34PRr1	AMPLICON	16S	S34PRr1_16S	S34PRr1 16S amplicon	S34PRr1_amp_lib1
PRJEB104209	PRJEB106069	ERS28392547	ERX15451463	ERR16061281	S34Sr1	AMPLICON	16S	S34Sr1_16S	S34Sr1 16S amplicon	S34Sr1_amp_lib1
PRJEB104209	PRJEB106069	ERS28392548	ERX15451464	ERR16061282	S35Dr1	AMPLICON	16S	S35Dr1_16S	S35Dr1 16S amplicon	S35Dr1_amp_lib1
PRJEB104209	PRJEB106069	ERS28392549	ERX15451465	ERR16061283	S35PRr1	AMPLICON	16S	S35PRr1_16S	S35PRr1 16S amplicon	S35PRr1_amp_lib1
PRJEB104209	PRJEB106069	ERS28392550	ERX15451466	ERR16061284	S35Sr1	AMPLICON	16S	S35Sr1_16S	S35Sr1 16S amplicon	S35Sr1_amp_lib1
PRJEB104209	PRJEB106069	ERS28392551	ERX15451467	ERR16061285	S36Dr1	AMPLICON	16S	S36Dr1_16S	S36Dr1 16S amplicon	S36Dr1_amp_lib1
PRJEB104209	PRJEB106069	ERS28392552	ERX15451468	ERR16061286	S36PRr1	AMPLICON	16S	S36PRr1_16S	S36PRr1 16S amplicon	S36PRr1_amp_lib1
PRJEB104209	PRJEB106069	ERS28392553	ERX15451469	ERR16061287	S36Sr1	AMPLICON	16S	S36Sr1_16S	S36Sr1 16S amplicon	S36Sr1_amp_lib1
PRJEB104209	PRJEB106069	ERS28392554	ERX15451470	ERR16061288	S37Dr1	AMPLICON	16S	S37Dr1_16S	S37Dr1 16S amplicon	S37Dr1_amp_lib1
PRJEB104209	PRJEB106069	ERS28392555	ERX15451471	ERR16061289	S37PRr1	AMPLICON	16S	S37PRr1_16S	S37PRr1 16S amplicon	S37PRr1_amp_lib1
PRJEB104209	PRJEB106069	ERS28392556	ERX15451472	ERR16061290	S37Sr1	AMPLICON	16S	S37Sr1_16S	S37Sr1 16S amplicon	S37Sr1_amp_lib1
PRJEB104209	PRJEB106069	ERS28392557	ERX15451473	ERR16061291	S38Dr1	AMPLICON	16S	S38Dr1_16S	S38Dr1 16S amplicon	S38Dr1_amp_lib1
PRJEB104209	PRJEB106069	ERS28392558	ERX15451474	ERR16061292	S38PRr1	AMPLICON	16S	S38PRr1_16S	S38PRr1 16S amplicon	S38PRr1_amp_lib1
PRJEB104209	PRJEB106069	ERS28392559	ERX15451475	ERR16061293	S38Sr1	AMPLICON	16S	S38Sr1_16S	S38Sr1 16S amplicon	S38Sr1_amp_lib1
PRJEB104209	PRJEB106069	ERS28392560	ERX15451476	ERR16061294	S39Dr1	AMPLICON	16S	S39Dr1_16S	S39Dr1 16S amplicon	S39Dr1_amp_lib1
PRJEB104209	PRJEB106069	ERS28392561	ERX15451477	ERR16061295	S39PRr1	AMPLICON	16S	S39PRr1_16S	S39PRr1 16S amplicon	S39PRr1_amp_lib1
PRJEB104209	PRJEB106069	ERS28392562	ERX15451478	ERR16061296	S39Sr1	AMPLICON	16S	S39Sr1_16S	S39Sr1 16S amplicon	S39Sr1_amp_lib1
PRJEB104209	PRJEB106069	ERS28392563	ERX15451479	ERR16061297	S40Dr1	AMPLICON	16S	S40Dr1_16S	S40Dr1 16S amplicon	S40Dr1_amp_lib1
PRJEB104209	PRJEB106069	ERS28392564	ERX15451480	ERR16061298	S40Sr1	AMPLICON	16S	S40Sr1_16S	S40Sr1 16S amplicon	S40Sr1_amp_lib1
PRJEB104209	PRJEB106069	ERS28392565	ERX15451481	ERR16061299	S41Dr1	AMPLICON	16S	S41Dr1_16S	S41Dr1 16S amplicon	S41Dr1_amp_lib1
PRJEB104209	PRJEB106069	ERS28392566	ERX15451482	ERR16061300	S41PRr1	AMPLICON	16S	S41PRr1_16S	S41PRr1 16S amplicon	S41PRr1_amp_lib1
PRJEB104209	PRJEB106069	ERS28392567	ERX15451483	ERR16061301	S41Sr1	AMPLICON	16S	S41Sr1_16S	S41Sr1 16S amplicon	S41Sr1_amp_lib1
PRJEB104209	PRJEB106069	ERS28392568	ERX15451484	ERR16061302	S42Dr1	AMPLICON	16S	S42Dr1_16S	S42Dr1 16S amplicon	S42Dr1_amp_lib1
PRJEB104209	PRJEB106069	ERS28392569	ERX15451485	ERR16061303	S42PRr1	AMPLICON	16S	S42PRr1_16S	S42PRr1 16S amplicon	S42PRr1_amp_lib1
PRJEB104209	PRJEB106069	ERS28392570	ERX15451486	ERR16061304	S42Sr1	AMPLICON	16S	S42Sr1_16S	S42Sr1 16S amplicon	S42Sr1_amp_lib1
PRJEB104209	PRJEB106069	ERS28392571	ERX15451487	ERR16061305	S43Dr1	AMPLICON	16S	S43Dr1_16S	S43Dr1 16S amplicon	S43Dr1_amp_lib1
PRJEB104209	PRJEB106069	ERS28392572	ERX15451488	ERR16061306	S43PRr1	AMPLICON	16S	S43PRr1_16S	S43PRr1 16S amplicon	S43PRr1_amp_lib1
PRJEB104209	PRJEB106069	ERS28392573	ERX15451489	ERR16061307	S43Sr1	AMPLICON	16S	S43Sr1_16S	S43Sr1 16S amplicon	S43Sr1_amp_lib1
PRJEB104209	PRJEB106069	ERS28392574	ERX15451490	ERR16061308	S44Dr1	AMPLICON	16S	S44Dr1_16S	S44Dr1 16S amplicon	S44Dr1_amp_lib1
PRJEB104209	PRJEB106069	ERS28392575	ERX15451491	ERR16061309	S44PRr1	AMPLICON	16S	S44PRr1_16S	S44PRr1 16S amplicon	S44PRr1_amp_lib1
PRJEB104209	PRJEB106069	ERS28392576	ERX15451492	ERR16061310	S44Sr1	AMPLICON	16S	S44Sr1_16S	S44Sr1 16S amplicon	S44Sr1_amp_lib1
PRJEB104209	PRJEB106069	ERS28392577	ERX15451493	ERR16061311	S45Dr1	AMPLICON	16S	S45Dr1_16S	S45Dr1 16S amplicon	S45Dr1_amp_lib1
PRJEB104209	PRJEB106069	ERS28392578	ERX15451494	ERR16061312	S45PRr1	AMPLICON	16S	S45PRr1_16S	S45PRr1 16S amplicon	S45PRr1_amp_lib1
PRJEB104209	PRJEB106069	ERS28392579	ERX15451495	ERR16061313	S45Sr1	AMPLICON	16S	S45Sr1_16S	S45Sr1 16S amplicon	S45Sr1_amp_lib1
PRJEB104209	PRJEB106069	ERS28392580	ERX15451496	ERR16061314	S46Dr1	AMPLICON	16S	S46Dr1_16S	S46Dr1 16S amplicon	S46Dr1_amp_lib1
PRJEB104209	PRJEB106069	ERS28392581	ERX15451497	ERR16061315	S46PRr1	AMPLICON	16S	S46PRr1_16S	S46PRr1 16S amplicon	S46PRr1_amp_lib1
PRJEB104209	PRJEB106069	ERS28392582	ERX15451498	ERR16061316	S46Sr1	AMPLICON	16S	S46Sr1_16S	S46Sr1 16S amplicon	S46Sr1_amp_lib1
PRJEB104209	PRJEB106069	ERS28392583	ERX15451499	ERR16061317	S47Dr1	AMPLICON	16S	S47Dr1_16S	S47Dr1 16S amplicon	S47Dr1_amp_lib1
PRJEB104209	PRJEB106069	ERS28392584	ERX15451500	ERR16061318	S47PRr1	AMPLICON	16S	S47PRr1_16S	S47PRr1 16S amplicon	S47PRr1_amp_lib1
PRJEB104209	PRJEB106069	ERS28392585	ERX15451501	ERR16061319	S47Sr1	AMPLICON	16S	S47Sr1_16S	S47Sr1 16S amplicon	S47Sr1_amp_lib1
PRJEB104209	PRJEB106069	ERS28392586	ERX15451502	ERR16061320	S48Dr1	AMPLICON	16S	S48Dr1_16S	S48Dr1 16S amplicon	S48Dr1_amp_lib1
PRJEB104209	PRJEB106069	ERS28392587	ERX15451503	ERR16061321	S48PRr1	AMPLICON	16S	S48PRr1_16S	S48PRr1 16S amplicon	S48PRr1_amp_lib1
PRJEB104209	PRJEB106069	ERS28392588	ERX15451504	ERR16061322	S48Sr1	AMPLICON	16S	S48Sr1_16S	S48Sr1 16S amplicon	S48Sr1_amp_lib1
PRJEB104209	PRJEB106069	ERS28392589	ERX15451505	ERR16061323	S49Dr1	AMPLICON	16S	S49Dr1_16S	S49Dr1 16S amplicon	S49Dr1_amp_lib1
PRJEB104209	PRJEB106069	ERS28392590	ERX15451506	ERR16061324	S49PRr1	AMPLICON	16S	S49PRr1_16S	S49PRr1 16S amplicon	S49PRr1_amp_lib1
PRJEB104209	PRJEB106069	ERS28392591	ERX15451507	ERR16061325	S49Sr1	AMPLICON	16S	S49Sr1_16S	S49Sr1 16S amplicon	S49Sr1_amp_lib1
PRJEB104209	PRJEB106069	ERS28392592	ERX15451508	ERR16061326	S50Dr1	AMPLICON	16S	S50Dr1_16S	S50Dr1 16S amplicon	S50Dr1_amp_lib1
PRJEB104209	PRJEB106069	ERS28392593	ERX15451509	ERR16061327	S50PRr1	AMPLICON	16S	S50PRr1_16S	S50PRr1 16S amplicon	S50PRr1_amp_lib1
PRJEB104209	PRJEB106069	ERS28392594	ERX15451510	ERR16061328	S50Sr1	AMPLICON	16S	S50Sr1_16S	S50Sr1 16S amplicon	S50Sr1_amp_lib1
PRJEB104209	PRJEB106069	ERS28392595	ERX15451511	ERR16061329	S51Dr1	AMPLICON	16S	S51Dr1_16S	S51Dr1 16S amplicon	S51Dr1_amp_lib1
PRJEB104209	PRJEB106069	ERS28392596	ERX15451512	ERR16061330	S51PRr1	AMPLICON	16S	S51PRr1_16S	S51PRr1 16S amplicon	S51PRr1_amp_lib1
PRJEB104209	PRJEB106069	ERS28392597	ERX15451513	ERR16061331	S51Sr1	AMPLICON	16S	S51Sr1_16S	S51Sr1 16S amplicon	S51Sr1_amp_lib1
PRJEB104209	PRJEB106069	ERS28392598	ERX15451514	ERR16061332	S52Dr1	AMPLICON	16S	S52Dr1_16S	S52Dr1 16S amplicon	S52Dr1_amp_lib1
PRJEB104209	PRJEB106069	ERS28392599	ERX15451515	ERR16061333	S52PRr1	AMPLICON	16S	S52PRr1_16S	S52PRr1 16S amplicon	S52PRr1_amp_lib1
PRJEB104209	PRJEB106069	ERS28392600	ERX15451516	ERR16061334	S52Sr1	AMPLICON	16S	S52Sr1_16S	S52Sr1 16S amplicon	S52Sr1_amp_lib1
PRJEB104209	PRJEB106069	ERS28392601	ERX15451517	ERR16061335	S53Dr1	AMPLICON	16S	S53Dr1_16S	S53Dr1 16S amplicon	S53Dr1_amp_lib1
PRJEB104209	PRJEB106069	ERS28392602	ERX15451518	ERR16061336	S53PRr1	AMPLICON	16S	S53PRr1_16S	S53PRr1 16S amplicon	S53PRr1_amp_lib1
PRJEB104209	PRJEB106069	ERS28392603	ERX15451519	ERR16061337	S53Sr1	AMPLICON	16S	S53Sr1_16S	S53Sr1 16S amplicon	S53Sr1_amp_lib1
PRJEB104209	PRJEB106069	ERS28392604	ERX15451520	ERR16061338	S54Dr1	AMPLICON	16S	S54Dr1_16S	S54Dr1 16S amplicon	S54Dr1_amp_lib1
PRJEB104209	PRJEB106069	ERS28392605	ERX15451521	ERR16061339	S54PRr1	AMPLICON	16S	S54PRr1_16S	S54PRr1 16S amplicon	S54PRr1_amp_lib1
PRJEB104209	PRJEB106069	ERS28392606	ERX15451522	ERR16061340	S54Sr1	AMPLICON	16S	S54Sr1_16S	S54Sr1 16S amplicon	S54Sr1_amp_lib1
PRJEB104209	PRJEB106069	ERS28392607	ERX15451523	ERR16061341	S55Dr1	AMPLICON	16S	S55Dr1_16S	S55Dr1 16S amplicon	S55Dr1_amp_lib1
PRJEB104209	PRJEB106069	ERS28392608	ERX15451524	ERR16061342	S55PRr1	AMPLICON	16S	S55PRr1_16S	S55PRr1 16S amplicon	S55PRr1_amp_lib1
PRJEB104209	PRJEB106069	ERS28392609	ERX15451525	ERR16061343	S55Sr1	AMPLICON	16S	S55Sr1_16S	S55Sr1 16S amplicon	S55Sr1_amp_lib1
PRJEB104209	PRJEB106069	ERS28392610	ERX15451526	ERR16061344	S56Dr1	AMPLICON	16S	S56Dr1_16S	S56Dr1 16S amplicon	S56Dr1_amp_lib1
PRJEB104209	PRJEB106069	ERS28392611	ERX15451527	ERR16061345	S56PRr1	AMPLICON	16S	S56PRr1_16S	S56PRr1 16S amplicon	S56PRr1_amp_lib1
PRJEB104209	PRJEB106069	ERS28392612	ERX15451528	ERR16061346	S56Sr1	AMPLICON	16S	S56Sr1_16S	S56Sr1 16S amplicon	S56Sr1_amp_lib1
PRJEB104209	PRJEB106069	ERS28392613	ERX15451529	ERR16061347	S57Dr1	AMPLICON	16S	S57Dr1_16S	S57Dr1 16S amplicon	S57Dr1_amp_lib1
PRJEB104209	PRJEB106069	ERS28392614	ERX15451530	ERR16061348	S57PRr1	AMPLICON	16S	S57PRr1_16S	S57PRr1 16S amplicon	S57PRr1_amp_lib1
PRJEB104209	PRJEB106069	ERS28392615	ERX15451531	ERR16061349	S57Sr1	AMPLICON	16S	S57Sr1_16S	S57Sr1 16S amplicon	S57Sr1_amp_lib1
PRJEB104209	PRJEB106069	ERS28392616	ERX15451532	ERR16061350	S58Dr1	AMPLICON	16S	S58Dr1_16S	S58Dr1 16S amplicon	S58Dr1_amp_lib1
PRJEB104209	PRJEB106069	ERS28392617	ERX15451533	ERR16061351	S58PRr1	AMPLICON	16S	S58PRr1_16S	S58PRr1 16S amplicon	S58PRr1_amp_lib1
PRJEB104209	PRJEB106069	ERS28392618	ERX15451534	ERR16061352	S58Sr1	AMPLICON	16S	S58Sr1_16S	S58Sr1 16S amplicon	S58Sr1_amp_lib1
PRJEB104209	PRJEB106069	ERS28392619	ERX15451535	ERR16061353	S59Dr1	AMPLICON	16S	S59Dr1_16S	S59Dr1 16S amplicon	S59Dr1_amp_lib1
PRJEB104209	PRJEB106069	ERS28392620	ERX15451536	ERR16061354	S59PRr1	AMPLICON	16S	S59PRr1_16S	S59PRr1 16S amplicon	S59PRr1_amp_lib1
PRJEB104209	PRJEB106069	ERS28392621	ERX15451537	ERR16061355	S59Sr1	AMPLICON	16S	S59Sr1_16S	S59Sr1 16S amplicon	S59Sr1_amp_lib1
PRJEB104209	PRJEB106069	ERS28392622	ERX15451538	ERR16061356	S60Dr1	AMPLICON	16S	S60Dr1_16S	S60Dr1 16S amplicon	S60Dr1_amp_lib1
PRJEB104209	PRJEB106069	ERS28392623	ERX15451539	ERR16061357	S60PRr1	AMPLICON	16S	S60PRr1_16S	S60PRr1 16S amplicon	S60PRr1_amp_lib1
PRJEB104209	PRJEB106069	ERS28392624	ERX15451540	ERR16061358	S60Sr1	AMPLICON	16S	S60Sr1_16S	S60Sr1 16S amplicon	S60Sr1_amp_lib1
PRJEB104209	PRJEB106069	ERS28392947	ERX15452444	ERR16062262	1Dr1	AMPLICON	16S	1Dr1_16S	1Dr1 16S amplicon	1Dr1_amp_lib1
PRJEB104209	PRJEB106069	ERS28392948	ERX15452445	ERR16062263	1Dr2	AMPLICON	16S	1Dr2_16S	1Dr2 16S amplicon	1Dr2_amp_lib1
PRJEB104209	PRJEB106069	ERS28392949	ERX15452446	ERR16062264	1Dr3	AMPLICON	16S	1Dr3_16S	1Dr3 16S amplicon	1Dr3_amp_lib1
PRJEB104209	PRJEB106069	ERS28392950	ERX15452447	ERR16062265	1Sr1	AMPLICON	16S	1Sr1_16S	1Sr1 16S amplicon	1Sr1_amp_lib1
PRJEB104209	PRJEB106069	ERS28392951	ERX15452448	ERR16062266	1Sr2	AMPLICON	16S	1Sr2_16S	1Sr2 16S amplicon	1Sr2_amp_lib1
PRJEB104209	PRJEB106069	ERS28392952	ERX15452449	ERR16062267	1Sr3	AMPLICON	16S	1Sr3_16S	1Sr3 16S amplicon	1Sr3_amp_lib1
PRJEB104209	PRJEB106069	ERS28392953	ERX15452450	ERR16062268	1PRr2	AMPLICON	16S	1PRr2_16S	1PRr2 16S amplicon	1PRr2_amp_lib1
PRJEB104209	PRJEB106069	ERS28392954	ERX15452451	ERR16062269	1PRr3	AMPLICON	16S	1PRr3_16S	1PRr3 16S amplicon	1PRr3_amp_lib1
PRJEB104209	PRJEB106069	ERS28392955	ERX15452452	ERR16062270	2Dr1	AMPLICON	16S	2Dr1_16S	2Dr1 16S amplicon	2Dr1_amp_lib1
PRJEB104209	PRJEB106069	ERS28392956	ERX15452453	ERR16062271	2Dr2	AMPLICON	16S	2Dr2_16S	2Dr2 16S amplicon	2Dr2_amp_lib1
PRJEB104209	PRJEB106069	ERS28392957	ERX15452454	ERR16062272	2Dr3	AMPLICON	16S	2Dr3_16S	2Dr3 16S amplicon	2Dr3_amp_lib1
PRJEB104209	PRJEB106069	ERS28392958	ERX15452455	ERR16062273	2Sr1	AMPLICON	16S	2Sr1_16S	2Sr1 16S amplicon	2Sr1_amp_lib1
PRJEB104209	PRJEB106069	ERS28392959	ERX15452456	ERR16062274	2Sr3	AMPLICON	16S	2Sr3_16S	2Sr3 16S amplicon	2Sr3_amp_lib1
PRJEB104209	PRJEB106069	ERS28392960	ERX15452457	ERR16062275	2PRr1	AMPLICON	16S	2PRr1_16S	2PRr1 16S amplicon	2PRr1_amp_lib1
PRJEB104209	PRJEB106069	ERS28392961	ERX15452458	ERR16062276	2PRr2	AMPLICON	16S	2PRr2_16S	2PRr2 16S amplicon	2PRr2_amp_lib1
PRJEB104209	PRJEB106069	ERS28392962	ERX15452459	ERR16062277	3Dr2	AMPLICON	16S	3Dr2_16S	3Dr2 16S amplicon	3Dr2_amp_lib1
PRJEB104209	PRJEB106069	ERS28392963	ERX15452460	ERR16062278	3Dr3	AMPLICON	16S	3Dr3_16S	3Dr3 16S amplicon	3Dr3_amp_lib1
PRJEB104209	PRJEB106069	ERS28392964	ERX15452461	ERR16062279	3Sr1	AMPLICON	16S	3Sr1_16S	3Sr1 16S amplicon	3Sr1_amp_lib1
PRJEB104209	PRJEB106069	ERS28392965	ERX15452462	ERR16062280	3Sr3	AMPLICON	16S	3Sr3_16S	3Sr3 16S amplicon	3Sr3_amp_lib1
PRJEB104209	PRJEB106069	ERS28392966	ERX15452463	ERR16062281	3PRr1	AMPLICON	16S	3PRr1_16S	3PRr1 16S amplicon	3PRr1_amp_lib1
PRJEB104209	PRJEB106069	ERS28392967	ERX15452464	ERR16062282	3PRr2	AMPLICON	16S	3PRr2_16S	3PRr2 16S amplicon	3PRr2_amp_lib1
PRJEB104209	PRJEB106069	ERS28392968	ERX15452465	ERR16062283	3PRr3	AMPLICON	16S	3PRr3_16S	3PRr3 16S amplicon	3PRr3_amp_lib1
PRJEB104209	PRJEB106069	ERS28392969	ERX15452466	ERR16062284	4Dr1	AMPLICON	16S	4Dr1_16S	4Dr1 16S amplicon	4Dr1_amp_lib1
PRJEB104209	PRJEB106069	ERS28392970	ERX15452467	ERR16062285	4Dr2	AMPLICON	16S	4Dr2_16S	4Dr2 16S amplicon	4Dr2_amp_lib1
PRJEB104209	PRJEB106069	ERS28392971	ERX15452468	ERR16062286	4Dr3	AMPLICON	16S	4Dr3_16S	4Dr3 16S amplicon	4Dr3_amp_lib1
PRJEB104209	PRJEB106069	ERS28392972	ERX15452469	ERR16062287	4Sr1	AMPLICON	16S	4Sr1_16S	4Sr1 16S amplicon	4Sr1_amp_lib1
PRJEB104209	PRJEB106069	ERS28392973	ERX15452470	ERR16062288	4PRr1	AMPLICON	16S	4PRr1_16S	4PRr1 16S amplicon	4PRr1_amp_lib1
PRJEB104209	PRJEB106069	ERS28392974	ERX15452471	ERR16062289	4PRr2	AMPLICON	16S	4PRr2_16S	4PRr2 16S amplicon	4PRr2_amp_lib1
PRJEB104209	PRJEB106069	ERS28392975	ERX15452472	ERR16062290	4PRr3	AMPLICON	16S	4PRr3_16S	4PRr3 16S amplicon	4PRr3_amp_lib1
PRJEB104209	PRJEB106069	ERS28392976	ERX15452473	ERR16062291	5Dr1	AMPLICON	16S	5Dr1_16S	5Dr1 16S amplicon	5Dr1_amp_lib1
PRJEB104209	PRJEB106069	ERS28392977	ERX15452474	ERR16062292	5Dr2	AMPLICON	16S	5Dr2_16S	5Dr2 16S amplicon	5Dr2_amp_lib1
PRJEB104209	PRJEB106069	ERS28392978	ERX15452475	ERR16062293	5Sr1	AMPLICON	16S	5Sr1_16S	5Sr1 16S amplicon	5Sr1_amp_lib1
PRJEB104209	PRJEB106069	ERS28392979	ERX15452476	ERR16062294	5Sr2	AMPLICON	16S	5Sr2_16S	5Sr2 16S amplicon	5Sr2_amp_lib1
PRJEB104209	PRJEB106069	ERS28392980	ERX15452477	ERR16062295	5Sr3	AMPLICON	16S	5Sr3_16S	5Sr3 16S amplicon	5Sr3_amp_lib1
PRJEB104209	PRJEB106069	ERS28392981	ERX15452478	ERR16062296	6Dr1	AMPLICON	16S	6Dr1_16S	6Dr1 16S amplicon	6Dr1_amp_lib1
PRJEB104209	PRJEB106069	ERS28392982	ERX15452479	ERR16062297	6Dr3	AMPLICON	16S	6Dr3_16S	6Dr3 16S amplicon	6Dr3_amp_lib1
PRJEB104209	PRJEB106069	ERS28392983	ERX15452480	ERR16062298	6Sr1	AMPLICON	16S	6Sr1_16S	6Sr1 16S amplicon	6Sr1_amp_lib1
PRJEB104209	PRJEB106069	ERS28392984	ERX15452481	ERR16062299	6Sr2	AMPLICON	16S	6Sr2_16S	6Sr2 16S amplicon	6Sr2_amp_lib1
PRJEB104209	PRJEB106069	ERS28392985	ERX15452482	ERR16062300	6PRr1	AMPLICON	16S	6PRr1_16S	6PRr1 16S amplicon	6PRr1_amp_lib1
PRJEB104209	PRJEB106069	ERS28392986	ERX15452483	ERR16062301	6PRr2	AMPLICON	16S	6PRr2_16S	6PRr2 16S amplicon	6PRr2_amp_lib1
PRJEB104209	PRJEB106069	ERS28392987	ERX15452484	ERR16062302	7Dr1	AMPLICON	16S	7Dr1_16S	7Dr1 16S amplicon	7Dr1_amp_lib1
PRJEB104209	PRJEB106069	ERS28392988	ERX15452485	ERR16062303	7Dr2	AMPLICON	16S	7Dr2_16S	7Dr2 16S amplicon	7Dr2_amp_lib1
PRJEB104209	PRJEB106069	ERS28392989	ERX15452486	ERR16062304	7Sr1	AMPLICON	16S	7Sr1_16S	7Sr1 16S amplicon	7Sr1_amp_lib1
PRJEB104209	PRJEB106069	ERS28392990	ERX15452487	ERR16062305	7Sr2	AMPLICON	16S	7Sr2_16S	7Sr2 16S amplicon	7Sr2_amp_lib1
PRJEB104209	PRJEB106069	ERS28392991	ERX15452488	ERR16062306	7PRr2	AMPLICON	16S	7PRr2_16S	7PRr2 16S amplicon	7PRr2_amp_lib1
PRJEB104209	PRJEB106069	ERS28392992	ERX15452489	ERR16062307	8Sr2	AMPLICON	16S	8Sr2_16S	8Sr2 16S amplicon	8Sr2_amp_lib1
PRJEB104209	PRJEB106069	ERS28392993	ERX15452490	ERR16062308	8Sr3	AMPLICON	16S	8Sr3_16S	8Sr3 16S amplicon	8Sr3_amp_lib1
PRJEB104209	PRJEB106069	ERS28392994	ERX15452491	ERR16062309	8PRr1	AMPLICON	16S	8PRr1_16S	8PRr1 16S amplicon	8PRr1_amp_lib1
PRJEB104209	PRJEB106069	ERS28392995	ERX15452492	ERR16062310	8PRr2	AMPLICON	16S	8PRr2_16S	8PRr2 16S amplicon	8PRr2_amp_lib1
PRJEB104209	PRJEB106069	ERS28392996	ERX15452493	ERR16062311	8PRr3	AMPLICON	16S	8PRr3_16S	8PRr3 16S amplicon	8PRr3_amp_lib1
PRJEB104209	PRJEB106069	ERS28392997	ERX15452494	ERR16062312	9Dr1	AMPLICON	16S	9Dr1_16S	9Dr1 16S amplicon	9Dr1_amp_lib1
PRJEB104209	PRJEB106069	ERS28392998	ERX15452495	ERR16062313	9Dr3	AMPLICON	16S	9Dr3_16S	9Dr3 16S amplicon	9Dr3_amp_lib1
PRJEB104209	PRJEB106069	ERS28392999	ERX15452496	ERR16062314	9Sr1	AMPLICON	16S	9Sr1_16S	9Sr1 16S amplicon	9Sr1_amp_lib1
PRJEB104209	PRJEB106069	ERS28393000	ERX15452497	ERR16062315	9Sr2	AMPLICON	16S	9Sr2_16S	9Sr2 16S amplicon	9Sr2_amp_lib1
PRJEB104209	PRJEB106069	ERS28393001	ERX15452498	ERR16062316	9Sr3	AMPLICON	16S	9Sr3_16S	9Sr3 16S amplicon	9Sr3_amp_lib1
PRJEB104209	PRJEB106069	ERS28393002	ERX15452499	ERR16062317	9PRr2	AMPLICON	16S	9PRr2_16S	9PRr2 16S amplicon	9PRr2_amp_lib1
PRJEB104209	PRJEB106069	ERS28393003	ERX15452500	ERR16062318	9PRr3	AMPLICON	16S	9PRr3_16S	9PRr3 16S amplicon	9PRr3_amp_lib1
PRJEB104209	PRJEB106069	ERS28393004	ERX15452501	ERR16062319	10Dr1	AMPLICON	16S	10Dr1_16S	10Dr1 16S amplicon	10Dr1_amp_lib1
PRJEB104209	PRJEB106069	ERS28393005	ERX15452502	ERR16062320	10Dr2	AMPLICON	16S	10Dr2_16S	10Dr2 16S amplicon	10Dr2_amp_lib1
PRJEB104209	PRJEB106069	ERS28393006	ERX15452503	ERR16062321	10Sr2	AMPLICON	16S	10Sr2_16S	10Sr2 16S amplicon	10Sr2_amp_lib1
PRJEB104209	PRJEB106069	ERS28393007	ERX15452504	ERR16062322	10Sr3	AMPLICON	16S	10Sr3_16S	10Sr3 16S amplicon	10Sr3_amp_lib1
PRJEB104209	PRJEB106069	ERS28393008	ERX15452505	ERR16062323	10PRr2	AMPLICON	16S	10PRr2_16S	10PRr2 16S amplicon	10PRr2_amp_lib1
PRJEB104209	PRJEB106069	ERS28393009	ERX15452506	ERR16062324	10PRr3	AMPLICON	16S	10PRr3_16S	10PRr3 16S amplicon	10PRr3_amp_lib1
PRJEB104209	PRJEB106069	ERS28393010	ERX15452507	ERR16062325	11Dr1	AMPLICON	16S	11Dr1_16S	11Dr1 16S amplicon	11Dr1_amp_lib1
PRJEB104209	PRJEB106069	ERS28393011	ERX15452508	ERR16062326	11Dr3	AMPLICON	16S	11Dr3_16S	11Dr3 16S amplicon	11Dr3_amp_lib1
PRJEB104209	PRJEB106069	ERS28393012	ERX15452509	ERR16062327	11Sr2	AMPLICON	16S	11Sr2_16S	11Sr2 16S amplicon	11Sr2_amp_lib1
PRJEB104209	PRJEB106069	ERS28393013	ERX15452510	ERR16062328	11PRr1	AMPLICON	16S	11PRr1_16S	11PRr1 16S amplicon	11PRr1_amp_lib1
PRJEB104209	PRJEB106069	ERS28393014	ERX15452511	ERR16062329	11PRr2	AMPLICON	16S	11PRr2_16S	11PRr2 16S amplicon	11PRr2_amp_lib1
PRJEB104209	PRJEB106069	ERS28393015	ERX15452512	ERR16062330	11PRr3	AMPLICON	16S	11PRr3_16S	11PRr3 16S amplicon	11PRr3_amp_lib1
PRJEB104209	PRJEB106069	ERS28393016	ERX15452513	ERR16062331	12Dr2	AMPLICON	16S	12Dr2_16S	12Dr2 16S amplicon	12Dr2_amp_lib1
PRJEB104209	PRJEB106069	ERS28393017	ERX15452514	ERR16062332	12Dr3	AMPLICON	16S	12Dr3_16S	12Dr3 16S amplicon	12Dr3_amp_lib1
PRJEB104209	PRJEB106069	ERS28393018	ERX15452515	ERR16062333	12Sr1	AMPLICON	16S	12Sr1_16S	12Sr1 16S amplicon	12Sr1_amp_lib1
PRJEB104209	PRJEB106069	ERS28393019	ERX15452516	ERR16062334	12Sr2	AMPLICON	16S	12Sr2_16S	12Sr2 16S amplicon	12Sr2_amp_lib1
PRJEB104209	PRJEB106069	ERS28393020	ERX15452517	ERR16062335	12Sr3	AMPLICON	16S	12Sr3_16S	12Sr3 16S amplicon	12Sr3_amp_lib1
PRJEB104209	PRJEB106069	ERS28393021	ERX15452518	ERR16062336	12PRr1	AMPLICON	16S	12PRr1_16S	12PRr1 16S amplicon	12PRr1_amp_lib1
PRJEB104209	PRJEB106069	ERS28393022	ERX15452519	ERR16062337	12PRr3	AMPLICON	16S	12PRr3_16S	12PRr3 16S amplicon	12PRr3_amp_lib1
PRJEB104209	PRJEB106069	ERS28393023	ERX15452520	ERR16062338	13Dr1	AMPLICON	16S	13Dr1_16S	13Dr1 16S amplicon	13Dr1_amp_lib1
PRJEB104209	PRJEB106069	ERS28393024	ERX15452521	ERR16062339	13Dr3	AMPLICON	16S	13Dr3_16S	13Dr3 16S amplicon	13Dr3_amp_lib1
PRJEB104209	PRJEB106069	ERS28393025	ERX15452522	ERR16062340	13Sr2	AMPLICON	16S	13Sr2_16S	13Sr2 16S amplicon	13Sr2_amp_lib1
PRJEB104209	PRJEB106069	ERS28393026	ERX15452523	ERR16062341	14Dr1	AMPLICON	16S	14Dr1_16S	14Dr1 16S amplicon	14Dr1_amp_lib1
PRJEB104209	PRJEB106069	ERS28393027	ERX15452524	ERR16062342	14Dr2	AMPLICON	16S	14Dr2_16S	14Dr2 16S amplicon	14Dr2_amp_lib1
PRJEB104209	PRJEB106069	ERS28393028	ERX15452525	ERR16062343	14Dr3	AMPLICON	16S	14Dr3_16S	14Dr3 16S amplicon	14Dr3_amp_lib1
PRJEB104209	PRJEB106069	ERS28393029	ERX15452526	ERR16062344	14Sr2	AMPLICON	16S	14Sr2_16S	14Sr2 16S amplicon	14Sr2_amp_lib1
PRJEB104209	PRJEB106069	ERS28393030	ERX15452527	ERR16062345	14PRr1	AMPLICON	16S	14PRr1_16S	14PRr1 16S amplicon	14PRr1_amp_lib1
PRJEB104209	PRJEB106069	ERS28393031	ERX15452528	ERR16062346	14PRr2	AMPLICON	16S	14PRr2_16S	14PRr2 16S amplicon	14PRr2_amp_lib1
PRJEB104209	PRJEB106069	ERS28393032	ERX15452529	ERR16062347	15Dr1	AMPLICON	16S	15Dr1_16S	15Dr1 16S amplicon	15Dr1_amp_lib1
PRJEB104209	PRJEB106069	ERS28393033	ERX15452530	ERR16062348	15Dr3	AMPLICON	16S	15Dr3_16S	15Dr3 16S amplicon	15Dr3_amp_lib1
PRJEB104209	PRJEB106069	ERS28393034	ERX15452531	ERR16062349	15Sr1	AMPLICON	16S	15Sr1_16S	15Sr1 16S amplicon	15Sr1_amp_lib1
PRJEB104209	PRJEB106069	ERS28393035	ERX15452532	ERR16062350	15Sr3	AMPLICON	16S	15Sr3_16S	15Sr3 16S amplicon	15Sr3_amp_lib1
PRJEB104209	PRJEB106069	ERS28393036	ERX15452533	ERR16062351	15PRr1	AMPLICON	16S	15PRr1_16S	15PRr1 16S amplicon	15PRr1_amp_lib1
PRJEB104209	PRJEB106069	ERS28393037	ERX15452534	ERR16062352	15PRr2	AMPLICON	16S	15PRr2_16S	15PRr2 16S amplicon	15PRr2_amp_lib1
PRJEB104209	PRJEB106069	ERS28393038	ERX15452535	ERR16062353	15PRr3	AMPLICON	16S	15PRr3_16S	15PRr3 16S amplicon	15PRr3_amp_lib1
PRJEB104209	PRJEB106069	ERS28393039	ERX15452536	ERR16062354	16Dr1	AMPLICON	16S	16Dr1_16S	16Dr1 16S amplicon	16Dr1_amp_lib1
PRJEB104209	PRJEB106069	ERS28393040	ERX15452537	ERR16062355	16Dr3	AMPLICON	16S	16Dr3_16S	16Dr3 16S amplicon	16Dr3_amp_lib1
PRJEB104209	PRJEB106069	ERS28393041	ERX15452538	ERR16062356	16Sr1	AMPLICON	16S	16Sr1_16S	16Sr1 16S amplicon	16Sr1_amp_lib1
PRJEB104209	PRJEB106069	ERS28393042	ERX15452539	ERR16062357	16PRr1	AMPLICON	16S	16PRr1_16S	16PRr1 16S amplicon	16PRr1_amp_lib1
PRJEB104209	PRJEB106069	ERS28393043	ERX15452540	ERR16062358	16PRr2	AMPLICON	16S	16PRr2_16S	16PRr2 16S amplicon	16PRr2_amp_lib1
PRJEB104209	PRJEB106069	ERS28393044	ERX15452541	ERR16062359	16PRr3	AMPLICON	16S	16PRr3_16S	16PRr3 16S amplicon	16PRr3_amp_lib1
PRJEB104209	PRJEB106069	ERS28393045	ERX15452542	ERR16062360	17Dr1	AMPLICON	16S	17Dr1_16S	17Dr1 16S amplicon	17Dr1_amp_lib1
PRJEB104209	PRJEB106069	ERS28393046	ERX15452543	ERR16062361	17Dr2	AMPLICON	16S	17Dr2_16S	17Dr2 16S amplicon	17Dr2_amp_lib1
PRJEB104209	PRJEB106069	ERS28393047	ERX15452544	ERR16062362	17Dr3	AMPLICON	16S	17Dr3_16S	17Dr3 16S amplicon	17Dr3_amp_lib1
PRJEB104209	PRJEB106069	ERS28393048	ERX15452545	ERR16062363	17Sr1	AMPLICON	16S	17Sr1_16S	17Sr1 16S amplicon	17Sr1_amp_lib1
PRJEB104209	PRJEB106069	ERS28393049	ERX15452546	ERR16062364	17Sr2	AMPLICON	16S	17Sr2_16S	17Sr2 16S amplicon	17Sr2_amp_lib1
PRJEB104209	PRJEB106069	ERS28393050	ERX15452547	ERR16062365	17Sr3	AMPLICON	16S	17Sr3_16S	17Sr3 16S amplicon	17Sr3_amp_lib1
PRJEB104209	PRJEB106069	ERS28393051	ERX15452548	ERR16062366	17PRr2	AMPLICON	16S	17PRr2_16S	17PRr2 16S amplicon	17PRr2_amp_lib1
PRJEB104209	PRJEB106069	ERS28393052	ERX15452549	ERR16062367	17PRr3	AMPLICON	16S	17PRr3_16S	17PRr3 16S amplicon	17PRr3_amp_lib1
PRJEB104209	PRJEB106069	ERS28393053	ERX15452550	ERR16062368	18Dr2	AMPLICON	16S	18Dr2_16S	18Dr2 16S amplicon	18Dr2_amp_lib1
PRJEB104209	PRJEB106069	ERS28393054	ERX15452551	ERR16062369	18PRr1	AMPLICON	16S	18PRr1_16S	18PRr1 16S amplicon	18PRr1_amp_lib1
PRJEB104209	PRJEB106069	ERS28393055	ERX15452552	ERR16062370	18PRr2	AMPLICON	16S	18PRr2_16S	18PRr2 16S amplicon	18PRr2_amp_lib1
PRJEB104209	PRJEB106069	ERS28393056	ERX15452553	ERR16062371	18Sr1	AMPLICON	16S	18Sr1_16S	18Sr1 16S amplicon	18Sr1_amp_lib1
PRJEB104209	PRJEB106069	ERS28393057	ERX15452554	ERR16062372	18Sr2	AMPLICON	16S	18Sr2_16S	18Sr2 16S amplicon	18Sr2_amp_lib1
PRJEB104209	PRJEB106069	ERS28393058	ERX15452555	ERR16062373	19Dr2	AMPLICON	16S	19Dr2_16S	19Dr2 16S amplicon	19Dr2_amp_lib1
PRJEB104209	PRJEB106069	ERS28393059	ERX15452556	ERR16062374	19Dr3	AMPLICON	16S	19Dr3_16S	19Dr3 16S amplicon	19Dr3_amp_lib1
PRJEB104209	PRJEB106069	ERS28393060	ERX15452557	ERR16062375	19Sr1	AMPLICON	16S	19Sr1_16S	19Sr1 16S amplicon	19Sr1_amp_lib1
PRJEB104209	PRJEB106069	ERS28393061	ERX15452558	ERR16062376	19Sr3	AMPLICON	16S	19Sr3_16S	19Sr3 16S amplicon	19Sr3_amp_lib1
PRJEB104209	PRJEB106069	ERS28393062	ERX15452559	ERR16062377	20Dr1	AMPLICON	16S	20Dr1_16S	20Dr1 16S amplicon	20Dr1_amp_lib1
PRJEB104209	PRJEB106069	ERS28393063	ERX15452560	ERR16062378	20Dr2	AMPLICON	16S	20Dr2_16S	20Dr2 16S amplicon	20Dr2_amp_lib1
PRJEB104209	PRJEB106069	ERS28393064	ERX15452561	ERR16062379	20Sr1	AMPLICON	16S	20Sr1_16S	20Sr1 16S amplicon	20Sr1_amp_lib1
PRJEB104209	PRJEB106069	ERS28393065	ERX15452562	ERR16062380	20Sr3	AMPLICON	16S	20Sr3_16S	20Sr3 16S amplicon	20Sr3_amp_lib1
PRJEB104209	PRJEB106069	ERS28393066	ERX15452563	ERR16062381	20PRr1	AMPLICON	16S	20PRr1_16S	20PRr1 16S amplicon	20PRr1_amp_lib1
PRJEB104209	PRJEB106069	ERS28393067	ERX15452564	ERR16062382	20PRr2	AMPLICON	16S	20PRr2_16S	20PRr2 16S amplicon	20PRr2_amp_lib1
PRJEB104209	PRJEB106069	ERS28393068	ERX15452565	ERR16062383	21Dr1	AMPLICON	16S	21Dr1_16S	21Dr1 16S amplicon	21Dr1_amp_lib1
PRJEB104209	PRJEB106069	ERS28393069	ERX15452566	ERR16062384	21Sr1	AMPLICON	16S	21Sr1_16S	21Sr1 16S amplicon	21Sr1_amp_lib1
PRJEB104209	PRJEB106069	ERS28393070	ERX15452567	ERR16062385	21Sr2	AMPLICON	16S	21Sr2_16S	21Sr2 16S amplicon	21Sr2_amp_lib1
PRJEB104209	PRJEB106069	ERS28393071	ERX15452568	ERR16062386	21Sr3	AMPLICON	16S	21Sr3_16S	21Sr3 16S amplicon	21Sr3_amp_lib1
PRJEB104209	PRJEB106069	ERS28393072	ERX15452569	ERR16062387	22Dr1	AMPLICON	16S	22Dr1_16S	22Dr1 16S amplicon	22Dr1_amp_lib1
PRJEB104209	PRJEB106069	ERS28393073	ERX15452570	ERR16062388	22Dr2	AMPLICON	16S	22Dr2_16S	22Dr2 16S amplicon	22Dr2_amp_lib1
PRJEB104209	PRJEB106069	ERS28393074	ERX15452571	ERR16062389	22Dr3	AMPLICON	16S	22Dr3_16S	22Dr3 16S amplicon	22Dr3_amp_lib1
PRJEB104209	PRJEB106069	ERS28393075	ERX15452572	ERR16062390	22Sr1	AMPLICON	16S	22Sr1_16S	22Sr1 16S amplicon	22Sr1_amp_lib1
PRJEB104209	PRJEB106069	ERS28393076	ERX15452573	ERR16062391	22Sr3	AMPLICON	16S	22Sr3_16S	22Sr3 16S amplicon	22Sr3_amp_lib1
PRJEB104209	PRJEB106069	ERS28393077	ERX15452574	ERR16062392	22PRr1	AMPLICON	16S	22PRr1_16S	22PRr1 16S amplicon	22PRr1_amp_lib1
PRJEB104209	PRJEB106069	ERS28393078	ERX15452575	ERR16062393	22PRr3	AMPLICON	16S	22PRr3_16S	22PRr3 16S amplicon	22PRr3_amp_lib1
PRJEB104209	PRJEB106069	ERS28393079	ERX15452576	ERR16062394	23Dr1	AMPLICON	16S	23Dr1_16S	23Dr1 16S amplicon	23Dr1_amp_lib1
PRJEB104209	PRJEB106069	ERS28393080	ERX15452577	ERR16062395	23Dr3	AMPLICON	16S	23Dr3_16S	23Dr3 16S amplicon	23Dr3_amp_lib1
PRJEB104209	PRJEB106069	ERS28393081	ERX15452578	ERR16062396	23Sr1	AMPLICON	16S	23Sr1_16S	23Sr1 16S amplicon	23Sr1_amp_lib1
PRJEB104209	PRJEB106069	ERS28393082	ERX15452579	ERR16062397	23Sr2	AMPLICON	16S	23Sr2_16S	23Sr2 16S amplicon	23Sr2_amp_lib1
PRJEB104209	PRJEB106069	ERS28393083	ERX15452580	ERR16062398	23Sr3	AMPLICON	16S	23Sr3_16S	23Sr3 16S amplicon	23Sr3_amp_lib1
PRJEB104209	PRJEB106069	ERS28393084	ERX15452581	ERR16062399	23PRr1	AMPLICON	16S	23PRr1_16S	23PRr1 16S amplicon	23PRr1_amp_lib1
PRJEB104209	PRJEB106069	ERS28393085	ERX15452582	ERR16062400	23PRr2	AMPLICON	16S	23PRr2_16S	23PRr2 16S amplicon	23PRr2_amp_lib1
PRJEB104209	PRJEB106069	ERS28393086	ERX15452583	ERR16062401	23PRr3	AMPLICON	16S	23PRr3_16S	23PRr3 16S amplicon	23PRr3_amp_lib1
PRJEB104209	PRJEB106069	ERS28393087	ERX15452584	ERR16062402	24Dr1	AMPLICON	16S	24Dr1_16S	24Dr1 16S amplicon	24Dr1_amp_lib1
PRJEB104209	PRJEB106069	ERS28393088	ERX15452585	ERR16062403	24Dr2	AMPLICON	16S	24Dr2_16S	24Dr2 16S amplicon	24Dr2_amp_lib1
PRJEB104209	PRJEB106069	ERS28393089	ERX15452586	ERR16062404	24Sr1	AMPLICON	16S	24Sr1_16S	24Sr1 16S amplicon	24Sr1_amp_lib1
PRJEB104209	PRJEB106069	ERS28393090	ERX15452587	ERR16062405	24Sr2	AMPLICON	16S	24Sr2_16S	24Sr2 16S amplicon	24Sr2_amp_lib1
PRJEB104209	PRJEB106069	ERS28393091	ERX15452588	ERR16062406	24PRr2	AMPLICON	16S	24PRr2_16S	24PRr2 16S amplicon	24PRr2_amp_lib1
PRJEB104209	PRJEB106069	ERS28393092	ERX15452589	ERR16062407	25Dr1	AMPLICON	16S	25Dr1_16S	25Dr1 16S amplicon	25Dr1_amp_lib1
PRJEB104209	PRJEB106069	ERS28393093	ERX15452590	ERR16062408	25Dr3	AMPLICON	16S	25Dr3_16S	25Dr3 16S amplicon	25Dr3_amp_lib1
PRJEB104209	PRJEB106069	ERS28393094	ERX15452591	ERR16062409	25Sr1	AMPLICON	16S	25Sr1_16S	25Sr1 16S amplicon	25Sr1_amp_lib1
PRJEB104209	PRJEB106069	ERS28393095	ERX15452592	ERR16062410	25Sr2	AMPLICON	16S	25Sr2_16S	25Sr2 16S amplicon	25Sr2_amp_lib1
PRJEB104209	PRJEB106069	ERS28393096	ERX15452593	ERR16062411	25PRr2	AMPLICON	16S	25PRr2_16S	25PRr2 16S amplicon	25PRr2_amp_lib1
PRJEB104209	PRJEB106069	ERS28393097	ERX15452594	ERR16062412	26Dr1	AMPLICON	16S	26Dr1_16S	26Dr1 16S amplicon	26Dr1_amp_lib1
PRJEB104209	PRJEB106069	ERS28393098	ERX15452595	ERR16062413	26Dr2	AMPLICON	16S	26Dr2_16S	26Dr2 16S amplicon	26Dr2_amp_lib1
PRJEB104209	PRJEB106069	ERS28393099	ERX15452596	ERR16062414	26Dr3	AMPLICON	16S	26Dr3_16S	26Dr3 16S amplicon	26Dr3_amp_lib1
PRJEB104209	PRJEB106069	ERS28393100	ERX15452597	ERR16062415	26Sr1	AMPLICON	16S	26Sr1_16S	26Sr1 16S amplicon	26Sr1_amp_lib1
PRJEB104209	PRJEB106069	ERS28393101	ERX15452598	ERR16062416	26Sr2	AMPLICON	16S	26Sr2_16S	26Sr2 16S amplicon	26Sr2_amp_lib1
PRJEB104209	PRJEB106069	ERS28393102	ERX15452599	ERR16062417	26Sr3	AMPLICON	16S	26Sr3_16S	26Sr3 16S amplicon	26Sr3_amp_lib1
PRJEB104209	PRJEB106069	ERS28393103	ERX15452600	ERR16062418	26PRr2	AMPLICON	16S	26PRr2_16S	26PRr2 16S amplicon	26PRr2_amp_lib1
PRJEB104209	PRJEB106069	ERS28393104	ERX15452601	ERR16062419	26PRr3	AMPLICON	16S	26PRr3_16S	26PRr3 16S amplicon	26PRr3_amp_lib1
PRJEB104209	PRJEB106069	ERS28393105	ERX15452602	ERR16062420	27Dr1	AMPLICON	16S	27Dr1_16S	27Dr1 16S amplicon	27Dr1_amp_lib1
PRJEB104209	PRJEB106069	ERS28393106	ERX15452603	ERR16062421	27Dr2	AMPLICON	16S	27Dr2_16S	27Dr2 16S amplicon	27Dr2_amp_lib1
PRJEB104209	PRJEB106069	ERS28393107	ERX15452604	ERR16062422	27Dr3	AMPLICON	16S	27Dr3_16S	27Dr3 16S amplicon	27Dr3_amp_lib1
PRJEB104209	PRJEB106069	ERS28393108	ERX15452605	ERR16062423	27Sr2	AMPLICON	16S	27Sr2_16S	27Sr2 16S amplicon	27Sr2_amp_lib1
PRJEB104209	PRJEB106069	ERS28393109	ERX15452606	ERR16062424	27Sr3	AMPLICON	16S	27Sr3_16S	27Sr3 16S amplicon	27Sr3_amp_lib1
PRJEB104209	PRJEB106069	ERS28393110	ERX15452607	ERR16062425	27PRr1	AMPLICON	16S	27PRr1_16S	27PRr1 16S amplicon	27PRr1_amp_lib1
PRJEB104209	PRJEB106069	ERS28393111	ERX15452608	ERR16062426	27PRr2	AMPLICON	16S	27PRr2_16S	27PRr2 16S amplicon	27PRr2_amp_lib1
PRJEB104209	PRJEB106069	ERS28393112	ERX15452609	ERR16062427	28Dr1	AMPLICON	16S	28Dr1_16S	28Dr1 16S amplicon	28Dr1_amp_lib1
PRJEB104209	PRJEB106069	ERS28393113	ERX15452610	ERR16062428	28Dr3	AMPLICON	16S	28Dr3_16S	28Dr3 16S amplicon	28Dr3_amp_lib1
PRJEB104209	PRJEB106069	ERS28393114	ERX15452611	ERR16062429	28Sr1	AMPLICON	16S	28Sr1_16S	28Sr1 16S amplicon	28Sr1_amp_lib1
PRJEB104209	PRJEB106069	ERS28393115	ERX15452612	ERR16062430	28Sr2	AMPLICON	16S	28Sr2_16S	28Sr2 16S amplicon	28Sr2_amp_lib1
PRJEB104209	PRJEB106069	ERS28393116	ERX15452613	ERR16062431	28Sr3	AMPLICON	16S	28Sr3_16S	28Sr3 16S amplicon	28Sr3_amp_lib1
PRJEB104209	PRJEB106069	ERS28393117	ERX15452614	ERR16062432	28PRr1	AMPLICON	16S	28PRr1_16S	28PRr1 16S amplicon	28PRr1_amp_lib1
PRJEB104209	PRJEB106069	ERS28393118	ERX15452615	ERR16062433	28PRr3	AMPLICON	16S	28PRr3_16S	28PRr3 16S amplicon	28PRr3_amp_lib1
PRJEB104209	PRJEB106069	ERS28393119	ERX15452616	ERR16062434	29Dr1	AMPLICON	16S	29Dr1_16S	29Dr1 16S amplicon	29Dr1_amp_lib1
PRJEB104209	PRJEB106069	ERS28393120	ERX15452617	ERR16062435	29Dr2	AMPLICON	16S	29Dr2_16S	29Dr2 16S amplicon	29Dr2_amp_lib1
PRJEB104209	PRJEB106069	ERS28393121	ERX15452618	ERR16062436	29Dr3	AMPLICON	16S	29Dr3_16S	29Dr3 16S amplicon	29Dr3_amp_lib1
PRJEB104209	PRJEB106069	ERS28393122	ERX15452619	ERR16062437	29Sr1	AMPLICON	16S	29Sr1_16S	29Sr1 16S amplicon	29Sr1_amp_lib1
PRJEB104209	PRJEB106069	ERS28393123	ERX15452620	ERR16062438	29Sr2	AMPLICON	16S	29Sr2_16S	29Sr2 16S amplicon	29Sr2_amp_lib1
PRJEB104209	PRJEB106069	ERS28393124	ERX15452621	ERR16062439	29PRr1	AMPLICON	16S	29PRr1_16S	29PRr1 16S amplicon	29PRr1_amp_lib1
PRJEB104209	PRJEB106069	ERS28393125	ERX15452622	ERR16062440	29PRr2	AMPLICON	16S	29PRr2_16S	29PRr2 16S amplicon	29PRr2_amp_lib1
PRJEB104209	PRJEB106069	ERS28393126	ERX15452623	ERR16062441	29PRr3	AMPLICON	16S	29PRr3_16S	29PRr3 16S amplicon	29PRr3_amp_lib1
PRJEB104209	PRJEB106069	ERS28393127	ERX15452624	ERR16062442	30Dr1	AMPLICON	16S	30Dr1_16S	30Dr1 16S amplicon	30Dr1_amp_lib1
PRJEB104209	PRJEB106069	ERS28393128	ERX15452625	ERR16062443	30Sr1	AMPLICON	16S	30Sr1_16S	30Sr1 16S amplicon	30Sr1_amp_lib1
PRJEB104209	PRJEB106069	ERS28393129	ERX15452626	ERR16062444	30Sr2	AMPLICON	16S	30Sr2_16S	30Sr2 16S amplicon	30Sr2_amp_lib1
PRJEB104209	PRJEB106069	ERS28393130	ERX15452627	ERR16062445	30Sr3	AMPLICON	16S	30Sr3_16S	30Sr3 16S amplicon	30Sr3_amp_lib1
PRJEB104209	PRJEB106069	ERS28393131	ERX15452628	ERR16062446	30PRr1	AMPLICON	16S	30PRr1_16S	30PRr1 16S amplicon	30PRr1_amp_lib1
PRJEB104209	PRJEB106069	ERS28393132	ERX15452629	ERR16062447	30PRr3	AMPLICON	16S	30PRr3_16S	30PRr3 16S amplicon	30PRr3_amp_lib1
PRJEB104209	PRJEB106069	ERS28393133	ERX15452630	ERR16062448	31Dr2	AMPLICON	16S	31Dr2_16S	31Dr2 16S amplicon	31Dr2_amp_lib1
PRJEB104209	PRJEB106069	ERS28393134	ERX15452631	ERR16062449	31Sr2	AMPLICON	16S	31Sr2_16S	31Sr2 16S amplicon	31Sr2_amp_lib1
PRJEB104209	PRJEB106069	ERS28393135	ERX15452632	ERR16062450	31Sr3	AMPLICON	16S	31Sr3_16S	31Sr3 16S amplicon	31Sr3_amp_lib1
PRJEB104209	PRJEB106069	ERS28393136	ERX15452633	ERR16062451	31PRr2	AMPLICON	16S	31PRr2_16S	31PRr2 16S amplicon	31PRr2_amp_lib1
PRJEB104209	PRJEB106069	ERS28393137	ERX15452634	ERR16062452	31PRr3	AMPLICON	16S	31PRr3_16S	31PRr3 16S amplicon	31PRr3_amp_lib1
PRJEB104209	PRJEB106069	ERS28393138	ERX15452635	ERR16062453	32Dr3	AMPLICON	16S	32Dr3_16S	32Dr3 16S amplicon	32Dr3_amp_lib1
PRJEB104209	PRJEB106069	ERS28393139	ERX15452636	ERR16062454	32PRr1	AMPLICON	16S	32PRr1_16S	32PRr1 16S amplicon	32PRr1_amp_lib1
PRJEB104209	PRJEB106069	ERS28393140	ERX15452637	ERR16062455	32PRr2	AMPLICON	16S	32PRr2_16S	32PRr2 16S amplicon	32PRr2_amp_lib1
PRJEB104209	PRJEB106069	ERS28393141	ERX15452638	ERR16062456	32PRr3	AMPLICON	16S	32PRr3_16S	32PRr3 16S amplicon	32PRr3_amp_lib1
PRJEB104209	PRJEB106069	ERS28393142	ERX15452639	ERR16062457	33Dr1	AMPLICON	16S	33Dr1_16S	33Dr1 16S amplicon	33Dr1_amp_lib1
PRJEB104209	PRJEB106069	ERS28393143	ERX15452640	ERR16062458	33Dr2	AMPLICON	16S	33Dr2_16S	33Dr2 16S amplicon	33Dr2_amp_lib1
PRJEB104209	PRJEB106069	ERS28393144	ERX15452641	ERR16062459	33Dr3	AMPLICON	16S	33Dr3_16S	33Dr3 16S amplicon	33Dr3_amp_lib1
PRJEB104209	PRJEB106069	ERS28393145	ERX15452642	ERR16062460	33Sr1	AMPLICON	16S	33Sr1_16S	33Sr1 16S amplicon	33Sr1_amp_lib1
PRJEB104209	PRJEB106069	ERS28393146	ERX15452643	ERR16062461	33Sr2	AMPLICON	16S	33Sr2_16S	33Sr2 16S amplicon	33Sr2_amp_lib1
PRJEB104209	PRJEB106069	ERS28393147	ERX15452644	ERR16062462	33PRr1	AMPLICON	16S	33PRr1_16S	33PRr1 16S amplicon	33PRr1_amp_lib1
PRJEB104209	PRJEB106069	ERS28393148	ERX15452645	ERR16062463	33PRr2	AMPLICON	16S	33PRr2_16S	33PRr2 16S amplicon	33PRr2_amp_lib1
PRJEB104209	PRJEB106069	ERS28393149	ERX15452646	ERR16062464	34Dr2	AMPLICON	16S	34Dr2_16S	34Dr2 16S amplicon	34Dr2_amp_lib1
PRJEB104209	PRJEB106069	ERS28393150	ERX15452647	ERR16062465	34Dr3	AMPLICON	16S	34Dr3_16S	34Dr3 16S amplicon	34Dr3_amp_lib1
PRJEB104209	PRJEB106069	ERS28393151	ERX15452648	ERR16062466	34Sr1	AMPLICON	16S	34Sr1_16S	34Sr1 16S amplicon	34Sr1_amp_lib1
PRJEB104209	PRJEB106069	ERS28393152	ERX15452649	ERR16062467	34Sr3	AMPLICON	16S	34Sr3_16S	34Sr3 16S amplicon	34Sr3_amp_lib1
PRJEB104209	PRJEB106069	ERS28393153	ERX15452650	ERR16062468	34PRr1	AMPLICON	16S	34PRr1_16S	34PRr1 16S amplicon	34PRr1_amp_lib1
PRJEB104209	PRJEB106069	ERS28393154	ERX15452651	ERR16062469	34PRr3	AMPLICON	16S	34PRr3_16S	34PRr3 16S amplicon	34PRr3_amp_lib1
PRJEB104209	PRJEB106069	ERS28393155	ERX15452652	ERR16062470	35Dr2	AMPLICON	16S	35Dr2_16S	35Dr2 16S amplicon	35Dr2_amp_lib1
PRJEB104209	PRJEB106069	ERS28393156	ERX15452653	ERR16062471	35Dr3	AMPLICON	16S	35Dr3_16S	35Dr3 16S amplicon	35Dr3_amp_lib1
PRJEB104209	PRJEB106069	ERS28393157	ERX15452654	ERR16062472	35Sr1	AMPLICON	16S	35Sr1_16S	35Sr1 16S amplicon	35Sr1_amp_lib1
PRJEB104209	PRJEB106069	ERS28393158	ERX15452655	ERR16062473	35Sr2	AMPLICON	16S	35Sr2_16S	35Sr2 16S amplicon	35Sr2_amp_lib1
PRJEB104209	PRJEB106069	ERS28393159	ERX15452656	ERR16062474	35PRr1	AMPLICON	16S	35PRr1_16S	35PRr1 16S amplicon	35PRr1_amp_lib1
PRJEB104209	PRJEB106069	ERS28393160	ERX15452657	ERR16062475	35PRr3	AMPLICON	16S	35PRr3_16S	35PRr3 16S amplicon	35PRr3_amp_lib1
PRJEB104209	PRJEB106069	ERS28393161	ERX15452658	ERR16062476	36Dr2	AMPLICON	16S	36Dr2_16S	36Dr2 16S amplicon	36Dr2_amp_lib1
PRJEB104209	PRJEB106069	ERS28393162	ERX15452659	ERR16062477	36Dr3	AMPLICON	16S	36Dr3_16S	36Dr3 16S amplicon	36Dr3_amp_lib1
PRJEB104209	PRJEB106069	ERS28393163	ERX15452660	ERR16062478	36Sr1	AMPLICON	16S	36Sr1_16S	36Sr1 16S amplicon	36Sr1_amp_lib1
PRJEB104209	PRJEB106069	ERS28393164	ERX15452661	ERR16062479	36Sr2	AMPLICON	16S	36Sr2_16S	36Sr2 16S amplicon	36Sr2_amp_lib1
PRJEB104209	PRJEB106069	ERS28393165	ERX15452662	ERR16062480	36Sr3	AMPLICON	16S	36Sr3_16S	36Sr3 16S amplicon	36Sr3_amp_lib1
PRJEB104209	PRJEB106069	ERS28393166	ERX15452663	ERR16062481	37Dr2	AMPLICON	16S	37Dr2_16S	37Dr2 16S amplicon	37Dr2_amp_lib1
PRJEB104209	PRJEB106069	ERS28393167	ERX15452664	ERR16062482	37Dr3	AMPLICON	16S	37Dr3_16S	37Dr3 16S amplicon	37Dr3_amp_lib1
PRJEB104209	PRJEB106069	ERS28393168	ERX15452665	ERR16062483	37Sr1	AMPLICON	16S	37Sr1_16S	37Sr1 16S amplicon	37Sr1_amp_lib1
PRJEB104209	PRJEB106069	ERS28393169	ERX15452666	ERR16062484	37Sr2	AMPLICON	16S	37Sr2_16S	37Sr2 16S amplicon	37Sr2_amp_lib1
PRJEB104209	PRJEB106069	ERS28393170	ERX15452667	ERR16062485	37PRr2	AMPLICON	16S	37PRr2_16S	37PRr2 16S amplicon	37PRr2_amp_lib1
PRJEB104209	PRJEB106069	ERS28393171	ERX15452668	ERR16062486	37PRr3	AMPLICON	16S	37PRr3_16S	37PRr3 16S amplicon	37PRr3_amp_lib1
PRJEB104209	PRJEB106069	ERS28393172	ERX15452669	ERR16062487	38Dr2	AMPLICON	16S	38Dr2_16S	38Dr2 16S amplicon	38Dr2_amp_lib1
PRJEB104209	PRJEB106069	ERS28393173	ERX15452670	ERR16062488	38Dr3	AMPLICON	16S	38Dr3_16S	38Dr3 16S amplicon	38Dr3_amp_lib1
PRJEB104209	PRJEB106069	ERS28393174	ERX15452671	ERR16062489	38Sr2	AMPLICON	16S	38Sr2_16S	38Sr2 16S amplicon	38Sr2_amp_lib1
PRJEB104209	PRJEB106069	ERS28393175	ERX15452672	ERR16062490	38Sr3	AMPLICON	16S	38Sr3_16S	38Sr3 16S amplicon	38Sr3_amp_lib1
PRJEB104209	PRJEB106069	ERS28393176	ERX15452673	ERR16062491	38PRr2	AMPLICON	16S	38PRr2_16S	38PRr2 16S amplicon	38PRr2_amp_lib1
PRJEB104209	PRJEB106069	ERS28393177	ERX15452674	ERR16062492	38PRr3	AMPLICON	16S	38PRr3_16S	38PRr3 16S amplicon	38PRr3_amp_lib1
PRJEB104209	PRJEB106069	ERS28393178	ERX15452675	ERR16062493	39Dr2	AMPLICON	16S	39Dr2_16S	39Dr2 16S amplicon	39Dr2_amp_lib1
PRJEB104209	PRJEB106069	ERS28393179	ERX15452676	ERR16062494	39Dr3	AMPLICON	16S	39Dr3_16S	39Dr3 16S amplicon	39Dr3_amp_lib1
PRJEB104209	PRJEB106069	ERS28393180	ERX15452677	ERR16062495	39Sr3	AMPLICON	16S	39Sr3_16S	39Sr3 16S amplicon	39Sr3_amp_lib1
PRJEB104209	PRJEB106069	ERS28393181	ERX15452678	ERR16062496	39PRr1	AMPLICON	16S	39PRr1_16S	39PRr1 16S amplicon	39PRr1_amp_lib1
PRJEB104209	PRJEB106069	ERS28393182	ERX15452679	ERR16062497	39PRr2	AMPLICON	16S	39PRr2_16S	39PRr2 16S amplicon	39PRr2_amp_lib1
PRJEB104209	PRJEB106069	ERS28393183	ERX15452680	ERR16062498	39PRr3	AMPLICON	16S	39PRr3_16S	39PRr3 16S amplicon	39PRr3_amp_lib1
PRJEB104209	PRJEB106069	ERS28393184	ERX15452681	ERR16062499	40Dr1	AMPLICON	16S	40Dr1_16S	40Dr1 16S amplicon	40Dr1_amp_lib1
PRJEB104209	PRJEB106069	ERS28393185	ERX15452682	ERR16062500	40Dr2	AMPLICON	16S	40Dr2_16S	40Dr2 16S amplicon	40Dr2_amp_lib1
PRJEB104209	PRJEB106069	ERS28393186	ERX15452683	ERR16062501	40PRr2	AMPLICON	16S	40PRr2_16S	40PRr2 16S amplicon	40PRr2_amp_lib1
PRJEB104209	PRJEB106069	ERS28393187	ERX15452684	ERR16062502	40PRr3	AMPLICON	16S	40PRr3_16S	40PRr3 16S amplicon	40PRr3_amp_lib1
PRJEB104209	PRJEB106069	ERS28393188	ERX15452685	ERR16062503	41Dr1	AMPLICON	16S	41Dr1_16S	41Dr1 16S amplicon	41Dr1_amp_lib1
PRJEB104209	PRJEB106069	ERS28393189	ERX15452686	ERR16062504	41PRr2	AMPLICON	16S	41PRr2_16S	41PRr2 16S amplicon	41PRr2_amp_lib1
PRJEB104209	PRJEB106069	ERS28393190	ERX15452687	ERR16062505	42Dr1	AMPLICON	16S	42Dr1_16S	42Dr1 16S amplicon	42Dr1_amp_lib1
PRJEB104209	PRJEB106069	ERS28393191	ERX15452688	ERR16062506	42Sr1	AMPLICON	16S	42Sr1_16S	42Sr1 16S amplicon	42Sr1_amp_lib1
PRJEB104209	PRJEB106069	ERS28393192	ERX15452689	ERR16062507	42Sr2	AMPLICON	16S	42Sr2_16S	42Sr2 16S amplicon	42Sr2_amp_lib1
PRJEB104209	PRJEB106069	ERS28393193	ERX15452690	ERR16062508	42Sr3	AMPLICON	16S	42Sr3_16S	42Sr3 16S amplicon	42Sr3_amp_lib1
PRJEB104209	PRJEB106069	ERS28393194	ERX15452691	ERR16062509	42PRr1	AMPLICON	16S	42PRr1_16S	42PRr1 16S amplicon	42PRr1_amp_lib1
PRJEB104209	PRJEB106069	ERS28393195	ERX15452692	ERR16062510	42PRr2	AMPLICON	16S	42PRr2_16S	42PRr2 16S amplicon	42PRr2_amp_lib1
PRJEB104209	PRJEB106069	ERS28393196	ERX15452693	ERR16062511	43Dr1	AMPLICON	16S	43Dr1_16S	43Dr1 16S amplicon	43Dr1_amp_lib1
PRJEB104209	PRJEB106069	ERS28393197	ERX15452694	ERR16062512	43Dr2	AMPLICON	16S	43Dr2_16S	43Dr2 16S amplicon	43Dr2_amp_lib1
PRJEB104209	PRJEB106069	ERS28393198	ERX15452695	ERR16062513	43Sr1	AMPLICON	16S	43Sr1_16S	43Sr1 16S amplicon	43Sr1_amp_lib1
PRJEB104209	PRJEB106069	ERS28393199	ERX15452696	ERR16062514	43Sr2	AMPLICON	16S	43Sr2_16S	43Sr2 16S amplicon	43Sr2_amp_lib1
PRJEB104209	PRJEB106069	ERS28393200	ERX15452697	ERR16062515	43PRr2	AMPLICON	16S	43PRr2_16S	43PRr2 16S amplicon	43PRr2_amp_lib1
PRJEB104209	PRJEB106069	ERS28393201	ERX15452698	ERR16062516	44Dr2	AMPLICON	16S	44Dr2_16S	44Dr2 16S amplicon	44Dr2_amp_lib1
PRJEB104209	PRJEB106069	ERS28393202	ERX15452699	ERR16062517	44PRr2	AMPLICON	16S	44PRr2_16S	44PRr2 16S amplicon	44PRr2_amp_lib1
PRJEB104209	PRJEB106069	ERS28393203	ERX15452700	ERR16062518	44PRr3	AMPLICON	16S	44PRr3_16S	44PRr3 16S amplicon	44PRr3_amp_lib1
PRJEB104209	PRJEB106069	ERS28393204	ERX15452701	ERR16062519	45Dr1	AMPLICON	16S	45Dr1_16S	45Dr1 16S amplicon	45Dr1_amp_lib1
PRJEB104209	PRJEB106069	ERS28393205	ERX15452702	ERR16062520	45Dr3	AMPLICON	16S	45Dr3_16S	45Dr3 16S amplicon	45Dr3_amp_lib1
PRJEB104209	PRJEB106069	ERS28393206	ERX15452703	ERR16062521	45Sr1	AMPLICON	16S	45Sr1_16S	45Sr1 16S amplicon	45Sr1_amp_lib1
PRJEB104209	PRJEB106069	ERS28393207	ERX15452704	ERR16062522	45PRr2	AMPLICON	16S	45PRr2_16S	45PRr2 16S amplicon	45PRr2_amp_lib1
PRJEB104209	PRJEB106069	ERS28393208	ERX15452705	ERR16062523	46Dr1	AMPLICON	16S	46Dr1_16S	46Dr1 16S amplicon	46Dr1_amp_lib1
PRJEB104209	PRJEB106069	ERS28393209	ERX15452706	ERR16062524	46Sr3	AMPLICON	16S	46Sr3_16S	46Sr3 16S amplicon	46Sr3_amp_lib1
PRJEB104209	PRJEB106069	ERS28393210	ERX15452707	ERR16062525	46PRr1	AMPLICON	16S	46PRr1_16S	46PRr1 16S amplicon	46PRr1_amp_lib1
PRJEB104209	PRJEB106069	ERS28393211	ERX15452708	ERR16062526	47Dr2	AMPLICON	16S	47Dr2_16S	47Dr2 16S amplicon	47Dr2_amp_lib1
PRJEB104209	PRJEB106069	ERS28393212	ERX15452709	ERR16062527	47Dr3	AMPLICON	16S	47Dr3_16S	47Dr3 16S amplicon	47Dr3_amp_lib1
PRJEB104209	PRJEB106069	ERS28393213	ERX15452710	ERR16062528	47Sr1	AMPLICON	16S	47Sr1_16S	47Sr1 16S amplicon	47Sr1_amp_lib1
PRJEB104209	PRJEB106069	ERS28393214	ERX15452711	ERR16062529	47PRr1	AMPLICON	16S	47PRr1_16S	47PRr1 16S amplicon	47PRr1_amp_lib1
PRJEB104209	PRJEB106069	ERS28393215	ERX15452712	ERR16062530	48Dr2	AMPLICON	16S	48Dr2_16S	48Dr2 16S amplicon	48Dr2_amp_lib1
PRJEB104209	PRJEB106069	ERS28393216	ERX15452713	ERR16062531	48Dr3	AMPLICON	16S	48Dr3_16S	48Dr3 16S amplicon	48Dr3_amp_lib1
PRJEB104209	PRJEB106069	ERS28393217	ERX15452714	ERR16062532	48Sr2	AMPLICON	16S	48Sr2_16S	48Sr2 16S amplicon	48Sr2_amp_lib1
PRJEB104209	PRJEB106069	ERS28393218	ERX15452715	ERR16062533	48PRr3	AMPLICON	16S	48PRr3_16S	48PRr3 16S amplicon	48PRr3_amp_lib1
PRJEB104209	PRJEB106069	ERS28393219	ERX15452716	ERR16062534	49Dr2	AMPLICON	16S	49Dr2_16S	49Dr2 16S amplicon	49Dr2_amp_lib1
PRJEB104209	PRJEB106069	ERS28393220	ERX15452717	ERR16062535	49Sr2	AMPLICON	16S	49Sr2_16S	49Sr2 16S amplicon	49Sr2_amp_lib1
PRJEB104209	PRJEB106069	ERS28393221	ERX15452718	ERR16062536	49Sr3	AMPLICON	16S	49Sr3_16S	49Sr3 16S amplicon	49Sr3_amp_lib1
PRJEB104209	PRJEB106069	ERS28393222	ERX15452719	ERR16062537	49PRr2	AMPLICON	16S	49PRr2_16S	49PRr2 16S amplicon	49PRr2_amp_lib1
PRJEB104209	PRJEB106069	ERS28393223	ERX15452720	ERR16062538	50Dr1	AMPLICON	16S	50Dr1_16S	50Dr1 16S amplicon	50Dr1_amp_lib1
PRJEB104209	PRJEB106069	ERS28393224	ERX15452721	ERR16062539	50Dr2	AMPLICON	16S	50Dr2_16S	50Dr2 16S amplicon	50Dr2_amp_lib1
PRJEB104209	PRJEB106069	ERS28393225	ERX15452722	ERR16062540	50Sr1	AMPLICON	16S	50Sr1_16S	50Sr1 16S amplicon	50Sr1_amp_lib1
PRJEB104209	PRJEB106069	ERS28393226	ERX15452723	ERR16062541	50Sr2	AMPLICON	16S	50Sr2_16S	50Sr2 16S amplicon	50Sr2_amp_lib1
PRJEB104209	PRJEB106069	ERS28393227	ERX15452724	ERR16062542	50Sr3	AMPLICON	16S	50Sr3_16S	50Sr3 16S amplicon	50Sr3_amp_lib1
PRJEB104209	PRJEB106069	ERS28393228	ERX15452725	ERR16062543	50PRr1	AMPLICON	16S	50PRr1_16S	50PRr1 16S amplicon	50PRr1_amp_lib1
PRJEB104209	PRJEB106069	ERS28393229	ERX15452726	ERR16062544	50PRr2	AMPLICON	16S	50PRr2_16S	50PRr2 16S amplicon	50PRr2_amp_lib1
PRJEB104209	PRJEB106069	ERS28393230	ERX15452727	ERR16062545	51Dr1	AMPLICON	16S	51Dr1_16S	51Dr1 16S amplicon	51Dr1_amp_lib1
PRJEB104209	PRJEB106069	ERS28393231	ERX15452728	ERR16062546	51Dr3	AMPLICON	16S	51Dr3_16S	51Dr3 16S amplicon	51Dr3_amp_lib1
PRJEB104209	PRJEB106069	ERS28393232	ERX15452729	ERR16062547	51Sr2	AMPLICON	16S	51Sr2_16S	51Sr2 16S amplicon	51Sr2_amp_lib1
PRJEB104209	PRJEB106069	ERS28393233	ERX15452730	ERR16062548	51PRr3	AMPLICON	16S	51PRr3_16S	51PRr3 16S amplicon	51PRr3_amp_lib1
PRJEB104209	PRJEB106069	ERS28393234	ERX15452731	ERR16062549	52Dr1	AMPLICON	16S	52Dr1_16S	52Dr1 16S amplicon	52Dr1_amp_lib1
PRJEB104209	PRJEB106069	ERS28393235	ERX15452732	ERR16062550	53Dr2	AMPLICON	16S	53Dr2_16S	53Dr2 16S amplicon	53Dr2_amp_lib1
PRJEB104209	PRJEB106069	ERS28393236	ERX15452733	ERR16062551	53Dr3	AMPLICON	16S	53Dr3_16S	53Dr3 16S amplicon	53Dr3_amp_lib1
PRJEB104209	PRJEB106069	ERS28393237	ERX15452734	ERR16062552	53Sr3	AMPLICON	16S	53Sr3_16S	53Sr3 16S amplicon	53Sr3_amp_lib1
PRJEB104209	PRJEB106069	ERS28393238	ERX15452735	ERR16062553	53PRr1	AMPLICON	16S	53PRr1_16S	53PRr1 16S amplicon	53PRr1_amp_lib1
PRJEB104209	PRJEB106069	ERS28393239	ERX15452736	ERR16062554	53PRr2	AMPLICON	16S	53PRr2_16S	53PRr2 16S amplicon	53PRr2_amp_lib1
PRJEB104209	PRJEB106069	ERS28393240	ERX15452737	ERR16062555	54Dr1	AMPLICON	16S	54Dr1_16S	54Dr1 16S amplicon	54Dr1_amp_lib1
PRJEB104209	PRJEB106069	ERS28393241	ERX15452738	ERR16062556	54Dr2	AMPLICON	16S	54Dr2_16S	54Dr2 16S amplicon	54Dr2_amp_lib1
PRJEB104209	PRJEB106069	ERS28393242	ERX15452739	ERR16062557	54Sr1	AMPLICON	16S	54Sr1_16S	54Sr1 16S amplicon	54Sr1_amp_lib1
PRJEB104209	PRJEB106069	ERS28393243	ERX15452740	ERR16062558	54Sr2	AMPLICON	16S	54Sr2_16S	54Sr2 16S amplicon	54Sr2_amp_lib1
PRJEB104209	PRJEB106069	ERS28393244	ERX15452741	ERR16062559	54Sr3	AMPLICON	16S	54Sr3_16S	54Sr3 16S amplicon	54Sr3_amp_lib1
PRJEB104209	PRJEB106069	ERS28393245	ERX15452742	ERR16062560	54PRr1	AMPLICON	16S	54PRr1_16S	54PRr1 16S amplicon	54PRr1_amp_lib1
PRJEB104209	PRJEB106069	ERS28393246	ERX15452743	ERR16062561	54PRr2	AMPLICON	16S	54PRr2_16S	54PRr2 16S amplicon	54PRr2_amp_lib1
PRJEB104209	PRJEB106069	ERS28393247	ERX15452744	ERR16062562	54PRr3	AMPLICON	16S	54PRr3_16S	54PRr3 16S amplicon	54PRr3_amp_lib1
PRJEB104209	PRJEB106069	ERS28393248	ERX15452745	ERR16062563	55Dr2	AMPLICON	16S	55Dr2_16S	55Dr2 16S amplicon	55Dr2_amp_lib1
PRJEB104209	PRJEB106069	ERS28393249	ERX15452746	ERR16062564	55Sr1	AMPLICON	16S	55Sr1_16S	55Sr1 16S amplicon	55Sr1_amp_lib1
PRJEB104209	PRJEB106069	ERS28393250	ERX15452747	ERR16062565	55Sr3	AMPLICON	16S	55Sr3_16S	55Sr3 16S amplicon	55Sr3_amp_lib1
PRJEB104209	PRJEB106069	ERS28393251	ERX15452748	ERR16062566	55PRr1	AMPLICON	16S	55PRr1_16S	55PRr1 16S amplicon	55PRr1_amp_lib1
PRJEB104209	PRJEB106069	ERS28393252	ERX15452749	ERR16062567	55PRr3	AMPLICON	16S	55PRr3_16S	55PRr3 16S amplicon	55PRr3_amp_lib1
PRJEB104209	PRJEB106069	ERS28393253	ERX15452750	ERR16062568	56Dr1	AMPLICON	16S	56Dr1_16S	56Dr1 16S amplicon	56Dr1_amp_lib1
PRJEB104209	PRJEB106069	ERS28393254	ERX15452751	ERR16062569	56Dr3	AMPLICON	16S	56Dr3_16S	56Dr3 16S amplicon	56Dr3_amp_lib1
PRJEB104209	PRJEB106069	ERS28393255	ERX15452752	ERR16062570	56Sr1	AMPLICON	16S	56Sr1_16S	56Sr1 16S amplicon	56Sr1_amp_lib1
PRJEB104209	PRJEB106069	ERS28393256	ERX15452753	ERR16062571	56Sr3	AMPLICON	16S	56Sr3_16S	56Sr3 16S amplicon	56Sr3_amp_lib1
PRJEB104209	PRJEB106069	ERS28393257	ERX15452754	ERR16062572	57Dr3	AMPLICON	16S	57Dr3_16S	57Dr3 16S amplicon	57Dr3_amp_lib1
PRJEB104209	PRJEB106069	ERS28393258	ERX15452755	ERR16062573	57Sr2	AMPLICON	16S	57Sr2_16S	57Sr2 16S amplicon	57Sr2_amp_lib1
PRJEB104209	PRJEB106069	ERS28393259	ERX15452756	ERR16062574	57PRr1	AMPLICON	16S	57PRr1_16S	57PRr1 16S amplicon	57PRr1_amp_lib1
PRJEB104209	PRJEB106069	ERS28393260	ERX15452757	ERR16062575	57PRr3	AMPLICON	16S	57PRr3_16S	57PRr3 16S amplicon	57PRr3_amp_lib1
PRJEB104209	PRJEB106069	ERS28393261	ERX15452758	ERR16062576	58Sr2	AMPLICON	16S	58Sr2_16S	58Sr2 16S amplicon	58Sr2_amp_lib1
PRJEB104209	PRJEB106069	ERS28393262	ERX15452759	ERR16062577	58Sr3	AMPLICON	16S	58Sr3_16S	58Sr3 16S amplicon	58Sr3_amp_lib1
PRJEB104209	PRJEB106069	ERS28393263	ERX15452760	ERR16062578	58PRr1	AMPLICON	16S	58PRr1_16S	58PRr1 16S amplicon	58PRr1_amp_lib1
PRJEB104209	PRJEB106069	ERS28393264	ERX15452761	ERR16062579	59PRr3	AMPLICON	16S	59PRr3_16S	59PRr3 16S amplicon	59PRr3_amp_lib1
PRJEB104209	PRJEB106069	ERS28393265	ERX15452762	ERR16062580	60Dr2	AMPLICON	16S	60Dr2_16S	60Dr2 16S amplicon	60Dr2_amp_lib1
PRJEB104209	PRJEB106069	ERS28393266	ERX15452763	ERR16062581	60Dr3	AMPLICON	16S	60Dr3_16S	60Dr3 16S amplicon	60Dr3_amp_lib1
PRJEB104209	PRJEB106069	ERS28393267	ERX15452764	ERR16062582	60Sr3	AMPLICON	16S	60Sr3_16S	60Sr3 16S amplicon	60Sr3_amp_lib1
PRJEB104209	PRJEB106069	ERS28393342	ERX15452765	ERR16062583	S18Dr1	AMPLICON	16S	S18Dr1_16S	S18Dr1 16S amplicon	S18Dr1_amp_lib1
PRJEB104209	PRJEB106069	ERS28393343	ERX15452766	ERR16062584	S18Sr1	AMPLICON	16S	S18Sr1_16S	S18Sr1 16S amplicon	S18Sr1_amp_lib1
PRJEB104209	PRJEB106069	ERS28393344	ERX15452767	ERR16062585	S18PRr1	AMPLICON	16S	S18PRr1_16S	S18PRr1 16S amplicon	S18PRr1_amp_lib1
PRJEB104209	PRJEB106069	ERS28393444	ERX15452876	ERR16062694	F1Dr1	AMPLICON	16S	F1Dr1_16S	F1Dr1 16S amplicon	F1Dr1_amp_lib1
PRJEB104209	PRJEB106069	ERS28393445	ERX15452877	ERR16062695	F1Dr2	AMPLICON	16S	F1Dr2_16S	F1Dr2 16S amplicon	F1Dr2_amp_lib1
PRJEB104209	PRJEB106069	ERS28393446	ERX15452878	ERR16062696	F1Dr3	AMPLICON	16S	F1Dr3_16S	F1Dr3 16S amplicon	F1Dr3_amp_lib1
PRJEB104209	PRJEB106069	ERS28393447	ERX15452879	ERR16062697	F1Sr1	AMPLICON	16S	F1Sr1_16S	F1Sr1 16S amplicon	F1Sr1_amp_lib1
PRJEB104209	PRJEB106069	ERS28393448	ERX15452880	ERR16062698	F1Sr2	AMPLICON	16S	F1Sr2_16S	F1Sr2 16S amplicon	F1Sr2_amp_lib1
PRJEB104209	PRJEB106069	ERS28393449	ERX15452881	ERR16062699	F1Sr3	AMPLICON	16S	F1Sr3_16S	F1Sr3 16S amplicon	F1Sr3_amp_lib1
PRJEB104209	PRJEB106069	ERS28393450	ERX15452882	ERR16062700	F1PRr1	AMPLICON	16S	F1PRr1_16S	F1PRr1 16S amplicon	F1PRr1_amp_lib1
PRJEB104209	PRJEB106069	ERS28393451	ERX15452883	ERR16062701	F1PRr2	AMPLICON	16S	F1PRr2_16S	F1PRr2 16S amplicon	F1PRr2_amp_lib1
PRJEB104209	PRJEB106069	ERS28393452	ERX15452884	ERR16062702	F1PRr3	AMPLICON	16S	F1PRr3_16S	F1PRr3 16S amplicon	F1PRr3_amp_lib1
PRJEB104209	PRJEB106069	ERS28393453	ERX15452885	ERR16062703	F2Dr1	AMPLICON	16S	F2Dr1_16S	F2Dr1 16S amplicon	F2Dr1_amp_lib1
PRJEB104209	PRJEB106069	ERS28393454	ERX15452886	ERR16062704	F2Dr2	AMPLICON	16S	F2Dr2_16S	F2Dr2 16S amplicon	F2Dr2_amp_lib1
PRJEB104209	PRJEB106069	ERS28393455	ERX15452887	ERR16062705	F2Dr3	AMPLICON	16S	F2Dr3_16S	F2Dr3 16S amplicon	F2Dr3_amp_lib1
PRJEB104209	PRJEB106069	ERS28393456	ERX15452888	ERR16062706	F2Sr1	AMPLICON	16S	F2Sr1_16S	F2Sr1 16S amplicon	F2Sr1_amp_lib1
PRJEB104209	PRJEB106069	ERS28393457	ERX15452889	ERR16062707	F2Sr2	AMPLICON	16S	F2Sr2_16S	F2Sr2 16S amplicon	F2Sr2_amp_lib1
PRJEB104209	PRJEB106069	ERS28393458	ERX15452890	ERR16062708	F2Sr3	AMPLICON	16S	F2Sr3_16S	F2Sr3 16S amplicon	F2Sr3_amp_lib1
PRJEB104209	PRJEB106069	ERS28393459	ERX15452891	ERR16062709	F2PRr1	AMPLICON	16S	F2PRr1_16S	F2PRr1 16S amplicon	F2PRr1_amp_lib1
PRJEB104209	PRJEB106069	ERS28393460	ERX15452892	ERR16062710	F2PRr2	AMPLICON	16S	F2PRr2_16S	F2PRr2 16S amplicon	F2PRr2_amp_lib1
PRJEB104209	PRJEB106069	ERS28393461	ERX15452893	ERR16062711	F2PRr3	AMPLICON	16S	F2PRr3_16S	F2PRr3 16S amplicon	F2PRr3_amp_lib1
PRJEB104209	PRJEB106069	ERS28393462	ERX15452894	ERR16062712	F3Dr1	AMPLICON	16S	F3Dr1_16S	F3Dr1 16S amplicon	F3Dr1_amp_lib1
PRJEB104209	PRJEB106069	ERS28393463	ERX15452895	ERR16062713	F3Dr2	AMPLICON	16S	F3Dr2_16S	F3Dr2 16S amplicon	F3Dr2_amp_lib1
PRJEB104209	PRJEB106069	ERS28393464	ERX15452896	ERR16062714	F3Dr3	AMPLICON	16S	F3Dr3_16S	F3Dr3 16S amplicon	F3Dr3_amp_lib1
PRJEB104209	PRJEB106069	ERS28393465	ERX15452897	ERR16062715	F3Sr1	AMPLICON	16S	F3Sr1_16S	F3Sr1 16S amplicon	F3Sr1_amp_lib1
PRJEB104209	PRJEB106069	ERS28393466	ERX15452898	ERR16062716	F3Sr2	AMPLICON	16S	F3Sr2_16S	F3Sr2 16S amplicon	F3Sr2_amp_lib1
PRJEB104209	PRJEB106069	ERS28393467	ERX15452899	ERR16062717	F3Sr3	AMPLICON	16S	F3Sr3_16S	F3Sr3 16S amplicon	F3Sr3_amp_lib1
PRJEB104209	PRJEB106069	ERS28393468	ERX15452900	ERR16062718	F3PRr1	AMPLICON	16S	F3PRr1_16S	F3PRr1 16S amplicon	F3PRr1_amp_lib1
PRJEB104209	PRJEB106069	ERS28393469	ERX15452901	ERR16062719	F3PRr2	AMPLICON	16S	F3PRr2_16S	F3PRr2 16S amplicon	F3PRr2_amp_lib1
PRJEB104209	PRJEB106069	ERS28393470	ERX15452902	ERR16062720	F4Dr1	AMPLICON	16S	F4Dr1_16S	F4Dr1 16S amplicon	F4Dr1_amp_lib1
PRJEB104209	PRJEB106069	ERS28393471	ERX15452903	ERR16062721	F4Dr2	AMPLICON	16S	F4Dr2_16S	F4Dr2 16S amplicon	F4Dr2_amp_lib1
PRJEB104209	PRJEB106069	ERS28393472	ERX15452904	ERR16062722	F4Sr1	AMPLICON	16S	F4Sr1_16S	F4Sr1 16S amplicon	F4Sr1_amp_lib1
PRJEB104209	PRJEB106069	ERS28393473	ERX15452905	ERR16062723	F4Sr2	AMPLICON	16S	F4Sr2_16S	F4Sr2 16S amplicon	F4Sr2_amp_lib1
PRJEB104209	PRJEB106069	ERS28393474	ERX15452906	ERR16062724	F4Sr3	AMPLICON	16S	F4Sr3_16S	F4Sr3 16S amplicon	F4Sr3_amp_lib1
PRJEB104209	PRJEB106069	ERS28393475	ERX15452907	ERR16062725	F4PRr1	AMPLICON	16S	F4PRr1_16S	F4PRr1 16S amplicon	F4PRr1_amp_lib1
PRJEB104209	PRJEB106069	ERS28393476	ERX15452908	ERR16062726	F4PRr2	AMPLICON	16S	F4PRr2_16S	F4PRr2 16S amplicon	F4PRr2_amp_lib1
PRJEB104209	PRJEB106069	ERS28393477	ERX15452909	ERR16062727	F5Dr2	AMPLICON	16S	F5Dr2_16S	F5Dr2 16S amplicon	F5Dr2_amp_lib1
PRJEB104209	PRJEB106069	ERS28393478	ERX15452910	ERR16062728	F5Dr3	AMPLICON	16S	F5Dr3_16S	F5Dr3 16S amplicon	F5Dr3_amp_lib1
PRJEB104209	PRJEB106069	ERS28393479	ERX15452911	ERR16062729	F5Sr1	AMPLICON	16S	F5Sr1_16S	F5Sr1 16S amplicon	F5Sr1_amp_lib1
PRJEB104209	PRJEB106069	ERS28393480	ERX15452912	ERR16062730	F5Sr2	AMPLICON	16S	F5Sr2_16S	F5Sr2 16S amplicon	F5Sr2_amp_lib1
PRJEB104209	PRJEB106069	ERS28393481	ERX15452913	ERR16062731	F5Sr3	AMPLICON	16S	F5Sr3_16S	F5Sr3 16S amplicon	F5Sr3_amp_lib1
PRJEB104209	PRJEB106069	ERS28393482	ERX15452914	ERR16062732	F5PRr2	AMPLICON	16S	F5PRr2_16S	F5PRr2 16S amplicon	F5PRr2_amp_lib1
PRJEB104209	PRJEB106069	ERS28393483	ERX15452915	ERR16062733	F6Dr1	AMPLICON	16S	F6Dr1_16S	F6Dr1 16S amplicon	F6Dr1_amp_lib1
PRJEB104209	PRJEB106069	ERS28393484	ERX15452916	ERR16062734	F6Sr1	AMPLICON	16S	F6Sr1_16S	F6Sr1 16S amplicon	F6Sr1_amp_lib1
PRJEB104209	PRJEB106069	ERS28393485	ERX15452917	ERR16062735	F6Sr2	AMPLICON	16S	F6Sr2_16S	F6Sr2 16S amplicon	F6Sr2_amp_lib1
PRJEB104209	PRJEB106069	ERS28393486	ERX15452918	ERR16062736	F6Sr3	AMPLICON	16S	F6Sr3_16S	F6Sr3 16S amplicon	F6Sr3_amp_lib1
PRJEB104209	PRJEB106069	ERS28393487	ERX15452919	ERR16062737	F6PRr1	AMPLICON	16S	F6PRr1_16S	F6PRr1 16S amplicon	F6PRr1_amp_lib1
PRJEB104209	PRJEB106069	ERS28393488	ERX15452920	ERR16062738	F6PRr2	AMPLICON	16S	F6PRr2_16S	F6PRr2 16S amplicon	F6PRr2_amp_lib1
PRJEB104209	PRJEB106069	ERS28393489	ERX15452921	ERR16062739	F6PRr3	AMPLICON	16S	F6PRr3_16S	F6PRr3 16S amplicon	F6PRr3_amp_lib1
PRJEB104209	PRJEB106069	ERS28393490	ERX15452922	ERR16062740	F7Dr1	AMPLICON	16S	F7Dr1_16S	F7Dr1 16S amplicon	F7Dr1_amp_lib1
PRJEB104209	PRJEB106069	ERS28393491	ERX15452923	ERR16062741	F7Dr2	AMPLICON	16S	F7Dr2_16S	F7Dr2 16S amplicon	F7Dr2_amp_lib1
PRJEB104209	PRJEB106069	ERS28393492	ERX15452924	ERR16062742	F7Dr3	AMPLICON	16S	F7Dr3_16S	F7Dr3 16S amplicon	F7Dr3_amp_lib1
PRJEB104209	PRJEB106069	ERS28393493	ERX15452925	ERR16062743	F7Sr1	AMPLICON	16S	F7Sr1_16S	F7Sr1 16S amplicon	F7Sr1_amp_lib1
PRJEB104209	PRJEB106069	ERS28393494	ERX15452926	ERR16062744	F7Sr2	AMPLICON	16S	F7Sr2_16S	F7Sr2 16S amplicon	F7Sr2_amp_lib1
PRJEB104209	PRJEB106069	ERS28393495	ERX15452927	ERR16062745	F7Sr3	AMPLICON	16S	F7Sr3_16S	F7Sr3 16S amplicon	F7Sr3_amp_lib1
PRJEB104209	PRJEB106069	ERS28393496	ERX15452928	ERR16062746	F7PRr1	AMPLICON	16S	F7PRr1_16S	F7PRr1 16S amplicon	F7PRr1_amp_lib1
PRJEB104209	PRJEB106069	ERS28393497	ERX15452929	ERR16062747	F7PRr2	AMPLICON	16S	F7PRr2_16S	F7PRr2 16S amplicon	F7PRr2_amp_lib1
PRJEB104209	PRJEB106069	ERS28393498	ERX15452930	ERR16062748	F7PRr3	AMPLICON	16S	F7PRr3_16S	F7PRr3 16S amplicon	F7PRr3_amp_lib1
PRJEB104209	PRJEB106069	ERS28393499	ERX15452931	ERR16062749	F8Dr1	AMPLICON	16S	F8Dr1_16S	F8Dr1 16S amplicon	F8Dr1_amp_lib1
PRJEB104209	PRJEB106069	ERS28393500	ERX15452932	ERR16062750	F8Dr2	AMPLICON	16S	F8Dr2_16S	F8Dr2 16S amplicon	F8Dr2_amp_lib1
PRJEB104209	PRJEB106069	ERS28393501	ERX15452933	ERR16062751	F8Dr3	AMPLICON	16S	F8Dr3_16S	F8Dr3 16S amplicon	F8Dr3_amp_lib1
PRJEB104209	PRJEB106069	ERS28393502	ERX15452934	ERR16062752	F8Sr1	AMPLICON	16S	F8Sr1_16S	F8Sr1 16S amplicon	F8Sr1_amp_lib1
PRJEB104209	PRJEB106069	ERS28393503	ERX15452935	ERR16062753	F8Sr2	AMPLICON	16S	F8Sr2_16S	F8Sr2 16S amplicon	F8Sr2_amp_lib1
PRJEB104209	PRJEB106069	ERS28393504	ERX15452936	ERR16062754	F8Sr3	AMPLICON	16S	F8Sr3_16S	F8Sr3 16S amplicon	F8Sr3_amp_lib1
PRJEB104209	PRJEB106069	ERS28393505	ERX15452937	ERR16062755	F8PRr1	AMPLICON	16S	F8PRr1_16S	F8PRr1 16S amplicon	F8PRr1_amp_lib1
PRJEB104209	PRJEB106069	ERS28393506	ERX15452938	ERR16062756	F8PRr2	AMPLICON	16S	F8PRr2_16S	F8PRr2 16S amplicon	F8PRr2_amp_lib1
PRJEB104209	PRJEB106069	ERS28393507	ERX15452939	ERR16062757	F8PRr3	AMPLICON	16S	F8PRr3_16S	F8PRr3 16S amplicon	F8PRr3_amp_lib1
PRJEB104209	PRJEB106069	ERS28393508	ERX15452940	ERR16062758	F9Dr1	AMPLICON	16S	F9Dr1_16S	F9Dr1 16S amplicon	F9Dr1_amp_lib1
PRJEB104209	PRJEB106069	ERS28393509	ERX15452941	ERR16062759	F9Dr2	AMPLICON	16S	F9Dr2_16S	F9Dr2 16S amplicon	F9Dr2_amp_lib1
PRJEB104209	PRJEB106069	ERS28393510	ERX15452942	ERR16062760	F9Dr3	AMPLICON	16S	F9Dr3_16S	F9Dr3 16S amplicon	F9Dr3_amp_lib1
PRJEB104209	PRJEB106069	ERS28393511	ERX15452943	ERR16062761	F9Sr1	AMPLICON	16S	F9Sr1_16S	F9Sr1 16S amplicon	F9Sr1_amp_lib1
PRJEB104209	PRJEB106069	ERS28393512	ERX15452944	ERR16062762	F9Sr2	AMPLICON	16S	F9Sr2_16S	F9Sr2 16S amplicon	F9Sr2_amp_lib1
PRJEB104209	PRJEB106069	ERS28393513	ERX15452945	ERR16062763	F9Sr3	AMPLICON	16S	F9Sr3_16S	F9Sr3 16S amplicon	F9Sr3_amp_lib1
PRJEB104209	PRJEB106069	ERS28393514	ERX15452946	ERR16062764	F9PRr1	AMPLICON	16S	F9PRr1_16S	F9PRr1 16S amplicon	F9PRr1_amp_lib1
PRJEB104209	PRJEB106069	ERS28393515	ERX15452947	ERR16062765	F9PRr2	AMPLICON	16S	F9PRr2_16S	F9PRr2 16S amplicon	F9PRr2_amp_lib1
PRJEB104209	PRJEB106069	ERS28393516	ERX15452948	ERR16062766	F9PRr3	AMPLICON	16S	F9PRr3_16S	F9PRr3 16S amplicon	F9PRr3_amp_lib1
PRJEB104209	PRJEB106069	ERS28393517	ERX15452949	ERR16062767	F10Dr1	AMPLICON	16S	F10Dr1_16S	F10Dr1 16S amplicon	F10Dr1_amp_lib1
PRJEB104209	PRJEB106069	ERS28393518	ERX15452950	ERR16062768	F10Dr2	AMPLICON	16S	F10Dr2_16S	F10Dr2 16S amplicon	F10Dr2_amp_lib1
PRJEB104209	PRJEB106069	ERS28393519	ERX15452951	ERR16062769	F10Dr3	AMPLICON	16S	F10Dr3_16S	F10Dr3 16S amplicon	F10Dr3_amp_lib1
PRJEB104209	PRJEB106069	ERS28393520	ERX15452952	ERR16062770	F10Sr1	AMPLICON	16S	F10Sr1_16S	F10Sr1 16S amplicon	F10Sr1_amp_lib1
PRJEB104209	PRJEB106069	ERS28393521	ERX15452953	ERR16062771	F10Sr2	AMPLICON	16S	F10Sr2_16S	F10Sr2 16S amplicon	F10Sr2_amp_lib1
PRJEB104209	PRJEB106069	ERS28393522	ERX15452954	ERR16062772	F10Sr3	AMPLICON	16S	F10Sr3_16S	F10Sr3 16S amplicon	F10Sr3_amp_lib1
PRJEB104209	PRJEB106069	ERS28393523	ERX15452955	ERR16062773	F10PRr1	AMPLICON	16S	F10PRr1_16S	F10PRr1 16S amplicon	F10PRr1_amp_lib1
PRJEB104209	PRJEB106069	ERS28393524	ERX15452956	ERR16062774	F10PRr2	AMPLICON	16S	F10PRr2_16S	F10PRr2 16S amplicon	F10PRr2_amp_lib1
PRJEB104209	PRJEB106069	ERS28393525	ERX15452957	ERR16062775	F11Dr1	AMPLICON	16S	F11Dr1_16S	F11Dr1 16S amplicon	F11Dr1_amp_lib1
PRJEB104209	PRJEB106069	ERS28393526	ERX15452958	ERR16062776	F11Dr2	AMPLICON	16S	F11Dr2_16S	F11Dr2 16S amplicon	F11Dr2_amp_lib1
PRJEB104209	PRJEB106069	ERS28393527	ERX15452959	ERR16062777	F11Dr3	AMPLICON	16S	F11Dr3_16S	F11Dr3 16S amplicon	F11Dr3_amp_lib1
PRJEB104209	PRJEB106069	ERS28393528	ERX15452960	ERR16062778	F11Sr1	AMPLICON	16S	F11Sr1_16S	F11Sr1 16S amplicon	F11Sr1_amp_lib1
PRJEB104209	PRJEB106069	ERS28393529	ERX15452961	ERR16062779	F11Sr2	AMPLICON	16S	F11Sr2_16S	F11Sr2 16S amplicon	F11Sr2_amp_lib1
PRJEB104209	PRJEB106069	ERS28393530	ERX15452962	ERR16062780	F11Sr3	AMPLICON	16S	F11Sr3_16S	F11Sr3 16S amplicon	F11Sr3_amp_lib1
PRJEB104209	PRJEB106069	ERS28393531	ERX15452963	ERR16062781	F11PRr1	AMPLICON	16S	F11PRr1_16S	F11PRr1 16S amplicon	F11PRr1_amp_lib1
PRJEB104209	PRJEB106069	ERS28393532	ERX15452964	ERR16062782	F11PRr2	AMPLICON	16S	F11PRr2_16S	F11PRr2 16S amplicon	F11PRr2_amp_lib1
PRJEB104209	PRJEB106069	ERS28393533	ERX15452965	ERR16062783	F11PRr3	AMPLICON	16S	F11PRr3_16S	F11PRr3 16S amplicon	F11PRr3_amp_lib1
PRJEB104209	PRJEB106069	ERS28393534	ERX15452966	ERR16062784	F12Dr1	AMPLICON	16S	F12Dr1_16S	F12Dr1 16S amplicon	F12Dr1_amp_lib1
PRJEB104209	PRJEB106069	ERS28393535	ERX15452967	ERR16062785	F12Dr2	AMPLICON	16S	F12Dr2_16S	F12Dr2 16S amplicon	F12Dr2_amp_lib1
PRJEB104209	PRJEB106069	ERS28393536	ERX15452968	ERR16062786	F12Sr2	AMPLICON	16S	F12Sr2_16S	F12Sr2 16S amplicon	F12Sr2_amp_lib1
PRJEB104209	PRJEB106069	ERS28393537	ERX15452969	ERR16062787	F12Sr3	AMPLICON	16S	F12Sr3_16S	F12Sr3 16S amplicon	F12Sr3_amp_lib1
PRJEB104209	PRJEB106069	ERS28393538	ERX15452970	ERR16062788	F12PRr1	AMPLICON	16S	F12PRr1_16S	F12PRr1 16S amplicon	F12PRr1_amp_lib1
PRJEB104209	PRJEB106069	ERS28393539	ERX15452971	ERR16062789	F12PRr2	AMPLICON	16S	F12PRr2_16S	F12PRr2 16S amplicon	F12PRr2_amp_lib1
PRJEB104209	PRJEB106069	ERS28393540	ERX15452972	ERR16062790	F12PRr3	AMPLICON	16S	F12PRr3_16S	F12PRr3 16S amplicon	F12PRr3_amp_lib1
PRJEB104209	PRJEB106069	ERS28393541	ERX15452973	ERR16062791	F13Dr1	AMPLICON	16S	F13Dr1_16S	F13Dr1 16S amplicon	F13Dr1_amp_lib1
PRJEB104209	PRJEB106069	ERS28393542	ERX15452974	ERR16062792	F13Dr2	AMPLICON	16S	F13Dr2_16S	F13Dr2 16S amplicon	F13Dr2_amp_lib1
PRJEB104209	PRJEB106069	ERS28393543	ERX15452975	ERR16062793	F13Dr3	AMPLICON	16S	F13Dr3_16S	F13Dr3 16S amplicon	F13Dr3_amp_lib1
PRJEB104209	PRJEB106069	ERS28393544	ERX15452976	ERR16062794	F13Sr1	AMPLICON	16S	F13Sr1_16S	F13Sr1 16S amplicon	F13Sr1_amp_lib1
PRJEB104209	PRJEB106069	ERS28393545	ERX15452977	ERR16062795	F13Sr2	AMPLICON	16S	F13Sr2_16S	F13Sr2 16S amplicon	F13Sr2_amp_lib1
PRJEB104209	PRJEB106069	ERS28393546	ERX15452978	ERR16062796	F13Sr3	AMPLICON	16S	F13Sr3_16S	F13Sr3 16S amplicon	F13Sr3_amp_lib1
PRJEB104209	PRJEB106069	ERS28393547	ERX15452979	ERR16062797	F13PRr1	AMPLICON	16S	F13PRr1_16S	F13PRr1 16S amplicon	F13PRr1_amp_lib1
PRJEB104209	PRJEB106069	ERS28393548	ERX15452980	ERR16062798	F13PRr2	AMPLICON	16S	F13PRr2_16S	F13PRr2 16S amplicon	F13PRr2_amp_lib1
PRJEB104209	PRJEB106069	ERS28393549	ERX15452981	ERR16062799	F13PRr3	AMPLICON	16S	F13PRr3_16S	F13PRr3 16S amplicon	F13PRr3_amp_lib1
PRJEB104209	PRJEB106069	ERS28393550	ERX15452982	ERR16062800	F14Dr1	AMPLICON	16S	F14Dr1_16S	F14Dr1 16S amplicon	F14Dr1_amp_lib1
PRJEB104209	PRJEB106069	ERS28393551	ERX15452983	ERR16062801	F14Dr2	AMPLICON	16S	F14Dr2_16S	F14Dr2 16S amplicon	F14Dr2_amp_lib1
PRJEB104209	PRJEB106069	ERS28393552	ERX15452984	ERR16062802	F14Dr3	AMPLICON	16S	F14Dr3_16S	F14Dr3 16S amplicon	F14Dr3_amp_lib1
PRJEB104209	PRJEB106069	ERS28393553	ERX15452985	ERR16062803	F14Sr1	AMPLICON	16S	F14Sr1_16S	F14Sr1 16S amplicon	F14Sr1_amp_lib1
PRJEB104209	PRJEB106069	ERS28393554	ERX15452986	ERR16062804	F14Sr2	AMPLICON	16S	F14Sr2_16S	F14Sr2 16S amplicon	F14Sr2_amp_lib1
PRJEB104209	PRJEB106069	ERS28393555	ERX15452987	ERR16062805	F14Sr3	AMPLICON	16S	F14Sr3_16S	F14Sr3 16S amplicon	F14Sr3_amp_lib1
PRJEB104209	PRJEB106069	ERS28393556	ERX15452988	ERR16062806	F14PRr1	AMPLICON	16S	F14PRr1_16S	F14PRr1 16S amplicon	F14PRr1_amp_lib1
PRJEB104209	PRJEB106069	ERS28393557	ERX15452989	ERR16062807	F14PRr2	AMPLICON	16S	F14PRr2_16S	F14PRr2 16S amplicon	F14PRr2_amp_lib1
PRJEB104209	PRJEB106069	ERS28393558	ERX15452990	ERR16062808	F14PRr3	AMPLICON	16S	F14PRr3_16S	F14PRr3 16S amplicon	F14PRr3_amp_lib1
PRJEB104209	PRJEB106069	ERS28393559	ERX15452991	ERR16062809	F15Dr1	AMPLICON	16S	F15Dr1_16S	F15Dr1 16S amplicon	F15Dr1_amp_lib1
PRJEB104209	PRJEB106069	ERS28393560	ERX15452992	ERR16062810	F15Dr2	AMPLICON	16S	F15Dr2_16S	F15Dr2 16S amplicon	F15Dr2_amp_lib1
PRJEB104209	PRJEB106069	ERS28393561	ERX15452993	ERR16062811	F15Dr3	AMPLICON	16S	F15Dr3_16S	F15Dr3 16S amplicon	F15Dr3_amp_lib1
PRJEB104209	PRJEB106069	ERS28393562	ERX15452994	ERR16062812	F15Sr1	AMPLICON	16S	F15Sr1_16S	F15Sr1 16S amplicon	F15Sr1_amp_lib1
PRJEB104209	PRJEB106069	ERS28393563	ERX15452995	ERR16062813	F15Sr2	AMPLICON	16S	F15Sr2_16S	F15Sr2 16S amplicon	F15Sr2_amp_lib1
PRJEB104209	PRJEB106069	ERS28393564	ERX15452996	ERR16062814	F15Sr3	AMPLICON	16S	F15Sr3_16S	F15Sr3 16S amplicon	F15Sr3_amp_lib1
PRJEB104209	PRJEB106069	ERS28393565	ERX15452997	ERR16062815	F15PRr1	AMPLICON	16S	F15PRr1_16S	F15PRr1 16S amplicon	F15PRr1_amp_lib1
PRJEB104209	PRJEB106069	ERS28393566	ERX15452998	ERR16062816	F15PRr2	AMPLICON	16S	F15PRr2_16S	F15PRr2 16S amplicon	F15PRr2_amp_lib1
PRJEB104209	PRJEB106069	ERS28393567	ERX15452999	ERR16062817	F15PRr3	AMPLICON	16S	F15PRr3_16S	F15PRr3 16S amplicon	F15PRr3_amp_lib1
PRJEB104209	PRJEB106069	ERS28393568	ERX15453000	ERR16062818	F16Dr1	AMPLICON	16S	F16Dr1_16S	F16Dr1 16S amplicon	F16Dr1_amp_lib1
PRJEB104209	PRJEB106069	ERS28393569	ERX15453001	ERR16062819	F16Dr2	AMPLICON	16S	F16Dr2_16S	F16Dr2 16S amplicon	F16Dr2_amp_lib1
PRJEB104209	PRJEB106069	ERS28393570	ERX15453002	ERR16062820	F16Dr3	AMPLICON	16S	F16Dr3_16S	F16Dr3 16S amplicon	F16Dr3_amp_lib1
PRJEB104209	PRJEB106069	ERS28393571	ERX15453003	ERR16062821	F16Sr1	AMPLICON	16S	F16Sr1_16S	F16Sr1 16S amplicon	F16Sr1_amp_lib1
PRJEB104209	PRJEB106069	ERS28393572	ERX15453004	ERR16062822	F16Sr2	AMPLICON	16S	F16Sr2_16S	F16Sr2 16S amplicon	F16Sr2_amp_lib1
PRJEB104209	PRJEB106069	ERS28393573	ERX15453005	ERR16062823	F16Sr3	AMPLICON	16S	F16Sr3_16S	F16Sr3 16S amplicon	F16Sr3_amp_lib1
PRJEB104209	PRJEB106069	ERS28393574	ERX15453006	ERR16062824	F16PRr1	AMPLICON	16S	F16PRr1_16S	F16PRr1 16S amplicon	F16PRr1_amp_lib1
PRJEB104209	PRJEB106069	ERS28393575	ERX15453007	ERR16062825	F16PRr2	AMPLICON	16S	F16PRr2_16S	F16PRr2 16S amplicon	F16PRr2_amp_lib1
PRJEB104209	PRJEB106069	ERS28393576	ERX15453008	ERR16062826	F16PRr3	AMPLICON	16S	F16PRr3_16S	F16PRr3 16S amplicon	F16PRr3_amp_lib1
PRJEB104209	PRJEB106069	ERS28393577	ERX15453009	ERR16062827	F17Dr1	AMPLICON	16S	F17Dr1_16S	F17Dr1 16S amplicon	F17Dr1_amp_lib1
PRJEB104209	PRJEB106069	ERS28393578	ERX15453010	ERR16062828	F17Dr2	AMPLICON	16S	F17Dr2_16S	F17Dr2 16S amplicon	F17Dr2_amp_lib1
PRJEB104209	PRJEB106069	ERS28393579	ERX15453011	ERR16062829	F17Dr3	AMPLICON	16S	F17Dr3_16S	F17Dr3 16S amplicon	F17Dr3_amp_lib1
PRJEB104209	PRJEB106069	ERS28393580	ERX15453012	ERR16062830	F17Sr1	AMPLICON	16S	F17Sr1_16S	F17Sr1 16S amplicon	F17Sr1_amp_lib1
PRJEB104209	PRJEB106069	ERS28393581	ERX15453013	ERR16062831	F17Sr2	AMPLICON	16S	F17Sr2_16S	F17Sr2 16S amplicon	F17Sr2_amp_lib1
PRJEB104209	PRJEB106069	ERS28393582	ERX15453014	ERR16062832	F17Sr3	AMPLICON	16S	F17Sr3_16S	F17Sr3 16S amplicon	F17Sr3_amp_lib1
PRJEB104209	PRJEB106069	ERS28393583	ERX15453015	ERR16062833	F17PRr1	AMPLICON	16S	F17PRr1_16S	F17PRr1 16S amplicon	F17PRr1_amp_lib1
PRJEB104209	PRJEB106069	ERS28393584	ERX15453016	ERR16062834	F17PRr2	AMPLICON	16S	F17PRr2_16S	F17PRr2 16S amplicon	F17PRr2_amp_lib1
PRJEB104209	PRJEB106069	ERS28393585	ERX15453017	ERR16062835	F17PRr3	AMPLICON	16S	F17PRr3_16S	F17PRr3 16S amplicon	F17PRr3_amp_lib1
PRJEB104209	PRJEB106069	ERS28393586	ERX15453018	ERR16062836	F18Dr1	AMPLICON	16S	F18Dr1_16S	F18Dr1 16S amplicon	F18Dr1_amp_lib1
PRJEB104209	PRJEB106069	ERS28393587	ERX15453019	ERR16062837	F18Dr2	AMPLICON	16S	F18Dr2_16S	F18Dr2 16S amplicon	F18Dr2_amp_lib1
PRJEB104209	PRJEB106069	ERS28393588	ERX15453020	ERR16062838	F18Dr3	AMPLICON	16S	F18Dr3_16S	F18Dr3 16S amplicon	F18Dr3_amp_lib1
PRJEB104209	PRJEB106069	ERS28393589	ERX15453021	ERR16062839	F18Sr1	AMPLICON	16S	F18Sr1_16S	F18Sr1 16S amplicon	F18Sr1_amp_lib1
PRJEB104209	PRJEB106069	ERS28393590	ERX15453022	ERR16062840	F18Sr2	AMPLICON	16S	F18Sr2_16S	F18Sr2 16S amplicon	F18Sr2_amp_lib1
PRJEB104209	PRJEB106069	ERS28393591	ERX15453023	ERR16062841	F18Sr3	AMPLICON	16S	F18Sr3_16S	F18Sr3 16S amplicon	F18Sr3_amp_lib1
PRJEB104209	PRJEB106069	ERS28393592	ERX15453024	ERR16062842	F18PRr1	AMPLICON	16S	F18PRr1_16S	F18PRr1 16S amplicon	F18PRr1_amp_lib1
PRJEB104209	PRJEB106069	ERS28393593	ERX15453025	ERR16062843	F18PRr2	AMPLICON	16S	F18PRr2_16S	F18PRr2 16S amplicon	F18PRr2_amp_lib1
PRJEB104209	PRJEB106069	ERS28393594	ERX15453026	ERR16062844	F18PRr3	AMPLICON	16S	F18PRr3_16S	F18PRr3 16S amplicon	F18PRr3_amp_lib1
PRJEB104209	PRJEB106069	ERS28393595	ERX15453027	ERR16062845	F19Dr1	AMPLICON	16S	F19Dr1_16S	F19Dr1 16S amplicon	F19Dr1_amp_lib1
PRJEB104209	PRJEB106069	ERS28393596	ERX15453028	ERR16062846	F19Dr2	AMPLICON	16S	F19Dr2_16S	F19Dr2 16S amplicon	F19Dr2_amp_lib1
PRJEB104209	PRJEB106069	ERS28393597	ERX15453029	ERR16062847	F19Dr3	AMPLICON	16S	F19Dr3_16S	F19Dr3 16S amplicon	F19Dr3_amp_lib1
PRJEB104209	PRJEB106069	ERS28393598	ERX15453030	ERR16062848	F19Sr1	AMPLICON	16S	F19Sr1_16S	F19Sr1 16S amplicon	F19Sr1_amp_lib1
PRJEB104209	PRJEB106069	ERS28393599	ERX15453031	ERR16062849	F19Sr2	AMPLICON	16S	F19Sr2_16S	F19Sr2 16S amplicon	F19Sr2_amp_lib1
PRJEB104209	PRJEB106069	ERS28393600	ERX15453032	ERR16062850	F19Sr3	AMPLICON	16S	F19Sr3_16S	F19Sr3 16S amplicon	F19Sr3_amp_lib1
PRJEB104209	PRJEB106069	ERS28393601	ERX15453033	ERR16062851	F19PRr1	AMPLICON	16S	F19PRr1_16S	F19PRr1 16S amplicon	F19PRr1_amp_lib1
PRJEB104209	PRJEB106069	ERS28393602	ERX15453034	ERR16062852	F19PRr2	AMPLICON	16S	F19PRr2_16S	F19PRr2 16S amplicon	F19PRr2_amp_lib1
PRJEB104209	PRJEB106069	ERS28393603	ERX15453035	ERR16062853	F19PRr3	AMPLICON	16S	F19PRr3_16S	F19PRr3 16S amplicon	F19PRr3_amp_lib1
PRJEB104209	PRJEB106069	ERS28393604	ERX15453036	ERR16062854	F20Dr1	AMPLICON	16S	F20Dr1_16S	F20Dr1 16S amplicon	F20Dr1_amp_lib1
PRJEB104209	PRJEB106069	ERS28393605	ERX15453037	ERR16062855	F20Dr2	AMPLICON	16S	F20Dr2_16S	F20Dr2 16S amplicon	F20Dr2_amp_lib1
PRJEB104209	PRJEB106069	ERS28393606	ERX15453038	ERR16062856	F20Dr3	AMPLICON	16S	F20Dr3_16S	F20Dr3 16S amplicon	F20Dr3_amp_lib1
PRJEB104209	PRJEB106069	ERS28393607	ERX15453039	ERR16062857	F20Sr2	AMPLICON	16S	F20Sr2_16S	F20Sr2 16S amplicon	F20Sr2_amp_lib1
PRJEB104209	PRJEB106069	ERS28393608	ERX15453040	ERR16062858	F20Sr3	AMPLICON	16S	F20Sr3_16S	F20Sr3 16S amplicon	F20Sr3_amp_lib1
PRJEB104209	PRJEB106069	ERS28393609	ERX15453041	ERR16062859	F20PRr1	AMPLICON	16S	F20PRr1_16S	F20PRr1 16S amplicon	F20PRr1_amp_lib1
PRJEB104209	PRJEB106069	ERS28393610	ERX15453042	ERR16062860	F20PRr2	AMPLICON	16S	F20PRr2_16S	F20PRr2 16S amplicon	F20PRr2_amp_lib1
PRJEB104209	PRJEB106069	ERS28393611	ERX15453043	ERR16062861	F20PRr3	AMPLICON	16S	F20PRr3_16S	F20PRr3 16S amplicon	F20PRr3_amp_lib1
PRJEB104209	PRJEB106069	ERS28393612	ERX15453044	ERR16062862	F21Dr1	AMPLICON	16S	F21Dr1_16S	F21Dr1 16S amplicon	F21Dr1_amp_lib1
PRJEB104209	PRJEB106069	ERS28393613	ERX15453045	ERR16062863	F21Dr2	AMPLICON	16S	F21Dr2_16S	F21Dr2 16S amplicon	F21Dr2_amp_lib1
PRJEB104209	PRJEB106069	ERS28393614	ERX15453046	ERR16062864	F21Dr3	AMPLICON	16S	F21Dr3_16S	F21Dr3 16S amplicon	F21Dr3_amp_lib1
PRJEB104209	PRJEB106069	ERS28393615	ERX15453047	ERR16062865	F21Sr1	AMPLICON	16S	F21Sr1_16S	F21Sr1 16S amplicon	F21Sr1_amp_lib1
PRJEB104209	PRJEB106069	ERS28393616	ERX15453048	ERR16062866	F21Sr2	AMPLICON	16S	F21Sr2_16S	F21Sr2 16S amplicon	F21Sr2_amp_lib1
PRJEB104209	PRJEB106069	ERS28393617	ERX15453049	ERR16062867	F21Sr3	AMPLICON	16S	F21Sr3_16S	F21Sr3 16S amplicon	F21Sr3_amp_lib1
PRJEB104209	PRJEB106069	ERS28393618	ERX15453050	ERR16062868	F21PRr1	AMPLICON	16S	F21PRr1_16S	F21PRr1 16S amplicon	F21PRr1_amp_lib1
PRJEB104209	PRJEB106069	ERS28393619	ERX15453051	ERR16062869	F21PRr2	AMPLICON	16S	F21PRr2_16S	F21PRr2 16S amplicon	F21PRr2_amp_lib1
PRJEB104209	PRJEB106069	ERS28393620	ERX15453052	ERR16062870	F21PRr3	AMPLICON	16S	F21PRr3_16S	F21PRr3 16S amplicon	F21PRr3_amp_lib1
PRJEB104209	PRJEB106069	ERS28393621	ERX15453053	ERR16062871	F22Dr1	AMPLICON	16S	F22Dr1_16S	F22Dr1 16S amplicon	F22Dr1_amp_lib1
PRJEB104209	PRJEB106069	ERS28393622	ERX15453054	ERR16062872	F22Dr2	AMPLICON	16S	F22Dr2_16S	F22Dr2 16S amplicon	F22Dr2_amp_lib1
PRJEB104209	PRJEB106069	ERS28393623	ERX15453055	ERR16062873	F22Dr3	AMPLICON	16S	F22Dr3_16S	F22Dr3 16S amplicon	F22Dr3_amp_lib1
PRJEB104209	PRJEB106069	ERS28393624	ERX15453056	ERR16062874	F22Sr1	AMPLICON	16S	F22Sr1_16S	F22Sr1 16S amplicon	F22Sr1_amp_lib1
PRJEB104209	PRJEB106069	ERS28393625	ERX15453057	ERR16062875	F22Sr2	AMPLICON	16S	F22Sr2_16S	F22Sr2 16S amplicon	F22Sr2_amp_lib1
PRJEB104209	PRJEB106069	ERS28393626	ERX15453058	ERR16062876	F22Sr3	AMPLICON	16S	F22Sr3_16S	F22Sr3 16S amplicon	F22Sr3_amp_lib1
PRJEB104209	PRJEB106069	ERS28393627	ERX15453059	ERR16062877	F22PRr1	AMPLICON	16S	F22PRr1_16S	F22PRr1 16S amplicon	F22PRr1_amp_lib1
PRJEB104209	PRJEB106069	ERS28393628	ERX15453060	ERR16062878	F22PRr2	AMPLICON	16S	F22PRr2_16S	F22PRr2 16S amplicon	F22PRr2_amp_lib1
PRJEB104209	PRJEB106069	ERS28393629	ERX15453061	ERR16062879	F22PRr3	AMPLICON	16S	F22PRr3_16S	F22PRr3 16S amplicon	F22PRr3_amp_lib1
PRJEB104209	PRJEB106069	ERS28393630	ERX15453062	ERR16062880	F23Dr1	AMPLICON	16S	F23Dr1_16S	F23Dr1 16S amplicon	F23Dr1_amp_lib1
PRJEB104209	PRJEB106069	ERS28393631	ERX15453063	ERR16062881	F23Dr2	AMPLICON	16S	F23Dr2_16S	F23Dr2 16S amplicon	F23Dr2_amp_lib1
PRJEB104209	PRJEB106069	ERS28393632	ERX15453064	ERR16062882	F23Dr3	AMPLICON	16S	F23Dr3_16S	F23Dr3 16S amplicon	F23Dr3_amp_lib1
PRJEB104209	PRJEB106069	ERS28393633	ERX15453065	ERR16062883	F23Sr1	AMPLICON	16S	F23Sr1_16S	F23Sr1 16S amplicon	F23Sr1_amp_lib1
PRJEB104209	PRJEB106069	ERS28393634	ERX15453066	ERR16062884	F23Sr2	AMPLICON	16S	F23Sr2_16S	F23Sr2 16S amplicon	F23Sr2_amp_lib1
PRJEB104209	PRJEB106069	ERS28393635	ERX15453067	ERR16062885	F23Sr3	AMPLICON	16S	F23Sr3_16S	F23Sr3 16S amplicon	F23Sr3_amp_lib1
PRJEB104209	PRJEB106069	ERS28393636	ERX15453068	ERR16062886	F23PRr1	AMPLICON	16S	F23PRr1_16S	F23PRr1 16S amplicon	F23PRr1_amp_lib1
PRJEB104209	PRJEB106069	ERS28393637	ERX15453069	ERR16062887	F23PRr2	AMPLICON	16S	F23PRr2_16S	F23PRr2 16S amplicon	F23PRr2_amp_lib1
PRJEB104209	PRJEB106069	ERS28393638	ERX15453070	ERR16062888	F23PRr3	AMPLICON	16S	F23PRr3_16S	F23PRr3 16S amplicon	F23PRr3_amp_lib1
PRJEB104209	PRJEB106069	ERS28393639	ERX15453071	ERR16062889	F24Dr1	AMPLICON	16S	F24Dr1_16S	F24Dr1 16S amplicon	F24Dr1_amp_lib1
PRJEB104209	PRJEB106069	ERS28393640	ERX15453072	ERR16062890	F24Dr2	AMPLICON	16S	F24Dr2_16S	F24Dr2 16S amplicon	F24Dr2_amp_lib1
PRJEB104209	PRJEB106069	ERS28393641	ERX15453073	ERR16062891	F24Sr1	AMPLICON	16S	F24Sr1_16S	F24Sr1 16S amplicon	F24Sr1_amp_lib1
PRJEB104209	PRJEB106069	ERS28393642	ERX15453074	ERR16062892	F24Sr2	AMPLICON	16S	F24Sr2_16S	F24Sr2 16S amplicon	F24Sr2_amp_lib1
PRJEB104209	PRJEB106069	ERS28393643	ERX15453075	ERR16062893	F24Sr3	AMPLICON	16S	F24Sr3_16S	F24Sr3 16S amplicon	F24Sr3_amp_lib1
PRJEB104209	PRJEB106069	ERS28393644	ERX15453076	ERR16062894	F24PRr1	AMPLICON	16S	F24PRr1_16S	F24PRr1 16S amplicon	F24PRr1_amp_lib1
PRJEB104209	PRJEB106069	ERS28393645	ERX15453077	ERR16062895	F24PRr2	AMPLICON	16S	F24PRr2_16S	F24PRr2 16S amplicon	F24PRr2_amp_lib1
PRJEB104209	PRJEB106069	ERS28393646	ERX15453078	ERR16062896	F24PRr3	AMPLICON	16S	F24PRr3_16S	F24PRr3 16S amplicon	F24PRr3_amp_lib1
PRJEB104209	PRJEB106069	ERS28393647	ERX15453079	ERR16062897	F25Dr1	AMPLICON	16S	F25Dr1_16S	F25Dr1 16S amplicon	F25Dr1_amp_lib1
PRJEB104209	PRJEB106069	ERS28393648	ERX15453080	ERR16062898	F25Dr2	AMPLICON	16S	F25Dr2_16S	F25Dr2 16S amplicon	F25Dr2_amp_lib1
PRJEB104209	PRJEB106069	ERS28393649	ERX15453081	ERR16062899	F25Dr3	AMPLICON	16S	F25Dr3_16S	F25Dr3 16S amplicon	F25Dr3_amp_lib1
PRJEB104209	PRJEB106069	ERS28393650	ERX15453082	ERR16062900	F25Sr1	AMPLICON	16S	F25Sr1_16S	F25Sr1 16S amplicon	F25Sr1_amp_lib1
PRJEB104209	PRJEB106069	ERS28393651	ERX15453083	ERR16062901	F25Sr2	AMPLICON	16S	F25Sr2_16S	F25Sr2 16S amplicon	F25Sr2_amp_lib1
PRJEB104209	PRJEB106069	ERS28393652	ERX15453084	ERR16062902	F25Sr3	AMPLICON	16S	F25Sr3_16S	F25Sr3 16S amplicon	F25Sr3_amp_lib1
PRJEB104209	PRJEB106069	ERS28393653	ERX15453085	ERR16062903	F25PRr1	AMPLICON	16S	F25PRr1_16S	F25PRr1 16S amplicon	F25PRr1_amp_lib1
PRJEB104209	PRJEB106069	ERS28393654	ERX15453086	ERR16062904	F25PRr2	AMPLICON	16S	F25PRr2_16S	F25PRr2 16S amplicon	F25PRr2_amp_lib1
PRJEB104209	PRJEB106069	ERS28393655	ERX15453087	ERR16062905	F25PRr3	AMPLICON	16S	F25PRr3_16S	F25PRr3 16S amplicon	F25PRr3_amp_lib1
PRJEB104209	PRJEB106069	ERS28393656	ERX15453088	ERR16062906	F26Dr1	AMPLICON	16S	F26Dr1_16S	F26Dr1 16S amplicon	F26Dr1_amp_lib1
PRJEB104209	PRJEB106069	ERS28393657	ERX15453089	ERR16062907	F26Dr3	AMPLICON	16S	F26Dr3_16S	F26Dr3 16S amplicon	F26Dr3_amp_lib1
PRJEB104209	PRJEB106069	ERS28393658	ERX15453090	ERR16062908	F26Sr1	AMPLICON	16S	F26Sr1_16S	F26Sr1 16S amplicon	F26Sr1_amp_lib1
PRJEB104209	PRJEB106069	ERS28393659	ERX15453091	ERR16062909	F26Sr3	AMPLICON	16S	F26Sr3_16S	F26Sr3 16S amplicon	F26Sr3_amp_lib1
PRJEB104209	PRJEB106069	ERS28393660	ERX15453092	ERR16062910	F26PRr1	AMPLICON	16S	F26PRr1_16S	F26PRr1 16S amplicon	F26PRr1_amp_lib1
PRJEB104209	PRJEB106069	ERS28393661	ERX15453093	ERR16062911	F26PRr2	AMPLICON	16S	F26PRr2_16S	F26PRr2 16S amplicon	F26PRr2_amp_lib1
PRJEB104209	PRJEB106069	ERS28393662	ERX15453094	ERR16062912	F26PRr3	AMPLICON	16S	F26PRr3_16S	F26PRr3 16S amplicon	F26PRr3_amp_lib1
PRJEB104209	PRJEB106069	ERS28393663	ERX15453095	ERR16062913	F27Dr1	AMPLICON	16S	F27Dr1_16S	F27Dr1 16S amplicon	F27Dr1_amp_lib1
PRJEB104209	PRJEB106069	ERS28393664	ERX15453096	ERR16062914	F27Dr2	AMPLICON	16S	F27Dr2_16S	F27Dr2 16S amplicon	F27Dr2_amp_lib1
PRJEB104209	PRJEB106069	ERS28393665	ERX15453097	ERR16062915	F27Sr1	AMPLICON	16S	F27Sr1_16S	F27Sr1 16S amplicon	F27Sr1_amp_lib1
PRJEB104209	PRJEB106069	ERS28393666	ERX15453098	ERR16062916	F27Sr2	AMPLICON	16S	F27Sr2_16S	F27Sr2 16S amplicon	F27Sr2_amp_lib1
PRJEB104209	PRJEB106069	ERS28393667	ERX15453099	ERR16062917	F27Sr3	AMPLICON	16S	F27Sr3_16S	F27Sr3 16S amplicon	F27Sr3_amp_lib1
PRJEB104209	PRJEB106069	ERS28393668	ERX15453100	ERR16062918	F27PRr1	AMPLICON	16S	F27PRr1_16S	F27PRr1 16S amplicon	F27PRr1_amp_lib1
PRJEB104209	PRJEB106069	ERS28393669	ERX15453101	ERR16062919	F27PRr2	AMPLICON	16S	F27PRr2_16S	F27PRr2 16S amplicon	F27PRr2_amp_lib1
PRJEB104209	PRJEB106069	ERS28393670	ERX15453102	ERR16062920	F27PRr3	AMPLICON	16S	F27PRr3_16S	F27PRr3 16S amplicon	F27PRr3_amp_lib1
PRJEB104209	PRJEB106069	ERS28393671	ERX15453103	ERR16062921	F28Dr1	AMPLICON	16S	F28Dr1_16S	F28Dr1 16S amplicon	F28Dr1_amp_lib1
PRJEB104209	PRJEB106069	ERS28393672	ERX15453104	ERR16062922	F28Dr2	AMPLICON	16S	F28Dr2_16S	F28Dr2 16S amplicon	F28Dr2_amp_lib1
PRJEB104209	PRJEB106069	ERS28393673	ERX15453105	ERR16062923	F28Dr3	AMPLICON	16S	F28Dr3_16S	F28Dr3 16S amplicon	F28Dr3_amp_lib1
PRJEB104209	PRJEB106069	ERS28393674	ERX15453106	ERR16062924	F28Sr1	AMPLICON	16S	F28Sr1_16S	F28Sr1 16S amplicon	F28Sr1_amp_lib1
PRJEB104209	PRJEB106069	ERS28393675	ERX15453107	ERR16062925	F28Sr2	AMPLICON	16S	F28Sr2_16S	F28Sr2 16S amplicon	F28Sr2_amp_lib1
PRJEB104209	PRJEB106069	ERS28393676	ERX15453108	ERR16062926	F28Sr3	AMPLICON	16S	F28Sr3_16S	F28Sr3 16S amplicon	F28Sr3_amp_lib1
PRJEB104209	PRJEB106069	ERS28393677	ERX15453109	ERR16062927	F28PRr1	AMPLICON	16S	F28PRr1_16S	F28PRr1 16S amplicon	F28PRr1_amp_lib1
PRJEB104209	PRJEB106069	ERS28393678	ERX15453110	ERR16062928	F28PRr2	AMPLICON	16S	F28PRr2_16S	F28PRr2 16S amplicon	F28PRr2_amp_lib1
PRJEB104209	PRJEB106069	ERS28393679	ERX15453111	ERR16062929	F28PRr3	AMPLICON	16S	F28PRr3_16S	F28PRr3 16S amplicon	F28PRr3_amp_lib1
PRJEB104209	PRJEB106069	ERS28393680	ERX15453112	ERR16062930	F29Dr1	AMPLICON	16S	F29Dr1_16S	F29Dr1 16S amplicon	F29Dr1_amp_lib1
PRJEB104209	PRJEB106069	ERS28393681	ERX15453113	ERR16062931	F29Dr2	AMPLICON	16S	F29Dr2_16S	F29Dr2 16S amplicon	F29Dr2_amp_lib1
PRJEB104209	PRJEB106069	ERS28393682	ERX15453114	ERR16062932	F29Dr3	AMPLICON	16S	F29Dr3_16S	F29Dr3 16S amplicon	F29Dr3_amp_lib1
PRJEB104209	PRJEB106069	ERS28393683	ERX15453115	ERR16062933	F29Sr1	AMPLICON	16S	F29Sr1_16S	F29Sr1 16S amplicon	F29Sr1_amp_lib1
PRJEB104209	PRJEB106069	ERS28393684	ERX15453116	ERR16062934	F29Sr2	AMPLICON	16S	F29Sr2_16S	F29Sr2 16S amplicon	F29Sr2_amp_lib1
PRJEB104209	PRJEB106069	ERS28393685	ERX15453117	ERR16062935	F29Sr3	AMPLICON	16S	F29Sr3_16S	F29Sr3 16S amplicon	F29Sr3_amp_lib1
PRJEB104209	PRJEB106069	ERS28393686	ERX15453118	ERR16062936	F29PRr1	AMPLICON	16S	F29PRr1_16S	F29PRr1 16S amplicon	F29PRr1_amp_lib1
PRJEB104209	PRJEB106069	ERS28393687	ERX15453119	ERR16062937	F29PRr2	AMPLICON	16S	F29PRr2_16S	F29PRr2 16S amplicon	F29PRr2_amp_lib1
PRJEB104209	PRJEB106069	ERS28393688	ERX15453120	ERR16062938	F29PRr3	AMPLICON	16S	F29PRr3_16S	F29PRr3 16S amplicon	F29PRr3_amp_lib1
PRJEB104209	PRJEB106069	ERS28393689	ERX15453121	ERR16062939	F30Dr1	AMPLICON	16S	F30Dr1_16S	F30Dr1 16S amplicon	F30Dr1_amp_lib1
PRJEB104209	PRJEB106069	ERS28393690	ERX15453122	ERR16062940	F30Dr2	AMPLICON	16S	F30Dr2_16S	F30Dr2 16S amplicon	F30Dr2_amp_lib1
PRJEB104209	PRJEB106069	ERS28393691	ERX15453123	ERR16062941	F30Dr3	AMPLICON	16S	F30Dr3_16S	F30Dr3 16S amplicon	F30Dr3_amp_lib1
PRJEB104209	PRJEB106069	ERS28393692	ERX15453124	ERR16062942	F30Sr1	AMPLICON	16S	F30Sr1_16S	F30Sr1 16S amplicon	F30Sr1_amp_lib1
PRJEB104209	PRJEB106069	ERS28393693	ERX15453125	ERR16062943	F30Sr2	AMPLICON	16S	F30Sr2_16S	F30Sr2 16S amplicon	F30Sr2_amp_lib1
PRJEB104209	PRJEB106069	ERS28393694	ERX15453126	ERR16062944	F30Sr3	AMPLICON	16S	F30Sr3_16S	F30Sr3 16S amplicon	F30Sr3_amp_lib1
PRJEB104209	PRJEB106069	ERS28393695	ERX15453127	ERR16062945	F30PRr1	AMPLICON	16S	F30PRr1_16S	F30PRr1 16S amplicon	F30PRr1_amp_lib1
PRJEB104209	PRJEB106069	ERS28393696	ERX15453128	ERR16062946	F30PRr2	AMPLICON	16S	F30PRr2_16S	F30PRr2 16S amplicon	F30PRr2_amp_lib1
PRJEB104209	PRJEB106069	ERS28393697	ERX15453129	ERR16062947	F30PRr3	AMPLICON	16S	F30PRr3_16S	F30PRr3 16S amplicon	F30PRr3_amp_lib1
PRJEB104209	PRJEB106069	ERS28393698	ERX15453130	ERR16062948	F31Dr1	AMPLICON	16S	F31Dr1_16S	F31Dr1 16S amplicon	F31Dr1_amp_lib1
PRJEB104209	PRJEB106069	ERS28393699	ERX15453131	ERR16062949	F31Dr2	AMPLICON	16S	F31Dr2_16S	F31Dr2 16S amplicon	F31Dr2_amp_lib1
PRJEB104209	PRJEB106069	ERS28393700	ERX15453132	ERR16062950	F31Sr2	AMPLICON	16S	F31Sr2_16S	F31Sr2 16S amplicon	F31Sr2_amp_lib1
PRJEB104209	PRJEB106069	ERS28393701	ERX15453133	ERR16062951	F31Sr3	AMPLICON	16S	F31Sr3_16S	F31Sr3 16S amplicon	F31Sr3_amp_lib1
PRJEB104209	PRJEB106069	ERS28393702	ERX15453134	ERR16062952	F31PRr1	AMPLICON	16S	F31PRr1_16S	F31PRr1 16S amplicon	F31PRr1_amp_lib1
PRJEB104209	PRJEB106069	ERS28393703	ERX15453135	ERR16062953	F31PRr2	AMPLICON	16S	F31PRr2_16S	F31PRr2 16S amplicon	F31PRr2_amp_lib1
PRJEB104209	PRJEB106069	ERS28393704	ERX15453136	ERR16062954	F31PRr3	AMPLICON	16S	F31PRr3_16S	F31PRr3 16S amplicon	F31PRr3_amp_lib1
PRJEB104209	PRJEB106069	ERS28393705	ERX15453137	ERR16062955	F32Dr1	AMPLICON	16S	F32Dr1_16S	F32Dr1 16S amplicon	F32Dr1_amp_lib1
PRJEB104209	PRJEB106069	ERS28393706	ERX15453138	ERR16062956	F32Dr2	AMPLICON	16S	F32Dr2_16S	F32Dr2 16S amplicon	F32Dr2_amp_lib1
PRJEB104209	PRJEB106069	ERS28393707	ERX15453139	ERR16062957	F32Dr3	AMPLICON	16S	F32Dr3_16S	F32Dr3 16S amplicon	F32Dr3_amp_lib1
PRJEB104209	PRJEB106069	ERS28393708	ERX15453140	ERR16062958	F32Sr1	AMPLICON	16S	F32Sr1_16S	F32Sr1 16S amplicon	F32Sr1_amp_lib1
PRJEB104209	PRJEB106069	ERS28393709	ERX15453141	ERR16062959	F32Sr2	AMPLICON	16S	F32Sr2_16S	F32Sr2 16S amplicon	F32Sr2_amp_lib1
PRJEB104209	PRJEB106069	ERS28393710	ERX15453142	ERR16062960	F32Sr3	AMPLICON	16S	F32Sr3_16S	F32Sr3 16S amplicon	F32Sr3_amp_lib1
PRJEB104209	PRJEB106069	ERS28393711	ERX15453143	ERR16062961	F32PRr1	AMPLICON	16S	F32PRr1_16S	F32PRr1 16S amplicon	F32PRr1_amp_lib1
PRJEB104209	PRJEB106069	ERS28393712	ERX15453144	ERR16062962	F32PRr2	AMPLICON	16S	F32PRr2_16S	F32PRr2 16S amplicon	F32PRr2_amp_lib1
PRJEB104209	PRJEB106069	ERS28393713	ERX15453145	ERR16062963	F32PRr3	AMPLICON	16S	F32PRr3_16S	F32PRr3 16S amplicon	F32PRr3_amp_lib1
PRJEB104209	PRJEB106069	ERS28393714	ERX15453146	ERR16062964	F33Dr1	AMPLICON	16S	F33Dr1_16S	F33Dr1 16S amplicon	F33Dr1_amp_lib1
PRJEB104209	PRJEB106069	ERS28393715	ERX15453147	ERR16062965	F33Dr2	AMPLICON	16S	F33Dr2_16S	F33Dr2 16S amplicon	F33Dr2_amp_lib1
PRJEB104209	PRJEB106069	ERS28393716	ERX15453148	ERR16062966	F33Dr3	AMPLICON	16S	F33Dr3_16S	F33Dr3 16S amplicon	F33Dr3_amp_lib1
PRJEB104209	PRJEB106069	ERS28393717	ERX15453149	ERR16062967	F33Sr1	AMPLICON	16S	F33Sr1_16S	F33Sr1 16S amplicon	F33Sr1_amp_lib1
PRJEB104209	PRJEB106069	ERS28393718	ERX15453150	ERR16062968	F33Sr2	AMPLICON	16S	F33Sr2_16S	F33Sr2 16S amplicon	F33Sr2_amp_lib1
PRJEB104209	PRJEB106069	ERS28393719	ERX15453151	ERR16062969	F33Sr3	AMPLICON	16S	F33Sr3_16S	F33Sr3 16S amplicon	F33Sr3_amp_lib1
PRJEB104209	PRJEB106069	ERS28393720	ERX15453152	ERR16062970	F33PRr2	AMPLICON	16S	F33PRr2_16S	F33PRr2 16S amplicon	F33PRr2_amp_lib1
PRJEB104209	PRJEB106069	ERS28393721	ERX15453153	ERR16062971	F33PRr3	AMPLICON	16S	F33PRr3_16S	F33PRr3 16S amplicon	F33PRr3_amp_lib1
PRJEB104209	PRJEB106069	ERS28393722	ERX15453154	ERR16062972	F34Dr1	AMPLICON	16S	F34Dr1_16S	F34Dr1 16S amplicon	F34Dr1_amp_lib1
PRJEB104209	PRJEB106069	ERS28393723	ERX15453155	ERR16062973	F34Dr2	AMPLICON	16S	F34Dr2_16S	F34Dr2 16S amplicon	F34Dr2_amp_lib1
PRJEB104209	PRJEB106069	ERS28393724	ERX15453156	ERR16062974	F34Dr3	AMPLICON	16S	F34Dr3_16S	F34Dr3 16S amplicon	F34Dr3_amp_lib1
PRJEB104209	PRJEB106069	ERS28393725	ERX15453157	ERR16062975	F34Sr1	AMPLICON	16S	F34Sr1_16S	F34Sr1 16S amplicon	F34Sr1_amp_lib1
PRJEB104209	PRJEB106069	ERS28393726	ERX15453158	ERR16062976	F34Sr2	AMPLICON	16S	F34Sr2_16S	F34Sr2 16S amplicon	F34Sr2_amp_lib1
PRJEB104209	PRJEB106069	ERS28393727	ERX15453159	ERR16062977	F34Sr3	AMPLICON	16S	F34Sr3_16S	F34Sr3 16S amplicon	F34Sr3_amp_lib1
PRJEB104209	PRJEB106069	ERS28393728	ERX15453160	ERR16062978	F34PRr1	AMPLICON	16S	F34PRr1_16S	F34PRr1 16S amplicon	F34PRr1_amp_lib1
PRJEB104209	PRJEB106069	ERS28393729	ERX15453161	ERR16062979	F34PRr2	AMPLICON	16S	F34PRr2_16S	F34PRr2 16S amplicon	F34PRr2_amp_lib1
PRJEB104209	PRJEB106069	ERS28393730	ERX15453162	ERR16062980	F34PRr3	AMPLICON	16S	F34PRr3_16S	F34PRr3 16S amplicon	F34PRr3_amp_lib1
PRJEB104209	PRJEB106069	ERS28393731	ERX15453163	ERR16062981	F35Dr1	AMPLICON	16S	F35Dr1_16S	F35Dr1 16S amplicon	F35Dr1_amp_lib1
PRJEB104209	PRJEB106069	ERS28393732	ERX15453164	ERR16062982	F35Dr2	AMPLICON	16S	F35Dr2_16S	F35Dr2 16S amplicon	F35Dr2_amp_lib1
PRJEB104209	PRJEB106069	ERS28393733	ERX15453165	ERR16062983	F35Dr3	AMPLICON	16S	F35Dr3_16S	F35Dr3 16S amplicon	F35Dr3_amp_lib1
PRJEB104209	PRJEB106069	ERS28393734	ERX15453166	ERR16062984	F35Sr1	AMPLICON	16S	F35Sr1_16S	F35Sr1 16S amplicon	F35Sr1_amp_lib1
PRJEB104209	PRJEB106069	ERS28393735	ERX15453167	ERR16062985	F35Sr2	AMPLICON	16S	F35Sr2_16S	F35Sr2 16S amplicon	F35Sr2_amp_lib1
PRJEB104209	PRJEB106069	ERS28393736	ERX15453168	ERR16062986	F35Sr3	AMPLICON	16S	F35Sr3_16S	F35Sr3 16S amplicon	F35Sr3_amp_lib1
PRJEB104209	PRJEB106069	ERS28393737	ERX15453169	ERR16062987	F35PRr1	AMPLICON	16S	F35PRr1_16S	F35PRr1 16S amplicon	F35PRr1_amp_lib1
PRJEB104209	PRJEB106069	ERS28393738	ERX15453170	ERR16062988	F35PRr2	AMPLICON	16S	F35PRr2_16S	F35PRr2 16S amplicon	F35PRr2_amp_lib1
PRJEB104209	PRJEB106069	ERS28393739	ERX15453171	ERR16062989	F35PRr3	AMPLICON	16S	F35PRr3_16S	F35PRr3 16S amplicon	F35PRr3_amp_lib1
PRJEB104209	PRJEB106069	ERS28393740	ERX15453172	ERR16062990	F36Dr1	AMPLICON	16S	F36Dr1_16S	F36Dr1 16S amplicon	F36Dr1_amp_lib1
PRJEB104209	PRJEB106069	ERS28393741	ERX15453173	ERR16062991	F36Dr2	AMPLICON	16S	F36Dr2_16S	F36Dr2 16S amplicon	F36Dr2_amp_lib1
PRJEB104209	PRJEB106069	ERS28393742	ERX15453174	ERR16062992	F36Dr3	AMPLICON	16S	F36Dr3_16S	F36Dr3 16S amplicon	F36Dr3_amp_lib1
PRJEB104209	PRJEB106069	ERS28393743	ERX15453175	ERR16062993	F36Sr1	AMPLICON	16S	F36Sr1_16S	F36Sr1 16S amplicon	F36Sr1_amp_lib1
PRJEB104209	PRJEB106069	ERS28393744	ERX15453176	ERR16062994	F36Sr2	AMPLICON	16S	F36Sr2_16S	F36Sr2 16S amplicon	F36Sr2_amp_lib1
PRJEB104209	PRJEB106069	ERS28393745	ERX15453177	ERR16062995	F36PRr1	AMPLICON	16S	F36PRr1_16S	F36PRr1 16S amplicon	F36PRr1_amp_lib1
PRJEB104209	PRJEB106069	ERS28393746	ERX15453178	ERR16062996	F36PRr2	AMPLICON	16S	F36PRr2_16S	F36PRr2 16S amplicon	F36PRr2_amp_lib1
PRJEB104209	PRJEB106069	ERS28393747	ERX15453179	ERR16062997	F36PRr3	AMPLICON	16S	F36PRr3_16S	F36PRr3 16S amplicon	F36PRr3_amp_lib1
PRJEB104209	PRJEB106069	ERS28393748	ERX15453180	ERR16062998	F37Dr1	AMPLICON	16S	F37Dr1_16S	F37Dr1 16S amplicon	F37Dr1_amp_lib1
PRJEB104209	PRJEB106069	ERS28393749	ERX15453181	ERR16062999	F37Dr2	AMPLICON	16S	F37Dr2_16S	F37Dr2 16S amplicon	F37Dr2_amp_lib1
PRJEB104209	PRJEB106069	ERS28393750	ERX15453182	ERR16063000	F37Dr3	AMPLICON	16S	F37Dr3_16S	F37Dr3 16S amplicon	F37Dr3_amp_lib1
PRJEB104209	PRJEB106069	ERS28393751	ERX15453183	ERR16063001	F37Sr1	AMPLICON	16S	F37Sr1_16S	F37Sr1 16S amplicon	F37Sr1_amp_lib1
PRJEB104209	PRJEB106069	ERS28393752	ERX15453184	ERR16063002	F37Sr2	AMPLICON	16S	F37Sr2_16S	F37Sr2 16S amplicon	F37Sr2_amp_lib1
PRJEB104209	PRJEB106069	ERS28393753	ERX15453185	ERR16063003	F37Sr3	AMPLICON	16S	F37Sr3_16S	F37Sr3 16S amplicon	F37Sr3_amp_lib1
PRJEB104209	PRJEB106069	ERS28393754	ERX15453186	ERR16063004	F37PRr1	AMPLICON	16S	F37PRr1_16S	F37PRr1 16S amplicon	F37PRr1_amp_lib1
PRJEB104209	PRJEB106069	ERS28393755	ERX15453187	ERR16063005	F37PRr2	AMPLICON	16S	F37PRr2_16S	F37PRr2 16S amplicon	F37PRr2_amp_lib1
PRJEB104209	PRJEB106069	ERS28393756	ERX15453188	ERR16063006	F37PRr3	AMPLICON	16S	F37PRr3_16S	F37PRr3 16S amplicon	F37PRr3_amp_lib1
PRJEB104209	PRJEB106069	ERS28393757	ERX15453189	ERR16063007	F38Dr2	AMPLICON	16S	F38Dr2_16S	F38Dr2 16S amplicon	F38Dr2_amp_lib1
PRJEB104209	PRJEB106069	ERS28393758	ERX15453190	ERR16063008	F38Dr3	AMPLICON	16S	F38Dr3_16S	F38Dr3 16S amplicon	F38Dr3_amp_lib1
PRJEB104209	PRJEB106069	ERS28393759	ERX15453191	ERR16063009	F38Sr1	AMPLICON	16S	F38Sr1_16S	F38Sr1 16S amplicon	F38Sr1_amp_lib1
PRJEB104209	PRJEB106069	ERS28393760	ERX15453192	ERR16063010	F38Sr2	AMPLICON	16S	F38Sr2_16S	F38Sr2 16S amplicon	F38Sr2_amp_lib1
PRJEB104209	PRJEB106069	ERS28393761	ERX15453193	ERR16063011	F38Sr3	AMPLICON	16S	F38Sr3_16S	F38Sr3 16S amplicon	F38Sr3_amp_lib1
PRJEB104209	PRJEB106069	ERS28393762	ERX15453194	ERR16063012	F38PRr1	AMPLICON	16S	F38PRr1_16S	F38PRr1 16S amplicon	F38PRr1_amp_lib1
PRJEB104209	PRJEB106069	ERS28393763	ERX15453195	ERR16063013	F38PRr2	AMPLICON	16S	F38PRr2_16S	F38PRr2 16S amplicon	F38PRr2_amp_lib1
PRJEB104209	PRJEB106069	ERS28393764	ERX15453196	ERR16063014	F38PRr3	AMPLICON	16S	F38PRr3_16S	F38PRr3 16S amplicon	F38PRr3_amp_lib1
PRJEB104209	PRJEB106069	ERS28393765	ERX15453197	ERR16063015	F39Dr2	AMPLICON	16S	F39Dr2_16S	F39Dr2 16S amplicon	F39Dr2_amp_lib1
PRJEB104209	PRJEB106069	ERS28393766	ERX15453198	ERR16063016	F39Dr3	AMPLICON	16S	F39Dr3_16S	F39Dr3 16S amplicon	F39Dr3_amp_lib1
PRJEB104209	PRJEB106069	ERS28393767	ERX15453199	ERR16063017	F39Sr1	AMPLICON	16S	F39Sr1_16S	F39Sr1 16S amplicon	F39Sr1_amp_lib1
PRJEB104209	PRJEB106069	ERS28393768	ERX15453200	ERR16063018	F39Sr2	AMPLICON	16S	F39Sr2_16S	F39Sr2 16S amplicon	F39Sr2_amp_lib1
PRJEB104209	PRJEB106069	ERS28393769	ERX15453201	ERR16063019	F39Sr3	AMPLICON	16S	F39Sr3_16S	F39Sr3 16S amplicon	F39Sr3_amp_lib1
PRJEB104209	PRJEB106069	ERS28393770	ERX15453202	ERR16063020	F39PRr1	AMPLICON	16S	F39PRr1_16S	F39PRr1 16S amplicon	F39PRr1_amp_lib1
PRJEB104209	PRJEB106069	ERS28393771	ERX15453203	ERR16063021	F39PRr3	AMPLICON	16S	F39PRr3_16S	F39PRr3 16S amplicon	F39PRr3_amp_lib1
PRJEB104209	PRJEB106069	ERS28393772	ERX15453204	ERR16063022	F40Dr1	AMPLICON	16S	F40Dr1_16S	F40Dr1 16S amplicon	F40Dr1_amp_lib1
PRJEB104209	PRJEB106069	ERS28393773	ERX15453205	ERR16063023	F40Dr2	AMPLICON	16S	F40Dr2_16S	F40Dr2 16S amplicon	F40Dr2_amp_lib1
PRJEB104209	PRJEB106069	ERS28393774	ERX15453206	ERR16063024	F40Dr3	AMPLICON	16S	F40Dr3_16S	F40Dr3 16S amplicon	F40Dr3_amp_lib1
PRJEB104209	PRJEB106069	ERS28393775	ERX15453207	ERR16063025	F40Sr1	AMPLICON	16S	F40Sr1_16S	F40Sr1 16S amplicon	F40Sr1_amp_lib1
PRJEB104209	PRJEB106069	ERS28393776	ERX15453208	ERR16063026	F40Sr2	AMPLICON	16S	F40Sr2_16S	F40Sr2 16S amplicon	F40Sr2_amp_lib1
PRJEB104209	PRJEB106069	ERS28393777	ERX15453209	ERR16063027	F40Sr3	AMPLICON	16S	F40Sr3_16S	F40Sr3 16S amplicon	F40Sr3_amp_lib1
PRJEB104209	PRJEB106069	ERS28393778	ERX15453210	ERR16063028	F40PRr1	AMPLICON	16S	F40PRr1_16S	F40PRr1 16S amplicon	F40PRr1_amp_lib1
PRJEB104209	PRJEB106069	ERS28393779	ERX15453211	ERR16063029	F40PRr2	AMPLICON	16S	F40PRr2_16S	F40PRr2 16S amplicon	F40PRr2_amp_lib1
PRJEB104209	PRJEB106069	ERS28393780	ERX15453212	ERR16063030	F40PRr3	AMPLICON	16S	F40PRr3_16S	F40PRr3 16S amplicon	F40PRr3_amp_lib1
PRJEB104209	PRJEB106069	ERS28393781	ERX15453213	ERR16063031	F41Dr3	AMPLICON	16S	F41Dr3_16S	F41Dr3 16S amplicon	F41Dr3_amp_lib1
PRJEB104209	PRJEB106069	ERS28393782	ERX15453214	ERR16063032	F41PRr1	AMPLICON	16S	F41PRr1_16S	F41PRr1 16S amplicon	F41PRr1_amp_lib1
PRJEB104209	PRJEB106069	ERS28393783	ERX15453215	ERR16063033	F41PRr2	AMPLICON	16S	F41PRr2_16S	F41PRr2 16S amplicon	F41PRr2_amp_lib1
PRJEB104209	PRJEB106069	ERS28393784	ERX15453216	ERR16063034	F42Dr1	AMPLICON	16S	F42Dr1_16S	F42Dr1 16S amplicon	F42Dr1_amp_lib1
PRJEB104209	PRJEB106069	ERS28393785	ERX15453217	ERR16063035	F42Dr2	AMPLICON	16S	F42Dr2_16S	F42Dr2 16S amplicon	F42Dr2_amp_lib1
PRJEB104209	PRJEB106069	ERS28393786	ERX15453218	ERR16063036	F42Dr3	AMPLICON	16S	F42Dr3_16S	F42Dr3 16S amplicon	F42Dr3_amp_lib1
PRJEB104209	PRJEB106069	ERS28393787	ERX15453219	ERR16063037	F42Sr1	AMPLICON	16S	F42Sr1_16S	F42Sr1 16S amplicon	F42Sr1_amp_lib1
PRJEB104209	PRJEB106069	ERS28393788	ERX15453220	ERR16063038	F42Sr2	AMPLICON	16S	F42Sr2_16S	F42Sr2 16S amplicon	F42Sr2_amp_lib1
PRJEB104209	PRJEB106069	ERS28393789	ERX15453221	ERR16063039	F42Sr3	AMPLICON	16S	F42Sr3_16S	F42Sr3 16S amplicon	F42Sr3_amp_lib1
PRJEB104209	PRJEB106069	ERS28393790	ERX15453222	ERR16063040	F42PRr1	AMPLICON	16S	F42PRr1_16S	F42PRr1 16S amplicon	F42PRr1_amp_lib1
PRJEB104209	PRJEB106069	ERS28393791	ERX15453223	ERR16063041	F42PRr2	AMPLICON	16S	F42PRr2_16S	F42PRr2 16S amplicon	F42PRr2_amp_lib1
PRJEB104209	PRJEB106069	ERS28393792	ERX15453224	ERR16063042	F42PRr3	AMPLICON	16S	F42PRr3_16S	F42PRr3 16S amplicon	F42PRr3_amp_lib1
PRJEB104209	PRJEB106069	ERS28393793	ERX15453225	ERR16063043	F43Dr1	AMPLICON	16S	F43Dr1_16S	F43Dr1 16S amplicon	F43Dr1_amp_lib1
PRJEB104209	PRJEB106069	ERS28393794	ERX15453226	ERR16063044	F43Dr2	AMPLICON	16S	F43Dr2_16S	F43Dr2 16S amplicon	F43Dr2_amp_lib1
PRJEB104209	PRJEB106069	ERS28393795	ERX15453227	ERR16063045	F43Dr3	AMPLICON	16S	F43Dr3_16S	F43Dr3 16S amplicon	F43Dr3_amp_lib1
PRJEB104209	PRJEB106069	ERS28393796	ERX15453228	ERR16063046	F43Sr1	AMPLICON	16S	F43Sr1_16S	F43Sr1 16S amplicon	F43Sr1_amp_lib1
PRJEB104209	PRJEB106069	ERS28393797	ERX15453229	ERR16063047	F43Sr2	AMPLICON	16S	F43Sr2_16S	F43Sr2 16S amplicon	F43Sr2_amp_lib1
PRJEB104209	PRJEB106069	ERS28393798	ERX15453230	ERR16063048	F43Sr3	AMPLICON	16S	F43Sr3_16S	F43Sr3 16S amplicon	F43Sr3_amp_lib1
PRJEB104209	PRJEB106069	ERS28393799	ERX15453231	ERR16063049	F43PRr1	AMPLICON	16S	F43PRr1_16S	F43PRr1 16S amplicon	F43PRr1_amp_lib1
PRJEB104209	PRJEB106069	ERS28393800	ERX15453232	ERR16063050	F43PRr2	AMPLICON	16S	F43PRr2_16S	F43PRr2 16S amplicon	F43PRr2_amp_lib1
PRJEB104209	PRJEB106069	ERS28393801	ERX15453233	ERR16063051	F43PRr3	AMPLICON	16S	F43PRr3_16S	F43PRr3 16S amplicon	F43PRr3_amp_lib1
PRJEB104209	PRJEB106069	ERS28393802	ERX15453234	ERR16063052	F44Dr1	AMPLICON	16S	F44Dr1_16S	F44Dr1 16S amplicon	F44Dr1_amp_lib1
PRJEB104209	PRJEB106069	ERS28393803	ERX15453235	ERR16063053	F44Dr2	AMPLICON	16S	F44Dr2_16S	F44Dr2 16S amplicon	F44Dr2_amp_lib1
PRJEB104209	PRJEB106069	ERS28393804	ERX15453236	ERR16063054	F44Dr3	AMPLICON	16S	F44Dr3_16S	F44Dr3 16S amplicon	F44Dr3_amp_lib1
PRJEB104209	PRJEB106069	ERS28393805	ERX15453237	ERR16063055	F44Sr1	AMPLICON	16S	F44Sr1_16S	F44Sr1 16S amplicon	F44Sr1_amp_lib1
PRJEB104209	PRJEB106069	ERS28393806	ERX15453238	ERR16063056	F44Sr2	AMPLICON	16S	F44Sr2_16S	F44Sr2 16S amplicon	F44Sr2_amp_lib1
PRJEB104209	PRJEB106069	ERS28393807	ERX15453239	ERR16063057	F44Sr3	AMPLICON	16S	F44Sr3_16S	F44Sr3 16S amplicon	F44Sr3_amp_lib1
PRJEB104209	PRJEB106069	ERS28393808	ERX15453240	ERR16063058	F44PRr1	AMPLICON	16S	F44PRr1_16S	F44PRr1 16S amplicon	F44PRr1_amp_lib1
PRJEB104209	PRJEB106069	ERS28393809	ERX15453241	ERR16063059	F44PRr2	AMPLICON	16S	F44PRr2_16S	F44PRr2 16S amplicon	F44PRr2_amp_lib1
PRJEB104209	PRJEB106069	ERS28393810	ERX15453242	ERR16063060	F44PRr3	AMPLICON	16S	F44PRr3_16S	F44PRr3 16S amplicon	F44PRr3_amp_lib1
PRJEB104209	PRJEB106069	ERS28393811	ERX15453243	ERR16063061	F45Dr1	AMPLICON	16S	F45Dr1_16S	F45Dr1 16S amplicon	F45Dr1_amp_lib1
PRJEB104209	PRJEB106069	ERS28393812	ERX15453244	ERR16063062	F45Dr2	AMPLICON	16S	F45Dr2_16S	F45Dr2 16S amplicon	F45Dr2_amp_lib1
PRJEB104209	PRJEB106069	ERS28393813	ERX15453245	ERR16063063	F45Dr3	AMPLICON	16S	F45Dr3_16S	F45Dr3 16S amplicon	F45Dr3_amp_lib1
PRJEB104209	PRJEB106069	ERS28393814	ERX15453246	ERR16063064	F45Sr1	AMPLICON	16S	F45Sr1_16S	F45Sr1 16S amplicon	F45Sr1_amp_lib1
PRJEB104209	PRJEB106069	ERS28393815	ERX15453247	ERR16063065	F45Sr2	AMPLICON	16S	F45Sr2_16S	F45Sr2 16S amplicon	F45Sr2_amp_lib1
PRJEB104209	PRJEB106069	ERS28393816	ERX15453248	ERR16063066	F45Sr3	AMPLICON	16S	F45Sr3_16S	F45Sr3 16S amplicon	F45Sr3_amp_lib1
PRJEB104209	PRJEB106069	ERS28393817	ERX15453249	ERR16063067	F45PRr1	AMPLICON	16S	F45PRr1_16S	F45PRr1 16S amplicon	F45PRr1_amp_lib1
PRJEB104209	PRJEB106069	ERS28393818	ERX15453250	ERR16063068	F45PRr2	AMPLICON	16S	F45PRr2_16S	F45PRr2 16S amplicon	F45PRr2_amp_lib1
PRJEB104209	PRJEB106069	ERS28393819	ERX15453251	ERR16063069	F45PRr3	AMPLICON	16S	F45PRr3_16S	F45PRr3 16S amplicon	F45PRr3_amp_lib1
PRJEB104209	PRJEB106069	ERS28393820	ERX15453252	ERR16063070	F46Dr1	AMPLICON	16S	F46Dr1_16S	F46Dr1 16S amplicon	F46Dr1_amp_lib1
PRJEB104209	PRJEB106069	ERS28393821	ERX15453253	ERR16063071	F46Sr2	AMPLICON	16S	F46Sr2_16S	F46Sr2 16S amplicon	F46Sr2_amp_lib1
PRJEB104209	PRJEB106069	ERS28393822	ERX15453254	ERR16063072	F47Dr1	AMPLICON	16S	F47Dr1_16S	F47Dr1 16S amplicon	F47Dr1_amp_lib1
PRJEB104209	PRJEB106069	ERS28393823	ERX15453255	ERR16063073	F47Dr3	AMPLICON	16S	F47Dr3_16S	F47Dr3 16S amplicon	F47Dr3_amp_lib1
PRJEB104209	PRJEB106069	ERS28393824	ERX15453256	ERR16063074	F47Sr3	AMPLICON	16S	F47Sr3_16S	F47Sr3 16S amplicon	F47Sr3_amp_lib1
PRJEB104209	PRJEB106069	ERS28393825	ERX15453257	ERR16063075	F47PRr1	AMPLICON	16S	F47PRr1_16S	F47PRr1 16S amplicon	F47PRr1_amp_lib1
PRJEB104209	PRJEB106069	ERS28393826	ERX15453258	ERR16063076	F47PRr2	AMPLICON	16S	F47PRr2_16S	F47PRr2 16S amplicon	F47PRr2_amp_lib1
PRJEB104209	PRJEB106069	ERS28393827	ERX15453259	ERR16063077	F47PRr3	AMPLICON	16S	F47PRr3_16S	F47PRr3 16S amplicon	F47PRr3_amp_lib1
PRJEB104209	PRJEB106069	ERS28393828	ERX15453260	ERR16063078	F48Dr1	AMPLICON	16S	F48Dr1_16S	F48Dr1 16S amplicon	F48Dr1_amp_lib1
PRJEB104209	PRJEB106069	ERS28393829	ERX15453261	ERR16063079	F48Dr2	AMPLICON	16S	F48Dr2_16S	F48Dr2 16S amplicon	F48Dr2_amp_lib1
PRJEB104209	PRJEB106069	ERS28393830	ERX15453262	ERR16063080	F48Dr3	AMPLICON	16S	F48Dr3_16S	F48Dr3 16S amplicon	F48Dr3_amp_lib1
PRJEB104209	PRJEB106069	ERS28393831	ERX15453263	ERR16063081	F48Sr1	AMPLICON	16S	F48Sr1_16S	F48Sr1 16S amplicon	F48Sr1_amp_lib1
PRJEB104209	PRJEB106069	ERS28393832	ERX15453264	ERR16063082	F48Sr2	AMPLICON	16S	F48Sr2_16S	F48Sr2 16S amplicon	F48Sr2_amp_lib1
PRJEB104209	PRJEB106069	ERS28393833	ERX15453265	ERR16063083	F48Sr3	AMPLICON	16S	F48Sr3_16S	F48Sr3 16S amplicon	F48Sr3_amp_lib1
PRJEB104209	PRJEB106069	ERS28393834	ERX15453266	ERR16063084	F48PRr1	AMPLICON	16S	F48PRr1_16S	F48PRr1 16S amplicon	F48PRr1_amp_lib1
PRJEB104209	PRJEB106069	ERS28393835	ERX15453267	ERR16063085	F48PRr2	AMPLICON	16S	F48PRr2_16S	F48PRr2 16S amplicon	F48PRr2_amp_lib1
PRJEB104209	PRJEB106069	ERS28393836	ERX15453268	ERR16063086	F48PRr3	AMPLICON	16S	F48PRr3_16S	F48PRr3 16S amplicon	F48PRr3_amp_lib1
PRJEB104209	PRJEB106069	ERS28393837	ERX15453269	ERR16063087	F49Dr1	AMPLICON	16S	F49Dr1_16S	F49Dr1 16S amplicon	F49Dr1_amp_lib1
PRJEB104209	PRJEB106069	ERS28393838	ERX15453270	ERR16063088	F49Dr2	AMPLICON	16S	F49Dr2_16S	F49Dr2 16S amplicon	F49Dr2_amp_lib1
PRJEB104209	PRJEB106069	ERS28393839	ERX15453271	ERR16063089	F49Dr3	AMPLICON	16S	F49Dr3_16S	F49Dr3 16S amplicon	F49Dr3_amp_lib1
PRJEB104209	PRJEB106069	ERS28393840	ERX15453272	ERR16063090	F49Sr1	AMPLICON	16S	F49Sr1_16S	F49Sr1 16S amplicon	F49Sr1_amp_lib1
PRJEB104209	PRJEB106069	ERS28393841	ERX15453273	ERR16063091	F49Sr2	AMPLICON	16S	F49Sr2_16S	F49Sr2 16S amplicon	F49Sr2_amp_lib1
PRJEB104209	PRJEB106069	ERS28393842	ERX15453274	ERR16063092	F49Sr3	AMPLICON	16S	F49Sr3_16S	F49Sr3 16S amplicon	F49Sr3_amp_lib1
PRJEB104209	PRJEB106069	ERS28393843	ERX15453275	ERR16063093	F49PRr1	AMPLICON	16S	F49PRr1_16S	F49PRr1 16S amplicon	F49PRr1_amp_lib1
PRJEB104209	PRJEB106069	ERS28393844	ERX15453276	ERR16063094	F49PRr2	AMPLICON	16S	F49PRr2_16S	F49PRr2 16S amplicon	F49PRr2_amp_lib1
PRJEB104209	PRJEB106069	ERS28393845	ERX15453277	ERR16063095	F49PRr3	AMPLICON	16S	F49PRr3_16S	F49PRr3 16S amplicon	F49PRr3_amp_lib1
PRJEB104209	PRJEB106069	ERS28393846	ERX15453278	ERR16063096	F50Dr1	AMPLICON	16S	F50Dr1_16S	F50Dr1 16S amplicon	F50Dr1_amp_lib1
PRJEB104209	PRJEB106069	ERS28393847	ERX15453279	ERR16063097	F50Dr2	AMPLICON	16S	F50Dr2_16S	F50Dr2 16S amplicon	F50Dr2_amp_lib1
PRJEB104209	PRJEB106069	ERS28393848	ERX15453280	ERR16063098	F50Dr3	AMPLICON	16S	F50Dr3_16S	F50Dr3 16S amplicon	F50Dr3_amp_lib1
PRJEB104209	PRJEB106069	ERS28393849	ERX15453281	ERR16063099	F50Sr1	AMPLICON	16S	F50Sr1_16S	F50Sr1 16S amplicon	F50Sr1_amp_lib1
PRJEB104209	PRJEB106069	ERS28393850	ERX15453282	ERR16063100	F50Sr2	AMPLICON	16S	F50Sr2_16S	F50Sr2 16S amplicon	F50Sr2_amp_lib1
PRJEB104209	PRJEB106069	ERS28393851	ERX15453283	ERR16063101	F50Sr3	AMPLICON	16S	F50Sr3_16S	F50Sr3 16S amplicon	F50Sr3_amp_lib1
PRJEB104209	PRJEB106069	ERS28393852	ERX15453284	ERR16063102	F50PRr1	AMPLICON	16S	F50PRr1_16S	F50PRr1 16S amplicon	F50PRr1_amp_lib1
PRJEB104209	PRJEB106069	ERS28393853	ERX15453285	ERR16063103	F50PRr2	AMPLICON	16S	F50PRr2_16S	F50PRr2 16S amplicon	F50PRr2_amp_lib1
PRJEB104209	PRJEB106069	ERS28393854	ERX15453286	ERR16063104	F50PRr3	AMPLICON	16S	F50PRr3_16S	F50PRr3 16S amplicon	F50PRr3_amp_lib1
PRJEB104209	PRJEB106069	ERS28393855	ERX15453287	ERR16063105	F51Dr3	AMPLICON	16S	F51Dr3_16S	F51Dr3 16S amplicon	F51Dr3_amp_lib1
PRJEB104209	PRJEB106069	ERS28393856	ERX15453288	ERR16063106	F51Sr3	AMPLICON	16S	F51Sr3_16S	F51Sr3 16S amplicon	F51Sr3_amp_lib1
PRJEB104209	PRJEB106069	ERS28393857	ERX15453289	ERR16063107	F51PRr1	AMPLICON	16S	F51PRr1_16S	F51PRr1 16S amplicon	F51PRr1_amp_lib1
PRJEB104209	PRJEB106069	ERS28393858	ERX15453290	ERR16063108	F51PRr2	AMPLICON	16S	F51PRr2_16S	F51PRr2 16S amplicon	F51PRr2_amp_lib1
PRJEB104209	PRJEB106069	ERS28393859	ERX15453291	ERR16063109	F51PRr3	AMPLICON	16S	F51PRr3_16S	F51PRr3 16S amplicon	F51PRr3_amp_lib1
PRJEB104209	PRJEB106069	ERS28393860	ERX15453292	ERR16063110	F52Sr1	AMPLICON	16S	F52Sr1_16S	F52Sr1 16S amplicon	F52Sr1_amp_lib1
PRJEB104209	PRJEB106069	ERS28393861	ERX15453293	ERR16063111	F52Sr2	AMPLICON	16S	F52Sr2_16S	F52Sr2 16S amplicon	F52Sr2_amp_lib1
PRJEB104209	PRJEB106069	ERS28393862	ERX15453294	ERR16063112	F52Sr3	AMPLICON	16S	F52Sr3_16S	F52Sr3 16S amplicon	F52Sr3_amp_lib1
PRJEB104209	PRJEB106069	ERS28393863	ERX15453295	ERR16063113	F53Dr1	AMPLICON	16S	F53Dr1_16S	F53Dr1 16S amplicon	F53Dr1_amp_lib1
PRJEB104209	PRJEB106069	ERS28393864	ERX15453296	ERR16063114	F53Dr2	AMPLICON	16S	F53Dr2_16S	F53Dr2 16S amplicon	F53Dr2_amp_lib1
PRJEB104209	PRJEB106069	ERS28393865	ERX15453297	ERR16063115	F53Dr3	AMPLICON	16S	F53Dr3_16S	F53Dr3 16S amplicon	F53Dr3_amp_lib1
PRJEB104209	PRJEB106069	ERS28393866	ERX15453298	ERR16063116	F53Sr3	AMPLICON	16S	F53Sr3_16S	F53Sr3 16S amplicon	F53Sr3_amp_lib1
PRJEB104209	PRJEB106069	ERS28393867	ERX15453299	ERR16063117	F53PRr1	AMPLICON	16S	F53PRr1_16S	F53PRr1 16S amplicon	F53PRr1_amp_lib1
PRJEB104209	PRJEB106069	ERS28393868	ERX15453300	ERR16063118	F54PRr2	AMPLICON	16S	F54PRr2_16S	F54PRr2 16S amplicon	F54PRr2_amp_lib1
PRJEB104209	PRJEB106069	ERS28393869	ERX15453301	ERR16063119	F55Sr1	AMPLICON	16S	F55Sr1_16S	F55Sr1 16S amplicon	F55Sr1_amp_lib1
PRJEB104209	PRJEB106069	ERS28393870	ERX15453302	ERR16063120	F56Sr2	AMPLICON	16S	F56Sr2_16S	F56Sr2 16S amplicon	F56Sr2_amp_lib1
PRJEB104209	PRJEB106069	ERS28393871	ERX15453303	ERR16063121	F56Sr3	AMPLICON	16S	F56Sr3_16S	F56Sr3 16S amplicon	F56Sr3_amp_lib1
PRJEB104209	PRJEB106069	ERS28393872	ERX15453304	ERR16063122	F57Dr1	AMPLICON	16S	F57Dr1_16S	F57Dr1 16S amplicon	F57Dr1_amp_lib1
PRJEB104209	PRJEB106069	ERS28393873	ERX15453305	ERR16063123	F57Sr3	AMPLICON	16S	F57Sr3_16S	F57Sr3 16S amplicon	F57Sr3_amp_lib1
PRJEB104209	PRJEB106069	ERS28393874	ERX15453306	ERR16063124	F57PRr1	AMPLICON	16S	F57PRr1_16S	F57PRr1 16S amplicon	F57PRr1_amp_lib1
PRJEB104209	PRJEB106069	ERS28393875	ERX15453307	ERR16063125	F57PRr2	AMPLICON	16S	F57PRr2_16S	F57PRr2 16S amplicon	F57PRr2_amp_lib1
PRJEB104209	PRJEB106069	ERS28393876	ERX15453308	ERR16063126	F57PRr3	AMPLICON	16S	F57PRr3_16S	F57PRr3 16S amplicon	F57PRr3_amp_lib1
PRJEB104209	PRJEB106069	ERS28393877	ERX15453309	ERR16063127	F58Dr1	AMPLICON	16S	F58Dr1_16S	F58Dr1 16S amplicon	F58Dr1_amp_lib1
PRJEB104209	PRJEB106069	ERS28393878	ERX15453310	ERR16063128	F58Sr1	AMPLICON	16S	F58Sr1_16S	F58Sr1 16S amplicon	F58Sr1_amp_lib1
PRJEB104209	PRJEB106069	ERS28393879	ERX15453311	ERR16063129	F58Sr2	AMPLICON	16S	F58Sr2_16S	F58Sr2 16S amplicon	F58Sr2_amp_lib1
PRJEB104209	PRJEB106069	ERS28393880	ERX15453312	ERR16063130	F58Sr3	AMPLICON	16S	F58Sr3_16S	F58Sr3 16S amplicon	F58Sr3_amp_lib1
PRJEB104209	PRJEB106069	ERS28393881	ERX15453313	ERR16063131	F58PRr1	AMPLICON	16S	F58PRr1_16S	F58PRr1 16S amplicon	F58PRr1_amp_lib1
PRJEB104209	PRJEB106069	ERS28393882	ERX15453314	ERR16063132	F58PRr2	AMPLICON	16S	F58PRr2_16S	F58PRr2 16S amplicon	F58PRr2_amp_lib1
PRJEB104209	PRJEB106069	ERS28393883	ERX15453315	ERR16063133	F58PRr3	AMPLICON	16S	F58PRr3_16S	F58PRr3 16S amplicon	F58PRr3_amp_lib1
PRJEB104209	PRJEB106069	ERS28393884	ERX15453316	ERR16063134	F59Dr2	AMPLICON	16S	F59Dr2_16S	F59Dr2 16S amplicon	F59Dr2_amp_lib1
PRJEB104209	PRJEB106069	ERS28393885	ERX15453317	ERR16063135	F59Sr1	AMPLICON	16S	F59Sr1_16S	F59Sr1 16S amplicon	F59Sr1_amp_lib1
PRJEB104209	PRJEB106069	ERS28393886	ERX15453318	ERR16063136	F59Sr2	AMPLICON	16S	F59Sr2_16S	F59Sr2 16S amplicon	F59Sr2_amp_lib1
PRJEB104209	PRJEB106069	ERS28393887	ERX15453319	ERR16063137	F59Sr3	AMPLICON	16S	F59Sr3_16S	F59Sr3 16S amplicon	F59Sr3_amp_lib1
PRJEB104209	PRJEB106069	ERS28393888	ERX15453320	ERR16063138	F59PRr1	AMPLICON	16S	F59PRr1_16S	F59PRr1 16S amplicon	F59PRr1_amp_lib1
PRJEB104209	PRJEB106069	ERS28393889	ERX15453321	ERR16063139	F60Sr1	AMPLICON	16S	F60Sr1_16S	F60Sr1 16S amplicon	F60Sr1_amp_lib1
PRJEB104209	PRJEB106069	ERS28393890	ERX15453322	ERR16063140	F60Sr2	AMPLICON	16S	F60Sr2_16S	F60Sr2 16S amplicon	F60Sr2_amp_lib1
PRJEB104209	PRJEB106069	ERS28393891	ERX15453323	ERR16063141	F60Sr3	AMPLICON	16S	F60Sr3_16S	F60Sr3 16S amplicon	F60Sr3_amp_lib1
PRJEB104209	PRJEB106069	ERS28393892	ERX15453324	ERR16063142	F60PRr1	AMPLICON	16S	F60PRr1_16S	F60PRr1 16S amplicon	F60PRr1_amp_lib1
PRJEB104209	PRJEB106069	ERS28393893	ERX15453325	ERR16063143	F60PRr2	AMPLICON	16S	F60PRr2_16S	F60PRr2 16S amplicon	F60PRr2_amp_lib1
PRJEB104209	PRJEB106069	ERS28393894	ERX15453326	ERR16063144	F60PRr3	AMPLICON	16S	F60PRr3_16S	F60PRr3 16S amplicon	F60PRr3_amp_lib1
PRJEB104209	PRJEB106069	ERS28393565	ERX15453327	ERR16063145	F15PRr1	AMPLICON	16S	F15PRr1_16S	F15PRr1 16S amplicon	F15PRr1_amp_lib2
PRJEB104209	PRJEB106069	ERS28393608	ERX15453328	ERR16063146	F20Sr3	AMPLICON	16S	F20Sr3_16S	F20Sr3 16S amplicon	F20Sr3_amp_lib2
PRJEB104209	PRJEB106069	ERS28393646	ERX15453329	ERR16063147	F24PRr3	AMPLICON	16S	F24PRr3_16S	F24PRr3 16S amplicon	F24PRr3_amp_lib2
PRJEB104209	PRJEB106069	ERS28393700	ERX15453330	ERR16063148	F31Sr2	AMPLICON	16S	F31Sr2_16S	F31Sr2 16S amplicon	F31Sr2_amp_lib2
PRJEB104209	PRJEB106069	ERS28393701	ERX15453331	ERR16063149	F31Sr3	AMPLICON	16S	F31Sr3_16S	F31Sr3 16S amplicon	F31Sr3_amp_lib2
PRJEB104209	PRJEB106069	ERS28393714	ERX15453332	ERR16063150	F33Dr1	AMPLICON	16S	F33Dr1_16S	F33Dr1 16S amplicon	F33Dr1_amp_lib2
PRJEB104209	PRJEB106069	ERS28393725	ERX15453333	ERR16063151	F34Sr1	AMPLICON	16S	F34Sr1_16S	F34Sr1 16S amplicon	F34Sr1_amp_lib2
PRJEB104209	PRJEB106069	ERS28393774	ERX15453334	ERR16063152	F40Dr3	AMPLICON	16S	F40Dr3_16S	F40Dr3 16S amplicon	F40Dr3_amp_lib2
PRJEB104209	PRJEB106069	ERS28393781	ERX15453335	ERR16063153	F41Dr3	AMPLICON	16S	F41Dr3_16S	F41Dr3 16S amplicon	F41Dr3_amp_lib2
PRJEB104209	PRJEB106069	ERS28393793	ERX15453336	ERR16063154	F43Dr1	AMPLICON	16S	F43Dr1_16S	F43Dr1 16S amplicon	F43Dr1_amp_lib2
PRJEB104209	PRJEB106069	ERS28393825	ERX15453337	ERR16063155	F47PRr1	AMPLICON	16S	F47PRr1_16S	F47PRr1 16S amplicon	F47PRr1_amp_lib2
PRJEB104209	PRJEB106069	ERS28393836	ERX15453338	ERR16063156	F48PRr3	AMPLICON	16S	F48PRr3_16S	F48PRr3 16S amplicon	F48PRr3_amp_lib2
PRJEB104209	PRJEB106069	ERS28393856	ERX15453339	ERR16063157	F51Sr3	AMPLICON	16S	F51Sr3_16S	F51Sr3 16S amplicon	F51Sr3_amp_lib2
PRJEB104209	PRJEB106069	ERS28393861	ERX15453340	ERR16063158	F52Sr2	AMPLICON	16S	F52Sr2_16S	F52Sr2 16S amplicon	F52Sr2_amp_lib2
PRJEB104209	PRJEB106069	ERS28393869	ERX15453341	ERR16063159	F55Sr1	AMPLICON	16S	F55Sr1_16S	F55Sr1 16S amplicon	F55Sr1_amp_lib2
PRJEB104209	PRJEB106069	ERS28393870	ERX15453342	ERR16063160	F56Sr2	AMPLICON	16S	F56Sr2_16S	F56Sr2 16S amplicon	F56Sr2_amp_lib2
PRJEB104209	PRJEB106069	ERS28393871	ERX15453343	ERR16063161	F56Sr3	AMPLICON	16S	F56Sr3_16S	F56Sr3 16S amplicon	F56Sr3_amp_lib2
PRJEB104209	PRJEB106069	ERS28393872	ERX15453344	ERR16063162	F57Dr1	AMPLICON	16S	F57Dr1_16S	F57Dr1 16S amplicon	F57Dr1_amp_lib2
PRJEB104209	PRJEB106069	ERS28393873	ERX15453345	ERR16063163	F57Sr3	AMPLICON	16S	F57Sr3_16S	F57Sr3 16S amplicon	F57Sr3_amp_lib2
PRJEB104209	PRJEB106069	ERS28393877	ERX15453346	ERR16063164	F58Dr1	AMPLICON	16S	F58Dr1_16S	F58Dr1 16S amplicon	F58Dr1_amp_lib2
PRJEB104209	PRJEB106069	ERS28393880	ERX15453347	ERR16063165	F58Sr3	AMPLICON	16S	F58Sr3_16S	F58Sr3 16S amplicon	F58Sr3_amp_lib2
PRJEB104209	PRJEB106069	ERS28393884	ERX15453348	ERR16063166	F59Dr2	AMPLICON	16S	F59Dr2_16S	F59Dr2 16S amplicon	F59Dr2_amp_lib2
PRJEB104209	PRJEB106069	ERS28393888	ERX15453349	ERR16063167	F59PRr1	AMPLICON	16S	F59PRr1_16S	F59PRr1 16S amplicon	F59PRr1_amp_lib2
PRJEB104209	PRJEB106069	ERS28393887	ERX15453350	ERR16063168	F59Sr3	AMPLICON	16S	F59Sr3_16S	F59Sr3 16S amplicon	F59Sr3_amp_lib2
PRJEB104209	PRJEB106069	ERS28393892	ERX15453351	ERR16063169	F60PRr1	AMPLICON	16S	F60PRr1_16S	F60PRr1 16S amplicon	F60PRr1_amp_lib2
PRJEB104209	PRJEB106069	ERS28393893	ERX15453352	ERR16063170	F60PRr2	AMPLICON	16S	F60PRr2_16S	F60PRr2 16S amplicon	F60PRr2_amp_lib2
PRJEB104209	PRJEB106069	ERS28393891	ERX15453353	ERR16063172	F60Sr3	AMPLICON	16S	F60Sr3_16S	F60Sr3 16S amplicon	F60Sr3_amp_lib2
PRJEB104209	PRJEB106069	ERS28393451	ERX15453354	ERR16063173	F1PRr2	AMPLICON	16S	F1PRr2_16S	F1PRr2 16S amplicon	F1PRr2_amp_lib2
PRJEB104209	PRJEB106069	ERS29439729	ERX16176517	ERR16783284	EB10	AMPLICON	16S	EB10_16S	EB10 16S amplicon	EB10_amp_lib1
PRJEB104209	PRJEB106069	ERS29439730	ERX16176518	ERR16783285	EB11	AMPLICON	16S	EB11_16S	EB11 16S amplicon	EB11_amp_lib1
PRJEB104209	PRJEB106069	ERS29439731	ERX16176519	ERR16783286	EB12	AMPLICON	16S	EB12_16S	EB12 16S amplicon	EB12_amp_lib1
PRJEB104209	PRJEB106069	ERS29439732	ERX16176520	ERR16783287	EB13	AMPLICON	16S	EB13_16S	EB13 16S amplicon	EB13_amp_lib1
PRJEB104209	PRJEB106069	ERS29439733	ERX16176521	ERR16783288	EB14	AMPLICON	16S	EB14_16S	EB14 16S amplicon	EB14_amp_lib1
PRJEB104209	PRJEB106069	ERS29439734	ERX16176522	ERR16783289	EB15	AMPLICON	16S	EB15_16S	EB15 16S amplicon	EB15_amp_lib1
PRJEB104209	PRJEB106069	ERS29439735	ERX16176523	ERR16783290	EB16	AMPLICON	16S	EB16_16S	EB16 16S amplicon	EB16_amp_lib1
PRJEB104209	PRJEB106069	ERS29439736	ERX16176524	ERR16783291	EB17	AMPLICON	16S	EB17_16S	EB17 16S amplicon	EB17_amp_lib1
PRJEB104209	PRJEB106069	ERS29439737	ERX16176525	ERR16783292	EB18	AMPLICON	16S	EB18_16S	EB18 16S amplicon	EB18_amp_lib1
PRJEB104209	PRJEB106069	ERS29439728	ERX16176516	ERR16783283	EB1	AMPLICON	16S	EB1_16S	EB1 16S amplicon	EB1_amp_lib1
PRJEB104209	PRJEB106069	ERS29439738	ERX16176526	ERR16783293	EB2	AMPLICON	16S	EB2_16S	EB2 16S amplicon	EB2_amp_lib1
PRJEB104209	PRJEB106069	ERS29439739	ERX16176527	ERR16783294	EB3	AMPLICON	16S	EB3_16S	EB3 16S amplicon	EB3_amp_lib1
PRJEB104209	PRJEB106069	ERS29439740	ERX16176528	ERR16783295	EB4	AMPLICON	16S	EB4_16S	EB4 16S amplicon	EB4_amp_lib1
PRJEB104209	PRJEB106069	ERS29439741	ERX16176529	ERR16783296	EB5	AMPLICON	16S	EB5_16S	EB5 16S amplicon	EB5_amp_lib1
PRJEB104209	PRJEB106069	ERS29439742	ERX16176530	ERR16783297	EB6	AMPLICON	16S	EB6_16S	EB6 16S amplicon	EB6_amp_lib1
PRJEB104209	PRJEB106069	ERS29439743	ERX16176531	ERR16783298	EB7	AMPLICON	16S	EB7_16S	EB7 16S amplicon	EB7_amp_lib1
PRJEB104209	PRJEB106069	ERS29439744	ERX16176532	ERR16783299	EB8	AMPLICON	16S	EB8_16S	EB8 16S amplicon	EB8_amp_lib1
PRJEB104209	PRJEB106069	ERS29439745	ERX16176533	ERR16783300	EB9	AMPLICON	16S	EB9_16S	EB9 16S amplicon	EB9_amp_lib1
PRJEB104209	PRJEB106069	ERS29439746	ERX16176534	ERR16783301	Negative1	AMPLICON	16S	Negative1_16S	Negative1 16S amplicon	Negative1_amp_lib1
PRJEB104209	PRJEB106069	ERS29439747	ERX16176535	ERR16783302	Negative2	AMPLICON	16S	Negative2_16S	Negative2 16S amplicon	Negative2_amp_lib1
PRJEB104209	PRJEB106069	ERS29439748	ERX16176537	ERR16783304	Negative4	AMPLICON	16S	Negative4_16S	Negative4 16S amplicon	Negative4_amp_lib1
PRJEB104209	PRJEB106069	ERS29439749	ERX16176538	ERR16783305	Negative5	AMPLICON	16S	Negative5_16S	Negative5 16S amplicon	Negative5_amp_lib1
PRJEB104209	PRJEB106069	ERS29439750	ERX16176539	ERR16783306	Negative6	AMPLICON	16S	Negative6_16S	Negative6 16S amplicon	Negative6_amp_lib1
PRJEB104209	PRJEB106069	ERS29439751	ERX16176540	ERR16783307	Negative7	AMPLICON	16S	Negative7_16S	Negative7 16S amplicon	Negative7_amp_lib1
PRJEB104209	PRJEB106069	ERS29439752	ERX16176541	ERR16783308	V10Dr1	AMPLICON	16S	V10Dr1_16S	V10Dr1 16S amplicon	V10Dr1_amp_lib1
PRJEB104209	PRJEB106069	ERS29439753	ERX16176542	ERR16783309	V10PRr2	AMPLICON	16S	V10PRr2_16S	V10PRr2 16S amplicon	V10PRr2_amp_lib1
PRJEB104209	PRJEB106069	ERS29439754	ERX16176543	ERR16783310	V11Dr3	AMPLICON	16S	V11Dr3_16S	V11Dr3 16S amplicon	V11Dr3_amp_lib1
PRJEB104209	PRJEB106069	ERS29439755	ERX16176544	ERR16783311	V11PRr2	AMPLICON	16S	V11PRr2_16S	V11PRr2 16S amplicon	V11PRr2_amp_lib1
PRJEB104209	PRJEB106069	ERS29439756	ERX16176545	ERR16783312	V11PRr3	AMPLICON	16S	V11PRr3_16S	V11PRr3 16S amplicon	V11PRr3_amp_lib1
PRJEB104209	PRJEB106069	ERS29439757	ERX16176546	ERR16783313	V11Sr2	AMPLICON	16S	V11Sr2_16S	V11Sr2 16S amplicon	V11Sr2_amp_lib1
PRJEB104209	PRJEB106069	ERS29439758	ERX16176547	ERR16783314	V12Dr3	AMPLICON	16S	V12Dr3_16S	V12Dr3 16S amplicon	V12Dr3_amp_lib1
PRJEB104209	PRJEB106069	ERS29439759	ERX16176548	ERR16783315	V12PRr1	AMPLICON	16S	V12PRr1_16S	V12PRr1 16S amplicon	V12PRr1_amp_lib1
PRJEB104209	PRJEB106069	ERS29439760	ERX16176549	ERR16783316	V12PRr2	AMPLICON	16S	V12PRr2_16S	V12PRr2 16S amplicon	V12PRr2_amp_lib1
PRJEB104209	PRJEB106069	ERS29439761	ERX16176550	ERR16783317	V12PRr3	AMPLICON	16S	V12PRr3_16S	V12PRr3 16S amplicon	V12PRr3_amp_lib1
PRJEB104209	PRJEB106069	ERS29439762	ERX16176551	ERR16783318	V12Sr1	AMPLICON	16S	V12Sr1_16S	V12Sr1 16S amplicon	V12Sr1_amp_lib1
PRJEB104209	PRJEB106069	ERS29439763	ERX16176552	ERR16783319	V12Sr3	AMPLICON	16S	V12Sr3_16S	V12Sr3 16S amplicon	V12Sr3_amp_lib1
PRJEB104209	PRJEB106069	ERS29439764	ERX16176553	ERR16783320	V13PRr1	AMPLICON	16S	V13PRr1_16S	V13PRr1 16S amplicon	V13PRr1_amp_lib1
PRJEB104209	PRJEB106069	ERS29439765	ERX16176554	ERR16783321	V13PRr2	AMPLICON	16S	V13PRr2_16S	V13PRr2 16S amplicon	V13PRr2_amp_lib1
PRJEB104209	PRJEB106069	ERS29439766	ERX16176555	ERR16783322	V13Sr3	AMPLICON	16S	V13Sr3_16S	V13Sr3 16S amplicon	V13Sr3_amp_lib1
PRJEB104209	PRJEB106069	ERS29439767	ERX16176556	ERR16783323	V14Dr3	AMPLICON	16S	V14Dr3_16S	V14Dr3 16S amplicon	V14Dr3_amp_lib1
PRJEB104209	PRJEB106069	ERS29439768	ERX16176557	ERR16783324	V14PRr1	AMPLICON	16S	V14PRr1_16S	V14PRr1 16S amplicon	V14PRr1_amp_lib1
PRJEB104209	PRJEB106069	ERS29439769	ERX16176558	ERR16783325	V14PRr2	AMPLICON	16S	V14PRr2_16S	V14PRr2 16S amplicon	V14PRr2_amp_lib1
PRJEB104209	PRJEB106069	ERS29439770	ERX16176559	ERR16783326	V14PRr3	AMPLICON	16S	V14PRr3_16S	V14PRr3 16S amplicon	V14PRr3_amp_lib1
PRJEB104209	PRJEB106069	ERS29439771	ERX16176560	ERR16783327	V14Sr1	AMPLICON	16S	V14Sr1_16S	V14Sr1 16S amplicon	V14Sr1_amp_lib1
PRJEB104209	PRJEB106069	ERS29439772	ERX16176561	ERR16783328	V15Dr1	AMPLICON	16S	V15Dr1_16S	V15Dr1 16S amplicon	V15Dr1_amp_lib1
PRJEB104209	PRJEB106069	ERS29439773	ERX16176562	ERR16783329	V15Dr2	AMPLICON	16S	V15Dr2_16S	V15Dr2 16S amplicon	V15Dr2_amp_lib1
PRJEB104209	PRJEB106069	ERS29439774	ERX16176563	ERR16783330	V15Dr3	AMPLICON	16S	V15Dr3_16S	V15Dr3 16S amplicon	V15Dr3_amp_lib1
PRJEB104209	PRJEB106069	ERS29439775	ERX16176564	ERR16783331	V15PRr1	AMPLICON	16S	V15PRr1_16S	V15PRr1 16S amplicon	V15PRr1_amp_lib1
PRJEB104209	PRJEB106069	ERS29439776	ERX16176565	ERR16783332	V15PRr2	AMPLICON	16S	V15PRr2_16S	V15PRr2 16S amplicon	V15PRr2_amp_lib1
PRJEB104209	PRJEB106069	ERS29439777	ERX16176566	ERR16783333	V15PRr3	AMPLICON	16S	V15PRr3_16S	V15PRr3 16S amplicon	V15PRr3_amp_lib1
PRJEB104209	PRJEB106069	ERS29439778	ERX16176567	ERR16783334	V15Sr1	AMPLICON	16S	V15Sr1_16S	V15Sr1 16S amplicon	V15Sr1_amp_lib1
PRJEB104209	PRJEB106069	ERS29439779	ERX16176568	ERR16783335	V15Sr2	AMPLICON	16S	V15Sr2_16S	V15Sr2 16S amplicon	V15Sr2_amp_lib1
PRJEB104209	PRJEB106069	ERS29439780	ERX16176569	ERR16783336	V16Dr1O	AMPLICON	16S	V16Dr1O_16S	V16Dr1O 16S amplicon	V16Dr1O_amp_lib1
PRJEB104209	PRJEB106069	ERS29439781	ERX16176570	ERR16783337	V16Dr1T	AMPLICON	16S	V16Dr1T_16S	V16Dr1T 16S amplicon	V16Dr1T_amp_lib1
PRJEB104209	PRJEB106069	ERS29439782	ERX16176571	ERR16783338	V16Dr3	AMPLICON	16S	V16Dr3_16S	V16Dr3 16S amplicon	V16Dr3_amp_lib1
PRJEB104209	PRJEB106069	ERS29439784	ERX16176573	ERR16783340	V16PRr1O	AMPLICON	16S	V16PRr1O_16S	V16PRr1O 16S amplicon	V16PRr1O_amp_lib1
PRJEB104209	PRJEB106069	ERS29439785	ERX16176574	ERR16783341	V16PRr1T	AMPLICON	16S	V16PRr1T_16S	V16PRr1T 16S amplicon	V16PRr1T_amp_lib1
PRJEB104209	PRJEB106069	ERS29439783	ERX16176572	ERR16783339	V16PRr1	AMPLICON	16S	V16PRr1_16S	V16PRr1 16S amplicon	V16PRr1_amp_lib1
PRJEB104209	PRJEB106069	ERS29439786	ERX16176575	ERR16783342	V16PRr2	AMPLICON	16S	V16PRr2_16S	V16PRr2 16S amplicon	V16PRr2_amp_lib1
PRJEB104209	PRJEB106069	ERS29439787	ERX16176576	ERR16783343	V16PRr3	AMPLICON	16S	V16PRr3_16S	V16PRr3 16S amplicon	V16PRr3_amp_lib1
PRJEB104209	PRJEB106069	ERS29439788	ERX16176577	ERR16783344	V16Sr1O	AMPLICON	16S	V16Sr1O_16S	V16Sr1O 16S amplicon	V16Sr1O_amp_lib1
PRJEB104209	PRJEB106069	ERS29439789	ERX16176578	ERR16783345	V17Dr1	AMPLICON	16S	V17Dr1_16S	V17Dr1 16S amplicon	V17Dr1_amp_lib1
PRJEB104209	PRJEB106069	ERS29439790	ERX16176579	ERR16783346	V17Dr2	AMPLICON	16S	V17Dr2_16S	V17Dr2 16S amplicon	V17Dr2_amp_lib1
PRJEB104209	PRJEB106069	ERS29439791	ERX16176580	ERR16783347	V17PRr1	AMPLICON	16S	V17PRr1_16S	V17PRr1 16S amplicon	V17PRr1_amp_lib1
PRJEB104209	PRJEB106069	ERS29439792	ERX16176581	ERR16783348	V17PRr2	AMPLICON	16S	V17PRr2_16S	V17PRr2 16S amplicon	V17PRr2_amp_lib1
PRJEB104209	PRJEB106069	ERS29439793	ERX16176582	ERR16783349	V17PRr3	AMPLICON	16S	V17PRr3_16S	V17PRr3 16S amplicon	V17PRr3_amp_lib1
PRJEB104209	PRJEB106069	ERS29439794	ERX16176583	ERR16783350	V18PRr2	AMPLICON	16S	V18PRr2_16S	V18PRr2 16S amplicon	V18PRr2_amp_lib1
PRJEB104209	PRJEB106069	ERS29439795	ERX16176584	ERR16783351	V18PRr3	AMPLICON	16S	V18PRr3_16S	V18PRr3 16S amplicon	V18PRr3_amp_lib1
PRJEB104209	PRJEB106069	ERS29439796	ERX16176585	ERR16783352	V19Dr2	AMPLICON	16S	V19Dr2_16S	V19Dr2 16S amplicon	V19Dr2_amp_lib1
PRJEB104209	PRJEB106069	ERS29439797	ERX16176586	ERR16783353	V19Dr3	AMPLICON	16S	V19Dr3_16S	V19Dr3 16S amplicon	V19Dr3_amp_lib1
PRJEB104209	PRJEB106069	ERS29439798	ERX16176587	ERR16783354	V19PRr1	AMPLICON	16S	V19PRr1_16S	V19PRr1 16S amplicon	V19PRr1_amp_lib1
PRJEB104209	PRJEB106069	ERS29439799	ERX16176588	ERR16783355	V19PRr2	AMPLICON	16S	V19PRr2_16S	V19PRr2 16S amplicon	V19PRr2_amp_lib1
PRJEB104209	PRJEB106069	ERS29439800	ERX16176589	ERR16783356	V19PRr3	AMPLICON	16S	V19PRr3_16S	V19PRr3 16S amplicon	V19PRr3_amp_lib1
PRJEB104209	PRJEB106069	ERS29439801	ERX16176590	ERR16783357	V19Sr3	AMPLICON	16S	V19Sr3_16S	V19Sr3 16S amplicon	V19Sr3_amp_lib1
PRJEB104209	PRJEB106069	ERS29439802	ERX16176591	ERR16783358	V1Dr1	AMPLICON	16S	V1Dr1_16S	V1Dr1 16S amplicon	V1Dr1_amp_lib1
PRJEB104209	PRJEB106069	ERS29439803	ERX16176592	ERR16783359	V1Dr3	AMPLICON	16S	V1Dr3_16S	V1Dr3 16S amplicon	V1Dr3_amp_lib1
PRJEB104209	PRJEB106069	ERS29439804	ERX16176593	ERR16783360	V1PRr1	AMPLICON	16S	V1PRr1_16S	V1PRr1 16S amplicon	V1PRr1_amp_lib1
PRJEB104209	PRJEB106069	ERS29439805	ERX16176594	ERR16783361	V1PRr2	AMPLICON	16S	V1PRr2_16S	V1PRr2 16S amplicon	V1PRr2_amp_lib1
PRJEB104209	PRJEB106069	ERS29439806	ERX16176595	ERR16783362	V1PRr3	AMPLICON	16S	V1PRr3_16S	V1PRr3 16S amplicon	V1PRr3_amp_lib1
PRJEB104209	PRJEB106069	ERS29439807	ERX16176596	ERR16783363	V20PRr1	AMPLICON	16S	V20PRr1_16S	V20PRr1 16S amplicon	V20PRr1_amp_lib1
PRJEB104209	PRJEB106069	ERS29439808	ERX16176597	ERR16783364	V20PRr2	AMPLICON	16S	V20PRr2_16S	V20PRr2 16S amplicon	V20PRr2_amp_lib1
PRJEB104209	PRJEB106069	ERS29439809	ERX16176598	ERR16783365	V20PRr3	AMPLICON	16S	V20PRr3_16S	V20PRr3 16S amplicon	V20PRr3_amp_lib1
PRJEB104209	PRJEB106069	ERS29439810	ERX16176599	ERR16783366	V20Sr2	AMPLICON	16S	V20Sr2_16S	V20Sr2 16S amplicon	V20Sr2_amp_lib1
PRJEB104209	PRJEB106069	ERS29439811	ERX16176600	ERR16783367	V21Dr1	AMPLICON	16S	V21Dr1_16S	V21Dr1 16S amplicon	V21Dr1_amp_lib1
PRJEB104209	PRJEB106069	ERS29439812	ERX16176601	ERR16783368	V21Dr2	AMPLICON	16S	V21Dr2_16S	V21Dr2 16S amplicon	V21Dr2_amp_lib1
PRJEB104209	PRJEB106069	ERS29439814	ERX16176603	ERR16783370	V21PRr1RE	AMPLICON	16S	V21PRr1RE_16S	V21PRr1RE 16S amplicon	V21PRr1RE_amp_lib1
PRJEB104209	PRJEB106069	ERS29439813	ERX16176602	ERR16783369	V21PRr1	AMPLICON	16S	V21PRr1_16S	V21PRr1 16S amplicon	V21PRr1_amp_lib1
PRJEB104209	PRJEB106069	ERS29439816	ERX16176605	ERR16783372	V21PRr2RE	AMPLICON	16S	V21PRr2RE_16S	V21PRr2RE 16S amplicon	V21PRr2RE_amp_lib1
PRJEB104209	PRJEB106069	ERS29439815	ERX16176604	ERR16783371	V21PRr2	AMPLICON	16S	V21PRr2_16S	V21PRr2 16S amplicon	V21PRr2_amp_lib1
PRJEB104209	PRJEB106069	ERS29439818	ERX16176607	ERR16783374	V21PRr3RE	AMPLICON	16S	V21PRr3RE_16S	V21PRr3RE 16S amplicon	V21PRr3RE_amp_lib1
PRJEB104209	PRJEB106069	ERS29439817	ERX16176606	ERR16783373	V21PRr3	AMPLICON	16S	V21PRr3_16S	V21PRr3 16S amplicon	V21PRr3_amp_lib1
PRJEB104209	PRJEB106069	ERS29439819	ERX16176608	ERR16783375	V21Sr3	AMPLICON	16S	V21Sr3_16S	V21Sr3 16S amplicon	V21Sr3_amp_lib1
PRJEB104209	PRJEB106069	ERS29439820	ERX16176609	ERR16783376	V22PRr2	AMPLICON	16S	V22PRr2_16S	V22PRr2 16S amplicon	V22PRr2_amp_lib1
PRJEB104209	PRJEB106069	ERS29439821	ERX16176610	ERR16783377	V23Dr1	AMPLICON	16S	V23Dr1_16S	V23Dr1 16S amplicon	V23Dr1_amp_lib1
PRJEB104209	PRJEB106069	ERS29439822	ERX16176611	ERR16783378	V23PRr1	AMPLICON	16S	V23PRr1_16S	V23PRr1 16S amplicon	V23PRr1_amp_lib1
PRJEB104209	PRJEB106069	ERS29439823	ERX16176612	ERR16783379	V23PRr2	AMPLICON	16S	V23PRr2_16S	V23PRr2 16S amplicon	V23PRr2_amp_lib1
PRJEB104209	PRJEB106069	ERS29439824	ERX16176613	ERR16783380	V24Dr1	AMPLICON	16S	V24Dr1_16S	V24Dr1 16S amplicon	V24Dr1_amp_lib1
PRJEB104209	PRJEB106069	ERS29439825	ERX16176614	ERR16783381	V24PRr1	AMPLICON	16S	V24PRr1_16S	V24PRr1 16S amplicon	V24PRr1_amp_lib1
PRJEB104209	PRJEB106069	ERS29439826	ERX16176615	ERR16783382	V24PRr3	AMPLICON	16S	V24PRr3_16S	V24PRr3 16S amplicon	V24PRr3_amp_lib1
PRJEB104209	PRJEB106069	ERS29439827	ERX16176616	ERR16783383	V25Dr3	AMPLICON	16S	V25Dr3_16S	V25Dr3 16S amplicon	V25Dr3_amp_lib1
PRJEB104209	PRJEB106069	ERS29439828	ERX16176617	ERR16783384	V25PRr1	AMPLICON	16S	V25PRr1_16S	V25PRr1 16S amplicon	V25PRr1_amp_lib1
PRJEB104209	PRJEB106069	ERS29439829	ERX16176618	ERR16783385	V25PRr2	AMPLICON	16S	V25PRr2_16S	V25PRr2 16S amplicon	V25PRr2_amp_lib1
PRJEB104209	PRJEB106069	ERS29439830	ERX16176619	ERR16783386	V25PRr3	AMPLICON	16S	V25PRr3_16S	V25PRr3 16S amplicon	V25PRr3_amp_lib1
PRJEB104209	PRJEB106069	ERS29439831	ERX16176620	ERR16783387	V25Sr2	AMPLICON	16S	V25Sr2_16S	V25Sr2 16S amplicon	V25Sr2_amp_lib1
PRJEB104209	PRJEB106069	ERS29439832	ERX16176621	ERR16783388	V25Sr3	AMPLICON	16S	V25Sr3_16S	V25Sr3 16S amplicon	V25Sr3_amp_lib1
PRJEB104209	PRJEB106069	ERS29439833	ERX16176622	ERR16783389	V26Dr2	AMPLICON	16S	V26Dr2_16S	V26Dr2 16S amplicon	V26Dr2_amp_lib1
PRJEB104209	PRJEB106069	ERS29439834	ERX16176623	ERR16783390	V26Dr3	AMPLICON	16S	V26Dr3_16S	V26Dr3 16S amplicon	V26Dr3_amp_lib1
PRJEB104209	PRJEB106069	ERS29439835	ERX16176624	ERR16783391	V26PRr1	AMPLICON	16S	V26PRr1_16S	V26PRr1 16S amplicon	V26PRr1_amp_lib1
PRJEB104209	PRJEB106069	ERS29439836	ERX16176625	ERR16783392	V26PRr2	AMPLICON	16S	V26PRr2_16S	V26PRr2 16S amplicon	V26PRr2_amp_lib1
PRJEB104209	PRJEB106069	ERS29439837	ERX16176626	ERR16783393	V26Sr2	AMPLICON	16S	V26Sr2_16S	V26Sr2 16S amplicon	V26Sr2_amp_lib1
PRJEB104209	PRJEB106069	ERS29439838	ERX16176627	ERR16783394	V27Dr2	AMPLICON	16S	V27Dr2_16S	V27Dr2 16S amplicon	V27Dr2_amp_lib1
PRJEB104209	PRJEB106069	ERS29439839	ERX16176628	ERR16783395	V27Dr3	AMPLICON	16S	V27Dr3_16S	V27Dr3 16S amplicon	V27Dr3_amp_lib1
PRJEB104209	PRJEB106069	ERS29439840	ERX16176629	ERR16783396	V27PRr1	AMPLICON	16S	V27PRr1_16S	V27PRr1 16S amplicon	V27PRr1_amp_lib1
PRJEB104209	PRJEB106069	ERS29439841	ERX16176630	ERR16783397	V27PRr2	AMPLICON	16S	V27PRr2_16S	V27PRr2 16S amplicon	V27PRr2_amp_lib1
PRJEB104209	PRJEB106069	ERS29439842	ERX16176631	ERR16783398	V27PRr3	AMPLICON	16S	V27PRr3_16S	V27PRr3 16S amplicon	V27PRr3_amp_lib1
PRJEB104209	PRJEB106069	ERS29439843	ERX16176632	ERR16783399	V28Dr1	AMPLICON	16S	V28Dr1_16S	V28Dr1 16S amplicon	V28Dr1_amp_lib1
PRJEB104209	PRJEB106069	ERS29439844	ERX16176633	ERR16783400	V28Dr3	AMPLICON	16S	V28Dr3_16S	V28Dr3 16S amplicon	V28Dr3_amp_lib1
PRJEB104209	PRJEB106069	ERS29439845	ERX16176634	ERR16783401	V28PRr1	AMPLICON	16S	V28PRr1_16S	V28PRr1 16S amplicon	V28PRr1_amp_lib1
PRJEB104209	PRJEB106069	ERS29439846	ERX16176635	ERR16783402	V28PRr2	AMPLICON	16S	V28PRr2_16S	V28PRr2 16S amplicon	V28PRr2_amp_lib1
PRJEB104209	PRJEB106069	ERS29439847	ERX16176636	ERR16783403	V28PRr3	AMPLICON	16S	V28PRr3_16S	V28PRr3 16S amplicon	V28PRr3_amp_lib1
PRJEB104209	PRJEB106069	ERS29439848	ERX16176638	ERR16783405	V29PRr2	AMPLICON	16S	V29PRr2_16S	V29PRr2 16S amplicon	V29PRr2_amp_lib1
PRJEB104209	PRJEB106069	ERS29439849	ERX16176639	ERR16783406	V29PRr3	AMPLICON	16S	V29PRr3_16S	V29PRr3 16S amplicon	V29PRr3_amp_lib1
PRJEB104209	PRJEB106069	ERS29439850	ERX16176640	ERR16783407	V2Dr1	AMPLICON	16S	V2Dr1_16S	V2Dr1 16S amplicon	V2Dr1_amp_lib1
PRJEB104209	PRJEB106069	ERS29439851	ERX16176641	ERR16783408	V2Dr2	AMPLICON	16S	V2Dr2_16S	V2Dr2 16S amplicon	V2Dr2_amp_lib1
PRJEB104209	PRJEB106069	ERS29439852	ERX16176642	ERR16783409	V2PRr1	AMPLICON	16S	V2PRr1_16S	V2PRr1 16S amplicon	V2PRr1_amp_lib1
PRJEB104209	PRJEB106069	ERS29439853	ERX16176643	ERR16783410	V2PRr2	AMPLICON	16S	V2PRr2_16S	V2PRr2 16S amplicon	V2PRr2_amp_lib1
PRJEB104209	PRJEB106069	ERS29439854	ERX16176644	ERR16783411	V2PRr3	AMPLICON	16S	V2PRr3_16S	V2PRr3 16S amplicon	V2PRr3_amp_lib1
PRJEB104209	PRJEB106069	ERS29439855	ERX16176645	ERR16783412	V2Sr1	AMPLICON	16S	V2Sr1_16S	V2Sr1 16S amplicon	V2Sr1_amp_lib1
PRJEB104209	PRJEB106069	ERS29439856	ERX16176646	ERR16783413	V2Sr2	AMPLICON	16S	V2Sr2_16S	V2Sr2 16S amplicon	V2Sr2_amp_lib1
PRJEB104209	PRJEB106069	ERS29439857	ERX16176647	ERR16783414	V30PRr1	AMPLICON	16S	V30PRr1_16S	V30PRr1 16S amplicon	V30PRr1_amp_lib1
PRJEB104209	PRJEB106069	ERS29439858	ERX16176648	ERR16783415	V30PRr2	AMPLICON	16S	V30PRr2_16S	V30PRr2 16S amplicon	V30PRr2_amp_lib1
PRJEB104209	PRJEB106069	ERS29439859	ERX16176649	ERR16783416	V30PRr3	AMPLICON	16S	V30PRr3_16S	V30PRr3 16S amplicon	V30PRr3_amp_lib1
PRJEB104209	PRJEB106069	ERS29439860	ERX16176650	ERR16783417	V30Sr2	AMPLICON	16S	V30Sr2_16S	V30Sr2 16S amplicon	V30Sr2_amp_lib1
PRJEB104209	PRJEB106069	ERS29439861	ERX16176651	ERR16783418	V31Dr1	AMPLICON	16S	V31Dr1_16S	V31Dr1 16S amplicon	V31Dr1_amp_lib1
PRJEB104209	PRJEB106069	ERS29439862	ERX16176652	ERR16783419	V31Dr3	AMPLICON	16S	V31Dr3_16S	V31Dr3 16S amplicon	V31Dr3_amp_lib1
PRJEB104209	PRJEB106069	ERS29439863	ERX16176653	ERR16783420	V32PRr1	AMPLICON	16S	V32PRr1_16S	V32PRr1 16S amplicon	V32PRr1_amp_lib1
PRJEB104209	PRJEB106069	ERS29439864	ERX16176654	ERR16783421	V32PRr2	AMPLICON	16S	V32PRr2_16S	V32PRr2 16S amplicon	V32PRr2_amp_lib1
PRJEB104209	PRJEB106069	ERS29439865	ERX16176655	ERR16783422	V32PRr3	AMPLICON	16S	V32PRr3_16S	V32PRr3 16S amplicon	V32PRr3_amp_lib1
PRJEB104209	PRJEB106069	ERS29439866	ERX16176656	ERR16783423	V33PRr1	AMPLICON	16S	V33PRr1_16S	V33PRr1 16S amplicon	V33PRr1_amp_lib1
PRJEB104209	PRJEB106069	ERS29439867	ERX16176657	ERR16783424	V33PRr2	AMPLICON	16S	V33PRr2_16S	V33PRr2 16S amplicon	V33PRr2_amp_lib1
PRJEB104209	PRJEB106069	ERS29439868	ERX16176658	ERR16783425	V33PRr3	AMPLICON	16S	V33PRr3_16S	V33PRr3 16S amplicon	V33PRr3_amp_lib1
PRJEB104209	PRJEB106069	ERS29439869	ERX16176659	ERR16783426	V34Dr2	AMPLICON	16S	V34Dr2_16S	V34Dr2 16S amplicon	V34Dr2_amp_lib1
PRJEB104209	PRJEB106069	ERS29439870	ERX16176660	ERR16783427	V34PRr1	AMPLICON	16S	V34PRr1_16S	V34PRr1 16S amplicon	V34PRr1_amp_lib1
PRJEB104209	PRJEB106069	ERS29439871	ERX16176661	ERR16783428	V34PRr2	AMPLICON	16S	V34PRr2_16S	V34PRr2 16S amplicon	V34PRr2_amp_lib1
PRJEB104209	PRJEB106069	ERS29439872	ERX16176662	ERR16783429	V34PRr3	AMPLICON	16S	V34PRr3_16S	V34PRr3 16S amplicon	V34PRr3_amp_lib1
PRJEB104209	PRJEB106069	ERS29439873	ERX16176663	ERR16783430	V35Dr1	AMPLICON	16S	V35Dr1_16S	V35Dr1 16S amplicon	V35Dr1_amp_lib1
PRJEB104209	PRJEB106069	ERS29439874	ERX16176664	ERR16783431	V35PRr1	AMPLICON	16S	V35PRr1_16S	V35PRr1 16S amplicon	V35PRr1_amp_lib1
PRJEB104209	PRJEB106069	ERS29439875	ERX16176665	ERR16783432	V35PRr2	AMPLICON	16S	V35PRr2_16S	V35PRr2 16S amplicon	V35PRr2_amp_lib1
PRJEB104209	PRJEB106069	ERS29439877	ERX16176667	ERR16783434	V35PRr3R	AMPLICON	16S	V35PRr3R_16S	V35PRr3R 16S amplicon	V35PRr3R_amp_lib1
PRJEB104209	PRJEB106069	ERS29439876	ERX16176666	ERR16783433	V35PRr3	AMPLICON	16S	V35PRr3_16S	V35PRr3 16S amplicon	V35PRr3_amp_lib1
PRJEB104209	PRJEB106069	ERS29439878	ERX16176668	ERR16783435	V37Dr1	AMPLICON	16S	V37Dr1_16S	V37Dr1 16S amplicon	V37Dr1_amp_lib1
PRJEB104209	PRJEB106069	ERS29439879	ERX16176669	ERR16783436	V37PRr2	AMPLICON	16S	V37PRr2_16S	V37PRr2 16S amplicon	V37PRr2_amp_lib1
PRJEB104209	PRJEB106069	ERS29439880	ERX16176670	ERR16783437	V37PRr3	AMPLICON	16S	V37PRr3_16S	V37PRr3 16S amplicon	V37PRr3_amp_lib1
PRJEB104209	PRJEB106069	ERS29439881	ERX16176671	ERR16783438	V38PRr3	AMPLICON	16S	V38PRr3_16S	V38PRr3 16S amplicon	V38PRr3_amp_lib1
PRJEB104209	PRJEB106069	ERS29439882	ERX16176672	ERR16783439	V38Sr2	AMPLICON	16S	V38Sr2_16S	V38Sr2 16S amplicon	V38Sr2_amp_lib1
PRJEB104209	PRJEB106069	ERS29439883	ERX16176673	ERR16783440	V39Dr1	AMPLICON	16S	V39Dr1_16S	V39Dr1 16S amplicon	V39Dr1_amp_lib1
PRJEB104209	PRJEB106069	ERS29439884	ERX16176674	ERR16783441	V39Dr3	AMPLICON	16S	V39Dr3_16S	V39Dr3 16S amplicon	V39Dr3_amp_lib1
PRJEB104209	PRJEB106069	ERS29439885	ERX16176675	ERR16783442	V39PRr1	AMPLICON	16S	V39PRr1_16S	V39PRr1 16S amplicon	V39PRr1_amp_lib1
PRJEB104209	PRJEB106069	ERS29439886	ERX16176676	ERR16783443	V39PRr2	AMPLICON	16S	V39PRr2_16S	V39PRr2 16S amplicon	V39PRr2_amp_lib1
PRJEB104209	PRJEB106069	ERS29439887	ERX16176677	ERR16783444	V39PRr3	AMPLICON	16S	V39PRr3_16S	V39PRr3 16S amplicon	V39PRr3_amp_lib1
PRJEB104209	PRJEB106069	ERS29439888	ERX16176678	ERR16783445	V39Sr2	AMPLICON	16S	V39Sr2_16S	V39Sr2 16S amplicon	V39Sr2_amp_lib1
PRJEB104209	PRJEB106069	ERS29439889	ERX16176679	ERR16783446	V3PRr1	AMPLICON	16S	V3PRr1_16S	V3PRr1 16S amplicon	V3PRr1_amp_lib1
PRJEB104209	PRJEB106069	ERS29439890	ERX16176680	ERR16783447	V3PRr2	AMPLICON	16S	V3PRr2_16S	V3PRr2 16S amplicon	V3PRr2_amp_lib1
PRJEB104209	PRJEB106069	ERS29439891	ERX16176681	ERR16783448	V3PRr3	AMPLICON	16S	V3PRr3_16S	V3PRr3 16S amplicon	V3PRr3_amp_lib1
PRJEB104209	PRJEB106069	ERS29439892	ERX16176682	ERR16783449	V40Dr1	AMPLICON	16S	V40Dr1_16S	V40Dr1 16S amplicon	V40Dr1_amp_lib1
PRJEB104209	PRJEB106069	ERS29439893	ERX16176683	ERR16783450	V40PRr1	AMPLICON	16S	V40PRr1_16S	V40PRr1 16S amplicon	V40PRr1_amp_lib1
PRJEB104209	PRJEB106069	ERS29439894	ERX16176684	ERR16783451	V40PRr2	AMPLICON	16S	V40PRr2_16S	V40PRr2 16S amplicon	V40PRr2_amp_lib1
PRJEB104209	PRJEB106069	ERS29439895	ERX16176685	ERR16783452	V40PRr3	AMPLICON	16S	V40PRr3_16S	V40PRr3 16S amplicon	V40PRr3_amp_lib1
PRJEB104209	PRJEB106069	ERS29439896	ERX16176686	ERR16783453	V40Sr3	AMPLICON	16S	V40Sr3_16S	V40Sr3 16S amplicon	V40Sr3_amp_lib1
PRJEB104209	PRJEB106069	ERS29439897	ERX16176687	ERR16783454	V41Dr3	AMPLICON	16S	V41Dr3_16S	V41Dr3 16S amplicon	V41Dr3_amp_lib1
PRJEB104209	PRJEB106069	ERS29439898	ERX16176688	ERR16783455	V42PRr2	AMPLICON	16S	V42PRr2_16S	V42PRr2 16S amplicon	V42PRr2_amp_lib1
PRJEB104209	PRJEB106069	ERS29439899	ERX16176689	ERR16783456	V42Sr2	AMPLICON	16S	V42Sr2_16S	V42Sr2 16S amplicon	V42Sr2_amp_lib1
PRJEB104209	PRJEB106069	ERS29439900	ERX16176690	ERR16783457	V43Dr1	AMPLICON	16S	V43Dr1_16S	V43Dr1 16S amplicon	V43Dr1_amp_lib1
PRJEB104209	PRJEB106069	ERS29439901	ERX16176691	ERR16783458	V43Dr2	AMPLICON	16S	V43Dr2_16S	V43Dr2 16S amplicon	V43Dr2_amp_lib1
PRJEB104209	PRJEB106069	ERS29439902	ERX16176692	ERR16783459	V43Dr3	AMPLICON	16S	V43Dr3_16S	V43Dr3 16S amplicon	V43Dr3_amp_lib1
PRJEB104209	PRJEB106069	ERS29439903	ERX16176693	ERR16783460	V43PRr1	AMPLICON	16S	V43PRr1_16S	V43PRr1 16S amplicon	V43PRr1_amp_lib1
PRJEB104209	PRJEB106069	ERS29439904	ERX16176694	ERR16783461	V43PRr2	AMPLICON	16S	V43PRr2_16S	V43PRr2 16S amplicon	V43PRr2_amp_lib1
PRJEB104209	PRJEB106069	ERS29439905	ERX16176695	ERR16783462	V43PRr3	AMPLICON	16S	V43PRr3_16S	V43PRr3 16S amplicon	V43PRr3_amp_lib1
PRJEB104209	PRJEB106069	ERS29439906	ERX16176696	ERR16783463	V44Dr1	AMPLICON	16S	V44Dr1_16S	V44Dr1 16S amplicon	V44Dr1_amp_lib1
PRJEB104209	PRJEB106069	ERS29439907	ERX16176697	ERR16783464	V44PRr1	AMPLICON	16S	V44PRr1_16S	V44PRr1 16S amplicon	V44PRr1_amp_lib1
PRJEB104209	PRJEB106069	ERS29439908	ERX16176698	ERR16783465	V44PRr2	AMPLICON	16S	V44PRr2_16S	V44PRr2 16S amplicon	V44PRr2_amp_lib1
PRJEB104209	PRJEB106069	ERS29439909	ERX16176699	ERR16783466	V45Dr1	AMPLICON	16S	V45Dr1_16S	V45Dr1 16S amplicon	V45Dr1_amp_lib1
PRJEB104209	PRJEB106069	ERS29439910	ERX16176700	ERR16783467	V45Dr2	AMPLICON	16S	V45Dr2_16S	V45Dr2 16S amplicon	V45Dr2_amp_lib1
PRJEB104209	PRJEB106069	ERS29439911	ERX16176701	ERR16783468	V45Dr3	AMPLICON	16S	V45Dr3_16S	V45Dr3 16S amplicon	V45Dr3_amp_lib1
PRJEB104209	PRJEB106069	ERS29439912	ERX16176702	ERR16783469	V45PRr1	AMPLICON	16S	V45PRr1_16S	V45PRr1 16S amplicon	V45PRr1_amp_lib1
PRJEB104209	PRJEB106069	ERS29439913	ERX16176703	ERR16783470	V45PRr2	AMPLICON	16S	V45PRr2_16S	V45PRr2 16S amplicon	V45PRr2_amp_lib1
PRJEB104209	PRJEB106069	ERS29439914	ERX16176704	ERR16783471	V45PRr3	AMPLICON	16S	V45PRr3_16S	V45PRr3 16S amplicon	V45PRr3_amp_lib1
PRJEB104209	PRJEB106069	ERS29439915	ERX16176705	ERR16783472	V45Sr3	AMPLICON	16S	V45Sr3_16S	V45Sr3 16S amplicon	V45Sr3_amp_lib1
PRJEB104209	PRJEB106069	ERS29439916	ERX16176706	ERR16783473	V46PRr1	AMPLICON	16S	V46PRr1_16S	V46PRr1 16S amplicon	V46PRr1_amp_lib1
PRJEB104209	PRJEB106069	ERS29439917	ERX16176707	ERR16783474	V46PRr2	AMPLICON	16S	V46PRr2_16S	V46PRr2 16S amplicon	V46PRr2_amp_lib1
PRJEB104209	PRJEB106069	ERS29439918	ERX16176708	ERR16783475	V46PRr3	AMPLICON	16S	V46PRr3_16S	V46PRr3 16S amplicon	V46PRr3_amp_lib1
PRJEB104209	PRJEB106069	ERS29439919	ERX16176709	ERR16783476	V47PRr1	AMPLICON	16S	V47PRr1_16S	V47PRr1 16S amplicon	V47PRr1_amp_lib1
PRJEB104209	PRJEB106069	ERS29439920	ERX16176710	ERR16783477	V47PRr2	AMPLICON	16S	V47PRr2_16S	V47PRr2 16S amplicon	V47PRr2_amp_lib1
PRJEB104209	PRJEB106069	ERS29439921	ERX16176711	ERR16783478	V47PRr3	AMPLICON	16S	V47PRr3_16S	V47PRr3 16S amplicon	V47PRr3_amp_lib1
PRJEB104209	PRJEB106069	ERS29439922	ERX16176712	ERR16783479	V48Dr1	AMPLICON	16S	V48Dr1_16S	V48Dr1 16S amplicon	V48Dr1_amp_lib1
PRJEB104209	PRJEB106069	ERS29439923	ERX16176713	ERR16783480	V48Dr2	AMPLICON	16S	V48Dr2_16S	V48Dr2 16S amplicon	V48Dr2_amp_lib1
PRJEB104209	PRJEB106069	ERS29439924	ERX16176714	ERR16783481	V48Dr3	AMPLICON	16S	V48Dr3_16S	V48Dr3 16S amplicon	V48Dr3_amp_lib1
PRJEB104209	PRJEB106069	ERS29439925	ERX16176715	ERR16783482	V48PRr1	AMPLICON	16S	V48PRr1_16S	V48PRr1 16S amplicon	V48PRr1_amp_lib1
PRJEB104209	PRJEB106069	ERS29439926	ERX16176716	ERR16783483	V49Dr2	AMPLICON	16S	V49Dr2_16S	V49Dr2 16S amplicon	V49Dr2_amp_lib1
PRJEB104209	PRJEB106069	ERS29439927	ERX16176717	ERR16783484	V4Dr1	AMPLICON	16S	V4Dr1_16S	V4Dr1 16S amplicon	V4Dr1_amp_lib1
PRJEB104209	PRJEB106069	ERS29439928	ERX16176718	ERR16783485	V4Dr2	AMPLICON	16S	V4Dr2_16S	V4Dr2 16S amplicon	V4Dr2_amp_lib1
PRJEB104209	PRJEB106069	ERS29439929	ERX16176719	ERR16783486	V4Dr3	AMPLICON	16S	V4Dr3_16S	V4Dr3 16S amplicon	V4Dr3_amp_lib1
PRJEB104209	PRJEB106069	ERS29439930	ERX16176720	ERR16783487	V4PRr1	AMPLICON	16S	V4PRr1_16S	V4PRr1 16S amplicon	V4PRr1_amp_lib1
PRJEB104209	PRJEB106069	ERS29439931	ERX16176721	ERR16783488	V4PRr2	AMPLICON	16S	V4PRr2_16S	V4PRr2 16S amplicon	V4PRr2_amp_lib1
PRJEB104209	PRJEB106069	ERS29439932	ERX16176722	ERR16783489	V4PRr3	AMPLICON	16S	V4PRr3_16S	V4PRr3 16S amplicon	V4PRr3_amp_lib1
PRJEB104209	PRJEB106069	ERS29439933	ERX16176723	ERR16783490	V4Sr1	AMPLICON	16S	V4Sr1_16S	V4Sr1 16S amplicon	V4Sr1_amp_lib1
PRJEB104209	PRJEB106069	ERS29439934	ERX16176724	ERR16783491	V4Sr3	AMPLICON	16S	V4Sr3_16S	V4Sr3 16S amplicon	V4Sr3_amp_lib1
PRJEB104209	PRJEB106069	ERS29439935	ERX16176725	ERR16783492	V50PRr2	AMPLICON	16S	V50PRr2_16S	V50PRr2 16S amplicon	V50PRr2_amp_lib1
PRJEB104209	PRJEB106069	ERS29439936	ERX16176726	ERR16783493	V51PRr2	AMPLICON	16S	V51PRr2_16S	V51PRr2 16S amplicon	V51PRr2_amp_lib1
PRJEB104209	PRJEB106069	ERS29439937	ERX16176727	ERR16783494	V51PRr3	AMPLICON	16S	V51PRr3_16S	V51PRr3 16S amplicon	V51PRr3_amp_lib1
PRJEB104209	PRJEB106069	ERS29439938	ERX16176728	ERR16783495	V53PRr2	AMPLICON	16S	V53PRr2_16S	V53PRr2 16S amplicon	V53PRr2_amp_lib1
PRJEB104209	PRJEB106069	ERS29439939	ERX16176729	ERR16783496	V54PRr1	AMPLICON	16S	V54PRr1_16S	V54PRr1 16S amplicon	V54PRr1_amp_lib1
PRJEB104209	PRJEB106069	ERS29439940	ERX16176730	ERR16783497	V54PRr2	AMPLICON	16S	V54PRr2_16S	V54PRr2 16S amplicon	V54PRr2_amp_lib1
PRJEB104209	PRJEB106069	ERS29439941	ERX16176731	ERR16783498	V54PRr3	AMPLICON	16S	V54PRr3_16S	V54PRr3 16S amplicon	V54PRr3_amp_lib1
PRJEB104209	PRJEB106069	ERS29439942	ERX16176732	ERR16783499	V55Dr1	AMPLICON	16S	V55Dr1_16S	V55Dr1 16S amplicon	V55Dr1_amp_lib1
PRJEB104209	PRJEB106069	ERS29439943	ERX16176734	ERR16783501	V55PRr1	AMPLICON	16S	V55PRr1_16S	V55PRr1 16S amplicon	V55PRr1_amp_lib1
PRJEB104209	PRJEB106069	ERS29439944	ERX16176829	ERR16783596	V55PRr2	AMPLICON	16S	V55PRr2_16S	V55PRr2 16S amplicon	V55PRr2_amp_lib1
PRJEB104209	PRJEB106069	ERS29439945	ERX16177018	ERR16783785	V55PRr3	AMPLICON	16S	V55PRr3_16S	V55PRr3 16S amplicon	V55PRr3_amp_lib1
PRJEB104209	PRJEB106069	ERS29439946	ERX16177019	ERR16783786	V55Sr2	AMPLICON	16S	V55Sr2_16S	V55Sr2 16S amplicon	V55Sr2_amp_lib1
PRJEB104209	PRJEB106069	ERS29439947	ERX16177020	ERR16783787	V55Sr3	AMPLICON	16S	V55Sr3_16S	V55Sr3 16S amplicon	V55Sr3_amp_lib1
PRJEB104209	PRJEB106069	ERS29439948	ERX16177021	ERR16783788	V57PRr2	AMPLICON	16S	V57PRr2_16S	V57PRr2 16S amplicon	V57PRr2_amp_lib1
PRJEB104209	PRJEB106069	ERS29439949	ERX16177022	ERR16783789	V57PRr3	AMPLICON	16S	V57PRr3_16S	V57PRr3 16S amplicon	V57PRr3_amp_lib1
PRJEB104209	PRJEB106069	ERS29439950	ERX16177023	ERR16783790	V58PRr1	AMPLICON	16S	V58PRr1_16S	V58PRr1 16S amplicon	V58PRr1_amp_lib1
PRJEB104209	PRJEB106069	ERS29439951	ERX16177024	ERR16783791	V58PRr2	AMPLICON	16S	V58PRr2_16S	V58PRr2 16S amplicon	V58PRr2_amp_lib1
PRJEB104209	PRJEB106069	ERS29439952	ERX16177025	ERR16783792	V58PRr3	AMPLICON	16S	V58PRr3_16S	V58PRr3 16S amplicon	V58PRr3_amp_lib1
PRJEB104209	PRJEB106069	ERS29439954	ERX16177027	ERR16783794	V5Dr1T	AMPLICON	16S	V5Dr1T_16S	V5Dr1T 16S amplicon	V5Dr1T_amp_lib1
PRJEB104209	PRJEB106069	ERS29439953	ERX16177026	ERR16783793	V5Dr1	AMPLICON	16S	V5Dr1_16S	V5Dr1 16S amplicon	V5Dr1_amp_lib1
PRJEB104209	PRJEB106069	ERS29439956	ERX16177029	ERR16783796	V5PRr1O	AMPLICON	16S	V5PRr1O_16S	V5PRr1O 16S amplicon	V5PRr1O_amp_lib1
PRJEB104209	PRJEB106069	ERS29439957	ERX16177030	ERR16783797	V5PRr1T	AMPLICON	16S	V5PRr1T_16S	V5PRr1T 16S amplicon	V5PRr1T_amp_lib1
PRJEB104209	PRJEB106069	ERS29439955	ERX16177028	ERR16783795	V5PRr1	AMPLICON	16S	V5PRr1_16S	V5PRr1 16S amplicon	V5PRr1_amp_lib1
PRJEB104209	PRJEB106069	ERS29439958	ERX16177031	ERR16783798	V5PRr2	AMPLICON	16S	V5PRr2_16S	V5PRr2 16S amplicon	V5PRr2_amp_lib1
PRJEB104209	PRJEB106069	ERS29439959	ERX16177032	ERR16783799	V5PRr3	AMPLICON	16S	V5PRr3_16S	V5PRr3 16S amplicon	V5PRr3_amp_lib1
PRJEB104209	PRJEB106069	ERS29439960	ERX16177033	ERR16783800	V5Sr1	AMPLICON	16S	V5Sr1_16S	V5Sr1 16S amplicon	V5Sr1_amp_lib1
PRJEB104209	PRJEB106069	ERS29439961	ERX16177034	ERR16783801	V5Sr3	AMPLICON	16S	V5Sr3_16S	V5Sr3 16S amplicon	V5Sr3_amp_lib1
PRJEB104209	PRJEB106069	ERS29439963	ERX16177036	ERR16783803	V60PRr1O	AMPLICON	16S	V60PRr1O_16S	V60PRr1O 16S amplicon	V60PRr1O_amp_lib1
PRJEB104209	PRJEB106069	ERS29439962	ERX16177035	ERR16783802	V60PRr1	AMPLICON	16S	V60PRr1_16S	V60PRr1 16S amplicon	V60PRr1_amp_lib1
PRJEB104209	PRJEB106069	ERS29439964	ERX16177037	ERR16783804	V60PRr2	AMPLICON	16S	V60PRr2_16S	V60PRr2 16S amplicon	V60PRr2_amp_lib1
PRJEB104209	PRJEB106069	ERS29439965	ERX16177038	ERR16783805	V6Dr1	AMPLICON	16S	V6Dr1_16S	V6Dr1 16S amplicon	V6Dr1_amp_lib1
PRJEB104209	PRJEB106069	ERS29439966	ERX16177039	ERR16783806	V6PRr1	AMPLICON	16S	V6PRr1_16S	V6PRr1 16S amplicon	V6PRr1_amp_lib1
PRJEB104209	PRJEB106069	ERS29439967	ERX16177040	ERR16783807	V6PRr2	AMPLICON	16S	V6PRr2_16S	V6PRr2 16S amplicon	V6PRr2_amp_lib1
PRJEB104209	PRJEB106069	ERS29439968	ERX16177041	ERR16783808	V6PRr3	AMPLICON	16S	V6PRr3_16S	V6PRr3 16S amplicon	V6PRr3_amp_lib1
PRJEB104209	PRJEB106069	ERS29439969	ERX16177042	ERR16783809	V6Sr1	AMPLICON	16S	V6Sr1_16S	V6Sr1 16S amplicon	V6Sr1_amp_lib1
PRJEB104209	PRJEB106069	ERS29439970	ERX16177043	ERR16783810	V6Sr3	AMPLICON	16S	V6Sr3_16S	V6Sr3 16S amplicon	V6Sr3_amp_lib1
PRJEB104209	PRJEB106069	ERS29439971	ERX16177044	ERR16783811	V7Dr1T	AMPLICON	16S	V7Dr1T_16S	V7Dr1T 16S amplicon	V7Dr1T_amp_lib1
PRJEB104209	PRJEB106069	ERS29439973	ERX16177046	ERR16783813	V7Dr3R	AMPLICON	16S	V7Dr3R_16S	V7Dr3R 16S amplicon	V7Dr3R_amp_lib1
PRJEB104209	PRJEB106069	ERS29439972	ERX16177045	ERR16783812	V7Dr3	AMPLICON	16S	V7Dr3_16S	V7Dr3 16S amplicon	V7Dr3_amp_lib1
PRJEB104209	PRJEB106069	ERS29439975	ERX16177048	ERR16783815	V7PRr1O	AMPLICON	16S	V7PRr1O_16S	V7PRr1O 16S amplicon	V7PRr1O_amp_lib1
PRJEB104209	PRJEB106069	ERS29439976	ERX16177050	ERR16783817	V7PRr1T	AMPLICON	16S	V7PRr1T_16S	V7PRr1T 16S amplicon	V7PRr1T_amp_lib1
PRJEB104209	PRJEB106069	ERS29439974	ERX16177047	ERR16783814	V7PRr1	AMPLICON	16S	V7PRr1_16S	V7PRr1 16S amplicon	V7PRr1_amp_lib1
PRJEB104209	PRJEB106069	ERS29439977	ERX16177051	ERR16783818	V7PRr2	AMPLICON	16S	V7PRr2_16S	V7PRr2 16S amplicon	V7PRr2_amp_lib1
PRJEB104209	PRJEB106069	ERS29439978	ERX16177052	ERR16783819	V7PRr3	AMPLICON	16S	V7PRr3_16S	V7PRr3 16S amplicon	V7PRr3_amp_lib1
PRJEB104209	PRJEB106069	ERS29439979	ERX16177053	ERR16783820	V8Dr3	AMPLICON	16S	V8Dr3_16S	V8Dr3 16S amplicon	V8Dr3_amp_lib1
PRJEB104209	PRJEB106069	ERS29439980	ERX16177054	ERR16783821	V8PRr1	AMPLICON	16S	V8PRr1_16S	V8PRr1 16S amplicon	V8PRr1_amp_lib1
PRJEB104209	PRJEB106069	ERS29439981	ERX16177055	ERR16783822	V8PRr2	AMPLICON	16S	V8PRr2_16S	V8PRr2 16S amplicon	V8PRr2_amp_lib1
PRJEB104209	PRJEB106069	ERS29439982	ERX16177056	ERR16783823	V8PRr3	AMPLICON	16S	V8PRr3_16S	V8PRr3 16S amplicon	V8PRr3_amp_lib1
PRJEB104209	PRJEB106069	ERS29439983	ERX16177057	ERR16783824	V9PRr1	AMPLICON	16S	V9PRr1_16S	V9PRr1 16S amplicon	V9PRr1_amp_lib1
PRJEB104209	PRJEB106069	ERS29439984	ERX16177058	ERR16783825	V9PRr2	AMPLICON	16S	V9PRr2_16S	V9PRr2 16S amplicon	V9PRr2_amp_lib1
PRJEB104209	PRJEB106069	ERS29439985	ERX16177059	ERR16783826	V9PRr3	AMPLICON	16S	V9PRr3_16S	V9PRr3 16S amplicon	V9PRr3_amp_lib1
