site_a	site_b	geographic_distance_km	compartment	compartment_label	aitchison_dissimilarity
1	2	10.10648629	Surface	Surface	18.41460391
1	3	28.25796439	Surface	Surface	21.57087634
1	4	47.61544412	Surface	Surface	19.94002643
1	5	58.85946294	Surface	Surface	15.85282186
1	6	73.55524788	Surface	Surface	19.87705044
1	7	87.06997825	Surface	Surface	25.251344
1	8	102.2829382	Surface	Surface	27.45391559
1	9	122.206354	Surface	Surface	30.2929974
1	10	138.5354625	Surface	Surface	26.87105266
1	11	156.9523329	Surface	Surface	28.00090491
1	12	178.0420697	Surface	Surface	24.97036389
1	13	201.6005194	Surface	Surface	27.25579178
1	14	227.2011724	Surface	Surface	35.50437718
1	15	246.7396651	Surface	Surface	26.22239209
1	16	262.8044668	Surface	Surface	29.25190083
1	17	284.1077048	Surface	Surface	32.41116999
1	18	307.8393819	Surface	Surface	30.3944711
1	19	329.5327081	Surface	Surface	32.91632832
1	20	349.673269	Surface	Surface	25.40973111
1	21	356.7704178	Surface	Surface	28.28617128
1	22	374.3426741	Surface	Surface	24.20642616
1	23	389.843226	Surface	Surface	28.21596174
1	24	403.8103918	Surface	Surface	31.05983461
1	25	409.5609904	Surface	Surface	34.31970101
1	26	423.5184924	Surface	Surface	32.35413037
1	27	436.9448526	Surface	Surface	33.30279764
1	28	455.7387838	Surface	Surface	30.81364072
1	29	476.0392933	Surface	Surface	38.17554777
1	30	488.0409304	Surface	Surface	34.49634223
1	31	509.7584327	Surface	Surface	42.08988095
1	32	530.6215785	Surface	Surface	47.40374623
1	33	552.1228693	Surface	Surface	36.65076782
1	34	574.3947786	Surface	Surface	38.72176072
1	35	596.9239916	Surface	Surface	33.36376448
1	36	640.4532381	Surface	Surface	35.42717469
1	37	661.6027389	Surface	Surface	36.35185037
1	38	664.3532204	Surface	Surface	35.88206431
1	39	688.7119861	Surface	Surface	38.28732601
1	40	712.8752931	Surface	Surface	38.10268432
1	41	725.001922	Surface	Surface	45.06320968
1	42	743.5378843	Surface	Surface	37.09421643
1	43	754.0557975	Surface	Surface	36.32283455
1	44	773.1090806	Surface	Surface	35.51355544
1	45	778.8870015	Surface	Surface	35.5511702
1	46	799.3134504	Surface	Surface	36.27994533
1	47	819.5350219	Surface	Surface	33.15077531
1	48	843.2164368	Surface	Surface	39.32672438
1	49	864.7013877	Surface	Surface	32.40709756
1	50	878.9351544	Surface	Surface	33.64965725
1	51	888.4684542	Surface	Surface	37.72834273
1	52	907.9238235	Surface	Surface	43.30351599
1	53	917.3740007	Surface	Surface	38.94540368
1	54	939.8353911	Surface	Surface	45.99742661
1	55	943.5396347	Surface	Surface	48.05566984
1	56	964.4485269	Surface	Surface	37.73255243
1	57	982.5793282	Surface	Surface	46.52870037
1	58	999.3262151	Surface	Surface	42.73114247
1	59	1003.546557	Surface	Surface	41.7834087
1	60	1014.391542	Surface	Surface	37.92109873
2	3	18.15173038	Surface	Surface	25.6101816
2	4	37.53608796	Surface	Surface	19.02685314
2	5	48.84550602	Surface	Surface	18.89365425
2	6	63.76453397	Surface	Surface	23.1204044
2	7	77.45644003	Surface	Surface	28.93601313
2	8	92.89932418	Surface	Surface	31.10527165
2	9	112.9206711	Surface	Surface	31.3260909
2	10	129.3301654	Surface	Surface	27.96015307
2	11	147.7769345	Surface	Surface	29.14550392
2	12	168.8761075	Surface	Surface	24.47651158
2	13	192.4089677	Surface	Surface	28.81482317
2	14	217.9964245	Surface	Surface	35.13832191
2	15	237.5409349	Surface	Surface	25.67342206
2	16	253.602577	Surface	Surface	29.88705189
2	17	274.9169517	Surface	Surface	33.21746239
2	18	298.6273716	Surface	Surface	32.56940469
2	19	320.2616159	Surface	Surface	32.76423573
2	20	340.3809717	Surface	Surface	28.83063841
2	21	347.4557267	Surface	Surface	29.80778864
2	22	364.9787435	Surface	Surface	28.51643079
2	23	380.4381739	Surface	Surface	29.42701731
2	24	394.3928449	Surface	Surface	32.35327273
2	25	400.1493405	Surface	Surface	34.10130717
2	26	414.090173	Surface	Surface	33.13768753
2	27	427.4936096	Surface	Surface	32.38589978
2	28	446.2918716	Surface	Surface	30.17152154
2	29	466.6205986	Surface	Surface	37.71477545
2	30	478.6379946	Surface	Surface	35.55344897
2	31	500.3755507	Surface	Surface	43.28961123
2	32	521.2634224	Surface	Surface	48.43636627
2	33	542.796405	Surface	Surface	35.44498453
2	34	565.0835499	Surface	Surface	39.01380429
2	35	587.6269677	Surface	Surface	32.88279504
2	36	631.1821728	Surface	Surface	33.50997146
2	37	652.3389769	Surface	Surface	34.7732809
2	38	655.0883977	Surface	Surface	35.91647377
2	39	679.4459715	Surface	Surface	37.13276624
2	40	703.6158437	Surface	Surface	38.12272496
2	41	715.7622282	Surface	Surface	46.29168914
2	42	734.3105746	Surface	Surface	37.30319886
2	43	744.8329747	Surface	Surface	35.10036801
2	44	763.9077107	Surface	Surface	37.3365048
2	45	769.6946918	Surface	Surface	35.2910549
2	46	790.1489392	Surface	Surface	36.28554438
2	47	810.3983647	Surface	Surface	33.25348867
2	48	834.0872347	Surface	Surface	37.07919235
2	49	855.5494089	Surface	Surface	32.75512054
2	50	869.7585149	Surface	Surface	32.71946176
2	51	879.2553406	Surface	Surface	38.98256328
2	52	898.7079712	Surface	Surface	41.85593492
2	53	908.1610059	Surface	Surface	38.34728844
2	54	930.6086647	Surface	Surface	44.06975488
2	55	934.3252667	Surface	Surface	47.03552939
2	56	955.2931882	Surface	Surface	37.13308287
2	57	973.4827732	Surface	Surface	46.12973507
2	58	990.2780369	Surface	Surface	41.6981446
2	59	994.506205	Surface	Surface	40.1671952
2	60	1005.334166	Surface	Surface	37.41059234
3	4	19.5304485	Surface	Surface	21.23520334
3	5	31.04949852	Surface	Surface	20.76040281
3	6	46.57962419	Surface	Surface	20.29746317
3	7	60.66194235	Surface	Surface	24.19033308
3	8	76.58614031	Surface	Surface	25.23371367
3	9	96.73500037	Surface	Surface	26.47494406
3	10	113.2625709	Surface	Surface	24.89284963
3	11	131.7186662	Surface	Surface	24.0953711
3	12	152.7891493	Surface	Surface	23.60515323
3	13	176.2274267	Surface	Surface	25.07862448
3	14	201.7547597	Surface	Surface	32.70266353
3	15	221.2917862	Surface	Surface	25.31898023
3	16	237.3331344	Surface	Surface	27.53935815
3	17	258.654176	Surface	Surface	29.13332469
3	18	282.3073104	Surface	Surface	27.06042763
3	19	303.8129465	Surface	Surface	29.87338645
3	20	323.8817721	Surface	Surface	24.32067662
3	21	330.9095758	Surface	Surface	26.38993289
3	22	348.3295069	Surface	Surface	23.8818769
3	23	363.7034797	Surface	Surface	26.35512526
3	24	377.6300017	Surface	Surface	28.08990271
3	25	383.39667	Surface	Surface	33.67142338
3	26	397.301644	Surface	Surface	29.33436918
3	27	410.6574455	Surface	Surface	33.75406283
3	28	429.4605894	Surface	Surface	29.53549521
3	29	449.8406274	Surface	Surface	35.30605935
3	30	461.8865721	Surface	Surface	29.4907747
3	31	483.6594461	Surface	Surface	37.3230861
3	32	504.5918862	Surface	Surface	41.58470241
3	33	526.1827887	Surface	Surface	33.28872485
3	34	548.4961436	Surface	Surface	35.86296569
3	35	571.0638912	Surface	Surface	33.05858567
3	36	614.6636024	Surface	Surface	32.66683417
3	37	635.832055	Surface	Surface	33.49656582
3	38	638.5791672	Surface	Surface	32.06640081
3	39	662.9320384	Surface	Surface	35.28316369
3	40	687.112147	Surface	Surface	34.84800418
3	41	699.294973	Surface	Surface	41.04545804
3	42	717.8652031	Surface	Surface	33.53652078
3	43	728.3952216	Surface	Surface	34.0730783
3	44	747.5090295	Surface	Surface	33.58731511
3	45	753.312693	Surface	Surface	33.69771586
3	46	773.8178889	Surface	Surface	32.82170745
3	47	794.1183585	Surface	Surface	29.60066309
3	48	817.8195269	Surface	Surface	38.66469926
3	49	839.2372512	Surface	Surface	31.24123714
3	50	853.3989402	Surface	Surface	30.40745724
3	51	862.8264222	Surface	Surface	32.82819692
3	52	882.2727498	Surface	Surface	38.33147365
3	53	891.7306307	Surface	Surface	32.83178861
3	54	914.1512086	Surface	Surface	39.09453949
3	55	917.8908769	Surface	Surface	43.48207051
3	56	938.9686929	Surface	Surface	33.47108185
3	57	957.2676898	Surface	Surface	40.65640369
3	58	974.1527769	Surface	Surface	38.60883069
3	59	978.3953824	Surface	Surface	36.68395361
3	60	989.1908481	Surface	Surface	31.97939399
4	5	11.65887821	Surface	Surface	17.02936741
4	6	27.77425278	Surface	Surface	19.44758292
4	7	42.13380236	Surface	Surface	23.56323474
4	8	58.42971527	Surface	Surface	24.90960328
4	9	78.54748239	Surface	Surface	24.8118545
4	10	95.10216756	Surface	Surface	20.22104878
4	11	113.4927702	Surface	Surface	22.64308063
4	12	134.4770813	Surface	Surface	17.52065301
4	13	157.7860579	Surface	Surface	23.09474351
4	14	183.2279232	Surface	Surface	27.7878787
4	15	202.7387605	Surface	Surface	19.0937205
4	16	218.7500534	Surface	Surface	20.26004391
4	17	240.0612282	Surface	Surface	25.6254867
4	18	263.6557029	Surface	Surface	23.39256383
4	19	285.0534315	Surface	Surface	23.16163062
4	20	305.0774	Surface	Surface	19.84559397
4	21	312.0686086	Surface	Surface	21.85002869
4	22	329.4098983	Surface	Surface	23.31080063
4	23	344.7209102	Surface	Surface	23.16572322
4	24	358.6255041	Surface	Surface	24.43368121
4	25	364.3980167	Surface	Surface	25.41209085
4	26	378.2764414	Surface	Surface	24.01769878
4	27	391.5986264	Surface	Surface	25.82260409
4	28	410.4024053	Surface	Surface	21.76828907
4	29	430.8136326	Surface	Surface	28.8550998
4	30	442.8770482	Surface	Surface	25.84184477
4	31	464.6709274	Surface	Surface	34.13051327
4	32	485.6309864	Surface	Surface	38.92578401
4	33	507.2588839	Surface	Surface	26.35517305
4	34	529.5878432	Surface	Surface	29.11681377
4	35	552.1700687	Surface	Surface	26.20099826
4	36	595.7965051	Surface	Surface	25.88076276
4	37	616.9712507	Surface	Surface	25.88692522
4	38	619.7165502	Surface	Surface	27.60333472
4	39	644.064327	Surface	Surface	28.23809703
4	40	668.2497625	Surface	Surface	29.32927876
4	41	680.4568983	Surface	Surface	41.25619461
4	42	699.0410547	Surface	Surface	28.16982697
4	43	709.575679	Surface	Surface	28.62524867
4	44	728.7155019	Surface	Surface	29.13796892
4	45	734.53048	Surface	Surface	29.57719779
4	46	755.0702605	Surface	Surface	29.15743824
4	47	775.4056959	Surface	Surface	24.31176341
4	48	799.114215	Surface	Surface	32.80906516
4	49	820.4992152	Surface	Surface	25.80371702
4	50	834.6268466	Surface	Surface	26.07665804
4	51	844.0057008	Surface	Surface	31.06109224
4	52	863.446817	Surface	Surface	35.07271271
4	53	872.9076266	Surface	Surface	30.54129826
4	54	895.3086938	Surface	Surface	36.6041232
4	55	899.0640275	Surface	Surface	39.33998733
4	56	920.2172685	Surface	Surface	28.39450462
4	57	938.5928892	Surface	Surface	37.5211573
4	58	955.5417755	Surface	Surface	34.21885827
4	59	959.7946442	Surface	Surface	33.59115861
4	60	970.5661461	Surface	Surface	29.97145175
5	6	16.37101943	Surface	Surface	18.6481883
5	7	30.7716123	Surface	Surface	23.52909479
5	8	47.18296041	Surface	Surface	23.87910738
5	9	67.21821823	Surface	Surface	25.25751793
5	10	83.75467116	Surface	Surface	22.4820248
5	11	102.0965242	Surface	Surface	23.94173854
5	12	123.032847	Surface	Surface	20.20428315
5	13	146.2869526	Surface	Surface	21.95823723
5	14	171.695417	Surface	Surface	30.97338624
5	15	191.1951047	Surface	Surface	21.26257311
5	16	207.1956871	Surface	Surface	24.83752397
5	17	228.5018061	Surface	Surface	27.05721833
5	18	252.0789563	Surface	Surface	24.18204556
5	19	273.4499091	Surface	Surface	26.68915329
5	20	293.4635646	Surface	Surface	20.56525289
5	21	300.4473249	Surface	Surface	23.69117484
5	22	317.7743952	Surface	Surface	20.55121105
5	23	333.0760374	Surface	Surface	23.14834662
5	24	346.9777571	Surface	Surface	26.40643626
5	25	352.75091	Surface	Surface	29.08315729
5	26	366.626205	Surface	Surface	27.1147702
5	27	379.9450767	Surface	Surface	29.0158339
5	28	398.7488154	Surface	Surface	26.01379075
5	29	419.162866	Surface	Surface	33.71920727
5	30	431.2280742	Surface	Surface	29.30334218
5	31	453.0242522	Surface	Surface	36.74543334
5	32	473.9876753	Surface	Surface	42.49276566
5	33	495.6206138	Surface	Surface	32.70271138
5	34	517.9517591	Surface	Surface	33.49247331
5	35	540.5360778	Surface	Surface	29.48614099
5	36	584.1665563	Surface	Surface	30.14728767
5	37	605.3422171	Surface	Surface	29.48965083
5	38	608.0871942	Surface	Surface	31.11029668
5	39	632.4339752	Surface	Surface	32.63226325
5	40	656.6201604	Surface	Surface	32.51556469
5	41	668.8313814	Surface	Surface	41.41368603
5	42	687.4178959	Surface	Surface	32.69950595
5	43	697.9532882	Surface	Surface	30.64157503
5	44	717.0977949	Surface	Surface	31.36506988
5	45	722.9148856	Surface	Surface	31.44457096
5	46	743.4613272	Surface	Surface	32.13318613
5	47	763.8038188	Surface	Surface	28.24650649
5	48	787.513737	Surface	Surface	35.89793949
5	49	808.8918398	Surface	Surface	29.88445485
5	50	823.012669	Surface	Surface	29.36456603
5	51	832.3824689	Surface	Surface	33.74070463
5	52	851.8225901	Surface	Surface	39.46067686
5	53	861.2838813	Surface	Surface	34.0877408
5	54	883.6814897	Surface	Surface	42.17284308
5	55	887.4395145	Surface	Surface	43.72132171
5	56	908.6067493	Surface	Surface	33.02369387
5	57	926.9981896	Surface	Surface	42.59712307
5	58	943.9613111	Surface	Surface	38.18012743
5	59	948.2165446	Surface	Surface	37.63421703
5	60	958.9824526	Surface	Surface	33.8002233
6	7	14.40201774	Surface	Surface	17.34882175
6	8	30.81871732	Surface	Surface	20.64963853
6	9	50.85004518	Surface	Surface	23.19867257
6	10	67.39114702	Surface	Surface	21.04690858
6	11	85.74973311	Surface	Surface	20.09332829
6	12	106.7124109	Surface	Surface	21.10167004
6	13	130.0118156	Surface	Surface	21.13508461
6	14	155.458797	Surface	Surface	31.38315835
6	15	174.9735488	Surface	Surface	21.3153494
6	16	190.990049	Surface	Surface	21.83727676
6	17	212.3038808	Surface	Surface	28.95551612
6	18	235.9117692	Surface	Surface	24.89019916
6	19	257.3438444	Surface	Surface	28.94739259
6	20	277.3869462	Surface	Surface	21.47521138
6	21	284.3955458	Surface	Surface	23.832939
6	22	301.7814884	Surface	Surface	19.50472334
6	23	317.136322	Surface	Surface	24.79702812
6	24	331.058186	Surface	Surface	26.35708631
6	25	336.8261173	Surface	Surface	33.00472323
6	26	350.7264202	Surface	Surface	29.61203425
6	27	364.0786263	Surface	Surface	32.84585973
6	28	382.8818788	Surface	Surface	26.74698831
6	29	403.2655168	Surface	Surface	32.06009899
6	30	415.3145764	Surface	Surface	27.72601719
6	31	437.092221	Surface	Surface	36.48905607
6	32	458.0323654	Surface	Surface	40.22634731
6	33	479.6359517	Surface	Surface	31.05067543
6	34	501.9555604	Surface	Surface	33.82390135
6	35	524.5295091	Surface	Surface	30.46511823
6	36	568.1415922	Surface	Surface	31.30781336
6	37	589.3132122	Surface	Surface	30.92956458
6	38	592.0594791	Surface	Surface	29.27318988
6	39	616.4101268	Surface	Surface	32.62763601
6	40	640.5929343	Surface	Surface	31.46782044
6	41	652.7879207	Surface	Surface	39.90609574
6	42	671.3655891	Surface	Surface	30.74304336
6	43	681.8981568	Surface	Surface	33.94010223
6	44	701.0266436	Surface	Surface	31.53173137
6	45	706.836958	Surface	Surface	31.99100504
6	46	727.3635114	Surface	Surface	31.50402863
6	47	747.6870376	Surface	Surface	27.62205375
6	48	771.3933353	Surface	Surface	35.54408893
6	49	792.7893809	Surface	Surface	28.56153135
6	50	806.929815	Surface	Surface	27.23969287
6	51	816.3294606	Surface	Surface	33.52757177
6	52	835.7730777	Surface	Surface	38.67336793
6	53	845.2325682	Surface	Surface	33.26932787
6	54	867.6430205	Surface	Surface	39.36329859
6	55	871.3908674	Surface	Surface	42.047609
6	56	892.5127196	Surface	Surface	34.26692927
6	57	910.8634982	Surface	Surface	39.15824034
6	58	927.796458	Surface	Surface	35.95896606
6	59	932.0471388	Surface	Surface	37.44942998
6	60	942.8239719	Surface	Surface	31.62096559
7	8	16.45736817	Surface	Surface	18.52145254
7	9	36.44807407	Surface	Surface	22.45826012
7	10	52.99104173	Surface	Surface	20.42230311
7	11	71.3616226	Surface	Surface	19.14386211
7	12	92.34571381	Surface	Surface	21.26466537
7	13	115.6837296	Surface	Surface	21.36930479
7	14	141.1625029	Surface	Surface	30.52177163
7	15	160.6883512	Surface	Surface	23.59525612
7	16	176.7172658	Surface	Surface	24.29868188
7	17	198.0357153	Surface	Surface	28.32549928
7	18	221.6685554	Surface	Surface	24.30066709
7	19	243.1526686	Surface	Surface	29.05530702
7	20	263.2198622	Surface	Surface	22.59754629
7	21	270.2497653	Surface	Surface	23.65088209
7	22	287.6861365	Surface	Surface	23.14436149
7	23	303.0865648	Surface	Surface	25.14077156
7	24	317.0248081	Surface	Surface	27.13558565
7	25	322.7875138	Surface	Surface	33.75170729
7	26	336.7085538	Surface	Surface	28.78624105
7	27	350.0889148	Surface	Surface	34.87005383
7	28	368.8899926	Surface	Surface	29.00442398
7	29	389.2453032	Surface	Surface	32.36661863
7	30	401.2794177	Surface	Surface	26.17247751
7	31	423.0396003	Surface	Surface	33.8833281
7	32	443.9585071	Surface	Surface	36.99990303
7	33	465.5358978	Surface	Surface	30.54986774
7	34	487.8447748	Surface	Surface	33.45539171
7	35	510.4091177	Surface	Surface	32.70941789
7	36	554.0043594	Surface	Surface	32.80739986
7	37	575.1720452	Surface	Surface	32.98898486
7	38	577.9193308	Surface	Surface	29.59945698
7	39	602.2726655	Surface	Surface	34.56571756
7	40	626.452125	Surface	Surface	31.29449665
7	41	638.6332984	Surface	Surface	38.62704826
7	42	657.203261	Surface	Surface	31.89349733
7	43	667.7333024	Surface	Surface	35.03322136
7	44	686.8481994	Surface	Surface	30.36439204
7	45	692.6528235	Surface	Surface	34.80148806
7	46	713.1627068	Surface	Surface	36.09986261
7	47	733.4704436	Surface	Surface	27.35678917
7	48	757.173538	Surface	Surface	40.77284594
7	49	778.5840365	Surface	Surface	31.60232319
7	50	792.7404027	Surface	Surface	27.71224615
7	51	802.1645251	Surface	Surface	36.48021916
7	52	821.6108096	Surface	Surface	41.54253108
7	53	831.0687115	Surface	Surface	36.47063619
7	54	853.489524	Surface	Surface	42.5801005
7	55	857.2289358	Surface	Surface	46.17057999
7	56	878.3133571	Surface	Surface	35.9393568
7	57	896.6309608	Surface	Surface	42.8068375
7	58	913.5395556	Surface	Surface	39.90737783
7	59	917.7865724	Surface	Surface	41.3458669
7	60	928.572091	Surface	Surface	33.93699942
8	9	20.15818112	Surface	Surface	19.48143683
8	10	36.70864618	Surface	Surface	20.09018351
8	11	55.1474326	Surface	Surface	22.07085821
8	12	76.20491989	Surface	Surface	21.31046246
8	13	99.64859637	Surface	Surface	19.13464869
8	14	125.1955214	Surface	Surface	27.82468396
8	15	144.7381053	Surface	Surface	22.74537151
8	16	160.789244	Surface	Surface	23.95535424
8	17	182.1101929	Surface	Surface	27.0884361
8	18	205.791042	Surface	Surface	20.84243183
8	19	227.3779183	Surface	Surface	25.63908103
8	20	247.4876754	Surface	Surface	19.04704386
8	21	254.5573416	Surface	Surface	22.04762823
8	22	272.0848446	Surface	Surface	23.66616277
8	23	287.5650233	Surface	Surface	22.7821439
8	24	301.5292198	Surface	Surface	25.63682497
8	25	307.2811385	Surface	Surface	32.17593772
8	26	321.235935	Surface	Surface	25.8548466
8	27	334.6628642	Surface	Surface	33.27239199
8	28	353.4562271	Surface	Surface	26.81511539
8	29	373.7583003	Surface	Surface	28.68733949
8	30	385.7642007	Surface	Surface	23.18663271
8	31	407.4904425	Surface	Surface	29.72553779
8	32	428.3690362	Surface	Surface	32.44243999
8	33	449.8971615	Surface	Surface	29.07429281
8	34	472.1845979	Surface	Surface	31.06329137
8	35	494.729685	Surface	Surface	31.22268113
8	36	538.2912235	Surface	Surface	31.51166224
8	37	559.450454	Surface	Surface	30.32183647
8	38	562.1994474	Surface	Surface	27.6993911
8	39	586.5563627	Surface	Surface	31.47120223
8	40	610.7285133	Surface	Surface	28.69426225
8	41	622.8838384	Surface	Surface	37.81014425
8	42	641.4388086	Surface	Surface	30.23440659
8	43	651.9637584	Surface	Surface	32.03395881
8	44	671.0526799	Surface	Surface	30.99077823
8	45	676.8464471	Surface	Surface	34.26813607
8	46	697.3241648	Surface	Surface	34.18100055
8	47	717.6010413	Surface	Surface	25.41969389
8	48	741.2973153	Surface	Surface	41.13904499
8	49	762.7350299	Surface	Surface	32.52293372
8	50	776.9211543	Surface	Surface	26.24685791
8	51	786.3904604	Surface	Surface	35.06162434
8	52	805.8411249	Surface	Surface	40.00133517
8	53	815.2958741	Surface	Surface	34.34563861
8	54	837.7350428	Surface	Surface	41.39649195
8	55	841.4589842	Surface	Surface	44.92997112
8	56	862.4734449	Surface	Surface	33.15677378
8	57	880.7270518	Surface	Surface	40.57486611
8	58	897.5870373	Surface	Surface	38.99826692
8	59	901.8265832	Surface	Surface	38.47092094
8	60	912.6294369	Surface	Surface	32.75911524
9	10	16.55675659	Surface	Surface	17.48809527
9	11	34.98946725	Surface	Surface	21.02239293
9	12	56.05474836	Surface	Surface	19.0896073
9	13	79.52529688	Surface	Surface	22.60792897
9	14	105.092577	Surface	Surface	28.05744794
9	15	124.6375666	Surface	Surface	24.76743858
9	16	140.6950475	Surface	Surface	24.80401419
9	17	162.0135781	Surface	Surface	23.03819806
9	18	185.71205	Surface	Surface	19.22776405
9	19	207.3457709	Surface	Surface	22.76188329
9	20	227.4749768	Surface	Surface	18.54292845
9	21	234.5653924	Surface	Surface	21.39048579
9	22	252.1429483	Surface	Surface	24.5070882
9	23	267.6695894	Surface	Surface	22.59223029
9	24	281.6478396	Surface	Surface	21.71885329
9	25	287.3919834	Surface	Surface	28.20909016
9	26	301.3660741	Surface	Surface	23.84404157
9	27	314.8211071	Surface	Surface	32.38811741
9	28	333.6067764	Surface	Surface	25.26812747
9	29	353.8726271	Surface	Surface	26.36891378
9	30	365.8599465	Surface	Surface	21.26442117
9	31	387.563948	Surface	Surface	26.8763372
9	32	408.4176551	Surface	Surface	29.47855492
9	33	429.9171127	Surface	Surface	26.02947632
9	34	452.1919719	Surface	Surface	28.67694663
9	35	474.7260468	Surface	Surface	30.56855627
9	36	518.2690731	Surface	Surface	29.47171024
9	37	539.4235596	Surface	Surface	28.09317531
9	38	542.173313	Surface	Surface	26.03141938
9	39	566.5313553	Surface	Surface	29.0456024
9	40	590.6993942	Surface	Surface	27.23026607
9	41	602.8421969	Surface	Surface	37.88015139
9	42	621.3899046	Surface	Surface	30.115743
9	43	631.9123606	Surface	Surface	31.20466776
9	44	650.9894641	Surface	Surface	28.93089938
9	45	656.778474	Surface	Surface	35.37594728
9	46	677.2425854	Surface	Surface	35.1210048
9	47	697.5071886	Surface	Surface	28.07015533
9	48	721.2006903	Surface	Surface	43.16555226
9	49	742.6486246	Surface	Surface	33.57489444
9	50	756.846615	Surface	Surface	28.84894568
9	51	766.3351992	Surface	Surface	36.36855246
9	52	785.7875974	Surface	Surface	39.43769574
9	53	795.2408452	Surface	Surface	34.3479821
9	54	817.6880149	Surface	Surface	40.11364335
9	55	821.4049709	Surface	Surface	44.92605312
9	56	842.3898163	Surface	Surface	32.74566198
9	57	860.6195665	Surface	Surface	40.34868842
9	58	877.4638018	Surface	Surface	38.9403137
9	59	881.7011239	Surface	Surface	37.23411273
9	60	892.5091404	Surface	Surface	32.59833786
10	11	18.46175814	Surface	Surface	19.52943436
10	12	39.55561955	Surface	Surface	15.9431069
10	13	63.07942486	Surface	Surface	20.63217387
10	14	88.67246484	Surface	Surface	26.63590563
10	15	108.2151456	Surface	Surface	20.42363286
10	16	124.2786383	Surface	Surface	20.68716802
10	17	145.5895951	Surface	Surface	21.81080436
10	18	169.3099171	Surface	Surface	19.6768323
10	19	191.0029171	Surface	Surface	21.799995
10	20	211.1536829	Surface	Surface	17.87593378
10	21	218.2686396	Surface	Surface	20.47103912
10	22	235.903378	Surface	Surface	24.73128906
10	23	251.4813497	Surface	Surface	19.6745684
10	24	265.4733279	Surface	Surface	22.50820809
10	25	271.2077918	Surface	Surface	27.34532262
10	26	285.201587	Surface	Surface	22.64644455
10	27	298.685974	Surface	Surface	29.28431013
10	28	317.4607192	Surface	Surface	22.90885422
10	29	337.684421	Surface	Surface	27.36098908
10	30	349.6500672	Surface	Surface	21.31406971
10	31	371.3276715	Surface	Surface	27.74344189
10	32	392.1522467	Surface	Surface	32.26296325
10	33	413.6182697	Surface	Surface	25.61561552
10	34	435.8779001	Surface	Surface	26.61815768
10	35	458.3986012	Surface	Surface	26.81503846
10	36	501.9191106	Surface	Surface	26.48656615
10	37	523.0676222	Surface	Surface	26.64798055
10	38	525.818195	Surface	Surface	24.28752137
10	39	550.1770313	Surface	Surface	28.18894292
10	40	574.3398735	Surface	Surface	25.47159727
10	41	586.4679423	Surface	Surface	38.86853313
10	42	605.0068683	Surface	Surface	28.59809154
10	43	615.5262464	Surface	Surface	30.71425107
10	44	634.5890997	Surface	Surface	26.46759761
10	45	640.3723435	Surface	Surface	33.01242377
10	46	660.8197155	Surface	Surface	34.36535547
10	47	681.0688789	Surface	Surface	25.53337302
10	48	704.758709	Surface	Surface	39.12836153
10	49	726.219286	Surface	Surface	31.12995511
10	50	740.431664	Surface	Surface	26.57207088
10	51	749.9430924	Surface	Surface	35.36887998
10	52	769.3973528	Surface	Surface	39.61679252
10	53	778.8487669	Surface	Surface	34.48732431
10	54	801.3050638	Surface	Surface	41.4796886
10	55	805.0138729	Surface	Surface	44.61995907
10	56	825.9632639	Surface	Surface	32.0148293
10	57	844.1629284	Surface	Surface	40.70148968
10	58	860.9859911	Surface	Surface	38.05832514
10	59	865.2201912	Surface	Surface	37.71233007
10	60	876.0353361	Surface	Surface	32.82580481
11	12	21.0993455	Surface	Surface	21.51514223
11	13	44.64834541	Surface	Surface	23.69589265
11	14	70.25049805	Surface	Surface	29.42999427
11	15	89.78736701	Surface	Surface	24.44457367
11	16	105.8522078	Surface	Surface	23.24872648
11	17	127.1565614	Surface	Surface	27.95437382
11	18	150.887582	Surface	Surface	22.96792996
11	19	172.6169045	Surface	Surface	27.47779402
11	20	192.7807043	Surface	Surface	21.90748966
11	21	199.9125832	Surface	Surface	24.32358212
11	22	217.5884771	Surface	Surface	23.144964
11	23	233.2050974	Surface	Surface	24.55401928
11	24	247.2063785	Surface	Surface	25.45602851
11	25	252.9323984	Surface	Surface	32.23264604
11	26	266.9404482	Surface	Surface	27.59359402
11	27	280.4471703	Surface	Surface	34.34816299
11	28	299.2111859	Surface	Surface	28.16870964
11	29	319.4000064	Surface	Surface	29.60215175
11	30	331.3483114	Surface	Surface	25.11477296
11	31	353.0051456	Surface	Surface	32.15425298
11	32	373.8079715	Surface	Surface	35.7544066
11	33	395.2504265	Surface	Surface	29.22066121
11	34	417.4995321	Surface	Surface	31.82782073
11	35	440.0112847	Surface	Surface	31.50811943
11	36	483.5174393	Surface	Surface	30.3159572
11	37	504.6622116	Surface	Surface	30.48682993
11	38	507.4132304	Surface	Surface	28.00305234
11	39	531.7722782	Surface	Surface	32.19041139
11	40	555.9319124	Surface	Surface	30.4325415
11	41	568.0516757	Surface	Surface	37.83000975
11	42	586.5857747	Surface	Surface	29.93792465
11	43	597.1034788	Surface	Surface	33.78565522
11	44	616.1590346	Surface	Surface	29.84308157
11	45	621.9394689	Surface	Surface	33.79855656
11	46	642.3791554	Surface	Surface	32.53632242
11	47	662.6219543	Surface	Surface	26.27397525
11	48	686.3103509	Surface	Surface	39.33771355
11	49	707.7758275	Surface	Surface	30.56679883
11	50	721.9943678	Surface	Surface	28.72118516
11	51	731.5166562	Surface	Surface	34.27098452
11	52	750.9717855	Surface	Surface	37.99547738
11	53	760.4222461	Surface	Surface	32.9787323
11	54	782.8831148	Surface	Surface	39.06700901
11	55	786.5877597	Surface	Surface	43.50763581
11	56	807.5207543	Surface	Surface	32.55053754
11	57	825.7093892	Surface	Surface	39.32186171
11	58	842.5269716	Surface	Surface	36.5907017
11	59	846.7605732	Surface	Surface	38.31346489
11	60	857.577162	Surface	Surface	30.12419594
12	13	23.57372378	Surface	Surface	19.08975735
12	14	49.17576866	Surface	Surface	27.02141049
12	15	68.70326354	Surface	Surface	21.00619217
12	16	84.76779986	Surface	Surface	22.32529754
12	17	106.0659808	Surface	Surface	21.97987883
12	18	129.804012	Surface	Surface	20.6804756
12	19	151.5636729	Surface	Surface	22.17788717
12	20	171.738245	Surface	Surface	18.25466707
12	21	178.8858839	Surface	Surface	20.21459474
12	22	196.6013741	Surface	Surface	23.27854077
12	23	212.2562657	Surface	Surface	21.99715742
12	24	226.2655996	Surface	Surface	22.86351758
12	25	231.982202	Surface	Surface	24.95565151
12	26	246.0035648	Surface	Surface	22.89216587
12	27	259.5321269	Surface	Surface	28.2303071
12	28	278.2832633	Surface	Surface	22.83995534
12	29	298.4354003	Surface	Surface	27.78689257
12	30	310.3660334	Surface	Surface	23.41640878
12	31	332.0020955	Surface	Surface	30.19662766
12	32	352.7842078	Surface	Surface	33.82108057
12	33	374.2054435	Surface	Surface	24.90883987
12	34	396.4453716	Surface	Surface	28.10932535
12	35	418.9496144	Surface	Surface	27.71487372
12	36	462.4444123	Surface	Surface	26.45046946
12	37	483.58635	Surface	Surface	27.2186756
12	38	486.337676	Surface	Surface	26.36074332
12	39	510.6967629	Surface	Surface	29.99795712
12	40	534.8540249	Surface	Surface	27.69446809
12	41	546.9681248	Surface	Surface	38.81392743
12	42	565.4991111	Surface	Surface	29.55785378
12	43	576.0157715	Surface	Surface	29.17463274
12	44	595.0671289	Surface	Surface	28.54898588
12	45	600.8460987	Surface	Surface	33.43178583
12	46	621.282341	Surface	Surface	33.7684267
12	47	641.5231844	Surface	Surface	25.58616489
12	48	665.2113038	Surface	Surface	38.39325371
12	49	686.6779778	Surface	Surface	30.34944462
12	50	700.8988474	Surface	Surface	24.70471882
12	51	710.4266153	Surface	Surface	34.52960714
12	52	729.8822172	Surface	Surface	38.76194544
12	53	739.3321286	Surface	Surface	34.47029068
12	54	761.7956291	Surface	Surface	40.88252975
12	55	765.497847	Surface	Surface	44.34825423
12	56	786.4231867	Surface	Surface	31.71385153
12	57	804.6101548	Surface	Surface	41.01745661
12	58	821.4303836	Surface	Surface	38.04703379
12	59	825.664727	Surface	Surface	37.27538992
12	60	836.4797761	Surface	Surface	31.50976808
13	14	25.60383688	Surface	Surface	26.55954123
13	15	45.13918528	Surface	Surface	20.70656436
13	16	61.2039487	Surface	Surface	22.95612061
13	17	82.5109066	Surface	Surface	27.80260086
13	18	106.239252	Surface	Surface	21.86884363
13	19	127.9901649	Surface	Surface	26.21817619
13	20	148.1662291	Surface	Surface	20.44234536
13	21	155.3182126	Surface	Surface	24.28012344
13	22	173.0511979	Surface	Surface	22.04435633
13	23	188.7281462	Surface	Surface	23.73026822
13	24	202.7417977	Surface	Surface	25.22819433
13	25	208.452004	Surface	Surface	31.22044247
13	26	222.4811215	Surface	Surface	25.87552041
13	27	236.0235043	Surface	Surface	31.00336675
13	28	254.7650133	Surface	Surface	25.77777051
13	29	274.8941104	Surface	Surface	28.45551743
13	30	286.8150883	Surface	Surface	24.82699625
13	31	308.4412951	Surface	Surface	31.07662239
13	32	329.2157997	Surface	Surface	35.51405879
13	33	350.6323627	Surface	Surface	29.81826683
13	34	372.8716513	Surface	Surface	28.82344355
13	35	395.3762536	Surface	Surface	28.19724941
13	36	438.8736979	Surface	Surface	28.60416262
13	37	460.0168403	Surface	Surface	28.81544087
13	38	462.7680252	Surface	Surface	26.76906524
13	39	487.1271059	Surface	Surface	29.69816145
13	40	511.2855643	Surface	Surface	27.90618729
13	41	523.4035204	Surface	Surface	37.95880018
13	42	541.9374599	Surface	Surface	29.32671715
13	43	552.4552898	Surface	Surface	30.65991326
13	44	571.5126694	Surface	Surface	30.00091389
13	45	577.2944588	Surface	Surface	32.40632427
13	46	597.7403448	Surface	Surface	34.52153704
13	47	617.9922418	Surface	Surface	25.25348902
13	48	641.6833976	Surface	Surface	37.28471359
13	49	663.1405728	Surface	Surface	30.10975502
13	50	677.352428	Surface	Surface	26.16702705
13	51	686.8691387	Surface	Surface	33.06266666
13	52	706.3240709	Surface	Surface	39.22728943
13	53	715.7747561	Surface	Surface	34.00189474
13	54	738.2348732	Surface	Surface	41.78603842
13	55	741.940175	Surface	Surface	43.20930349
13	56	762.8842206	Surface	Surface	30.53114346
13	57	781.0957901	Surface	Surface	40.51858173
13	58	797.9402441	Surface	Surface	36.93498675
13	59	802.1787921	Surface	Surface	35.40751592
13	60	812.9844951	Surface	Surface	31.79989577
14	15	19.54515106	Surface	Surface	20.20065304
14	16	35.60645238	Surface	Surface	22.19011589
14	17	56.92163649	Surface	Surface	25.94494871
14	18	80.63844165	Surface	Surface	26.83934818
14	19	102.3938937	Surface	Surface	22.07125046
14	20	122.5763637	Surface	Surface	27.89883877
14	21	129.7406527	Surface	Surface	23.65593393
14	22	147.5102899	Surface	Surface	32.86526896
14	23	163.2264238	Surface	Surface	25.31729041
14	24	177.2458716	Surface	Surface	24.77236075
14	25	182.944337	Surface	Surface	25.32616689
14	26	196.9853434	Surface	Surface	20.40300963
14	27	210.5492475	Surface	Surface	21.7112401
14	28	229.2733214	Surface	Surface	22.38505401
14	29	249.3629124	Surface	Surface	24.49762796
14	30	261.2667059	Surface	Surface	22.99360019
14	31	282.8743949	Surface	Surface	27.1710648
14	32	303.6331517	Surface	Surface	34.83460853
14	33	325.0369636	Surface	Surface	26.38011491
14	34	347.2720973	Surface	Surface	23.30095324
14	35	369.7741882	Surface	Surface	23.43771985
14	36	413.2698675	Surface	Surface	20.63265892
14	37	434.413075	Surface	Surface	23.3944083
14	38	437.1642409	Surface	Surface	24.72459007
14	39	461.5233194	Surface	Surface	25.35159742
14	40	485.6820033	Surface	Surface	26.42348662
14	41	497.8014167	Surface	Surface	42.45699758
14	42	516.336895	Surface	Surface	27.2249903
14	43	526.8553959	Surface	Surface	28.22905032
14	44	545.9166597	Surface	Surface	31.30159316
14	45	551.7004412	Surface	Surface	30.13277837
14	46	572.1536595	Surface	Surface	33.90812405
14	47	592.4146147	Surface	Surface	24.67120981
14	48	616.1082664	Surface	Surface	34.94135057
14	49	637.5574102	Surface	Surface	29.27213541
14	50	651.762109	Surface	Surface	25.25360738
14	51	661.2709843	Surface	Surface	33.45395075
14	52	680.7254778	Surface	Surface	38.28849998
14	53	690.1766452	Surface	Surface	32.54785427
14	54	712.634694	Surface	Surface	39.11852016
14	55	716.3418551	Surface	Surface	41.1361547
14	56	737.2995634	Surface	Surface	26.68914491
14	57	755.5319131	Surface	Surface	38.25628751
14	58	772.3982249	Surface	Surface	36.15077948
14	59	776.6406482	Surface	Surface	34.39280067
14	60	787.4376684	Surface	Surface	33.36522283
15	16	16.06489404	Surface	Surface	16.4823551
15	17	37.37651632	Surface	Surface	23.80377075
15	18	61.10097507	Surface	Surface	23.77798247
15	19	82.90660122	Surface	Surface	22.02960888
15	20	103.1025802	Surface	Surface	22.4667719
15	21	110.2920077	Surface	Surface	20.85000706
15	22	128.121776	Surface	Surface	25.84165678
15	23	143.8926438	Surface	Surface	20.12430735
15	24	157.9164333	Surface	Surface	23.2203685
15	25	163.5970537	Surface	Surface	26.69054357
15	26	177.651596	Surface	Surface	20.42943942
15	27	191.2415292	Surface	Surface	22.73619952
15	28	209.9394164	Surface	Surface	18.62470484
15	29	229.9732096	Surface	Surface	27.0055974
15	30	241.8516091	Surface	Surface	23.1127656
15	31	263.4302874	Surface	Surface	30.90131835
15	32	284.1623924	Surface	Surface	36.75935675
15	33	305.5408974	Surface	Surface	27.51338122
15	34	327.7654784	Surface	Surface	25.97503207
15	35	350.2593633	Surface	Surface	21.99948949
15	36	393.7434917	Surface	Surface	23.05992772
15	37	414.8839879	Surface	Surface	22.40033748
15	38	417.6354341	Surface	Surface	25.30098405
15	39	441.9945096	Surface	Surface	26.81883939
15	40	466.1510129	Surface	Surface	26.71262373
15	41	478.2654973	Surface	Surface	41.50742516
15	42	496.7984412	Surface	Surface	27.03524365
15	43	507.3161325	Surface	Surface	27.52300666
15	44	526.3743547	Surface	Surface	29.76733758
15	45	532.1571991	Surface	Surface	29.10574618
15	46	552.6087266	Surface	Surface	30.31813096
15	47	572.8696386	Surface	Surface	21.59379902
15	48	596.5635125	Surface	Surface	30.55800983
15	49	618.0122707	Surface	Surface	26.73725097
15	50	632.2177612	Surface	Surface	22.80407858
15	51	641.7301003	Surface	Surface	31.59494309
15	52	661.1849522	Surface	Surface	35.06711647
15	53	670.6357288	Surface	Surface	29.4877885
15	54	693.0957494	Surface	Surface	36.77730282
15	55	696.8011052	Surface	Surface	38.87497341
15	56	717.7544846	Surface	Surface	26.79535988
15	57	735.9889468	Surface	Surface	37.17796079
15	58	752.861267	Surface	Surface	33.86867237
15	59	757.1049831	Surface	Surface	33.00186269
15	60	767.8991683	Surface	Surface	29.97624503
16	17	21.32140276	Surface	Surface	23.39976027
16	18	45.03622777	Surface	Surface	23.05425575
16	19	66.87406284	Surface	Surface	21.66458777
16	20	87.07746779	Surface	Surface	21.6380525
16	21	94.28619639	Surface	Surface	21.10759846
16	22	112.1627414	Surface	Surface	26.74085342
16	23	127.9763012	Surface	Surface	21.9936263
16	24	142.0002112	Surface	Surface	22.39964538
16	25	147.6647431	Surface	Surface	24.52915924
16	26	161.7278262	Surface	Surface	20.93820477
16	27	175.3366854	Surface	Surface	23.26122752
16	28	194.0108244	Surface	Surface	20.1409377
16	29	213.9996514	Surface	Surface	24.51370801
16	30	225.8585962	Surface	Surface	22.27782574
16	31	247.4159234	Surface	Surface	29.11261066
16	32	268.1298734	Surface	Surface	35.48399245
16	33	289.4928414	Surface	Surface	26.13383691
16	34	311.7115905	Surface	Surface	24.70048412
16	35	334.2014027	Surface	Surface	23.60270043
16	36	377.6808397	Surface	Surface	22.4651441
16	37	398.8204937	Surface	Surface	21.98883569
16	38	401.5720171	Surface	Surface	24.20505393
16	39	425.9310772	Surface	Surface	24.89508109
16	40	450.0870033	Surface	Surface	25.73379645
16	41	462.2006689	Surface	Surface	39.57726554
16	42	480.7335758	Surface	Surface	25.15805969
16	43	491.251342	Surface	Surface	26.55075866
16	44	510.3104939	Surface	Surface	27.01063201
16	45	516.0940025	Surface	Surface	28.39093218
16	46	536.5484947	Surface	Surface	30.04795751
16	47	556.8136615	Surface	Surface	22.89764637
16	48	580.5087441	Surface	Surface	31.56082002
16	49	601.9535871	Surface	Surface	26.01209666
16	50	616.1559503	Surface	Surface	23.99176485
16	51	625.6656495	Surface	Surface	29.93205937
16	52	645.120403	Surface	Surface	34.0251869
16	53	654.5712889	Surface	Surface	29.23157061
16	54	677.030929	Surface	Surface	35.39245761
16	55	680.7366174	Surface	Surface	37.12618939
16	56	701.6950556	Surface	Surface	26.05977829
16	57	719.939729	Surface	Surface	33.84869792
16	58	736.8238573	Surface	Surface	31.41638403
16	59	741.0697251	Surface	Surface	32.60534091
16	60	751.8590537	Surface	Surface	28.76481812
17	18	23.76779835	Surface	Surface	24.65964355
17	19	45.76577938	Surface	Surface	18.27630025
17	20	65.96838151	Surface	Surface	22.55348525
17	21	73.23009362	Surface	Surface	19.71736449
17	22	91.2156432	Surface	Surface	28.9261744
17	23	107.117062	Surface	Surface	20.97183985
17	24	121.1286717	Surface	Surface	21.44539456
17	25	126.7523098	Surface	Surface	19.87840361
17	26	140.8260827	Surface	Surface	17.6874818
17	27	154.4689877	Surface	Surface	25.9310917
17	28	173.0839103	Surface	Surface	23.90210871
17	29	192.9686095	Surface	Surface	28.46408288
17	30	204.7812189	Surface	Surface	22.36474268
17	31	226.2855399	Surface	Surface	26.45843372
17	32	246.9524671	Surface	Surface	32.44564465
17	33	268.2714178	Surface	Surface	23.44875327
17	34	290.4711968	Surface	Surface	25.99677517
17	35	312.9462296	Surface	Surface	26.30745551
17	36	356.4046432	Surface	Surface	24.73340117
17	37	377.5391816	Surface	Surface	23.94906124
17	38	380.2911808	Surface	Surface	25.44842493
17	39	404.649993	Surface	Surface	27.67669294
17	40	428.801804	Surface	Surface	26.03436315
17	41	440.9062219	Surface	Surface	41.19903062
17	42	459.4340494	Surface	Surface	30.05661063
17	43	469.9501218	Surface	Surface	26.59839893
17	44	489.0024773	Surface	Surface	28.00049765
17	45	494.7835949	Surface	Surface	33.32908746
17	46	515.2323472	Surface	Surface	35.75067102
17	47	535.4939661	Surface	Surface	30.25395086
17	48	559.1884958	Surface	Surface	40.64271829
17	49	580.635778	Surface	Surface	33.33048451
17	50	594.8422213	Surface	Surface	28.10069112
17	51	604.360761	Surface	Surface	36.85193205
17	52	623.8162652	Surface	Surface	41.46760048
17	53	633.2662996	Surface	Surface	36.88371626
17	54	655.730012	Surface	Surface	43.23066033
17	55	659.4319622	Surface	Surface	44.57351958
17	56	680.3779745	Surface	Surface	32.56446394
17	57	698.6183522	Surface	Surface	42.51579192
17	58	715.5042898	Surface	Surface	40.40843963
17	59	719.7508575	Surface	Surface	38.74638825
17	60	730.5387332	Surface	Surface	35.77096133
18	19	22.13347105	Surface	Surface	21.62230922
18	20	42.27973041	Surface	Surface	17.71614094
18	21	49.58116088	Surface	Surface	21.03729961
18	22	67.64619626	Surface	Surface	23.38332364
18	23	83.61130571	Surface	Surface	21.04837154
18	24	97.59484193	Surface	Surface	22.63781981
18	25	103.1770397	Surface	Surface	26.88633719
18	26	117.2504944	Surface	Surface	22.49917389
18	27	130.914195	Surface	Surface	29.99513405
18	28	149.4736504	Surface	Surface	25.39880383
18	29	169.2810557	Surface	Surface	25.88847733
18	30	181.065078	Surface	Surface	20.19513526
18	31	202.5422999	Surface	Surface	25.80020712
18	32	223.1923002	Surface	Surface	30.20155934
18	33	244.5037838	Surface	Surface	25.1907154
18	34	266.7039902	Surface	Surface	25.19243968
18	35	289.1815696	Surface	Surface	29.06878852
18	36	332.6483428	Surface	Surface	27.20005199
18	37	353.786094	Surface	Surface	25.1024353
18	38	356.5377762	Surface	Surface	24.44649913
18	39	380.896783	Surface	Surface	27.14861057
18	40	405.0515886	Surface	Surface	25.06214939
18	41	417.164548	Surface	Surface	37.91450488
18	42	435.6985304	Surface	Surface	27.36636774
18	43	446.2169592	Surface	Surface	29.07977423
18	44	465.2809878	Surface	Surface	28.6779991
18	45	471.0673881	Surface	Surface	32.02701982
18	46	491.533554	Surface	Surface	34.6196195
18	47	511.8142646	Surface	Surface	26.48404394
18	48	535.513492	Surface	Surface	40.5943782
18	49	556.9441093	Surface	Surface	30.44517012
18	50	571.1346926	Surface	Surface	27.5927986
18	51	580.6332141	Surface	Surface	33.48204141
18	52	600.0874389	Surface	Surface	40.98388871
18	53	609.5388942	Surface	Surface	34.95885473
18	54	631.9962614	Surface	Surface	41.75185448
18	55	635.7039633	Surface	Surface	44.40843997
18	56	656.6824898	Surface	Surface	31.62449037
18	57	674.9626991	Surface	Surface	40.62578465
18	58	691.8861838	Surface	Surface	37.35911679
18	59	696.1391053	Surface	Surface	36.74413769
18	60	706.9122659	Surface	Surface	33.60121007
19	20	20.20844576	Surface	Surface	21.10764795
19	21	27.46832496	Surface	Surface	19.97443215
19	22	45.5129338	Surface	Surface	30.21553003
19	23	61.48103047	Surface	Surface	20.96421195
19	24	75.46147903	Surface	Surface	21.6677366
19	25	81.04579025	Surface	Surface	19.46788644
19	26	95.11979975	Surface	Surface	16.64831248
19	27	108.7816193	Surface	Surface	23.31539928
19	28	127.351714	Surface	Surface	21.60640524
19	29	147.2030679	Surface	Surface	25.66226739
19	30	159.0197953	Surface	Surface	21.17211877
19	31	180.5475867	Surface	Surface	25.36443362
19	32	201.2570705	Surface	Surface	31.11526188
19	33	222.6430897	Surface	Surface	21.56097435
19	34	244.8831181	Surface	Surface	24.46673339
19	35	267.3962597	Surface	Surface	25.52243588
19	36	310.9235895	Surface	Surface	22.18239536
19	37	332.0779197	Surface	Surface	22.3069306
19	38	334.827594	Surface	Surface	25.52160721
19	39	359.1855881	Surface	Surface	25.22703605
19	40	383.3542966	Surface	Surface	25.05112182
19	41	395.5060954	Surface	Surface	41.22975063
19	42	414.0641371	Surface	Surface	27.49804056
19	43	424.5910155	Surface	Surface	26.10112101
19	44	443.6962561	Surface	Surface	28.6833188
19	45	449.5001766	Surface	Surface	33.1408294
19	46	470.01979	Surface	Surface	33.10897581
19	47	490.3539137	Surface	Surface	27.43254842
19	48	514.0641989	Surface	Surface	39.04865743
19	49	535.4467605	Surface	Surface	31.95524079
19	50	549.5890243	Surface	Surface	26.8211733
19	51	559.0204386	Surface	Surface	34.91172072
19	52	578.4692106	Surface	Surface	38.37708516
19	53	587.9253914	Surface	Surface	32.92307901
19	54	610.3585523	Surface	Surface	39.74560436
19	55	614.0873213	Surface	Surface	42.52293954
19	56	635.1688777	Surface	Surface	29.16014169
19	57	653.5554774	Surface	Surface	39.41955143
19	58	670.5684685	Surface	Surface	38.08262172
19	59	674.8357361	Surface	Surface	35.83537063
19	60	685.5743006	Surface	Surface	33.0032467
20	21	7.356676835	Surface	Surface	19.97791965
20	22	25.4972373	Surface	Surface	22.06202837
20	23	41.51941542	Surface	Surface	21.62257678
20	24	55.42591854	Surface	Surface	21.94778902
20	25	60.9524091	Surface	Surface	24.93174525
20	26	75.0172978	Surface	Surface	22.28789452
20	27	88.6937671	Surface	Surface	29.11897848
20	28	107.2081735	Surface	Surface	24.81334304
20	29	127.0070409	Surface	Surface	27.96583825
20	30	138.8133717	Surface	Surface	23.07928011
20	31	160.3403175	Surface	Surface	28.38177069
20	32	181.060541	Surface	Surface	32.71774811
20	33	202.4697775	Surface	Surface	26.67808987
20	34	224.7243118	Surface	Surface	27.94805402
20	35	247.2513278	Surface	Surface	27.46367926
20	36	290.8038672	Surface	Surface	27.53945727
20	37	311.9649207	Surface	Surface	26.1302367
20	38	314.7134709	Surface	Surface	25.05749838
20	39	339.0697288	Surface	Surface	27.87867819
20	40	363.243983	Surface	Surface	25.91714732
20	41	375.4142974	Surface	Surface	36.55702739
20	42	393.9836409	Surface	Surface	27.06591326
20	43	404.5143615	Surface	Surface	27.79140347
20	44	423.6402276	Surface	Surface	25.65891711
20	45	429.4532178	Surface	Surface	30.8759407
20	46	450.0010086	Surface	Surface	32.83699663
20	47	470.3641671	Surface	Surface	25.87997548
20	48	494.0795728	Surface	Surface	38.49412045
20	49	515.434137	Surface	Surface	28.98056516
20	50	529.5495805	Surface	Surface	26.49014739
20	51	538.9458047	Surface	Surface	32.20316729
20	52	558.3913387	Surface	Surface	39.74693832
20	53	567.8496608	Surface	Surface	34.37921238
20	54	590.2703266	Surface	Surface	41.46970871
20	55	594.0094235	Surface	Surface	43.38495468
20	56	615.144083	Surface	Surface	30.72469039
20	57	633.5893985	Surface	Surface	39.32709786
20	58	650.6540945	Surface	Surface	37.35356364
20	59	654.9297644	Surface	Surface	36.44623233
20	60	665.6474156	Surface	Surface	32.87224723
21	22	18.14066939	Surface	Surface	24.09393692
21	23	34.16274393	Surface	Surface	20.21078178
21	24	48.07495776	Surface	Surface	22.19119438
21	25	53.61416869	Surface	Surface	22.864706
21	26	67.68304792	Surface	Surface	20.24839615
21	27	81.35589222	Surface	Surface	25.37858827
21	28	99.89269184	Surface	Surface	22.55231958
21	29	119.7401687	Surface	Surface	25.91991288
21	30	131.5745316	Surface	Surface	20.92557406
21	31	153.1388376	Surface	Surface	26.21655402
21	32	173.8983892	Surface	Surface	31.80171204
21	33	195.3529779	Surface	Surface	24.89757197
21	34	217.6285404	Surface	Surface	26.46387216
21	35	240.1733634	Surface	Surface	25.7739673
21	36	283.754709	Surface	Surface	25.50501765
21	37	304.9224793	Surface	Surface	24.47098553
21	38	307.6696336	Surface	Surface	25.68143857
21	39	332.0229355	Surface	Surface	27.46144792
21	40	356.2025714	Surface	Surface	24.77874503
21	41	368.3924454	Surface	Surface	38.29589608
21	42	386.9728331	Surface	Surface	28.73950824
21	43	397.507101	Surface	Surface	27.26740474
21	44	416.6526059	Surface	Surface	28.24561181
21	45	422.4740307	Surface	Surface	31.02426019
21	46	443.0470362	Surface	Surface	32.6931941
21	47	463.4349966	Surface	Surface	25.72207127
21	48	487.1540839	Surface	Surface	38.28284337
21	49	508.4838741	Surface	Surface	29.87351752
21	50	522.5748634	Surface	Surface	25.71572047
21	51	531.9374131	Surface	Surface	33.49995458
21	52	551.3794116	Surface	Surface	37.12045521
21	53	560.8397054	Surface	Surface	33.0752262
21	54	583.2475085	Surface	Surface	39.5421773
21	55	586.9969308	Surface	Surface	41.94944148
21	56	608.1810841	Surface	Surface	29.82480337
21	57	626.6763296	Surface	Surface	39.73856065
21	58	643.7821206	Surface	Surface	36.62921957
21	59	648.0642406	Surface	Surface	36.08421858
21	60	658.7653546	Surface	Surface	32.0873953
22	23	16.02324522	Surface	Surface	23.8365003
22	24	29.95303377	Surface	Surface	25.40337978
22	25	35.53879144	Surface	Surface	32.48605371
22	26	49.61345942	Surface	Surface	29.69719359
22	27	63.26950442	Surface	Surface	34.95799922
22	28	81.86997878	Surface	Surface	30.72612807
22	29	101.8544147	Surface	Surface	32.79087538
22	30	113.7646878	Surface	Surface	27.32285489
22	31	135.4249141	Surface	Surface	34.64851824
22	32	156.2846791	Surface	Surface	38.96493354
22	33	177.854495	Surface	Surface	31.75726958
22	34	200.1779995	Surface	Surface	33.23246292
22	35	222.7626294	Surface	Surface	32.49096173
22	36	266.4076853	Surface	Surface	33.34947951
22	37	287.5880016	Surface	Surface	32.26414646
22	38	290.3308907	Surface	Surface	29.62821526
22	39	314.6715592	Surface	Surface	33.52115519
22	40	338.8609512	Surface	Surface	32.10877675
22	41	351.0994143	Surface	Surface	39.69245843
22	42	369.7053948	Surface	Surface	31.10235294
22	43	380.2472448	Surface	Surface	32.88659531
22	44	399.4404906	Surface	Surface	30.29614546
22	45	405.282743	Surface	Surface	33.40962946
22	46	425.9175413	Surface	Surface	34.31417322
22	47	446.3662206	Surface	Surface	28.76161429
22	48	470.091819	Surface	Surface	38.90527468
22	49	491.3563406	Surface	Surface	29.82151716
22	50	505.3839728	Surface	Surface	29.73903213
22	51	514.6604659	Surface	Surface	32.12444272
22	52	534.0920729	Surface	Surface	39.55323443
22	53	543.5566773	Surface	Surface	36.15819815
22	54	565.9305761	Surface	Surface	42.76848363
22	55	569.7057746	Surface	Surface	44.63080754
22	56	591.0132135	Surface	Surface	33.72714422
22	57	609.6329084	Surface	Surface	41.37836029
22	58	626.8409112	Surface	Surface	37.0333057
22	59	631.1389503	Surface	Surface	37.27287536
22	60	641.7977181	Surface	Surface	33.65978559
23	24	14.02426197	Surface	Surface	21.74012477
23	25	19.72731082	Surface	Surface	24.66575147
23	26	33.76014568	Surface	Surface	20.38306212
23	27	47.36284321	Surface	Surface	26.64244481
23	28	66.0488527	Surface	Surface	24.15597767
23	29	86.20450441	Surface	Surface	26.75342289
23	30	98.19997609	Surface	Surface	21.95294188
23	31	119.9560465	Surface	Surface	27.0081632
23	32	140.9149807	Surface	Surface	33.34608624
23	33	162.59834	Surface	Surface	26.85413721
23	34	184.9591113	Surface	Surface	26.31356126
23	35	207.5736164	Surface	Surface	25.43848978
23	36	251.2660539	Surface	Surface	24.97127304
23	37	272.4515915	Surface	Surface	24.38842531
23	38	275.1891101	Surface	Surface	26.33724016
23	39	299.5092151	Surface	Surface	27.81091665
23	40	323.7023078	Surface	Surface	24.81548963
23	41	335.9873991	Surface	Surface	41.20370822
23	42	354.615092	Surface	Surface	30.12563183
23	43	365.1623439	Surface	Surface	28.94520785
23	44	384.399737	Surface	Surface	27.47652058
23	45	390.2617251	Surface	Surface	32.91680815
23	46	410.9543008	Surface	Surface	33.93261004
23	47	431.4595654	Surface	Surface	26.56716989
23	48	455.1875451	Surface	Surface	38.8036224
23	49	476.3844227	Surface	Surface	32.25100783
23	50	490.3476901	Surface	Surface	25.67121187
23	51	499.5381197	Surface	Surface	34.39904826
23	52	518.9574248	Surface	Surface	39.2328917
23	53	528.4253417	Surface	Surface	34.79424125
23	54	550.7638014	Surface	Surface	41.82992535
23	55	554.5640226	Surface	Surface	44.8933467
23	56	575.9903526	Surface	Surface	30.49732168
23	57	594.7295791	Surface	Surface	41.44668234
23	58	612.0350803	Surface	Surface	38.27730756
23	59	616.3481064	Surface	Surface	36.24744895
23	60	626.9648604	Surface	Surface	33.6937414
24	25	5.789641258	Surface	Surface	23.62767382
24	26	19.73974489	Surface	Surface	20.25261148
24	27	33.34232638	Surface	Surface	27.41708445
24	28	52.02753487	Surface	Surface	26.17943789
24	29	72.22910039	Surface	Surface	24.80211616
24	30	84.25657077	Surface	Surface	20.88070549
24	31	106.049207	Surface	Surface	26.19649462
24	32	127.0501591	Surface	Surface	32.31831376
24	33	148.785954	Surface	Surface	23.89532609
24	34	171.1598913	Surface	Surface	26.07420269
24	35	193.7846959	Surface	Surface	28.27482732
24	36	237.4938884	Surface	Surface	24.97254372
24	37	258.678917	Surface	Surface	23.83338799
24	38	261.4132067	Surface	Surface	23.92417268
24	39	285.7195292	Surface	Surface	25.34557364
24	40	309.912029	Surface	Surface	26.23832875
24	41	322.2201357	Surface	Surface	40.40132528
24	42	340.8575063	Surface	Surface	26.71338663
24	43	351.4066866	Surface	Surface	26.69639513
24	44	370.6658742	Surface	Surface	29.0196001
24	45	376.5379505	Surface	Surface	31.23465549
24	46	397.2601738	Surface	Surface	30.96685059
24	47	417.7950026	Surface	Surface	27.55010074
24	48	441.5225619	Surface	Surface	37.48448794
24	49	462.6811622	Surface	Surface	27.41544134
24	50	476.6094763	Surface	Surface	27.31311464
24	51	485.7552522	Surface	Surface	30.23246766
24	52	505.167628	Surface	Surface	36.04851028
24	53	514.63685	Surface	Surface	31.50951793
24	54	536.9570511	Surface	Surface	37.39171217
24	55	540.7694603	Surface	Surface	40.19708367
24	56	562.255534	Surface	Surface	27.89796225
24	57	581.0577485	Surface	Surface	37.09036948
24	58	598.4163248	Surface	Surface	35.57617405
24	59	602.7375655	Surface	Surface	32.83606242
24	60	613.3304447	Surface	Surface	30.71415001
25	26	14.07470999	Surface	Surface	17.26941514
25	27	27.74177887	Surface	Surface	19.7649078
25	28	46.34610432	Surface	Surface	23.55828245
25	29	66.48064532	Surface	Surface	25.89952224
25	30	78.49191831	Surface	Surface	24.52780484
25	31	100.2736944	Surface	Surface	27.29941465
25	32	121.2671303	Surface	Surface	35.55148307
25	33	142.9980028	Surface	Surface	25.52677974
25	34	165.3713499	Surface	Surface	24.02447066
25	35	187.9957967	Surface	Surface	23.49960843
25	36	231.7045636	Surface	Surface	20.94902491
25	37	252.889632	Surface	Surface	20.87457403
25	38	255.6240116	Surface	Surface	25.88896298
25	39	279.9308602	Surface	Surface	25.36359539
25	40	304.1234213	Surface	Surface	24.98209264
25	41	316.4307819	Surface	Surface	43.36287629
25	42	335.0679871	Surface	Surface	28.35750133
25	43	345.6171455	Surface	Surface	23.24568897
25	44	364.876244	Surface	Surface	27.55372945
25	45	370.7483971	Surface	Surface	31.91974284
25	46	391.4712355	Surface	Surface	34.557015
25	47	412.0071969	Surface	Surface	31.26945946
25	48	435.734706	Surface	Surface	37.64354421
25	49	456.8919329	Surface	Surface	31.74230118
25	50	470.8198356	Surface	Surface	29.47478637
25	51	479.9664836	Surface	Surface	34.04179797
25	52	499.3791686	Surface	Surface	39.96148354
25	53	508.8483357	Surface	Surface	36.09502197
25	54	531.1695567	Surface	Surface	42.7527741
25	55	534.9812551	Surface	Surface	42.97973096
25	56	556.4658931	Surface	Surface	29.4128688
25	57	575.2694737	Surface	Surface	41.15904078
25	58	592.6309323	Surface	Surface	38.51858358
25	59	596.952736	Surface	Surface	35.63914532
25	60	607.5440409	Surface	Surface	36.30312294
26	27	13.68435934	Surface	Surface	19.15932635
26	28	32.28870907	Surface	Surface	18.89593108
26	29	52.53910385	Surface	Surface	21.87223364
26	30	64.61054582	Surface	Surface	18.8772775
26	31	86.44827241	Surface	Surface	25.1451304
26	32	107.5024146	Surface	Surface	30.56522174
26	33	129.3060746	Surface	Surface	22.90390533
26	34	151.6903913	Surface	Surface	21.36729565
26	35	174.3228512	Surface	Surface	20.7857227
26	36	218.0452859	Surface	Surface	18.81820644
26	37	239.2259461	Surface	Surface	18.69400811
26	38	241.955449	Surface	Surface	22.55400044
26	39	266.240076	Surface	Surface	22.26174504
26	40	290.4291872	Surface	Surface	22.26792754
26	41	302.7663706	Surface	Surface	39.84344082
26	42	321.4146855	Surface	Surface	24.32646084
26	43	331.9654427	Surface	Surface	22.5904376
26	44	351.2515929	Surface	Surface	26.59187407
26	45	357.1364409	Surface	Surface	30.11313838
26	46	377.8959873	Surface	Surface	31.37039679
26	47	398.4681657	Surface	Surface	25.72924299
26	48	422.1932665	Surface	Surface	37.14041599
26	49	443.300279	Surface	Surface	29.16279875
26	50	457.1825834	Surface	Surface	25.65146333
26	51	466.2709744	Surface	Surface	31.73169127
26	52	485.6738856	Surface	Surface	37.13127075
26	53	495.1444193	Surface	Surface	31.74284197
26	54	517.441102	Surface	Surface	38.71885508
26	55	521.2685874	Surface	Surface	41.73124468
26	56	542.8293585	Surface	Surface	25.38554167
26	57	561.7116685	Surface	Surface	38.16601721
26	58	579.1383657	Surface	Surface	36.84017578
26	59	583.4701191	Surface	Surface	33.11866564
26	60	594.0314646	Surface	Surface	32.1656164
27	28	18.80381481	Surface	Surface	18.81036114
27	29	39.32072779	Surface	Surface	26.85172585
27	30	51.478743	Surface	Surface	26.44721969
27	31	73.36692701	Surface	Surface	32.33542586
27	32	94.48901313	Surface	Surface	39.86618602
27	33	116.3800589	Surface	Surface	28.69011107
27	34	138.759791	Surface	Surface	24.19744659
27	35	161.3882894	Surface	Surface	19.16183761
27	36	205.1092014	Surface	Surface	18.41833715
27	37	226.2764241	Surface	Surface	21.17478305
27	38	228.9983361	Surface	Surface	26.67906823
27	39	253.2457548	Surface	Surface	25.16541667
27	40	277.4249376	Surface	Surface	27.64501153
27	41	289.8004178	Surface	Surface	45.42548076
27	42	308.4603714	Surface	Surface	28.24020528
27	43	319.0115277	Surface	Surface	23.41257117
27	44	338.3307478	Surface	Surface	31.06274294
27	45	344.2315107	Surface	Surface	29.64409932
27	46	365.0362136	Surface	Surface	33.72170948
27	47	385.6525365	Surface	Surface	29.82123854
27	48	409.3715697	Surface	Surface	33.86256505
27	49	430.4115086	Surface	Surface	29.64211139
27	50	444.233182	Surface	Surface	29.35905424
27	51	453.2440647	Surface	Surface	33.89540943
27	52	472.6326402	Surface	Surface	38.71534237
27	53	482.1043809	Surface	Surface	34.41851358
27	54	504.3670575	Surface	Surface	40.8873165
27	55	508.2153702	Surface	Surface	41.59869412
27	56	529.8747816	Surface	Surface	26.70972145
27	57	548.8569643	Surface	Surface	41.10977489
27	58	566.3648653	Surface	Surface	38.03900772
27	59	570.7087921	Surface	Surface	34.79228656
27	60	581.2319048	Surface	Surface	36.17922505
28	29	20.62882801	Surface	Surface	22.84656512
28	30	32.81066301	Surface	Surface	22.26816792
28	31	54.68846873	Surface	Surface	30.32124834
28	32	75.83100059	Surface	Surface	34.85722194
28	33	97.76158811	Surface	Surface	25.18745802
28	34	120.1246975	Surface	Surface	21.77739811
28	35	142.7415154	Surface	Surface	19.06426875
28	36	186.4502273	Surface	Surface	19.44880276
28	37	207.6063528	Surface	Surface	19.39873614
28	38	210.3237653	Surface	Surface	23.22246482
28	39	234.5490041	Surface	Surface	23.82279596
28	40	258.7211389	Surface	Surface	25.23358825
28	41	271.11456	Surface	Surface	42.72318772
28	42	289.7789609	Surface	Surface	25.69880016
28	43	300.3295486	Surface	Surface	26.52696124
28	44	319.6645795	Surface	Surface	30.02513549
28	45	325.5734144	Surface	Surface	29.66150345
28	46	346.4014955	Surface	Surface	31.51695855
28	47	367.0416708	Surface	Surface	26.05977459
28	48	390.7556552	Surface	Surface	32.69163579
28	49	411.7572246	Surface	Surface	28.77235026
28	50	425.5472009	Surface	Surface	25.78019849
28	51	434.521897	Surface	Surface	33.51564799
28	52	453.9039041	Surface	Surface	36.81533839
28	53	463.3759436	Surface	Surface	31.3789874
28	54	485.6244802	Surface	Surface	37.01351009
28	55	489.4809839	Surface	Surface	39.2033082
28	56	511.1837828	Surface	Surface	27.887708
28	57	530.2166598	Surface	Surface	38.44042523
28	58	547.7698421	Surface	Surface	35.70327797
28	59	552.1207802	Surface	Surface	34.17371572
28	60	562.6213381	Surface	Surface	32.29107234
29	30	12.18183551	Surface	Surface	20.76158459
29	31	34.06441557	Surface	Surface	27.35190477
29	32	55.20411382	Surface	Surface	29.78256632
29	33	77.13284337	Surface	Surface	23.82004747
29	34	99.49643425	Surface	Surface	22.72275515
29	35	122.1148248	Surface	Surface	25.46288236
29	36	165.8263125	Surface	Surface	23.20877435
29	37	186.9854239	Surface	Surface	22.91224383
29	38	189.70419	Surface	Surface	23.33978099
29	39	213.9382015	Surface	Surface	21.31641393
29	40	238.114021	Surface	Surface	23.78641739
29	41	250.4994045	Surface	Surface	41.90493769
29	42	269.1622821	Surface	Surface	24.83324861
29	43	279.7131319	Surface	Surface	27.04349284
29	44	299.0433815	Surface	Surface	31.52967722
29	45	304.9502939	Surface	Surface	31.94827137
29	46	325.7745453	Surface	Surface	32.86080222
29	47	346.4130078	Surface	Surface	28.45994811
29	48	370.1272242	Surface	Surface	38.41293645
29	49	391.1335764	Surface	Surface	29.84595118
29	50	404.9327551	Surface	Surface	29.1553729
29	51	413.9266114	Surface	Surface	32.75743443
29	52	433.3135204	Surface	Surface	37.54342111
29	53	442.7853371	Surface	Surface	33.62337683
29	54	465.0463313	Surface	Surface	38.58666901
29	55	468.895268	Surface	Surface	40.81380974
29	56	490.5715443	Surface	Surface	27.46155716
29	57	509.5907872	Surface	Surface	37.26873049
29	58	527.1410212	Surface	Surface	36.13622465
29	59	531.4920703	Surface	Surface	32.45989507
29	60	541.9927798	Surface	Surface	32.06431876
30	31	21.8894393	Surface	Surface	20.77360881
30	32	43.02420842	Surface	Surface	24.68599613
30	33	64.95109968	Surface	Surface	20.5294609
30	34	87.31501739	Surface	Surface	20.69312294
30	35	109.9345525	Surface	Surface	24.40575786
30	36	153.6478881	Surface	Surface	21.47933781
30	37	174.808991	Surface	Surface	21.33376708
30	38	177.5286796	Surface	Surface	19.44208594
30	39	201.7685359	Surface	Surface	21.29330847
30	40	225.9466442	Surface	Surface	19.91772006
30	41	238.3265785	Surface	Surface	38.47416238
30	42	256.9883723	Surface	Surface	23.04945472
30	43	267.5393584	Surface	Surface	24.83116753
30	44	286.8664378	Surface	Surface	26.9834789
30	45	292.7720951	Surface	Surface	29.63787362
30	46	313.5938715	Surface	Surface	30.24153243
30	47	334.2312612	Surface	Surface	23.98147117
30	48	357.9456163	Surface	Surface	38.47041365
30	49	378.9549602	Surface	Surface	27.52647063
30	50	392.7599478	Surface	Surface	25.8190884
30	51	401.7659338	Surface	Surface	30.35199681
30	52	421.1558702	Surface	Surface	34.3799566
30	53	430.6275076	Surface	Surface	29.65305065
30	54	452.8962635	Surface	Surface	34.61319252
30	55	456.7404187	Surface	Surface	38.16610351
30	56	478.3999917	Surface	Surface	25.16586272
30	57	497.4107345	Surface	Surface	33.91371205
30	58	514.9591947	Surface	Surface	32.86570947
30	59	519.3103254	Surface	Surface	31.3692309
30	60	529.8110907	Surface	Surface	27.92421487
31	32	21.14526099	Surface	Surface	24.47926316
31	33	43.09672197	Surface	Surface	25.33980662
31	34	65.44149853	Surface	Surface	24.33180136
31	35	88.05364232	Surface	Surface	30.92220784
31	36	131.7622608	Surface	Surface	27.43176191
31	37	152.9210833	Surface	Surface	27.58211973
31	38	155.6401539	Surface	Surface	23.96871531
31	39	179.8793095	Surface	Surface	25.72708129
31	40	204.0580107	Surface	Surface	23.31456334
31	41	216.4372106	Surface	Surface	39.5647298
31	42	235.099226	Surface	Surface	29.87192146
31	43	245.6501785	Surface	Surface	29.45446806
31	44	264.9789801	Surface	Surface	30.44295067
31	45	270.8860459	Surface	Surface	35.67409619
31	46	291.7135194	Surface	Surface	38.92221879
31	47	312.3587116	Surface	Surface	30.51112326
31	48	336.0709929	Surface	Surface	44.46312852
31	49	357.069501	Surface	Surface	34.64683914
31	50	370.8705976	Surface	Surface	30.30530782
31	51	379.8802303	Surface	Surface	37.03175119
31	52	399.272049	Surface	Surface	42.33465679
31	53	408.7435495	Surface	Surface	38.87926878
31	54	431.0181123	Surface	Surface	44.4611667
31	55	434.8585056	Surface	Surface	46.19583488
31	56	456.5105532	Surface	Surface	31.99081674
31	57	475.5281956	Surface	Surface	41.32686499
31	58	493.0909868	Surface	Surface	40.25454275
31	59	497.4448182	Surface	Surface	38.46157986
31	60	507.9372028	Surface	Surface	36.7401282
32	33	21.96478088	Surface	Surface	28.75465932
32	34	44.29623773	Surface	Surface	30.10754293
32	35	66.91072439	Surface	Surface	37.30712462
32	36	110.6242637	Surface	Surface	34.58343767
32	37	131.7880123	Surface	Surface	33.77186922
32	38	134.50938	Surface	Surface	29.80958709
32	39	158.7626213	Surface	Surface	31.76359146
32	40	182.9461208	Surface	Surface	28.92264576
32	41	195.3121156	Surface	Surface	44.61147024
32	42	213.9714168	Surface	Surface	34.29659767
32	43	224.5225909	Surface	Surface	36.3340788
32	44	243.8441765	Surface	Surface	35.86186778
32	45	249.7484614	Surface	Surface	42.30481429
32	46	270.5705873	Surface	Surface	42.62241531
32	47	291.2135921	Surface	Surface	34.47674398
32	48	314.9261652	Surface	Surface	51.73976527
32	49	335.930999	Surface	Surface	41.01561756
32	50	349.7443961	Surface	Surface	35.21728029
32	51	358.7796293	Surface	Surface	42.32208337
32	52	378.1775412	Surface	Surface	44.79058381
32	53	387.6485278	Surface	Surface	40.86410125
32	54	409.9388909	Surface	Surface	46.39736628
32	55	413.7693116	Surface	Surface	49.2666779
32	56	435.3866547	Surface	Surface	37.06911538
32	57	454.3867171	Surface	Surface	43.72952228
32	58	471.9457337	Surface	Surface	44.74539161
32	59	476.2997013	Surface	Surface	41.9686925
32	60	486.7922965	Surface	Surface	37.73389885
33	34	22.38560325	Surface	Surface	25.61618069
33	35	45.01882392	Surface	Surface	28.67424318
33	36	88.74348851	Surface	Surface	23.34043719
33	37	109.921295	Surface	Surface	24.74579107
33	38	112.6497363	Surface	Surface	23.05123085
33	39	136.9383535	Surface	Surface	24.42476515
33	40	161.129609	Surface	Surface	26.12766396
33	41	173.4605554	Surface	Surface	43.80192713
33	42	192.1108406	Surface	Surface	26.66039715
33	43	202.6618606	Surface	Surface	28.63834325
33	44	221.9615099	Surface	Surface	31.59083637
33	45	227.8565009	Surface	Surface	32.93004241
33	46	248.6564986	Surface	Surface	33.95744921
33	47	269.2828199	Surface	Surface	29.09493197
33	48	292.9988465	Surface	Surface	39.30477601
33	49	314.0336868	Surface	Surface	29.28338915
33	50	327.8818673	Surface	Surface	29.90012587
33	51	336.9737314	Surface	Surface	35.29643301
33	52	356.3830392	Surface	Surface	37.57655436
33	53	365.852629	Surface	Surface	35.42045636
33	54	388.1722855	Surface	Surface	38.95150223
33	55	391.983748	Surface	Surface	41.37753763
33	56	413.5278383	Surface	Surface	30.86586163
33	57	432.4769771	Surface	Surface	38.60905378
33	58	450.0084289	Surface	Surface	37.07802701
33	59	454.3592297	Surface	Surface	36.08993352
33	60	464.8631161	Surface	Surface	33.03292413
34	35	22.63322713	Surface	Surface	20.33192434
34	36	66.35790463	Surface	Surface	19.22617475
34	37	87.53600085	Surface	Surface	20.44148978
34	38	90.26505968	Surface	Surface	19.68653594
34	39	114.5598601	Surface	Surface	19.47113078
34	40	138.752175	Surface	Surface	20.03065628
34	41	151.0759851	Surface	Surface	40.49974526
34	42	169.7254417	Surface	Surface	24.70006424
34	43	180.2764264	Surface	Surface	25.35126419
34	44	199.5767381	Surface	Surface	29.07717388
34	45	205.4731798	Surface	Surface	29.89494005
34	46	226.2805066	Surface	Surface	35.21004716
34	47	246.9176977	Surface	Surface	27.50542285
34	48	270.6309996	Surface	Surface	37.15653262
34	49	291.6518806	Surface	Surface	29.93508111
34	50	305.4962729	Surface	Surface	27.23934242
34	51	314.5958386	Surface	Surface	34.70737272
34	52	334.0078487	Surface	Surface	40.65537581
34	53	343.4769858	Surface	Surface	35.94471434
34	54	365.8050523	Surface	Surface	42.59469908
34	55	369.6106912	Surface	Surface	42.16489192
34	56	391.1422822	Surface	Surface	27.42465588
34	57	410.099513	Surface	Surface	38.84070105
34	58	427.6495226	Surface	Surface	37.42567398
34	59	432.0038419	Surface	Surface	34.76196938
34	60	442.4968652	Surface	Surface	34.65922185
35	36	43.72479292	Surface	Surface	17.03064336
35	37	64.90312801	Surface	Surface	20.1214272
35	38	67.63308145	Surface	Surface	22.0724547
35	39	91.93652465	Surface	Surface	22.47231633
35	40	116.129581	Surface	Surface	22.84357139
35	41	128.4438902	Surface	Surface	42.70279953
35	42	147.0923722	Surface	Surface	26.24940701
35	43	157.6433196	Surface	Surface	24.10577853
35	44	176.9448287	Surface	Surface	29.51133358
35	45	182.8432525	Surface	Surface	27.20674292
35	46	203.6599865	Surface	Surface	33.49397292
35	47	224.3105385	Surface	Surface	27.84590412
35	48	248.0200929	Surface	Surface	31.67188526
35	49	269.0236515	Surface	Surface	28.67813405
35	50	282.8630461	Surface	Surface	27.87724351
35	51	291.9709135	Surface	Surface	32.436249
35	52	311.3858658	Surface	Surface	38.11341032
35	53	320.8544563	Surface	Surface	34.22179893
35	54	343.1917695	Surface	Surface	40.18882611
35	55	346.9909181	Surface	Surface	40.91525664
35	56	368.509068	Surface	Surface	27.3444059
35	57	387.4761952	Surface	Surface	39.52504901
35	58	405.0475818	Surface	Surface	35.95503257
35	59	409.4058979	Surface	Surface	33.83285309
35	60	419.8864039	Surface	Surface	35.04175478
36	37	21.18562561	Surface	Surface	16.28422251
36	38	23.9242556	Surface	Surface	18.54789896
36	39	48.26857813	Surface	Surface	18.90311879
36	40	72.45392452	Surface	Surface	20.89014153
36	41	84.72633958	Surface	Surface	42.31849347
36	42	103.3695422	Surface	Surface	23.85136626
36	43	113.9201929	Surface	Surface	21.81503495
36	44	133.2216805	Surface	Surface	28.38465513
36	45	139.1242271	Surface	Surface	26.62159055
36	46	159.9626183	Surface	Surface	31.16476189
36	47	180.6442611	Surface	Surface	26.03542707
36	48	204.343143	Surface	Surface	30.95705301
36	49	225.3072671	Surface	Surface	25.61838766
36	50	239.138622	Surface	Surface	26.29951
36	51	248.2725305	Surface	Surface	31.49989045
36	52	267.6951045	Surface	Surface	36.10750397
36	53	277.1620031	Surface	Surface	32.49804248
36	54	299.522968	Surface	Surface	38.08849697
36	55	303.3051913	Surface	Surface	39.01816178
36	56	324.7849045	Surface	Surface	25.66233402
36	57	343.7687196	Surface	Surface	36.63730058
36	58	361.3842864	Surface	Surface	33.64104545
36	59	365.7509629	Surface	Surface	32.02305793
36	60	376.2048848	Surface	Surface	32.32151716
37	38	2.75539391	Surface	Surface	18.85301357
37	39	27.11082358	Surface	Surface	18.25963968
37	40	51.28009216	Surface	Surface	21.86830202
37	41	63.54200332	Surface	Surface	41.18619264
37	42	82.18960396	Surface	Surface	22.40540146
37	43	92.74069169	Surface	Surface	22.65264167
37	44	112.0582273	Surface	Surface	27.63212596
37	45	117.9705654	Surface	Surface	27.18376141
37	46	138.8401289	Surface	Surface	31.33948661
37	47	159.5549385	Surface	Surface	26.46133955
37	48	183.2398704	Surface	Surface	32.64094098
37	49	204.1549662	Surface	Surface	26.96244606
37	50	217.9617837	Surface	Surface	26.17072586
37	51	227.0872851	Surface	Surface	31.59305409
37	52	246.5107693	Surface	Surface	36.38169206
37	53	255.9773954	Surface	Surface	32.50312052
37	54	278.3429675	Surface	Surface	37.92043786
37	55	282.1215662	Surface	Surface	37.84296237
37	56	303.6070866	Surface	Surface	26.5663044
37	57	322.6262555	Surface	Surface	36.88917678
37	58	340.2859783	Surface	Surface	34.368929
37	59	344.6599778	Surface	Surface	32.18472133
37	60	355.089222	Surface	Surface	32.82391249
38	39	24.35908721	Surface	Surface	18.11984244
38	40	48.53347031	Surface	Surface	18.58990184
38	41	60.81092734	Surface	Surface	37.02390891
38	42	79.46342553	Surface	Surface	20.61658008
38	43	90.01466877	Surface	Surface	24.11886251
38	44	109.3422207	Surface	Surface	26.37145423
38	45	115.25923	Surface	Surface	24.42918883
38	46	136.1408771	Surface	Surface	32.27358182
38	47	156.8663902	Surface	Surface	24.23897288
38	48	180.5461949	Surface	Surface	33.35647775
38	49	201.4428347	Surface	Surface	24.6957048
38	50	215.2366818	Surface	Surface	24.11338992
38	51	224.3490702	Surface	Surface	30.51110095
38	52	243.7709585	Surface	Surface	37.44953127
38	53	253.2379633	Surface	Surface	32.97872001
38	54	275.5997043	Surface	Surface	39.04861457
38	55	279.3809364	Surface	Surface	38.55262711
38	56	300.8810288	Surface	Surface	26.50483742
38	57	319.9173724	Surface	Surface	35.91201118
38	58	337.5921366	Surface	Surface	32.90461522
38	59	341.9683659	Surface	Surface	31.94330818
38	60	352.3897247	Surface	Surface	32.00281191
39	40	24.19311226	Surface	Surface	20.15512099
39	41	36.58667537	Surface	Surface	40.04201981
39	42	55.25881282	Surface	Surface	21.95158002
39	43	65.80281083	Surface	Surface	22.83124914
39	44	85.19724266	Surface	Surface	28.96933348
39	45	91.14784862	Surface	Surface	27.45557572
39	46	112.1138469	Surface	Surface	31.19160262
39	47	132.9139677	Surface	Surface	26.97641647
39	48	156.5431667	Surface	Surface	35.58507039
39	49	177.2973259	Surface	Surface	25.91134972
39	50	191.0013971	Surface	Surface	28.3378407
39	51	200.0359924	Surface	Surface	30.49323644
39	52	219.4493495	Surface	Surface	35.43663908
39	53	228.9180232	Surface	Surface	31.62463218
39	54	251.261959	Surface	Surface	37.72153728
39	55	255.0548109	Surface	Surface	38.37218839
39	56	276.6348667	Surface	Surface	23.65842479
39	57	295.7821169	Surface	Surface	34.81469517
39	58	313.5609513	Surface	Surface	33.24247657
39	59	317.9528205	Surface	Surface	30.71826345
39	60	328.3172928	Surface	Surface	31.23166822
40	41	12.62145645	Surface	Surface	37.28741436
40	42	31.20188737	Surface	Surface	25.69538812
40	43	41.71197329	Surface	Surface	24.82181829
40	44	61.15586395	Surface	Surface	27.18981674
40	45	67.13612805	Surface	Surface	29.53186473
40	46	88.16791097	Surface	Surface	34.15287189
40	47	109.0240658	Surface	Surface	26.62019461
40	48	132.5854687	Surface	Surface	38.42822066
40	49	153.2071254	Surface	Surface	30.30286037
40	50	166.8450638	Surface	Surface	28.13536586
40	51	175.8441354	Surface	Surface	33.79142762
40	52	195.2563532	Surface	Surface	39.77228694
40	53	204.7251368	Surface	Surface	35.0733211
40	54	227.0706818	Surface	Surface	42.12017661
40	55	230.8617147	Surface	Surface	41.68938021
40	56	252.4684944	Surface	Surface	27.93094322
40	57	271.6854024	Surface	Surface	38.15435464
40	58	289.5407844	Surface	Surface	35.98261118
40	59	293.9444835	Surface	Surface	34.43185237
40	60	304.2641415	Surface	Surface	34.66633869
41	42	18.67215754	Surface	Surface	40.15530827
41	43	29.21820895	Surface	Surface	40.41435397
41	44	48.61739317	Surface	Surface	38.72299519
41	45	54.57996231	Surface	Surface	42.48010586
41	46	75.58581997	Surface	Surface	46.20701023
41	47	96.42783042	Surface	Surface	39.83230903
41	48	120.0117984	Surface	Surface	50.73839513
41	49	140.7113425	Surface	Surface	41.02324657
41	50	154.433404	Surface	Surface	40.33667505
41	51	163.5612123	Surface	Surface	43.55244682
41	52	182.9939175	Surface	Surface	52.49716528
41	53	192.45763	Surface	Surface	46.64251704
41	54	214.8562364	Surface	Surface	53.08847891
41	55	218.609429	Surface	Surface	54.82518171
41	56	240.0745396	Surface	Surface	42.77475911
41	57	259.196028	Surface	Surface	48.99607859
41	58	276.9991676	Surface	Surface	49.03804188
41	59	281.3969588	Surface	Surface	47.32204278
41	60	291.7418036	Surface	Surface	45.3750613
42	43	10.55124687	Surface	Surface	26.12193745
42	44	29.95659201	Surface	Surface	27.43132581
42	45	35.93430341	Surface	Surface	24.82059389
42	46	56.97572789	Surface	Surface	29.98824419
42	47	77.84702936	Surface	Surface	26.47678396
42	48	101.3857788	Surface	Surface	32.39513677
42	49	122.040001	Surface	Surface	23.44503536
42	50	135.7733342	Surface	Surface	26.98887185
42	51	144.9646483	Surface	Surface	28.53053588
42	52	164.4077751	Surface	Surface	35.56283929
42	53	173.8670293	Surface	Surface	31.41724436
42	54	196.2984374	Surface	Surface	36.24005554
42	55	200.0258078	Surface	Surface	36.96484514
42	56	221.4177298	Surface	Surface	26.74971011
42	57	240.5244907	Surface	Surface	34.09903466
42	58	258.3438789	Surface	Surface	31.80557613
42	59	262.7454382	Surface	Surface	31.39897036
42	60	273.0774859	Surface	Surface	30.60975845
43	44	19.46228022	Surface	Surface	27.9431049
43	45	25.46509341	Surface	Surface	27.85615555
43	46	46.53908823	Surface	Surface	32.76833522
43	47	67.43167557	Surface	Surface	30.13097848
43	48	90.91333066	Surface	Surface	36.09826551
43	49	111.5027857	Surface	Surface	27.68291646
43	50	125.2220918	Surface	Surface	30.7525984
43	51	134.4314737	Surface	Surface	30.41680949
43	52	153.8782325	Surface	Surface	37.31755624
43	53	163.3354092	Surface	Surface	34.41629705
43	54	185.7798929	Surface	Surface	41.15710962
43	55	189.4963773	Surface	Surface	41.372353
43	56	210.8665315	Surface	Surface	26.74665576
43	57	229.9858065	Surface	Surface	39.44433517
43	58	247.8307539	Surface	Surface	36.31715175
43	59	252.2366482	Surface	Surface	32.65268566
43	60	262.5525159	Surface	Surface	34.4032705
44	45	6.018197072	Surface	Surface	32.89271434
44	46	27.09648737	Surface	Surface	37.43655741
44	47	47.99550639	Surface	Surface	29.09200281
44	48	71.45105068	Surface	Surface	41.16437883
44	49	92.10689263	Surface	Surface	32.45485515
44	50	105.9483959	Surface	Surface	28.63713451
44	51	115.3772474	Surface	Surface	35.86724676
44	52	134.839058	Surface	Surface	42.23176862
44	53	144.2784692	Surface	Surface	39.55245008
44	54	166.7944931	Surface	Surface	45.73634014
44	55	170.4451734	Surface	Surface	47.14897258
44	56	191.5910986	Surface	Surface	32.55812851
44	57	210.5900396	Surface	Surface	42.98676991
44	58	228.3872899	Surface	Surface	40.11110574
44	59	232.7891479	Surface	Surface	39.57487188
44	60	243.1244232	Surface	Surface	37.37133634
45	46	21.08031392	Surface	Surface	29.45118036
45	47	41.97874226	Surface	Surface	28.2084172
45	48	65.45474057	Surface	Surface	24.17402414
45	49	86.18447578	Surface	Surface	21.4418215
45	50	100.1030105	Surface	Surface	28.94332213
45	51	109.648824	Surface	Surface	26.25131009
45	52	129.111633	Surface	Surface	37.24843956
45	53	138.5396336	Surface	Surface	32.51550938
45	54	161.08541	Surface	Surface	37.73817365
45	55	164.7036857	Surface	Surface	32.92090446
45	56	185.7327275	Surface	Surface	27.94920115
45	57	204.6593095	Surface	Surface	35.54543091
45	58	222.4193654	Surface	Surface	29.56293669
45	59	226.8171618	Surface	Surface	30.66262287
45	60	237.1695839	Surface	Surface	34.17963602
46	47	20.89920801	Surface	Surface	28.06930505
46	48	44.42986158	Surface	Surface	33.21244159
46	49	65.43934218	Surface	Surface	27.80065817
46	50	79.65146904	Surface	Surface	34.82626752
46	51	89.65518977	Surface	Surface	26.29671764
46	52	109.0767921	Surface	Surface	27.49900972
46	53	118.4439211	Surface	Surface	23.04783436
46	54	141.0725387	Surface	Surface	27.8710663
46	55	144.5647273	Surface	Surface	28.91407402
46	56	165.1508115	Surface	Surface	23.99925275
46	57	183.8213186	Surface	Surface	29.70328312
46	58	201.4592846	Surface	Surface	28.55414562
46	59	205.8443432	Surface	Surface	29.24258452
46	60	216.2491624	Surface	Surface	25.74359946
47	48	23.72799584	Surface	Surface	32.80843124
47	49	45.25711024	Surface	Surface	26.4035302
47	50	59.90229234	Surface	Surface	23.6427625
47	51	70.57673812	Surface	Surface	27.90914131
47	52	89.79494505	Surface	Surface	32.77358819
47	53	99.02754925	Surface	Surface	26.86646928
47	54	121.6891144	Surface	Surface	33.73046058
47	55	125.0004669	Surface	Surface	35.90027239
47	56	144.9555261	Surface	Surface	22.85780087
47	57	163.2712808	Surface	Surface	32.85130513
47	58	180.740433	Surface	Surface	29.82145297
47	59	185.107531	Surface	Surface	29.42693949
47	60	195.5803455	Surface	Surface	25.90755652
48	49	21.93732623	Surface	Surface	26.74957993
48	50	36.93237329	Surface	Surface	33.26594535
48	51	48.30680795	Surface	Surface	31.62371835
48	52	67.06347241	Surface	Surface	39.15143304
48	53	76.10096032	Surface	Surface	35.13466266
48	54	98.70515493	Surface	Surface	37.65446888
48	55	101.8496995	Surface	Surface	31.97803495
48	56	121.3415229	Surface	Surface	33.54798501
48	57	139.5437555	Surface	Surface	36.61236042
48	58	157.0461479	Surface	Surface	30.14856509
48	59	161.4236593	Surface	Surface	34.21761481
48	60	171.8663477	Surface	Surface	36.79297357
49	50	15.08113356	Surface	Surface	28.48638803
49	51	26.88660575	Surface	Surface	24.30035391
49	52	45.20606987	Surface	Surface	34.48076004
49	53	54.17783089	Surface	Surface	30.66297498
49	54	76.76971482	Surface	Surface	35.24186515
49	55	79.91949316	Surface	Surface	33.96470877
49	56	99.74828207	Surface	Surface	25.64506123
49	57	118.4847981	Surface	Surface	32.56184691
49	58	136.4373426	Surface	Surface	28.6840627
49	59	140.8752858	Surface	Surface	30.40203568
49	60	151.081231	Surface	Surface	30.89689681
50	51	12.20537655	Surface	Surface	34.57676847
50	52	30.13862068	Surface	Surface	40.08745066
50	53	39.19317535	Surface	Surface	34.88390159
50	54	61.83242326	Surface	Surface	40.89380169
50	55	65.09828217	Surface	Surface	41.997665
50	56	85.64698882	Surface	Surface	31.48191959
50	57	105.0925268	Surface	Surface	38.80898484
50	58	123.5376493	Surface	Surface	36.324926
50	59	128.0312781	Surface	Surface	36.62568663
50	60	137.9328955	Surface	Surface	33.23162036
51	52	19.46298021	Surface	Surface	30.16509976
51	53	28.90569466	Surface	Surface	27.73283885
51	54	51.44721931	Surface	Surface	34.06596985
51	55	55.07138365	Surface	Surface	30.74137791
51	56	77.04932778	Surface	Surface	23.87136966
51	57	97.51469411	Surface	Surface	30.41084658
51	58	116.5504352	Surface	Surface	25.77793684
51	59	121.0946989	Surface	Surface	26.43563037
51	60	130.5235107	Surface	Surface	27.29096245
52	53	9.47227066	Surface	Surface	23.34410359
52	54	31.99757785	Surface	Surface	24.95544711
52	55	35.61816667	Surface	Surface	31.00781305
52	56	58.11401364	Surface	Surface	26.04987846
52	57	79.18247316	Surface	Surface	28.70488561
52	58	98.58812773	Surface	Surface	28.65661443
52	59	103.1512836	Surface	Surface	27.51074443
52	60	112.1681203	Surface	Surface	24.37436062
53	54	22.66277869	Surface	Surface	22.25654962
53	55	26.16680334	Surface	Surface	27.2911897
53	56	48.81049968	Surface	Surface	22.76224378
53	57	70.14394669	Surface	Surface	25.5832242
53	58	89.69770465	Surface	Surface	26.49269953
53	59	94.26225202	Surface	Surface	25.28974103
53	60	103.0711275	Surface	Surface	20.65021084
54	55	4.647554256	Surface	Surface	26.76769478
54	56	29.43830044	Surface	Surface	30.38805303
54	57	51.81552153	Surface	Surface	25.61388756
54	58	71.71687276	Surface	Surface	28.21300488
54	59	76.21188144	Surface	Surface	29.68789574
54	60	83.86219773	Surface	Surface	26.98682993
55	56	24.80091264	Surface	Surface	31.10424748
55	57	47.17088159	Surface	Surface	25.72236378
55	58	67.0726104	Surface	Surface	25.70065591
55	59	71.569827	Surface	Surface	32.06259114
55	60	79.27308994	Surface	Surface	30.68117589
56	57	22.4019117	Surface	Surface	28.06383286
56	58	42.29332857	Surface	Surface	28.16122811
56	59	46.77799439	Surface	Surface	22.49178536
56	60	54.62210931	Surface	Surface	24.67515433
57	58	19.90198726	Surface	Surface	26.56143756
57	59	24.41079595	Surface	Surface	30.47633822
57	60	33.01569863	Surface	Surface	27.85042685
58	59	4.564693701	Surface	Surface	28.62870523
58	60	15.19989221	Surface	Surface	25.98897473
59	60	11.48311645	Surface	Surface	28.5515515
1	2	10.10648629	Deep	Shallow subsurface	21.10711349
1	3	28.25796439	Deep	Shallow subsurface	20.79884715
1	4	47.61544412	Deep	Shallow subsurface	18.42737646
1	5	58.85946294	Deep	Shallow subsurface	27.62332315
1	6	73.55524788	Deep	Shallow subsurface	22.65711882
1	7	87.06997825	Deep	Shallow subsurface	25.33097721
1	8	102.2829382	Deep	Shallow subsurface	29.03525774
1	9	122.206354	Deep	Shallow subsurface	30.77818233
1	10	138.5354625	Deep	Shallow subsurface	24.75741111
1	11	156.9523329	Deep	Shallow subsurface	23.89823127
1	12	178.0420697	Deep	Shallow subsurface	28.55445484
1	13	201.6005194	Deep	Shallow subsurface	23.49762141
1	14	227.2011724	Deep	Shallow subsurface	29.48049845
1	15	246.7396651	Deep	Shallow subsurface	23.5099512
1	16	262.8044668	Deep	Shallow subsurface	23.04552123
1	17	284.1077048	Deep	Shallow subsurface	25.63863551
1	18	307.8393819	Deep	Shallow subsurface	29.28597304
1	19	329.5327081	Deep	Shallow subsurface	22.34690363
1	20	349.673269	Deep	Shallow subsurface	28.62773979
1	21	356.7704178	Deep	Shallow subsurface	28.05000688
1	22	374.3426741	Deep	Shallow subsurface	23.54321495
1	23	389.843226	Deep	Shallow subsurface	26.47897391
1	24	403.8103918	Deep	Shallow subsurface	34.78856393
1	25	409.5609904	Deep	Shallow subsurface	29.03297059
1	26	423.5184924	Deep	Shallow subsurface	25.00726161
1	27	436.9448526	Deep	Shallow subsurface	27.22125258
1	28	455.7387838	Deep	Shallow subsurface	30.42733305
1	29	476.0392933	Deep	Shallow subsurface	30.25093653
1	30	488.0409304	Deep	Shallow subsurface	32.60154722
1	31	509.7584327	Deep	Shallow subsurface	37.21072406
1	32	530.6215785	Deep	Shallow subsurface	42.51764786
1	33	552.1228693	Deep	Shallow subsurface	34.5692331
1	34	574.3947786	Deep	Shallow subsurface	34.63285598
1	35	596.9239916	Deep	Shallow subsurface	32.28544443
1	36	640.4532381	Deep	Shallow subsurface	35.33681076
1	37	661.6027389	Deep	Shallow subsurface	29.83694946
1	38	664.3532204	Deep	Shallow subsurface	37.35741956
1	39	688.7119861	Deep	Shallow subsurface	35.65059839
1	40	712.8752931	Deep	Shallow subsurface	30.87349345
1	41	725.001922	Deep	Shallow subsurface	39.85942061
1	42	743.5378843	Deep	Shallow subsurface	29.75573132
1	43	754.0557975	Deep	Shallow subsurface	32.36653277
1	44	773.1090806	Deep	Shallow subsurface	33.89967693
1	45	778.8870015	Deep	Shallow subsurface	35.02699052
1	46	799.3134504	Deep	Shallow subsurface	35.16041293
1	47	819.5350219	Deep	Shallow subsurface	29.32353509
1	48	843.2164368	Deep	Shallow subsurface	30.71607207
1	49	864.7013877	Deep	Shallow subsurface	33.78355453
1	50	878.9351544	Deep	Shallow subsurface	31.73416867
1	51	888.4684542	Deep	Shallow subsurface	39.70153732
1	52	907.9238235	Deep	Shallow subsurface	45.48776777
1	53	917.3740007	Deep	Shallow subsurface	44.11358091
1	54	939.8353911	Deep	Shallow subsurface	42.97599482
1	55	943.5396347	Deep	Shallow subsurface	43.0035746
1	56	964.4485269	Deep	Shallow subsurface	43.5564218
1	57	982.5793282	Deep	Shallow subsurface	39.84247534
1	58	999.3262151	Deep	Shallow subsurface	39.257157
1	59	1003.546557	Deep	Shallow subsurface	38.17850029
1	60	1014.391542	Deep	Shallow subsurface	40.77628864
2	3	18.15173038	Deep	Shallow subsurface	21.61752786
2	4	37.53608796	Deep	Shallow subsurface	21.57964147
2	5	48.84550602	Deep	Shallow subsurface	24.99942828
2	6	63.76453397	Deep	Shallow subsurface	22.72122325
2	7	77.45644003	Deep	Shallow subsurface	26.93717757
2	8	92.89932418	Deep	Shallow subsurface	28.91170025
2	9	112.9206711	Deep	Shallow subsurface	31.47194166
2	10	129.3301654	Deep	Shallow subsurface	27.63172386
2	11	147.7769345	Deep	Shallow subsurface	24.57679654
2	12	168.8761075	Deep	Shallow subsurface	28.50072862
2	13	192.4089677	Deep	Shallow subsurface	25.06712316
2	14	217.9964245	Deep	Shallow subsurface	31.46992509
2	15	237.5409349	Deep	Shallow subsurface	23.55860404
2	16	253.602577	Deep	Shallow subsurface	25.76183183
2	17	274.9169517	Deep	Shallow subsurface	28.99073796
2	18	298.6273716	Deep	Shallow subsurface	31.76359856
2	19	320.2616159	Deep	Shallow subsurface	26.8883304
2	20	340.3809717	Deep	Shallow subsurface	30.59436313
2	21	347.4557267	Deep	Shallow subsurface	29.49139908
2	22	364.9787435	Deep	Shallow subsurface	24.12629254
2	23	380.4381739	Deep	Shallow subsurface	26.83645106
2	24	394.3928449	Deep	Shallow subsurface	35.46670337
2	25	400.1493405	Deep	Shallow subsurface	32.110764
2	26	414.090173	Deep	Shallow subsurface	29.26969012
2	27	427.4936096	Deep	Shallow subsurface	28.69296769
2	28	446.2918716	Deep	Shallow subsurface	28.66659678
2	29	466.6205986	Deep	Shallow subsurface	31.20720029
2	30	478.6379946	Deep	Shallow subsurface	33.50490999
2	31	500.3755507	Deep	Shallow subsurface	35.80915497
2	32	521.2634224	Deep	Shallow subsurface	42.233202
2	33	542.796405	Deep	Shallow subsurface	34.43078071
2	34	565.0835499	Deep	Shallow subsurface	34.75664279
2	35	587.6269677	Deep	Shallow subsurface	31.27083909
2	36	631.1821728	Deep	Shallow subsurface	34.38700593
2	37	652.3389769	Deep	Shallow subsurface	30.57264106
2	38	655.0883977	Deep	Shallow subsurface	36.04671353
2	39	679.4459715	Deep	Shallow subsurface	35.65458478
2	40	703.6158437	Deep	Shallow subsurface	29.38628848
2	41	715.7622282	Deep	Shallow subsurface	33.5086477
2	42	734.3105746	Deep	Shallow subsurface	26.87391435
2	43	744.8329747	Deep	Shallow subsurface	31.61532728
2	44	763.9077107	Deep	Shallow subsurface	32.44044826
2	45	769.6946918	Deep	Shallow subsurface	31.8444992
2	46	790.1489392	Deep	Shallow subsurface	28.37199161
2	47	810.3983647	Deep	Shallow subsurface	29.0679018
2	48	834.0872347	Deep	Shallow subsurface	26.29271312
2	49	855.5494089	Deep	Shallow subsurface	28.34113038
2	50	869.7585149	Deep	Shallow subsurface	31.1321162
2	51	879.2553406	Deep	Shallow subsurface	36.64974789
2	52	898.7079712	Deep	Shallow subsurface	38.3285393
2	53	908.1610059	Deep	Shallow subsurface	39.5758925
2	54	930.6086647	Deep	Shallow subsurface	36.05870295
2	55	934.3252667	Deep	Shallow subsurface	36.60998876
2	56	955.2931882	Deep	Shallow subsurface	36.71688171
2	57	973.4827732	Deep	Shallow subsurface	33.82523539
2	58	990.2780369	Deep	Shallow subsurface	32.94543775
2	59	994.506205	Deep	Shallow subsurface	33.21806312
2	60	1005.334166	Deep	Shallow subsurface	37.85066527
3	4	19.5304485	Deep	Shallow subsurface	20.17960122
3	5	31.04949852	Deep	Shallow subsurface	26.66080573
3	6	46.57962419	Deep	Shallow subsurface	17.89194503
3	7	60.66194235	Deep	Shallow subsurface	20.26251244
3	8	76.58614031	Deep	Shallow subsurface	23.03809295
3	9	96.73500037	Deep	Shallow subsurface	25.03606937
3	10	113.2625709	Deep	Shallow subsurface	21.13919539
3	11	131.7186662	Deep	Shallow subsurface	20.68080453
3	12	152.7891493	Deep	Shallow subsurface	23.15080233
3	13	176.2274267	Deep	Shallow subsurface	19.73709017
3	14	201.7547597	Deep	Shallow subsurface	26.46878398
3	15	221.2917862	Deep	Shallow subsurface	20.0011645
3	16	237.3331344	Deep	Shallow subsurface	21.76981919
3	17	258.654176	Deep	Shallow subsurface	23.05883454
3	18	282.3073104	Deep	Shallow subsurface	26.20056707
3	19	303.8129465	Deep	Shallow subsurface	22.87716007
3	20	323.8817721	Deep	Shallow subsurface	25.51754715
3	21	330.9095758	Deep	Shallow subsurface	24.74013034
3	22	348.3295069	Deep	Shallow subsurface	22.44128542
3	23	363.7034797	Deep	Shallow subsurface	22.64563467
3	24	377.6300017	Deep	Shallow subsurface	30.36336173
3	25	383.39667	Deep	Shallow subsurface	28.64136971
3	26	397.301644	Deep	Shallow subsurface	23.24374998
3	27	410.6574455	Deep	Shallow subsurface	23.88950439
3	28	429.4605894	Deep	Shallow subsurface	26.18744262
3	29	449.8406274	Deep	Shallow subsurface	25.17408266
3	30	461.8865721	Deep	Shallow subsurface	28.76969409
3	31	483.6594461	Deep	Shallow subsurface	31.96177895
3	32	504.5918862	Deep	Shallow subsurface	38.1584892
3	33	526.1827887	Deep	Shallow subsurface	31.39864548
3	34	548.4961436	Deep	Shallow subsurface	30.76012136
3	35	571.0638912	Deep	Shallow subsurface	27.06954138
3	36	614.6636024	Deep	Shallow subsurface	30.27339828
3	37	635.832055	Deep	Shallow subsurface	26.06407785
3	38	638.5791672	Deep	Shallow subsurface	29.61099928
3	39	662.9320384	Deep	Shallow subsurface	31.23308894
3	40	687.112147	Deep	Shallow subsurface	26.05098407
3	41	699.294973	Deep	Shallow subsurface	31.84419824
3	42	717.8652031	Deep	Shallow subsurface	23.58301874
3	43	728.3952216	Deep	Shallow subsurface	28.78892379
3	44	747.5090295	Deep	Shallow subsurface	26.80081846
3	45	753.312693	Deep	Shallow subsurface	32.26564014
3	46	773.8178889	Deep	Shallow subsurface	28.50810587
3	47	794.1183585	Deep	Shallow subsurface	25.83105971
3	48	817.8195269	Deep	Shallow subsurface	27.11749682
3	49	839.2372512	Deep	Shallow subsurface	29.24035086
3	50	853.3989402	Deep	Shallow subsurface	28.58113299
3	51	862.8264222	Deep	Shallow subsurface	33.19844616
3	52	882.2727498	Deep	Shallow subsurface	40.11383848
3	53	891.7306307	Deep	Shallow subsurface	38.48904588
3	54	914.1512086	Deep	Shallow subsurface	37.06298732
3	55	917.8908769	Deep	Shallow subsurface	37.92316956
3	56	938.9686929	Deep	Shallow subsurface	38.3272014
3	57	957.2676898	Deep	Shallow subsurface	33.14394779
3	58	974.1527769	Deep	Shallow subsurface	33.91747566
3	59	978.3953824	Deep	Shallow subsurface	33.21216219
3	60	989.1908481	Deep	Shallow subsurface	36.42838335
4	5	11.65887821	Deep	Shallow subsurface	27.18566805
4	6	27.77425278	Deep	Shallow subsurface	18.02058783
4	7	42.13380236	Deep	Shallow subsurface	21.30459973
4	8	58.42971527	Deep	Shallow subsurface	24.80396764
4	9	78.54748239	Deep	Shallow subsurface	27.7454687
4	10	95.10216756	Deep	Shallow subsurface	21.87174541
4	11	113.4927702	Deep	Shallow subsurface	19.73318187
4	12	134.4770813	Deep	Shallow subsurface	21.63108922
4	13	157.7860579	Deep	Shallow subsurface	21.21939553
4	14	183.2279232	Deep	Shallow subsurface	29.16117085
4	15	202.7387605	Deep	Shallow subsurface	19.28660573
4	16	218.7500534	Deep	Shallow subsurface	20.84977059
4	17	240.0612282	Deep	Shallow subsurface	23.79085774
4	18	263.6557029	Deep	Shallow subsurface	28.46895742
4	19	285.0534315	Deep	Shallow subsurface	22.73087771
4	20	305.0774	Deep	Shallow subsurface	26.6793128
4	21	312.0686086	Deep	Shallow subsurface	25.60459876
4	22	329.4098983	Deep	Shallow subsurface	23.65993347
4	23	344.7209102	Deep	Shallow subsurface	25.09784979
4	24	358.6255041	Deep	Shallow subsurface	31.43962766
4	25	364.3980167	Deep	Shallow subsurface	29.95223426
4	26	378.2764414	Deep	Shallow subsurface	25.91075078
4	27	391.5986264	Deep	Shallow subsurface	27.04721239
4	28	410.4024053	Deep	Shallow subsurface	25.69596237
4	29	430.8136326	Deep	Shallow subsurface	27.06083447
4	30	442.8770482	Deep	Shallow subsurface	31.99203511
4	31	464.6709274	Deep	Shallow subsurface	33.80142281
4	32	485.6309864	Deep	Shallow subsurface	39.28804508
4	33	507.2588839	Deep	Shallow subsurface	31.39707401
4	34	529.5878432	Deep	Shallow subsurface	33.62580323
4	35	552.1700687	Deep	Shallow subsurface	28.80929931
4	36	595.7965051	Deep	Shallow subsurface	33.99902086
4	37	616.9712507	Deep	Shallow subsurface	29.47500019
4	38	619.7165502	Deep	Shallow subsurface	32.28336703
4	39	644.064327	Deep	Shallow subsurface	35.49610369
4	40	668.2497625	Deep	Shallow subsurface	27.78159269
4	41	680.4568983	Deep	Shallow subsurface	37.35028438
4	42	699.0410547	Deep	Shallow subsurface	27.92722671
4	43	709.575679	Deep	Shallow subsurface	30.49321537
4	44	728.7155019	Deep	Shallow subsurface	30.59401367
4	45	734.53048	Deep	Shallow subsurface	35.3783031
4	46	755.0702605	Deep	Shallow subsurface	32.82337053
4	47	775.4056959	Deep	Shallow subsurface	27.83313447
4	48	799.114215	Deep	Shallow subsurface	29.5944711
4	49	820.4992152	Deep	Shallow subsurface	33.45270408
4	50	834.6268466	Deep	Shallow subsurface	31.09668097
4	51	844.0057008	Deep	Shallow subsurface	38.25668264
4	52	863.446817	Deep	Shallow subsurface	44.93415611
4	53	872.9076266	Deep	Shallow subsurface	43.70728203
4	54	895.3086938	Deep	Shallow subsurface	41.4245628
4	55	899.0640275	Deep	Shallow subsurface	41.77056021
4	56	920.2172685	Deep	Shallow subsurface	43.19692904
4	57	938.5928892	Deep	Shallow subsurface	38.24413278
4	58	955.5417755	Deep	Shallow subsurface	37.56593742
4	59	959.7946442	Deep	Shallow subsurface	37.70508268
4	60	970.5661461	Deep	Shallow subsurface	40.42033351
5	6	16.37101943	Deep	Shallow subsurface	24.33956582
5	7	30.7716123	Deep	Shallow subsurface	29.2268305
5	8	47.18296041	Deep	Shallow subsurface	32.27431341
5	9	67.21821823	Deep	Shallow subsurface	34.39606129
5	10	83.75467116	Deep	Shallow subsurface	32.09123607
5	11	102.0965242	Deep	Shallow subsurface	29.27400582
5	12	123.032847	Deep	Shallow subsurface	29.79014472
5	13	146.2869526	Deep	Shallow subsurface	29.70877259
5	14	171.695417	Deep	Shallow subsurface	37.99108202
5	15	191.1951047	Deep	Shallow subsurface	30.27623985
5	16	207.1956871	Deep	Shallow subsurface	32.40014749
5	17	228.5018061	Deep	Shallow subsurface	33.43073554
5	18	252.0789563	Deep	Shallow subsurface	35.7266243
5	19	273.4499091	Deep	Shallow subsurface	32.7421862
5	20	293.4635646	Deep	Shallow subsurface	35.26791028
5	21	300.4473249	Deep	Shallow subsurface	33.83885566
5	22	317.7743952	Deep	Shallow subsurface	25.92059667
5	23	333.0760374	Deep	Shallow subsurface	31.86908068
5	24	346.9777571	Deep	Shallow subsurface	38.524197
5	25	352.75091	Deep	Shallow subsurface	39.96138447
5	26	366.626205	Deep	Shallow subsurface	35.81596567
5	27	379.9450767	Deep	Shallow subsurface	35.85793853
5	28	398.7488154	Deep	Shallow subsurface	35.19441864
5	29	419.162866	Deep	Shallow subsurface	37.19601458
5	30	431.2280742	Deep	Shallow subsurface	39.08196607
5	31	453.0242522	Deep	Shallow subsurface	37.03921262
5	32	473.9876753	Deep	Shallow subsurface	44.21719789
5	33	495.6206138	Deep	Shallow subsurface	39.50548686
5	34	517.9517591	Deep	Shallow subsurface	41.16670681
5	35	540.5360778	Deep	Shallow subsurface	38.0490643
5	36	584.1665563	Deep	Shallow subsurface	41.12081519
5	37	605.3422171	Deep	Shallow subsurface	37.05089874
5	38	608.0871942	Deep	Shallow subsurface	39.86217272
5	39	632.4339752	Deep	Shallow subsurface	40.81800633
5	40	656.6201604	Deep	Shallow subsurface	34.84824736
5	41	668.8313814	Deep	Shallow subsurface	37.57084261
5	42	687.4178959	Deep	Shallow subsurface	33.92342789
5	43	697.9532882	Deep	Shallow subsurface	38.93493424
5	44	717.0977949	Deep	Shallow subsurface	37.85199042
5	45	722.9148856	Deep	Shallow subsurface	40.87189436
5	46	743.4613272	Deep	Shallow subsurface	37.05888817
5	47	763.8038188	Deep	Shallow subsurface	35.01160149
5	48	787.513737	Deep	Shallow subsurface	35.6447102
5	49	808.8918398	Deep	Shallow subsurface	37.45362051
5	50	823.012669	Deep	Shallow subsurface	37.25406982
5	51	832.3824689	Deep	Shallow subsurface	41.74101914
5	52	851.8225901	Deep	Shallow subsurface	45.83689004
5	53	861.2838813	Deep	Shallow subsurface	43.21840875
5	54	883.6814897	Deep	Shallow subsurface	42.35246024
5	55	887.4395145	Deep	Shallow subsurface	43.42758711
5	56	908.6067493	Deep	Shallow subsurface	42.18206343
5	57	926.9981896	Deep	Shallow subsurface	37.14913494
5	58	943.9613111	Deep	Shallow subsurface	38.70111
5	59	948.2165446	Deep	Shallow subsurface	38.50761791
5	60	958.9824526	Deep	Shallow subsurface	42.57375629
6	7	14.40201774	Deep	Shallow subsurface	19.46379576
6	8	30.81871732	Deep	Shallow subsurface	26.03590691
6	9	50.85004518	Deep	Shallow subsurface	28.48922612
6	10	67.39114702	Deep	Shallow subsurface	21.72366701
6	11	85.74973311	Deep	Shallow subsurface	19.85290224
6	12	106.7124109	Deep	Shallow subsurface	19.0981137
6	13	130.0118156	Deep	Shallow subsurface	19.56250956
6	14	155.458797	Deep	Shallow subsurface	30.46543386
6	15	174.9735488	Deep	Shallow subsurface	20.92129187
6	16	190.990049	Deep	Shallow subsurface	22.67558215
6	17	212.3038808	Deep	Shallow subsurface	24.58197188
6	18	235.9117692	Deep	Shallow subsurface	29.29936648
6	19	257.3438444	Deep	Shallow subsurface	26.13970771
6	20	277.3869462	Deep	Shallow subsurface	26.72257774
6	21	284.3955458	Deep	Shallow subsurface	25.47779582
6	22	301.7814884	Deep	Shallow subsurface	23.1488609
6	23	317.136322	Deep	Shallow subsurface	26.15981763
6	24	331.058186	Deep	Shallow subsurface	32.76325198
6	25	336.8261173	Deep	Shallow subsurface	32.17194365
6	26	350.7264202	Deep	Shallow subsurface	27.17501406
6	27	364.0786263	Deep	Shallow subsurface	27.49910826
6	28	382.8818788	Deep	Shallow subsurface	27.75999562
6	29	403.2655168	Deep	Shallow subsurface	29.40535727
6	30	415.3145764	Deep	Shallow subsurface	32.57379991
6	31	437.092221	Deep	Shallow subsurface	33.13140014
6	32	458.0323654	Deep	Shallow subsurface	40.09578317
6	33	479.6359517	Deep	Shallow subsurface	34.10194795
6	34	501.9555604	Deep	Shallow subsurface	34.07977798
6	35	524.5295091	Deep	Shallow subsurface	29.13655751
6	36	568.1415922	Deep	Shallow subsurface	32.83984506
6	37	589.3132122	Deep	Shallow subsurface	29.38635069
6	38	592.0594791	Deep	Shallow subsurface	32.05229603
6	39	616.4101268	Deep	Shallow subsurface	36.39683127
6	40	640.5929343	Deep	Shallow subsurface	30.79714422
6	41	652.7879207	Deep	Shallow subsurface	36.77487509
6	42	671.3655891	Deep	Shallow subsurface	27.96406497
6	43	681.8981568	Deep	Shallow subsurface	32.27290625
6	44	701.0266436	Deep	Shallow subsurface	29.58577688
6	45	706.836958	Deep	Shallow subsurface	36.09460551
6	46	727.3635114	Deep	Shallow subsurface	31.84515577
6	47	747.6870376	Deep	Shallow subsurface	28.79537554
6	48	771.3933353	Deep	Shallow subsurface	31.7198962
6	49	792.7893809	Deep	Shallow subsurface	33.0315544
6	50	806.929815	Deep	Shallow subsurface	30.29527839
6	51	816.3294606	Deep	Shallow subsurface	37.14195824
6	52	835.7730777	Deep	Shallow subsurface	45.82445471
6	53	845.2325682	Deep	Shallow subsurface	42.78984407
6	54	867.6430205	Deep	Shallow subsurface	42.30202732
6	55	871.3908674	Deep	Shallow subsurface	43.32694711
6	56	892.5127196	Deep	Shallow subsurface	43.02336024
6	57	910.8634982	Deep	Shallow subsurface	37.08079717
6	58	927.796458	Deep	Shallow subsurface	37.25953271
6	59	932.0471388	Deep	Shallow subsurface	37.42152626
6	60	942.8239719	Deep	Shallow subsurface	40.5183096
7	8	16.45736817	Deep	Shallow subsurface	18.40867224
7	9	36.44807407	Deep	Shallow subsurface	21.68214176
7	10	52.99104173	Deep	Shallow subsurface	16.99099411
7	11	71.3616226	Deep	Shallow subsurface	17.6615595
7	12	92.34571381	Deep	Shallow subsurface	18.57525509
7	13	115.6837296	Deep	Shallow subsurface	18.41689433
7	14	141.1625029	Deep	Shallow subsurface	24.85012134
7	15	160.6883512	Deep	Shallow subsurface	19.06419766
7	16	176.7172658	Deep	Shallow subsurface	18.74909211
7	17	198.0357153	Deep	Shallow subsurface	19.99075303
7	18	221.6685554	Deep	Shallow subsurface	24.45915544
7	19	243.1526686	Deep	Shallow subsurface	22.33326547
7	20	263.2198622	Deep	Shallow subsurface	20.60866276
7	21	270.2497653	Deep	Shallow subsurface	21.74240092
7	22	287.6861365	Deep	Shallow subsurface	19.46688916
7	23	303.0865648	Deep	Shallow subsurface	22.39166449
7	24	317.0248081	Deep	Shallow subsurface	25.96323153
7	25	322.7875138	Deep	Shallow subsurface	28.35036839
7	26	336.7085538	Deep	Shallow subsurface	22.77648721
7	27	350.0889148	Deep	Shallow subsurface	25.44521725
7	28	368.8899926	Deep	Shallow subsurface	23.85996977
7	29	389.2453032	Deep	Shallow subsurface	23.38976581
7	30	401.2794177	Deep	Shallow subsurface	26.55674788
7	31	423.0396003	Deep	Shallow subsurface	27.83876634
7	32	443.9585071	Deep	Shallow subsurface	31.20983239
7	33	465.5358978	Deep	Shallow subsurface	26.95758182
7	34	487.8447748	Deep	Shallow subsurface	28.74323371
7	35	510.4091177	Deep	Shallow subsurface	24.11609134
7	36	554.0043594	Deep	Shallow subsurface	29.76114691
7	37	575.1720452	Deep	Shallow subsurface	25.09871232
7	38	577.9193308	Deep	Shallow subsurface	25.04910072
7	39	602.2726655	Deep	Shallow subsurface	29.71273087
7	40	626.452125	Deep	Shallow subsurface	24.73244364
7	41	638.6332984	Deep	Shallow subsurface	35.79283377
7	42	657.203261	Deep	Shallow subsurface	26.82428257
7	43	667.7333024	Deep	Shallow subsurface	27.02003314
7	44	686.8481994	Deep	Shallow subsurface	25.06202257
7	45	692.6528235	Deep	Shallow subsurface	33.32285844
7	46	713.1627068	Deep	Shallow subsurface	30.23052332
7	47	733.4704436	Deep	Shallow subsurface	26.35824973
7	48	757.173538	Deep	Shallow subsurface	31.6504103
7	49	778.5840365	Deep	Shallow subsurface	32.58800057
7	50	792.7404027	Deep	Shallow subsurface	28.24374381
7	51	802.1645251	Deep	Shallow subsurface	34.59776987
7	52	821.6108096	Deep	Shallow subsurface	45.41922428
7	53	831.0687115	Deep	Shallow subsurface	40.44420119
7	54	853.489524	Deep	Shallow subsurface	40.13980471
7	55	857.2289358	Deep	Shallow subsurface	42.75351739
7	56	878.3133571	Deep	Shallow subsurface	42.56101747
7	57	896.6309608	Deep	Shallow subsurface	37.35781926
7	58	913.5395556	Deep	Shallow subsurface	38.42178829
7	59	917.7865724	Deep	Shallow subsurface	38.01300807
7	60	928.572091	Deep	Shallow subsurface	39.36907893
8	9	20.15818112	Deep	Shallow subsurface	19.25635671
8	10	36.70864618	Deep	Shallow subsurface	20.49580982
8	11	55.1474326	Deep	Shallow subsurface	21.8494611
8	12	76.20491989	Deep	Shallow subsurface	24.18607333
8	13	99.64859637	Deep	Shallow subsurface	24.47693107
8	14	125.1955214	Deep	Shallow subsurface	25.00395014
8	15	144.7381053	Deep	Shallow subsurface	21.05329474
8	16	160.789244	Deep	Shallow subsurface	21.08857452
8	17	182.1101929	Deep	Shallow subsurface	22.50692659
8	18	205.791042	Deep	Shallow subsurface	23.57819388
8	19	227.3779183	Deep	Shallow subsurface	22.8300205
8	20	247.4876754	Deep	Shallow subsurface	22.39431788
8	21	254.5573416	Deep	Shallow subsurface	22.22451094
8	22	272.0848446	Deep	Shallow subsurface	23.02564013
8	23	287.5650233	Deep	Shallow subsurface	20.44320633
8	24	301.5292198	Deep	Shallow subsurface	23.79987983
8	25	307.2811385	Deep	Shallow subsurface	28.61585806
8	26	321.235935	Deep	Shallow subsurface	21.9715627
8	27	334.6628642	Deep	Shallow subsurface	24.30547246
8	28	353.4562271	Deep	Shallow subsurface	21.86596469
8	29	373.7583003	Deep	Shallow subsurface	21.0619216
8	30	385.7642007	Deep	Shallow subsurface	24.48390483
8	31	407.4904425	Deep	Shallow subsurface	25.01680317
8	32	428.3690362	Deep	Shallow subsurface	31.21522499
8	33	449.8971615	Deep	Shallow subsurface	24.81397584
8	34	472.1845979	Deep	Shallow subsurface	26.31313924
8	35	494.729685	Deep	Shallow subsurface	20.91759496
8	36	538.2912235	Deep	Shallow subsurface	29.20685956
8	37	559.450454	Deep	Shallow subsurface	24.67298411
8	38	562.1994474	Deep	Shallow subsurface	23.95746527
8	39	586.5563627	Deep	Shallow subsurface	25.77583407
8	40	610.7285133	Deep	Shallow subsurface	20.34207454
8	41	622.8838384	Deep	Shallow subsurface	31.15309785
8	42	641.4388086	Deep	Shallow subsurface	23.23087839
8	43	651.9637584	Deep	Shallow subsurface	24.06012549
8	44	671.0526799	Deep	Shallow subsurface	23.51819562
8	45	676.8464471	Deep	Shallow subsurface	31.78761607
8	46	697.3241648	Deep	Shallow subsurface	28.72931899
8	47	717.6010413	Deep	Shallow subsurface	23.86311506
8	48	741.2973153	Deep	Shallow subsurface	28.84964755
8	49	762.7350299	Deep	Shallow subsurface	30.88607885
8	50	776.9211543	Deep	Shallow subsurface	28.32124532
8	51	786.3904604	Deep	Shallow subsurface	32.77222442
8	52	805.8411249	Deep	Shallow subsurface	41.91587804
8	53	815.2958741	Deep	Shallow subsurface	38.09908276
8	54	837.7350428	Deep	Shallow subsurface	36.6463145
8	55	841.4589842	Deep	Shallow subsurface	38.66711924
8	56	862.4734449	Deep	Shallow subsurface	39.4080264
8	57	880.7270518	Deep	Shallow subsurface	34.89368133
8	58	897.5870373	Deep	Shallow subsurface	35.81539528
8	59	901.8265832	Deep	Shallow subsurface	35.31984293
8	60	912.6294369	Deep	Shallow subsurface	36.65594811
9	10	16.55675659	Deep	Shallow subsurface	19.08369667
9	11	34.98946725	Deep	Shallow subsurface	21.55898046
9	12	56.05474836	Deep	Shallow subsurface	23.65905455
9	13	79.52529688	Deep	Shallow subsurface	25.11483151
9	14	105.092577	Deep	Shallow subsurface	25.4913088
9	15	124.6375666	Deep	Shallow subsurface	23.03473618
9	16	140.6950475	Deep	Shallow subsurface	22.78633524
9	17	162.0135781	Deep	Shallow subsurface	21.88889861
9	18	185.71205	Deep	Shallow subsurface	20.93675353
9	19	207.3457709	Deep	Shallow subsurface	23.20416042
9	20	227.4749768	Deep	Shallow subsurface	21.89428668
9	21	234.5653924	Deep	Shallow subsurface	21.25072455
9	22	252.1429483	Deep	Shallow subsurface	25.83237254
9	23	267.6695894	Deep	Shallow subsurface	20.65194097
9	24	281.6478396	Deep	Shallow subsurface	22.00762516
9	25	287.3919834	Deep	Shallow subsurface	28.00734828
9	26	301.3660741	Deep	Shallow subsurface	21.68295284
9	27	314.8211071	Deep	Shallow subsurface	25.37776291
9	28	333.6067764	Deep	Shallow subsurface	23.83709325
9	29	353.8726271	Deep	Shallow subsurface	19.69828616
9	30	365.8599465	Deep	Shallow subsurface	24.31163956
9	31	387.563948	Deep	Shallow subsurface	25.06129226
9	32	408.4176551	Deep	Shallow subsurface	29.04512765
9	33	429.9171127	Deep	Shallow subsurface	23.12493954
9	34	452.1919719	Deep	Shallow subsurface	27.95772123
9	35	474.7260468	Deep	Shallow subsurface	24.87670513
9	36	518.2690731	Deep	Shallow subsurface	27.97566495
9	37	539.4235596	Deep	Shallow subsurface	24.48092146
9	38	542.173313	Deep	Shallow subsurface	22.52867818
9	39	566.5313553	Deep	Shallow subsurface	26.17926421
9	40	590.6993942	Deep	Shallow subsurface	24.08182713
9	41	602.8421969	Deep	Shallow subsurface	33.25009246
9	42	621.3899046	Deep	Shallow subsurface	25.39318987
9	43	631.9123606	Deep	Shallow subsurface	26.38146646
9	44	650.9894641	Deep	Shallow subsurface	24.92937326
9	45	656.778474	Deep	Shallow subsurface	35.2289705
9	46	677.2425854	Deep	Shallow subsurface	32.44868712
9	47	697.5071886	Deep	Shallow subsurface	26.4497577
9	48	721.2006903	Deep	Shallow subsurface	32.34787242
9	49	742.6486246	Deep	Shallow subsurface	33.79792749
9	50	756.846615	Deep	Shallow subsurface	29.63441381
9	51	766.3351992	Deep	Shallow subsurface	35.18536971
9	52	785.7875974	Deep	Shallow subsurface	45.18450052
9	53	795.2408452	Deep	Shallow subsurface	40.01137609
9	54	817.6880149	Deep	Shallow subsurface	39.7229589
9	55	821.4049709	Deep	Shallow subsurface	41.96735218
9	56	842.3898163	Deep	Shallow subsurface	41.85705595
9	57	860.6195665	Deep	Shallow subsurface	37.56905641
9	58	877.4638018	Deep	Shallow subsurface	38.27140921
9	59	881.7011239	Deep	Shallow subsurface	37.85164191
9	60	892.5091404	Deep	Shallow subsurface	38.85158555
10	11	18.46175814	Deep	Shallow subsurface	17.71302572
10	12	39.55561955	Deep	Shallow subsurface	19.72252806
10	13	63.07942486	Deep	Shallow subsurface	19.61286957
10	14	88.67246484	Deep	Shallow subsurface	23.79525174
10	15	108.2151456	Deep	Shallow subsurface	20.93427725
10	16	124.2786383	Deep	Shallow subsurface	18.92923149
10	17	145.5895951	Deep	Shallow subsurface	19.65042089
10	18	169.3099171	Deep	Shallow subsurface	22.22149036
10	19	191.0029171	Deep	Shallow subsurface	20.78214163
10	20	211.1536829	Deep	Shallow subsurface	19.17819236
10	21	218.2686396	Deep	Shallow subsurface	22.47030534
10	22	235.903378	Deep	Shallow subsurface	22.38509262
10	23	251.4813497	Deep	Shallow subsurface	21.41689996
10	24	265.4733279	Deep	Shallow subsurface	27.56809356
10	25	271.2077918	Deep	Shallow subsurface	28.2466194
10	26	285.201587	Deep	Shallow subsurface	20.46877163
10	27	298.685974	Deep	Shallow subsurface	24.13877988
10	28	317.4607192	Deep	Shallow subsurface	24.14292534
10	29	337.684421	Deep	Shallow subsurface	21.01934163
10	30	349.6500672	Deep	Shallow subsurface	25.23750158
10	31	371.3276715	Deep	Shallow subsurface	29.02141538
10	32	392.1522467	Deep	Shallow subsurface	33.91167715
10	33	413.6182697	Deep	Shallow subsurface	26.36074718
10	34	435.8779001	Deep	Shallow subsurface	28.08550536
10	35	458.3986012	Deep	Shallow subsurface	24.30451607
10	36	501.9191106	Deep	Shallow subsurface	29.49579056
10	37	523.0676222	Deep	Shallow subsurface	22.7787243
10	38	525.818195	Deep	Shallow subsurface	27.29934564
10	39	550.1770313	Deep	Shallow subsurface	28.48788359
10	40	574.3398735	Deep	Shallow subsurface	25.95106788
10	41	586.4679423	Deep	Shallow subsurface	36.28130644
10	42	605.0068683	Deep	Shallow subsurface	25.86038368
10	43	615.5262464	Deep	Shallow subsurface	27.73095645
10	44	634.5890997	Deep	Shallow subsurface	26.83903723
10	45	640.3723435	Deep	Shallow subsurface	33.24724931
10	46	660.8197155	Deep	Shallow subsurface	32.19392959
10	47	681.0688789	Deep	Shallow subsurface	24.80962456
10	48	704.758709	Deep	Shallow subsurface	31.44860177
10	49	726.219286	Deep	Shallow subsurface	32.82263059
10	50	740.431664	Deep	Shallow subsurface	26.82974589
10	51	749.9430924	Deep	Shallow subsurface	35.21359595
10	52	769.3973528	Deep	Shallow subsurface	45.85026881
10	53	778.8487669	Deep	Shallow subsurface	40.98786904
10	54	801.3050638	Deep	Shallow subsurface	40.62713913
10	55	805.0138729	Deep	Shallow subsurface	43.52362607
10	56	825.9632639	Deep	Shallow subsurface	43.4441329
10	57	844.1629284	Deep	Shallow subsurface	39.20112453
10	58	860.9859911	Deep	Shallow subsurface	39.23129145
10	59	865.2201912	Deep	Shallow subsurface	38.47745521
10	60	876.0353361	Deep	Shallow subsurface	38.69103372
11	12	21.0993455	Deep	Shallow subsurface	17.42022104
11	13	44.64834541	Deep	Shallow subsurface	18.83638376
11	14	70.25049805	Deep	Shallow subsurface	26.48583766
11	15	89.78736701	Deep	Shallow subsurface	19.15763143
11	16	105.8522078	Deep	Shallow subsurface	20.75939135
11	17	127.1565614	Deep	Shallow subsurface	20.92226519
11	18	150.887582	Deep	Shallow subsurface	24.28507469
11	19	172.6169045	Deep	Shallow subsurface	20.78208068
11	20	192.7807043	Deep	Shallow subsurface	23.02658919
11	21	199.9125832	Deep	Shallow subsurface	23.03234413
11	22	217.5884771	Deep	Shallow subsurface	22.78927738
11	23	233.2050974	Deep	Shallow subsurface	21.55921233
11	24	247.2063785	Deep	Shallow subsurface	26.10151302
11	25	252.9323984	Deep	Shallow subsurface	27.17268946
11	26	266.9404482	Deep	Shallow subsurface	23.30087106
11	27	280.4471703	Deep	Shallow subsurface	24.40456469
11	28	299.2111859	Deep	Shallow subsurface	22.33858366
11	29	319.4000064	Deep	Shallow subsurface	24.17544124
11	30	331.3483114	Deep	Shallow subsurface	27.21551952
11	31	353.0051456	Deep	Shallow subsurface	29.46458844
11	32	373.8079715	Deep	Shallow subsurface	33.9103311
11	33	395.2504265	Deep	Shallow subsurface	26.13958994
11	34	417.4995321	Deep	Shallow subsurface	29.64583173
11	35	440.0112847	Deep	Shallow subsurface	24.23177748
11	36	483.5174393	Deep	Shallow subsurface	28.88748979
11	37	504.6622116	Deep	Shallow subsurface	24.60587054
11	38	507.4132304	Deep	Shallow subsurface	26.87895663
11	39	531.7722782	Deep	Shallow subsurface	29.88976566
11	40	555.9319124	Deep	Shallow subsurface	25.47118376
11	41	568.0516757	Deep	Shallow subsurface	34.62200151
11	42	586.5857747	Deep	Shallow subsurface	24.85801658
11	43	597.1034788	Deep	Shallow subsurface	26.6995588
11	44	616.1590346	Deep	Shallow subsurface	25.9752414
11	45	621.9394689	Deep	Shallow subsurface	34.11444938
11	46	642.3791554	Deep	Shallow subsurface	30.12539389
11	47	662.6219543	Deep	Shallow subsurface	25.64412169
11	48	686.3103509	Deep	Shallow subsurface	29.99182246
11	49	707.7758275	Deep	Shallow subsurface	30.71833823
11	50	721.9943678	Deep	Shallow subsurface	27.71749463
11	51	731.5166562	Deep	Shallow subsurface	34.64482179
11	52	750.9717855	Deep	Shallow subsurface	43.9124121
11	53	760.4222461	Deep	Shallow subsurface	41.72139987
11	54	782.8831148	Deep	Shallow subsurface	39.51011997
11	55	786.5877597	Deep	Shallow subsurface	41.79010755
11	56	807.5207543	Deep	Shallow subsurface	41.72530807
11	57	825.7093892	Deep	Shallow subsurface	36.88279016
11	58	842.5269716	Deep	Shallow subsurface	36.67387504
11	59	846.7605732	Deep	Shallow subsurface	37.08165305
11	60	857.577162	Deep	Shallow subsurface	39.265136
12	13	23.57372378	Deep	Shallow subsurface	18.97469617
12	14	49.17576866	Deep	Shallow subsurface	29.7156333
12	15	68.70326354	Deep	Shallow subsurface	20.14221145
12	16	84.76779986	Deep	Shallow subsurface	23.81739707
12	17	106.0659808	Deep	Shallow subsurface	23.73562502
12	18	129.804012	Deep	Shallow subsurface	28.77815582
12	19	151.5636729	Deep	Shallow subsurface	26.55642005
12	20	171.738245	Deep	Shallow subsurface	25.60104924
12	21	178.8858839	Deep	Shallow subsurface	22.51500633
12	22	196.6013741	Deep	Shallow subsurface	25.95700498
12	23	212.2562657	Deep	Shallow subsurface	24.71348289
12	24	226.2655996	Deep	Shallow subsurface	26.87098831
12	25	231.982202	Deep	Shallow subsurface	30.96840461
12	26	246.0035648	Deep	Shallow subsurface	26.43442064
12	27	259.5321269	Deep	Shallow subsurface	27.2779254
12	28	278.2832633	Deep	Shallow subsurface	24.28197944
12	29	298.4354003	Deep	Shallow subsurface	26.08710856
12	30	310.3660334	Deep	Shallow subsurface	31.13311689
12	31	332.0020955	Deep	Shallow subsurface	30.09275142
12	32	352.7842078	Deep	Shallow subsurface	35.35398954
12	33	374.2054435	Deep	Shallow subsurface	31.15448484
12	34	396.4453716	Deep	Shallow subsurface	33.0719664
12	35	418.9496144	Deep	Shallow subsurface	26.39937926
12	36	462.4444123	Deep	Shallow subsurface	30.97467686
12	37	483.58635	Deep	Shallow subsurface	28.47377411
12	38	486.337676	Deep	Shallow subsurface	27.22274005
12	39	510.6967629	Deep	Shallow subsurface	34.59528476
12	40	534.8540249	Deep	Shallow subsurface	29.03895159
12	41	546.9681248	Deep	Shallow subsurface	37.15182543
12	42	565.4991111	Deep	Shallow subsurface	29.07817029
12	43	576.0157715	Deep	Shallow subsurface	30.88844453
12	44	595.0671289	Deep	Shallow subsurface	26.78489379
12	45	600.8460987	Deep	Shallow subsurface	38.65580063
12	46	621.282341	Deep	Shallow subsurface	34.28285726
12	47	641.5231844	Deep	Shallow subsurface	28.14035956
12	48	665.2113038	Deep	Shallow subsurface	33.64078195
12	49	686.6779778	Deep	Shallow subsurface	35.71219524
12	50	700.8988474	Deep	Shallow subsurface	32.26795072
12	51	710.4266153	Deep	Shallow subsurface	37.82345073
12	52	729.8822172	Deep	Shallow subsurface	48.76293203
12	53	739.3321286	Deep	Shallow subsurface	45.50146652
12	54	761.7956291	Deep	Shallow subsurface	43.21339854
12	55	765.497847	Deep	Shallow subsurface	45.85490362
12	56	786.4231867	Deep	Shallow subsurface	45.61859005
12	57	804.6101548	Deep	Shallow subsurface	39.96521045
12	58	821.4303836	Deep	Shallow subsurface	39.93090611
12	59	825.664727	Deep	Shallow subsurface	39.96177725
12	60	836.4797761	Deep	Shallow subsurface	42.37400957
13	14	25.60383688	Deep	Shallow subsurface	27.42940557
13	15	45.13918528	Deep	Shallow subsurface	19.78870036
13	16	61.2039487	Deep	Shallow subsurface	20.59050374
13	17	82.5109066	Deep	Shallow subsurface	23.14974538
13	18	106.239252	Deep	Shallow subsurface	26.91637056
13	19	127.9901649	Deep	Shallow subsurface	22.22476417
13	20	148.1662291	Deep	Shallow subsurface	26.03691512
13	21	155.3182126	Deep	Shallow subsurface	24.38545507
13	22	173.0511979	Deep	Shallow subsurface	23.33402821
13	23	188.7281462	Deep	Shallow subsurface	25.55798074
13	24	202.7417977	Deep	Shallow subsurface	30.51674875
13	25	208.452004	Deep	Shallow subsurface	29.64331311
13	26	222.4811215	Deep	Shallow subsurface	24.5094198
13	27	236.0235043	Deep	Shallow subsurface	25.5856568
13	28	254.7650133	Deep	Shallow subsurface	26.0303983
13	29	274.8941104	Deep	Shallow subsurface	25.94594087
13	30	286.8150883	Deep	Shallow subsurface	29.73054951
13	31	308.4412951	Deep	Shallow subsurface	32.64853847
13	32	329.2157997	Deep	Shallow subsurface	37.8527395
13	33	350.6323627	Deep	Shallow subsurface	30.76946706
13	34	372.8716513	Deep	Shallow subsurface	31.79017095
13	35	395.3762536	Deep	Shallow subsurface	26.91728303
13	36	438.8736979	Deep	Shallow subsurface	31.26615995
13	37	460.0168403	Deep	Shallow subsurface	26.81511829
13	38	462.7680252	Deep	Shallow subsurface	30.59129553
13	39	487.1271059	Deep	Shallow subsurface	32.91711794
13	40	511.2855643	Deep	Shallow subsurface	27.79593448
13	41	523.4035204	Deep	Shallow subsurface	36.57731803
13	42	541.9374599	Deep	Shallow subsurface	26.94613049
13	43	552.4552898	Deep	Shallow subsurface	29.3695936
13	44	571.5126694	Deep	Shallow subsurface	29.49058891
13	45	577.2944588	Deep	Shallow subsurface	34.61418554
13	46	597.7403448	Deep	Shallow subsurface	31.49163838
13	47	617.9922418	Deep	Shallow subsurface	27.16629803
13	48	641.6833976	Deep	Shallow subsurface	31.26091598
13	49	663.1405728	Deep	Shallow subsurface	31.93229691
13	50	677.352428	Deep	Shallow subsurface	28.8666678
13	51	686.8691387	Deep	Shallow subsurface	36.54476681
13	52	706.3240709	Deep	Shallow subsurface	44.99144573
13	53	715.7747561	Deep	Shallow subsurface	43.52316447
13	54	738.2348732	Deep	Shallow subsurface	40.02166793
13	55	741.940175	Deep	Shallow subsurface	42.4785673
13	56	762.8842206	Deep	Shallow subsurface	43.0340446
13	57	781.0957901	Deep	Shallow subsurface	39.56805767
13	58	797.9402441	Deep	Shallow subsurface	38.57724912
13	59	802.1787921	Deep	Shallow subsurface	38.94575879
13	60	812.9844951	Deep	Shallow subsurface	39.86170951
14	15	19.54515106	Deep	Shallow subsurface	21.3483959
14	16	35.60645238	Deep	Shallow subsurface	18.22886757
14	17	56.92163649	Deep	Shallow subsurface	21.53230992
14	18	80.63844165	Deep	Shallow subsurface	25.67536442
14	19	102.3938937	Deep	Shallow subsurface	22.21376966
14	20	122.5763637	Deep	Shallow subsurface	28.041534
14	21	129.7406527	Deep	Shallow subsurface	24.64219802
14	22	147.5102899	Deep	Shallow subsurface	27.69150077
14	23	163.2264238	Deep	Shallow subsurface	22.10747489
14	24	177.2458716	Deep	Shallow subsurface	28.05515797
14	25	182.944337	Deep	Shallow subsurface	26.27872941
14	26	196.9853434	Deep	Shallow subsurface	20.11868282
14	27	210.5492475	Deep	Shallow subsurface	21.00198532
14	28	229.2733214	Deep	Shallow subsurface	24.52242332
14	29	249.3629124	Deep	Shallow subsurface	22.77817244
14	30	261.2667059	Deep	Shallow subsurface	24.14805405
14	31	282.8743949	Deep	Shallow subsurface	28.22037368
14	32	303.6331517	Deep	Shallow subsurface	34.26097602
14	33	325.0369636	Deep	Shallow subsurface	26.98859057
14	34	347.2720973	Deep	Shallow subsurface	22.90597183
14	35	369.7741882	Deep	Shallow subsurface	25.39178468
14	36	413.2698675	Deep	Shallow subsurface	30.18606306
14	37	434.413075	Deep	Shallow subsurface	24.96892974
14	38	437.1642409	Deep	Shallow subsurface	28.90084067
14	39	461.5233194	Deep	Shallow subsurface	25.80190243
14	40	485.6820033	Deep	Shallow subsurface	23.862158
14	41	497.8014167	Deep	Shallow subsurface	35.3177577
14	42	516.336895	Deep	Shallow subsurface	25.87118735
14	43	526.8553959	Deep	Shallow subsurface	27.14881365
14	44	545.9166597	Deep	Shallow subsurface	26.60076473
14	45	551.7004412	Deep	Shallow subsurface	33.15220853
14	46	572.1536595	Deep	Shallow subsurface	30.85084422
14	47	592.4146147	Deep	Shallow subsurface	25.75773318
14	48	616.1082664	Deep	Shallow subsurface	28.34135054
14	49	637.5574102	Deep	Shallow subsurface	30.52331079
14	50	651.762109	Deep	Shallow subsurface	29.10962295
14	51	661.2709843	Deep	Shallow subsurface	34.2009222
14	52	680.7254778	Deep	Shallow subsurface	42.9294231
14	53	690.1766452	Deep	Shallow subsurface	40.0001625
14	54	712.634694	Deep	Shallow subsurface	38.73684706
14	55	716.3418551	Deep	Shallow subsurface	40.34720126
14	56	737.2995634	Deep	Shallow subsurface	40.39421689
14	57	755.5319131	Deep	Shallow subsurface	37.59226446
14	58	772.3982249	Deep	Shallow subsurface	37.68925772
14	59	776.6406482	Deep	Shallow subsurface	36.61298406
14	60	787.4376684	Deep	Shallow subsurface	40.14474497
15	16	16.06489404	Deep	Shallow subsurface	17.30072092
15	17	37.37651632	Deep	Shallow subsurface	20.51753611
15	18	61.10097507	Deep	Shallow subsurface	26.11117894
15	19	82.90660122	Deep	Shallow subsurface	21.8421122
15	20	103.1025802	Deep	Shallow subsurface	26.71567821
15	21	110.2920077	Deep	Shallow subsurface	19.28806733
15	22	128.121776	Deep	Shallow subsurface	23.81875541
15	23	143.8926438	Deep	Shallow subsurface	19.9487801
15	24	157.9164333	Deep	Shallow subsurface	25.01180817
15	25	163.5970537	Deep	Shallow subsurface	24.67247139
15	26	177.651596	Deep	Shallow subsurface	20.73169723
15	27	191.2415292	Deep	Shallow subsurface	20.58085717
15	28	209.9394164	Deep	Shallow subsurface	17.87580937
15	29	229.9732096	Deep	Shallow subsurface	22.18139722
15	30	241.8516091	Deep	Shallow subsurface	26.37648982
15	31	263.4302874	Deep	Shallow subsurface	26.90769428
15	32	284.1623924	Deep	Shallow subsurface	34.37995593
15	33	305.5408974	Deep	Shallow subsurface	27.29656206
15	34	327.7654784	Deep	Shallow subsurface	26.40604172
15	35	350.2593633	Deep	Shallow subsurface	21.47214089
15	36	393.7434917	Deep	Shallow subsurface	26.72703185
15	37	414.8839879	Deep	Shallow subsurface	25.11972498
15	38	417.6354341	Deep	Shallow subsurface	27.31666598
15	39	441.9945096	Deep	Shallow subsurface	29.12014643
15	40	466.1510129	Deep	Shallow subsurface	22.85936629
15	41	478.2654973	Deep	Shallow subsurface	31.88504296
15	42	496.7984412	Deep	Shallow subsurface	22.65752658
15	43	507.3161325	Deep	Shallow subsurface	24.19307463
15	44	526.3743547	Deep	Shallow subsurface	24.45682047
15	45	532.1571991	Deep	Shallow subsurface	31.8205699
15	46	552.6087266	Deep	Shallow subsurface	27.58163799
15	47	572.8696386	Deep	Shallow subsurface	24.09401804
15	48	596.5635125	Deep	Shallow subsurface	25.54882411
15	49	618.0122707	Deep	Shallow subsurface	28.9747839
15	50	632.2177612	Deep	Shallow subsurface	27.66679184
15	51	641.7301003	Deep	Shallow subsurface	32.56752093
15	52	661.1849522	Deep	Shallow subsurface	40.82559688
15	53	670.6357288	Deep	Shallow subsurface	40.27515214
15	54	693.0957494	Deep	Shallow subsurface	36.85662192
15	55	696.8011052	Deep	Shallow subsurface	38.33086635
15	56	717.7544846	Deep	Shallow subsurface	38.43510852
15	57	735.9889468	Deep	Shallow subsurface	34.07067785
15	58	752.861267	Deep	Shallow subsurface	33.3419922
15	59	757.1049831	Deep	Shallow subsurface	33.18253743
15	60	767.8991683	Deep	Shallow subsurface	38.08104405
16	17	21.32140276	Deep	Shallow subsurface	19.5512583
16	18	45.03622777	Deep	Shallow subsurface	23.72372848
16	19	66.87406284	Deep	Shallow subsurface	20.08068006
16	20	87.07746779	Deep	Shallow subsurface	22.86364971
16	21	94.28619639	Deep	Shallow subsurface	20.7868214
16	22	112.1627414	Deep	Shallow subsurface	22.2773589
16	23	127.9763012	Deep	Shallow subsurface	20.86972164
16	24	142.0002112	Deep	Shallow subsurface	26.59317652
16	25	147.6647431	Deep	Shallow subsurface	25.56274577
16	26	161.7278262	Deep	Shallow subsurface	18.8116459
16	27	175.3366854	Deep	Shallow subsurface	22.03794247
16	28	194.0108244	Deep	Shallow subsurface	22.3496418
16	29	213.9996514	Deep	Shallow subsurface	21.06604756
16	30	225.8585962	Deep	Shallow subsurface	24.09201617
16	31	247.4159234	Deep	Shallow subsurface	26.70852057
16	32	268.1298734	Deep	Shallow subsurface	33.65476803
16	33	289.4928414	Deep	Shallow subsurface	26.69278089
16	34	311.7115905	Deep	Shallow subsurface	25.65775058
16	35	334.2014027	Deep	Shallow subsurface	24.22886676
16	36	377.6808397	Deep	Shallow subsurface	29.14091007
16	37	398.8204937	Deep	Shallow subsurface	23.10304414
16	38	401.5720171	Deep	Shallow subsurface	27.81452111
16	39	425.9310772	Deep	Shallow subsurface	28.08974728
16	40	450.0870033	Deep	Shallow subsurface	22.00812549
16	41	462.2006689	Deep	Shallow subsurface	34.7733964
16	42	480.7335758	Deep	Shallow subsurface	23.77068038
16	43	491.251342	Deep	Shallow subsurface	26.51222082
16	44	510.3104939	Deep	Shallow subsurface	26.13704829
16	45	516.0940025	Deep	Shallow subsurface	31.39748822
16	46	536.5484947	Deep	Shallow subsurface	29.06710301
16	47	556.8136615	Deep	Shallow subsurface	23.54586724
16	48	580.5087441	Deep	Shallow subsurface	26.70371699
16	49	601.9535871	Deep	Shallow subsurface	29.85859822
16	50	616.1559503	Deep	Shallow subsurface	25.54537196
16	51	625.6656495	Deep	Shallow subsurface	33.47322391
16	52	645.120403	Deep	Shallow subsurface	42.96016709
16	53	654.5712889	Deep	Shallow subsurface	40.4056426
16	54	677.030929	Deep	Shallow subsurface	38.3822259
16	55	680.7366174	Deep	Shallow subsurface	39.67424142
16	56	701.6950556	Deep	Shallow subsurface	39.69890406
16	57	719.939729	Deep	Shallow subsurface	36.94390354
16	58	736.8238573	Deep	Shallow subsurface	36.80757352
16	59	741.0697251	Deep	Shallow subsurface	35.88325467
16	60	751.8590537	Deep	Shallow subsurface	38.3378457
17	18	23.76779835	Deep	Shallow subsurface	23.13929489
17	19	45.76577938	Deep	Shallow subsurface	15.7683393
17	20	65.96838151	Deep	Shallow subsurface	19.26369073
17	21	73.23009362	Deep	Shallow subsurface	19.22039435
17	22	91.2156432	Deep	Shallow subsurface	23.40079844
17	23	107.117062	Deep	Shallow subsurface	17.02807919
17	24	121.1286717	Deep	Shallow subsurface	22.17017768
17	25	126.7523098	Deep	Shallow subsurface	19.72967524
17	26	140.8260827	Deep	Shallow subsurface	15.82672355
17	27	154.4689877	Deep	Shallow subsurface	18.42307458
17	28	173.0839103	Deep	Shallow subsurface	23.20371103
17	29	192.9686095	Deep	Shallow subsurface	21.75364942
17	30	204.7812189	Deep	Shallow subsurface	21.57502937
17	31	226.2855399	Deep	Shallow subsurface	28.2147114
17	32	246.9524671	Deep	Shallow subsurface	33.23791228
17	33	268.2714178	Deep	Shallow subsurface	24.44386066
17	34	290.4711968	Deep	Shallow subsurface	25.8353644
17	35	312.9462296	Deep	Shallow subsurface	23.93286693
17	36	356.4046432	Deep	Shallow subsurface	25.98295989
17	37	377.5391816	Deep	Shallow subsurface	21.03613238
17	38	380.2911808	Deep	Shallow subsurface	26.336948
17	39	404.649993	Deep	Shallow subsurface	26.92544675
17	40	428.801804	Deep	Shallow subsurface	24.75983299
17	41	440.9062219	Deep	Shallow subsurface	35.36433431
17	42	459.4340494	Deep	Shallow subsurface	24.73704896
17	43	469.9501218	Deep	Shallow subsurface	22.83928273
17	44	489.0024773	Deep	Shallow subsurface	22.98165848
17	45	494.7835949	Deep	Shallow subsurface	34.93489411
17	46	515.2323472	Deep	Shallow subsurface	32.20238952
17	47	535.4939661	Deep	Shallow subsurface	26.30396619
17	48	559.1884958	Deep	Shallow subsurface	29.15184249
17	49	580.635778	Deep	Shallow subsurface	31.79957494
17	50	594.8422213	Deep	Shallow subsurface	29.09153844
17	51	604.360761	Deep	Shallow subsurface	34.4773428
17	52	623.8162652	Deep	Shallow subsurface	44.62095541
17	53	633.2662996	Deep	Shallow subsurface	43.27546898
17	54	655.730012	Deep	Shallow subsurface	40.5148935
17	55	659.4319622	Deep	Shallow subsurface	40.89594011
17	56	680.3779745	Deep	Shallow subsurface	42.60892763
17	57	698.6183522	Deep	Shallow subsurface	37.55451523
17	58	715.5042898	Deep	Shallow subsurface	37.31366841
17	59	719.7508575	Deep	Shallow subsurface	36.61391316
17	60	730.5387332	Deep	Shallow subsurface	39.73900746
18	19	22.13347105	Deep	Shallow subsurface	21.44453996
18	20	42.27973041	Deep	Shallow subsurface	22.31400911
18	21	49.58116088	Deep	Shallow subsurface	24.62169116
18	22	67.64619626	Deep	Shallow subsurface	25.99978051
18	23	83.61130571	Deep	Shallow subsurface	22.52294062
18	24	97.59484193	Deep	Shallow subsurface	27.07165837
18	25	103.1770397	Deep	Shallow subsurface	29.02606602
18	26	117.2504944	Deep	Shallow subsurface	20.94243545
18	27	130.914195	Deep	Shallow subsurface	25.91925985
18	28	149.4736504	Deep	Shallow subsurface	26.11209033
18	29	169.2810557	Deep	Shallow subsurface	24.43046161
18	30	181.065078	Deep	Shallow subsurface	24.17797212
18	31	202.5422999	Deep	Shallow subsurface	29.66625067
18	32	223.1923002	Deep	Shallow subsurface	31.27236781
18	33	244.5037838	Deep	Shallow subsurface	25.80912181
18	34	266.7039902	Deep	Shallow subsurface	28.68003997
18	35	289.1815696	Deep	Shallow subsurface	27.06670854
18	36	332.6483428	Deep	Shallow subsurface	29.0284192
18	37	353.786094	Deep	Shallow subsurface	25.1921825
18	38	356.5377762	Deep	Shallow subsurface	28.05401412
18	39	380.896783	Deep	Shallow subsurface	27.44037605
18	40	405.0515886	Deep	Shallow subsurface	26.05875554
18	41	417.164548	Deep	Shallow subsurface	36.93166861
18	42	435.6985304	Deep	Shallow subsurface	27.87803884
18	43	446.2169592	Deep	Shallow subsurface	29.38171778
18	44	465.2809878	Deep	Shallow subsurface	27.86430651
18	45	471.0673881	Deep	Shallow subsurface	33.22775021
18	46	491.533554	Deep	Shallow subsurface	33.35731974
18	47	511.8142646	Deep	Shallow subsurface	28.21595071
18	48	535.513492	Deep	Shallow subsurface	33.10509215
18	49	556.9441093	Deep	Shallow subsurface	32.9520767
18	50	571.1346926	Deep	Shallow subsurface	29.86252701
18	51	580.6332141	Deep	Shallow subsurface	35.92186731
18	52	600.0874389	Deep	Shallow subsurface	46.25880687
18	53	609.5388942	Deep	Shallow subsurface	39.17098774
18	54	631.9962614	Deep	Shallow subsurface	42.15349364
18	55	635.7039633	Deep	Shallow subsurface	42.64006918
18	56	656.6824898	Deep	Shallow subsurface	44.10678076
18	57	674.9626991	Deep	Shallow subsurface	39.43520425
18	58	691.8861838	Deep	Shallow subsurface	40.12178839
18	59	696.1391053	Deep	Shallow subsurface	39.77125047
18	60	706.9122659	Deep	Shallow subsurface	38.47093625
19	20	20.20844576	Deep	Shallow subsurface	22.12334618
19	21	27.46832496	Deep	Shallow subsurface	22.41231045
19	22	45.5129338	Deep	Shallow subsurface	21.92986345
19	23	61.48103047	Deep	Shallow subsurface	18.64025436
19	24	75.46147903	Deep	Shallow subsurface	25.9931568
19	25	81.04579025	Deep	Shallow subsurface	21.76334635
19	26	95.11979975	Deep	Shallow subsurface	16.86453427
19	27	108.7816193	Deep	Shallow subsurface	20.81254735
19	28	127.351714	Deep	Shallow subsurface	24.62573653
19	29	147.2030679	Deep	Shallow subsurface	21.45457639
19	30	159.0197953	Deep	Shallow subsurface	21.71635389
19	31	180.5475867	Deep	Shallow subsurface	29.65053669
19	32	201.2570705	Deep	Shallow subsurface	34.72049188
19	33	222.6430897	Deep	Shallow subsurface	24.50896806
19	34	244.8831181	Deep	Shallow subsurface	26.64276008
19	35	267.3962597	Deep	Shallow subsurface	27.18051982
19	36	310.9235895	Deep	Shallow subsurface	29.41367837
19	37	332.0779197	Deep	Shallow subsurface	22.07195748
19	38	334.827594	Deep	Shallow subsurface	29.0544288
19	39	359.1855881	Deep	Shallow subsurface	25.70250443
19	40	383.3542966	Deep	Shallow subsurface	24.17542642
19	41	395.5060954	Deep	Shallow subsurface	34.72243588
19	42	414.0641371	Deep	Shallow subsurface	24.09085348
19	43	424.5910155	Deep	Shallow subsurface	23.88649556
19	44	443.6962561	Deep	Shallow subsurface	26.44751585
19	45	449.5001766	Deep	Shallow subsurface	32.38155691
19	46	470.01979	Deep	Shallow subsurface	31.4695757
19	47	490.3539137	Deep	Shallow subsurface	25.45793633
19	48	514.0641989	Deep	Shallow subsurface	27.4387117
19	49	535.4467605	Deep	Shallow subsurface	29.31159109
19	50	549.5890243	Deep	Shallow subsurface	27.65150047
19	51	559.0204386	Deep	Shallow subsurface	35.70139627
19	52	578.4692106	Deep	Shallow subsurface	41.80758455
19	53	587.9253914	Deep	Shallow subsurface	41.58218798
19	54	610.3585523	Deep	Shallow subsurface	38.28266871
19	55	614.0873213	Deep	Shallow subsurface	38.27725551
19	56	635.1688777	Deep	Shallow subsurface	39.98269752
19	57	653.5554774	Deep	Shallow subsurface	36.87375914
19	58	670.5684685	Deep	Shallow subsurface	35.67159015
19	59	674.8357361	Deep	Shallow subsurface	35.38763054
19	60	685.5743006	Deep	Shallow subsurface	37.33211193
20	21	7.356676835	Deep	Shallow subsurface	21.68174131
20	22	25.4972373	Deep	Shallow subsurface	24.21974822
20	23	41.51941542	Deep	Shallow subsurface	21.67001466
20	24	55.42591854	Deep	Shallow subsurface	26.4378642
20	25	60.9524091	Deep	Shallow subsurface	27.22970646
20	26	75.0172978	Deep	Shallow subsurface	21.02256922
20	27	88.6937671	Deep	Shallow subsurface	25.55166929
20	28	107.2081735	Deep	Shallow subsurface	27.59050245
20	29	127.0070409	Deep	Shallow subsurface	22.68645493
20	30	138.8133717	Deep	Shallow subsurface	23.83734812
20	31	160.3403175	Deep	Shallow subsurface	30.14303321
20	32	181.060541	Deep	Shallow subsurface	31.04176011
20	33	202.4697775	Deep	Shallow subsurface	24.88458105
20	34	224.7243118	Deep	Shallow subsurface	30.17770261
20	35	247.2513278	Deep	Shallow subsurface	26.14352872
20	36	290.8038672	Deep	Shallow subsurface	28.69602678
20	37	311.9649207	Deep	Shallow subsurface	22.69112964
20	38	314.7134709	Deep	Shallow subsurface	25.80068983
20	39	339.0697288	Deep	Shallow subsurface	27.35063664
20	40	363.243983	Deep	Shallow subsurface	26.77589372
20	41	375.4142974	Deep	Shallow subsurface	38.46982241
20	42	393.9836409	Deep	Shallow subsurface	28.65195107
20	43	404.5143615	Deep	Shallow subsurface	26.58854308
20	44	423.6402276	Deep	Shallow subsurface	25.3874502
20	45	429.4532178	Deep	Shallow subsurface	35.88054703
20	46	450.0010086	Deep	Shallow subsurface	34.55936886
20	47	470.3641671	Deep	Shallow subsurface	28.62492532
20	48	494.0795728	Deep	Shallow subsurface	34.69788504
20	49	515.434137	Deep	Shallow subsurface	36.37909268
20	50	529.5495805	Deep	Shallow subsurface	31.38547334
20	51	538.9458047	Deep	Shallow subsurface	37.51777175
20	52	558.3913387	Deep	Shallow subsurface	48.33415101
20	53	567.8496608	Deep	Shallow subsurface	43.63833217
20	54	590.2703266	Deep	Shallow subsurface	43.7634554
20	55	594.0094235	Deep	Shallow subsurface	44.93966415
20	56	615.144083	Deep	Shallow subsurface	45.4653595
20	57	633.5893985	Deep	Shallow subsurface	41.21459818
20	58	650.6540945	Deep	Shallow subsurface	41.9632734
20	59	654.9297644	Deep	Shallow subsurface	41.2884932
20	60	665.6474156	Deep	Shallow subsurface	40.22560852
21	22	18.14066939	Deep	Shallow subsurface	25.35190293
21	23	34.16274393	Deep	Shallow subsurface	18.87795809
21	24	48.07495776	Deep	Shallow subsurface	19.76761665
21	25	53.61416869	Deep	Shallow subsurface	21.74709217
21	26	67.68304792	Deep	Shallow subsurface	20.72855676
21	27	81.35589222	Deep	Shallow subsurface	21.16007864
21	28	99.89269184	Deep	Shallow subsurface	22.12045972
21	29	119.7401687	Deep	Shallow subsurface	21.63569669
21	30	131.5745316	Deep	Shallow subsurface	22.92391544
21	31	153.1388376	Deep	Shallow subsurface	25.51846499
21	32	173.8983892	Deep	Shallow subsurface	31.04657334
21	33	195.3529779	Deep	Shallow subsurface	25.08162446
21	34	217.6285404	Deep	Shallow subsurface	26.51227789
21	35	240.1733634	Deep	Shallow subsurface	22.43599494
21	36	283.754709	Deep	Shallow subsurface	25.09767637
21	37	304.9224793	Deep	Shallow subsurface	24.10719164
21	38	307.6696336	Deep	Shallow subsurface	23.28094804
21	39	332.0229355	Deep	Shallow subsurface	26.66540781
21	40	356.2025714	Deep	Shallow subsurface	24.83077929
21	41	368.3924454	Deep	Shallow subsurface	33.86497568
21	42	386.9728331	Deep	Shallow subsurface	26.26250401
21	43	397.507101	Deep	Shallow subsurface	23.91691148
21	44	416.6526059	Deep	Shallow subsurface	21.94290782
21	45	422.4740307	Deep	Shallow subsurface	35.39428609
21	46	443.0470362	Deep	Shallow subsurface	32.70703579
21	47	463.4349966	Deep	Shallow subsurface	27.17710648
21	48	487.1540839	Deep	Shallow subsurface	31.32840396
21	49	508.4838741	Deep	Shallow subsurface	33.55269181
21	50	522.5748634	Deep	Shallow subsurface	31.6902393
21	51	531.9374131	Deep	Shallow subsurface	35.40165988
21	52	551.3794116	Deep	Shallow subsurface	46.63763758
21	53	560.8397054	Deep	Shallow subsurface	43.05612562
21	54	583.2475085	Deep	Shallow subsurface	41.61775528
21	55	586.9969308	Deep	Shallow subsurface	43.263698
21	56	608.1810841	Deep	Shallow subsurface	43.92904306
21	57	626.6763296	Deep	Shallow subsurface	38.23800959
21	58	643.7821206	Deep	Shallow subsurface	38.42748053
21	59	648.0642406	Deep	Shallow subsurface	37.18411807
21	60	658.7653546	Deep	Shallow subsurface	39.09059647
22	23	16.02324522	Deep	Shallow subsurface	23.8689457
22	24	29.95303377	Deep	Shallow subsurface	30.04496743
22	25	35.53879144	Deep	Shallow subsurface	30.53338508
22	26	49.61345942	Deep	Shallow subsurface	25.41967575
22	27	63.26950442	Deep	Shallow subsurface	27.41555406
22	28	81.86997878	Deep	Shallow subsurface	27.5115781
22	29	101.8544147	Deep	Shallow subsurface	26.68408652
22	30	113.7646878	Deep	Shallow subsurface	28.76675893
22	31	135.4249141	Deep	Shallow subsurface	30.5212232
22	32	156.2846791	Deep	Shallow subsurface	36.16805207
22	33	177.854495	Deep	Shallow subsurface	29.34405469
22	34	200.1779995	Deep	Shallow subsurface	31.99832624
22	35	222.7626294	Deep	Shallow subsurface	29.45310472
22	36	266.4076853	Deep	Shallow subsurface	34.44121795
22	37	287.5880016	Deep	Shallow subsurface	27.33279907
22	38	290.3308907	Deep	Shallow subsurface	31.18136416
22	39	314.6715592	Deep	Shallow subsurface	30.80399513
22	40	338.8609512	Deep	Shallow subsurface	25.96735772
22	41	351.0994143	Deep	Shallow subsurface	36.20369493
22	42	369.7053948	Deep	Shallow subsurface	27.46091328
22	43	380.2472448	Deep	Shallow subsurface	29.86613347
22	44	399.4404906	Deep	Shallow subsurface	29.50950804
22	45	405.282743	Deep	Shallow subsurface	34.55301444
22	46	425.9175413	Deep	Shallow subsurface	32.49703281
22	47	446.3662206	Deep	Shallow subsurface	29.42633226
22	48	470.091819	Deep	Shallow subsurface	31.5933901
22	49	491.3563406	Deep	Shallow subsurface	30.69531376
22	50	505.3839728	Deep	Shallow subsurface	29.40141963
22	51	514.6604659	Deep	Shallow subsurface	36.69662849
22	52	534.0920729	Deep	Shallow subsurface	44.20007285
22	53	543.5566773	Deep	Shallow subsurface	40.2764832
22	54	565.9305761	Deep	Shallow subsurface	39.44760215
22	55	569.7057746	Deep	Shallow subsurface	41.50559236
22	56	591.0132135	Deep	Shallow subsurface	41.04283873
22	57	609.6329084	Deep	Shallow subsurface	37.34708988
22	58	626.8409112	Deep	Shallow subsurface	38.23381188
22	59	631.1389503	Deep	Shallow subsurface	38.23734343
22	60	641.7977181	Deep	Shallow subsurface	38.80174611
23	24	14.02426197	Deep	Shallow subsurface	20.69753656
23	25	19.72731082	Deep	Shallow subsurface	21.20578351
23	26	33.76014568	Deep	Shallow subsurface	18.8545374
23	27	47.36284321	Deep	Shallow subsurface	18.77935345
23	28	66.0488527	Deep	Shallow subsurface	21.3016126
23	29	86.20450441	Deep	Shallow subsurface	20.69741706
23	30	98.19997609	Deep	Shallow subsurface	20.46991809
23	31	119.9560465	Deep	Shallow subsurface	23.65001929
23	32	140.9149807	Deep	Shallow subsurface	30.2933103
23	33	162.59834	Deep	Shallow subsurface	22.89797146
23	34	184.9591113	Deep	Shallow subsurface	23.74434661
23	35	207.5736164	Deep	Shallow subsurface	22.20972027
23	36	251.2660539	Deep	Shallow subsurface	25.72145577
23	37	272.4515915	Deep	Shallow subsurface	20.83720944
23	38	275.1891101	Deep	Shallow subsurface	24.07631813
23	39	299.5092151	Deep	Shallow subsurface	23.62527828
23	40	323.7023078	Deep	Shallow subsurface	21.65449733
23	41	335.9873991	Deep	Shallow subsurface	29.61545914
23	42	354.615092	Deep	Shallow subsurface	21.41104965
23	43	365.1623439	Deep	Shallow subsurface	20.54041579
23	44	384.399737	Deep	Shallow subsurface	19.79762121
23	45	390.2617251	Deep	Shallow subsurface	31.31809588
23	46	410.9543008	Deep	Shallow subsurface	28.17491565
23	47	431.4595654	Deep	Shallow subsurface	22.31221398
23	48	455.1875451	Deep	Shallow subsurface	25.44475503
23	49	476.3844227	Deep	Shallow subsurface	29.29296656
23	50	490.3476901	Deep	Shallow subsurface	29.13428702
23	51	499.5381197	Deep	Shallow subsurface	31.20150216
23	52	518.9574248	Deep	Shallow subsurface	40.10058903
23	53	528.4253417	Deep	Shallow subsurface	39.00883691
23	54	550.7638014	Deep	Shallow subsurface	36.733163
23	55	554.5640226	Deep	Shallow subsurface	37.0076051
23	56	575.9903526	Deep	Shallow subsurface	37.18954315
23	57	594.7295791	Deep	Shallow subsurface	32.95029128
23	58	612.0350803	Deep	Shallow subsurface	32.09227849
23	59	616.3481064	Deep	Shallow subsurface	32.14052876
23	60	626.9648604	Deep	Shallow subsurface	37.29444056
24	25	5.789641258	Deep	Shallow subsurface	24.67091136
24	26	19.73974489	Deep	Shallow subsurface	24.58295784
24	27	33.34232638	Deep	Shallow subsurface	24.64718391
24	28	52.02753487	Deep	Shallow subsurface	23.42189087
24	29	72.22910039	Deep	Shallow subsurface	24.99068555
24	30	84.25657077	Deep	Shallow subsurface	24.75934011
24	31	106.049207	Deep	Shallow subsurface	22.55017927
24	32	127.0501591	Deep	Shallow subsurface	26.82751591
24	33	148.785954	Deep	Shallow subsurface	23.19681149
24	34	171.1598913	Deep	Shallow subsurface	28.00333442
24	35	193.7846959	Deep	Shallow subsurface	24.38261717
24	36	237.4938884	Deep	Shallow subsurface	27.66140805
24	37	258.678917	Deep	Shallow subsurface	27.25667434
24	38	261.4132067	Deep	Shallow subsurface	21.78375977
24	39	285.7195292	Deep	Shallow subsurface	27.45975859
24	40	309.912029	Deep	Shallow subsurface	25.64189567
24	41	322.2201357	Deep	Shallow subsurface	35.39313925
24	42	340.8575063	Deep	Shallow subsurface	29.86406951
24	43	351.4066866	Deep	Shallow subsurface	24.49229633
24	44	370.6658742	Deep	Shallow subsurface	21.41568618
24	45	376.5379505	Deep	Shallow subsurface	38.64945096
24	46	397.2601738	Deep	Shallow subsurface	34.76310816
24	47	417.7950026	Deep	Shallow subsurface	29.58103965
24	48	441.5225619	Deep	Shallow subsurface	32.86296441
24	49	462.6811622	Deep	Shallow subsurface	36.04496833
24	50	476.6094763	Deep	Shallow subsurface	36.09880663
24	51	485.7552522	Deep	Shallow subsurface	35.83257954
24	52	505.167628	Deep	Shallow subsurface	47.53364687
24	53	514.63685	Deep	Shallow subsurface	44.51413517
24	54	536.9570511	Deep	Shallow subsurface	43.29709255
24	55	540.7694603	Deep	Shallow subsurface	44.18155169
24	56	562.255534	Deep	Shallow subsurface	44.50032879
24	57	581.0577485	Deep	Shallow subsurface	40.7683617
24	58	598.4163248	Deep	Shallow subsurface	41.13822861
24	59	602.7375655	Deep	Shallow subsurface	39.34422302
24	60	613.3304447	Deep	Shallow subsurface	41.44080014
25	26	14.07470999	Deep	Shallow subsurface	20.11512063
25	27	27.74177887	Deep	Shallow subsurface	18.70866206
25	28	46.34610432	Deep	Shallow subsurface	25.89037615
25	29	66.48064532	Deep	Shallow subsurface	25.46234498
25	30	78.49191831	Deep	Shallow subsurface	23.44376346
25	31	100.2736944	Deep	Shallow subsurface	32.96562752
25	32	121.2671303	Deep	Shallow subsurface	36.41224781
25	33	142.9980028	Deep	Shallow subsurface	27.38791433
25	34	165.3713499	Deep	Shallow subsurface	26.59857978
25	35	187.9957967	Deep	Shallow subsurface	26.0314325
25	36	231.7045636	Deep	Shallow subsurface	23.36584575
25	37	252.889632	Deep	Shallow subsurface	21.03656954
25	38	255.6240116	Deep	Shallow subsurface	29.56995964
25	39	279.9308602	Deep	Shallow subsurface	25.16094957
25	40	304.1234213	Deep	Shallow subsurface	27.67273398
25	41	316.4307819	Deep	Shallow subsurface	38.38115334
25	42	335.0679871	Deep	Shallow subsurface	28.85205682
25	43	345.6171455	Deep	Shallow subsurface	20.89113454
25	44	364.876244	Deep	Shallow subsurface	23.55366746
25	45	370.7483971	Deep	Shallow subsurface	34.90356746
25	46	391.4712355	Deep	Shallow subsurface	34.57837542
25	47	412.0071969	Deep	Shallow subsurface	28.45737029
25	48	435.734706	Deep	Shallow subsurface	29.78214894
25	49	456.8919329	Deep	Shallow subsurface	33.24904187
25	50	470.8198356	Deep	Shallow subsurface	34.70064096
25	51	479.9664836	Deep	Shallow subsurface	37.38902418
25	52	499.3791686	Deep	Shallow subsurface	46.11889202
25	53	508.8483357	Deep	Shallow subsurface	47.39373112
25	54	531.1695567	Deep	Shallow subsurface	43.92574177
25	55	534.9812551	Deep	Shallow subsurface	42.97590395
25	56	556.4658931	Deep	Shallow subsurface	45.0056358
25	57	575.2694737	Deep	Shallow subsurface	41.64083262
25	58	592.6309323	Deep	Shallow subsurface	40.54597413
25	59	596.952736	Deep	Shallow subsurface	38.06341568
25	60	607.5440409	Deep	Shallow subsurface	41.15529013
26	27	13.68435934	Deep	Shallow subsurface	16.98504163
26	28	32.28870907	Deep	Shallow subsurface	22.09492845
26	29	52.53910385	Deep	Shallow subsurface	20.00362798
26	30	64.61054582	Deep	Shallow subsurface	21.70952777
26	31	86.44827241	Deep	Shallow subsurface	28.83622643
26	32	107.5024146	Deep	Shallow subsurface	33.15429019
26	33	129.3060746	Deep	Shallow subsurface	24.99220164
26	34	151.6903913	Deep	Shallow subsurface	22.64319595
26	35	174.3228512	Deep	Shallow subsurface	22.71740378
26	36	218.0452859	Deep	Shallow subsurface	25.17374977
26	37	239.2259461	Deep	Shallow subsurface	20.07792401
26	38	241.955449	Deep	Shallow subsurface	26.37723621
26	39	266.240076	Deep	Shallow subsurface	24.8306836
26	40	290.4291872	Deep	Shallow subsurface	24.40854315
26	41	302.7663706	Deep	Shallow subsurface	35.2697307
26	42	321.4146855	Deep	Shallow subsurface	24.33210114
26	43	331.9654427	Deep	Shallow subsurface	23.26652881
26	44	351.2515929	Deep	Shallow subsurface	23.97000548
26	45	357.1364409	Deep	Shallow subsurface	31.62717627
26	46	377.8959873	Deep	Shallow subsurface	31.3859634
26	47	398.4681657	Deep	Shallow subsurface	24.75835988
26	48	422.1932665	Deep	Shallow subsurface	28.9063407
26	49	443.300279	Deep	Shallow subsurface	30.88900293
26	50	457.1825834	Deep	Shallow subsurface	28.57249091
26	51	466.2709744	Deep	Shallow subsurface	34.79707897
26	52	485.6738856	Deep	Shallow subsurface	44.11795265
26	53	495.1444193	Deep	Shallow subsurface	42.28899973
26	54	517.441102	Deep	Shallow subsurface	40.21250959
26	55	521.2685874	Deep	Shallow subsurface	41.05436481
26	56	542.8293585	Deep	Shallow subsurface	42.58496935
26	57	561.7116685	Deep	Shallow subsurface	38.43752477
26	58	579.1383657	Deep	Shallow subsurface	37.87963072
26	59	583.4701191	Deep	Shallow subsurface	36.76506385
26	60	594.0314646	Deep	Shallow subsurface	38.0185363
27	28	18.80381481	Deep	Shallow subsurface	19.23458153
27	29	39.32072779	Deep	Shallow subsurface	22.10154586
27	30	51.478743	Deep	Shallow subsurface	22.37430355
27	31	73.36692701	Deep	Shallow subsurface	28.45837854
27	32	94.48901313	Deep	Shallow subsurface	34.74409091
27	33	116.3800589	Deep	Shallow subsurface	25.0329275
27	34	138.759791	Deep	Shallow subsurface	22.08241628
27	35	161.3882894	Deep	Shallow subsurface	20.09904207
27	36	205.1092014	Deep	Shallow subsurface	22.25020705
27	37	226.2764241	Deep	Shallow subsurface	20.96124245
27	38	228.9983361	Deep	Shallow subsurface	26.70424506
27	39	253.2457548	Deep	Shallow subsurface	24.39226679
27	40	277.4249376	Deep	Shallow subsurface	23.83501803
27	41	289.8004178	Deep	Shallow subsurface	32.63218605
27	42	308.4603714	Deep	Shallow subsurface	21.74152201
27	43	319.0115277	Deep	Shallow subsurface	22.06728488
27	44	338.3307478	Deep	Shallow subsurface	22.1819345
27	45	344.2315107	Deep	Shallow subsurface	32.08196188
27	46	365.0362136	Deep	Shallow subsurface	29.50611536
27	47	385.6525365	Deep	Shallow subsurface	24.01561523
27	48	409.3715697	Deep	Shallow subsurface	26.81745591
27	49	430.4115086	Deep	Shallow subsurface	29.87176344
27	50	444.233182	Deep	Shallow subsurface	30.02287962
27	51	453.2440647	Deep	Shallow subsurface	33.70334908
27	52	472.6326402	Deep	Shallow subsurface	41.12647878
27	53	482.1043809	Deep	Shallow subsurface	43.0013709
27	54	504.3670575	Deep	Shallow subsurface	38.68368164
27	55	508.2153702	Deep	Shallow subsurface	38.49649227
27	56	529.8747816	Deep	Shallow subsurface	40.25700763
27	57	548.8569643	Deep	Shallow subsurface	36.5134751
27	58	566.3648653	Deep	Shallow subsurface	35.69795755
27	59	570.7087921	Deep	Shallow subsurface	34.36166847
27	60	581.2319048	Deep	Shallow subsurface	38.33699102
28	29	20.62882801	Deep	Shallow subsurface	21.87112783
28	30	32.81066301	Deep	Shallow subsurface	26.47631006
28	31	54.68846873	Deep	Shallow subsurface	24.71387088
28	32	75.83100059	Deep	Shallow subsurface	32.52260149
28	33	97.76158811	Deep	Shallow subsurface	24.82837373
28	34	120.1246975	Deep	Shallow subsurface	22.09749692
28	35	142.7415154	Deep	Shallow subsurface	17.464349
28	36	186.4502273	Deep	Shallow subsurface	23.74030548
28	37	207.6063528	Deep	Shallow subsurface	24.93659576
28	38	210.3237653	Deep	Shallow subsurface	24.83097158
28	39	234.5490041	Deep	Shallow subsurface	27.6270777
28	40	258.7211389	Deep	Shallow subsurface	22.05941148
28	41	271.11456	Deep	Shallow subsurface	31.13193876
28	42	289.7789609	Deep	Shallow subsurface	23.48612295
28	43	300.3295486	Deep	Shallow subsurface	23.12738369
28	44	319.6645795	Deep	Shallow subsurface	23.3390646
28	45	325.5734144	Deep	Shallow subsurface	33.1052423
28	46	346.4014955	Deep	Shallow subsurface	28.74276517
28	47	367.0416708	Deep	Shallow subsurface	26.056014
28	48	390.7556552	Deep	Shallow subsurface	28.42322893
28	49	411.7572246	Deep	Shallow subsurface	31.7112751
28	50	425.5472009	Deep	Shallow subsurface	31.96612724
28	51	434.521897	Deep	Shallow subsurface	34.63042432
28	52	453.9039041	Deep	Shallow subsurface	41.89812223
28	53	463.3759436	Deep	Shallow subsurface	41.55964678
28	54	485.6244802	Deep	Shallow subsurface	37.88143153
28	55	489.4809839	Deep	Shallow subsurface	39.42854978
28	56	511.1837828	Deep	Shallow subsurface	40.07284463
28	57	530.2166598	Deep	Shallow subsurface	36.09127076
28	58	547.7698421	Deep	Shallow subsurface	35.53738533
28	59	552.1207802	Deep	Shallow subsurface	35.71282157
28	60	562.6213381	Deep	Shallow subsurface	38.48910905
29	30	12.18183551	Deep	Shallow subsurface	23.05512319
29	31	34.06441557	Deep	Shallow subsurface	25.59351462
29	32	55.20411382	Deep	Shallow subsurface	30.53843088
29	33	77.13284337	Deep	Shallow subsurface	23.57301352
29	34	99.49643425	Deep	Shallow subsurface	24.17961588
29	35	122.1148248	Deep	Shallow subsurface	23.4255816
29	36	165.8263125	Deep	Shallow subsurface	27.12737456
29	37	186.9854239	Deep	Shallow subsurface	22.63563696
29	38	189.70419	Deep	Shallow subsurface	23.5441645
29	39	213.9382015	Deep	Shallow subsurface	24.15040357
29	40	238.114021	Deep	Shallow subsurface	21.83184359
29	41	250.4994045	Deep	Shallow subsurface	34.58682552
29	42	269.1622821	Deep	Shallow subsurface	23.88462381
29	43	279.7131319	Deep	Shallow subsurface	23.86883865
29	44	299.0433815	Deep	Shallow subsurface	24.37566817
29	45	304.9502939	Deep	Shallow subsurface	33.78587808
29	46	325.7745453	Deep	Shallow subsurface	30.79149041
29	47	346.4130078	Deep	Shallow subsurface	25.63181151
29	48	370.1272242	Deep	Shallow subsurface	30.22459602
29	49	391.1335764	Deep	Shallow subsurface	33.00740318
29	50	404.9327551	Deep	Shallow subsurface	29.12563579
29	51	413.9266114	Deep	Shallow subsurface	35.48383805
29	52	433.3135204	Deep	Shallow subsurface	44.44081657
29	53	442.7853371	Deep	Shallow subsurface	40.97283588
29	54	465.0463313	Deep	Shallow subsurface	40.28294028
29	55	468.895268	Deep	Shallow subsurface	41.39554618
29	56	490.5715443	Deep	Shallow subsurface	42.34058831
29	57	509.5907872	Deep	Shallow subsurface	38.31279692
29	58	527.1410212	Deep	Shallow subsurface	37.97376157
29	59	531.4920703	Deep	Shallow subsurface	37.69482162
29	60	541.9927798	Deep	Shallow subsurface	39.00701416
30	31	21.8894393	Deep	Shallow subsurface	27.71596466
30	32	43.02420842	Deep	Shallow subsurface	30.68277917
30	33	64.95109968	Deep	Shallow subsurface	23.54420412
30	34	87.31501739	Deep	Shallow subsurface	23.55294925
30	35	109.9345525	Deep	Shallow subsurface	27.09178582
30	36	153.6478881	Deep	Shallow subsurface	25.96649953
30	37	174.808991	Deep	Shallow subsurface	21.32016012
30	38	177.5286796	Deep	Shallow subsurface	27.11418941
30	39	201.7685359	Deep	Shallow subsurface	21.01348409
30	40	225.9466442	Deep	Shallow subsurface	24.04670809
30	41	238.3265785	Deep	Shallow subsurface	33.36960413
30	42	256.9883723	Deep	Shallow subsurface	25.03381943
30	43	267.5393584	Deep	Shallow subsurface	23.06219534
30	44	286.8664378	Deep	Shallow subsurface	23.44207926
30	45	292.7720951	Deep	Shallow subsurface	32.4356659
30	46	313.5938715	Deep	Shallow subsurface	31.32330473
30	47	334.2312612	Deep	Shallow subsurface	26.7324584
30	48	357.9456163	Deep	Shallow subsurface	28.97725473
30	49	378.9549602	Deep	Shallow subsurface	31.69013097
30	50	392.7599478	Deep	Shallow subsurface	29.41593788
30	51	401.7659338	Deep	Shallow subsurface	33.56568772
30	52	421.1558702	Deep	Shallow subsurface	42.54908699
30	53	430.6275076	Deep	Shallow subsurface	40.70478646
30	54	452.8962635	Deep	Shallow subsurface	40.37466588
30	55	456.7404187	Deep	Shallow subsurface	39.27632134
30	56	478.3999917	Deep	Shallow subsurface	40.43135682
30	57	497.4107345	Deep	Shallow subsurface	36.96733836
30	58	514.9591947	Deep	Shallow subsurface	37.14706113
30	59	519.3103254	Deep	Shallow subsurface	35.14459458
30	60	529.8110907	Deep	Shallow subsurface	36.67281917
31	32	21.14526099	Deep	Shallow subsurface	27.86026592
31	33	43.09672197	Deep	Shallow subsurface	24.50376455
31	34	65.44149853	Deep	Shallow subsurface	28.44991265
31	35	88.05364232	Deep	Shallow subsurface	26.88681682
31	36	131.7622608	Deep	Shallow subsurface	31.22761318
31	37	152.9210833	Deep	Shallow subsurface	30.23117513
31	38	155.6401539	Deep	Shallow subsurface	23.30777412
31	39	179.8793095	Deep	Shallow subsurface	28.20999291
31	40	204.0580107	Deep	Shallow subsurface	25.955397
31	41	216.4372106	Deep	Shallow subsurface	31.54927696
31	42	235.099226	Deep	Shallow subsurface	28.56838017
31	43	245.6501785	Deep	Shallow subsurface	27.27752391
31	44	264.9789801	Deep	Shallow subsurface	24.35843646
31	45	270.8860459	Deep	Shallow subsurface	37.40727593
31	46	291.7135194	Deep	Shallow subsurface	30.40979224
31	47	312.3587116	Deep	Shallow subsurface	29.35910415
31	48	336.0709929	Deep	Shallow subsurface	33.04128768
31	49	357.069501	Deep	Shallow subsurface	36.56212021
31	50	370.8705976	Deep	Shallow subsurface	35.20246253
31	51	379.8802303	Deep	Shallow subsurface	34.43391729
31	52	399.272049	Deep	Shallow subsurface	45.27453983
31	53	408.7435495	Deep	Shallow subsurface	40.55421881
31	54	431.0181123	Deep	Shallow subsurface	40.27620272
31	55	434.8585056	Deep	Shallow subsurface	41.32906478
31	56	456.5105532	Deep	Shallow subsurface	40.80288526
31	57	475.5281956	Deep	Shallow subsurface	38.15869025
31	58	493.0909868	Deep	Shallow subsurface	38.433995
31	59	497.4448182	Deep	Shallow subsurface	38.50651269
31	60	507.9372028	Deep	Shallow subsurface	39.89240079
32	33	21.96478088	Deep	Shallow subsurface	25.50731309
32	34	44.29623773	Deep	Shallow subsurface	33.01222069
32	35	66.91072439	Deep	Shallow subsurface	33.87583649
32	36	110.6242637	Deep	Shallow subsurface	36.20662265
32	37	131.7880123	Deep	Shallow subsurface	35.36188512
32	38	134.50938	Deep	Shallow subsurface	28.49414661
32	39	158.7626213	Deep	Shallow subsurface	30.84808262
32	40	182.9461208	Deep	Shallow subsurface	32.13559309
32	41	195.3121156	Deep	Shallow subsurface	39.61013499
32	42	213.9714168	Deep	Shallow subsurface	37.24039828
32	43	224.5225909	Deep	Shallow subsurface	31.725501
32	44	243.8441765	Deep	Shallow subsurface	28.97639044
32	45	249.7484614	Deep	Shallow subsurface	43.43676622
32	46	270.5705873	Deep	Shallow subsurface	40.19872662
32	47	291.2135921	Deep	Shallow subsurface	35.43919094
32	48	314.9261652	Deep	Shallow subsurface	41.021813
32	49	335.930999	Deep	Shallow subsurface	43.06248643
32	50	349.7443961	Deep	Shallow subsurface	41.40525548
32	51	358.7796293	Deep	Shallow subsurface	41.45731622
32	52	378.1775412	Deep	Shallow subsurface	52.72657374
32	53	387.6485278	Deep	Shallow subsurface	46.09046452
32	54	409.9388909	Deep	Shallow subsurface	46.85822872
32	55	413.7693116	Deep	Shallow subsurface	48.75089875
32	56	435.3866547	Deep	Shallow subsurface	48.25692265
32	57	454.3867171	Deep	Shallow subsurface	45.06023987
32	58	471.9457337	Deep	Shallow subsurface	45.98700512
32	59	476.2997013	Deep	Shallow subsurface	44.73270628
32	60	486.7922965	Deep	Shallow subsurface	45.7647181
33	34	22.38560325	Deep	Shallow subsurface	26.3013274
33	35	45.01882392	Deep	Shallow subsurface	26.41775425
33	36	88.74348851	Deep	Shallow subsurface	30.53966078
33	37	109.921295	Deep	Shallow subsurface	26.31807944
33	38	112.6497363	Deep	Shallow subsurface	24.32223178
33	39	136.9383535	Deep	Shallow subsurface	24.77007212
33	40	161.129609	Deep	Shallow subsurface	24.94540065
33	41	173.4605554	Deep	Shallow subsurface	34.81898315
33	42	192.1108406	Deep	Shallow subsurface	28.76283492
33	43	202.6618606	Deep	Shallow subsurface	22.31899469
33	44	221.9615099	Deep	Shallow subsurface	23.57357146
33	45	227.8565009	Deep	Shallow subsurface	37.08183288
33	46	248.6564986	Deep	Shallow subsurface	32.20622666
33	47	269.2828199	Deep	Shallow subsurface	29.37002475
33	48	292.9988465	Deep	Shallow subsurface	32.7422771
33	49	314.0336868	Deep	Shallow subsurface	35.42639808
33	50	327.8818673	Deep	Shallow subsurface	34.45909176
33	51	336.9737314	Deep	Shallow subsurface	35.78744988
33	52	356.3830392	Deep	Shallow subsurface	44.6667385
33	53	365.852629	Deep	Shallow subsurface	42.52765048
33	54	388.1722855	Deep	Shallow subsurface	40.24347911
33	55	391.983748	Deep	Shallow subsurface	41.16885365
33	56	413.5278383	Deep	Shallow subsurface	43.28329386
33	57	432.4769771	Deep	Shallow subsurface	40.05393578
33	58	450.0084289	Deep	Shallow subsurface	40.05238854
33	59	454.3592297	Deep	Shallow subsurface	39.94685124
33	60	464.8631161	Deep	Shallow subsurface	39.98881039
34	35	22.63322713	Deep	Shallow subsurface	21.42805448
34	36	66.35790463	Deep	Shallow subsurface	25.28686913
34	37	87.53600085	Deep	Shallow subsurface	22.46717572
34	38	90.26505968	Deep	Shallow subsurface	26.07898206
34	39	114.5598601	Deep	Shallow subsurface	22.47029482
34	40	138.752175	Deep	Shallow subsurface	23.89144356
34	41	151.0759851	Deep	Shallow subsurface	33.92514344
34	42	169.7254417	Deep	Shallow subsurface	24.97062355
34	43	180.2764264	Deep	Shallow subsurface	22.42390728
34	44	199.5767381	Deep	Shallow subsurface	24.37204895
34	45	205.4731798	Deep	Shallow subsurface	32.15455921
34	46	226.2805066	Deep	Shallow subsurface	31.27864956
34	47	246.9176977	Deep	Shallow subsurface	25.26102773
34	48	270.6309996	Deep	Shallow subsurface	29.11209105
34	49	291.6518806	Deep	Shallow subsurface	31.80113065
34	50	305.4962729	Deep	Shallow subsurface	30.25697424
34	51	314.5958386	Deep	Shallow subsurface	32.7868725
34	52	334.0078487	Deep	Shallow subsurface	42.40243424
34	53	343.4769858	Deep	Shallow subsurface	39.39967569
34	54	365.8050523	Deep	Shallow subsurface	38.83503367
34	55	369.6106912	Deep	Shallow subsurface	40.65725305
34	56	391.1422822	Deep	Shallow subsurface	41.53653685
34	57	410.099513	Deep	Shallow subsurface	36.62047774
34	58	427.6495226	Deep	Shallow subsurface	36.59406172
34	59	432.0038419	Deep	Shallow subsurface	35.72775571
34	60	442.4968652	Deep	Shallow subsurface	38.14581248
35	36	43.72479292	Deep	Shallow subsurface	21.54206841
35	37	64.90312801	Deep	Shallow subsurface	21.38899437
35	38	67.63308145	Deep	Shallow subsurface	22.17602771
35	39	91.93652465	Deep	Shallow subsurface	25.18771176
35	40	116.129581	Deep	Shallow subsurface	22.51739301
35	41	128.4438902	Deep	Shallow subsurface	33.99487434
35	42	147.0923722	Deep	Shallow subsurface	25.05917939
35	43	157.6433196	Deep	Shallow subsurface	21.26740853
35	44	176.9448287	Deep	Shallow subsurface	21.88048816
35	45	182.8432525	Deep	Shallow subsurface	31.43567398
35	46	203.6599865	Deep	Shallow subsurface	28.98177204
35	47	224.3105385	Deep	Shallow subsurface	24.4532516
35	48	248.0200929	Deep	Shallow subsurface	29.97440605
35	49	269.0236515	Deep	Shallow subsurface	31.87780995
35	50	282.8630461	Deep	Shallow subsurface	29.68494691
35	51	291.9709135	Deep	Shallow subsurface	31.25351664
35	52	311.3858658	Deep	Shallow subsurface	44.00525359
35	53	320.8544563	Deep	Shallow subsurface	42.13424451
35	54	343.1917695	Deep	Shallow subsurface	39.49028738
35	55	346.9909181	Deep	Shallow subsurface	42.10066515
35	56	368.509068	Deep	Shallow subsurface	42.8960783
35	57	387.4761952	Deep	Shallow subsurface	38.87684949
35	58	405.0475818	Deep	Shallow subsurface	38.47314192
35	59	409.4058979	Deep	Shallow subsurface	38.01540675
35	60	419.8864039	Deep	Shallow subsurface	39.06802392
36	37	21.18562561	Deep	Shallow subsurface	21.0403063
36	38	23.9242556	Deep	Shallow subsurface	25.72976978
36	39	48.26857813	Deep	Shallow subsurface	24.88401176
36	40	72.45392452	Deep	Shallow subsurface	27.66548187
36	41	84.72633958	Deep	Shallow subsurface	36.00573176
36	42	103.3695422	Deep	Shallow subsurface	28.20933378
36	43	113.9201929	Deep	Shallow subsurface	24.4257428
36	44	133.2216805	Deep	Shallow subsurface	22.80689351
36	45	139.1242271	Deep	Shallow subsurface	33.13360023
36	46	159.9626183	Deep	Shallow subsurface	32.74886586
36	47	180.6442611	Deep	Shallow subsurface	29.39401773
36	48	204.343143	Deep	Shallow subsurface	32.4799097
36	49	225.3072671	Deep	Shallow subsurface	34.83727717
36	50	239.138622	Deep	Shallow subsurface	33.60449123
36	51	248.2725305	Deep	Shallow subsurface	34.66397615
36	52	267.6951045	Deep	Shallow subsurface	46.57081153
36	53	277.1620031	Deep	Shallow subsurface	44.82294926
36	54	299.522968	Deep	Shallow subsurface	44.87961685
36	55	303.3051913	Deep	Shallow subsurface	44.48388953
36	56	324.7849045	Deep	Shallow subsurface	45.76001627
36	57	343.7687196	Deep	Shallow subsurface	41.32238212
36	58	361.3842864	Deep	Shallow subsurface	41.157865
36	59	365.7509629	Deep	Shallow subsurface	39.09975675
36	60	376.2048848	Deep	Shallow subsurface	39.99234594
37	38	2.75539391	Deep	Shallow subsurface	24.57448491
37	39	27.11082358	Deep	Shallow subsurface	21.6997624
37	40	51.28009216	Deep	Shallow subsurface	23.94344354
37	41	63.54200332	Deep	Shallow subsurface	35.5691136
37	42	82.18960396	Deep	Shallow subsurface	24.47596456
37	43	92.74069169	Deep	Shallow subsurface	21.85995158
37	44	112.0582273	Deep	Shallow subsurface	22.54495527
37	45	117.9705654	Deep	Shallow subsurface	29.87511659
37	46	138.8401289	Deep	Shallow subsurface	30.90105345
37	47	159.5549385	Deep	Shallow subsurface	24.46788715
37	48	183.2398704	Deep	Shallow subsurface	28.32035661
37	49	204.1549662	Deep	Shallow subsurface	30.00497023
37	50	217.9617837	Deep	Shallow subsurface	28.30351494
37	51	227.0872851	Deep	Shallow subsurface	32.23141638
37	52	246.5107693	Deep	Shallow subsurface	43.48542293
37	53	255.9773954	Deep	Shallow subsurface	43.01458832
37	54	278.3429675	Deep	Shallow subsurface	41.47554846
37	55	282.1215662	Deep	Shallow subsurface	40.97099634
37	56	303.6070866	Deep	Shallow subsurface	43.08500147
37	57	322.6262555	Deep	Shallow subsurface	39.52225341
37	58	340.2859783	Deep	Shallow subsurface	38.57259791
37	59	344.6599778	Deep	Shallow subsurface	37.48281419
37	60	355.089222	Deep	Shallow subsurface	37.74806944
38	39	24.35908721	Deep	Shallow subsurface	25.61319319
38	40	48.53347031	Deep	Shallow subsurface	23.43764132
38	41	60.81092734	Deep	Shallow subsurface	34.04693438
38	42	79.46342553	Deep	Shallow subsurface	27.59681052
38	43	90.01466877	Deep	Shallow subsurface	25.38794274
38	44	109.3422207	Deep	Shallow subsurface	20.66183458
38	45	115.25923	Deep	Shallow subsurface	36.22979921
38	46	136.1408771	Deep	Shallow subsurface	32.16702141
38	47	156.8663902	Deep	Shallow subsurface	28.85551171
38	48	180.5461949	Deep	Shallow subsurface	33.61672211
38	49	201.4428347	Deep	Shallow subsurface	35.35839394
38	50	215.2366818	Deep	Shallow subsurface	33.98905576
38	51	224.3490702	Deep	Shallow subsurface	33.78369514
38	52	243.7709585	Deep	Shallow subsurface	46.32580835
38	53	253.2379633	Deep	Shallow subsurface	42.57391377
38	54	275.5997043	Deep	Shallow subsurface	42.63393464
38	55	279.3809364	Deep	Shallow subsurface	43.95548199
38	56	300.8810288	Deep	Shallow subsurface	44.81882148
38	57	319.9173724	Deep	Shallow subsurface	39.64448831
38	58	337.5921366	Deep	Shallow subsurface	40.29421914
38	59	341.9683659	Deep	Shallow subsurface	39.7269551
38	60	352.3897247	Deep	Shallow subsurface	40.62108262
39	40	24.19311226	Deep	Shallow subsurface	22.30730516
39	41	36.58667537	Deep	Shallow subsurface	33.00378032
39	42	55.25881282	Deep	Shallow subsurface	26.22730664
39	43	65.80281083	Deep	Shallow subsurface	19.69732949
39	44	85.19724266	Deep	Shallow subsurface	22.29648168
39	45	91.14784862	Deep	Shallow subsurface	30.42816767
39	46	112.1138469	Deep	Shallow subsurface	31.11947459
39	47	132.9139677	Deep	Shallow subsurface	26.17736938
39	48	156.5431667	Deep	Shallow subsurface	29.38667264
39	49	177.2973259	Deep	Shallow subsurface	31.80075807
39	50	191.0013971	Deep	Shallow subsurface	30.75234847
39	51	200.0359924	Deep	Shallow subsurface	32.36352239
39	52	219.4493495	Deep	Shallow subsurface	43.17547972
39	53	228.9180232	Deep	Shallow subsurface	39.529388
39	54	251.261959	Deep	Shallow subsurface	39.30930775
39	55	255.0548109	Deep	Shallow subsurface	40.66505486
39	56	276.6348667	Deep	Shallow subsurface	41.35338063
39	57	295.7821169	Deep	Shallow subsurface	37.93439952
39	58	313.5609513	Deep	Shallow subsurface	38.05050667
39	59	317.9528205	Deep	Shallow subsurface	36.27870911
39	60	328.3172928	Deep	Shallow subsurface	36.36440468
40	41	12.62145645	Deep	Shallow subsurface	28.65364321
40	42	31.20188737	Deep	Shallow subsurface	21.58986484
40	43	41.71197329	Deep	Shallow subsurface	22.05200183
40	44	61.15586395	Deep	Shallow subsurface	23.63788988
40	45	67.13612805	Deep	Shallow subsurface	30.14437012
40	46	88.16791097	Deep	Shallow subsurface	27.23724085
40	47	109.0240658	Deep	Shallow subsurface	24.8191119
40	48	132.5854687	Deep	Shallow subsurface	24.33937867
40	49	153.2071254	Deep	Shallow subsurface	27.99802988
40	50	166.8450638	Deep	Shallow subsurface	29.09675839
40	51	175.8441354	Deep	Shallow subsurface	28.90351371
40	52	195.2563532	Deep	Shallow subsurface	37.67407518
40	53	204.7251368	Deep	Shallow subsurface	36.87471078
40	54	227.0706818	Deep	Shallow subsurface	33.56800845
40	55	230.8617147	Deep	Shallow subsurface	34.06744145
40	56	252.4684944	Deep	Shallow subsurface	35.09539357
40	57	271.6854024	Deep	Shallow subsurface	32.49132856
40	58	289.5407844	Deep	Shallow subsurface	32.60505174
40	59	293.9444835	Deep	Shallow subsurface	31.85802309
40	60	304.2641415	Deep	Shallow subsurface	34.55208954
41	42	18.67215754	Deep	Shallow subsurface	22.81478386
41	43	29.21820895	Deep	Shallow subsurface	30.68027755
41	44	48.61739317	Deep	Shallow subsurface	30.42559607
41	45	54.57996231	Deep	Shallow subsurface	33.84007023
41	46	75.58581997	Deep	Shallow subsurface	27.68091297
41	47	96.42783042	Deep	Shallow subsurface	28.94008872
41	48	120.0117984	Deep	Shallow subsurface	25.08431444
41	49	140.7113425	Deep	Shallow subsurface	30.2777869
41	50	154.433404	Deep	Shallow subsurface	37.07937311
41	51	163.5612123	Deep	Shallow subsurface	31.92487536
41	52	182.9939175	Deep	Shallow subsurface	29.83463955
41	53	192.45763	Deep	Shallow subsurface	33.86749632
41	54	214.8562364	Deep	Shallow subsurface	27.13142997
41	55	218.609429	Deep	Shallow subsurface	25.8140643
41	56	240.0745396	Deep	Shallow subsurface	26.25423179
41	57	259.196028	Deep	Shallow subsurface	22.10062078
41	58	276.9991676	Deep	Shallow subsurface	23.18347533
41	59	281.3969588	Deep	Shallow subsurface	24.41508986
41	60	291.7418036	Deep	Shallow subsurface	35.84763905
42	43	10.55124687	Deep	Shallow subsurface	23.51751118
42	44	29.95659201	Deep	Shallow subsurface	25.10810806
42	45	35.93430341	Deep	Shallow subsurface	29.08565762
42	46	56.97572789	Deep	Shallow subsurface	25.85642318
42	47	77.84702936	Deep	Shallow subsurface	22.46324698
42	48	101.3857788	Deep	Shallow subsurface	21.65852046
42	49	122.040001	Deep	Shallow subsurface	25.76877521
42	50	135.7733342	Deep	Shallow subsurface	28.43764833
42	51	144.9646483	Deep	Shallow subsurface	29.72610172
42	52	164.4077751	Deep	Shallow subsurface	32.50241831
42	53	173.8670293	Deep	Shallow subsurface	35.33480947
42	54	196.2984374	Deep	Shallow subsurface	31.28741239
42	55	200.0258078	Deep	Shallow subsurface	30.60530793
42	56	221.4177298	Deep	Shallow subsurface	31.66453624
42	57	240.5244907	Deep	Shallow subsurface	26.51665641
42	58	258.3438789	Deep	Shallow subsurface	24.52126462
42	59	262.7454382	Deep	Shallow subsurface	25.8768454
42	60	273.0774859	Deep	Shallow subsurface	34.39054465
43	44	19.46228022	Deep	Shallow subsurface	19.00205069
43	45	25.46509341	Deep	Shallow subsurface	31.74214254
43	46	46.53908823	Deep	Shallow subsurface	29.07088588
43	47	67.43167557	Deep	Shallow subsurface	23.41966181
43	48	90.91333066	Deep	Shallow subsurface	26.11708895
43	49	111.5027857	Deep	Shallow subsurface	30.39054655
43	50	125.2220918	Deep	Shallow subsurface	31.00219376
43	51	134.4314737	Deep	Shallow subsurface	30.85218411
43	52	153.8782325	Deep	Shallow subsurface	40.86075643
43	53	163.3354092	Deep	Shallow subsurface	40.62020027
43	54	185.7798929	Deep	Shallow subsurface	37.2399095
43	55	189.4963773	Deep	Shallow subsurface	37.61279335
43	56	210.8665315	Deep	Shallow subsurface	39.11671427
43	57	229.9858065	Deep	Shallow subsurface	35.42029872
43	58	247.8307539	Deep	Shallow subsurface	35.20696756
43	59	252.2366482	Deep	Shallow subsurface	33.93544269
43	60	262.5525159	Deep	Shallow subsurface	37.52776853
44	45	6.018197072	Deep	Shallow subsurface	33.11855479
44	46	27.09648737	Deep	Shallow subsurface	29.93220369
44	47	47.99550639	Deep	Shallow subsurface	24.41747283
44	48	71.45105068	Deep	Shallow subsurface	28.94745488
44	49	92.10689263	Deep	Shallow subsurface	31.97270943
44	50	105.9483959	Deep	Shallow subsurface	31.49221475
44	51	115.3772474	Deep	Shallow subsurface	30.80256768
44	52	134.839058	Deep	Shallow subsurface	43.10533598
44	53	144.2784692	Deep	Shallow subsurface	40.32289738
44	54	166.7944931	Deep	Shallow subsurface	39.25934597
44	55	170.4451734	Deep	Shallow subsurface	40.43799187
44	56	191.5910986	Deep	Shallow subsurface	40.58794573
44	57	210.5900396	Deep	Shallow subsurface	36.69345
44	58	228.3872899	Deep	Shallow subsurface	36.88687326
44	59	232.7891479	Deep	Shallow subsurface	35.22070398
44	60	243.1244232	Deep	Shallow subsurface	39.32229526
45	46	21.08031392	Deep	Shallow subsurface	24.35701128
45	47	41.97874226	Deep	Shallow subsurface	27.33569966
45	48	65.45474057	Deep	Shallow subsurface	24.6147682
45	49	86.18447578	Deep	Shallow subsurface	23.3662103
45	50	100.1030105	Deep	Shallow subsurface	27.3416575
45	51	109.648824	Deep	Shallow subsurface	26.84585425
45	52	129.111633	Deep	Shallow subsurface	33.83119212
45	53	138.5396336	Deep	Shallow subsurface	35.44262739
45	54	161.08541	Deep	Shallow subsurface	32.80482396
45	55	164.7036857	Deep	Shallow subsurface	34.55389319
45	56	185.7327275	Deep	Shallow subsurface	38.057009
45	57	204.6593095	Deep	Shallow subsurface	34.55222562
45	58	222.4193654	Deep	Shallow subsurface	35.31214297
45	59	226.8171618	Deep	Shallow subsurface	34.05577143
45	60	237.1695839	Deep	Shallow subsurface	34.02565192
46	47	20.89920801	Deep	Shallow subsurface	25.9036585
46	48	44.42986158	Deep	Shallow subsurface	22.15862444
46	49	65.43934218	Deep	Shallow subsurface	22.07290424
46	50	79.65146904	Deep	Shallow subsurface	29.09985393
46	51	89.65518977	Deep	Shallow subsurface	25.87464699
46	52	109.0767921	Deep	Shallow subsurface	29.63626427
46	53	118.4439211	Deep	Shallow subsurface	32.86842043
46	54	141.0725387	Deep	Shallow subsurface	29.25542565
46	55	144.5647273	Deep	Shallow subsurface	30.04686549
46	56	165.1508115	Deep	Shallow subsurface	31.45546557
46	57	183.8213186	Deep	Shallow subsurface	27.90185433
46	58	201.4592846	Deep	Shallow subsurface	28.66114227
46	59	205.8443432	Deep	Shallow subsurface	28.99825298
46	60	216.2491624	Deep	Shallow subsurface	32.44478584
47	48	23.72799584	Deep	Shallow subsurface	22.7146065
47	49	45.25711024	Deep	Shallow subsurface	26.45031234
47	50	59.90229234	Deep	Shallow subsurface	26.14088294
47	51	70.57673812	Deep	Shallow subsurface	29.14001155
47	52	89.79494505	Deep	Shallow subsurface	36.89904372
47	53	99.02754925	Deep	Shallow subsurface	36.16965243
47	54	121.6891144	Deep	Shallow subsurface	32.73060794
47	55	125.0004669	Deep	Shallow subsurface	34.55497235
47	56	144.9555261	Deep	Shallow subsurface	34.40503629
47	57	163.2712808	Deep	Shallow subsurface	31.02942027
47	58	180.740433	Deep	Shallow subsurface	31.94090008
47	59	185.107531	Deep	Shallow subsurface	30.49257341
47	60	195.5803455	Deep	Shallow subsurface	35.33683463
48	49	21.93732623	Deep	Shallow subsurface	18.80086086
48	50	36.93237329	Deep	Shallow subsurface	28.60492569
48	51	48.30680795	Deep	Shallow subsurface	25.29505144
48	52	67.06347241	Deep	Shallow subsurface	25.97019966
48	53	76.10096032	Deep	Shallow subsurface	33.80771734
48	54	98.70515493	Deep	Shallow subsurface	28.11460989
48	55	101.8496995	Deep	Shallow subsurface	24.52736749
48	56	121.3415229	Deep	Shallow subsurface	26.98347271
48	57	139.5437555	Deep	Shallow subsurface	24.87902026
48	58	157.0461479	Deep	Shallow subsurface	22.79115584
48	59	161.4236593	Deep	Shallow subsurface	22.03384812
48	60	171.8663477	Deep	Shallow subsurface	31.75877128
49	50	15.08113356	Deep	Shallow subsurface	26.31817555
49	51	26.88660575	Deep	Shallow subsurface	24.26994096
49	52	45.20606987	Deep	Shallow subsurface	28.41132825
49	53	54.17783089	Deep	Shallow subsurface	34.67974928
49	54	76.76971482	Deep	Shallow subsurface	29.6837888
49	55	79.91949316	Deep	Shallow subsurface	28.60090334
49	56	99.74828207	Deep	Shallow subsurface	32.02955848
49	57	118.4847981	Deep	Shallow subsurface	28.90927945
49	58	136.4373426	Deep	Shallow subsurface	28.73755397
49	59	140.8752858	Deep	Shallow subsurface	28.77257736
49	60	151.081231	Deep	Shallow subsurface	32.38141409
50	51	12.20537655	Deep	Shallow subsurface	30.07960975
50	52	30.13862068	Deep	Shallow subsurface	41.11889828
50	53	39.19317535	Deep	Shallow subsurface	38.18511968
50	54	61.83242326	Deep	Shallow subsurface	36.83329662
50	55	65.09828217	Deep	Shallow subsurface	40.40281942
50	56	85.64698882	Deep	Shallow subsurface	41.04676861
50	57	105.0925268	Deep	Shallow subsurface	36.42633747
50	58	123.5376493	Deep	Shallow subsurface	37.80949667
50	59	128.0312781	Deep	Shallow subsurface	37.76752613
50	60	137.9328955	Deep	Shallow subsurface	37.96813263
51	52	19.46298021	Deep	Shallow subsurface	32.95663842
51	53	28.90569466	Deep	Shallow subsurface	36.49758039
51	54	51.44721931	Deep	Shallow subsurface	32.6377353
51	55	55.07138365	Deep	Shallow subsurface	33.78742834
51	56	77.04932778	Deep	Shallow subsurface	35.46439024
51	57	97.51469411	Deep	Shallow subsurface	31.06248254
51	58	116.5504352	Deep	Shallow subsurface	33.2103809
51	59	121.0946989	Deep	Shallow subsurface	32.3858076
51	60	130.5235107	Deep	Shallow subsurface	34.49736898
52	53	9.47227066	Deep	Shallow subsurface	37.52244896
52	54	31.99757785	Deep	Shallow subsurface	27.45910704
52	55	35.61816667	Deep	Shallow subsurface	21.16751006
52	56	58.11401364	Deep	Shallow subsurface	23.92273218
52	57	79.18247316	Deep	Shallow subsurface	26.84166135
52	58	98.58812773	Deep	Shallow subsurface	24.15386322
52	59	103.1512836	Deep	Shallow subsurface	27.38756776
52	60	112.1681203	Deep	Shallow subsurface	36.62358715
53	54	22.66277869	Deep	Shallow subsurface	36.19006301
53	55	26.16680334	Deep	Shallow subsurface	37.49665268
53	56	48.81049968	Deep	Shallow subsurface	34.7763326
53	57	70.14394669	Deep	Shallow subsurface	31.89428336
53	58	89.69770465	Deep	Shallow subsurface	36.28746619
53	59	94.26225202	Deep	Shallow subsurface	34.93350184
53	60	103.0711275	Deep	Shallow subsurface	37.238141
54	55	4.647554256	Deep	Shallow subsurface	27.89885464
54	56	29.43830044	Deep	Shallow subsurface	30.586774
54	57	51.81552153	Deep	Shallow subsurface	27.00217505
54	58	71.71687276	Deep	Shallow subsurface	28.74110129
54	59	76.21188144	Deep	Shallow subsurface	30.61718294
54	60	83.86219773	Deep	Shallow subsurface	36.73627337
55	56	24.80091264	Deep	Shallow subsurface	22.22103819
55	57	47.17088159	Deep	Shallow subsurface	25.78857946
55	58	67.0726104	Deep	Shallow subsurface	23.35410515
55	59	71.569827	Deep	Shallow subsurface	27.12638827
55	60	79.27308994	Deep	Shallow subsurface	37.34613798
56	57	22.4019117	Deep	Shallow subsurface	24.87551529
56	58	42.29332857	Deep	Shallow subsurface	24.22854218
56	59	46.77799439	Deep	Shallow subsurface	25.1485489
56	60	54.62210931	Deep	Shallow subsurface	39.13071412
57	58	19.90198726	Deep	Shallow subsurface	18.35827325
57	59	24.41079595	Deep	Shallow subsurface	21.46007684
57	60	33.01569863	Deep	Shallow subsurface	34.07872188
58	59	4.564693701	Deep	Shallow subsurface	19.68100919
58	60	15.19989221	Deep	Shallow subsurface	36.09321257
59	60	11.48311645	Deep	Shallow subsurface	33.82211669
1	2	10.10648629	Rhizosphere	Root-adjacent	24.11832644
1	3	28.25796439	Rhizosphere	Root-adjacent	20.01107446
1	4	47.61544412	Rhizosphere	Root-adjacent	17.70285283
1	5	58.85946294	Rhizosphere	Root-adjacent	19.57089068
1	6	73.55524788	Rhizosphere	Root-adjacent	24.3283439
1	7	87.06997825	Rhizosphere	Root-adjacent	24.90039455
1	8	102.2829382	Rhizosphere	Root-adjacent	26.56873341
1	9	122.206354	Rhizosphere	Root-adjacent	20.05824487
1	10	138.5354625	Rhizosphere	Root-adjacent	21.69312542
1	11	156.9523329	Rhizosphere	Root-adjacent	20.07577939
1	12	178.0420697	Rhizosphere	Root-adjacent	24.01389722
1	13	201.6005194	Rhizosphere	Root-adjacent	23.96561025
1	14	227.2011724	Rhizosphere	Root-adjacent	36.27401699
1	15	246.7396651	Rhizosphere	Root-adjacent	33.55694455
1	16	262.8044668	Rhizosphere	Root-adjacent	25.00886234
1	17	284.1077048	Rhizosphere	Root-adjacent	31.04135307
1	18	307.8393819	Rhizosphere	Root-adjacent	21.06424005
1	19	329.5327081	Rhizosphere	Root-adjacent	29.79337082
1	20	349.673269	Rhizosphere	Root-adjacent	21.64185063
1	21	356.7704178	Rhizosphere	Root-adjacent	27.26594397
1	22	374.3426741	Rhizosphere	Root-adjacent	22.48937786
1	23	389.843226	Rhizosphere	Root-adjacent	20.56458987
1	24	403.8103918	Rhizosphere	Root-adjacent	30.20338054
1	25	409.5609904	Rhizosphere	Root-adjacent	30.63545988
1	26	423.5184924	Rhizosphere	Root-adjacent	24.67989862
1	27	436.9448526	Rhizosphere	Root-adjacent	30.98060446
1	28	455.7387838	Rhizosphere	Root-adjacent	26.72045562
1	29	476.0392933	Rhizosphere	Root-adjacent	25.33821273
1	30	488.0409304	Rhizosphere	Root-adjacent	34.86471474
1	31	509.7584327	Rhizosphere	Root-adjacent	32.57690937
1	32	530.6215785	Rhizosphere	Root-adjacent	30.7266533
1	33	552.1228693	Rhizosphere	Root-adjacent	33.49444148
1	34	574.3947786	Rhizosphere	Root-adjacent	33.57917876
1	35	596.9239916	Rhizosphere	Root-adjacent	30.45533945
1	36	640.4532381	Rhizosphere	Root-adjacent	37.30124929
1	37	661.6027389	Rhizosphere	Root-adjacent	29.74701877
1	38	664.3532204	Rhizosphere	Root-adjacent	31.79164921
1	39	688.7119861	Rhizosphere	Root-adjacent	30.27422372
1	40	712.8752931	Rhizosphere	Root-adjacent	28.17351299
1	41	725.001922	Rhizosphere	Root-adjacent	43.12828921
1	42	743.5378843	Rhizosphere	Root-adjacent	30.10480267
1	43	754.0557975	Rhizosphere	Root-adjacent	29.10280427
1	44	773.1090806	Rhizosphere	Root-adjacent	27.66691042
1	45	778.8870015	Rhizosphere	Root-adjacent	32.38318985
1	46	799.3134504	Rhizosphere	Root-adjacent	34.81546961
1	47	819.5350219	Rhizosphere	Root-adjacent	26.83029631
1	48	843.2164368	Rhizosphere	Root-adjacent	30.7917466
1	49	864.7013877	Rhizosphere	Root-adjacent	27.38721977
1	50	878.9351544	Rhizosphere	Root-adjacent	28.57922459
1	51	888.4684542	Rhizosphere	Root-adjacent	38.11915574
1	52	907.9238235	Rhizosphere	Root-adjacent	47.60033971
1	53	917.3740007	Rhizosphere	Root-adjacent	31.51229997
1	54	939.8353911	Rhizosphere	Root-adjacent	41.34568583
1	55	943.5396347	Rhizosphere	Root-adjacent	42.28967727
1	56	964.4485269	Rhizosphere	Root-adjacent	34.49623498
1	57	982.5793282	Rhizosphere	Root-adjacent	42.23503201
1	58	999.3262151	Rhizosphere	Root-adjacent	44.69100644
1	59	1003.546557	Rhizosphere	Root-adjacent	31.92549459
1	60	1014.391542	Rhizosphere	Root-adjacent	36.23802948
2	3	18.15173038	Rhizosphere	Root-adjacent	25.75562375
2	4	37.53608796	Rhizosphere	Root-adjacent	22.13511585
2	5	48.84550602	Rhizosphere	Root-adjacent	29.73777284
2	6	63.76453397	Rhizosphere	Root-adjacent	20.28421537
2	7	77.45644003	Rhizosphere	Root-adjacent	27.54412034
2	8	92.89932418	Rhizosphere	Root-adjacent	34.60138025
2	9	112.9206711	Rhizosphere	Root-adjacent	27.24327385
2	10	129.3301654	Rhizosphere	Root-adjacent	28.96149882
2	11	147.7769345	Rhizosphere	Root-adjacent	27.68259894
2	12	168.8761075	Rhizosphere	Root-adjacent	33.43717358
2	13	192.4089677	Rhizosphere	Root-adjacent	30.33661301
2	14	217.9964245	Rhizosphere	Root-adjacent	34.30380492
2	15	237.5409349	Rhizosphere	Root-adjacent	31.25257718
2	16	253.602577	Rhizosphere	Root-adjacent	27.53799877
2	17	274.9169517	Rhizosphere	Root-adjacent	28.3391118
2	18	298.6273716	Rhizosphere	Root-adjacent	24.88606514
2	19	320.2616159	Rhizosphere	Root-adjacent	29.06295151
2	20	340.3809717	Rhizosphere	Root-adjacent	26.5163456
2	21	347.4557267	Rhizosphere	Root-adjacent	27.90910982
2	22	364.9787435	Rhizosphere	Root-adjacent	33.00762386
2	23	380.4381739	Rhizosphere	Root-adjacent	26.0975114
2	24	394.3928449	Rhizosphere	Root-adjacent	35.6221946
2	25	400.1493405	Rhizosphere	Root-adjacent	27.16040705
2	26	414.090173	Rhizosphere	Root-adjacent	25.01837236
2	27	427.4936096	Rhizosphere	Root-adjacent	26.90432149
2	28	446.2918716	Rhizosphere	Root-adjacent	28.63751113
2	29	466.6205986	Rhizosphere	Root-adjacent	30.21945524
2	30	478.6379946	Rhizosphere	Root-adjacent	35.69877207
2	31	500.3755507	Rhizosphere	Root-adjacent	29.68785978
2	32	521.2634224	Rhizosphere	Root-adjacent	33.85534385
2	33	542.796405	Rhizosphere	Root-adjacent	35.24413547
2	34	565.0835499	Rhizosphere	Root-adjacent	32.04070017
2	35	587.6269677	Rhizosphere	Root-adjacent	27.70090094
2	36	631.1821728	Rhizosphere	Root-adjacent	30.09723472
2	37	652.3389769	Rhizosphere	Root-adjacent	25.06894143
2	38	655.0883977	Rhizosphere	Root-adjacent	31.74067018
2	39	679.4459715	Rhizosphere	Root-adjacent	27.67558573
2	40	703.6158437	Rhizosphere	Root-adjacent	35.22618313
2	41	715.7622282	Rhizosphere	Root-adjacent	41.07729313
2	42	734.3105746	Rhizosphere	Root-adjacent	29.25406717
2	43	744.8329747	Rhizosphere	Root-adjacent	27.85475479
2	44	763.9077107	Rhizosphere	Root-adjacent	30.54663823
2	45	769.6946918	Rhizosphere	Root-adjacent	30.17336644
2	46	790.1489392	Rhizosphere	Root-adjacent	27.83373843
2	47	810.3983647	Rhizosphere	Root-adjacent	32.91123636
2	48	834.0872347	Rhizosphere	Root-adjacent	36.04727173
2	49	855.5494089	Rhizosphere	Root-adjacent	34.99547141
2	50	869.7585149	Rhizosphere	Root-adjacent	31.26057957
2	51	879.2553406	Rhizosphere	Root-adjacent	38.19442221
2	52	898.7079712	Rhizosphere	Root-adjacent	46.24282409
2	53	908.1610059	Rhizosphere	Root-adjacent	33.99932776
2	54	930.6086647	Rhizosphere	Root-adjacent	41.27262265
2	55	934.3252667	Rhizosphere	Root-adjacent	42.08542805
2	56	955.2931882	Rhizosphere	Root-adjacent	36.78697722
2	57	973.4827732	Rhizosphere	Root-adjacent	41.59320698
2	58	990.2780369	Rhizosphere	Root-adjacent	43.28118755
2	59	994.506205	Rhizosphere	Root-adjacent	33.42981823
2	60	1005.334166	Rhizosphere	Root-adjacent	39.30256352
3	4	19.5304485	Rhizosphere	Root-adjacent	16.77393849
3	5	31.04949852	Rhizosphere	Root-adjacent	22.98904646
3	6	46.57962419	Rhizosphere	Root-adjacent	20.62261343
3	7	60.66194235	Rhizosphere	Root-adjacent	21.4750237
3	8	76.58614031	Rhizosphere	Root-adjacent	22.67627748
3	9	96.73500037	Rhizosphere	Root-adjacent	20.4192496
3	10	113.2625709	Rhizosphere	Root-adjacent	23.48570044
3	11	131.7186662	Rhizosphere	Root-adjacent	18.7093872
3	12	152.7891493	Rhizosphere	Root-adjacent	20.72560763
3	13	176.2274267	Rhizosphere	Root-adjacent	25.69082452
3	14	201.7547597	Rhizosphere	Root-adjacent	39.40920297
3	15	221.2917862	Rhizosphere	Root-adjacent	31.63772822
3	16	237.3331344	Rhizosphere	Root-adjacent	25.36788023
3	17	258.654176	Rhizosphere	Root-adjacent	26.28656432
3	18	282.3073104	Rhizosphere	Root-adjacent	19.77618985
3	19	303.8129465	Rhizosphere	Root-adjacent	25.57459533
3	20	323.8817721	Rhizosphere	Root-adjacent	20.71732214
3	21	330.9095758	Rhizosphere	Root-adjacent	22.2296294
3	22	348.3295069	Rhizosphere	Root-adjacent	24.09538656
3	23	363.7034797	Rhizosphere	Root-adjacent	21.48454726
3	24	377.6300017	Rhizosphere	Root-adjacent	26.65629458
3	25	383.39667	Rhizosphere	Root-adjacent	28.0243451
3	26	397.301644	Rhizosphere	Root-adjacent	22.68525557
3	27	410.6574455	Rhizosphere	Root-adjacent	30.47898101
3	28	429.4605894	Rhizosphere	Root-adjacent	25.94445712
3	29	449.8406274	Rhizosphere	Root-adjacent	23.67829282
3	30	461.8865721	Rhizosphere	Root-adjacent	28.41559182
3	31	483.6594461	Rhizosphere	Root-adjacent	31.28657353
3	32	504.5918862	Rhizosphere	Root-adjacent	27.61319407
3	33	526.1827887	Rhizosphere	Root-adjacent	30.06543216
3	34	548.4961436	Rhizosphere	Root-adjacent	28.14505277
3	35	571.0638912	Rhizosphere	Root-adjacent	29.66236073
3	36	614.6636024	Rhizosphere	Root-adjacent	37.18982656
3	37	635.832055	Rhizosphere	Root-adjacent	27.88133657
3	38	638.5791672	Rhizosphere	Root-adjacent	27.29834881
3	39	662.9320384	Rhizosphere	Root-adjacent	28.84799502
3	40	687.112147	Rhizosphere	Root-adjacent	26.43332131
3	41	699.294973	Rhizosphere	Root-adjacent	41.32828404
3	42	717.8652031	Rhizosphere	Root-adjacent	27.93809006
3	43	728.3952216	Rhizosphere	Root-adjacent	24.43828558
3	44	747.5090295	Rhizosphere	Root-adjacent	23.77049632
3	45	753.312693	Rhizosphere	Root-adjacent	33.2121257
3	46	773.8178889	Rhizosphere	Root-adjacent	33.51565255
3	47	794.1183585	Rhizosphere	Root-adjacent	27.26072223
3	48	817.8195269	Rhizosphere	Root-adjacent	33.68080342
3	49	839.2372512	Rhizosphere	Root-adjacent	29.19221174
3	50	853.3989402	Rhizosphere	Root-adjacent	24.44263752
3	51	862.8264222	Rhizosphere	Root-adjacent	39.39026697
3	52	882.2727498	Rhizosphere	Root-adjacent	49.47587493
3	53	891.7306307	Rhizosphere	Root-adjacent	30.97313364
3	54	914.1512086	Rhizosphere	Root-adjacent	41.00209033
3	55	917.8908769	Rhizosphere	Root-adjacent	42.26999047
3	56	938.9686929	Rhizosphere	Root-adjacent	37.15082551
3	57	957.2676898	Rhizosphere	Root-adjacent	43.98539954
3	58	974.1527769	Rhizosphere	Root-adjacent	43.96281659
3	59	978.3953824	Rhizosphere	Root-adjacent	32.85025797
3	60	989.1908481	Rhizosphere	Root-adjacent	35.89734817
4	5	11.65887821	Rhizosphere	Root-adjacent	22.35041889
4	6	27.77425278	Rhizosphere	Root-adjacent	20.24033246
4	7	42.13380236	Rhizosphere	Root-adjacent	19.89785782
4	8	58.42971527	Rhizosphere	Root-adjacent	23.5166775
4	9	78.54748239	Rhizosphere	Root-adjacent	18.5379865
4	10	95.10216756	Rhizosphere	Root-adjacent	21.59420639
4	11	113.4927702	Rhizosphere	Root-adjacent	14.56788558
4	12	134.4770813	Rhizosphere	Root-adjacent	18.41261169
4	13	157.7860579	Rhizosphere	Root-adjacent	21.33683533
4	14	183.2279232	Rhizosphere	Root-adjacent	35.11117895
4	15	202.7387605	Rhizosphere	Root-adjacent	28.37200241
4	16	218.7500534	Rhizosphere	Root-adjacent	22.29863664
4	17	240.0612282	Rhizosphere	Root-adjacent	23.75834695
4	18	263.6557029	Rhizosphere	Root-adjacent	19.42669647
4	19	285.0534315	Rhizosphere	Root-adjacent	25.13390965
4	20	305.0774	Rhizosphere	Root-adjacent	19.59357506
4	21	312.0686086	Rhizosphere	Root-adjacent	20.71926089
4	22	329.4098983	Rhizosphere	Root-adjacent	21.96513717
4	23	344.7209102	Rhizosphere	Root-adjacent	18.36217562
4	24	358.6255041	Rhizosphere	Root-adjacent	26.41374885
4	25	364.3980167	Rhizosphere	Root-adjacent	26.53213294
4	26	378.2764414	Rhizosphere	Root-adjacent	21.53959409
4	27	391.5986264	Rhizosphere	Root-adjacent	28.15884545
4	28	410.4024053	Rhizosphere	Root-adjacent	24.06301705
4	29	430.8136326	Rhizosphere	Root-adjacent	22.48553109
4	30	442.8770482	Rhizosphere	Root-adjacent	26.41690435
4	31	464.6709274	Rhizosphere	Root-adjacent	26.2236708
4	32	485.6309864	Rhizosphere	Root-adjacent	26.821693
4	33	507.2588839	Rhizosphere	Root-adjacent	29.10541598
4	34	529.5878432	Rhizosphere	Root-adjacent	26.84534328
4	35	552.1700687	Rhizosphere	Root-adjacent	26.43661038
4	36	595.7965051	Rhizosphere	Root-adjacent	34.74660743
4	37	616.9712507	Rhizosphere	Root-adjacent	26.08932946
4	38	619.7165502	Rhizosphere	Root-adjacent	25.26592954
4	39	644.064327	Rhizosphere	Root-adjacent	26.71823353
4	40	668.2497625	Rhizosphere	Root-adjacent	26.7706047
4	41	680.4568983	Rhizosphere	Root-adjacent	40.54351565
4	42	699.0410547	Rhizosphere	Root-adjacent	25.73456376
4	43	709.575679	Rhizosphere	Root-adjacent	23.70790749
4	44	728.7155019	Rhizosphere	Root-adjacent	25.27252758
4	45	734.53048	Rhizosphere	Root-adjacent	31.76588786
4	46	755.0702605	Rhizosphere	Root-adjacent	32.21529539
4	47	775.4056959	Rhizosphere	Root-adjacent	25.62172668
4	48	799.114215	Rhizosphere	Root-adjacent	31.45511496
4	49	820.4992152	Rhizosphere	Root-adjacent	28.47093748
4	50	834.6268466	Rhizosphere	Root-adjacent	24.5185377
4	51	844.0057008	Rhizosphere	Root-adjacent	39.34032985
4	52	863.446817	Rhizosphere	Root-adjacent	48.74630031
4	53	872.9076266	Rhizosphere	Root-adjacent	30.04582851
4	54	895.3086938	Rhizosphere	Root-adjacent	39.85581852
4	55	899.0640275	Rhizosphere	Root-adjacent	42.70850438
4	56	920.2172685	Rhizosphere	Root-adjacent	35.18665838
4	57	938.5928892	Rhizosphere	Root-adjacent	42.16902861
4	58	955.5417755	Rhizosphere	Root-adjacent	44.10022639
4	59	959.7946442	Rhizosphere	Root-adjacent	30.94087015
4	60	970.5661461	Rhizosphere	Root-adjacent	35.34292367
5	6	16.37101943	Rhizosphere	Root-adjacent	28.15014099
5	7	30.7716123	Rhizosphere	Root-adjacent	28.77233224
5	8	47.18296041	Rhizosphere	Root-adjacent	27.33810605
5	9	67.21821823	Rhizosphere	Root-adjacent	26.79995154
5	10	83.75467116	Rhizosphere	Root-adjacent	27.02866553
5	11	102.0965242	Rhizosphere	Root-adjacent	22.10950699
5	12	123.032847	Rhizosphere	Root-adjacent	23.69403483
5	13	146.2869526	Rhizosphere	Root-adjacent	28.24327692
5	14	171.695417	Rhizosphere	Root-adjacent	42.71607819
5	15	191.1951047	Rhizosphere	Root-adjacent	38.6399604
5	16	207.1956871	Rhizosphere	Root-adjacent	32.10865167
5	17	228.5018061	Rhizosphere	Root-adjacent	34.13423657
5	18	252.0789563	Rhizosphere	Root-adjacent	25.10642782
5	19	273.4499091	Rhizosphere	Root-adjacent	33.89537473
5	20	293.4635646	Rhizosphere	Root-adjacent	24.99188285
5	21	300.4473249	Rhizosphere	Root-adjacent	30.2679176
5	22	317.7743952	Rhizosphere	Root-adjacent	23.05088717
5	23	333.0760374	Rhizosphere	Root-adjacent	22.49587892
5	24	346.9777571	Rhizosphere	Root-adjacent	32.20527692
5	25	352.75091	Rhizosphere	Root-adjacent	34.57490886
5	26	366.626205	Rhizosphere	Root-adjacent	30.93381293
5	27	379.9450767	Rhizosphere	Root-adjacent	37.94228686
5	28	398.7488154	Rhizosphere	Root-adjacent	31.73403737
5	29	419.162866	Rhizosphere	Root-adjacent	28.54732829
5	30	431.2280742	Rhizosphere	Root-adjacent	34.0409622
5	31	453.0242522	Rhizosphere	Root-adjacent	37.85686599
5	32	473.9876753	Rhizosphere	Root-adjacent	29.99155771
5	33	495.6206138	Rhizosphere	Root-adjacent	36.07573395
5	34	517.9517591	Rhizosphere	Root-adjacent	35.06284572
5	35	540.5360778	Rhizosphere	Root-adjacent	34.71480284
5	36	584.1665563	Rhizosphere	Root-adjacent	43.84337
5	37	605.3422171	Rhizosphere	Root-adjacent	34.13653635
5	38	608.0871942	Rhizosphere	Root-adjacent	33.15977271
5	39	632.4339752	Rhizosphere	Root-adjacent	34.83170138
5	40	656.6201604	Rhizosphere	Root-adjacent	30.59669588
5	41	668.8313814	Rhizosphere	Root-adjacent	45.58700867
5	42	687.4178959	Rhizosphere	Root-adjacent	33.32054922
5	43	697.9532882	Rhizosphere	Root-adjacent	30.33490861
5	44	717.0977949	Rhizosphere	Root-adjacent	29.55342952
5	45	722.9148856	Rhizosphere	Root-adjacent	37.11385322
5	46	743.4613272	Rhizosphere	Root-adjacent	39.2730016
5	47	763.8038188	Rhizosphere	Root-adjacent	28.59635945
5	48	787.513737	Rhizosphere	Root-adjacent	33.22112131
5	49	808.8918398	Rhizosphere	Root-adjacent	29.71856335
5	50	823.012669	Rhizosphere	Root-adjacent	29.27624707
5	51	832.3824689	Rhizosphere	Root-adjacent	42.46069419
5	52	851.8225901	Rhizosphere	Root-adjacent	51.95547246
5	53	861.2838813	Rhizosphere	Root-adjacent	33.31199464
5	54	883.6814897	Rhizosphere	Root-adjacent	43.48634018
5	55	887.4395145	Rhizosphere	Root-adjacent	45.05941087
5	56	908.6067493	Rhizosphere	Root-adjacent	38.21887867
5	57	926.9981896	Rhizosphere	Root-adjacent	46.56449938
5	58	943.9613111	Rhizosphere	Root-adjacent	45.74794968
5	59	948.2165446	Rhizosphere	Root-adjacent	33.88905312
5	60	958.9824526	Rhizosphere	Root-adjacent	37.85458156
6	7	14.40201774	Rhizosphere	Root-adjacent	23.5187819
6	8	30.81871732	Rhizosphere	Root-adjacent	29.2859165
6	9	50.85004518	Rhizosphere	Root-adjacent	24.8646176
6	10	67.39114702	Rhizosphere	Root-adjacent	27.21793618
6	11	85.74973311	Rhizosphere	Root-adjacent	22.94001518
6	12	106.7124109	Rhizosphere	Root-adjacent	28.55520826
6	13	130.0118156	Rhizosphere	Root-adjacent	26.3713484
6	14	155.458797	Rhizosphere	Root-adjacent	36.56558528
6	15	174.9735488	Rhizosphere	Root-adjacent	29.18379427
6	16	190.990049	Rhizosphere	Root-adjacent	23.9235113
6	17	212.3038808	Rhizosphere	Root-adjacent	26.82116052
6	18	235.9117692	Rhizosphere	Root-adjacent	22.74263988
6	19	257.3438444	Rhizosphere	Root-adjacent	27.85889515
6	20	277.3869462	Rhizosphere	Root-adjacent	25.63108526
6	21	284.3955458	Rhizosphere	Root-adjacent	25.23524798
6	22	301.7814884	Rhizosphere	Root-adjacent	30.11182737
6	23	317.136322	Rhizosphere	Root-adjacent	23.6903062
6	24	331.058186	Rhizosphere	Root-adjacent	32.7141889
6	25	336.8261173	Rhizosphere	Root-adjacent	26.02818619
6	26	350.7264202	Rhizosphere	Root-adjacent	25.83974634
6	27	364.0786263	Rhizosphere	Root-adjacent	29.53842118
6	28	382.8818788	Rhizosphere	Root-adjacent	26.28059891
6	29	403.2655168	Rhizosphere	Root-adjacent	27.34739243
6	30	415.3145764	Rhizosphere	Root-adjacent	30.39325285
6	31	437.092221	Rhizosphere	Root-adjacent	28.04405468
6	32	458.0323654	Rhizosphere	Root-adjacent	31.47967926
6	33	479.6359517	Rhizosphere	Root-adjacent	33.1805652
6	34	501.9555604	Rhizosphere	Root-adjacent	29.29041338
6	35	524.5295091	Rhizosphere	Root-adjacent	24.89041046
6	36	568.1415922	Rhizosphere	Root-adjacent	32.15121015
6	37	589.3132122	Rhizosphere	Root-adjacent	26.06445291
6	38	592.0594791	Rhizosphere	Root-adjacent	29.1259794
6	39	616.4101268	Rhizosphere	Root-adjacent	28.43079573
6	40	640.5929343	Rhizosphere	Root-adjacent	31.92386327
6	41	652.7879207	Rhizosphere	Root-adjacent	39.09350724
6	42	671.3655891	Rhizosphere	Root-adjacent	27.35713932
6	43	681.8981568	Rhizosphere	Root-adjacent	26.10057584
6	44	701.0266436	Rhizosphere	Root-adjacent	28.04877928
6	45	706.836958	Rhizosphere	Root-adjacent	29.79207291
6	46	727.3635114	Rhizosphere	Root-adjacent	25.85656491
6	47	747.6870376	Rhizosphere	Root-adjacent	29.31772668
6	48	771.3933353	Rhizosphere	Root-adjacent	32.45819771
6	49	792.7893809	Rhizosphere	Root-adjacent	32.7060513
6	50	806.929815	Rhizosphere	Root-adjacent	26.11421794
6	51	816.3294606	Rhizosphere	Root-adjacent	36.11968756
6	52	835.7730777	Rhizosphere	Root-adjacent	44.33323918
6	53	845.2325682	Rhizosphere	Root-adjacent	30.96143551
6	54	867.6430205	Rhizosphere	Root-adjacent	39.74289719
6	55	871.3908674	Rhizosphere	Root-adjacent	40.88515256
6	56	892.5127196	Rhizosphere	Root-adjacent	36.96657151
6	57	910.8634982	Rhizosphere	Root-adjacent	39.77654715
6	58	927.796458	Rhizosphere	Root-adjacent	40.42363239
6	59	932.0471388	Rhizosphere	Root-adjacent	32.98851457
6	60	942.8239719	Rhizosphere	Root-adjacent	37.10323883
7	8	16.45736817	Rhizosphere	Root-adjacent	21.31843716
7	9	36.44807407	Rhizosphere	Root-adjacent	20.44509313
7	10	52.99104173	Rhizosphere	Root-adjacent	20.53688106
7	11	71.3616226	Rhizosphere	Root-adjacent	20.3493117
7	12	92.34571381	Rhizosphere	Root-adjacent	25.68517032
7	13	115.6837296	Rhizosphere	Root-adjacent	23.61893384
7	14	141.1625029	Rhizosphere	Root-adjacent	31.01227681
7	15	160.6883512	Rhizosphere	Root-adjacent	22.97495985
7	16	176.7172658	Rhizosphere	Root-adjacent	21.34735516
7	17	198.0357153	Rhizosphere	Root-adjacent	22.50254852
7	18	221.6685554	Rhizosphere	Root-adjacent	22.911618
7	19	243.1526686	Rhizosphere	Root-adjacent	26.28874526
7	20	263.2198622	Rhizosphere	Root-adjacent	20.00621352
7	21	270.2497653	Rhizosphere	Root-adjacent	18.45855296
7	22	287.6861365	Rhizosphere	Root-adjacent	28.30559379
7	23	303.0865648	Rhizosphere	Root-adjacent	21.70326549
7	24	317.0248081	Rhizosphere	Root-adjacent	22.85808855
7	25	322.7875138	Rhizosphere	Root-adjacent	25.82427663
7	26	336.7085538	Rhizosphere	Root-adjacent	22.85110225
7	27	350.0889148	Rhizosphere	Root-adjacent	29.10366379
7	28	368.8899926	Rhizosphere	Root-adjacent	20.59193201
7	29	389.2453032	Rhizosphere	Root-adjacent	18.10253392
7	30	401.2794177	Rhizosphere	Root-adjacent	22.35387042
7	31	423.0396003	Rhizosphere	Root-adjacent	23.50767787
7	32	443.9585071	Rhizosphere	Root-adjacent	19.11673659
7	33	465.5358978	Rhizosphere	Root-adjacent	20.07487196
7	34	487.8447748	Rhizosphere	Root-adjacent	21.34110124
7	35	510.4091177	Rhizosphere	Root-adjacent	23.39576566
7	36	554.0043594	Rhizosphere	Root-adjacent	32.56649134
7	37	575.1720452	Rhizosphere	Root-adjacent	26.36417236
7	38	577.9193308	Rhizosphere	Root-adjacent	20.57233737
7	39	602.2726655	Rhizosphere	Root-adjacent	21.49653611
7	40	626.452125	Rhizosphere	Root-adjacent	24.31089994
7	41	638.6332984	Rhizosphere	Root-adjacent	34.11053577
7	42	657.203261	Rhizosphere	Root-adjacent	22.31150184
7	43	667.7333024	Rhizosphere	Root-adjacent	18.12526621
7	44	686.8481994	Rhizosphere	Root-adjacent	21.37797089
7	45	692.6528235	Rhizosphere	Root-adjacent	31.39944086
7	46	713.1627068	Rhizosphere	Root-adjacent	35.04547245
7	47	733.4704436	Rhizosphere	Root-adjacent	27.32558858
7	48	757.173538	Rhizosphere	Root-adjacent	30.97434171
7	49	778.5840365	Rhizosphere	Root-adjacent	28.62158611
7	50	792.7404027	Rhizosphere	Root-adjacent	25.1672175
7	51	802.1645251	Rhizosphere	Root-adjacent	37.03080692
7	52	821.6108096	Rhizosphere	Root-adjacent	45.66259735
7	53	831.0687115	Rhizosphere	Root-adjacent	26.65686974
7	54	853.489524	Rhizosphere	Root-adjacent	35.34021057
7	55	857.2289358	Rhizosphere	Root-adjacent	38.837691
7	56	878.3133571	Rhizosphere	Root-adjacent	31.42018735
7	57	896.6309608	Rhizosphere	Root-adjacent	39.19443506
7	58	913.5395556	Rhizosphere	Root-adjacent	40.38942705
7	59	917.7865724	Rhizosphere	Root-adjacent	28.73851481
7	60	928.572091	Rhizosphere	Root-adjacent	31.5089342
8	9	20.15818112	Rhizosphere	Root-adjacent	21.35107591
8	10	36.70864618	Rhizosphere	Root-adjacent	23.92666726
8	11	55.1474326	Rhizosphere	Root-adjacent	18.63853221
8	12	76.20491989	Rhizosphere	Root-adjacent	20.35389634
8	13	99.64859637	Rhizosphere	Root-adjacent	22.32759117
8	14	125.1955214	Rhizosphere	Root-adjacent	41.53690039
8	15	144.7381053	Rhizosphere	Root-adjacent	34.59224512
8	16	160.789244	Rhizosphere	Root-adjacent	27.91302883
8	17	182.1101929	Rhizosphere	Root-adjacent	31.10033917
8	18	205.791042	Rhizosphere	Root-adjacent	25.11811843
8	19	227.3779183	Rhizosphere	Root-adjacent	30.70533672
8	20	247.4876754	Rhizosphere	Root-adjacent	19.49967516
8	21	254.5573416	Rhizosphere	Root-adjacent	23.106146
8	22	272.0848446	Rhizosphere	Root-adjacent	22.71318322
8	23	287.5650233	Rhizosphere	Root-adjacent	23.67724545
8	24	301.5292198	Rhizosphere	Root-adjacent	22.08899689
8	25	307.2811385	Rhizosphere	Root-adjacent	34.19526725
8	26	321.235935	Rhizosphere	Root-adjacent	29.80282111
8	27	334.6628642	Rhizosphere	Root-adjacent	36.90166478
8	28	353.4562271	Rhizosphere	Root-adjacent	26.02353203
8	29	373.7583003	Rhizosphere	Root-adjacent	20.50318425
8	30	385.7642007	Rhizosphere	Root-adjacent	26.69411824
8	31	407.4904425	Rhizosphere	Root-adjacent	34.48547454
8	32	428.3690362	Rhizosphere	Root-adjacent	24.10749715
8	33	449.8971615	Rhizosphere	Root-adjacent	28.99851878
8	34	472.1845979	Rhizosphere	Root-adjacent	30.28149137
8	35	494.729685	Rhizosphere	Root-adjacent	32.58909098
8	36	538.2912235	Rhizosphere	Root-adjacent	42.85505108
8	37	559.450454	Rhizosphere	Root-adjacent	33.12645681
8	38	562.1994474	Rhizosphere	Root-adjacent	27.16269315
8	39	586.5563627	Rhizosphere	Root-adjacent	31.8762268
8	40	610.7285133	Rhizosphere	Root-adjacent	21.98294831
8	41	622.8838384	Rhizosphere	Root-adjacent	44.66127752
8	42	641.4388086	Rhizosphere	Root-adjacent	30.61191354
8	43	651.9637584	Rhizosphere	Root-adjacent	26.65218206
8	44	671.0526799	Rhizosphere	Root-adjacent	25.6593349
8	45	676.8464471	Rhizosphere	Root-adjacent	37.6637591
8	46	697.3241648	Rhizosphere	Root-adjacent	42.28621928
8	47	717.6010413	Rhizosphere	Root-adjacent	26.96641189
8	48	741.2973153	Rhizosphere	Root-adjacent	33.17914089
8	49	762.7350299	Rhizosphere	Root-adjacent	28.7523029
8	50	776.9211543	Rhizosphere	Root-adjacent	26.77332586
8	51	786.3904604	Rhizosphere	Root-adjacent	44.05315291
8	52	805.8411249	Rhizosphere	Root-adjacent	54.06840363
8	53	815.2958741	Rhizosphere	Root-adjacent	32.10667104
8	54	837.7350428	Rhizosphere	Root-adjacent	42.50469164
8	55	841.4589842	Rhizosphere	Root-adjacent	46.56668296
8	56	862.4734449	Rhizosphere	Root-adjacent	37.2204526
8	57	880.7270518	Rhizosphere	Root-adjacent	47.43396545
8	58	897.5870373	Rhizosphere	Root-adjacent	46.99848735
8	59	901.8265832	Rhizosphere	Root-adjacent	35.537204
8	60	912.6294369	Rhizosphere	Root-adjacent	37.04396559
9	10	16.55675659	Rhizosphere	Root-adjacent	16.73165887
9	11	34.98946725	Rhizosphere	Root-adjacent	17.57163826
9	12	56.05474836	Rhizosphere	Root-adjacent	21.48076925
9	13	79.52529688	Rhizosphere	Root-adjacent	24.1102946
9	14	105.092577	Rhizosphere	Root-adjacent	35.40873718
9	15	124.6375666	Rhizosphere	Root-adjacent	30.44417301
9	16	140.6950475	Rhizosphere	Root-adjacent	22.65856074
9	17	162.0135781	Rhizosphere	Root-adjacent	25.80752088
9	18	185.71205	Rhizosphere	Root-adjacent	18.90524518
9	19	207.3457709	Rhizosphere	Root-adjacent	24.21366313
9	20	227.4749768	Rhizosphere	Root-adjacent	19.00218577
9	21	234.5653924	Rhizosphere	Root-adjacent	21.30990754
9	22	252.1429483	Rhizosphere	Root-adjacent	25.15422395
9	23	267.6695894	Rhizosphere	Root-adjacent	19.44408639
9	24	281.6478396	Rhizosphere	Root-adjacent	23.30235631
9	25	287.3919834	Rhizosphere	Root-adjacent	27.71119738
9	26	301.3660741	Rhizosphere	Root-adjacent	20.341913
9	27	314.8211071	Rhizosphere	Root-adjacent	28.16219141
9	28	333.6067764	Rhizosphere	Root-adjacent	22.99308031
9	29	353.8726271	Rhizosphere	Root-adjacent	20.53199402
9	30	365.8599465	Rhizosphere	Root-adjacent	27.84032672
9	31	387.563948	Rhizosphere	Root-adjacent	26.8961929
9	32	408.4176551	Rhizosphere	Root-adjacent	26.71317318
9	33	429.9171127	Rhizosphere	Root-adjacent	26.88550645
9	34	452.1919719	Rhizosphere	Root-adjacent	27.7666467
9	35	474.7260468	Rhizosphere	Root-adjacent	27.3117037
9	36	518.2690731	Rhizosphere	Root-adjacent	35.0101973
9	37	539.4235596	Rhizosphere	Root-adjacent	25.80101268
9	38	542.173313	Rhizosphere	Root-adjacent	25.46580936
9	39	566.5313553	Rhizosphere	Root-adjacent	26.05363848
9	40	590.6993942	Rhizosphere	Root-adjacent	22.37392177
9	41	602.8421969	Rhizosphere	Root-adjacent	42.04574213
9	42	621.3899046	Rhizosphere	Root-adjacent	25.52550276
9	43	631.9123606	Rhizosphere	Root-adjacent	24.48834838
9	44	650.9894641	Rhizosphere	Root-adjacent	22.27482092
9	45	656.778474	Rhizosphere	Root-adjacent	31.86283153
9	46	677.2425854	Rhizosphere	Root-adjacent	35.26668342
9	47	697.5071886	Rhizosphere	Root-adjacent	23.45752139
9	48	721.2006903	Rhizosphere	Root-adjacent	30.57293026
9	49	742.6486246	Rhizosphere	Root-adjacent	26.84601924
9	50	756.846615	Rhizosphere	Root-adjacent	24.71211764
9	51	766.3351992	Rhizosphere	Root-adjacent	38.58076541
9	52	785.7875974	Rhizosphere	Root-adjacent	48.75661537
9	53	795.2408452	Rhizosphere	Root-adjacent	30.51154913
9	54	817.6880149	Rhizosphere	Root-adjacent	40.10657432
9	55	821.4049709	Rhizosphere	Root-adjacent	42.76859652
9	56	842.3898163	Rhizosphere	Root-adjacent	30.81694574
9	57	860.6195665	Rhizosphere	Root-adjacent	41.05579985
9	58	877.4638018	Rhizosphere	Root-adjacent	44.31585111
9	59	881.7011239	Rhizosphere	Root-adjacent	31.05966806
9	60	892.5091404	Rhizosphere	Root-adjacent	33.97661397
10	11	18.46175814	Rhizosphere	Root-adjacent	20.24517858
10	12	39.55561955	Rhizosphere	Root-adjacent	25.10490084
10	13	63.07942486	Rhizosphere	Root-adjacent	26.09070277
10	14	88.67246484	Rhizosphere	Root-adjacent	30.91679056
10	15	108.2151456	Rhizosphere	Root-adjacent	28.36758872
10	16	124.2786383	Rhizosphere	Root-adjacent	21.0631418
10	17	145.5895951	Rhizosphere	Root-adjacent	28.96071509
10	18	169.3099171	Rhizosphere	Root-adjacent	20.06930599
10	19	191.0029171	Rhizosphere	Root-adjacent	27.38398861
10	20	211.1536829	Rhizosphere	Root-adjacent	18.57071507
10	21	218.2686396	Rhizosphere	Root-adjacent	24.14367819
10	22	235.903378	Rhizosphere	Root-adjacent	27.85626082
10	23	251.4813497	Rhizosphere	Root-adjacent	21.38860424
10	24	265.4733279	Rhizosphere	Root-adjacent	23.65361635
10	25	271.2077918	Rhizosphere	Root-adjacent	30.80778862
10	26	285.201587	Rhizosphere	Root-adjacent	23.44375637
10	27	298.685974	Rhizosphere	Root-adjacent	30.73143434
10	28	317.4607192	Rhizosphere	Root-adjacent	21.04802379
10	29	337.684421	Rhizosphere	Root-adjacent	17.5478527
10	30	349.6500672	Rhizosphere	Root-adjacent	28.48009977
10	31	371.3276715	Rhizosphere	Root-adjacent	27.33987064
10	32	392.1522467	Rhizosphere	Root-adjacent	24.45965086
10	33	413.6182697	Rhizosphere	Root-adjacent	23.85554752
10	34	435.8779001	Rhizosphere	Root-adjacent	28.84074647
10	35	458.3986012	Rhizosphere	Root-adjacent	27.18127865
10	36	501.9191106	Rhizosphere	Root-adjacent	33.76617954
10	37	523.0676222	Rhizosphere	Root-adjacent	26.47118095
10	38	525.818195	Rhizosphere	Root-adjacent	25.6328851
10	39	550.1770313	Rhizosphere	Root-adjacent	25.26933855
10	40	574.3398735	Rhizosphere	Root-adjacent	20.85508812
10	41	586.4679423	Rhizosphere	Root-adjacent	37.93016858
10	42	605.0068683	Rhizosphere	Root-adjacent	23.78567935
10	43	615.5262464	Rhizosphere	Root-adjacent	23.90579142
10	44	634.5890997	Rhizosphere	Root-adjacent	21.97592918
10	45	640.3723435	Rhizosphere	Root-adjacent	29.19825752
10	46	660.8197155	Rhizosphere	Root-adjacent	37.61547037
10	47	681.0688789	Rhizosphere	Root-adjacent	24.15041359
10	48	704.758709	Rhizosphere	Root-adjacent	25.7005654
10	49	726.219286	Rhizosphere	Root-adjacent	24.19817427
10	50	740.431664	Rhizosphere	Root-adjacent	26.0189844
10	51	749.9430924	Rhizosphere	Root-adjacent	35.06421629
10	52	769.3973528	Rhizosphere	Root-adjacent	45.18883318
10	53	778.8487669	Rhizosphere	Root-adjacent	26.8937492
10	54	801.3050638	Rhizosphere	Root-adjacent	36.61595012
10	55	805.0138729	Rhizosphere	Root-adjacent	38.23261524
10	56	825.9632639	Rhizosphere	Root-adjacent	27.79957956
10	57	844.1629284	Rhizosphere	Root-adjacent	36.0692452
10	58	860.9859911	Rhizosphere	Root-adjacent	40.21475024
10	59	865.2201912	Rhizosphere	Root-adjacent	28.1775721
10	60	876.0353361	Rhizosphere	Root-adjacent	29.34397482
11	12	21.0993455	Rhizosphere	Root-adjacent	15.25327472
11	13	44.64834541	Rhizosphere	Root-adjacent	19.46678314
11	14	70.25049805	Rhizosphere	Root-adjacent	38.60322392
11	15	89.78736701	Rhizosphere	Root-adjacent	31.68837493
11	16	105.8522078	Rhizosphere	Root-adjacent	23.52200747
11	17	127.1565614	Rhizosphere	Root-adjacent	28.9951854
11	18	150.887582	Rhizosphere	Root-adjacent	20.90579204
11	19	172.6169045	Rhizosphere	Root-adjacent	27.83036748
11	20	192.7807043	Rhizosphere	Root-adjacent	18.5165992
11	21	199.9125832	Rhizosphere	Root-adjacent	22.45894981
11	22	217.5884771	Rhizosphere	Root-adjacent	20.77556385
11	23	233.2050974	Rhizosphere	Root-adjacent	19.60371522
11	24	247.2063785	Rhizosphere	Root-adjacent	25.45096146
11	25	252.9323984	Rhizosphere	Root-adjacent	30.53356993
11	26	266.9404482	Rhizosphere	Root-adjacent	26.02225022
11	27	280.4471703	Rhizosphere	Root-adjacent	32.94230358
11	28	299.2111859	Rhizosphere	Root-adjacent	23.257269
11	29	319.4000064	Rhizosphere	Root-adjacent	21.6800017
11	30	331.3483114	Rhizosphere	Root-adjacent	27.2720676
11	31	353.0051456	Rhizosphere	Root-adjacent	30.31745141
11	32	373.8079715	Rhizosphere	Root-adjacent	26.41334214
11	33	395.2504265	Rhizosphere	Root-adjacent	30.22943632
11	34	417.4995321	Rhizosphere	Root-adjacent	29.31208562
11	35	440.0112847	Rhizosphere	Root-adjacent	29.48249715
11	36	483.5174393	Rhizosphere	Root-adjacent	38.62796409
11	37	504.6622116	Rhizosphere	Root-adjacent	29.10787855
11	38	507.4132304	Rhizosphere	Root-adjacent	26.505922
11	39	531.7722782	Rhizosphere	Root-adjacent	30.02408999
11	40	555.9319124	Rhizosphere	Root-adjacent	23.22430343
11	41	568.0516757	Rhizosphere	Root-adjacent	42.53615121
11	42	586.5857747	Rhizosphere	Root-adjacent	27.66417442
11	43	597.1034788	Rhizosphere	Root-adjacent	25.75776269
11	44	616.1590346	Rhizosphere	Root-adjacent	26.11599327
11	45	621.9394689	Rhizosphere	Root-adjacent	34.29077039
11	46	642.3791554	Rhizosphere	Root-adjacent	36.59724107
11	47	662.6219543	Rhizosphere	Root-adjacent	24.95372886
11	48	686.3103509	Rhizosphere	Root-adjacent	30.48330093
11	49	707.7758275	Rhizosphere	Root-adjacent	28.38631354
11	50	721.9943678	Rhizosphere	Root-adjacent	25.6098142
11	51	731.5166562	Rhizosphere	Root-adjacent	41.45388572
11	52	750.9717855	Rhizosphere	Root-adjacent	51.03579326
11	53	760.4222461	Rhizosphere	Root-adjacent	31.1524642
11	54	782.8831148	Rhizosphere	Root-adjacent	41.33413974
11	55	786.5877597	Rhizosphere	Root-adjacent	44.29704924
11	56	807.5207543	Rhizosphere	Root-adjacent	35.67861663
11	57	825.7093892	Rhizosphere	Root-adjacent	44.45335212
11	58	842.5269716	Rhizosphere	Root-adjacent	45.12248663
11	59	846.7605732	Rhizosphere	Root-adjacent	33.4979646
11	60	857.577162	Rhizosphere	Root-adjacent	36.04839358
12	13	23.57372378	Rhizosphere	Root-adjacent	23.71134868
12	14	49.17576866	Rhizosphere	Root-adjacent	44.59097861
12	15	68.70326354	Rhizosphere	Root-adjacent	37.72973506
12	16	84.76779986	Rhizosphere	Root-adjacent	30.18198112
12	17	106.0659808	Rhizosphere	Root-adjacent	31.04759434
12	18	129.804012	Rhizosphere	Root-adjacent	23.94851839
12	19	151.5636729	Rhizosphere	Root-adjacent	28.77980338
12	20	171.738245	Rhizosphere	Root-adjacent	22.90238692
12	21	178.8858839	Rhizosphere	Root-adjacent	25.30878564
12	22	196.6013741	Rhizosphere	Root-adjacent	20.51058979
12	23	212.2562657	Rhizosphere	Root-adjacent	22.66209066
12	24	226.2655996	Rhizosphere	Root-adjacent	26.44791728
12	25	231.982202	Rhizosphere	Root-adjacent	33.3346785
12	26	246.0035648	Rhizosphere	Root-adjacent	28.15317465
12	27	259.5321269	Rhizosphere	Root-adjacent	36.06790991
12	28	278.2832633	Rhizosphere	Root-adjacent	30.05627972
12	29	298.4354003	Rhizosphere	Root-adjacent	25.35008862
12	30	310.3660334	Rhizosphere	Root-adjacent	29.0553524
12	31	332.0020955	Rhizosphere	Root-adjacent	34.77030368
12	32	352.7842078	Rhizosphere	Root-adjacent	30.14591936
12	33	374.2054435	Rhizosphere	Root-adjacent	34.47768708
12	34	396.4453716	Rhizosphere	Root-adjacent	32.42857183
12	35	418.9496144	Rhizosphere	Root-adjacent	34.66940559
12	36	462.4444123	Rhizosphere	Root-adjacent	44.32895567
12	37	483.58635	Rhizosphere	Root-adjacent	33.44073471
12	38	486.337676	Rhizosphere	Root-adjacent	29.53707661
12	39	510.6967629	Rhizosphere	Root-adjacent	34.72213784
12	40	534.8540249	Rhizosphere	Root-adjacent	26.25026888
12	41	546.9681248	Rhizosphere	Root-adjacent	48.54326183
12	42	565.4991111	Rhizosphere	Root-adjacent	33.0366746
12	43	576.0157715	Rhizosphere	Root-adjacent	30.44879286
12	44	595.0671289	Rhizosphere	Root-adjacent	29.15108281
12	45	600.8460987	Rhizosphere	Root-adjacent	39.86016723
12	46	621.282341	Rhizosphere	Root-adjacent	41.07920244
12	47	641.5231844	Rhizosphere	Root-adjacent	27.59789047
12	48	665.2113038	Rhizosphere	Root-adjacent	35.7354186
12	49	686.6779778	Rhizosphere	Root-adjacent	31.32676582
12	50	700.8988474	Rhizosphere	Root-adjacent	27.92538031
12	51	710.4266153	Rhizosphere	Root-adjacent	46.37925779
12	52	729.8822172	Rhizosphere	Root-adjacent	56.54508734
12	53	739.3321286	Rhizosphere	Root-adjacent	35.71614994
12	54	761.7956291	Rhizosphere	Root-adjacent	46.35196423
12	55	765.497847	Rhizosphere	Root-adjacent	50.11070529
12	56	786.4231867	Rhizosphere	Root-adjacent	39.67169793
12	57	804.6101548	Rhizosphere	Root-adjacent	49.9426258
12	58	821.4303836	Rhizosphere	Root-adjacent	50.69221452
12	59	825.664727	Rhizosphere	Root-adjacent	37.18067943
12	60	836.4797761	Rhizosphere	Root-adjacent	41.16364449
13	14	25.60383688	Rhizosphere	Root-adjacent	37.25844671
13	15	45.13918528	Rhizosphere	Root-adjacent	31.19006304
13	16	61.2039487	Rhizosphere	Root-adjacent	22.86724351
13	17	82.5109066	Rhizosphere	Root-adjacent	32.99059173
13	18	106.239252	Rhizosphere	Root-adjacent	26.62110793
13	19	127.9901649	Rhizosphere	Root-adjacent	32.68444243
13	20	148.1662291	Rhizosphere	Root-adjacent	23.83507726
13	21	155.3182126	Rhizosphere	Root-adjacent	25.5619328
13	22	173.0511979	Rhizosphere	Root-adjacent	25.3634759
13	23	188.7281462	Rhizosphere	Root-adjacent	24.74990866
13	24	202.7417977	Rhizosphere	Root-adjacent	31.34396435
13	25	208.452004	Rhizosphere	Root-adjacent	34.66276996
13	26	222.4811215	Rhizosphere	Root-adjacent	30.7961575
13	27	236.0235043	Rhizosphere	Root-adjacent	34.05418147
13	28	254.7650133	Rhizosphere	Root-adjacent	24.06656326
13	29	274.8941104	Rhizosphere	Root-adjacent	26.44090167
13	30	286.8150883	Rhizosphere	Root-adjacent	33.28301435
13	31	308.4412951	Rhizosphere	Root-adjacent	32.84177361
13	32	329.2157997	Rhizosphere	Root-adjacent	29.49796787
13	33	350.6323627	Rhizosphere	Root-adjacent	33.1541939
13	34	372.8716513	Rhizosphere	Root-adjacent	33.31400898
13	35	395.3762536	Rhizosphere	Root-adjacent	30.21215313
13	36	438.8736979	Rhizosphere	Root-adjacent	37.91687113
13	37	460.0168403	Rhizosphere	Root-adjacent	32.69354317
13	38	462.7680252	Rhizosphere	Root-adjacent	29.1287364
13	39	487.1271059	Rhizosphere	Root-adjacent	31.7616276
13	40	511.2855643	Rhizosphere	Root-adjacent	27.08078428
13	41	523.4035204	Rhizosphere	Root-adjacent	43.90578856
13	42	541.9374599	Rhizosphere	Root-adjacent	30.61811134
13	43	552.4552898	Rhizosphere	Root-adjacent	29.65935901
13	44	571.5126694	Rhizosphere	Root-adjacent	30.53354783
13	45	577.2944588	Rhizosphere	Root-adjacent	34.04067999
13	46	597.7403448	Rhizosphere	Root-adjacent	36.8557392
13	47	617.9922418	Rhizosphere	Root-adjacent	28.4779494
13	48	641.6833976	Rhizosphere	Root-adjacent	32.47877393
13	49	663.1405728	Rhizosphere	Root-adjacent	29.32792391
13	50	677.352428	Rhizosphere	Root-adjacent	28.78425589
13	51	686.8691387	Rhizosphere	Root-adjacent	40.9034047
13	52	706.3240709	Rhizosphere	Root-adjacent	49.78076762
13	53	715.7747561	Rhizosphere	Root-adjacent	30.17747386
13	54	738.2348732	Rhizosphere	Root-adjacent	41.56274067
13	55	741.940175	Rhizosphere	Root-adjacent	45.72272724
13	56	762.8842206	Rhizosphere	Root-adjacent	39.64406041
13	57	781.0957901	Rhizosphere	Root-adjacent	44.48288089
13	58	797.9402441	Rhizosphere	Root-adjacent	45.4353836
13	59	802.1787921	Rhizosphere	Root-adjacent	35.62551017
13	60	812.9844951	Rhizosphere	Root-adjacent	37.94272702
14	15	19.54515106	Rhizosphere	Root-adjacent	24.11933053
14	16	35.60645238	Rhizosphere	Root-adjacent	27.25408081
14	17	56.92163649	Rhizosphere	Root-adjacent	35.10201133
14	18	80.63844165	Rhizosphere	Root-adjacent	35.9652593
14	19	102.3938937	Rhizosphere	Root-adjacent	38.60668661
14	20	122.5763637	Rhizosphere	Root-adjacent	34.65599583
14	21	129.7406527	Rhizosphere	Root-adjacent	34.37747068
14	22	147.5102899	Rhizosphere	Root-adjacent	44.87326469
14	23	163.2264238	Rhizosphere	Root-adjacent	34.74848336
14	24	177.2458716	Rhizosphere	Root-adjacent	38.40558979
14	25	182.944337	Rhizosphere	Root-adjacent	36.64087597
14	26	196.9853434	Rhizosphere	Root-adjacent	32.87119624
14	27	210.5492475	Rhizosphere	Root-adjacent	30.56590434
14	28	229.2733214	Rhizosphere	Root-adjacent	25.85517884
14	29	249.3629124	Rhizosphere	Root-adjacent	32.27643318
14	30	261.2667059	Rhizosphere	Root-adjacent	38.69478861
14	31	282.8743949	Rhizosphere	Root-adjacent	28.36521267
14	32	303.6331517	Rhizosphere	Root-adjacent	33.03413461
14	33	325.0369636	Rhizosphere	Root-adjacent	31.35842676
14	34	347.2720973	Rhizosphere	Root-adjacent	33.39485806
14	35	369.7741882	Rhizosphere	Root-adjacent	27.71712269
14	36	413.2698675	Rhizosphere	Root-adjacent	26.79875533
14	37	434.413075	Rhizosphere	Root-adjacent	33.08789948
14	38	437.1642409	Rhizosphere	Root-adjacent	32.3025129
14	39	461.5233194	Rhizosphere	Root-adjacent	26.96197834
14	40	485.6820033	Rhizosphere	Root-adjacent	38.80711901
14	41	497.8014167	Rhizosphere	Root-adjacent	38.34937542
14	42	516.336895	Rhizosphere	Root-adjacent	30.07418171
14	43	526.8553959	Rhizosphere	Root-adjacent	31.15500747
14	44	545.9166597	Rhizosphere	Root-adjacent	35.29517806
14	45	551.7004412	Rhizosphere	Root-adjacent	33.82177848
14	46	572.1536595	Rhizosphere	Root-adjacent	39.86919705
14	47	592.4146147	Rhizosphere	Root-adjacent	38.71352845
14	48	616.1082664	Rhizosphere	Root-adjacent	36.4586132
14	49	637.5574102	Rhizosphere	Root-adjacent	39.08778542
14	50	651.762109	Rhizosphere	Root-adjacent	38.12613205
14	51	661.2709843	Rhizosphere	Root-adjacent	38.33930293
14	52	680.7254778	Rhizosphere	Root-adjacent	44.56043728
14	53	690.1766452	Rhizosphere	Root-adjacent	32.92945613
14	54	712.634694	Rhizosphere	Root-adjacent	39.88057275
14	55	716.3418551	Rhizosphere	Root-adjacent	40.48946946
14	56	737.2995634	Rhizosphere	Root-adjacent	34.64795479
14	57	755.5319131	Rhizosphere	Root-adjacent	36.79835878
14	58	772.3982249	Rhizosphere	Root-adjacent	40.81290557
14	59	776.6406482	Rhizosphere	Root-adjacent	34.50954057
14	60	787.4376684	Rhizosphere	Root-adjacent	37.52528178
15	16	16.06489404	Rhizosphere	Root-adjacent	20.85098979
15	17	37.37651632	Rhizosphere	Root-adjacent	29.29602185
15	18	61.10097507	Rhizosphere	Root-adjacent	32.86113372
15	19	82.90660122	Rhizosphere	Root-adjacent	34.72068911
15	20	103.1025802	Rhizosphere	Root-adjacent	30.37172139
15	21	110.2920077	Rhizosphere	Root-adjacent	28.22191928
15	22	128.121776	Rhizosphere	Root-adjacent	39.94017752
15	23	143.8926438	Rhizosphere	Root-adjacent	31.84622445
15	24	157.9164333	Rhizosphere	Root-adjacent	33.29881249
15	25	163.5970537	Rhizosphere	Root-adjacent	32.9260481
15	26	177.651596	Rhizosphere	Root-adjacent	29.5683889
15	27	191.2415292	Rhizosphere	Root-adjacent	29.90312368
15	28	209.9394164	Rhizosphere	Root-adjacent	21.7072861
15	29	229.9732096	Rhizosphere	Root-adjacent	27.78221001
15	30	241.8516091	Rhizosphere	Root-adjacent	29.75830512
15	31	263.4302874	Rhizosphere	Root-adjacent	24.81548672
15	32	284.1623924	Rhizosphere	Root-adjacent	27.89386094
15	33	305.5408974	Rhizosphere	Root-adjacent	26.09925214
15	34	327.7654784	Rhizosphere	Root-adjacent	26.29499708
15	35	350.2593633	Rhizosphere	Root-adjacent	19.52516259
15	36	393.7434917	Rhizosphere	Root-adjacent	26.62257622
15	37	414.8839879	Rhizosphere	Root-adjacent	29.01097306
15	38	417.6354341	Rhizosphere	Root-adjacent	26.09524896
15	39	441.9945096	Rhizosphere	Root-adjacent	23.28611408
15	40	466.1510129	Rhizosphere	Root-adjacent	32.70068388
15	41	478.2654973	Rhizosphere	Root-adjacent	32.06124351
15	42	496.7984412	Rhizosphere	Root-adjacent	24.57371913
15	43	507.3161325	Rhizosphere	Root-adjacent	24.91255505
15	44	526.3743547	Rhizosphere	Root-adjacent	29.14371825
15	45	532.1571991	Rhizosphere	Root-adjacent	28.66554617
15	46	552.6087266	Rhizosphere	Root-adjacent	35.32449968
15	47	572.8696386	Rhizosphere	Root-adjacent	34.16410071
15	48	596.5635125	Rhizosphere	Root-adjacent	32.77673399
15	49	618.0122707	Rhizosphere	Root-adjacent	35.24208454
15	50	632.2177612	Rhizosphere	Root-adjacent	30.02862956
15	51	641.7301003	Rhizosphere	Root-adjacent	33.37573808
15	52	661.1849522	Rhizosphere	Root-adjacent	40.30270458
15	53	670.6357288	Rhizosphere	Root-adjacent	29.53828485
15	54	693.0957494	Rhizosphere	Root-adjacent	34.53221386
15	55	696.8011052	Rhizosphere	Root-adjacent	37.3262312
15	56	717.7544846	Rhizosphere	Root-adjacent	36.39951368
15	57	735.9889468	Rhizosphere	Root-adjacent	33.0898559
15	58	752.861267	Rhizosphere	Root-adjacent	35.70780033
15	59	757.1049831	Rhizosphere	Root-adjacent	32.73023144
15	60	767.8991683	Rhizosphere	Root-adjacent	33.06112962
16	17	21.32140276	Rhizosphere	Root-adjacent	27.48795993
16	18	45.03622777	Rhizosphere	Root-adjacent	24.86151608
16	19	66.87406284	Rhizosphere	Root-adjacent	29.52687239
16	20	87.07746779	Rhizosphere	Root-adjacent	23.25401811
16	21	94.28619639	Rhizosphere	Root-adjacent	24.15983575
16	22	112.1627414	Rhizosphere	Root-adjacent	31.12405449
16	23	127.9763012	Rhizosphere	Root-adjacent	25.04184256
16	24	142.0002112	Rhizosphere	Root-adjacent	28.83612293
16	25	147.6647431	Rhizosphere	Root-adjacent	30.61924627
16	26	161.7278262	Rhizosphere	Root-adjacent	26.52071835
16	27	175.3366854	Rhizosphere	Root-adjacent	27.53843617
16	28	194.0108244	Rhizosphere	Root-adjacent	17.35361546
16	29	213.9996514	Rhizosphere	Root-adjacent	22.82911507
16	30	225.8585962	Rhizosphere	Root-adjacent	29.33499209
16	31	247.4159234	Rhizosphere	Root-adjacent	26.05960752
16	32	268.1298734	Rhizosphere	Root-adjacent	26.75643546
16	33	289.4928414	Rhizosphere	Root-adjacent	26.80995004
16	34	311.7115905	Rhizosphere	Root-adjacent	27.23691287
16	35	334.2014027	Rhizosphere	Root-adjacent	22.25821596
16	36	377.6808397	Rhizosphere	Root-adjacent	27.51326671
16	37	398.8204937	Rhizosphere	Root-adjacent	26.11342354
16	38	401.5720171	Rhizosphere	Root-adjacent	26.19142725
16	39	425.9310772	Rhizosphere	Root-adjacent	24.1510705
16	40	450.0870033	Rhizosphere	Root-adjacent	26.70221379
16	41	462.2006689	Rhizosphere	Root-adjacent	38.40396483
16	42	480.7335758	Rhizosphere	Root-adjacent	24.73104936
16	43	491.251342	Rhizosphere	Root-adjacent	23.68078753
16	44	510.3104939	Rhizosphere	Root-adjacent	26.62313478
16	45	516.0940025	Rhizosphere	Root-adjacent	29.31713428
16	46	536.5484947	Rhizosphere	Root-adjacent	33.02371136
16	47	556.8136615	Rhizosphere	Root-adjacent	28.85789304
16	48	580.5087441	Rhizosphere	Root-adjacent	29.01074185
16	49	601.9535871	Rhizosphere	Root-adjacent	30.01666898
16	50	616.1559503	Rhizosphere	Root-adjacent	27.0849369
16	51	625.6656495	Rhizosphere	Root-adjacent	36.52617573
16	52	645.120403	Rhizosphere	Root-adjacent	44.78583744
16	53	654.5712889	Rhizosphere	Root-adjacent	28.92652587
16	54	677.030929	Rhizosphere	Root-adjacent	38.83318159
16	55	680.7366174	Rhizosphere	Root-adjacent	39.33723662
16	56	701.6950556	Rhizosphere	Root-adjacent	33.99329415
16	57	719.939729	Rhizosphere	Root-adjacent	37.18824173
16	58	736.8238573	Rhizosphere	Root-adjacent	40.91404993
16	59	741.0697251	Rhizosphere	Root-adjacent	32.30167249
16	60	751.8590537	Rhizosphere	Root-adjacent	33.19275432
17	18	23.76779835	Rhizosphere	Root-adjacent	25.76557892
17	19	45.76577938	Rhizosphere	Root-adjacent	20.87388202
17	20	65.96838151	Rhizosphere	Root-adjacent	26.40982222
17	21	73.23009362	Rhizosphere	Root-adjacent	21.29258925
17	22	91.2156432	Rhizosphere	Root-adjacent	32.66088496
17	23	107.117062	Rhizosphere	Root-adjacent	24.85606966
17	24	121.1286717	Rhizosphere	Root-adjacent	24.92462594
17	25	126.7523098	Rhizosphere	Root-adjacent	19.06213709
17	26	140.8260827	Rhizosphere	Root-adjacent	20.84761727
17	27	154.4689877	Rhizosphere	Root-adjacent	24.19722888
17	28	173.0839103	Rhizosphere	Root-adjacent	28.67272442
17	29	192.9686095	Rhizosphere	Root-adjacent	25.83724862
17	30	204.7812189	Rhizosphere	Root-adjacent	23.23485386
17	31	226.2855399	Rhizosphere	Root-adjacent	20.9287635
17	32	246.9524671	Rhizosphere	Root-adjacent	25.794783
17	33	268.2714178	Rhizosphere	Root-adjacent	24.58331672
17	34	290.4711968	Rhizosphere	Root-adjacent	18.113636
17	35	312.9462296	Rhizosphere	Root-adjacent	24.54587118
17	36	356.4046432	Rhizosphere	Root-adjacent	30.89749395
17	37	377.5391816	Rhizosphere	Root-adjacent	21.05874596
17	38	380.2911808	Rhizosphere	Root-adjacent	21.36917135
17	39	404.649993	Rhizosphere	Root-adjacent	21.51237168
17	40	428.801804	Rhizosphere	Root-adjacent	31.78561666
17	41	440.9062219	Rhizosphere	Root-adjacent	42.08826821
17	42	459.4340494	Rhizosphere	Root-adjacent	26.42021966
17	43	469.9501218	Rhizosphere	Root-adjacent	20.43256017
17	44	489.0024773	Rhizosphere	Root-adjacent	26.49829975
17	45	494.7835949	Rhizosphere	Root-adjacent	34.17549948
17	46	515.2323472	Rhizosphere	Root-adjacent	30.83636239
17	47	535.4939661	Rhizosphere	Root-adjacent	32.54064962
17	48	559.1884958	Rhizosphere	Root-adjacent	37.88902567
17	49	580.635778	Rhizosphere	Root-adjacent	35.6699982
17	50	594.8422213	Rhizosphere	Root-adjacent	26.54441143
17	51	604.360761	Rhizosphere	Root-adjacent	41.2156577
17	52	623.8162652	Rhizosphere	Root-adjacent	50.18004644
17	53	633.2662996	Rhizosphere	Root-adjacent	33.20911101
17	54	655.730012	Rhizosphere	Root-adjacent	43.67651463
17	55	659.4319622	Rhizosphere	Root-adjacent	44.21455213
17	56	680.3779745	Rhizosphere	Root-adjacent	35.61418193
17	57	698.6183522	Rhizosphere	Root-adjacent	43.84636001
17	58	715.5042898	Rhizosphere	Root-adjacent	46.97108475
17	59	719.7508575	Rhizosphere	Root-adjacent	34.81031959
17	60	730.5387332	Rhizosphere	Root-adjacent	38.14561932
18	19	22.13347105	Rhizosphere	Root-adjacent	23.10564179
18	20	42.27973041	Rhizosphere	Root-adjacent	17.68673136
18	21	49.58116088	Rhizosphere	Root-adjacent	22.7989072
18	22	67.64619626	Rhizosphere	Root-adjacent	24.61055779
18	23	83.61130571	Rhizosphere	Root-adjacent	19.82650448
18	24	97.59484193	Rhizosphere	Root-adjacent	25.40208291
18	25	103.1770397	Rhizosphere	Root-adjacent	26.6157934
18	26	117.2504944	Rhizosphere	Root-adjacent	19.68904569
18	27	130.914195	Rhizosphere	Root-adjacent	27.67575519
18	28	149.4736504	Rhizosphere	Root-adjacent	25.2376945
18	29	169.2810557	Rhizosphere	Root-adjacent	21.87494131
18	30	181.065078	Rhizosphere	Root-adjacent	27.75898716
18	31	202.5422999	Rhizosphere	Root-adjacent	28.34058637
18	32	223.1923002	Rhizosphere	Root-adjacent	27.84058234
18	33	244.5037838	Rhizosphere	Root-adjacent	28.22712879
18	34	266.7039902	Rhizosphere	Root-adjacent	28.04388321
18	35	289.1815696	Rhizosphere	Root-adjacent	28.45594556
18	36	332.6483428	Rhizosphere	Root-adjacent	34.92588536
18	37	353.786094	Rhizosphere	Root-adjacent	24.46286277
18	38	356.5377762	Rhizosphere	Root-adjacent	27.37110811
18	39	380.896783	Rhizosphere	Root-adjacent	25.64197313
18	40	405.0515886	Rhizosphere	Root-adjacent	24.25933282
18	41	417.164548	Rhizosphere	Root-adjacent	40.74945733
18	42	435.6985304	Rhizosphere	Root-adjacent	25.67069706
18	43	446.2169592	Rhizosphere	Root-adjacent	24.19574531
18	44	465.2809878	Rhizosphere	Root-adjacent	21.59028142
18	45	471.0673881	Rhizosphere	Root-adjacent	29.81566338
18	46	491.533554	Rhizosphere	Root-adjacent	32.41038124
18	47	511.8142646	Rhizosphere	Root-adjacent	23.6845961
18	48	535.513492	Rhizosphere	Root-adjacent	28.81865809
18	49	556.9441093	Rhizosphere	Root-adjacent	24.36468797
18	50	571.1346926	Rhizosphere	Root-adjacent	24.04119834
18	51	580.6332141	Rhizosphere	Root-adjacent	36.58715969
18	52	600.0874389	Rhizosphere	Root-adjacent	47.54122215
18	53	609.5388942	Rhizosphere	Root-adjacent	29.0415441
18	54	631.9962614	Rhizosphere	Root-adjacent	39.975876
18	55	635.7039633	Rhizosphere	Root-adjacent	39.59207013
18	56	656.6824898	Rhizosphere	Root-adjacent	31.25698037
18	57	674.9626991	Rhizosphere	Root-adjacent	39.51239561
18	58	691.8861838	Rhizosphere	Root-adjacent	42.69430979
18	59	696.1391053	Rhizosphere	Root-adjacent	29.86381317
18	60	706.9122659	Rhizosphere	Root-adjacent	32.46580332
19	20	20.20844576	Rhizosphere	Root-adjacent	24.5290634
19	21	27.46832496	Rhizosphere	Root-adjacent	22.64169455
19	22	45.5129338	Rhizosphere	Root-adjacent	30.90296539
19	23	61.48103047	Rhizosphere	Root-adjacent	24.87764381
19	24	75.46147903	Rhizosphere	Root-adjacent	25.04558223
19	25	81.04579025	Rhizosphere	Root-adjacent	20.63279074
19	26	95.11979975	Rhizosphere	Root-adjacent	18.1022836
19	27	108.7816193	Rhizosphere	Root-adjacent	23.30737387
19	28	127.351714	Rhizosphere	Root-adjacent	29.41452744
19	29	147.2030679	Rhizosphere	Root-adjacent	25.80403402
19	30	159.0197953	Rhizosphere	Root-adjacent	25.19532273
19	31	180.5475867	Rhizosphere	Root-adjacent	25.70612104
19	32	201.2570705	Rhizosphere	Root-adjacent	29.40444177
19	33	222.6430897	Rhizosphere	Root-adjacent	29.59334015
19	34	244.8831181	Rhizosphere	Root-adjacent	24.15116368
19	35	267.3962597	Rhizosphere	Root-adjacent	28.91699423
19	36	310.9235895	Rhizosphere	Root-adjacent	33.44280625
19	37	332.0779197	Rhizosphere	Root-adjacent	20.92920763
19	38	334.827594	Rhizosphere	Root-adjacent	24.19837841
19	39	359.1855881	Rhizosphere	Root-adjacent	23.2074551
19	40	383.3542966	Rhizosphere	Root-adjacent	28.50306296
19	41	395.5060954	Rhizosphere	Root-adjacent	46.35890497
19	42	414.0641371	Rhizosphere	Root-adjacent	28.13188604
19	43	424.5910155	Rhizosphere	Root-adjacent	24.16672098
19	44	443.6962561	Rhizosphere	Root-adjacent	25.47304275
19	45	449.5001766	Rhizosphere	Root-adjacent	35.14274639
19	46	470.01979	Rhizosphere	Root-adjacent	31.94423067
19	47	490.3539137	Rhizosphere	Root-adjacent	30.96124417
19	48	514.0641989	Rhizosphere	Root-adjacent	38.93969314
19	49	535.4467605	Rhizosphere	Root-adjacent	35.1507079
19	50	549.5890243	Rhizosphere	Root-adjacent	27.2311606
19	51	559.0204386	Rhizosphere	Root-adjacent	42.28083842
19	52	578.4692106	Rhizosphere	Root-adjacent	52.31294303
19	53	587.9253914	Rhizosphere	Root-adjacent	36.09696769
19	54	610.3585523	Rhizosphere	Root-adjacent	47.40248295
19	55	614.0873213	Rhizosphere	Root-adjacent	48.80175534
19	56	635.1688777	Rhizosphere	Root-adjacent	36.93436345
19	57	653.5554774	Rhizosphere	Root-adjacent	47.0531722
19	58	670.5684685	Rhizosphere	Root-adjacent	49.73255176
19	59	674.8357361	Rhizosphere	Root-adjacent	37.89496448
19	60	685.5743006	Rhizosphere	Root-adjacent	41.76941408
20	21	7.356676835	Rhizosphere	Root-adjacent	19.30504829
20	22	25.4972373	Rhizosphere	Root-adjacent	24.25280366
20	23	41.51941542	Rhizosphere	Root-adjacent	18.30153586
20	24	55.42591854	Rhizosphere	Root-adjacent	21.06174044
20	25	60.9524091	Rhizosphere	Root-adjacent	28.22881947
20	26	75.0172978	Rhizosphere	Root-adjacent	22.08256622
20	27	88.6937671	Rhizosphere	Root-adjacent	28.77576267
20	28	107.2081735	Rhizosphere	Root-adjacent	21.08577112
20	29	127.0070409	Rhizosphere	Root-adjacent	19.15371058
20	30	138.8133717	Rhizosphere	Root-adjacent	25.06047758
20	31	160.3403175	Rhizosphere	Root-adjacent	28.12965438
20	32	181.060541	Rhizosphere	Root-adjacent	24.16446485
20	33	202.4697775	Rhizosphere	Root-adjacent	25.28511357
20	34	224.7243118	Rhizosphere	Root-adjacent	26.23856837
20	35	247.2513278	Rhizosphere	Root-adjacent	28.56543818
20	36	290.8038672	Rhizosphere	Root-adjacent	34.76925859
20	37	311.9649207	Rhizosphere	Root-adjacent	24.41532545
20	38	314.7134709	Rhizosphere	Root-adjacent	24.45600604
20	39	339.0697288	Rhizosphere	Root-adjacent	24.35121204
20	40	363.243983	Rhizosphere	Root-adjacent	20.97418378
20	41	375.4142974	Rhizosphere	Root-adjacent	41.20519988
20	42	393.9836409	Rhizosphere	Root-adjacent	24.90132875
20	43	404.5143615	Rhizosphere	Root-adjacent	21.83384914
20	44	423.6402276	Rhizosphere	Root-adjacent	22.08043637
20	45	429.4532178	Rhizosphere	Root-adjacent	32.14212497
20	46	450.0010086	Rhizosphere	Root-adjacent	35.93301108
20	47	470.3641671	Rhizosphere	Root-adjacent	25.02885694
20	48	494.0795728	Rhizosphere	Root-adjacent	30.75597638
20	49	515.434137	Rhizosphere	Root-adjacent	26.69689814
20	50	529.5495805	Rhizosphere	Root-adjacent	25.58716079
20	51	538.9458047	Rhizosphere	Root-adjacent	39.7496014
20	52	558.3913387	Rhizosphere	Root-adjacent	50.27473813
20	53	567.8496608	Rhizosphere	Root-adjacent	29.06649618
20	54	590.2703266	Rhizosphere	Root-adjacent	40.46176655
20	55	594.0094235	Rhizosphere	Root-adjacent	42.51301895
20	56	615.144083	Rhizosphere	Root-adjacent	31.83780873
20	57	633.5893985	Rhizosphere	Root-adjacent	41.82122631
20	58	650.6540945	Rhizosphere	Root-adjacent	44.56496779
20	59	654.9297644	Rhizosphere	Root-adjacent	31.01516418
20	60	665.6474156	Rhizosphere	Root-adjacent	33.53053328
21	22	18.14066939	Rhizosphere	Root-adjacent	27.42477066
21	23	34.16274393	Rhizosphere	Root-adjacent	20.4198816
21	24	48.07495776	Rhizosphere	Root-adjacent	20.31359314
21	25	53.61416869	Rhizosphere	Root-adjacent	24.77603113
21	26	67.68304792	Rhizosphere	Root-adjacent	21.43905051
21	27	81.35589222	Rhizosphere	Root-adjacent	26.74174014
21	28	99.89269184	Rhizosphere	Root-adjacent	22.44497241
21	29	119.7401687	Rhizosphere	Root-adjacent	20.74122178
21	30	131.5745316	Rhizosphere	Root-adjacent	22.11356957
21	31	153.1388376	Rhizosphere	Root-adjacent	25.93867224
21	32	173.8983892	Rhizosphere	Root-adjacent	22.61438122
21	33	195.3529779	Rhizosphere	Root-adjacent	24.8570028
21	34	217.6285404	Rhizosphere	Root-adjacent	21.31591417
21	35	240.1733634	Rhizosphere	Root-adjacent	26.16758454
21	36	283.754709	Rhizosphere	Root-adjacent	33.19024496
21	37	304.9224793	Rhizosphere	Root-adjacent	25.63165406
21	38	307.6696336	Rhizosphere	Root-adjacent	21.28836454
21	39	332.0229355	Rhizosphere	Root-adjacent	23.84334911
21	40	356.2025714	Rhizosphere	Root-adjacent	25.09424259
21	41	368.3924454	Rhizosphere	Root-adjacent	39.58360233
21	42	386.9728331	Rhizosphere	Root-adjacent	26.13933621
21	43	397.507101	Rhizosphere	Root-adjacent	19.15550159
21	44	416.6526059	Rhizosphere	Root-adjacent	22.53805499
21	45	422.4740307	Rhizosphere	Root-adjacent	34.16704034
21	46	443.0470362	Rhizosphere	Root-adjacent	34.43062899
21	47	463.4349966	Rhizosphere	Root-adjacent	28.62823757
21	48	487.1540839	Rhizosphere	Root-adjacent	34.67949859
21	49	508.4838741	Rhizosphere	Root-adjacent	30.07132845
21	50	522.5748634	Rhizosphere	Root-adjacent	26.5560952
21	51	531.9374131	Rhizosphere	Root-adjacent	41.07093621
21	52	551.3794116	Rhizosphere	Root-adjacent	49.8616224
21	53	560.8397054	Rhizosphere	Root-adjacent	30.13077853
21	54	583.2475085	Rhizosphere	Root-adjacent	40.40150955
21	55	586.9969308	Rhizosphere	Root-adjacent	43.15073598
21	56	608.1810841	Rhizosphere	Root-adjacent	33.56021219
21	57	626.6763296	Rhizosphere	Root-adjacent	43.84487376
21	58	643.7821206	Rhizosphere	Root-adjacent	44.31592068
21	59	648.0642406	Rhizosphere	Root-adjacent	31.52787385
21	60	658.7653546	Rhizosphere	Root-adjacent	36.02304581
22	23	16.02324522	Rhizosphere	Root-adjacent	23.25336165
22	24	29.95303377	Rhizosphere	Root-adjacent	29.28500074
22	25	35.53879144	Rhizosphere	Root-adjacent	33.46757857
22	26	49.61345942	Rhizosphere	Root-adjacent	30.44051329
22	27	63.26950442	Rhizosphere	Root-adjacent	37.51823411
22	28	81.86997878	Rhizosphere	Root-adjacent	32.27900519
22	29	101.8544147	Rhizosphere	Root-adjacent	27.63386683
22	30	113.7646878	Rhizosphere	Root-adjacent	31.90146697
22	31	135.4249141	Rhizosphere	Root-adjacent	36.38350579
22	32	156.2846791	Rhizosphere	Root-adjacent	31.48616507
22	33	177.854495	Rhizosphere	Root-adjacent	35.83194463
22	34	200.1779995	Rhizosphere	Root-adjacent	34.65410134
22	35	222.7626294	Rhizosphere	Root-adjacent	35.4469378
22	36	266.4076853	Rhizosphere	Root-adjacent	45.43456817
22	37	287.5880016	Rhizosphere	Root-adjacent	34.75617172
22	38	290.3308907	Rhizosphere	Root-adjacent	32.7144797
22	39	314.6715592	Rhizosphere	Root-adjacent	35.85810612
22	40	338.8609512	Rhizosphere	Root-adjacent	29.23600331
22	41	351.0994143	Rhizosphere	Root-adjacent	49.53756453
22	42	369.7053948	Rhizosphere	Root-adjacent	35.4361394
22	43	380.2472448	Rhizosphere	Root-adjacent	31.20006342
22	44	399.4404906	Rhizosphere	Root-adjacent	30.02503727
22	45	405.282743	Rhizosphere	Root-adjacent	38.66908565
22	46	425.9175413	Rhizosphere	Root-adjacent	40.20468977
22	47	446.3662206	Rhizosphere	Root-adjacent	28.76840321
22	48	470.091819	Rhizosphere	Root-adjacent	34.64246639
22	49	491.3563406	Rhizosphere	Root-adjacent	29.8678588
22	50	505.3839728	Rhizosphere	Root-adjacent	28.91258124
22	51	514.6604659	Rhizosphere	Root-adjacent	45.60895704
22	52	534.0920729	Rhizosphere	Root-adjacent	55.56551283
22	53	543.5566773	Rhizosphere	Root-adjacent	35.0684499
22	54	565.9305761	Rhizosphere	Root-adjacent	47.41662941
22	55	569.7057746	Rhizosphere	Root-adjacent	50.33235995
22	56	591.0132135	Rhizosphere	Root-adjacent	42.28829968
22	57	609.6329084	Rhizosphere	Root-adjacent	49.98071459
22	58	626.8409112	Rhizosphere	Root-adjacent	50.85170627
22	59	631.1389503	Rhizosphere	Root-adjacent	39.05986103
22	60	641.7977181	Rhizosphere	Root-adjacent	39.80037487
23	24	14.02426197	Rhizosphere	Root-adjacent	24.31773112
23	25	19.72731082	Rhizosphere	Root-adjacent	27.18303434
23	26	33.76014568	Rhizosphere	Root-adjacent	21.60222813
23	27	47.36284321	Rhizosphere	Root-adjacent	28.05549762
23	28	66.0488527	Rhizosphere	Root-adjacent	23.52584118
23	29	86.20450441	Rhizosphere	Root-adjacent	22.01354751
23	30	98.19997609	Rhizosphere	Root-adjacent	27.52128209
23	31	119.9560465	Rhizosphere	Root-adjacent	27.43884195
23	32	140.9149807	Rhizosphere	Root-adjacent	25.87638665
23	33	162.59834	Rhizosphere	Root-adjacent	28.21004165
23	34	184.9591113	Rhizosphere	Root-adjacent	26.70330526
23	35	207.5736164	Rhizosphere	Root-adjacent	27.48249808
23	36	251.2660539	Rhizosphere	Root-adjacent	35.05225923
23	37	272.4515915	Rhizosphere	Root-adjacent	25.51921256
23	38	275.1891101	Rhizosphere	Root-adjacent	25.35198891
23	39	299.5092151	Rhizosphere	Root-adjacent	26.25556757
23	40	323.7023078	Rhizosphere	Root-adjacent	24.97658099
23	41	335.9873991	Rhizosphere	Root-adjacent	41.22683801
23	42	354.615092	Rhizosphere	Root-adjacent	25.8244371
23	43	365.1623439	Rhizosphere	Root-adjacent	23.0995783
23	44	384.399737	Rhizosphere	Root-adjacent	23.96876491
23	45	390.2617251	Rhizosphere	Root-adjacent	31.60275177
23	46	410.9543008	Rhizosphere	Root-adjacent	33.50550691
23	47	431.4595654	Rhizosphere	Root-adjacent	23.96178503
23	48	455.1875451	Rhizosphere	Root-adjacent	30.54934935
23	49	476.3844227	Rhizosphere	Root-adjacent	27.64637513
23	50	490.3476901	Rhizosphere	Root-adjacent	24.74217822
23	51	499.5381197	Rhizosphere	Root-adjacent	39.50437553
23	52	518.9574248	Rhizosphere	Root-adjacent	49.25816561
23	53	528.4253417	Rhizosphere	Root-adjacent	27.71047713
23	54	550.7638014	Rhizosphere	Root-adjacent	40.37800701
23	55	554.5640226	Rhizosphere	Root-adjacent	42.26683272
23	56	575.9903526	Rhizosphere	Root-adjacent	31.95925823
23	57	594.7295791	Rhizosphere	Root-adjacent	42.28561162
23	58	612.0350803	Rhizosphere	Root-adjacent	44.21908171
23	59	616.3481064	Rhizosphere	Root-adjacent	29.92274674
23	60	626.9648604	Rhizosphere	Root-adjacent	34.39956231
24	25	5.789641258	Rhizosphere	Root-adjacent	28.72521896
24	26	19.73974489	Rhizosphere	Root-adjacent	25.53787207
24	27	33.34232638	Rhizosphere	Root-adjacent	31.80376175
24	28	52.02753487	Rhizosphere	Root-adjacent	25.93695531
24	29	72.22910039	Rhizosphere	Root-adjacent	20.41920301
24	30	84.25657077	Rhizosphere	Root-adjacent	20.81350684
24	31	106.049207	Rhizosphere	Root-adjacent	29.17688643
24	32	127.0501591	Rhizosphere	Root-adjacent	22.63082686
24	33	148.785954	Rhizosphere	Root-adjacent	23.1776123
24	34	171.1598913	Rhizosphere	Root-adjacent	23.76277865
24	35	193.7846959	Rhizosphere	Root-adjacent	30.7491406
24	36	237.4938884	Rhizosphere	Root-adjacent	38.29509585
24	37	258.678917	Rhizosphere	Root-adjacent	29.08280782
24	38	261.4132067	Rhizosphere	Root-adjacent	23.38950517
24	39	285.7195292	Rhizosphere	Root-adjacent	26.24620034
24	40	309.912029	Rhizosphere	Root-adjacent	21.88110092
24	41	322.2201357	Rhizosphere	Root-adjacent	44.50582026
24	42	340.8575063	Rhizosphere	Root-adjacent	28.95818864
24	43	351.4066866	Rhizosphere	Root-adjacent	21.81536011
24	44	370.6658742	Rhizosphere	Root-adjacent	23.2962614
24	45	376.5379505	Rhizosphere	Root-adjacent	37.35876659
24	46	397.2601738	Rhizosphere	Root-adjacent	41.20356171
24	47	417.7950026	Rhizosphere	Root-adjacent	28.43496598
24	48	441.5225619	Rhizosphere	Root-adjacent	35.61062291
24	49	462.6811622	Rhizosphere	Root-adjacent	30.75027142
24	50	476.6094763	Rhizosphere	Root-adjacent	27.87585542
24	51	485.7552522	Rhizosphere	Root-adjacent	43.54943347
24	52	505.167628	Rhizosphere	Root-adjacent	53.62900022
24	53	514.63685	Rhizosphere	Root-adjacent	33.68861517
24	54	536.9570511	Rhizosphere	Root-adjacent	44.26238251
24	55	540.7694603	Rhizosphere	Root-adjacent	46.24430766
24	56	562.255534	Rhizosphere	Root-adjacent	33.66453551
24	57	581.0577485	Rhizosphere	Root-adjacent	47.41318263
24	58	598.4163248	Rhizosphere	Root-adjacent	48.2012723
24	59	602.7375655	Rhizosphere	Root-adjacent	34.71112902
24	60	613.3304447	Rhizosphere	Root-adjacent	36.7741408
25	26	14.07470999	Rhizosphere	Root-adjacent	20.27087353
25	27	27.74177887	Rhizosphere	Root-adjacent	22.81957636
25	28	46.34610432	Rhizosphere	Root-adjacent	30.24633724
25	29	66.48064532	Rhizosphere	Root-adjacent	29.08264545
25	30	78.49191831	Rhizosphere	Root-adjacent	27.62437633
25	31	100.2736944	Rhizosphere	Root-adjacent	23.28631155
25	32	121.2671303	Rhizosphere	Root-adjacent	30.31121046
25	33	142.9980028	Rhizosphere	Root-adjacent	28.53779244
25	34	165.3713499	Rhizosphere	Root-adjacent	22.52719799
25	35	187.9957967	Rhizosphere	Root-adjacent	27.22041291
25	36	231.7045636	Rhizosphere	Root-adjacent	30.8137026
25	37	252.889632	Rhizosphere	Root-adjacent	21.8332145
25	38	255.6240116	Rhizosphere	Root-adjacent	26.13025505
25	39	279.9308602	Rhizosphere	Root-adjacent	23.11167457
25	40	304.1234213	Rhizosphere	Root-adjacent	33.46935458
25	41	316.4307819	Rhizosphere	Root-adjacent	44.14926329
25	42	335.0679871	Rhizosphere	Root-adjacent	29.10409637
25	43	345.6171455	Rhizosphere	Root-adjacent	24.23816458
25	44	364.876244	Rhizosphere	Root-adjacent	28.4360349
25	45	370.7483971	Rhizosphere	Root-adjacent	35.40911782
25	46	391.4712355	Rhizosphere	Root-adjacent	28.0558167
25	47	412.0071969	Rhizosphere	Root-adjacent	34.91065402
25	48	435.734706	Rhizosphere	Root-adjacent	40.21115438
25	49	456.8919329	Rhizosphere	Root-adjacent	37.92369691
25	50	470.8198356	Rhizosphere	Root-adjacent	30.23571202
25	51	479.9664836	Rhizosphere	Root-adjacent	41.65987612
25	52	499.3791686	Rhizosphere	Root-adjacent	49.83707829
25	53	508.8483357	Rhizosphere	Root-adjacent	37.37445863
25	54	531.1695567	Rhizosphere	Root-adjacent	46.45318711
25	55	534.9812551	Rhizosphere	Root-adjacent	45.95331099
25	56	556.4658931	Rhizosphere	Root-adjacent	37.21172007
25	57	575.2694737	Rhizosphere	Root-adjacent	45.75960263
25	58	592.6309323	Rhizosphere	Root-adjacent	48.38953893
25	59	596.952736	Rhizosphere	Root-adjacent	36.80902915
25	60	607.5440409	Rhizosphere	Root-adjacent	42.16174434
26	27	13.68435934	Rhizosphere	Root-adjacent	18.95790641
26	28	32.28870907	Rhizosphere	Root-adjacent	23.630758
26	29	52.53910385	Rhizosphere	Root-adjacent	22.28509223
26	30	64.61054582	Rhizosphere	Root-adjacent	27.14928155
26	31	86.44827241	Rhizosphere	Root-adjacent	23.48293813
26	32	107.5024146	Rhizosphere	Root-adjacent	28.09691644
26	33	129.3060746	Rhizosphere	Root-adjacent	25.92301986
26	34	151.6903913	Rhizosphere	Root-adjacent	23.15868877
26	35	174.3228512	Rhizosphere	Root-adjacent	24.70223107
26	36	218.0452859	Rhizosphere	Root-adjacent	29.43388702
26	37	239.2259461	Rhizosphere	Root-adjacent	19.11206938
26	38	241.955449	Rhizosphere	Root-adjacent	23.50707802
26	39	266.240076	Rhizosphere	Root-adjacent	20.30509788
26	40	290.4291872	Rhizosphere	Root-adjacent	25.52545816
26	41	302.7663706	Rhizosphere	Root-adjacent	41.20549376
26	42	321.4146855	Rhizosphere	Root-adjacent	24.16282156
26	43	331.9654427	Rhizosphere	Root-adjacent	22.54040611
26	44	351.2515929	Rhizosphere	Root-adjacent	22.66469475
26	45	357.1364409	Rhizosphere	Root-adjacent	30.37061197
26	46	377.8959873	Rhizosphere	Root-adjacent	29.70910525
26	47	398.4681657	Rhizosphere	Root-adjacent	27.80580182
26	48	422.1932665	Rhizosphere	Root-adjacent	33.81981748
26	49	443.300279	Rhizosphere	Root-adjacent	31.00054837
26	50	457.1825834	Rhizosphere	Root-adjacent	25.95558433
26	51	466.2709744	Rhizosphere	Root-adjacent	36.97831078
26	52	485.6738856	Rhizosphere	Root-adjacent	46.74577644
26	53	495.1444193	Rhizosphere	Root-adjacent	31.05988098
26	54	517.441102	Rhizosphere	Root-adjacent	41.38296654
26	55	521.2685874	Rhizosphere	Root-adjacent	42.09211021
26	56	542.8293585	Rhizosphere	Root-adjacent	31.1841263
26	57	561.7116685	Rhizosphere	Root-adjacent	40.65606328
26	58	579.1383657	Rhizosphere	Root-adjacent	44.36197555
26	59	583.4701191	Rhizosphere	Root-adjacent	31.58839582
26	60	594.0314646	Rhizosphere	Root-adjacent	35.98141377
27	28	18.80381481	Rhizosphere	Root-adjacent	24.65943348
27	29	39.32072779	Rhizosphere	Root-adjacent	29.99811297
27	30	51.478743	Rhizosphere	Root-adjacent	32.22839905
27	31	73.36692701	Rhizosphere	Root-adjacent	26.01130428
27	32	94.48901313	Rhizosphere	Root-adjacent	33.38029996
27	33	116.3800589	Rhizosphere	Root-adjacent	31.10656884
27	34	138.759791	Rhizosphere	Root-adjacent	25.60010867
27	35	161.3882894	Rhizosphere	Root-adjacent	24.12253614
27	36	205.1092014	Rhizosphere	Root-adjacent	23.2135905
27	37	226.2764241	Rhizosphere	Root-adjacent	21.69329666
27	38	228.9983361	Rhizosphere	Root-adjacent	27.05278931
27	39	253.2457548	Rhizosphere	Root-adjacent	21.01930102
27	40	277.4249376	Rhizosphere	Root-adjacent	32.81333712
27	41	289.8004178	Rhizosphere	Root-adjacent	45.44060728
27	42	308.4603714	Rhizosphere	Root-adjacent	27.33816743
27	43	319.0115277	Rhizosphere	Root-adjacent	27.02970358
27	44	338.3307478	Rhizosphere	Root-adjacent	28.53657783
27	45	344.2315107	Rhizosphere	Root-adjacent	33.33302048
27	46	365.0362136	Rhizosphere	Root-adjacent	28.83297082
27	47	385.6525365	Rhizosphere	Root-adjacent	34.0117159
27	48	409.3715697	Rhizosphere	Root-adjacent	39.25410245
27	49	430.4115086	Rhizosphere	Root-adjacent	36.8506275
27	50	444.233182	Rhizosphere	Root-adjacent	31.83262214
27	51	453.2440647	Rhizosphere	Root-adjacent	40.84771282
27	52	472.6326402	Rhizosphere	Root-adjacent	49.89441791
27	53	482.1043809	Rhizosphere	Root-adjacent	36.4061339
27	54	504.3670575	Rhizosphere	Root-adjacent	46.46967813
27	55	508.2153702	Rhizosphere	Root-adjacent	46.82225799
27	56	529.8747816	Rhizosphere	Root-adjacent	35.88578795
27	57	548.8569643	Rhizosphere	Root-adjacent	43.44837972
27	58	566.3648653	Rhizosphere	Root-adjacent	47.72744851
27	59	570.7087921	Rhizosphere	Root-adjacent	36.22800547
27	60	581.2319048	Rhizosphere	Root-adjacent	41.50005277
28	29	20.62882801	Rhizosphere	Root-adjacent	20.55752154
28	30	32.81066301	Rhizosphere	Root-adjacent	28.28002657
28	31	54.68846873	Rhizosphere	Root-adjacent	26.8370789
28	32	75.83100059	Rhizosphere	Root-adjacent	24.74662561
28	33	97.76158811	Rhizosphere	Root-adjacent	24.42449239
28	34	120.1246975	Rhizosphere	Root-adjacent	25.31821185
28	35	142.7415154	Rhizosphere	Root-adjacent	21.11040284
28	36	186.4502273	Rhizosphere	Root-adjacent	26.90250372
28	37	207.6063528	Rhizosphere	Root-adjacent	25.80252672
28	38	210.3237653	Rhizosphere	Root-adjacent	24.00678795
28	39	234.5490041	Rhizosphere	Root-adjacent	22.37853448
28	40	258.7211389	Rhizosphere	Root-adjacent	23.48155568
28	41	271.11456	Rhizosphere	Root-adjacent	37.90462437
28	42	289.7789609	Rhizosphere	Root-adjacent	22.64246107
28	43	300.3295486	Rhizosphere	Root-adjacent	22.27464586
28	44	319.6645795	Rhizosphere	Root-adjacent	23.64090787
28	45	325.5734144	Rhizosphere	Root-adjacent	29.88924563
28	46	346.4014955	Rhizosphere	Root-adjacent	34.17102515
28	47	367.0416708	Rhizosphere	Root-adjacent	28.03502939
28	48	390.7556552	Rhizosphere	Root-adjacent	29.12597463
28	49	411.7572246	Rhizosphere	Root-adjacent	29.07504254
28	50	425.5472009	Rhizosphere	Root-adjacent	28.25003777
28	51	434.521897	Rhizosphere	Root-adjacent	36.22209569
28	52	453.9039041	Rhizosphere	Root-adjacent	45.49343709
28	53	463.3759436	Rhizosphere	Root-adjacent	27.72458747
28	54	485.6244802	Rhizosphere	Root-adjacent	37.75543414
28	55	489.4809839	Rhizosphere	Root-adjacent	39.26640533
28	56	511.1837828	Rhizosphere	Root-adjacent	31.00320958
28	57	530.2166598	Rhizosphere	Root-adjacent	37.62760934
28	58	547.7698421	Rhizosphere	Root-adjacent	40.47017975
28	59	552.1207802	Rhizosphere	Root-adjacent	29.9730264
28	60	562.6213381	Rhizosphere	Root-adjacent	33.76649019
29	30	12.18183551	Rhizosphere	Root-adjacent	23.67743342
29	31	34.06441557	Rhizosphere	Root-adjacent	25.92550118
29	32	55.20411382	Rhizosphere	Root-adjacent	18.54559554
29	33	77.13284337	Rhizosphere	Root-adjacent	21.26622168
29	34	99.49643425	Rhizosphere	Root-adjacent	24.30122603
29	35	122.1148248	Rhizosphere	Root-adjacent	24.83028111
29	36	165.8263125	Rhizosphere	Root-adjacent	34.4009905
29	37	186.9854239	Rhizosphere	Root-adjacent	26.30478045
29	38	189.70419	Rhizosphere	Root-adjacent	21.60373771
29	39	213.9382015	Rhizosphere	Root-adjacent	23.13364694
29	40	238.114021	Rhizosphere	Root-adjacent	19.81580473
29	41	250.4994045	Rhizosphere	Root-adjacent	38.05188013
29	42	269.1622821	Rhizosphere	Root-adjacent	24.30478379
29	43	279.7131319	Rhizosphere	Root-adjacent	20.55118593
29	44	299.0433815	Rhizosphere	Root-adjacent	21.28509585
29	45	304.9502939	Rhizosphere	Root-adjacent	31.18218905
29	46	325.7745453	Rhizosphere	Root-adjacent	38.99758552
29	47	346.4130078	Rhizosphere	Root-adjacent	25.85165135
29	48	370.1272242	Rhizosphere	Root-adjacent	28.90580396
29	49	391.1335764	Rhizosphere	Root-adjacent	25.37794144
29	50	404.9327551	Rhizosphere	Root-adjacent	26.25894993
29	51	413.9266114	Rhizosphere	Root-adjacent	37.08286775
29	52	433.3135204	Rhizosphere	Root-adjacent	47.34536444
29	53	442.7853371	Rhizosphere	Root-adjacent	26.80770449
29	54	465.0463313	Rhizosphere	Root-adjacent	37.41586105
29	55	468.895268	Rhizosphere	Root-adjacent	39.6881813
29	56	490.5715443	Rhizosphere	Root-adjacent	29.0765826
29	57	509.5907872	Rhizosphere	Root-adjacent	39.14278768
29	58	527.1410212	Rhizosphere	Root-adjacent	41.1670158
29	59	531.4920703	Rhizosphere	Root-adjacent	28.94756545
29	60	541.9927798	Rhizosphere	Root-adjacent	30.52940979
30	31	21.8894393	Rhizosphere	Root-adjacent	26.04508538
30	32	43.02420842	Rhizosphere	Root-adjacent	21.59965022
30	33	64.95109968	Rhizosphere	Root-adjacent	23.53782504
30	34	87.31501739	Rhizosphere	Root-adjacent	17.57766901
30	35	109.9345525	Rhizosphere	Root-adjacent	27.15878667
30	36	153.6478881	Rhizosphere	Root-adjacent	37.00491906
30	37	174.808991	Rhizosphere	Root-adjacent	27.59039085
30	38	177.5286796	Rhizosphere	Root-adjacent	21.61941595
30	39	201.7685359	Rhizosphere	Root-adjacent	23.96276319
30	40	225.9466442	Rhizosphere	Root-adjacent	26.11216388
30	41	238.3265785	Rhizosphere	Root-adjacent	41.22160574
30	42	256.9883723	Rhizosphere	Root-adjacent	26.59533596
30	43	267.5393584	Rhizosphere	Root-adjacent	21.07698537
30	44	286.8664378	Rhizosphere	Root-adjacent	23.37159688
30	45	292.7720951	Rhizosphere	Root-adjacent	37.32359805
30	46	313.5938715	Rhizosphere	Root-adjacent	38.98436319
30	47	334.2312612	Rhizosphere	Root-adjacent	29.99916853
30	48	357.9456163	Rhizosphere	Root-adjacent	37.50473398
30	49	378.9549602	Rhizosphere	Root-adjacent	34.84016059
30	50	392.7599478	Rhizosphere	Root-adjacent	25.48557593
30	51	401.7659338	Rhizosphere	Root-adjacent	43.82829716
30	52	421.1558702	Rhizosphere	Root-adjacent	53.34064704
30	53	430.6275076	Rhizosphere	Root-adjacent	34.57363092
30	54	452.8962635	Rhizosphere	Root-adjacent	43.48231406
30	55	456.7404187	Rhizosphere	Root-adjacent	47.45028753
30	56	478.3999917	Rhizosphere	Root-adjacent	37.90841418
30	57	497.4107345	Rhizosphere	Root-adjacent	45.60935031
30	58	514.9591947	Rhizosphere	Root-adjacent	47.10959433
30	59	519.3103254	Rhizosphere	Root-adjacent	35.27179784
30	60	529.8110907	Rhizosphere	Root-adjacent	36.70265464
31	32	21.14526099	Rhizosphere	Root-adjacent	27.54327452
31	33	43.09672197	Rhizosphere	Root-adjacent	24.36117469
31	34	65.44149853	Rhizosphere	Root-adjacent	20.78022986
31	35	88.05364232	Rhizosphere	Root-adjacent	22.03187933
31	36	131.7622608	Rhizosphere	Root-adjacent	27.80042286
31	37	152.9210833	Rhizosphere	Root-adjacent	23.00794698
31	38	155.6401539	Rhizosphere	Root-adjacent	22.79353971
31	39	179.8793095	Rhizosphere	Root-adjacent	18.06991592
31	40	204.0580107	Rhizosphere	Root-adjacent	32.05975786
31	41	216.4372106	Rhizosphere	Root-adjacent	39.1836328
31	42	235.099226	Rhizosphere	Root-adjacent	25.37273534
31	43	245.6501785	Rhizosphere	Root-adjacent	22.96844732
31	44	264.9789801	Rhizosphere	Root-adjacent	29.04905096
31	45	270.8860459	Rhizosphere	Root-adjacent	31.83692777
31	46	291.7135194	Rhizosphere	Root-adjacent	31.76470087
31	47	312.3587116	Rhizosphere	Root-adjacent	32.33323293
31	48	336.0709929	Rhizosphere	Root-adjacent	35.80137924
31	49	357.069501	Rhizosphere	Root-adjacent	35.82848389
31	50	370.8705976	Rhizosphere	Root-adjacent	28.76788756
31	51	379.8802303	Rhizosphere	Root-adjacent	38.00477338
31	52	399.272049	Rhizosphere	Root-adjacent	45.59966279
31	53	408.7435495	Rhizosphere	Root-adjacent	31.05176427
31	54	431.0181123	Rhizosphere	Root-adjacent	41.22240502
31	55	434.8585056	Rhizosphere	Root-adjacent	43.93585874
31	56	456.5105532	Rhizosphere	Root-adjacent	36.15124834
31	57	475.5281956	Rhizosphere	Root-adjacent	38.75101647
31	58	493.0909868	Rhizosphere	Root-adjacent	43.91321653
31	59	497.4448182	Rhizosphere	Root-adjacent	34.67825726
31	60	507.9372028	Rhizosphere	Root-adjacent	35.89442764
32	33	21.96478088	Rhizosphere	Root-adjacent	19.83932321
32	34	44.29623773	Rhizosphere	Root-adjacent	21.01906348
32	35	66.91072439	Rhizosphere	Root-adjacent	26.59981365
32	36	110.6242637	Rhizosphere	Root-adjacent	35.53955954
32	37	131.7880123	Rhizosphere	Root-adjacent	29.08092292
32	38	134.50938	Rhizosphere	Root-adjacent	19.37565377
32	39	158.7626213	Rhizosphere	Root-adjacent	23.05841751
32	40	182.9461208	Rhizosphere	Root-adjacent	25.17363503
32	41	195.3121156	Rhizosphere	Root-adjacent	36.31945854
32	42	213.9714168	Rhizosphere	Root-adjacent	25.49928489
32	43	224.5225909	Rhizosphere	Root-adjacent	18.41853368
32	44	243.8441765	Rhizosphere	Root-adjacent	23.56100738
32	45	249.7484614	Rhizosphere	Root-adjacent	34.83754524
32	46	270.5705873	Rhizosphere	Root-adjacent	40.87183742
32	47	291.2135921	Rhizosphere	Root-adjacent	28.39966049
32	48	314.9261652	Rhizosphere	Root-adjacent	32.52466618
32	49	335.930999	Rhizosphere	Root-adjacent	29.67185063
32	50	349.7443961	Rhizosphere	Root-adjacent	27.35727556
32	51	358.7796293	Rhizosphere	Root-adjacent	40.07566034
32	52	378.1775412	Rhizosphere	Root-adjacent	48.96324655
32	53	387.6485278	Rhizosphere	Root-adjacent	27.69181513
32	54	409.9388909	Rhizosphere	Root-adjacent	37.01810288
32	55	413.7693116	Rhizosphere	Root-adjacent	41.19545994
32	56	435.3866547	Rhizosphere	Root-adjacent	32.37538099
32	57	454.3867171	Rhizosphere	Root-adjacent	42.44529775
32	58	471.9457337	Rhizosphere	Root-adjacent	41.5421683
32	59	476.2997013	Rhizosphere	Root-adjacent	30.15229204
32	60	486.7922965	Rhizosphere	Root-adjacent	31.61343562
33	34	22.38560325	Rhizosphere	Root-adjacent	20.34823641
33	35	45.01882392	Rhizosphere	Root-adjacent	25.96752178
33	36	88.74348851	Rhizosphere	Root-adjacent	31.90619088
33	37	109.921295	Rhizosphere	Root-adjacent	25.51093918
33	38	112.6497363	Rhizosphere	Root-adjacent	20.64633262
33	39	136.9383535	Rhizosphere	Root-adjacent	19.67093659
33	40	161.129609	Rhizosphere	Root-adjacent	25.68423865
33	41	173.4605554	Rhizosphere	Root-adjacent	33.55904131
33	42	192.1108406	Rhizosphere	Root-adjacent	23.47384082
33	43	202.6618606	Rhizosphere	Root-adjacent	18.60762548
33	44	221.9615099	Rhizosphere	Root-adjacent	21.85451633
33	45	227.8565009	Rhizosphere	Root-adjacent	31.53940665
33	46	248.6564986	Rhizosphere	Root-adjacent	39.68814662
33	47	269.2828199	Rhizosphere	Root-adjacent	30.66927283
33	48	292.9988465	Rhizosphere	Root-adjacent	33.89705177
33	49	314.0336868	Rhizosphere	Root-adjacent	31.24221761
33	50	327.8818673	Rhizosphere	Root-adjacent	29.14508438
33	51	336.9737314	Rhizosphere	Root-adjacent	36.64118869
33	52	356.3830392	Rhizosphere	Root-adjacent	44.88972223
33	53	365.852629	Rhizosphere	Root-adjacent	28.97417271
33	54	388.1722855	Rhizosphere	Root-adjacent	36.23397664
33	55	391.983748	Rhizosphere	Root-adjacent	38.70884963
33	56	413.5278383	Rhizosphere	Root-adjacent	30.83774093
33	57	432.4769771	Rhizosphere	Root-adjacent	37.99266067
33	58	450.0084289	Rhizosphere	Root-adjacent	40.5571378
33	59	454.3592297	Rhizosphere	Root-adjacent	31.26867219
33	60	464.8631161	Rhizosphere	Root-adjacent	30.67139363
34	35	22.63322713	Rhizosphere	Root-adjacent	21.96052606
34	36	66.35790463	Rhizosphere	Root-adjacent	30.02109056
34	37	87.53600085	Rhizosphere	Root-adjacent	23.12676051
34	38	90.26505968	Rhizosphere	Root-adjacent	18.25162854
34	39	114.5598601	Rhizosphere	Root-adjacent	18.41069339
34	40	138.752175	Rhizosphere	Root-adjacent	28.80483193
34	41	151.0759851	Rhizosphere	Root-adjacent	38.68917123
34	42	169.7254417	Rhizosphere	Root-adjacent	24.84181349
34	43	180.2764264	Rhizosphere	Root-adjacent	17.90674173
34	44	199.5767381	Rhizosphere	Root-adjacent	23.35362923
34	45	205.4731798	Rhizosphere	Root-adjacent	34.3152286
34	46	226.2805066	Rhizosphere	Root-adjacent	33.53107985
34	47	246.9176977	Rhizosphere	Root-adjacent	31.32932243
34	48	270.6309996	Rhizosphere	Root-adjacent	37.57570561
34	49	291.6518806	Rhizosphere	Root-adjacent	35.98426192
34	50	305.4962729	Rhizosphere	Root-adjacent	26.69381974
34	51	314.5958386	Rhizosphere	Root-adjacent	40.06593148
34	52	334.0078487	Rhizosphere	Root-adjacent	48.95564991
34	53	343.4769858	Rhizosphere	Root-adjacent	32.35713302
34	54	365.8050523	Rhizosphere	Root-adjacent	41.1146753
34	55	369.6106912	Rhizosphere	Root-adjacent	44.50991288
34	56	391.1422822	Rhizosphere	Root-adjacent	36.51478777
34	57	410.099513	Rhizosphere	Root-adjacent	42.8443957
34	58	427.6495226	Rhizosphere	Root-adjacent	44.3936215
34	59	432.0038419	Rhizosphere	Root-adjacent	34.57225824
34	60	442.4968652	Rhizosphere	Root-adjacent	35.87068046
35	36	43.72479292	Rhizosphere	Root-adjacent	24.17018102
35	37	64.90312801	Rhizosphere	Root-adjacent	23.06659916
35	38	67.63308145	Rhizosphere	Root-adjacent	23.53731135
35	39	91.93652465	Rhizosphere	Root-adjacent	20.46868851
35	40	116.129581	Rhizosphere	Root-adjacent	29.62357292
35	41	128.4438902	Rhizosphere	Root-adjacent	36.02876366
35	42	147.0923722	Rhizosphere	Root-adjacent	23.43251019
35	43	157.6433196	Rhizosphere	Root-adjacent	22.05745147
35	44	176.9448287	Rhizosphere	Root-adjacent	25.17753469
35	45	182.8432525	Rhizosphere	Root-adjacent	25.15287445
35	46	203.6599865	Rhizosphere	Root-adjacent	28.67276503
35	47	224.3105385	Rhizosphere	Root-adjacent	28.62108472
35	48	248.0200929	Rhizosphere	Root-adjacent	30.49402157
35	49	269.0236515	Rhizosphere	Root-adjacent	31.91004481
35	50	282.8630461	Rhizosphere	Root-adjacent	25.190815
35	51	291.9709135	Rhizosphere	Root-adjacent	30.9031471
35	52	311.3858658	Rhizosphere	Root-adjacent	39.48997481
35	53	320.8544563	Rhizosphere	Root-adjacent	26.65653919
35	54	343.1917695	Rhizosphere	Root-adjacent	35.82417613
35	55	346.9909181	Rhizosphere	Root-adjacent	39.00416186
35	56	368.509068	Rhizosphere	Root-adjacent	33.15882649
35	57	387.4761952	Rhizosphere	Root-adjacent	33.61266697
35	58	405.0475818	Rhizosphere	Root-adjacent	36.54215505
35	59	409.4058979	Rhizosphere	Root-adjacent	30.30438134
35	60	419.8864039	Rhizosphere	Root-adjacent	32.28152006
36	37	21.18562561	Rhizosphere	Root-adjacent	26.35089378
36	38	23.9242556	Rhizosphere	Root-adjacent	30.94528734
36	39	48.26857813	Rhizosphere	Root-adjacent	23.30199078
36	40	72.45392452	Rhizosphere	Root-adjacent	38.83338966
36	41	84.72633958	Rhizosphere	Root-adjacent	40.51010254
36	42	103.3695422	Rhizosphere	Root-adjacent	26.47974301
36	43	113.9201929	Rhizosphere	Root-adjacent	28.38762696
36	44	133.2216805	Rhizosphere	Root-adjacent	33.20345026
36	45	139.1242271	Rhizosphere	Root-adjacent	29.93273372
36	46	159.9626183	Rhizosphere	Root-adjacent	30.89166656
36	47	180.6442611	Rhizosphere	Root-adjacent	39.02728044
36	48	204.343143	Rhizosphere	Root-adjacent	38.73215534
36	49	225.3072671	Rhizosphere	Root-adjacent	38.98130649
36	50	239.138622	Rhizosphere	Root-adjacent	36.17292256
36	51	248.2725305	Rhizosphere	Root-adjacent	36.23916092
36	52	267.6951045	Rhizosphere	Root-adjacent	43.85146651
36	53	277.1620031	Rhizosphere	Root-adjacent	35.12388159
36	54	299.522968	Rhizosphere	Root-adjacent	41.57881203
36	55	303.3051913	Rhizosphere	Root-adjacent	41.42047953
36	56	324.7849045	Rhizosphere	Root-adjacent	37.43596098
36	57	343.7687196	Rhizosphere	Root-adjacent	36.41856931
36	58	361.3842864	Rhizosphere	Root-adjacent	41.33342872
36	59	365.7509629	Rhizosphere	Root-adjacent	35.38313739
36	60	376.2048848	Rhizosphere	Root-adjacent	39.49545174
37	38	2.75539391	Rhizosphere	Root-adjacent	23.40128008
37	39	27.11082358	Rhizosphere	Root-adjacent	19.08378462
37	40	51.28009216	Rhizosphere	Root-adjacent	28.18412588
37	41	63.54200332	Rhizosphere	Root-adjacent	41.68028753
37	42	82.18960396	Rhizosphere	Root-adjacent	24.00262417
37	43	92.74069169	Rhizosphere	Root-adjacent	21.74985945
37	44	112.0582273	Rhizosphere	Root-adjacent	24.95128006
37	45	117.9705654	Rhizosphere	Root-adjacent	28.42210618
37	46	138.8401289	Rhizosphere	Root-adjacent	26.58984213
37	47	159.5549385	Rhizosphere	Root-adjacent	30.5060757
37	48	183.2398704	Rhizosphere	Root-adjacent	34.93281564
37	49	204.1549662	Rhizosphere	Root-adjacent	34.76410876
37	50	217.9617837	Rhizosphere	Root-adjacent	27.05572561
37	51	227.0872851	Rhizosphere	Root-adjacent	36.14596461
37	52	246.5107693	Rhizosphere	Root-adjacent	45.76395298
37	53	255.9773954	Rhizosphere	Root-adjacent	31.95717865
37	54	278.3429675	Rhizosphere	Root-adjacent	43.32176814
37	55	282.1215662	Rhizosphere	Root-adjacent	42.97134711
37	56	303.6070866	Rhizosphere	Root-adjacent	32.6797223
37	57	322.6262555	Rhizosphere	Root-adjacent	39.3161066
37	58	340.2859783	Rhizosphere	Root-adjacent	44.39126959
37	59	344.6599778	Rhizosphere	Root-adjacent	34.81645977
37	60	355.089222	Rhizosphere	Root-adjacent	37.25832754
38	39	24.35908721	Rhizosphere	Root-adjacent	19.43278517
38	40	48.53347031	Rhizosphere	Root-adjacent	26.27451844
38	41	60.81092734	Rhizosphere	Root-adjacent	38.18561098
38	42	79.46342553	Rhizosphere	Root-adjacent	22.27099252
38	43	90.01466877	Rhizosphere	Root-adjacent	18.62157702
38	44	109.3422207	Rhizosphere	Root-adjacent	23.18136558
38	45	115.25923	Rhizosphere	Root-adjacent	32.32517159
38	46	136.1408771	Rhizosphere	Root-adjacent	34.80294705
38	47	156.8663902	Rhizosphere	Root-adjacent	29.38883996
38	48	180.5461949	Rhizosphere	Root-adjacent	34.70628382
38	49	201.4428347	Rhizosphere	Root-adjacent	32.30455448
38	50	215.2366818	Rhizosphere	Root-adjacent	26.36544429
38	51	224.3490702	Rhizosphere	Root-adjacent	38.40820397
38	52	243.7709585	Rhizosphere	Root-adjacent	47.82402431
38	53	253.2379633	Rhizosphere	Root-adjacent	28.71540636
38	54	275.5997043	Rhizosphere	Root-adjacent	39.00543831
38	55	279.3809364	Rhizosphere	Root-adjacent	42.65878978
38	56	300.8810288	Rhizosphere	Root-adjacent	33.78334673
38	57	319.9173724	Rhizosphere	Root-adjacent	41.30483565
38	58	337.5921366	Rhizosphere	Root-adjacent	42.57596854
38	59	341.9683659	Rhizosphere	Root-adjacent	30.94871512
38	60	352.3897247	Rhizosphere	Root-adjacent	34.3044095
39	40	24.19311226	Rhizosphere	Root-adjacent	27.13782113
39	41	36.58667537	Rhizosphere	Root-adjacent	36.51393541
39	42	55.25881282	Rhizosphere	Root-adjacent	19.86519587
39	43	65.80281083	Rhizosphere	Root-adjacent	18.00377832
39	44	85.19724266	Rhizosphere	Root-adjacent	21.37676568
39	45	91.14784862	Rhizosphere	Root-adjacent	28.13619266
39	46	112.1138469	Rhizosphere	Root-adjacent	31.03836765
39	47	132.9139677	Rhizosphere	Root-adjacent	29.61560045
39	48	156.5431667	Rhizosphere	Root-adjacent	34.43694456
39	49	177.2973259	Rhizosphere	Root-adjacent	32.13526193
39	50	191.0013971	Rhizosphere	Root-adjacent	26.24798808
39	51	200.0359924	Rhizosphere	Root-adjacent	34.74339176
39	52	219.4493495	Rhizosphere	Root-adjacent	44.13663105
39	53	228.9180232	Rhizosphere	Root-adjacent	28.75758762
39	54	251.261959	Rhizosphere	Root-adjacent	38.06010297
39	55	255.0548109	Rhizosphere	Root-adjacent	40.90281242
39	56	276.6348667	Rhizosphere	Root-adjacent	31.03001609
39	57	295.7821169	Rhizosphere	Root-adjacent	36.77198033
39	58	313.5609513	Rhizosphere	Root-adjacent	41.19286945
39	59	317.9528205	Rhizosphere	Root-adjacent	31.20837227
39	60	328.3172928	Rhizosphere	Root-adjacent	32.75666742
40	41	12.62145645	Rhizosphere	Root-adjacent	42.36939057
40	42	31.20188737	Rhizosphere	Root-adjacent	27.7955082
40	43	41.71197329	Rhizosphere	Root-adjacent	25.01943254
40	44	61.15586395	Rhizosphere	Root-adjacent	20.49395774
40	45	67.13612805	Rhizosphere	Root-adjacent	32.74435983
40	46	88.16791097	Rhizosphere	Root-adjacent	41.18327833
40	47	109.0240658	Rhizosphere	Root-adjacent	23.63289873
40	48	132.5854687	Rhizosphere	Root-adjacent	29.72155853
40	49	153.2071254	Rhizosphere	Root-adjacent	26.24818815
40	50	166.8450638	Rhizosphere	Root-adjacent	25.66695408
40	51	175.8441354	Rhizosphere	Root-adjacent	39.08680461
40	52	195.2563532	Rhizosphere	Root-adjacent	49.84395577
40	53	204.7251368	Rhizosphere	Root-adjacent	29.52503779
40	54	227.0706818	Rhizosphere	Root-adjacent	40.99745393
40	55	230.8617147	Rhizosphere	Root-adjacent	42.95000961
40	56	252.4684944	Rhizosphere	Root-adjacent	33.01699007
40	57	271.6854024	Rhizosphere	Root-adjacent	42.360761
40	58	289.5407844	Rhizosphere	Root-adjacent	44.35454417
40	59	293.9444835	Rhizosphere	Root-adjacent	33.72280514
40	60	304.2641415	Rhizosphere	Root-adjacent	32.49559432
41	42	18.67215754	Rhizosphere	Root-adjacent	31.27379415
41	43	29.21820895	Rhizosphere	Root-adjacent	34.91167672
41	44	48.61739317	Rhizosphere	Root-adjacent	37.15243525
41	45	54.57996231	Rhizosphere	Root-adjacent	34.16122174
41	46	75.58581997	Rhizosphere	Root-adjacent	46.27920829
41	47	96.42783042	Rhizosphere	Root-adjacent	42.71511919
41	48	120.0117984	Rhizosphere	Root-adjacent	38.03325615
41	49	140.7113425	Rhizosphere	Root-adjacent	39.95168271
41	50	154.433404	Rhizosphere	Root-adjacent	39.96443267
41	51	163.5612123	Rhizosphere	Root-adjacent	33.19939214
41	52	182.9939175	Rhizosphere	Root-adjacent	38.24397067
41	53	192.45763	Rhizosphere	Root-adjacent	33.80997627
41	54	214.8562364	Rhizosphere	Root-adjacent	24.09764754
41	55	218.609429	Rhizosphere	Root-adjacent	31.29939652
41	56	240.0745396	Rhizosphere	Root-adjacent	40.53008185
41	57	259.196028	Rhizosphere	Root-adjacent	33.85709332
41	58	276.9991676	Rhizosphere	Root-adjacent	30.44338438
41	59	281.3969588	Rhizosphere	Root-adjacent	34.49629533
41	60	291.7418036	Rhizosphere	Root-adjacent	33.73561152
42	43	10.55124687	Rhizosphere	Root-adjacent	21.53831568
42	44	29.95659201	Rhizosphere	Root-adjacent	21.89361188
42	45	35.93430341	Rhizosphere	Root-adjacent	25.81363242
42	46	56.97572789	Rhizosphere	Root-adjacent	32.7608733
42	47	77.84702936	Rhizosphere	Root-adjacent	27.51453488
42	48	101.3857788	Rhizosphere	Root-adjacent	30.40800095
42	49	122.040001	Rhizosphere	Root-adjacent	29.32205278
42	50	135.7733342	Rhizosphere	Root-adjacent	26.16635694
42	51	144.9646483	Rhizosphere	Root-adjacent	31.08785905
42	52	164.4077751	Rhizosphere	Root-adjacent	40.7790259
42	53	173.8670293	Rhizosphere	Root-adjacent	26.05981585
42	54	196.2984374	Rhizosphere	Root-adjacent	32.451675
42	55	200.0258078	Rhizosphere	Root-adjacent	35.03871038
42	56	221.4177298	Rhizosphere	Root-adjacent	29.99017678
42	57	240.5244907	Rhizosphere	Root-adjacent	32.11228853
42	58	258.3438789	Rhizosphere	Root-adjacent	35.92966943
42	59	262.7454382	Rhizosphere	Root-adjacent	26.91730763
42	60	273.0774859	Rhizosphere	Root-adjacent	29.42403748
43	44	19.46228022	Rhizosphere	Root-adjacent	19.01130895
43	45	25.46509341	Rhizosphere	Root-adjacent	29.11917738
43	46	46.53908823	Rhizosphere	Root-adjacent	33.13066976
43	47	67.43167557	Rhizosphere	Root-adjacent	27.40890877
43	48	90.91333066	Rhizosphere	Root-adjacent	32.27396114
43	49	111.5027857	Rhizosphere	Root-adjacent	28.86671735
43	50	125.2220918	Rhizosphere	Root-adjacent	24.05971345
43	51	134.4314737	Rhizosphere	Root-adjacent	35.99665791
43	52	153.8782325	Rhizosphere	Root-adjacent	45.22862077
43	53	163.3354092	Rhizosphere	Root-adjacent	25.79560685
43	54	185.7798929	Rhizosphere	Root-adjacent	36.41297893
43	55	189.4963773	Rhizosphere	Root-adjacent	38.15726691
43	56	210.8665315	Rhizosphere	Root-adjacent	31.81499583
43	57	229.9858065	Rhizosphere	Root-adjacent	38.81525874
43	58	247.8307539	Rhizosphere	Root-adjacent	39.97119562
43	59	252.2366482	Rhizosphere	Root-adjacent	28.27888801
43	60	262.5525159	Rhizosphere	Root-adjacent	30.21917735
44	45	6.018197072	Rhizosphere	Root-adjacent	28.1496202
44	46	27.09648737	Rhizosphere	Root-adjacent	35.12158753
44	47	47.99550639	Rhizosphere	Root-adjacent	22.50702961
44	48	71.45105068	Rhizosphere	Root-adjacent	29.83585542
44	49	92.10689263	Rhizosphere	Root-adjacent	25.58325716
44	50	105.9483959	Rhizosphere	Root-adjacent	21.7323114
44	51	115.3772474	Rhizosphere	Root-adjacent	34.16286871
44	52	134.839058	Rhizosphere	Root-adjacent	45.22552682
44	53	144.2784692	Rhizosphere	Root-adjacent	27.85637604
44	54	166.7944931	Rhizosphere	Root-adjacent	36.70022028
44	55	170.4451734	Rhizosphere	Root-adjacent	38.67324314
44	56	191.5910986	Rhizosphere	Root-adjacent	29.79777752
44	57	210.5900396	Rhizosphere	Root-adjacent	37.40297829
44	58	228.3872899	Rhizosphere	Root-adjacent	39.86759617
44	59	232.7891479	Rhizosphere	Root-adjacent	28.69398005
44	60	243.1244232	Rhizosphere	Root-adjacent	28.77731262
45	46	21.08031392	Rhizosphere	Root-adjacent	30.17047398
45	47	41.97874226	Rhizosphere	Root-adjacent	29.02672629
45	48	65.45474057	Rhizosphere	Root-adjacent	27.13658276
45	49	86.18447578	Rhizosphere	Root-adjacent	28.73148589
45	50	100.1030105	Rhizosphere	Root-adjacent	26.60439401
45	51	109.648824	Rhizosphere	Root-adjacent	18.94460281
45	52	129.111633	Rhizosphere	Root-adjacent	30.54896932
45	53	138.5396336	Rhizosphere	Root-adjacent	24.48683406
45	54	161.08541	Rhizosphere	Root-adjacent	29.85066153
45	55	164.7036857	Rhizosphere	Root-adjacent	31.29969118
45	56	185.7327275	Rhizosphere	Root-adjacent	34.89299632
45	57	204.6593095	Rhizosphere	Root-adjacent	25.74415324
45	58	222.4193654	Rhizosphere	Root-adjacent	29.01270886
45	59	226.8171618	Rhizosphere	Root-adjacent	31.2788268
45	60	237.1695839	Rhizosphere	Root-adjacent	27.06910212
46	47	20.89920801	Rhizosphere	Root-adjacent	37.18772318
46	48	44.42986158	Rhizosphere	Root-adjacent	39.95771921
46	49	65.43934218	Rhizosphere	Root-adjacent	40.54336761
46	50	79.65146904	Rhizosphere	Root-adjacent	31.85511969
46	51	89.65518977	Rhizosphere	Root-adjacent	36.45187763
46	52	109.0767921	Rhizosphere	Root-adjacent	43.64401003
46	53	118.4439211	Rhizosphere	Root-adjacent	37.08943515
46	54	141.0725387	Rhizosphere	Root-adjacent	45.96427888
46	55	144.5647273	Rhizosphere	Root-adjacent	46.08816203
46	56	165.1508115	Rhizosphere	Root-adjacent	42.81419534
46	57	183.8213186	Rhizosphere	Root-adjacent	42.72458409
46	58	201.4592846	Rhizosphere	Root-adjacent	44.6410086
46	59	205.8443432	Rhizosphere	Root-adjacent	40.34781477
46	60	216.2491624	Rhizosphere	Root-adjacent	44.05011935
47	48	23.72799584	Rhizosphere	Root-adjacent	26.31390055
47	49	45.25711024	Rhizosphere	Root-adjacent	22.35191214
47	50	59.90229234	Rhizosphere	Root-adjacent	21.67294192
47	51	70.57673812	Rhizosphere	Root-adjacent	34.32651935
47	52	89.79494505	Rhizosphere	Root-adjacent	46.0440557
47	53	99.02754925	Rhizosphere	Root-adjacent	25.05762751
47	54	121.6891144	Rhizosphere	Root-adjacent	38.09511293
47	55	125.0004669	Rhizosphere	Root-adjacent	41.64793964
47	56	144.9555261	Rhizosphere	Root-adjacent	31.25220938
47	57	163.2712808	Rhizosphere	Root-adjacent	38.16393704
47	58	180.740433	Rhizosphere	Root-adjacent	40.02049968
47	59	185.107531	Rhizosphere	Root-adjacent	28.78231387
47	60	195.5803455	Rhizosphere	Root-adjacent	29.35815655
48	49	21.93732623	Rhizosphere	Root-adjacent	24.10027675
48	50	36.93237329	Rhizosphere	Root-adjacent	28.86614895
48	51	48.30680795	Rhizosphere	Root-adjacent	31.29483987
48	52	67.06347241	Rhizosphere	Root-adjacent	41.17636872
48	53	76.10096032	Rhizosphere	Root-adjacent	26.38401133
48	54	98.70515493	Rhizosphere	Root-adjacent	34.34362881
48	55	101.8496995	Rhizosphere	Root-adjacent	33.22926047
48	56	121.3415229	Rhizosphere	Root-adjacent	34.01682401
48	57	139.5437555	Rhizosphere	Root-adjacent	32.21985984
48	58	157.0461479	Rhizosphere	Root-adjacent	35.62197274
48	59	161.4236593	Rhizosphere	Root-adjacent	30.64546115
48	60	171.8663477	Rhizosphere	Root-adjacent	27.20522051
49	50	15.08113356	Rhizosphere	Root-adjacent	26.74581074
49	51	26.88660575	Rhizosphere	Root-adjacent	32.77680573
49	52	45.20606987	Rhizosphere	Root-adjacent	44.54421341
49	53	54.17783089	Rhizosphere	Root-adjacent	25.12886398
49	54	76.76971482	Rhizosphere	Root-adjacent	35.0653248
49	55	79.91949316	Rhizosphere	Root-adjacent	36.05734523
49	56	99.74828207	Rhizosphere	Root-adjacent	32.30066233
49	57	118.4847981	Rhizosphere	Root-adjacent	36.09905244
49	58	136.4373426	Rhizosphere	Root-adjacent	37.65708
49	59	140.8752858	Rhizosphere	Root-adjacent	28.13447684
49	60	151.081231	Rhizosphere	Root-adjacent	26.62335142
50	51	12.20537655	Rhizosphere	Root-adjacent	32.97651224
50	52	30.13862068	Rhizosphere	Root-adjacent	45.21040476
50	53	39.19317535	Rhizosphere	Root-adjacent	26.82257322
50	54	61.83242326	Rhizosphere	Root-adjacent	36.8801659
50	55	65.09828217	Rhizosphere	Root-adjacent	41.44656014
50	56	85.64698882	Rhizosphere	Root-adjacent	36.22118213
50	57	105.0925268	Rhizosphere	Root-adjacent	38.71041042
50	58	123.5376493	Rhizosphere	Root-adjacent	39.72926363
50	59	128.0312781	Rhizosphere	Root-adjacent	33.44179345
50	60	137.9328955	Rhizosphere	Root-adjacent	31.16332125
51	52	19.46298021	Rhizosphere	Root-adjacent	22.3541809
51	53	28.90569466	Rhizosphere	Root-adjacent	28.10890566
51	54	51.44721931	Rhizosphere	Root-adjacent	28.24731148
51	55	55.07138365	Rhizosphere	Root-adjacent	29.24244118
51	56	77.04932778	Rhizosphere	Root-adjacent	38.06029727
51	57	97.51469411	Rhizosphere	Root-adjacent	22.154533
51	58	116.5504352	Rhizosphere	Root-adjacent	22.65585041
51	59	121.0946989	Rhizosphere	Root-adjacent	33.97034881
51	60	130.5235107	Rhizosphere	Root-adjacent	28.769093
52	53	9.47227066	Rhizosphere	Root-adjacent	37.93916144
52	54	31.99757785	Rhizosphere	Root-adjacent	35.50227878
52	55	35.61816667	Rhizosphere	Root-adjacent	34.85807758
52	56	58.11401364	Rhizosphere	Root-adjacent	46.66486724
52	57	79.18247316	Rhizosphere	Root-adjacent	29.71001959
52	58	98.58812773	Rhizosphere	Root-adjacent	27.55822062
52	59	103.1512836	Rhizosphere	Root-adjacent	43.45980165
52	60	112.1681203	Rhizosphere	Root-adjacent	38.00564406
53	54	22.66277869	Rhizosphere	Root-adjacent	28.29473832
53	55	26.16680334	Rhizosphere	Root-adjacent	32.68707501
53	56	48.81049968	Rhizosphere	Root-adjacent	32.81362358
53	57	70.14394669	Rhizosphere	Root-adjacent	31.08617081
53	58	89.69770465	Rhizosphere	Root-adjacent	32.18963705
53	59	94.26225202	Rhizosphere	Root-adjacent	25.58011084
53	60	103.0711275	Rhizosphere	Root-adjacent	23.75593218
54	55	4.647554256	Rhizosphere	Root-adjacent	28.68342046
54	56	29.43830044	Rhizosphere	Root-adjacent	38.29918258
54	57	51.81552153	Rhizosphere	Root-adjacent	30.57249627
54	58	71.71687276	Rhizosphere	Root-adjacent	24.7969582
54	59	76.21188144	Rhizosphere	Root-adjacent	29.88305474
54	60	83.86219773	Rhizosphere	Root-adjacent	28.81371311
55	56	24.80091264	Rhizosphere	Root-adjacent	37.66561006
55	57	47.17088159	Rhizosphere	Root-adjacent	29.37304668
55	58	67.0726104	Rhizosphere	Root-adjacent	28.55822446
55	59	71.569827	Rhizosphere	Root-adjacent	32.98366966
55	60	79.27308994	Rhizosphere	Root-adjacent	31.01930477
56	57	22.4019117	Rhizosphere	Root-adjacent	38.72526992
56	58	42.29332857	Rhizosphere	Root-adjacent	41.32475536
56	59	46.77799439	Rhizosphere	Root-adjacent	28.28065458
56	60	54.62210931	Rhizosphere	Root-adjacent	35.57103268
57	58	19.90198726	Rhizosphere	Root-adjacent	26.75189143
57	59	24.41079595	Rhizosphere	Root-adjacent	34.95777441
57	60	33.01569863	Rhizosphere	Root-adjacent	28.09371203
58	59	4.564693701	Rhizosphere	Root-adjacent	34.37384683
58	60	15.19989221	Rhizosphere	Root-adjacent	32.19428177
59	60	11.48311645	Rhizosphere	Root-adjacent	29.69264492
