path	bytes	sha256
config/codes/biome_codes.yml	1323	327d898b53fb669ffac6df4aef50cc5eb3fc4429256a4ebf12a857196d402cb4
config/codes/xrf_chemical_mapping.yml	11723	fcebc8ba8c10344fa3f86109d35d7100b7bc7008aacbca9124098d2eb0628a3e
data/metadata/QC_reads/multiqc_fastqc.txt	305195	81738fcccee6b0118d3e1b1796ddcde527fe9ee62f4e06c711bebd5974053eb0
data/metadata/QC_reads/multiqc_general_stats.txt	120090	e06494040042a1c1a6aaeedbffdc766e49887336e0d935e58f5aa02e8b022e17
data/metadata/geodata/site_altitudes.tsv	3418	c90b546995fec37e1f2e7d96fd6d5ad175fdbe5fb2519082c43fbe0487580ad7
data/metadata/geodata/site_trip_map.json	1013	db144ed3ca535f00fa0fb009e32f0e085276c6c277fa7f88542f5a8eaa77dbb5
data/metadata/geodata/trip1_geodata.tsv	5995	083bd02bf41b34733d18996fea070b6f185865f9a51a413fafe4b7d45a5fb3ea
data/metadata/geodata/trip2_geodata.tsv	888	5935cde2684936a653ab3f1358209ff8dbe6d090cb8d618e136123fb84120855
data/metadata/geodata/trip3_geodata.tsv	7590	d4b3adc1b22a996a674873981f9a34604ff1cc9d2b71dd2a5ef0bf4c10f310b8
data/metadata/geodata/trip4_geodata.tsv	5610	d60d815a0b0ec8a471513fef4ae367bd6b49b88178daedf178613b2430123237
data/metadata/geodata/trip5_geodata.tsv	2928	3d94c3d63ba81932af72fdfcbdff5d97a9ae9a6d2c4c02142ccb9d0193cf1fc7
data/metadata/samples/EB_Sample_Map_FourthTrip2.xlsx	9700	7724fe99bf8f42432b3220b1ee419662992d61f070d26a13ece6f202e4618e76
data/metadata/samples/Sample_Mastersheet.xlsx	159544	26012ce94b22e4e9b0f12d78cf96c2817ce906b8043aa75e9449b5389a9e70f6
data/metadata/samples/Sequenced_Samples_by_EB_FifthTrip.xlsx	10183	15bb92fc8a7c6389a74663718fffea207a2a030bf2f7b12f5955c57022671708
data/metadata/samples/controls/README.md	8532	cd19a38221602d49b292be05c05e7f8e35fb3149086cf3fee02bc2589b66959b
data/metadata/samples/controls/SHA256SUMS	2126	723e02826570b9bde6b69dc5cdb43d18ec9eb452fca466f459bd30c00c5419d1
data/metadata/samples/controls/control_ground_truth.tsv	3934	c82fd3431cbde565486b8e226869f315f71bcea7d9b40f67904e026664b008b6
data/metadata/samples/controls/ds1706_zymobiomics_microbial_community_standards_data_sheet.pdf	371456	fd730fc4235142f857a78d6130a837c4d30b4216e43b75ef970f3e460eea1ae6
data/metadata/samples/controls/explanation-to-send.txt	2736	36e323accf3484650246e869fb2f207c06c0c53a95eb5d298884a4b79046614f
data/metadata/samples/controls/marwa-screenshot-2026-07-30-1002-11.png	110277	eeb8c54f1755e216fd36a0bd02d11406920479592fa5bf1114d281ef4977072a
data/metadata/samples/controls/marwa-screenshot-2026-07-30-1002-45.png	140696	57c15286400e20de5d40204d41f42a40e37d00903ecf33743cded64c7b332295
data/metadata/samples/controls/marwa-screenshot-2026-07-30-1049-06.png	212871	577954153b6eb4034f86364161e8318ecb69b601514095ff26d89c85314238f8
data/metadata/samples/controls/marwa-screenshot-2026-07-30-1050-46.png	209003	01c611bc3e0a440bff91a8313846effdfed2dbb92013616623dec21e182e4603
data/metadata/samples/controls/message-short.txt	964	10fbd02d29466f27af1e7600cdce1cac0264a8a66d1100c24bd9eac8b8080829
data/metadata/samples/controls/run_manifest.json	3551	6b743d824d7e83cda749aa66c48ee9f634222b389dcecf7ce68922a4876b34cc
data/metadata/samples/controls/source_snapshots/ibex_20250714_16s_samplesheet.tsv	359563	007a06c18466314b956b3a66508b627244288ed1a750a298b2c7076f825fd57f
data/metadata/samples/controls/source_snapshots/ibex_20250714_qiime2/controls-metadata.tsv	5946	c221f162e1a75c43a9b5faa1e58d78c154d93793ef2cd0c1d1bf4c320f7ccd1f
data/metadata/samples/controls/source_snapshots/ibex_20250714_qiime2/extracted/dna-sequences.fasta	31936484	0b91bdcb2492fa87ea35dc2252160c30a0891e84e350eba9297fb4b0faafca35
data/metadata/samples/controls/source_snapshots/ibex_20250714_qiime2/extracted/feature-table.biom	16057756	fe172ba5e5ef3ceb5dfc22b9b78146459915b1ecbd40972b852f26ae81f17568
data/metadata/samples/controls/source_snapshots/ibex_20250714_qiime2/extracted/taxonomy.tsv	7878855	5cbca6e9904ffe395fe2e4215f6005622e47a9af71528c209398a22669c3b5db
data/metadata/samples/controls/source_snapshots/ibex_20250714_qiime2/legacy-control-filtering.sh	1779	8630a5d56a45c2e87c62bc7a1c58a8129a8dc873e3f4627a06869aaa96307362
data/metadata/samples/controls/source_snapshots/ibex_20250714_qiime2/rep-seqs.qza	7038157	2c9b2285cacb8c1ea08c582e78f2d409ba834e07d72bbaf38407aa43a987cb3f
data/metadata/samples/controls/source_snapshots/ibex_20250714_qiime2/table.qza	13831473	a3dd0f33c47ea5420459fa6559efc88695dcf3768144e065724f57f0d42a19d5
data/metadata/samples/controls/source_snapshots/ibex_20250714_qiime2/taxonomy.qza	2078498	6f7b9b3d15ec02124263b8e139ca5a446839fabb4bb3cae335dc31ef40e1a94c
data/metadata/samples/controls/source_snapshots/ibex_trip5_16s_samplesheet.tsv	91201	00440065d724de6690cdc8006d300b6090bf8cfec16cc6bf8c2123c6fc23d8b4
data/metadata/samples/environmental_measurement_corrections.tsv	8635	cf3ef3b4627daeab6185c8ab2a7bb1d3e6ef8ad4530ff3859979a95388ae27d5
data/metadata/samples/plants.tsv	4845	5a0b8a10a49a45eaadabb8a5f19bf817af0419c7209f8f1e2673fe2cc600baa2
data/metadata/samples/sample_corrections.tsv	1291	4fc06df5822139852e71d6b0eb4ba0e32deaf437f7f6b4e0bc5043d11123daa0
data/metadata/samples/site_aliases.tsv	1128	eba7c55b7ce3344be91077ec2226e5af8a76d8b3aa683beac0926eedc637de2b
data/metadata/samples/site_iri_registry.tsv	1233	3c06493397372cfe518e6bb1cd8a3275c0f6ed67a83b9ef6bc84f51c1efce7d4
data/metadata/samplesheets/additional_fastqs_v2.tsv	166982	eba6f748ef7f9875b98af6c4d8241b3af36d183feda4dbb4a0cffbcbed3d7958
data/metadata/samplesheets/tiannyu_2025_checkm_list.txt	9325	5dce2f459621ae21d6e1ee7fd01ef9839b512570e41a16e9ef152d89d354ba3f
data/metadata/samplesheets/trip1-2023.tsv	7557	b8589609285fb7f4f443ae3926b14dad1e2dade8912dea03724d017d8b620fb6
data/metadata/samplesheets/trip2-2023.tsv	828	ef8669ed00262aa7a82005f343dea27f394be2f0a6b2768cdff71f7cc41be960
data/metadata/samplesheets/trip2-2023.tsv.bak	837	894c39e4c22e3456c47f013dafb9c5f6aaf4d4b1b47a567f7dfefa360c1d9846
data/metadata/samplesheets/trip2-2023.tsv.orig	837	9739bb1f42db122a06ca6361f8d370a0c8bc13497ff10eadd1142b62af7bcc10
data/metadata/samplesheets/trip3-2024.tsv	9315	1e4f72e4a15b7e2779bbe8f6a6d30aaa99ef3cb987836fc2e85ac39141a72ccd
data/metadata/samplesheets/trip4-2024.tsv	5623	7c0496c356a46e60363ce6ae9397c656cb3f2f023364a388b4e72d68f3d92639
data/metadata/samplesheets/trip5-2025.tsv	9381	57a9274dab7edb8426fc238dc065c2274a5bec3df2ba22d43c7ab1517ea511d8
data/metadata/sra-submissions/submission-sheet-trip5.tsv	33530	4a28870c3f865e89adbee2e5d1a2406eb6859f6f18481ddb643e93e970bd8f7c
data/metadata/sra-submissions/submission-sheet.tsv	162154	3813e534e69ff7e8e475eca5db7d94a5a827d70c3b42c4a69dd984eafe40fbde
data/metadata/sra-submissions/submission-sheet.tsv.bak	128794	6d50c82684e529c6aa7fb3af4a6f7812af85d2a46602d2cd9c4792d2f3afe3a8
data/processed/climate/climate_acquisition_frozen.json	2737	7588a5c3f5f9189cd96597b3ffd9e662f9c3423806282b9e5aa449ff62434940
data/processed/climate/climate_fetch_key_ledger.tsv	11401	1bb368f22cfe107a26233a44be51a37652ae6e337cc7442194cab7ce0169973b
data/processed/climate/climate_key_audit.json	2640	de20d7ffebec29274f698a04e1f071eaefb1fdd5f8e1e08c21a3b79156d16120
data/processed/climate/daily_weather.tsv	3456797	290eb42524cd5095b894abd93fa73e3e4b09a96e38b58dd1ef9e2fcb4ad4ae8f
data/processed/climate/daily_weather_canonical.tsv	2708694	6cb570e7a8a85a9508fdc910ae0a11bf7db614ef05e0d22fd6fd6a599966581a
data/processed/climate/monthly_weather_averages.tsv	134912	7a2d46d59057c9a85e8a232519672634ab0a4d3a90233408c9caa2b56b9f9751
data/processed/climate/monthly_weather_averages_canonical.tsv	106378	cde0a115147408bb846919a1e61e55cf88df7942f0e81f921de3305b49e33f9d
data/processed/geochemistry/xrf/Site_10/Test_5847/5847_all_peaks.csv	15487	96806aec2ccfd184c5d4db49a062d30796fb58fa66b672c852251f6613ff836e
data/processed/geochemistry/xrf/Site_10/Test_5847/5847_beam1_peaks.csv	4422	fa66fc3ad567e7869b496cd73780490dcefc24c56c50f3c957b16b2b2c85e807
data/processed/geochemistry/xrf/Site_10/Test_5847/5847_beam1_plot.png	199838	ca3894831fdaa2ea80bb9b73cd776907d7256424e65b69614cd89fcf409da8aa
data/processed/geochemistry/xrf/Site_10/Test_5847/5847_beam1_spectrum.csv	31043	271b15e3782804cada29f226920073803510e065cb25ec1a32617316cbe7634a
data/processed/geochemistry/xrf/Site_10/Test_5847/5847_beam2_peaks.csv	959	2ba6496c18698ee20d5f6c9ad6bb1fccab922f94eddf088fc9d3ad0b8a558cb6
data/processed/geochemistry/xrf/Site_10/Test_5847/5847_beam2_plot.png	117800	8abf1e9ab2c3cad5bc8d6984b936541829e49ba2a168c720b12e4ad0db59e9b6
data/processed/geochemistry/xrf/Site_10/Test_5847/5847_beam2_spectrum.csv	29203	8823a4383185cd8d2bfa8c0cec2fe855dc55dd2fc1733f9989c61b8d2e1f9aac
data/processed/geochemistry/xrf/Site_10/Test_5847/5847_beam3_peaks.csv	8124	f89276523387d12104e547580ed71f4ac9fd1b5c6813788e0299a2024b260d34
data/processed/geochemistry/xrf/Site_10/Test_5847/5847_beam3_plot.png	303264	f87c303aba36cafedce34da050902f6400c1012c2f5d22b2e9d256b5ba6fcc79
data/processed/geochemistry/xrf/Site_10/Test_5847/5847_beam3_spectrum.csv	29570	de9cc250597911c236620038e9b0ac7366b9fe56df5d36404ff56ad6cac76e31
data/processed/geochemistry/xrf/Site_10/Test_5847/5847_combined_plot.png	324794	041a1f28c976a1f0e489b8188b9f5ad17d95b29cdfacc4b8fa782bfaaf42e81e
data/processed/geochemistry/xrf/Site_10/Test_5847/5847_element_percentages.csv	655	8d1f13a6d7656f677eae3afdbaedfe28202a611dfdb99510d6afb4d9899aa19e
data/processed/geochemistry/xrf/Site_10/Test_5847/vanta_data_5847.csv	2738	736cee2961a97d987865138013bdca2de6291a75a4bd5ed807baad182b729353
data/processed/geochemistry/xrf/Site_10/Test_5847/vanta_metadata_5847.csv	125	0c738cf48bb54af09987b1aa1e01faf260b93f1d655be203905abbdb6323af70
data/processed/geochemistry/xrf/Site_10/Test_5848/5848_all_peaks.csv	15463	186819240b7cb2722b144fdf98c2950095eb64fded603e71758a8097041af1ab
data/processed/geochemistry/xrf/Site_10/Test_5848/5848_beam1_peaks.csv	4398	a493396daa523f3c1fd7824342d78440ab117f23a5bb2932664a32ae3d27bd7a
data/processed/geochemistry/xrf/Site_10/Test_5848/5848_beam1_plot.png	195052	06b1fdc4e131c656caa63613fe326446db0212f9635f28bcd65750e722dc6f93
data/processed/geochemistry/xrf/Site_10/Test_5848/5848_beam1_spectrum.csv	31157	8199118346f3c3707a1c25d5e5266836e63d6b5f9372c701c4dba9536188207a
data/processed/geochemistry/xrf/Site_10/Test_5848/5848_beam2_peaks.csv	1085	14115f26a4ddb9eaab572511071990821d0e55443634d8f13e6f5b1b5e7124f9
data/processed/geochemistry/xrf/Site_10/Test_5848/5848_beam2_plot.png	120434	24810a69487e701c43b62731c9945dd97379d5fdc5ad2c184f343c1da203d303
data/processed/geochemistry/xrf/Site_10/Test_5848/5848_beam2_spectrum.csv	29218	4533b78a822089cc84ad9e080e5e0eba4877e17d21e72516f6fdb6cce9a38424
data/processed/geochemistry/xrf/Site_10/Test_5848/5848_beam3_peaks.csv	7962	8cd03e68642900142e13f0dd5cdd9a7578a8027f48bffc8496d86ed96fc729aa
data/processed/geochemistry/xrf/Site_10/Test_5848/5848_beam3_plot.png	303596	73c9f6d979158a4f6275139ac1682b04beaeb2b0a6010035f942659590efed40
data/processed/geochemistry/xrf/Site_10/Test_5848/5848_beam3_spectrum.csv	29761	6c1f9f5b64f10cf8fb57e8a3dde1257c7e23896ec47f7e527ed277584488c037
data/processed/geochemistry/xrf/Site_10/Test_5848/5848_combined_plot.png	321134	ced674de9233784b1522c52719afd83d0b01cc2d624e713b86f870b3a3be4f2c
data/processed/geochemistry/xrf/Site_10/Test_5848/5848_element_percentages.csv	694	36422d3d38be35b49e6c729cddead7ca114841c3653ba5b2c79642887b3eba25
data/processed/geochemistry/xrf/Site_10/Test_5848/vanta_data_5848.csv	2738	539bcb37d0cede38368f19fe62d44a5c6ae06bb3c11916d433ce5bfae2c0f784
data/processed/geochemistry/xrf/Site_10/Test_5848/vanta_metadata_5848.csv	125	c99d8db5fa84176b5016fbbfc9da62820ff3b476e93b64d52d278719edfd415a
data/processed/geochemistry/xrf/Site_11/Test_5853/5853_all_peaks.csv	15109	bf842872c2d8a489aebae4f7ee03c0c2f1d50ed6a2da1ee434a8eed6f6322bd6
data/processed/geochemistry/xrf/Site_11/Test_5853/5853_beam1_peaks.csv	4325	ed771a71fbd77c781bf047b80d20698a766bc68da7b180de6b0b9e6fff72bf53
data/processed/geochemistry/xrf/Site_11/Test_5853/5853_beam1_plot.png	193585	412eeb05647c729c341a2e034e51689a3547f59c664bcfc970514a23fa7320ea
data/processed/geochemistry/xrf/Site_11/Test_5853/5853_beam1_spectrum.csv	31257	9a0966bc27c8d78d9647f34ed5cbb11468ac1f6c1fadf0d628e18bb6a093717b
data/processed/geochemistry/xrf/Site_11/Test_5853/5853_beam2_peaks.csv	969	17e1f3a45dd8d7e8e5ae3e721b156e69c146d0847690cebb6904f400a3121aa1
data/processed/geochemistry/xrf/Site_11/Test_5853/5853_beam2_plot.png	121989	3d8026cb291b7556c5f814dad9c241d0bcb645d4d5b3d0009782a89337477c16
data/processed/geochemistry/xrf/Site_11/Test_5853/5853_beam2_spectrum.csv	29244	0167b4d2a92997901f5be66788dcc7be4ba31d700bfab9ad04d36f1f36d0c7b1
data/processed/geochemistry/xrf/Site_11/Test_5853/5853_beam3_peaks.csv	7889	b13080e86ae9f6a1d8e5c8a25ee0a412c1f92e1b2b125cd70da13ebacc9ab33c
data/processed/geochemistry/xrf/Site_11/Test_5853/5853_beam3_plot.png	289723	be62aacefae661aa34cd71a3e19a2f55bb2e2d9f201b72b942bad24d75beffd0
data/processed/geochemistry/xrf/Site_11/Test_5853/5853_beam3_spectrum.csv	29986	4399d9a87a83d5e61b3d3e0aba995e2f5f37bda6de023a60e93fc116e993e553
data/processed/geochemistry/xrf/Site_11/Test_5853/5853_combined_plot.png	318367	72db1e116f62708eac9157b36723c76f62025d13114d1de726015d7c6a869e74
data/processed/geochemistry/xrf/Site_11/Test_5853/5853_element_percentages.csv	693	5731411923f3bf214bd8143e290199d87a9e9cd887a33a1808bd48375bc7dcec
data/processed/geochemistry/xrf/Site_11/Test_5853/vanta_data_5853.csv	2738	3a2d4d7ef93f962caa7b211aab85d87b6ed47a2be804d9a1ed4a72002007784a
data/processed/geochemistry/xrf/Site_11/Test_5853/vanta_metadata_5853.csv	125	4ff4210e02df497d7a5cd7ad03d749d6277da34a38dcd5921cd7c5892f4cffba
data/processed/geochemistry/xrf/Site_12/Test_5854/5854_all_peaks.csv	15658	6629b704344925df9539da11ffdf4d940066ba6ace13973fd945f250789c7e51
data/processed/geochemistry/xrf/Site_12/Test_5854/5854_beam1_peaks.csv	4849	70754d14b0f5ade392b8e9a9c8203bcd89fd1c0442804b4814dfe87983e7fe85
data/processed/geochemistry/xrf/Site_12/Test_5854/5854_beam1_plot.png	202461	b61f7e5fae06afbc871a23a94355ac494ed43d861ee9886eaac65baeb2a88ccd
data/processed/geochemistry/xrf/Site_12/Test_5854/5854_beam1_spectrum.csv	30993	1ff9628c103da1cd835e9b67f71274f35b9938179afdc753c013b926d1c49627
data/processed/geochemistry/xrf/Site_12/Test_5854/5854_beam2_peaks.csv	950	9cb52e50862976a701ad0c2edb0cecdbc61aa2d83e5ce24c820b922cf6cdff7f
data/processed/geochemistry/xrf/Site_12/Test_5854/5854_beam2_plot.png	115640	047ec7d528046ade0620f80701a01dccc52ffdcca0dc26b72759154bf5611db5
data/processed/geochemistry/xrf/Site_12/Test_5854/5854_beam2_spectrum.csv	29186	031d72a20fa71035bf8fbc0bda6539deacb96cbb0e83281e1aa02594ae6af0c8
data/processed/geochemistry/xrf/Site_12/Test_5854/5854_beam3_peaks.csv	7802	16cadedb8400227861d99ec918de16928e365b7d6a568f018e5cb1709721d4b6
data/processed/geochemistry/xrf/Site_12/Test_5854/5854_beam3_plot.png	323586	0952ab346a2655230928314dc3bb1313c70bcc285163cb9b6c264f0b8d7de715
data/processed/geochemistry/xrf/Site_12/Test_5854/5854_beam3_spectrum.csv	29422	f653b6e89d0e06cf599507c77b132a5e18cd6f89591a1d1597b0bb54853a1711
data/processed/geochemistry/xrf/Site_12/Test_5854/5854_combined_plot.png	324626	fc99dba35bec8ad40539d34daeb7f3782fed04e028cafea9e54cb244c148e05f
data/processed/geochemistry/xrf/Site_12/Test_5854/5854_element_percentages.csv	689	10d811cce76bf8180440739bbea311cf57b0e145491a90133145f250ca958650
data/processed/geochemistry/xrf/Site_12/Test_5854/vanta_data_5854.csv	2738	a07c0f92dac16a7cdb79ce9410064eaaec6475b555c7c199e17d079de9bcc3a6
data/processed/geochemistry/xrf/Site_12/Test_5854/vanta_metadata_5854.csv	125	cf7b0b26eda76977c0b5abe58beab1a195e7a3c9be1fe422dc75f9a06d957435
data/processed/geochemistry/xrf/Site_13/Test_5855/5855_all_peaks.csv	15416	eb52b889f8eb1a8a37dfdff72d9ff3a9c07b5a3a7cc9de588519d11cf8f725b6
data/processed/geochemistry/xrf/Site_13/Test_5855/5855_beam1_peaks.csv	4740	7d524a6d088098789b7ab3c0181bd558e10648aa5250395610ba60842ab70516
data/processed/geochemistry/xrf/Site_13/Test_5855/5855_beam1_plot.png	199704	6e9b35db4c929c8934fd17d524001bb79aeb48f692f484d3a0e707db6b29b890
data/processed/geochemistry/xrf/Site_13/Test_5855/5855_beam1_spectrum.csv	31113	ffebdfb47189377f01dca528bc24ec5a53e31aefc53c17965f0b07be29f2fc07
data/processed/geochemistry/xrf/Site_13/Test_5855/5855_beam2_peaks.csv	870	2d859380ec23589327e1288955cac4e79e14fff635b72775ba870482b1003489
data/processed/geochemistry/xrf/Site_13/Test_5855/5855_beam2_plot.png	117641	32920edd52f6288b55322a02c16f4d32d6b7aa22cb0a6118d225a6ade86b29ae
data/processed/geochemistry/xrf/Site_13/Test_5855/5855_beam2_spectrum.csv	29198	373dc3715289af09ceb059f95033327c5fd51eeec037cf1675a062b313685434
data/processed/geochemistry/xrf/Site_13/Test_5855/5855_beam3_peaks.csv	7791	04bf5a71fec36b454329df9b6871e185cd9a5a876c73ddc440003a0b5d2b5180
data/processed/geochemistry/xrf/Site_13/Test_5855/5855_beam3_plot.png	304471	8d82cf8cd9efd3c461cee145187e5209733edd2c233cd2f8948033e462ee9343
data/processed/geochemistry/xrf/Site_13/Test_5855/5855_beam3_spectrum.csv	29529	ed8264fe8dffd1e487fb50a3a9d99798aca87f3c8b2328e33b4fff4e1acb0cff
data/processed/geochemistry/xrf/Site_13/Test_5855/5855_combined_plot.png	326402	47494ce5b1cbc60476f5141761e11fb6b47a088f6109f1c4d225cb20813b61ec
data/processed/geochemistry/xrf/Site_13/Test_5855/5855_element_percentages.csv	675	b74ca92315c100a0b7b5f91d58374b306d6240390117ac9fd9a60d3bed36b79a
data/processed/geochemistry/xrf/Site_13/Test_5855/vanta_data_5855.csv	2738	1fb7ebc12da64b508a5a035a72cbac8e8c14e6eaef2e6427048ce2e15f90c5f3
data/processed/geochemistry/xrf/Site_13/Test_5855/vanta_metadata_5855.csv	125	f835ab831d0a79730d584cc5ed886233f47ee8f199c0a1187d9da2c943740a69
data/processed/geochemistry/xrf/Site_14/Test_5857/5857_all_peaks.csv	15285	75b37e79d5fecaeae23a413eeb98394a5a29655f1ba78670957e98fc1f4d478e
data/processed/geochemistry/xrf/Site_14/Test_5857/5857_beam1_peaks.csv	4477	d6775d9a84e571038647630a65ade289aaf49a7995e70ffe8943a4b9c0f47006
data/processed/geochemistry/xrf/Site_14/Test_5857/5857_beam1_plot.png	203040	78993062412527502f643c15fc424ff10b63c45496a03800e148ac7f9d43d7d8
data/processed/geochemistry/xrf/Site_14/Test_5857/5857_beam1_spectrum.csv	30979	d7f7cea766d8a5d57e1e349c36dc573c53cb14d36a589aede11b4c56a3243760
data/processed/geochemistry/xrf/Site_14/Test_5857/5857_beam2_peaks.csv	978	aa18f62b532e7288b29cdcf34593d9f0c0462623bb99d87b598c9ff0b806b32d
data/processed/geochemistry/xrf/Site_14/Test_5857/5857_beam2_plot.png	117902	de3abd5abddec572d5113dbd1eb2285b5d557b4df90f4cdefc795c94ab5a888c
data/processed/geochemistry/xrf/Site_14/Test_5857/5857_beam2_spectrum.csv	29190	c8d889a907a00bd59a6655973a8377b2de140c7ae0e422a46e568cfcaf467e80
data/processed/geochemistry/xrf/Site_14/Test_5857/5857_beam3_peaks.csv	7702	fa88d8a82b74790a6acfcc945ca95bc3779e61be418856aae2e086cfba709b90
data/processed/geochemistry/xrf/Site_14/Test_5857/5857_beam3_plot.png	307335	6a7b8ce9e1acbdf9739a24bf34790056755d2d4cc5fbf35acec144a708fed411
data/processed/geochemistry/xrf/Site_14/Test_5857/5857_beam3_spectrum.csv	29436	f2137283bad1749c1a0340d7bbe49d7299a59e59eb69022760a32ff8e408bb1a
data/processed/geochemistry/xrf/Site_14/Test_5857/5857_combined_plot.png	327874	1afa8ac01d6748faa8b40a9cc3c9ce80cc4c78d59410913ede836d7031542d2a
data/processed/geochemistry/xrf/Site_14/Test_5857/5857_element_percentages.csv	656	7a922ef3e4ed98acea1563006ba03f1d47e451e738f9817a433a083b4663a442
data/processed/geochemistry/xrf/Site_14/Test_5857/vanta_data_5857.csv	2738	b998bc0ce3ddb5e1846b2bac530a40f83203c5fa1c5b3211560d0211bb17307b
data/processed/geochemistry/xrf/Site_14/Test_5857/vanta_metadata_5857.csv	125	29b65f457ba64c6534518c50e966f8444a7d310e758cd2c3dd65ca94b748061c
data/processed/geochemistry/xrf/Site_15/Test_5859/5859_all_peaks.csv	15886	525d1f1bc27073f50acf1010ac9ef0d002e1fd6f3ba171044bc27e83388d5f7d
data/processed/geochemistry/xrf/Site_15/Test_5859/5859_beam1_peaks.csv	4662	8eafb5957ac929cf49825de0f6095cd52047f6cb92be2a8011bfd93b4d013f17
data/processed/geochemistry/xrf/Site_15/Test_5859/5859_beam1_plot.png	199387	0d906819322487d209e77bb60e5dc1cd0a28ca162ef8ebd1cd4cd641a74dab48
data/processed/geochemistry/xrf/Site_15/Test_5859/5859_beam1_spectrum.csv	31040	de51b7d391b23d20e2b2fdce78f0838ae832ed788ef490669feeba625d8ea45b
data/processed/geochemistry/xrf/Site_15/Test_5859/5859_beam2_peaks.csv	1142	1065a42690f6d99c410e8650110ba6abd187f16d3b99b2c84c81c65fa6a18784
data/processed/geochemistry/xrf/Site_15/Test_5859/5859_beam2_plot.png	118704	d63a4140db31c39e841caf7d56f7dec429c3d9b30ed2685a4d1b0a2d663fcf7a
data/processed/geochemistry/xrf/Site_15/Test_5859/5859_beam2_spectrum.csv	29203	1eff9fca4801818cbaeacc6f48a511c76e77a8b69500c3d34a11eb7e80ee43af
data/processed/geochemistry/xrf/Site_15/Test_5859/5859_beam3_peaks.csv	8009	4decbdbc9c82490bf6d8ca6a0fb5ef3e1fc7d76771e595e110d0119811b79d2b
data/processed/geochemistry/xrf/Site_15/Test_5859/5859_beam3_plot.png	301407	d93f42d30096289ab53a7b5024b6f681e955aab55d8d98eb6e70714a25ee4237
data/processed/geochemistry/xrf/Site_15/Test_5859/5859_beam3_spectrum.csv	29458	6c4e9680bf2ee39c489c61c430a0c8b2a9389fe76f1438f67b3c2b57ae44ab89
data/processed/geochemistry/xrf/Site_15/Test_5859/5859_combined_plot.png	326512	4598d06ba112f5e472161e8bf698e2a150ff4a65c42a6489d8d3939a0241017d
data/processed/geochemistry/xrf/Site_15/Test_5859/5859_element_percentages.csv	675	3452409ab03bafcc09ec2aebcaf4f8a6207f0537e2042a430b5ae4772fbb9efe
data/processed/geochemistry/xrf/Site_15/Test_5859/vanta_data_5859.csv	2738	7b530da3f0942d2bddb154d4dca81208ea21da963ff07e3c89ff628b25667170
data/processed/geochemistry/xrf/Site_15/Test_5859/vanta_metadata_5859.csv	125	32a529d1f6d34b44e299b3840a1de658c0cbd61df12815637d1942610655ac0a
data/processed/geochemistry/xrf/Site_16/Test_5860/5860_all_peaks.csv	15564	aefdd684d4fe56d0bfdde8f3265a17e88f607d231a5c07fd9859a710118d5fad
data/processed/geochemistry/xrf/Site_16/Test_5860/5860_beam1_peaks.csv	4527	19ec21b57bccf853c9f33d3b26d9cf45ce8bab3cc8bd6282cb66c91e60f140a4
data/processed/geochemistry/xrf/Site_16/Test_5860/5860_beam1_plot.png	198770	810b745fb562703cc36b8d4913950904787c43051b5094e1490b98535ae95883
data/processed/geochemistry/xrf/Site_16/Test_5860/5860_beam1_spectrum.csv	31018	0654de31ea9f08657a5698e0f2e97db22a25079cc895f43a519c7cf0529c7f25
data/processed/geochemistry/xrf/Site_16/Test_5860/5860_beam2_peaks.csv	1057	db236d736b1ceadebb4dd3c25de62eefaf9d54d5f0603ad7a8b0c2f70d59bcc5
data/processed/geochemistry/xrf/Site_16/Test_5860/5860_beam2_plot.png	118581	bd580df2ae3bd6022bd53ece635d368963d5b0c4645440829964a848dd4eaabb
data/processed/geochemistry/xrf/Site_16/Test_5860/5860_beam2_spectrum.csv	29211	eb8321af370956a981b7c22d089e02ea2e88b050469c52ae16177db505351468
data/processed/geochemistry/xrf/Site_16/Test_5860/5860_beam3_peaks.csv	7790	3f4e1fe18cf55a51bd37f275b4e0c5a0ac3c107fc9146d5497976035f1269393
data/processed/geochemistry/xrf/Site_16/Test_5860/5860_beam3_plot.png	305450	558a9f00adb33b0465b4c00a8df6f9567f17fd286d1ee289a120063edb7d39c8
data/processed/geochemistry/xrf/Site_16/Test_5860/5860_beam3_spectrum.csv	29622	f4c55a38db746579a28cda95b7727ec5daf4c7261819e57b459990061d238ae4
data/processed/geochemistry/xrf/Site_16/Test_5860/5860_combined_plot.png	322778	d2891a1a8ff99425ad6e1b0e116743fadf6ff62ad739471f44d598631488a895
data/processed/geochemistry/xrf/Site_16/Test_5860/5860_element_percentages.csv	657	a2bb27b2da5481f19a35163e2ccb6a9b2cf6598ce54de0f6fc4110ebd59718ca
data/processed/geochemistry/xrf/Site_16/Test_5860/vanta_data_5860.csv	2738	9cdddbd4a82429eaa349a59c97e40f7331b546e6a68de1e09dc8857babcda83b
data/processed/geochemistry/xrf/Site_16/Test_5860/vanta_metadata_5860.csv	125	86935b2a1d213174cf24b3c630eb475da87d8d35c508d2dfcdcfac124fbe8eaf
data/processed/geochemistry/xrf/Site_17/Test_5864/5864_all_peaks.csv	14791	c6049ac1be9805d456c5e5ff821738caf6b85b8897cfa7c0fac9908acb190caf
data/processed/geochemistry/xrf/Site_17/Test_5864/5864_beam1_peaks.csv	4270	fb732fee9e1e1e1e035956d5def2d1247b4528dfdbf5711113d7ef859bbb8100
data/processed/geochemistry/xrf/Site_17/Test_5864/5864_beam1_plot.png	194476	65d512fe14d27c52c14496b18d8320640d03e206354e4665e4f4d25dbc578553
data/processed/geochemistry/xrf/Site_17/Test_5864/5864_beam1_spectrum.csv	31224	83f622dff92a6b79826a55af1e353528f196642d83fcd5c27924ec09efcbbde8
data/processed/geochemistry/xrf/Site_17/Test_5864/5864_beam2_peaks.csv	942	aef02ccce5e23853b69e6357569618a9da59a854f5ba745dc7f4801827111d42
data/processed/geochemistry/xrf/Site_17/Test_5864/5864_beam2_plot.png	121495	b8478d91f09950a966a70ea5dea3526699e7a4fd8c88705835cf12fb3a78dc2b
data/processed/geochemistry/xrf/Site_17/Test_5864/5864_beam2_spectrum.csv	29249	895d607e6cf0539b0caaab8c27b36207471f9793e16471ac601c34b62f384ae9
data/processed/geochemistry/xrf/Site_17/Test_5864/5864_beam3_peaks.csv	7638	c6eb3bcf7b68506080ef083f7e8589830216b804cec82d948010825eed086bb3
data/processed/geochemistry/xrf/Site_17/Test_5864/5864_beam3_plot.png	294643	429480f1722de0c26e206c8ed0d0da2a741ce35bcb1d7735e6d581ea4ded0b87
data/processed/geochemistry/xrf/Site_17/Test_5864/5864_beam3_spectrum.csv	29941	c7a713edb0c198dfeea006096878f1797aa0cf2cf037a031bdcbe444412fb306
data/processed/geochemistry/xrf/Site_17/Test_5864/5864_combined_plot.png	322911	2fde943720e4be897b20e66648ac13007824e6016ab9bcfe2569006a3f4bbdec
data/processed/geochemistry/xrf/Site_17/Test_5864/5864_element_percentages.csv	676	1f58d9b44cd8f5287bf59aa4add455873f8189e30b147135d2effe8b0259c5d3
data/processed/geochemistry/xrf/Site_17/Test_5864/vanta_data_5864.csv	2738	745e89ff3e3aa424718b725c3f931165e0c6b7d24e4dda8114c7f30f96e99144
data/processed/geochemistry/xrf/Site_17/Test_5864/vanta_metadata_5864.csv	125	4ccc3836096d36de6889f7f2a58c061fa80e76d30af00169d064211cae5355ce
data/processed/geochemistry/xrf/Site_18/Test_5865/5865_all_peaks.csv	14791	6f83575ff0281a910b421cc0f92f646f49d0768eefb538ac5c6883a265020ba9
data/processed/geochemistry/xrf/Site_18/Test_5865/5865_beam1_peaks.csv	4330	bc6dd7f99b9106f9732acf49752afdcf0f328a5b778cc3478e2188a1d0920e3c
data/processed/geochemistry/xrf/Site_18/Test_5865/5865_beam1_plot.png	185188	a6d12cf740fee4848731bfc860e9b37abcc4ef9096af0fa912408edba0354f19
data/processed/geochemistry/xrf/Site_18/Test_5865/5865_beam1_spectrum.csv	31752	153d9319c6f718c9c40b41bf69d82db2a194518212cb940bcc8822a41dc100ad
data/processed/geochemistry/xrf/Site_18/Test_5865/5865_beam2_peaks.csv	918	ddb1277150496e9d07df166a94578ace2c7deda453c83155995acc7a69dadd1b
data/processed/geochemistry/xrf/Site_18/Test_5865/5865_beam2_plot.png	125530	21b3acd608f9746b93e8e551dfb5ac747dcbddcc7ed9fd0cf27d5d632a83993d
data/processed/geochemistry/xrf/Site_18/Test_5865/5865_beam2_spectrum.csv	29337	07694d93d498908e3993a577837e378e832223b1ca3eaf42d19513a059678e67
data/processed/geochemistry/xrf/Site_18/Test_5865/5865_beam3_peaks.csv	7627	9511730d80cb0ddfa0f338fe1c6ab190d2c0fb9d7575e87a080f6862dca55028
data/processed/geochemistry/xrf/Site_18/Test_5865/5865_beam3_plot.png	262925	3c2b9ba94bd46651f8b20a960d2f720fe2e879096e2d060e68bb9c036b9023be
data/processed/geochemistry/xrf/Site_18/Test_5865/5865_beam3_spectrum.csv	30474	237d5c4ec688d3f6799da552e8c0524082c8b123f46e51fb2e931f6d9242fd17
data/processed/geochemistry/xrf/Site_18/Test_5865/5865_combined_plot.png	309995	79accaffa686dadbb12dcc52d59d8fd7c48c207163f669c6f8f73d149ef0d463
data/processed/geochemistry/xrf/Site_18/Test_5865/5865_element_percentages.csv	681	d6f08d40eb268c900efcf9e4068d8ebb2510e7665b060f8c6c2fad08a80b8b03
data/processed/geochemistry/xrf/Site_18/Test_5865/vanta_data_5865.csv	2738	7b51c78162cb5ef78f851cefa9ac629fb8ca561f153ddd1ef557bd516ce45ca1
data/processed/geochemistry/xrf/Site_18/Test_5865/vanta_metadata_5865.csv	125	fb2a19d04df1469346c6c7e2813ea485045590b7a71ef5927f50a47fb9199e9f
data/processed/geochemistry/xrf/Site_19/Test_5868/5868_all_peaks.csv	14047	76d074f13c693c8bb7a1ff33391323f6f961500a62b2388bfe361384d980dacb
data/processed/geochemistry/xrf/Site_19/Test_5868/5868_beam1_peaks.csv	4009	093d2b4a7a8e53a2673b065ed29b1ea256db4359760c1af6345a49ac1fba5cec
data/processed/geochemistry/xrf/Site_19/Test_5868/5868_beam1_plot.png	182800	ad4e32da87fe193fa0f40ff2dd2aabc15dad6d574ebd569bf357026172339730
data/processed/geochemistry/xrf/Site_19/Test_5868/5868_beam1_spectrum.csv	31930	fd6dd52a77926dd50fd6a3ce74c151b3fcd191c4bb6393153dda9096b4ae020d
data/processed/geochemistry/xrf/Site_19/Test_5868/5868_beam2_peaks.csv	832	4eeb9065268a484e82d354e5471fcec5650583c386ffb39628a4f42ff18ae492
data/processed/geochemistry/xrf/Site_19/Test_5868/5868_beam2_plot.png	126383	4099d9dfa1aee82e4e7253da21134da58f1119ccd96b3018d218aab6e65d6cd0
data/processed/geochemistry/xrf/Site_19/Test_5868/5868_beam2_spectrum.csv	29439	f03347533cda11c48d5477ab6f0495720d4f70c098e23192af83b148bbdf63c1
data/processed/geochemistry/xrf/Site_19/Test_5868/5868_beam3_peaks.csv	7479	bfcb91b2538762f7f008c8821e9112c91a6c2ad69e5c93bc425d10534e073611
data/processed/geochemistry/xrf/Site_19/Test_5868/5868_beam3_plot.png	254737	39794d20f80f6e9eeb574df7bbd126c0fcf2c388a1ee28fe5864ee44818ed534
data/processed/geochemistry/xrf/Site_19/Test_5868/5868_beam3_spectrum.csv	30675	827f796fca82f8bf8859d0e08e26025baba1b79a2062145a3bbf75b58b30f2ac
data/processed/geochemistry/xrf/Site_19/Test_5868/5868_combined_plot.png	300973	e776792691d303641a0f7c46eb235078c9df3f135194e7f4283643f989d874e5
data/processed/geochemistry/xrf/Site_19/Test_5868/5868_element_percentages.csv	664	7555f89e954e1bb882580b3df86d1264254a97b2cd76bed509d262bf7661d6a2
data/processed/geochemistry/xrf/Site_19/Test_5868/vanta_data_5868.csv	2738	a454bb767ac497c49d06c79062092e0f6e1069610c80baf170df83b2bfdbac3c
data/processed/geochemistry/xrf/Site_19/Test_5868/vanta_metadata_5868.csv	125	afe67030c1790c257cee82264d52c948172a7111ab90658ba10685171178a352
data/processed/geochemistry/xrf/Site_2/Test_5830/5830_all_peaks.csv	15259	a0a679ea9aa8d5218145dfe954af52ef9b871286110ef9c30f0ac143e61e98fb
data/processed/geochemistry/xrf/Site_2/Test_5830/5830_beam1_peaks.csv	4992	f65df279620dc9bcf8d5b3ed8ad6119b600c871ef1400c8a522df4ee099fa80a
data/processed/geochemistry/xrf/Site_2/Test_5830/5830_beam1_plot.png	216874	439d5c954856109f1f4f7011b9d0f219385507c0ae7b590947affa43761e5cda
data/processed/geochemistry/xrf/Site_2/Test_5830/5830_beam1_spectrum.csv	30706	fd7ccf3816483ebaa4dcb382e1a707878e2178b9c335439837564ad70594ffdf
data/processed/geochemistry/xrf/Site_2/Test_5830/5830_beam2_peaks.csv	1037	fb0b51cd8fab67418e13179dd7db74af29c458a3265eadb91d7628b781cfe59d
data/processed/geochemistry/xrf/Site_2/Test_5830/5830_beam2_plot.png	130905	53b3b9c2e698050ed74e9259f28fce0e34c5b00c2414634920631cd4a2fd6a5a
data/processed/geochemistry/xrf/Site_2/Test_5830/5830_beam2_spectrum.csv	29382	bee588c736ad4fb1deb9588caad5bd65cab5a4609b4496656638808c938c334f
data/processed/geochemistry/xrf/Site_2/Test_5830/5830_beam3_peaks.csv	7158	db977b561046b9e9774222fb0426af0eabbdef5a4864cb6e1ab16b2873bef5cb
data/processed/geochemistry/xrf/Site_2/Test_5830/5830_beam3_plot.png	257843	dfc1f191446e0cc41cbbf8738cd967e382a38dca2cbe8bf21a93ba595b87cd3b
data/processed/geochemistry/xrf/Site_2/Test_5830/5830_beam3_spectrum.csv	30741	93a9a4427b15cbeb7007cf155c00d2a6880dd10e2d266e611888aaf21b288a59
data/processed/geochemistry/xrf/Site_2/Test_5830/5830_combined_plot.png	325722	42da0d320036a934ab3049d785f5e22aad378c8d1bb1e0d45efd68235de29b3d
data/processed/geochemistry/xrf/Site_2/Test_5830/5830_element_percentages.csv	662	f5cdf0500a393158ef95199c7d14f6db2a60d0f23c28d6fcb14b19b58d9e6f8d
data/processed/geochemistry/xrf/Site_2/Test_5830/vanta_data_5830.csv	2738	1fe16b0f92763a529922cf3e45fd8a8e42b375bdc30d4a15afa762ede9d0b3c3
data/processed/geochemistry/xrf/Site_2/Test_5830/vanta_metadata_5830.csv	125	4e5e3ddf094c2efec2ebfa9c8afe80d8bb95d50ef78766e5a431ff3f35a18cd6
data/processed/geochemistry/xrf/Site_20/Test_5869/5869_all_peaks.csv	15608	fcfce1a863b41b20d087cf371ae2d0d9171bc7c75adc52aed3061b0aa53696d1
data/processed/geochemistry/xrf/Site_20/Test_5869/5869_beam1_peaks.csv	4541	4aaa47fabaef8e22de52a3475af8348b715c7863b9071324a90d1f5a34053432
data/processed/geochemistry/xrf/Site_20/Test_5869/5869_beam1_plot.png	190220	2a293d3c3e6f8bee8b6ca4b082ea46a84935434721a240cc3e2670c106639f4d
data/processed/geochemistry/xrf/Site_20/Test_5869/5869_beam1_spectrum.csv	31175	eb7dc6670f58f4e8a90cb0167e2b4671bf6fd12ad3729f2027cc3e030d75169c
data/processed/geochemistry/xrf/Site_20/Test_5869/5869_beam2_peaks.csv	1035	f713d0cd0a601a15c436ce0f5467255359a797f6016bd1b42ba48b8b5cb287a0
data/processed/geochemistry/xrf/Site_20/Test_5869/5869_beam2_plot.png	117877	fccce2b97408cbb3d513dfa27ad7dd42791d9230ca49ed3af8c346b92784fccb
data/processed/geochemistry/xrf/Site_20/Test_5869/5869_beam2_spectrum.csv	29206	9f4c81c379d3271674210f2eb3cf9a7ebdbbfbeef6182890735eede73eb5a492
data/processed/geochemistry/xrf/Site_20/Test_5869/5869_beam3_peaks.csv	7992	8120506e8395d058cf93b5836d6909db0cf7e54f8bfe962c5866c8ce91bfb7fc
data/processed/geochemistry/xrf/Site_20/Test_5869/5869_beam3_plot.png	300288	e89401a2623eb356cf8d0ec935570045008bb099f4dba37efe6c21353c0844ae
data/processed/geochemistry/xrf/Site_20/Test_5869/5869_beam3_spectrum.csv	29588	1865259259c1d57ff21ba32e6b7686ec8816901187f862b56d94de7d64fccc8b
data/processed/geochemistry/xrf/Site_20/Test_5869/5869_combined_plot.png	314594	0a5360d94c26da74a5cef059dae16f2ce522743bbc4e20ae0d1dab882b7ad474
data/processed/geochemistry/xrf/Site_20/Test_5869/5869_element_percentages.csv	639	8c7c438154298f3c59554324026c6dd69ccc4b08ea6df4de2bef6ad066285c88
data/processed/geochemistry/xrf/Site_20/Test_5869/vanta_data_5869.csv	2738	b168998eb22ce502500046a0b53dd6fe8faaa36b73a3d03ff331c09bf65ddf51
data/processed/geochemistry/xrf/Site_20/Test_5869/vanta_metadata_5869.csv	125	449c022521bc56e8e654650230adf4ef39a0147e3dd6b812816d06ca380e2ff9
data/processed/geochemistry/xrf/Site_21/Test_5870/5870_all_peaks.csv	15812	0f67f7da34101a5369fdbb58bb29bd3850c3b055feef85c49f0897bb41546161
data/processed/geochemistry/xrf/Site_21/Test_5870/5870_beam1_peaks.csv	4538	3afe1ae02e21659406cf83c31d9d3cde3eb294301d813a956536fa290c6a076c
data/processed/geochemistry/xrf/Site_21/Test_5870/5870_beam1_plot.png	207907	5f8b8fa1a34600981f2802764a898d8a5e467dc4ac9090cfb78c569a0c7fac58
data/processed/geochemistry/xrf/Site_21/Test_5870/5870_beam1_spectrum.csv	30845	c6112dcfa3cdd166c32376b80b7c30c5766c468e6c38ca59ff50cdcecbeaffda
data/processed/geochemistry/xrf/Site_21/Test_5870/5870_beam2_peaks.csv	1052	6fa1a667ab0a2f6a6ef6c7ccd636f8adc86e3e0ec0977b496b3c72ae987ef7c0
data/processed/geochemistry/xrf/Site_21/Test_5870/5870_beam2_plot.png	114647	d5f361986a92b5cbc578e6fbc0644fcd3d7c18f10ef255bc9f797aaa4d18dcd1
data/processed/geochemistry/xrf/Site_21/Test_5870/5870_beam2_spectrum.csv	29180	f0a39411ed04ffc2a1330587183d0c34f122dc113ee61133b4e6e93aa884b1c8
data/processed/geochemistry/xrf/Site_21/Test_5870/5870_beam3_peaks.csv	8210	14fadbaf1ce91282059f79a7488275a45ef5dddf06ac2f80cd186efd761babeb
data/processed/geochemistry/xrf/Site_21/Test_5870/5870_beam3_plot.png	305425	cf74c178a1a4320b582486115e2d9e268ae75abcf477ffd0b30865f4d2635439
data/processed/geochemistry/xrf/Site_21/Test_5870/5870_beam3_spectrum.csv	29513	024d5e20cfe96cd3f691bd67df9eaa2779b87817badd466f60a62f7c3ad39e1d
data/processed/geochemistry/xrf/Site_21/Test_5870/5870_combined_plot.png	330596	aaa2d5bf6660e153c1aec7f2065e1a1428c7f81a905b70725cc14261c9e26cde
data/processed/geochemistry/xrf/Site_21/Test_5870/5870_element_percentages.csv	655	b64da2ac40c45d2ed888319abefac5e2afed09f09a6b2f8664c628427fc973e0
data/processed/geochemistry/xrf/Site_21/Test_5870/vanta_data_5870.csv	2738	072a8dd0635103d5343939391eac04a4a67d133685ef6d40faf5364aad943769
data/processed/geochemistry/xrf/Site_21/Test_5870/vanta_metadata_5870.csv	125	d51c54b2db4008c2eab5845eff9196f16cae4b2bc0c878a09c21c904ca612a24
data/processed/geochemistry/xrf/Site_22/Test_5871/5871_all_peaks.csv	13881	b5ccb7d78ad0388bc75863e50d2ad8ace31e25a783354eb0f4bcc58610d3dfa9
data/processed/geochemistry/xrf/Site_22/Test_5871/5871_beam1_peaks.csv	4491	d3a32f5069123d8cd3014b3f9b34361c1499f2388e71c352def3e66e778e06b6
data/processed/geochemistry/xrf/Site_22/Test_5871/5871_beam1_plot.png	211200	6599ed24db2722dd23351727220278d7851321bb01b7d22a9641564b4d934446
data/processed/geochemistry/xrf/Site_22/Test_5871/5871_beam1_spectrum.csv	30965	b7bc47a5978fb4625a42f275d3d45d18b133cbb932a61cbcfe581563f4bf20db
data/processed/geochemistry/xrf/Site_22/Test_5871/5871_beam2_peaks.csv	455	bc3c24252eed890ba9551b1be060ea711efdeeb8b4791b05440d8c0d2e6a70b9
data/processed/geochemistry/xrf/Site_22/Test_5871/5871_beam2_plot.png	119456	d07958ce4bf4b805c21aab631ad84a44599de0b102fef39b01ce66a388a7ed32
data/processed/geochemistry/xrf/Site_22/Test_5871/5871_beam2_spectrum.csv	29306	c4ef92c5584f7187513eadf74c4189069f1ea949f165153578de0b5e33329534
data/processed/geochemistry/xrf/Site_22/Test_5871/5871_beam3_peaks.csv	7074	7d959ce5b47a371d7aa10b574b2338ea990ccf7008e7682e018e94a926c87572
data/processed/geochemistry/xrf/Site_22/Test_5871/5871_beam3_plot.png	264201	d18670ab53ddc5a3510c3cc3c46973cc2e9265b890c7d36ab9d96a44fb74441e
data/processed/geochemistry/xrf/Site_22/Test_5871/5871_beam3_spectrum.csv	29587	8c192d497ec4be1e9207c7bd97297362b4e8f6b1eb8e73a925d73c59be851b82
data/processed/geochemistry/xrf/Site_22/Test_5871/5871_combined_plot.png	317451	50b112572c908d1be3036f446a39cb809bd4854ede328b498a6d9511530df3c9
data/processed/geochemistry/xrf/Site_22/Test_5871/5871_element_percentages.csv	668	1d24c63a33b2d45067c4ea9b3f721079c393eebb2dff9a88ba193ec71e869348
data/processed/geochemistry/xrf/Site_22/Test_5871/vanta_data_5871.csv	2739	158cbb248ad60268218d5f12ac2aa5c3a539a99bdc2d1c34eca1d85d4af4d41f
data/processed/geochemistry/xrf/Site_22/Test_5871/vanta_metadata_5871.csv	125	e13bda76ceaa9453afe8fe48997d1efffa6e9987b5916a2effcfd41e82d08210
data/processed/geochemistry/xrf/Site_23/Test_5875/5875_all_peaks.csv	14780	01c96e6fdff7cf02e1afb97c8fb41433c5b95b85852879db291dbcdb2000a660
data/processed/geochemistry/xrf/Site_23/Test_5875/5875_beam1_peaks.csv	4279	e50f2be4fc1eb46278adabe281bec79ee11fcf33d9287b783f29741dbe7263b4
data/processed/geochemistry/xrf/Site_23/Test_5875/5875_beam1_plot.png	196926	dbf585cde16ac655eb8ed0ddf34b3eb64586b898d1676064f5d0c3683026ed9c
data/processed/geochemistry/xrf/Site_23/Test_5875/5875_beam1_spectrum.csv	31362	68ebbbe899a2b7bdb699eb7f7cca0f150803f123fb78c11fd322be1625c992f4
data/processed/geochemistry/xrf/Site_23/Test_5875/5875_beam2_peaks.csv	852	651f859da9e9a8ea9cd801dc6fc5c07f9f59ca14090d2d9837bc053ac168b2f9
data/processed/geochemistry/xrf/Site_23/Test_5875/5875_beam2_plot.png	128725	b951b58c3ed9c6a42c69d5708f06b63d11e8a8e14fd4f7e2c24b4dbd16b7169f
data/processed/geochemistry/xrf/Site_23/Test_5875/5875_beam2_spectrum.csv	29291	cf97c0a553bb670bdc66337902ccabbfabb1fb6eb8587c63fbd7d324f28e4e8c
data/processed/geochemistry/xrf/Site_23/Test_5875/5875_beam3_peaks.csv	7673	f381ea4f306acdda83dc693858282bb17865352a52ad913c0ca09c5a199ab1d2
data/processed/geochemistry/xrf/Site_23/Test_5875/5875_beam3_plot.png	276466	ffe601032645b5f41f5f991af9b0f34ba183d66660e77c4053f3ff1d993c6e3d
data/processed/geochemistry/xrf/Site_23/Test_5875/5875_beam3_spectrum.csv	30227	f14ada37faaa08cf7ccbbd47f9abf404e8170a09b322575a97e32d73f098e9b8
data/processed/geochemistry/xrf/Site_23/Test_5875/5875_combined_plot.png	324577	6aa42a90cdc5c4ad08c02389e6bb2b116e89753e52de67e146190282504ab261
data/processed/geochemistry/xrf/Site_23/Test_5875/5875_element_percentages.csv	678	3538ae20537bd3c07c98f659ce6a89ed89f1e811dff00ffb7fa3a9e897d96e2a
data/processed/geochemistry/xrf/Site_23/Test_5875/vanta_data_5875.csv	2738	1170768bf91798384451522f1a06cfbe72addb7cf600a889ac1027178526372b
data/processed/geochemistry/xrf/Site_23/Test_5875/vanta_metadata_5875.csv	125	90903dce7cc80da26c18f318e830440ef959e0d5093ceecc99ca4300bd6b0041
data/processed/geochemistry/xrf/Site_24/Test_5877/5877_all_peaks.csv	15059	719aeebd2f0d04801a1f287456d26ec9d8011096c82e86e789498622766996fd
data/processed/geochemistry/xrf/Site_24/Test_5877/5877_beam1_peaks.csv	4450	4b267d40cd11b21e5d3cd23ea893d67ebc1c455ae21c2d5bbc2d5ef2f7dc024c
data/processed/geochemistry/xrf/Site_24/Test_5877/5877_beam1_plot.png	197639	928972e5b48dc85c73e9b42536f2c721da3158b5611c450f9ee634a658751f8b
data/processed/geochemistry/xrf/Site_24/Test_5877/5877_beam1_spectrum.csv	31065	2ada6fbe097bb51be999cb39d2dc47ca7b5c737c3462e4f0f61ef3cf52a7c633
data/processed/geochemistry/xrf/Site_24/Test_5877/5877_beam2_peaks.csv	921	d05737062b3f8855543402083cf31b0299209de55cff015c575aee3e1deaa19f
data/processed/geochemistry/xrf/Site_24/Test_5877/5877_beam2_plot.png	120803	b801cd2a2984012ee5af04d09dfdfd0e3bd6bebbce907a2177fe4ad3a8376f0f
data/processed/geochemistry/xrf/Site_24/Test_5877/5877_beam2_spectrum.csv	29236	4b4d2036e8f591e06606017c26cd8c613bb5ade7b37f8f07894662a3a2416df1
data/processed/geochemistry/xrf/Site_24/Test_5877/5877_beam3_peaks.csv	7826	4f20dbd9dd7c61e9563e359a3ac5ef0acc79d9d29bc2e8991fa200ae3dea4160
data/processed/geochemistry/xrf/Site_24/Test_5877/5877_beam3_plot.png	271587	696d2e930ff5ae903e73344443a48f983d09841057a9652284556e6ca052afcf
data/processed/geochemistry/xrf/Site_24/Test_5877/5877_beam3_spectrum.csv	30218	b7e69c67f9cece7bd1d44285a424ce3cf351416c38e41a54bd305c305b8593fc
data/processed/geochemistry/xrf/Site_24/Test_5877/5877_combined_plot.png	311951	16ebebfd687839e3ff11c0c2587722e9a8dde18ca5d5cc57ef96b418b41e1d0f
data/processed/geochemistry/xrf/Site_24/Test_5877/5877_element_percentages.csv	677	efba5687aac00a2eecbc53c044c4d2123afb5f6845b9a28d4a1358235c16d408
data/processed/geochemistry/xrf/Site_24/Test_5877/vanta_data_5877.csv	2738	ecf3048851e6c0aa2add0f2d3f88d9b3df31d47ee191dce7748501f40394540f
data/processed/geochemistry/xrf/Site_24/Test_5877/vanta_metadata_5877.csv	125	5aabbd1db1d6e8f5f6580e3d4db7aaf9738dc6043cf4e2eb6fa28267ce86ad8a
data/processed/geochemistry/xrf/Site_25/Test_5878/5878_all_peaks.csv	14625	785ffee7adc6eda62c788d7c43fa27920c2f207a736b15f2744ea9604374098c
data/processed/geochemistry/xrf/Site_25/Test_5878/5878_beam1_peaks.csv	4204	12b0dec541a3242ea5753db8f5cd1a9fd9e492903a88d6bfb5bf0b5dd30dc232
data/processed/geochemistry/xrf/Site_25/Test_5878/5878_beam1_plot.png	184119	df83da37d57841590b9c85cc78a7ae4172c51e425b1a710161fcd86ab41dc1c5
data/processed/geochemistry/xrf/Site_25/Test_5878/5878_beam1_spectrum.csv	31281	525235119de157497d7dad9b1b399482661992d0db221c02d93b60e3e46897ec
data/processed/geochemistry/xrf/Site_25/Test_5878/5878_beam2_peaks.csv	998	8089addac8f3b3f1300df8a4bf5e4aeb03840db7ab1980ec71d0594fcd979419
data/processed/geochemistry/xrf/Site_25/Test_5878/5878_beam2_plot.png	118774	17a218eb770abedf73cc1693fa13f6df2f7c1b54e835ffbe13b2403f7c4139cf
data/processed/geochemistry/xrf/Site_25/Test_5878/5878_beam2_spectrum.csv	29293	ba2e7adde4b3e49c15e800ec4e59f19a87309efe0edb01554907377cd15d188a
data/processed/geochemistry/xrf/Site_25/Test_5878/5878_beam3_peaks.csv	7524	19cc81dcd7cfcaf6d009ec30a373bc6a58a38fcd08007ddd2ee98ffa01ac8456
data/processed/geochemistry/xrf/Site_25/Test_5878/5878_beam3_plot.png	265964	19b77c1b74e435bdc40693d77d775f4ff7645c51fc465aaa18240be8f5e46235
data/processed/geochemistry/xrf/Site_25/Test_5878/5878_beam3_spectrum.csv	30381	ed2e5696d9192e9a108ee4442d3ea856a5f05add3dc529e35a50bee8c61e44ac
data/processed/geochemistry/xrf/Site_25/Test_5878/5878_combined_plot.png	299783	b9857761d01a948d8582e92bbb96d66ec8a5135ccce6b0f0dc23a64064d5f692
data/processed/geochemistry/xrf/Site_25/Test_5878/5878_element_percentages.csv	678	422c67f05020732e7c9e72db99e48efc7ea1ac814bb36fd57464cf16d5234c44
data/processed/geochemistry/xrf/Site_25/Test_5878/vanta_data_5878.csv	2738	585f121e795d55b87c0e5c3bfde1e4f63d018abc6189e7407422624f81df2772
data/processed/geochemistry/xrf/Site_25/Test_5878/vanta_metadata_5878.csv	125	5be48788d00e4d84c9b97d3decdef80a74ac8a105d2495d73cb495e6c09b5de5
data/processed/geochemistry/xrf/Site_26/Test_5880/5880_all_peaks.csv	14190	7b3225cf93af9987c48747a1b95f96ae9ab12e7cc6b87f629b01a69b52b4aa4b
data/processed/geochemistry/xrf/Site_26/Test_5880/5880_beam1_peaks.csv	4496	ea67f79418a050434aa243f0db982c03fef216774695607ed59176589cc6d4dc
data/processed/geochemistry/xrf/Site_26/Test_5880/5880_beam1_plot.png	177747	25c0ff146cdf6322521f0abcada27a4aeac140e5158871cdc4c72d9d3b0df08c
data/processed/geochemistry/xrf/Site_26/Test_5880/5880_beam1_spectrum.csv	31988	65a96b508a7beacc4be257dea1b252eb508cde02cae5ff9bb9fb84dc5d9fb792
data/processed/geochemistry/xrf/Site_26/Test_5880/5880_beam2_peaks.csv	715	d7565d5480bea468b3487872a3cfec5335daf33eff781ac0f9d8ca9254177a80
data/processed/geochemistry/xrf/Site_26/Test_5880/5880_beam2_plot.png	122235	496f8f6369eecb7142e9b046f823359210f5fa8e16276428fe23dd5e085e07bd
data/processed/geochemistry/xrf/Site_26/Test_5880/5880_beam2_spectrum.csv	29433	a69bebea49bc61605b25c70bd5fc00264485821c8e593775173098075c2e9503
data/processed/geochemistry/xrf/Site_26/Test_5880/5880_beam3_peaks.csv	7088	ed61065abf9e76f03a6dfb13fece9ca091cccbc52f7fab5a017cbde405231a2e
data/processed/geochemistry/xrf/Site_26/Test_5880/5880_beam3_plot.png	253152	752c26d12e1ba66aa2c7733283f2b7b551ef9b3e8381eb4ce755adbb2efc2cb1
data/processed/geochemistry/xrf/Site_26/Test_5880/5880_beam3_spectrum.csv	30657	e4c9a3bbc114cd5ab7f7e798cc3bf159eceb0dc41a37429755327f0492333da7
data/processed/geochemistry/xrf/Site_26/Test_5880/5880_combined_plot.png	293057	943a5739694a9633b754ae1cca2388aff5710f699b37066931cebb59cf571f2d
data/processed/geochemistry/xrf/Site_26/Test_5880/5880_element_percentages.csv	660	b78298e57a1481b8ecfa4809cd7fe8b13918656020c3e507b3900762c411d46c
data/processed/geochemistry/xrf/Site_26/Test_5880/vanta_data_5880.csv	2738	8e6e9403425a764c8f01a84dfc310e2c63c6f5f359dcb0d67730f12320f3b32c
data/processed/geochemistry/xrf/Site_26/Test_5880/vanta_metadata_5880.csv	125	a657df732181f98ac0e2e3f561ebc3a7d0661552ace803b235935e045887de00
data/processed/geochemistry/xrf/Site_27/Test_5881/5881_all_peaks.csv	13879	f7bd20055f9c3fcf4d8d7b434b44dcff7b76616138ce151c4ddcbd561a21619f
data/processed/geochemistry/xrf/Site_27/Test_5881/5881_beam1_peaks.csv	4127	fe9da601b527a4578399fee5496b22dd63797b881413e2c3cb1b72ee56ebaa37
data/processed/geochemistry/xrf/Site_27/Test_5881/5881_beam1_plot.png	183427	2fb7cfcd43a869b32a8dc4b296b522ba81d80cf88cfae239ecc7f2e9f2940d83
data/processed/geochemistry/xrf/Site_27/Test_5881/5881_beam1_spectrum.csv	31858	a80034a0d3bf91fab0f72d5e19edcabe0a46abe2d359b105c1ac2adf64f208a6
data/processed/geochemistry/xrf/Site_27/Test_5881/5881_beam2_peaks.csv	689	cc220c19f621ada252503dc3b4d35a6dc1baeb8951e9df2552b81774c07dd390
data/processed/geochemistry/xrf/Site_27/Test_5881/5881_beam2_plot.png	120718	288d78b202fdf905a04e38480fe6dccf294270b84fed81eca63c8f9f69061005
data/processed/geochemistry/xrf/Site_27/Test_5881/5881_beam2_spectrum.csv	29428	1447dc7b94173f9e5baed2b0ee7957820afa3ec7c95073562fa32f668be433a1
data/processed/geochemistry/xrf/Site_27/Test_5881/5881_beam3_peaks.csv	7248	e37c4d606327265f606682139c7e105a585925c086a342e3b764fe3f79efedea
data/processed/geochemistry/xrf/Site_27/Test_5881/5881_beam3_plot.png	252452	5e4af52337071d064465645db4ac568340241271f1b48b8a34385e6f888a50fd
data/processed/geochemistry/xrf/Site_27/Test_5881/5881_beam3_spectrum.csv	30688	42a23c8cfb849a01b6055b684fac4422b7f1aabae7c933f909b5882117672910
data/processed/geochemistry/xrf/Site_27/Test_5881/5881_combined_plot.png	299651	1ede6ee259fe63310a55b006990e3f1556424a01f40c61aceca2b71359d53f31
data/processed/geochemistry/xrf/Site_27/Test_5881/5881_element_percentages.csv	676	3bed90ff763e031ea7585c0c34d2fcaacda8f735bedff2423459a932c1e3545c
data/processed/geochemistry/xrf/Site_27/Test_5881/vanta_data_5881.csv	2738	48c1729eccbe0078e1a10415fede2f9467980c39680aa0d77c19aa6b8b780c3e
data/processed/geochemistry/xrf/Site_27/Test_5881/vanta_metadata_5881.csv	125	bd3ee4a180d1c61c143b6892645c1fb88f25bc44b4a75d3d6be07a9273f9fd7e
data/processed/geochemistry/xrf/Site_28/Test_5882/5882_all_peaks.csv	12687	738812113a98d37c82fc93eccb091e65b5d580c037f458cb66c82b02eed09096
data/processed/geochemistry/xrf/Site_28/Test_5882/5882_beam1_peaks.csv	3781	f57736a5c641df942f4f1386e7ab5b3304a42bcd2b3d67f6c36737bd9b80400d
data/processed/geochemistry/xrf/Site_28/Test_5882/5882_beam1_plot.png	170965	af9b504bd496a90ba0557c442d9d848e551b8ee739884843f63b007505cd9238
data/processed/geochemistry/xrf/Site_28/Test_5882/5882_beam1_spectrum.csv	32311	0b2dcf3bbe58d9a2140cf951ec586a732f5e502e883bf04211dc36f03188832d
data/processed/geochemistry/xrf/Site_28/Test_5882/5882_beam2_peaks.csv	347	d8d4031982cbf854d56d8df78c02cf6eccbe03eb8c4c1f5856e3e5150cf77e32
data/processed/geochemistry/xrf/Site_28/Test_5882/5882_beam2_plot.png	123229	a82e888c3ca6a3996eb3f2c5119abf15449bbff5bd20828fb3d762d2a251c5e2
data/processed/geochemistry/xrf/Site_28/Test_5882/5882_beam2_spectrum.csv	29498	cce61825106ca50e5c5e65443f7644023ee5a22ec8fc6565e5a27b71e9e8701b
data/processed/geochemistry/xrf/Site_28/Test_5882/5882_beam3_peaks.csv	6898	84eb3bcc37fcc9a2cbd6c250da5399b117249918da808d54d5314b339c71be2d
data/processed/geochemistry/xrf/Site_28/Test_5882/5882_beam3_plot.png	232193	36288b5215663d3ddc8f8dc45ba6e168d557932b793243afceb7ee2ae4bed47e
data/processed/geochemistry/xrf/Site_28/Test_5882/5882_beam3_spectrum.csv	30902	241eb19525582ad6ba0196596c018da91fa64f302c6b636bc4a0fa67619a9dbf
data/processed/geochemistry/xrf/Site_28/Test_5882/5882_combined_plot.png	281843	21e7ff45618385b304d8aba0d2cc361bc7a66081cc8bb1db071d3df23975635f
data/processed/geochemistry/xrf/Site_28/Test_5882/5882_element_percentages.csv	623	6462e94c0e52d3063b4d69f6a6842f8c3ff3072a785c3228e2d5270c1711d130
data/processed/geochemistry/xrf/Site_28/Test_5882/vanta_data_5882.csv	2738	b37787bbbbc08a55ace268a5ccbe51ec437f2c3d5ffb7734e816a4f910ea76d5
data/processed/geochemistry/xrf/Site_28/Test_5882/vanta_metadata_5882.csv	125	7d80adffab9b42a281b827e3c63bf55ccb67b092ece92635abd721fce6587bc6
data/processed/geochemistry/xrf/Site_3/Test_5832/5832_all_peaks.csv	14389	a0192c974161b36737e997a5630327cbb9c894bf1a8b83587a54f2b251ddc789
data/processed/geochemistry/xrf/Site_3/Test_5832/5832_beam1_peaks.csv	4247	302109ad45ce9d334c5820f95b1c9d4b271daa15f6b7459081573326e9ca0126
data/processed/geochemistry/xrf/Site_3/Test_5832/5832_beam1_plot.png	187515	dfca343c7ee24ddcbb78cfe9dbfca8f683e65791d2dff55f23e878919279f2f3
data/processed/geochemistry/xrf/Site_3/Test_5832/5832_beam1_spectrum.csv	31160	2fa5990b0fa4715ebc2609986fb7bed1c8b2d2fb408e94c185f9b427d36a9554
data/processed/geochemistry/xrf/Site_3/Test_5832/5832_beam2_peaks.csv	1244	c2daf22c40a6b9c71bfd74afc29b2505d5a410f5b18b428ee2b5c1b3ed1f7f4c
data/processed/geochemistry/xrf/Site_3/Test_5832/5832_beam2_plot.png	127867	28256623853cd5d3a5223b224223efee66684a74c08f9bc47343730e7a32bf0a
data/processed/geochemistry/xrf/Site_3/Test_5832/5832_beam2_spectrum.csv	29271	902ee54fece5e5237e90900f876638fc93c46a7b3876820d69d9f6f8db0fdb03
data/processed/geochemistry/xrf/Site_3/Test_5832/5832_beam3_peaks.csv	6933	576846fc2d62136a336f433200b878b9a50863d77e045312755b6d8d506f435e
data/processed/geochemistry/xrf/Site_3/Test_5832/5832_beam3_plot.png	262134	6109ccac615cccf707f32b58c6ed1c80c98bf1eb8e2e6bebc569c37c7afdb692
data/processed/geochemistry/xrf/Site_3/Test_5832/5832_beam3_spectrum.csv	29998	9f7ca4b1e3b1563c27803c9edf4476bb59896f33e223385d0a6f9f525e8d8330
data/processed/geochemistry/xrf/Site_3/Test_5832/5832_combined_plot.png	310166	d65322036ba05696b2aafb81a195d40b860be0eb4a8c9b2dc09f6ec36f68b2d6
data/processed/geochemistry/xrf/Site_3/Test_5832/5832_element_percentages.csv	608	2d912df4e76399e44eb9c3c01bee3bcb836264d1650081d91d94e091d7a4824a
data/processed/geochemistry/xrf/Site_3/Test_5832/vanta_data_5832.csv	2738	a1a3a9b8be6aebeb327c93159a48945eec7d1b2c6341b063a4f60f5002c831ef
data/processed/geochemistry/xrf/Site_3/Test_5832/vanta_metadata_5832.csv	125	8093a3d917be9e834cea6f190ce79fed4118c023aba82a8c21185c214c905b4f
data/processed/geochemistry/xrf/Site_30/Test_5885/5885_all_peaks.csv	15991	14018fe506357e495fd30dd0d7389722576e2f3b461ada1d442ff5f04d241fac
data/processed/geochemistry/xrf/Site_30/Test_5885/5885_beam1_peaks.csv	4658	647a3697b61b36e53ae421cc3e86fb93ef0a29b00a5321abfae8d9186efc9ca2
data/processed/geochemistry/xrf/Site_30/Test_5885/5885_beam1_plot.png	198548	4d7408cd802532ce185909ef60d38ee2ceb2af5001bc641e44fc28371469b2dc
data/processed/geochemistry/xrf/Site_30/Test_5885/5885_beam1_spectrum.csv	31101	66997b8b7b7f7a306c6ff15b61b789d19002242f6071f5c5362326e9f0ecf953
data/processed/geochemistry/xrf/Site_30/Test_5885/5885_beam2_peaks.csv	1158	df2bcc52814c4fba98c0613c282a9e9a664876bac033872069ab876acbda09b0
data/processed/geochemistry/xrf/Site_30/Test_5885/5885_beam2_plot.png	119072	5efa600b61fe64b9a78afd5e4da2b9586b2aaf7855a3bdebeb19de48c8dec480
data/processed/geochemistry/xrf/Site_30/Test_5885/5885_beam2_spectrum.csv	29215	9074fac14cc305a1abb64ffaff3ba13b630631e60e8bb3891b5bf49da5f25f4d
data/processed/geochemistry/xrf/Site_30/Test_5885/5885_beam3_peaks.csv	8151	93275f1f88f82b3f6a98cd5cc1ba3b71b09e6df4f05dd504d2d90501a1021fcf
data/processed/geochemistry/xrf/Site_30/Test_5885/5885_beam3_plot.png	295304	4ae8ffb4bcdb5ef6f89892840000e18b3a18a021eeac4fdc17b42380ab6ba570
data/processed/geochemistry/xrf/Site_30/Test_5885/5885_beam3_spectrum.csv	29624	ece0e695381a370e1a86d17bbd04b5c631dd4d2d9aceb66c437b82a7013d6005
data/processed/geochemistry/xrf/Site_30/Test_5885/5885_combined_plot.png	324323	643e6fd073b07d453afb599b7266b314719c992d208ad880c93d7bc2df4f8112
data/processed/geochemistry/xrf/Site_30/Test_5885/5885_element_percentages.csv	679	56265a791358551ecfd838ed18c62379b134179f2887e70f520f48b0c48f3a9b
data/processed/geochemistry/xrf/Site_30/Test_5885/vanta_data_5885.csv	2738	f62f8861282cf1b288fd9853e94d7093d4410a7f32e2b1b6ba8835d7feb28831
data/processed/geochemistry/xrf/Site_30/Test_5885/vanta_metadata_5885.csv	125	9a2910959996bafbf13fee54a4edfe7c20bc4080e376ca2e59b10b570533587c
data/processed/geochemistry/xrf/Site_31/Test_5888/5888_all_peaks.csv	16083	728a606bb0c4bee48ed3f13114bc375f5120fbcc217c4316006dfd98292e1e3b
data/processed/geochemistry/xrf/Site_31/Test_5888/5888_beam1_peaks.csv	4653	a505364d7dbcb5cccf7f2e40e0463290eb40ad5cbd25e41e2c241a1637f09223
data/processed/geochemistry/xrf/Site_31/Test_5888/5888_beam1_plot.png	194096	a78d6806ff6daa3cf5511731c95282077c4a509f9f9f69d1cfaa5df69da889ee
data/processed/geochemistry/xrf/Site_31/Test_5888/5888_beam1_spectrum.csv	31152	da233abdb4256afc80d413807d9a043341f4d8e813e1ca3d458738d4f2bacc15
data/processed/geochemistry/xrf/Site_31/Test_5888/5888_beam2_peaks.csv	1049	eec47381e3ea40077df49cd7c0cfb9bc08da7b8a68227f5e0a47a3c1dbc58d9f
data/processed/geochemistry/xrf/Site_31/Test_5888/5888_beam2_plot.png	121841	88bc7e044e62985d606eacc5b0d4aec7a4b63594dc1a140b205bd5a3d5776fda
data/processed/geochemistry/xrf/Site_31/Test_5888/5888_beam2_spectrum.csv	29246	4e72c19f41362124bb875beb33893495a25d937567518ffe15ba8638e5f9fac0
data/processed/geochemistry/xrf/Site_31/Test_5888/5888_beam3_peaks.csv	8170	a2634cfbd18ee3d0aed54509317d0c066b70856d0f06c676ec7ea7e57cdb16ea
data/processed/geochemistry/xrf/Site_31/Test_5888/5888_beam3_plot.png	291717	33ba8ffadf053f6b930495db45d307b68dd0e5171c9d53ded585d9e413e7212c
data/processed/geochemistry/xrf/Site_31/Test_5888/5888_beam3_spectrum.csv	29958	e844ca0ac6a784d6cb8692678f2accd39580013fe45d0c6bfccff769e3ed78ca
data/processed/geochemistry/xrf/Site_31/Test_5888/5888_combined_plot.png	314177	306e7345fbb11ce7ab1f3dd0ec638cf4f23928d4f0241f45ef821df1d776b442
data/processed/geochemistry/xrf/Site_31/Test_5888/5888_element_percentages.csv	675	49c3ed1da12e620f98f5802d6d15a9057c825462f2d8687f7503390a2de1b314
data/processed/geochemistry/xrf/Site_31/Test_5888/vanta_data_5888.csv	2738	583c141cb9990dff2f6093e51b9d473b89f9b241569e52431756bdff1457f2e5
data/processed/geochemistry/xrf/Site_31/Test_5888/vanta_metadata_5888.csv	125	b20c5c9d7641364eb4a12bc1aae1d1ca9ec2a0e74b594ff67ebd7e3ae475ec26
data/processed/geochemistry/xrf/Site_32/Test_5890/5890_all_peaks.csv	15096	cb8c425d3893baf2183a31d8499c06d5acaec7674b0d092345361ff168bf2156
data/processed/geochemistry/xrf/Site_32/Test_5890/5890_beam1_peaks.csv	4327	8471909e99070ed6e689ca803366ab86ddb2a8325d517a353afe9c20725b4a9c
data/processed/geochemistry/xrf/Site_32/Test_5890/5890_beam1_plot.png	184655	7a2b929a4ce82b8c7453286ce0838bd8611c8a2dfd202c620e3ace8178085af6
data/processed/geochemistry/xrf/Site_32/Test_5890/5890_beam1_spectrum.csv	31276	ccaf998f5498ae4514aa93d47b41be856f54332537d4ec85f1d262c4adf0f92c
data/processed/geochemistry/xrf/Site_32/Test_5890/5890_beam2_peaks.csv	1056	07020881b881d0cf7a00e1cced7d52544616a2ab986f04fc1fd91d8114014bff
data/processed/geochemistry/xrf/Site_32/Test_5890/5890_beam2_plot.png	118104	08b46b9967c3635cd39647e90ff5ef1b4be9e66080288465fb2683a402dbe506
data/processed/geochemistry/xrf/Site_32/Test_5890/5890_beam2_spectrum.csv	29276	cf2fb79a26941a76c9550d063416f1d3538eceeea16b035a6d22bda566d61862
data/processed/geochemistry/xrf/Site_32/Test_5890/5890_beam3_peaks.csv	7722	33ac5fad785b7d41f711dbc4029f4307748df5bdc4af402f57125cdbb2dbeb31
data/processed/geochemistry/xrf/Site_32/Test_5890/5890_beam3_plot.png	268012	0f6bd878a125566185acfea8470842720e0dc2bda12e3bdd2b5f9c12b957e361
data/processed/geochemistry/xrf/Site_32/Test_5890/5890_beam3_spectrum.csv	30289	258151ef5f6f3311ac6629a86f1c39d43ebab1ef9e3954d85c654cc8876da9f8
data/processed/geochemistry/xrf/Site_32/Test_5890/5890_combined_plot.png	299834	e94d60736e97cf16d27811c002e8de51bc1b7fc879e79f5c12e180b08a0b634d
data/processed/geochemistry/xrf/Site_32/Test_5890/5890_element_percentages.csv	699	192d6ee4dd2d70c50f1133b93ed5ac537ba03253990d8a5ad0dc7822c831e7f5
data/processed/geochemistry/xrf/Site_32/Test_5890/vanta_data_5890.csv	2738	e3764ecc60d2a6e9d99a85c1941ab1bf092cd9effcabf93595a5fda11b39500b
data/processed/geochemistry/xrf/Site_32/Test_5890/vanta_metadata_5890.csv	125	c1e5f444e3dfba4f2b4a2fdd0edd9e4fceac083b90c8366e7064ede9960bbf36
data/processed/geochemistry/xrf/Site_33/Test_5892/5892_all_peaks.csv	15616	4987eab39393295f5c475872d4572d42a7c4ce3a0e206789bba37f0746cd1e5c
data/processed/geochemistry/xrf/Site_33/Test_5892/5892_beam1_peaks.csv	4321	76cdbeb4de51b9d15441be1ef4b63031de5b4ae3147e2444c383f87ca431d779
data/processed/geochemistry/xrf/Site_33/Test_5892/5892_beam1_plot.png	192412	879391e203410c8b601bb85543f48981532bb12baea10f0488a18d05f9072548
data/processed/geochemistry/xrf/Site_33/Test_5892/5892_beam1_spectrum.csv	31125	e417eb3be1af4f88a8087e3bc5b25f850100ea94df9eb604f5aa131dbe98e25a
data/processed/geochemistry/xrf/Site_33/Test_5892/5892_beam2_peaks.csv	1211	685527791530dbf124d5aab12eafc39a58b36c1b386057132f53a30adfac06c5
data/processed/geochemistry/xrf/Site_33/Test_5892/5892_beam2_plot.png	120722	44dee00f7e41d70ddb6eabedb6ee8109afb61ce29c7baba3eea44ddbb329d1e4
data/processed/geochemistry/xrf/Site_33/Test_5892/5892_beam2_spectrum.csv	29229	dac4927351824394f90a1a60bdcc69d48437fa940d69bcc13a378bb85219715b
data/processed/geochemistry/xrf/Site_33/Test_5892/5892_beam3_peaks.csv	8088	9d1cd93019eaae7088dd29c0c99eb88e0860b3b97547c212faa4292f4354a70b
data/processed/geochemistry/xrf/Site_33/Test_5892/5892_beam3_plot.png	284369	40872003a9a00f8adad808ea054e5152ea821afdd614d801dfbe1428fdfd9b56
data/processed/geochemistry/xrf/Site_33/Test_5892/5892_beam3_spectrum.csv	30042	e2be4e662652da829600c53ab61e55c9abdb332d56930d2f7aef548cca8bd8af
data/processed/geochemistry/xrf/Site_33/Test_5892/5892_combined_plot.png	312086	171bdb15843ec02e3a583b5858fc9f1ac4a933adb564685dc11b364a6f2e9e84
data/processed/geochemistry/xrf/Site_33/Test_5892/5892_element_percentages.csv	677	57bd617c61338d3d608b4c3f723e132465337251a16c9fd0e2a25ed963b775c0
data/processed/geochemistry/xrf/Site_33/Test_5892/vanta_data_5892.csv	2738	cbf8cf2a2cf39265ee37f99070c4db74bd32f9f12c2abb34b8b4f40ea5d1fd55
data/processed/geochemistry/xrf/Site_33/Test_5892/vanta_metadata_5892.csv	125	d854e75f3057a8260b1765e084d479f40d74e07afded5df787b6fe822b7e5ad4
data/processed/geochemistry/xrf/Site_34/Test_5893/5893_all_peaks.csv	14108	d01179b9f6a1e09188430672fe9755efbd2d64a9462810dad53356b38dfab34c
data/processed/geochemistry/xrf/Site_34/Test_5893/5893_beam1_peaks.csv	4019	f6a50d0a4e79016d4a00da3335bbd7ee9f5b6ecef9b8716085bfb6dfbe64b614
data/processed/geochemistry/xrf/Site_34/Test_5893/5893_beam1_plot.png	182212	b916050b943f32fdd5e74e9eec26a3d4b249d77c5ac814c816a9dce58ef8d5b8
data/processed/geochemistry/xrf/Site_34/Test_5893/5893_beam1_spectrum.csv	31831	dba1a0f32640769b29dd26f81df557bfcde2a338e398b59256195541e4424cec
data/processed/geochemistry/xrf/Site_34/Test_5893/5893_beam2_peaks.csv	901	ecc20668fe860e5dc7214aed697d70d67ea10fb3283fb81d4669a1c59bf10395
data/processed/geochemistry/xrf/Site_34/Test_5893/5893_beam2_plot.png	118572	7deab0971c8b3cc84ee841fb1efe1d36d736f3778e5cdcf597f75cce1ad4c660
data/processed/geochemistry/xrf/Site_34/Test_5893/5893_beam2_spectrum.csv	29377	2e9155d4448b6d1e2d8a982909b0941b6eeaa5e88630a25b9a43c08453d9998e
data/processed/geochemistry/xrf/Site_34/Test_5893/5893_beam3_peaks.csv	7281	7a800c945dd8634f67942659b8adef7ebc9b764ac4dfdeae70944287a8615c33
data/processed/geochemistry/xrf/Site_34/Test_5893/5893_beam3_plot.png	266071	9bed159944f0c3f1545836db3b59fa423e695efc69de5fcbb9dee3285415e83d
data/processed/geochemistry/xrf/Site_34/Test_5893/5893_beam3_spectrum.csv	30444	2437a2a49eae6908b8a26f11ea07d16f2438f58a1138389bea1b0bd6a6eb9b37
data/processed/geochemistry/xrf/Site_34/Test_5893/5893_combined_plot.png	299475	3eba1042d8dd1f7b6499921dd6e6ca69e0867d94742a8813b843518e7470f493
data/processed/geochemistry/xrf/Site_34/Test_5893/5893_element_percentages.csv	677	d202a67a94b6e5ccb5091112ebbd8e67f9e6d0b1864e73d979cc2ac8627d2a4e
data/processed/geochemistry/xrf/Site_34/Test_5893/vanta_data_5893.csv	2738	ade17a5b8b8b16bba82317378ea849a0a51aa1ffaa12c38ca04908183df6e5f2
data/processed/geochemistry/xrf/Site_34/Test_5893/vanta_metadata_5893.csv	125	23d36280c63ce4b7d58160459a5d2ea33baa33270ad0afb888ce3fdc62f407e0
data/processed/geochemistry/xrf/Site_35/Test_5894/5894_all_peaks.csv	14247	b0bb0e1ef762c044b3be94482daf9131080eb29e5638dfd75b500ee292db6e26
data/processed/geochemistry/xrf/Site_35/Test_5894/5894_beam1_peaks.csv	4171	966ef1ec53acbfcebc790d06e773b809c9ac2ee9e2d981b94a4f112b5fe2758d
data/processed/geochemistry/xrf/Site_35/Test_5894/5894_beam1_plot.png	181832	e17f0c3e8a122dfcece3fafbf592e8fa27a30cf51247041dde3a9f2186a19f91
data/processed/geochemistry/xrf/Site_35/Test_5894/5894_beam1_spectrum.csv	31921	92852ce8947bff8f1ea96f8aadab3023a7814cc5bf53353f6f5a7cb4fcf54b25
data/processed/geochemistry/xrf/Site_35/Test_5894/5894_beam2_peaks.csv	939	b05226a1303743d10444c6541e989a497cc063be429c08d419105f35a45240b0
data/processed/geochemistry/xrf/Site_35/Test_5894/5894_beam2_plot.png	117216	71fe2f0ae96e404673ef0341de9e0c73eaa6cb5efcc2178fcf827b3d3d484e64
data/processed/geochemistry/xrf/Site_35/Test_5894/5894_beam2_spectrum.csv	29363	dbb85a8973b07a8c7e122537e850c16567f15df3422cb910f45a89f9821a0c32
data/processed/geochemistry/xrf/Site_35/Test_5894/5894_beam3_peaks.csv	7356	f200de41fe9bd79a4056fcb899036ec5ae1b93f4b58223c2c9164c31d66b3276
data/processed/geochemistry/xrf/Site_35/Test_5894/5894_beam3_plot.png	257745	5e6d74f25df8335ae56c1f78c34e09b4ffb18bc421802ea8eed9eeee27a2f91b
data/processed/geochemistry/xrf/Site_35/Test_5894/5894_beam3_spectrum.csv	30489	e681f3e1300f94cb96b21d6faa8819ebf9e6f1bad5f52fcc289388a79912f1eb
data/processed/geochemistry/xrf/Site_35/Test_5894/5894_combined_plot.png	295906	3980675511b0eb2bad17c55960d9c3fe9d6ec47e4d29cfde9b76baf33f49d995
data/processed/geochemistry/xrf/Site_35/Test_5894/5894_element_percentages.csv	628	f829ded943ee38e6faeae61e5839ba2f188774d936bca2d9be7e501838b8871c
data/processed/geochemistry/xrf/Site_35/Test_5894/vanta_data_5894.csv	2738	b8fc6bafa188701b12d0a0939f78d7ce6811fc90234983b3cf22f3618fa8a134
data/processed/geochemistry/xrf/Site_35/Test_5894/vanta_metadata_5894.csv	125	55590bd61f99ab95fa2abb5f543477ec14876504bc645e210a4aef7e78c9ea1c
data/processed/geochemistry/xrf/Site_36/Test_5896/5896_all_peaks.csv	14088	28625a0e0d295554e97fb27eab26c97f754ec54b44ff9ab892541c011a569205
data/processed/geochemistry/xrf/Site_36/Test_5896/5896_beam1_peaks.csv	4056	56593c414b726a81e1c1958b437850d87dc883e4365f55c5ed0cd763a18462b9
data/processed/geochemistry/xrf/Site_36/Test_5896/5896_beam1_plot.png	193732	bb5a6106f8307a1e1477fbd71a296210da9fed6c8f0277edbd5c4613d865e930
data/processed/geochemistry/xrf/Site_36/Test_5896/5896_beam1_spectrum.csv	32011	0e474faeacef9beea70f4a842ba122dd24043b319a1d08b219f06e58411fa798
data/processed/geochemistry/xrf/Site_36/Test_5896/5896_beam2_peaks.csv	842	6cb4754fb4433c50c3d04f3ea3d439a0879b864c28e56dbc6639fc27b765d392
data/processed/geochemistry/xrf/Site_36/Test_5896/5896_beam2_plot.png	128264	a38097e260b05929a207a5f39f1207f60b95c4b514cec3ea9c1ece7a697c0ae4
data/processed/geochemistry/xrf/Site_36/Test_5896/5896_beam2_spectrum.csv	29461	323bd3b84ecdfea47ada0593e1b074bf323165a6d8ceb0c270d8f8a4090ba1fa
data/processed/geochemistry/xrf/Site_36/Test_5896/5896_beam3_peaks.csv	7365	a70aac3d8ac4c7e785467ae6f204ab8fe81fdb0e6f95d211e69147d3c16b4c2f
data/processed/geochemistry/xrf/Site_36/Test_5896/5896_beam3_plot.png	255103	c01834b919b1f0936a0f47c99fa0643a93e73e3007548d239aaff33dc3d99407
data/processed/geochemistry/xrf/Site_36/Test_5896/5896_beam3_spectrum.csv	30724	9c0b1fbee7e5d49c28577742c0866b6f23e34938c730719e86fc692a205d78f1
data/processed/geochemistry/xrf/Site_36/Test_5896/5896_combined_plot.png	313366	018e193e67e3fb3bc486881ab1db3082c950db403ddcd017ffe709be2cc3610f
data/processed/geochemistry/xrf/Site_36/Test_5896/5896_element_percentages.csv	703	8dae1c30b18758ceb8d710cba97195afbeb8ebe394be99d56f7542318109236b
data/processed/geochemistry/xrf/Site_36/Test_5896/vanta_data_5896.csv	2738	c100d319f77dd5f231b8de06fac8a7c02043f4dadc8719a40c15d6553babe2c8
data/processed/geochemistry/xrf/Site_36/Test_5896/vanta_metadata_5896.csv	125	22a7a7994a2cae18d7fd8ec30b253f5836d6f7f6dcb63257410500d09dc51216
data/processed/geochemistry/xrf/Site_36/Test_5897/5897_all_peaks.csv	15174	51541a5c33e3c88f130022dbd817581343a7cc1cfe95fddd612c04e960b5e6c3
data/processed/geochemistry/xrf/Site_36/Test_5897/5897_beam1_peaks.csv	4399	5f622cd98709f8dcb10a8681a7663633bdef33cf53921b8462b6f44aeb468b73
data/processed/geochemistry/xrf/Site_36/Test_5897/5897_beam1_plot.png	201093	d786b1a4bc24a74091e926411e4453422550c92de0e7549f2bae2b15305217ff
data/processed/geochemistry/xrf/Site_36/Test_5897/5897_beam1_spectrum.csv	31049	578428b1fad0b56b2a93fd53c582a7f7582260a4ee1f11f99ae6f1ea93fde915
data/processed/geochemistry/xrf/Site_36/Test_5897/5897_beam2_peaks.csv	998	0e13a3be67f331eb5273448ff9ff46f6fb50319a6f488087a7bc81f193b385db
data/processed/geochemistry/xrf/Site_36/Test_5897/5897_beam2_plot.png	117495	b1284350029201c0efd987f86ef4d3ff17a3a959a3dae88da0137ea3f20ddda4
data/processed/geochemistry/xrf/Site_36/Test_5897/5897_beam2_spectrum.csv	29203	a67996cb0142cc16c5e453a1fd3b0f671802bd003e914725c5d34fa05fd6b121
data/processed/geochemistry/xrf/Site_36/Test_5897/5897_beam3_peaks.csv	7726	84d07dcbed54b4a53798757c5830e5ad3be6f0ee5ea227bc0a4e4a6882d5d1ac
data/processed/geochemistry/xrf/Site_36/Test_5897/5897_beam3_plot.png	294658	5a2081fe78404ae35bb0aa153c454d44711789ca8be17153220f153e5f3205b8
data/processed/geochemistry/xrf/Site_36/Test_5897/5897_beam3_spectrum.csv	29879	6e14157725e055210df581cfe1383df121b483283da139e140edaa9f8224cf2b
data/processed/geochemistry/xrf/Site_36/Test_5897/5897_combined_plot.png	317013	80471a525335f641083f75f6f8cd403811261988e39ffb1f3e908ee84e032a32
data/processed/geochemistry/xrf/Site_36/Test_5897/5897_element_percentages.csv	692	ad59c5d664356ea2d5fa5218afc71bcd61c52f074ac828b4e217d451db6ed262
data/processed/geochemistry/xrf/Site_36/Test_5897/vanta_data_5897.csv	2738	e6bb04b562d346cace4f9e04e8d11c760ebb28d4b21c687089c9433ce997c921
data/processed/geochemistry/xrf/Site_36/Test_5897/vanta_metadata_5897.csv	125	68c224c456222e308bf35199db5ca2caf7d939c421cd9900a9e57bc4beebe50e
data/processed/geochemistry/xrf/Site_37/Test_5898/5898_all_peaks.csv	15678	56bf90a9ccb4c1851425ce3cdfcc511b2ad15f50b18560040db68b819a885638
data/processed/geochemistry/xrf/Site_37/Test_5898/5898_beam1_peaks.csv	4678	53ed20052c800acdd24b0c3fd77d104b2d64108e0ee6ef3145ee862419c54231
data/processed/geochemistry/xrf/Site_37/Test_5898/5898_beam1_plot.png	207439	6a1b5581a187ff5c763bc6f7ab1b6de806415d3fe249f6b3ab37c86788d897d8
data/processed/geochemistry/xrf/Site_37/Test_5898/5898_beam1_spectrum.csv	30985	206d3c458a027001748d627a1b84bf58e124cdaa07234b9ec39f09dfc3c65181
data/processed/geochemistry/xrf/Site_37/Test_5898/5898_beam2_peaks.csv	1125	8b6b051be78b873915331a45beec0434b66dd4794f1675279c4ab645ff04f72b
data/processed/geochemistry/xrf/Site_37/Test_5898/5898_beam2_plot.png	125325	0df497dd18fcf1e6c17ad8b064dfe0fcf9787874427530c23e73a65326a7e014
data/processed/geochemistry/xrf/Site_37/Test_5898/5898_beam2_spectrum.csv	29268	86ebb3b0f803b158a96f12ff80658f2c983d8fd08c065a3613784fd78f2d52d9
data/processed/geochemistry/xrf/Site_37/Test_5898/5898_beam3_peaks.csv	7893	6fc3d60af350aa8b71936ff38168dcc8b375d40963504c83288a988d7f611668
data/processed/geochemistry/xrf/Site_37/Test_5898/5898_beam3_plot.png	286408	7b108b42cea86d78e9b0a734176edc239d72e83292a41e15e855de4f3ee7ea22
data/processed/geochemistry/xrf/Site_37/Test_5898/5898_beam3_spectrum.csv	30003	afe85fb938248848680419c42818a1f094c7daf05b065383662bad557c577a7c
data/processed/geochemistry/xrf/Site_37/Test_5898/5898_combined_plot.png	321953	06f15863170b1145da5d180326f0489424c1c28372b726b64a41b0e8a394e899
data/processed/geochemistry/xrf/Site_37/Test_5898/5898_element_percentages.csv	697	bce57f73e2a73479337a3c88c992bedbaf5ed3f0a486d04d1781b3c4021d7b06
data/processed/geochemistry/xrf/Site_37/Test_5898/vanta_data_5898.csv	2738	858b1531424590c23fc9654483ffdfddd80895718fc9bf6efe0101c645e0b266
data/processed/geochemistry/xrf/Site_37/Test_5898/vanta_metadata_5898.csv	125	3f85b24fa9d0fa9a7dd6565fe2de87399e62a095c89999d7ceceea43634c3646
data/processed/geochemistry/xrf/Site_38/Test_5899/5899_all_peaks.csv	14795	700d48f53cead59b9a4788621898f80869b1335760ccc11cb14e8b9cd960b664
data/processed/geochemistry/xrf/Site_38/Test_5899/5899_beam1_peaks.csv	4069	6a5bf91eb386a0047b200f693d6c83284cb2fe8fa06b3823878f1c24582c906b
data/processed/geochemistry/xrf/Site_38/Test_5899/5899_beam1_plot.png	192439	419f5c861ca55cef20ccfa64c23fed1aa9fdb38b4c1aef31e37de242910e54cb
data/processed/geochemistry/xrf/Site_38/Test_5899/5899_beam1_spectrum.csv	31746	5aff1da5be43cf32a59173d02817a53257e2507e6c7452dbe666c35a230c4098
data/processed/geochemistry/xrf/Site_38/Test_5899/5899_beam2_peaks.csv	1024	e2fd10a7dc8e28af84cc13ae9cc7a95cb6e1431036317dc091fbeefcd96c4146
data/processed/geochemistry/xrf/Site_38/Test_5899/5899_beam2_plot.png	123873	8847e05f328380b12074b4757e76ee812b88707591ff79c6467d4d0ee52932c7
data/processed/geochemistry/xrf/Site_38/Test_5899/5899_beam2_spectrum.csv	29326	717d6d0b1c2a8ac888756ff1abf3a6ad4eff85a3ca57b6bed143dbe5ae78eac3
data/processed/geochemistry/xrf/Site_38/Test_5899/5899_beam3_peaks.csv	7725	6ee229638b603a9a71765d140c906b59fc36e9c7a5dd12018ad7bee4fdf937dd
data/processed/geochemistry/xrf/Site_38/Test_5899/5899_beam3_plot.png	292804	81bd81596ceeeebde457b9dcdfbce1c795b02bf351b42d2d302cf5a93960ba86
data/processed/geochemistry/xrf/Site_38/Test_5899/5899_beam3_spectrum.csv	30012	59fc0970ded8b824e0cd06baf315b66dc209a263a2d949c9ce39d63324b4a1b0
data/processed/geochemistry/xrf/Site_38/Test_5899/5899_combined_plot.png	322637	8de549ed27571d5256d6eef60559b70fafdc89bc83cccf24cdfae7d761b7b89a
data/processed/geochemistry/xrf/Site_38/Test_5899/5899_element_percentages.csv	678	4d4f236f8cf3c8e51867e2c1664b1115895d6026ea4db324940159d6d3bc4cf0
data/processed/geochemistry/xrf/Site_38/Test_5899/vanta_data_5899.csv	2738	f70801d7b38df7b446c8f0625304f1f9d8dbe3da51f2b391b7b7dfca3f3224c1
data/processed/geochemistry/xrf/Site_38/Test_5899/vanta_metadata_5899.csv	125	ed21ae9fb3efb83de9b3426380d1e6c333b99f638f65e6b3973eba7feec866f9
data/processed/geochemistry/xrf/Site_39/Test_5900/5900_all_peaks.csv	14359	6fc042c7c87645035a0cb0c9c66ae1aa248f62ac65353ed67f35b13f9d90959d
data/processed/geochemistry/xrf/Site_39/Test_5900/5900_beam1_peaks.csv	4297	9a56e22774fbe6002a6dba119ce3ec2fa548dd61a750df17a242a7ccc2c481d0
data/processed/geochemistry/xrf/Site_39/Test_5900/5900_beam1_plot.png	177037	a159ff258b829c45402a9d82c5d87612aabfa4e6bf1e5bf7952cc44614442ab2
data/processed/geochemistry/xrf/Site_39/Test_5900/5900_beam1_spectrum.csv	31938	13d8eda2ed1f6e1a4efa008484c97d9639777cfacdad4e2f5e1af4083a7248bb
data/processed/geochemistry/xrf/Site_39/Test_5900/5900_beam2_peaks.csv	962	9f146b310dbfdf2d89fc02058eeb4ecdbb95bc49d0728fd069d6458e72fe0683
data/processed/geochemistry/xrf/Site_39/Test_5900/5900_beam2_plot.png	120700	7eff14d3759a379c2d6bb5132c4307cd43dbede32c43e99a2b69f95ee97bf5ea
data/processed/geochemistry/xrf/Site_39/Test_5900/5900_beam2_spectrum.csv	29405	2c97c79850d2df042082eaf10abc01f21d3707aab73f60f011f9eff00faedf19
data/processed/geochemistry/xrf/Site_39/Test_5900/5900_beam3_peaks.csv	7284	2f2ee84c8f17a44d7153c4eb5660c8fd4f4f2b95f7bd32b1adfba34877160e2c
data/processed/geochemistry/xrf/Site_39/Test_5900/5900_beam3_plot.png	257667	c10a6d9de6c766c2bcc9be4618aeb08c8dae3d0003d312dd181dbf0afe6cdf0c
data/processed/geochemistry/xrf/Site_39/Test_5900/5900_beam3_spectrum.csv	30497	9c4939ec5adf52b6dc745fd13787b46c86c22830e7300aebfb72c9fe558778a6
data/processed/geochemistry/xrf/Site_39/Test_5900/5900_combined_plot.png	295599	d8fe8791f1c38b3a81b2f57b47593cc9d50b000d3670f609184dd1f1881e69db
data/processed/geochemistry/xrf/Site_39/Test_5900/5900_element_percentages.csv	681	b933e1a04fcf36cd43879d83036a98e7f31bf75b302d170cd8646c9bb3497e1c
data/processed/geochemistry/xrf/Site_39/Test_5900/vanta_data_5900.csv	2738	2f4f9d1e5b71b2f2c2ffb173aa6906345867ef4debe00a95b0a96fbd0d04e90b
data/processed/geochemistry/xrf/Site_39/Test_5900/vanta_metadata_5900.csv	125	dc02b9b3ae2704f533bf931efc62dccbfcdb7b57e6f235e70cb2cf3b07d09b34
data/processed/geochemistry/xrf/Site_39/Test_5901/5901_all_peaks.csv	11602	598755f4bc6d023d79aa7c067546abc4ed16b81ade2662f0559fdd6d6b6bbdf2
data/processed/geochemistry/xrf/Site_39/Test_5901/5901_beam1_peaks.csv	4041	38bc89d23a2755b8a2b62fa8473625b8aad1e57d0b31ce18ae8c965bc1f39a17
data/processed/geochemistry/xrf/Site_39/Test_5901/5901_beam1_plot.png	180154	2d736df687f80fe42ded114dd053283df7bfc88ee84c2b04a5b3de7eaf00a1b0
data/processed/geochemistry/xrf/Site_39/Test_5901/5901_beam1_spectrum.csv	32378	bb6ae88841b837f37b42d4830fff37437ac74f54e99319c8b67a559f2ca0361d
data/processed/geochemistry/xrf/Site_39/Test_5901/5901_beam2_peaks.csv	501	4d6a066efc2c91f3e910aa6fe413924b127784e3f14d1dcd7fc3d9678425783f
data/processed/geochemistry/xrf/Site_39/Test_5901/5901_beam2_plot.png	123586	565837cce7e2a92831f6ecf9452607cd4b133b53904bb5f03787d1b9ab5a29b5
data/processed/geochemistry/xrf/Site_39/Test_5901/5901_beam2_spectrum.csv	29685	84092022cd6c4e884dc24282e97e49e88bc0c6d5660ed9a02985144c3d82c015
data/processed/geochemistry/xrf/Site_39/Test_5901/5901_beam3_peaks.csv	5497	09b639523a4b3043b7bcdf7515bbf12c25c2d535e9f6883ee3333f42c21075e5
data/processed/geochemistry/xrf/Site_39/Test_5901/5901_beam3_plot.png	223740	142cc87be9265eb283e5416b6b5cd83fe3e6cca44db41ff545afaebdbe596637
data/processed/geochemistry/xrf/Site_39/Test_5901/5901_beam3_spectrum.csv	31029	2ea4b9d10730c6fdb01a69ab6ac7e485c4b382734a612f002a6021ac554a2bdd
data/processed/geochemistry/xrf/Site_39/Test_5901/5901_combined_plot.png	292976	df594e9aaecdc49b6402998fb21f6752c9520e55f947f2342da739e5698cd985
data/processed/geochemistry/xrf/Site_39/Test_5901/5901_element_percentages.csv	511	a3c0d02cde2164544f755252b23468746830a5bbaf93eecb6a27de5b155f5a54
data/processed/geochemistry/xrf/Site_39/Test_5901/vanta_data_5901.csv	2739	c266d2fe258d9f1f144ed79df7efca0018b6330768708a1cd0b919467062d920
data/processed/geochemistry/xrf/Site_39/Test_5901/vanta_metadata_5901.csv	125	c7ae126bba2bb8942500a0cbe612ed57b8b0531f2f79235ae30d739748265022
data/processed/geochemistry/xrf/Site_4/Test_5833/5833_all_peaks.csv	15295	bd6472bce9c753bf6b2c6f9e6cde03d08077fd9166488ad068e028ac3466aa12
data/processed/geochemistry/xrf/Site_4/Test_5833/5833_beam1_peaks.csv	4439	434c94f0af83ba76b776628a7ffe826158d865e1df7ccc0f30bf94884123a7f0
data/processed/geochemistry/xrf/Site_4/Test_5833/5833_beam1_plot.png	193916	88ad170608eca7e392f97fdc3aaf524aeed4579596d3fc04dbfa9630909e6c7a
data/processed/geochemistry/xrf/Site_4/Test_5833/5833_beam1_spectrum.csv	31177	51aaef5995abe4f462171ccbfb6eb381dd8917e0f18c7e01e394f4c28e71979c
data/processed/geochemistry/xrf/Site_4/Test_5833/5833_beam2_peaks.csv	1133	072f1d8d56847211672f7807123d2df87da1551fa8e0ec1e7de99decdde0e257
data/processed/geochemistry/xrf/Site_4/Test_5833/5833_beam2_plot.png	119671	a9a4975e0296523f45803577ad1d951966a1b028098063364cb57f6cb270ee50
data/processed/geochemistry/xrf/Site_4/Test_5833/5833_beam2_spectrum.csv	29213	9dcbb8484c6d5b2c1cdf0b6b5cb4343c5761a202140a3077ef001669e6d54126
data/processed/geochemistry/xrf/Site_4/Test_5833/5833_beam3_peaks.csv	7795	cbf30c8e09637e98a94695f5a9b51036f71e45666b36592034355524f542062f
data/processed/geochemistry/xrf/Site_4/Test_5833/5833_beam3_plot.png	317906	77706cf6c35bb876cea3cd31d3b5769a834aa38a52abd7b41cc026e351264809
data/processed/geochemistry/xrf/Site_4/Test_5833/5833_beam3_spectrum.csv	29471	68e69162eb481aa6af68d933508d6ed96083c9d7e46d327502b789517a051a5a
data/processed/geochemistry/xrf/Site_4/Test_5833/5833_combined_plot.png	332877	3732d6b2eb1f49997830557822d571242aa6ae2c151587951f132ead8c56185b
data/processed/geochemistry/xrf/Site_4/Test_5833/5833_element_percentages.csv	679	073762ac667f51e0ed5bbc9b91b6e499e24ee9f3e0cae2a46c4f6b269edb75a2
data/processed/geochemistry/xrf/Site_4/Test_5833/vanta_data_5833.csv	2738	e79fea4dd7e46dfdd7f1964cd87959f5a319fd3c452ccda5b748db9905210607
data/processed/geochemistry/xrf/Site_4/Test_5833/vanta_metadata_5833.csv	125	6c08cf540f46b0bad11924189f7ba544bd72d77b9846fc22f683cfd2d32129d5
data/processed/geochemistry/xrf/Site_4/Test_5835/5835_all_peaks.csv	17002	604d47a7ce31372d53bd3cccde25ee3f865a4af732992e38d4144a73c029fe31
data/processed/geochemistry/xrf/Site_4/Test_5835/5835_beam1_peaks.csv	5665	258068231a4b779c8c727904ccdf352ffc80b405b0fd6a21efebf138b4713c4f
data/processed/geochemistry/xrf/Site_4/Test_5835/5835_beam1_plot.png	219916	4006cd8a4923f45ed1cb840d6920fae249f1f671876a36bec338987efaaaa14d
data/processed/geochemistry/xrf/Site_4/Test_5835/5835_beam1_spectrum.csv	29779	62dece08cfc66dac90b188c75e16e097c720803de6d264d7b2b13fbf3e5e8d18
data/processed/geochemistry/xrf/Site_4/Test_5835/5835_beam2_peaks.csv	1126	69c39cc8b0050dfbf4e376490db8e1e7a4127a5f55dbebf88bd8d76647f3f855
data/processed/geochemistry/xrf/Site_4/Test_5835/5835_beam2_plot.png	116922	7f018eab63a3416ef38a719e2d2997d60d9298befc081baf42268834d0aa6e06
data/processed/geochemistry/xrf/Site_4/Test_5835/5835_beam2_spectrum.csv	29142	c01a897e0a45e749b5a1f22b044f65b0735e43883e882105fc7e4cea3cd21593
data/processed/geochemistry/xrf/Site_4/Test_5835/5835_beam3_peaks.csv	8150	b8aa6157d160874322f02d8846077f1c8c96a7cd4cc8039ea8eb8e745f9d468c
data/processed/geochemistry/xrf/Site_4/Test_5835/5835_beam3_plot.png	337768	ab09634cc226c41fe15d18eba1af5b1e610e7b79bb434cfc245ecbff6ce137ff
data/processed/geochemistry/xrf/Site_4/Test_5835/5835_beam3_spectrum.csv	28735	7c04dcfe313f353acf68d690e4d835a8dea9d079d2b7189d8f2fc706bcf0a6e8
data/processed/geochemistry/xrf/Site_4/Test_5835/5835_combined_plot.png	340816	aec97c2b865bb21b575ac2157a6c5e05417ea47e1fef3b6bfb7793b8ee2e3fca
data/processed/geochemistry/xrf/Site_4/Test_5835/5835_element_percentages.csv	672	c194b32d304133a8f3155a2153e68a9c6bc10e2f5a62812dff5b6c5468e4a326
data/processed/geochemistry/xrf/Site_4/Test_5835/vanta_data_5835.csv	2738	18c0bbe132b1fc4a4041ab590f428ba2ca6947d85d7b82549d789408c516312c
data/processed/geochemistry/xrf/Site_4/Test_5835/vanta_metadata_5835.csv	125	37b9aff168cfc11cebe812519fa468ffe999891cf9a97342505d6f913d9f09bf
data/processed/geochemistry/xrf/Site_40/Test_5902/5902_all_peaks.csv	13077	f274085d790cf35a4bfe7c40a29464ff2efa71f2c2d857890602c8522a8c6f43
data/processed/geochemistry/xrf/Site_40/Test_5902/5902_beam1_peaks.csv	3821	057633fe066449543a5c251fc801f904e2d839d784fb4edf6c724381fcf897c2
data/processed/geochemistry/xrf/Site_40/Test_5902/5902_beam1_plot.png	181908	95a8740c187ad3c9a3cc9c5c907106d143b8a018318d22f64e31220c79d5d1e4
data/processed/geochemistry/xrf/Site_40/Test_5902/5902_beam1_spectrum.csv	32344	c0a5891e1b0d4600b0e99757fb07f2e3507e166c2b4e061900ea94c56b172ae9
data/processed/geochemistry/xrf/Site_40/Test_5902/5902_beam2_peaks.csv	494	38957f1ad7aec6336c92879de46e277858ffc790ab438933661ce2ced5b36902
data/processed/geochemistry/xrf/Site_40/Test_5902/5902_beam2_plot.png	128438	a9f57ef3a9959bdd5ced28090e7790405d286ef7d6535334368949cd4bdf3004
data/processed/geochemistry/xrf/Site_40/Test_5902/5902_beam2_spectrum.csv	29539	f30451102905c3c28f47aa8834012389efd3e636840ee675b18b983c7e50d5d0
data/processed/geochemistry/xrf/Site_40/Test_5902/5902_beam3_peaks.csv	6962	3d4b5300df220b26846c67030340a47f7095104159298924791474816f6049e8
data/processed/geochemistry/xrf/Site_40/Test_5902/5902_beam3_plot.png	242319	2b2613644b17e9f7496fb232242311f3e71889563b4a580be293dfb4bae94810
data/processed/geochemistry/xrf/Site_40/Test_5902/5902_beam3_spectrum.csv	30962	9538da07a6c34e3b37bdcacd8cc0e119eabdb942360f25f290366e035fe8f379
data/processed/geochemistry/xrf/Site_40/Test_5902/5902_combined_plot.png	299457	cde541c3a5544cb29a85ab2cb3c1e7431746ce1a587e9f2130aa0780ee1a3043
data/processed/geochemistry/xrf/Site_40/Test_5902/5902_element_percentages.csv	662	a50433321b9dc97416319ac3ebc0983f62e871fdfbc857719b1d15e30b008107
data/processed/geochemistry/xrf/Site_40/Test_5902/vanta_data_5902.csv	2738	75929efbff0f458f805f58ee18588c7d1825c8595dd3045d4c41eafdf0aee223
data/processed/geochemistry/xrf/Site_40/Test_5902/vanta_metadata_5902.csv	125	ace1f5f0cabe904f129e6accf470a5979b277c3d047b7c9733b735cda7dc4fb6
data/processed/geochemistry/xrf/Site_41/Test_5903/5903_all_peaks.csv	14739	8fc233115c7b71cb1554c1f6ad4cbc74ce07fed7cc1186aeccba4359c7835d38
data/processed/geochemistry/xrf/Site_41/Test_5903/5903_beam1_peaks.csv	4311	9b1a9a1efa29d32eae69cb610f0ac01a40c98966dad98fd53e6ffbb5a3e993fd
data/processed/geochemistry/xrf/Site_41/Test_5903/5903_beam1_plot.png	196677	4c0e189e9625743e9660d5d8038060ea9ab2adfaf035786652142a7046682926
data/processed/geochemistry/xrf/Site_41/Test_5903/5903_beam1_spectrum.csv	31907	cad3e5eed28eccb37a97c26c783b990030f32b1020bafbc20bc23f5b55142f82
data/processed/geochemistry/xrf/Site_41/Test_5903/5903_beam2_peaks.csv	1084	b33dd50eda44c7ff9377b80f054e09c2465f3d666f7b68c8fc5d79fea1d89b2c
data/processed/geochemistry/xrf/Site_41/Test_5903/5903_beam2_plot.png	132794	1f5cd1064cbaea60bb77de6eb06868cf0738ff00eed9c6302bb99b6a591080d3
data/processed/geochemistry/xrf/Site_41/Test_5903/5903_beam2_spectrum.csv	29402	cb39cfadb5208c385421478797400b2acaf29ea8910866d7a1387835044842a4
data/processed/geochemistry/xrf/Site_41/Test_5903/5903_beam3_peaks.csv	7486	0c53554821be1d0b986addc5f98a788be3e023e2f96cbe0a1bedf910123f4ec4
data/processed/geochemistry/xrf/Site_41/Test_5903/5903_beam3_plot.png	267615	7148d27f627891e6937b2f9d1b700ce97559d0f281e9ac20aaddfbfa4b9cd8ed
data/processed/geochemistry/xrf/Site_41/Test_5903/5903_beam3_spectrum.csv	30392	b95169d467d835d253d439eb3dad7b9e04c82a779a5cbf8750e5338606607aa7
data/processed/geochemistry/xrf/Site_41/Test_5903/5903_combined_plot.png	315397	2ab311fa117909579d999c9cc2693c4d82501bc01dff8d440ac95cfadf274130
data/processed/geochemistry/xrf/Site_41/Test_5903/5903_element_percentages.csv	686	80622488c38f4594e0fec3ddf292ff87b2cc0acb4ca126210179db9e1209f554
data/processed/geochemistry/xrf/Site_41/Test_5903/vanta_data_5903.csv	2738	124094dd64dad79d5edec9a12eb4a76881acfc090fa1608c300f1def60c45ee8
data/processed/geochemistry/xrf/Site_41/Test_5903/vanta_metadata_5903.csv	125	5e85a753dd9162a653ecb72ab66b26f8d3aea048866b3c15891aaf01cc985d6d
data/processed/geochemistry/xrf/Site_42/Test_5904/5904_all_peaks.csv	13579	e53d8f954b2c74f378e797e1a97dd17c72b1c6d2961c575af6836436a44a059d
data/processed/geochemistry/xrf/Site_42/Test_5904/5904_beam1_peaks.csv	4152	c5ba23cb03bb5a55320ef0a13e24b7098d569ecd129fb0020205962cf5bed446
data/processed/geochemistry/xrf/Site_42/Test_5904/5904_beam1_plot.png	176813	f8ccfe4d862a0c05ebc3e520270f6f84ba9e84f6afcc4904fed5c34c89db179d
data/processed/geochemistry/xrf/Site_42/Test_5904/5904_beam1_spectrum.csv	32125	9d24f4634a4db86afd57872cec6234e165597e15b980af33e13c4ac99a0b8c00
data/processed/geochemistry/xrf/Site_42/Test_5904/5904_beam2_peaks.csv	736	cd29ab493a6feec7823ce5b92e7861b134d70ff10d1e063a164904dde517ea91
data/processed/geochemistry/xrf/Site_42/Test_5904/5904_beam2_plot.png	120372	8497dc271b106c248df0bba9dbebe40315391dece6a5985aafc1cb03c0be2d0b
data/processed/geochemistry/xrf/Site_42/Test_5904/5904_beam2_spectrum.csv	29465	2f3054ac0ec239ff6f13053f5940ebaeeea518b58155c629d299d1e8463e1c8a
data/processed/geochemistry/xrf/Site_42/Test_5904/5904_beam3_peaks.csv	7021	6aedd57b6e23cb4d4657f3bf854dd411b7662d226b37396f1fad407d2c84e602
data/processed/geochemistry/xrf/Site_42/Test_5904/5904_beam3_plot.png	256048	b93fe676002debddd5af5208d045a49a32e0d74dd552cf9f5058f9ec67757de5
data/processed/geochemistry/xrf/Site_42/Test_5904/5904_beam3_spectrum.csv	30718	8502f7717843cdf3bbe5feb249b2e9289afd9601ca1d6e1c3503b7ad6e1d9a89
data/processed/geochemistry/xrf/Site_42/Test_5904/5904_combined_plot.png	296352	1c8a2d8b13b167998c84b13dc1ad6e35f1cb0a79c0048080c418531b74704899
data/processed/geochemistry/xrf/Site_42/Test_5904/5904_element_percentages.csv	665	6acce0fec750c54b5f8a16aa65bf7219d5960fef465ec85bfd3e47a9961fc253
data/processed/geochemistry/xrf/Site_42/Test_5904/vanta_data_5904.csv	2738	e9d0c9e824e4d3922c6a9490140d1b0e954081f467fdd6a185e94cfdd9d2c533
data/processed/geochemistry/xrf/Site_42/Test_5904/vanta_metadata_5904.csv	125	f555d0bcb8d8ab218aa35714df9e0c0064962ff76db3339750052d9928c0a9b1
data/processed/geochemistry/xrf/Site_43/Test_5905/5905_all_peaks.csv	11822	35c9a794acdd33b427293fb61dd405b89cd1f48186b3d5078a043a829cb82bce
data/processed/geochemistry/xrf/Site_43/Test_5905/5905_beam1_peaks.csv	3610	dbe5ada6ff4bc2e589845ce2e81043212eaf13537fcfa1e918e06c00a6539ae9
data/processed/geochemistry/xrf/Site_43/Test_5905/5905_beam1_plot.png	174943	b70d28f66b8702b28381f24e97f1f3896d920cbdb1b55477e46e614bb39838cb
data/processed/geochemistry/xrf/Site_43/Test_5905/5905_beam1_spectrum.csv	32330	9ac5273f42759c2e5d63774c81d64c56538c3d43618d8418724b83e0ef3c77f2
data/processed/geochemistry/xrf/Site_43/Test_5905/5905_beam2_peaks.csv	345	f65b5888fec15376762437a91a52a6a6bdc10f7bd69484077c92327392a874bd
data/processed/geochemistry/xrf/Site_43/Test_5905/5905_beam2_plot.png	123499	7d0d2905c26622ce8e065c9f5bcd10a08fa00322cebd2d444de8c0a7bd7db415
data/processed/geochemistry/xrf/Site_43/Test_5905/5905_beam2_spectrum.csv	29530	a294518298ed375db2a21c48cd13b8edccbf0e73e08cf98ed057af00a2e46abe
data/processed/geochemistry/xrf/Site_43/Test_5905/5905_beam3_peaks.csv	6178	5b27147f9e18a159067d7a89d3be831df4220438b506704c72b113a32ad801cc
data/processed/geochemistry/xrf/Site_43/Test_5905/5905_beam3_plot.png	235851	fcb73dbd87f0b5ba50e1dc0022bf87f79d4b07f78fda7becdec428d28cb4170c
data/processed/geochemistry/xrf/Site_43/Test_5905/5905_beam3_spectrum.csv	30928	a3ffb454e91c6ff7b541d656bd98703aa680e52850e28f4f182c78af4cb7857d
data/processed/geochemistry/xrf/Site_43/Test_5905/5905_combined_plot.png	291390	8877970b0ebafcb27d4b6b705b4ebed7086cbf711d54da6a02902ddec641bbb1
data/processed/geochemistry/xrf/Site_43/Test_5905/5905_element_percentages.csv	551	706624b5b604537f266adf798e7fd0f1676c316ee72214c962fdc5441114d05c
data/processed/geochemistry/xrf/Site_43/Test_5905/vanta_data_5905.csv	2738	4a86f6c31d0be02ceb54ed2a18ffcf7fb21409e3c03cee0a66a8e24956113ed3
data/processed/geochemistry/xrf/Site_43/Test_5905/vanta_metadata_5905.csv	125	b90c374ee48c1fffb846710948b9b9c2786dcf023bb38a9171cb0abcb853e54c
data/processed/geochemistry/xrf/Site_44/Test_5906/5906_all_peaks.csv	13213	846664e75de0bab04bba342b72bd8e3235313f7de7da54e083f09ce67f055874
data/processed/geochemistry/xrf/Site_44/Test_5906/5906_beam1_peaks.csv	4020	f0694d51092d2890a689aefe355c0207b374dbeba584bd5d60b2029b0aad6309
data/processed/geochemistry/xrf/Site_44/Test_5906/5906_beam1_plot.png	185847	5e1b64304e08603a883f173218277db7d4e1f969aca53e04edb5a0baf560bde6
data/processed/geochemistry/xrf/Site_44/Test_5906/5906_beam1_spectrum.csv	32293	c006e4228f484c3f85e4fc17877a8f995df72fed558165fbc6d673009871a9e1
data/processed/geochemistry/xrf/Site_44/Test_5906/5906_beam2_peaks.csv	642	2315ecea25a48e11b0e31d85d4cfecf7672d1d334c9e56e5ea33b98c0daf66a7
data/processed/geochemistry/xrf/Site_44/Test_5906/5906_beam2_plot.png	127435	1bd9ed3595e8bb894057240cda2564f3d6d4c5c060c14a51e047c0cbc6f84b4c
data/processed/geochemistry/xrf/Site_44/Test_5906/5906_beam2_spectrum.csv	29551	7f201c595b329d66eee0a170e16f13c2824fdd4fc967a29fb37a74657f2048c5
data/processed/geochemistry/xrf/Site_44/Test_5906/5906_beam3_peaks.csv	6852	0e5fa290eda8f478985ac91fe6831dc2bb9ab97d918d3292301857aae56e0523
data/processed/geochemistry/xrf/Site_44/Test_5906/5906_beam3_plot.png	238890	ae6922d56145b7079aadf351ec206a6d8a8c3b7737368b274cb0700101e77677
data/processed/geochemistry/xrf/Site_44/Test_5906/5906_beam3_spectrum.csv	30936	41090ecb3d3f9313ffc19a1b036b9f8a4a09b39749595ce5e6690c62ba8c3a0f
data/processed/geochemistry/xrf/Site_44/Test_5906/5906_combined_plot.png	299531	7a91e4704719b6b3483cc83abab79dfbf43edb8766d3b0540cf785d13c5462a8
data/processed/geochemistry/xrf/Site_44/Test_5906/5906_element_percentages.csv	701	ff1231e7d78c6f45d0e062bac94c1a65edb2e59a6068c9075a719c4c2e257b0a
data/processed/geochemistry/xrf/Site_44/Test_5906/vanta_data_5906.csv	2738	608f7a1527bbdafe0b1e0f9092206357fddb22d9a5f65eb729a250373867789f
data/processed/geochemistry/xrf/Site_44/Test_5906/vanta_metadata_5906.csv	125	550b3ca139ffbcf80454182336a598218d896eeab2e98be96b2f1fe078364d10
data/processed/geochemistry/xrf/Site_45/Test_5907/5907_all_peaks.csv	15587	6cdcc564dca0a6a32b36093f661a0ce5b7411946c0e1f5a13da54dac5933b434
data/processed/geochemistry/xrf/Site_45/Test_5907/5907_beam1_peaks.csv	4403	7709fb0599a822e387c1c77996226504d50c8e6f33f580e04ec2c701e8d810d0
data/processed/geochemistry/xrf/Site_45/Test_5907/5907_beam1_plot.png	215734	f2628a53018e3b4a5941c3a9d3e4b741894143f595efb0e2d19ae14b83f4cb69
data/processed/geochemistry/xrf/Site_45/Test_5907/5907_beam1_spectrum.csv	31169	e23bbc91dc9fc9fe14237fde3d4a1610049a7bc6cd845b484b542fd99c0bbd27
data/processed/geochemistry/xrf/Site_45/Test_5907/5907_beam2_peaks.csv	1069	c8254f32522f4beb32e7d95b852b95487d2854a6140ff5a2c1ab8996d3788161
data/processed/geochemistry/xrf/Site_45/Test_5907/5907_beam2_plot.png	124235	876efc813fa5da339802e8866bd0d35b8f461f60e78586ab1ce5c1dbda3363f8
data/processed/geochemistry/xrf/Site_45/Test_5907/5907_beam2_spectrum.csv	29240	d36571724f72bd19fa4e1ea25c798c4595f5e5650c28d26534bd1f8f784a83c7
data/processed/geochemistry/xrf/Site_45/Test_5907/5907_beam3_peaks.csv	8099	cdafcb9e348295ccc9fde693c003b55864e05929263769e7ae0b08fd89f28a31
data/processed/geochemistry/xrf/Site_45/Test_5907/5907_beam3_plot.png	314845	58dcaca14d662ecfafb330b5b034b81c583ae2feae2ee041359c3bc3fe9c3fa3
data/processed/geochemistry/xrf/Site_45/Test_5907/5907_beam3_spectrum.csv	29482	409d297a7ac9f0482630701b56b35278973680adbde9934d6bdf548867f71814
data/processed/geochemistry/xrf/Site_45/Test_5907/5907_combined_plot.png	350078	4c3928c232d9d4ef46123744c52f133394339bd2db37b31c50cfa030ce1fce0a
data/processed/geochemistry/xrf/Site_45/Test_5907/5907_element_percentages.csv	696	b03a433ad9636280a58397866059340f760cde02856da963630cf06ff376a3f2
data/processed/geochemistry/xrf/Site_45/Test_5907/vanta_data_5907.csv	2737	dda7a9b0e925c8341d2083adedffe9bd6d3f58e45f6a12562b4864b06284a9eb
data/processed/geochemistry/xrf/Site_45/Test_5907/vanta_metadata_5907.csv	125	42f17e5047228412432b75d526333a12f2323febb82a4a873ecc0e1efa0ba55b
data/processed/geochemistry/xrf/Site_46/Test_5908/5908_all_peaks.csv	13001	a2e646a63083d9e672018568c7ba0101744b432c9880c25958294fc87fec8823
data/processed/geochemistry/xrf/Site_46/Test_5908/5908_beam1_peaks.csv	3879	fd52fc7e64f22a692106c73e0387b3aa356106c10a69c49c67e3dfe9bb999818
data/processed/geochemistry/xrf/Site_46/Test_5908/5908_beam1_plot.png	170354	5b167ab335d259abaf4e6676661f60470194d4def4d615385974de535b6505ba
data/processed/geochemistry/xrf/Site_46/Test_5908/5908_beam1_spectrum.csv	32313	c9abc6d6890bea855b81df92587d0e73f57b261b5992fb69ec7194c1a228b5eb
data/processed/geochemistry/xrf/Site_46/Test_5908/5908_beam2_peaks.csv	347	df1c5b42d8e64eb59732c71b9a398994630fbface6b148a5c88345f45286e9e2
data/processed/geochemistry/xrf/Site_46/Test_5908/5908_beam2_plot.png	124521	026153b62a00f77e4412b9332d5925fe2e5ef68d5e0e178658ec23feca9c39ed
data/processed/geochemistry/xrf/Site_46/Test_5908/5908_beam2_spectrum.csv	29498	dfab13c4ca53f44dfcb993d6460ba590f7a966b550a5c655a83c010b20ae6938
data/processed/geochemistry/xrf/Site_46/Test_5908/5908_beam3_peaks.csv	7059	9c3d281161432aecf984a6512958d4133b51ca4b4a6a8412c77e6a7e8a2d62ae
data/processed/geochemistry/xrf/Site_46/Test_5908/5908_beam3_plot.png	237917	2c5c114bbdb0f27d06ea944a6aaffba2641de37b0a7aa627f0ead6d746560c82
data/processed/geochemistry/xrf/Site_46/Test_5908/5908_beam3_spectrum.csv	30925	3f1acb709c2320728bb6228262ee6ef9b4f4b79ba4d1bf36ba80554fba84f0de
data/processed/geochemistry/xrf/Site_46/Test_5908/5908_combined_plot.png	286017	e499b735c6533893f041fe4a602ae2d6cc62511b60615e8481d25eb39b6496a5
data/processed/geochemistry/xrf/Site_46/Test_5908/5908_element_percentages.csv	676	42fc06ac9947991d73b18bca531a71f757f4c11366be72de93dffb4fd40ecb0a
data/processed/geochemistry/xrf/Site_46/Test_5908/vanta_data_5908.csv	2738	f7e5a5e545c80af4c72748316f308eabd7e4eda4897476e67114d1a5c60a4b7e
data/processed/geochemistry/xrf/Site_46/Test_5908/vanta_metadata_5908.csv	125	dd9be891793ca77a18dec4bc130231be6da9c779457eb2867ad5b85e5f2e8968
data/processed/geochemistry/xrf/Site_47/Test_5909/5909_all_peaks.csv	13565	7bea7685072ad2cb2926f68038c86d3cfd421c485c4fe0ab5e2cd00b637a6264
data/processed/geochemistry/xrf/Site_47/Test_5909/5909_beam1_peaks.csv	3999	962b70a1c197ea2d4ccef4511c16f82ebcf49f48983a383dca526289b41fc262
data/processed/geochemistry/xrf/Site_47/Test_5909/5909_beam1_plot.png	177594	72bb389f5f650a231268277999a5b6911da7b7ffd6a5b725b02ad9ec25c0104b
data/processed/geochemistry/xrf/Site_47/Test_5909/5909_beam1_spectrum.csv	32128	9b5a23ef6bcb5478f9869eeca28ff91ed68fef1fa4ff443aa25bd2bd54cbd990
data/processed/geochemistry/xrf/Site_47/Test_5909/5909_beam2_peaks.csv	687	8789510599e7d6f86355873de8226c8698dfe300656a788bd1658b7a8455caa5
data/processed/geochemistry/xrf/Site_47/Test_5909/5909_beam2_plot.png	120569	d22c230a088ce720ab7fbb3283780723d537430c25ff8225b9271d2ce696972f
data/processed/geochemistry/xrf/Site_47/Test_5909/5909_beam2_spectrum.csv	29485	6546111c1063a8045ed21003a19be68c70074a5f0e1c50b0f30f46d5c5a6fd11
data/processed/geochemistry/xrf/Site_47/Test_5909/5909_beam3_peaks.csv	7048	e80ff6e33936b6d7edc2c1da7504f2598ed64f6c2ba57472317e21872eaf1ac4
data/processed/geochemistry/xrf/Site_47/Test_5909/5909_beam3_plot.png	256731	2f7799ed30265bccd68ad6c5a84d150358771662423fb5c14b9ed24fc6c7ab16
data/processed/geochemistry/xrf/Site_47/Test_5909/5909_beam3_spectrum.csv	30724	187b5ce6d158483bffcdb0765ef686a2d7dd92c78fa65fad85f6be9d153a8f46
data/processed/geochemistry/xrf/Site_47/Test_5909/5909_combined_plot.png	293834	500379b39fead531e24049b87313efe6aebeb55baf261a2dfa069dde8f8348af
data/processed/geochemistry/xrf/Site_47/Test_5909/5909_element_percentages.csv	623	b63c780c3cb1d368c8741205c7012bb6505286c811f0dccab879bbf4b26be509
data/processed/geochemistry/xrf/Site_47/Test_5909/vanta_data_5909.csv	2738	559e32b8e0e444eef6cea21b2c0eb5ef0adc1c25b308a760bac7e1fedce0bf39
data/processed/geochemistry/xrf/Site_47/Test_5909/vanta_metadata_5909.csv	125	f851fbc791b6c34d02156f503cb6f7e18a19154b4a309bc31cae1a7a81092409
data/processed/geochemistry/xrf/Site_48/Test_5910/5910_all_peaks.csv	14675	2665e93a8d0f34c3406cd24e01f4123d4d6589da6fa6450b75be6f76e5832f37
data/processed/geochemistry/xrf/Site_48/Test_5910/5910_beam1_peaks.csv	4204	ddbddcdd7cabab0c72e293529ce29b73ea85499ef31c1738c57760c5475f9607
data/processed/geochemistry/xrf/Site_48/Test_5910/5910_beam1_plot.png	183289	8dcfacc0a76527c3d548bb7d6b82eae941100514bc44e32138d5a52f1cb45b34
data/processed/geochemistry/xrf/Site_48/Test_5910/5910_beam1_spectrum.csv	31873	7974dc5ea8ee8133fedece9d8e7ac4b4de966e1ab8c5f70ff90fa485bb5e8a31
data/processed/geochemistry/xrf/Site_48/Test_5910/5910_beam2_peaks.csv	989	9f57730f4185bf5edb9657a720d100abd14bd1acf3e75f3c1df3911eb3dd5bbb
data/processed/geochemistry/xrf/Site_48/Test_5910/5910_beam2_plot.png	118386	7d103d16368556a89ffe575e69f115565b9ad3d67cea6897b70d13b15ce9d0ee
data/processed/geochemistry/xrf/Site_48/Test_5910/5910_beam2_spectrum.csv	29339	c82eb022af6e994b268ca1b58d11e406a187d0c199f2cee405e86d4cb7e80516
data/processed/geochemistry/xrf/Site_48/Test_5910/5910_beam3_peaks.csv	7590	b265b3834dd73c20e0c7a56239e55f91511c476e21d773f1b3efbdd7faefb4a9
data/processed/geochemistry/xrf/Site_48/Test_5910/5910_beam3_plot.png	259211	268073eb99e7d6e96874213e26efe11483bac73f4d99b1b4ea1da99ab5127225
data/processed/geochemistry/xrf/Site_48/Test_5910/5910_beam3_spectrum.csv	30572	fff28203898003e27623f9a6d041934dbeef054b9e9e489ec4e2aedda9f6dbe7
data/processed/geochemistry/xrf/Site_48/Test_5910/5910_combined_plot.png	295435	2e6343aca50b2cbfeaae7d883f8195f4a9698c6af2972094d5fc7e1df6537cb3
data/processed/geochemistry/xrf/Site_48/Test_5910/5910_element_percentages.csv	643	12d45622c170bbe03b4b8869c076f23a79e04ae8d9f3fd40e9eb7a97fd9677f6
data/processed/geochemistry/xrf/Site_48/Test_5910/vanta_data_5910.csv	2738	419876aaf8055794cc7fd2912b771747edb4e23b98aae7e612eeab01a816494c
data/processed/geochemistry/xrf/Site_48/Test_5910/vanta_metadata_5910.csv	125	ed401ac9ac0c914067f2b5777fbe90b143dc21b8bd17c744e69904001260f74e
data/processed/geochemistry/xrf/Site_48/Test_5911/5911_all_peaks.csv	15474	4a3482f7e823fc6bac69f70ccb6a8c18ce2de6a9b606b40155bf1561f4a7f381
data/processed/geochemistry/xrf/Site_48/Test_5911/5911_beam1_peaks.csv	4378	38ed867529b9e99717125c4a557f35815310ab7f9c329861c6eb338fee352d1e
data/processed/geochemistry/xrf/Site_48/Test_5911/5911_beam1_plot.png	189186	f6a45bf618b3abb32772175669b95101d6e92c70a43485e4441d651893b64433
data/processed/geochemistry/xrf/Site_48/Test_5911/5911_beam1_spectrum.csv	31313	bd7f94f1e23c9081467502c4a3ce2f3655cb247fdeae191e21ed3572019ab303
data/processed/geochemistry/xrf/Site_48/Test_5911/5911_beam2_peaks.csv	1240	4d537123ac4aa1b978a6447b55d4bc27a2c2b6a8173d9bd4b5ca4df81a83976e
data/processed/geochemistry/xrf/Site_48/Test_5911/5911_beam2_plot.png	121652	266855448040471856c014e2b7ccdf9885321e7cd4a2c32d6c5f31e3d32ebf3b
data/processed/geochemistry/xrf/Site_48/Test_5911/5911_beam2_spectrum.csv	29265	bf9f01382fd342eb135ebca5735d5503495c6f1259ae53060c6b5d6b6ef512b9
data/processed/geochemistry/xrf/Site_48/Test_5911/5911_beam3_peaks.csv	7828	76c05933aa158f37e6e0eeba46aa6e7baccb10558ea8706d73b089b56a9d6e70
data/processed/geochemistry/xrf/Site_48/Test_5911/5911_beam3_plot.png	282069	f8a008a95677f3fd7d933407b1122fa84ad71d3e99c3a7433dc6e795daaf8f4b
data/processed/geochemistry/xrf/Site_48/Test_5911/5911_beam3_spectrum.csv	30024	728add24f0c3e4fd06e1ae402b24a4906becf051e7064f9e6040a7fb8d0b9605
data/processed/geochemistry/xrf/Site_48/Test_5911/5911_combined_plot.png	312932	be064267b3cfc69c8ba3d91fccdf99777c24cac5959ec5aea9e712adf5b0ba28
data/processed/geochemistry/xrf/Site_48/Test_5911/5911_element_percentages.csv	680	89e93f6e5acfefed77f1a50661ddd1b877a862251cff8dd055acf8813de3b422
data/processed/geochemistry/xrf/Site_48/Test_5911/vanta_data_5911.csv	2738	19f54f3dff4e637d3ea4488a91541fb34625f6f1c4383058adb57e50d41dc752
data/processed/geochemistry/xrf/Site_48/Test_5911/vanta_metadata_5911.csv	125	a23c971e0b207dd41b179f5e9bf1b29f88ebe8b148792a980c97a88a28512055
data/processed/geochemistry/xrf/Site_49/Test_5912/5912_all_peaks.csv	12647	a8e5582eb5358086bf8b77f7f06479d8d6c68900cf551738ab7615c15c02f0c1
data/processed/geochemistry/xrf/Site_49/Test_5912/5912_beam1_peaks.csv	4040	f211c2f2770ffe74c77c791bf7b81b4f16908566f0ab949ce2d0c22b787213dd
data/processed/geochemistry/xrf/Site_49/Test_5912/5912_beam1_plot.png	177000	04a4847c63234ecb6e26555c51a71a907c0c9b32ef1c9003bb803aa9f8badaf1
data/processed/geochemistry/xrf/Site_49/Test_5912/5912_beam1_spectrum.csv	32349	55d0895e64cef6b180ad2ef42fb8c5c76bf37e9691e2c3c3f3704a60ee4f6cfb
data/processed/geochemistry/xrf/Site_49/Test_5912/5912_beam2_peaks.csv	447	e46e7f9425b8419243f9ba8175e6ff88d4fd3f0fc7cc55796efa1877fa2b7dff
data/processed/geochemistry/xrf/Site_49/Test_5912/5912_beam2_plot.png	125081	8f1ba84adf2dc18c151c5aac7958dd0b90b3963674f80cbb6f16623b31b2f08c
data/processed/geochemistry/xrf/Site_49/Test_5912/5912_beam2_spectrum.csv	29531	2a9566d45c1bf15601f45a461c012435eb7cc49e3e13c7b0f73935f8c9b55362
data/processed/geochemistry/xrf/Site_49/Test_5912/5912_beam3_peaks.csv	6450	3fd6c11815afc624a2e570a303c583629831ef8c704322e79691561c08fa591f
data/processed/geochemistry/xrf/Site_49/Test_5912/5912_beam3_plot.png	232403	0b131c5deccc9710102acfea5acf1844760b83e700d5ca8d5eecd0a582865503
data/processed/geochemistry/xrf/Site_49/Test_5912/5912_beam3_spectrum.csv	30955	ed4d2356b5457bc5b83f958fa93c7c5bd798aab9ba31201fa4f3db45b151dcf7
data/processed/geochemistry/xrf/Site_49/Test_5912/5912_combined_plot.png	290490	d821cb5d99f8bd022f56739383823e4e79c1535201cdcdaaa24a120f9179a96a
data/processed/geochemistry/xrf/Site_49/Test_5912/5912_element_percentages.csv	611	01d88b2742a8679179c5ce6edeed9d7a4cf30854c8939b64c4bda6ce8ad6a4f4
data/processed/geochemistry/xrf/Site_49/Test_5912/vanta_data_5912.csv	2738	296fe715cab392e16db8255e45dfebdc1a22b79013834dd78fa99d175bd459e2
data/processed/geochemistry/xrf/Site_49/Test_5912/vanta_metadata_5912.csv	125	58ab305e4e21fe3f43764c589270d4a2d1d0175fb10fc3967c35fc4e9028555d
data/processed/geochemistry/xrf/Site_5/Test_5838/5838_all_peaks.csv	15566	2d5b90ae3146dff730b68493b776a9dd3c2eecc31a79b383872e44441f13a53c
data/processed/geochemistry/xrf/Site_5/Test_5838/5838_beam1_peaks.csv	4680	9ddcbec13d3408277216863f1e9aed2e46079c358b8a86b999203a2fbfa41221
data/processed/geochemistry/xrf/Site_5/Test_5838/5838_beam1_plot.png	216138	d5dc9baf8688ebc50915eb5c1386230fbce3830aaded99ef6f291479fe5a44a7
data/processed/geochemistry/xrf/Site_5/Test_5838/5838_beam1_spectrum.csv	30926	403ef62768383b742fcf6f53560b841954e22dc97214ae56ea5e2e7094f0dfb0
data/processed/geochemistry/xrf/Site_5/Test_5838/5838_beam2_peaks.csv	932	8fc1f2690a3651dd27273619323657882a507564745b5bbe0adae52d5613a3e5
data/processed/geochemistry/xrf/Site_5/Test_5838/5838_beam2_plot.png	122606	ba42fe89d8acf39856861cab3c95d494bc7610bed0c49e871713feb2a73f5b6f
data/processed/geochemistry/xrf/Site_5/Test_5838/5838_beam2_spectrum.csv	29196	36eadedb19494aa840af189b2b2f5b1f50067f31b89042f10c9a91ddc207a453
data/processed/geochemistry/xrf/Site_5/Test_5838/5838_beam3_peaks.csv	7896	4f39307a2249a4e55789e181caa6072bffdbc76cda0cbd62a8c15cb2a1bc71ec
data/processed/geochemistry/xrf/Site_5/Test_5838/5838_beam3_plot.png	343758	5afd5b962e933a9b0affdf24595c2e1db6afa4823b7f9edeb045e3be2b94eb3a
data/processed/geochemistry/xrf/Site_5/Test_5838/5838_beam3_spectrum.csv	29386	8a5a767263341b557bf0b0f7ee322e52c7d055e55cb8b1763e8b1fad0b28dff7
data/processed/geochemistry/xrf/Site_5/Test_5838/5838_combined_plot.png	349168	cd5f0879a9c5feb342267611787146ab68e24219214d753a0ae8d5c933bfeb00
data/processed/geochemistry/xrf/Site_5/Test_5838/5838_element_percentages.csv	693	b41b127f9b842e75f424f1cba2cd1ea0c8c95a33e93a9d7cd9beeb01839c0e0d
data/processed/geochemistry/xrf/Site_5/Test_5838/vanta_data_5838.csv	2737	03ceffde9fe3b01c165988827bed844ce15fdbe87d1c4abeabc6156c0ce39b9b
data/processed/geochemistry/xrf/Site_5/Test_5838/vanta_metadata_5838.csv	125	82d7699954c4e76ce424e881316568ffb615f198b729954bfb48f2d287f0d438
data/processed/geochemistry/xrf/Site_50/Test_5913/5913_all_peaks.csv	13677	baa440eb24d02c29f8415eb02710fd176b827fb531804ec2f3ad521d1c28ebb0
data/processed/geochemistry/xrf/Site_50/Test_5913/5913_beam1_peaks.csv	4086	b97eef42c2129cfe98045e9149432f27245b28ae2e06cc3468badc107996c83d
data/processed/geochemistry/xrf/Site_50/Test_5913/5913_beam1_plot.png	175407	81e832ac0f5d02af3e3163700e03d426ffb536b413b17b353f5efaac5d20d554
data/processed/geochemistry/xrf/Site_50/Test_5913/5913_beam1_spectrum.csv	32335	9f374b32f68ea1da12c365a0047bc87d58fdc47c43642e27e22540ad20f9a1da
data/processed/geochemistry/xrf/Site_50/Test_5913/5913_beam2_peaks.csv	447	0fb9731636ad49e956698c1d3fcae7683df0078bb78d5c549c37c37e10bf850b
data/processed/geochemistry/xrf/Site_50/Test_5913/5913_beam2_plot.png	125792	d64a60391616877950c41bd8b707834dc5f444f7e9f29dd67fd655ae7822306b
data/processed/geochemistry/xrf/Site_50/Test_5913/5913_beam2_spectrum.csv	29541	e64facd16c9bafea0a72d997ac350eb78b49cbf85050c118d3400278c69b5cbe
data/processed/geochemistry/xrf/Site_50/Test_5913/5913_beam3_peaks.csv	7279	fbc2740ee89c231bce958e76d6f22c8b279909700c7f635748b3c0c56f900748
data/processed/geochemistry/xrf/Site_50/Test_5913/5913_beam3_plot.png	231647	f617efac55746c8340198b2a22285e94c8d1df669e03a02e66b51197296a5a5e
data/processed/geochemistry/xrf/Site_50/Test_5913/5913_beam3_spectrum.csv	30924	9f5e78e2da472fed75ab70ba7b51ec5f4d8fc4d0f06d81043489adc2ddeba8bb
data/processed/geochemistry/xrf/Site_50/Test_5913/5913_combined_plot.png	288087	f7eedac4d4fde8c0a334ab05780b771a263ebc171d7703199f879200758a80d8
data/processed/geochemistry/xrf/Site_50/Test_5913/5913_element_percentages.csv	627	6cc89629d5184a58e2e86e36e42b550837c445fe5d52334e3505907497e450b9
data/processed/geochemistry/xrf/Site_50/Test_5913/vanta_data_5913.csv	2738	8967f60f9a3f3947cb69643a35122b95564fd06129685598eb9e38449c9d02cd
data/processed/geochemistry/xrf/Site_50/Test_5913/vanta_metadata_5913.csv	125	44cb5f8334d34966679b0d83f4f1b9d44260cb012d52654b3070c747c4968047
data/processed/geochemistry/xrf/Site_51/Test_5914/5914_all_peaks.csv	14618	4b69a0b823d85209a594262d2b15673c6c845ab3c89f62dfc0d9a83c66288cf3
data/processed/geochemistry/xrf/Site_51/Test_5914/5914_beam1_peaks.csv	4278	6fd15d59c6254d8cde42b2381c0d80e432cb7bbcf7a0e835741a51450c060b33
data/processed/geochemistry/xrf/Site_51/Test_5914/5914_beam1_plot.png	199480	3f8ccbcc72bc68ae40b745f3520edc8390e92e1b3d58008f1c0cb7fe6a701572
data/processed/geochemistry/xrf/Site_51/Test_5914/5914_beam1_spectrum.csv	31770	a3fc2ccbf6f2b3634970c422c6baaeae0e39c4f002e359917c77092fc09541f5
data/processed/geochemistry/xrf/Site_51/Test_5914/5914_beam2_peaks.csv	936	af3583af8703a1387246fd1f38f94406522d659e1fe877e22e99b7d45355b509
data/processed/geochemistry/xrf/Site_51/Test_5914/5914_beam2_plot.png	124427	b3d1bef72e86e33d4d21385ec9faa4f02742fd0dcd1d080f1b885a90e2442a11
data/processed/geochemistry/xrf/Site_51/Test_5914/5914_beam2_spectrum.csv	29406	d2970723207776ae2d5883de24b0ce623348e59e0e14bc8ee75bb85b5da5c40c
data/processed/geochemistry/xrf/Site_51/Test_5914/5914_beam3_peaks.csv	7477	ec983aad05f9003d3f285b35af7ff162fb34027d899547209b9b45bc8dfac1ff
data/processed/geochemistry/xrf/Site_51/Test_5914/5914_beam3_plot.png	275205	6ac9c8e509d3162b08ab335b5c2aec89c5b094804cd908df9c78721967e57e11
data/processed/geochemistry/xrf/Site_51/Test_5914/5914_beam3_spectrum.csv	30334	735e93e689f3e81f4b426e4af55d6fdc10ef6587d9c674daf8ab0cb86a323e59
data/processed/geochemistry/xrf/Site_51/Test_5914/5914_combined_plot.png	328735	32eb4d0add6a4c06a6a8c920612fb6309696a8cadc6e0a5d22cdad3c67565097
data/processed/geochemistry/xrf/Site_51/Test_5914/5914_element_percentages.csv	700	b3d9bf847ee90ed3dc523da0c08ca7a8f21e6e2b4300312d4876dfc4d0f1ab8e
data/processed/geochemistry/xrf/Site_51/Test_5914/vanta_data_5914.csv	2738	da84a19f2280b4998008b2bb2e40a1e12ae1eab446dc3df7d16b406367cc0dd8
data/processed/geochemistry/xrf/Site_51/Test_5914/vanta_metadata_5914.csv	125	6e9b6f4559955802e61a237051052eeb5cd7e4693ec64038db995d264b5f9b2d
data/processed/geochemistry/xrf/Site_52/Test_5915/5915_all_peaks.csv	13887	69a7a53ec95afd5479c0341bd15d5403181cd690fc5a512defb90c6e37cf5277
data/processed/geochemistry/xrf/Site_52/Test_5915/5915_beam1_peaks.csv	4078	12f8997ba4275769dd3b4edd32f1d8103df0100baa096bb4a5d38276474371cb
data/processed/geochemistry/xrf/Site_52/Test_5915/5915_beam1_plot.png	186082	005892bcfec9e4e2c89744b49d227e61e9d41fb1574a7418d43d568fe6142fa4
data/processed/geochemistry/xrf/Site_52/Test_5915/5915_beam1_spectrum.csv	32226	27046f9aaa585c61cee2b7873d6b1824a955a6e8135ee97b2723beee7683b0bc
data/processed/geochemistry/xrf/Site_52/Test_5915/5915_beam2_peaks.csv	894	0778df21d0276564b46b8a7e998c0ac3182a28967a182e6c78668a14a89bd82b
data/processed/geochemistry/xrf/Site_52/Test_5915/5915_beam2_plot.png	138481	f36c7239eafd3d642b638c8e7f4269b776f3a29befd1b7882025b4ce9cc8669a
data/processed/geochemistry/xrf/Site_52/Test_5915/5915_beam2_spectrum.csv	29625	2ab4314318f7ce161f9f4dd58367d797b43c0f3c1dd703a6cc46e5440476d040
data/processed/geochemistry/xrf/Site_52/Test_5915/5915_beam3_peaks.csv	7211	c57cc5206c89443a3b59a2d5a8fdd8b52f78a96df9ec25d5db4766e2696bd4cc
data/processed/geochemistry/xrf/Site_52/Test_5915/5915_beam3_plot.png	261554	efd45aacd4b20c112613b11f9b06bfaf26ded5b23ced38ff0f6ddcac5fd9f0e4
data/processed/geochemistry/xrf/Site_52/Test_5915/5915_beam3_spectrum.csv	30807	4f996780cdb044d2e1cdc8a328efccc3beded678838265b0b276819dff5a6ad4
data/processed/geochemistry/xrf/Site_52/Test_5915/5915_combined_plot.png	326029	3660b61eb5382ddb86840dac7ed4dd3fdbe1a19350399803d79708ce742e15e0
data/processed/geochemistry/xrf/Site_52/Test_5915/5915_element_percentages.csv	690	629790aa4823cfdd51ce49482fbe4f4a9d6c3fedb08848bb372bfc86e253e43c
data/processed/geochemistry/xrf/Site_52/Test_5915/vanta_data_5915.csv	2738	ada6cfa2b70e4f047a564e4831e847defe49dd35f481400f8ff7829308b1faf0
data/processed/geochemistry/xrf/Site_52/Test_5915/vanta_metadata_5915.csv	125	c0e6397cb009609e0a9f5bd2089422ff92b9df280df5e8a7c39b550b3e0b6afc
data/processed/geochemistry/xrf/Site_52/Test_5916/5916_all_peaks.csv	14174	a83e5cf73f75ccf03ded9a2d79b4786475e1629b848ce2a6838ee2a7a4afb27c
data/processed/geochemistry/xrf/Site_52/Test_5916/5916_beam1_peaks.csv	4096	bc08ccb31540b2dc693b90ed3c8087c931449c621fa998a717761e06700150b9
data/processed/geochemistry/xrf/Site_52/Test_5916/5916_beam1_plot.png	182656	8ce357572617378abba4b171089a67ab2aa961b4d39d2c8f7f37dad010a50934
data/processed/geochemistry/xrf/Site_52/Test_5916/5916_beam1_spectrum.csv	31931	c0c2f60ebd86ec2d7ed564165d91685666346d4593f50e5a980d3d9c624de759
data/processed/geochemistry/xrf/Site_52/Test_5916/5916_beam2_peaks.csv	963	adb38ae7246b74d2e0d2ef7687f7f48accfa9f8e2637d40818fa807cbcd8bf0c
data/processed/geochemistry/xrf/Site_52/Test_5916/5916_beam2_plot.png	117630	c0ee03cbdec68deb2f62a48f903c666a5715897f43b3b6098463858a4b2b4b9a
data/processed/geochemistry/xrf/Site_52/Test_5916/5916_beam2_spectrum.csv	29401	dbe7a6f7d57e8f9132147ceddf550cbdee9b03c3b0cf8d42d61b187c65c33f1c
data/processed/geochemistry/xrf/Site_52/Test_5916/5916_beam3_peaks.csv	7357	eb7cc2da13c82cd11e52d7daf8d84061c6ad4ce8b40fcbea385d1c622f9575e5
data/processed/geochemistry/xrf/Site_52/Test_5916/5916_beam3_plot.png	262812	3d9b845c76643e4e15749c0af2a85c4e8d429a2a25e93123abe3c34b29e24bae
data/processed/geochemistry/xrf/Site_52/Test_5916/5916_beam3_spectrum.csv	30470	b727cf192db2b7c9f9b9cb93fda51ac75af1ff8ee739f9b86bf29f5c899a93ec
data/processed/geochemistry/xrf/Site_52/Test_5916/5916_combined_plot.png	304142	05097a4f3445845f907a8a8616cd5d556d5783bd4e91ebf75dd4d91665741114
data/processed/geochemistry/xrf/Site_52/Test_5916/5916_element_percentages.csv	678	d788f5c26ac5adb20f2509012de7559f1a6e17bc56aae55b451c2c975f5e3fd1
data/processed/geochemistry/xrf/Site_52/Test_5916/vanta_data_5916.csv	2738	65b870168a27c79bcd2a64d0be1a9277d7b003942a1afe1943e39bcc8f8fc24c
data/processed/geochemistry/xrf/Site_52/Test_5916/vanta_metadata_5916.csv	125	874ab39be5f7be20a054e97527f3fc75e1c5a84b9e9101e6a41fb10493be9288
data/processed/geochemistry/xrf/Site_52/Test_5917/5917_all_peaks.csv	15058	3df38a5d8847c4fde4e960b48c8ba8e4f64356150d38dfc05a306ce82259f0e9
data/processed/geochemistry/xrf/Site_52/Test_5917/5917_beam1_peaks.csv	4588	6cbd6434858a34dfdb2db559d6670958a7c3d6935fe341c4df8232f1f2ec7154
data/processed/geochemistry/xrf/Site_52/Test_5917/5917_beam1_plot.png	205848	110bbb1e17158bc180b7bc136f75459220577e0f90320d40c1996e5f62462f1e
data/processed/geochemistry/xrf/Site_52/Test_5917/5917_beam1_spectrum.csv	31346	4332937336ec1336f48f7a9a668252406ac39c2328772ae1aed4424c965467cb
data/processed/geochemistry/xrf/Site_52/Test_5917/5917_beam2_peaks.csv	740	74912def6bd82e51a835f3f471cccff196c091fa96a2326b9d7be82bd9658ce9
data/processed/geochemistry/xrf/Site_52/Test_5917/5917_beam2_plot.png	121244	24352aa5e2f4b5a88166345bb3006a6d218f2d5c657b9c56a3c8cd49620858fe
data/processed/geochemistry/xrf/Site_52/Test_5917/5917_beam2_spectrum.csv	29324	0dc8f4c2603b21824cbe54a3f568abb63f3273c28734cd8f977970d5d09b276e
data/processed/geochemistry/xrf/Site_52/Test_5917/5917_beam3_peaks.csv	7692	3c46763a457bd72b62873c4778eee93559e74b75c3abf83064f3c1cb3a434e8d
data/processed/geochemistry/xrf/Site_52/Test_5917/5917_beam3_plot.png	301992	bf1ccd5bcfde595e12c014b76ac1cb9595570679c8528a9023697178cb84ef1e
data/processed/geochemistry/xrf/Site_52/Test_5917/5917_beam3_spectrum.csv	29903	d487bfb359dd7c33043fce09e88d3aec13c409cea26779296f994c3d2e90c87b
data/processed/geochemistry/xrf/Site_52/Test_5917/5917_combined_plot.png	339426	7127c40cf1a25d7f7fa2834ac01513de7387d06877cb1fad35e29c49be364c07
data/processed/geochemistry/xrf/Site_52/Test_5917/5917_element_percentages.csv	683	4e1f4aea3cca550cd6285766aa801149f4ea74e07f7da930165145a336b96c7d
data/processed/geochemistry/xrf/Site_52/Test_5917/vanta_data_5917.csv	2737	3de2507b5748cefac47143457d14213111781fb4120fc6b32e2ae21742e60d76
data/processed/geochemistry/xrf/Site_52/Test_5917/vanta_metadata_5917.csv	125	0452cd0175d5e8fcc25532d491557ae64074b62b2530bbaa2c2ec6abafa759f0
data/processed/geochemistry/xrf/Site_52/Test_5918/5918_all_peaks.csv	15497	470cf39f2d49274a326918049c4525f5f6bccffffc6bba481e6012ed42ebcbb5
data/processed/geochemistry/xrf/Site_52/Test_5918/5918_beam1_peaks.csv	4611	5881670063260388e5e652455c5752b00826894ffa105f84d3b85d4bf18e7922
data/processed/geochemistry/xrf/Site_52/Test_5918/5918_beam1_plot.png	193951	dbe6d5f22e55d10ff19decb1a0d0c1c17db357b2a4566c4c0e5c16d04a2a4e45
data/processed/geochemistry/xrf/Site_52/Test_5918/5918_beam1_spectrum.csv	31191	d759ddcf3d53aef9d08dcaabcf4d502d9688d8e57659db11c60989e472c6bf66
data/processed/geochemistry/xrf/Site_52/Test_5918/5918_beam2_peaks.csv	935	2c1913ad13e215975a472039fd3b20028e4806f1bfabfb628ecb1c96522a31ce
data/processed/geochemistry/xrf/Site_52/Test_5918/5918_beam2_plot.png	120235	4070a145b28b3978d3e71f79a0c125047a1a3390d8cdae8827117b47e106880e
data/processed/geochemistry/xrf/Site_52/Test_5918/5918_beam2_spectrum.csv	29231	9a617922fc172f290f4c9b8d8d80af0ec7581acb32d3d8205f85afa60ce52304
data/processed/geochemistry/xrf/Site_52/Test_5918/5918_beam3_peaks.csv	7824	f510eb4ee5154197aae2fa9daba632f2ba0130ea4bb80702e3e4c23f4454dff0
data/processed/geochemistry/xrf/Site_52/Test_5918/5918_beam3_plot.png	298102	fbeec0041276a073cd3ca7457ad4bcbc02449828e70327abe1f3243dd4acb707
data/processed/geochemistry/xrf/Site_52/Test_5918/5918_beam3_spectrum.csv	29867	f28b89be73490ee5a182aef03843abf077f451986bd82114ca16f0369091bf03
data/processed/geochemistry/xrf/Site_52/Test_5918/5918_combined_plot.png	322700	0dbf1d09155d661f5f55bf5dd03e2efb5aeaf2aea5d683bfd6a730077607d0ba
data/processed/geochemistry/xrf/Site_52/Test_5918/5918_element_percentages.csv	657	4c476f309a059e94e8b372242d68fe828acf624486421f50f9371b3fa9d1a75b
data/processed/geochemistry/xrf/Site_52/Test_5918/vanta_data_5918.csv	2738	301ef61463952f6acabae8117f9685344e1282e3c5e1d9c1423371581e5fc0d9
data/processed/geochemistry/xrf/Site_52/Test_5918/vanta_metadata_5918.csv	125	5de32a0c70527d4e70926485dcea411ab91e92c8aee691ef08e96832d503fe83
data/processed/geochemistry/xrf/Site_52/Test_5919/5919_all_peaks.csv	9261	ee9a068a89a68dd2d4568eeb3e99f66ec3b459149fc1b48965f20f486da12a5a
data/processed/geochemistry/xrf/Site_52/Test_5919/5919_beam1_peaks.csv	2699	6b62e484aee1c6b269b475c758dd8592a473c23faae9bbc203c07110a4881e94
data/processed/geochemistry/xrf/Site_52/Test_5919/5919_beam1_plot.png	164718	32b5d81fb578648bc29bb40a7d461e48e6ecc1f692da028b86dc7d8b717b68c9
data/processed/geochemistry/xrf/Site_52/Test_5919/5919_beam1_spectrum.csv	32293	c39bc178494d20fb2a731bbff5b1078396f71963c0feb709477e3a92c7bb9b74
data/processed/geochemistry/xrf/Site_52/Test_5919/5919_beam2_peaks.csv	897	4092d5562e113db66c783efa0de3fe4fe30b61b3036cfb69887fb50ecbae08bd
data/processed/geochemistry/xrf/Site_52/Test_5919/5919_beam2_plot.png	129526	2b6f78ad08674c1a9c8285534665c11f58eeaccbd1573457da8b805916aae2fb
data/processed/geochemistry/xrf/Site_52/Test_5919/5919_beam2_spectrum.csv	29617	775790d4270d6977bf7ca19c11e8e5d7bf735526b786f4f003f3d31397ea8659
data/processed/geochemistry/xrf/Site_52/Test_5919/5919_beam3_peaks.csv	4343	d22e76f317f76993ecb1995f436628b1ec7273da5fbf51ace6039033b098378f
data/processed/geochemistry/xrf/Site_52/Test_5919/5919_beam3_plot.png	187506	cf363fcdd05a428bdd37254464bd135746a1cef5f0d6dea94c921bb347e632f2
data/processed/geochemistry/xrf/Site_52/Test_5919/5919_beam3_spectrum.csv	30997	faf5c994573bc4eab3ab2b5c6c02f731cc2c63499761925f75f3df50097682eb
data/processed/geochemistry/xrf/Site_52/Test_5919/5919_combined_plot.png	272159	fd539f5e983406419219cc870136ef232c611a6b79302a9db6085203a5bd4240
data/processed/geochemistry/xrf/Site_52/Test_5919/5919_element_percentages.csv	439	227dd3eb3ada6aca4472dc3217c87b737a4676d81adf07c0832b823f4ac45954
data/processed/geochemistry/xrf/Site_52/Test_5919/vanta_data_5919.csv	2738	d0da645f58c66d08ed3993c031f3f41d8316fecfd6e7322fcabe90b8c6cde284
data/processed/geochemistry/xrf/Site_52/Test_5919/vanta_metadata_5919.csv	125	cb9809b2d64b560681d8d21fe4e83a53a80e752e69178b70f294f877ac10659b
data/processed/geochemistry/xrf/Site_53/Test_5920/5920_all_peaks.csv	13316	b0f3b30707d3b886007e5af748ffb204a71180c124a011713e5fed8c11a31f06
data/processed/geochemistry/xrf/Site_53/Test_5920/5920_beam1_peaks.csv	3864	24582c73df5cf8af7e3e905d18e82f656e3abc3239c530ebe26acdabade97a74
data/processed/geochemistry/xrf/Site_53/Test_5920/5920_beam1_plot.png	173654	95a59b02ce76f18e195fd98438045a4db773eac4885ee1a39c46e345c91a1d0c
data/processed/geochemistry/xrf/Site_53/Test_5920/5920_beam1_spectrum.csv	32150	278cbb3d8d73f713acfb96a59fa895ae5d7a85a72e0f44f642a391e8d616d763
data/processed/geochemistry/xrf/Site_53/Test_5920/5920_beam2_peaks.csv	687	c44864383e3ca8f64730c4164d61786766dba1b25623f40cedb3d39e2704c4b1
data/processed/geochemistry/xrf/Site_53/Test_5920/5920_beam2_plot.png	120453	42f91a9ecceed15ad7faba5e1c775cc90be2d55cba8a4642b08e5559ff8e25cd
data/processed/geochemistry/xrf/Site_53/Test_5920/5920_beam2_spectrum.csv	29480	4f83c46d9fa16bb5ac35bea35d91346e9d3f89642cb56944d285e8760b371a87
data/processed/geochemistry/xrf/Site_53/Test_5920/5920_beam3_peaks.csv	6885	c65cefe18fd75cd76a5f1d18653288af0c396247d4f4c5d64af7669a30fd34ab
data/processed/geochemistry/xrf/Site_53/Test_5920/5920_beam3_plot.png	254378	b52571c96d53e280f64e138f2040206c1f6085eadc8bb6eb0c139eb7e631c35d
data/processed/geochemistry/xrf/Site_53/Test_5920/5920_beam3_spectrum.csv	30769	7739d8214d7c55bad61b85b8cfc87077520642ff9b6955bb52ac8c3fbee5e3db
data/processed/geochemistry/xrf/Site_53/Test_5920/5920_combined_plot.png	294048	90d2b44e86d11e26bd7f9d9655ea9f141c2febbfabd0339060a7fe09a6bba6fb
data/processed/geochemistry/xrf/Site_53/Test_5920/5920_element_percentages.csv	609	3135e6ab0388d65997e3de2d16c3f208725d8ce39fc0c778ba741c8f46433b33
data/processed/geochemistry/xrf/Site_53/Test_5920/vanta_data_5920.csv	2738	e72c3f772129fe7475d9e860d0606ecf46765761d6ff32619d4f14890a37721d
data/processed/geochemistry/xrf/Site_53/Test_5920/vanta_metadata_5920.csv	125	085ed3eb544c25a0db6c38862003a4d5ff0c21b314e40216a417b9ec24814067
data/processed/geochemistry/xrf/Site_54/Test_5921/5921_all_peaks.csv	14703	e34ba5129e88feab9d5c51adbc74b7f35e921f0596a606c1cf4740129444da75
data/processed/geochemistry/xrf/Site_54/Test_5921/5921_beam1_peaks.csv	4363	590f421b7c8b365b634ba76404c218fb6c47c4b7e1e048d45258fabb5591a139
data/processed/geochemistry/xrf/Site_54/Test_5921/5921_beam1_plot.png	193540	3774e8f5ad0a9b9936285ef8a02e06351d39cf932476e68a59105ee7f717bbeb
data/processed/geochemistry/xrf/Site_54/Test_5921/5921_beam1_spectrum.csv	31494	0e3805221372fa12800e9e4f4a16e6430e1980eef2fd6aebc801a1171245cec6
data/processed/geochemistry/xrf/Site_54/Test_5921/5921_beam2_peaks.csv	597	8b752db3945fd58a40f6142b9c64f76a8344aa550be2014d09002055184e5c3a
data/processed/geochemistry/xrf/Site_54/Test_5921/5921_beam2_plot.png	124216	e7d6bcce81f900de5c0189c4c343bb9cc687b315cfe2329fcdcb7e40fdc7567a
data/processed/geochemistry/xrf/Site_54/Test_5921/5921_beam2_spectrum.csv	29343	b7775de191c915015b923ee3176755f67a553005866ec07f8d2043abf1dd7dac
data/processed/geochemistry/xrf/Site_54/Test_5921/5921_beam3_peaks.csv	7761	9d166362059b47538683cc20fc8350dd8013723bebdf5f8a98d9480b9fdaf3c1
data/processed/geochemistry/xrf/Site_54/Test_5921/5921_beam3_plot.png	269842	272b81b815aa0253e137545775f732f4e689b677e7ed5c95967dcc5cad41ebfe
data/processed/geochemistry/xrf/Site_54/Test_5921/5921_beam3_spectrum.csv	30168	fac918c13447763757d5fc4f5a9d0a321f215ff77cdc6df985012a67b55fbdf4
data/processed/geochemistry/xrf/Site_54/Test_5921/5921_combined_plot.png	321554	680bf4786e8f7b527845081f5b5c2d99daac71f1116e2ae69c2d3982ea76a5b2
data/processed/geochemistry/xrf/Site_54/Test_5921/5921_element_percentages.csv	678	f3d4bc10d73557853a83adc2da0f6d993a44e7c3ec018003d2c97a9d25771d98
data/processed/geochemistry/xrf/Site_54/Test_5921/vanta_data_5921.csv	2738	449bbec4663b5eab5a1377f6457a7a043f03b9c57067ed0ab8ea8d6d89b280d1
data/processed/geochemistry/xrf/Site_54/Test_5921/vanta_metadata_5921.csv	125	77987d49a80b2e7b207e734ba1165aa13d940758082c7301a333dffc49753631
data/processed/geochemistry/xrf/Site_54/Test_5922/5922_all_peaks.csv	11914	836dea835b8aacddd268b84b69e58907399e281eee0d02dc99c44c49119a56eb
data/processed/geochemistry/xrf/Site_54/Test_5922/5922_beam1_peaks.csv	3748	6d3429cb5aae004baa5f4b81f502ef15569453af293be7a0c23289d7ae3a64f7
data/processed/geochemistry/xrf/Site_54/Test_5922/5922_beam1_plot.png	178116	7e8507884c9f92093039b954de774b03c00ab44317b9a34e6bb22d1f677019eb
data/processed/geochemistry/xrf/Site_54/Test_5922/5922_beam1_spectrum.csv	30943	262f60c9874684f2269e7008f1b53c8ba3e6cebaae807395ceaec807b01b24b7
data/processed/geochemistry/xrf/Site_54/Test_5922/5922_beam2_peaks.csv	494	8062101ecd45613a1aca34407951af532c53f42618d580eaaea312f391e35513
data/processed/geochemistry/xrf/Site_54/Test_5922/5922_beam2_plot.png	117950	06d388a87f1c5a9c09f4d82dd1e4178b39e9003a3436ee4f17801d4142fc1a21
data/processed/geochemistry/xrf/Site_54/Test_5922/5922_beam2_spectrum.csv	29198	374b456f5f5b6536ee382abcd795fe3e634aa5b9034d5e71358e81a348759603
data/processed/geochemistry/xrf/Site_54/Test_5922/5922_beam3_peaks.csv	5903	f409c3885ba6c32ad0d45471ebb8341b52ec411acb8da7243afebf8691192d18
data/processed/geochemistry/xrf/Site_54/Test_5922/5922_beam3_plot.png	259662	0fef606e24a9bec6321d7a61b8ab78278fb3a666fe66d49fe3c75d58569f9ede
data/processed/geochemistry/xrf/Site_54/Test_5922/5922_beam3_spectrum.csv	29437	eac379b6430a9185f98b769daa95a5900707a6a2d927f22c4bfe5e0d6a28f5ce
data/processed/geochemistry/xrf/Site_54/Test_5922/5922_combined_plot.png	292400	ba6a5df571ba6d4da40fe6a17cef2fc30fb093fa3096780485aec689cb55803b
data/processed/geochemistry/xrf/Site_54/Test_5922/5922_element_percentages.csv	577	66fc51f59610485a10deb31450baa3cba396c9ef6baed012ba7b9e72b49ef460
data/processed/geochemistry/xrf/Site_54/Test_5922/vanta_data_5922.csv	2737	ee2ca6a9231aba8da0bc2f8d1fc6af460d65f1e0033c1dbcd0cf3b1a5090d9d1
data/processed/geochemistry/xrf/Site_54/Test_5922/vanta_metadata_5922.csv	125	2688970a1d70afddb543986e5795023ce1db50a7d6902eb36916977cdae7b536
data/processed/geochemistry/xrf/Site_55/Test_5925/5925_all_peaks.csv	9145	760f6aba3fd59bf0ef7542f6a0191e96d9cd8473fcc474d1ff6d6fa2cae2b83e
data/processed/geochemistry/xrf/Site_55/Test_5925/5925_beam1_peaks.csv	2870	6055b593ae0f747b6934832cddca0714dd8af19d53828b8b01e17f6e9e24264b
data/processed/geochemistry/xrf/Site_55/Test_5925/5925_beam1_plot.png	162790	1d1d9d39a6930da0fdd45acb0a696f5505230e7c3bec75588984976d6a85287f
data/processed/geochemistry/xrf/Site_55/Test_5925/5925_beam1_spectrum.csv	32054	29fb0525de71ca03858b205b3ee6ba29ebb3038cb1fe9733f9bb0663936c20d5
data/processed/geochemistry/xrf/Site_55/Test_5925/5925_beam2_peaks.csv	557	96c6b2d8c78be54b1aa8d9d8f0436354024701e8e8e745bcff2acc8e0c590ceb
data/processed/geochemistry/xrf/Site_55/Test_5925/5925_beam2_plot.png	125279	fa1adb14673e073b189643ea43c43c8bbf94e2cb78b11aaf3d6932793327f508
data/processed/geochemistry/xrf/Site_55/Test_5925/5925_beam2_spectrum.csv	29513	7376a684d30e71372a5c63ac0c81e68aa05d453224ef33b5196ed29a8abf11d4
data/processed/geochemistry/xrf/Site_55/Test_5925/5925_beam3_peaks.csv	4324	7fc751f7433efd85057ae6d6744a6a5e3215acc66f188030dead7976e84cebe4
data/processed/geochemistry/xrf/Site_55/Test_5925/5925_beam3_plot.png	203977	60fbf9ea2725e6ca7166c32d58ba2ea95c94ef9a7c165f5e37c76aad577b0469
data/processed/geochemistry/xrf/Site_55/Test_5925/5925_beam3_spectrum.csv	30631	7f6e3a2b11afe64c4c45e58ba000fc4c0a8f6be174458e6cb94c1a20a1d8114d
data/processed/geochemistry/xrf/Site_55/Test_5925/5925_combined_plot.png	272898	cd33c65b5c76f095b270f322fd77d7c11b999eba071f0cab9ab333b960d80304
data/processed/geochemistry/xrf/Site_55/Test_5925/5925_element_percentages.csv	376	7de318e9cd5b0e6f160629a6c97ec838f868752822579dc638475ceb9033cf26
data/processed/geochemistry/xrf/Site_55/Test_5925/vanta_data_5925.csv	2738	de5c726f49405913c50409ea2152fa25fa7cb3e476d53f004af42ebba3399ed9
data/processed/geochemistry/xrf/Site_55/Test_5925/vanta_metadata_5925.csv	125	666c36a68d58e4b1a5795bac0b71c55121efc638d9e95a9fc3bb1c18343a0b08
data/processed/geochemistry/xrf/Site_56/Test_5926/5926_all_peaks.csv	14062	59b789980d0110563d8d0b1a9a1faaf963856ffe70479fe2130ca6e76f4b102f
data/processed/geochemistry/xrf/Site_56/Test_5926/5926_beam1_peaks.csv	3950	b045202fc4fb2bef5fd41bf1de3d1a02a033719922345bfe93d43e488b60987f
data/processed/geochemistry/xrf/Site_56/Test_5926/5926_beam1_plot.png	184312	ead5100eab24ae43c02539d203f1186ac7613c61c3f3a7724278890572b06de5
data/processed/geochemistry/xrf/Site_56/Test_5926/5926_beam1_spectrum.csv	32093	596b9ce06625b8609cb73fbc7870d55767800fe17938604770c70703d7cf1b62
data/processed/geochemistry/xrf/Site_56/Test_5926/5926_beam2_peaks.csv	1080	d8eb2f4b12fa731f77b59b522682f30c3862d34438d25fd6510fbfdb2321e642
data/processed/geochemistry/xrf/Site_56/Test_5926/5926_beam2_plot.png	128061	6d916b1d792ff5f6f0dccda1f7d8029690dcfee281c7fc8382144c2c791e6e5b
data/processed/geochemistry/xrf/Site_56/Test_5926/5926_beam2_spectrum.csv	29529	9e36f9dcc970e186fb4579b3968610823ecf81a64040d6a3790750bfeaf951d7
data/processed/geochemistry/xrf/Site_56/Test_5926/5926_beam3_peaks.csv	7278	cf0daa3abef5378d8ddfdbcbe30b4740b5be384a8b71a1b2bd343b6eea1795e7
data/processed/geochemistry/xrf/Site_56/Test_5926/5926_beam3_plot.png	255055	ec540a1c8f8b62039b3b8439d59af169b34af876956bde8318ea711eeb167d7e
data/processed/geochemistry/xrf/Site_56/Test_5926/5926_beam3_spectrum.csv	30730	25ba47eaf92caadb9a18e0c018ad460bdc7a9256adf54db8f25c1bbba9f55d28
data/processed/geochemistry/xrf/Site_56/Test_5926/5926_combined_plot.png	310131	aad9d8df4ec5eb65247e8a27b6956126f8b472111335aedf18be00f2fecff593
data/processed/geochemistry/xrf/Site_56/Test_5926/5926_element_percentages.csv	672	67c129ad0b5883ea589bb582073191d08fbac231afd8bc16596e324cae8da196
data/processed/geochemistry/xrf/Site_56/Test_5926/vanta_data_5926.csv	2738	1f6e60110c8a458ad66f6b7f96a3973b85d4813dd65b64fbb77b9409b63374b9
data/processed/geochemistry/xrf/Site_56/Test_5926/vanta_metadata_5926.csv	125	723d7144689f2f8a4a2cc76aa36e92562e079f871f6ebb1f5e88fb177a0adfa0
data/processed/geochemistry/xrf/Site_56/Test_5927/5927_all_peaks.csv	15902	069d2decd1e63ab80f34454c09bb3afc306e99e6267af9a055d54379358efc7a
data/processed/geochemistry/xrf/Site_56/Test_5927/5927_beam1_peaks.csv	5143	7dbbd9c254fde01e7b144dabc767f7eefb67a4b0a3138da3a8b443fc17b10abb
data/processed/geochemistry/xrf/Site_56/Test_5927/5927_beam1_plot.png	224428	09d86ff4e8cd8a7901390f59fa6106926b334fc360daf8d2d3148cb85a54015b
data/processed/geochemistry/xrf/Site_56/Test_5927/5927_beam1_spectrum.csv	30733	cc6e07e4cee24e9986d97e34d3ea46964ed16b46ce060ced2a6a056a84243450
data/processed/geochemistry/xrf/Site_56/Test_5927/5927_beam2_peaks.csv	846	0da6938cb2469fd9f5f9a2e0e1cb7c898eb8d2c22d52b1e4013359d5790d6ea7
data/processed/geochemistry/xrf/Site_56/Test_5927/5927_beam2_plot.png	111732	a1f0f7a9c1878329b9f6e85e1b20324cff4d8cafb902700ce60ebbd029c08980
data/processed/geochemistry/xrf/Site_56/Test_5927/5927_beam2_spectrum.csv	29200	fc8bb01ff8035590b5f753516f63cf6082bd4e355d9ec430b6cc5a8cba85023c
data/processed/geochemistry/xrf/Site_56/Test_5927/5927_beam3_peaks.csv	7833	fe6632b4399e6b6256a38380485c5095eaef3909f6dcf938f5e2b581233a0072
data/processed/geochemistry/xrf/Site_56/Test_5927/5927_beam3_plot.png	336239	437c08d812b8d7da6b76a640fa4d7e2d55bb8ce73fd761872bade86dbcc5acff
data/processed/geochemistry/xrf/Site_56/Test_5927/5927_beam3_spectrum.csv	29353	681e7ec74825bdd91d95ebe7662a6dd1c4a7231827f89886bfd9a866875d1225
data/processed/geochemistry/xrf/Site_56/Test_5927/5927_combined_plot.png	354158	b1a184a4ffcb45ea7f22bd1bfd9947bcea73648f6654962a80dcbf407af13c10
data/processed/geochemistry/xrf/Site_56/Test_5927/5927_element_percentages.csv	686	81bc47961011d9ea093fc1f6ecc731cdb86750491a915d34eaa7e7f064301b47
data/processed/geochemistry/xrf/Site_56/Test_5927/vanta_data_5927.csv	2737	af175d3b7c11daee577902d1183e547b499f8ad6621ea2fb77d1fdbcd7d35df4
data/processed/geochemistry/xrf/Site_56/Test_5927/vanta_metadata_5927.csv	125	89f977f04ab16c0b010c5881667f90614a20979fd53cda96b9927563ef33fd38
data/processed/geochemistry/xrf/Site_56/Test_5928/5928_all_peaks.csv	12811	30ce537ce496ec20d50cdfc56cd9bb9285b5023adcfbfc67d345d4d7cee74d79
data/processed/geochemistry/xrf/Site_56/Test_5928/5928_beam1_peaks.csv	3740	2d56f507cbee6c31748935560a2f05a268416a623c51825d6fe22ba6ccf93f93
data/processed/geochemistry/xrf/Site_56/Test_5928/5928_beam1_plot.png	176871	2ea050725e4ff1813556e8bbb2f067791ad17bdd66538efea1a629ee52068869
data/processed/geochemistry/xrf/Site_56/Test_5928/5928_beam1_spectrum.csv	32263	ef71bf879d36bebb7808dc1c2d39759d21ac0130c0a6b290ae007b4a511291b0
data/processed/geochemistry/xrf/Site_56/Test_5928/5928_beam2_peaks.csv	636	86bf072912dd9934fa033ad95c64072eaf52190750332c0db07650653571d3a5
data/processed/geochemistry/xrf/Site_56/Test_5928/5928_beam2_plot.png	123092	466da8366d74324b665eb88529c188f13953e74419402ade7517713afa59c897
data/processed/geochemistry/xrf/Site_56/Test_5928/5928_beam2_spectrum.csv	29508	8004be2482869bd5a04268d0b3d9c1ba319dd177b6f33487c8b46ff7355b1e45
data/processed/geochemistry/xrf/Site_56/Test_5928/5928_beam3_peaks.csv	6646	e31077d33d7e8efd5da93271410ae412cc18dee00e297229d0e3b739aaf14af0
data/processed/geochemistry/xrf/Site_56/Test_5928/5928_beam3_plot.png	250829	034f2d62fe9aeb1bd13d15acd0a9be260e71d2a89bf9ab48b77620049a91d23c
data/processed/geochemistry/xrf/Site_56/Test_5928/5928_beam3_spectrum.csv	30692	daef74263dc496c5c0f50858491a44c932530d31e9d3b345d0880ac380e8be02
data/processed/geochemistry/xrf/Site_56/Test_5928/5928_combined_plot.png	294303	adc8d7904326252ae089c44706bea5f893948c901904b66f6e3e33cfde4606fc
data/processed/geochemistry/xrf/Site_56/Test_5928/5928_element_percentages.csv	608	673032a875d21d5d6bb20dcf4c12d88936ce48c91221a4a0643e634cd9c1d681
data/processed/geochemistry/xrf/Site_56/Test_5928/vanta_data_5928.csv	2738	30dccabb30a242641aa88d82abf9752ba9161428df22fa2ff64267fa2586bdc6
data/processed/geochemistry/xrf/Site_56/Test_5928/vanta_metadata_5928.csv	125	f7229aac782cc9fe22d4590a1086cfcccc8c3ac7c10d7a0323e2eb1e324fd86f
data/processed/geochemistry/xrf/Site_57/Test_5930/5930_all_peaks.csv	13914	b0e22d900fbe19db8fee044daf72a4c3b0a3a8d8b6d99ee759ab8fc1e4853bcf
data/processed/geochemistry/xrf/Site_57/Test_5930/5930_beam1_peaks.csv	4117	2d4ab19fae2c099e5a8d1ff777bb23534cee33a3af3af0c231298e9b5c886390
data/processed/geochemistry/xrf/Site_57/Test_5930/5930_beam1_plot.png	193188	8e489b9fb063d7d624432ec63fd0954e7773d094c6b89c542e73c51b47392782
data/processed/geochemistry/xrf/Site_57/Test_5930/5930_beam1_spectrum.csv	32006	31f93002be0de28d1a731ce164be77af55cfd4d2af6c38ad4e3ad821e7851a08
data/processed/geochemistry/xrf/Site_57/Test_5930/5930_beam2_peaks.csv	473	9a2dc16382f16e2d1a8aef7fb5df138dcb214bd6d0534f8f05e011aebb710119
data/processed/geochemistry/xrf/Site_57/Test_5930/5930_beam2_plot.png	128980	30b3099b675fd545934f31cf7e83b95488abb835f75f43ac318a534922e43be9
data/processed/geochemistry/xrf/Site_57/Test_5930/5930_beam2_spectrum.csv	29506	61abdd95e7f7cd313110d6d99a72ecb8e9c5a37da79d76ecc7f7d43f2465df85
data/processed/geochemistry/xrf/Site_57/Test_5930/5930_beam3_peaks.csv	7431	5846cccd4d246900f6bdbe0f691b54fb9edf64380f5a6cdef22d6c73ebbfaf3b
data/processed/geochemistry/xrf/Site_57/Test_5930/5930_beam3_plot.png	262313	c24ba526319cc19bb5d3974530564440ae7700b2daeb118d2a94433e92e47303
data/processed/geochemistry/xrf/Site_57/Test_5930/5930_beam3_spectrum.csv	30701	9f5b88636335ed2b10e4624cbcee1fd3536f757e9eef2d325a6bd3e7d3ad0743
data/processed/geochemistry/xrf/Site_57/Test_5930/5930_combined_plot.png	317425	29a95ccb12e16064ea8b0d1ede9969450b130da4fc550d78ad78ad7ddcd597b3
data/processed/geochemistry/xrf/Site_57/Test_5930/5930_element_percentages.csv	679	f72d5e81d2150e7d5b73e1d0bd59da1217f76d60947111c74abe4a7225383a82
data/processed/geochemistry/xrf/Site_57/Test_5930/vanta_data_5930.csv	2738	0c6c6c522c1d4cacf9319f185fd52c4a9737af804799fdb22eb13ba20a5ad379
data/processed/geochemistry/xrf/Site_57/Test_5930/vanta_metadata_5930.csv	125	9d4288c77ee5d7f286a2a58fa008afc29f3f3d23e024eeafedf91e3c0f1d2143
data/processed/geochemistry/xrf/Site_57/Test_5931/5931_all_peaks.csv	13217	e978685e192918fd4a38bffd0fefbe9871cbe7be0d4e9bbda24aa7bc530fd017
data/processed/geochemistry/xrf/Site_57/Test_5931/5931_beam1_peaks.csv	3808	38bdf1de79c8038a2d382a8f2023ef355139fce23f9de3284e4217e1a7593339
data/processed/geochemistry/xrf/Site_57/Test_5931/5931_beam1_plot.png	176123	3166b7c512289334760a3e99edac721a6c3ad093a35be7781873926ecdd18e45
data/processed/geochemistry/xrf/Site_57/Test_5931/5931_beam1_spectrum.csv	32246	1b6f24bece18b1bb9b5bf363f9a3c1c13262b4fce6e46d8cb408a925fc05749e
data/processed/geochemistry/xrf/Site_57/Test_5931/5931_beam2_peaks.csv	509	a40d4e6f895718c4e2fdd82c5f7ac6a5cfe17bc00c7041dd44775b4f392c86ef
data/processed/geochemistry/xrf/Site_57/Test_5931/5931_beam2_plot.png	126165	fba96c602dc0fe2c188a0ac98f8eaccbae8c756fb26bebbcf37a6f41437f3f2a
data/processed/geochemistry/xrf/Site_57/Test_5931/5931_beam2_spectrum.csv	29518	8c87e75a0d3b9c850932f0907939421ca025b19a6fe0145fc683c6108a7dc451
data/processed/geochemistry/xrf/Site_57/Test_5931/5931_beam3_peaks.csv	7118	5a41eab170d2db451982d2c9b306e97abd1513af277ea165d1512ab63cb193ab
data/processed/geochemistry/xrf/Site_57/Test_5931/5931_beam3_plot.png	238592	ca32f9d4eaff522a7477ab1aa7930efc83b59025b3b609bcf9e165990d82e8ae
data/processed/geochemistry/xrf/Site_57/Test_5931/5931_beam3_spectrum.csv	30838	908fe757ed9191bc688e6b4d22ca1b479d3a73aaf454f21d8e98ebd36bc54bec
data/processed/geochemistry/xrf/Site_57/Test_5931/5931_combined_plot.png	288455	5063bc6b80261b566f53ddae40eb4ce146c2c7137fa4976705f61953cfba49f0
data/processed/geochemistry/xrf/Site_57/Test_5931/5931_element_percentages.csv	661	c9eb347ac04d2fcaa1e212071f5f817df8cd868da9ec59dd429688edd5461ded
data/processed/geochemistry/xrf/Site_57/Test_5931/vanta_data_5931.csv	2738	6985e77e413b9fee2ac588df5c53a1f562236dc2e58f1b67674de2a26bc21453
data/processed/geochemistry/xrf/Site_57/Test_5931/vanta_metadata_5931.csv	125	0aaa317d722df5200c34bee01384d64fb89c2fc9cc3109111510b7da5d2504dd
data/processed/geochemistry/xrf/Site_58/Test_5932/5932_all_peaks.csv	14471	b4181d5720e7ceeed189d1e4b2ca4947c6d6efb53497d09215aacd43630b0b13
data/processed/geochemistry/xrf/Site_58/Test_5932/5932_beam1_peaks.csv	3780	a11589364fff3105f1af9c302ed6fd97c620408c4c971d354fec9478f5009a3d
data/processed/geochemistry/xrf/Site_58/Test_5932/5932_beam1_plot.png	193659	f65d71639917730c19fe7faf748d1620e22b6b77e5e23c7d2e492c8bb9b7860b
data/processed/geochemistry/xrf/Site_58/Test_5932/5932_beam1_spectrum.csv	31886	3102aa4441bb9bffcf80b286c1583d0e89cdbcc21160fa0552cce91fd88bc61b
data/processed/geochemistry/xrf/Site_58/Test_5932/5932_beam2_peaks.csv	951	d0f5147de20a53bc7e1af27b6dbf782d8fde404b2c612dcaa0cd01241992d0ac
data/processed/geochemistry/xrf/Site_58/Test_5932/5932_beam2_plot.png	130793	27380c7d1528ec1a897b88a99f86f870152751620e70eb80948cd4e4e58fc0f4
data/processed/geochemistry/xrf/Site_58/Test_5932/5932_beam2_spectrum.csv	29450	ebddc03ae2ad1c3d696a4efe8f8fe1b18f9a59f280167fcae707fa621a0c08a0
data/processed/geochemistry/xrf/Site_58/Test_5932/5932_beam3_peaks.csv	7841	aeef9a161f06fe9987d21430700e89322b9398bfe2e2c95ae2928301536f3937
data/processed/geochemistry/xrf/Site_58/Test_5932/5932_beam3_plot.png	263702	8f9d8504fa3f8352f272514a9bc080d806a3ec9cc0f37365c74ebb1b2d5587e0
data/processed/geochemistry/xrf/Site_58/Test_5932/5932_beam3_spectrum.csv	30471	f935bc8fc42f2c566053f8fd6c7bf4e7f5fe3423399a66f6e339b70d073d7c9d
data/processed/geochemistry/xrf/Site_58/Test_5932/5932_combined_plot.png	319818	5698a53b8d7f568164912e5f6b144e838d18fcbcdff9da79afdbdbd855d0bb0e
data/processed/geochemistry/xrf/Site_58/Test_5932/5932_element_percentages.csv	683	c81d92fcb963f9974e9b7dc55a11daae8e9e593c958ed626dde434058c03717e
data/processed/geochemistry/xrf/Site_58/Test_5932/vanta_data_5932.csv	2738	6cb6d4cf9ea2895ab0e2dce8c8d2c1232a25154c9c36339fdb2d8291f86531cd
data/processed/geochemistry/xrf/Site_58/Test_5932/vanta_metadata_5932.csv	125	f628783136254d37bc94afd5a48f640146bf2b0061aef21e50d8e5dd2bcffff7
data/processed/geochemistry/xrf/Site_59/Test_5933/5933_all_peaks.csv	11325	121620a6b016532fba9b7966360a26f4f24a216dc06d16d162d5fa6387974dad
data/processed/geochemistry/xrf/Site_59/Test_5933/5933_beam1_peaks.csv	3485	e98bbcce55c140ac397978c2e0b4495d50b71bfc6eb15c0793a3c3ffc3df17cf
data/processed/geochemistry/xrf/Site_59/Test_5933/5933_beam1_plot.png	176828	4450590b047f1eb01c1f3c91e9202d5a3d5aaac98fa35ac80b3ab3e8debd1af3
data/processed/geochemistry/xrf/Site_59/Test_5933/5933_beam1_spectrum.csv	31110	60aab03e489b36d5c046245b531430657979a626fda87e72ab0c62ed4667437d
data/processed/geochemistry/xrf/Site_59/Test_5933/5933_beam2_peaks.csv	1038	1e01b5833af87914921f02e553d9e8500836b84e21205d86640ea831d1387134
data/processed/geochemistry/xrf/Site_59/Test_5933/5933_beam2_plot.png	114932	a7b8f973f55693ddb6e1cb4e1e4a5d06b339d09104eb54f57003ce022cfbfc6a
data/processed/geochemistry/xrf/Site_59/Test_5933/5933_beam2_spectrum.csv	29286	425dbd7deeb93bc9c59e286ce59c5ae5ce0e8a672f29bfa2af34711ca2213c65
data/processed/geochemistry/xrf/Site_59/Test_5933/5933_beam3_peaks.csv	5229	6f34fce0f03ff9f397b4840911872e68a41c4a5f8dfd58f3d7f00d775e86e346
data/processed/geochemistry/xrf/Site_59/Test_5933/5933_beam3_plot.png	241211	f5e48553623e59b715f371fbcf5e725bb112c8acd887b79d8967d15de7ac4fdc
data/processed/geochemistry/xrf/Site_59/Test_5933/5933_beam3_spectrum.csv	29499	173057acecf9c3c8a6f0c54dfa39393e7bfdb5ef136e416befc4d68c7c1feb11
data/processed/geochemistry/xrf/Site_59/Test_5933/5933_combined_plot.png	280884	47c52c8ddd157579e8b9290c580f1c17c45487d2ec9746159fa56bc8342c8d4c
data/processed/geochemistry/xrf/Site_59/Test_5933/5933_element_percentages.csv	468	eb54682fb8de5e4540cbb6a481353b65c3f710cf39008c43e78b5d6ac6352f4c
data/processed/geochemistry/xrf/Site_59/Test_5933/vanta_data_5933.csv	2737	e585fc16d395856d5729bd09378b3b7aabaff89bd9597a7983583318cbcc51c0
data/processed/geochemistry/xrf/Site_59/Test_5933/vanta_metadata_5933.csv	125	b0509544227dd6a29617c941d566e37d7ff4ea265eb587cd16db69e3bb177328
data/processed/geochemistry/xrf/Site_6/Test_5839/5839_all_peaks.csv	15485	9a33053e4abdc0c48858cd8ef3ffe958d4645a1db7ea624866d3db92eb57332d
data/processed/geochemistry/xrf/Site_6/Test_5839/5839_beam1_peaks.csv	4691	6853cb018664f5e71989f33b8853416f55fa224b5b7f1aebc5e250e66543425c
data/processed/geochemistry/xrf/Site_6/Test_5839/5839_beam1_plot.png	208785	a206ea69142f523203e7aa8de9c94e0101dec484f023e7faa6d3d611b9cd896c
data/processed/geochemistry/xrf/Site_6/Test_5839/5839_beam1_spectrum.csv	31156	f99271e0a97b1694661b5e0b02cad4439b63dba254279493cd501f7887ee4123
data/processed/geochemistry/xrf/Site_6/Test_5839/5839_beam2_peaks.csv	1118	3bc20bcd4036d97f0e291c0e97d92fb46488d6cf749baa407e6cf44c10d79c98
data/processed/geochemistry/xrf/Site_6/Test_5839/5839_beam2_plot.png	124801	783638b2c5195a3f137b29ca3384e681c4a9940c3b7d19312e584b0d187eb445
data/processed/geochemistry/xrf/Site_6/Test_5839/5839_beam2_spectrum.csv	29316	2cc6c0a8dec215209577cbc4387d67cb8759bd741bf2a784e32924996682409e
data/processed/geochemistry/xrf/Site_6/Test_5839/5839_beam3_peaks.csv	7683	c144264d6e152da64a707dd205ba7fcebc6811fddb8e21b097aa6eeb929f2c4a
data/processed/geochemistry/xrf/Site_6/Test_5839/5839_beam3_plot.png	265775	b696210ef8ff5f79e16e6892256bb591bd9ea4519a8d5be593896fdb844e43a0
data/processed/geochemistry/xrf/Site_6/Test_5839/5839_beam3_spectrum.csv	30639	794b47af8af4f421b8f5134765bdd0b31b3ac49783a6eb65485be7a2dca2c046
data/processed/geochemistry/xrf/Site_6/Test_5839/5839_combined_plot.png	323457	3277c9ef45bcf207f453121b10c6c9b5a8de9b583fc6ed15f04c96001597167b
data/processed/geochemistry/xrf/Site_6/Test_5839/5839_element_percentages.csv	700	e90df12dbe80c3ed47be07eb93e9f66ebc9384304e971ecda29696456211827c
data/processed/geochemistry/xrf/Site_6/Test_5839/vanta_data_5839.csv	2738	4894b548bb02f7105868d6ad8a16535e3f078af0d93f8c55353229f1737ef127
data/processed/geochemistry/xrf/Site_6/Test_5839/vanta_metadata_5839.csv	125	35530f213e83c8fd45e31e4a8444270a8212671c441f58d96f59a63057447af5
data/processed/geochemistry/xrf/Site_60/Test_5934/5934_all_peaks.csv	14490	6ede935384eb68db41c28afb83b510b24ceba43ee3f5edff7773bfa03729beae
data/processed/geochemistry/xrf/Site_60/Test_5934/5934_beam1_peaks.csv	4261	1cb5f6c788320089ea8b1206cf66f02bf72650caefa4ce2fa0cc873626439b56
data/processed/geochemistry/xrf/Site_60/Test_5934/5934_beam1_plot.png	179276	9a06c5429acc82cf5e63b0656181ca4b3fd2406911d8db57a6a3f0eb567abcdd
data/processed/geochemistry/xrf/Site_60/Test_5934/5934_beam1_spectrum.csv	32027	06c778c9e69323484be425debe7fa8407fb60b43ef1e942a427fb0ef6eacae9d
data/processed/geochemistry/xrf/Site_60/Test_5934/5934_beam2_peaks.csv	834	fc3a9ebfd6ff5e2505ea3cc3fa6c8ff1c22b36cc4de789306950ae224fe205cb
data/processed/geochemistry/xrf/Site_60/Test_5934/5934_beam2_plot.png	123109	0b8680c6d4029ef1c7c84dd1e5f31d41af9ea9072841320de84f3622c0cbc27e
data/processed/geochemistry/xrf/Site_60/Test_5934/5934_beam2_spectrum.csv	29457	70795d45849a6554a61e51e7e34cda0dd185b789079cf32675d76b34502e12bd
data/processed/geochemistry/xrf/Site_60/Test_5934/5934_beam3_peaks.csv	7468	a7c0457449bf6ebf44fe4e275a5861bef8ce8bc195d4a4fc5d318b6b2688211a
data/processed/geochemistry/xrf/Site_60/Test_5934/5934_beam3_plot.png	260913	cccbba17bfaca2cd038b9a029def0ab0c39f5263681c9e5985c609a9454ff85b
data/processed/geochemistry/xrf/Site_60/Test_5934/5934_beam3_spectrum.csv	30668	0421cecd10c958418765428c45f02b9b0995429c2a109ec1aadba954c5691d91
data/processed/geochemistry/xrf/Site_60/Test_5934/5934_combined_plot.png	302169	4f33f6da296354ea4816bef412055a3dd9655c4ddbf43581b8bb3503f760917e
data/processed/geochemistry/xrf/Site_60/Test_5934/5934_element_percentages.csv	680	d9ba81bde8ec927a234d7d0a875c59c67a2e097b20a7e5c764e466d17f398ddf
data/processed/geochemistry/xrf/Site_60/Test_5934/vanta_data_5934.csv	2738	1075e854975c51b7cad8826f30eaa8f0fb4f868ed450d9fc22704acfda0a0ba6
data/processed/geochemistry/xrf/Site_60/Test_5934/vanta_metadata_5934.csv	125	cfc21d4e3290e0c5643ac540d51e9071dba2907c05aa1e71bb60737c760638d2
data/processed/geochemistry/xrf/Site_7/Test_5841/5841_all_peaks.csv	15724	4772abc3520a31f17c34d139a1ac5ca86f1d96545948c3390df99727a6d6c0f5
data/processed/geochemistry/xrf/Site_7/Test_5841/5841_beam1_peaks.csv	4673	c52b022488e8b8ae4d6ad57aaf0339ebf94fcd71c611c333653c242e8d135363
data/processed/geochemistry/xrf/Site_7/Test_5841/5841_beam1_plot.png	208149	ee726474a7d121b3fd3c58348b4cf1d6eaf8d09312049d78858820a5484eb753
data/processed/geochemistry/xrf/Site_7/Test_5841/5841_beam1_spectrum.csv	31178	15bc406ca86c3e1cf498079c940670b3c514612a3af688c0574ae6bd61baecfb
data/processed/geochemistry/xrf/Site_7/Test_5841/5841_beam2_peaks.csv	1065	1dd33bfb58cbdd2df6ec7645bbca43af9aaaa5e717e9f2781cd90cd5bb95b542
data/processed/geochemistry/xrf/Site_7/Test_5841/5841_beam2_plot.png	130047	bc0e00739006b42473c59f65babc55ed04fcd6ffbce187211f38781e97a81ef0
data/processed/geochemistry/xrf/Site_7/Test_5841/5841_beam2_spectrum.csv	29300	6d3358abf2c34f5a1298517426f0061ecff560ce626db8cba477bcb0bf2e2026
data/processed/geochemistry/xrf/Site_7/Test_5841/5841_beam3_peaks.csv	7898	d883a01ebbef0816bebb71e8bb79f8afd06db2ec7f58a708d31027e513fa61a5
data/processed/geochemistry/xrf/Site_7/Test_5841/5841_beam3_plot.png	269373	8ff092037eeaeac6a23141ea8b0caa4d3d7d68cec461391be21f6fb5a09cd7af
data/processed/geochemistry/xrf/Site_7/Test_5841/5841_beam3_spectrum.csv	30397	6f142936f82442dd07301a7f933516c94858211705a2946fca7bd65dadbda053
data/processed/geochemistry/xrf/Site_7/Test_5841/5841_combined_plot.png	329340	4a1c9c3d6f8ac074296de245f81dd6de1e0675daa258295d0f1392899b79ab75
data/processed/geochemistry/xrf/Site_7/Test_5841/5841_element_percentages.csv	677	1c3df6555aa602c0c99e6ad87d4af767be30f112bf10790640d596997aa0e110
data/processed/geochemistry/xrf/Site_7/Test_5841/vanta_data_5841.csv	2738	1e5807d881c683170bc36ee1f5c3fae5a9baea646f623eaa0c7056b5d0203907
data/processed/geochemistry/xrf/Site_7/Test_5841/vanta_metadata_5841.csv	125	62292c12db311d390a6b76e9b020e43b273d1157cf3e8fa057a1da56368be25a
data/processed/geochemistry/xrf/Site_8/Test_5845/5845_all_peaks.csv	15729	8f258ae477d13f894c9483141ba32781caffbc3add4ef6b5b405733f65625064
data/processed/geochemistry/xrf/Site_8/Test_5845/5845_beam1_peaks.csv	4492	303bde4355af087acd59335c3ced4887aeb580ffb68d6f7c07d8734eb1bfbef5
data/processed/geochemistry/xrf/Site_8/Test_5845/5845_beam1_plot.png	196025	53f9abfc4cbb59739c163234c16faac8fd25af008f43756b36fdff2795980d6f
data/processed/geochemistry/xrf/Site_8/Test_5845/5845_beam1_spectrum.csv	31256	a0e18ba975c75e6f8b2c49252580f2ef777597cea4c79e54ebc26f4f6a1787a5
data/processed/geochemistry/xrf/Site_8/Test_5845/5845_beam2_peaks.csv	994	842d9397528eaa4a30fde188fa49046a131d6b20a75bb558189d18a997102c28
data/processed/geochemistry/xrf/Site_8/Test_5845/5845_beam2_plot.png	120786	60341b16acba63166b6fea79c3508b6c8c5500486d9496a15e580720776c2bff
data/processed/geochemistry/xrf/Site_8/Test_5845/5845_beam2_spectrum.csv	29226	ffc01abd80993ad6a0aa17a5b0dfd352d9ff16347fdbbbebd0e0c82da4b526be
data/processed/geochemistry/xrf/Site_8/Test_5845/5845_beam3_peaks.csv	8253	2cf506a34c55de507647d8a0a3cdc3af12ac5f7cf9d6a6bda3bbb184af04d6f0
data/processed/geochemistry/xrf/Site_8/Test_5845/5845_beam3_plot.png	305560	058f442459b8f2d0e7d5ebd132c862bf59a7af7fe88a8a3c38eac0b41110b769
data/processed/geochemistry/xrf/Site_8/Test_5845/5845_beam3_spectrum.csv	29653	4beacb57389c61ba4b162fcbf429cb1a2f17a65fffb3d88fa0c973e9b6d38b68
data/processed/geochemistry/xrf/Site_8/Test_5845/5845_combined_plot.png	330202	d5dee396febe67787c093a3511d8f62156e54544426288b19dde42cc95b8b1e2
data/processed/geochemistry/xrf/Site_8/Test_5845/5845_element_percentages.csv	695	0f67dbe123075ca0d777d53392a3f2de84645fca0173308f5eb46372e456e92f
data/processed/geochemistry/xrf/Site_8/Test_5845/vanta_data_5845.csv	2738	a993f2e9782023c41f39065f2b68c0faecff94f700b749c6e141ccfffb92b416
data/processed/geochemistry/xrf/Site_8/Test_5845/vanta_metadata_5845.csv	125	dc6a2a7a7abf4f585b01165422663b6effa3d64a82f770d9bfe9fb55b5f7b813
data/processed/geochemistry/xrf/Site_9/Test_5846/5846_all_peaks.csv	15890	ee9b6c69b6450e9d5355613aacbe0fefeb904af45a381d40ab8f82a14f32d4ba
data/processed/geochemistry/xrf/Site_9/Test_5846/5846_beam1_peaks.csv	4536	5a4419f67489d594e50d82e0632f6f58e34fae22b69c0b99bfab5667d55f510b
data/processed/geochemistry/xrf/Site_9/Test_5846/5846_beam1_plot.png	194806	963e7caf35f75b286321a938e4a42a1dc1387246d562802bc57468cd50cf006c
data/processed/geochemistry/xrf/Site_9/Test_5846/5846_beam1_spectrum.csv	31110	82b0509a21080ebc2728727ac2461d825fb2b8da861309c6d464ec717e3d5792
data/processed/geochemistry/xrf/Site_9/Test_5846/5846_beam2_peaks.csv	1062	d1cd6ed287976bd061b1ea400c3b574c94b015bc3375c709de61e7e6f8595357
data/processed/geochemistry/xrf/Site_9/Test_5846/5846_beam2_plot.png	121946	bcac57a167d934eebbbbdc8198ae7abc0b12957b36bd5840d9f9e416656f7f79
data/processed/geochemistry/xrf/Site_9/Test_5846/5846_beam2_spectrum.csv	29233	0a5093d71c500803f84045bbc6d97ea21635869e7c8decc81eb1757b1915c386
data/processed/geochemistry/xrf/Site_9/Test_5846/5846_beam3_peaks.csv	8182	47eca75e16195c0e5ed23345e52f3bf44c819fa09fcd9fc4fe0ebb81b47314de
data/processed/geochemistry/xrf/Site_9/Test_5846/5846_beam3_plot.png	288892	14f2dfaf08d76dec956ec93220eeb97aa3dd2a3186e7ad2f4f5c181e109a80df
data/processed/geochemistry/xrf/Site_9/Test_5846/5846_beam3_spectrum.csv	30115	b761076b24d46ec4d9d1cf75853e2e6d6123a19046dac65934fdce8be6da021d
data/processed/geochemistry/xrf/Site_9/Test_5846/5846_combined_plot.png	317000	c67351847930912cbf2aa0c54c5094eb0b135c464cc95c92d97a331a9ba5afaa
data/processed/geochemistry/xrf/Site_9/Test_5846/5846_element_percentages.csv	697	e9867bbb285a2d5eb9f615909b549c6f2c87c03e2e216584effe0f9b24a64f3f
data/processed/geochemistry/xrf/Site_9/Test_5846/vanta_data_5846.csv	2738	b36608295ef2617bcdc2b7e0be3a941994038c98eb0c56507dcb69aa6acc1083
data/processed/geochemistry/xrf/Site_9/Test_5846/vanta_metadata_5846.csv	125	536320ebded891a60558359c7f65cda97d76104f5612e7d3a4a3d56d753e16c6
data/processed/geochemistry/xrf/trip-5-lab/Site_10_10_lab_repeat.tsv	1775	e54cdc40580e399f0e8fd9b990e452cc5e68976138ecee925f2ff226c6dd7df9
data/processed/geochemistry/xrf/trip-5-lab/Site_11_11_lab_repeat.tsv	1232	d50350db16a829619184f1279553c74b7c2e7e7689f9d2a1886bd08d835a3a6f
data/processed/geochemistry/xrf/trip-5-lab/Site_12_12_lab_repeat.tsv	1898	b2844cef560d6f10ede4357522bc57c8b77ca6497fa4b1ec96287d19630a0f1d
data/processed/geochemistry/xrf/trip-5-lab/Site_13_13_lab_repeat.tsv	1760	904e0e1ba14651daa0f948c41fc42909ade0b6c7f54866ea67539eeb4d3cb716
data/processed/geochemistry/xrf/trip-5-lab/Site_14_14_lab_repeat.tsv	1926	71cc182b922ca1da889927156c64173008640072841845dc37b68e1eea9e732a
data/processed/geochemistry/xrf/trip-5-lab/Site_15_15_lab_repeat.tsv	1567	a16306baa63c4e67c89342cbb3c87a1e4405a3b41b69b8c683de4fc3ab98f535
data/processed/geochemistry/xrf/trip-5-lab/Site_16_16_lab_repeat.tsv	1893	b5df0120bd7d4ef112f3491441bd5acf5fe1ef26837f84c0b09be9950bd5e822
data/processed/geochemistry/xrf/trip-5-lab/Site_17_17_lab_repeat.tsv	1825	aa5b4f9bc6110e88c8e271d6199dccaeb00af5472463d6d8350562b7ba5154d0
data/processed/geochemistry/xrf/trip-5-lab/Site_18_V18Dr3_Best_Detection_lab_repeat.tsv	2092	ade5502052d25835183c923e133da9fcfd60d24e142f79fe8234be64cbddeaaf
data/processed/geochemistry/xrf/trip-5-lab/Site_18_V18Dr3_Fast_screening_lab_repeat.tsv	1831	9b728bfa7c56cbb247aa9d435706f7f8034e7960a88b4f882537a17a567e3efe
data/processed/geochemistry/xrf/trip-5-lab/Site_19_19_lab_repeat.tsv	1358	014252ccff47e18171d4527a3fc9c42ab8d51de5d3cb3144accbc67db04425bb
data/processed/geochemistry/xrf/trip-5-lab/Site_1_1Dr1_lab_repeat.tsv	1361	2c5494a6166b3e2d61f71f4ad46b55ad74d8b2f3c1bf0349abb47ad5c2e4dfd3
data/processed/geochemistry/xrf/trip-5-lab/Site_20_20_lab_repeat.tsv	1837	1662923664f127107c3a3d509a2e8dc6adc9e462ba84840e5e14abcc755c757e
data/processed/geochemistry/xrf/trip-5-lab/Site_21_21_Dr1_lab_repeat.tsv	1501	a15183e8eb77dbf5ec7b99fa900ee5e239274548308f635d777062ccb4e71c51
data/processed/geochemistry/xrf/trip-5-lab/Site_22_22Dr1_lab_repeat.tsv	1368	341e988174b2299c4b3e1c9f213efdf04ddc27153033f8832f2172e6f1dd4c60
data/processed/geochemistry/xrf/trip-5-lab/Site_23_23Dr1_lab_repeat.tsv	1959	55393d0622027cd7278dd38d15c3442995d82cab5f8744f71a7fe6733f688e0e
data/processed/geochemistry/xrf/trip-5-lab/Site_24_24Dr1_lab_repeat.tsv	1438	61b8df4f7f4c323b9af0c5a90d67681d3ecaee314c82baa2a541bf9383fbd6a5
data/processed/geochemistry/xrf/trip-5-lab/Site_25_25Dr1_lab_repeat.tsv	1553	a56ff098b721cbd5090712b17889412bcc0f6ba644b886b1eda2a70d82935622
data/processed/geochemistry/xrf/trip-5-lab/Site_26_26Dr1_lab_repeat.tsv	1295	ddd824baa02336e547584d230fca82f58e59515604777963a9ef25fe1b0b4e52
data/processed/geochemistry/xrf/trip-5-lab/Site_27_27Dr1_lab_repeat.tsv	1767	e1fb1a95dcc38dcb2844536030cb492766a56c2598e59694f8059c7f170ff33c
data/processed/geochemistry/xrf/trip-5-lab/Site_28_28Dr1_lab_repeat.tsv	1767	50fa64bee8444961433069aa51e73f92c36807e50c176cf373ce510f69e3592e
data/processed/geochemistry/xrf/trip-5-lab/Site_29_29Dr1_lab_repeat.tsv	1693	36f2cfeec3b747e6546ce6c7ed9263f69ef548e4f793b3a86806eabb29016fd1
data/processed/geochemistry/xrf/trip-5-lab/Site_2_2_lab_repeat.tsv	1430	759dd44522f6b0023178d158a6762f074a261bdab6926f7cd837624b0307ef1a
data/processed/geochemistry/xrf/trip-5-lab/Site_30_30Dr1_lab_repeat.tsv	1294	75fdc37a1bf55d4e2e98b14fa54681cd8cdc11838407cba1f8acde2cbf885f08
data/processed/geochemistry/xrf/trip-5-lab/Site_31_31Dr1_lab_repeat.tsv	1694	1d9c135d003e658ad756a0a58812dd6d0dcf50f44b26881db7412bcd0dd5f13a
data/processed/geochemistry/xrf/trip-5-lab/Site_32_32Dr1_lab_repeat.tsv	1960	dddf34d8c1390eb516c953d2c8b05086653ceeea188abee3bdedd8515d352372
data/processed/geochemistry/xrf/trip-5-lab/Site_33_33Dr1_lab_repeat.tsv	2234	5d5890b441713726cd072d238f033daf78dd6680b5655ad70d2898d54df2616f
data/processed/geochemistry/xrf/trip-5-lab/Site_34_34Dr1_lab_repeat.tsv	1766	157bdeb818be7915b2d22f05f7f6d79bd72cd76385eb7f0ba03acbe63b08563b
data/processed/geochemistry/xrf/trip-5-lab/Site_35_35Dr1_lab_repeat.tsv	1434	1c0322183af5c445c5d6cf73ca8d637dbd88750267d3633422200daaeb3209ea
data/processed/geochemistry/xrf/trip-5-lab/Site_36_36Dr1_lab_repeat.tsv	1697	d8536f6764fab68f669700a240992bfd895b520e1a2784c96cf5bab3804fc11d
data/processed/geochemistry/xrf/trip-5-lab/Site_37_37Dr1_lab_repeat.tsv	1562	cc2ec94b0976c79c824a1e6f758ac3f5652b271e3dbbe0c85153ec8617cf32d1
data/processed/geochemistry/xrf/trip-5-lab/Site_38_38Dr1_lab_repeat.tsv	1765	ef8e7bb67f43bdc961b1ea9a47e5fbe2c906ed883acb2c21c6edefb0bf80bf13
data/processed/geochemistry/xrf/trip-5-lab/Site_39_39Dr1_lab_repeat.tsv	1507	3e4872f30359980f2c059b4c8e686e3efea5a3f90a1938ddff2b16cd9ec5bd7c
data/processed/geochemistry/xrf/trip-5-lab/Site_3_3_lab_repeat.tsv	1825	3140afeb07aa4315f64535aa4bf675334d2701b619b4af4394699b7b31692719
data/processed/geochemistry/xrf/trip-5-lab/Site_40_40Dr1_lab_repeat.tsv	1896	2b07dda3ff8c6d8aedccedfce65a8a501e77a5e1bf19e478624ac0dfb74d6e0e
data/processed/geochemistry/xrf/trip-5-lab/Site_41_41Dr1_lab_repeat.tsv	2026	5ad732d268cf7c4bbaa60694648d99392a8b9b1729572e20dc3bbfe73c7c8ad5
data/processed/geochemistry/xrf/trip-5-lab/Site_42_42Dr1_lab_repeat.tsv	1957	55c3d7b51dd771c2edab496d5cc7437b6a0e9edd8e5aacc5762b8c9ce5393f5c
data/processed/geochemistry/xrf/trip-5-lab/Site_43_43Dr1_lab_repeat.tsv	1757	5c9d3986b20bd439221dbf3133eae4556b39469cc640a8a805697994d6b0134f
data/processed/geochemistry/xrf/trip-5-lab/Site_44_44Dr1_lab_repeat.tsv	1699	06af90660c658690a74fe9386bcf7906002a8c7357ae3fd0e0480a835f5127f5
data/processed/geochemistry/xrf/trip-5-lab/Site_45_45Dr1_lab_repeat.tsv	1763	c1bd23a0b9a5ce2f45d977c1785e5370f88abf18855e696570af3c4ae4ad98a9
data/processed/geochemistry/xrf/trip-5-lab/Site_46_46Dr1_lab_repeat.tsv	1556	a93b5c2f8ef117eafc1840d4d14a8209997ef5ab52afb4a9badbe13082b6e4fa
data/processed/geochemistry/xrf/trip-5-lab/Site_47_47Dr1_lab_repeat.tsv	1640	025d544362268a35843a6aa307b28aae491f7c3dc90c786b4e1d68a10ef0cbb1
data/processed/geochemistry/xrf/trip-5-lab/Site_48_48Dr1_lab_repeat.tsv	1959	6a7d07d9be075b69b4026f99d1ad2a21ecc64d3a0389371041d01a5140b3b9dc
data/processed/geochemistry/xrf/trip-5-lab/Site_49_49Dr1_lab_repeat.tsv	1372	1626663bd0afce61458937770b30393df7f247ee62c59594258afa1a7ae53b6d
data/processed/geochemistry/xrf/trip-5-lab/Site_4_V4Dr3Fast_screening_lab_repeat.tsv	1893	454b5be020c873315e37167aa3f7826a2d7e9055ac280d35b450f55075560fc7
data/processed/geochemistry/xrf/trip-5-lab/Site_4_V4Dr3_Best_Detection8__lab_repeat.tsv	1802	cce9d60e80551e753403c7a1ea2641cbdb615ae4c765310aa77b1296383c2ce1
data/processed/geochemistry/xrf/trip-5-lab/Site_50_50Dr1_lab_repeat.tsv	1423	c6e5aebb98ffdc07b0db6380ea896da2c26c426482816d635d4f5161dc5d2a0a
data/processed/geochemistry/xrf/trip-5-lab/Site_51_51Dr1_lab_repeat.tsv	1963	80bc64215379a35cc38da8dabca532e5dceddca457b03e0f21b3d1d225be3cf5
data/processed/geochemistry/xrf/trip-5-lab/Site_52_52Dr1_lab_repeat.tsv	2167	a5ec1ab3559186cbe613c3ab18008a064fc406b58a0586b947197447d97526cc
data/processed/geochemistry/xrf/trip-5-lab/Site_53_53Dr1_lab_repeat.tsv	1429	b36c270dfd690f756c2391751b8c5c226fd245d1cac94b3e9181e97deef1312c
data/processed/geochemistry/xrf/trip-5-lab/Site_54_54Dr1_lab_repeat.tsv	2027	9d3c7fe018670fd4748fe2d7ae72888802efa5393a3ed8ed8901254711e6a21a
data/processed/geochemistry/xrf/trip-5-lab/Site_55_55Dr1_lab_repeat.tsv	1967	5b219bc0317ee9d47b5bb3e990813662c1e27e793da25cbafdb0759cb76d16fb
data/processed/geochemistry/xrf/trip-5-lab/Site_56_56Dr1_lab_repeat.tsv	1904	175abb990c1e32e36eba8eeed1de8548d6ace74537cc383c11550ad7cadcd6bb
data/processed/geochemistry/xrf/trip-5-lab/Site_57_57Dr1_lab_repeat.tsv	1625	28c91054740f716f4a5b492d2d668eb0bfb78095fdd00baf973f095e769e3a19
data/processed/geochemistry/xrf/trip-5-lab/Site_58_58Dr1_lab_repeat.tsv	2027	23a311e7ed5c914ad461bb44859784d07cc2215983785f2eac971784295ba099
data/processed/geochemistry/xrf/trip-5-lab/Site_59_59Dr1_lab_repeat.tsv	1828	527d9f7053d54f029452f4272612b2a972483d4100aef7f4f4d2a1be60114c5c
data/processed/geochemistry/xrf/trip-5-lab/Site_5_5_lab_repeat.tsv	2099	51edb20cf8f28492a0d148447523d90911de7871296773ff66e30a7fe4571e42
data/processed/geochemistry/xrf/trip-5-lab/Site_60_60Dr1_lab_repeat.tsv	1623	616debc5733642bccca444b09bb2ece7cfe6e9035a5feb28f2b1ed982d260d97
data/processed/geochemistry/xrf/trip-5-lab/Site_6_6_lab_repeat.tsv	1696	f9705b1b0aa4fe31485c6195777227b88c2078e5cc2ecaba8bac360fec3457cc
data/processed/geochemistry/xrf/trip-5-lab/Site_7_7_lab_repeat.tsv	1556	ea05d5561ef55c63c57c472cce0bcbc0ba246fbedee6c94a601b51fc7b8b7b45
data/processed/geochemistry/xrf/trip-5-lab/Site_8_8_lab_repeat.tsv	1691	2da80e4f8d3ba686fc6819ec232e0fcb02ce92fb54cb77ce35ca93407131a1a0
data/processed/geochemistry/xrf/trip-5-lab/Site_9_9_lab_repeat.tsv	1293	98c2edd4a028e6d66e5a3d0d882c899db3e6bafb4ee77017b4dfaa277855e9c4
data/processed/geochemistry/xrf/xrf_lab_table_filtered.tsv	10878	9d4e622d890884da4da06d0ec20b9fcc222eccf6316bd05c3b6f0b74752385d9
data/processed/geochemistry/xrf_field_table.tsv	83415	78090ab1d0deacf220b4650c24f9dd9584bbb9268ebd9d5c86f08dfb44d81575
data/processed/geochemistry/xrf_lab_combined.tsv	31861	5cb7dc29ea9cd1b2df4ffad2f70f55fdb55e898039739882f8d5451ce0ae9706
data/processed/geochemistry/xrf_lab_table_filtered.tsv	58955	8e11d540f5220dcc976f101ad4f6ddb916b8011803a610d9100534d1be98a4ca
data/processed/geochemistry/xrf_lab_table_trips1-4.tsv	121086	afc0282badd602a2d6f51e3f3d4339f43fe0ddfa9914b83d6a0e3644671565f6
data/processed/ontology/rubalkhali.owl	128996	9c9a435c98c815dfd755ac7787f5f25bab0514a0457e4d3ea03e37fde486b98e
scripts/rdf/generate_controls_abox.py	47913	11b4db904159a71eb30f522034dccd875190d6633bda088514087815841ae0bd
scripts/rdf/generate_dna_abox.groovy	14492	f46fa80464d3724b436f00ac4c77953bce66f5435e4e3598a2edbaaec6adca92
scripts/rdf/generate_measurements_abox.groovy	35572	8152db67c3c258dd395b3a002701766830df34a910eeeab185994682a17a778d
scripts/rdf/generate_qc_abox.groovy	16082	476f6d9de13bf98f1b5fe3dea2825f8025a256981f8d42675a0e356085a46033
scripts/rdf/generate_samples_abox.groovy	14518	6ab90411a58a253a4982c2d30cd74a104b1e32b4240c3bdd76bc93798cf35b87
scripts/rdf/generate_site_ontology.groovy	11649	b8e306854bcd8c3fa5f9f81bb44a5421a216ec68875f87e3277c02c535f7c431
scripts/rdf/generate_sra_abox.groovy	9831	ed04d40a7b5f697098297b2b3f40ee7686df2a5aa87767737527058fbcc9bdae
scripts/rdf/generate_xrf_abox.groovy	19010	cef7f73645340900fe20207ff2d1e044d80852a940c8f102fa38ae1e4f07c740
