source	source_sheet	source_row	trip	sample_id	site	site_source_value	site_corrected	site_alias_applied	canonical_site_label	canonical_site_iri	compartment	is_control	campaign_role	ecology_repeated_campaign_eligible	metadata_complete	site_resolves_in_kg	kg_sample_eligible	kg_exclusion_reason	dna_status	dna_kit	dna_concentration	amplicon_flag	amplicon_sequencer	wgs_flag	wgs_library_kit	sra_run_count	has_sra_run	in_feature_table	in_ecology_analysis	dna_expected_by_generator
Sample_Mastersheet.xlsx	Trip1	2	Trip1	1Dr1	1	1	False	False	Site 1	https://rubalkhali.science/kb/RAK_1000001	Deep	False	core_sites_1_60	True	True	True	True		Measured	PowerSoil	0.4565193607	True	Both	False		1	True	True	True	True
Sample_Mastersheet.xlsx	Trip1	3	Trip1	1Dr2	1	1	False	False	Site 1	https://rubalkhali.science/kb/RAK_1000001	Deep	False	core_sites_1_60	True	True	True	True		Measured	PowerSoil	5.403373084	True	Both	True	NEBNext	1	True	True	True	True
Sample_Mastersheet.xlsx	Trip1	4	Trip1	1Dr3	1	1	False	False	Site 1	https://rubalkhali.science/kb/RAK_1000001	Deep	False	core_sites_1_60	True	True	True	True		Extracted	PowerSoil		True	Both	False		1	True	True	False	True
Sample_Mastersheet.xlsx	Trip1	5	Trip1	1Sr1	1	1	False	False	Site 1	https://rubalkhali.science/kb/RAK_1000001	Surface	False	core_sites_1_60	True	True	True	True		Measured	Pro	0.01451739141	True	Both	False		1	True	True	True	True
Sample_Mastersheet.xlsx	Trip1	6	Trip1	1Sr2	1	1	False	False	Site 1	https://rubalkhali.science/kb/RAK_1000001	Surface	False	core_sites_1_60	True	True	True	True		Measured	PowerSoil	0.138	True	Both	False		1	True	True	True	True
Sample_Mastersheet.xlsx	Trip1	7	Trip1	1Sr3	1	1	False	False	Site 1	https://rubalkhali.science/kb/RAK_1000001	Surface	False	core_sites_1_60	True	True	True	True		Measured	PowerSoil	0.4157023472	True	Both	True	NEBNext	1	True	True	True	True
Sample_Mastersheet.xlsx	Trip1	8	Trip1	1PRr1	1	1	False	False	Site 1	https://rubalkhali.science/kb/RAK_1000001	Rhizosphere	False	core_sites_1_60	True	True	True	True		Measured	Pro	93.00846637	False		True	NEBNext	0	False	False	False	True
Sample_Mastersheet.xlsx	Trip1	9	Trip1	1PRr2	1	1	False	False	Site 1	https://rubalkhali.science/kb/RAK_1000001	Rhizosphere	False	core_sites_1_60	True	True	True	True		Measured	PowerSoil	6.3147509	True	Both	False		1	True	True	True	True
Sample_Mastersheet.xlsx	Trip1	10	Trip1	1PRr3	1	1	False	False	Site 1	https://rubalkhali.science/kb/RAK_1000001	Rhizosphere	False	core_sites_1_60	True	True	True	True		Measured	PowerSoil	9.758590509	True	Both	False		1	True	True	True	True
Sample_Mastersheet.xlsx	Trip1	11	Trip1	2Dr1	2	2	False	False	Site 2	https://rubalkhali.science/kb/RAK_1000002	Deep	False	core_sites_1_60	True	True	True	True					True	Both	True	NEBNext	1	True	True	True	True
Sample_Mastersheet.xlsx	Trip1	12	Trip1	2Dr2	2	2	False	False	Site 2	https://rubalkhali.science/kb/RAK_1000002	Deep	False	core_sites_1_60	True	True	True	True		Measured	PowerSoil	0.763	True	Both	False		1	True	True	True	True
Sample_Mastersheet.xlsx	Trip1	13	Trip1	2Dr3	2	2	False	False	Site 2	https://rubalkhali.science/kb/RAK_1000002	Deep	False	core_sites_1_60	True	True	True	True					True	Both	False		1	True	True	True	True
Sample_Mastersheet.xlsx	Trip1	14	Trip1	2Sr1	2	2	False	False	Site 2	https://rubalkhali.science/kb/RAK_1000002	Surface	False	core_sites_1_60	True	True	True	True					True	Both	False		1	True	True	True	True
Sample_Mastersheet.xlsx	Trip1	15	Trip1	2Sr2	2	2	False	False	Site 2	https://rubalkhali.science/kb/RAK_1000002	Surface	False	core_sites_1_60	True	True	True	True		Extracted			False		False		0	False	False	False	True
Sample_Mastersheet.xlsx	Trip1	16	Trip1	2Sr3	2	2	False	False	Site 2	https://rubalkhali.science/kb/RAK_1000002	Surface	False	core_sites_1_60	True	True	True	True		Measured	PowerSoil	0.8890955	True	Both	True	NEBNext	1	True	True	True	True
Sample_Mastersheet.xlsx	Trip1	17	Trip1	2PRr1	2	2	False	False	Site 2	https://rubalkhali.science/kb/RAK_1000002	Rhizosphere	False	core_sites_1_60	True	True	True	True		Measured	PowerSoil	4.030660588	True	Both	False		1	True	True	True	True
Sample_Mastersheet.xlsx	Trip1	18	Trip1	2PRr2	2	2	False	False	Site 2	https://rubalkhali.science/kb/RAK_1000002	Rhizosphere	False	core_sites_1_60	True	True	True	True		Measured	Pro	11.18929	True	Both	True	NEBNext	1	True	True	True	True
Sample_Mastersheet.xlsx	Trip1	19	Trip1	2PRr3	2	2	False	False	Site 2	https://rubalkhali.science/kb/RAK_1000002	Rhizosphere	False	core_sites_1_60	True	True	True	True		Extracted			False		False		0	False	False	False	True
Sample_Mastersheet.xlsx	Trip1	20	Trip1	3Dr1	3	3	False	False	Site 3	https://rubalkhali.science/kb/RAK_1000003	Deep	False	core_sites_1_60	True	True	True	True					False		False		0	False	False	False	False
Sample_Mastersheet.xlsx	Trip1	21	Trip1	3Dr2	3	3	False	False	Site 3	https://rubalkhali.science/kb/RAK_1000003	Deep	False	core_sites_1_60	True	True	True	True		Measured	PowerSoil	0.07161913098	True	Both	False		1	True	True	True	True
Sample_Mastersheet.xlsx	Trip1	22	Trip1	3Dr3	3	3	False	False	Site 3	https://rubalkhali.science/kb/RAK_1000003	Deep	False	core_sites_1_60	True	True	True	True		Measured	PowerSoil	0.015228	True	Both	False		1	True	True	True	True
Sample_Mastersheet.xlsx	Trip1	23	Trip1	3Sr1	3	3	False	False	Site 3	https://rubalkhali.science/kb/RAK_1000003	Surface	False	core_sites_1_60	True	True	True	True		Extracted	PowerSoil		True	Both	False		1	True	True	True	True
Sample_Mastersheet.xlsx	Trip1	24	Trip1	3Sr2	3	3	False	False	Site 3	https://rubalkhali.science/kb/RAK_1000003	Surface	False	core_sites_1_60	True	True	True	True		Measured	Pro	0.0118663895	False		False		0	False	False	False	True
Sample_Mastersheet.xlsx	Trip1	25	Trip1	3Sr3	3	3	False	False	Site 3	https://rubalkhali.science/kb/RAK_1000003	Surface	False	core_sites_1_60	True	True	True	True		Measured	Pro	0	True	Both	False		1	True	True	True	True
Sample_Mastersheet.xlsx	Trip1	26	Trip1	3PRr1	3	3	False	False	Site 3	https://rubalkhali.science/kb/RAK_1000003	Rhizosphere	False	core_sites_1_60	True	True	True	True		Measured	PowerSoil	0.4743005274	True	Both	False		1	True	True	True	True
Sample_Mastersheet.xlsx	Trip1	27	Trip1	3PRr2	3	3	False	False	Site 3	https://rubalkhali.science/kb/RAK_1000003	Rhizosphere	False	core_sites_1_60	True	True	True	True		Measured	Pro	1.946129958	True	Both	False		1	True	True	True	True
Sample_Mastersheet.xlsx	Trip1	28	Trip1	3PRr3	3	3	False	False	Site 3	https://rubalkhali.science/kb/RAK_1000003	Rhizosphere	False	core_sites_1_60	True	True	True	True		Measured	PowerSoil	0.8313875	True	Both	True	NEBNext	1	True	True	True	True
Sample_Mastersheet.xlsx	Trip1	29	Trip1	4Dr1	4	4	False	False	Site 4	https://rubalkhali.science/kb/RAK_1000004	Deep	False	core_sites_1_60	True	True	True	True		Measured	PowerSoil	0.8313875	True	Both	False		1	True	True	True	True
Sample_Mastersheet.xlsx	Trip1	30	Trip1	4Dr2	4	4	False	False	Site 4	https://rubalkhali.science/kb/RAK_1000004	Deep	False	core_sites_1_60	True	True	True	True		Measured	Pro	3.763539045	True	Both	True	NEBNext	1	True	True	True	True
Sample_Mastersheet.xlsx	Trip1	31	Trip1	4Dr3	4	4	False	False	Site 4	https://rubalkhali.science/kb/RAK_1000004	Deep	False	core_sites_1_60	True	True	True	True		Measured	Pro	1.319988554	True	Both	False		1	True	True	True	True
Sample_Mastersheet.xlsx	Trip1	32	Trip1	4Sr1	4	4	False	False	Site 4	https://rubalkhali.science/kb/RAK_1000004	Surface	False	core_sites_1_60	True	True	True	True		Measured	Pro	0.01906196612	True	Both	False		1	True	True	True	True
Sample_Mastersheet.xlsx	Trip1	33	Trip1	4Sr2	4	4	False	False	Site 4	https://rubalkhali.science/kb/RAK_1000004	Surface	False	core_sites_1_60	True	True	True	True		Extracted			False		False		0	False	False	False	True
Sample_Mastersheet.xlsx	Trip1	34	Trip1	4Sr3	4	4	False	False	Site 4	https://rubalkhali.science/kb/RAK_1000004	Surface	False	core_sites_1_60	True	True	True	True		Measured	Pro	0.3100830647	False		True	NEBNext	0	False	False	False	True
Sample_Mastersheet.xlsx	Trip1	35	Trip1	4PRr1	4	4	False	False	Site 4	https://rubalkhali.science/kb/RAK_1000004	Rhizosphere	False	core_sites_1_60	True	True	True	True		Measured	PowerSoil	5.150896712	True	Both	True	NEBNext	1	True	True	True	True
Sample_Mastersheet.xlsx	Trip1	36	Trip1	4PRr2	4	4	False	False	Site 4	https://rubalkhali.science/kb/RAK_1000004	Rhizosphere	False	core_sites_1_60	True	True	True	True		Measured	Pro	0.3214445015	True	Both	False		1	True	True	True	True
Sample_Mastersheet.xlsx	Trip1	37	Trip1	4PRr3	4	4	False	False	Site 4	https://rubalkhali.science/kb/RAK_1000004	Rhizosphere	False	core_sites_1_60	True	True	True	True					True	Both	False		1	True	True	True	True
Sample_Mastersheet.xlsx	Trip1	38	Trip1	5Dr1	5	5	False	False	Site 5	https://rubalkhali.science/kb/RAK_1000005	Deep	False	core_sites_1_60	True	True	True	True		Measured	Pro	0.07149289279	True	Both	False		1	True	True	True	True
Sample_Mastersheet.xlsx	Trip1	39	Trip1	5Dr2	5	5	False	False	Site 5	https://rubalkhali.science/kb/RAK_1000005	Deep	False	core_sites_1_60	True	True	True	True		Measured	PowerSoil	0.1324751944	True	Both	False		1	True	True	True	True
Sample_Mastersheet.xlsx	Trip1	40	Trip1	5Dr3	5	5	False	False	Site 5	https://rubalkhali.science/kb/RAK_1000005	Deep	False	core_sites_1_60	True	True	True	True		Extracted			False		False		0	False	False	False	True
Sample_Mastersheet.xlsx	Trip1	41	Trip1	5Sr1	5	5	False	False	Site 5	https://rubalkhali.science/kb/RAK_1000005	Surface	False	core_sites_1_60	True	True	True	True		Measured	Pro	0.02398525538	True	Both	False		1	True	True	True	True
Sample_Mastersheet.xlsx	Trip1	42	Trip1	5Sr2	5	5	False	False	Site 5	https://rubalkhali.science/kb/RAK_1000005	Surface	False	core_sites_1_60	True	True	True	True		Measured	PowerSoil	0.2982792315	True	Both	True	NEBNext	1	True	True	True	True
Sample_Mastersheet.xlsx	Trip1	43	Trip1	5Sr3	5	5	False	False	Site 5	https://rubalkhali.science/kb/RAK_1000005	Surface	False	core_sites_1_60	True	True	True	True		Measured	Pro	0.01405451806	True	Both	False		1	True	True	True	True
Sample_Mastersheet.xlsx	Trip1	44	Trip1	5PRr1	5	5	False	False	Site 5	https://rubalkhali.science/kb/RAK_1000005	Rhizosphere	False	core_sites_1_60	True	True	True	True					False		False		0	False	False	False	False
Sample_Mastersheet.xlsx	Trip1	45	Trip1	5PRr2	5	5	False	False	Site 5	https://rubalkhali.science/kb/RAK_1000005	Rhizosphere	False	core_sites_1_60	True	True	True	True					False		False		0	False	False	False	False
Sample_Mastersheet.xlsx	Trip1	46	Trip1	5PRr3	5	5	False	False	Site 5	https://rubalkhali.science/kb/RAK_1000005	Rhizosphere	False	core_sites_1_60	True	True	True	True		Extracted			False		False		0	False	False	False	True
Sample_Mastersheet.xlsx	Trip1	47	Trip1	6Dr1	6	6	False	False	Site 6	https://rubalkhali.science/kb/RAK_1000006	Deep	False	core_sites_1_60	True	True	True	True		Measured	Pro	2.488112571	True	Both	True	NEBNext	1	True	True	True	True
Sample_Mastersheet.xlsx	Trip1	48	Trip1	6Dr2	6	6	False	False	Site 6	https://rubalkhali.science/kb/RAK_1000006	Deep	False	core_sites_1_60	True	True	True	True		Extracted			False		False		0	False	False	False	True
Sample_Mastersheet.xlsx	Trip1	49	Trip1	6Dr3	6	6	False	False	Site 6	https://rubalkhali.science/kb/RAK_1000006	Deep	False	core_sites_1_60	True	True	True	True		Extracted	PowerSoil		True	Both	False		1	True	True	True	True
Sample_Mastersheet.xlsx	Trip1	50	Trip1	6Sr1	6	6	False	False	Site 6	https://rubalkhali.science/kb/RAK_1000006	Surface	False	core_sites_1_60	True	True	True	True		Measured	PowerSoil	0	True	Both	False		1	True	True	True	True
Sample_Mastersheet.xlsx	Trip1	51	Trip1	6Sr2	6	6	False	False	Site 6	https://rubalkhali.science/kb/RAK_1000006	Surface	False	core_sites_1_60	True	True	True	True		Measured	Pro	0.003702986795	True	Both	False		1	True	True	True	True
Sample_Mastersheet.xlsx	Trip1	52	Trip1	6Sr3	6	6	False	False	Site 6	https://rubalkhali.science/kb/RAK_1000006	Surface	False	core_sites_1_60	True	True	True	True		Extracted			False		False		0	False	False	False	True
Sample_Mastersheet.xlsx	Trip1	53	Trip1	6PRr1	6	6	False	False	Site 6	https://rubalkhali.science/kb/RAK_1000006	Rhizosphere	False	core_sites_1_60	True	True	True	True		Measured	PowerSoil	1.187977463	True	Both	False		1	True	True	True	True
Sample_Mastersheet.xlsx	Trip1	54	Trip1	6PRr2	6	6	False	False	Site 6	https://rubalkhali.science/kb/RAK_1000006	Rhizosphere	False	core_sites_1_60	True	True	True	True		Measured		3.389032426	True	Both	True	NEBNext	1	True	True	True	True
Sample_Mastersheet.xlsx	Trip1	55	Trip1	6PRr3	6	6	False	False	Site 6	https://rubalkhali.science/kb/RAK_1000006	Rhizosphere	False	core_sites_1_60	True	True	True	True					False		False		0	False	False	False	False
Sample_Mastersheet.xlsx	Trip1	56	Trip1	7Dr1	7	7	False	False	Site 7	https://rubalkhali.science/kb/RAK_1000007	Deep	False	core_sites_1_60	True	True	True	True		Extracted	PowerSoil		True	Both	False		1	True	True	True	True
Sample_Mastersheet.xlsx	Trip1	57	Trip1	7Dr2	7	7	False	False	Site 7	https://rubalkhali.science/kb/RAK_1000007	Deep	False	core_sites_1_60	True	True	True	True		Measured	Pro	0	True	Both	False		1	True	True	True	True
Sample_Mastersheet.xlsx	Trip1	58	Trip1	7Dr3	7	7	False	False	Site 7	https://rubalkhali.science/kb/RAK_1000007	Deep	False	core_sites_1_60	True	True	True	True		Extracted			False		False		0	False	False	False	True
Sample_Mastersheet.xlsx	Trip1	59	Trip1	7Sr1	7	7	False	False	Site 7	https://rubalkhali.science/kb/RAK_1000007	Surface	False	core_sites_1_60	True	True	True	True		Measured	Pro	0.0446462	True	Both	False		1	True	True	True	True
Sample_Mastersheet.xlsx	Trip1	60	Trip1	7Sr2	7	7	False	False	Site 7	https://rubalkhali.science/kb/RAK_1000007	Surface	False	core_sites_1_60	True	True	True	True					True	Both	False		1	True	True	True	True
Sample_Mastersheet.xlsx	Trip1	61	Trip1	7Sr3	7	7	False	False	Site 7	https://rubalkhali.science/kb/RAK_1000007	Surface	False	core_sites_1_60	True	True	True	True		Measured	PowerSoil	0.2021522296	True	Both	False		0	False	False	False	True
Sample_Mastersheet.xlsx	Trip1	62	Trip1	7PRr1	7	7	False	False	Site 7	https://rubalkhali.science/kb/RAK_1000007	Rhizosphere	False	core_sites_1_60	True	True	True	True		Extracted	PowerSoil		False		False		0	False	False	False	True
Sample_Mastersheet.xlsx	Trip1	63	Trip1	7PRr2	7	7	False	False	Site 7	https://rubalkhali.science/kb/RAK_1000007	Rhizosphere	False	core_sites_1_60	True	True	True	True		Measured	PowerSoil	0.7411280951	True	Both	True	NEBNext	1	True	True	True	True
Sample_Mastersheet.xlsx	Trip1	64	Trip1	7PRr3	7	7	False	False	Site 7	https://rubalkhali.science/kb/RAK_1000007	Rhizosphere	False	core_sites_1_60	True	True	True	True					False		False		0	False	False	False	False
Sample_Mastersheet.xlsx	Trip1	65	Trip1	8Dr1	8	8	False	False	Site 8	https://rubalkhali.science/kb/RAK_1000008	Deep	False	core_sites_1_60	True	True	True	True		Measured	PowerSoil	0.02395637794	True	MiSeq	False		0	False	False	False	True
Sample_Mastersheet.xlsx	Trip1	66	Trip1	8Dr2	8	8	False	False	Site 8	https://rubalkhali.science/kb/RAK_1000008	Deep	False	core_sites_1_60	True	True	True	True		Measured	Pro	0.00467081288976	True	Both	False		0	False	False	False	True
Sample_Mastersheet.xlsx	Trip1	67	Trip1	8Dr3	8	8	False	False	Site 8	https://rubalkhali.science/kb/RAK_1000008	Deep	False	core_sites_1_60	True	True	True	True					False		False		0	False	False	False	False
Sample_Mastersheet.xlsx	Trip1	68	Trip1	8Sr1	8	8	False	False	Site 8	https://rubalkhali.science/kb/RAK_1000008	Surface	False	core_sites_1_60	True	True	True	True		Extracted			False		False		0	False	False	False	True
Sample_Mastersheet.xlsx	Trip1	69	Trip1	8Sr2	8	8	False	False	Site 8	https://rubalkhali.science/kb/RAK_1000008	Surface	False	core_sites_1_60	True	True	True	True		Measured	PowerSoil	0.04165549298	True	MiSeq	False		1	True	True	True	True
Sample_Mastersheet.xlsx	Trip1	70	Trip1	8Sr3	8	8	False	False	Site 8	https://rubalkhali.science/kb/RAK_1000008	Surface	False	core_sites_1_60	True	True	True	True		Measured	Pro	0.010014896105973	True	Both	False		1	True	True	True	True
Sample_Mastersheet.xlsx	Trip1	71	Trip1	8PRr1	8	8	False	False	Site 8	https://rubalkhali.science/kb/RAK_1000008	Rhizosphere	False	core_sites_1_60	True	True	True	True		Measured	PowerSoil	0	True	Both	False		1	True	True	True	True
Sample_Mastersheet.xlsx	Trip1	72	Trip1	8PRr2	8	8	False	False	Site 8	https://rubalkhali.science/kb/RAK_1000008	Rhizosphere	False	core_sites_1_60	True	True	True	True		Measured	PowerSoil	0.0347725038	True	Both	False		1	True	True	True	True
Sample_Mastersheet.xlsx	Trip1	73	Trip1	8PRr3	8	8	False	False	Site 8	https://rubalkhali.science/kb/RAK_1000008	Rhizosphere	False	core_sites_1_60	True	True	True	True		Measured	Pro	0.007069338427745	True	Both	False		1	True	True	True	True
Sample_Mastersheet.xlsx	Trip1	74	Trip1	9Dr1	9	9	False	False	Site 9	https://rubalkhali.science/kb/RAK_1000009	Deep	False	core_sites_1_60	True	True	True	True		Measured	Pro	0.033579357531791	True	Both	False		1	True	True	True	True
Sample_Mastersheet.xlsx	Trip1	75	Trip1	9Dr2	9	9	False	False	Site 9	https://rubalkhali.science/kb/RAK_1000009	Deep	False	core_sites_1_60	True	True	True	True					False		False		0	False	False	False	False
Sample_Mastersheet.xlsx	Trip1	76	Trip1	9Dr3	9	9	False	False	Site 9	https://rubalkhali.science/kb/RAK_1000009	Deep	False	core_sites_1_60	True	True	True	True					True	Both	True	NEBNext	1	True	True	True	True
Sample_Mastersheet.xlsx	Trip1	77	Trip1	9Sr1	9	9	False	False	Site 9	https://rubalkhali.science/kb/RAK_1000009	Surface	False	core_sites_1_60	True	True	True	True		Measured	PowerSoil	0	True	Both	False		1	True	True	True	True
Sample_Mastersheet.xlsx	Trip1	78	Trip1	9Sr2	9	9	False	False	Site 9	https://rubalkhali.science/kb/RAK_1000009	Surface	False	core_sites_1_60	True	True	True	True					True	Both	True	NEBNext	1	True	True	True	True
Sample_Mastersheet.xlsx	Trip1	79	Trip1	9Sr3	9	9	False	False	Site 9	https://rubalkhali.science/kb/RAK_1000009	Surface	False	core_sites_1_60	True	True	True	True		Measured	Pro	0	True	Both	False		1	True	True	True	True
Sample_Mastersheet.xlsx	Trip1	80	Trip1	9PRr1	9	9	False	False	Site 9	https://rubalkhali.science/kb/RAK_1000009	Rhizosphere	False	core_sites_1_60	True	True	True	True		Extracted			False		False		0	False	False	False	True
Sample_Mastersheet.xlsx	Trip1	81	Trip1	9PRr2	9	9	False	False	Site 9	https://rubalkhali.science/kb/RAK_1000009	Rhizosphere	False	core_sites_1_60	True	True	True	True		Measured	Pro	0.022470397145334	True	Both	False		1	True	True	True	True
Sample_Mastersheet.xlsx	Trip1	82	Trip1	9PRr3	9	9	False	False	Site 9	https://rubalkhali.science/kb/RAK_1000009	Rhizosphere	False	core_sites_1_60	True	True	True	True		Measured	Pro	0.035851644883566	True	Both	False		1	True	True	True	True
Sample_Mastersheet.xlsx	Trip1	83	Trip1	10Dr1	10	10	False	False	Site 10	https://rubalkhali.science/kb/RAK_1000010	Deep	False	core_sites_1_60	True	True	True	True		Measured	Pro	0.01115103978186	True	Both	False		1	True	False	False	True
Sample_Mastersheet.xlsx	Trip1	84	Trip1	10Dr2	10	10	False	False	Site 10	https://rubalkhali.science/kb/RAK_1000010	Deep	False	core_sites_1_60	True	True	True	True		Measured	Pro	0.023396143844205	True	Both	False		1	True	True	True	True
Sample_Mastersheet.xlsx	Trip1	85	Trip1	10Dr3	10	10	False	False	Site 10	https://rubalkhali.science/kb/RAK_1000010	Deep	False	core_sites_1_60	True	True	True	True		Extracted			False		False		0	False	False	False	True
Sample_Mastersheet.xlsx	Trip1	86	Trip1	10Sr1	10	10	False	False	Site 10	https://rubalkhali.science/kb/RAK_1000010	Surface	False	core_sites_1_60	True	True	True	True		Extracted			False		False		0	False	False	False	True
Sample_Mastersheet.xlsx	Trip1	87	Trip1	10Sr2	10	10	False	False	Site 10	https://rubalkhali.science/kb/RAK_1000010	Surface	False	core_sites_1_60	True	True	True	True		Measured	Pro	0.015569376299201	True	Both	False		1	True	True	True	True
Sample_Mastersheet.xlsx	Trip1	88	Trip1	10Sr3	10	10	False	False	Site 10	https://rubalkhali.science/kb/RAK_1000010	Surface	False	core_sites_1_60	True	True	True	True		Measured	Pro	0.009257466988714	True	Both	False		1	True	True	True	True
Sample_Mastersheet.xlsx	Trip1	89	Trip1	10PRr1	10	10	False	False	Site 10	https://rubalkhali.science/kb/RAK_1000010	Rhizosphere	False	core_sites_1_60	True	True	True	True		Extracted			False		False		0	False	False	False	True
Sample_Mastersheet.xlsx	Trip1	90	Trip1	10PRr2	10	10	False	False	Site 10	https://rubalkhali.science/kb/RAK_1000010	Rhizosphere	False	core_sites_1_60	True	True	True	True		Measured	Pro	0	True	Both	False		1	True	True	True	True
Sample_Mastersheet.xlsx	Trip1	91	Trip1	10PRr3	10	10	False	False	Site 10	https://rubalkhali.science/kb/RAK_1000010	Rhizosphere	False	core_sites_1_60	True	True	True	True		Measured	Pro	0.008500037871456	True	Both	False		1	True	True	True	True
Sample_Mastersheet.xlsx	Trip1	92	Trip1	11Dr1	11	11	False	False	Site 11	https://rubalkhali.science/kb/RAK_1000011	Deep	False	core_sites_1_60	True	True	True	True		Measured	Pro	0.025836748777594	True	Both	False		1	True	True	True	True
Sample_Mastersheet.xlsx	Trip1	93	Trip1	11Dr2	11	11	False	False	Site 11	https://rubalkhali.science/kb/RAK_1000011	Deep	False	core_sites_1_60	True	True	True	True		Extracted			False		False		0	False	False	False	True
Sample_Mastersheet.xlsx	Trip1	94	Trip1	11Dr3	11	11	False	False	Site 11	https://rubalkhali.science/kb/RAK_1000011	Deep	False	core_sites_1_60	True	True	True	True		Measured	Pro	5.34025399123065	True	Both	True	NEBNext	1	True	True	True	True
Sample_Mastersheet.xlsx	Trip1	95	Trip1	11Sr1	11	11	False	False	Site 11	https://rubalkhali.science/kb/RAK_1000011	Surface	False	core_sites_1_60	True	True	True	True		Measured	Pro	0.004628733494357	False		False		0	False	False	False	True
Sample_Mastersheet.xlsx	Trip1	96	Trip1	11Sr2	11	11	False	False	Site 11	https://rubalkhali.science/kb/RAK_1000011	Surface	False	core_sites_1_60	True	True	True	True		Measured	Pro	0.00324011344605	True	Both	False		1	True	True	True	True
Sample_Mastersheet.xlsx	Trip1	97	Trip1	11Sr3	11	11	False	False	Site 11	https://rubalkhali.science/kb/RAK_1000011	Surface	False	core_sites_1_60	True	True	True	True		Extracted			False		False		0	False	False	False	True
Sample_Mastersheet.xlsx	Trip1	98	Trip1	11PRr1	11	11	False	False	Site 11	https://rubalkhali.science/kb/RAK_1000011	Rhizosphere	False	core_sites_1_60	True	True	True	True		Extracted	PowerSoil		True	Both	False		1	True	True	True	True
Sample_Mastersheet.xlsx	Trip1	99	Trip1	11PRr2	11	11	False	False	Site 11	https://rubalkhali.science/kb/RAK_1000011	Rhizosphere	False	core_sites_1_60	True	True	True	True		Measured	Pro	0	True	Both	False		1	True	True	True	True
Sample_Mastersheet.xlsx	Trip1	100	Trip1	11PRr3	11	11	False	False	Site 11	https://rubalkhali.science/kb/RAK_1000011	Rhizosphere	False	core_sites_1_60	True	True	True	True					True	Both	True	NEBNext	1	True	True	True	True
Sample_Mastersheet.xlsx	Trip1	101	Trip1	12Dr1	12	12	False	False	Site 12	https://rubalkhali.science/kb/RAK_1000012	Deep	False	core_sites_1_60	True	True	True	True		Extracted			False		False		0	False	False	False	True
Sample_Mastersheet.xlsx	Trip1	102	Trip1	12Dr2	12	12	False	False	Site 12	https://rubalkhali.science/kb/RAK_1000012	Deep	False	core_sites_1_60	True	True	True	True		Measured	Pro	0.018514933977429	True	Both	False		1	True	True	True	True
Sample_Mastersheet.xlsx	Trip1	103	Trip1	12Dr3	12	12	False	False	Site 12	https://rubalkhali.science/kb/RAK_1000012	Deep	False	core_sites_1_60	True	True	True	True		Measured	Pro	0.004754971680567	True	Both	False		1	True	True	True	True
Sample_Mastersheet.xlsx	Trip1	104	Trip1	12Sr1	12	12	False	False	Site 12	https://rubalkhali.science/kb/RAK_1000012	Surface	False	core_sites_1_60	True	True	True	True		Measured	Pro	0.008331720289843	True	Both	False		1	True	True	True	True
Sample_Mastersheet.xlsx	Trip1	105	Trip1	12Sr2	12	12	False	False	Site 12	https://rubalkhali.science/kb/RAK_1000012	Surface	False	core_sites_1_60	True	True	True	True					True	Both	False		1	True	True	True	True
Sample_Mastersheet.xlsx	Trip1	106	Trip1	12Sr3	12	12	False	False	Site 12	https://rubalkhali.science/kb/RAK_1000012	Surface	False	core_sites_1_60	True	True	True	True		Measured	Pro	0	True	Both	False		1	True	True	True	True
Sample_Mastersheet.xlsx	Trip1	107	Trip1	12PRr1	12	12	False	False	Site 12	https://rubalkhali.science/kb/RAK_1000012	Rhizosphere	False	core_sites_1_60	True	True	True	True		Measured	Pro	0.014896105972749	True	Both	False		1	True	True	True	True
Sample_Mastersheet.xlsx	Trip1	108	Trip1	12PRr2	12	12	False	False	Site 12	https://rubalkhali.science/kb/RAK_1000012	Rhizosphere	False	core_sites_1_60	True	True	True	True		Extracted			False		False		0	False	False	False	True
Sample_Mastersheet.xlsx	Trip1	109	Trip1	12PRr3	12	12	False	False	Site 12	https://rubalkhali.science/kb/RAK_1000012	Rhizosphere	False	core_sites_1_60	True	True	True	True		Measured	Pro	0.062782457941644	True	Both	False		1	True	True	True	True
Sample_Mastersheet.xlsx	Trip1	110	Trip1	13Dr1	13	13	False	False	Site 13	https://rubalkhali.science/kb/RAK_1000013	Deep	False	core_sites_1_60	True	True	True	True		Measured	Pro	0.013128771365813	True	Both	False		1	True	True	True	True
Sample_Mastersheet.xlsx	Trip1	111	Trip1	13Dr2	13	13	False	False	Site 13	https://rubalkhali.science/kb/RAK_1000013	Deep	False	core_sites_1_60	True	True	True	True		Extracted			False		False		0	False	False	False	True
Sample_Mastersheet.xlsx	Trip1	112	Trip1	13Dr3	13	13	False	False	Site 13	https://rubalkhali.science/kb/RAK_1000013	Deep	False	core_sites_1_60	True	True	True	True		Measured	Pro	0.002945557678227	True	Both	False		1	True	True	True	True
Sample_Mastersheet.xlsx	Trip1	113	Trip1	13Sr1	13	13	False	False	Site 13	https://rubalkhali.science/kb/RAK_1000013	Surface	False	core_sites_1_60	True	True	True	True					False		False		0	False	False	False	False
Sample_Mastersheet.xlsx	Trip1	114	Trip1	13Sr2	13	13	False	False	Site 13	https://rubalkhali.science/kb/RAK_1000013	Surface	False	core_sites_1_60	True	True	True	True		Measured	Pro	0.01321293015662	True	Both	False		1	True	True	True	True
Sample_Mastersheet.xlsx	Trip1	115	Trip1	13Sr3	13	13	False	False	Site 13	https://rubalkhali.science/kb/RAK_1000013	Surface	False	core_sites_1_60	True	True	True	True		Measured	Pro	0	False		False		0	False	False	False	True
Sample_Mastersheet.xlsx	Trip1	116	Trip1	13PRr1	13	13	False	False	Site 13	https://rubalkhali.science/kb/RAK_1000013	Rhizosphere	False	core_sites_1_60	True	True	True	True					False		False		0	False	False	False	False
Sample_Mastersheet.xlsx	Trip1	117	Trip1	13PRr2	13	13	False	False	Site 13	https://rubalkhali.science/kb/RAK_1000013	Rhizosphere	False	core_sites_1_60	True	True	True	True					False		False		0	False	False	False	False
Sample_Mastersheet.xlsx	Trip1	118	Trip1	13PRr3	13	13	False	False	Site 13	https://rubalkhali.science/kb/RAK_1000013	Rhizosphere	False	core_sites_1_60	True	True	True	True					False		False		0	False	False	False	False
Sample_Mastersheet.xlsx	Trip1	119	Trip1	14Dr1	14	14	False	False	Site 14	https://rubalkhali.science/kb/RAK_1000014	Deep	False	core_sites_1_60	True	True	True	True		Measured	Pro	0.014391153227911	True	Both	False		1	True	True	True	True
Sample_Mastersheet.xlsx	Trip1	120	Trip1	14Dr2	14	14	False	False	Site 14	https://rubalkhali.science/kb/RAK_1000014	Deep	False	core_sites_1_60	True	True	True	True		Extracted	PowerSoil		True	Both	False		1	True	True	True	True
Sample_Mastersheet.xlsx	Trip1	121	Trip1	14Dr3	14	14	False	False	Site 14	https://rubalkhali.science/kb/RAK_1000014	Deep	False	core_sites_1_60	True	True	True	True		Measured	PowerSoil	1.3103102934617	True	Both	True	NEBNext	1	True	True	True	True
Sample_Mastersheet.xlsx	Trip1	122	Trip1	14Sr1	14	14	False	False	Site 14	https://rubalkhali.science/kb/RAK_1000014	Surface	False	core_sites_1_60	True	True	True	True		Measured	PowerSoil	0	False		False		0	False	False	False	True
Sample_Mastersheet.xlsx	Trip1	123	Trip1	14Sr2	14	14	False	False	Site 14	https://rubalkhali.science/kb/RAK_1000014	Surface	False	core_sites_1_60	True	True	True	True		Measured	Pro	0.415281553234643	True	Both	True	NEBNext	1	True	True	True	True
Sample_Mastersheet.xlsx	Trip1	124	Trip1	14Sr3	14	14	False	False	Site 14	https://rubalkhali.science/kb/RAK_1000014	Surface	False	core_sites_1_60	True	True	True	True					False		False		0	False	False	False	False
Sample_Mastersheet.xlsx	Trip1	125	Trip1	14PRr1	14	14	False	False	Site 14	https://rubalkhali.science/kb/RAK_1000014	Rhizosphere	False	core_sites_1_60	True	True	True	True		Measured	Pro	1.44454356479806	True	Both	False		1	True	True	True	True
Sample_Mastersheet.xlsx	Trip1	126	Trip1	14PRr2	14	14	False	False	Site 14	https://rubalkhali.science/kb/RAK_1000014	Rhizosphere	False	core_sites_1_60	True	True	True	True		Measured	Pro	7.17070769127189	True	Both	True	NEBNext	1	True	True	True	True
Sample_Mastersheet.xlsx	Trip1	127	Trip1	14PRr3	14	14	False	False	Site 14	https://rubalkhali.science/kb/RAK_1000014	Rhizosphere	False	core_sites_1_60	True	True	True	True		Extracted			False		False		0	False	False	False	True
Sample_Mastersheet.xlsx	Trip1	128	Trip1	15Dr1	15	15	False	False	Site 15	https://rubalkhali.science/kb/RAK_1000015	Deep	False	core_sites_1_60	True	True	True	True		Measured	Pro	0.060720567566885	True	Both	False		1	True	True	True	True
Sample_Mastersheet.xlsx	Trip1	129	Trip1	15Dr2	15	15	False	False	Site 15	https://rubalkhali.science/kb/RAK_1000015	Deep	False	core_sites_1_60	True	True	True	True		Extracted			False		False		0	False	False	False	True
Sample_Mastersheet.xlsx	Trip1	130	Trip1	15Dr3	15	15	False	False	Site 15	https://rubalkhali.science/kb/RAK_1000015	Deep	False	core_sites_1_60	True	True	True	True		Measured	Pro	0.028193194920175	True	Both	False		1	True	True	True	True
Sample_Mastersheet.xlsx	Trip1	131	Trip1	15Sr1	15	15	False	False	Site 15	https://rubalkhali.science/kb/RAK_1000015	Surface	False	core_sites_1_60	True	True	True	True		Measured	Pro	0.047675954991879	True	Both	False		1	True	True	True	True
Sample_Mastersheet.xlsx	Trip1	132	Trip1	15Sr2	15	15	False	False	Site 15	https://rubalkhali.science/kb/RAK_1000015	Surface	False	core_sites_1_60	True	True	True	True		Measured	PowerSoil	0.009898225933	True	MiSeq	False		0	False	False	False	True
Sample_Mastersheet.xlsx	Trip1	133	Trip1	15Sr3	15	15	False	False	Site 15	https://rubalkhali.science/kb/RAK_1000015	Surface	False	core_sites_1_60	True	True	True	True		Measured	Pro	0.011740151317506	True	Both	False		1	True	True	True	True
Sample_Mastersheet.xlsx	Trip1	134	Trip1	15PRr1	15	15	False	False	Site 15	https://rubalkhali.science/kb/RAK_1000015	Rhizosphere	False	core_sites_1_60	True	True	True	True		Measured	PowerSoil	0.835654713313079	True	Both	False		1	True	True	True	True
Sample_Mastersheet.xlsx	Trip1	135	Trip1	15PRr2	15	15	False	False	Site 15	https://rubalkhali.science/kb/RAK_1000015	Rhizosphere	False	core_sites_1_60	True	True	True	True		Measured	Pro	0.793996111863865	True	Both	True	NEBNext	1	True	True	True	True
Sample_Mastersheet.xlsx	Trip1	136	Trip1	15PRr3	15	15	False	False	Site 15	https://rubalkhali.science/kb/RAK_1000015	Rhizosphere	False	core_sites_1_60	True	True	True	True		Measured	Pro	0.4523114211895	True	Both	False		1	True	True	True	True
Sample_Mastersheet.xlsx	Trip1	137	Trip1	16Dr1	16	16	False	False	Site 16	https://rubalkhali.science/kb/RAK_1000016	Deep	False	core_sites_1_60	True	True	True	True		Measured	Pro	0.038460567398568	True	Both	False		1	True	True	True	True
Sample_Mastersheet.xlsx	Trip1	138	Trip1	16Dr2	16	16	False	False	Site 16	https://rubalkhali.science/kb/RAK_1000016	Deep	False	core_sites_1_60	True	True	True	True		Extracted			False		False		0	False	False	False	True
Sample_Mastersheet.xlsx	Trip1	139	Trip1	16Dr3	16	16	False	False	Site 16	https://rubalkhali.science/kb/RAK_1000016	Deep	False	core_sites_1_60	True	True	True	True		Measured	Pro	0.017420869696944	True	Both	False		1	True	True	True	True
Sample_Mastersheet.xlsx	Trip1	140	Trip1	16Sr1	16	16	False	False	Site 16	https://rubalkhali.science/kb/RAK_1000016	Surface	False	core_sites_1_60	True	True	True	True		Measured	Pro	0.033789754508807	True	Both	False		1	True	True	True	True
Sample_Mastersheet.xlsx	Trip1	141	Trip1	16Sr2	16	16	False	False	Site 16	https://rubalkhali.science/kb/RAK_1000016	Surface	False	core_sites_1_60	True	True	True	True		Extracted			False		False		0	False	False	False	True
Sample_Mastersheet.xlsx	Trip1	142	Trip1	16Sr3	16	16	False	False	Site 16	https://rubalkhali.science/kb/RAK_1000016	Surface	False	core_sites_1_60	True	True	True	True		Measured	Pro	0.124765407370627	False		False		0	False	False	False	True
Sample_Mastersheet.xlsx	Trip1	143	Trip1	16PRr1	16	16	False	False	Site 16	https://rubalkhali.science/kb/RAK_1000016	Rhizosphere	False	core_sites_1_60	True	True	True	True		Measured	PowerSoil	0	True	MiSeq	False		1	True	True	True	True
Sample_Mastersheet.xlsx	Trip1	144	Trip1	16PRr2	16	16	False	False	Site 16	https://rubalkhali.science/kb/RAK_1000016	Rhizosphere	False	core_sites_1_60	True	True	True	True		Measured	Pro	0.04704476406083	True	Both	False		1	True	True	True	True
Sample_Mastersheet.xlsx	Trip1	145	Trip1	16PRr3	16	16	False	False	Site 16	https://rubalkhali.science/kb/RAK_1000016	Rhizosphere	False	core_sites_1_60	True	True	True	True		Measured	Pro	0.056428469235754	True	Both	False		1	True	True	True	True
Sample_Mastersheet.xlsx	Trip1	146	Trip1	17Dr1	17	17	False	False	Site 17	https://rubalkhali.science/kb/RAK_1000017	Deep	False	core_sites_1_60	True	True	True	True		Measured	Pro	0.02099761830622	True	Both	False		1	True	True	True	True
Sample_Mastersheet.xlsx	Trip1	147	Trip1	17Dr2	17	17	False	False	Site 17	https://rubalkhali.science/kb/RAK_1000017	Deep	False	core_sites_1_60	True	True	True	True		Measured	PowerSoil	0.035912794091521	True	Both	False		1	True	True	True	True
Sample_Mastersheet.xlsx	Trip1	148	Trip1	17Dr3	17	17	False	False	Site 17	https://rubalkhali.science/kb/RAK_1000017	Deep	False	core_sites_1_60	True	True	True	True		Measured	Pro	0.01152975434049	True	Both	False		1	True	True	True	True
Sample_Mastersheet.xlsx	Trip1	149	Trip1	17Sr1	17	17	False	False	Site 17	https://rubalkhali.science/kb/RAK_1000017	Surface	False	core_sites_1_60	True	True	True	True		Measured	PowerSoil	0.015925991726098	True	Both	False		1	True	True	True	True
Sample_Mastersheet.xlsx	Trip1	150	Trip1	17Sr2	17	17	False	False	Site 17	https://rubalkhali.science/kb/RAK_1000017	Surface	False	core_sites_1_60	True	True	True	True		Measured	Pro	0	True	Both	False		1	True	True	True	True
Sample_Mastersheet.xlsx	Trip1	151	Trip1	17Sr3	17	17	False	False	Site 17	https://rubalkhali.science/kb/RAK_1000017	Surface	False	core_sites_1_60	True	True	True	True		Measured	Pro	0.006648544473713	True	Both	False		1	True	True	True	True
Sample_Mastersheet.xlsx	Trip1	152	Trip1	17PRr1	17	17	False	False	Site 17	https://rubalkhali.science/kb/RAK_1000017	Rhizosphere	False	core_sites_1_60	True	True	True	True					False		False		0	False	False	False	False
Sample_Mastersheet.xlsx	Trip1	153	Trip1	17PRr2	17	17	False	False	Site 17	https://rubalkhali.science/kb/RAK_1000017	Rhizosphere	False	core_sites_1_60	True	True	True	True		Measured	Pro	4.00928271462596	True	Both	True	NEBNext	1	True	True	True	True
Sample_Mastersheet.xlsx	Trip1	154	Trip1	17PRr3	17	17	False	False	Site 17	https://rubalkhali.science/kb/RAK_1000017	Rhizosphere	False	core_sites_1_60	True	True	True	True		Extracted	PowerSoil		True	Both	False		1	True	True	True	True
Sample_Mastersheet.xlsx	Trip1	155	Trip1	18Dr1	18	18	False	False	Site 18	https://rubalkhali.science/kb/RAK_1000018	Deep	False	core_sites_1_60	True	True	True	True		Measured	PowerSoil	0.00828964089444	False		False		0	False	False	False	True
Sample_Mastersheet.xlsx	Trip1	156	Trip1	18Dr2	18	18	False	False	Site 18	https://rubalkhali.science/kb/RAK_1000018	Deep	False	core_sites_1_60	True	True	True	True		Measured	PowerSoil	0.003045607979493	True	Both	False		1	True	True	True	True
Sample_Mastersheet.xlsx	Trip1	157	Trip1	18Dr3	18	18	False	False	Site 18	https://rubalkhali.science/kb/RAK_1000018	Deep	False	core_sites_1_60	True	True	True	True		Measured	Pro	0.01283421559799	False		False		0	False	False	False	True
Sample_Mastersheet.xlsx	Trip1	158	Trip1	18Sr1	18	18	False	False	Site 18	https://rubalkhali.science/kb/RAK_1000018	Surface	False	core_sites_1_60	True	True	True	True		Measured	Pro	0	True	Both	False		1	True	True	True	True
Sample_Mastersheet.xlsx	Trip1	159	Trip1	18Sr2	18	18	False	False	Site 18	https://rubalkhali.science/kb/RAK_1000018	Surface	False	core_sites_1_60	True	True	True	True		Measured	Pro	0.00336635163226	True	Both	False		1	True	True	True	True
Sample_Mastersheet.xlsx	Trip1	160	Trip1	18Sr3	18	18	False	False	Site 18	https://rubalkhali.science/kb/RAK_1000018	Surface	False	core_sites_1_60	True	True	True	True		Extracted			False		False		0	False	False	False	True
Sample_Mastersheet.xlsx	Trip1	161	Trip1	18PRr1	18	18	False	False	Site 18	https://rubalkhali.science/kb/RAK_1000018	Rhizosphere	False	core_sites_1_60	True	True	True	True		Measured	Pro	0.075784991121248	True	Both	False		1	True	True	True	True
Sample_Mastersheet.xlsx	Trip1	162	Trip1	18PRr2	18	18	False	False	Site 18	https://rubalkhali.science/kb/RAK_1000018	Rhizosphere	False	core_sites_1_60	True	True	True	True		Measured	Pro	9.11898369844222	True	Both	True	NEBNext	1	True	True	True	True
Sample_Mastersheet.xlsx	Trip1	163	Trip1	18PRr3	18	18	False	False	Site 18	https://rubalkhali.science/kb/RAK_1000018	Rhizosphere	False	core_sites_1_60	True	True	True	True		Extracted			False		False		0	False	False	False	True
Sample_Mastersheet.xlsx	Trip1	164	Trip1	19Dr1	19	19	False	False	Site 19	https://rubalkhali.science/kb/RAK_1000019	Deep	False	core_sites_1_60	True	True	True	True		Extracted			False		False		0	False	False	False	True
Sample_Mastersheet.xlsx	Trip1	165	Trip1	19Dr2	19	19	False	False	Site 19	https://rubalkhali.science/kb/RAK_1000019	Deep	False	core_sites_1_60	True	True	True	True		Measured	PowerSoil	0.002693081305808	True	Both	False		1	True	True	True	True
Sample_Mastersheet.xlsx	Trip1	166	Trip1	19Dr3	19	19	False	False	Site 19	https://rubalkhali.science/kb/RAK_1000019	Deep	False	core_sites_1_60	True	True	True	True		Measured	Pro	0	True	Both	False		1	True	True	True	True
Sample_Mastersheet.xlsx	Trip1	167	Trip1	19Sr1	19	19	False	False	Site 19	https://rubalkhali.science/kb/RAK_1000019	Surface	False	core_sites_1_60	True	True	True	True		Measured	Pro	0	True	Both	False		1	True	True	True	True
Sample_Mastersheet.xlsx	Trip1	168	Trip1	19Sr2	19	19	False	False	Site 19	https://rubalkhali.science/kb/RAK_1000019	Surface	False	core_sites_1_60	True	True	True	True					False		False		0	False	False	False	False
Sample_Mastersheet.xlsx	Trip1	169	Trip1	19Sr3	19	19	False	False	Site 19	https://rubalkhali.science/kb/RAK_1000019	Surface	False	core_sites_1_60	True	True	True	True		Measured	Pro	0.016953506293347	True	Both	False		1	True	True	True	True
Sample_Mastersheet.xlsx	Trip1	170	Trip1	19PRr1	19	19	False	False	Site 19	https://rubalkhali.science/kb/RAK_1000019	Rhizosphere	False	core_sites_1_60	True	True	True	True		Extracted			False		False		0	False	False	False	True
Sample_Mastersheet.xlsx	Trip1	171	Trip1	19PRr2	19	19	False	False	Site 19	https://rubalkhali.science/kb/RAK_1000019	Rhizosphere	False	core_sites_1_60	True	True	True	True		Measured	Pro	4.1109255929446	True	MiSeq	True	NEBNext	0	False	False	False	True
Sample_Mastersheet.xlsx	Trip1	172	Trip1	19PRr3	19	19	False	False	Site 19	https://rubalkhali.science/kb/RAK_1000019	Rhizosphere	False	core_sites_1_60	True	True	True	True		Measured	Pro	1.9163883894169	True	MiSeq	False		0	False	False	False	True
Sample_Mastersheet.xlsx	Trip1	173	Trip1	20Dr1	20	20	False	False	Site 20	https://rubalkhali.science/kb/RAK_1000020	Deep	False	core_sites_1_60	True	True	True	True		Measured	Pro	1.28748180494905	True	Both	False		1	True	True	True	True
Sample_Mastersheet.xlsx	Trip1	174	Trip1	20Dr2	20	20	False	False	Site 20	https://rubalkhali.science/kb/RAK_1000020	Deep	False	core_sites_1_60	True	True	True	True		Measured	Pro	0	True	Both	False		1	True	True	True	True
Sample_Mastersheet.xlsx	Trip1	175	Trip1	20Dr3	20	20	False	False	Site 20	https://rubalkhali.science/kb/RAK_1000020	Deep	False	core_sites_1_60	True	True	True	True		Extracted			False		False		0	False	False	False	True
Sample_Mastersheet.xlsx	Trip1	176	Trip1	20Sr1	20	20	False	False	Site 20	https://rubalkhali.science/kb/RAK_1000020	Surface	False	core_sites_1_60	True	True	True	True		Measured	Pro	0.513014812912064	True	Both	False		1	True	True	True	True
Sample_Mastersheet.xlsx	Trip1	177	Trip1	20Sr2	20	20	False	False	Site 20	https://rubalkhali.science/kb/RAK_1000020	Surface	False	core_sites_1_60	True	True	True	True		Extracted			False		False		0	False	False	False	True
Sample_Mastersheet.xlsx	Trip1	178	Trip1	20Sr3	20	20	False	False	Site 20	https://rubalkhali.science/kb/RAK_1000020	Surface	False	core_sites_1_60	True	True	True	True		Measured	Pro	0	True	Both	False		1	True	True	True	True
Sample_Mastersheet.xlsx	Trip1	179	Trip1	20PRr1	20	20	False	False	Site 20	https://rubalkhali.science/kb/RAK_1000020	Rhizosphere	False	core_sites_1_60	True	True	True	True		Measured	Pro	0	True	Both	False		1	True	True	True	True
Sample_Mastersheet.xlsx	Trip1	180	Trip1	20PRr2	20	20	False	False	Site 20	https://rubalkhali.science/kb/RAK_1000020	Rhizosphere	False	core_sites_1_60	True	True	True	True		Measured	Pro	0.013699803065331	True	NovaSeq	False		1	True	True	True	True
Sample_Mastersheet.xlsx	Trip1	181	Trip1	20PRr3	20	20	False	False	Site 20	https://rubalkhali.science/kb/RAK_1000020	Rhizosphere	False	core_sites_1_60	True	True	True	True		Extracted			True	MiSeq	False		0	False	False	False	True
Sample_Mastersheet.xlsx	Trip1	182	Trip1	21Dr1	21	21	False	False	Site 21	https://rubalkhali.science/kb/RAK_1000021	Deep	False	core_sites_1_60	True	True	True	True					True	Both	False		1	True	True	True	True
Sample_Mastersheet.xlsx	Trip1	183	Trip1	21Dr2	21	21	False	False	Site 21	https://rubalkhali.science/kb/RAK_1000021	Deep	False	core_sites_1_60	True	True	True	True		Extracted			False		False		0	False	False	False	True
Sample_Mastersheet.xlsx	Trip1	184	Trip1	21Dr3	21	21	False	False	Site 21	https://rubalkhali.science/kb/RAK_1000021	Deep	False	core_sites_1_60	True	True	True	True		Extracted			False		False		0	False	False	False	True
Sample_Mastersheet.xlsx	Trip1	185	Trip1	21Sr1	21	21	False	False	Site 21	https://rubalkhali.science/kb/RAK_1000021	Surface	False	core_sites_1_60	True	True	True	True		Measured	Pro	0	True	Both	False		1	True	True	True	True
Sample_Mastersheet.xlsx	Trip1	186	Trip1	21Sr2	21	21	False	False	Site 21	https://rubalkhali.science/kb/RAK_1000021	Surface	False	core_sites_1_60	True	True	True	True					True	Both	False		1	True	True	True	True
Sample_Mastersheet.xlsx	Trip1	187	Trip1	21Sr3	21	21	False	False	Site 21	https://rubalkhali.science/kb/RAK_1000021	Surface	False	core_sites_1_60	True	True	True	True		Extracted	PowerSoil		True	Both	False		1	True	True	True	True
Sample_Mastersheet.xlsx	Trip1	188	Trip1	21PRr1	21	21	False	False	Site 21	https://rubalkhali.science/kb/RAK_1000021	Rhizosphere	False	core_sites_1_60	True	True	True	True					False		False		0	False	False	False	False
Sample_Mastersheet.xlsx	Trip1	189	Trip1	21PRr2	21	21	False	False	Site 21	https://rubalkhali.science/kb/RAK_1000021	Rhizosphere	False	core_sites_1_60	True	True	True	True					False		False		0	False	False	False	False
Sample_Mastersheet.xlsx	Trip1	190	Trip1	21PRr3	21	21	False	False	Site 21	https://rubalkhali.science/kb/RAK_1000021	Rhizosphere	False	core_sites_1_60	True	True	True	True					False		False		0	False	False	False	False
Sample_Mastersheet.xlsx	Trip1	191	Trip1	22Dr1	22	22	False	False	Site 22	https://rubalkhali.science/kb/RAK_1000022	Deep	False	core_sites_1_60	True	True	True	True		Measured	Pro	0.62218511858892	True	Both	False		1	True	True	True	True
Sample_Mastersheet.xlsx	Trip1	192	Trip1	22Dr2	22	22	False	False	Site 22	https://rubalkhali.science/kb/RAK_1000022	Deep	False	core_sites_1_60	True	True	True	True		Measured	Pro	0.033222022433428	True	Both	False		1	True	True	True	True
Sample_Mastersheet.xlsx	Trip1	193	Trip1	22Dr3	22	22	False	False	Site 22	https://rubalkhali.science/kb/RAK_1000022	Deep	False	core_sites_1_60	True	True	True	True		Measured	PowerSoil	0.004187710971803	True	Both	False		1	True	True	True	True
Sample_Mastersheet.xlsx	Trip1	194	Trip1	22Sr1	22	22	False	False	Site 22	https://rubalkhali.science/kb/RAK_1000022	Surface	False	core_sites_1_60	True	True	True	True		Measured	Pro	0	True	Both	False		1	True	True	True	True
Sample_Mastersheet.xlsx	Trip1	195	Trip1	22Sr2	22	22	False	False	Site 22	https://rubalkhali.science/kb/RAK_1000022	Surface	False	core_sites_1_60	True	True	True	True		Extracted			False		False		0	False	False	False	True
Sample_Mastersheet.xlsx	Trip1	196	Trip1	22Sr3	22	22	False	False	Site 22	https://rubalkhali.science/kb/RAK_1000022	Surface	False	core_sites_1_60	True	True	True	True		Measured	Pro	0	True	Both	False		1	True	True	True	True
Sample_Mastersheet.xlsx	Trip1	197	Trip1	22PRr1	22	22	False	False	Site 22	https://rubalkhali.science/kb/RAK_1000022	Rhizosphere	False	core_sites_1_60	True	True	True	True		Measured	Pro	0.069440876787396	True	Both	False		1	True	True	True	True
Sample_Mastersheet.xlsx	Trip1	198	Trip1	22PRr2	22	22	False	False	Site 22	https://rubalkhali.science/kb/RAK_1000022	Rhizosphere	False	core_sites_1_60	True	True	True	True		Extracted			False	Both	False		0	False	False	False	True
Sample_Mastersheet.xlsx	Trip1	199	Trip1	22PRr3	22	22	False	False	Site 22	https://rubalkhali.science/kb/RAK_1000022	Rhizosphere	False	core_sites_1_60	True	True	True	True		Measured	Pro	0.041912835002997	True	MiSeq	False		1	True	True	True	True
Sample_Mastersheet.xlsx	Trip1	200	Trip1	23Dr1	23	23	False	False	Site 23	https://rubalkhali.science/kb/RAK_1000023	Deep	False	core_sites_1_60	True	True	True	True		Measured	Pro	0	True	Both	False		1	True	True	True	True
Sample_Mastersheet.xlsx	Trip1	201	Trip1	23Dr2	23	23	False	False	Site 23	https://rubalkhali.science/kb/RAK_1000023	Deep	False	core_sites_1_60	True	True	True	True		Extracted	PowerSoil		False		False		0	False	False	False	True
Sample_Mastersheet.xlsx	Trip1	202	Trip1	23Dr3	23	23	False	False	Site 23	https://rubalkhali.science/kb/RAK_1000023	Deep	False	core_sites_1_60	True	True	True	True		Extracted	PowerSoil		True	Both	False		1	True	True	True	True
Sample_Mastersheet.xlsx	Trip1	203	Trip1	23Sr1	23	23	False	False	Site 23	https://rubalkhali.science/kb/RAK_1000023	Surface	False	core_sites_1_60	True	True	True	True		Measured	Pro	0	True	Both	False		1	True	True	True	True
Sample_Mastersheet.xlsx	Trip1	204	Trip1	23Sr2	23	23	False	False	Site 23	https://rubalkhali.science/kb/RAK_1000023	Surface	False	core_sites_1_60	True	True	True	True					True	Both	False		1	True	True	True	True
Sample_Mastersheet.xlsx	Trip1	205	Trip1	23Sr3	23	23	False	False	Site 23	https://rubalkhali.science/kb/RAK_1000023	Surface	False	core_sites_1_60	True	True	True	True		Extracted	PowerSoil		True	Both	False		1	True	True	True	True
Sample_Mastersheet.xlsx	Trip1	206	Trip1	23PRr1	23	23	False	False	Site 23	https://rubalkhali.science/kb/RAK_1000023	Rhizosphere	False	core_sites_1_60	True	True	True	True		Extracted	PowerSoil		True	Both	False		1	True	True	True	True
Sample_Mastersheet.xlsx	Trip1	207	Trip1	23PRr2	23	23	False	False	Site 23	https://rubalkhali.science/kb/RAK_1000023	Rhizosphere	False	core_sites_1_60	True	True	True	True		Measured	Pro	1.84489254216971	True	Both	True	NEBNext	1	True	True	True	True
Sample_Mastersheet.xlsx	Trip1	208	Trip1	23PRr3	23	23	False	False	Site 23	https://rubalkhali.science/kb/RAK_1000023	Rhizosphere	False	core_sites_1_60	True	True	True	True					True	Both	False		1	True	True	True	True
Sample_Mastersheet.xlsx	Trip1	209	Trip1	24Dr1	24	24	False	False	Site 24	https://rubalkhali.science/kb/RAK_1000024	Deep	False	core_sites_1_60	True	True	True	True		Measured	Pro	0.001712475383166	True	Both	False		1	True	True	True	True
Sample_Mastersheet.xlsx	Trip1	210	Trip1	24Dr2	24	24	False	False	Site 24	https://rubalkhali.science/kb/RAK_1000024	Deep	False	core_sites_1_60	True	True	True	True		Measured	Pro	0.067343094443017	True	Both	False		1	True	True	True	True
Sample_Mastersheet.xlsx	Trip1	211	Trip1	24Dr3	24	24	False	False	Site 24	https://rubalkhali.science/kb/RAK_1000024	Deep	False	core_sites_1_60	True	True	True	True		Extracted			False		False		0	False	False	False	True
Sample_Mastersheet.xlsx	Trip1	212	Trip1	24Sr1	24	24	False	False	Site 24	https://rubalkhali.science/kb/RAK_1000024	Surface	False	core_sites_1_60	True	True	True	True					True	Both	False		1	True	True	True	True
Sample_Mastersheet.xlsx	Trip1	213	Trip1	24Sr2	24	24	False	False	Site 24	https://rubalkhali.science/kb/RAK_1000024	Surface	False	core_sites_1_60	True	True	True	True		Extracted	PowerSoil		True	Both	False		1	True	True	True	True
Sample_Mastersheet.xlsx	Trip1	214	Trip1	24Sr3	24	24	False	False	Site 24	https://rubalkhali.science/kb/RAK_1000024	Surface	False	core_sites_1_60	True	True	True	True		Measured	Pro	0.0673431	False		False		0	False	False	False	True
Sample_Mastersheet.xlsx	Trip1	215	Trip1	24PRr1	24	24	False	False	Site 24	https://rubalkhali.science/kb/RAK_1000024	Rhizosphere	False	core_sites_1_60	True	True	True	True		Measured	PowerSoil	9.12847846562206	False		False		0	False	False	False	True
Sample_Mastersheet.xlsx	Trip1	216	Trip1	24PRr2	24	24	False	False	Site 24	https://rubalkhali.science/kb/RAK_1000024	Rhizosphere	False	core_sites_1_60	True	True	True	True					True	Both	True	NEBNext	1	True	True	False	True
Sample_Mastersheet.xlsx	Trip1	217	Trip1	24PRr3	24	24	False	False	Site 24	https://rubalkhali.science/kb/RAK_1000024	Rhizosphere	False	core_sites_1_60	True	True	True	True		Measured	PowerSoil	0.079030738933128	True	MiSeq	False		0	False	False	False	True
Sample_Mastersheet.xlsx	Trip1	218	Trip1	25Dr1	25	25	False	False	Site 25	https://rubalkhali.science/kb/RAK_1000025	Deep	False	core_sites_1_60	True	True	True	True		Measured	Pro	0.007063960955561	True	Both	False		1	True	True	True	True
Sample_Mastersheet.xlsx	Trip1	219	Trip1	25Dr2	25	25	False	False	Site 25	https://rubalkhali.science/kb/RAK_1000025	Deep	False	core_sites_1_60	True	True	True	True		Extracted			False		False		0	False	False	False	True
Sample_Mastersheet.xlsx	Trip1	220	Trip1	25Dr3	25	25	False	False	Site 25	https://rubalkhali.science/kb/RAK_1000025	Deep	False	core_sites_1_60	True	True	True	True		Measured	Pro	0.004538059765391	True	Both	False		1	True	True	True	True
Sample_Mastersheet.xlsx	Trip1	221	Trip1	25Sr1	25	25	False	False	Site 25	https://rubalkhali.science/kb/RAK_1000025	Surface	False	core_sites_1_60	True	True	True	True		Measured	Pro	0	True	Both	False		1	True	True	True	True
Sample_Mastersheet.xlsx	Trip1	222	Trip1	25Sr2	25	25	False	False	Site 25	https://rubalkhali.science/kb/RAK_1000025	Surface	False	core_sites_1_60	True	True	True	True		Measured	Pro	0	True	Both	False		1	True	True	True	True
Sample_Mastersheet.xlsx	Trip1	223	Trip1	25Sr3	25	25	False	False	Site 25	https://rubalkhali.science/kb/RAK_1000025	Surface	False	core_sites_1_60	True	True	True	True		Extracted			False		False		0	False	False	False	True
Sample_Mastersheet.xlsx	Trip1	224	Trip1	25PRr1	25	25	False	False	Site 25	https://rubalkhali.science/kb/RAK_1000025	Rhizosphere	False	core_sites_1_60	True	True	True	True					False		False		0	False	False	False	False
Sample_Mastersheet.xlsx	Trip1	225	Trip1	25PRr2	25	25	False	False	Site 25	https://rubalkhali.science/kb/RAK_1000025	Rhizosphere	False	core_sites_1_60	True	True	True	True		Measured	Pro	0.720224334275195	True	Both	True	NEBNext	1	True	True	True	True
Sample_Mastersheet.xlsx	Trip1	226	Trip1	25PRr3	25	25	False	False	Site 25	https://rubalkhali.science/kb/RAK_1000025	Rhizosphere	False	core_sites_1_60	True	True	True	True		Extracted			False		False		0	False	False	False	True
Sample_Mastersheet.xlsx	Trip1	227	Trip1	26Dr1	26	26	False	False	Site 26	https://rubalkhali.science/kb/RAK_1000026	Deep	False	core_sites_1_60	True	True	True	True		Measured	Pro	0	True	Both	False		1	True	True	True	True
Sample_Mastersheet.xlsx	Trip1	228	Trip1	26Dr2	26	26	False	False	Site 26	https://rubalkhali.science/kb/RAK_1000026	Deep	False	core_sites_1_60	True	True	True	True		Measured	Pro	0	True	Both	False		1	True	True	True	True
Sample_Mastersheet.xlsx	Trip1	229	Trip1	26Dr3	26	26	False	False	Site 26	https://rubalkhali.science/kb/RAK_1000026	Deep	False	core_sites_1_60	True	True	True	True		Measured	PowerSoil	0	True	Both	False		1	True	True	True	True
Sample_Mastersheet.xlsx	Trip1	230	Trip1	26Sr1	26	26	False	False	Site 26	https://rubalkhali.science/kb/RAK_1000026	Surface	False	core_sites_1_60	True	True	True	True		Measured	PowerSoil	0.012245882084211	True	Both	False		1	True	True	True	True
Sample_Mastersheet.xlsx	Trip1	231	Trip1	26Sr2	26	26	False	False	Site 26	https://rubalkhali.science/kb/RAK_1000026	Surface	False	core_sites_1_60	True	True	True	True		Measured	Pro	0.004152752804178	True	Both	False		1	True	True	True	True
Sample_Mastersheet.xlsx	Trip1	232	Trip1	26Sr3	26	26	False	False	Site 26	https://rubalkhali.science/kb/RAK_1000026	Surface	False	core_sites_1_60	True	True	True	True		Measured	Pro	0	True	Both	False		1	True	True	True	True
Sample_Mastersheet.xlsx	Trip1	233	Trip1	26PRr1	26	26	False	False	Site 26	https://rubalkhali.science/kb/RAK_1000026	Rhizosphere	False	core_sites_1_60	True	True	True	True		Extracted			False		False		0	False	False	False	True
Sample_Mastersheet.xlsx	Trip1	234	Trip1	26PRr2	26	26	False	False	Site 26	https://rubalkhali.science/kb/RAK_1000026	Rhizosphere	False	core_sites_1_60	True	True	True	True		Measured	Pro	0.011559208836373	True	Both	False		1	True	True	True	True
Sample_Mastersheet.xlsx	Trip1	235	Trip1	26PRr3	26	26	False	False	Site 26	https://rubalkhali.science/kb/RAK_1000026	Rhizosphere	False	core_sites_1_60	True	True	True	True		Measured	Pro	0	True	Both	False		1	True	True	True	True
Sample_Mastersheet.xlsx	Trip1	236	Trip1	27Dr1	27	27	False	False	Site 27	https://rubalkhali.science/kb/RAK_1000027	Deep	False	core_sites_1_60	True	True	True	True		Measured	Pro	0	True	Both	False		1	True	True	True	True
Sample_Mastersheet.xlsx	Trip1	237	Trip1	27Dr2	27	27	False	False	Site 27	https://rubalkhali.science/kb/RAK_1000027	Deep	False	core_sites_1_60	True	True	True	True		Measured	PowerSoil	0.120364965356209	True	Both	False		1	True	True	True	True
Sample_Mastersheet.xlsx	Trip1	238	Trip1	27Dr3	27	27	False	False	Site 27	https://rubalkhali.science/kb/RAK_1000027	Deep	False	core_sites_1_60	True	True	True	True		Measured	Pro	0.057796044181865	True	Both	False		1	True	True	True	True
Sample_Mastersheet.xlsx	Trip1	239	Trip1	27Sr1	27	27	False	False	Site 27	https://rubalkhali.science/kb/RAK_1000027	Surface	False	core_sites_1_60	True	True	True	True		Extracted			False		False		0	False	False	False	True
Sample_Mastersheet.xlsx	Trip1	240	Trip1	27Sr2	27	27	False	False	Site 27	https://rubalkhali.science/kb/RAK_1000027	Surface	False	core_sites_1_60	True	True	True	True		Measured	Pro	0	True	Both	False		1	True	True	True	True
Sample_Mastersheet.xlsx	Trip1	241	Trip1	27Sr3	27	27	False	False	Site 27	https://rubalkhali.science/kb/RAK_1000027	Surface	False	core_sites_1_60	True	True	True	True		Measured	Pro	0	True	Both	False		1	True	True	True	True
Sample_Mastersheet.xlsx	Trip1	242	Trip1	27PRr1	27	27	False	False	Site 27	https://rubalkhali.science/kb/RAK_1000027	Rhizosphere	False	core_sites_1_60	True	True	True	True					True	Both	True	NEBNext	1	True	True	True	True
Sample_Mastersheet.xlsx	Trip1	243	Trip1	27PRr2	27	27	False	False	Site 27	https://rubalkhali.science/kb/RAK_1000027	Rhizosphere	False	core_sites_1_60	True	True	True	True		Measured	Pro	0.141707337957017	True	Both	False		1	True	True	True	True
Sample_Mastersheet.xlsx	Trip1	244	Trip1	27PRr3	27	27	False	False	Site 27	https://rubalkhali.science/kb/RAK_1000027	Rhizosphere	False	core_sites_1_60	True	True	True	True		Extracted			False		False		0	False	False	False	True
Sample_Mastersheet.xlsx	Trip1	245	Trip1	28Dr1	28	28	False	False	Site 28	https://rubalkhali.science/kb/RAK_1000028	Deep	False	core_sites_1_60	True	True	True	True		Measured	Pro	0	True	Both	False		1	True	True	True	True
Sample_Mastersheet.xlsx	Trip1	246	Trip1	28Dr2	28	28	False	False	Site 28	https://rubalkhali.science/kb/RAK_1000028	Deep	False	core_sites_1_60	True	True	True	True					False		False		0	False	False	False	False
Sample_Mastersheet.xlsx	Trip1	247	Trip1	28Dr3	28	28	False	False	Site 28	https://rubalkhali.science/kb/RAK_1000028	Deep	False	core_sites_1_60	True	True	True	True		Measured	Pro	0	True	Both	False		1	True	True	True	True
Sample_Mastersheet.xlsx	Trip1	248	Trip1	28Sr1	28	28	False	False	Site 28	https://rubalkhali.science/kb/RAK_1000028	Surface	False	core_sites_1_60	True	True	True	True		Extracted	PowerSoil		True	Both	False		1	True	True	True	True
Sample_Mastersheet.xlsx	Trip1	249	Trip1	28Sr2	28	28	False	False	Site 28	https://rubalkhali.science/kb/RAK_1000028	Surface	False	core_sites_1_60	True	True	True	True		Measured	Pro	0	True	Both	False		1	True	True	True	True
Sample_Mastersheet.xlsx	Trip1	250	Trip1	28Sr3	28	28	False	False	Site 28	https://rubalkhali.science/kb/RAK_1000028	Surface	False	core_sites_1_60	True	True	True	True					True	Both	False		1	True	True	True	True
Sample_Mastersheet.xlsx	Trip1	251	Trip1	28PRr1	28	28	False	False	Site 28	https://rubalkhali.science/kb/RAK_1000028	Rhizosphere	False	core_sites_1_60	True	True	True	True		Extracted	PowerSoil		True	Both	False		1	True	True	True	True
Sample_Mastersheet.xlsx	Trip1	252	Trip1	28PRr2	28	28	False	False	Site 28	https://rubalkhali.science/kb/RAK_1000028	Rhizosphere	False	core_sites_1_60	True	True	True	True		Measured	PowerSoil	0	True	MiSeq	False		0	False	False	False	True
Sample_Mastersheet.xlsx	Trip1	253	Trip1	28PRr3	28	28	False	False	Site 28	https://rubalkhali.science/kb/RAK_1000028	Rhizosphere	False	core_sites_1_60	True	True	True	True		Measured	Pro	0.0288552	True	Both	False		1	True	True	True	True
Sample_Mastersheet.xlsx	Trip1	254	Trip1	29Dr1	29	29	False	False	Site 29	https://rubalkhali.science/kb/RAK_1000029	Deep	False	core_sites_1_60	True	True	True	True		Measured	Pro	0	True	Both	False		1	True	True	True	True
Sample_Mastersheet.xlsx	Trip1	255	Trip1	29Dr2	29	29	False	False	Site 29	https://rubalkhali.science/kb/RAK_1000029	Deep	False	core_sites_1_60	True	True	True	True		Measured	Pro	0	True	Both	False		1	True	True	True	True
Sample_Mastersheet.xlsx	Trip1	256	Trip1	29Dr3	29	29	False	False	Site 29	https://rubalkhali.science/kb/RAK_1000029	Deep	False	core_sites_1_60	True	True	True	True		Measured	PowerSoil	0	True	Both	False		1	True	True	True	True
Sample_Mastersheet.xlsx	Trip1	257	Trip1	29Sr1	29	29	False	False	Site 29	https://rubalkhali.science/kb/RAK_1000029	Surface	False	core_sites_1_60	True	True	True	True		Measured	Pro	0	True	Both	False		1	True	True	True	True
Sample_Mastersheet.xlsx	Trip1	258	Trip1	29Sr2	29	29	False	False	Site 29	https://rubalkhali.science/kb/RAK_1000029	Surface	False	core_sites_1_60	True	True	True	True		Measured	Pro	0	True	Both	False		1	True	True	True	True
Sample_Mastersheet.xlsx	Trip1	259	Trip1	29Sr3	29	29	False	False	Site 29	https://rubalkhali.science/kb/RAK_1000029	Surface	False	core_sites_1_60	True	True	True	True		Extracted			False		False		0	False	False	False	True
Sample_Mastersheet.xlsx	Trip1	260	Trip1	29PRr1	29	29	False	False	Site 29	https://rubalkhali.science/kb/RAK_1000029	Rhizosphere	False	core_sites_1_60	True	True	True	True					True	Both	False		1	True	True	True	True
Sample_Mastersheet.xlsx	Trip1	261	Trip1	29PRr2	29	29	False	False	Site 29	https://rubalkhali.science/kb/RAK_1000029	Rhizosphere	False	core_sites_1_60	True	True	True	True		Measured	Pro	0	True	Both	False		1	True	True	True	True
Sample_Mastersheet.xlsx	Trip1	262	Trip1	29PRr3	29	29	False	False	Site 29	https://rubalkhali.science/kb/RAK_1000029	Rhizosphere	False	core_sites_1_60	True	True	True	True		Measured	Pro	0.022334458516281	True	Both	False		1	True	True	True	True
Sample_Mastersheet.xlsx	Trip1	263	Trip1	30Dr1	30	30	False	False	Site 30	https://rubalkhali.science/kb/RAK_1000030	Deep	False	core_sites_1_60	True	True	True	True		Measured	Pro	0	True	Both	False		1	True	True	True	True
Sample_Mastersheet.xlsx	Trip1	264	Trip1	30Dr2	30	30	False	False	Site 30	https://rubalkhali.science/kb/RAK_1000030	Deep	False	core_sites_1_60	True	True	True	True		Extracted			False		False		0	False	False	False	True
Sample_Mastersheet.xlsx	Trip1	265	Trip1	30Dr3	30	30	False	False	Site 30	https://rubalkhali.science/kb/RAK_1000030	Deep	False	core_sites_1_60	True	True	True	True		Measured	Pro	0	False		False		0	False	False	False	True
Sample_Mastersheet.xlsx	Trip1	266	Trip1	30Sr1	30	30	False	False	Site 30	https://rubalkhali.science/kb/RAK_1000030	Surface	False	core_sites_1_60	True	True	True	True		Measured	Pro	0	True	Both	False		1	True	True	True	True
Sample_Mastersheet.xlsx	Trip1	267	Trip1	30Sr2	30	30	False	False	Site 30	https://rubalkhali.science/kb/RAK_1000030	Surface	False	core_sites_1_60	True	True	True	True		Measured	PowerSoil	0.012943833912845	True	Both	False		1	True	True	True	True
Sample_Mastersheet.xlsx	Trip1	268	Trip1	30Sr3	30	30	False	False	Site 30	https://rubalkhali.science/kb/RAK_1000030	Surface	False	core_sites_1_60	True	True	True	True					True	Both	False		1	True	True	True	True
Sample_Mastersheet.xlsx	Trip1	269	Trip1	30PRr1	30	30	False	False	Site 30	https://rubalkhali.science/kb/RAK_1000030	Rhizosphere	False	core_sites_1_60	True	True	True	True		Measured	Pro	0.2375631	True	Both	False		1	True	True	True	True
Sample_Mastersheet.xlsx	Trip1	270	Trip1	30PRr2	30	30	False	False	Site 30	https://rubalkhali.science/kb/RAK_1000030	Rhizosphere	False	core_sites_1_60	True	True	True	True		Extracted			False		False		0	False	False	False	True
Sample_Mastersheet.xlsx	Trip1	271	Trip1	30PRr3	30	30	False	False	Site 30	https://rubalkhali.science/kb/RAK_1000030	Rhizosphere	False	core_sites_1_60	True	True	True	True		Measured	Pro	0.635028683962668	True	Both	True	NEBNext	1	True	True	True	True
Sample_Mastersheet.xlsx	Trip1	272	Trip1	31Dr1	31	31	False	False	Site 31	https://rubalkhali.science/kb/RAK_1000031	Deep	False	core_sites_1_60	True	True	True	True		Extracted			False		False		0	False	False	False	True
Sample_Mastersheet.xlsx	Trip1	273	Trip1	31Dr2	31	31	False	False	Site 31	https://rubalkhali.science/kb/RAK_1000031	Deep	False	core_sites_1_60	True	True	True	True		Measured	Pro	0	True	Both	False		1	True	True	True	True
Sample_Mastersheet.xlsx	Trip1	274	Trip1	31Dr3	31	31	False	False	Site 31	https://rubalkhali.science/kb/RAK_1000031	Deep	False	core_sites_1_60	True	True	True	True		Measured	Pro	0	True	MiSeq	False		0	False	False	False	True
Sample_Mastersheet.xlsx	Trip1	275	Trip1	31Sr1	31	31	False	False	Site 31	https://rubalkhali.science/kb/RAK_1000031	Surface	False	core_sites_1_60	True	True	True	True		Extracted			False		False		0	False	False	False	True
Sample_Mastersheet.xlsx	Trip1	276	Trip1	31Sr2	31	31	False	False	Site 31	https://rubalkhali.science/kb/RAK_1000031	Surface	False	core_sites_1_60	True	True	True	True		Measured	Pro	0.011302337528898	True	Both	False		1	True	True	True	True
Sample_Mastersheet.xlsx	Trip1	277	Trip1	31Sr3	31	31	False	False	Site 31	https://rubalkhali.science/kb/RAK_1000031	Surface	False	core_sites_1_60	True	True	True	True		Extracted	PowerSoil		True	Both	False		1	True	True	True	True
Sample_Mastersheet.xlsx	Trip1	278	Trip1	31PRr1	31	31	False	False	Site 31	https://rubalkhali.science/kb/RAK_1000031	Rhizosphere	False	core_sites_1_60	True	True	True	True					False		False		0	False	False	False	False
Sample_Mastersheet.xlsx	Trip1	279	Trip1	31PRr2	31	31	False	False	Site 31	https://rubalkhali.science/kb/RAK_1000031	Rhizosphere	False	core_sites_1_60	True	True	True	True		Measured	Pro	0.713374432742529	True	Both	False		1	True	True	True	True
Sample_Mastersheet.xlsx	Trip1	280	Trip1	31PRr3	31	31	False	False	Site 31	https://rubalkhali.science/kb/RAK_1000031	Rhizosphere	False	core_sites_1_60	True	True	True	True		Measured	Pro	1.13592773353883	True	Both	True	NEBNext	1	True	True	True	True
Sample_Mastersheet.xlsx	Trip1	281	Trip1	32Dr1	32	32	False	False	Site 32	https://rubalkhali.science/kb/RAK_1000032	Deep	False	core_sites_1_60	True	True	True	True		Measured	Pro	0	True	MiSeq	False		0	False	False	False	True
Sample_Mastersheet.xlsx	Trip1	282	Trip1	32Dr2	32	32	False	False	Site 32	https://rubalkhali.science/kb/RAK_1000032	Deep	False	core_sites_1_60	True	True	True	True		Extracted			False		False		0	False	False	False	True
Sample_Mastersheet.xlsx	Trip1	283	Trip1	32Dr3	32	32	False	False	Site 32	https://rubalkhali.science/kb/RAK_1000032	Deep	False	core_sites_1_60	True	True	True	True					True	Both	False		1	True	True	False	True
Sample_Mastersheet.xlsx	Trip1	284	Trip1	32Sr1	32	32	False	False	Site 32	https://rubalkhali.science/kb/RAK_1000032	Surface	False	core_sites_1_60	True	True	True	True		Measured	Pro	0	True	MiSeq	False		0	False	False	False	True
Sample_Mastersheet.xlsx	Trip1	285	Trip1	32Sr2	32	32	False	False	Site 32	https://rubalkhali.science/kb/RAK_1000032	Surface	False	core_sites_1_60	True	True	True	True					False		False		0	False	False	False	False
Sample_Mastersheet.xlsx	Trip1	286	Trip1	32Sr3	32	32	False	False	Site 32	https://rubalkhali.science/kb/RAK_1000032	Surface	False	core_sites_1_60	True	True	True	True		Measured	Pro	0	False		False		0	False	False	False	True
Sample_Mastersheet.xlsx	Trip1	287	Trip1	32PRr1	32	32	False	False	Site 32	https://rubalkhali.science/kb/RAK_1000032	Rhizosphere	False	core_sites_1_60	True	True	True	True		Measured	PowerSoil	0	True	Both	False		1	True	True	True	True
Sample_Mastersheet.xlsx	Trip1	288	Trip1	32PRr2	32	32	False	False	Site 32	https://rubalkhali.science/kb/RAK_1000032	Rhizosphere	False	core_sites_1_60	True	True	True	True		Measured	PowerSoil	0	True	Both	False		1	True	True	True	True
Sample_Mastersheet.xlsx	Trip1	289	Trip1	32PRr3	32	32	False	False	Site 32	https://rubalkhali.science/kb/RAK_1000032	Rhizosphere	False	core_sites_1_60	True	True	True	True		Measured	Pro	0	True	Both	False		1	True	True	True	True
Sample_Mastersheet.xlsx	Trip1	290	Trip1	33Dr1	33	33	False	False	Site 33	https://rubalkhali.science/kb/RAK_1000033	Deep	False	core_sites_1_60	True	True	True	True		Measured	Pro	0	True	Both	False		1	True	True	True	True
Sample_Mastersheet.xlsx	Trip1	291	Trip1	33Dr2	33	33	False	False	Site 33	https://rubalkhali.science/kb/RAK_1000033	Deep	False	core_sites_1_60	True	True	True	True		Measured	PowerSoil	0.00560835687987	True	Both	False		1	True	True	True	True
Sample_Mastersheet.xlsx	Trip1	292	Trip1	33Dr3	33	33	False	False	Site 33	https://rubalkhali.science/kb/RAK_1000033	Deep	False	core_sites_1_60	True	True	True	True					True	Both	False		1	True	True	True	True
Sample_Mastersheet.xlsx	Trip1	293	Trip1	33Sr1	33	33	False	False	Site 33	https://rubalkhali.science/kb/RAK_1000033	Surface	False	core_sites_1_60	True	True	True	True		Measured	Pro	0	True	Both	False		1	True	True	True	True
Sample_Mastersheet.xlsx	Trip1	294	Trip1	33Sr2	33	33	False	False	Site 33	https://rubalkhali.science/kb/RAK_1000033	Surface	False	core_sites_1_60	True	True	True	True		Measured	Pro	0	True	Both	False		1	True	True	True	True
Sample_Mastersheet.xlsx	Trip1	295	Trip1	33Sr3	33	33	False	False	Site 33	https://rubalkhali.science/kb/RAK_1000033	Surface	False	core_sites_1_60	True	True	True	True		Extracted			False		False		0	False	False	False	True
Sample_Mastersheet.xlsx	Trip1	296	Trip1	33PRr1	33	33	False	False	Site 33	https://rubalkhali.science/kb/RAK_1000033	Rhizosphere	False	core_sites_1_60	True	True	True	True		Measured	Pro	0.016182892370922	True	Both	False		1	True	True	True	True
Sample_Mastersheet.xlsx	Trip1	297	Trip1	33PRr2	33	33	False	False	Site 33	https://rubalkhali.science/kb/RAK_1000033	Rhizosphere	False	core_sites_1_60	True	True	True	True		Measured	Pro	0	True	Both	False		1	True	True	True	True
Sample_Mastersheet.xlsx	Trip1	298	Trip1	33PRr3	33	33	False	False	Site 33	https://rubalkhali.science/kb/RAK_1000033	Rhizosphere	False	core_sites_1_60	True	True	True	True		Extracted			False		False		0	False	False	False	True
Sample_Mastersheet.xlsx	Trip1	299	Trip1	34Dr1	34	34	False	False	Site 34	https://rubalkhali.science/kb/RAK_1000034	Deep	False	core_sites_1_60	True	True	True	True		Extracted			False		False		0	False	False	False	True
Sample_Mastersheet.xlsx	Trip1	300	Trip1	34Dr2	34	34	False	False	Site 34	https://rubalkhali.science/kb/RAK_1000034	Deep	False	core_sites_1_60	True	True	True	True		Measured	Pro	0	True	Both	False		1	True	True	True	True
Sample_Mastersheet.xlsx	Trip1	301	Trip1	34Dr3	34	34	False	False	Site 34	https://rubalkhali.science/kb/RAK_1000034	Deep	False	core_sites_1_60	True	True	True	True		Measured	Pro	0.019950338213888	True	Both	False		1	True	True	True	True
Sample_Mastersheet.xlsx	Trip1	302	Trip1	34Sr1	34	34	False	False	Site 34	https://rubalkhali.science/kb/RAK_1000034	Surface	False	core_sites_1_60	True	True	True	True		Measured	Pro	0	True	Both	False		1	True	True	True	True
Sample_Mastersheet.xlsx	Trip1	303	Trip1	34Sr2	34	34	False	False	Site 34	https://rubalkhali.science/kb/RAK_1000034	Surface	False	core_sites_1_60	True	True	True	True					False		False		0	False	False	False	False
Sample_Mastersheet.xlsx	Trip1	304	Trip1	34Sr3	34	34	False	False	Site 34	https://rubalkhali.science/kb/RAK_1000034	Surface	False	core_sites_1_60	True	True	True	True		Measured	Pro	0	True	Both	False		1	True	True	True	True
Sample_Mastersheet.xlsx	Trip1	305	Trip1	34PRr1	34	34	False	False	Site 34	https://rubalkhali.science/kb/RAK_1000034	Rhizosphere	False	core_sites_1_60	True	True	True	True		Measured		0.979664354824899	True	Both	True	NEBNext	1	True	True	True	True
Sample_Mastersheet.xlsx	Trip1	306	Trip1	34PRr2	34	34	False	False	Site 34	https://rubalkhali.science/kb/RAK_1000034	Rhizosphere	False	core_sites_1_60	True	True	True	True		Extracted			False		False		0	False	False	False	True
Sample_Mastersheet.xlsx	Trip1	307	Trip1	34PRr3	34	34	False	False	Site 34	https://rubalkhali.science/kb/RAK_1000034	Rhizosphere	False	core_sites_1_60	True	True	True	True		Measured	Pro	0.833247709564175	True	Both	False		1	True	True	True	True
Sample_Mastersheet.xlsx	Trip1	308	Trip1	35Dr1	35	35	False	False	Site 35	https://rubalkhali.science/kb/RAK_1000035	Deep	False	core_sites_1_60	True	True	True	True		Extracted			False		False		0	False	False	False	True
Sample_Mastersheet.xlsx	Trip1	309	Trip1	35Dr2	35	35	False	False	Site 35	https://rubalkhali.science/kb/RAK_1000035	Deep	False	core_sites_1_60	True	True	True	True		Measured	Pro	0	True	Both	False		1	True	True	True	True
Sample_Mastersheet.xlsx	Trip1	310	Trip1	35Dr3	35	35	False	False	Site 35	https://rubalkhali.science/kb/RAK_1000035	Deep	False	core_sites_1_60	True	True	True	True		Measured	Pro	0.000899049576162	True	Both	False		1	True	True	True	True
Sample_Mastersheet.xlsx	Trip1	311	Trip1	35Sr1	35	35	False	False	Site 35	https://rubalkhali.science/kb/RAK_1000035	Surface	False	core_sites_1_60	True	True	True	True		Measured	Pro	0	True	Both	False		1	True	True	True	True
Sample_Mastersheet.xlsx	Trip1	312	Trip1	35Sr2	35	35	False	False	Site 35	https://rubalkhali.science/kb/RAK_1000035	Surface	False	core_sites_1_60	True	True	True	True		Measured	Pro	0.024507866234485	True	Both	False		1	True	True	True	True
Sample_Mastersheet.xlsx	Trip1	313	Trip1	35Sr3	35	35	False	False	Site 35	https://rubalkhali.science/kb/RAK_1000035	Surface	False	core_sites_1_60	True	True	True	True		Extracted			False		False		0	False	False	False	True
Sample_Mastersheet.xlsx	Trip1	314	Trip1	35PRr1	35	35	False	False	Site 35	https://rubalkhali.science/kb/RAK_1000035	Rhizosphere	False	core_sites_1_60	True	True	True	True		Measured		0.014111787493083	True	Both	False		1	True	True	True	True
Sample_Mastersheet.xlsx	Trip1	315	Trip1	35PRr2	35	35	False	False	Site 35	https://rubalkhali.science/kb/RAK_1000035	Rhizosphere	False	core_sites_1_60	True	True	True	True		Measured		0.096134081745593	False		False		0	False	False	False	True
Sample_Mastersheet.xlsx	Trip1	316	Trip1	35PRr3	35	35	False	False	Site 35	https://rubalkhali.science/kb/RAK_1000035	Rhizosphere	False	core_sites_1_60	True	True	True	True		Extracted	PowerSoil		True	Both	False		1	True	True	True	True
Sample_Mastersheet.xlsx	Trip1	317	Trip1	36Dr1	36	36	False	False	Site 36	https://rubalkhali.science/kb/RAK_1000036	Deep	False	core_sites_1_60	True	True	True	True		Extracted			False		False		0	False	False	False	True
Sample_Mastersheet.xlsx	Trip1	318	Trip1	36Dr2	36	36	False	False	Site 36	https://rubalkhali.science/kb/RAK_1000036	Deep	False	core_sites_1_60	True	True	True	True		Measured	Pro	0.195311882362242	True	Both	False		1	True	True	True	True
Sample_Mastersheet.xlsx	Trip1	319	Trip1	36Dr3	36	36	False	False	Site 36	https://rubalkhali.science/kb/RAK_1000036	Deep	False	core_sites_1_60	True	True	True	True		Measured	Pro	0.024468337417978	True	Both	False		1	True	True	True	True
Sample_Mastersheet.xlsx	Trip1	320	Trip1	36Sr1	36	36	False	False	Site 36	https://rubalkhali.science/kb/RAK_1000036	Surface	False	core_sites_1_60	True	True	True	True		Measured	PowerSoil	0.015653411336865	True	Both	False		1	True	True	True	True
Sample_Mastersheet.xlsx	Trip1	321	Trip1	36Sr2	36	36	False	False	Site 36	https://rubalkhali.science/kb/RAK_1000036	Surface	False	core_sites_1_60	True	True	True	True		Measured	PowerSoil	0.070620035024492	True	Both	False		1	True	True	True	True
Sample_Mastersheet.xlsx	Trip1	322	Trip1	36Sr3	36	36	False	False	Site 36	https://rubalkhali.science/kb/RAK_1000036	Surface	False	core_sites_1_60	True	True	True	True		Measured	Pro	0.001185864495217	True	Both	False		1	True	True	True	True
Sample_Mastersheet.xlsx	Trip1	323	Trip1	36PRr1	36	36	False	False	Site 36	https://rubalkhali.science/kb/RAK_1000036	Rhizosphere	False	core_sites_1_60	True	True	True	True		Measured	Pro	0.153490394497589	False		True	NEBNext	0	False	False	False	True
Sample_Mastersheet.xlsx	Trip1	324	Trip1	36PRr2	36	36	False	False	Site 36	https://rubalkhali.science/kb/RAK_1000036	Rhizosphere	False	core_sites_1_60	True	True	True	True		Measured	Pro	0.0152976519883	False		False		0	False	False	False	True
Sample_Mastersheet.xlsx	Trip1	325	Trip1	36PRr3	36	36	False	False	Site 36	https://rubalkhali.science/kb/RAK_1000036	Rhizosphere	False	core_sites_1_60	True	True	True	True		Extracted			False		False		0	False	False	False	True
Sample_Mastersheet.xlsx	Trip1	326	Trip1	37Dr1	37	37	False	False	Site 37	https://rubalkhali.science/kb/RAK_1000037	Deep	False	core_sites_1_60	True	True	True	True		Extracted			False		False		0	False	False	False	True
Sample_Mastersheet.xlsx	Trip1	327	Trip1	37Dr2	37	37	False	False	Site 37	https://rubalkhali.science/kb/RAK_1000037	Deep	False	core_sites_1_60	True	True	True	True		Measured	Pro	0.022966242390703	True	Both	False		1	True	True	True	True
Sample_Mastersheet.xlsx	Trip1	328	Trip1	37Dr3	37	37	False	False	Site 37	https://rubalkhali.science/kb/RAK_1000037	Deep	False	core_sites_1_60	True	True	True	True		Measured	Pro	0.001818325559333	True	Both	False		1	True	True	True	True
Sample_Mastersheet.xlsx	Trip1	329	Trip1	37Sr1	37	37	False	False	Site 37	https://rubalkhali.science/kb/RAK_1000037	Surface	False	core_sites_1_60	True	True	True	True		Measured	Pro	0.005099217329433	True	Both	False		1	True	True	True	True
Sample_Mastersheet.xlsx	Trip1	330	Trip1	37Sr2	37	37	False	False	Site 37	https://rubalkhali.science/kb/RAK_1000037	Surface	False	core_sites_1_60	True	True	True	True		Measured	Pro	0.021898964345008	True	Both	False		1	True	True	True	True
Sample_Mastersheet.xlsx	Trip1	331	Trip1	37Sr3	37	37	False	False	Site 37	https://rubalkhali.science/kb/RAK_1000037	Surface	False	core_sites_1_60	True	True	True	True		Extracted			False		False		0	False	False	False	True
Sample_Mastersheet.xlsx	Trip1	332	Trip1	37PRr1	37	37	False	False	Site 37	https://rubalkhali.science/kb/RAK_1000037	Rhizosphere	False	core_sites_1_60	True	True	True	True		Extracted			False		False		0	False	False	False	True
Sample_Mastersheet.xlsx	Trip1	333	Trip1	37PRr2	37	37	False	False	Site 37	https://rubalkhali.science/kb/RAK_1000037	Rhizosphere	False	core_sites_1_60	True	True	True	True		Measured	Pro	1.2753972646059	True	Both	True	NEBNext	1	True	True	True	True
Sample_Mastersheet.xlsx	Trip1	334	Trip1	37PRr3	37	37	False	False	Site 37	https://rubalkhali.science/kb/RAK_1000037	Rhizosphere	False	core_sites_1_60	True	True	True	True		Measured	Pro	0.425132421535299	True	Both	False		1	True	True	True	True
Sample_Mastersheet.xlsx	Trip1	335	Trip1	38Dr1	38	38	False	False	Site 38	https://rubalkhali.science/kb/RAK_1000038	Deep	False	core_sites_1_60	True	True	True	True		Extracted			False		False		0	False	False	False	True
Sample_Mastersheet.xlsx	Trip1	336	Trip1	38Dr2	38	38	False	False	Site 38	https://rubalkhali.science/kb/RAK_1000038	Deep	False	core_sites_1_60	True	True	True	True					True	Both	False		1	True	True	True	True
Sample_Mastersheet.xlsx	Trip1	337	Trip1	38Dr3	38	38	False	False	Site 38	https://rubalkhali.science/kb/RAK_1000038	Deep	False	core_sites_1_60	True	True	True	True			Pro	0.005454976677998	True	Both	False		1	True	True	True	True
Sample_Mastersheet.xlsx	Trip1	338	Trip1	38Sr1	38	38	False	False	Site 38	https://rubalkhali.science/kb/RAK_1000038	Surface	False	core_sites_1_60	True	True	True	True		Extracted	PowerSoil		False		False		0	False	False	False	True
Sample_Mastersheet.xlsx	Trip1	339	Trip1	38Sr2	38	38	False	False	Site 38	https://rubalkhali.science/kb/RAK_1000038	Surface	False	core_sites_1_60	True	True	True	True					True	Both	False		1	True	True	True	True
Sample_Mastersheet.xlsx	Trip1	340	Trip1	38Sr3	38	38	False	False	Site 38	https://rubalkhali.science/kb/RAK_1000038	Surface	False	core_sites_1_60	True	True	True	True		Measured	Pro	0.005020159696419	True	Both	False		1	True	True	True	True
Sample_Mastersheet.xlsx	Trip1	341	Trip1	38PRr1	38	38	False	False	Site 38	https://rubalkhali.science/kb/RAK_1000038	Rhizosphere	False	core_sites_1_60	True	True	True	True		Extracted			False		False		0	False	False	False	True
Sample_Mastersheet.xlsx	Trip1	342	Trip1	38PRr2	38	38	False	False	Site 38	https://rubalkhali.science/kb/RAK_1000038	Rhizosphere	False	core_sites_1_60	True	True	True	True		Measured	Pro	1.30148628350067	True	Both	True	NEBNext	1	True	True	True	True
Sample_Mastersheet.xlsx	Trip1	343	Trip1	38PRr3	38	38	False	False	Site 38	https://rubalkhali.science/kb/RAK_1000038	Rhizosphere	False	core_sites_1_60	True	True	True	True		Extracted	PowerSoil		True	Both	False		1	True	True	True	True
Sample_Mastersheet.xlsx	Trip1	344	Trip1	39Dr1	39	39	False	False	Site 39	https://rubalkhali.science/kb/RAK_1000039	Deep	False	core_sites_1_60	True	True	True	True		Measured	Pro	0.010040319392837	False		False		0	False	False	False	True
Sample_Mastersheet.xlsx	Trip1	345	Trip1	39Dr2	39	39	False	False	Site 39	https://rubalkhali.science/kb/RAK_1000039	Deep	False	core_sites_1_60	True	True	True	True		Measured		0.020278282868211	True	Both	False		1	True	True	True	True
Sample_Mastersheet.xlsx	Trip1	346	Trip1	39Dr3	39	39	False	False	Site 39	https://rubalkhali.science/kb/RAK_1000039	Deep	False	core_sites_1_60	True	True	True	True		Extracted	PowerSoil		True	Both	False		1	True	True	True	True
Sample_Mastersheet.xlsx	Trip1	347	Trip1	39Sr1	39	39	False	False	Site 39	https://rubalkhali.science/kb/RAK_1000039	Surface	False	core_sites_1_60	True	True	True	True		Extracted	Pro		False		False		0	False	False	False	True
Sample_Mastersheet.xlsx	Trip1	348	Trip1	39Sr2	39	39	False	False	Site 39	https://rubalkhali.science/kb/RAK_1000039	Surface	False	core_sites_1_60	True	True	True	True		Measured	Pro	0.011621472053127	False		False		0	False	False	False	True
Sample_Mastersheet.xlsx	Trip1	349	Trip1	39Sr3	39	39	False	False	Site 39	https://rubalkhali.science/kb/RAK_1000039	Surface	False	core_sites_1_60	True	True	True	True		Measured	Pro	0	True	Both	False		1	True	True	True	True
Sample_Mastersheet.xlsx	Trip1	350	Trip1	39PRr1	39	39	False	False	Site 39	https://rubalkhali.science/kb/RAK_1000039	Rhizosphere	False	core_sites_1_60	True	True	True	True		Measured		0.09917780061665	True	Both	False		1	True	True	True	True
Sample_Mastersheet.xlsx	Trip1	351	Trip1	39PRr2	39	39	False	False	Site 39	https://rubalkhali.science/kb/RAK_1000039	Rhizosphere	False	core_sites_1_60	True	True	True	True		Measured	PowerSoil	0.072840790842872	True	Both	False		1	True	True	True	True
Sample_Mastersheet.xlsx	Trip1	352	Trip1	39PRr3	39	39	False	False	Site 39	https://rubalkhali.science/kb/RAK_1000039	Rhizosphere	False	core_sites_1_60	True	True	True	True		Measured	Pro	0.290734445410704	True	Both	True	NEBNext	1	True	True	True	True
Sample_Mastersheet.xlsx	Trip1	353	Trip1	40Dr1	40	40	False	False	Site 40	https://rubalkhali.science/kb/RAK_1000040	Deep	False	core_sites_1_60	True	True	True	True		Extracted	PowerSoil		True	Both	False		1	True	True	True	True
Sample_Mastersheet.xlsx	Trip1	354	Trip1	40Dr2	40	40	False	False	Site 40	https://rubalkhali.science/kb/RAK_1000040	Deep	False	core_sites_1_60	True	True	True	True		Measured	Pro	0.008024349750968	True	Both	False		1	True	True	True	True
Sample_Mastersheet.xlsx	Trip1	355	Trip1	40Dr3	40	40	False	False	Site 40	https://rubalkhali.science/kb/RAK_1000040	Deep	False	core_sites_1_60	True	True	True	True					False		False		0	False	False	False	False
Sample_Mastersheet.xlsx	Trip1	356	Trip1	40Sr1	40	40	False	False	Site 40	https://rubalkhali.science/kb/RAK_1000040	Surface	False	core_sites_1_60	True	True	True	True		Extracted	PowerSoil		True	MiSeq	False		0	False	False	False	True
Sample_Mastersheet.xlsx	Trip1	357	Trip1	40Sr2	40	40	False	False	Site 40	https://rubalkhali.science/kb/RAK_1000040	Surface	False	core_sites_1_60	True	True	True	True		Measured	PowerSoil	0.00442722744881	False		False		0	False	False	False	True
Sample_Mastersheet.xlsx	Trip1	358	Trip1	40Sr3	40	40	False	False	Site 40	https://rubalkhali.science/kb/RAK_1000040	Surface	False	core_sites_1_60	True	True	True	True		Measured	PowerSoil	0.002213613724405	False		False		0	False	False	False	True
Sample_Mastersheet.xlsx	Trip1	359	Trip1	40PRr1	40	40	False	False	Site 40	https://rubalkhali.science/kb/RAK_1000040	Rhizosphere	False	core_sites_1_60	True	True	True	True		Extracted			False		False		0	False	False	False	True
Sample_Mastersheet.xlsx	Trip1	360	Trip1	40PRr2	40	40	False	False	Site 40	https://rubalkhali.science/kb/RAK_1000040	Rhizosphere	False	core_sites_1_60	True	True	True	True		Measured	Pro	0.013597912878488	True	Both	False		1	True	True	True	True
Sample_Mastersheet.xlsx	Trip1	361	Trip1	40PRr3	40	40	False	False	Site 40	https://rubalkhali.science/kb/RAK_1000040	Rhizosphere	False	core_sites_1_60	True	True	True	True		Measured	Pro	0.006482725907186	True	Both	False		1	True	True	True	True
Sample_Mastersheet.xlsx	Trip1	362	Trip1	41Dr1	41	41	False	False	Site 41	https://rubalkhali.science/kb/RAK_1000041	Deep	False	core_sites_1_60	True	True	True	True		Measured	PowerSoil	0.036230044922718	True	Both	False		1	True	True	True	True
Sample_Mastersheet.xlsx	Trip1	363	Trip1	41Dr2	41	41	False	False	Site 41	https://rubalkhali.science/kb/RAK_1000041	Deep	False	core_sites_1_60	True	True	True	True		Measured	Pro	0	False		False		0	False	False	False	True
Sample_Mastersheet.xlsx	Trip1	364	Trip1	41Dr3	41	41	False	False	Site 41	https://rubalkhali.science/kb/RAK_1000041	Deep	False	core_sites_1_60	True	True	True	True		Measured	Pro	0.012491106016286	False		False		0	False	False	False	True
Sample_Mastersheet.xlsx	Trip1	365	Trip1	41Sr1	41	41	False	False	Site 41	https://rubalkhali.science/kb/RAK_1000041	Surface	False	core_sites_1_60	True	True	True	True		Measured	Pro	0.039370701241205	False		False		0	False	False	False	True
Sample_Mastersheet.xlsx	Trip1	366	Trip1	41Sr2	41	41	False	False	Site 41	https://rubalkhali.science/kb/RAK_1000041	Surface	False	core_sites_1_60	True	True	True	True		Extracted	PowerSoil		True	MiSeq	False		0	False	False	False	True
Sample_Mastersheet.xlsx	Trip1	367	Trip1	41Sr3	41	41	False	False	Site 41	https://rubalkhali.science/kb/RAK_1000041	Surface	False	core_sites_1_60	True	True	True	True		Measured	PowerSoil	0.017629852162226	False		False		0	False	False	False	True
Sample_Mastersheet.xlsx	Trip1	368	Trip1	41PRr1	41	41	False	False	Site 41	https://rubalkhali.science/kb/RAK_1000041	Rhizosphere	False	core_sites_1_60	True	True	True	True		Measured	Pro	0.55201992252352	False		False		0	False	False	False	True
Sample_Mastersheet.xlsx	Trip1	369	Trip1	41PRr2	41	41	False	False	Site 41	https://rubalkhali.science/kb/RAK_1000041	Rhizosphere	False	core_sites_1_60	True	True	True	True					True	Both	True	Qiagen	1	True	True	True	True
Sample_Mastersheet.xlsx	Trip1	370	Trip1	41PRr3	41	41	False	False	Site 41	https://rubalkhali.science/kb/RAK_1000041	Rhizosphere	False	core_sites_1_60	True	True	True	True		Extracted			False		False		0	False	False	False	True
Sample_Mastersheet.xlsx	Trip1	371	Trip1	42Dr1	42	42	False	False	Site 42	https://rubalkhali.science/kb/RAK_1000042	Deep	False	core_sites_1_60	True	True	True	True		Measured	Pro	0.009091627796664	True	Both	False		1	True	True	True	True
Sample_Mastersheet.xlsx	Trip1	372	Trip1	42Dr2	42	42	False	False	Site 42	https://rubalkhali.science/kb/RAK_1000042	Deep	False	core_sites_1_60	True	True	True	True		Extracted			False		False		0	False	False	False	True
Sample_Mastersheet.xlsx	Trip1	373	Trip1	42Dr3	42	42	False	False	Site 42	https://rubalkhali.science/kb/RAK_1000042	Deep	False	core_sites_1_60	True	True	True	True		Measured	Pro	0.030832476875642	True	Both	False		0	False	False	False	True
Sample_Mastersheet.xlsx	Trip1	374	Trip1	42Sr1	42	42	False	False	Site 42	https://rubalkhali.science/kb/RAK_1000042	Surface	False	core_sites_1_60	True	True	True	True		Measured	Pro	0.02344058818879	True	Both	False		1	True	True	True	True
Sample_Mastersheet.xlsx	Trip1	375	Trip1	42Sr2	42	42	False	False	Site 42	https://rubalkhali.science/kb/RAK_1000042	Surface	False	core_sites_1_60	True	True	True	True		Measured	PowerSoil	0.029172266582339	True	Both	False		1	True	True	True	True
Sample_Mastersheet.xlsx	Trip1	376	Trip1	42Sr3	42	42	False	False	Site 42	https://rubalkhali.science/kb/RAK_1000042	Surface	False	core_sites_1_60	True	True	True	True		Extracted	PowerSoil		True	Both	False		1	True	True	True	True
Sample_Mastersheet.xlsx	Trip1	377	Trip1	42PRr1	42	42	False	False	Site 42	https://rubalkhali.science/kb/RAK_1000042	Rhizosphere	False	core_sites_1_60	True	True	True	True		Measured	Pro	1.79006245553008	True	Both	False		1	True	True	True	True
Sample_Mastersheet.xlsx	Trip1	378	Trip1	42PRr2	42	42	False	False	Site 42	https://rubalkhali.science/kb/RAK_1000042	Rhizosphere	False	core_sites_1_60	True	True	True	True					True	Both	True	Qiagen	1	True	True	True	True
Sample_Mastersheet.xlsx	Trip1	379	Trip1	42PRr3	42	42	False	False	Site 42	https://rubalkhali.science/kb/RAK_1000042	Rhizosphere	False	core_sites_1_60	True	True	True	True		Measured	PowerSoil	1.02110352529124	True	MiSeq	False		0	False	False	False	True
Sample_Mastersheet.xlsx	Trip1	380	Trip1	43Dr1	43	43	False	False	Site 43	https://rubalkhali.science/kb/RAK_1000043	Deep	False	core_sites_1_60	True	True	True	True		Measured	Pro	0.055577516009171	True	Both	False		1	True	True	True	True
Sample_Mastersheet.xlsx	Trip1	381	Trip1	43Dr2	43	43	False	False	Site 43	https://rubalkhali.science/kb/RAK_1000043	Deep	False	core_sites_1_60	True	True	True	True		Measured	Pro	0.046169657680449	True	Both	False		1	True	True	True	True
Sample_Mastersheet.xlsx	Trip1	382	Trip1	43Dr3	43	43	False	False	Site 43	https://rubalkhali.science/kb/RAK_1000043	Deep	False	core_sites_1_60	True	True	True	True		Extracted			False		False		0	False	False	False	True
Sample_Mastersheet.xlsx	Trip1	383	Trip1	43Sr1	43	43	False	False	Site 43	https://rubalkhali.science/kb/RAK_1000043	Surface	False	core_sites_1_60	True	True	True	True		Measured	Pro	0	True	Both	False		1	True	True	True	True
Sample_Mastersheet.xlsx	Trip1	384	Trip1	43Sr2	43	43	False	False	Site 43	https://rubalkhali.science/kb/RAK_1000043	Surface	False	core_sites_1_60	True	True	True	True		Measured	Pro	0.02415210688592	True	Both	False		1	True	True	True	True
Sample_Mastersheet.xlsx	Trip1	385	Trip1	43Sr3	43	43	False	False	Site 43	https://rubalkhali.science/kb/RAK_1000043	Surface	False	core_sites_1_60	True	True	True	True		Extracted			False		False		0	False	False	False	True
Sample_Mastersheet.xlsx	Trip1	386	Trip1	43PRr1	43	43	False	False	Site 43	https://rubalkhali.science/kb/RAK_1000043	Rhizosphere	False	core_sites_1_60	True	True	True	True		Extracted			False		False		0	False	False	False	True
Sample_Mastersheet.xlsx	Trip1	387	Trip1	43PRr2	43	43	False	False	Site 43	https://rubalkhali.science/kb/RAK_1000043	Rhizosphere	False	core_sites_1_60	True	True	True	True		Measured	Pro	0.036761799351728	True	Both	False		1	True	True	True	True
Sample_Mastersheet.xlsx	Trip1	388	Trip1	43PRr3	43	43	False	False	Site 43	https://rubalkhali.science/kb/RAK_1000043	Rhizosphere	False	core_sites_1_60	True	True	True	True		Measured	Pro	1.25721400901257	False		True	NEBNext	0	False	False	False	True
Sample_Mastersheet.xlsx	Trip1	389	Trip1	44Dr1	44	44	False	False	Site 44	https://rubalkhali.science/kb/RAK_1000044	Deep	False	core_sites_1_60	True	True	True	True		Measured	PowerSoil	0.831387528235324	False		False		0	False	False	False	True
Sample_Mastersheet.xlsx	Trip1	390	Trip1	44Dr2	44	44	False	False	Site 44	https://rubalkhali.science/kb/RAK_1000044	Deep	False	core_sites_1_60	True	True	True	True		Measured	Pro	1.20187366590244	True	Both	True	NEBNext	1	True	True	True	True
Sample_Mastersheet.xlsx	Trip1	391	Trip1	44Dr3	44	44	False	False	Site 44	https://rubalkhali.science/kb/RAK_1000044	Deep	False	core_sites_1_60	True	True	True	True		Measured	Pro	0.017708909795241	False		False		0	False	False	False	True
Sample_Mastersheet.xlsx	Trip1	392	Trip1	44Sr1	44	44	False	False	Site 44	https://rubalkhali.science/kb/RAK_1000044	Surface	False	core_sites_1_60	True	True	True	True		Measured	Pro	0.010870424539489	False		False		0	False	False	False	True
Sample_Mastersheet.xlsx	Trip1	393	Trip1	44Sr2	44	44	False	False	Site 44	https://rubalkhali.science/kb/RAK_1000044	Surface	False	core_sites_1_60	True	True	True	True		Measured	Pro	0.024586923867499	False		False		0	False	False	False	True
Sample_Mastersheet.xlsx	Trip1	394	Trip1	44Sr3	44	44	False	False	Site 44	https://rubalkhali.science/kb/RAK_1000044	Surface	False	core_sites_1_60	True	True	True	True		Extracted			False		False		0	False	False	False	True
Sample_Mastersheet.xlsx	Trip1	395	Trip1	44PRr1	44	44	False	False	Site 44	https://rubalkhali.science/kb/RAK_1000044	Rhizosphere	False	core_sites_1_60	True	True	True	True		Extracted			False		False		0	False	False	False	True
Sample_Mastersheet.xlsx	Trip1	396	Trip1	44PRr2	44	44	False	False	Site 44	https://rubalkhali.science/kb/RAK_1000044	Rhizosphere	False	core_sites_1_60	True	True	True	True		Measured	Pro	0.041189026800538	True	Both	False		1	True	True	True	True
Sample_Mastersheet.xlsx	Trip1	397	Trip1	44PRr3	44	44	False	False	Site 44	https://rubalkhali.science/kb/RAK_1000044	Rhizosphere	False	core_sites_1_60	True	True	True	True		Measured	Pro	0.025100798482094	True	Both	False		1	True	True	True	True
Sample_Mastersheet.xlsx	Trip1	398	Trip1	45Dr1	45	45	False	False	Site 45	https://rubalkhali.science/kb/RAK_1000045	Deep	False	core_sites_1_60	True	True	True	True		Measured	Pro	0.002885603605028	True	Both	False		1	True	True	True	True
Sample_Mastersheet.xlsx	Trip1	399	Trip1	45Dr2	45	45	False	False	Site 45	https://rubalkhali.science/kb/RAK_1000045	Deep	False	core_sites_1_60	True	True	True	True		Measured	PowerSoil	0.307923656759981	True	MiSeq	False		0	False	False	False	True
Sample_Mastersheet.xlsx	Trip1	400	Trip1	45Dr3	45	45	False	False	Site 45	https://rubalkhali.science/kb/RAK_1000045	Deep	False	core_sites_1_60	True	True	True	True					True	Both	False		1	True	True	True	True
Sample_Mastersheet.xlsx	Trip1	401	Trip1	45Sr1	45	45	False	False	Site 45	https://rubalkhali.science/kb/RAK_1000045	Surface	False	core_sites_1_60	True	True	True	True		Measured	Pro	0.02229425251008	True	Both	False		1	True	True	True	True
Sample_Mastersheet.xlsx	Trip1	402	Trip1	45Sr2	45	45	False	False	Site 45	https://rubalkhali.science/kb/RAK_1000045	Surface	False	core_sites_1_60	True	True	True	True					False		False		0	False	False	False	False
Sample_Mastersheet.xlsx	Trip1	403	Trip1	45Sr3	45	45	False	False	Site 45	https://rubalkhali.science/kb/RAK_1000045	Surface	False	core_sites_1_60	True	True	True	True		Measured	PowerSoil	0.015608740894901	True	MiSeq	False		0	False	False	False	True
Sample_Mastersheet.xlsx	Trip1	404	Trip1	45PRr1	45	45	False	False	Site 45	https://rubalkhali.science/kb/RAK_1000045	Rhizosphere	False	core_sites_1_60	True	True	True	True		Measured	Pro	0	False		False		0	False	False	False	True
Sample_Mastersheet.xlsx	Trip1	405	Trip1	45PRr2	45	45	False	False	Site 45	https://rubalkhali.science/kb/RAK_1000045	Rhizosphere	False	core_sites_1_60	True	True	True	True		Measured	Pro	7.96327772946478	True	Both	True	Qiagen	1	True	True	True	True
Sample_Mastersheet.xlsx	Trip1	406	Trip1	45PRr3	45	45	False	False	Site 45	https://rubalkhali.science/kb/RAK_1000045	Rhizosphere	False	core_sites_1_60	True	True	True	True					False		False		0	False	False	False	False
Sample_Mastersheet.xlsx	Trip1	407	Trip1	46Dr1	46	46	False	False	Site 46	https://rubalkhali.science/kb/RAK_1000046	Deep	False	core_sites_1_60	True	True	True	True		Measured	Pro	0	True	Both	False		1	True	True	True	True
Sample_Mastersheet.xlsx	Trip1	408	Trip1	46Dr2	46	46	False	False	Site 46	https://rubalkhali.science/kb/RAK_1000046	Deep	False	core_sites_1_60	True	True	True	True		Extracted	PowerSoil		False		False		0	False	False	False	True
Sample_Mastersheet.xlsx	Trip1	409	Trip1	46Dr3	46	46	False	False	Site 46	https://rubalkhali.science/kb/RAK_1000046	Deep	False	core_sites_1_60	True	True	True	True		Measured	Pro	0.017946082694284	False		False		0	False	False	False	True
Sample_Mastersheet.xlsx	Trip1	410	Trip1	46Sr1	46	46	False	False	Site 46	https://rubalkhali.science/kb/RAK_1000046	Surface	False	core_sites_1_60	True	True	True	True		Measured	Pro	0.027116768123962	False		False		0	False	False	False	True
Sample_Mastersheet.xlsx	Trip1	411	Trip1	46Sr2	46	46	False	False	Site 46	https://rubalkhali.science/kb/RAK_1000046	Surface	False	core_sites_1_60	True	True	True	True		Measured	PowerSoil		False		False		0	False	False	False	True
Sample_Mastersheet.xlsx	Trip1	412	Trip1	46Sr3	46	46	False	False	Site 46	https://rubalkhali.science/kb/RAK_1000046	Surface	False	core_sites_1_60	True	True	True	True		Measured	Pro	0.011977231401692	True	Both	False		1	True	True	True	True
Sample_Mastersheet.xlsx	Trip1	413	Trip1	46PRr1	46	46	False	False	Site 46	https://rubalkhali.science/kb/RAK_1000046	Rhizosphere	False	core_sites_1_60	True	True	True	True		Measured	Pro	0.014744248557198	True	NovaSeq	False		1	True	True	True	True
Sample_Mastersheet.xlsx	Trip1	414	Trip1	46PRr2	46	46	False	False	Site 46	https://rubalkhali.science/kb/RAK_1000046	Rhizosphere	False	core_sites_1_60	True	True	True	True		Extracted	PowerSoil		False		False		0	False	False	False	True
Sample_Mastersheet.xlsx	Trip1	415	Trip1	46PRr3	46	46	False	False	Site 46	https://rubalkhali.science/kb/RAK_1000046	Rhizosphere	False	core_sites_1_60	True	True	True	True		Measured	Pro	0.273	True	Both	True	NEBNext	0	False	False	False	True
Sample_Mastersheet.xlsx	Trip1	416	Trip1	47Dr1	47	47	False	False	Site 47	https://rubalkhali.science/kb/RAK_1000047	Deep	False	core_sites_1_60	True	True	True	True		Extracted	PowerSoil		False		False		0	False	False	False	True
Sample_Mastersheet.xlsx	Trip1	417	Trip1	47Dr2	47	47	False	False	Site 47	https://rubalkhali.science/kb/RAK_1000047	Deep	False	core_sites_1_60	True	True	True	True		Measured	Pro	0.012412048383271	True	Both	False		1	True	True	True	True
Sample_Mastersheet.xlsx	Trip1	418	Trip1	47Dr3	47	47	False	False	Site 47	https://rubalkhali.science/kb/RAK_1000047	Deep	False	core_sites_1_60	True	True	True	True		Measured	Pro	0.023322001739268	True	Both	False		1	True	True	True	True
Sample_Mastersheet.xlsx	Trip1	419	Trip1	47Sr1	47	47	False	False	Site 47	https://rubalkhali.science/kb/RAK_1000047	Surface	False	core_sites_1_60	True	True	True	True		Measured	Pro	0.029686141196933	True	Both	False		1	True	True	True	True
Sample_Mastersheet.xlsx	Trip1	420	Trip1	47Sr2	47	47	False	False	Site 47	https://rubalkhali.science/kb/RAK_1000047	Surface	False	core_sites_1_60	True	True	True	True		Extracted	PowerSoil		False		False		0	False	False	False	True
Sample_Mastersheet.xlsx	Trip1	421	Trip1	47Sr3	47	47	False	False	Site 47	https://rubalkhali.science/kb/RAK_1000047	Surface	False	core_sites_1_60	True	True	True	True		Measured	Pro	0.007826705668432	True	MiSeq	False		0	False	False	False	True
Sample_Mastersheet.xlsx	Trip1	422	Trip1	47PRr1	47	47	False	False	Site 47	https://rubalkhali.science/kb/RAK_1000047	Rhizosphere	False	core_sites_1_60	True	True	True	True		Measured	Pro	0	True	Both	False		1	True	True	True	True
Sample_Mastersheet.xlsx	Trip1	423	Trip1	47PRr2	47	47	False	False	Site 47	https://rubalkhali.science/kb/RAK_1000047	Rhizosphere	False	core_sites_1_60	True	True	True	True		Measured	Pro	0.103723614514981	False		True	NEBNext	0	False	False	False	True
Sample_Mastersheet.xlsx	Trip1	424	Trip1	47PRr3	47	47	False	False	Site 47	https://rubalkhali.science/kb/RAK_1000047	Rhizosphere	False	core_sites_1_60	True	True	True	True		Extracted	PowerSoil		False		False		0	False	False	False	True
Sample_Mastersheet.xlsx	Trip1	425	Trip1	48Dr1	48	48	False	False	Site 48	https://rubalkhali.science/kb/RAK_1000048	Deep	False	core_sites_1_60	True	True	True	True		Extracted	PowerSoil		False		False		0	False	False	False	True
Sample_Mastersheet.xlsx	Trip1	426	Trip1	48Dr2	48	48	False	False	Site 48	https://rubalkhali.science/kb/RAK_1000048	Deep	False	core_sites_1_60	True	True	True	True		Measured	Pro	0.346470076685904	True	Both	True	NEBNext	1	True	True	True	True
Sample_Mastersheet.xlsx	Trip1	427	Trip1	48Dr3	48	48	False	False	Site 48	https://rubalkhali.science/kb/RAK_1000048	Deep	False	core_sites_1_60	True	True	True	True					True	Both	False		1	True	False	False	True
Sample_Mastersheet.xlsx	Trip1	428	Trip1	48Sr1	48	48	False	False	Site 48	https://rubalkhali.science/kb/RAK_1000048	Surface	False	core_sites_1_60	True	True	True	True		Measured	PowerSoil	5.04605107123093	False		False		0	False	False	False	True
Sample_Mastersheet.xlsx	Trip1	429	Trip1	48Sr2	48	48	False	False	Site 48	https://rubalkhali.science/kb/RAK_1000048	Surface	False	core_sites_1_60	True	True	True	True		Measured	Pro	65.4144596410783	True	Both	True	Qiagen	1	True	True	True	True
Sample_Mastersheet.xlsx	Trip1	430	Trip1	48Sr3	48	48	False	False	Site 48	https://rubalkhali.science/kb/RAK_1000048	Surface	False	core_sites_1_60	True	True	True	True		Extracted	PowerSoil		False		False		0	False	False	False	True
Sample_Mastersheet.xlsx	Trip1	431	Trip1	48PRr1	48	48	False	False	Site 48	https://rubalkhali.science/kb/RAK_1000048	Rhizosphere	False	core_sites_1_60	True	True	True	True		Extracted	PowerSoil		False		False		0	False	False	False	True
Sample_Mastersheet.xlsx	Trip1	432	Trip1	48PRr2	48	48	False	False	Site 48	https://rubalkhali.science/kb/RAK_1000048	Rhizosphere	False	core_sites_1_60	True	True	True	True		Measured	PowerSoil	16.1655071547158	False		True	Qiagen	0	False	False	False	True
Sample_Mastersheet.xlsx	Trip1	433	Trip1	48PRr3	48	48	False	False	Site 48	https://rubalkhali.science/kb/RAK_1000048	Rhizosphere	False	core_sites_1_60	True	True	True	True					True	Both	False		1	True	True	False	True
Sample_Mastersheet.xlsx	Trip1	434	Trip1	49Dr1	49	49	False	False	Site 49	https://rubalkhali.science/kb/RAK_1000049	Deep	False	core_sites_1_60	True	True	True	True		Extracted	PowerSoil		False		False		0	False	False	False	True
Sample_Mastersheet.xlsx	Trip1	435	Trip1	49Dr2	49	49	False	False	Site 49	https://rubalkhali.science/kb/RAK_1000049	Deep	False	core_sites_1_60	True	True	True	True		Measured	Pro	3.25065222547237	True	Both	True	NEBNext	1	True	True	True	True
Sample_Mastersheet.xlsx	Trip1	436	Trip1	49Dr3	49	49	False	False	Site 49	https://rubalkhali.science/kb/RAK_1000049	Deep	False	core_sites_1_60	True	True	True	True		Measured	Pro	0	False		False		0	False	False	False	True
Sample_Mastersheet.xlsx	Trip1	437	Trip1	49Sr1	49	49	False	False	Site 49	https://rubalkhali.science/kb/RAK_1000049	Surface	False	core_sites_1_60	True	True	True	True					False		False		0	False	False	False	False
Sample_Mastersheet.xlsx	Trip1	438	Trip1	49Sr2	49	49	False	False	Site 49	https://rubalkhali.science/kb/RAK_1000049	Surface	False	core_sites_1_60	True	True	True	True					True	Both	False		1	True	True	True	True
Sample_Mastersheet.xlsx	Trip1	439	Trip1	49Sr3	49	49	False	False	Site 49	https://rubalkhali.science/kb/RAK_1000049	Surface	False	core_sites_1_60	True	True	True	True		Measured	PowerSoil	0.015020950272749	True	Both	False		1	True	True	True	True
Sample_Mastersheet.xlsx	Trip1	440	Trip1	49PRr1	49	49	False	False	Site 49	https://rubalkhali.science/kb/RAK_1000049	Rhizosphere	False	core_sites_1_60	True	True	True	True		Measured	Pro	6.06	False		True	NEBNext	0	False	False	False	True
Sample_Mastersheet.xlsx	Trip1	441	Trip1	49PRr2	49	49	False	False	Site 49	https://rubalkhali.science/kb/RAK_1000049	Rhizosphere	False	core_sites_1_60	True	True	True	True		Measured	Pro	0.031425409123251	True	Both	False		1	True	True	True	True
Sample_Mastersheet.xlsx	Trip1	442	Trip1	49PRr3	49	49	False	False	Site 49	https://rubalkhali.science/kb/RAK_1000049	Rhizosphere	False	core_sites_1_60	True	True	True	True		Extracted			False		False		0	False	False	False	True
Sample_Mastersheet.xlsx	Trip1	443	Trip1	50Dr1	50	50	False	False	Site 50	https://rubalkhali.science/kb/RAK_1000050	Deep	False	core_sites_1_60	True	True	True	True		Measured	Pro	17.620167602182	True	Both	True	NEBNext	1	True	True	True	True
Sample_Mastersheet.xlsx	Trip1	444	Trip1	50Dr2	50	50	False	False	Site 50	https://rubalkhali.science/kb/RAK_1000050	Deep	False	core_sites_1_60	True	True	True	True					True	Both	False		1	True	True	True	True
Sample_Mastersheet.xlsx	Trip1	445	Trip1	50Dr3	50	50	False	False	Site 50	https://rubalkhali.science/kb/RAK_1000050	Deep	False	core_sites_1_60	True	True	True	True		Extracted	PowerSoil		False		False		0	False	False	False	True
Sample_Mastersheet.xlsx	Trip1	446	Trip1	50Sr1	50	50	False	False	Site 50	https://rubalkhali.science/kb/RAK_1000050	Surface	False	core_sites_1_60	True	True	True	True		Measured	Pro	0.011068068622026	True	Both	False		1	True	True	True	True
Sample_Mastersheet.xlsx	Trip1	447	Trip1	50Sr2	50	50	False	False	Site 50	https://rubalkhali.science/kb/RAK_1000050	Surface	False	core_sites_1_60	True	True	True	True		Measured	PowerSoil	0.054259408241709	True	Both	False		1	True	True	True	True
Sample_Mastersheet.xlsx	Trip1	448	Trip1	50Sr3	50	50	False	False	Site 50	https://rubalkhali.science/kb/RAK_1000050	Surface	False	core_sites_1_60	True	True	True	True		Measured	Pro	0.006798956439244	True	Both	False		1	True	True	True	True
Sample_Mastersheet.xlsx	Trip1	449	Trip1	50PRr1	50	50	False	False	Site 50	https://rubalkhali.science/kb/RAK_1000050	Rhizosphere	False	core_sites_1_60	True	True	True	True		Measured	Pro	0.007629061585896	True	Both	False		1	True	True	True	True
Sample_Mastersheet.xlsx	Trip1	450	Trip1	50PRr2	50	50	False	False	Site 50	https://rubalkhali.science/kb/RAK_1000050	Rhizosphere	False	core_sites_1_60	True	True	True	True		Measured	Pro	0.159577832239703	True	Both	True	NEBNext	1	True	True	True	True
Sample_Mastersheet.xlsx	Trip1	451	Trip1	50PRr3	50	50	False	False	Site 50	https://rubalkhali.science/kb/RAK_1000050	Rhizosphere	False	core_sites_1_60	True	True	True	True		Extracted	PowerSoil		False		False		0	False	False	False	True
Sample_Mastersheet.xlsx	Trip1	452	Trip1	51Dr1	51	51	False	False	Site 51	https://rubalkhali.science/kb/RAK_1000051	Deep	False	core_sites_1_60	True	True	True	True		Measured	Pro	0.716459799193612	True	Both	True	NEBNext	1	True	True	True	True
Sample_Mastersheet.xlsx	Trip1	453	Trip1	51Dr2	51	51	False	False	Site 51	https://rubalkhali.science/kb/RAK_1000051	Deep	False	core_sites_1_60	True	True	True	True		Measured	Pro	0.007154715787809	False		False		0	False	False	False	True
Sample_Mastersheet.xlsx	Trip1	454	Trip1	51Dr3	51	51	False	False	Site 51	https://rubalkhali.science/kb/RAK_1000051	Deep	False	core_sites_1_60	True	True	True	True		Measured	PowerSoil	0.020120167602182	True	Both	False		1	True	True	True	True
Sample_Mastersheet.xlsx	Trip1	455	Trip1	51Sr1	51	51	False	False	Site 51	https://rubalkhali.science/kb/RAK_1000051	Surface	False	core_sites_1_60	True	True	True	True		Measured	PowerSoil	0.17759701530418	True	MiSeq	True	NEBNext	0	False	False	False	True
Sample_Mastersheet.xlsx	Trip1	456	Trip1	51Sr2	51	51	False	False	Site 51	https://rubalkhali.science/kb/RAK_1000051	Surface	False	core_sites_1_60	True	True	True	True		Measured	Pro	0.023875405170369	True	Both	False		1	True	True	True	True
Sample_Mastersheet.xlsx	Trip1	457	Trip1	51Sr3	51	51	False	False	Site 51	https://rubalkhali.science/kb/RAK_1000051	Surface	False	core_sites_1_60	True	True	True	True		Measured	Pro	0.007629061585896	False		False		0	False	False	False	True
Sample_Mastersheet.xlsx	Trip1	458	Trip1	51PRr1	51	51	False	False	Site 51	https://rubalkhali.science/kb/RAK_1000051	Rhizosphere	False	core_sites_1_60	True	True	True	True		Measured	Pro	0.014704719740691	False		False		0	False	False	False	True
Sample_Mastersheet.xlsx	Trip1	459	Trip1	51PRr2	51	51	False	False	Site 51	https://rubalkhali.science/kb/RAK_1000051	Rhizosphere	False	core_sites_1_60	True	True	True	True		Extracted	PowerSoil		False		False		0	False	False	False	True
Sample_Mastersheet.xlsx	Trip1	460	Trip1	51PRr3	51	51	False	False	Site 51	https://rubalkhali.science/kb/RAK_1000051	Rhizosphere	False	core_sites_1_60	True	True	True	True		Measured	Pro	1.3082061823069	True	Both	False		1	True	True	True	True
Sample_Mastersheet.xlsx	Trip1	461	Trip1	52Dr1	52	52	False	False	Site 52	https://rubalkhali.science/kb/RAK_1000052	Deep	False	core_sites_1_60	True	True	True	True		Measured	Pro	0.032848446517511	True	Both	False		1	True	True	True	True
Sample_Mastersheet.xlsx	Trip1	462	Trip1	52Dr2	52	52	False	False	Site 52	https://rubalkhali.science/kb/RAK_1000052	Deep	False	core_sites_1_60	True	True	True	True		Measured	Pro	0	False		False		0	False	False	False	True
Sample_Mastersheet.xlsx	Trip1	463	Trip1	52Dr3	52	52	False	False	Site 52	https://rubalkhali.science/kb/RAK_1000052	Deep	False	core_sites_1_60	True	True	True	True		Measured	PowerSoil	0	False		False		0	False	False	False	True
Sample_Mastersheet.xlsx	Trip1	464	Trip1	52Sr1	52	52	False	False	Site 52	https://rubalkhali.science/kb/RAK_1000052	Surface	False	core_sites_1_60	True	True	True	True		Measured	Pro	0	False		False		0	False	False	False	True
Sample_Mastersheet.xlsx	Trip1	465	Trip1	52Sr2	52	52	False	False	Site 52	https://rubalkhali.science/kb/RAK_1000052	Surface	False	core_sites_1_60	True	True	True	True		Measured	PowerSoil	0	False		False		0	False	False	False	True
Sample_Mastersheet.xlsx	Trip1	466	Trip1	52Sr3	52	52	False	False	Site 52	https://rubalkhali.science/kb/RAK_1000052	Surface	False	core_sites_1_60	True	True	True	True		Measured	Pro	0	False		False		0	False	False	False	True
Sample_Mastersheet.xlsx	Trip1	467	Trip1	52PRr1	52	52	False	False	Site 52	https://rubalkhali.science/kb/RAK_1000052	Rhizosphere	False	core_sites_1_60	True	True	True	True					False		False		0	False	False	False	False
Sample_Mastersheet.xlsx	Trip1	468	Trip1	52PRr2	52	52	False	False	Site 52	https://rubalkhali.science/kb/RAK_1000052	Rhizosphere	False	core_sites_1_60	True	True	True	True					False		False		0	False	False	False	False
Sample_Mastersheet.xlsx	Trip1	469	Trip1	52PRr3	52	52	False	False	Site 52	https://rubalkhali.science/kb/RAK_1000052	Rhizosphere	False	core_sites_1_60	True	True	True	True					False		False		0	False	False	False	False
Sample_Mastersheet.xlsx	Trip1	470	Trip1	53Dr1	53	53	False	False	Site 53	https://rubalkhali.science/kb/RAK_1000053	Deep	False	core_sites_1_60	True	True	True	True		Measured	Pro	0	False		False		0	False	False	False	True
Sample_Mastersheet.xlsx	Trip1	471	Trip1	53Dr2	53	53	False	False	Site 53	https://rubalkhali.science/kb/RAK_1000053	Deep	False	core_sites_1_60	True	True	True	True		Measured	PowerSoil	0.008522727272727	True	Both	False		1	True	True	True	True
Sample_Mastersheet.xlsx	Trip1	472	Trip1	53Dr3	53	53	False	False	Site 53	https://rubalkhali.science/kb/RAK_1000053	Deep	False	core_sites_1_60	True	True	True	True		Measured	Pro	0	True	Both	False		1	True	True	True	True
Sample_Mastersheet.xlsx	Trip1	473	Trip1	53Sr1	53	53	False	False	Site 53	https://rubalkhali.science/kb/RAK_1000053	Surface	False	core_sites_1_60	True	True	True	True		Measured	Pro	0.02604833546735	False		False		0	False	False	False	True
Sample_Mastersheet.xlsx	Trip1	474	Trip1	53Sr2	53	53	False	False	Site 53	https://rubalkhali.science/kb/RAK_1000053	Surface	False	core_sites_1_60	True	True	True	True		Measured	Pro	0	False		False		0	False	False	False	True
Sample_Mastersheet.xlsx	Trip1	475	Trip1	53Sr3	53	53	False	False	Site 53	https://rubalkhali.science/kb/RAK_1000053	Surface	False	core_sites_1_60	True	True	True	True					True	Both	False		1	True	True	True	True
Sample_Mastersheet.xlsx	Trip1	476	Trip1	53PRr1	53	53	False	False	Site 53	https://rubalkhali.science/kb/RAK_1000053	Rhizosphere	False	core_sites_1_60	True	True	True	True		Extracted	PowerSoil		True	Both	False		1	True	True	True	True
Sample_Mastersheet.xlsx	Trip1	477	Trip1	53PRr2	53	53	False	False	Site 53	https://rubalkhali.science/kb/RAK_1000053	Rhizosphere	False	core_sites_1_60	True	True	True	True		Measured	PowerSoil	0.056978233034571	True	Both	False		1	True	True	True	True
Sample_Mastersheet.xlsx	Trip1	478	Trip1	53PRr3	53	53	False	False	Site 53	https://rubalkhali.science/kb/RAK_1000053	Rhizosphere	False	core_sites_1_60	True	True	True	True		Measured	Pro	0	False		False		0	False	False	False	True
Sample_Mastersheet.xlsx	Trip1	479	Trip1	54Dr1	54	54	False	False	Site 54	https://rubalkhali.science/kb/RAK_1000054	Deep	False	core_sites_1_60	True	True	True	True		Measured	PowerSoil	0	True	NovaSeq	False		1	True	True	True	True
Sample_Mastersheet.xlsx	Trip1	480	Trip1	54Dr2	54	54	False	False	Site 54	https://rubalkhali.science/kb/RAK_1000054	Deep	False	core_sites_1_60	True	True	True	True		Measured	Pro	0.006121959026889	True	Both	False		1	True	True	True	True
Sample_Mastersheet.xlsx	Trip1	481	Trip1	54Dr3	54	54	False	False	Site 54	https://rubalkhali.science/kb/RAK_1000054	Deep	False	core_sites_1_60	True	True	True	True		Measured	Pro	0.004001280409731	False		False		0	False	False	False	True
Sample_Mastersheet.xlsx	Trip1	482	Trip1	54Sr1	54	54	False	False	Site 54	https://rubalkhali.science/kb/RAK_1000054	Surface	False	core_sites_1_60	True	True	True	True		Measured	Pro	0	True	Both	False		1	True	True	True	True
Sample_Mastersheet.xlsx	Trip1	483	Trip1	54Sr2	54	54	False	False	Site 54	https://rubalkhali.science/kb/RAK_1000054	Surface	False	core_sites_1_60	True	True	True	True		Measured	PowerSoil	0.007740920281211	True	Both	False		1	True	True	True	True
Sample_Mastersheet.xlsx	Trip1	484	Trip1	54Sr3	54	54	False	False	Site 54	https://rubalkhali.science/kb/RAK_1000054	Surface	False	core_sites_1_60	True	True	True	True		Measured	Pro	0	True	Both	False		1	True	True	True	True
Sample_Mastersheet.xlsx	Trip1	485	Trip1	54PRr1	54	54	False	False	Site 54	https://rubalkhali.science/kb/RAK_1000054	Rhizosphere	False	core_sites_1_60	True	True	True	True		Measured	Pro	0.000920294494238	True	Both	False		1	True	True	True	True
Sample_Mastersheet.xlsx	Trip1	486	Trip1	54PRr2	54	54	False	False	Site 54	https://rubalkhali.science/kb/RAK_1000054	Rhizosphere	False	core_sites_1_60	True	True	True	True		Measured	PowerSoil	0.055097631241998	True	Both	False		1	True	True	True	True
Sample_Mastersheet.xlsx	Trip1	487	Trip1	54PRr3	54	54	False	False	Site 54	https://rubalkhali.science/kb/RAK_1000054	Rhizosphere	False	core_sites_1_60	True	True	True	True		Measured	Pro	0	True	Both	False		1	True	True	True	True
Sample_Mastersheet.xlsx	Trip1	488	Trip1	55Dr1	55	55	False	False	Site 55	https://rubalkhali.science/kb/RAK_1000055	Deep	False	core_sites_1_60	True	True	True	True		Measured	Pro	0	False		False		0	False	False	False	True
Sample_Mastersheet.xlsx	Trip1	489	Trip1	55Dr2	55	55	False	False	Site 55	https://rubalkhali.science/kb/RAK_1000055	Deep	False	core_sites_1_60	True	True	True	True		Measured	Pro	13.4106514084507	True	Both	True	Qiagen	1	True	True	True	True
Sample_Mastersheet.xlsx	Trip1	490	Trip1	55Dr3	55	55	False	False	Site 55	https://rubalkhali.science/kb/RAK_1000055	Deep	False	core_sites_1_60	True	True	True	True		Extracted	PowerSoil		False		False		0	False	False	False	True
Sample_Mastersheet.xlsx	Trip1	491	Trip1	55Sr1	55	55	False	False	Site 55	https://rubalkhali.science/kb/RAK_1000055	Surface	False	core_sites_1_60	True	True	True	True					True	Both	False		1	True	True	True	True
Sample_Mastersheet.xlsx	Trip1	492	Trip1	55Sr2	55	55	False	False	Site 55	https://rubalkhali.science/kb/RAK_1000055	Surface	False	core_sites_1_60	True	True	True	True		Measured	PowerSoil	0	False		False		0	False	False	False	True
Sample_Mastersheet.xlsx	Trip1	493	Trip1	55Sr3	55	55	False	False	Site 55	https://rubalkhali.science/kb/RAK_1000055	Surface	False	core_sites_1_60	True	True	True	True		Measured	Pro	7.51276408450704	True	Both	True	Qiagen	1	True	True	True	True
Sample_Mastersheet.xlsx	Trip1	494	Trip1	55PRr1	55	55	False	False	Site 55	https://rubalkhali.science/kb/RAK_1000055	Rhizosphere	False	core_sites_1_60	True	True	True	True		Measured	Pro	4.89192541613316	True	Both	False		1	True	True	True	True
Sample_Mastersheet.xlsx	Trip1	495	Trip1	55PRr2	55	55	False	False	Site 55	https://rubalkhali.science/kb/RAK_1000055	Rhizosphere	False	core_sites_1_60	True	True	True	True		Measured	PowerSoil	12.9	True	MiSeq	False		0	False	False	False	True
Sample_Mastersheet.xlsx	Trip1	496	Trip1	55PRr3	55	55	False	False	Site 55	https://rubalkhali.science/kb/RAK_1000055	Rhizosphere	False	core_sites_1_60	True	True	True	True		Measured	Pro	0.063660371318822	True	Both	False		1	True	True	True	True
Sample_Mastersheet.xlsx	Trip1	497	Trip1	56Dr1	56	56	False	False	Site 56	https://rubalkhali.science/kb/RAK_1000056	Deep	False	core_sites_1_60	True	True	True	True		Measured	Pro	0.017005441741357	True	Both	False		1	True	True	True	True
Sample_Mastersheet.xlsx	Trip1	498	Trip1	56Dr2	56	56	False	False	Site 56	https://rubalkhali.science/kb/RAK_1000056	Deep	False	core_sites_1_60	True	True	True	True		Extracted	PowerSoil		False		False		0	False	False	False	True
Sample_Mastersheet.xlsx	Trip1	499	Trip1	56Dr3	56	56	False	False	Site 56	https://rubalkhali.science/kb/RAK_1000056	Deep	False	core_sites_1_60	True	True	True	True		Measured	Pro	0	True	Both	False		1	True	True	True	True
Sample_Mastersheet.xlsx	Trip1	500	Trip1	56Sr1	56	56	False	False	Site 56	https://rubalkhali.science/kb/RAK_1000056	Surface	False	core_sites_1_60	True	True	True	True		Measured	Pro	0	True	Both	False		1	True	True	True	True
Sample_Mastersheet.xlsx	Trip1	501	Trip1	56Sr2	56	56	False	False	Site 56	https://rubalkhali.science/kb/RAK_1000056	Surface	False	core_sites_1_60	True	True	True	True		Measured	Pro	0	True	MiSeq	False		0	False	False	False	True
Sample_Mastersheet.xlsx	Trip1	502	Trip1	56Sr3	56	56	False	False	Site 56	https://rubalkhali.science/kb/RAK_1000056	Surface	False	core_sites_1_60	True	True	True	True		Measured	PowerSoil	0.0010403	True	Both	False		1	True	True	True	True
Sample_Mastersheet.xlsx	Trip1	503	Trip1	56PRr1	56	56	False	False	Site 56	https://rubalkhali.science/kb/RAK_1000056	Rhizosphere	False	core_sites_1_60	True	True	True	True					False		False		0	False	False	False	False
Sample_Mastersheet.xlsx	Trip1	504	Trip1	56PRr2	56	56	False	False	Site 56	https://rubalkhali.science/kb/RAK_1000056	Rhizosphere	False	core_sites_1_60	True	True	True	True					False		False		0	False	False	False	False
Sample_Mastersheet.xlsx	Trip1	505	Trip1	56PRr3	56	56	False	False	Site 56	https://rubalkhali.science/kb/RAK_1000056	Rhizosphere	False	core_sites_1_60	True	True	True	True					False		False		0	False	False	False	False
Sample_Mastersheet.xlsx	Trip1	506	Trip1	57Dr1	57	57	False	False	Site 57	https://rubalkhali.science/kb/RAK_1000057	Deep	False	core_sites_1_60	True	True	True	True		Extracted	PowerSoil		False		False		0	False	False	False	True
Sample_Mastersheet.xlsx	Trip1	507	Trip1	57Dr2	57	57	False	False	Site 57	https://rubalkhali.science/kb/RAK_1000057	Deep	False	core_sites_1_60	True	True	True	True		Measured	Pro	0	False		False		0	False	False	False	True
Sample_Mastersheet.xlsx	Trip1	508	Trip1	57Dr3	57	57	False	False	Site 57	https://rubalkhali.science/kb/RAK_1000057	Deep	False	core_sites_1_60	True	True	True	True		Measured	Pro	0.002200704225352	True	Both	False		1	True	True	True	True
Sample_Mastersheet.xlsx	Trip1	509	Trip1	57Sr1	57	57	False	False	Site 57	https://rubalkhali.science/kb/RAK_1000057	Surface	False	core_sites_1_60	True	True	True	True		Measured	Pro	0.004441421254802	False		False		0	False	False	False	True
Sample_Mastersheet.xlsx	Trip1	510	Trip1	57Sr2	57	57	False	False	Site 57	https://rubalkhali.science/kb/RAK_1000057	Surface	False	core_sites_1_60	True	True	True	True		Measured	Pro	0.002200704225352	True	Both	False		1	True	True	True	True
Sample_Mastersheet.xlsx	Trip1	511	Trip1	57Sr3	57	57	False	False	Site 57	https://rubalkhali.science/kb/RAK_1000057	Surface	False	core_sites_1_60	True	True	True	True		Extracted	PowerSoil		False		False		0	False	False	False	True
Sample_Mastersheet.xlsx	Trip1	512	Trip1	57PRr1	57	57	False	False	Site 57	https://rubalkhali.science/kb/RAK_1000057	Rhizosphere	False	core_sites_1_60	True	True	True	True		Measured	Pro	0	True	Both	False		1	True	True	True	True
Sample_Mastersheet.xlsx	Trip1	513	Trip1	57PRr2	57	57	False	False	Site 57	https://rubalkhali.science/kb/RAK_1000057	Rhizosphere	False	core_sites_1_60	True	True	True	True		Extracted	PowerSoil		False		False		0	False	False	False	True
Sample_Mastersheet.xlsx	Trip1	514	Trip1	57PRr3	57	57	False	False	Site 57	https://rubalkhali.science/kb/RAK_1000057	Rhizosphere	False	core_sites_1_60	True	True	True	True		Measured	Pro	0.00520166453265	True	Both	False		1	True	True	True	True
Sample_Mastersheet.xlsx	Trip1	515	Trip1	58Dr1	58	58	False	False	Site 58	https://rubalkhali.science/kb/RAK_1000058	Deep	False	core_sites_1_60	True	True	True	True		Measured	Pro	0	False		False		0	False	False	False	True
Sample_Mastersheet.xlsx	Trip1	516	Trip1	58Dr2	58	58	False	False	Site 58	https://rubalkhali.science/kb/RAK_1000058	Deep	False	core_sites_1_60	True	True	True	True		Extracted	PowerSoil		False		False		0	False	False	False	True
Sample_Mastersheet.xlsx	Trip1	517	Trip1	58Dr3	58	58	False	False	Site 58	https://rubalkhali.science/kb/RAK_1000058	Deep	False	core_sites_1_60	True	True	True	True		Measured	Pro	0	False		False		0	False	False	False	True
Sample_Mastersheet.xlsx	Trip1	518	Trip1	58Sr1	58	58	False	False	Site 58	https://rubalkhali.science/kb/RAK_1000058	Surface	False	core_sites_1_60	True	True	True	True		Extracted	PowerSoil		False		False		0	False	False	False	True
Sample_Mastersheet.xlsx	Trip1	519	Trip1	58Sr2	58	58	False	False	Site 58	https://rubalkhali.science/kb/RAK_1000058	Surface	False	core_sites_1_60	True	True	True	True		Measured	Pro	0	True	NovaSeq	False		1	True	True	True	True
Sample_Mastersheet.xlsx	Trip1	520	Trip1	58Sr3	58	58	False	False	Site 58	https://rubalkhali.science/kb/RAK_1000058	Surface	False	core_sites_1_60	True	True	True	True		Measured	Pro	0.000240076824584	True	NovaSeq	False		1	True	True	True	True
Sample_Mastersheet.xlsx	Trip1	521	Trip1	58PRr1	58	58	False	False	Site 58	https://rubalkhali.science/kb/RAK_1000058	Rhizosphere	False	core_sites_1_60	True	True	True	True		Measured	Pro	0.022727272727273	True	Both	False		1	True	True	True	True
Sample_Mastersheet.xlsx	Trip1	522	Trip1	58PRr2	58	58	False	False	Site 58	https://rubalkhali.science/kb/RAK_1000058	Rhizosphere	False	core_sites_1_60	True	True	True	True		Measured	Pro	0.05	False		False		0	False	False	False	True
Sample_Mastersheet.xlsx	Trip1	523	Trip1	58PRr3	58	58	False	False	Site 58	https://rubalkhali.science/kb/RAK_1000058	Rhizosphere	False	core_sites_1_60	True	True	True	True		Extracted	PowerSoil		False		False		0	False	False	False	True
Sample_Mastersheet.xlsx	Trip1	524	Trip1	59Dr1	59	59	False	False	Site 59	https://rubalkhali.science/kb/RAK_1000059	Deep	False	core_sites_1_60	True	True	True	True		Measured	Pro	0.019806338028169	False		False		0	False	False	False	True
Sample_Mastersheet.xlsx	Trip1	525	Trip1	59Dr2	59	59	False	False	Site 59	https://rubalkhali.science/kb/RAK_1000059	Deep	False	core_sites_1_60	True	True	True	True		Measured	Pro	0.003601152368758	False		False		0	False	False	False	True
Sample_Mastersheet.xlsx	Trip1	526	Trip1	59Dr3	59	59	False	False	Site 59	https://rubalkhali.science/kb/RAK_1000059	Deep	False	core_sites_1_60	True	True	True	True		Measured	PowerSoil	1.16640440597954	True	MiSeq	False		0	False	False	False	True
Sample_Mastersheet.xlsx	Trip1	527	Trip1	59Sr1	59	59	False	False	Site 59	https://rubalkhali.science/kb/RAK_1000059	Surface	False	core_sites_1_60	True	True	True	True		Measured	Pro	0	False		False		0	False	False	False	True
Sample_Mastersheet.xlsx	Trip1	528	Trip1	59Sr2	59	59	False	False	Site 59	https://rubalkhali.science/kb/RAK_1000059	Surface	False	core_sites_1_60	True	True	True	True		Measured	Pro	0	True	MiSeq	False		0	False	False	False	True
Sample_Mastersheet.xlsx	Trip1	529	Trip1	59Sr3	59	59	False	False	Site 59	https://rubalkhali.science/kb/RAK_1000059	Surface	False	core_sites_1_60	True	True	True	True		Extracted	PowerSoil		True	MiSeq	False		0	False	False	False	True
Sample_Mastersheet.xlsx	Trip1	530	Trip1	59PRr1	59	59	False	False	Site 59	https://rubalkhali.science/kb/RAK_1000059	Rhizosphere	False	core_sites_1_60	True	True	True	True		Extracted	PowerSoil		False		False		0	False	False	False	True
Sample_Mastersheet.xlsx	Trip1	531	Trip1	59PRr2	59	59	False	False	Site 59	https://rubalkhali.science/kb/RAK_1000059	Rhizosphere	False	core_sites_1_60	True	True	True	True		Measured	Pro	0.006562099871959	False		False		0	False	False	False	True
Sample_Mastersheet.xlsx	Trip1	532	Trip1	59PRr3	59	59	False	False	Site 59	https://rubalkhali.science/kb/RAK_1000059	Rhizosphere	False	core_sites_1_60	True	True	True	True		Measured	Pro	0.019486235595391	True	Both	False		1	True	True	True	True
Sample_Mastersheet.xlsx	Trip1	533	Trip1	60Dr1	60	60	False	False	Site 60	https://rubalkhali.science/kb/RAK_1000060	Deep	False	core_sites_1_60	True	True	True	True		Extracted	PowerSoil		False		False		0	False	False	False	True
Sample_Mastersheet.xlsx	Trip1	534	Trip1	60Dr2	60	60	False	False	Site 60	https://rubalkhali.science/kb/RAK_1000060	Deep	False	core_sites_1_60	True	True	True	True		Measured	Pro	0.02812900128041	True	Both	False		1	True	True	True	True
Sample_Mastersheet.xlsx	Trip1	535	Trip1	60Dr3	60	60	False	False	Site 60	https://rubalkhali.science/kb/RAK_1000060	Deep	False	core_sites_1_60	True	True	True	True		Measured	Pro	0	True	Both	False		1	True	True	True	True
Sample_Mastersheet.xlsx	Trip1	536	Trip1	60Sr1	60	60	False	False	Site 60	https://rubalkhali.science/kb/RAK_1000060	Surface	False	core_sites_1_60	True	True	True	True		Measured	Pro	0	False		False		0	False	False	False	True
Sample_Mastersheet.xlsx	Trip1	537	Trip1	60Sr2	60	60	False	False	Site 60	https://rubalkhali.science/kb/RAK_1000060	Surface	False	core_sites_1_60	True	True	True	True		Measured	Pro	0	False		False		0	False	False	False	True
Sample_Mastersheet.xlsx	Trip1	538	Trip1	60Sr3	60	60	False	False	Site 60	https://rubalkhali.science/kb/RAK_1000060	Surface	False	core_sites_1_60	True	True	True	True		Measured	PowerSoil	0	True	Both	False		1	True	True	True	True
Sample_Mastersheet.xlsx	Trip1	539	Trip1	60PRr1	60	60	False	False	Site 60	https://rubalkhali.science/kb/RAK_1000060	Rhizosphere	False	core_sites_1_60	True	True	True	True		Extracted	PowerSoil		False		False		0	False	False	False	True
Sample_Mastersheet.xlsx	Trip1	540	Trip1	60PRr2	60	60	False	False	Site 60	https://rubalkhali.science/kb/RAK_1000060	Rhizosphere	False	core_sites_1_60	True	True	True	True		Measured	Pro	0	False		False		0	False	False	False	True
Sample_Mastersheet.xlsx	Trip1	541	Trip1	60PRr3	60	60	False	False	Site 60	https://rubalkhali.science/kb/RAK_1000060	Rhizosphere	False	core_sites_1_60	True	True	True	True					False		False		0	False	False	False	False
Sample_Mastersheet.xlsx	Trip1	542	Trip1	61Dr1	61	61	False	True	Site water well (location 2)	https://rubalkhali.science/kb/RAK_1000067	Deep	False	trip1_only_nonrevisited	False	True	True	True		Measured	PowerSoil	0	True	MiSeq	False		0	False	False	False	True
Sample_Mastersheet.xlsx	Trip1	543	Trip1	61Dr2	61	61	False	True	Site water well (location 2)	https://rubalkhali.science/kb/RAK_1000067	Deep	False	trip1_only_nonrevisited	False	True	True	True		Measured	Pro	0.019406209987196	False		False		0	False	False	False	True
Sample_Mastersheet.xlsx	Trip1	544	Trip1	61Dr3	61	61	False	True	Site water well (location 2)	https://rubalkhali.science/kb/RAK_1000067	Deep	False	trip1_only_nonrevisited	False	True	True	True		Measured	Pro	0.007802496798976	False		False		0	False	False	False	True
Sample_Mastersheet.xlsx	Trip1	545	Trip1	61Sr1	61	61	False	True	Site water well (location 2)	https://rubalkhali.science/kb/RAK_1000067	Surface	False	trip1_only_nonrevisited	False	True	True	True		Measured	PowerSoil	0.001800576184379	False		False		0	False	False	False	True
Sample_Mastersheet.xlsx	Trip1	546	Trip1	61Sr2	61	61	False	True	Site water well (location 2)	https://rubalkhali.science/kb/RAK_1000067	Surface	False	trip1_only_nonrevisited	False	True	True	True		Extracted	PowerSoil		True	Both	False		0	False	True	True	True
Sample_Mastersheet.xlsx	Trip1	547	Trip1	61Sr3	61	61	False	True	Site water well (location 2)	https://rubalkhali.science/kb/RAK_1000067	Surface	False	trip1_only_nonrevisited	False	True	True	True		Measured	Pro	0	False		False		0	False	False	False	True
Sample_Mastersheet.xlsx	Trip1	548	Trip1	61PRr1	61	61	False	True	Site water well (location 2)	https://rubalkhali.science/kb/RAK_1000067	Rhizosphere	False	trip1_only_nonrevisited	False	True	True	True		Measured	PowerSoil	0.05237676056338	False		False		0	False	False	False	True
Sample_Mastersheet.xlsx	Trip1	549	Trip1	61PRr2	61	61	False	True	Site water well (location 2)	https://rubalkhali.science/kb/RAK_1000067	Rhizosphere	False	trip1_only_nonrevisited	False	True	True	True		Measured	Pro	0.010643405889885	False		False		0	False	False	False	True
Sample_Mastersheet.xlsx	Trip1	550	Trip1	61PRr3	61	61	False	True	Site water well (location 2)	https://rubalkhali.science/kb/RAK_1000067	Rhizosphere	False	trip1_only_nonrevisited	False	True	True	True		Measured	Pro	0	True	MiSeq	False		0	False	False	False	True
Sample_Mastersheet.xlsx	Trip1	551	Trip1	62Dr1	62	62	False	True	Site road (location 1)	https://rubalkhali.science/kb/RAK_1000068	Deep	False	trip1_only_nonrevisited	False	True	True	True		Measured	Pro	0.001160371318822	False		False		0	False	False	False	True
Sample_Mastersheet.xlsx	Trip1	552	Trip1	62Dr2	62	62	False	True	Site road (location 1)	https://rubalkhali.science/kb/RAK_1000068	Deep	False	trip1_only_nonrevisited	False	True	True	True		Extracted	PowerSoil		False		False		0	False	False	False	True
Sample_Mastersheet.xlsx	Trip1	553	Trip1	62Dr3	62	62	False	True	Site road (location 1)	https://rubalkhali.science/kb/RAK_1000068	Deep	False	trip1_only_nonrevisited	False	True	True	True		Measured	Pro	0	False		False		0	False	False	False	True
Sample_Mastersheet.xlsx	Trip1	554	Trip1	62Sr1	62	62	False	True	Site road (location 1)	https://rubalkhali.science/kb/RAK_1000068	Surface	False	trip1_only_nonrevisited	False	True	True	True		Measured	Pro	0	False		False		0	False	False	False	True
Sample_Mastersheet.xlsx	Trip1	555	Trip1	62Sr2	62	62	False	True	Site road (location 1)	https://rubalkhali.science/kb/RAK_1000068	Surface	False	trip1_only_nonrevisited	False	True	True	True		Measured	PowerSoil	0.009580975102155	True	MiSeq	True	NEBNext	0	False	False	False	True
Sample_Mastersheet.xlsx	Trip1	556	Trip1	62Sr3	62	62	False	True	Site road (location 1)	https://rubalkhali.science/kb/RAK_1000068	Surface	False	trip1_only_nonrevisited	False	True	True	True		Measured	Pro	0	True	Both	False		0	False	True	True	True
Sample_Mastersheet.xlsx	Trip1	557	Trip1	62PRr1	62	62	False	True	Site road (location 1)	https://rubalkhali.science/kb/RAK_1000068	Rhizosphere	False	trip1_only_nonrevisited	False	True	True	True		Extracted	PowerSoil		False		False		0	False	False	False	True
Sample_Mastersheet.xlsx	Trip1	558	Trip1	62PRr2	62	62	False	True	Site road (location 1)	https://rubalkhali.science/kb/RAK_1000068	Rhizosphere	False	trip1_only_nonrevisited	False	True	True	True		Measured	Pro	0.17737676056338	True	Both	True	NEBNext	0	False	True	True	True
Sample_Mastersheet.xlsx	Trip1	559	Trip1	62PRr3	62	62	False	True	Site road (location 1)	https://rubalkhali.science/kb/RAK_1000068	Rhizosphere	False	trip1_only_nonrevisited	False	True	True	True		Measured	Pro	0.144686299615877	False		False		0	False	False	False	True
Sample_Mastersheet.xlsx	Trip1	560	Trip1	63Dr1	63	63	False	True	Site road (location 2)	https://rubalkhali.science/kb/RAK_1000069	Deep	False	trip1_only_nonrevisited	False	True	True	True					False		False		0	False	False	False	False
Sample_Mastersheet.xlsx	Trip1	561	Trip1	63Dr2	63	63	False	True	Site road (location 2)	https://rubalkhali.science/kb/RAK_1000069	Deep	False	trip1_only_nonrevisited	False	True	True	True					False		False		0	False	False	False	False
Sample_Mastersheet.xlsx	Trip1	562	Trip1	63Dr3	63	63	False	True	Site road (location 2)	https://rubalkhali.science/kb/RAK_1000069	Deep	False	trip1_only_nonrevisited	False	True	True	True		Measured	Pro	0.004481434058899	False		False		0	False	False	False	True
Sample_Mastersheet.xlsx	Trip1	563	Trip1	63Sr1	63	63	False	True	Site road (location 2)	https://rubalkhali.science/kb/RAK_1000069	Surface	False	trip1_only_nonrevisited	False	True	True	True		Extracted	PowerSoil		False		False		0	False	False	False	True
Sample_Mastersheet.xlsx	Trip1	564	Trip1	63Sr2	63	63	False	True	Site road (location 2)	https://rubalkhali.science/kb/RAK_1000069	Surface	False	trip1_only_nonrevisited	False	True	True	True		Measured	Pro	0	False		False		0	False	False	False	True
Sample_Mastersheet.xlsx	Trip1	565	Trip1	63Sr3	63	63	False	True	Site road (location 2)	https://rubalkhali.science/kb/RAK_1000069	Surface	False	trip1_only_nonrevisited	False	True	True	True		Measured	Pro	0	True	Both	False		0	False	True	False	True
Sample_Mastersheet.xlsx	Trip1	566	Trip1	63PRr1	63	63	False	True	Site road (location 2)	https://rubalkhali.science/kb/RAK_1000069	Rhizosphere	False	trip1_only_nonrevisited	False	True	True	True					False		False		0	False	False	False	False
Sample_Mastersheet.xlsx	Trip1	567	Trip1	63PRr2	63	63	False	True	Site road (location 2)	https://rubalkhali.science/kb/RAK_1000069	Rhizosphere	False	trip1_only_nonrevisited	False	True	True	True		Measured	Pro	0.002920934699104	False		False		0	False	False	False	True
Sample_Mastersheet.xlsx	Trip1	568	Trip1	63PRr3	63	63	False	True	Site road (location 2)	https://rubalkhali.science/kb/RAK_1000069	Rhizosphere	False	trip1_only_nonrevisited	False	True	True	True		Measured	Pro	0.003000960307298	True	Both	False		0	False	True	True	True
Sample_Mastersheet.xlsx	Trip1	569	Trip1	64Dr1	64	64	False	True	Site camground	https://rubalkhali.science/kb/RAK_1000070	Deep	False	trip1_only_nonrevisited	False	True	True	True					False		False		0	False	False	False	False
Sample_Mastersheet.xlsx	Trip1	570	Trip1	64Dr2	64	64	False	True	Site camground	https://rubalkhali.science/kb/RAK_1000070	Deep	False	trip1_only_nonrevisited	False	True	True	True		Measured	Pro	8.3810419334187	True	MiSeq	False		0	False	False	False	True
Sample_Mastersheet.xlsx	Trip1	571	Trip1	64Dr3	64	64	False	True	Site camground	https://rubalkhali.science/kb/RAK_1000070	Deep	False	trip1_only_nonrevisited	False	True	True	True		Measured	Pro	16.9357794494238	True	Both	True	Qiagen	0	False	True	True	True
Sample_Mastersheet.xlsx	Trip1	572	Trip1	64Sr1	64	64	False	True	Site camground	https://rubalkhali.science/kb/RAK_1000070	Surface	False	trip1_only_nonrevisited	False	True	True	True		Measured	Pro	0.832626440460947	True	Both	False		0	False	True	True	True
Sample_Mastersheet.xlsx	Trip1	573	Trip1	64Sr2	64	64	False	True	Site camground	https://rubalkhali.science/kb/RAK_1000070	Surface	False	trip1_only_nonrevisited	False	True	True	True		Measured	Pro	1.15633002560819	True	Both	False		0	False	True	True	True
Sample_Mastersheet.xlsx	Trip1	574	Trip1	64Sr3	64	64	False	True	Site camground	https://rubalkhali.science/kb/RAK_1000070	Surface	False	trip1_only_nonrevisited	False	True	True	True		Measured	Pro	1.0446943021767	True	Both	False		0	False	True	True	True
Sample_Mastersheet.xlsx	Trip1	575	Trip1	64PRr1	64	64	False	True	Site camground	https://rubalkhali.science/kb/RAK_1000070	Rhizosphere	False	trip1_only_nonrevisited	False	True	True	True		Measured	PowerSoil	74.1260803457106	False		False		0	False	False	False	True
Sample_Mastersheet.xlsx	Trip1	576	Trip1	64PRr2	64	64	False	True	Site camground	https://rubalkhali.science/kb/RAK_1000070	Rhizosphere	False	trip1_only_nonrevisited	False	True	True	True		Measured	Pro	89.731073943662	True	Both	True	Qiagen	0	False	True	True	True
Sample_Mastersheet.xlsx	Trip1	577	Trip1	64PRr3	64	64	False	True	Site camground	https://rubalkhali.science/kb/RAK_1000070	Rhizosphere	False	trip1_only_nonrevisited	False	True	True	True		Measured	Pro	86.9301776568502	True	Both	False		0	False	True	True	True
Sample_Mastersheet.xlsx	Trip1	578	Trip1	- Ctrl 1	Control	Control	False	False				True	laboratory_control	False	False	False	False	control_requires_explicit_control_model	Measured	PowerSoil	1.62848111395647	False	NovaSeq	False		0	False	False	False	False
Sample_Mastersheet.xlsx	Trip1	579	Trip1	- Ctrl 2	Control	Control	False	False				True	laboratory_control	False	False	False	False	control_requires_explicit_control_model				False		False		0	False	False	False	False
Sample_Mastersheet.xlsx	Trip1	580	Trip1	- Ctrl 3	Control	Control	False	False				True	laboratory_control	False	False	False	False	control_requires_explicit_control_model	Measured	PowerSoil	3.26	True	MiSeq	False		0	False	False	False	False
Sample_Mastersheet.xlsx	Trip1	581	Trip1	=+ Ctrl 1	Control	Control	False	False				True	laboratory_control	False	False	False	False	control_requires_explicit_control_model	Measured	PowerSoil	2.19	True	MiSeq	False		0	False	False	False	False
Sample_Mastersheet.xlsx	Trip1	582	Trip1	=+ Ctrl 2	Control	Control	False	False				True	laboratory_control	False	False	False	False	control_requires_explicit_control_model				True	NovaSeq	False		0	False	False	False	False
Sample_Mastersheet.xlsx	Trip1	583	Trip1	=+ Ctrl 3	Control	Control	False	False				True	laboratory_control	False	False	False	False	control_requires_explicit_control_model				True	NovaSeq	False		0	False	False	False	False
Sample_Mastersheet.xlsx	Trip1	584	Trip1	- Ctrl PCR	Control	Control	False	False				True	laboratory_control	False	False	False	False	control_requires_explicit_control_model				True	Both	False		0	False	False	False	False
Sample_Mastersheet.xlsx	Trip1	585	Trip1	Extraction Ctrl	Control	Control	False	False				True	laboratory_control	False	False	False	False	control_requires_explicit_control_model	Measured	PowerSoil	0	True	MiSeq	False		0	False	False	False	False
Sample_Mastersheet.xlsx	Trip1	586	Trip1	- Ctrl PCR 2	Control	Control	False	False				True	laboratory_control	False	False	False	False	control_requires_explicit_control_model				False		False		0	False	False	False	False
Sample_Mastersheet.xlsx	Trip1	587	Trip1	Extraction Ctrl 2	Control	Control	False	False				True	laboratory_control	False	False	False	False	control_requires_explicit_control_model	Measured	Pro	0	True	MiSeq	False		0	False	False	False	False
Sample_Mastersheet.xlsx	Trip2	2	Trip2	T1Dr1	1	1	False	False	Site 1	https://rubalkhali.science/kb/RAK_1000001	Deep	False	core_sites_1_60	True	True	True	True		Measured	PowerSoil	0.6052561008	True	NovaSeq	False		2	True	True	True	True
Sample_Mastersheet.xlsx	Trip2	3	Trip2	T1Dr2	1	1	False	False	Site 1	https://rubalkhali.science/kb/RAK_1000001	Deep	False	core_sites_1_60	True	True	True	True		Measured	Pro	0.368	False		True	Qiagen	0	False	False	False	True
Sample_Mastersheet.xlsx	Trip2	4	Trip2	T1Dr3	1	1	False	False	Site 1	https://rubalkhali.science/kb/RAK_1000001	Deep	False	core_sites_1_60	True	True	True	True		Measured	Pro	0.329	False		False		0	False	False	False	True
Sample_Mastersheet.xlsx	Trip2	5	Trip2	T1Sr1	1	1	False	False	Site 1	https://rubalkhali.science/kb/RAK_1000001	Surface	False	core_sites_1_60	True	True	True	True		Measured	Pro	0	False		False		0	False	False	False	True
Sample_Mastersheet.xlsx	Trip2	6	Trip2	T1Sr2	1	1	False	False	Site 1	https://rubalkhali.science/kb/RAK_1000001	Surface	False	core_sites_1_60	True	True	True	True		Measured	PowerSoil	0.03700724055	False		False		0	False	False	False	True
Sample_Mastersheet.xlsx	Trip2	7	Trip2	T1Sr3	1	1	False	False	Site 1	https://rubalkhali.science/kb/RAK_1000001	Surface	False	core_sites_1_60	True	True	True	True		Measured	Pro	0	False		False		0	False	False	False	True
Sample_Mastersheet.xlsx	Trip2	8	Trip2	T1PRr1	1	1	False	False	Site 1	https://rubalkhali.science/kb/RAK_1000001	Rhizosphere	False	core_sites_1_60	True	True	True	True		Measured	Pro	7.63	False		False		0	False	False	False	True
Sample_Mastersheet.xlsx	Trip2	9	Trip2	T1PRr2	1	1	False	False	Site 1	https://rubalkhali.science/kb/RAK_1000001	Rhizosphere	False	core_sites_1_60	True	True	True	True					False		True	Qiagen	0	False	False	False	False
Sample_Mastersheet.xlsx	Trip2	10	Trip2	T1PRr3	1	1	False	False	Site 1	https://rubalkhali.science/kb/RAK_1000001	Rhizosphere	False	core_sites_1_60	True	True	True	True		Measured	PowerSoil	5.122106016	True	NovaSeq	False		1	True	True	True	True
Sample_Mastersheet.xlsx	Trip2	11	Trip2	T2Dr1	2	2	False	False	Site 2	https://rubalkhali.science/kb/RAK_1000002	Deep	False	core_sites_1_60	True	True	True	True		Measured	Pro	0	False		False		0	False	False	False	True
Sample_Mastersheet.xlsx	Trip2	12	Trip2	T2Dr2	2	2	False	False	Site 2	https://rubalkhali.science/kb/RAK_1000002	Deep	False	core_sites_1_60	True	True	True	True					True	NovaSeq	True	Qiagen	2	True	True	True	True
Sample_Mastersheet.xlsx	Trip2	13	Trip2	T2Dr3	2	2	False	False	Site 2	https://rubalkhali.science/kb/RAK_1000002	Deep	False	core_sites_1_60	True	True	True	True		Measured	Pro	0	False		False		0	False	False	False	True
Sample_Mastersheet.xlsx	Trip2	14	Trip2	T2Sr1	2	2	False	False	Site 2	https://rubalkhali.science/kb/RAK_1000002	Surface	False	core_sites_1_60	True	True	True	True		Measured	Pro	0	False		False		0	False	False	False	True
Sample_Mastersheet.xlsx	Trip2	15	Trip2	T2Sr2	2	2	False	False	Site 2	https://rubalkhali.science/kb/RAK_1000002	Surface	False	core_sites_1_60	True	True	True	True		Measured	Pro	0.117	False		True	Qiagen	0	False	False	False	True
Sample_Mastersheet.xlsx	Trip2	16	Trip2	T2Sr3	2	2	False	False	Site 2	https://rubalkhali.science/kb/RAK_1000002	Surface	False	core_sites_1_60	True	True	True	True		Measured	PowerSoil	0.1811924555	False		False		0	False	False	False	True
Sample_Mastersheet.xlsx	Trip2	17	Trip2	T2PRr1	2	2	False	False	Site 2	https://rubalkhali.science/kb/RAK_1000002	Rhizosphere	False	core_sites_1_60	True	True	True	True		Measured	PowerSoil	23.29766693	True	NovaSeq	False		1	True	True	True	True
Sample_Mastersheet.xlsx	Trip2	18	Trip2	T2PRr2	2	2	False	False	Site 2	https://rubalkhali.science/kb/RAK_1000002	Rhizosphere	False	core_sites_1_60	True	True	True	True					False		True	Qiagen	0	False	False	False	False
Sample_Mastersheet.xlsx	Trip2	19	Trip2	T2PRr3	2	2	False	False	Site 2	https://rubalkhali.science/kb/RAK_1000002	Rhizosphere	False	core_sites_1_60	True	True	True	True		Measured	Pro	39.3	True	NovaSeq	False		1	True	True	True	True
Sample_Mastersheet.xlsx	Trip2	20	Trip2	T3Dr1	3	3	False	False	Site 3	https://rubalkhali.science/kb/RAK_1000003	Deep	False	core_sites_1_60	True	True	True	True		Measured	Pro	0	False		False		0	False	False	False	True
Sample_Mastersheet.xlsx	Trip2	21	Trip2	T3Dr2	3	3	False	False	Site 3	https://rubalkhali.science/kb/RAK_1000003	Deep	False	core_sites_1_60	True	True	True	True		Measured	PowerSoil	0.009654062751	True	NovaSeq	False		1	True	True	True	True
Sample_Mastersheet.xlsx	Trip2	22	Trip2	T3Dr3	3	3	False	False	Site 3	https://rubalkhali.science/kb/RAK_1000003	Deep	False	core_sites_1_60	True	True	True	True		Measured	Pro	0	False		False		0	False	False	False	True
Sample_Mastersheet.xlsx	Trip2	23	Trip2	T3Sr1	3	3	False	False	Site 3	https://rubalkhali.science/kb/RAK_1000003	Surface	False	core_sites_1_60	True	True	True	True					False		False		0	False	False	False	False
Sample_Mastersheet.xlsx	Trip2	24	Trip2	T3Sr2	3	3	False	False	Site 3	https://rubalkhali.science/kb/RAK_1000003	Surface	False	core_sites_1_60	True	True	True	True		Measured	Pro	0	False		False		0	False	False	False	True
Sample_Mastersheet.xlsx	Trip2	25	Trip2	T3Sr3	3	3	False	False	Site 3	https://rubalkhali.science/kb/RAK_1000003	Surface	False	core_sites_1_60	True	True	True	True		Measured	Pro	0	False		False		0	False	False	False	True
Sample_Mastersheet.xlsx	Trip2	26	Trip2	T3PRr1	3	3	False	False	Site 3	https://rubalkhali.science/kb/RAK_1000003	Rhizosphere	False	core_sites_1_60	True	True	True	True		Measured	PowerSoil	0.0285152409	False		False		0	False	False	False	True
Sample_Mastersheet.xlsx	Trip2	27	Trip2	T3PRr2	3	3	False	False	Site 3	https://rubalkhali.science/kb/RAK_1000003	Rhizosphere	False	core_sites_1_60	True	True	True	True		Measured	Pro	0	False		False		0	False	False	False	True
Sample_Mastersheet.xlsx	Trip2	28	Trip2	T3PRr3	3	3	False	False	Site 3	https://rubalkhali.science/kb/RAK_1000003	Rhizosphere	False	core_sites_1_60	True	True	True	True		Measured	Pro	0	False		False		0	False	False	False	True
Sample_Mastersheet.xlsx	Trip2	29	Trip2	T4Dr1	4	4	False	False	Site 4	https://rubalkhali.science/kb/RAK_1000004	Deep	False	core_sites_1_60	True	True	True	True		Measured	Pro	0	False		False		0	False	False	False	True
Sample_Mastersheet.xlsx	Trip2	30	Trip2	T4Dr2	4	4	False	False	Site 4	https://rubalkhali.science/kb/RAK_1000004	Deep	False	core_sites_1_60	True	True	True	True		Measured	PowerSoil	0.02172164119	False		False		0	False	False	False	True
Sample_Mastersheet.xlsx	Trip2	31	Trip2	T4Dr3	4	4	False	False	Site 4	https://rubalkhali.science/kb/RAK_1000004	Deep	False	core_sites_1_60	True	True	True	True		Measured	Pro	0	False		False		0	False	False	False	True
Sample_Mastersheet.xlsx	Trip2	32	Trip2	T4Sr1	4	4	False	False	Site 4	https://rubalkhali.science/kb/RAK_1000004	Surface	False	core_sites_1_60	True	True	True	True		Measured	Pro	0	True	NovaSeq	False		1	True	True	True	True
Sample_Mastersheet.xlsx	Trip2	33	Trip2	T4Sr2	4	4	False	False	Site 4	https://rubalkhali.science/kb/RAK_1000004	Surface	False	core_sites_1_60	True	True	True	True		Measured	PowerSoil	0.01040582726	False		False		0	False	False	False	True
Sample_Mastersheet.xlsx	Trip2	34	Trip2	T4Sr3	4	4	False	False	Site 4	https://rubalkhali.science/kb/RAK_1000004	Surface	False	core_sites_1_60	True	True	True	True		Measured	Pro	0	False		False		0	False	False	False	True
Sample_Mastersheet.xlsx	Trip2	35	Trip2	T4PRr1	4	4	False	False	Site 4	https://rubalkhali.science/kb/RAK_1000004	Rhizosphere	False	core_sites_1_60	True	True	True	True		Measured	PowerSoil	1.936265308	True	NovaSeq	False		1	True	True	True	True
Sample_Mastersheet.xlsx	Trip2	36	Trip2	T4PRr2	4	4	False	False	Site 4	https://rubalkhali.science/kb/RAK_1000004	Rhizosphere	False	core_sites_1_60	True	True	True	True		Measured	Pro	1.11	True	NovaSeq	False		1	True	True	False	True
Sample_Mastersheet.xlsx	Trip2	37	Trip2	T4PRr3	4	4	False	False	Site 4	https://rubalkhali.science/kb/RAK_1000004	Rhizosphere	False	core_sites_1_60	True	True	True	True					False		True	Qiagen	0	False	False	False	False
Sample_Mastersheet.xlsx	Trip2	38	Trip2	T5Dr1	5	5	False	False	Site 5	https://rubalkhali.science/kb/RAK_1000005	Deep	False	core_sites_1_60	True	True	True	True		Measured	Pro	0.094	False		False		0	False	False	False	True
Sample_Mastersheet.xlsx	Trip2	39	Trip2	T5Dr2	5	5	False	False	Site 5	https://rubalkhali.science/kb/RAK_1000005	Deep	False	core_sites_1_60	True	True	True	True		Measured	Pro	1.62	False		False		0	False	False	False	True
Sample_Mastersheet.xlsx	Trip2	40	Trip2	T5Dr3	5	5	False	False	Site 5	https://rubalkhali.science/kb/RAK_1000005	Deep	False	core_sites_1_60	True	True	True	True		Measured	PowerSoil	2.73298901	True	NovaSeq	True	Qiagen	0	False	False	False	True
Sample_Mastersheet.xlsx	Trip2	41	Trip2	T5Sr1	5	5	False	False	Site 5	https://rubalkhali.science/kb/RAK_1000005	Surface	False	core_sites_1_60	True	True	True	True		Measured	Pro	1.18	True	NovaSeq	False		1	True	True	True	True
Sample_Mastersheet.xlsx	Trip2	42	Trip2	T5Sr2	5	5	False	False	Site 5	https://rubalkhali.science/kb/RAK_1000005	Surface	False	core_sites_1_60	True	True	True	True		Measured	Pro	2.65	True	NovaSeq	True	Qiagen	1	True	True	True	True
Sample_Mastersheet.xlsx	Trip2	43	Trip2	T5Sr3	5	5	False	False	Site 5	https://rubalkhali.science/kb/RAK_1000005	Surface	False	core_sites_1_60	True	True	True	True		Measured	PowerSoil	0.004441511637	True	NovaSeq	False		1	True	True	True	True
Sample_Mastersheet.xlsx	Trip2	44	Trip2	T5PRr1	5	5	False	False	Site 5	https://rubalkhali.science/kb/RAK_1000005	Rhizosphere	False	core_sites_1_60	True	True	True	True					True	NovaSeq	False		1	True	True	True	True
Sample_Mastersheet.xlsx	Trip2	45	Trip2	T5PRr2	5	5	False	False	Site 5	https://rubalkhali.science/kb/RAK_1000005	Rhizosphere	False	core_sites_1_60	True	True	True	True					False		False		0	False	False	False	False
Sample_Mastersheet.xlsx	Trip2	46	Trip2	T5PRr3	5	5	False	False	Site 5	https://rubalkhali.science/kb/RAK_1000005	Rhizosphere	False	core_sites_1_60	True	True	True	True					False		True	Qiagen	0	False	False	False	False
Sample_Mastersheet.xlsx	Trip2	47	Trip2	T6Dr1	6	6	False	False	Site 6	https://rubalkhali.science/kb/RAK_1000006	Deep	False	core_sites_1_60	True	True	True	True		Measured	PowerSoil	0.02806829356	True	NovaSeq	False		1	True	True	True	True
Sample_Mastersheet.xlsx	Trip2	48	Trip2	T6Dr2	6	6	False	False	Site 6	https://rubalkhali.science/kb/RAK_1000006	Deep	False	core_sites_1_60	True	True	True	True					True	NovaSeq	False		1	True	True	True	True
Sample_Mastersheet.xlsx	Trip2	49	Trip2	T6Dr3	6	6	False	False	Site 6	https://rubalkhali.science/kb/RAK_1000006	Deep	False	core_sites_1_60	True	True	True	True					False		True	Qiagen	0	False	False	False	False
Sample_Mastersheet.xlsx	Trip2	50	Trip2	T6Sr1	6	6	False	False	Site 6	https://rubalkhali.science/kb/RAK_1000006	Surface	False	core_sites_1_60	True	True	True	True		Measured	PowerSoil	0	True	NovaSeq	False		0	False	False	False	True
Sample_Mastersheet.xlsx	Trip2	51	Trip2	T6Sr2	6	6	False	False	Site 6	https://rubalkhali.science/kb/RAK_1000006	Surface	False	core_sites_1_60	True	True	True	True		Measured	Pro	0	False		False		0	False	False	False	True
Sample_Mastersheet.xlsx	Trip2	52	Trip2	T6Sr3	6	6	False	False	Site 6	https://rubalkhali.science/kb/RAK_1000006	Surface	False	core_sites_1_60	True	True	True	True		Measured	Pro	0	True	NovaSeq	False		1	True	True	True	True
Sample_Mastersheet.xlsx	Trip2	53	Trip2	T6PRr1	6	6	False	False	Site 6	https://rubalkhali.science/kb/RAK_1000006	Rhizosphere	False	core_sites_1_60	True	True	True	True					False		True	Qiagen	0	False	False	False	False
Sample_Mastersheet.xlsx	Trip2	54	Trip2	T6PRr2	6	6	False	False	Site 6	https://rubalkhali.science/kb/RAK_1000006	Rhizosphere	False	core_sites_1_60	True	True	True	True		Measured	PowerSoil	0.141	True	NovaSeq	False		1	True	True	True	True
Sample_Mastersheet.xlsx	Trip2	55	Trip2	T6PRr3	6	6	False	False	Site 6	https://rubalkhali.science/kb/RAK_1000006	Rhizosphere	False	core_sites_1_60	True	True	True	True		Measured	Pro	14.3	True	NovaSeq	False		1	True	True	True	True
Sample_Mastersheet.xlsx	Trip2	56	Trip2	T7Dr1	7	7	False	False	Site 7	https://rubalkhali.science/kb/RAK_1000007	Deep	False	core_sites_1_60	True	True	True	True		Measured	PowerSoil	0.0008045052293	False		False		0	False	False	False	True
Sample_Mastersheet.xlsx	Trip2	57	Trip2	T7Dr2	7	7	False	False	Site 7	https://rubalkhali.science/kb/RAK_1000007	Deep	False	core_sites_1_60	True	True	True	True		Measured	Pro	0	True	NovaSeq	False		1	True	False	False	True
Sample_Mastersheet.xlsx	Trip2	58	Trip2	T7Dr3	7	7	False	False	Site 7	https://rubalkhali.science/kb/RAK_1000007	Deep	False	core_sites_1_60	True	True	True	True					True	NovaSeq	True	Qiagen	1	True	True	True	True
Sample_Mastersheet.xlsx	Trip2	59	Trip2	T7Sr1	7	7	False	False	Site 7	https://rubalkhali.science/kb/RAK_1000007	Surface	False	core_sites_1_60	True	True	True	True		Measured	Pro	0	False		False		0	False	False	False	True
Sample_Mastersheet.xlsx	Trip2	60	Trip2	T7Sr2	7	7	False	False	Site 7	https://rubalkhali.science/kb/RAK_1000007	Surface	False	core_sites_1_60	True	True	True	True		Measured	PowerSoil	0.003553209309	True	NovaSeq	False		0	False	False	False	True
Sample_Mastersheet.xlsx	Trip2	61	Trip2	T7Sr3	7	7	False	False	Site 7	https://rubalkhali.science/kb/RAK_1000007	Surface	False	core_sites_1_60	True	True	True	True		Measured	Pro	0	True	NovaSeq	False		1	True	False	False	True
Sample_Mastersheet.xlsx	Trip2	62	Trip2	T7PRr1	7	7	False	False	Site 7	https://rubalkhali.science/kb/RAK_1000007	Rhizosphere	False	core_sites_1_60	True	True	True	True		Measured	Pro	0.186	True	NovaSeq	True	Qiagen	1	True	True	False	True
Sample_Mastersheet.xlsx	Trip2	63	Trip2	T7PRr2	7	7	False	False	Site 7	https://rubalkhali.science/kb/RAK_1000007	Rhizosphere	False	core_sites_1_60	True	True	True	True		Measured	PowerSoil	0.04505229284	True	NovaSeq	False		1	True	True	True	True
Sample_Mastersheet.xlsx	Trip2	64	Trip2	T7PRr3	7	7	False	False	Site 7	https://rubalkhali.science/kb/RAK_1000007	Rhizosphere	False	core_sites_1_60	True	True	True	True		Measured	Pro	0	True	NovaSeq	False		1	True	True	True	True
Sample_Mastersheet.xlsx	Trip2	65	Trip2	T8Dr1	8	8	False	False	Site 8	https://rubalkhali.science/kb/RAK_1000008	Deep	False	core_sites_1_60	True	True	True	True		Measured	PowerSoil	0	True	NovaSeq	True	Qiagen	1	True	True	True	True
Sample_Mastersheet.xlsx	Trip2	66	Trip2	T8Dr2	8	8	False	False	Site 8	https://rubalkhali.science/kb/RAK_1000008	Deep	False	core_sites_1_60	True	True	True	True		Measured	Pro	0	False		False		0	False	False	False	True
Sample_Mastersheet.xlsx	Trip2	67	Trip2	T8Dr3	8	8	False	False	Site 8	https://rubalkhali.science/kb/RAK_1000008	Deep	False	core_sites_1_60	True	True	True	True					True	NovaSeq	False		1	True	True	False	True
Sample_Mastersheet.xlsx	Trip2	68	Trip2	T8Sr1	8	8	False	False	Site 8	https://rubalkhali.science/kb/RAK_1000008	Surface	False	core_sites_1_60	True	True	True	True					False		False		0	False	False	False	False
Sample_Mastersheet.xlsx	Trip2	69	Trip2	T8Sr2	8	8	False	False	Site 8	https://rubalkhali.science/kb/RAK_1000008	Surface	False	core_sites_1_60	True	True	True	True		Measured	PowerSoil	0.01528559936	True	NovaSeq	False		0	False	False	False	True
Sample_Mastersheet.xlsx	Trip2	70	Trip2	T8Sr3	8	8	False	False	Site 8	https://rubalkhali.science/kb/RAK_1000008	Surface	False	core_sites_1_60	True	True	True	True		Measured	Pro	0.189	True	NovaSeq	False		1	True	True	True	True
Sample_Mastersheet.xlsx	Trip2	71	Trip2	T8PRr1	8	8	False	False	Site 8	https://rubalkhali.science/kb/RAK_1000008	Rhizosphere	False	core_sites_1_60	True	True	True	True					True	NovaSeq	True	Qiagen	1	True	True	True	True
Sample_Mastersheet.xlsx	Trip2	72	Trip2	T8PRr2	8	8	False	False	Site 8	https://rubalkhali.science/kb/RAK_1000008	Rhizosphere	False	core_sites_1_60	True	True	True	True		Measured	Pro	0	False		False		0	False	False	False	True
Sample_Mastersheet.xlsx	Trip2	73	Trip2	T8PRr3	8	8	False	False	Site 8	https://rubalkhali.science/kb/RAK_1000008	Rhizosphere	False	core_sites_1_60	True	True	True	True		Measured	Pro	0	True	NovaSeq	False		1	True	True	True	True
Sample_Mastersheet.xlsx	Trip3	2	Trip3	F1Dr1	1	1	False	False	Site 1	https://rubalkhali.science/kb/RAK_1000001	Deep	False	core_sites_1_60	True	True	True	True		Measured	PowerSoil	2.94105588	True	NovaSeq	True	Qiagen	1	True	True	True	True
Sample_Mastersheet.xlsx	Trip3	3	Trip3	F1Dr2	1	1	False	False	Site 1	https://rubalkhali.science/kb/RAK_1000001	Deep	False	core_sites_1_60	True	True	True	True		Measured	PowerSoil	2.017349136	True	NovaSeq	False		1	True	True	True	True
Sample_Mastersheet.xlsx	Trip3	4	Trip3	F1Dr3	1	1	False	False	Site 1	https://rubalkhali.science/kb/RAK_1000001	Deep	False	core_sites_1_60	True	True	True	True		Measured	PowerSoil	2.507607049	True	NovaSeq	False		1	True	True	True	True
Sample_Mastersheet.xlsx	Trip3	5	Trip3	F1Sr1	1	1	False	False	Site 1	https://rubalkhali.science/kb/RAK_1000001	Surface	False	core_sites_1_60	True	True	True	True		Measured	PowerSoil	0.4025397686	True	NovaSeq	True	Qiagen	1	True	True	True	True
Sample_Mastersheet.xlsx	Trip3	6	Trip3	F1Sr2	1	1	False	False	Site 1	https://rubalkhali.science/kb/RAK_1000001	Surface	False	core_sites_1_60	True	True	True	True		Measured	PowerSoil	0.03860378483	True	NovaSeq	False		1	True	True	True	True
Sample_Mastersheet.xlsx	Trip3	7	Trip3	F1Sr3	1	1	False	False	Site 1	https://rubalkhali.science/kb/RAK_1000001	Surface	False	core_sites_1_60	True	True	True	True		Measured	PowerSoil	0.1378631196	True	NovaSeq	False		1	True	True	True	True
Sample_Mastersheet.xlsx	Trip3	8	Trip3	F1PRr1	1	1	False	False	Site 1	https://rubalkhali.science/kb/RAK_1000001	Rhizosphere	False	core_sites_1_60	True	True	True	True		Measured	PowerSoil	0.1990558957	True	NovaSeq	False		1	True	True	True	True
Sample_Mastersheet.xlsx	Trip3	9	Trip3	F1PRr2	1	1	False	False	Site 1	https://rubalkhali.science/kb/RAK_1000001	Rhizosphere	False	core_sites_1_60	True	True	True	True		Measured	PowerSoil	0.717449961	True	NovaSeq	False		2	True	True	True	True
Sample_Mastersheet.xlsx	Trip3	10	Trip3	F1PRr3	1	1	False	False	Site 1	https://rubalkhali.science/kb/RAK_1000001	Rhizosphere	False	core_sites_1_60	True	True	True	True		Measured	PowerSoil	1.016704107	True	NovaSeq	True	Qiagen	1	True	True	True	True
Sample_Mastersheet.xlsx	Trip3	11	Trip3	F2Dr1	2	2	False	False	Site 2	https://rubalkhali.science/kb/RAK_1000002	Deep	False	core_sites_1_60	True	True	True	True		Measured	PowerSoil	0.99702222	True	NovaSeq	False		1	True	True	True	True
Sample_Mastersheet.xlsx	Trip3	12	Trip3	F2Dr2	2	2	False	False	Site 2	https://rubalkhali.science/kb/RAK_1000002	Deep	False	core_sites_1_60	True	True	True	True		Measured	PowerSoil	0.1442597329	True	NovaSeq	False		1	True	True	True	True
Sample_Mastersheet.xlsx	Trip3	13	Trip3	F2Dr3	2	2	False	False	Site 2	https://rubalkhali.science/kb/RAK_1000002	Deep	False	core_sites_1_60	True	True	True	True		Measured	PowerSoil	0.7281855358	True	NovaSeq	False		1	True	True	True	True
Sample_Mastersheet.xlsx	Trip3	14	Trip3	F2Sr1	2	2	False	False	Site 2	https://rubalkhali.science/kb/RAK_1000002	Surface	False	core_sites_1_60	True	True	True	True		Measured	PowerSoil	0.2252685907	True	NovaSeq	False		1	True	True	True	True
Sample_Mastersheet.xlsx	Trip3	15	Trip3	F2Sr2	2	2	False	False	Site 2	https://rubalkhali.science/kb/RAK_1000002	Surface	False	core_sites_1_60	True	True	True	True		Measured	PowerSoil	0.5720723864	True	NovaSeq	True	Qiagen	1	True	True	True	True
Sample_Mastersheet.xlsx	Trip3	16	Trip3	F2Sr3	2	2	False	False	Site 2	https://rubalkhali.science/kb/RAK_1000002	Surface	False	core_sites_1_60	True	True	True	True		Measured	PowerSoil	0.4096968184	True	NovaSeq	False		1	True	True	True	True
Sample_Mastersheet.xlsx	Trip3	17	Trip3	F2PRr1	2	2	False	False	Site 2	https://rubalkhali.science/kb/RAK_1000002	Rhizosphere	False	core_sites_1_60	True	True	True	True		Measured	PowerSoil	11.369824	True	NovaSeq	False		1	True	True	True	True
Sample_Mastersheet.xlsx	Trip3	18	Trip3	F2PRr2	2	2	False	False	Site 2	https://rubalkhali.science/kb/RAK_1000002	Rhizosphere	False	core_sites_1_60	True	True	True	True		Measured	PowerSoil	10.9001426	True	NovaSeq	False		1	True	True	True	True
Sample_Mastersheet.xlsx	Trip3	19	Trip3	F2PRr3	2	2	False	False	Site 2	https://rubalkhali.science/kb/RAK_1000002	Rhizosphere	False	core_sites_1_60	True	True	True	True		Measured	PowerSoil	26.54724279	True	NovaSeq	True	Qiagen	1	True	True	True	True
Sample_Mastersheet.xlsx	Trip3	20	Trip3	F3Dr1	3	3	False	False	Site 3	https://rubalkhali.science/kb/RAK_1000003	Deep	False	core_sites_1_60	True	True	True	True		Measured	PowerSoil	0.1725748113	True	NovaSeq	False		1	True	True	True	True
Sample_Mastersheet.xlsx	Trip3	21	Trip3	F3Dr2	3	3	False	False	Site 3	https://rubalkhali.science/kb/RAK_1000003	Deep	False	core_sites_1_60	True	True	True	True		Measured	PowerSoil	0.009796659268	True	NovaSeq	False		1	True	True	True	True
Sample_Mastersheet.xlsx	Trip3	22	Trip3	F3Dr3	3	3	False	False	Site 3	https://rubalkhali.science/kb/RAK_1000003	Deep	False	core_sites_1_60	True	True	True	True		Measured	PowerSoil	0.03426482337	True	NovaSeq	False		1	True	True	True	True
Sample_Mastersheet.xlsx	Trip3	23	Trip3	F3Sr1	3	3	False	False	Site 3	https://rubalkhali.science/kb/RAK_1000003	Surface	False	core_sites_1_60	True	True	True	True		Measured	PowerSoil	0.09013454359	True	NovaSeq	False		1	True	True	True	True
Sample_Mastersheet.xlsx	Trip3	24	Trip3	F3Sr2	3	3	False	False	Site 3	https://rubalkhali.science/kb/RAK_1000003	Surface	False	core_sites_1_60	True	True	True	True		Measured	PowerSoil	0.03006005659	True	NovaSeq	False		1	True	True	True	True
Sample_Mastersheet.xlsx	Trip3	25	Trip3	F3Sr3	3	3	False	False	Site 3	https://rubalkhali.science/kb/RAK_1000003	Surface	False	core_sites_1_60	True	True	True	True		Measured	PowerSoil	0.005055113757	True	NovaSeq	False		1	True	True	True	True
Sample_Mastersheet.xlsx	Trip3	26	Trip3	F3PRr1	3	3	False	False	Site 3	https://rubalkhali.science/kb/RAK_1000003	Rhizosphere	False	core_sites_1_60	True	True	True	True		Measured	PowerSoil	0.2387327907	True	NovaSeq	True	NEBNext	1	True	True	True	True
Sample_Mastersheet.xlsx	Trip3	27	Trip3	F3PRr2	3	3	False	False	Site 3	https://rubalkhali.science/kb/RAK_1000003	Rhizosphere	False	core_sites_1_60	True	True	True	True		Measured	PowerSoil	0.152713998	True	NovaSeq	False		1	True	True	True	True
Sample_Mastersheet.xlsx	Trip3	28	Trip3	F3PRr3	3	3	False	False	Site 3	https://rubalkhali.science/kb/RAK_1000003	Rhizosphere	False	core_sites_1_60	True	True	True	True		Measured	PowerSoil	0.1138870027	False		False		0	False	False	False	True
Sample_Mastersheet.xlsx	Trip3	29	Trip3	F4Dr1	4	4	False	False	Site 4	https://rubalkhali.science/kb/RAK_1000004	Deep	False	core_sites_1_60	True	True	True	True		Measured	PowerSoil	3.421025534	True	NovaSeq	True	Qiagen	1	True	True	True	True
Sample_Mastersheet.xlsx	Trip3	30	Trip3	F4Dr2	4	4	False	False	Site 4	https://rubalkhali.science/kb/RAK_1000004	Deep	False	core_sites_1_60	True	True	True	True		Measured	PowerSoil	1.949804478	True	NovaSeq	False		1	True	True	True	True
Sample_Mastersheet.xlsx	Trip3	31	Trip3	F4Dr3	4	4	False	False	Site 4	https://rubalkhali.science/kb/RAK_1000004	Deep	False	core_sites_1_60	True	True	True	True		Measured	PowerSoil	1.379924386	False		False		0	False	False	False	True
Sample_Mastersheet.xlsx	Trip3	32	Trip3	F4Sr1	4	4	False	False	Site 4	https://rubalkhali.science/kb/RAK_1000004	Surface	False	core_sites_1_60	True	True	True	True		Measured	PowerSoil	0.2802436797	True	NovaSeq	False		1	True	True	True	True
Sample_Mastersheet.xlsx	Trip3	33	Trip3	F4Sr2	4	4	False	False	Site 4	https://rubalkhali.science/kb/RAK_1000004	Surface	False	core_sites_1_60	True	True	True	True		Measured	PowerSoil	0.501843835	True	NovaSeq	True	Qiagen	1	True	True	True	True
Sample_Mastersheet.xlsx	Trip3	34	Trip3	F4Sr3	4	4	False	False	Site 4	https://rubalkhali.science/kb/RAK_1000004	Surface	False	core_sites_1_60	True	True	True	True		Measured	PowerSoil	0.3376790045	True	NovaSeq	False		1	True	True	True	True
Sample_Mastersheet.xlsx	Trip3	35	Trip3	F4PRr1	4	4	False	False	Site 4	https://rubalkhali.science/kb/RAK_1000004	Rhizosphere	False	core_sites_1_60	True	True	True	True		Measured	PowerSoil	3.692546112	True	NovaSeq	False		1	True	True	True	True
Sample_Mastersheet.xlsx	Trip3	36	Trip3	F4PRr2	4	4	False	False	Site 4	https://rubalkhali.science/kb/RAK_1000004	Rhizosphere	False	core_sites_1_60	True	True	True	True		Measured	PowerSoil	5.219234303	True	NovaSeq	False		1	True	True	True	True
Sample_Mastersheet.xlsx	Trip3	37	Trip3	F4PRr3	4	4	False	False	Site 4	https://rubalkhali.science/kb/RAK_1000004	Rhizosphere	False	core_sites_1_60	True	True	True	True		Measured	PowerSoil	4.610885068	False		False		0	False	False	False	True
Sample_Mastersheet.xlsx	Trip3	38	Trip3	F5Dr1	5	5	False	False	Site 5	https://rubalkhali.science/kb/RAK_1000005	Deep	False	core_sites_1_60	True	True	True	True		Measured	PowerSoil	2.244585468	False		True	Qiagen	0	False	False	False	True
Sample_Mastersheet.xlsx	Trip3	39	Trip3	F5Dr2	5	5	False	False	Site 5	https://rubalkhali.science/kb/RAK_1000005	Deep	False	core_sites_1_60	True	True	True	True		Measured	PowerSoil	1.636236233	True	NovaSeq	False		1	True	True	True	True
Sample_Mastersheet.xlsx	Trip3	40	Trip3	F5Dr3	5	5	False	False	Site 5	https://rubalkhali.science/kb/RAK_1000005	Deep	False	core_sites_1_60	True	True	True	True		Measured	PowerSoil	1.194735721	True	NovaSeq	False		1	True	True	True	True
Sample_Mastersheet.xlsx	Trip3	41	Trip3	F5Sr1	5	5	False	False	Site 5	https://rubalkhali.science/kb/RAK_1000005	Surface	False	core_sites_1_60	True	True	True	True		Measured	PowerSoil	0.1006911921	True	NovaSeq	False		1	True	True	True	True
Sample_Mastersheet.xlsx	Trip3	42	Trip3	F5Sr2	5	5	False	False	Site 5	https://rubalkhali.science/kb/RAK_1000005	Surface	False	core_sites_1_60	True	True	True	True		Measured	PowerSoil	0.4096968184	True	NovaSeq	False		1	True	True	True	True
Sample_Mastersheet.xlsx	Trip3	43	Trip3	F5Sr3	5	5	False	False	Site 5	https://rubalkhali.science/kb/RAK_1000005	Surface	False	core_sites_1_60	True	True	True	True		Measured	PowerSoil	0.1728879322	True	NovaSeq	False		1	True	True	True	True
Sample_Mastersheet.xlsx	Trip3	44	Trip3	F5PRr1	5	5	False	False	Site 5	https://rubalkhali.science/kb/RAK_1000005	Rhizosphere	False	core_sites_1_60	True	True	True	True		Measured	PowerSoil	0.8292788646	False		False		0	False	False	False	True
Sample_Mastersheet.xlsx	Trip3	45	Trip3	F5PRr2	5	5	False	False	Site 5	https://rubalkhali.science/kb/RAK_1000005	Rhizosphere	False	core_sites_1_60	True	True	True	True		Measured	PowerSoil	2.208800219	True	NovaSeq	False		1	True	True	True	True
Sample_Mastersheet.xlsx	Trip3	46	Trip3	F5PRr3	5	5	False	False	Site 5	https://rubalkhali.science/kb/RAK_1000005	Rhizosphere	False	core_sites_1_60	True	True	True	True		Measured	PowerSoil	2.388621096	False		True	Qiagen	0	False	False	False	True
Sample_Mastersheet.xlsx	Trip3	47	Trip3	F6Dr1	6	6	False	False	Site 6	https://rubalkhali.science/kb/RAK_1000006	Deep	False	core_sites_1_60	True	True	True	True		Measured	PowerSoil	0.06396658016	True	NovaSeq	False		1	True	True	True	True
Sample_Mastersheet.xlsx	Trip3	48	Trip3	F6Dr2	6	6	False	False	Site 6	https://rubalkhali.science/kb/RAK_1000006	Deep	False	core_sites_1_60	True	True	True	True		Measured	PowerSoil	1.170133363	False		True	Qiagen	0	False	False	False	True
Sample_Mastersheet.xlsx	Trip3	49	Trip3	F6Dr3	6	6	False	False	Site 6	https://rubalkhali.science/kb/RAK_1000006	Deep	False	core_sites_1_60	True	True	True	True		Measured	PowerSoil	0.1514615143	False		False		0	False	False	False	True
Sample_Mastersheet.xlsx	Trip3	50	Trip3	F6Sr1	6	6	False	False	Site 6	https://rubalkhali.science/kb/RAK_1000006	Surface	False	core_sites_1_60	True	True	True	True		Measured	PowerSoil	0.01297260013	True	NovaSeq	False		1	True	True	True	True
Sample_Mastersheet.xlsx	Trip3	51	Trip3	F6Sr2	6	6	False	False	Site 6	https://rubalkhali.science/kb/RAK_1000006	Surface	False	core_sites_1_60	True	True	True	True		Measured	PowerSoil	0.0482658021	True	NovaSeq	False		1	True	True	True	True
Sample_Mastersheet.xlsx	Trip3	52	Trip3	F6Sr3	6	6	False	False	Site 6	https://rubalkhali.science/kb/RAK_1000006	Surface	False	core_sites_1_60	True	True	True	True		Measured	PowerSoil	0.0189218978	True	NovaSeq	False		1	True	True	True	True
Sample_Mastersheet.xlsx	Trip3	53	Trip3	F6PRr1	6	6	False	False	Site 6	https://rubalkhali.science/kb/RAK_1000006	Rhizosphere	False	core_sites_1_60	True	True	True	True		Measured	PowerSoil	0.8596963264	True	NovaSeq	False		1	True	True	True	True
Sample_Mastersheet.xlsx	Trip3	54	Trip3	F6PRr2	6	6	False	False	Site 6	https://rubalkhali.science/kb/RAK_1000006	Rhizosphere	False	core_sites_1_60	True	True	True	True		Measured	PowerSoil	0.05323100541	True	NovaSeq	False		1	True	True	True	True
Sample_Mastersheet.xlsx	Trip3	55	Trip3	F6PRr3	6	6	False	False	Site 6	https://rubalkhali.science/kb/RAK_1000006	Rhizosphere	False	core_sites_1_60	True	True	True	True		Measured	PowerSoil	4.812177094	True	NovaSeq	True	Qiagen	1	True	True	True	True
Sample_Mastersheet.xlsx	Trip3	56	Trip3	F7Dr1	7	7	False	False	Site 7	https://rubalkhali.science/kb/RAK_1000007	Deep	False	core_sites_1_60	True	True	True	True		Measured	PowerSoil	0.01400142604	True	NovaSeq	False		1	True	True	True	True
Sample_Mastersheet.xlsx	Trip3	57	Trip3	F7Dr2	7	7	False	False	Site 7	https://rubalkhali.science/kb/RAK_1000007	Deep	False	core_sites_1_60	True	True	True	True		Measured	PowerSoil	0.02992586191	True	NovaSeq	False		1	True	True	True	True
Sample_Mastersheet.xlsx	Trip3	58	Trip3	F7Dr3	7	7	False	False	Site 7	https://rubalkhali.science/kb/RAK_1000007	Deep	False	core_sites_1_60	True	True	True	True		Measured	PowerSoil	0.007381154951	True	NovaSeq	False		1	True	True	True	True
Sample_Mastersheet.xlsx	Trip3	59	Trip3	F7Sr1	7	7	False	False	Site 7	https://rubalkhali.science/kb/RAK_1000007	Surface	False	core_sites_1_60	True	True	True	True		Measured	PowerSoil	0.01471713103	True	NovaSeq	False		1	True	True	True	True
Sample_Mastersheet.xlsx	Trip3	60	Trip3	F7Sr2	7	7	False	False	Site 7	https://rubalkhali.science/kb/RAK_1000007	Surface	False	core_sites_1_60	True	True	True	True		Measured	PowerSoil	0.05117335359	True	NovaSeq	False		1	True	True	True	True
Sample_Mastersheet.xlsx	Trip3	61	Trip3	F7Sr3	7	7	False	False	Site 7	https://rubalkhali.science/kb/RAK_1000007	Surface	False	core_sites_1_60	True	True	True	True		Measured	PowerSoil	0.06875285723	True	NovaSeq	False		1	True	True	True	True
Sample_Mastersheet.xlsx	Trip3	62	Trip3	F7PRr1	7	7	False	False	Site 7	https://rubalkhali.science/kb/RAK_1000007	Rhizosphere	False	core_sites_1_60	True	True	True	True		Measured	PowerSoil	0.01418035229	True	NovaSeq	False		1	True	True	True	True
Sample_Mastersheet.xlsx	Trip3	63	Trip3	F7PRr2	7	7	False	False	Site 7	https://rubalkhali.science/kb/RAK_1000007	Rhizosphere	False	core_sites_1_60	True	True	True	True		Measured	PowerSoil	0.07005007251	True	NovaSeq	False		1	True	True	True	True
Sample_Mastersheet.xlsx	Trip3	64	Trip3	F7PRr3	7	7	False	False	Site 7	https://rubalkhali.science/kb/RAK_1000007	Rhizosphere	False	core_sites_1_60	True	True	True	True		Measured	PowerSoil	0.06396658016	True	NovaSeq	False		1	True	True	True	True
Sample_Mastersheet.xlsx	Trip3	65	Trip3	F8Dr1	8	8	False	False	Site 8	https://rubalkhali.science/kb/RAK_1000008	Deep	False	core_sites_1_60	True	True	True	True		Measured	PowerSoil	0.006531255284	True	NovaSeq	False		1	True	True	True	True
Sample_Mastersheet.xlsx	Trip3	66	Trip3	F8Dr2	8	8	False	False	Site 8	https://rubalkhali.science/kb/RAK_1000008	Deep	False	core_sites_1_60	True	True	True	True		Measured	PowerSoil	0.006486523722	True	NovaSeq	False		1	True	True	True	True
Sample_Mastersheet.xlsx	Trip3	67	Trip3	F8Dr3	8	8	False	False	Site 8	https://rubalkhali.science/kb/RAK_1000008	Deep	False	core_sites_1_60	True	True	True	True		Measured	PowerSoil	0.01874297155	True	NovaSeq	False		1	True	True	True	True
Sample_Mastersheet.xlsx	Trip3	68	Trip3	F8Sr1	8	8	False	False	Site 8	https://rubalkhali.science/kb/RAK_1000008	Surface	False	core_sites_1_60	True	True	True	True		Measured	PowerSoil	0.006486523722	True	NovaSeq	False		1	True	True	True	True
Sample_Mastersheet.xlsx	Trip3	69	Trip3	F8Sr2	8	8	False	False	Site 8	https://rubalkhali.science/kb/RAK_1000008	Surface	False	core_sites_1_60	True	True	True	True		Measured	PowerSoil	0.02674992105	True	NovaSeq	False		1	True	True	True	True
Sample_Mastersheet.xlsx	Trip3	70	Trip3	F8Sr3	8	8	False	False	Site 8	https://rubalkhali.science/kb/RAK_1000008	Surface	False	core_sites_1_60	True	True	True	True		Measured	PowerSoil	0	True	NovaSeq	False		1	True	True	True	True
Sample_Mastersheet.xlsx	Trip3	71	Trip3	F8PRr1	8	8	False	False	Site 8	https://rubalkhali.science/kb/RAK_1000008	Rhizosphere	False	core_sites_1_60	True	True	True	True		Measured	PowerSoil	0.2301443309	True	NovaSeq	False		1	True	True	True	True
Sample_Mastersheet.xlsx	Trip3	72	Trip3	F8PRr2	8	8	False	False	Site 8	https://rubalkhali.science/kb/RAK_1000008	Rhizosphere	False	core_sites_1_60	True	True	True	True		Measured	PowerSoil	0.3000597614	True	NovaSeq	False		1	True	True	True	True
Sample_Mastersheet.xlsx	Trip3	73	Trip3	F8PRr3	8	8	False	False	Site 8	https://rubalkhali.science/kb/RAK_1000008	Rhizosphere	False	core_sites_1_60	True	True	True	True		Measured	PowerSoil	0.5631260741	True	NovaSeq	True	Qiagen	1	True	True	True	True
Sample_Mastersheet.xlsx	Trip3	74	Trip3	F9Dr1	9	9	False	False	Site 9	https://rubalkhali.science/kb/RAK_1000009	Deep	False	core_sites_1_60	True	True	True	True		Measured	PowerSoil	0.01954813966	True	NovaSeq	False		1	True	True	True	True
Sample_Mastersheet.xlsx	Trip3	75	Trip3	F9Dr2	9	9	False	False	Site 9	https://rubalkhali.science/kb/RAK_1000009	Deep	False	core_sites_1_60	True	True	True	True		Measured	PowerSoil	0.02308193301	True	NovaSeq	False		1	True	True	True	True
Sample_Mastersheet.xlsx	Trip3	76	Trip3	F9Dr3	9	9	False	False	Site 9	https://rubalkhali.science/kb/RAK_1000009	Deep	False	core_sites_1_60	True	True	True	True		Measured	PowerSoil	0.01030012431	True	NovaSeq	False		1	True	True	True	True
Sample_Mastersheet.xlsx	Trip3	77	Trip3	F9Sr1	9	9	False	False	Site 9	https://rubalkhali.science/kb/RAK_1000009	Surface	False	core_sites_1_60	True	True	True	True		Measured	PowerSoil	0.004128929142	True	NovaSeq	False		1	True	True	True	True
Sample_Mastersheet.xlsx	Trip3	78	Trip3	F9Sr2	9	9	False	False	Site 9	https://rubalkhali.science/kb/RAK_1000009	Surface	False	core_sites_1_60	True	True	True	True		Measured	PowerSoil	0.007369916533	True	NovaSeq	False		1	True	True	True	True
Sample_Mastersheet.xlsx	Trip3	79	Trip3	F9Sr3	9	9	False	False	Site 9	https://rubalkhali.science/kb/RAK_1000009	Surface	False	core_sites_1_60	True	True	True	True		Measured	PowerSoil	0	True	NovaSeq	False		1	True	True	True	True
Sample_Mastersheet.xlsx	Trip3	80	Trip3	F9PRr1	9	9	False	False	Site 9	https://rubalkhali.science/kb/RAK_1000009	Rhizosphere	False	core_sites_1_60	True	True	True	True		Measured	PowerSoil	0.3833244539	True	NovaSeq	False		1	True	True	True	True
Sample_Mastersheet.xlsx	Trip3	81	Trip3	F9PRr2	9	9	False	False	Site 9	https://rubalkhali.science/kb/RAK_1000009	Rhizosphere	False	core_sites_1_60	True	True	True	True		Measured	PowerSoil	0.6634700764	True	NovaSeq	False		1	True	True	True	True
Sample_Mastersheet.xlsx	Trip3	82	Trip3	F9PRr3	9	9	False	False	Site 9	https://rubalkhali.science/kb/RAK_1000009	Rhizosphere	False	core_sites_1_60	True	True	True	True		Measured	PowerSoil	0.2663825253	True	NovaSeq	False		1	True	True	True	True
Sample_Mastersheet.xlsx	Trip3	83	Trip3	F10Dr1	10	10	False	False	Site 10	https://rubalkhali.science/kb/RAK_1000010	Deep	False	core_sites_1_60	True	True	True	True		Measured	PowerSoil	0	True	NovaSeq	False		1	True	True	True	True
Sample_Mastersheet.xlsx	Trip3	84	Trip3	F10Dr2	10	10	False	False	Site 10	https://rubalkhali.science/kb/RAK_1000010	Deep	False	core_sites_1_60	True	True	True	True		Measured	PowerSoil	0	True	NovaSeq	False		1	True	True	True	True
Sample_Mastersheet.xlsx	Trip3	85	Trip3	F10Dr3	10	10	False	False	Site 10	https://rubalkhali.science/kb/RAK_1000010	Deep	False	core_sites_1_60	True	True	True	True		Measured	PowerSoil	0.0005327650506	True	NovaSeq	False		1	True	True	True	True
Sample_Mastersheet.xlsx	Trip3	86	Trip3	F10Sr1	10	10	False	False	Site 10	https://rubalkhali.science/kb/RAK_1000010	Surface	False	core_sites_1_60	True	True	True	True		Measured	PowerSoil	0.005860415557	True	NovaSeq	False		1	True	True	True	True
Sample_Mastersheet.xlsx	Trip3	87	Trip3	F10Sr2	10	10	False	False	Site 10	https://rubalkhali.science/kb/RAK_1000010	Surface	False	core_sites_1_60	True	True	True	True		Measured	PowerSoil	0	True	NovaSeq	False		1	True	True	True	True
Sample_Mastersheet.xlsx	Trip3	88	Trip3	F10Sr3	10	10	False	False	Site 10	https://rubalkhali.science/kb/RAK_1000010	Surface	False	core_sites_1_60	True	True	True	True		Measured	PowerSoil	0.0002663825253	True	NovaSeq	False		1	True	True	True	True
Sample_Mastersheet.xlsx	Trip3	89	Trip3	F10PRr1	10	10	False	False	Site 10	https://rubalkhali.science/kb/RAK_1000010	Rhizosphere	False	core_sites_1_60	True	True	True	True		Measured	PowerSoil	0.3664535606	True	NovaSeq	True	Qiagen	1	True	True	True	True
Sample_Mastersheet.xlsx	Trip3	90	Trip3	F10PRr2	10	10	False	False	Site 10	https://rubalkhali.science/kb/RAK_1000010	Rhizosphere	False	core_sites_1_60	True	True	True	True		Measured	PowerSoil	0.03303143314	True	NovaSeq	False		1	True	True	True	True
Sample_Mastersheet.xlsx	Trip3	91	Trip3	F10PRr3	10	10	False	False	Site 10	https://rubalkhali.science/kb/RAK_1000010	Rhizosphere	False	core_sites_1_60	True	True	True	True		Measured	PowerSoil	0.02472917777	False		False		0	False	False	False	True
Sample_Mastersheet.xlsx	Trip3	92	Trip3	F11Dr1	11	11	False	False	Site 11	https://rubalkhali.science/kb/RAK_1000011	Deep	False	core_sites_1_60	True	True	True	True		Measured	PowerSoil	0.003152193216	True	NovaSeq	False		1	True	True	True	True
Sample_Mastersheet.xlsx	Trip3	93	Trip3	F11Dr2	11	11	False	False	Site 11	https://rubalkhali.science/kb/RAK_1000011	Deep	False	core_sites_1_60	True	True	True	True		Measured	PowerSoil	0.009012608773	True	NovaSeq	False		1	True	True	True	True
Sample_Mastersheet.xlsx	Trip3	94	Trip3	F11Dr3	11	11	False	False	Site 11	https://rubalkhali.science/kb/RAK_1000011	Deep	False	core_sites_1_60	True	True	True	True		Measured	PowerSoil	0.004439708755	True	NovaSeq	False		1	True	True	True	True
Sample_Mastersheet.xlsx	Trip3	95	Trip3	F11Sr1	11	11	False	False	Site 11	https://rubalkhali.science/kb/RAK_1000011	Surface	False	core_sites_1_60	True	True	True	True		Measured	PowerSoil	0	True	NovaSeq	False		1	True	True	True	True
Sample_Mastersheet.xlsx	Trip3	96	Trip3	F11Sr2	11	11	False	False	Site 11	https://rubalkhali.science/kb/RAK_1000011	Surface	False	core_sites_1_60	True	True	True	True		Measured	PowerSoil	0.001509500977	True	NovaSeq	False		1	True	True	True	True
Sample_Mastersheet.xlsx	Trip3	97	Trip3	F11Sr3	11	11	False	False	Site 11	https://rubalkhali.science/kb/RAK_1000011	Surface	False	core_sites_1_60	True	True	True	True		Measured	PowerSoil	0.001731486414	True	NovaSeq	False		1	True	True	True	True
Sample_Mastersheet.xlsx	Trip3	98	Trip3	F11PRr1	11	11	False	False	Site 11	https://rubalkhali.science/kb/RAK_1000011	Rhizosphere	False	core_sites_1_60	True	True	True	True		Measured	PowerSoil	0.07068016338	True	NovaSeq	False		1	True	True	True	True
Sample_Mastersheet.xlsx	Trip3	99	Trip3	F11PRr2	11	11	False	False	Site 11	https://rubalkhali.science/kb/RAK_1000011	Rhizosphere	False	core_sites_1_60	True	True	True	True		Measured	PowerSoil	0.05966968567	True	NovaSeq	False		1	True	True	True	True
Sample_Mastersheet.xlsx	Trip3	100	Trip3	F11PRr3	11	11	False	False	Site 11	https://rubalkhali.science/kb/RAK_1000011	Rhizosphere	False	core_sites_1_60	True	True	True	True		Measured	PowerSoil	0.005061267981	True	NovaSeq	False		1	True	True	True	True
Sample_Mastersheet.xlsx	Trip3	101	Trip3	F12Dr1	12	12	False	False	Site 12	https://rubalkhali.science/kb/RAK_1000012	Deep	False	core_sites_1_60	True	True	True	True		Measured	PowerSoil	0.1753684958	True	NovaSeq	True	NEBNext	1	True	True	True	True
Sample_Mastersheet.xlsx	Trip3	102	Trip3	F12Dr2	12	12	False	False	Site 12	https://rubalkhali.science/kb/RAK_1000012	Deep	False	core_sites_1_60	True	True	True	True		Measured	PowerSoil	0.1148552655	True	NovaSeq	False		1	True	True	True	True
Sample_Mastersheet.xlsx	Trip3	103	Trip3	F12Dr3	12	12	False	False	Site 12	https://rubalkhali.science/kb/RAK_1000012	Deep	False	core_sites_1_60	True	True	True	True		Measured	PowerSoil	0.07551944592	False		False		0	False	False	False	True
Sample_Mastersheet.xlsx	Trip3	104	Trip3	F12Sr1	12	12	False	False	Site 12	https://rubalkhali.science/kb/RAK_1000012	Surface	False	core_sites_1_60	True	True	True	True		Measured	PowerSoil	0.0182028059	False		False		0	False	False	False	True
Sample_Mastersheet.xlsx	Trip3	105	Trip3	F12Sr2	12	12	False	False	Site 12	https://rubalkhali.science/kb/RAK_1000012	Surface	False	core_sites_1_60	True	True	True	True		Measured	PowerSoil	0.02801456224	True	NovaSeq	False		1	True	True	True	True
Sample_Mastersheet.xlsx	Trip3	106	Trip3	F12Sr3	12	12	False	False	Site 12	https://rubalkhali.science/kb/RAK_1000012	Surface	False	core_sites_1_60	True	True	True	True		Measured	PowerSoil	0	True	NovaSeq	False		1	True	True	True	True
Sample_Mastersheet.xlsx	Trip3	107	Trip3	F12PRr1	12	12	False	False	Site 12	https://rubalkhali.science/kb/RAK_1000012	Rhizosphere	False	core_sites_1_60	True	True	True	True		Measured	PowerSoil	0.6976558338	True	NovaSeq	False		1	True	True	True	True
Sample_Mastersheet.xlsx	Trip3	108	Trip3	F12PRr2	12	12	False	False	Site 12	https://rubalkhali.science/kb/RAK_1000012	Rhizosphere	False	core_sites_1_60	True	True	True	True		Measured	PowerSoil	0.5915467945	True	NovaSeq	False		1	True	True	True	True
Sample_Mastersheet.xlsx	Trip3	109	Trip3	F12PRr3	12	12	False	False	Site 12	https://rubalkhali.science/kb/RAK_1000012	Rhizosphere	False	core_sites_1_60	True	True	True	True		Measured	PowerSoil	1.066595631	True	NovaSeq	True	Qiagen	1	True	True	True	True
Sample_Mastersheet.xlsx	Trip3	110	Trip3	F13Dr1	13	13	False	False	Site 13	https://rubalkhali.science/kb/RAK_1000013	Deep	False	core_sites_1_60	True	True	True	True		Measured	PowerSoil	0.1555229977	True	NovaSeq	True	NEBNext	1	True	True	True	True
Sample_Mastersheet.xlsx	Trip3	111	Trip3	F13Dr2	13	13	False	False	Site 13	https://rubalkhali.science/kb/RAK_1000013	Deep	False	core_sites_1_60	True	True	True	True		Measured	PowerSoil	0.06162315752	True	NovaSeq	False		1	True	True	True	True
Sample_Mastersheet.xlsx	Trip3	112	Trip3	F13Dr3	13	13	False	False	Site 13	https://rubalkhali.science/kb/RAK_1000013	Deep	False	core_sites_1_60	True	True	True	True		Measured	PowerSoil	0.01940152726	True	NovaSeq	False		1	True	True	True	True
Sample_Mastersheet.xlsx	Trip3	113	Trip3	F13Sr1	13	13	False	False	Site 13	https://rubalkhali.science/kb/RAK_1000013	Surface	False	core_sites_1_60	True	True	True	True		Measured	PowerSoil	0	True	NovaSeq	False		1	True	True	True	True
Sample_Mastersheet.xlsx	Trip3	114	Trip3	F13Sr2	13	13	False	False	Site 13	https://rubalkhali.science/kb/RAK_1000013	Surface	False	core_sites_1_60	True	True	True	True		Measured	PowerSoil	0	True	NovaSeq	False		1	True	True	True	True
Sample_Mastersheet.xlsx	Trip3	115	Trip3	F13Sr3	13	13	False	False	Site 13	https://rubalkhali.science/kb/RAK_1000013	Surface	False	core_sites_1_60	True	True	True	True		Measured	PowerSoil	0.007547504884	True	NovaSeq	False		1	True	True	True	True
Sample_Mastersheet.xlsx	Trip3	116	Trip3	F13PRr1	13	13	False	False	Site 13	https://rubalkhali.science/kb/RAK_1000013	Rhizosphere	False	core_sites_1_60	True	True	True	True		Measured	PowerSoil	2.040667732	True	NovaSeq	True	Qiagen	1	True	True	True	True
Sample_Mastersheet.xlsx	Trip3	117	Trip3	F13PRr2	13	13	False	False	Site 13	https://rubalkhali.science/kb/RAK_1000013	Rhizosphere	False	core_sites_1_60	True	True	True	True		Measured	PowerSoil	1.739211508	True	NovaSeq	False		1	True	True	True	True
Sample_Mastersheet.xlsx	Trip3	118	Trip3	F13PRr3	13	13	False	False	Site 13	https://rubalkhali.science/kb/RAK_1000013	Rhizosphere	False	core_sites_1_60	True	True	True	True		Measured	PowerSoil	0.9667021843	True	NovaSeq	False		1	True	True	True	True
Sample_Mastersheet.xlsx	Trip3	119	Trip3	F14Dr1	14	14	False	False	Site 14	https://rubalkhali.science/kb/RAK_1000014	Deep	False	core_sites_1_60	True	True	True	True		Measured	PowerSoil	0.01434025928	True	NovaSeq	False		1	True	True	True	True
Sample_Mastersheet.xlsx	Trip3	120	Trip3	F14Dr2	14	14	False	False	Site 14	https://rubalkhali.science/kb/RAK_1000014	Deep	False	core_sites_1_60	True	True	True	True		Measured	PowerSoil	0.03609483218	True	NovaSeq	False		1	True	True	True	True
Sample_Mastersheet.xlsx	Trip3	121	Trip3	F14Dr3	14	14	False	False	Site 14	https://rubalkhali.science/kb/RAK_1000014	Deep	False	core_sites_1_60	True	True	True	True		Measured	PowerSoil	0	True	NovaSeq	False		1	True	True	True	True
Sample_Mastersheet.xlsx	Trip3	122	Trip3	F14Sr1	14	14	False	False	Site 14	https://rubalkhali.science/kb/RAK_1000014	Surface	False	core_sites_1_60	True	True	True	True		Measured	PowerSoil	0	True	NovaSeq	False		1	True	True	True	True
Sample_Mastersheet.xlsx	Trip3	123	Trip3	F14Sr2	14	14	False	False	Site 14	https://rubalkhali.science/kb/RAK_1000014	Surface	False	core_sites_1_60	True	True	True	True		Measured	PowerSoil	0.07072456047	True	NovaSeq	False		1	True	True	True	True
Sample_Mastersheet.xlsx	Trip3	124	Trip3	F14Sr3	14	14	False	False	Site 14	https://rubalkhali.science/kb/RAK_1000014	Surface	False	core_sites_1_60	True	True	True	True		Measured	PowerSoil	0.02872491565	True	NovaSeq	False		1	True	True	True	True
Sample_Mastersheet.xlsx	Trip3	125	Trip3	F14PRr1	14	14	False	False	Site 14	https://rubalkhali.science/kb/RAK_1000014	Rhizosphere	False	core_sites_1_60	True	True	True	True		Measured	PowerSoil	2.953027881	True	NovaSeq	False		1	True	True	True	True
Sample_Mastersheet.xlsx	Trip3	126	Trip3	F14PRr2	14	14	False	False	Site 14	https://rubalkhali.science/kb/RAK_1000014	Rhizosphere	False	core_sites_1_60	True	True	True	True		Measured	PowerSoil	3.012519979	True	NovaSeq	True	Qiagen	1	True	True	True	True
Sample_Mastersheet.xlsx	Trip3	127	Trip3	F14PRr3	14	14	False	False	Site 14	https://rubalkhali.science/kb/RAK_1000014	Rhizosphere	False	core_sites_1_60	True	True	True	True		Measured	PowerSoil	1.876842479	True	NovaSeq	False		1	True	True	True	True
Sample_Mastersheet.xlsx	Trip3	128	Trip3	F15Dr1	15	15	False	False	Site 15	https://rubalkhali.science/kb/RAK_1000015	Deep	False	core_sites_1_60	True	True	True	True		Measured	PowerSoil	0.05034629728	True	NovaSeq	False		1	True	True	True	True
Sample_Mastersheet.xlsx	Trip3	129	Trip3	F15Dr2	15	15	False	False	Site 15	https://rubalkhali.science/kb/RAK_1000015	Deep	False	core_sites_1_60	True	True	True	True		Measured	PowerSoil	0.08457645178	True	NovaSeq	False		1	True	True	True	True
Sample_Mastersheet.xlsx	Trip3	130	Trip3	F15Dr3	15	15	False	False	Site 15	https://rubalkhali.science/kb/RAK_1000015	Deep	False	core_sites_1_60	True	True	True	True		Measured	PowerSoil	0.1195613568	True	NovaSeq	True	NEBNext	1	True	True	True	True
Sample_Mastersheet.xlsx	Trip3	131	Trip3	F15Sr1	15	15	False	False	Site 15	https://rubalkhali.science/kb/RAK_1000015	Surface	False	core_sites_1_60	True	True	True	True		Measured	PowerSoil	0.3464748712	True	NovaSeq	False		1	True	True	True	True
Sample_Mastersheet.xlsx	Trip3	132	Trip3	F15Sr2	15	15	False	False	Site 15	https://rubalkhali.science/kb/RAK_1000015	Surface	False	core_sites_1_60	True	True	True	True		Measured	PowerSoil	0.382880483	True	NovaSeq	True	Qiagen	1	True	True	True	True
Sample_Mastersheet.xlsx	Trip3	133	Trip3	F15Sr3	15	15	False	False	Site 15	https://rubalkhali.science/kb/RAK_1000015	Surface	False	core_sites_1_60	True	True	True	True		Measured	PowerSoil	0.1710175812	True	NovaSeq	False		1	True	True	True	True
Sample_Mastersheet.xlsx	Trip3	134	Trip3	F15PRr1	15	15	False	False	Site 15	https://rubalkhali.science/kb/RAK_1000015	Rhizosphere	False	core_sites_1_60	True	True	True	True		Measured	PowerSoil	1.991830936	True	NovaSeq	False		2	True	True	True	True
Sample_Mastersheet.xlsx	Trip3	135	Trip3	F15PRr2	15	15	False	False	Site 15	https://rubalkhali.science/kb/RAK_1000015	Rhizosphere	False	core_sites_1_60	True	True	True	True		Measured	PowerSoil	8.639406855	True	NovaSeq	False		1	True	True	True	True
Sample_Mastersheet.xlsx	Trip3	136	Trip3	F15PRr3	15	15	False	False	Site 15	https://rubalkhali.science/kb/RAK_1000015	Rhizosphere	False	core_sites_1_60	True	True	True	True		Measured	PowerSoil	4.594832179	True	NovaSeq	False		1	True	True	True	True
Sample_Mastersheet.xlsx	Trip3	137	Trip3	F16Dr1	16	16	False	False	Site 16	https://rubalkhali.science/kb/RAK_1000016	Deep	False	core_sites_1_60	True	True	True	True		Measured	PowerSoil	0.1366098384	True	NovaSeq	False		1	True	True	True	True
Sample_Mastersheet.xlsx	Trip3	138	Trip3	F16Dr2	16	16	False	False	Site 16	https://rubalkhali.science/kb/RAK_1000016	Deep	False	core_sites_1_60	True	True	True	True		Measured	PowerSoil	0.9271887764	True	NovaSeq	True	Qiagen	1	True	True	True	True
Sample_Mastersheet.xlsx	Trip3	139	Trip3	F16Dr3	16	16	False	False	Site 16	https://rubalkhali.science/kb/RAK_1000016	Deep	False	core_sites_1_60	True	True	True	True		Measured	PowerSoil	0.003596164092	True	NovaSeq	False		1	True	True	True	True
Sample_Mastersheet.xlsx	Trip3	140	Trip3	F16Sr1	16	16	False	False	Site 16	https://rubalkhali.science/kb/RAK_1000016	Surface	False	core_sites_1_60	True	True	True	True		Measured	PowerSoil	0.02641626709	True	NovaSeq	False		1	True	True	True	True
Sample_Mastersheet.xlsx	Trip3	141	Trip3	F16Sr2	16	16	False	False	Site 16	https://rubalkhali.science/kb/RAK_1000016	Surface	False	core_sites_1_60	True	True	True	True		Measured	PowerSoil	0.03898064287	True	NovaSeq	False		1	True	True	True	True
Sample_Mastersheet.xlsx	Trip3	142	Trip3	F16Sr3	16	16	False	False	Site 16	https://rubalkhali.science/kb/RAK_1000016	Surface	False	core_sites_1_60	True	True	True	True		Measured	PowerSoil	0.0206890428	True	NovaSeq	False		1	True	True	True	True
Sample_Mastersheet.xlsx	Trip3	143	Trip3	F16PRr1	16	16	False	False	Site 16	https://rubalkhali.science/kb/RAK_1000016	Rhizosphere	False	core_sites_1_60	True	True	True	True		Measured	PowerSoil	0.02490676612	True	NovaSeq	False		1	True	True	True	True
Sample_Mastersheet.xlsx	Trip3	144	Trip3	F16PRr2	16	16	False	False	Site 16	https://rubalkhali.science/kb/RAK_1000016	Rhizosphere	False	core_sites_1_60	True	True	True	True		Measured	PowerSoil	0.08706268869	True	NovaSeq	False		1	True	True	True	True
Sample_Mastersheet.xlsx	Trip3	145	Trip3	F16PRr3	16	16	False	False	Site 16	https://rubalkhali.science/kb/RAK_1000016	Rhizosphere	False	core_sites_1_60	True	True	True	True		Measured	PowerSoil	0.04861481087	True	NovaSeq	False		1	True	True	True	True
Sample_Mastersheet.xlsx	Trip3	146	Trip3	F17Dr1	17	17	False	False	Site 17	https://rubalkhali.science/kb/RAK_1000017	Deep	False	core_sites_1_60	True	True	True	True		Measured	Pro	0.01238678743	True	NovaSeq	False		1	True	True	True	True
Sample_Mastersheet.xlsx	Trip3	147	Trip3	F17Dr2	17	17	False	False	Site 17	https://rubalkhali.science/kb/RAK_1000017	Deep	False	core_sites_1_60	True	True	True	True		Measured	Pro	0.01203161073	True	NovaSeq	False		1	True	True	True	True
Sample_Mastersheet.xlsx	Trip3	148	Trip3	F17Dr3	17	17	False	False	Site 17	https://rubalkhali.science/kb/RAK_1000017	Deep	False	core_sites_1_60	True	True	True	True		Measured	Pro	0.005949209732	True	NovaSeq	False		1	True	True	True	True
Sample_Mastersheet.xlsx	Trip3	149	Trip3	F17Sr1	17	17	False	False	Site 17	https://rubalkhali.science/kb/RAK_1000017	Surface	False	core_sites_1_60	True	True	True	True		Measured	Pro	0.02677144379	True	NovaSeq	False		1	True	True	True	True
Sample_Mastersheet.xlsx	Trip3	150	Trip3	F17Sr2	17	17	False	False	Site 17	https://rubalkhali.science/kb/RAK_1000017	Surface	False	core_sites_1_60	True	True	True	True		Measured	Pro	0.005816018469	True	NovaSeq	False		1	True	True	True	True
Sample_Mastersheet.xlsx	Trip3	151	Trip3	F17Sr3	17	17	False	False	Site 17	https://rubalkhali.science/kb/RAK_1000017	Surface	False	core_sites_1_60	True	True	True	True		Measured	Pro	0	True	NovaSeq	False		1	True	True	True	True
Sample_Mastersheet.xlsx	Trip3	152	Trip3	F17PRr1	17	17	False	False	Site 17	https://rubalkhali.science/kb/RAK_1000017	Rhizosphere	False	core_sites_1_60	True	True	True	True		Measured	Pro	0.3247202983	True	NovaSeq	False		1	True	True	True	True
Sample_Mastersheet.xlsx	Trip3	153	Trip3	F17PRr2	17	17	False	False	Site 17	https://rubalkhali.science/kb/RAK_1000017	Rhizosphere	False	core_sites_1_60	True	True	True	True		Measured	Pro	0.3597939975	True	NovaSeq	False		1	True	True	True	True
Sample_Mastersheet.xlsx	Trip3	154	Trip3	F17PRr3	17	17	False	False	Site 17	https://rubalkhali.science/kb/RAK_1000017	Rhizosphere	False	core_sites_1_60	True	True	True	True		Measured	Pro	1.064819748	True	NovaSeq	True	Qiagen	1	True	True	True	True
Sample_Mastersheet.xlsx	Trip3	155	Trip3	F18Dr1	18	18	False	False	Site 18	https://rubalkhali.science/kb/RAK_1000018	Deep	False	core_sites_1_60	True	True	True	True		Measured	Pro	0	True	NovaSeq	False		1	True	True	True	True
Sample_Mastersheet.xlsx	Trip3	156	Trip3	F18Dr2	18	18	False	False	Site 18	https://rubalkhali.science/kb/RAK_1000018	Deep	False	core_sites_1_60	True	True	True	True		Measured	Pro	0	True	NovaSeq	False		1	True	True	True	True
Sample_Mastersheet.xlsx	Trip3	157	Trip3	F18Dr3	18	18	False	False	Site 18	https://rubalkhali.science/kb/RAK_1000018	Deep	False	core_sites_1_60	True	True	True	True		Measured	Pro	0.01691529036	True	NovaSeq	False		1	True	True	True	True
Sample_Mastersheet.xlsx	Trip3	158	Trip3	F18Sr1	18	18	False	False	Site 18	https://rubalkhali.science/kb/RAK_1000018	Surface	False	core_sites_1_60	True	True	True	True		Measured	Pro	0.006038003907	True	NovaSeq	False		1	True	True	True	True
Sample_Mastersheet.xlsx	Trip3	159	Trip3	F18Sr2	18	18	False	False	Site 18	https://rubalkhali.science/kb/RAK_1000018	Surface	False	core_sites_1_60	True	True	True	True		Measured	Pro	0.02055585154	True	NovaSeq	False		1	True	True	True	True
Sample_Mastersheet.xlsx	Trip3	160	Trip3	F18Sr3	18	18	False	False	Site 18	https://rubalkhali.science/kb/RAK_1000018	Surface	False	core_sites_1_60	True	True	True	True		Measured	Pro	0.005594033031	True	NovaSeq	False		1	True	True	True	True
Sample_Mastersheet.xlsx	Trip3	161	Trip3	F18PRr1	18	18	False	False	Site 18	https://rubalkhali.science/kb/RAK_1000018	Rhizosphere	False	core_sites_1_60	True	True	True	True		Measured	Pro	0	True	NovaSeq	False		1	True	True	True	True
Sample_Mastersheet.xlsx	Trip3	162	Trip3	F18PRr2	18	18	False	False	Site 18	https://rubalkhali.science/kb/RAK_1000018	Rhizosphere	False	core_sites_1_60	True	True	True	True		Measured	Pro	0.01127686024	True	NovaSeq	False		1	True	True	True	True
Sample_Mastersheet.xlsx	Trip3	163	Trip3	F18PRr3	18	18	False	False	Site 18	https://rubalkhali.science/kb/RAK_1000018	Rhizosphere	False	core_sites_1_60	True	True	True	True		Measured	Pro	0	True	NovaSeq	False		1	True	True	True	True
Sample_Mastersheet.xlsx	Trip3	164	Trip3	F19Dr1	19	19	False	False	Site 19	https://rubalkhali.science/kb/RAK_1000019	Deep	False	core_sites_1_60	True	True	True	True		Measured	Pro	0.004306517492	True	NovaSeq	False		1	True	True	True	True
Sample_Mastersheet.xlsx	Trip3	165	Trip3	F19Dr2	19	19	False	False	Site 19	https://rubalkhali.science/kb/RAK_1000019	Deep	False	core_sites_1_60	True	True	True	True		Measured	Pro	0.009634167999	True	NovaSeq	False		1	True	True	True	True
Sample_Mastersheet.xlsx	Trip3	166	Trip3	F19Dr3	19	19	False	False	Site 19	https://rubalkhali.science/kb/RAK_1000019	Deep	False	core_sites_1_60	True	True	True	True		Measured	Pro	0.01842479133	True	NovaSeq	False		1	True	True	True	True
Sample_Mastersheet.xlsx	Trip3	167	Trip3	F19Sr1	19	19	False	False	Site 19	https://rubalkhali.science/kb/RAK_1000019	Surface	False	core_sites_1_60	True	True	True	True		Measured	Pro	0.01851358551	True	NovaSeq	False		1	True	True	True	True
Sample_Mastersheet.xlsx	Trip3	168	Trip3	F19Sr2	19	19	False	False	Site 19	https://rubalkhali.science/kb/RAK_1000019	Surface	False	core_sites_1_60	True	True	True	True		Measured	Pro	0.03556206713	True	NovaSeq	False		1	True	True	True	True
Sample_Mastersheet.xlsx	Trip3	169	Trip3	F19Sr3	19	19	False	False	Site 19	https://rubalkhali.science/kb/RAK_1000019	Surface	False	core_sites_1_60	True	True	True	True		Measured	Pro	0.005549635944	True	NovaSeq	False		1	True	True	True	True
Sample_Mastersheet.xlsx	Trip3	170	Trip3	F19PRr1	19	19	False	False	Site 19	https://rubalkhali.science/kb/RAK_1000019	Rhizosphere	False	core_sites_1_60	True	True	True	True		Measured	Pro	2.339863694	True	NovaSeq	False		1	True	True	True	True
Sample_Mastersheet.xlsx	Trip3	171	Trip3	F19PRr2	19	19	False	False	Site 19	https://rubalkhali.science/kb/RAK_1000019	Rhizosphere	False	core_sites_1_60	True	True	True	True		Measured	Pro	0.9402131369	True	NovaSeq	False		1	True	True	True	True
Sample_Mastersheet.xlsx	Trip3	172	Trip3	F19PRr3	19	19	False	False	Site 19	https://rubalkhali.science/kb/RAK_1000019	Rhizosphere	False	core_sites_1_60	True	True	True	True		Measured	Pro	1.018046054	True	NovaSeq	False		1	True	True	True	True
Sample_Mastersheet.xlsx	Trip3	173	Trip3	F20Dr1	20	20	False	False	Site 20	https://rubalkhali.science/kb/RAK_1000020	Deep	False	core_sites_1_60	True	True	True	True		Measured	Pro	0.01435927853	True	NovaSeq	False		1	True	True	True	True
Sample_Mastersheet.xlsx	Trip3	174	Trip3	F20Dr2	20	20	False	False	Site 20	https://rubalkhali.science/kb/RAK_1000020	Deep	False	core_sites_1_60	True	True	True	True		Measured	Pro	0.009259880531	True	NovaSeq	False		1	True	True	True	True
Sample_Mastersheet.xlsx	Trip3	175	Trip3	F20Dr3	20	20	False	False	Site 20	https://rubalkhali.science/kb/RAK_1000020	Deep	False	core_sites_1_60	True	True	True	True		Measured	Pro	0.007112765582	True	NovaSeq	False		1	True	True	True	True
Sample_Mastersheet.xlsx	Trip3	176	Trip3	F20Sr1	20	20	False	False	Site 20	https://rubalkhali.science/kb/RAK_1000020	Surface	False	core_sites_1_60	True	True	True	True		Measured	Pro	0.01869823999	False		False		0	False	False	False	True
Sample_Mastersheet.xlsx	Trip3	177	Trip3	F20Sr2	20	20	False	False	Site 20	https://rubalkhali.science/kb/RAK_1000020	Surface	False	core_sites_1_60	True	True	True	True		Measured	Pro	0.02988113035	True	NovaSeq	False		1	True	True	True	True
Sample_Mastersheet.xlsx	Trip3	178	Trip3	F20Sr3	20	20	False	False	Site 20	https://rubalkhali.science/kb/RAK_1000020	Surface	False	core_sites_1_60	True	True	True	True		Measured	Pro	0.03408589712	True	NovaSeq	False		2	True	True	True	True
Sample_Mastersheet.xlsx	Trip3	179	Trip3	F20PRr1	20	20	False	False	Site 20	https://rubalkhali.science/kb/RAK_1000020	Rhizosphere	False	core_sites_1_60	True	True	True	True		Measured	Pro	0.0195034081	True	NovaSeq	True	Qiagen	1	True	True	True	True
Sample_Mastersheet.xlsx	Trip3	180	Trip3	F20PRr2	20	20	False	False	Site 20	https://rubalkhali.science/kb/RAK_1000020	Rhizosphere	False	core_sites_1_60	True	True	True	True		Measured	Pro	0.01664058817	True	NovaSeq	False		1	True	True	True	True
Sample_Mastersheet.xlsx	Trip3	181	Trip3	F20PRr3	20	20	False	False	Site 20	https://rubalkhali.science/kb/RAK_1000020	Rhizosphere	False	core_sites_1_60	True	True	True	True		Measured	Pro	0.01341991574	True	NovaSeq	False		1	True	True	True	True
Sample_Mastersheet.xlsx	Trip3	182	Trip3	F21Dr1	21	21	False	False	Site 21	https://rubalkhali.science/kb/RAK_1000021	Deep	False	core_sites_1_60	True	True	True	True		Measured	Pro	0.08382739343	True	NovaSeq	False		1	True	True	True	True
Sample_Mastersheet.xlsx	Trip3	183	Trip3	F21Dr2	21	21	False	False	Site 21	https://rubalkhali.science/kb/RAK_1000021	Deep	False	core_sites_1_60	True	True	True	True		Measured	Pro	0.06557691637	True	NovaSeq	False		1	True	True	True	True
Sample_Mastersheet.xlsx	Trip3	184	Trip3	F21Dr3	21	21	False	False	Site 21	https://rubalkhali.science/kb/RAK_1000021	Deep	False	core_sites_1_60	True	True	True	True					True	NovaSeq	True	Qiagen	1	True	True	True	True
Sample_Mastersheet.xlsx	Trip3	185	Trip3	F21Sr1	21	21	False	False	Site 21	https://rubalkhali.science/kb/RAK_1000021	Surface	False	core_sites_1_60	True	True	True	True		Measured	Pro	0.6691398747	True	NovaSeq	False		1	True	True	True	True
Sample_Mastersheet.xlsx	Trip3	186	Trip3	F21Sr2	21	21	False	False	Site 21	https://rubalkhali.science/kb/RAK_1000021	Surface	False	core_sites_1_60	True	True	True	True		Measured	Pro	1.199208878	True	NovaSeq	True	Qiagen	1	True	True	True	True
Sample_Mastersheet.xlsx	Trip3	187	Trip3	F21Sr3	21	21	False	False	Site 21	https://rubalkhali.science/kb/RAK_1000021	Surface	False	core_sites_1_60	True	True	True	True		Measured	Pro	0.5993586389	True	NovaSeq	False		1	True	True	True	True
Sample_Mastersheet.xlsx	Trip3	188	Trip3	F21PRr1	21	21	False	False	Site 21	https://rubalkhali.science/kb/RAK_1000021	Rhizosphere	False	core_sites_1_60	True	True	True	True		Measured	Pro	0.8726684792	True	NovaSeq	True	Qiagen	1	True	True	True	True
Sample_Mastersheet.xlsx	Trip3	189	Trip3	F21PRr2	21	21	False	False	Site 21	https://rubalkhali.science/kb/RAK_1000021	Rhizosphere	False	core_sites_1_60	True	True	True	True		Measured	Pro	0.1815211236	True	NovaSeq	False		1	True	True	True	True
Sample_Mastersheet.xlsx	Trip3	190	Trip3	F21PRr3	21	21	False	False	Site 21	https://rubalkhali.science/kb/RAK_1000021	Rhizosphere	False	core_sites_1_60	True	True	True	True		Measured	Pro	0.1024200917	True	NovaSeq	False		1	True	True	True	True
Sample_Mastersheet.xlsx	Trip3	191	Trip3	F22Dr1	22	22	False	False	Site 22	https://rubalkhali.science/kb/RAK_1000022	Deep	False	core_sites_1_60	True	True	True	True		Measured	Pro	0.01999476056	True	NovaSeq	False		1	True	True	True	True
Sample_Mastersheet.xlsx	Trip3	192	Trip3	F22Dr2	22	22	False	False	Site 22	https://rubalkhali.science/kb/RAK_1000022	Deep	False	core_sites_1_60	True	True	True	True		Measured	Pro	0.07987407089	True	NovaSeq	False		1	True	True	True	True
Sample_Mastersheet.xlsx	Trip3	193	Trip3	F22Dr3	22	22	False	False	Site 22	https://rubalkhali.science/kb/RAK_1000022	Deep	False	core_sites_1_60	True	True	True	True		Measured	Pro	0.0491129008	True	NovaSeq	False		1	True	True	True	True
Sample_Mastersheet.xlsx	Trip3	194	Trip3	F22Sr1	22	22	False	False	Site 22	https://rubalkhali.science/kb/RAK_1000022	Surface	False	core_sites_1_60	True	True	True	True		Measured	Pro	0.00963454452	True	NovaSeq	False		1	True	True	True	True
Sample_Mastersheet.xlsx	Trip3	195	Trip3	F22Sr2	22	22	False	False	Site 22	https://rubalkhali.science/kb/RAK_1000022	Surface	False	core_sites_1_60	True	True	True	True		Measured	Pro	0.003975219459	True	NovaSeq	False		1	True	True	True	True
Sample_Mastersheet.xlsx	Trip3	196	Trip3	F22Sr3	22	22	False	False	Site 22	https://rubalkhali.science/kb/RAK_1000022	Surface	False	core_sites_1_60	True	True	True	True		Measured	Pro	0.01497439155	True	NovaSeq	False		1	True	True	True	True
Sample_Mastersheet.xlsx	Trip3	197	Trip3	F22PRr1	22	22	False	False	Site 22	https://rubalkhali.science/kb/RAK_1000022	Rhizosphere	False	core_sites_1_60	True	True	True	True		Measured	Pro	0.05408763008	True	NovaSeq	False		1	True	True	True	True
Sample_Mastersheet.xlsx	Trip3	198	Trip3	F22PRr2	22	22	False	False	Site 22	https://rubalkhali.science/kb/RAK_1000022	Rhizosphere	False	core_sites_1_60	True	True	True	True		Measured	Pro	0.7136728381	True	NovaSeq	True	Qiagen	1	True	True	True	True
Sample_Mastersheet.xlsx	Trip3	199	Trip3	F22PRr3	22	22	False	False	Site 22	https://rubalkhali.science/kb/RAK_1000022	Rhizosphere	False	core_sites_1_60	True	True	True	True		Measured	Pro	0.06992461231	True	NovaSeq	False		1	True	True	True	True
Sample_Mastersheet.xlsx	Trip3	200	Trip3	F23Dr1	23	23	False	False	Site 23	https://rubalkhali.science/kb/RAK_1000023	Deep	False	core_sites_1_60	True	True	True	True		Measured	Pro	0.0806499461	True	NovaSeq	False		1	True	True	True	True
Sample_Mastersheet.xlsx	Trip3	201	Trip3	F23Dr2	23	23	False	False	Site 23	https://rubalkhali.science/kb/RAK_1000023	Deep	False	core_sites_1_60	True	True	True	True		Measured	Pro	0.08685694778	True	NovaSeq	False		1	True	True	True	True
Sample_Mastersheet.xlsx	Trip3	202	Trip3	F23Dr3	23	23	False	False	Site 23	https://rubalkhali.science/kb/RAK_1000023	Deep	False	core_sites_1_60	True	True	True	True		Measured	Pro	0.08329704976	True	NovaSeq	False		1	True	True	True	True
Sample_Mastersheet.xlsx	Trip3	203	Trip3	F23Sr1	23	23	False	False	Site 23	https://rubalkhali.science/kb/RAK_1000023	Surface	False	core_sites_1_60	True	True	True	True		Measured	Pro	0.04331665658	True	NovaSeq	False		1	True	True	True	True
Sample_Mastersheet.xlsx	Trip3	204	Trip3	F23Sr2	23	23	False	False	Site 23	https://rubalkhali.science/kb/RAK_1000023	Surface	False	core_sites_1_60	True	True	True	True		Measured	Pro	0.03930036138	True	NovaSeq	False		1	True	True	True	True
Sample_Mastersheet.xlsx	Trip3	205	Trip3	F23Sr3	23	23	False	False	Site 23	https://rubalkhali.science/kb/RAK_1000023	Surface	False	core_sites_1_60	True	True	True	True		Measured	Pro	0.05153180586	True	NovaSeq	False		1	True	True	True	True
Sample_Mastersheet.xlsx	Trip3	206	Trip3	F23PRr1	23	23	False	False	Site 23	https://rubalkhali.science/kb/RAK_1000023	Rhizosphere	False	core_sites_1_60	True	True	True	True		Measured	Pro	2.951388223	True	NovaSeq	True	Qiagen	1	True	True	True	True
Sample_Mastersheet.xlsx	Trip3	207	Trip3	F23PRr2	23	23	False	False	Site 23	https://rubalkhali.science/kb/RAK_1000023	Rhizosphere	False	core_sites_1_60	True	True	True	True		Measured	Pro	1.229401654	True	NovaSeq	False		1	True	True	True	True
Sample_Mastersheet.xlsx	Trip3	208	Trip3	F23PRr3	23	23	False	False	Site 23	https://rubalkhali.science/kb/RAK_1000023	Rhizosphere	False	core_sites_1_60	True	True	True	True		Measured	Pro	0.6191986213	True	NovaSeq	False		1	True	True	True	True
Sample_Mastersheet.xlsx	Trip3	209	Trip3	F24Dr1	24	24	False	False	Site 24	https://rubalkhali.science/kb/RAK_1000024	Deep	False	core_sites_1_60	True	True	True	True		Measured	Pro	0.01570462705	True	NovaSeq	False		1	True	True	True	True
Sample_Mastersheet.xlsx	Trip3	210	Trip3	F24Dr2	24	24	False	False	Site 24	https://rubalkhali.science/kb/RAK_1000024	Deep	False	core_sites_1_60	True	True	True	True		Measured	Pro	0.04564428221	True	NovaSeq	False		1	True	True	True	True
Sample_Mastersheet.xlsx	Trip3	211	Trip3	F24Dr3	24	24	False	False	Site 24	https://rubalkhali.science/kb/RAK_1000024	Deep	False	core_sites_1_60	True	True	True	True		Measured	PowerSoil	0	False		False		0	False	False	False	True
Sample_Mastersheet.xlsx	Trip3	212	Trip3	F24Sr1	24	24	False	False	Site 24	https://rubalkhali.science/kb/RAK_1000024	Surface	False	core_sites_1_60	True	True	True	True		Measured	PowerSoil	0.02127267267	True	NovaSeq	False		1	True	True	True	True
Sample_Mastersheet.xlsx	Trip3	213	Trip3	F24Sr2	24	24	False	False	Site 24	https://rubalkhali.science/kb/RAK_1000024	Surface	False	core_sites_1_60	True	True	True	True		Measured	PowerSoil	0.03172416815	True	NovaSeq	False		1	True	True	True	True
Sample_Mastersheet.xlsx	Trip3	214	Trip3	F24Sr3	24	24	False	False	Site 24	https://rubalkhali.science/kb/RAK_1000024	Surface	False	core_sites_1_60	True	True	True	True		Measured	PowerSoil	0.03980239828	True	NovaSeq	False		1	True	True	True	True
Sample_Mastersheet.xlsx	Trip3	215	Trip3	F24PRr1	24	24	False	False	Site 24	https://rubalkhali.science/kb/RAK_1000024	Rhizosphere	False	core_sites_1_60	True	True	True	True		Measured	PowerSoil	0.430706585	True	NovaSeq	True	Qiagen	1	True	True	True	True
Sample_Mastersheet.xlsx	Trip3	216	Trip3	F24PRr2	24	24	False	False	Site 24	https://rubalkhali.science/kb/RAK_1000024	Rhizosphere	False	core_sites_1_60	True	True	True	True		Measured	PowerSoil	0.2387002904	True	NovaSeq	False		1	True	True	True	True
Sample_Mastersheet.xlsx	Trip3	217	Trip3	F24PRr3	24	24	False	False	Site 24	https://rubalkhali.science/kb/RAK_1000024	Rhizosphere	False	core_sites_1_60	True	True	True	True		Measured	PowerSoil	0.273751594	True	NovaSeq	False		2	True	True	True	True
Sample_Mastersheet.xlsx	Trip3	218	Trip3	F25Dr1	25	25	False	False	Site 25	https://rubalkhali.science/kb/RAK_1000025	Deep	False	core_sites_1_60	True	True	True	True		Measured	PowerSoil	0.1259245466	True	NovaSeq	False		1	True	True	True	True
Sample_Mastersheet.xlsx	Trip3	219	Trip3	F25Dr2	25	25	False	False	Site 25	https://rubalkhali.science/kb/RAK_1000025	Deep	False	core_sites_1_60	True	True	True	True		Measured	PowerSoil	0.1387493074	True	NovaSeq	True	NEBNext	1	True	True	True	True
Sample_Mastersheet.xlsx	Trip3	220	Trip3	F25Dr3	25	25	False	False	Site 25	https://rubalkhali.science/kb/RAK_1000025	Deep	False	core_sites_1_60	True	True	True	True		Measured	PowerSoil	0.07006153147	True	NovaSeq	False		1	True	True	True	True
Sample_Mastersheet.xlsx	Trip3	221	Trip3	F25Sr1	25	25	False	False	Site 25	https://rubalkhali.science/kb/RAK_1000025	Surface	False	core_sites_1_60	True	True	True	True		Measured	PowerSoil	0.4950585877	True	NovaSeq	True	Qiagen	1	True	True	True	True
Sample_Mastersheet.xlsx	Trip3	222	Trip3	F25Sr2	25	25	False	False	Site 25	https://rubalkhali.science/kb/RAK_1000025	Surface	False	core_sites_1_60	True	True	True	True		Measured	PowerSoil	0.2264232062	True	NovaSeq	False		1	True	True	True	True
Sample_Mastersheet.xlsx	Trip3	223	Trip3	F25Sr3	25	25	False	False	Site 25	https://rubalkhali.science/kb/RAK_1000025	Surface	False	core_sites_1_60	True	True	True	True		Measured	PowerSoil	0.3458167091	True	NovaSeq	False		1	True	True	True	True
Sample_Mastersheet.xlsx	Trip3	224	Trip3	F25PRr1	25	25	False	False	Site 25	https://rubalkhali.science/kb/RAK_1000025	Rhizosphere	False	core_sites_1_60	True	True	True	True		Measured	PowerSoil	1.288733288	True	NovaSeq	False		1	True	True	True	True
Sample_Mastersheet.xlsx	Trip3	225	Trip3	F25PRr2	25	25	False	False	Site 25	https://rubalkhali.science/kb/RAK_1000025	Rhizosphere	False	core_sites_1_60	True	True	True	True		Measured	PowerSoil	1.534274972	True	NovaSeq	False		1	True	True	True	True
Sample_Mastersheet.xlsx	Trip3	226	Trip3	F25PRr3	25	25	False	False	Site 25	https://rubalkhali.science/kb/RAK_1000025	Rhizosphere	False	core_sites_1_60	True	True	True	True		Measured	PowerSoil	1.729612966	True	NovaSeq	True	Qiagen	1	True	True	True	True
Sample_Mastersheet.xlsx	Trip3	227	Trip3	F26Dr1	26	26	False	False	Site 26	https://rubalkhali.science/kb/RAK_1000026	Deep	False	core_sites_1_60	True	True	True	True		Measured	PowerSoil	0.04733295179	True	NovaSeq	False		1	True	True	True	True
Sample_Mastersheet.xlsx	Trip3	228	Trip3	F26Dr2	26	26	False	False	Site 26	https://rubalkhali.science/kb/RAK_1000026	Deep	False	core_sites_1_60	True	True	True	True		Measured	PowerSoil	0.120675979	False		True	NEBNext	0	False	False	False	True
Sample_Mastersheet.xlsx	Trip3	229	Trip3	F26Dr3	26	26	False	False	Site 26	https://rubalkhali.science/kb/RAK_1000026	Deep	False	core_sites_1_60	True	True	True	True		Measured	PowerSoil	0.06116178641	True	NovaSeq	False		1	True	True	True	True
Sample_Mastersheet.xlsx	Trip3	230	Trip3	F26Sr1	26	26	False	False	Site 26	https://rubalkhali.science/kb/RAK_1000026	Surface	False	core_sites_1_60	True	True	True	True		Measured	PowerSoil	0.05500042445	True	NovaSeq	False		1	True	True	True	True
Sample_Mastersheet.xlsx	Trip3	231	Trip3	F26Sr2	26	26	False	False	Site 26	https://rubalkhali.science/kb/RAK_1000026	Surface	False	core_sites_1_60	True	True	True	True		Measured	PowerSoil	0.05020825403	False		False		0	False	False	False	True
Sample_Mastersheet.xlsx	Trip3	232	Trip3	F26Sr3	26	26	False	False	Site 26	https://rubalkhali.science/kb/RAK_1000026	Surface	False	core_sites_1_60	True	True	True	True		Measured	PowerSoil	0.01255548649	True	NovaSeq	False		1	True	True	True	True
Sample_Mastersheet.xlsx	Trip3	233	Trip3	F26PRr1	26	26	False	False	Site 26	https://rubalkhali.science/kb/RAK_1000026	Rhizosphere	False	core_sites_1_60	True	True	True	True		Measured	PowerSoil	1.418350088	True	NovaSeq	True	Qiagen	1	True	True	True	True
Sample_Mastersheet.xlsx	Trip3	234	Trip3	F26PRr2	26	26	False	False	Site 26	https://rubalkhali.science/kb/RAK_1000026	Rhizosphere	False	core_sites_1_60	True	True	True	True		Measured	PowerSoil	1.19288988	True	NovaSeq	False		1	True	True	True	True
Sample_Mastersheet.xlsx	Trip3	235	Trip3	F26PRr3	26	26	False	False	Site 26	https://rubalkhali.science/kb/RAK_1000026	Rhizosphere	False	core_sites_1_60	True	True	True	True		Measured	PowerSoil	1.302881601	True	NovaSeq	False		1	True	True	True	True
Sample_Mastersheet.xlsx	Trip3	236	Trip3	F27Dr1	27	27	False	False	Site 27	https://rubalkhali.science/kb/RAK_1000027	Deep	False	core_sites_1_60	True	True	True	True		Measured	PowerSoil	0.1876750854	True	NovaSeq	True	NEBNext	1	True	True	True	True
Sample_Mastersheet.xlsx	Trip3	237	Trip3	F27Dr2	27	27	False	False	Site 27	https://rubalkhali.science/kb/RAK_1000027	Deep	False	core_sites_1_60	True	True	True	True		Measured	PowerSoil	0.1201739421	True	NovaSeq	False		1	True	True	True	True
Sample_Mastersheet.xlsx	Trip3	238	Trip3	F27Dr3	27	27	False	False	Site 27	https://rubalkhali.science/kb/RAK_1000027	Deep	False	core_sites_1_60	True	True	True	True		Measured	PowerSoil	0.1378821528	False		False		0	False	False	False	True
Sample_Mastersheet.xlsx	Trip3	239	Trip3	F27Sr1	27	27	False	False	Site 27	https://rubalkhali.science/kb/RAK_1000027	Surface	False	core_sites_1_60	True	True	True	True		Measured	PowerSoil	0.4183838611	True	NovaSeq	True	Qiagen	1	True	True	True	True
Sample_Mastersheet.xlsx	Trip3	240	Trip3	F27Sr2	27	27	False	False	Site 27	https://rubalkhali.science/kb/RAK_1000027	Surface	False	core_sites_1_60	True	True	True	True		Measured	PowerSoil	0.3248224387	True	NovaSeq	False		1	True	True	True	True
Sample_Mastersheet.xlsx	Trip3	241	Trip3	F27Sr3	27	27	False	False	Site 27	https://rubalkhali.science/kb/RAK_1000027	Surface	False	core_sites_1_60	True	True	True	True		Measured	PowerSoil	0.2622960247	True	NovaSeq	False		1	True	True	True	True
Sample_Mastersheet.xlsx	Trip3	242	Trip3	F27PRr1	27	27	False	False	Site 27	https://rubalkhali.science/kb/RAK_1000027	Rhizosphere	False	core_sites_1_60	True	True	True	True		Measured	PowerSoil	1.734633335	True	NovaSeq	False		1	True	True	True	True
Sample_Mastersheet.xlsx	Trip3	243	Trip3	F27PRr2	27	27	False	False	Site 27	https://rubalkhali.science/kb/RAK_1000027	Rhizosphere	False	core_sites_1_60	True	True	True	True		Measured	PowerSoil	3.77153396	True	NovaSeq	True	Qiagen	1	True	True	True	True
Sample_Mastersheet.xlsx	Trip3	244	Trip3	F27PRr3	27	27	False	False	Site 27	https://rubalkhali.science/kb/RAK_1000027	Rhizosphere	False	core_sites_1_60	True	True	True	True		Measured	PowerSoil	1.501870772	True	NovaSeq	False		1	True	True	True	True
Sample_Mastersheet.xlsx	Trip3	245	Trip3	F28Dr1	28	28	False	False	Site 28	https://rubalkhali.science/kb/RAK_1000028	Deep	False	core_sites_1_60	True	True	True	True		Measured	PowerSoil	0.3668109795	True	NovaSeq	True	Qiagen	1	True	True	True	True
Sample_Mastersheet.xlsx	Trip3	246	Trip3	F28Dr2	28	28	False	False	Site 28	https://rubalkhali.science/kb/RAK_1000028	Deep	False	core_sites_1_60	True	True	True	True					True	NovaSeq	False		1	True	True	True	True
Sample_Mastersheet.xlsx	Trip3	247	Trip3	F28Dr3	28	28	False	False	Site 28	https://rubalkhali.science/kb/RAK_1000028	Deep	False	core_sites_1_60	True	True	True	True		Measured	PowerSoil	0.3544882555	True	NovaSeq	False		1	True	True	True	True
Sample_Mastersheet.xlsx	Trip3	248	Trip3	F28Sr1	28	28	False	False	Site 28	https://rubalkhali.science/kb/RAK_1000028	Surface	False	core_sites_1_60	True	True	True	True		Measured	PowerSoil	0.09224243453	True	NovaSeq	False		1	True	True	True	True
Sample_Mastersheet.xlsx	Trip3	249	Trip3	F28Sr2	28	28	False	False	Site 28	https://rubalkhali.science/kb/RAK_1000028	Surface	False	core_sites_1_60	True	True	True	True		Measured	PowerSoil	0.01812353211	True	NovaSeq	False		1	True	True	True	True
Sample_Mastersheet.xlsx	Trip3	250	Trip3	F28Sr3	28	28	False	False	Site 28	https://rubalkhali.science/kb/RAK_1000028	Surface	False	core_sites_1_60	True	True	True	True		Measured	PowerSoil	0.004888013823	True	NovaSeq	False		1	True	True	True	True
Sample_Mastersheet.xlsx	Trip3	251	Trip3	F28PRr1	28	28	False	False	Site 28	https://rubalkhali.science/kb/RAK_1000028	Rhizosphere	False	core_sites_1_60	True	True	True	True		Measured	PowerSoil	0.2781330069	True	NovaSeq	False		1	True	True	True	True
Sample_Mastersheet.xlsx	Trip3	252	Trip3	F28PRr2	28	28	False	False	Site 28	https://rubalkhali.science/kb/RAK_1000028	Rhizosphere	False	core_sites_1_60	True	True	True	True		Measured	PowerSoil	2.772480528	True	NovaSeq	True	Qiagen	1	True	True	True	True
Sample_Mastersheet.xlsx	Trip3	253	Trip3	F28PRr3	28	28	False	False	Site 28	https://rubalkhali.science/kb/RAK_1000028	Rhizosphere	False	core_sites_1_60	True	True	True	True		Measured	PowerSoil	0.1187591108	True	NovaSeq	False		1	True	True	True	True
Sample_Mastersheet.xlsx	Trip3	254	Trip3	F29Dr1	29	29	False	False	Site 29	https://rubalkhali.science/kb/RAK_1000029	Deep	False	core_sites_1_60	True	True	True	True		Measured	PowerSoil	0.03564918392	True	NovaSeq	False		1	True	True	True	True
Sample_Mastersheet.xlsx	Trip3	255	Trip3	F29Dr2	29	29	False	False	Site 29	https://rubalkhali.science/kb/RAK_1000029	Deep	False	core_sites_1_60	True	True	True	True		Measured	PowerSoil	0.06727750866	True	NovaSeq	False		1	True	True	True	True
Sample_Mastersheet.xlsx	Trip3	256	Trip3	F29Dr3	29	29	False	False	Site 29	https://rubalkhali.science/kb/RAK_1000029	Deep	False	core_sites_1_60	True	True	True	True		Measured	PowerSoil	0.02565408562	True	NovaSeq	False		1	True	True	True	True
Sample_Mastersheet.xlsx	Trip3	257	Trip3	F29Sr1	29	29	False	False	Site 29	https://rubalkhali.science/kb/RAK_1000029	Surface	False	core_sites_1_60	True	True	True	True		Measured	PowerSoil	0.03008113829	True	NovaSeq	False		1	True	True	True	True
Sample_Mastersheet.xlsx	Trip3	258	Trip3	F29Sr2	29	29	False	False	Site 29	https://rubalkhali.science/kb/RAK_1000029	Surface	False	core_sites_1_60	True	True	True	True		Measured	PowerSoil	0.04035007489	True	NovaSeq	False		1	True	True	True	True
Sample_Mastersheet.xlsx	Trip3	259	Trip3	F29Sr3	29	29	False	False	Site 29	https://rubalkhali.science/kb/RAK_1000029	Surface	False	core_sites_1_60	True	True	True	True		Measured	PowerSoil	0.03176980787	True	NovaSeq	False		1	True	True	True	True
Sample_Mastersheet.xlsx	Trip3	260	Trip3	F29PRr1	29	29	False	False	Site 29	https://rubalkhali.science/kb/RAK_1000029	Rhizosphere	False	core_sites_1_60	True	True	True	True		Measured	PowerSoil	1.391422654	True	NovaSeq	False		1	True	True	True	True
Sample_Mastersheet.xlsx	Trip3	261	Trip3	F29PRr2	29	29	False	False	Site 29	https://rubalkhali.science/kb/RAK_1000029	Rhizosphere	False	core_sites_1_60	True	True	True	True		Measured	PowerSoil	1.102979635	True	NovaSeq	False		1	True	True	True	True
Sample_Mastersheet.xlsx	Trip3	262	Trip3	F29PRr3	29	29	False	False	Site 29	https://rubalkhali.science/kb/RAK_1000029	Rhizosphere	False	core_sites_1_60	True	True	True	True		Measured	PowerSoil	0.3617906104	True	NovaSeq	False		1	True	True	True	True
Sample_Mastersheet.xlsx	Trip3	263	Trip3	F30Dr1	30	30	False	False	Site 30	https://rubalkhali.science/kb/RAK_1000030	Deep	False	core_sites_1_60	True	True	True	True		Measured	PowerSoil	0.00265166763	True	NovaSeq	False		1	True	True	True	True
Sample_Mastersheet.xlsx	Trip3	264	Trip3	F30Dr2	30	30	False	False	Site 30	https://rubalkhali.science/kb/RAK_1000030	Deep	False	core_sites_1_60	True	True	True	True		Measured	PowerSoil	0.0113232141	True	NovaSeq	False		1	True	True	True	True
Sample_Mastersheet.xlsx	Trip3	265	Trip3	F30Dr3	30	30	False	False	Site 30	https://rubalkhali.science/kb/RAK_1000030	Deep	False	core_sites_1_60	True	True	True	True		Measured	PowerSoil	0.02213982732	True	NovaSeq	False		1	True	True	True	True
Sample_Mastersheet.xlsx	Trip3	266	Trip3	F30Sr1	30	30	False	False	Site 30	https://rubalkhali.science/kb/RAK_1000030	Surface	False	core_sites_1_60	True	True	True	True		Measured	PowerSoil	0.04390997292	True	NovaSeq	False		1	True	True	True	True
Sample_Mastersheet.xlsx	Trip3	267	Trip3	F30Sr2	30	30	False	False	Site 30	https://rubalkhali.science/kb/RAK_1000030	Surface	False	core_sites_1_60	True	True	True	True		Measured	PowerSoil	0	True	NovaSeq	False		1	True	True	True	True
Sample_Mastersheet.xlsx	Trip3	268	Trip3	F30Sr3	30	30	False	False	Site 30	https://rubalkhali.science/kb/RAK_1000030	Surface	False	core_sites_1_60	True	True	True	True		Measured	PowerSoil	0.01689125972	True	NovaSeq	False		1	True	True	True	True
Sample_Mastersheet.xlsx	Trip3	269	Trip3	F30PRr1	30	30	False	False	Site 30	https://rubalkhali.science/kb/RAK_1000030	Rhizosphere	False	core_sites_1_60	True	True	True	True		Measured	PowerSoil	0.05043645263	True	NovaSeq	False		1	True	True	True	True
Sample_Mastersheet.xlsx	Trip3	270	Trip3	F30PRr2	30	30	False	False	Site 30	https://rubalkhali.science/kb/RAK_1000030	Rhizosphere	False	core_sites_1_60	True	True	True	True		Measured	PowerSoil	0.4046919456	True	NovaSeq	False		1	True	True	True	True
Sample_Mastersheet.xlsx	Trip3	271	Trip3	F30PRr3	30	30	False	False	Site 30	https://rubalkhali.science/kb/RAK_1000030	Rhizosphere	False	core_sites_1_60	True	True	True	True					True	NovaSeq	False		1	True	True	True	True
Sample_Mastersheet.xlsx	Trip3	272	Trip3	F31Dr1	31	31	False	False	Site 31	https://rubalkhali.science/kb/RAK_1000031	Deep	False	core_sites_1_60	True	True	True	True		Measured	PowerSoil	0.04121722954	True	NovaSeq	False		1	True	True	True	True
Sample_Mastersheet.xlsx	Trip3	273	Trip3	F31Dr2	31	31	False	False	Site 31	https://rubalkhali.science/kb/RAK_1000031	Deep	False	core_sites_1_60	True	True	True	True		Measured	PowerSoil	0.1215431336	True	NovaSeq	True	NEBNext	1	True	True	True	True
Sample_Mastersheet.xlsx	Trip3	274	Trip3	F31Dr3	31	31	False	False	Site 31	https://rubalkhali.science/kb/RAK_1000031	Deep	False	core_sites_1_60	True	True	True	True		Measured	PowerSoil	0.05997515374	False		False		0	False	False	False	True
Sample_Mastersheet.xlsx	Trip3	275	Trip3	F31Sr1	31	31	False	False	Site 31	https://rubalkhali.science/kb/RAK_1000031	Surface	False	core_sites_1_60	True	True	True	True		Measured	PowerSoil	0.01876248817	False		False		0	False	False	False	True
Sample_Mastersheet.xlsx	Trip3	276	Trip3	F31Sr2	31	31	False	False	Site 31	https://rubalkhali.science/kb/RAK_1000031	Surface	False	core_sites_1_60	True	True	True	True		Measured	PowerSoil	0.02656687999	True	NovaSeq	False		2	True	True	True	True
Sample_Mastersheet.xlsx	Trip3	277	Trip3	F31Sr3	31	31	False	False	Site 31	https://rubalkhali.science/kb/RAK_1000031	Surface	False	core_sites_1_60	True	True	True	True		Measured	PowerSoil	0.01041041973	True	NovaSeq	False		2	True	True	True	True
Sample_Mastersheet.xlsx	Trip3	278	Trip3	F31PRr1	31	31	False	False	Site 31	https://rubalkhali.science/kb/RAK_1000031	Rhizosphere	False	core_sites_1_60	True	True	True	True		Measured	PowerSoil	2.743727505	True	NovaSeq	False		1	True	True	True	True
Sample_Mastersheet.xlsx	Trip3	279	Trip3	F31PRr2	31	31	False	False	Site 31	https://rubalkhali.science/kb/RAK_1000031	Rhizosphere	False	core_sites_1_60	True	True	True	True		Measured	PowerSoil	0.7497282155	True	NovaSeq	False		1	True	True	True	True
Sample_Mastersheet.xlsx	Trip3	280	Trip3	F31PRr3	31	31	False	False	Site 31	https://rubalkhali.science/kb/RAK_1000031	Rhizosphere	False	core_sites_1_60	True	True	True	True		Measured	PowerSoil	0.3800464977	True	NovaSeq	False		1	True	True	True	True
Sample_Mastersheet.xlsx	Trip3	281	Trip3	F32Dr1	32	32	False	False	Site 32	https://rubalkhali.science/kb/RAK_1000032	Deep	False	core_sites_1_60	True	True	True	True		Measured	PowerSoil	0.02200290816	True	NovaSeq	False		1	True	True	True	True
Sample_Mastersheet.xlsx	Trip3	282	Trip3	F32Dr2	32	32	False	False	Site 32	https://rubalkhali.science/kb/RAK_1000032	Deep	False	core_sites_1_60	True	True	True	True		Measured	PowerSoil	0.00548133016	True	NovaSeq	False		1	True	True	True	True
Sample_Mastersheet.xlsx	Trip3	283	Trip3	F32Dr3	32	32	False	False	Site 32	https://rubalkhali.science/kb/RAK_1000032	Deep	False	core_sites_1_60	True	True	True	True		Measured	PowerSoil	0.01260112621	True	NovaSeq	False		1	True	True	True	True
Sample_Mastersheet.xlsx	Trip3	284	Trip3	F32Sr1	32	32	False	False	Site 32	https://rubalkhali.science/kb/RAK_1000032	Surface	False	core_sites_1_60	True	True	True	True		Measured	PowerSoil	0.04861991036	True	NovaSeq	False		1	True	True	True	True
Sample_Mastersheet.xlsx	Trip3	285	Trip3	F32Sr2	32	32	False	False	Site 32	https://rubalkhali.science/kb/RAK_1000032	Surface	False	core_sites_1_60	True	True	True	True		Measured	PowerSoil	0.0172447292	True	NovaSeq	False		1	True	True	True	True
Sample_Mastersheet.xlsx	Trip3	286	Trip3	F32Sr3	32	32	False	False	Site 32	https://rubalkhali.science/kb/RAK_1000032	Surface	False	core_sites_1_60	True	True	True	True		Measured	PowerSoil	0.04927065486	True	NovaSeq	False		1	True	True	True	True
Sample_Mastersheet.xlsx	Trip3	287	Trip3	F32PRr1	32	32	False	False	Site 32	https://rubalkhali.science/kb/RAK_1000032	Rhizosphere	False	core_sites_1_60	True	True	True	True		Measured	PowerSoil	0.8729737443	True	NovaSeq	True	Qiagen	1	True	True	True	True
Sample_Mastersheet.xlsx	Trip3	288	Trip3	F32PRr2	32	32	False	False	Site 32	https://rubalkhali.science/kb/RAK_1000032	Rhizosphere	False	core_sites_1_60	True	True	True	True		Measured	PowerSoil	0.5615460202	True	NovaSeq	False		1	True	True	True	True
Sample_Mastersheet.xlsx	Trip3	289	Trip3	F32PRr3	32	32	False	False	Site 32	https://rubalkhali.science/kb/RAK_1000032	Rhizosphere	False	core_sites_1_60	True	True	True	True		Measured	PowerSoil	0.1932246342	True	NovaSeq	False		1	True	True	True	True
Sample_Mastersheet.xlsx	Trip3	290	Trip3	F33Dr1	33	33	False	False	Site 33	https://rubalkhali.science/kb/RAK_1000033	Deep	False	core_sites_1_60	True	True	True	True		Measured	PowerSoil	0.06572519432	True	NovaSeq	False		2	True	True	True	True
Sample_Mastersheet.xlsx	Trip3	291	Trip3	F33Dr2	33	33	False	False	Site 33	https://rubalkhali.science/kb/RAK_1000033	Deep	False	core_sites_1_60	True	True	True	True		Measured	PowerSoil	0.05707958884	True	NovaSeq	False		1	True	True	True	True
Sample_Mastersheet.xlsx	Trip3	292	Trip3	F33Dr3	33	33	False	False	Site 33	https://rubalkhali.science/kb/RAK_1000033	Deep	False	core_sites_1_60	True	True	True	True		Measured	PowerSoil	0.06693371981	True	NovaSeq	False		1	True	True	True	True
Sample_Mastersheet.xlsx	Trip3	293	Trip3	F33Sr1	33	33	False	False	Site 33	https://rubalkhali.science/kb/RAK_1000033	Surface	False	core_sites_1_60	True	True	True	True		Measured	PowerSoil	0.0173376927	True	NovaSeq	False		1	True	True	True	True
Sample_Mastersheet.xlsx	Trip3	294	Trip3	F33Sr2	33	33	False	False	Site 33	https://rubalkhali.science/kb/RAK_1000033	Surface	False	core_sites_1_60	True	True	True	True		Measured	PowerSoil	0.01027246672	True	NovaSeq	False		1	True	True	True	True
Sample_Mastersheet.xlsx	Trip3	295	Trip3	F33Sr3	33	33	False	False	Site 33	https://rubalkhali.science/kb/RAK_1000033	Surface	False	core_sites_1_60	True	True	True	True		Measured	PowerSoil	0.01547842271	True	NovaSeq	False		1	True	True	True	True
Sample_Mastersheet.xlsx	Trip3	296	Trip3	F33PRr1	33	33	False	False	Site 33	https://rubalkhali.science/kb/RAK_1000033	Rhizosphere	False	core_sites_1_60	True	True	True	True		Measured	PowerSoil	10.98321916	False		True	Qiagen	0	False	False	False	True
Sample_Mastersheet.xlsx	Trip3	297	Trip3	F33PRr2	33	33	False	False	Site 33	https://rubalkhali.science/kb/RAK_1000033	Rhizosphere	False	core_sites_1_60	True	True	True	True		Measured	PowerSoil	1.837934872	True	NovaSeq	False		1	True	True	True	True
Sample_Mastersheet.xlsx	Trip3	298	Trip3	F33PRr3	33	33	False	False	Site 33	https://rubalkhali.science/kb/RAK_1000033	Rhizosphere	False	core_sites_1_60	True	True	True	True		Measured	PowerSoil	7.064807645	True	NovaSeq	False		1	True	True	True	True
Sample_Mastersheet.xlsx	Trip3	299	Trip3	F34Dr1	34	34	False	False	Site 34	https://rubalkhali.science/kb/RAK_1000034	Deep	False	core_sites_1_60	True	True	True	True		Measured	PowerSoil	0.01152747397	True	NovaSeq	False		1	True	True	True	True
Sample_Mastersheet.xlsx	Trip3	300	Trip3	F34Dr2	34	34	False	False	Site 34	https://rubalkhali.science/kb/RAK_1000034	Deep	False	core_sites_1_60	True	True	True	True		Measured	PowerSoil	0.02993424692	True	NovaSeq	False		1	True	True	True	True
Sample_Mastersheet.xlsx	Trip3	301	Trip3	F34Dr3	34	34	False	False	Site 34	https://rubalkhali.science/kb/RAK_1000034	Deep	False	core_sites_1_60	True	True	True	True		Measured	PowerSoil	0.02923702067	True	NovaSeq	False		1	True	True	True	True
Sample_Mastersheet.xlsx	Trip3	302	Trip3	F34Sr1	34	34	False	False	Site 34	https://rubalkhali.science/kb/RAK_1000034	Surface	False	core_sites_1_60	True	True	True	True					True	NovaSeq	False		2	True	True	True	True
Sample_Mastersheet.xlsx	Trip3	303	Trip3	F34Sr2	34	34	False	False	Site 34	https://rubalkhali.science/kb/RAK_1000034	Surface	False	core_sites_1_60	True	True	True	True		Measured	PowerSoil	0.02654107918	True	NovaSeq	False		1	True	True	True	True
Sample_Mastersheet.xlsx	Trip3	304	Trip3	F34Sr3	34	34	False	False	Site 34	https://rubalkhali.science/kb/RAK_1000034	Surface	False	core_sites_1_60	True	True	True	True		Measured	PowerSoil	0.01157395572	True	NovaSeq	False		1	True	True	True	True
Sample_Mastersheet.xlsx	Trip3	305	Trip3	F34PRr1	34	34	False	False	Site 34	https://rubalkhali.science/kb/RAK_1000034	Rhizosphere	False	core_sites_1_60	True	True	True	True		Measured	PowerSoil	1.52232379	True	NovaSeq	False		1	True	True	True	True
Sample_Mastersheet.xlsx	Trip3	306	Trip3	F34PRr2	34	34	False	False	Site 34	https://rubalkhali.science/kb/RAK_1000034	Rhizosphere	False	core_sites_1_60	True	True	True	True		Measured	PowerSoil	1.972731946	True	NovaSeq	True	Qiagen	1	True	True	True	True
Sample_Mastersheet.xlsx	Trip3	307	Trip3	F34PRr3	34	34	False	False	Site 34	https://rubalkhali.science/kb/RAK_1000034	Rhizosphere	False	core_sites_1_60	True	True	True	True		Measured	PowerSoil	1.833286697	True	NovaSeq	False		1	True	True	True	True
Sample_Mastersheet.xlsx	Trip3	308	Trip3	F35Dr1	35	35	False	False	Site 35	https://rubalkhali.science/kb/RAK_1000035	Deep	False	core_sites_1_60	True	True	True	True		Measured	PowerSoil	0.1211779219	True	NovaSeq	True	NEBNext	1	True	True	True	True
Sample_Mastersheet.xlsx	Trip3	309	Trip3	F35Dr2	35	35	False	False	Site 35	https://rubalkhali.science/kb/RAK_1000035	Deep	False	core_sites_1_60	True	True	True	True		Measured	PowerSoil	0.09644963098	True	NovaSeq	False		1	True	True	True	True
Sample_Mastersheet.xlsx	Trip3	310	Trip3	F35Dr3	35	35	False	False	Site 35	https://rubalkhali.science/kb/RAK_1000035	Deep	False	core_sites_1_60	True	True	True	True		Measured	PowerSoil	0.102027441	True	NovaSeq	False		1	True	True	True	True
Sample_Mastersheet.xlsx	Trip3	311	Trip3	F35Sr1	35	35	False	False	Site 35	https://rubalkhali.science/kb/RAK_1000035	Surface	False	core_sites_1_60	True	True	True	True		Measured	PowerSoil	0.003067795491	True	NovaSeq	False		1	True	True	True	True
Sample_Mastersheet.xlsx	Trip3	312	Trip3	F35Sr2	35	35	False	False	Site 35	https://rubalkhali.science/kb/RAK_1000035	Surface	False	core_sites_1_60	True	True	True	True		Measured	PowerSoil	0.05503439185	True	NovaSeq	False		1	True	True	True	True
Sample_Mastersheet.xlsx	Trip3	313	Trip3	F35Sr3	35	35	False	False	Site 35	https://rubalkhali.science/kb/RAK_1000035	Surface	False	core_sites_1_60	True	True	True	True		Measured	PowerSoil	0.08715328101	True	NovaSeq	False		1	True	True	True	True
Sample_Mastersheet.xlsx	Trip3	314	Trip3	F35PRr1	35	35	False	False	Site 35	https://rubalkhali.science/kb/RAK_1000035	Rhizosphere	False	core_sites_1_60	True	True	True	True		Measured	PowerSoil	1.886740709	True	NovaSeq	True	Qiagen	1	True	True	True	True
Sample_Mastersheet.xlsx	Trip3	315	Trip3	F35PRr2	35	35	False	False	Site 35	https://rubalkhali.science/kb/RAK_1000035	Rhizosphere	False	core_sites_1_60	True	True	True	True		Measured	PowerSoil	1.208571978	True	NovaSeq	False		1	True	True	True	True
Sample_Mastersheet.xlsx	Trip3	316	Trip3	F35PRr3	35	35	False	False	Site 35	https://rubalkhali.science/kb/RAK_1000035	Rhizosphere	False	core_sites_1_60	True	True	True	True		Measured	PowerSoil	0.3695763932	True	NovaSeq	False		1	True	True	True	True
Sample_Mastersheet.xlsx	Trip3	317	Trip3	F36Dr1	36	36	False	False	Site 36	https://rubalkhali.science/kb/RAK_1000036	Deep	False	core_sites_1_60	True	True	True	True		Measured	PowerSoil	0.1246175714	True	NovaSeq	False		1	True	True	True	True
Sample_Mastersheet.xlsx	Trip3	318	Trip3	F36Dr2	36	36	False	False	Site 36	https://rubalkhali.science/kb/RAK_1000036	Deep	False	core_sites_1_60	True	True	True	True		Measured	PowerSoil	0.1595718473	True	NovaSeq	False		1	True	True	True	True
Sample_Mastersheet.xlsx	Trip3	319	Trip3	F36Dr3	36	36	False	False	Site 36	https://rubalkhali.science/kb/RAK_1000036	Deep	False	core_sites_1_60	True	True	True	True		Measured	PowerSoil	0.1707274673	True	NovaSeq	True	NEBNext	1	True	True	True	True
Sample_Mastersheet.xlsx	Trip3	320	Trip3	F36Sr1	36	36	False	False	Site 36	https://rubalkhali.science/kb/RAK_1000036	Surface	False	core_sites_1_60	True	True	True	True		Measured	PowerSoil	0.1613381538	True	NovaSeq	True	NEBNext	1	True	True	True	True
Sample_Mastersheet.xlsx	Trip3	321	Trip3	F36Sr2	36	36	False	False	Site 36	https://rubalkhali.science/kb/RAK_1000036	Surface	False	core_sites_1_60	True	True	True	True		Measured	PowerSoil	0.02231123994	True	NovaSeq	False		1	True	True	True	True
Sample_Mastersheet.xlsx	Trip3	322	Trip3	F36Sr3	36	36	False	False	Site 36	https://rubalkhali.science/kb/RAK_1000036	Surface	False	core_sites_1_60	True	True	True	True		Measured	PowerSoil	0.00376502174	False		False		0	False	False	False	True
Sample_Mastersheet.xlsx	Trip3	323	Trip3	F36PRr1	36	36	False	False	Site 36	https://rubalkhali.science/kb/RAK_1000036	Rhizosphere	False	core_sites_1_60	True	True	True	True		Measured	PowerSoil	1.36614511	True	NovaSeq	False		1	True	True	True	True
Sample_Mastersheet.xlsx	Trip3	324	Trip3	F36PRr2	36	36	False	False	Site 36	https://rubalkhali.science/kb/RAK_1000036	Rhizosphere	False	core_sites_1_60	True	True	True	True		Measured	PowerSoil	1.768677064	True	NovaSeq	True	Qiagen	1	True	True	True	True
Sample_Mastersheet.xlsx	Trip3	325	Trip3	F36PRr3	36	36	False	False	Site 36	https://rubalkhali.science/kb/RAK_1000036	Rhizosphere	False	core_sites_1_60	True	True	True	True		Measured	PowerSoil	1.304789201	True	NovaSeq	False		1	True	True	True	True
Sample_Mastersheet.xlsx	Trip3	326	Trip3	F37Dr1	37	37	False	False	Site 37	https://rubalkhali.science/kb/RAK_1000037	Deep	False	core_sites_1_60	True	True	True	True		Measured	PowerSoil	0.104816346	True	NovaSeq	False		1	True	True	True	True
Sample_Mastersheet.xlsx	Trip3	327	Trip3	F37Dr2	37	37	False	False	Site 37	https://rubalkhali.science/kb/RAK_1000037	Deep	False	core_sites_1_60	True	True	True	True		Measured	PowerSoil	0.4509194555	True	NovaSeq	True	Qiagen	1	True	True	True	True
Sample_Mastersheet.xlsx	Trip3	328	Trip3	F37Dr3	37	37	False	False	Site 37	https://rubalkhali.science/kb/RAK_1000037	Deep	False	core_sites_1_60	True	True	True	True		Measured	PowerSoil	0.08241214252	True	NovaSeq	False		1	True	True	True	True
Sample_Mastersheet.xlsx	Trip3	329	Trip3	F37Sr1	37	37	False	False	Site 37	https://rubalkhali.science/kb/RAK_1000037	Surface	False	core_sites_1_60	True	True	True	True		Measured	PowerSoil	1.007306001	True	NovaSeq	True	Qiagen	1	True	True	True	True
Sample_Mastersheet.xlsx	Trip3	330	Trip3	F37Sr2	37	37	False	False	Site 37	https://rubalkhali.science/kb/RAK_1000037	Surface	False	core_sites_1_60	True	True	True	True		Measured	PowerSoil	0.008180787977	True	NovaSeq	False		1	True	True	True	True
Sample_Mastersheet.xlsx	Trip3	331	Trip3	F37Sr3	37	37	False	False	Site 37	https://rubalkhali.science/kb/RAK_1000037	Surface	False	core_sites_1_60	True	True	True	True		Measured	PowerSoil	0.01970826195	True	NovaSeq	False		1	True	True	True	True
Sample_Mastersheet.xlsx	Trip3	332	Trip3	F37PRr1	37	37	False	False	Site 37	https://rubalkhali.science/kb/RAK_1000037	Rhizosphere	False	core_sites_1_60	True	True	True	True		Measured	PowerSoil	0.2678743245	True	NovaSeq	False		1	True	True	True	True
Sample_Mastersheet.xlsx	Trip3	333	Trip3	F37PRr2	37	37	False	False	Site 37	https://rubalkhali.science/kb/RAK_1000037	Rhizosphere	False	core_sites_1_60	True	True	True	True		Measured	PowerSoil	0.3658578532	True	NovaSeq	True	Qiagen	1	True	True	True	True
Sample_Mastersheet.xlsx	Trip3	334	Trip3	F37PRr3	37	37	False	False	Site 37	https://rubalkhali.science/kb/RAK_1000037	Rhizosphere	False	core_sites_1_60	True	True	True	True		Measured	PowerSoil	0.1547842271	True	NovaSeq	False		1	True	True	True	True
Sample_Mastersheet.xlsx	Trip3	335	Trip3	F38Dr1	38	38	False	False	Site 38	https://rubalkhali.science/kb/RAK_1000038	Deep	False	core_sites_1_60	True	True	True	True		Measured	PowerSoil	0.0177095467	False		False		0	False	False	False	True
Sample_Mastersheet.xlsx	Trip3	336	Trip3	F38Dr2	38	38	False	False	Site 38	https://rubalkhali.science/kb/RAK_1000038	Deep	False	core_sites_1_60	True	True	True	True		Measured	PowerSoil	0.04499433387	True	NovaSeq	False		1	True	True	True	True
Sample_Mastersheet.xlsx	Trip3	337	Trip3	F38Dr3	38	38	False	False	Site 38	https://rubalkhali.science/kb/RAK_1000038	Deep	False	core_sites_1_60	True	True	True	True		Measured	PowerSoil	0.1109054552	True	NovaSeq	True	NEBNext	1	True	True	True	True
Sample_Mastersheet.xlsx	Trip3	338	Trip3	F38Sr1	38	38	False	False	Site 38	https://rubalkhali.science/kb/RAK_1000038	Surface	False	core_sites_1_60	True	True	True	True		Measured	PowerSoil	0.1068150612	True	NovaSeq	True	NEBNext	1	True	True	True	True
Sample_Mastersheet.xlsx	Trip3	339	Trip3	F38Sr2	38	38	False	False	Site 38	https://rubalkhali.science/kb/RAK_1000038	Surface	False	core_sites_1_60	True	True	True	True		Measured	PowerSoil	0.05972904858	True	NovaSeq	False		1	True	True	True	True
Sample_Mastersheet.xlsx	Trip3	340	Trip3	F38Sr3	38	38	False	False	Site 38	https://rubalkhali.science/kb/RAK_1000038	Surface	False	core_sites_1_60	True	True	True	True		Measured	PowerSoil	0.03035258267	True	NovaSeq	False		1	True	True	True	True
Sample_Mastersheet.xlsx	Trip3	341	Trip3	F38PRr1	38	38	False	False	Site 38	https://rubalkhali.science/kb/RAK_1000038	Rhizosphere	False	core_sites_1_60	True	True	True	True		Measured	PowerSoil	0.2624824415	True	NovaSeq	True	NEBNext	1	True	True	True	True
Sample_Mastersheet.xlsx	Trip3	342	Trip3	F38PRr2	38	38	False	False	Site 38	https://rubalkhali.science/kb/RAK_1000038	Rhizosphere	False	core_sites_1_60	True	True	True	True		Measured	PowerSoil	0.06935077081	True	NovaSeq	False		1	True	True	True	True
Sample_Mastersheet.xlsx	Trip3	343	Trip3	F38PRr3	38	38	False	False	Site 38	https://rubalkhali.science/kb/RAK_1000038	Rhizosphere	False	core_sites_1_60	True	True	True	True		Measured	PowerSoil	0.04996788111	True	NovaSeq	False		1	True	True	True	True
Sample_Mastersheet.xlsx	Trip3	344	Trip3	F39Dr1	39	39	False	False	Site 39	https://rubalkhali.science/kb/RAK_1000039	Deep	False	core_sites_1_60	True	True	True	True		Measured	PowerSoil	0.0351402029	False		False		0	False	False	False	True
Sample_Mastersheet.xlsx	Trip3	345	Trip3	F39Dr2	39	39	False	False	Site 39	https://rubalkhali.science/kb/RAK_1000039	Deep	False	core_sites_1_60	True	True	True	True		Measured	PowerSoil	0.02128864144	True	NovaSeq	False		1	True	True	True	True
Sample_Mastersheet.xlsx	Trip3	346	Trip3	F39Dr3	39	39	False	False	Site 39	https://rubalkhali.science/kb/RAK_1000039	Deep	False	core_sites_1_60	True	True	True	True		Measured	PowerSoil	0.01278248121	True	NovaSeq	False		1	True	True	True	True
Sample_Mastersheet.xlsx	Trip3	347	Trip3	F39Sr1	39	39	False	False	Site 39	https://rubalkhali.science/kb/RAK_1000039	Surface	False	core_sites_1_60	True	True	True	True		Measured	PowerSoil	0.1647778033	True	NovaSeq	True	NEBNext	1	True	True	True	True
Sample_Mastersheet.xlsx	Trip3	348	Trip3	F39Sr2	39	39	False	False	Site 39	https://rubalkhali.science/kb/RAK_1000039	Surface	False	core_sites_1_60	True	True	True	True		Measured	PowerSoil	0.06846761756	True	NovaSeq	False		1	True	True	True	True
Sample_Mastersheet.xlsx	Trip3	349	Trip3	F39Sr3	39	39	False	False	Site 39	https://rubalkhali.science/kb/RAK_1000039	Surface	False	core_sites_1_60	True	True	True	True		Measured	PowerSoil	0.08933792325	True	NovaSeq	False		1	True	True	True	True
Sample_Mastersheet.xlsx	Trip3	350	Trip3	F39PRr1	39	39	False	False	Site 39	https://rubalkhali.science/kb/RAK_1000039	Rhizosphere	False	core_sites_1_60	True	True	True	True		Measured	PowerSoil	0.2240420344	True	NovaSeq	False		1	True	True	True	True
Sample_Mastersheet.xlsx	Trip3	351	Trip3	F39PRr2	39	39	False	False	Site 39	https://rubalkhali.science/kb/RAK_1000039	Rhizosphere	False	core_sites_1_60	True	True	True	True		Measured	PowerSoil	0.6507909799	False		True	NEBNext	0	False	False	False	True
Sample_Mastersheet.xlsx	Trip3	352	Trip3	F39PRr3	39	39	False	False	Site 39	https://rubalkhali.science/kb/RAK_1000039	Rhizosphere	False	core_sites_1_60	True	True	True	True		Measured	PowerSoil	0.1121604624	True	NovaSeq	False		1	True	True	True	True
Sample_Mastersheet.xlsx	Trip3	353	Trip3	F40Dr1	40	40	False	False	Site 40	https://rubalkhali.science/kb/RAK_1000040	Deep	False	core_sites_1_60	True	True	True	True		Measured	PowerSoil	0.02342680193	True	NovaSeq	False		1	True	True	True	True
Sample_Mastersheet.xlsx	Trip3	354	Trip3	F40Dr2	40	40	False	False	Site 40	https://rubalkhali.science/kb/RAK_1000040	Deep	False	core_sites_1_60	True	True	True	True		Measured	PowerSoil	0.04690008562	True	NovaSeq	False		1	True	True	True	True
Sample_Mastersheet.xlsx	Trip3	355	Trip3	F40Dr3	40	40	False	False	Site 40	https://rubalkhali.science/kb/RAK_1000040	Deep	False	core_sites_1_60	True	True	True	True		Measured	PowerSoil	0.04164764788	True	NovaSeq	False		2	True	True	True	True
Sample_Mastersheet.xlsx	Trip3	356	Trip3	F40Sr1	40	40	False	False	Site 40	https://rubalkhali.science/kb/RAK_1000040	Surface	False	core_sites_1_60	True	True	True	True		Measured	PowerSoil	0.05429068385	True	NovaSeq	False		1	True	True	True	True
Sample_Mastersheet.xlsx	Trip3	357	Trip3	F40Sr2	40	40	False	False	Site 40	https://rubalkhali.science/kb/RAK_1000040	Surface	False	core_sites_1_60	True	True	True	True		Measured	PowerSoil	0.05215252335	True	NovaSeq	False		1	True	True	True	True
Sample_Mastersheet.xlsx	Trip3	358	Trip3	F40Sr3	40	40	False	False	Site 40	https://rubalkhali.science/kb/RAK_1000040	Surface	False	core_sites_1_60	True	True	True	True		Measured	PowerSoil	0.06842113581	True	NovaSeq	False		1	True	True	True	True
Sample_Mastersheet.xlsx	Trip3	359	Trip3	F40PRr1	40	40	False	False	Site 40	https://rubalkhali.science/kb/RAK_1000040	Rhizosphere	False	core_sites_1_60	True	True	True	True		Measured	PowerSoil	0.03332741466	True	NovaSeq	False		1	True	True	True	True
Sample_Mastersheet.xlsx	Trip3	360	Trip3	F40PRr2	40	40	False	False	Site 40	https://rubalkhali.science/kb/RAK_1000040	Rhizosphere	False	core_sites_1_60	True	True	True	True		Measured	PowerSoil	0.02291550269	True	NovaSeq	False		1	True	True	True	True
Sample_Mastersheet.xlsx	Trip3	361	Trip3	F40PRr3	40	40	False	False	Site 40	https://rubalkhali.science/kb/RAK_1000040	Rhizosphere	False	core_sites_1_60	True	True	True	True		Measured	PowerSoil	0.01106265647	True	NovaSeq	False		1	True	True	True	True
Sample_Mastersheet.xlsx	Trip3	362	Trip3	F41Dr1	41	41	False	False	Site 41	https://rubalkhali.science/kb/RAK_1000041	Deep	False	core_sites_1_60	True	True	True	True		Measured	PowerSoil	0	False		False		0	False	False	False	True
Sample_Mastersheet.xlsx	Trip3	363	Trip3	F41Dr2	41	41	False	False	Site 41	https://rubalkhali.science/kb/RAK_1000041	Deep	False	core_sites_1_60	True	True	True	True		Measured	PowerSoil	0.0004183357488	False		False		0	False	False	False	True
Sample_Mastersheet.xlsx	Trip3	364	Trip3	F41Dr3	41	41	False	False	Site 41	https://rubalkhali.science/kb/RAK_1000041	Deep	False	core_sites_1_60	True	True	True	True		Measured	PowerSoil	0.1946190867	True	NovaSeq	True	NEBNext	2	True	True	True	True
Sample_Mastersheet.xlsx	Trip3	365	Trip3	F41Sr1	41	41	False	False	Site 41	https://rubalkhali.science/kb/RAK_1000041	Surface	False	core_sites_1_60	True	True	True	True		Measured	PowerSoil	0.02045196994	False		False		0	False	False	False	True
Sample_Mastersheet.xlsx	Trip3	366	Trip3	F41Sr2	41	41	False	False	Site 41	https://rubalkhali.science/kb/RAK_1000041	Surface	False	core_sites_1_60	True	True	True	True		Measured	PowerSoil	0.02417050993	False		False		0	False	False	False	True
Sample_Mastersheet.xlsx	Trip3	367	Trip3	F41Sr3	41	41	False	False	Site 41	https://rubalkhali.science/kb/RAK_1000041	Surface	False	core_sites_1_60	True	True	True	True		Measured	PowerSoil	0.01255007247	False		False		0	False	False	False	True
Sample_Mastersheet.xlsx	Trip3	368	Trip3	F41PRr1	41	41	False	False	Site 41	https://rubalkhali.science/kb/RAK_1000041	Rhizosphere	False	core_sites_1_60	True	True	True	True		Measured	PowerSoil	5.484428149	True	NovaSeq	True	NEBNext	1	True	True	True	True
Sample_Mastersheet.xlsx	Trip3	369	Trip3	F41PRr2	41	41	False	False	Site 41	https://rubalkhali.science/kb/RAK_1000041	Rhizosphere	False	core_sites_1_60	True	True	True	True		Measured	PowerSoil	4.030943831	True	NovaSeq	False		1	True	True	True	True
Sample_Mastersheet.xlsx	Trip3	370	Trip3	F41PRr3	41	41	False	False	Site 41	https://rubalkhali.science/kb/RAK_1000041	Rhizosphere	False	core_sites_1_60	True	True	True	True		Measured	PowerSoil	34.47044737	False		False		0	False	False	False	True
Sample_Mastersheet.xlsx	Trip3	371	Trip3	F42Dr1	42	42	False	False	Site 42	https://rubalkhali.science/kb/RAK_1000042	Deep	False	core_sites_1_60	True	True	True	True		Measured	PowerSoil	0.03751077215	True	NovaSeq	False		1	True	True	True	True
Sample_Mastersheet.xlsx	Trip3	372	Trip3	F42Dr2	42	42	False	False	Site 42	https://rubalkhali.science/kb/RAK_1000042	Deep	False	core_sites_1_60	True	True	True	True		Measured	PowerSoil	0.0343035314	True	NovaSeq	False		1	True	True	True	True
Sample_Mastersheet.xlsx	Trip3	373	Trip3	F42Dr3	42	42	False	False	Site 42	https://rubalkhali.science/kb/RAK_1000042	Deep	False	core_sites_1_60	True	True	True	True		Measured	PowerSoil	0.02017307944	True	NovaSeq	False		1	True	True	True	True
Sample_Mastersheet.xlsx	Trip3	374	Trip3	F42Sr1	42	42	False	False	Site 42	https://rubalkhali.science/kb/RAK_1000042	Surface	False	core_sites_1_60	True	True	True	True		Measured	PowerSoil	0.03286259716	True	NovaSeq	False		1	True	True	True	True
Sample_Mastersheet.xlsx	Trip3	375	Trip3	F42Sr2	42	42	False	False	Site 42	https://rubalkhali.science/kb/RAK_1000042	Surface	False	core_sites_1_60	True	True	True	True		Measured	PowerSoil	0.03890522464	True	NovaSeq	False		1	True	True	True	True
Sample_Mastersheet.xlsx	Trip3	376	Trip3	F42Sr3	42	42	False	False	Site 42	https://rubalkhali.science/kb/RAK_1000042	Surface	False	core_sites_1_60	True	True	True	True		Measured	PowerSoil	0.02049845169	True	NovaSeq	False		1	True	True	True	True
Sample_Mastersheet.xlsx	Trip3	377	Trip3	F42PRr1	42	42	False	False	Site 42	https://rubalkhali.science/kb/RAK_1000042	Rhizosphere	False	core_sites_1_60	True	True	True	True		Measured	PowerSoil	0.4100155156	True	NovaSeq	False		1	True	True	True	True
Sample_Mastersheet.xlsx	Trip3	378	Trip3	F42PRr2	42	42	False	False	Site 42	https://rubalkhali.science/kb/RAK_1000042	Rhizosphere	False	core_sites_1_60	True	True	True	True		Measured	PowerSoil	1.049782766	True	NovaSeq	True	NEBNext	1	True	True	True	True
Sample_Mastersheet.xlsx	Trip3	379	Trip3	F42PRr3	42	42	False	False	Site 42	https://rubalkhali.science/kb/RAK_1000042	Rhizosphere	False	core_sites_1_60	True	True	True	True		Measured	PowerSoil	0.2390464093	True	NovaSeq	False		1	True	True	True	True
Sample_Mastersheet.xlsx	Trip3	380	Trip3	F43Dr1	43	43	False	False	Site 43	https://rubalkhali.science/kb/RAK_1000043	Deep	False	core_sites_1_60	True	True	True	True		Measured	PowerSoil	0.0126927297	True	NovaSeq	False		2	True	True	True	True
Sample_Mastersheet.xlsx	Trip3	381	Trip3	F43Dr2	43	43	False	False	Site 43	https://rubalkhali.science/kb/RAK_1000043	Deep	False	core_sites_1_60	True	True	True	True		Measured	PowerSoil	0.006393374959	True	NovaSeq	False		1	True	True	True	True
Sample_Mastersheet.xlsx	Trip3	382	Trip3	F43Dr3	43	43	False	False	Site 43	https://rubalkhali.science/kb/RAK_1000043	Deep	False	core_sites_1_60	True	True	True	True		Measured	PowerSoil	0.03812519921	True	NovaSeq	False		1	True	True	True	True
Sample_Mastersheet.xlsx	Trip3	383	Trip3	F43Sr1	43	43	False	False	Site 43	https://rubalkhali.science/kb/RAK_1000043	Surface	False	core_sites_1_60	True	True	True	True		Measured	PowerSoil	0.02044939785	True	NovaSeq	False		1	True	True	True	True
Sample_Mastersheet.xlsx	Trip3	384	Trip3	F43Sr2	43	43	False	False	Site 43	https://rubalkhali.science/kb/RAK_1000043	Surface	False	core_sites_1_60	True	True	True	True		Measured	PowerSoil	0.00404286946	True	NovaSeq	False		1	True	True	True	True
Sample_Mastersheet.xlsx	Trip3	385	Trip3	F43Sr3	43	43	False	False	Site 43	https://rubalkhali.science/kb/RAK_1000043	Surface	False	core_sites_1_60	True	True	True	True		Measured	PowerSoil	0.07065619532	True	NovaSeq	False		1	True	True	True	True
Sample_Mastersheet.xlsx	Trip3	386	Trip3	F43PRr1	43	43	False	False	Site 43	https://rubalkhali.science/kb/RAK_1000043	Rhizosphere	False	core_sites_1_60	True	True	True	True		Measured	PowerSoil	0.6530174379	True	NovaSeq	False		1	True	True	True	True
Sample_Mastersheet.xlsx	Trip3	387	Trip3	F43PRr2	43	43	False	False	Site 43	https://rubalkhali.science/kb/RAK_1000043	Rhizosphere	False	core_sites_1_60	True	True	True	True		Measured	PowerSoil	0.9045215264	True	NovaSeq	True	NEBNext	1	True	True	True	True
Sample_Mastersheet.xlsx	Trip3	388	Trip3	F43PRr3	43	43	False	False	Site 43	https://rubalkhali.science/kb/RAK_1000043	Rhizosphere	False	core_sites_1_60	True	True	True	True		Measured	PowerSoil	0.3173652526	True	NovaSeq	False		1	True	True	True	True
Sample_Mastersheet.xlsx	Trip3	389	Trip3	F44Dr1	44	44	False	False	Site 44	https://rubalkhali.science/kb/RAK_1000044	Deep	False	core_sites_1_60	True	True	True	True		Measured	PowerSoil	0.01104737585	True	NovaSeq	False		1	True	True	True	True
Sample_Mastersheet.xlsx	Trip3	390	Trip3	F44Dr2	44	44	False	False	Site 44	https://rubalkhali.science/kb/RAK_1000044	Deep	False	core_sites_1_60	True	True	True	True		Measured	PowerSoil	0.00150432352	True	NovaSeq	False		1	True	True	True	True
Sample_Mastersheet.xlsx	Trip3	391	Trip3	F44Dr3	44	44	False	False	Site 44	https://rubalkhali.science/kb/RAK_1000044	Deep	False	core_sites_1_60	True	True	True	True		Measured	PowerSoil	0.01349190157	True	NovaSeq	False		1	True	True	True	True
Sample_Mastersheet.xlsx	Trip3	392	Trip3	F44Sr1	44	44	False	False	Site 44	https://rubalkhali.science/kb/RAK_1000044	Surface	False	core_sites_1_60	True	True	True	True		Measured	PowerSoil	0	True	NovaSeq	False		1	True	True	True	True
Sample_Mastersheet.xlsx	Trip3	393	Trip3	F44Sr2	44	44	False	False	Site 44	https://rubalkhali.science/kb/RAK_1000044	Surface	False	core_sites_1_60	True	True	True	True		Measured	PowerSoil	0.00211545495	True	NovaSeq	False		1	True	True	True	True
Sample_Mastersheet.xlsx	Trip3	394	Trip3	F44Sr3	44	44	False	False	Site 44	https://rubalkhali.science/kb/RAK_1000044	Surface	False	core_sites_1_60	True	True	True	True		Measured	PowerSoil	0.03060358161	True	NovaSeq	False		1	True	True	True	True
Sample_Mastersheet.xlsx	Trip3	395	Trip3	F44PRr1	44	44	False	False	Site 44	https://rubalkhali.science/kb/RAK_1000044	Rhizosphere	False	core_sites_1_60	True	True	True	True		Measured	PowerSoil	0.09829814	True	NovaSeq	False		1	True	True	True	True
Sample_Mastersheet.xlsx	Trip3	396	Trip3	F44PRr2	44	44	False	False	Site 44	https://rubalkhali.science/kb/RAK_1000044	Rhizosphere	False	core_sites_1_60	True	True	True	True		Measured	PowerSoil	0.06736548762	True	NovaSeq	False		1	True	True	True	True
Sample_Mastersheet.xlsx	Trip3	397	Trip3	F44PRr3	44	44	False	False	Site 44	https://rubalkhali.science/kb/RAK_1000044	Rhizosphere	False	core_sites_1_60	True	True	True	True		Measured	PowerSoil	0.009072951229	True	NovaSeq	False		1	True	True	True	True
Sample_Mastersheet.xlsx	Trip3	398	Trip3	F45Dr1	45	45	False	False	Site 45	https://rubalkhali.science/kb/RAK_1000045	Deep	False	core_sites_1_60	True	True	True	True		Measured	PowerSoil	0.130359035	True	NovaSeq	False		1	True	True	True	True
Sample_Mastersheet.xlsx	Trip3	399	Trip3	F45Dr2	45	45	False	False	Site 45	https://rubalkhali.science/kb/RAK_1000045	Deep	False	core_sites_1_60	True	True	True	True		Measured	PowerSoil	0.03314212755	True	NovaSeq	False		1	True	True	True	True
Sample_Mastersheet.xlsx	Trip3	400	Trip3	F45Dr3	45	45	False	False	Site 45	https://rubalkhali.science/kb/RAK_1000045	Deep	False	core_sites_1_60	True	True	True	True		Measured	PowerSoil	0.5505353981	True	NovaSeq	True	NEBNext	1	True	True	True	True
Sample_Mastersheet.xlsx	Trip3	401	Trip3	F45Sr1	45	45	False	False	Site 45	https://rubalkhali.science/kb/RAK_1000045	Surface	False	core_sites_1_60	True	True	True	True		Measured	PowerSoil	0.1079352125	True	NovaSeq	False		1	True	True	True	True
Sample_Mastersheet.xlsx	Trip3	402	Trip3	F45Sr2	45	45	False	False	Site 45	https://rubalkhali.science/kb/RAK_1000045	Surface	False	core_sites_1_60	True	True	True	True		Measured	PowerSoil	0.1446971186	True	NovaSeq	False		1	True	True	True	True
Sample_Mastersheet.xlsx	Trip3	403	Trip3	F45Sr3	45	45	False	False	Site 45	https://rubalkhali.science/kb/RAK_1000045	Surface	False	core_sites_1_60	True	True	True	True		Measured	PowerSoil MoBio	0.6389144049	True	NovaSeq	True	NEBNext	1	True	True	True	True
Sample_Mastersheet.xlsx	Trip3	404	Trip3	F45PRr1	45	45	False	False	Site 45	https://rubalkhali.science/kb/RAK_1000045	Rhizosphere	False	core_sites_1_60	True	True	True	True		Measured	PowerSoil MoBio	0.1759588417	True	NovaSeq	False		1	True	True	True	True
Sample_Mastersheet.xlsx	Trip3	405	Trip3	F45PRr2	45	45	False	False	Site 45	https://rubalkhali.science/kb/RAK_1000045	Rhizosphere	False	core_sites_1_60	True	True	True	True		Measured	PowerSoil MoBio	0.5025850859	True	NovaSeq	False		1	True	True	True	True
Sample_Mastersheet.xlsx	Trip3	406	Trip3	F45PRr3	45	45	False	False	Site 45	https://rubalkhali.science/kb/RAK_1000045	Rhizosphere	False	core_sites_1_60	True	True	True	True		Measured	PowerSoil MoBio	0.6563081456	True	NovaSeq	True	NEBNext	1	True	True	True	True
Sample_Mastersheet.xlsx	Trip3	407	Trip3	F46Dr1	46	46	False	False	Site 46	https://rubalkhali.science/kb/RAK_1000046	Deep	False	core_sites_1_60	True	True	True	True		Measured	PowerSoil MoBio	1.686769757	True	NovaSeq	False		1	True	True	True	True
Sample_Mastersheet.xlsx	Trip3	408	Trip3	F46Dr2	46	NEBNext	True	False	Site 46	https://rubalkhali.science/kb/RAK_1000046	Deep	False	core_sites_1_60	True	True	True	True		Measured	PowerSoil MoBio	27.36463204	False		False	NEBNext	0	False	False	False	True
Sample_Mastersheet.xlsx	Trip3	409	Trip3	F46Dr3	46	46	False	False	Site 46	https://rubalkhali.science/kb/RAK_1000046	Deep	False	core_sites_1_60	True	True	True	True		Measured	PowerSoil MoBio	0.3526228351	False		False		0	False	False	False	True
Sample_Mastersheet.xlsx	Trip3	410	Trip3	F46Sr1	46	46	False	False	Site 46	https://rubalkhali.science/kb/RAK_1000046	Surface	False	core_sites_1_60	True	True	True	True		Measured	PowerSoil MoBio	0.0155133363	False		False		0	False	False	False	True
Sample_Mastersheet.xlsx	Trip3	411	Trip3	F46Sr2	46	46	False	False	Site 46	https://rubalkhali.science/kb/RAK_1000046	Surface	False	core_sites_1_60	True	True	True	True		Measured	PowerSoil MoBio	0.01485519476	True	NovaSeq	False		1	True	True	True	True
Sample_Mastersheet.xlsx	Trip3	412	Trip3	F46Sr3	46	46	False	False	Site 46	https://rubalkhali.science/kb/RAK_1000046	Surface	False	core_sites_1_60	True	True	True	True		Measured	PowerSoil MoBio	0.01429107344	False		False		0	False	False	False	True
Sample_Mastersheet.xlsx	Trip3	413	Trip3	F46PRr1	46	46	False	False	Site 46	https://rubalkhali.science/kb/RAK_1000046	Rhizosphere	False	core_sites_1_60	True	True	True	True		Measured	PowerSoil MoBio	0	False		False		0	False	False	False	True
Sample_Mastersheet.xlsx	Trip3	414	Trip3	F46PRr2	46	46	False	False	Site 46	https://rubalkhali.science/kb/RAK_1000046	Rhizosphere	False	core_sites_1_60	True	True	True	True		Measured	PowerSoil MoBio	0.007756668149	False		False		0	False	False	False	True
Sample_Mastersheet.xlsx	Trip3	415	Trip3	F46PRr3	46	46	False	False	Site 46	https://rubalkhali.science/kb/RAK_1000046	Rhizosphere	False	core_sites_1_60	True	True	True	True		Measured	PowerSoil MoBio	0.02077846862	False		False		0	False	False	False	True
Sample_Mastersheet.xlsx	Trip3	416	Trip3	F47Dr1	47	47	False	False	Site 47	https://rubalkhali.science/kb/RAK_1000047	Deep	False	core_sites_1_60	True	True	True	True		Measured	PowerSoil MoBio	1.456890319	True	NovaSeq	False		1	True	True	True	True
Sample_Mastersheet.xlsx	Trip3	417	Trip3	F47Dr2	47	47	False	False	Site 47	https://rubalkhali.science/kb/RAK_1000047	Deep	False	core_sites_1_60	True	True	True	True		Measured	PowerSoil MoBio	0.004559980669	False		False		0	False	False	False	True
Sample_Mastersheet.xlsx	Trip3	418	Trip3	F47Dr3	47	47	False	False	Site 47	https://rubalkhali.science/kb/RAK_1000047	Deep	False	core_sites_1_60	True	True	True	True		Measured	PowerSoil MoBio	1.591339233	True	NovaSeq	True	NEBNext	1	True	True	True	True
Sample_Mastersheet.xlsx	Trip3	419	Trip3	F47Sr1	47	47	False	False	Site 47	https://rubalkhali.science/kb/RAK_1000047	Surface	False	core_sites_1_60	True	True	True	True		Measured	PowerSoil MoBio	0.02764194468	False		False		0	False	False	False	True
Sample_Mastersheet.xlsx	Trip3	420	Trip3	F47Sr2	47	47	False	False	Site 47	https://rubalkhali.science/kb/RAK_1000047	Surface	False	core_sites_1_60	True	True	True	True		Measured	PowerSoil MoBio	0.009590062439	False		False		0	False	False	False	True
Sample_Mastersheet.xlsx	Trip3	421	Trip3	F47Sr3	47	47	False	False	Site 47	https://rubalkhali.science/kb/RAK_1000047	Surface	False	core_sites_1_60	True	True	True	True		Measured	PowerSoil MoBio	0.00014103033	True	NovaSeq	False		1	True	True	True	True
Sample_Mastersheet.xlsx	Trip3	422	Trip3	F47PRr1	47	47	False	False	Site 47	https://rubalkhali.science/kb/RAK_1000047	Rhizosphere	False	core_sites_1_60	True	True	True	True		Measured	PowerSoil MoBio	0.01226963871	True	NovaSeq	False		2	True	True	True	True
Sample_Mastersheet.xlsx	Trip3	423	Trip3	F47PRr2	47	47	False	False	Site 47	https://rubalkhali.science/kb/RAK_1000047	Rhizosphere	False	core_sites_1_60	True	True	True	True		Measured	PowerSoil MoBio	0	True	NovaSeq	False		1	True	True	True	True
Sample_Mastersheet.xlsx	Trip3	424	Trip3	F47PRr3	47	47	False	False	Site 47	https://rubalkhali.science/kb/RAK_1000047	Rhizosphere	False	core_sites_1_60	True	True	True	True		Measured	PowerSoil MoBio	0.01001315343	True	NovaSeq	False		1	True	True	True	True
Sample_Mastersheet.xlsx	Trip3	425	Trip3	F48Dr1	48	48	False	False	Site 48	https://rubalkhali.science/kb/RAK_1000048	Deep	False	core_sites_1_60	True	True	True	True		Measured	PowerSoil MoBio	0.4673275035	True	NovaSeq	False		1	True	True	True	True
Sample_Mastersheet.xlsx	Trip3	426	Trip3	F48Dr2	48	48	False	False	Site 48	https://rubalkhali.science/kb/RAK_1000048	Deep	False	core_sites_1_60	True	True	True	True		Measured	PowerSoil MoBio	0.9957211398	True	NovaSeq	True	NEBNext	1	True	True	True	True
Sample_Mastersheet.xlsx	Trip3	427	Trip3	F48Dr3	48	48	False	False	Site 48	https://rubalkhali.science/kb/RAK_1000048	Deep	False	core_sites_1_60	True	True	True	True		Measured	PowerSoil MoBio	0.1027170903	True	NovaSeq	False		1	True	True	True	True
Sample_Mastersheet.xlsx	Trip3	428	Trip3	F48Sr1	48	48	False	False	Site 48	https://rubalkhali.science/kb/RAK_1000048	Surface	False	core_sites_1_60	True	True	True	True		Measured	PowerSoil MoBio	1.135811268	True	NovaSeq	False		1	True	True	True	True
Sample_Mastersheet.xlsx	Trip3	429	Trip3	F48Sr2	48	48	False	False	Site 48	https://rubalkhali.science/kb/RAK_1000048	Surface	False	core_sites_1_60	True	True	True	True		Measured	PowerSoil MoBio	3.05570416	True	NovaSeq	True	NEBNext	1	True	True	True	True
Sample_Mastersheet.xlsx	Trip3	430	Trip3	F48Sr3	48	48	False	False	Site 48	https://rubalkhali.science/kb/RAK_1000048	Surface	False	core_sites_1_60	True	True	True	True		Measured	PowerSoil MoBio	1.203975927	True	NovaSeq	False		1	True	True	True	True
Sample_Mastersheet.xlsx	Trip3	431	Trip3	F48PRr1	48	48	False	False	Site 48	https://rubalkhali.science/kb/RAK_1000048	Rhizosphere	False	core_sites_1_60	True	True	True	True		Measured	PowerSoil MoBio	0	True	NovaSeq	False		1	True	True	True	True
Sample_Mastersheet.xlsx	Trip3	432	Trip3	F48PRr2	48	48	False	False	Site 48	https://rubalkhali.science/kb/RAK_1000048	Rhizosphere	False	core_sites_1_60	True	True	True	True		Measured	PowerSoil MoBio	0.006675435619	True	NovaSeq	False		1	True	True	True	True
Sample_Mastersheet.xlsx	Trip3	433	Trip3	F48PRr3	48	48	False	False	Site 48	https://rubalkhali.science/kb/RAK_1000048	Rhizosphere	False	core_sites_1_60	True	True	True	True		Measured	PowerSoil MoBio	0.03939447218	True	NovaSeq	False		2	True	True	True	True
Sample_Mastersheet.xlsx	Trip3	434	Trip3	F49Dr1	49	49	False	False	Site 49	https://rubalkhali.science/kb/RAK_1000049	Deep	False	core_sites_1_60	True	True	True	True		Measured	PowerSoil MoBio	0.3418105098	True	NovaSeq	True	NEBNext	1	True	True	True	True
Sample_Mastersheet.xlsx	Trip3	435	Trip3	F49Dr2	49	49	False	False	Site 49	https://rubalkhali.science/kb/RAK_1000049	Deep	False	core_sites_1_60	True	True	True	True		Measured	PowerSoil MoBio	0.08212666216	True	NovaSeq	False		1	True	True	True	True
Sample_Mastersheet.xlsx	Trip3	436	Trip3	F49Dr3	49	49	False	False	Site 49	https://rubalkhali.science/kb/RAK_1000049	Deep	False	core_sites_1_60	True	True	True	True		Measured	PowerSoil MoBio	0.1056317172	True	NovaSeq	False		1	True	True	True	True
Sample_Mastersheet.xlsx	Trip3	437	Trip3	F49Sr1	49	49	False	False	Site 49	https://rubalkhali.science/kb/RAK_1000049	Surface	False	core_sites_1_60	True	True	True	True		Measured	PowerSoil MoBio	0.05960881947	True	NovaSeq	False		1	True	True	True	True
Sample_Mastersheet.xlsx	Trip3	438	Trip3	F49Sr2	49	49	False	False	Site 49	https://rubalkhali.science/kb/RAK_1000049	Surface	False	core_sites_1_60	True	True	True	True		Measured	PowerSoil MoBio	0	True	NovaSeq	False		1	True	True	True	True
Sample_Mastersheet.xlsx	Trip3	439	Trip3	F49Sr3	49	49	False	False	Site 49	https://rubalkhali.science/kb/RAK_1000049	Surface	False	core_sites_1_60	True	True	True	True		Measured	PowerSoil MoBio	0.01386798245	True	NovaSeq	False		1	True	True	True	True
Sample_Mastersheet.xlsx	Trip3	440	Trip3	F49PRr1	49	49	False	False	Site 49	https://rubalkhali.science/kb/RAK_1000049	Rhizosphere	False	core_sites_1_60	True	True	True	True		Measured	PowerSoil MoBio	0.01353891168	True	NovaSeq	False		1	True	True	True	True
Sample_Mastersheet.xlsx	Trip3	441	Trip3	F49PRr2	49	49	False	False	Site 49	https://rubalkhali.science/kb/RAK_1000049	Rhizosphere	False	core_sites_1_60	True	True	True	True		Measured	PowerSoil MoBio	0.02167166071	True	NovaSeq	False		1	True	True	True	True
Sample_Mastersheet.xlsx	Trip3	442	Trip3	F49PRr3	49	49	False	False	Site 49	https://rubalkhali.science/kb/RAK_1000049	Rhizosphere	False	core_sites_1_60	True	True	True	True		Measured	PowerSoil MoBio	0.3281775779	True	NovaSeq	True	Qiagen	1	True	True	True	True
Sample_Mastersheet.xlsx	Trip3	443	Trip3	F50Dr1	50	50	False	False	Site 50	https://rubalkhali.science/kb/RAK_1000050	Deep	False	core_sites_1_60	True	True	True	True		Measured	PowerSoil MoBio	0.05594203089	True	NovaSeq	False		1	True	True	True	True
Sample_Mastersheet.xlsx	Trip3	444	Trip3	F50Dr2	50	50	False	False	Site 50	https://rubalkhali.science/kb/RAK_1000050	Deep	False	core_sites_1_60	True	True	True	True		Measured	PowerSoil MoBio	0.1074181013	True	NovaSeq	False		1	True	True	True	True
Sample_Mastersheet.xlsx	Trip3	445	Trip3	F50Dr3	50	50	False	False	Site 50	https://rubalkhali.science/kb/RAK_1000050	Deep	False	core_sites_1_60	True	True	True	True		Measured	PowerSoil MoBio	0.06463890124	True	NovaSeq	False		1	True	True	True	True
Sample_Mastersheet.xlsx	Trip3	446	Trip3	F50Sr1	50	50	False	False	Site 50	https://rubalkhali.science/kb/RAK_1000050	Surface	False	core_sites_1_60	True	True	True	True		Measured	PowerSoil MoBio	0.00230349539	True	NovaSeq	False		1	True	True	True	True
Sample_Mastersheet.xlsx	Trip3	447	Trip3	F50Sr2	50	50	False	False	Site 50	https://rubalkhali.science/kb/RAK_1000050	Surface	False	core_sites_1_60	True	True	True	True		Measured	PowerSoil MoBio	0.00286761671	True	NovaSeq	False		1	True	False	False	True
Sample_Mastersheet.xlsx	Trip3	448	Trip3	F50Sr3	50	50	False	False	Site 50	https://rubalkhali.science/kb/RAK_1000050	Surface	False	core_sites_1_60	True	True	True	True		Measured	PowerSoil MoBio	0.004701010999	True	NovaSeq	False		1	True	True	True	True
Sample_Mastersheet.xlsx	Trip3	449	Trip3	F50PRr1	50	50	False	False	Site 50	https://rubalkhali.science/kb/RAK_1000050	Rhizosphere	False	core_sites_1_60	True	True	True	True		Measured	PowerSoil MoBio	0.01621848795	True	NovaSeq	False		1	True	True	True	True
Sample_Mastersheet.xlsx	Trip3	450	Trip3	F50PRr2	50	50	False	False	Site 50	https://rubalkhali.science/kb/RAK_1000050	Rhizosphere	False	core_sites_1_60	True	True	True	True		Measured	PowerSoil MoBio	0.01800487213	True	NovaSeq	False		1	True	True	True	True
Sample_Mastersheet.xlsx	Trip3	451	Trip3	F50PRr3	50	50	False	False	Site 50	https://rubalkhali.science/kb/RAK_1000050	Rhizosphere	False	core_sites_1_60	True	True	True	True		Measured	PowerSoil MoBio	0.03605675437	True	NovaSeq	False		1	True	True	True	True
Sample_Mastersheet.xlsx	Trip3	452	Trip3	F51Dr1	51	51	False	False	Site 51	https://rubalkhali.science/kb/RAK_1000051	Deep	False	core_sites_1_60	True	True	True	True		Measured	PowerSoil MoBio	0.01499622509	False		False		0	False	False	False	True
Sample_Mastersheet.xlsx	Trip3	453	Trip3	F51Dr2	51	51	False	False	Site 51	https://rubalkhali.science/kb/RAK_1000051	Deep	False	core_sites_1_60	True	True	True	True		Measured	PowerSoil MoBio	0.02322299434	False		False		0	False	False	False	True
Sample_Mastersheet.xlsx	Trip3	454	Trip3	F51Dr3	51	51	False	False	Site 51	https://rubalkhali.science/kb/RAK_1000051	Deep	False	core_sites_1_60	True	True	True	True		Measured	PowerSoil MoBio	0.150432352	True	NovaSeq	False		1	True	True	True	True
Sample_Mastersheet.xlsx	Trip3	455	Trip3	F51Sr1	51	51	False	False	Site 51	https://rubalkhali.science/kb/RAK_1000051	Surface	False	core_sites_1_60	True	True	True	True		Measured	PowerSoil MoBio	0.05152308055	False		False		0	False	False	False	True
Sample_Mastersheet.xlsx	Trip3	456	Trip3	F51Sr2	51	51	False	False	Site 51	https://rubalkhali.science/kb/RAK_1000051	Surface	False	core_sites_1_60	True	True	True	True		Measured	PowerSoil MoBio	3.569054561	False		False		0	False	False	False	True
Sample_Mastersheet.xlsx	Trip3	457	Trip3	F51Sr3	51	51	False	False	Site 51	https://rubalkhali.science/kb/RAK_1000051	Surface	False	core_sites_1_60	True	True	True	True		Measured	PowerSoil MoBio	0.7775942294	True	NovaSeq	False		2	True	True	True	True
Sample_Mastersheet.xlsx	Trip3	458	Trip3	F51PRr1	51	51	False	False	Site 51	https://rubalkhali.science/kb/RAK_1000051	Rhizosphere	False	core_sites_1_60	True	True	True	True		Measured	PowerSoil MoBio	2.368886453	True	NovaSeq	True	Qiagen	1	True	True	True	True
Sample_Mastersheet.xlsx	Trip3	459	Trip3	F51PRr2	51	51	False	False	Site 51	https://rubalkhali.science/kb/RAK_1000051	Rhizosphere	False	core_sites_1_60	True	True	True	True		Measured	PowerSoil MoBio	0.5430137805	True	NovaSeq	False		1	True	True	True	True
Sample_Mastersheet.xlsx	Trip3	460	Trip3	F51PRr3	51	51	False	False	Site 51	https://rubalkhali.science/kb/RAK_1000051	Rhizosphere	False	core_sites_1_60	True	True	True	True		Measured	PowerSoil MoBio	0.1626549806	True	NovaSeq	False		1	True	True	True	True
Sample_Mastersheet.xlsx	Trip3	461	Trip3	F52Dr1	52	52	False	False	Site 52	https://rubalkhali.science/kb/RAK_1000052	Deep	False	core_sites_1_60	True	True	True	True		Measured	PowerSoil MoBio	0.1690483555	False		False		0	False	False	False	True
Sample_Mastersheet.xlsx	Trip3	462	Trip3	F52Dr2	52	52	False	False	Site 52	https://rubalkhali.science/kb/RAK_1000052	Deep	False	core_sites_1_60	True	True	True	True		Measured	PowerSoil MoBio	0.1155978605	False		False		0	False	False	False	True
Sample_Mastersheet.xlsx	Trip3	463	Trip3	F52Dr3	52	52	False	False	Site 52	https://rubalkhali.science/kb/RAK_1000052	Deep	False	core_sites_1_60	True	True	True	True		Measured	PowerSoil MoBio	0.0757332872	False		False		0	False	False	False	True
Sample_Mastersheet.xlsx	Trip3	464	Trip3	F52Sr1	52	52	False	False	Site 52	https://rubalkhali.science/kb/RAK_1000052	Surface	False	core_sites_1_60	True	True	True	True		Measured	PowerSoil MoBio	0.0197442462	True	NovaSeq	False		1	True	True	True	True
Sample_Mastersheet.xlsx	Trip3	465	Trip3	F52Sr2	52	52	False	False	Site 52	https://rubalkhali.science/kb/RAK_1000052	Surface	False	core_sites_1_60	True	True	True	True		Measured	PowerSoil MoBio	0	True	NovaSeq	False		2	True	True	True	True
Sample_Mastersheet.xlsx	Trip3	466	Trip3	F52Sr3	52	52	False	False	Site 52	https://rubalkhali.science/kb/RAK_1000052	Surface	False	core_sites_1_60	True	True	True	True		Measured	PowerSoil MoBio	0.02359907522	True	NovaSeq	False		1	True	True	True	True
Sample_Mastersheet.xlsx	Trip3	467	Trip3	F52PRr1	52	52	False	False	Site 52	https://rubalkhali.science/kb/RAK_1000052	Rhizosphere	False	core_sites_1_60	True	True	True	True					False		False		0	False	False	False	False
Sample_Mastersheet.xlsx	Trip3	468	Trip3	F52PRr2	52	52	False	False	Site 52	https://rubalkhali.science/kb/RAK_1000052	Rhizosphere	False	core_sites_1_60	True	True	True	True					False		False		0	False	False	False	False
Sample_Mastersheet.xlsx	Trip3	469	Trip3	F52PRr3	52	52	False	False	Site 52	https://rubalkhali.science/kb/RAK_1000052	Rhizosphere	False	core_sites_1_60	True	True	True	True					False		False		0	False	False	False	False
Sample_Mastersheet.xlsx	Trip3	470	Trip3	F53Dr1	53	53	False	False	Site 53	https://rubalkhali.science/kb/RAK_1000053	Deep	False	core_sites_1_60	True	True	True	True		Measured	PowerSoil MoBio	0.01156448706	True	NovaSeq	False		1	True	True	True	True
Sample_Mastersheet.xlsx	Trip3	471	Trip3	F53Dr2	53	53	False	False	Site 53	https://rubalkhali.science/kb/RAK_1000053	Deep	False	core_sites_1_60	True	True	True	True		Measured	PowerSoil MoBio	0.03521057239	True	NovaSeq	False		1	True	True	True	True
Sample_Mastersheet.xlsx	Trip3	472	Trip3	F53Dr3	53	53	False	False	Site 53	https://rubalkhali.science/kb/RAK_1000053	Deep	False	core_sites_1_60	True	True	True	True		Measured	PowerSoil MoBio	0.07154938741	True	NovaSeq	False		1	True	True	True	True
Sample_Mastersheet.xlsx	Trip3	473	Trip3	F53Sr1	53	53	False	False	Site 53	https://rubalkhali.science/kb/RAK_1000053	Surface	False	core_sites_1_60	True	True	True	True		Measured	PowerSoil MoBio	0.0164535385	False		False		0	False	False	False	True
Sample_Mastersheet.xlsx	Trip3	474	Trip3	F53Sr2	53	53	False	False	Site 53	https://rubalkhali.science/kb/RAK_1000053	Surface	False	core_sites_1_60	True	True	True	True		Measured	PowerSoil MoBio	0.01062428486	False		False		0	False	False	False	True
Sample_Mastersheet.xlsx	Trip3	475	Trip3	F53Sr3	53	53	False	False	Site 53	https://rubalkhali.science/kb/RAK_1000053	Surface	False	core_sites_1_60	True	True	True	True		Measured	PowerSoil MoBio	0.01904971403	True	NovaSeq	False		1	True	True	True	True
Sample_Mastersheet.xlsx	Trip3	476	Trip3	F53PRr1	53	53	False	False	Site 53	https://rubalkhali.science/kb/RAK_1000053	Rhizosphere	False	core_sites_1_60	True	True	True	True		Measured	PowerSoil MoBio	0.03251209855	True	NovaSeq	False		1	True	True	True	True
Sample_Mastersheet.xlsx	Trip3	477	Trip3	F53PRr2	53	53	False	False	Site 53	https://rubalkhali.science/kb/RAK_1000053	Rhizosphere	False	core_sites_1_60	True	True	True	True		Measured	PowerSoil MoBio	0.08785745711	False		False		0	False	False	False	True
Sample_Mastersheet.xlsx	Trip3	478	Trip3	F53PRr3	53	53	False	False	Site 53	https://rubalkhali.science/kb/RAK_1000053	Rhizosphere	False	core_sites_1_60	True	True	True	True		Measured	PowerSoil MoBio	0.0196216454	False		False		0	False	False	False	True
Sample_Mastersheet.xlsx	Trip3	479	Trip3	F54Dr1	54	54	False	False	Site 54	https://rubalkhali.science/kb/RAK_1000054	Deep	False	core_sites_1_60	True	True	True	True		Measured	PowerSoil MoBio	0.007391113066	False		False		0	False	False	False	True
Sample_Mastersheet.xlsx	Trip3	480	Trip3	F54Dr2	54	54	False	False	Site 54	https://rubalkhali.science/kb/RAK_1000054	Deep	False	core_sites_1_60	True	True	True	True		Measured	PowerSoil MoBio	0.005851297844	False		False		0	False	False	False	True
Sample_Mastersheet.xlsx	Trip3	481	Trip3	F54Dr3	54	54	False	False	Site 54	https://rubalkhali.science/kb/RAK_1000054	Deep	False	core_sites_1_60	True	True	True	True		Measured	PowerSoil MoBio	0.007875054993	False		False		0	False	False	False	True
Sample_Mastersheet.xlsx	Trip3	482	Trip3	F54Sr1	54	54	False	False	Site 54	https://rubalkhali.science/kb/RAK_1000054	Surface	False	core_sites_1_60	True	True	True	True		Measured	PowerSoil MoBio	0.02190937088	False		False		0	False	False	False	True
Sample_Mastersheet.xlsx	Trip3	483	Trip3	F54Sr2	54	54	False	False	Site 54	https://rubalkhali.science/kb/RAK_1000054	Surface	False	core_sites_1_60	True	True	True	True		Measured	PowerSoil MoBio	0.0100307963	False		False		0	False	False	False	True
Sample_Mastersheet.xlsx	Trip3	484	Trip3	F54Sr3	54	54	False	False	Site 54	https://rubalkhali.science/kb/RAK_1000054	Surface	False	core_sites_1_60	True	True	True	True		Measured	PowerSoil MoBio	0.01526616806	False		False		0	False	False	False	True
Sample_Mastersheet.xlsx	Trip3	485	Trip3	F54PRr1	54	54	False	False	Site 54	https://rubalkhali.science/kb/RAK_1000054	Rhizosphere	False	core_sites_1_60	True	True	True	True		Measured	PowerSoil MoBio	0.003915530136	False		False		0	False	False	False	True
Sample_Mastersheet.xlsx	Trip3	486	Trip3	F54PRr2	54	54	False	False	Site 54	https://rubalkhali.science/kb/RAK_1000054	Rhizosphere	False	core_sites_1_60	True	True	True	True		Measured	PowerSoil MoBio	0.1063352398	True	NovaSeq	True	NEBNext	1	True	True	True	True
Sample_Mastersheet.xlsx	Trip3	487	Trip3	F54PRr3	54	54	False	False	Site 54	https://rubalkhali.science/kb/RAK_1000054	Rhizosphere	False	core_sites_1_60	True	True	True	True		Measured	PowerSoil MoBio	0	False		False		0	False	False	False	True
Sample_Mastersheet.xlsx	Trip3	488	Trip3	F55Dr1	55	55	False	False	Site 55	https://rubalkhali.science/kb/RAK_1000055	Deep	False	core_sites_1_60	True	True	True	True		Measured	PowerSoil MoBio	0.008007039155	False		False		0	False	False	False	True
Sample_Mastersheet.xlsx	Trip3	489	Trip3	F55Dr2	55	55	False	False	Site 55	https://rubalkhali.science/kb/RAK_1000055	Deep	False	core_sites_1_60	True	True	True	True		Measured	PowerSoil MoBio	0.001583809943	False		False		0	False	False	False	True
Sample_Mastersheet.xlsx	Trip3	490	Trip3	F55Dr3	55	55	False	False	Site 55	https://rubalkhali.science/kb/RAK_1000055	Deep	False	core_sites_1_60	True	True	True	True		Measured	PowerSoil MoBio	0.001935767708	False		False		0	False	False	False	True
Sample_Mastersheet.xlsx	Trip3	491	Trip3	F55Sr1	55	55	False	False	Site 55	https://rubalkhali.science/kb/RAK_1000055	Surface	False	core_sites_1_60	True	True	True	True		Measured	PowerSoil MoBio	0.01495820502	True	NovaSeq	False		2	True	True	True	True
Sample_Mastersheet.xlsx	Trip3	492	Trip3	F55Sr2	55	55	False	False	Site 55	https://rubalkhali.science/kb/RAK_1000055	Surface	False	core_sites_1_60	True	True	True	True		Measured	PowerSoil MoBio	0.01073471183	False		False		0	False	False	False	True
Sample_Mastersheet.xlsx	Trip3	493	Trip3	F55Sr3	55	55	False	False	Site 55	https://rubalkhali.science/kb/RAK_1000055	Surface	False	core_sites_1_60	True	True	True	True		Measured	PowerSoil MoBio	0	False		False		0	False	False	False	True
Sample_Mastersheet.xlsx	Trip3	494	Trip3	F55PRr1	55	55	False	False	Site 55	https://rubalkhali.science/kb/RAK_1000055	Rhizosphere	False	core_sites_1_60	True	True	True	True		Measured	PowerSoil MoBio	0.005631324241	False		False		0	False	False	False	True
Sample_Mastersheet.xlsx	Trip3	495	Trip3	F55PRr2	55	55	False	False	Site 55	https://rubalkhali.science/kb/RAK_1000055	Rhizosphere	False	core_sites_1_60	True	True	True	True		Measured	PowerSoil MoBio	0.01728992521	False		False		0	False	False	False	True
Sample_Mastersheet.xlsx	Trip3	496	Trip3	F55PRr3	55	55	False	False	Site 55	https://rubalkhali.science/kb/RAK_1000055	Rhizosphere	False	core_sites_1_60	True	True	True	True		Measured	PowerSoil MoBio	0.01104267488	False		False		0	False	False	False	True
Sample_Mastersheet.xlsx	Trip3	497	Trip3	F56Dr1	56	56	False	False	Site 56	https://rubalkhali.science/kb/RAK_1000056	Deep	False	core_sites_1_60	True	True	True	True		Measured	PowerSoil MoBio	0.005983282006	False		False		0	False	False	False	True
Sample_Mastersheet.xlsx	Trip3	498	Trip3	F56Dr2	56	56	False	False	Site 56	https://rubalkhali.science/kb/RAK_1000056	Deep	False	core_sites_1_60	True	True	True	True		Measured	PowerSoil MoBio	0.01249450066	False		False		0	False	False	False	True
Sample_Mastersheet.xlsx	Trip3	499	Trip3	F56Dr3	56	56	False	False	Site 56	https://rubalkhali.science/kb/RAK_1000056	Deep	False	core_sites_1_60	True	True	True	True		Measured	PowerSoil MoBio	0.009238891333	False		False		0	False	False	False	True
Sample_Mastersheet.xlsx	Trip3	500	Trip3	F56Sr1	56	56	False	False	Site 56	https://rubalkhali.science/kb/RAK_1000056	Surface	False	core_sites_1_60	True	True	True	True		Measured	PowerSoil MoBio	0.006159260889	False		False		0	False	False	False	True
Sample_Mastersheet.xlsx	Trip3	501	Trip3	F56Sr2	56	56	False	False	Site 56	https://rubalkhali.science/kb/RAK_1000056	Surface	False	core_sites_1_60	True	True	True	True		Measured	PowerSoil MoBio	0.004487461505	True	NovaSeq	False		2	True	True	True	True
Sample_Mastersheet.xlsx	Trip3	502	Trip3	F56Sr3	56	56	False	False	Site 56	https://rubalkhali.science/kb/RAK_1000056	Surface	False	core_sites_1_60	True	True	True	True		Measured	Pro	0	True	NovaSeq	False		2	True	True	True	True
Sample_Mastersheet.xlsx	Trip3	503	Trip3	F56PRr1	56	56	False	False	Site 56	https://rubalkhali.science/kb/RAK_1000056	Rhizosphere	False	core_sites_1_60	True	True	True	True					False		False		0	False	False	False	False
Sample_Mastersheet.xlsx	Trip3	504	Trip3	F56PRr2	56	56	False	False	Site 56	https://rubalkhali.science/kb/RAK_1000056	Rhizosphere	False	core_sites_1_60	True	True	True	True					False		False		0	False	False	False	False
Sample_Mastersheet.xlsx	Trip3	505	Trip3	F56PRr3	56	56	False	False	Site 56	https://rubalkhali.science/kb/RAK_1000056	Rhizosphere	False	core_sites_1_60	True	True	True	True					False		False		0	False	False	False	False
Sample_Mastersheet.xlsx	Trip3	506	Trip3	F57Dr1	57	57	False	False	Site 57	https://rubalkhali.science/kb/RAK_1000057	Deep	False	core_sites_1_60	True	True	True	True		Measured	Pro	0.002595688517	True	NovaSeq	False		2	True	True	True	True
Sample_Mastersheet.xlsx	Trip3	507	Trip3	F57Dr2	57	57	False	False	Site 57	https://rubalkhali.science/kb/RAK_1000057	Deep	False	core_sites_1_60	True	True	True	True		Measured	Pro	0.0055433348	False		False		0	False	False	False	True
Sample_Mastersheet.xlsx	Trip3	508	Trip3	F57Dr3	57	57	False	False	Site 57	https://rubalkhali.science/kb/RAK_1000057	Deep	False	core_sites_1_60	True	True	True	True		Measured	Pro	0.01473823141	False		False		0	False	False	False	True
Sample_Mastersheet.xlsx	Trip3	509	Trip3	F57Sr1	57	57	False	False	Site 57	https://rubalkhali.science/kb/RAK_1000057	Surface	False	core_sites_1_60	True	True	True	True		Measured	Pro	0.008490981082	False		False		0	False	False	False	True
Sample_Mastersheet.xlsx	Trip3	510	Trip3	F57Sr2	57	57	False	False	Site 57	https://rubalkhali.science/kb/RAK_1000057	Surface	False	core_sites_1_60	True	True	True	True		Measured	Pro	0.01786185658	False		False		0	False	False	False	True
Sample_Mastersheet.xlsx	Trip3	511	Trip3	F57Sr3	57	57	False	False	Site 57	https://rubalkhali.science/kb/RAK_1000057	Surface	False	core_sites_1_60	True	True	True	True		Measured	Pro	0.02160140783	True	NovaSeq	False		2	True	True	True	True
Sample_Mastersheet.xlsx	Trip3	512	Trip3	F57PRr1	57	57	False	False	Site 57	https://rubalkhali.science/kb/RAK_1000057	Rhizosphere	False	core_sites_1_60	True	True	True	True		Measured	Pro	0.0901891773	True	NovaSeq	False		1	True	True	True	True
Sample_Mastersheet.xlsx	Trip3	513	Trip3	F57PRr2	57	57	False	False	Site 57	https://rubalkhali.science/kb/RAK_1000057	Rhizosphere	False	core_sites_1_60	True	True	True	True		Measured	Pro	0.4491421029	True	NovaSeq	True	NEBNext	1	True	True	True	True
Sample_Mastersheet.xlsx	Trip3	514	Trip3	F57PRr3	57	57	False	False	Site 57	https://rubalkhali.science/kb/RAK_1000057	Rhizosphere	False	core_sites_1_60	True	True	True	True		Measured	Pro	0.006159260889	True	NovaSeq	False		1	True	True	True	True
Sample_Mastersheet.xlsx	Trip3	515	Trip3	F58Dr1	58	58	False	False	Site 58	https://rubalkhali.science/kb/RAK_1000058	Deep	False	core_sites_1_60	True	True	True	True		Measured	Pro	0.01223053234	True	NovaSeq	False		2	True	True	True	True
Sample_Mastersheet.xlsx	Trip3	516	Trip3	F58Dr2	58	58	False	False	Site 58	https://rubalkhali.science/kb/RAK_1000058	Deep	False	core_sites_1_60	True	True	True	True		Measured	Pro	0.0006159260889	False		False		0	False	False	False	True
Sample_Mastersheet.xlsx	Trip3	517	Trip3	F58Dr3	58	58	False	False	Site 58	https://rubalkhali.science/kb/RAK_1000058	Deep	False	core_sites_1_60	True	True	True	True		Measured	Pro	0.0151341839	False		False		0	False	False	False	True
Sample_Mastersheet.xlsx	Trip3	518	Trip3	F58Sr1	58	58	False	False	Site 58	https://rubalkhali.science/kb/RAK_1000058	Surface	False	core_sites_1_60	True	True	True	True		Measured	Pro	0.02916849978	True	NovaSeq	False		1	True	True	True	True
Sample_Mastersheet.xlsx	Trip3	519	Trip3	F58Sr2	58	58	False	False	Site 58	https://rubalkhali.science/kb/RAK_1000058	Surface	False	core_sites_1_60	True	True	True	True		Measured	Pro	0.0140783106	True	NovaSeq	False		1	True	True	True	True
Sample_Mastersheet.xlsx	Trip3	520	Trip3	F58Sr3	58	58	False	False	Site 58	https://rubalkhali.science/kb/RAK_1000058	Surface	False	core_sites_1_60	True	True	True	True		Measured	Pro	0.1357677079	True	NovaSeq	True	NEBNext	2	True	True	True	True
Sample_Mastersheet.xlsx	Trip3	521	Trip3	F58PRr1	58	58	False	False	Site 58	https://rubalkhali.science/kb/RAK_1000058	Rhizosphere	False	core_sites_1_60	True	True	True	True		Measured	Pro	22.50589529	True	NovaSeq	True	NEBNext	1	True	True	True	True
Sample_Mastersheet.xlsx	Trip3	522	Trip3	F58PRr2	58	58	False	False	Site 58	https://rubalkhali.science/kb/RAK_1000058	Rhizosphere	False	core_sites_1_60	True	True	True	True		Measured	Pro	21.32243731	True	NovaSeq	False		1	True	True	True	True
Sample_Mastersheet.xlsx	Trip3	523	Trip3	F58PRr3	58	58	False	False	Site 58	https://rubalkhali.science/kb/RAK_1000058	Rhizosphere	False	core_sites_1_60	True	True	True	True		Measured	Pro	18.32199736	True	NovaSeq	False		1	True	True	True	True
Sample_Mastersheet.xlsx	Trip3	524	Trip3	F59Dr1	59	59	False	False	Site 59	https://rubalkhali.science/kb/RAK_1000059	Deep	False	core_sites_1_60	True	True	True	True		Measured	Pro	0.009150901892	False		False		0	False	False	False	True
Sample_Mastersheet.xlsx	Trip3	525	Trip3	F59Dr2	59	59	False	False	Site 59	https://rubalkhali.science/kb/RAK_1000059	Deep	False	core_sites_1_60	True	True	True	True		Measured	Pro	0.04021117466	True	NovaSeq	False		2	True	True	True	True
Sample_Mastersheet.xlsx	Trip3	526	Trip3	F59Dr3	59	59	False	False	Site 59	https://rubalkhali.science/kb/RAK_1000059	Deep	False	core_sites_1_60	True	True	True	True		Measured	Pro	0.04210294765	False		False		0	False	False	False	True
Sample_Mastersheet.xlsx	Trip3	527	Trip3	F59Sr1	59	59	False	False	Site 59	https://rubalkhali.science/kb/RAK_1000059	Surface	False	core_sites_1_60	True	True	True	True		Measured	Pro	0.00206775187	True	NovaSeq	False		1	True	True	True	True
Sample_Mastersheet.xlsx	Trip3	528	Trip3	F59Sr2	59	59	False	False	Site 59	https://rubalkhali.science/kb/RAK_1000059	Surface	False	core_sites_1_60	True	True	True	True		Measured	Pro	0	True	NovaSeq	False		1	True	True	True	True
Sample_Mastersheet.xlsx	Trip3	529	Trip3	F59Sr3	59	59	False	False	Site 59	https://rubalkhali.science/kb/RAK_1000059	Surface	False	core_sites_1_60	True	True	True	True		Measured	Pro	0.002375714914	True	NovaSeq	False		2	True	True	True	True
Sample_Mastersheet.xlsx	Trip3	530	Trip3	F59PRr1	59	59	False	False	Site 59	https://rubalkhali.science/kb/RAK_1000059	Rhizosphere	False	core_sites_1_60	True	True	True	True		Measured	Pro	0.006467223933	True	NovaSeq	False		2	True	True	True	True
Sample_Mastersheet.xlsx	Trip3	531	Trip3	F59PRr2	59	59	False	False	Site 59	https://rubalkhali.science/kb/RAK_1000059	Rhizosphere	False	core_sites_1_60	True	True	True	True		Measured	Pro	0.02230532336	False		False		0	False	False	False	True
Sample_Mastersheet.xlsx	Trip3	532	Trip3	F59PRr3	59	59	False	False	Site 59	https://rubalkhali.science/kb/RAK_1000059	Rhizosphere	False	core_sites_1_60	True	True	True	True		Measured	Pro	0.006819181698	False		False		0	False	False	False	True
Sample_Mastersheet.xlsx	Trip3	533	Trip3	F60Dr1	60	60	False	False	Site 60	https://rubalkhali.science/kb/RAK_1000060	Deep	False	core_sites_1_60	True	True	True	True		Measured	Pro	0.0360316762	False		False		0	False	False	False	True
Sample_Mastersheet.xlsx	Trip3	534	Trip3	F60Dr2	60	60	False	False	Site 60	https://rubalkhali.science/kb/RAK_1000060	Deep	False	core_sites_1_60	True	True	True	True		Measured	Pro	0.008974923009	False		False		0	False	False	False	True
Sample_Mastersheet.xlsx	Trip3	535	Trip3	F60Dr3	60	60	False	False	Site 60	https://rubalkhali.science/kb/RAK_1000060	Deep	False	core_sites_1_60	True	True	True	True		Measured	Pro	0.0027716674	False		False		0	False	False	False	True
Sample_Mastersheet.xlsx	Trip3	536	Trip3	F60Sr1	60	60	False	False	Site 60	https://rubalkhali.science/kb/RAK_1000060	Surface	False	core_sites_1_60	True	True	True	True		Measured	Pro	0.01174659041	True	NovaSeq	False		1	True	True	True	True
Sample_Mastersheet.xlsx	Trip3	537	Trip3	F60Sr2	60	60	False	False	Site 60	https://rubalkhali.science/kb/RAK_1000060	Surface	False	core_sites_1_60	True	True	True	True		Measured	Pro	0.01055873295	True	NovaSeq	False		1	True	True	True	True
Sample_Mastersheet.xlsx	Trip3	538	Trip3	F60Sr3	60	60	False	False	Site 60	https://rubalkhali.science/kb/RAK_1000060	Surface	False	core_sites_1_60	True	True	True	True		Measured	Pro	0.008974923009	True	NovaSeq	False		2	True	True	True	True
Sample_Mastersheet.xlsx	Trip3	539	Trip3	F60PRr1	60	60	False	False	Site 60	https://rubalkhali.science/kb/RAK_1000060	Rhizosphere	False	core_sites_1_60	True	True	True	True		Measured	Pro	0.01121865376	True	NovaSeq	False		2	True	True	True	True
Sample_Mastersheet.xlsx	Trip3	540	Trip3	F60PRr2	60	60	False	False	Site 60	https://rubalkhali.science/kb/RAK_1000060	Rhizosphere	False	core_sites_1_60	True	True	True	True		Measured	Pro	0.01561812582	True	NovaSeq	False		2	True	True	True	True
Sample_Mastersheet.xlsx	Trip3	541	Trip3	F60PRr3	60	60	False	False	Site 60	https://rubalkhali.science/kb/RAK_1000060	Rhizosphere	False	core_sites_1_60	True	True	True	True		Measured	Pro	0.04452265728	True	NovaSeq	False		1	True	True	True	True
Sample_Mastersheet.xlsx	Trip3	542	Trip3	- Ctrl 1	61	61	False	False			Deep	True	laboratory_control	False	True	False	False	control_requires_explicit_control_model	Measured	Pro	0.04359876815	True	NovaSeq	False		0	False	False	False	False
Sample_Mastersheet.xlsx	Trip3	543	Trip3	- Ctrl 2	61	61	False	False			Deep	True	laboratory_control	False	True	False	False	control_requires_explicit_control_model	Measured	Pro	0.01592608887	True	NovaSeq	False		0	False	False	False	False
Sample_Mastersheet.xlsx	Trip3	544	Trip3	- Ctrl 3	61	61	False	False			Deep	True	laboratory_control	False	True	False	False	control_requires_explicit_control_model	Measured	Pro	0.0125824901	True	NovaSeq	False		0	False	False	False	False
Sample_Mastersheet.xlsx	Trip3	545	Trip3	=+ Ctrl 1	61	61	False	False			Surface	True	laboratory_control	False	True	False	False	control_requires_explicit_control_model	Measured	Pro	16.38183018	True	NovaSeq	False		0	False	False	False	False
Sample_Mastersheet.xlsx	Trip3	546	Trip3	=+ Ctrl 2	61	61	False	False			Surface	True	laboratory_control	False	True	False	False	control_requires_explicit_control_model	Measured	Pro	19.09190497	True	NovaSeq	False		0	False	False	False	False
Sample_Mastersheet.xlsx	Trip3	547	Trip3	=+ Ctrl 3	61	61	False	False			Surface	True	laboratory_control	False	True	False	False	control_requires_explicit_control_model	Measured	Pro	16.86137264	True	NovaSeq	False		0	False	False	False	False
Sample_Mastersheet.xlsx	Trip3	548	Trip3	Extraction Ctrl	61	61	False	False			Rhizosphere	True	laboratory_control	False	True	False	False	control_requires_explicit_control_model	Measured	Pro	0.009326880774	False		False		0	False	False	False	False
Sample_Mastersheet.xlsx	Trip3	549	Trip3	PCR Ctrl	61	61	False	False			Rhizosphere	True	laboratory_control	False	True	False	False	control_requires_explicit_control_model				True	NovaSeq	False		0	False	False	False	False
Sample_Mastersheet.xlsx	Trip4	2	Trip4	S1Dr1	1	1	False	False	Site 1	https://rubalkhali.science/kb/RAK_1000001	Deep	False	core_sites_1_60	True	True	True	True					True	NovaSeq	False		1	True	True	True	True
Sample_Mastersheet.xlsx	Trip4	3	Trip4	S1Dr2	1	1	False	False	Site 1	https://rubalkhali.science/kb/RAK_1000001	Deep	False	core_sites_1_60	True	True	True	True					False		False		0	False	False	False	False
Sample_Mastersheet.xlsx	Trip4	4	Trip4	S1Dr3	1	1	False	False	Site 1	https://rubalkhali.science/kb/RAK_1000001	Deep	False	core_sites_1_60	True	True	True	True					True		False		0	False	False	False	False
Sample_Mastersheet.xlsx	Trip4	5	Trip4	S1Sr1	1	1	False	False	Site 1	https://rubalkhali.science/kb/RAK_1000001	Surface	False	core_sites_1_60	True	True	True	True					False	NovaSeq	False		1	True	True	True	True
Sample_Mastersheet.xlsx	Trip4	6	Trip4	S1Sr2	1	1	False	False	Site 1	https://rubalkhali.science/kb/RAK_1000001	Surface	False	core_sites_1_60	True	True	True	True					False		False		0	False	False	False	False
Sample_Mastersheet.xlsx	Trip4	7	Trip4	S1Sr3	1	1	False	False	Site 1	https://rubalkhali.science/kb/RAK_1000001	Surface	False	core_sites_1_60	True	True	True	True					False		False		0	False	False	False	False
Sample_Mastersheet.xlsx	Trip4	8	Trip4	S1PRr1	1	1	False	False	Site 1	https://rubalkhali.science/kb/RAK_1000001	Rhizosphere	False	core_sites_1_60	True	True	True	True					True	NovaSeq	False		1	True	True	True	True
Sample_Mastersheet.xlsx	Trip4	9	Trip4	S1PRr2	1	1	False	False	Site 1	https://rubalkhali.science/kb/RAK_1000001	Rhizosphere	False	core_sites_1_60	True	True	True	True					False		False		0	False	False	False	False
Sample_Mastersheet.xlsx	Trip4	10	Trip4	S1PRr3	1	1	False	False	Site 1	https://rubalkhali.science/kb/RAK_1000001	Rhizosphere	False	core_sites_1_60	True	True	True	True					False		False		0	False	False	False	False
Sample_Mastersheet.xlsx	Trip4	11	Trip4	S2Dr1	2	2	False	False	Site 2	https://rubalkhali.science/kb/RAK_1000002	Deep	False	core_sites_1_60	True	True	True	True					True	NovaSeq	False		1	True	True	True	True
Sample_Mastersheet.xlsx	Trip4	12	Trip4	S2Dr2	2	2	False	False	Site 2	https://rubalkhali.science/kb/RAK_1000002	Deep	False	core_sites_1_60	True	True	True	True					False		False		0	False	False	False	False
Sample_Mastersheet.xlsx	Trip4	13	Trip4	S2Dr3	2	2	False	False	Site 2	https://rubalkhali.science/kb/RAK_1000002	Deep	False	core_sites_1_60	True	True	True	True					False		False		0	False	False	False	False
Sample_Mastersheet.xlsx	Trip4	14	Trip4	S2Sr1	2	2	False	False	Site 2	https://rubalkhali.science/kb/RAK_1000002	Surface	False	core_sites_1_60	True	True	True	True					True	NovaSeq	False		1	True	True	True	True
Sample_Mastersheet.xlsx	Trip4	15	Trip4	S2Sr2	2	2	False	False	Site 2	https://rubalkhali.science/kb/RAK_1000002	Surface	False	core_sites_1_60	True	True	True	True					False		False		0	False	False	False	False
Sample_Mastersheet.xlsx	Trip4	16	Trip4	S2Sr3	2	2	False	False	Site 2	https://rubalkhali.science/kb/RAK_1000002	Surface	False	core_sites_1_60	True	True	True	True					False		False		0	False	False	False	False
Sample_Mastersheet.xlsx	Trip4	17	Trip4	S2PRr1	2	2	False	False	Site 2	https://rubalkhali.science/kb/RAK_1000002	Rhizosphere	False	core_sites_1_60	True	True	True	True					False		False		0	False	False	False	False
Sample_Mastersheet.xlsx	Trip4	18	Trip4	S2PRr2	2	2	False	False	Site 2	https://rubalkhali.science/kb/RAK_1000002	Rhizosphere	False	core_sites_1_60	True	True	True	True					False		False		0	False	False	False	False
Sample_Mastersheet.xlsx	Trip4	19	Trip4	S2PRr3	2	2	False	False	Site 2	https://rubalkhali.science/kb/RAK_1000002	Rhizosphere	False	core_sites_1_60	True	True	True	True					False		False		0	False	False	False	False
Sample_Mastersheet.xlsx	Trip4	20	Trip4	S3Dr1	3	3	False	False	Site 3	https://rubalkhali.science/kb/RAK_1000003	Deep	False	core_sites_1_60	True	True	True	True					True	NovaSeq	False		1	True	True	True	True
Sample_Mastersheet.xlsx	Trip4	21	Trip4	S3Dr2	3	3	False	False	Site 3	https://rubalkhali.science/kb/RAK_1000003	Deep	False	core_sites_1_60	True	True	True	True					False		False		0	False	False	False	False
Sample_Mastersheet.xlsx	Trip4	22	Trip4	S3Dr3	3	3	False	False	Site 3	https://rubalkhali.science/kb/RAK_1000003	Deep	False	core_sites_1_60	True	True	True	True					True		False		0	False	False	False	False
Sample_Mastersheet.xlsx	Trip4	23	Trip4	S3Sr1	3	3	False	False	Site 3	https://rubalkhali.science/kb/RAK_1000003	Surface	False	core_sites_1_60	True	True	True	True					False	NovaSeq	False		1	True	True	True	True
Sample_Mastersheet.xlsx	Trip4	24	Trip4	S3Sr2	3	3	False	False	Site 3	https://rubalkhali.science/kb/RAK_1000003	Surface	False	core_sites_1_60	True	True	True	True					False		False		0	False	False	False	False
Sample_Mastersheet.xlsx	Trip4	25	Trip4	S3Sr3	3	3	False	False	Site 3	https://rubalkhali.science/kb/RAK_1000003	Surface	False	core_sites_1_60	True	True	True	True					False		False		0	False	False	False	False
Sample_Mastersheet.xlsx	Trip4	26	Trip4	S3PRr1	3	3	False	False	Site 3	https://rubalkhali.science/kb/RAK_1000003	Rhizosphere	False	core_sites_1_60	True	True	True	True					True	NovaSeq	False		1	True	True	True	True
Sample_Mastersheet.xlsx	Trip4	27	Trip4	S3PRr2	3	3	False	False	Site 3	https://rubalkhali.science/kb/RAK_1000003	Rhizosphere	False	core_sites_1_60	True	True	True	True					False		False		0	False	False	False	False
Sample_Mastersheet.xlsx	Trip4	28	Trip4	S3PRr3	3	3	False	False	Site 3	https://rubalkhali.science/kb/RAK_1000003	Rhizosphere	False	core_sites_1_60	True	True	True	True					False		False		0	False	False	False	False
Sample_Mastersheet.xlsx	Trip4	29	Trip4	S4Dr1	4	4	False	False	Site 4	https://rubalkhali.science/kb/RAK_1000004	Deep	False	core_sites_1_60	True	True	True	True					True	NovaSeq	False		1	True	True	True	True
Sample_Mastersheet.xlsx	Trip4	30	Trip4	S4Dr2	4	4	False	False	Site 4	https://rubalkhali.science/kb/RAK_1000004	Deep	False	core_sites_1_60	True	True	True	True					False		False		0	False	False	False	False
Sample_Mastersheet.xlsx	Trip4	31	Trip4	S4Dr3	4	4	False	False	Site 4	https://rubalkhali.science/kb/RAK_1000004	Deep	False	core_sites_1_60	True	True	True	True					True		False		0	False	False	False	False
Sample_Mastersheet.xlsx	Trip4	32	Trip4	S4Sr1	4	4	False	False	Site 4	https://rubalkhali.science/kb/RAK_1000004	Surface	False	core_sites_1_60	True	True	True	True					False	NovaSeq	False		1	True	True	True	True
Sample_Mastersheet.xlsx	Trip4	33	Trip4	S4Sr2	4	4	False	False	Site 4	https://rubalkhali.science/kb/RAK_1000004	Surface	False	core_sites_1_60	True	True	True	True					False		False		0	False	False	False	False
Sample_Mastersheet.xlsx	Trip4	34	Trip4	S4Sr3	4	4	False	False	Site 4	https://rubalkhali.science/kb/RAK_1000004	Surface	False	core_sites_1_60	True	True	True	True					False		False		0	False	False	False	False
Sample_Mastersheet.xlsx	Trip4	35	Trip4	S4PRr1	4	4	False	False	Site 4	https://rubalkhali.science/kb/RAK_1000004	Rhizosphere	False	core_sites_1_60	True	True	True	True					True	NovaSeq	False		1	True	True	True	True
Sample_Mastersheet.xlsx	Trip4	36	Trip4	S4PRr2	4	4	False	False	Site 4	https://rubalkhali.science/kb/RAK_1000004	Rhizosphere	False	core_sites_1_60	True	True	True	True					False		False		0	False	False	False	False
Sample_Mastersheet.xlsx	Trip4	37	Trip4	S4PRr3	4	4	False	False	Site 4	https://rubalkhali.science/kb/RAK_1000004	Rhizosphere	False	core_sites_1_60	True	True	True	True					False		False		0	False	False	False	False
Sample_Mastersheet.xlsx	Trip4	38	Trip4	S5Dr1	5	5	False	False	Site 5	https://rubalkhali.science/kb/RAK_1000005	Deep	False	core_sites_1_60	True	True	True	True					True	NovaSeq	False		1	True	True	True	True
Sample_Mastersheet.xlsx	Trip4	39	Trip4	S5Dr2	5	5	False	False	Site 5	https://rubalkhali.science/kb/RAK_1000005	Deep	False	core_sites_1_60	True	True	True	True					False		False		0	False	False	False	False
Sample_Mastersheet.xlsx	Trip4	40	Trip4	S5Dr3	5	5	False	False	Site 5	https://rubalkhali.science/kb/RAK_1000005	Deep	False	core_sites_1_60	True	True	True	True					True		False		0	False	False	False	False
Sample_Mastersheet.xlsx	Trip4	41	Trip4	S5Sr1	5	5	False	False	Site 5	https://rubalkhali.science/kb/RAK_1000005	Surface	False	core_sites_1_60	True	True	True	True					False	NovaSeq	False		1	True	True	True	True
Sample_Mastersheet.xlsx	Trip4	42	Trip4	S5Sr2	5	5	False	False	Site 5	https://rubalkhali.science/kb/RAK_1000005	Surface	False	core_sites_1_60	True	True	True	True					False		False		0	False	False	False	False
Sample_Mastersheet.xlsx	Trip4	43	Trip4	S5Sr3	5	5	False	False	Site 5	https://rubalkhali.science/kb/RAK_1000005	Surface	False	core_sites_1_60	True	True	True	True					False		False		0	False	False	False	False
Sample_Mastersheet.xlsx	Trip4	44	Trip4	S5PRr1	5	5	False	False	Site 5	https://rubalkhali.science/kb/RAK_1000005	Rhizosphere	False	core_sites_1_60	True	True	True	True					True	NovaSeq	False		1	True	True	True	True
Sample_Mastersheet.xlsx	Trip4	45	Trip4	S5PRr2	5	5	False	False	Site 5	https://rubalkhali.science/kb/RAK_1000005	Rhizosphere	False	core_sites_1_60	True	True	True	True					False		False		0	False	False	False	False
Sample_Mastersheet.xlsx	Trip4	46	Trip4	S5PRr3	5	5	False	False	Site 5	https://rubalkhali.science/kb/RAK_1000005	Rhizosphere	False	core_sites_1_60	True	True	True	True					False		False		0	False	False	False	False
Sample_Mastersheet.xlsx	Trip4	47	Trip4	S6Dr1	6	6	False	False	Site 6	https://rubalkhali.science/kb/RAK_1000006	Deep	False	core_sites_1_60	True	True	True	True					True	NovaSeq	False		1	True	True	True	True
Sample_Mastersheet.xlsx	Trip4	48	Trip4	S6Dr2	6	6	False	False	Site 6	https://rubalkhali.science/kb/RAK_1000006	Deep	False	core_sites_1_60	True	True	True	True					False		False		0	False	False	False	False
Sample_Mastersheet.xlsx	Trip4	49	Trip4	S6Dr3	6	6	False	False	Site 6	https://rubalkhali.science/kb/RAK_1000006	Deep	False	core_sites_1_60	True	True	True	True					True		False		0	False	False	False	False
Sample_Mastersheet.xlsx	Trip4	50	Trip4	S6Sr1	6	6	False	False	Site 6	https://rubalkhali.science/kb/RAK_1000006	Surface	False	core_sites_1_60	True	True	True	True					False	NovaSeq	False		1	True	True	True	True
Sample_Mastersheet.xlsx	Trip4	51	Trip4	S6Sr2	6	6	False	False	Site 6	https://rubalkhali.science/kb/RAK_1000006	Surface	False	core_sites_1_60	True	True	True	True					False		False		0	False	False	False	False
Sample_Mastersheet.xlsx	Trip4	52	Trip4	S6Sr3	6	6	False	False	Site 6	https://rubalkhali.science/kb/RAK_1000006	Surface	False	core_sites_1_60	True	True	True	True					False		False		0	False	False	False	False
Sample_Mastersheet.xlsx	Trip4	53	Trip4	S6PRr1	6	6	False	False	Site 6	https://rubalkhali.science/kb/RAK_1000006	Rhizosphere	False	core_sites_1_60	True	True	True	True					True	NovaSeq	False		1	True	True	True	True
Sample_Mastersheet.xlsx	Trip4	54	Trip4	S6PRr2	6	6	False	False	Site 6	https://rubalkhali.science/kb/RAK_1000006	Rhizosphere	False	core_sites_1_60	True	True	True	True					False		False		0	False	False	False	False
Sample_Mastersheet.xlsx	Trip4	55	Trip4	S6PRr3	6	6	False	False	Site 6	https://rubalkhali.science/kb/RAK_1000006	Rhizosphere	False	core_sites_1_60	True	True	True	True					False		False		0	False	False	False	False
Sample_Mastersheet.xlsx	Trip4	56	Trip4	S7Dr1	7	7	False	False	Site 7	https://rubalkhali.science/kb/RAK_1000007	Deep	False	core_sites_1_60	True	True	True	True					True	NovaSeq	False		1	True	True	True	True
Sample_Mastersheet.xlsx	Trip4	57	Trip4	S7Dr2	7	7	False	False	Site 7	https://rubalkhali.science/kb/RAK_1000007	Deep	False	core_sites_1_60	True	True	True	True					False		False		0	False	False	False	False
Sample_Mastersheet.xlsx	Trip4	58	Trip4	S7Dr3	7	7	False	False	Site 7	https://rubalkhali.science/kb/RAK_1000007	Deep	False	core_sites_1_60	True	True	True	True					True		False		0	False	False	False	False
Sample_Mastersheet.xlsx	Trip4	59	Trip4	S7Sr1	7	7	False	False	Site 7	https://rubalkhali.science/kb/RAK_1000007	Surface	False	core_sites_1_60	True	True	True	True					False	NovaSeq	False		1	True	True	True	True
Sample_Mastersheet.xlsx	Trip4	60	Trip4	S7Sr2	7	7	False	False	Site 7	https://rubalkhali.science/kb/RAK_1000007	Surface	False	core_sites_1_60	True	True	True	True					False		False		0	False	False	False	False
Sample_Mastersheet.xlsx	Trip4	61	Trip4	S7Sr3	7	7	False	False	Site 7	https://rubalkhali.science/kb/RAK_1000007	Surface	False	core_sites_1_60	True	True	True	True					False		False		0	False	False	False	False
Sample_Mastersheet.xlsx	Trip4	62	Trip4	S7PRr1	7	7	False	False	Site 7	https://rubalkhali.science/kb/RAK_1000007	Rhizosphere	False	core_sites_1_60	True	True	True	True					True	NovaSeq	False		1	True	True	True	True
Sample_Mastersheet.xlsx	Trip4	63	Trip4	S7PRr2	7	7	False	False	Site 7	https://rubalkhali.science/kb/RAK_1000007	Rhizosphere	False	core_sites_1_60	True	True	True	True					False		False		0	False	False	False	False
Sample_Mastersheet.xlsx	Trip4	64	Trip4	S7PRr3	7	7	False	False	Site 7	https://rubalkhali.science/kb/RAK_1000007	Rhizosphere	False	core_sites_1_60	True	True	True	True					False		False		0	False	False	False	False
Sample_Mastersheet.xlsx	Trip4	65	Trip4	S8Dr1	8	8	False	False	Site 8	https://rubalkhali.science/kb/RAK_1000008	Deep	False	core_sites_1_60	True	True	True	True					True	NovaSeq	False		1	True	True	True	True
Sample_Mastersheet.xlsx	Trip4	66	Trip4	S8Dr2	8	8	False	False	Site 8	https://rubalkhali.science/kb/RAK_1000008	Deep	False	core_sites_1_60	True	True	True	True					False		False		0	False	False	False	False
Sample_Mastersheet.xlsx	Trip4	67	Trip4	S8Dr3	8	8	False	False	Site 8	https://rubalkhali.science/kb/RAK_1000008	Deep	False	core_sites_1_60	True	True	True	True					True		False		0	False	False	False	False
Sample_Mastersheet.xlsx	Trip4	68	Trip4	S8Sr1	8	8	False	False	Site 8	https://rubalkhali.science/kb/RAK_1000008	Surface	False	core_sites_1_60	True	True	True	True					False	NovaSeq	False		1	True	True	True	True
Sample_Mastersheet.xlsx	Trip4	69	Trip4	S8Sr2	8	8	False	False	Site 8	https://rubalkhali.science/kb/RAK_1000008	Surface	False	core_sites_1_60	True	True	True	True					False		False		0	False	False	False	False
Sample_Mastersheet.xlsx	Trip4	70	Trip4	S8Sr3	8	8	False	False	Site 8	https://rubalkhali.science/kb/RAK_1000008	Surface	False	core_sites_1_60	True	True	True	True					False		False		0	False	False	False	False
Sample_Mastersheet.xlsx	Trip4	71	Trip4	S8PRr1	8	8	False	False	Site 8	https://rubalkhali.science/kb/RAK_1000008	Rhizosphere	False	core_sites_1_60	True	True	True	True					True	NovaSeq	False		1	True	True	True	True
Sample_Mastersheet.xlsx	Trip4	72	Trip4	S8PRr2	8	8	False	False	Site 8	https://rubalkhali.science/kb/RAK_1000008	Rhizosphere	False	core_sites_1_60	True	True	True	True					False		False		0	False	False	False	False
Sample_Mastersheet.xlsx	Trip4	73	Trip4	S8PRr3	8	8	False	False	Site 8	https://rubalkhali.science/kb/RAK_1000008	Rhizosphere	False	core_sites_1_60	True	True	True	True					False		False		0	False	False	False	False
Sample_Mastersheet.xlsx	Trip4	74	Trip4	S9Dr1	9	9	False	False	Site 9	https://rubalkhali.science/kb/RAK_1000009	Deep	False	core_sites_1_60	True	True	True	True					True	NovaSeq	False		1	True	True	True	True
Sample_Mastersheet.xlsx	Trip4	75	Trip4	S9Dr2	9	9	False	False	Site 9	https://rubalkhali.science/kb/RAK_1000009	Deep	False	core_sites_1_60	True	True	True	True					False		False		0	False	False	False	False
Sample_Mastersheet.xlsx	Trip4	76	Trip4	S9Dr3	9	9	False	False	Site 9	https://rubalkhali.science/kb/RAK_1000009	Deep	False	core_sites_1_60	True	True	True	True					True		False		0	False	False	False	False
Sample_Mastersheet.xlsx	Trip4	77	Trip4	S9Sr1	9	9	False	False	Site 9	https://rubalkhali.science/kb/RAK_1000009	Surface	False	core_sites_1_60	True	True	True	True					False	NovaSeq	False		1	True	True	True	True
Sample_Mastersheet.xlsx	Trip4	78	Trip4	S9Sr2	9	9	False	False	Site 9	https://rubalkhali.science/kb/RAK_1000009	Surface	False	core_sites_1_60	True	True	True	True					False		False		0	False	False	False	False
Sample_Mastersheet.xlsx	Trip4	79	Trip4	S9Sr3	9	9	False	False	Site 9	https://rubalkhali.science/kb/RAK_1000009	Surface	False	core_sites_1_60	True	True	True	True					False		False		0	False	False	False	False
Sample_Mastersheet.xlsx	Trip4	80	Trip4	S9PRr1	9	9	False	False	Site 9	https://rubalkhali.science/kb/RAK_1000009	Rhizosphere	False	core_sites_1_60	True	True	True	True					True	NovaSeq	False		1	True	True	True	True
Sample_Mastersheet.xlsx	Trip4	81	Trip4	S9PRr2	9	9	False	False	Site 9	https://rubalkhali.science/kb/RAK_1000009	Rhizosphere	False	core_sites_1_60	True	True	True	True					False		False		0	False	False	False	False
Sample_Mastersheet.xlsx	Trip4	82	Trip4	S9PRr3	9	9	False	False	Site 9	https://rubalkhali.science/kb/RAK_1000009	Rhizosphere	False	core_sites_1_60	True	True	True	True					False		False		0	False	False	False	False
Sample_Mastersheet.xlsx	Trip4	83	Trip4	S10Dr1	10	10	False	False	Site 10	https://rubalkhali.science/kb/RAK_1000010	Deep	False	core_sites_1_60	True	True	True	True					True	NovaSeq	False		1	True	True	True	True
Sample_Mastersheet.xlsx	Trip4	84	Trip4	S10Dr2	10	10	False	False	Site 10	https://rubalkhali.science/kb/RAK_1000010	Deep	False	core_sites_1_60	True	True	True	True					False		False		0	False	False	False	False
Sample_Mastersheet.xlsx	Trip4	85	Trip4	S10Dr3	10	10	False	False	Site 10	https://rubalkhali.science/kb/RAK_1000010	Deep	False	core_sites_1_60	True	True	True	True					True		False		0	False	False	False	False
Sample_Mastersheet.xlsx	Trip4	86	Trip4	S10Sr1	10	10	False	False	Site 10	https://rubalkhali.science/kb/RAK_1000010	Surface	False	core_sites_1_60	True	True	True	True					False	NovaSeq	False		1	True	True	True	True
Sample_Mastersheet.xlsx	Trip4	87	Trip4	S10Sr2	10	10	False	False	Site 10	https://rubalkhali.science/kb/RAK_1000010	Surface	False	core_sites_1_60	True	True	True	True					False		False		0	False	False	False	False
Sample_Mastersheet.xlsx	Trip4	88	Trip4	S10Sr3	10	10	False	False	Site 10	https://rubalkhali.science/kb/RAK_1000010	Surface	False	core_sites_1_60	True	True	True	True					False		False		0	False	False	False	False
Sample_Mastersheet.xlsx	Trip4	89	Trip4	S10PRr1	10	10	False	False	Site 10	https://rubalkhali.science/kb/RAK_1000010	Rhizosphere	False	core_sites_1_60	True	True	True	True					True	NovaSeq	False		1	True	True	True	True
Sample_Mastersheet.xlsx	Trip4	90	Trip4	S10PRr2	10	10	False	False	Site 10	https://rubalkhali.science/kb/RAK_1000010	Rhizosphere	False	core_sites_1_60	True	True	True	True					False		False		0	False	False	False	False
Sample_Mastersheet.xlsx	Trip4	91	Trip4	S10PRr3	10	10	False	False	Site 10	https://rubalkhali.science/kb/RAK_1000010	Rhizosphere	False	core_sites_1_60	True	True	True	True					False		False		0	False	False	False	False
Sample_Mastersheet.xlsx	Trip4	92	Trip4	S11Dr1	11	11	False	False	Site 11	https://rubalkhali.science/kb/RAK_1000011	Deep	False	core_sites_1_60	True	True	True	True					True	NovaSeq	False		1	True	True	True	True
Sample_Mastersheet.xlsx	Trip4	93	Trip4	S11Dr2	11	11	False	False	Site 11	https://rubalkhali.science/kb/RAK_1000011	Deep	False	core_sites_1_60	True	True	True	True					False		False		0	False	False	False	False
Sample_Mastersheet.xlsx	Trip4	94	Trip4	S11Dr3	11	11	False	False	Site 11	https://rubalkhali.science/kb/RAK_1000011	Deep	False	core_sites_1_60	True	True	True	True					True		False		0	False	False	False	False
Sample_Mastersheet.xlsx	Trip4	95	Trip4	S11Sr1	11	11	False	False	Site 11	https://rubalkhali.science/kb/RAK_1000011	Surface	False	core_sites_1_60	True	True	True	True					False	NovaSeq	False		1	True	True	True	True
Sample_Mastersheet.xlsx	Trip4	96	Trip4	S11Sr2	11	11	False	False	Site 11	https://rubalkhali.science/kb/RAK_1000011	Surface	False	core_sites_1_60	True	True	True	True					False		False		0	False	False	False	False
Sample_Mastersheet.xlsx	Trip4	97	Trip4	S11Sr3	11	11	False	False	Site 11	https://rubalkhali.science/kb/RAK_1000011	Surface	False	core_sites_1_60	True	True	True	True					False		False		0	False	False	False	False
Sample_Mastersheet.xlsx	Trip4	98	Trip4	S11PRr1	11	11	False	False	Site 11	https://rubalkhali.science/kb/RAK_1000011	Rhizosphere	False	core_sites_1_60	True	True	True	True					True	NovaSeq	False		1	True	True	True	True
Sample_Mastersheet.xlsx	Trip4	99	Trip4	S11PRr2	11	11	False	False	Site 11	https://rubalkhali.science/kb/RAK_1000011	Rhizosphere	False	core_sites_1_60	True	True	True	True					False		False		0	False	False	False	False
Sample_Mastersheet.xlsx	Trip4	100	Trip4	S11PRr3	11	11	False	False	Site 11	https://rubalkhali.science/kb/RAK_1000011	Rhizosphere	False	core_sites_1_60	True	True	True	True					False		False		0	False	False	False	False
Sample_Mastersheet.xlsx	Trip4	101	Trip4	S12Dr1	12	12	False	False	Site 12	https://rubalkhali.science/kb/RAK_1000012	Deep	False	core_sites_1_60	True	True	True	True					True	NovaSeq	False		1	True	True	True	True
Sample_Mastersheet.xlsx	Trip4	102	Trip4	S12Dr2	12	12	False	False	Site 12	https://rubalkhali.science/kb/RAK_1000012	Deep	False	core_sites_1_60	True	True	True	True					False		False		0	False	False	False	False
Sample_Mastersheet.xlsx	Trip4	103	Trip4	S12Dr3	12	12	False	False	Site 12	https://rubalkhali.science/kb/RAK_1000012	Deep	False	core_sites_1_60	True	True	True	True					True		False		0	False	False	False	False
Sample_Mastersheet.xlsx	Trip4	104	Trip4	S12Sr1	12	12	False	False	Site 12	https://rubalkhali.science/kb/RAK_1000012	Surface	False	core_sites_1_60	True	True	True	True					False	NovaSeq	False		1	True	True	True	True
Sample_Mastersheet.xlsx	Trip4	105	Trip4	S12Sr2	12	12	False	False	Site 12	https://rubalkhali.science/kb/RAK_1000012	Surface	False	core_sites_1_60	True	True	True	True					False		False		0	False	False	False	False
Sample_Mastersheet.xlsx	Trip4	106	Trip4	S12Sr3	12	12	False	False	Site 12	https://rubalkhali.science/kb/RAK_1000012	Surface	False	core_sites_1_60	True	True	True	True					False		False		0	False	False	False	False
Sample_Mastersheet.xlsx	Trip4	107	Trip4	S12PRr1	12	12	False	False	Site 12	https://rubalkhali.science/kb/RAK_1000012	Rhizosphere	False	core_sites_1_60	True	True	True	True					True	NovaSeq	False		1	True	True	True	True
Sample_Mastersheet.xlsx	Trip4	108	Trip4	S12PRr2	12	12	False	False	Site 12	https://rubalkhali.science/kb/RAK_1000012	Rhizosphere	False	core_sites_1_60	True	True	True	True					False		False		0	False	False	False	False
Sample_Mastersheet.xlsx	Trip4	109	Trip4	S12PRr3	12	12	False	False	Site 12	https://rubalkhali.science/kb/RAK_1000012	Rhizosphere	False	core_sites_1_60	True	True	True	True					False		False		0	False	False	False	False
Sample_Mastersheet.xlsx	Trip4	110	Trip4	S13Dr1	13	13	False	False	Site 13	https://rubalkhali.science/kb/RAK_1000013	Deep	False	core_sites_1_60	True	True	True	True					True	NovaSeq	False		1	True	True	True	True
Sample_Mastersheet.xlsx	Trip4	111	Trip4	S13Dr2	13	13	False	False	Site 13	https://rubalkhali.science/kb/RAK_1000013	Deep	False	core_sites_1_60	True	True	True	True					False		False		0	False	False	False	False
Sample_Mastersheet.xlsx	Trip4	112	Trip4	S13Dr3	13	13	False	False	Site 13	https://rubalkhali.science/kb/RAK_1000013	Deep	False	core_sites_1_60	True	True	True	True					True		False		0	False	False	False	False
Sample_Mastersheet.xlsx	Trip4	113	Trip4	S13Sr1	13	13	False	False	Site 13	https://rubalkhali.science/kb/RAK_1000013	Surface	False	core_sites_1_60	True	True	True	True					False	NovaSeq	False		1	True	True	True	True
Sample_Mastersheet.xlsx	Trip4	114	Trip4	S13Sr2	13	13	False	False	Site 13	https://rubalkhali.science/kb/RAK_1000013	Surface	False	core_sites_1_60	True	True	True	True					False		False		0	False	False	False	False
Sample_Mastersheet.xlsx	Trip4	115	Trip4	S13Sr3	13	13	False	False	Site 13	https://rubalkhali.science/kb/RAK_1000013	Surface	False	core_sites_1_60	True	True	True	True					False		False		0	False	False	False	False
Sample_Mastersheet.xlsx	Trip4	116	Trip4	S13PRr1	13	13	False	False	Site 13	https://rubalkhali.science/kb/RAK_1000013	Rhizosphere	False	core_sites_1_60	True	True	True	True					True	NovaSeq	False		1	True	True	True	True
Sample_Mastersheet.xlsx	Trip4	117	Trip4	S13PRr2	13	13	False	False	Site 13	https://rubalkhali.science/kb/RAK_1000013	Rhizosphere	False	core_sites_1_60	True	True	True	True					False		False		0	False	False	False	False
Sample_Mastersheet.xlsx	Trip4	118	Trip4	S13PRr3	13	13	False	False	Site 13	https://rubalkhali.science/kb/RAK_1000013	Rhizosphere	False	core_sites_1_60	True	True	True	True					False		False		0	False	False	False	False
Sample_Mastersheet.xlsx	Trip4	119	Trip4	S14Dr1	14	14	False	False	Site 14	https://rubalkhali.science/kb/RAK_1000014	Deep	False	core_sites_1_60	True	True	True	True					True	NovaSeq	False		1	True	True	True	True
Sample_Mastersheet.xlsx	Trip4	120	Trip4	S14Dr2	14	14	False	False	Site 14	https://rubalkhali.science/kb/RAK_1000014	Deep	False	core_sites_1_60	True	True	True	True					False		False		0	False	False	False	False
Sample_Mastersheet.xlsx	Trip4	121	Trip4	S14Dr3	14	14	False	False	Site 14	https://rubalkhali.science/kb/RAK_1000014	Deep	False	core_sites_1_60	True	True	True	True					True		False		0	False	False	False	False
Sample_Mastersheet.xlsx	Trip4	122	Trip4	S14Sr1	14	14	False	False	Site 14	https://rubalkhali.science/kb/RAK_1000014	Surface	False	core_sites_1_60	True	True	True	True					False	NovaSeq	False		1	True	True	True	True
Sample_Mastersheet.xlsx	Trip4	123	Trip4	S14Sr2	14	14	False	False	Site 14	https://rubalkhali.science/kb/RAK_1000014	Surface	False	core_sites_1_60	True	True	True	True					False		False		0	False	False	False	False
Sample_Mastersheet.xlsx	Trip4	124	Trip4	S14Sr3	14	14	False	False	Site 14	https://rubalkhali.science/kb/RAK_1000014	Surface	False	core_sites_1_60	True	True	True	True					False		False		0	False	False	False	False
Sample_Mastersheet.xlsx	Trip4	125	Trip4	S14PRr1	14	14	False	False	Site 14	https://rubalkhali.science/kb/RAK_1000014	Rhizosphere	False	core_sites_1_60	True	True	True	True					True	NovaSeq	False		1	True	True	True	True
Sample_Mastersheet.xlsx	Trip4	126	Trip4	S14PRr2	14	14	False	False	Site 14	https://rubalkhali.science/kb/RAK_1000014	Rhizosphere	False	core_sites_1_60	True	True	True	True					False		False		0	False	False	False	False
Sample_Mastersheet.xlsx	Trip4	127	Trip4	S14PRr3	14	14	False	False	Site 14	https://rubalkhali.science/kb/RAK_1000014	Rhizosphere	False	core_sites_1_60	True	True	True	True					False		False		0	False	False	False	False
Sample_Mastersheet.xlsx	Trip4	128	Trip4	S15Dr1	15	15	False	False	Site 15	https://rubalkhali.science/kb/RAK_1000015	Deep	False	core_sites_1_60	True	True	True	True					True	NovaSeq	False		1	True	True	True	True
Sample_Mastersheet.xlsx	Trip4	129	Trip4	S15Dr2	15	15	False	False	Site 15	https://rubalkhali.science/kb/RAK_1000015	Deep	False	core_sites_1_60	True	True	True	True					False		False		0	False	False	False	False
Sample_Mastersheet.xlsx	Trip4	130	Trip4	S15Dr3	15	15	False	False	Site 15	https://rubalkhali.science/kb/RAK_1000015	Deep	False	core_sites_1_60	True	True	True	True					True		False		0	False	False	False	False
Sample_Mastersheet.xlsx	Trip4	131	Trip4	S15Sr1	15	15	False	False	Site 15	https://rubalkhali.science/kb/RAK_1000015	Surface	False	core_sites_1_60	True	True	True	True					False	NovaSeq	False		1	True	True	True	True
Sample_Mastersheet.xlsx	Trip4	132	Trip4	S15Sr2	15	15	False	False	Site 15	https://rubalkhali.science/kb/RAK_1000015	Surface	False	core_sites_1_60	True	True	True	True					False		False		0	False	False	False	False
Sample_Mastersheet.xlsx	Trip4	133	Trip4	S15Sr3	15	15	False	False	Site 15	https://rubalkhali.science/kb/RAK_1000015	Surface	False	core_sites_1_60	True	True	True	True					False		False		0	False	False	False	False
Sample_Mastersheet.xlsx	Trip4	134	Trip4	S15PRr1	15	15	False	False	Site 15	https://rubalkhali.science/kb/RAK_1000015	Rhizosphere	False	core_sites_1_60	True	True	True	True					True	NovaSeq	False		1	True	True	True	True
Sample_Mastersheet.xlsx	Trip4	135	Trip4	S15PRr2	15	15	False	False	Site 15	https://rubalkhali.science/kb/RAK_1000015	Rhizosphere	False	core_sites_1_60	True	True	True	True					False		False		0	False	False	False	False
Sample_Mastersheet.xlsx	Trip4	136	Trip4	S15PRr3	15	15	False	False	Site 15	https://rubalkhali.science/kb/RAK_1000015	Rhizosphere	False	core_sites_1_60	True	True	True	True					False		False		0	False	False	False	False
Sample_Mastersheet.xlsx	Trip4	137	Trip4	S16Dr1	16	16	False	False	Site 16	https://rubalkhali.science/kb/RAK_1000016	Deep	False	core_sites_1_60	True	True	True	True					True	NovaSeq	False		1	True	True	True	True
Sample_Mastersheet.xlsx	Trip4	138	Trip4	S16Dr2	16	16	False	False	Site 16	https://rubalkhali.science/kb/RAK_1000016	Deep	False	core_sites_1_60	True	True	True	True					False		False		0	False	False	False	False
Sample_Mastersheet.xlsx	Trip4	139	Trip4	S16Dr3	16	16	False	False	Site 16	https://rubalkhali.science/kb/RAK_1000016	Deep	False	core_sites_1_60	True	True	True	True					True		False		0	False	False	False	False
Sample_Mastersheet.xlsx	Trip4	140	Trip4	S16Sr1	16	16	False	False	Site 16	https://rubalkhali.science/kb/RAK_1000016	Surface	False	core_sites_1_60	True	True	True	True					False	NovaSeq	False		1	True	True	True	True
Sample_Mastersheet.xlsx	Trip4	141	Trip4	S16Sr2	16	16	False	False	Site 16	https://rubalkhali.science/kb/RAK_1000016	Surface	False	core_sites_1_60	True	True	True	True					False		False		0	False	False	False	False
Sample_Mastersheet.xlsx	Trip4	142	Trip4	S16Sr3	16	16	False	False	Site 16	https://rubalkhali.science/kb/RAK_1000016	Surface	False	core_sites_1_60	True	True	True	True					False		False		0	False	False	False	False
Sample_Mastersheet.xlsx	Trip4	143	Trip4	S16PRr1	16	16	False	False	Site 16	https://rubalkhali.science/kb/RAK_1000016	Rhizosphere	False	core_sites_1_60	True	True	True	True					True	NovaSeq	False		1	True	True	True	True
Sample_Mastersheet.xlsx	Trip4	144	Trip4	S16PRr2	16	16	False	False	Site 16	https://rubalkhali.science/kb/RAK_1000016	Rhizosphere	False	core_sites_1_60	True	True	True	True					False		False		0	False	False	False	False
Sample_Mastersheet.xlsx	Trip4	145	Trip4	S16PRr3	16	16	False	False	Site 16	https://rubalkhali.science/kb/RAK_1000016	Rhizosphere	False	core_sites_1_60	True	True	True	True					False		False		0	False	False	False	False
Sample_Mastersheet.xlsx	Trip4	146	Trip4	S17Dr1	17	17	False	False	Site 17	https://rubalkhali.science/kb/RAK_1000017	Deep	False	core_sites_1_60	True	True	True	True					True	NovaSeq	False		1	True	True	True	True
Sample_Mastersheet.xlsx	Trip4	147	Trip4	S17Dr2	17	17	False	False	Site 17	https://rubalkhali.science/kb/RAK_1000017	Deep	False	core_sites_1_60	True	True	True	True					False		False		0	False	False	False	False
Sample_Mastersheet.xlsx	Trip4	148	Trip4	S17Dr3	17	17	False	False	Site 17	https://rubalkhali.science/kb/RAK_1000017	Deep	False	core_sites_1_60	True	True	True	True					True		False		0	False	False	False	False
Sample_Mastersheet.xlsx	Trip4	149	Trip4	S17Sr1	17	17	False	False	Site 17	https://rubalkhali.science/kb/RAK_1000017	Surface	False	core_sites_1_60	True	True	True	True					False	NovaSeq	False		1	True	True	True	True
Sample_Mastersheet.xlsx	Trip4	150	Trip4	S17Sr2	17	17	False	False	Site 17	https://rubalkhali.science/kb/RAK_1000017	Surface	False	core_sites_1_60	True	True	True	True					False		False		0	False	False	False	False
Sample_Mastersheet.xlsx	Trip4	151	Trip4	S17Sr3	17	17	False	False	Site 17	https://rubalkhali.science/kb/RAK_1000017	Surface	False	core_sites_1_60	True	True	True	True					False		False		0	False	False	False	False
Sample_Mastersheet.xlsx	Trip4	152	Trip4	S17PRr1	17	17	False	False	Site 17	https://rubalkhali.science/kb/RAK_1000017	Rhizosphere	False	core_sites_1_60	True	True	True	True					True	NovaSeq	False		1	True	True	True	True
Sample_Mastersheet.xlsx	Trip4	153	Trip4	S17PRr2	17	17	False	False	Site 17	https://rubalkhali.science/kb/RAK_1000017	Rhizosphere	False	core_sites_1_60	True	True	True	True					False		False		0	False	False	False	False
Sample_Mastersheet.xlsx	Trip4	154	Trip4	S17PRr3	17	17	False	False	Site 17	https://rubalkhali.science/kb/RAK_1000017	Rhizosphere	False	core_sites_1_60	True	True	True	True					False		False		0	False	False	False	False
Sample_Mastersheet.xlsx	Trip4	155	Trip4	S18Dr1	18	18	False	False	Site 18	https://rubalkhali.science/kb/RAK_1000018	Deep	False	core_sites_1_60	True	True	True	True					True	NovaSeq	False		1	True	True	True	True
Sample_Mastersheet.xlsx	Trip4	156	Trip4	S18Dr2	18	18	False	False	Site 18	https://rubalkhali.science/kb/RAK_1000018	Deep	False	core_sites_1_60	True	True	True	True					False		False		0	False	False	False	False
Sample_Mastersheet.xlsx	Trip4	157	Trip4	S18Dr3	18	18	False	False	Site 18	https://rubalkhali.science/kb/RAK_1000018	Deep	False	core_sites_1_60	True	True	True	True					True		False		0	False	False	False	False
Sample_Mastersheet.xlsx	Trip4	158	Trip4	S18Sr1	18	18	False	False	Site 18	https://rubalkhali.science/kb/RAK_1000018	Surface	False	core_sites_1_60	True	True	True	True					False	NovaSeq	False		1	True	True	True	True
Sample_Mastersheet.xlsx	Trip4	159	Trip4	S18Sr2	18	18	False	False	Site 18	https://rubalkhali.science/kb/RAK_1000018	Surface	False	core_sites_1_60	True	True	True	True					False		False		0	False	False	False	False
Sample_Mastersheet.xlsx	Trip4	160	Trip4	S18Sr3	18	18	False	False	Site 18	https://rubalkhali.science/kb/RAK_1000018	Surface	False	core_sites_1_60	True	True	True	True					False		False		0	False	False	False	False
Sample_Mastersheet.xlsx	Trip4	161	Trip4	S18PRr1	18	18	False	False	Site 18	https://rubalkhali.science/kb/RAK_1000018	Rhizosphere	False	core_sites_1_60	True	True	True	True					True	NovaSeq	False		1	True	True	True	True
Sample_Mastersheet.xlsx	Trip4	162	Trip4	S18PRr2	18	18	False	False	Site 18	https://rubalkhali.science/kb/RAK_1000018	Rhizosphere	False	core_sites_1_60	True	True	True	True					False		False		0	False	False	False	False
Sample_Mastersheet.xlsx	Trip4	163	Trip4	S18PRr3	18	18	False	False	Site 18	https://rubalkhali.science/kb/RAK_1000018	Rhizosphere	False	core_sites_1_60	True	True	True	True					False		False		0	False	False	False	False
Sample_Mastersheet.xlsx	Trip4	164	Trip4	S19Dr1	19	19	False	False	Site 19	https://rubalkhali.science/kb/RAK_1000019	Deep	False	core_sites_1_60	True	True	True	True					True	NovaSeq	False		1	True	True	True	True
Sample_Mastersheet.xlsx	Trip4	165	Trip4	S19Dr2	19	19	False	False	Site 19	https://rubalkhali.science/kb/RAK_1000019	Deep	False	core_sites_1_60	True	True	True	True					False		False		0	False	False	False	False
Sample_Mastersheet.xlsx	Trip4	166	Trip4	S19Dr3	19	19	False	False	Site 19	https://rubalkhali.science/kb/RAK_1000019	Deep	False	core_sites_1_60	True	True	True	True					True		False		0	False	False	False	False
Sample_Mastersheet.xlsx	Trip4	167	Trip4	S19Sr1	19	19	False	False	Site 19	https://rubalkhali.science/kb/RAK_1000019	Surface	False	core_sites_1_60	True	True	True	True					False	NovaSeq	False		1	True	True	True	True
Sample_Mastersheet.xlsx	Trip4	168	Trip4	S19Sr2	19	19	False	False	Site 19	https://rubalkhali.science/kb/RAK_1000019	Surface	False	core_sites_1_60	True	True	True	True					False		False		0	False	False	False	False
Sample_Mastersheet.xlsx	Trip4	169	Trip4	S19Sr3	19	19	False	False	Site 19	https://rubalkhali.science/kb/RAK_1000019	Surface	False	core_sites_1_60	True	True	True	True					False		False		0	False	False	False	False
Sample_Mastersheet.xlsx	Trip4	170	Trip4	S19PRr1	19	19	False	False	Site 19	https://rubalkhali.science/kb/RAK_1000019	Rhizosphere	False	core_sites_1_60	True	True	True	True					True	NovaSeq	False		1	True	True	True	True
Sample_Mastersheet.xlsx	Trip4	171	Trip4	S19PRr2	19	19	False	False	Site 19	https://rubalkhali.science/kb/RAK_1000019	Rhizosphere	False	core_sites_1_60	True	True	True	True					False		False		0	False	False	False	False
Sample_Mastersheet.xlsx	Trip4	172	Trip4	S19PRr3	19	19	False	False	Site 19	https://rubalkhali.science/kb/RAK_1000019	Rhizosphere	False	core_sites_1_60	True	True	True	True					False		False		0	False	False	False	False
Sample_Mastersheet.xlsx	Trip4	173	Trip4	S20Dr1	20	20	False	False	Site 20	https://rubalkhali.science/kb/RAK_1000020	Deep	False	core_sites_1_60	True	True	True	True					True	NovaSeq	False		1	True	True	True	True
Sample_Mastersheet.xlsx	Trip4	174	Trip4	S20Dr2	20	20	False	False	Site 20	https://rubalkhali.science/kb/RAK_1000020	Deep	False	core_sites_1_60	True	True	True	True					False		False		0	False	False	False	False
Sample_Mastersheet.xlsx	Trip4	175	Trip4	S20Dr3	20	20	False	False	Site 20	https://rubalkhali.science/kb/RAK_1000020	Deep	False	core_sites_1_60	True	True	True	True					True		False		0	False	False	False	False
Sample_Mastersheet.xlsx	Trip4	176	Trip4	S20Sr1	20	20	False	False	Site 20	https://rubalkhali.science/kb/RAK_1000020	Surface	False	core_sites_1_60	True	True	True	True					False	NovaSeq	False		1	True	True	True	True
Sample_Mastersheet.xlsx	Trip4	177	Trip4	S20Sr2	20	20	False	False	Site 20	https://rubalkhali.science/kb/RAK_1000020	Surface	False	core_sites_1_60	True	True	True	True					False		False		0	False	False	False	False
Sample_Mastersheet.xlsx	Trip4	178	Trip4	S20Sr3	20	20	False	False	Site 20	https://rubalkhali.science/kb/RAK_1000020	Surface	False	core_sites_1_60	True	True	True	True					False		False		0	False	False	False	False
Sample_Mastersheet.xlsx	Trip4	179	Trip4	S20PRr1	20	20	False	False	Site 20	https://rubalkhali.science/kb/RAK_1000020	Rhizosphere	False	core_sites_1_60	True	True	True	True					True	NovaSeq	False		1	True	True	True	True
Sample_Mastersheet.xlsx	Trip4	180	Trip4	S20PRr2	20	20	False	False	Site 20	https://rubalkhali.science/kb/RAK_1000020	Rhizosphere	False	core_sites_1_60	True	True	True	True					False		False		0	False	False	False	False
Sample_Mastersheet.xlsx	Trip4	181	Trip4	S20PRr3	20	20	False	False	Site 20	https://rubalkhali.science/kb/RAK_1000020	Rhizosphere	False	core_sites_1_60	True	True	True	True					False		False		0	False	False	False	False
Sample_Mastersheet.xlsx	Trip4	182	Trip4	S21Dr1	21	21	False	False	Site 21	https://rubalkhali.science/kb/RAK_1000021	Deep	False	core_sites_1_60	True	True	True	True					True	NovaSeq	False		1	True	True	True	True
Sample_Mastersheet.xlsx	Trip4	183	Trip4	S21Dr2	21	21	False	False	Site 21	https://rubalkhali.science/kb/RAK_1000021	Deep	False	core_sites_1_60	True	True	True	True					False		False		0	False	False	False	False
Sample_Mastersheet.xlsx	Trip4	184	Trip4	S21Dr3	21	21	False	False	Site 21	https://rubalkhali.science/kb/RAK_1000021	Deep	False	core_sites_1_60	True	True	True	True					True		False		0	False	False	False	False
Sample_Mastersheet.xlsx	Trip4	185	Trip4	S21Sr1	21	21	False	False	Site 21	https://rubalkhali.science/kb/RAK_1000021	Surface	False	core_sites_1_60	True	True	True	True					False	NovaSeq	False		1	True	True	True	True
Sample_Mastersheet.xlsx	Trip4	186	Trip4	S21Sr2	21	21	False	False	Site 21	https://rubalkhali.science/kb/RAK_1000021	Surface	False	core_sites_1_60	True	True	True	True					False		False		0	False	False	False	False
Sample_Mastersheet.xlsx	Trip4	187	Trip4	S21Sr3	21	21	False	False	Site 21	https://rubalkhali.science/kb/RAK_1000021	Surface	False	core_sites_1_60	True	True	True	True					False		False		0	False	False	False	False
Sample_Mastersheet.xlsx	Trip4	188	Trip4	S21PRr1	21	21	False	False	Site 21	https://rubalkhali.science/kb/RAK_1000021	Rhizosphere	False	core_sites_1_60	True	True	True	True					True	NovaSeq	False		1	True	True	True	True
Sample_Mastersheet.xlsx	Trip4	189	Trip4	S21PRr2	21	21	False	False	Site 21	https://rubalkhali.science/kb/RAK_1000021	Rhizosphere	False	core_sites_1_60	True	True	True	True					False		False		0	False	False	False	False
Sample_Mastersheet.xlsx	Trip4	190	Trip4	S21PRr3	21	21	False	False	Site 21	https://rubalkhali.science/kb/RAK_1000021	Rhizosphere	False	core_sites_1_60	True	True	True	True					False		False		0	False	False	False	False
Sample_Mastersheet.xlsx	Trip4	191	Trip4	S22Dr1	22	22	False	False	Site 22	https://rubalkhali.science/kb/RAK_1000022	Deep	False	core_sites_1_60	True	True	True	True		Extracted	QIACube		True	NovaSeq	False		1	True	True	True	True
Sample_Mastersheet.xlsx	Trip4	192	Trip4	S22Dr2	22	22	False	False	Site 22	https://rubalkhali.science/kb/RAK_1000022	Deep	False	core_sites_1_60	True	True	True	True		Extracted	QIACube		False		False		0	False	False	False	True
Sample_Mastersheet.xlsx	Trip4	193	Trip4	S22Dr3	22	22	False	False	Site 22	https://rubalkhali.science/kb/RAK_1000022	Deep	False	core_sites_1_60	True	True	True	True		Extracted	QIACube		False		False		0	False	False	False	True
Sample_Mastersheet.xlsx	Trip4	194	Trip4	S22Sr1	22	22	False	False	Site 22	https://rubalkhali.science/kb/RAK_1000022	Surface	False	core_sites_1_60	True	True	True	True		Extracted	QIACube		True	NovaSeq	False		1	True	True	True	True
Sample_Mastersheet.xlsx	Trip4	195	Trip4	S22Sr2	22	22	False	False	Site 22	https://rubalkhali.science/kb/RAK_1000022	Surface	False	core_sites_1_60	True	True	True	True		Extracted	QIACube		False		False		0	False	False	False	True
Sample_Mastersheet.xlsx	Trip4	196	Trip4	S22Sr3	22	22	False	False	Site 22	https://rubalkhali.science/kb/RAK_1000022	Surface	False	core_sites_1_60	True	True	True	True		Extracted	QIACube		False		False		0	False	False	False	True
Sample_Mastersheet.xlsx	Trip4	197	Trip4	S22PRr1	22	22	False	False	Site 22	https://rubalkhali.science/kb/RAK_1000022	Rhizosphere	False	core_sites_1_60	True	True	True	True		Extracted	QIACube		True	NovaSeq	False		1	True	True	True	True
Sample_Mastersheet.xlsx	Trip4	198	Trip4	S22PRr2	22	22	False	False	Site 22	https://rubalkhali.science/kb/RAK_1000022	Rhizosphere	False	core_sites_1_60	True	True	True	True		Extracted	QIACube		False		False		0	False	False	False	True
Sample_Mastersheet.xlsx	Trip4	199	Trip4	S22PRr3	22	22	False	False	Site 22	https://rubalkhali.science/kb/RAK_1000022	Rhizosphere	False	core_sites_1_60	True	True	True	True		Extracted	QIACube		False		False		0	False	False	False	True
Sample_Mastersheet.xlsx	Trip4	200	Trip4	S23Dr1	23	23	False	False	Site 23	https://rubalkhali.science/kb/RAK_1000023	Deep	False	core_sites_1_60	True	True	True	True					True	NovaSeq	False		1	True	True	True	True
Sample_Mastersheet.xlsx	Trip4	201	Trip4	S23Dr2	23	23	False	False	Site 23	https://rubalkhali.science/kb/RAK_1000023	Deep	False	core_sites_1_60	True	True	True	True					False		False		0	False	False	False	False
Sample_Mastersheet.xlsx	Trip4	202	Trip4	S23Dr3	23	23	False	False	Site 23	https://rubalkhali.science/kb/RAK_1000023	Deep	False	core_sites_1_60	True	True	True	True					True		False		0	False	False	False	False
Sample_Mastersheet.xlsx	Trip4	203	Trip4	S23Sr1	23	23	False	False	Site 23	https://rubalkhali.science/kb/RAK_1000023	Surface	False	core_sites_1_60	True	True	True	True					False	NovaSeq	False		1	True	True	True	True
Sample_Mastersheet.xlsx	Trip4	204	Trip4	S23Sr2	23	23	False	False	Site 23	https://rubalkhali.science/kb/RAK_1000023	Surface	False	core_sites_1_60	True	True	True	True					False		False		0	False	False	False	False
Sample_Mastersheet.xlsx	Trip4	205	Trip4	S23Sr3	23	23	False	False	Site 23	https://rubalkhali.science/kb/RAK_1000023	Surface	False	core_sites_1_60	True	True	True	True					False		False		0	False	False	False	False
Sample_Mastersheet.xlsx	Trip4	206	Trip4	S23PRr1	23	23	False	False	Site 23	https://rubalkhali.science/kb/RAK_1000023	Rhizosphere	False	core_sites_1_60	True	True	True	True					True	NovaSeq	False		1	True	True	True	True
Sample_Mastersheet.xlsx	Trip4	207	Trip4	S23PRr2	23	23	False	False	Site 23	https://rubalkhali.science/kb/RAK_1000023	Rhizosphere	False	core_sites_1_60	True	True	True	True					False		False		0	False	False	False	False
Sample_Mastersheet.xlsx	Trip4	208	Trip4	S23PRr3	23	23	False	False	Site 23	https://rubalkhali.science/kb/RAK_1000023	Rhizosphere	False	core_sites_1_60	True	True	True	True					False		False		0	False	False	False	False
Sample_Mastersheet.xlsx	Trip4	209	Trip4	S24Dr1	24	24	False	False	Site 24	https://rubalkhali.science/kb/RAK_1000024	Deep	False	core_sites_1_60	True	True	True	True					True	NovaSeq	False		1	True	True	True	True
Sample_Mastersheet.xlsx	Trip4	210	Trip4	S24Dr2	24	24	False	False	Site 24	https://rubalkhali.science/kb/RAK_1000024	Deep	False	core_sites_1_60	True	True	True	True					False		False		0	False	False	False	False
Sample_Mastersheet.xlsx	Trip4	211	Trip4	S24Dr3	24	24	False	False	Site 24	https://rubalkhali.science/kb/RAK_1000024	Deep	False	core_sites_1_60	True	True	True	True					True		False		0	False	False	False	False
Sample_Mastersheet.xlsx	Trip4	212	Trip4	S24Sr1	24	24	False	False	Site 24	https://rubalkhali.science/kb/RAK_1000024	Surface	False	core_sites_1_60	True	True	True	True					False	NovaSeq	False		1	True	True	True	True
Sample_Mastersheet.xlsx	Trip4	213	Trip4	S24Sr2	24	24	False	False	Site 24	https://rubalkhali.science/kb/RAK_1000024	Surface	False	core_sites_1_60	True	True	True	True					False		False		0	False	False	False	False
Sample_Mastersheet.xlsx	Trip4	214	Trip4	S24Sr3	24	24	False	False	Site 24	https://rubalkhali.science/kb/RAK_1000024	Surface	False	core_sites_1_60	True	True	True	True					False		False		0	False	False	False	False
Sample_Mastersheet.xlsx	Trip4	215	Trip4	S24PRr1	24	24	False	False	Site 24	https://rubalkhali.science/kb/RAK_1000024	Rhizosphere	False	core_sites_1_60	True	True	True	True					True	NovaSeq	False		1	True	True	True	True
Sample_Mastersheet.xlsx	Trip4	216	Trip4	S24PRr2	24	24	False	False	Site 24	https://rubalkhali.science/kb/RAK_1000024	Rhizosphere	False	core_sites_1_60	True	True	True	True					False		False		0	False	False	False	False
Sample_Mastersheet.xlsx	Trip4	217	Trip4	S24PRr3	24	24	False	False	Site 24	https://rubalkhali.science/kb/RAK_1000024	Rhizosphere	False	core_sites_1_60	True	True	True	True					False		False		0	False	False	False	False
Sample_Mastersheet.xlsx	Trip4	218	Trip4	S25Dr1	25	25	False	False	Site 25	https://rubalkhali.science/kb/RAK_1000025	Deep	False	core_sites_1_60	True	True	True	True					True	NovaSeq	False		1	True	True	True	True
Sample_Mastersheet.xlsx	Trip4	219	Trip4	S25Dr2	25	25	False	False	Site 25	https://rubalkhali.science/kb/RAK_1000025	Deep	False	core_sites_1_60	True	True	True	True					False		False		0	False	False	False	False
Sample_Mastersheet.xlsx	Trip4	220	Trip4	S25Dr3	25	25	False	False	Site 25	https://rubalkhali.science/kb/RAK_1000025	Deep	False	core_sites_1_60	True	True	True	True					True		False		0	False	False	False	False
Sample_Mastersheet.xlsx	Trip4	221	Trip4	S25Sr1	25	25	False	False	Site 25	https://rubalkhali.science/kb/RAK_1000025	Surface	False	core_sites_1_60	True	True	True	True					False	NovaSeq	False		1	True	True	True	True
Sample_Mastersheet.xlsx	Trip4	222	Trip4	S25Sr2	25	25	False	False	Site 25	https://rubalkhali.science/kb/RAK_1000025	Surface	False	core_sites_1_60	True	True	True	True					False		False		0	False	False	False	False
Sample_Mastersheet.xlsx	Trip4	223	Trip4	S25Sr3	25	25	False	False	Site 25	https://rubalkhali.science/kb/RAK_1000025	Surface	False	core_sites_1_60	True	True	True	True					False		False		0	False	False	False	False
Sample_Mastersheet.xlsx	Trip4	224	Trip4	S25PRr1	25	25	False	False	Site 25	https://rubalkhali.science/kb/RAK_1000025	Rhizosphere	False	core_sites_1_60	True	True	True	True					True	NovaSeq	False		1	True	True	True	True
Sample_Mastersheet.xlsx	Trip4	225	Trip4	S25PRr2	25	25	False	False	Site 25	https://rubalkhali.science/kb/RAK_1000025	Rhizosphere	False	core_sites_1_60	True	True	True	True					False		False		0	False	False	False	False
Sample_Mastersheet.xlsx	Trip4	226	Trip4	S25PRr3	25	25	False	False	Site 25	https://rubalkhali.science/kb/RAK_1000025	Rhizosphere	False	core_sites_1_60	True	True	True	True					False		False		0	False	False	False	False
Sample_Mastersheet.xlsx	Trip4	227	Trip4	S26Dr1	26	26	False	False	Site 26	https://rubalkhali.science/kb/RAK_1000026	Deep	False	core_sites_1_60	True	True	True	True					True	NovaSeq	False		1	True	True	True	True
Sample_Mastersheet.xlsx	Trip4	228	Trip4	S26Dr2	26	26	False	False	Site 26	https://rubalkhali.science/kb/RAK_1000026	Deep	False	core_sites_1_60	True	True	True	True					False		False		0	False	False	False	False
Sample_Mastersheet.xlsx	Trip4	229	Trip4	S26Dr3	26	26	False	False	Site 26	https://rubalkhali.science/kb/RAK_1000026	Deep	False	core_sites_1_60	True	True	True	True					True		False		0	False	False	False	False
Sample_Mastersheet.xlsx	Trip4	230	Trip4	S26Sr1	26	26	False	False	Site 26	https://rubalkhali.science/kb/RAK_1000026	Surface	False	core_sites_1_60	True	True	True	True					False	NovaSeq	False		1	True	True	True	True
Sample_Mastersheet.xlsx	Trip4	231	Trip4	S26Sr2	26	26	False	False	Site 26	https://rubalkhali.science/kb/RAK_1000026	Surface	False	core_sites_1_60	True	True	True	True					False		False		0	False	False	False	False
Sample_Mastersheet.xlsx	Trip4	232	Trip4	S26Sr3	26	26	False	False	Site 26	https://rubalkhali.science/kb/RAK_1000026	Surface	False	core_sites_1_60	True	True	True	True					False		False		0	False	False	False	False
Sample_Mastersheet.xlsx	Trip4	233	Trip4	S26PRr1	26	26	False	False	Site 26	https://rubalkhali.science/kb/RAK_1000026	Rhizosphere	False	core_sites_1_60	True	True	True	True					True	NovaSeq	False		1	True	True	True	True
Sample_Mastersheet.xlsx	Trip4	234	Trip4	S26PRr2	26	26	False	False	Site 26	https://rubalkhali.science/kb/RAK_1000026	Rhizosphere	False	core_sites_1_60	True	True	True	True					False		False		0	False	False	False	False
Sample_Mastersheet.xlsx	Trip4	235	Trip4	S26PRr3	26	26	False	False	Site 26	https://rubalkhali.science/kb/RAK_1000026	Rhizosphere	False	core_sites_1_60	True	True	True	True					False		False		0	False	False	False	False
Sample_Mastersheet.xlsx	Trip4	236	Trip4	S27Dr1	27	27	False	False	Site 27	https://rubalkhali.science/kb/RAK_1000027	Deep	False	core_sites_1_60	True	True	True	True					True	NovaSeq	False		1	True	True	True	True
Sample_Mastersheet.xlsx	Trip4	237	Trip4	S27Dr2	27	27	False	False	Site 27	https://rubalkhali.science/kb/RAK_1000027	Deep	False	core_sites_1_60	True	True	True	True					False		False		0	False	False	False	False
Sample_Mastersheet.xlsx	Trip4	238	Trip4	S27Dr3	27	27	False	False	Site 27	https://rubalkhali.science/kb/RAK_1000027	Deep	False	core_sites_1_60	True	True	True	True					True		False		0	False	False	False	False
Sample_Mastersheet.xlsx	Trip4	239	Trip4	S27Sr1	27	27	False	False	Site 27	https://rubalkhali.science/kb/RAK_1000027	Surface	False	core_sites_1_60	True	True	True	True					False	NovaSeq	False		1	True	True	True	True
Sample_Mastersheet.xlsx	Trip4	240	Trip4	S27Sr2	27	27	False	False	Site 27	https://rubalkhali.science/kb/RAK_1000027	Surface	False	core_sites_1_60	True	True	True	True					False		False		0	False	False	False	False
Sample_Mastersheet.xlsx	Trip4	241	Trip4	S27Sr3	27	27	False	False	Site 27	https://rubalkhali.science/kb/RAK_1000027	Surface	False	core_sites_1_60	True	True	True	True					False		False		0	False	False	False	False
Sample_Mastersheet.xlsx	Trip4	242	Trip4	S27PRr1	27	27	False	False	Site 27	https://rubalkhali.science/kb/RAK_1000027	Rhizosphere	False	core_sites_1_60	True	True	True	True					True	NovaSeq	False		1	True	True	True	True
Sample_Mastersheet.xlsx	Trip4	243	Trip4	S27PRr2	27	27	False	False	Site 27	https://rubalkhali.science/kb/RAK_1000027	Rhizosphere	False	core_sites_1_60	True	True	True	True					False		False		0	False	False	False	False
Sample_Mastersheet.xlsx	Trip4	244	Trip4	S27PRr3	27	27	False	False	Site 27	https://rubalkhali.science/kb/RAK_1000027	Rhizosphere	False	core_sites_1_60	True	True	True	True					False		False		0	False	False	False	False
Sample_Mastersheet.xlsx	Trip4	245	Trip4	S28Dr1	28	28	False	False	Site 28	https://rubalkhali.science/kb/RAK_1000028	Deep	False	core_sites_1_60	True	True	True	True					False		False		0	False	False	False	False
Sample_Mastersheet.xlsx	Trip4	246	Trip4	S28Dr2	28	28	False	False	Site 28	https://rubalkhali.science/kb/RAK_1000028	Deep	False	core_sites_1_60	True	True	True	True					True	NovaSeq	False		1	True	True	True	True
Sample_Mastersheet.xlsx	Trip4	247	Trip4	S28Dr3	28	28	False	False	Site 28	https://rubalkhali.science/kb/RAK_1000028	Deep	False	core_sites_1_60	True	True	True	True					False		False		0	False	False	False	False
Sample_Mastersheet.xlsx	Trip4	248	Trip4	S28Sr1	28	28	False	False	Site 28	https://rubalkhali.science/kb/RAK_1000028	Surface	False	core_sites_1_60	True	True	True	True					True	NovaSeq	False		1	True	True	True	True
Sample_Mastersheet.xlsx	Trip4	249	Trip4	S28Sr2	28	28	False	False	Site 28	https://rubalkhali.science/kb/RAK_1000028	Surface	False	core_sites_1_60	True	True	True	True					False		False		0	False	False	False	False
Sample_Mastersheet.xlsx	Trip4	250	Trip4	S28Sr3	28	28	False	False	Site 28	https://rubalkhali.science/kb/RAK_1000028	Surface	False	core_sites_1_60	True	True	True	True					False		False		0	False	False	False	False
Sample_Mastersheet.xlsx	Trip4	251	Trip4	S28PRr1	28	28	False	False	Site 28	https://rubalkhali.science/kb/RAK_1000028	Rhizosphere	False	core_sites_1_60	True	True	True	True					True	NovaSeq	False		1	True	True	True	True
Sample_Mastersheet.xlsx	Trip4	252	Trip4	S28PRr2	28	28	False	False	Site 28	https://rubalkhali.science/kb/RAK_1000028	Rhizosphere	False	core_sites_1_60	True	True	True	True					False		False		0	False	False	False	False
Sample_Mastersheet.xlsx	Trip4	253	Trip4	S28PRr3	28	28	False	False	Site 28	https://rubalkhali.science/kb/RAK_1000028	Rhizosphere	False	core_sites_1_60	True	True	True	True					False		False		0	False	False	False	False
Sample_Mastersheet.xlsx	Trip4	254	Trip4	S29Dr1	29	29	False	False	Site 29	https://rubalkhali.science/kb/RAK_1000029	Deep	False	core_sites_1_60	True	True	True	True					True	NovaSeq	False		1	True	True	True	True
Sample_Mastersheet.xlsx	Trip4	255	Trip4	S29Dr2	29	29	False	False	Site 29	https://rubalkhali.science/kb/RAK_1000029	Deep	False	core_sites_1_60	True	True	True	True					False		False		0	False	False	False	False
Sample_Mastersheet.xlsx	Trip4	256	Trip4	S29Dr3	29	29	False	False	Site 29	https://rubalkhali.science/kb/RAK_1000029	Deep	False	core_sites_1_60	True	True	True	True					True		False		0	False	False	False	False
Sample_Mastersheet.xlsx	Trip4	257	Trip4	S29Sr1	29	29	False	False	Site 29	https://rubalkhali.science/kb/RAK_1000029	Surface	False	core_sites_1_60	True	True	True	True					False	NovaSeq	False		1	True	True	True	True
Sample_Mastersheet.xlsx	Trip4	258	Trip4	S29Sr2	29	29	False	False	Site 29	https://rubalkhali.science/kb/RAK_1000029	Surface	False	core_sites_1_60	True	True	True	True					False		False		0	False	False	False	False
Sample_Mastersheet.xlsx	Trip4	259	Trip4	S29Sr3	29	29	False	False	Site 29	https://rubalkhali.science/kb/RAK_1000029	Surface	False	core_sites_1_60	True	True	True	True					False		False		0	False	False	False	False
Sample_Mastersheet.xlsx	Trip4	260	Trip4	S29PRr1	29	29	False	False	Site 29	https://rubalkhali.science/kb/RAK_1000029	Rhizosphere	False	core_sites_1_60	True	True	True	True					True	NovaSeq	False		1	True	True	True	True
Sample_Mastersheet.xlsx	Trip4	261	Trip4	S29PRr2	29	29	False	False	Site 29	https://rubalkhali.science/kb/RAK_1000029	Rhizosphere	False	core_sites_1_60	True	True	True	True					False		False		0	False	False	False	False
Sample_Mastersheet.xlsx	Trip4	262	Trip4	S29PRr3	29	29	False	False	Site 29	https://rubalkhali.science/kb/RAK_1000029	Rhizosphere	False	core_sites_1_60	True	True	True	True					False		False		0	False	False	False	False
Sample_Mastersheet.xlsx	Trip4	263	Trip4	S30Dr1	30	30	False	False	Site 30	https://rubalkhali.science/kb/RAK_1000030	Deep	False	core_sites_1_60	True	True	True	True					True	NovaSeq	False		1	True	True	True	True
Sample_Mastersheet.xlsx	Trip4	264	Trip4	S30Dr2	30	30	False	False	Site 30	https://rubalkhali.science/kb/RAK_1000030	Deep	False	core_sites_1_60	True	True	True	True					False		False		0	False	False	False	False
Sample_Mastersheet.xlsx	Trip4	265	Trip4	S30Dr3	30	30	False	False	Site 30	https://rubalkhali.science/kb/RAK_1000030	Deep	False	core_sites_1_60	True	True	True	True					True		False		0	False	False	False	False
Sample_Mastersheet.xlsx	Trip4	266	Trip4	S30Sr1	30	30	False	False	Site 30	https://rubalkhali.science/kb/RAK_1000030	Surface	False	core_sites_1_60	True	True	True	True					False	NovaSeq	False		1	True	True	True	True
Sample_Mastersheet.xlsx	Trip4	267	Trip4	S30Sr2	30	30	False	False	Site 30	https://rubalkhali.science/kb/RAK_1000030	Surface	False	core_sites_1_60	True	True	True	True					False		False		0	False	False	False	False
Sample_Mastersheet.xlsx	Trip4	268	Trip4	S30Sr3	30	30	False	False	Site 30	https://rubalkhali.science/kb/RAK_1000030	Surface	False	core_sites_1_60	True	True	True	True					False		False		0	False	False	False	False
Sample_Mastersheet.xlsx	Trip4	269	Trip4	S30PRr1	30	30	False	False	Site 30	https://rubalkhali.science/kb/RAK_1000030	Rhizosphere	False	core_sites_1_60	True	True	True	True					True	NovaSeq	False		1	True	True	True	True
Sample_Mastersheet.xlsx	Trip4	270	Trip4	S30PRr2	30	30	False	False	Site 30	https://rubalkhali.science/kb/RAK_1000030	Rhizosphere	False	core_sites_1_60	True	True	True	True					False		False		0	False	False	False	False
Sample_Mastersheet.xlsx	Trip4	271	Trip4	S30PRr3	30	30	False	False	Site 30	https://rubalkhali.science/kb/RAK_1000030	Rhizosphere	False	core_sites_1_60	True	True	True	True					False		False		0	False	False	False	False
Sample_Mastersheet.xlsx	Trip4	272	Trip4	S31Dr1	31	31	False	False	Site 31	https://rubalkhali.science/kb/RAK_1000031	Deep	False	core_sites_1_60	True	True	True	True					True	NovaSeq	False		1	True	True	True	True
Sample_Mastersheet.xlsx	Trip4	273	Trip4	S31Dr2	31	31	False	False	Site 31	https://rubalkhali.science/kb/RAK_1000031	Deep	False	core_sites_1_60	True	True	True	True					False		False		0	False	False	False	False
Sample_Mastersheet.xlsx	Trip4	274	Trip4	S31Dr3	31	31	False	False	Site 31	https://rubalkhali.science/kb/RAK_1000031	Deep	False	core_sites_1_60	True	True	True	True					True		False		0	False	False	False	False
Sample_Mastersheet.xlsx	Trip4	275	Trip4	S31Sr1	31	31	False	False	Site 31	https://rubalkhali.science/kb/RAK_1000031	Surface	False	core_sites_1_60	True	True	True	True					False	NovaSeq	False		1	True	True	True	True
Sample_Mastersheet.xlsx	Trip4	276	Trip4	S31Sr2	31	31	False	False	Site 31	https://rubalkhali.science/kb/RAK_1000031	Surface	False	core_sites_1_60	True	True	True	True					False		False		0	False	False	False	False
Sample_Mastersheet.xlsx	Trip4	277	Trip4	S31Sr3	31	31	False	False	Site 31	https://rubalkhali.science/kb/RAK_1000031	Surface	False	core_sites_1_60	True	True	True	True					False		False		0	False	False	False	False
Sample_Mastersheet.xlsx	Trip4	278	Trip4	S31PRr1	31	31	False	False	Site 31	https://rubalkhali.science/kb/RAK_1000031	Rhizosphere	False	core_sites_1_60	True	True	True	True					True	NovaSeq	False		1	True	True	True	True
Sample_Mastersheet.xlsx	Trip4	279	Trip4	S31PRr2	31	31	False	False	Site 31	https://rubalkhali.science/kb/RAK_1000031	Rhizosphere	False	core_sites_1_60	True	True	True	True					False		False		0	False	False	False	False
Sample_Mastersheet.xlsx	Trip4	280	Trip4	S31PRr3	31	31	False	False	Site 31	https://rubalkhali.science/kb/RAK_1000031	Rhizosphere	False	core_sites_1_60	True	True	True	True					False		False		0	False	False	False	False
Sample_Mastersheet.xlsx	Trip4	281	Trip4	S32Dr1	32	32	False	False	Site 32	https://rubalkhali.science/kb/RAK_1000032	Deep	False	core_sites_1_60	True	True	True	True					True	NovaSeq	False		1	True	True	True	True
Sample_Mastersheet.xlsx	Trip4	282	Trip4	S32Dr2	32	32	False	False	Site 32	https://rubalkhali.science/kb/RAK_1000032	Deep	False	core_sites_1_60	True	True	True	True					False		False		0	False	False	False	False
Sample_Mastersheet.xlsx	Trip4	283	Trip4	S32Dr3	32	32	False	False	Site 32	https://rubalkhali.science/kb/RAK_1000032	Deep	False	core_sites_1_60	True	True	True	True					True		False		0	False	False	False	False
Sample_Mastersheet.xlsx	Trip4	284	Trip4	S32Sr1	32	32	False	False	Site 32	https://rubalkhali.science/kb/RAK_1000032	Surface	False	core_sites_1_60	True	True	True	True					False	NovaSeq	False		1	True	True	True	True
Sample_Mastersheet.xlsx	Trip4	285	Trip4	S32Sr2	32	32	False	False	Site 32	https://rubalkhali.science/kb/RAK_1000032	Surface	False	core_sites_1_60	True	True	True	True					False		False		0	False	False	False	False
Sample_Mastersheet.xlsx	Trip4	286	Trip4	S32Sr3	32	32	False	False	Site 32	https://rubalkhali.science/kb/RAK_1000032	Surface	False	core_sites_1_60	True	True	True	True					False		False		0	False	False	False	False
Sample_Mastersheet.xlsx	Trip4	287	Trip4	S32PRr1	32	32	False	False	Site 32	https://rubalkhali.science/kb/RAK_1000032	Rhizosphere	False	core_sites_1_60	True	True	True	True					True	NovaSeq	False		1	True	True	True	True
Sample_Mastersheet.xlsx	Trip4	288	Trip4	S32PRr2	32	32	False	False	Site 32	https://rubalkhali.science/kb/RAK_1000032	Rhizosphere	False	core_sites_1_60	True	True	True	True					False		False		0	False	False	False	False
Sample_Mastersheet.xlsx	Trip4	289	Trip4	S32PRr3	32	32	False	False	Site 32	https://rubalkhali.science/kb/RAK_1000032	Rhizosphere	False	core_sites_1_60	True	True	True	True					False		False		0	False	False	False	False
Sample_Mastersheet.xlsx	Trip4	290	Trip4	S33Dr1	33	33	False	False	Site 33	https://rubalkhali.science/kb/RAK_1000033	Deep	False	core_sites_1_60	True	True	True	True					True	NovaSeq	False		1	True	True	True	True
Sample_Mastersheet.xlsx	Trip4	291	Trip4	S33Dr2	33	33	False	False	Site 33	https://rubalkhali.science/kb/RAK_1000033	Deep	False	core_sites_1_60	True	True	True	True					False		False		0	False	False	False	False
Sample_Mastersheet.xlsx	Trip4	292	Trip4	S33Dr3	33	33	False	False	Site 33	https://rubalkhali.science/kb/RAK_1000033	Deep	False	core_sites_1_60	True	True	True	True					True		False		0	False	False	False	False
Sample_Mastersheet.xlsx	Trip4	293	Trip4	S33Sr1	33	33	False	False	Site 33	https://rubalkhali.science/kb/RAK_1000033	Surface	False	core_sites_1_60	True	True	True	True					False	NovaSeq	False		1	True	True	True	True
Sample_Mastersheet.xlsx	Trip4	294	Trip4	S33Sr2	33	33	False	False	Site 33	https://rubalkhali.science/kb/RAK_1000033	Surface	False	core_sites_1_60	True	True	True	True					False		False		0	False	False	False	False
Sample_Mastersheet.xlsx	Trip4	295	Trip4	S33Sr3	33	33	False	False	Site 33	https://rubalkhali.science/kb/RAK_1000033	Surface	False	core_sites_1_60	True	True	True	True					False		False		0	False	False	False	False
Sample_Mastersheet.xlsx	Trip4	296	Trip4	S33PRr1	33	33	False	False	Site 33	https://rubalkhali.science/kb/RAK_1000033	Rhizosphere	False	core_sites_1_60	True	True	True	True					True	NovaSeq	False		1	True	True	True	True
Sample_Mastersheet.xlsx	Trip4	297	Trip4	S33PRr2	33	33	False	False	Site 33	https://rubalkhali.science/kb/RAK_1000033	Rhizosphere	False	core_sites_1_60	True	True	True	True					False		False		0	False	False	False	False
Sample_Mastersheet.xlsx	Trip4	298	Trip4	S33PRr3	33	33	False	False	Site 33	https://rubalkhali.science/kb/RAK_1000033	Rhizosphere	False	core_sites_1_60	True	True	True	True					False		False		0	False	False	False	False
Sample_Mastersheet.xlsx	Trip4	299	Trip4	S34Dr1	34	34	False	False	Site 34	https://rubalkhali.science/kb/RAK_1000034	Deep	False	core_sites_1_60	True	True	True	True					False		False		0	False	False	False	False
Sample_Mastersheet.xlsx	Trip4	300	Trip4	S34Dr2	34	34	False	False	Site 34	https://rubalkhali.science/kb/RAK_1000034	Deep	False	core_sites_1_60	True	True	True	True					False		False		0	False	False	False	False
Sample_Mastersheet.xlsx	Trip4	301	Trip4	S34Dr3	34	34	False	False	Site 34	https://rubalkhali.science/kb/RAK_1000034	Deep	False	core_sites_1_60	True	True	True	True					False		False		0	False	False	False	False
Sample_Mastersheet.xlsx	Trip4	302	Trip4	S34Sr1	34	34	False	False	Site 34	https://rubalkhali.science/kb/RAK_1000034	Surface	False	core_sites_1_60	True	True	True	True					True	NovaSeq	False		1	True	True	True	True
Sample_Mastersheet.xlsx	Trip4	303	Trip4	S34Sr2	34	34	False	False	Site 34	https://rubalkhali.science/kb/RAK_1000034	Surface	False	core_sites_1_60	True	True	True	True					False		False		0	False	False	False	False
Sample_Mastersheet.xlsx	Trip4	304	Trip4	S34Sr3	34	34	False	False	Site 34	https://rubalkhali.science/kb/RAK_1000034	Surface	False	core_sites_1_60	True	True	True	True					False		False		0	False	False	False	False
Sample_Mastersheet.xlsx	Trip4	305	Trip4	S34PRr1	34	34	False	False	Site 34	https://rubalkhali.science/kb/RAK_1000034	Rhizosphere	False	core_sites_1_60	True	True	True	True					True	NovaSeq	False		1	True	True	True	True
Sample_Mastersheet.xlsx	Trip4	306	Trip4	S34PRr2	34	34	False	False	Site 34	https://rubalkhali.science/kb/RAK_1000034	Rhizosphere	False	core_sites_1_60	True	True	True	True					False		False		0	False	False	False	False
Sample_Mastersheet.xlsx	Trip4	307	Trip4	S34PRr3	34	34	False	False	Site 34	https://rubalkhali.science/kb/RAK_1000034	Rhizosphere	False	core_sites_1_60	True	True	True	True					False		False		0	False	False	False	False
Sample_Mastersheet.xlsx	Trip4	308	Trip4	S35Dr1	35	35	False	False	Site 35	https://rubalkhali.science/kb/RAK_1000035	Deep	False	core_sites_1_60	True	True	True	True					True	NovaSeq	False		1	True	True	True	True
Sample_Mastersheet.xlsx	Trip4	309	Trip4	S35Dr2	35	35	False	False	Site 35	https://rubalkhali.science/kb/RAK_1000035	Deep	False	core_sites_1_60	True	True	True	True					False		False		0	False	False	False	False
Sample_Mastersheet.xlsx	Trip4	310	Trip4	S35Dr3	35	35	False	False	Site 35	https://rubalkhali.science/kb/RAK_1000035	Deep	False	core_sites_1_60	True	True	True	True					False		False		0	False	False	False	False
Sample_Mastersheet.xlsx	Trip4	311	Trip4	S35Sr1	35	35	False	False	Site 35	https://rubalkhali.science/kb/RAK_1000035	Surface	False	core_sites_1_60	True	True	True	True					True	NovaSeq	False		1	True	True	True	True
Sample_Mastersheet.xlsx	Trip4	312	Trip4	S35Sr2	35	35	False	False	Site 35	https://rubalkhali.science/kb/RAK_1000035	Surface	False	core_sites_1_60	True	True	True	True					False		False		0	False	False	False	False
Sample_Mastersheet.xlsx	Trip4	313	Trip4	S35Sr3	35	35	False	False	Site 35	https://rubalkhali.science/kb/RAK_1000035	Surface	False	core_sites_1_60	True	True	True	True					False		False		0	False	False	False	False
Sample_Mastersheet.xlsx	Trip4	314	Trip4	S35PRr1	35	35	False	False	Site 35	https://rubalkhali.science/kb/RAK_1000035	Rhizosphere	False	core_sites_1_60	True	True	True	True					True	NovaSeq	False		1	True	True	True	True
Sample_Mastersheet.xlsx	Trip4	315	Trip4	S35PRr2	35	35	False	False	Site 35	https://rubalkhali.science/kb/RAK_1000035	Rhizosphere	False	core_sites_1_60	True	True	True	True					False		False		0	False	False	False	False
Sample_Mastersheet.xlsx	Trip4	316	Trip4	S35PRr3	35	35	False	False	Site 35	https://rubalkhali.science/kb/RAK_1000035	Rhizosphere	False	core_sites_1_60	True	True	True	True					False		False		0	False	False	False	False
Sample_Mastersheet.xlsx	Trip4	317	Trip4	S36Dr1	36	36	False	False	Site 36	https://rubalkhali.science/kb/RAK_1000036	Deep	False	core_sites_1_60	True	True	True	True					True	NovaSeq	False		1	True	True	True	True
Sample_Mastersheet.xlsx	Trip4	318	Trip4	S36Dr2	36	36	False	False	Site 36	https://rubalkhali.science/kb/RAK_1000036	Deep	False	core_sites_1_60	True	True	True	True					False		False		0	False	False	False	False
Sample_Mastersheet.xlsx	Trip4	319	Trip4	S36Dr3	36	36	False	False	Site 36	https://rubalkhali.science/kb/RAK_1000036	Deep	False	core_sites_1_60	True	True	True	True					True		False		0	False	False	False	False
Sample_Mastersheet.xlsx	Trip4	320	Trip4	S36Sr1	36	36	False	False	Site 36	https://rubalkhali.science/kb/RAK_1000036	Surface	False	core_sites_1_60	True	True	True	True					False	NovaSeq	False		1	True	True	True	True
Sample_Mastersheet.xlsx	Trip4	321	Trip4	S36Sr2	36	36	False	False	Site 36	https://rubalkhali.science/kb/RAK_1000036	Surface	False	core_sites_1_60	True	True	True	True					False		False		0	False	False	False	False
Sample_Mastersheet.xlsx	Trip4	322	Trip4	S36Sr3	36	36	False	False	Site 36	https://rubalkhali.science/kb/RAK_1000036	Surface	False	core_sites_1_60	True	True	True	True					False		False		0	False	False	False	False
Sample_Mastersheet.xlsx	Trip4	323	Trip4	S36PRr1	36	36	False	False	Site 36	https://rubalkhali.science/kb/RAK_1000036	Rhizosphere	False	core_sites_1_60	True	True	True	True					True	NovaSeq	False		1	True	True	True	True
Sample_Mastersheet.xlsx	Trip4	324	Trip4	S36PRr2	36	36	False	False	Site 36	https://rubalkhali.science/kb/RAK_1000036	Rhizosphere	False	core_sites_1_60	True	True	True	True					False		False		0	False	False	False	False
Sample_Mastersheet.xlsx	Trip4	325	Trip4	S36PRr3	36	36	False	False	Site 36	https://rubalkhali.science/kb/RAK_1000036	Rhizosphere	False	core_sites_1_60	True	True	True	True					False		False		0	False	False	False	False
Sample_Mastersheet.xlsx	Trip4	326	Trip4	S37Dr1	37	37	False	False	Site 37	https://rubalkhali.science/kb/RAK_1000037	Deep	False	core_sites_1_60	True	True	True	True					True	NovaSeq	False		1	True	True	True	True
Sample_Mastersheet.xlsx	Trip4	327	Trip4	S37Dr2	37	37	False	False	Site 37	https://rubalkhali.science/kb/RAK_1000037	Deep	False	core_sites_1_60	True	True	True	True					False		False		0	False	False	False	False
Sample_Mastersheet.xlsx	Trip4	328	Trip4	S37Dr3	37	37	False	False	Site 37	https://rubalkhali.science/kb/RAK_1000037	Deep	False	core_sites_1_60	True	True	True	True					True		False		0	False	False	False	False
Sample_Mastersheet.xlsx	Trip4	329	Trip4	S37Sr1	37	37	False	False	Site 37	https://rubalkhali.science/kb/RAK_1000037	Surface	False	core_sites_1_60	True	True	True	True					False	NovaSeq	False		1	True	True	True	True
Sample_Mastersheet.xlsx	Trip4	330	Trip4	S37Sr2	37	37	False	False	Site 37	https://rubalkhali.science/kb/RAK_1000037	Surface	False	core_sites_1_60	True	True	True	True					False		False		0	False	False	False	False
Sample_Mastersheet.xlsx	Trip4	331	Trip4	S37Sr3	37	37	False	False	Site 37	https://rubalkhali.science/kb/RAK_1000037	Surface	False	core_sites_1_60	True	True	True	True					False		False		0	False	False	False	False
Sample_Mastersheet.xlsx	Trip4	332	Trip4	S37PRr1	37	37	False	False	Site 37	https://rubalkhali.science/kb/RAK_1000037	Rhizosphere	False	core_sites_1_60	True	True	True	True					True	NovaSeq	False		1	True	True	True	True
Sample_Mastersheet.xlsx	Trip4	333	Trip4	S37PRr2	37	37	False	False	Site 37	https://rubalkhali.science/kb/RAK_1000037	Rhizosphere	False	core_sites_1_60	True	True	True	True					False		False		0	False	False	False	False
Sample_Mastersheet.xlsx	Trip4	334	Trip4	S37PRr3	37	37	False	False	Site 37	https://rubalkhali.science/kb/RAK_1000037	Rhizosphere	False	core_sites_1_60	True	True	True	True					False		False		0	False	False	False	False
Sample_Mastersheet.xlsx	Trip4	335	Trip4	S38Dr1	38	38	False	False	Site 38	https://rubalkhali.science/kb/RAK_1000038	Deep	False	core_sites_1_60	True	True	True	True					True	NovaSeq	False		1	True	True	True	True
Sample_Mastersheet.xlsx	Trip4	336	Trip4	S38Dr2	38	38	False	False	Site 38	https://rubalkhali.science/kb/RAK_1000038	Deep	False	core_sites_1_60	True	True	True	True					False		False		0	False	False	False	False
Sample_Mastersheet.xlsx	Trip4	337	Trip4	S38Dr3	38	38	False	False	Site 38	https://rubalkhali.science/kb/RAK_1000038	Deep	False	core_sites_1_60	True	True	True	True					True		False		0	False	False	False	False
Sample_Mastersheet.xlsx	Trip4	338	Trip4	S38Sr1	38	38	False	False	Site 38	https://rubalkhali.science/kb/RAK_1000038	Surface	False	core_sites_1_60	True	True	True	True					False	NovaSeq	False		1	True	True	True	True
Sample_Mastersheet.xlsx	Trip4	339	Trip4	S38Sr2	38	38	False	False	Site 38	https://rubalkhali.science/kb/RAK_1000038	Surface	False	core_sites_1_60	True	True	True	True					False		False		0	False	False	False	False
Sample_Mastersheet.xlsx	Trip4	340	Trip4	S38Sr3	38	38	False	False	Site 38	https://rubalkhali.science/kb/RAK_1000038	Surface	False	core_sites_1_60	True	True	True	True					False		False		0	False	False	False	False
Sample_Mastersheet.xlsx	Trip4	341	Trip4	S38PRr1	38	38	False	False	Site 38	https://rubalkhali.science/kb/RAK_1000038	Rhizosphere	False	core_sites_1_60	True	True	True	True					True	NovaSeq	False		1	True	True	True	True
Sample_Mastersheet.xlsx	Trip4	342	Trip4	S38PRr2	38	38	False	False	Site 38	https://rubalkhali.science/kb/RAK_1000038	Rhizosphere	False	core_sites_1_60	True	True	True	True					False		False		0	False	False	False	False
Sample_Mastersheet.xlsx	Trip4	343	Trip4	S38PRr3	38	38	False	False	Site 38	https://rubalkhali.science/kb/RAK_1000038	Rhizosphere	False	core_sites_1_60	True	True	True	True					False		False		0	False	False	False	False
Sample_Mastersheet.xlsx	Trip4	344	Trip4	S39Dr1	39	39	False	False	Site 39	https://rubalkhali.science/kb/RAK_1000039	Deep	False	core_sites_1_60	True	True	True	True					True	NovaSeq	False		1	True	True	True	True
Sample_Mastersheet.xlsx	Trip4	345	Trip4	S39Dr2	39	39	False	False	Site 39	https://rubalkhali.science/kb/RAK_1000039	Deep	False	core_sites_1_60	True	True	True	True					False		False		0	False	False	False	False
Sample_Mastersheet.xlsx	Trip4	346	Trip4	S39Dr3	39	39	False	False	Site 39	https://rubalkhali.science/kb/RAK_1000039	Deep	False	core_sites_1_60	True	True	True	True					True		False		0	False	False	False	False
Sample_Mastersheet.xlsx	Trip4	347	Trip4	S39Sr1	39	39	False	False	Site 39	https://rubalkhali.science/kb/RAK_1000039	Surface	False	core_sites_1_60	True	True	True	True					False	NovaSeq	False		1	True	True	True	True
Sample_Mastersheet.xlsx	Trip4	348	Trip4	S39Sr2	39	39	False	False	Site 39	https://rubalkhali.science/kb/RAK_1000039	Surface	False	core_sites_1_60	True	True	True	True					False		False		0	False	False	False	False
Sample_Mastersheet.xlsx	Trip4	349	Trip4	S39Sr3	39	39	False	False	Site 39	https://rubalkhali.science/kb/RAK_1000039	Surface	False	core_sites_1_60	True	True	True	True					False		False		0	False	False	False	False
Sample_Mastersheet.xlsx	Trip4	350	Trip4	S39PRr1	39	39	False	False	Site 39	https://rubalkhali.science/kb/RAK_1000039	Rhizosphere	False	core_sites_1_60	True	True	True	True					True	NovaSeq	False		1	True	True	True	True
Sample_Mastersheet.xlsx	Trip4	351	Trip4	S39PRr2	39	39	False	False	Site 39	https://rubalkhali.science/kb/RAK_1000039	Rhizosphere	False	core_sites_1_60	True	True	True	True					False		False		0	False	False	False	False
Sample_Mastersheet.xlsx	Trip4	352	Trip4	S39PRr3	39	39	False	False	Site 39	https://rubalkhali.science/kb/RAK_1000039	Rhizosphere	False	core_sites_1_60	True	True	True	True					False		False		0	False	False	False	False
Sample_Mastersheet.xlsx	Trip4	353	Trip4	S40Dr1	40	40	False	False	Site 40	https://rubalkhali.science/kb/RAK_1000040	Deep	False	core_sites_1_60	True	True	True	True					True	NovaSeq	False		1	True	True	True	True
Sample_Mastersheet.xlsx	Trip4	354	Trip4	S40Dr2	40	40	False	False	Site 40	https://rubalkhali.science/kb/RAK_1000040	Deep	False	core_sites_1_60	True	True	True	True					False		False		0	False	False	False	False
Sample_Mastersheet.xlsx	Trip4	355	Trip4	S40Dr3	40	40	False	False	Site 40	https://rubalkhali.science/kb/RAK_1000040	Deep	False	core_sites_1_60	True	True	True	True					True		False		0	False	False	False	False
Sample_Mastersheet.xlsx	Trip4	356	Trip4	S40Sr1	40	40	False	False	Site 40	https://rubalkhali.science/kb/RAK_1000040	Surface	False	core_sites_1_60	True	True	True	True					False	NovaSeq	False		1	True	True	True	True
Sample_Mastersheet.xlsx	Trip4	357	Trip4	S40Sr2	40	40	False	False	Site 40	https://rubalkhali.science/kb/RAK_1000040	Surface	False	core_sites_1_60	True	True	True	True					False		False		0	False	False	False	False
Sample_Mastersheet.xlsx	Trip4	358	Trip4	S40Sr3	40	40	False	False	Site 40	https://rubalkhali.science/kb/RAK_1000040	Surface	False	core_sites_1_60	True	True	True	True					False		False		0	False	False	False	False
Sample_Mastersheet.xlsx	Trip4	359	Trip4	S40PRr1	40	40	False	False	Site 40	https://rubalkhali.science/kb/RAK_1000040	Rhizosphere	False	core_sites_1_60	True	True	True	True					True	NovaSeq	False		0	False	False	False	False
Sample_Mastersheet.xlsx	Trip4	360	Trip4	S40PRr2	40	40	False	False	Site 40	https://rubalkhali.science/kb/RAK_1000040	Rhizosphere	False	core_sites_1_60	True	True	True	True					False		False		0	False	False	False	False
Sample_Mastersheet.xlsx	Trip4	361	Trip4	S40PRr3	40	40	False	False	Site 40	https://rubalkhali.science/kb/RAK_1000040	Rhizosphere	False	core_sites_1_60	True	True	True	True					False		False		0	False	False	False	False
Sample_Mastersheet.xlsx	Trip4	362	Trip4	S41Dr1	41	41	False	False	Site 41	https://rubalkhali.science/kb/RAK_1000041	Deep	False	core_sites_1_60	True	True	True	True					True	NovaSeq	False		1	True	True	True	True
Sample_Mastersheet.xlsx	Trip4	363	Trip4	S41Dr2	41	41	False	False	Site 41	https://rubalkhali.science/kb/RAK_1000041	Deep	False	core_sites_1_60	True	True	True	True					False		False		0	False	False	False	False
Sample_Mastersheet.xlsx	Trip4	364	Trip4	S41Dr3	41	41	False	False	Site 41	https://rubalkhali.science/kb/RAK_1000041	Deep	False	core_sites_1_60	True	True	True	True					True		False		0	False	False	False	False
Sample_Mastersheet.xlsx	Trip4	365	Trip4	S41Sr1	41	41	False	False	Site 41	https://rubalkhali.science/kb/RAK_1000041	Surface	False	core_sites_1_60	True	True	True	True					False	NovaSeq	False		1	True	True	True	True
Sample_Mastersheet.xlsx	Trip4	366	Trip4	S41Sr2	41	41	False	False	Site 41	https://rubalkhali.science/kb/RAK_1000041	Surface	False	core_sites_1_60	True	True	True	True					False		False		0	False	False	False	False
Sample_Mastersheet.xlsx	Trip4	367	Trip4	S41Sr3	41	41	False	False	Site 41	https://rubalkhali.science/kb/RAK_1000041	Surface	False	core_sites_1_60	True	True	True	True					False		False		0	False	False	False	False
Sample_Mastersheet.xlsx	Trip4	368	Trip4	S41PRr1	41	41	False	False	Site 41	https://rubalkhali.science/kb/RAK_1000041	Rhizosphere	False	core_sites_1_60	True	True	True	True					True	NovaSeq	False		1	True	True	True	True
Sample_Mastersheet.xlsx	Trip4	369	Trip4	S41PRr2	41	41	False	False	Site 41	https://rubalkhali.science/kb/RAK_1000041	Rhizosphere	False	core_sites_1_60	True	True	True	True					False		False		0	False	False	False	False
Sample_Mastersheet.xlsx	Trip4	370	Trip4	S41PRr3	41	41	False	False	Site 41	https://rubalkhali.science/kb/RAK_1000041	Rhizosphere	False	core_sites_1_60	True	True	True	True					False		False		0	False	False	False	False
Sample_Mastersheet.xlsx	Trip4	371	Trip4	S42Dr1	42	42	False	False	Site 42	https://rubalkhali.science/kb/RAK_1000042	Deep	False	core_sites_1_60	True	True	True	True					True	NovaSeq	False		1	True	True	True	True
Sample_Mastersheet.xlsx	Trip4	372	Trip4	S42Dr2	42	42	False	False	Site 42	https://rubalkhali.science/kb/RAK_1000042	Deep	False	core_sites_1_60	True	True	True	True					False		False		0	False	False	False	False
Sample_Mastersheet.xlsx	Trip4	373	Trip4	S42Dr3	42	42	False	False	Site 42	https://rubalkhali.science/kb/RAK_1000042	Deep	False	core_sites_1_60	True	True	True	True					True		False		0	False	False	False	False
Sample_Mastersheet.xlsx	Trip4	374	Trip4	S42Sr1	42	42	False	False	Site 42	https://rubalkhali.science/kb/RAK_1000042	Surface	False	core_sites_1_60	True	True	True	True					False	NovaSeq	False		1	True	True	True	True
Sample_Mastersheet.xlsx	Trip4	375	Trip4	S42Sr2	42	42	False	False	Site 42	https://rubalkhali.science/kb/RAK_1000042	Surface	False	core_sites_1_60	True	True	True	True					False		False		0	False	False	False	False
Sample_Mastersheet.xlsx	Trip4	376	Trip4	S42Sr3	42	42	False	False	Site 42	https://rubalkhali.science/kb/RAK_1000042	Surface	False	core_sites_1_60	True	True	True	True					False		False		0	False	False	False	False
Sample_Mastersheet.xlsx	Trip4	377	Trip4	S42PRr1	42	42	False	False	Site 42	https://rubalkhali.science/kb/RAK_1000042	Rhizosphere	False	core_sites_1_60	True	True	True	True					True	NovaSeq	False		1	True	True	True	True
Sample_Mastersheet.xlsx	Trip4	378	Trip4	S42PRr2	42	42	False	False	Site 42	https://rubalkhali.science/kb/RAK_1000042	Rhizosphere	False	core_sites_1_60	True	True	True	True					False		False		0	False	False	False	False
Sample_Mastersheet.xlsx	Trip4	379	Trip4	S42PRr3	42	42	False	False	Site 42	https://rubalkhali.science/kb/RAK_1000042	Rhizosphere	False	core_sites_1_60	True	True	True	True					False		False		0	False	False	False	False
Sample_Mastersheet.xlsx	Trip4	380	Trip4	S43Dr1	43	43	False	False	Site 43	https://rubalkhali.science/kb/RAK_1000043	Deep	False	core_sites_1_60	True	True	True	True					True	NovaSeq	False		1	True	True	True	True
Sample_Mastersheet.xlsx	Trip4	381	Trip4	S43Dr2	43	43	False	False	Site 43	https://rubalkhali.science/kb/RAK_1000043	Deep	False	core_sites_1_60	True	True	True	True					False		False		0	False	False	False	False
Sample_Mastersheet.xlsx	Trip4	382	Trip4	S43Dr3	43	43	False	False	Site 43	https://rubalkhali.science/kb/RAK_1000043	Deep	False	core_sites_1_60	True	True	True	True					False		False		0	False	False	False	False
Sample_Mastersheet.xlsx	Trip4	383	Trip4	S43Sr1	43	43	False	False	Site 43	https://rubalkhali.science/kb/RAK_1000043	Surface	False	core_sites_1_60	True	True	True	True					True	NovaSeq	False		1	True	True	True	True
Sample_Mastersheet.xlsx	Trip4	384	Trip4	S43Sr2	43	43	False	False	Site 43	https://rubalkhali.science/kb/RAK_1000043	Surface	False	core_sites_1_60	True	True	True	True					False		False		0	False	False	False	False
Sample_Mastersheet.xlsx	Trip4	385	Trip4	S43Sr3	43	43	False	False	Site 43	https://rubalkhali.science/kb/RAK_1000043	Surface	False	core_sites_1_60	True	True	True	True					False		False		0	False	False	False	False
Sample_Mastersheet.xlsx	Trip4	386	Trip4	S43PRr1	43	43	False	False	Site 43	https://rubalkhali.science/kb/RAK_1000043	Rhizosphere	False	core_sites_1_60	True	True	True	True					True	NovaSeq	False		1	True	True	True	True
Sample_Mastersheet.xlsx	Trip4	387	Trip4	S43PRr2	43	43	False	False	Site 43	https://rubalkhali.science/kb/RAK_1000043	Rhizosphere	False	core_sites_1_60	True	True	True	True					False		False		0	False	False	False	False
Sample_Mastersheet.xlsx	Trip4	388	Trip4	S43PRr3	43	43	False	False	Site 43	https://rubalkhali.science/kb/RAK_1000043	Rhizosphere	False	core_sites_1_60	True	True	True	True					False		False		0	False	False	False	False
Sample_Mastersheet.xlsx	Trip4	389	Trip4	S44Dr1	44	44	False	False	Site 44	https://rubalkhali.science/kb/RAK_1000044	Deep	False	core_sites_1_60	True	True	True	True					True	NovaSeq	False		1	True	True	True	True
Sample_Mastersheet.xlsx	Trip4	390	Trip4	S44Dr2	44	44	False	False	Site 44	https://rubalkhali.science/kb/RAK_1000044	Deep	False	core_sites_1_60	True	True	True	True					False		False		0	False	False	False	False
Sample_Mastersheet.xlsx	Trip4	391	Trip4	S44Dr3	44	44	False	False	Site 44	https://rubalkhali.science/kb/RAK_1000044	Deep	False	core_sites_1_60	True	True	True	True					True		False		0	False	False	False	False
Sample_Mastersheet.xlsx	Trip4	392	Trip4	S44Sr1	44	44	False	False	Site 44	https://rubalkhali.science/kb/RAK_1000044	Surface	False	core_sites_1_60	True	True	True	True					False	NovaSeq	False		1	True	True	True	True
Sample_Mastersheet.xlsx	Trip4	393	Trip4	S44Sr2	44	44	False	False	Site 44	https://rubalkhali.science/kb/RAK_1000044	Surface	False	core_sites_1_60	True	True	True	True					False		False		0	False	False	False	False
Sample_Mastersheet.xlsx	Trip4	394	Trip4	S44Sr3	44	44	False	False	Site 44	https://rubalkhali.science/kb/RAK_1000044	Surface	False	core_sites_1_60	True	True	True	True					False		False		0	False	False	False	False
Sample_Mastersheet.xlsx	Trip4	395	Trip4	S44PRr1	44	44	False	False	Site 44	https://rubalkhali.science/kb/RAK_1000044	Rhizosphere	False	core_sites_1_60	True	True	True	True					True	NovaSeq	False		1	True	True	True	True
Sample_Mastersheet.xlsx	Trip4	396	Trip4	S44PRr2	44	44	False	False	Site 44	https://rubalkhali.science/kb/RAK_1000044	Rhizosphere	False	core_sites_1_60	True	True	True	True					False		False		0	False	False	False	False
Sample_Mastersheet.xlsx	Trip4	397	Trip4	S44PRr3	44	44	False	False	Site 44	https://rubalkhali.science/kb/RAK_1000044	Rhizosphere	False	core_sites_1_60	True	True	True	True					False		False		0	False	False	False	False
Sample_Mastersheet.xlsx	Trip4	398	Trip4	S45Dr1	45	45	False	False	Site 45	https://rubalkhali.science/kb/RAK_1000045	Deep	False	core_sites_1_60	True	True	True	True					True	NovaSeq	False		1	True	True	True	True
Sample_Mastersheet.xlsx	Trip4	399	Trip4	S45Dr2	45	45	False	False	Site 45	https://rubalkhali.science/kb/RAK_1000045	Deep	False	core_sites_1_60	True	True	True	True					False		False		0	False	False	False	False
Sample_Mastersheet.xlsx	Trip4	400	Trip4	S45Dr3	45	45	False	False	Site 45	https://rubalkhali.science/kb/RAK_1000045	Deep	False	core_sites_1_60	True	True	True	True					True		False		0	False	False	False	False
Sample_Mastersheet.xlsx	Trip4	401	Trip4	S45Sr1	45	45	False	False	Site 45	https://rubalkhali.science/kb/RAK_1000045	Surface	False	core_sites_1_60	True	True	True	True					False	NovaSeq	False		1	True	True	True	True
Sample_Mastersheet.xlsx	Trip4	402	Trip4	S45Sr2	45	45	False	False	Site 45	https://rubalkhali.science/kb/RAK_1000045	Surface	False	core_sites_1_60	True	True	True	True					False		False		0	False	False	False	False
Sample_Mastersheet.xlsx	Trip4	403	Trip4	S45Sr3	45	45	False	False	Site 45	https://rubalkhali.science/kb/RAK_1000045	Surface	False	core_sites_1_60	True	True	True	True					False		False		0	False	False	False	False
Sample_Mastersheet.xlsx	Trip4	404	Trip4	S45PRr1	45	45	False	False	Site 45	https://rubalkhali.science/kb/RAK_1000045	Rhizosphere	False	core_sites_1_60	True	True	True	True					True	NovaSeq	False		1	True	True	True	True
Sample_Mastersheet.xlsx	Trip4	405	Trip4	S45PRr2	45	45	False	False	Site 45	https://rubalkhali.science/kb/RAK_1000045	Rhizosphere	False	core_sites_1_60	True	True	True	True					False		False		0	False	False	False	False
Sample_Mastersheet.xlsx	Trip4	406	Trip4	S45PRr3	45	45	False	False	Site 45	https://rubalkhali.science/kb/RAK_1000045	Rhizosphere	False	core_sites_1_60	True	True	True	True					False		False		0	False	False	False	False
Sample_Mastersheet.xlsx	Trip4	407	Trip4	S46Dr1	46	46	False	False	Site 46	https://rubalkhali.science/kb/RAK_1000046	Deep	False	core_sites_1_60	True	True	True	True					True	NovaSeq	False		1	True	True	True	True
Sample_Mastersheet.xlsx	Trip4	408	Trip4	S46Dr2	46	NEBNext	True	False	Site 46	https://rubalkhali.science/kb/RAK_1000046	Deep	False	core_sites_1_60	True	True	True	True					False		False	NEBNext	0	False	False	False	False
Sample_Mastersheet.xlsx	Trip4	409	Trip4	S46Dr3	46	46	False	False	Site 46	https://rubalkhali.science/kb/RAK_1000046	Deep	False	core_sites_1_60	True	True	True	True					True		False		0	False	False	False	False
Sample_Mastersheet.xlsx	Trip4	410	Trip4	S46Sr1	46	46	False	False	Site 46	https://rubalkhali.science/kb/RAK_1000046	Surface	False	core_sites_1_60	True	True	True	True					False	NovaSeq	False		1	True	True	True	True
Sample_Mastersheet.xlsx	Trip4	411	Trip4	S46Sr2	46	46	False	False	Site 46	https://rubalkhali.science/kb/RAK_1000046	Surface	False	core_sites_1_60	True	True	True	True					False		False		0	False	False	False	False
Sample_Mastersheet.xlsx	Trip4	412	Trip4	S46Sr3	46	46	False	False	Site 46	https://rubalkhali.science/kb/RAK_1000046	Surface	False	core_sites_1_60	True	True	True	True					False		False		0	False	False	False	False
Sample_Mastersheet.xlsx	Trip4	413	Trip4	S46PRr1	46	46	False	False	Site 46	https://rubalkhali.science/kb/RAK_1000046	Rhizosphere	False	core_sites_1_60	True	True	True	True					True	NovaSeq	False		1	True	True	True	True
Sample_Mastersheet.xlsx	Trip4	414	Trip4	S46PRr2	46	46	False	False	Site 46	https://rubalkhali.science/kb/RAK_1000046	Rhizosphere	False	core_sites_1_60	True	True	True	True					False		False		0	False	False	False	False
Sample_Mastersheet.xlsx	Trip4	415	Trip4	S46PRr3	46	46	False	False	Site 46	https://rubalkhali.science/kb/RAK_1000046	Rhizosphere	False	core_sites_1_60	True	True	True	True					False		False		0	False	False	False	False
Sample_Mastersheet.xlsx	Trip4	416	Trip4	S47Dr1	47	47	False	False	Site 47	https://rubalkhali.science/kb/RAK_1000047	Deep	False	core_sites_1_60	True	True	True	True		Extracted	QIACube		True	NovaSeq	False		1	True	True	True	True
Sample_Mastersheet.xlsx	Trip4	417	Trip4	S47Dr2	47	47	False	False	Site 47	https://rubalkhali.science/kb/RAK_1000047	Deep	False	core_sites_1_60	True	True	True	True		Extracted	QIACube		False		False		0	False	False	False	True
Sample_Mastersheet.xlsx	Trip4	418	Trip4	S47Dr3	47	47	False	False	Site 47	https://rubalkhali.science/kb/RAK_1000047	Deep	False	core_sites_1_60	True	True	True	True		Extracted	QIACube		True		False		0	False	False	False	True
Sample_Mastersheet.xlsx	Trip4	419	Trip4	S47Sr1	47	47	False	False	Site 47	https://rubalkhali.science/kb/RAK_1000047	Surface	False	core_sites_1_60	True	True	True	True					False	NovaSeq	False		1	True	True	True	True
Sample_Mastersheet.xlsx	Trip4	420	Trip4	S47Sr2	47	47	False	False	Site 47	https://rubalkhali.science/kb/RAK_1000047	Surface	False	core_sites_1_60	True	True	True	True					False		False		0	False	False	False	False
Sample_Mastersheet.xlsx	Trip4	421	Trip4	S47Sr3	47	47	False	False	Site 47	https://rubalkhali.science/kb/RAK_1000047	Surface	False	core_sites_1_60	True	True	True	True					False		False		0	False	False	False	False
Sample_Mastersheet.xlsx	Trip4	422	Trip4	S47PRr1	47	47	False	False	Site 47	https://rubalkhali.science/kb/RAK_1000047	Rhizosphere	False	core_sites_1_60	True	True	True	True					True	NovaSeq	False		1	True	True	True	True
Sample_Mastersheet.xlsx	Trip4	423	Trip4	S47PRr2	47	47	False	False	Site 47	https://rubalkhali.science/kb/RAK_1000047	Rhizosphere	False	core_sites_1_60	True	True	True	True					False		False		0	False	False	False	False
Sample_Mastersheet.xlsx	Trip4	424	Trip4	S47PRr3	47	47	False	False	Site 47	https://rubalkhali.science/kb/RAK_1000047	Rhizosphere	False	core_sites_1_60	True	True	True	True					False		False		0	False	False	False	False
Sample_Mastersheet.xlsx	Trip4	425	Trip4	S48Dr1	48	48	False	False	Site 48	https://rubalkhali.science/kb/RAK_1000048	Deep	False	core_sites_1_60	True	True	True	True					True	NovaSeq	False		1	True	True	True	True
Sample_Mastersheet.xlsx	Trip4	426	Trip4	S48Dr2	48	48	False	False	Site 48	https://rubalkhali.science/kb/RAK_1000048	Deep	False	core_sites_1_60	True	True	True	True					False		False		0	False	False	False	False
Sample_Mastersheet.xlsx	Trip4	427	Trip4	S48Dr3	48	48	False	False	Site 48	https://rubalkhali.science/kb/RAK_1000048	Deep	False	core_sites_1_60	True	True	True	True					True		False		0	False	False	False	False
Sample_Mastersheet.xlsx	Trip4	428	Trip4	S48Sr1	48	48	False	False	Site 48	https://rubalkhali.science/kb/RAK_1000048	Surface	False	core_sites_1_60	True	True	True	True					False	NovaSeq	False		1	True	True	True	True
Sample_Mastersheet.xlsx	Trip4	429	Trip4	S48Sr2	48	48	False	False	Site 48	https://rubalkhali.science/kb/RAK_1000048	Surface	False	core_sites_1_60	True	True	True	True					False		False		0	False	False	False	False
Sample_Mastersheet.xlsx	Trip4	430	Trip4	S48Sr3	48	48	False	False	Site 48	https://rubalkhali.science/kb/RAK_1000048	Surface	False	core_sites_1_60	True	True	True	True					False		False		0	False	False	False	False
Sample_Mastersheet.xlsx	Trip4	431	Trip4	S48PRr1	48	48	False	False	Site 48	https://rubalkhali.science/kb/RAK_1000048	Rhizosphere	False	core_sites_1_60	True	True	True	True					True	NovaSeq	False		1	True	True	True	True
Sample_Mastersheet.xlsx	Trip4	432	Trip4	S48PRr2	48	48	False	False	Site 48	https://rubalkhali.science/kb/RAK_1000048	Rhizosphere	False	core_sites_1_60	True	True	True	True					False		False		0	False	False	False	False
Sample_Mastersheet.xlsx	Trip4	433	Trip4	S48PRr3	48	48	False	False	Site 48	https://rubalkhali.science/kb/RAK_1000048	Rhizosphere	False	core_sites_1_60	True	True	True	True					False		False		0	False	False	False	False
Sample_Mastersheet.xlsx	Trip4	434	Trip4	S49Dr1	49	49	False	False	Site 49	https://rubalkhali.science/kb/RAK_1000049	Deep	False	core_sites_1_60	True	True	True	True					True	NovaSeq	False		1	True	True	True	True
Sample_Mastersheet.xlsx	Trip4	435	Trip4	S49Dr2	49	49	False	False	Site 49	https://rubalkhali.science/kb/RAK_1000049	Deep	False	core_sites_1_60	True	True	True	True					False		False		0	False	False	False	False
Sample_Mastersheet.xlsx	Trip4	436	Trip4	S49Dr3	49	49	False	False	Site 49	https://rubalkhali.science/kb/RAK_1000049	Deep	False	core_sites_1_60	True	True	True	True					True		False		0	False	False	False	False
Sample_Mastersheet.xlsx	Trip4	437	Trip4	S49Sr1	49	49	False	False	Site 49	https://rubalkhali.science/kb/RAK_1000049	Surface	False	core_sites_1_60	True	True	True	True					False	NovaSeq	False		1	True	True	True	True
Sample_Mastersheet.xlsx	Trip4	438	Trip4	S49Sr2	49	49	False	False	Site 49	https://rubalkhali.science/kb/RAK_1000049	Surface	False	core_sites_1_60	True	True	True	True					False		False		0	False	False	False	False
Sample_Mastersheet.xlsx	Trip4	439	Trip4	S49Sr3	49	49	False	False	Site 49	https://rubalkhali.science/kb/RAK_1000049	Surface	False	core_sites_1_60	True	True	True	True					False		False		0	False	False	False	False
Sample_Mastersheet.xlsx	Trip4	440	Trip4	S49PRr1	49	49	False	False	Site 49	https://rubalkhali.science/kb/RAK_1000049	Rhizosphere	False	core_sites_1_60	True	True	True	True					True	NovaSeq	False		1	True	True	True	True
Sample_Mastersheet.xlsx	Trip4	441	Trip4	S49PRr2	49	49	False	False	Site 49	https://rubalkhali.science/kb/RAK_1000049	Rhizosphere	False	core_sites_1_60	True	True	True	True					False		False		0	False	False	False	False
Sample_Mastersheet.xlsx	Trip4	442	Trip4	S49PRr3	49	49	False	False	Site 49	https://rubalkhali.science/kb/RAK_1000049	Rhizosphere	False	core_sites_1_60	True	True	True	True					False		False		0	False	False	False	False
Sample_Mastersheet.xlsx	Trip4	443	Trip4	S50Dr1	50	50	False	False	Site 50	https://rubalkhali.science/kb/RAK_1000050	Deep	False	core_sites_1_60	True	True	True	True					True	NovaSeq	False		1	True	True	True	True
Sample_Mastersheet.xlsx	Trip4	444	Trip4	S50Dr2	50	50	False	False	Site 50	https://rubalkhali.science/kb/RAK_1000050	Deep	False	core_sites_1_60	True	True	True	True					False		False		0	False	False	False	False
Sample_Mastersheet.xlsx	Trip4	445	Trip4	S50Dr3	50	50	False	False	Site 50	https://rubalkhali.science/kb/RAK_1000050	Deep	False	core_sites_1_60	True	True	True	True					True		False		0	False	False	False	False
Sample_Mastersheet.xlsx	Trip4	446	Trip4	S50Sr1	50	50	False	False	Site 50	https://rubalkhali.science/kb/RAK_1000050	Surface	False	core_sites_1_60	True	True	True	True					False	NovaSeq	False		1	True	True	True	True
Sample_Mastersheet.xlsx	Trip4	447	Trip4	S50Sr2	50	50	False	False	Site 50	https://rubalkhali.science/kb/RAK_1000050	Surface	False	core_sites_1_60	True	True	True	True					False		False		0	False	False	False	False
Sample_Mastersheet.xlsx	Trip4	448	Trip4	S50Sr3	50	50	False	False	Site 50	https://rubalkhali.science/kb/RAK_1000050	Surface	False	core_sites_1_60	True	True	True	True					False		False		0	False	False	False	False
Sample_Mastersheet.xlsx	Trip4	449	Trip4	S50PRr1	50	50	False	False	Site 50	https://rubalkhali.science/kb/RAK_1000050	Rhizosphere	False	core_sites_1_60	True	True	True	True					True	NovaSeq	False		1	True	True	True	True
Sample_Mastersheet.xlsx	Trip4	450	Trip4	S50PRr2	50	50	False	False	Site 50	https://rubalkhali.science/kb/RAK_1000050	Rhizosphere	False	core_sites_1_60	True	True	True	True					False		False		0	False	False	False	False
Sample_Mastersheet.xlsx	Trip4	451	Trip4	S50PRr3	50	50	False	False	Site 50	https://rubalkhali.science/kb/RAK_1000050	Rhizosphere	False	core_sites_1_60	True	True	True	True					False		False		0	False	False	False	False
Sample_Mastersheet.xlsx	Trip4	452	Trip4	S51Dr1	51	51	False	False	Site 51	https://rubalkhali.science/kb/RAK_1000051	Deep	False	core_sites_1_60	True	True	True	True					True	NovaSeq	False		1	True	True	True	True
Sample_Mastersheet.xlsx	Trip4	453	Trip4	S51Dr2	51	51	False	False	Site 51	https://rubalkhali.science/kb/RAK_1000051	Deep	False	core_sites_1_60	True	True	True	True					False		False		0	False	False	False	False
Sample_Mastersheet.xlsx	Trip4	454	Trip4	S51Dr3	51	51	False	False	Site 51	https://rubalkhali.science/kb/RAK_1000051	Deep	False	core_sites_1_60	True	True	True	True					True		False		0	False	False	False	False
Sample_Mastersheet.xlsx	Trip4	455	Trip4	S51Sr1	51	51	False	False	Site 51	https://rubalkhali.science/kb/RAK_1000051	Surface	False	core_sites_1_60	True	True	True	True					False	NovaSeq	False		1	True	True	True	True
Sample_Mastersheet.xlsx	Trip4	456	Trip4	S51Sr2	51	51	False	False	Site 51	https://rubalkhali.science/kb/RAK_1000051	Surface	False	core_sites_1_60	True	True	True	True					False		False		0	False	False	False	False
Sample_Mastersheet.xlsx	Trip4	457	Trip4	S51Sr3	51	51	False	False	Site 51	https://rubalkhali.science/kb/RAK_1000051	Surface	False	core_sites_1_60	True	True	True	True					False		False		0	False	False	False	False
Sample_Mastersheet.xlsx	Trip4	458	Trip4	S51PRr1	51	51	False	False	Site 51	https://rubalkhali.science/kb/RAK_1000051	Rhizosphere	False	core_sites_1_60	True	True	True	True					True	NovaSeq	False		1	True	True	True	True
Sample_Mastersheet.xlsx	Trip4	459	Trip4	S51PRr2	51	51	False	False	Site 51	https://rubalkhali.science/kb/RAK_1000051	Rhizosphere	False	core_sites_1_60	True	True	True	True					False		False		0	False	False	False	False
Sample_Mastersheet.xlsx	Trip4	460	Trip4	S51PRr3	51	51	False	False	Site 51	https://rubalkhali.science/kb/RAK_1000051	Rhizosphere	False	core_sites_1_60	True	True	True	True					False		False		0	False	False	False	False
Sample_Mastersheet.xlsx	Trip4	461	Trip4	S52Dr1	52	52	False	False	Site 52	https://rubalkhali.science/kb/RAK_1000052	Deep	False	core_sites_1_60	True	True	True	True					True	NovaSeq	False		1	True	True	True	True
Sample_Mastersheet.xlsx	Trip4	462	Trip4	S52Dr2	52	52	False	False	Site 52	https://rubalkhali.science/kb/RAK_1000052	Deep	False	core_sites_1_60	True	True	True	True					False		False		0	False	False	False	False
Sample_Mastersheet.xlsx	Trip4	463	Trip4	S52Dr3	52	52	False	False	Site 52	https://rubalkhali.science/kb/RAK_1000052	Deep	False	core_sites_1_60	True	True	True	True					True		False		0	False	False	False	False
Sample_Mastersheet.xlsx	Trip4	464	Trip4	S52Sr1	52	52	False	False	Site 52	https://rubalkhali.science/kb/RAK_1000052	Surface	False	core_sites_1_60	True	True	True	True					False	NovaSeq	False		1	True	True	True	True
Sample_Mastersheet.xlsx	Trip4	465	Trip4	S52Sr2	52	52	False	False	Site 52	https://rubalkhali.science/kb/RAK_1000052	Surface	False	core_sites_1_60	True	True	True	True					False		False		0	False	False	False	False
Sample_Mastersheet.xlsx	Trip4	466	Trip4	S52Sr3	52	52	False	False	Site 52	https://rubalkhali.science/kb/RAK_1000052	Surface	False	core_sites_1_60	True	True	True	True					False		False		0	False	False	False	False
Sample_Mastersheet.xlsx	Trip4	467	Trip4	S52PRr1	52	52	False	False	Site 52	https://rubalkhali.science/kb/RAK_1000052	Rhizosphere	False	core_sites_1_60	True	True	True	True					True	NovaSeq	False		1	True	True	True	True
Sample_Mastersheet.xlsx	Trip4	468	Trip4	S52PRr2	52	52	False	False	Site 52	https://rubalkhali.science/kb/RAK_1000052	Rhizosphere	False	core_sites_1_60	True	True	True	True					False		False		0	False	False	False	False
Sample_Mastersheet.xlsx	Trip4	469	Trip4	S52PRr3	52	52	False	False	Site 52	https://rubalkhali.science/kb/RAK_1000052	Rhizosphere	False	core_sites_1_60	True	True	True	True					False		False		0	False	False	False	False
Sample_Mastersheet.xlsx	Trip4	470	Trip4	S53Dr1	53	53	False	False	Site 53	https://rubalkhali.science/kb/RAK_1000053	Deep	False	core_sites_1_60	True	True	True	True					True	NovaSeq	False		1	True	True	True	True
Sample_Mastersheet.xlsx	Trip4	471	Trip4	S53Dr2	53	53	False	False	Site 53	https://rubalkhali.science/kb/RAK_1000053	Deep	False	core_sites_1_60	True	True	True	True					False		False		0	False	False	False	False
Sample_Mastersheet.xlsx	Trip4	472	Trip4	S53Dr3	53	53	False	False	Site 53	https://rubalkhali.science/kb/RAK_1000053	Deep	False	core_sites_1_60	True	True	True	True					False		False		0	False	False	False	False
Sample_Mastersheet.xlsx	Trip4	473	Trip4	S53Sr1	53	53	False	False	Site 53	https://rubalkhali.science/kb/RAK_1000053	Surface	False	core_sites_1_60	True	True	True	True					True	NovaSeq	False		1	True	True	True	True
Sample_Mastersheet.xlsx	Trip4	474	Trip4	S53Sr2	53	53	False	False	Site 53	https://rubalkhali.science/kb/RAK_1000053	Surface	False	core_sites_1_60	True	True	True	True					False		False		0	False	False	False	False
Sample_Mastersheet.xlsx	Trip4	475	Trip4	S53Sr3	53	53	False	False	Site 53	https://rubalkhali.science/kb/RAK_1000053	Surface	False	core_sites_1_60	True	True	True	True					False		False		0	False	False	False	False
Sample_Mastersheet.xlsx	Trip4	476	Trip4	S53PRr1	53	53	False	False	Site 53	https://rubalkhali.science/kb/RAK_1000053	Rhizosphere	False	core_sites_1_60	True	True	True	True					True	NovaSeq	False		1	True	True	True	True
Sample_Mastersheet.xlsx	Trip4	477	Trip4	S53PRr2	53	53	False	False	Site 53	https://rubalkhali.science/kb/RAK_1000053	Rhizosphere	False	core_sites_1_60	True	True	True	True					False		False		0	False	False	False	False
Sample_Mastersheet.xlsx	Trip4	478	Trip4	S53PRr3	53	53	False	False	Site 53	https://rubalkhali.science/kb/RAK_1000053	Rhizosphere	False	core_sites_1_60	True	True	True	True					False		False		0	False	False	False	False
Sample_Mastersheet.xlsx	Trip4	479	Trip4	S54Dr1	54	54	False	False	Site 54	https://rubalkhali.science/kb/RAK_1000054	Deep	False	core_sites_1_60	True	True	True	True					True	NovaSeq	False		1	True	True	True	True
Sample_Mastersheet.xlsx	Trip4	480	Trip4	S54Dr2	54	54	False	False	Site 54	https://rubalkhali.science/kb/RAK_1000054	Deep	False	core_sites_1_60	True	True	True	True					False		False		0	False	False	False	False
Sample_Mastersheet.xlsx	Trip4	481	Trip4	S54Dr3	54	54	False	False	Site 54	https://rubalkhali.science/kb/RAK_1000054	Deep	False	core_sites_1_60	True	True	True	True					True		False		0	False	False	False	False
Sample_Mastersheet.xlsx	Trip4	482	Trip4	S54Sr1	54	54	False	False	Site 54	https://rubalkhali.science/kb/RAK_1000054	Surface	False	core_sites_1_60	True	True	True	True					False	NovaSeq	False		1	True	True	True	True
Sample_Mastersheet.xlsx	Trip4	483	Trip4	S54Sr2	54	54	False	False	Site 54	https://rubalkhali.science/kb/RAK_1000054	Surface	False	core_sites_1_60	True	True	True	True					False		False		0	False	False	False	False
Sample_Mastersheet.xlsx	Trip4	484	Trip4	S54Sr3	54	54	False	False	Site 54	https://rubalkhali.science/kb/RAK_1000054	Surface	False	core_sites_1_60	True	True	True	True					False		False		0	False	False	False	False
Sample_Mastersheet.xlsx	Trip4	485	Trip4	S54PRr1	54	54	False	False	Site 54	https://rubalkhali.science/kb/RAK_1000054	Rhizosphere	False	core_sites_1_60	True	True	True	True					True	NovaSeq	False		1	True	True	True	True
Sample_Mastersheet.xlsx	Trip4	486	Trip4	S54PRr2	54	54	False	False	Site 54	https://rubalkhali.science/kb/RAK_1000054	Rhizosphere	False	core_sites_1_60	True	True	True	True					False		False		0	False	False	False	False
Sample_Mastersheet.xlsx	Trip4	487	Trip4	S54PRr3	54	54	False	False	Site 54	https://rubalkhali.science/kb/RAK_1000054	Rhizosphere	False	core_sites_1_60	True	True	True	True					False		False		0	False	False	False	False
Sample_Mastersheet.xlsx	Trip4	488	Trip4	S55Dr1	55	55	False	False	Site 55	https://rubalkhali.science/kb/RAK_1000055	Deep	False	core_sites_1_60	True	True	True	True					True	NovaSeq	False		1	True	True	True	True
Sample_Mastersheet.xlsx	Trip4	489	Trip4	S55Dr2	55	55	False	False	Site 55	https://rubalkhali.science/kb/RAK_1000055	Deep	False	core_sites_1_60	True	True	True	True					False		False		0	False	False	False	False
Sample_Mastersheet.xlsx	Trip4	490	Trip4	S55Dr3	55	55	False	False	Site 55	https://rubalkhali.science/kb/RAK_1000055	Deep	False	core_sites_1_60	True	True	True	True					True		False		0	False	False	False	False
Sample_Mastersheet.xlsx	Trip4	491	Trip4	S55Sr1	55	55	False	False	Site 55	https://rubalkhali.science/kb/RAK_1000055	Surface	False	core_sites_1_60	True	True	True	True					False	NovaSeq	False		1	True	True	True	True
Sample_Mastersheet.xlsx	Trip4	492	Trip4	S55Sr2	55	55	False	False	Site 55	https://rubalkhali.science/kb/RAK_1000055	Surface	False	core_sites_1_60	True	True	True	True					False		False		0	False	False	False	False
Sample_Mastersheet.xlsx	Trip4	493	Trip4	S55Sr3	55	55	False	False	Site 55	https://rubalkhali.science/kb/RAK_1000055	Surface	False	core_sites_1_60	True	True	True	True					False		False		0	False	False	False	False
Sample_Mastersheet.xlsx	Trip4	494	Trip4	S55PRr1	55	55	False	False	Site 55	https://rubalkhali.science/kb/RAK_1000055	Rhizosphere	False	core_sites_1_60	True	True	True	True					True	NovaSeq	False		1	True	True	True	True
Sample_Mastersheet.xlsx	Trip4	495	Trip4	S55PRr2	55	55	False	False	Site 55	https://rubalkhali.science/kb/RAK_1000055	Rhizosphere	False	core_sites_1_60	True	True	True	True					False		False		0	False	False	False	False
Sample_Mastersheet.xlsx	Trip4	496	Trip4	S55PRr3	55	55	False	False	Site 55	https://rubalkhali.science/kb/RAK_1000055	Rhizosphere	False	core_sites_1_60	True	True	True	True					False		False		0	False	False	False	False
Sample_Mastersheet.xlsx	Trip4	497	Trip4	S56Dr1	56	56	False	False	Site 56	https://rubalkhali.science/kb/RAK_1000056	Deep	False	core_sites_1_60	True	True	True	True					True	NovaSeq	False		1	True	True	True	True
Sample_Mastersheet.xlsx	Trip4	498	Trip4	S56Dr2	56	56	False	False	Site 56	https://rubalkhali.science/kb/RAK_1000056	Deep	False	core_sites_1_60	True	True	True	True					False		False		0	False	False	False	False
Sample_Mastersheet.xlsx	Trip4	499	Trip4	S56Dr3	56	56	False	False	Site 56	https://rubalkhali.science/kb/RAK_1000056	Deep	False	core_sites_1_60	True	True	True	True					True		False		0	False	False	False	False
Sample_Mastersheet.xlsx	Trip4	500	Trip4	S56Sr1	56	56	False	False	Site 56	https://rubalkhali.science/kb/RAK_1000056	Surface	False	core_sites_1_60	True	True	True	True					False	NovaSeq	False		1	True	True	True	True
Sample_Mastersheet.xlsx	Trip4	501	Trip4	S56Sr2	56	56	False	False	Site 56	https://rubalkhali.science/kb/RAK_1000056	Surface	False	core_sites_1_60	True	True	True	True					False		False		0	False	False	False	False
Sample_Mastersheet.xlsx	Trip4	502	Trip4	S56Sr3	56	56	False	False	Site 56	https://rubalkhali.science/kb/RAK_1000056	Surface	False	core_sites_1_60	True	True	True	True					False		False		0	False	False	False	False
Sample_Mastersheet.xlsx	Trip4	503	Trip4	S56PRr1	56	56	False	False	Site 56	https://rubalkhali.science/kb/RAK_1000056	Rhizosphere	False	core_sites_1_60	True	True	True	True					True	NovaSeq	False		1	True	True	True	True
Sample_Mastersheet.xlsx	Trip4	504	Trip4	S56PRr2	56	56	False	False	Site 56	https://rubalkhali.science/kb/RAK_1000056	Rhizosphere	False	core_sites_1_60	True	True	True	True					False		False		0	False	False	False	False
Sample_Mastersheet.xlsx	Trip4	505	Trip4	S56PRr3	56	56	False	False	Site 56	https://rubalkhali.science/kb/RAK_1000056	Rhizosphere	False	core_sites_1_60	True	True	True	True					False		False		0	False	False	False	False
Sample_Mastersheet.xlsx	Trip4	506	Trip4	S57Dr1	57	57	False	False	Site 57	https://rubalkhali.science/kb/RAK_1000057	Deep	False	core_sites_1_60	True	True	True	True					True	NovaSeq	False		1	True	True	True	True
Sample_Mastersheet.xlsx	Trip4	507	Trip4	S57Dr2	57	57	False	False	Site 57	https://rubalkhali.science/kb/RAK_1000057	Deep	False	core_sites_1_60	True	True	True	True					False		False		0	False	False	False	False
Sample_Mastersheet.xlsx	Trip4	508	Trip4	S57Dr3	57	57	False	False	Site 57	https://rubalkhali.science/kb/RAK_1000057	Deep	False	core_sites_1_60	True	True	True	True					True		False		0	False	False	False	False
Sample_Mastersheet.xlsx	Trip4	509	Trip4	S57Sr1	57	57	False	False	Site 57	https://rubalkhali.science/kb/RAK_1000057	Surface	False	core_sites_1_60	True	True	True	True					False	NovaSeq	False		1	True	True	True	True
Sample_Mastersheet.xlsx	Trip4	510	Trip4	S57Sr2	57	57	False	False	Site 57	https://rubalkhali.science/kb/RAK_1000057	Surface	False	core_sites_1_60	True	True	True	True					False		False		0	False	False	False	False
Sample_Mastersheet.xlsx	Trip4	511	Trip4	S57Sr3	57	57	False	False	Site 57	https://rubalkhali.science/kb/RAK_1000057	Surface	False	core_sites_1_60	True	True	True	True					False		False		0	False	False	False	False
Sample_Mastersheet.xlsx	Trip4	512	Trip4	S57PRr1	57	57	False	False	Site 57	https://rubalkhali.science/kb/RAK_1000057	Rhizosphere	False	core_sites_1_60	True	True	True	True					True	NovaSeq	False		1	True	True	True	True
Sample_Mastersheet.xlsx	Trip4	513	Trip4	S57PRr2	57	57	False	False	Site 57	https://rubalkhali.science/kb/RAK_1000057	Rhizosphere	False	core_sites_1_60	True	True	True	True					False		False		0	False	False	False	False
Sample_Mastersheet.xlsx	Trip4	514	Trip4	S57PRr3	57	57	False	False	Site 57	https://rubalkhali.science/kb/RAK_1000057	Rhizosphere	False	core_sites_1_60	True	True	True	True					False		False		0	False	False	False	False
Sample_Mastersheet.xlsx	Trip4	515	Trip4	S58Dr1	58	58	False	False	Site 58	https://rubalkhali.science/kb/RAK_1000058	Deep	False	core_sites_1_60	True	True	True	True					True	NovaSeq	False		1	True	True	True	True
Sample_Mastersheet.xlsx	Trip4	516	Trip4	S58Dr2	58	58	False	False	Site 58	https://rubalkhali.science/kb/RAK_1000058	Deep	False	core_sites_1_60	True	True	True	True					False		False		0	False	False	False	False
Sample_Mastersheet.xlsx	Trip4	517	Trip4	S58Dr3	58	58	False	False	Site 58	https://rubalkhali.science/kb/RAK_1000058	Deep	False	core_sites_1_60	True	True	True	True					True		False		0	False	False	False	False
Sample_Mastersheet.xlsx	Trip4	518	Trip4	S58Sr1	58	58	False	False	Site 58	https://rubalkhali.science/kb/RAK_1000058	Surface	False	core_sites_1_60	True	True	True	True					False	NovaSeq	False		1	True	True	True	True
Sample_Mastersheet.xlsx	Trip4	519	Trip4	S58Sr2	58	58	False	False	Site 58	https://rubalkhali.science/kb/RAK_1000058	Surface	False	core_sites_1_60	True	True	True	True					False		False		0	False	False	False	False
Sample_Mastersheet.xlsx	Trip4	520	Trip4	S58Sr3	58	58	False	False	Site 58	https://rubalkhali.science/kb/RAK_1000058	Surface	False	core_sites_1_60	True	True	True	True					False		False		0	False	False	False	False
Sample_Mastersheet.xlsx	Trip4	521	Trip4	S58PRr1	58	58	False	False	Site 58	https://rubalkhali.science/kb/RAK_1000058	Rhizosphere	False	core_sites_1_60	True	True	True	True					True	NovaSeq	False		1	True	True	True	True
Sample_Mastersheet.xlsx	Trip4	522	Trip4	S58PRr2	58	58	False	False	Site 58	https://rubalkhali.science/kb/RAK_1000058	Rhizosphere	False	core_sites_1_60	True	True	True	True					False		False		0	False	False	False	False
Sample_Mastersheet.xlsx	Trip4	523	Trip4	S58PRr3	58	58	False	False	Site 58	https://rubalkhali.science/kb/RAK_1000058	Rhizosphere	False	core_sites_1_60	True	True	True	True					False		False		0	False	False	False	False
Sample_Mastersheet.xlsx	Trip4	524	Trip4	S59Dr1	59	59	False	False	Site 59	https://rubalkhali.science/kb/RAK_1000059	Deep	False	core_sites_1_60	True	True	True	True					True	NovaSeq	False		1	True	True	True	True
Sample_Mastersheet.xlsx	Trip4	525	Trip4	S59Dr2	59	59	False	False	Site 59	https://rubalkhali.science/kb/RAK_1000059	Deep	False	core_sites_1_60	True	True	True	True					False		False		0	False	False	False	False
Sample_Mastersheet.xlsx	Trip4	526	Trip4	S59Dr3	59	59	False	False	Site 59	https://rubalkhali.science/kb/RAK_1000059	Deep	False	core_sites_1_60	True	True	True	True					True		False		0	False	False	False	False
Sample_Mastersheet.xlsx	Trip4	527	Trip4	S59Sr1	59	59	False	False	Site 59	https://rubalkhali.science/kb/RAK_1000059	Surface	False	core_sites_1_60	True	True	True	True					False	NovaSeq	False		1	True	True	True	True
Sample_Mastersheet.xlsx	Trip4	528	Trip4	S59Sr2	59	59	False	False	Site 59	https://rubalkhali.science/kb/RAK_1000059	Surface	False	core_sites_1_60	True	True	True	True					False		False		0	False	False	False	False
Sample_Mastersheet.xlsx	Trip4	529	Trip4	S59Sr3	59	59	False	False	Site 59	https://rubalkhali.science/kb/RAK_1000059	Surface	False	core_sites_1_60	True	True	True	True					False		False		0	False	False	False	False
Sample_Mastersheet.xlsx	Trip4	530	Trip4	S59PRr1	59	59	False	False	Site 59	https://rubalkhali.science/kb/RAK_1000059	Rhizosphere	False	core_sites_1_60	True	True	True	True					True	NovaSeq	False		1	True	True	True	True
Sample_Mastersheet.xlsx	Trip4	531	Trip4	S59PRr2	59	59	False	False	Site 59	https://rubalkhali.science/kb/RAK_1000059	Rhizosphere	False	core_sites_1_60	True	True	True	True					False		False		0	False	False	False	False
Sample_Mastersheet.xlsx	Trip4	532	Trip4	S59PRr3	59	59	False	False	Site 59	https://rubalkhali.science/kb/RAK_1000059	Rhizosphere	False	core_sites_1_60	True	True	True	True					False		False		0	False	False	False	False
Sample_Mastersheet.xlsx	Trip4	533	Trip4	S60Dr1	60	60	False	False	Site 60	https://rubalkhali.science/kb/RAK_1000060	Deep	False	core_sites_1_60	True	True	True	True					True	NovaSeq	False		1	True	True	True	True
Sample_Mastersheet.xlsx	Trip4	534	Trip4	S60Dr2	60	60	False	False	Site 60	https://rubalkhali.science/kb/RAK_1000060	Deep	False	core_sites_1_60	True	True	True	True					False		False		0	False	False	False	False
Sample_Mastersheet.xlsx	Trip4	535	Trip4	S60Dr3	60	60	False	False	Site 60	https://rubalkhali.science/kb/RAK_1000060	Deep	False	core_sites_1_60	True	True	True	True					True		False		0	False	False	False	False
Sample_Mastersheet.xlsx	Trip4	536	Trip4	S60Sr1	60	60	False	False	Site 60	https://rubalkhali.science/kb/RAK_1000060	Surface	False	core_sites_1_60	True	True	True	True					False	NovaSeq	False		1	True	True	True	True
Sample_Mastersheet.xlsx	Trip4	537	Trip4	S60Sr2	60	60	False	False	Site 60	https://rubalkhali.science/kb/RAK_1000060	Surface	False	core_sites_1_60	True	True	True	True					False		False		0	False	False	False	False
Sample_Mastersheet.xlsx	Trip4	538	Trip4	S60Sr3	60	60	False	False	Site 60	https://rubalkhali.science/kb/RAK_1000060	Surface	False	core_sites_1_60	True	True	True	True					False		False		0	False	False	False	False
Sample_Mastersheet.xlsx	Trip4	539	Trip4	S60PRr1	60	60	False	False	Site 60	https://rubalkhali.science/kb/RAK_1000060	Rhizosphere	False	core_sites_1_60	True	True	True	True					True	NovaSeq	False		1	True	True	True	True
Sample_Mastersheet.xlsx	Trip4	540	Trip4	S60PRr2	60	60	False	False	Site 60	https://rubalkhali.science/kb/RAK_1000060	Rhizosphere	False	core_sites_1_60	True	True	True	True					False		False		0	False	False	False	False
Sample_Mastersheet.xlsx	Trip4	541	Trip4	S60PRr3	60	60	False	False	Site 60	https://rubalkhali.science/kb/RAK_1000060	Rhizosphere	False	core_sites_1_60	True	True	True	True					False		False		0	False	False	False	False
Sample_Mastersheet.xlsx	Trip4	542	Trip4	- Ctrl 1	61	61	False	False			Deep	True	laboratory_control	False	True	False	False	control_requires_explicit_control_model				False		False		0	False	False	False	False
Sample_Mastersheet.xlsx	Trip4	543	Trip4	- Ctrl 2	61	61	False	False			Deep	True	laboratory_control	False	True	False	False	control_requires_explicit_control_model				False		False		0	False	False	False	False
Sample_Mastersheet.xlsx	Trip4	544	Trip4	- Ctrl 3	61	61	False	False			Deep	True	laboratory_control	False	True	False	False	control_requires_explicit_control_model				False		False		0	False	False	False	False
Sample_Mastersheet.xlsx	Trip4	545	Trip4	=+ Ctrl 1	61	61	False	False			Surface	True	laboratory_control	False	True	False	False	control_requires_explicit_control_model				False		False		0	False	False	False	False
Sample_Mastersheet.xlsx	Trip4	546	Trip4	=+ Ctrl 2	61	61	False	False			Surface	True	laboratory_control	False	True	False	False	control_requires_explicit_control_model				False		False		0	False	False	False	False
Sample_Mastersheet.xlsx	Trip4	547	Trip4	=+ Ctrl 3	61	61	False	False			Surface	True	laboratory_control	False	True	False	False	control_requires_explicit_control_model				False		False		0	False	False	False	False
Sample_Mastersheet.xlsx	Trip4	548	Trip4	Extraction Ctrl	61	61	False	False			Rhizosphere	True	laboratory_control	False	True	False	False	control_requires_explicit_control_model				False		False		0	False	False	False	False
Sample_Mastersheet.xlsx	Trip4	549	Trip4	PCR Ctrl	61	61	False	False			Rhizosphere	True	laboratory_control	False	True	False	False	control_requires_explicit_control_model				False		False		0	False	False	False	False
Sample_Mastersheet.xlsx	Trip5	2	Trip5	V1Dr1	1	1	False	False	Site 1	https://rubalkhali.science/kb/RAK_1000001	Deep	False	core_sites_1_60	True	True	True	True		Extracted	QIACube		False		False		1	True	True	True	True
Sample_Mastersheet.xlsx	Trip5	3	Trip5	V1Dr2	1	1	False	False	Site 1	https://rubalkhali.science/kb/RAK_1000001	Deep	False	core_sites_1_60	True	True	True	True					False		False		0	False	False	False	False
Sample_Mastersheet.xlsx	Trip5	4	Trip5	V1Dr3	1	1	False	False	Site 1	https://rubalkhali.science/kb/RAK_1000001	Deep	False	core_sites_1_60	True	True	True	True					False		False		1	True	True	True	True
Sample_Mastersheet.xlsx	Trip5	5	Trip5	V1Sr1	1	1	False	False	Site 1	https://rubalkhali.science/kb/RAK_1000001	Surface	False	core_sites_1_60	True	True	True	True		Extracted	QIACube		False		False		0	False	False	False	True
Sample_Mastersheet.xlsx	Trip5	6	Trip5	V1Sr2	1	1	False	False	Site 1	https://rubalkhali.science/kb/RAK_1000001	Surface	False	core_sites_1_60	True	True	True	True					False		False		0	False	False	False	False
Sample_Mastersheet.xlsx	Trip5	7	Trip5	V1Sr3	1	1	False	False	Site 1	https://rubalkhali.science/kb/RAK_1000001	Surface	False	core_sites_1_60	True	True	True	True					False		False		0	False	False	False	False
Sample_Mastersheet.xlsx	Trip5	8	Trip5	V1PRr1	1	1	False	False	Site 1	https://rubalkhali.science/kb/RAK_1000001	Rhizosphere	False	core_sites_1_60	True	True	True	True		Extracted	QIACube		False		False		1	True	True	True	True
Sample_Mastersheet.xlsx	Trip5	9	Trip5	V1PRr2	1	1	False	False	Site 1	https://rubalkhali.science/kb/RAK_1000001	Rhizosphere	False	core_sites_1_60	True	True	True	True					False		False		1	True	True	True	True
Sample_Mastersheet.xlsx	Trip5	10	Trip5	V1PRr3	1	1	False	False	Site 1	https://rubalkhali.science/kb/RAK_1000001	Rhizosphere	False	core_sites_1_60	True	True	True	True					False		False		1	True	True	True	True
Sample_Mastersheet.xlsx	Trip5	11	Trip5	V2Dr1	2	2	False	False	Site 2	https://rubalkhali.science/kb/RAK_1000002	Deep	False	core_sites_1_60	True	True	True	True		Extracted	QIACube		False		False		1	True	True	True	True
Sample_Mastersheet.xlsx	Trip5	12	Trip5	V2Dr2	2	2	False	False	Site 2	https://rubalkhali.science/kb/RAK_1000002	Deep	False	core_sites_1_60	True	True	True	True					False		False		1	True	True	True	True
Sample_Mastersheet.xlsx	Trip5	13	Trip5	V2Dr3	2	2	False	False	Site 2	https://rubalkhali.science/kb/RAK_1000002	Deep	False	core_sites_1_60	True	True	True	True					False		False		0	False	False	False	False
Sample_Mastersheet.xlsx	Trip5	14	Trip5	V2Sr1	2	2	False	False	Site 2	https://rubalkhali.science/kb/RAK_1000002	Surface	False	core_sites_1_60	True	True	True	True		Extracted	QIACube		False		False		1	True	True	True	True
Sample_Mastersheet.xlsx	Trip5	15	Trip5	V2Sr2	2	2	False	False	Site 2	https://rubalkhali.science/kb/RAK_1000002	Surface	False	core_sites_1_60	True	True	True	True					False		False		1	True	True	True	True
Sample_Mastersheet.xlsx	Trip5	16	Trip5	V2Sr3	2	2	False	False	Site 2	https://rubalkhali.science/kb/RAK_1000002	Surface	False	core_sites_1_60	True	True	True	True					False		False		0	False	False	False	False
Sample_Mastersheet.xlsx	Trip5	17	Trip5	V2PRr1	2	2	False	False	Site 2	https://rubalkhali.science/kb/RAK_1000002	Rhizosphere	False	core_sites_1_60	True	True	True	True		Extracted	QIACube		False		False		1	True	True	True	True
Sample_Mastersheet.xlsx	Trip5	18	Trip5	V2PRr2	2	2	False	False	Site 2	https://rubalkhali.science/kb/RAK_1000002	Rhizosphere	False	core_sites_1_60	True	True	True	True					False		False		1	True	True	True	True
Sample_Mastersheet.xlsx	Trip5	19	Trip5	V2PRr3	2	2	False	False	Site 2	https://rubalkhali.science/kb/RAK_1000002	Rhizosphere	False	core_sites_1_60	True	True	True	True					False		False		1	True	True	True	True
Sample_Mastersheet.xlsx	Trip5	20	Trip5	V3Dr1	3	3	False	False	Site 3	https://rubalkhali.science/kb/RAK_1000003	Deep	False	core_sites_1_60	True	True	True	True		Extracted	QIACube		False		False		0	False	False	False	True
Sample_Mastersheet.xlsx	Trip5	21	Trip5	V3Dr2	3	3	False	False	Site 3	https://rubalkhali.science/kb/RAK_1000003	Deep	False	core_sites_1_60	True	True	True	True					False		False		0	False	False	False	False
Sample_Mastersheet.xlsx	Trip5	22	Trip5	V3Dr3	3	3	False	False	Site 3	https://rubalkhali.science/kb/RAK_1000003	Deep	False	core_sites_1_60	True	True	True	True					False		False		0	False	False	False	False
Sample_Mastersheet.xlsx	Trip5	23	Trip5	V3Sr1	3	3	False	False	Site 3	https://rubalkhali.science/kb/RAK_1000003	Surface	False	core_sites_1_60	True	True	True	True		Extracted	QIACube		False		False		0	False	False	False	True
Sample_Mastersheet.xlsx	Trip5	24	Trip5	V3Sr2	3	3	False	False	Site 3	https://rubalkhali.science/kb/RAK_1000003	Surface	False	core_sites_1_60	True	True	True	True					False		False		0	False	False	False	False
Sample_Mastersheet.xlsx	Trip5	25	Trip5	V3Sr3	3	3	False	False	Site 3	https://rubalkhali.science/kb/RAK_1000003	Surface	False	core_sites_1_60	True	True	True	True					False		False		0	False	False	False	False
Sample_Mastersheet.xlsx	Trip5	26	Trip5	V3PRr1	3	3	False	False	Site 3	https://rubalkhali.science/kb/RAK_1000003	Rhizosphere	False	core_sites_1_60	True	True	True	True		Extracted	QIACube		False		False		1	True	True	True	True
Sample_Mastersheet.xlsx	Trip5	27	Trip5	V3PRr2	3	3	False	False	Site 3	https://rubalkhali.science/kb/RAK_1000003	Rhizosphere	False	core_sites_1_60	True	True	True	True					False		False		1	True	True	True	True
Sample_Mastersheet.xlsx	Trip5	28	Trip5	V3PRr3	3	3	False	False	Site 3	https://rubalkhali.science/kb/RAK_1000003	Rhizosphere	False	core_sites_1_60	True	True	True	True					False		False		1	True	True	True	True
Sample_Mastersheet.xlsx	Trip5	29	Trip5	V4Dr1	4	4	False	False	Site 4	https://rubalkhali.science/kb/RAK_1000004	Deep	False	core_sites_1_60	True	True	True	True		Measured	QIACube	0.05	False		False		1	True	True	True	True
Sample_Mastersheet.xlsx	Trip5	30	Trip5	V4Dr2	4	4	False	False	Site 4	https://rubalkhali.science/kb/RAK_1000004	Deep	False	core_sites_1_60	True	True	True	True					False		False		1	True	True	True	True
Sample_Mastersheet.xlsx	Trip5	31	Trip5	V4Dr3	4	4	False	False	Site 4	https://rubalkhali.science/kb/RAK_1000004	Deep	False	core_sites_1_60	True	True	True	True					False		False		1	True	True	True	True
Sample_Mastersheet.xlsx	Trip5	32	Trip5	V4Sr1	4	4	False	False	Site 4	https://rubalkhali.science/kb/RAK_1000004	Surface	False	core_sites_1_60	True	True	True	True		Measured	QIACube	0.05	False		False		1	True	True	True	True
Sample_Mastersheet.xlsx	Trip5	33	Trip5	V4Sr2	4	4	False	False	Site 4	https://rubalkhali.science/kb/RAK_1000004	Surface	False	core_sites_1_60	True	True	True	True					False		False		0	False	False	False	False
Sample_Mastersheet.xlsx	Trip5	34	Trip5	V4Sr3	4	4	False	False	Site 4	https://rubalkhali.science/kb/RAK_1000004	Surface	False	core_sites_1_60	True	True	True	True					False		False		1	True	True	True	True
Sample_Mastersheet.xlsx	Trip5	35	Trip5	V4PRr1	4	4	False	False	Site 4	https://rubalkhali.science/kb/RAK_1000004	Rhizosphere	False	core_sites_1_60	True	True	True	True		Measured	QIACube	7.23	False		False		1	True	True	True	True
Sample_Mastersheet.xlsx	Trip5	36	Trip5	V4PRr2	4	4	False	False	Site 4	https://rubalkhali.science/kb/RAK_1000004	Rhizosphere	False	core_sites_1_60	True	True	True	True					False		False		1	True	True	True	True
Sample_Mastersheet.xlsx	Trip5	37	Trip5	V4PRr3	4	4	False	False	Site 4	https://rubalkhali.science/kb/RAK_1000004	Rhizosphere	False	core_sites_1_60	True	True	True	True					False		False		1	True	True	True	True
Sample_Mastersheet.xlsx	Trip5	38	Trip5	V5Dr1	5	5	False	False	Site 5	https://rubalkhali.science/kb/RAK_1000005	Deep	False	core_sites_1_60	True	True	True	True		Extracted	QIACube		False		False		2	True	True	True	True
Sample_Mastersheet.xlsx	Trip5	39	Trip5	V5Dr2	5	5	False	False	Site 5	https://rubalkhali.science/kb/RAK_1000005	Deep	False	core_sites_1_60	True	True	True	True					False		False		0	False	False	False	False
Sample_Mastersheet.xlsx	Trip5	40	Trip5	V5Dr3	5	5	False	False	Site 5	https://rubalkhali.science/kb/RAK_1000005	Deep	False	core_sites_1_60	True	True	True	True					False		False		0	False	False	False	False
Sample_Mastersheet.xlsx	Trip5	41	Trip5	V5Sr1	5	5	False	False	Site 5	https://rubalkhali.science/kb/RAK_1000005	Surface	False	core_sites_1_60	True	True	True	True		Extracted	QIACube		False		False		1	True	True	True	True
Sample_Mastersheet.xlsx	Trip5	42	Trip5	V5Sr2	5	5	False	False	Site 5	https://rubalkhali.science/kb/RAK_1000005	Surface	False	core_sites_1_60	True	True	True	True					False		False		0	False	False	False	False
Sample_Mastersheet.xlsx	Trip5	43	Trip5	V5Sr3	5	5	False	False	Site 5	https://rubalkhali.science/kb/RAK_1000005	Surface	False	core_sites_1_60	True	True	True	True					False		False		1	True	True	True	True
Sample_Mastersheet.xlsx	Trip5	44	Trip5	V5PRr1	5	5	False	False	Site 5	https://rubalkhali.science/kb/RAK_1000005	Rhizosphere	False	core_sites_1_60	True	True	True	True		Extracted	QIACube		False		False		3	True	True	True	True
Sample_Mastersheet.xlsx	Trip5	45	Trip5	V5PRr2	5	5	False	False	Site 5	https://rubalkhali.science/kb/RAK_1000005	Rhizosphere	False	core_sites_1_60	True	True	True	True					False		False		1	True	True	True	True
Sample_Mastersheet.xlsx	Trip5	46	Trip5	V5PRr3	5	5	False	False	Site 5	https://rubalkhali.science/kb/RAK_1000005	Rhizosphere	False	core_sites_1_60	True	True	True	True					False		False		1	True	True	True	True
Sample_Mastersheet.xlsx	Trip5	47	Trip5	V6Dr1	6	6	False	False	Site 6	https://rubalkhali.science/kb/RAK_1000006	Deep	False	core_sites_1_60	True	True	True	True		Measured	QIACube	0.05	False		False		1	True	True	True	True
Sample_Mastersheet.xlsx	Trip5	48	Trip5	V6Dr2	6	6	False	False	Site 6	https://rubalkhali.science/kb/RAK_1000006	Deep	False	core_sites_1_60	True	True	True	True					False		False		0	False	False	False	False
Sample_Mastersheet.xlsx	Trip5	49	Trip5	V6Dr3	6	6	False	False	Site 6	https://rubalkhali.science/kb/RAK_1000006	Deep	False	core_sites_1_60	True	True	True	True					False		False		0	False	False	False	False
Sample_Mastersheet.xlsx	Trip5	50	Trip5	V6Sr1	6	6	False	False	Site 6	https://rubalkhali.science/kb/RAK_1000006	Surface	False	core_sites_1_60	True	True	True	True		Measured	QIACube	0.05	False		False		1	True	True	True	True
Sample_Mastersheet.xlsx	Trip5	51	Trip5	V6Sr2	6	6	False	False	Site 6	https://rubalkhali.science/kb/RAK_1000006	Surface	False	core_sites_1_60	True	True	True	True					False		False		0	False	False	False	False
Sample_Mastersheet.xlsx	Trip5	52	Trip5	V6Sr3	6	6	False	False	Site 6	https://rubalkhali.science/kb/RAK_1000006	Surface	False	core_sites_1_60	True	True	True	True					False		False		1	True	True	True	True
Sample_Mastersheet.xlsx	Trip5	53	Trip5	V6PRr1	6	6	False	False	Site 6	https://rubalkhali.science/kb/RAK_1000006	Rhizosphere	False	core_sites_1_60	True	True	True	True		Measured	QIACube	1.22	False		False		1	True	True	True	True
Sample_Mastersheet.xlsx	Trip5	54	Trip5	V6PRr2	6	6	False	False	Site 6	https://rubalkhali.science/kb/RAK_1000006	Rhizosphere	False	core_sites_1_60	True	True	True	True					False		False		1	True	True	True	True
Sample_Mastersheet.xlsx	Trip5	55	Trip5	V6PRr3	6	6	False	False	Site 6	https://rubalkhali.science/kb/RAK_1000006	Rhizosphere	False	core_sites_1_60	True	True	True	True					False		False		1	True	True	True	True
Sample_Mastersheet.xlsx	Trip5	56	Trip5	V7Dr1	7	7	False	False	Site 7	https://rubalkhali.science/kb/RAK_1000007	Deep	False	core_sites_1_60	True	True	True	True		Measured	QIACube	0.05	False		False		1	True	False	False	True
Sample_Mastersheet.xlsx	Trip5	57	Trip5	V7Dr2	7	7	False	False	Site 7	https://rubalkhali.science/kb/RAK_1000007	Deep	False	core_sites_1_60	True	True	True	True					False		False		0	False	False	False	False
Sample_Mastersheet.xlsx	Trip5	58	Trip5	V7Dr3	7	7	False	False	Site 7	https://rubalkhali.science/kb/RAK_1000007	Deep	False	core_sites_1_60	True	True	True	True					False		False		2	True	True	True	True
Sample_Mastersheet.xlsx	Trip5	59	Trip5	V7Sr1	7	7	False	False	Site 7	https://rubalkhali.science/kb/RAK_1000007	Surface	False	core_sites_1_60	True	True	True	True		Extracted	QIACube		False		False		0	False	False	False	True
Sample_Mastersheet.xlsx	Trip5	60	Trip5	V7Sr2	7	7	False	False	Site 7	https://rubalkhali.science/kb/RAK_1000007	Surface	False	core_sites_1_60	True	True	True	True					False		False		0	False	False	False	False
Sample_Mastersheet.xlsx	Trip5	61	Trip5	V7Sr3	7	7	False	False	Site 7	https://rubalkhali.science/kb/RAK_1000007	Surface	False	core_sites_1_60	True	True	True	True					False		False		0	False	False	False	False
Sample_Mastersheet.xlsx	Trip5	62	Trip5	V7PRr1	7	7	False	False	Site 7	https://rubalkhali.science/kb/RAK_1000007	Rhizosphere	False	core_sites_1_60	True	True	True	True		Measured	QIACube	0.184	False		False		3	True	True	True	True
Sample_Mastersheet.xlsx	Trip5	63	Trip5	V7PRr2	7	7	False	False	Site 7	https://rubalkhali.science/kb/RAK_1000007	Rhizosphere	False	core_sites_1_60	True	True	True	True					False		False		1	True	True	True	True
Sample_Mastersheet.xlsx	Trip5	64	Trip5	V7PRr3	7	7	False	False	Site 7	https://rubalkhali.science/kb/RAK_1000007	Rhizosphere	False	core_sites_1_60	True	True	True	True					False		False		1	True	True	True	True
Sample_Mastersheet.xlsx	Trip5	65	Trip5	V8Dr1	8	8	False	False	Site 8	https://rubalkhali.science/kb/RAK_1000008	Deep	False	core_sites_1_60	True	True	True	True		Extracted	QIACube		False		False		0	False	False	False	True
Sample_Mastersheet.xlsx	Trip5	66	Trip5	V8Dr2	8	8	False	False	Site 8	https://rubalkhali.science/kb/RAK_1000008	Deep	False	core_sites_1_60	True	True	True	True					False		False		0	False	False	False	False
Sample_Mastersheet.xlsx	Trip5	67	Trip5	V8Dr3	8	8	False	False	Site 8	https://rubalkhali.science/kb/RAK_1000008	Deep	False	core_sites_1_60	True	True	True	True					False		False		1	True	True	True	True
Sample_Mastersheet.xlsx	Trip5	68	Trip5	V8Sr1	8	8	False	False	Site 8	https://rubalkhali.science/kb/RAK_1000008	Surface	False	core_sites_1_60	True	True	True	True		Extracted	QIACube		False		False		0	False	False	False	True
Sample_Mastersheet.xlsx	Trip5	69	Trip5	V8Sr2	8	8	False	False	Site 8	https://rubalkhali.science/kb/RAK_1000008	Surface	False	core_sites_1_60	True	True	True	True					False		False		0	False	False	False	False
Sample_Mastersheet.xlsx	Trip5	70	Trip5	V8Sr3	8	8	False	False	Site 8	https://rubalkhali.science/kb/RAK_1000008	Surface	False	core_sites_1_60	True	True	True	True					False		False		0	False	False	False	False
Sample_Mastersheet.xlsx	Trip5	71	Trip5	V8PRr1	8	8	False	False	Site 8	https://rubalkhali.science/kb/RAK_1000008	Rhizosphere	False	core_sites_1_60	True	True	True	True		Extracted	QIACube		False		False		1	True	True	True	True
Sample_Mastersheet.xlsx	Trip5	72	Trip5	V8PRr2	8	8	False	False	Site 8	https://rubalkhali.science/kb/RAK_1000008	Rhizosphere	False	core_sites_1_60	True	True	True	True					False		False		1	True	True	True	True
Sample_Mastersheet.xlsx	Trip5	73	Trip5	V8PRr3	8	8	False	False	Site 8	https://rubalkhali.science/kb/RAK_1000008	Rhizosphere	False	core_sites_1_60	True	True	True	True					False		False		1	True	True	True	True
Sample_Mastersheet.xlsx	Trip5	74	Trip5	V9Dr1	9	9	False	False	Site 9	https://rubalkhali.science/kb/RAK_1000009	Deep	False	core_sites_1_60	True	True	True	True		Extracted	QIACube		False		False		0	False	False	False	True
Sample_Mastersheet.xlsx	Trip5	75	Trip5	V9Dr2	9	9	False	False	Site 9	https://rubalkhali.science/kb/RAK_1000009	Deep	False	core_sites_1_60	True	True	True	True					False		False		0	False	False	False	False
Sample_Mastersheet.xlsx	Trip5	76	Trip5	V9Dr3	9	9	False	False	Site 9	https://rubalkhali.science/kb/RAK_1000009	Deep	False	core_sites_1_60	True	True	True	True					False		False		0	False	False	False	False
Sample_Mastersheet.xlsx	Trip5	77	Trip5	V9Sr1	9	9	False	False	Site 9	https://rubalkhali.science/kb/RAK_1000009	Surface	False	core_sites_1_60	True	True	True	True		Extracted	QIACube		False		False		0	False	False	False	True
Sample_Mastersheet.xlsx	Trip5	78	Trip5	V9Sr2	9	9	False	False	Site 9	https://rubalkhali.science/kb/RAK_1000009	Surface	False	core_sites_1_60	True	True	True	True					False		False		0	False	False	False	False
Sample_Mastersheet.xlsx	Trip5	79	Trip5	V9Sr3	9	9	False	False	Site 9	https://rubalkhali.science/kb/RAK_1000009	Surface	False	core_sites_1_60	True	True	True	True					False		False		0	False	False	False	False
Sample_Mastersheet.xlsx	Trip5	80	Trip5	V9PRr1	9	9	False	False	Site 9	https://rubalkhali.science/kb/RAK_1000009	Rhizosphere	False	core_sites_1_60	True	True	True	True		Extracted	QIACube		False		False		1	True	True	True	True
Sample_Mastersheet.xlsx	Trip5	81	Trip5	V9PRr2	9	9	False	False	Site 9	https://rubalkhali.science/kb/RAK_1000009	Rhizosphere	False	core_sites_1_60	True	True	True	True					False		False		1	True	True	True	True
Sample_Mastersheet.xlsx	Trip5	82	Trip5	V9PRr3	9	9	False	False	Site 9	https://rubalkhali.science/kb/RAK_1000009	Rhizosphere	False	core_sites_1_60	True	True	True	True					False		False		1	True	True	True	True
Sample_Mastersheet.xlsx	Trip5	83	Trip5	V10Dr1	10	10	False	False	Site 10	https://rubalkhali.science/kb/RAK_1000010	Deep	False	core_sites_1_60	True	True	True	True		Extracted	QIACube		False		False		1	True	True	True	True
Sample_Mastersheet.xlsx	Trip5	84	Trip5	V10Dr2	10	10	False	False	Site 10	https://rubalkhali.science/kb/RAK_1000010	Deep	False	core_sites_1_60	True	True	True	True					False		False		0	False	False	False	False
Sample_Mastersheet.xlsx	Trip5	85	Trip5	V10Dr3	10	10	False	False	Site 10	https://rubalkhali.science/kb/RAK_1000010	Deep	False	core_sites_1_60	True	True	True	True					False		False		0	False	False	False	False
Sample_Mastersheet.xlsx	Trip5	86	Trip5	V10Sr1	10	10	False	False	Site 10	https://rubalkhali.science/kb/RAK_1000010	Surface	False	core_sites_1_60	True	True	True	True		Extracted	QIACube		False		False		0	False	False	False	True
Sample_Mastersheet.xlsx	Trip5	87	Trip5	V10Sr2	10	10	False	False	Site 10	https://rubalkhali.science/kb/RAK_1000010	Surface	False	core_sites_1_60	True	True	True	True					False		False		0	False	False	False	False
Sample_Mastersheet.xlsx	Trip5	88	Trip5	V10Sr3	10	10	False	False	Site 10	https://rubalkhali.science/kb/RAK_1000010	Surface	False	core_sites_1_60	True	True	True	True					False		False		0	False	False	False	False
Sample_Mastersheet.xlsx	Trip5	89	Trip5	V10PRr1	10	10	False	False	Site 10	https://rubalkhali.science/kb/RAK_1000010	Rhizosphere	False	core_sites_1_60	True	True	True	True		Extracted	QIACube		False		False		0	False	False	False	True
Sample_Mastersheet.xlsx	Trip5	90	Trip5	V10PRr2	10	10	False	False	Site 10	https://rubalkhali.science/kb/RAK_1000010	Rhizosphere	False	core_sites_1_60	True	True	True	True					False		False		1	True	True	True	True
Sample_Mastersheet.xlsx	Trip5	91	Trip5	V10PRr3	10	10	False	False	Site 10	https://rubalkhali.science/kb/RAK_1000010	Rhizosphere	False	core_sites_1_60	True	True	True	True					False		False		0	False	False	False	False
Sample_Mastersheet.xlsx	Trip5	92	Trip5	V11Dr1	11	11	False	False	Site 11	https://rubalkhali.science/kb/RAK_1000011	Deep	False	core_sites_1_60	True	True	True	True		Extracted	QIACube		False		False		0	False	False	False	True
Sample_Mastersheet.xlsx	Trip5	93	Trip5	V11Dr2	11	11	False	False	Site 11	https://rubalkhali.science/kb/RAK_1000011	Deep	False	core_sites_1_60	True	True	True	True					False		False		0	False	False	False	False
Sample_Mastersheet.xlsx	Trip5	94	Trip5	V11Dr3	11	11	False	False	Site 11	https://rubalkhali.science/kb/RAK_1000011	Deep	False	core_sites_1_60	True	True	True	True					False		False		1	True	True	True	True
Sample_Mastersheet.xlsx	Trip5	95	Trip5	V11Sr1	11	11	False	False	Site 11	https://rubalkhali.science/kb/RAK_1000011	Surface	False	core_sites_1_60	True	True	True	True		Extracted	QIACube		False		False		0	False	False	False	True
Sample_Mastersheet.xlsx	Trip5	96	Trip5	V11Sr2	11	11	False	False	Site 11	https://rubalkhali.science/kb/RAK_1000011	Surface	False	core_sites_1_60	True	True	True	True					False		False		1	True	True	True	True
Sample_Mastersheet.xlsx	Trip5	97	Trip5	V11Sr3	11	11	False	False	Site 11	https://rubalkhali.science/kb/RAK_1000011	Surface	False	core_sites_1_60	True	True	True	True					False		False		0	False	False	False	False
Sample_Mastersheet.xlsx	Trip5	98	Trip5	V11PRr1	11	11	False	False	Site 11	https://rubalkhali.science/kb/RAK_1000011	Rhizosphere	False	core_sites_1_60	True	True	True	True		Extracted	QIACube		False		False		0	False	False	False	True
Sample_Mastersheet.xlsx	Trip5	99	Trip5	V11PRr2	11	11	False	False	Site 11	https://rubalkhali.science/kb/RAK_1000011	Rhizosphere	False	core_sites_1_60	True	True	True	True					False		False		1	True	True	True	True
Sample_Mastersheet.xlsx	Trip5	100	Trip5	V11PRr3	11	11	False	False	Site 11	https://rubalkhali.science/kb/RAK_1000011	Rhizosphere	False	core_sites_1_60	True	True	True	True					False		False		1	True	True	True	True
Sample_Mastersheet.xlsx	Trip5	101	Trip5	V12Dr1	12	12	False	False	Site 12	https://rubalkhali.science/kb/RAK_1000012	Deep	False	core_sites_1_60	True	True	True	True		Extracted	QIACube		False		False		0	False	False	False	True
Sample_Mastersheet.xlsx	Trip5	102	Trip5	V12Dr2	12	12	False	False	Site 12	https://rubalkhali.science/kb/RAK_1000012	Deep	False	core_sites_1_60	True	True	True	True					False		False		0	False	False	False	False
Sample_Mastersheet.xlsx	Trip5	103	Trip5	V12Dr3	12	12	False	False	Site 12	https://rubalkhali.science/kb/RAK_1000012	Deep	False	core_sites_1_60	True	True	True	True					False		False		1	True	True	True	True
Sample_Mastersheet.xlsx	Trip5	104	Trip5	V12Sr1	12	12	False	False	Site 12	https://rubalkhali.science/kb/RAK_1000012	Surface	False	core_sites_1_60	True	True	True	True		Extracted	QIACube		False		False		1	True	True	True	True
Sample_Mastersheet.xlsx	Trip5	105	Trip5	V12Sr2	12	12	False	False	Site 12	https://rubalkhali.science/kb/RAK_1000012	Surface	False	core_sites_1_60	True	True	True	True					False		False		0	False	False	False	False
Sample_Mastersheet.xlsx	Trip5	106	Trip5	V12Sr3	12	12	False	False	Site 12	https://rubalkhali.science/kb/RAK_1000012	Surface	False	core_sites_1_60	True	True	True	True					False		False		1	True	True	True	True
Sample_Mastersheet.xlsx	Trip5	107	Trip5	V12PRr1	12	12	False	False	Site 12	https://rubalkhali.science/kb/RAK_1000012	Rhizosphere	False	core_sites_1_60	True	True	True	True		Extracted	QIACube		False		False		1	True	True	True	True
Sample_Mastersheet.xlsx	Trip5	108	Trip5	V12PRr2	12	12	False	False	Site 12	https://rubalkhali.science/kb/RAK_1000012	Rhizosphere	False	core_sites_1_60	True	True	True	True					False		False		1	True	True	True	True
Sample_Mastersheet.xlsx	Trip5	109	Trip5	V12PRr3	12	12	False	False	Site 12	https://rubalkhali.science/kb/RAK_1000012	Rhizosphere	False	core_sites_1_60	True	True	True	True					False		False		1	True	True	True	True
Sample_Mastersheet.xlsx	Trip5	110	Trip5	V13Dr1	13	13	False	False	Site 13	https://rubalkhali.science/kb/RAK_1000013	Deep	False	core_sites_1_60	True	True	True	True		Extracted	QIACube		False		False		0	False	False	False	True
Sample_Mastersheet.xlsx	Trip5	111	Trip5	V13Dr2	13	13	False	False	Site 13	https://rubalkhali.science/kb/RAK_1000013	Deep	False	core_sites_1_60	True	True	True	True					False		False		0	False	False	False	False
Sample_Mastersheet.xlsx	Trip5	112	Trip5	V13Dr3	13	13	False	False	Site 13	https://rubalkhali.science/kb/RAK_1000013	Deep	False	core_sites_1_60	True	True	True	True					False		False		0	False	False	False	False
Sample_Mastersheet.xlsx	Trip5	113	Trip5	V13Sr1	13	13	False	False	Site 13	https://rubalkhali.science/kb/RAK_1000013	Surface	False	core_sites_1_60	True	True	True	True		Extracted	QIACube		False		False		0	False	False	False	True
Sample_Mastersheet.xlsx	Trip5	114	Trip5	V13Sr2	13	13	False	False	Site 13	https://rubalkhali.science/kb/RAK_1000013	Surface	False	core_sites_1_60	True	True	True	True					False		False		0	False	False	False	False
Sample_Mastersheet.xlsx	Trip5	115	Trip5	V13Sr3	13	13	False	False	Site 13	https://rubalkhali.science/kb/RAK_1000013	Surface	False	core_sites_1_60	True	True	True	True					False		False		1	True	True	True	True
Sample_Mastersheet.xlsx	Trip5	116	Trip5	V13PRr1	13	13	False	False	Site 13	https://rubalkhali.science/kb/RAK_1000013	Rhizosphere	False	core_sites_1_60	True	True	True	True		Extracted	QIACube		False		False		1	True	True	True	True
Sample_Mastersheet.xlsx	Trip5	117	Trip5	V13PRr2	13	13	False	False	Site 13	https://rubalkhali.science/kb/RAK_1000013	Rhizosphere	False	core_sites_1_60	True	True	True	True					False		False		1	True	True	True	True
Sample_Mastersheet.xlsx	Trip5	118	Trip5	V13PRr3	13	13	False	False	Site 13	https://rubalkhali.science/kb/RAK_1000013	Rhizosphere	False	core_sites_1_60	True	True	True	True					False		False		0	False	False	False	False
Sample_Mastersheet.xlsx	Trip5	119	Trip5	V14Dr1	14	14	False	False	Site 14	https://rubalkhali.science/kb/RAK_1000014	Deep	False	core_sites_1_60	True	True	True	True		Extracted	QIACube		False		False		0	False	False	False	True
Sample_Mastersheet.xlsx	Trip5	120	Trip5	V14Dr2	14	14	False	False	Site 14	https://rubalkhali.science/kb/RAK_1000014	Deep	False	core_sites_1_60	True	True	True	True					False		False		0	False	False	False	False
Sample_Mastersheet.xlsx	Trip5	121	Trip5	V14Dr3	14	14	False	False	Site 14	https://rubalkhali.science/kb/RAK_1000014	Deep	False	core_sites_1_60	True	True	True	True					False		False		1	True	True	True	True
Sample_Mastersheet.xlsx	Trip5	122	Trip5	V14Sr1	14	14	False	False	Site 14	https://rubalkhali.science/kb/RAK_1000014	Surface	False	core_sites_1_60	True	True	True	True		Extracted	QIACube		False		False		1	True	True	True	True
Sample_Mastersheet.xlsx	Trip5	123	Trip5	V14Sr2	14	14	False	False	Site 14	https://rubalkhali.science/kb/RAK_1000014	Surface	False	core_sites_1_60	True	True	True	True					False		False		0	False	False	False	False
Sample_Mastersheet.xlsx	Trip5	124	Trip5	V14Sr3	14	14	False	False	Site 14	https://rubalkhali.science/kb/RAK_1000014	Surface	False	core_sites_1_60	True	True	True	True					False		False		0	False	False	False	False
Sample_Mastersheet.xlsx	Trip5	125	Trip5	V14PRr1	14	14	False	False	Site 14	https://rubalkhali.science/kb/RAK_1000014	Rhizosphere	False	core_sites_1_60	True	True	True	True		Extracted	QIACube		False		False		1	True	True	True	True
Sample_Mastersheet.xlsx	Trip5	126	Trip5	V14PRr2	14	14	False	False	Site 14	https://rubalkhali.science/kb/RAK_1000014	Rhizosphere	False	core_sites_1_60	True	True	True	True					False		False		1	True	True	True	True
Sample_Mastersheet.xlsx	Trip5	127	Trip5	V14PRr3	14	14	False	False	Site 14	https://rubalkhali.science/kb/RAK_1000014	Rhizosphere	False	core_sites_1_60	True	True	True	True					False		False		1	True	True	True	True
Sample_Mastersheet.xlsx	Trip5	128	Trip5	V15Dr1	15	15	False	False	Site 15	https://rubalkhali.science/kb/RAK_1000015	Deep	False	core_sites_1_60	True	True	True	True		Extracted	QIACube		False		False		1	True	True	True	True
Sample_Mastersheet.xlsx	Trip5	129	Trip5	V15Dr2	15	15	False	False	Site 15	https://rubalkhali.science/kb/RAK_1000015	Deep	False	core_sites_1_60	True	True	True	True					False		False		1	True	True	True	True
Sample_Mastersheet.xlsx	Trip5	130	Trip5	V15Dr3	15	15	False	False	Site 15	https://rubalkhali.science/kb/RAK_1000015	Deep	False	core_sites_1_60	True	True	True	True					False		False		1	True	True	True	True
Sample_Mastersheet.xlsx	Trip5	131	Trip5	V15Sr1	15	15	False	False	Site 15	https://rubalkhali.science/kb/RAK_1000015	Surface	False	core_sites_1_60	True	True	True	True		Extracted	QIACube		False		False		1	True	True	True	True
Sample_Mastersheet.xlsx	Trip5	132	Trip5	V15Sr2	15	15	False	False	Site 15	https://rubalkhali.science/kb/RAK_1000015	Surface	False	core_sites_1_60	True	True	True	True					False		False		1	True	True	True	True
Sample_Mastersheet.xlsx	Trip5	133	Trip5	V15Sr3	15	15	False	False	Site 15	https://rubalkhali.science/kb/RAK_1000015	Surface	False	core_sites_1_60	True	True	True	True					False		False		0	False	False	False	False
Sample_Mastersheet.xlsx	Trip5	134	Trip5	V15PRr1	15	15	False	False	Site 15	https://rubalkhali.science/kb/RAK_1000015	Rhizosphere	False	core_sites_1_60	True	True	True	True		Extracted	QIACube		False		False		1	True	True	True	True
Sample_Mastersheet.xlsx	Trip5	135	Trip5	V15PRr2	15	15	False	False	Site 15	https://rubalkhali.science/kb/RAK_1000015	Rhizosphere	False	core_sites_1_60	True	True	True	True					False		False		1	True	True	True	True
Sample_Mastersheet.xlsx	Trip5	136	Trip5	V15PRr3	15	15	False	False	Site 15	https://rubalkhali.science/kb/RAK_1000015	Rhizosphere	False	core_sites_1_60	True	True	True	True					False		False		1	True	True	True	True
Sample_Mastersheet.xlsx	Trip5	137	Trip5	V16Dr1	16	16	False	False	Site 16	https://rubalkhali.science/kb/RAK_1000016	Deep	False	core_sites_1_60	True	True	True	True		Extracted	QIACube		False		False		2	True	False	False	True
Sample_Mastersheet.xlsx	Trip5	138	Trip5	V16Dr2	16	16	False	False	Site 16	https://rubalkhali.science/kb/RAK_1000016	Deep	False	core_sites_1_60	True	True	True	True					False		False		0	False	False	False	False
Sample_Mastersheet.xlsx	Trip5	139	Trip5	V16Dr3	16	16	False	False	Site 16	https://rubalkhali.science/kb/RAK_1000016	Deep	False	core_sites_1_60	True	True	True	True					False		False		1	True	True	True	True
Sample_Mastersheet.xlsx	Trip5	140	Trip5	V16Sr1	16	16	False	False	Site 16	https://rubalkhali.science/kb/RAK_1000016	Surface	False	core_sites_1_60	True	True	True	True		Extracted	QIACube		False		False		1	True	False	False	True
Sample_Mastersheet.xlsx	Trip5	141	Trip5	V16Sr2	16	16	False	False	Site 16	https://rubalkhali.science/kb/RAK_1000016	Surface	False	core_sites_1_60	True	True	True	True					False		False		0	False	False	False	False
Sample_Mastersheet.xlsx	Trip5	142	Trip5	V16Sr3	16	16	False	False	Site 16	https://rubalkhali.science/kb/RAK_1000016	Surface	False	core_sites_1_60	True	True	True	True					False		False		0	False	False	False	False
Sample_Mastersheet.xlsx	Trip5	143	Trip5	V16PRr1	16	16	False	False	Site 16	https://rubalkhali.science/kb/RAK_1000016	Rhizosphere	False	core_sites_1_60	True	True	True	True		Extracted	QIACube		False		False		3	True	True	True	True
Sample_Mastersheet.xlsx	Trip5	144	Trip5	V16PRr2	16	16	False	False	Site 16	https://rubalkhali.science/kb/RAK_1000016	Rhizosphere	False	core_sites_1_60	True	True	True	True					False		False		1	True	True	True	True
Sample_Mastersheet.xlsx	Trip5	145	Trip5	V16PRr3	16	16	False	False	Site 16	https://rubalkhali.science/kb/RAK_1000016	Rhizosphere	False	core_sites_1_60	True	True	True	True					False		False		1	True	True	True	True
Sample_Mastersheet.xlsx	Trip5	146	Trip5	V17Dr1	17	17	False	False	Site 17	https://rubalkhali.science/kb/RAK_1000017	Deep	False	core_sites_1_60	True	True	True	True		Measured	QIACube	0.06	False		False		1	True	True	True	True
Sample_Mastersheet.xlsx	Trip5	147	Trip5	V17Dr2	17	17	False	False	Site 17	https://rubalkhali.science/kb/RAK_1000017	Deep	False	core_sites_1_60	True	True	True	True					False		False		1	True	True	True	True
Sample_Mastersheet.xlsx	Trip5	148	Trip5	V17Dr3	17	17	False	False	Site 17	https://rubalkhali.science/kb/RAK_1000017	Deep	False	core_sites_1_60	True	True	True	True					False		False		0	False	False	False	False
Sample_Mastersheet.xlsx	Trip5	149	Trip5	V17Sr1	17	17	False	False	Site 17	https://rubalkhali.science/kb/RAK_1000017	Surface	False	core_sites_1_60	True	True	True	True		Measured	QIACube	0.122	False		False		0	False	False	False	True
Sample_Mastersheet.xlsx	Trip5	150	Trip5	V17Sr2	17	17	False	False	Site 17	https://rubalkhali.science/kb/RAK_1000017	Surface	False	core_sites_1_60	True	True	True	True					False		False		0	False	False	False	False
Sample_Mastersheet.xlsx	Trip5	151	Trip5	V17Sr3	17	17	False	False	Site 17	https://rubalkhali.science/kb/RAK_1000017	Surface	False	core_sites_1_60	True	True	True	True					False		False		0	False	False	False	False
Sample_Mastersheet.xlsx	Trip5	152	Trip5	V17PRr1	17	17	False	False	Site 17	https://rubalkhali.science/kb/RAK_1000017	Rhizosphere	False	core_sites_1_60	True	True	True	True		Measured	QIACube	3.28	False		False		1	True	True	True	True
Sample_Mastersheet.xlsx	Trip5	153	Trip5	V17PRr2	17	17	False	False	Site 17	https://rubalkhali.science/kb/RAK_1000017	Rhizosphere	False	core_sites_1_60	True	True	True	True					False		False		1	True	True	True	True
Sample_Mastersheet.xlsx	Trip5	154	Trip5	V17PRr3	17	17	False	False	Site 17	https://rubalkhali.science/kb/RAK_1000017	Rhizosphere	False	core_sites_1_60	True	True	True	True					False		False		1	True	True	True	True
Sample_Mastersheet.xlsx	Trip5	155	Trip5	V18Dr1	18	18	False	False	Site 18	https://rubalkhali.science/kb/RAK_1000018	Deep	False	core_sites_1_60	True	True	True	True		Measured	QIACube	0.05	False		False		0	False	False	False	True
Sample_Mastersheet.xlsx	Trip5	156	Trip5	V18Dr2	18	18	False	False	Site 18	https://rubalkhali.science/kb/RAK_1000018	Deep	False	core_sites_1_60	True	True	True	True					False		False		0	False	False	False	False
Sample_Mastersheet.xlsx	Trip5	157	Trip5	V18Dr3	18	18	False	False	Site 18	https://rubalkhali.science/kb/RAK_1000018	Deep	False	core_sites_1_60	True	True	True	True					False		False		0	False	False	False	False
Sample_Mastersheet.xlsx	Trip5	158	Trip5	V18Sr1	18	18	False	False	Site 18	https://rubalkhali.science/kb/RAK_1000018	Surface	False	core_sites_1_60	True	True	True	True		Measured	QIACube	0.05	False		False		0	False	False	False	True
Sample_Mastersheet.xlsx	Trip5	159	Trip5	V18Sr2	18	18	False	False	Site 18	https://rubalkhali.science/kb/RAK_1000018	Surface	False	core_sites_1_60	True	True	True	True					False		False		0	False	False	False	False
Sample_Mastersheet.xlsx	Trip5	160	Trip5	V18Sr3	18	18	False	False	Site 18	https://rubalkhali.science/kb/RAK_1000018	Surface	False	core_sites_1_60	True	True	True	True					False		False		0	False	False	False	False
Sample_Mastersheet.xlsx	Trip5	161	Trip5	V18PRr1	18	18	False	False	Site 18	https://rubalkhali.science/kb/RAK_1000018	Rhizosphere	False	core_sites_1_60	True	True	True	True		Measured	QIACube	0.187	False		False		0	False	False	False	True
Sample_Mastersheet.xlsx	Trip5	162	Trip5	V18PRr2	18	18	False	False	Site 18	https://rubalkhali.science/kb/RAK_1000018	Rhizosphere	False	core_sites_1_60	True	True	True	True					False		False		1	True	True	True	True
Sample_Mastersheet.xlsx	Trip5	163	Trip5	V18PRr3	18	18	False	False	Site 18	https://rubalkhali.science/kb/RAK_1000018	Rhizosphere	False	core_sites_1_60	True	True	True	True					False		False		1	True	True	True	True
Sample_Mastersheet.xlsx	Trip5	164	Trip5	V19Dr1	19	19	False	False	Site 19	https://rubalkhali.science/kb/RAK_1000019	Deep	False	core_sites_1_60	True	True	True	True		Measured	QIACube	0.05	False		False		0	False	False	False	True
Sample_Mastersheet.xlsx	Trip5	165	Trip5	V19Dr2	19	19	False	False	Site 19	https://rubalkhali.science/kb/RAK_1000019	Deep	False	core_sites_1_60	True	True	True	True					False		False		1	True	True	True	True
Sample_Mastersheet.xlsx	Trip5	166	Trip5	V19Dr3	19	19	False	False	Site 19	https://rubalkhali.science/kb/RAK_1000019	Deep	False	core_sites_1_60	True	True	True	True					False		False		1	True	True	True	True
Sample_Mastersheet.xlsx	Trip5	167	Trip5	V19Sr1	19	19	False	False	Site 19	https://rubalkhali.science/kb/RAK_1000019	Surface	False	core_sites_1_60	True	True	True	True		Measured	QIACube	0.05	False		False		0	False	False	False	True
Sample_Mastersheet.xlsx	Trip5	168	Trip5	V19Sr2	19	19	False	False	Site 19	https://rubalkhali.science/kb/RAK_1000019	Surface	False	core_sites_1_60	True	True	True	True					False		False		0	False	False	False	False
Sample_Mastersheet.xlsx	Trip5	169	Trip5	V19Sr3	19	19	False	False	Site 19	https://rubalkhali.science/kb/RAK_1000019	Surface	False	core_sites_1_60	True	True	True	True					False		False		1	True	True	True	True
Sample_Mastersheet.xlsx	Trip5	170	Trip5	V19PRr1	19	19	False	False	Site 19	https://rubalkhali.science/kb/RAK_1000019	Rhizosphere	False	core_sites_1_60	True	True	True	True		Measured	QIACube	0.114	False		False		1	True	True	True	True
Sample_Mastersheet.xlsx	Trip5	171	Trip5	V19PRr2	19	19	False	False	Site 19	https://rubalkhali.science/kb/RAK_1000019	Rhizosphere	False	core_sites_1_60	True	True	True	True					False		False		1	True	True	True	True
Sample_Mastersheet.xlsx	Trip5	172	Trip5	V19PRr3	19	19	False	False	Site 19	https://rubalkhali.science/kb/RAK_1000019	Rhizosphere	False	core_sites_1_60	True	True	True	True					False		False		1	True	True	True	True
Sample_Mastersheet.xlsx	Trip5	173	Trip5	V20Dr1	20	20	False	False	Site 20	https://rubalkhali.science/kb/RAK_1000020	Deep	False	core_sites_1_60	True	True	True	True		Extracted	QIACube		False		False		0	False	False	False	True
Sample_Mastersheet.xlsx	Trip5	174	Trip5	V20Dr2	20	20	False	False	Site 20	https://rubalkhali.science/kb/RAK_1000020	Deep	False	core_sites_1_60	True	True	True	True					False		False		0	False	False	False	False
Sample_Mastersheet.xlsx	Trip5	175	Trip5	V20Dr3	20	20	False	False	Site 20	https://rubalkhali.science/kb/RAK_1000020	Deep	False	core_sites_1_60	True	True	True	True					False		False		0	False	False	False	False
Sample_Mastersheet.xlsx	Trip5	176	Trip5	V20Sr1	20	20	False	False	Site 20	https://rubalkhali.science/kb/RAK_1000020	Surface	False	core_sites_1_60	True	True	True	True		Extracted	QIACube		False		False		0	False	False	False	True
Sample_Mastersheet.xlsx	Trip5	177	Trip5	V20Sr2	20	20	False	False	Site 20	https://rubalkhali.science/kb/RAK_1000020	Surface	False	core_sites_1_60	True	True	True	True					False		False		1	True	True	True	True
Sample_Mastersheet.xlsx	Trip5	178	Trip5	V20Sr3	20	20	False	False	Site 20	https://rubalkhali.science/kb/RAK_1000020	Surface	False	core_sites_1_60	True	True	True	True					False		False		0	False	False	False	False
Sample_Mastersheet.xlsx	Trip5	179	Trip5	V20PRr1	20	20	False	False	Site 20	https://rubalkhali.science/kb/RAK_1000020	Rhizosphere	False	core_sites_1_60	True	True	True	True		Extracted	QIACube		False		False		1	True	True	True	True
Sample_Mastersheet.xlsx	Trip5	180	Trip5	V20PRr2	20	20	False	False	Site 20	https://rubalkhali.science/kb/RAK_1000020	Rhizosphere	False	core_sites_1_60	True	True	True	True					False		False		1	True	True	True	True
Sample_Mastersheet.xlsx	Trip5	181	Trip5	V20PRr3	20	20	False	False	Site 20	https://rubalkhali.science/kb/RAK_1000020	Rhizosphere	False	core_sites_1_60	True	True	True	True					False		False		1	True	True	True	True
Sample_Mastersheet.xlsx	Trip5	182	Trip5	V21Dr1	21	21	False	False	Site 21	https://rubalkhali.science/kb/RAK_1000021	Deep	False	core_sites_1_60	True	True	True	True		Extracted	QIACube		False		False		1	True	True	True	True
Sample_Mastersheet.xlsx	Trip5	183	Trip5	V21Dr2	21	21	False	False	Site 21	https://rubalkhali.science/kb/RAK_1000021	Deep	False	core_sites_1_60	True	True	True	True					False		False		1	True	True	True	True
Sample_Mastersheet.xlsx	Trip5	184	Trip5	V21Dr3	21	21	False	False	Site 21	https://rubalkhali.science/kb/RAK_1000021	Deep	False	core_sites_1_60	True	True	True	True					False		False		0	False	False	False	False
Sample_Mastersheet.xlsx	Trip5	185	Trip5	V21Sr1	21	21	False	False	Site 21	https://rubalkhali.science/kb/RAK_1000021	Surface	False	core_sites_1_60	True	True	True	True		Extracted	QIACube		False		False		0	False	False	False	True
Sample_Mastersheet.xlsx	Trip5	186	Trip5	V21Sr2	21	21	False	False	Site 21	https://rubalkhali.science/kb/RAK_1000021	Surface	False	core_sites_1_60	True	True	True	True					False		False		0	False	False	False	False
Sample_Mastersheet.xlsx	Trip5	187	Trip5	V21Sr3	21	21	False	False	Site 21	https://rubalkhali.science/kb/RAK_1000021	Surface	False	core_sites_1_60	True	True	True	True					False		False		1	True	True	True	True
Sample_Mastersheet.xlsx	Trip5	188	Trip5	V21PRr1	21	21	False	False	Site 21	https://rubalkhali.science/kb/RAK_1000021	Rhizosphere	False	core_sites_1_60	True	True	True	True		Extracted	QIACube		False		False		2	True	True	True	True
Sample_Mastersheet.xlsx	Trip5	189	Trip5	V21PRr2	21	21	False	False	Site 21	https://rubalkhali.science/kb/RAK_1000021	Rhizosphere	False	core_sites_1_60	True	True	True	True					False		False		2	True	True	True	True
Sample_Mastersheet.xlsx	Trip5	190	Trip5	V21PRr3	21	21	False	False	Site 21	https://rubalkhali.science/kb/RAK_1000021	Rhizosphere	False	core_sites_1_60	True	True	True	True					False		False		2	True	True	True	True
Sample_Mastersheet.xlsx	Trip5	191	Trip5	V22Dr1	22	22	False	False	Site 22	https://rubalkhali.science/kb/RAK_1000022	Deep	False	core_sites_1_60	True	True	True	True		Extracted	QIACube		False		False		0	False	False	False	True
Sample_Mastersheet.xlsx	Trip5	192	Trip5	V22Dr2	22	22	False	False	Site 22	https://rubalkhali.science/kb/RAK_1000022	Deep	False	core_sites_1_60	True	True	True	True					False		False		0	False	False	False	False
Sample_Mastersheet.xlsx	Trip5	193	Trip5	V22Dr3	22	22	False	False	Site 22	https://rubalkhali.science/kb/RAK_1000022	Deep	False	core_sites_1_60	True	True	True	True					False		False		0	False	False	False	False
Sample_Mastersheet.xlsx	Trip5	194	Trip5	V22Sr1	22	22	False	False	Site 22	https://rubalkhali.science/kb/RAK_1000022	Surface	False	core_sites_1_60	True	True	True	True		Extracted	QIACube		False		False		0	False	False	False	True
Sample_Mastersheet.xlsx	Trip5	195	Trip5	V22Sr2	22	22	False	False	Site 22	https://rubalkhali.science/kb/RAK_1000022	Surface	False	core_sites_1_60	True	True	True	True					False		False		0	False	False	False	False
Sample_Mastersheet.xlsx	Trip5	196	Trip5	V22Sr3	22	22	False	False	Site 22	https://rubalkhali.science/kb/RAK_1000022	Surface	False	core_sites_1_60	True	True	True	True					False		False		0	False	False	False	False
Sample_Mastersheet.xlsx	Trip5	197	Trip5	V22PRr1	22	22	False	False	Site 22	https://rubalkhali.science/kb/RAK_1000022	Rhizosphere	False	core_sites_1_60	True	True	True	True		Extracted	QIACube		False		False		0	False	False	False	True
Sample_Mastersheet.xlsx	Trip5	198	Trip5	V22PRr2	22	22	False	False	Site 22	https://rubalkhali.science/kb/RAK_1000022	Rhizosphere	False	core_sites_1_60	True	True	True	True					False		False		1	True	True	True	True
Sample_Mastersheet.xlsx	Trip5	199	Trip5	V22PRr3	22	22	False	False	Site 22	https://rubalkhali.science/kb/RAK_1000022	Rhizosphere	False	core_sites_1_60	True	True	True	True					False		False		0	False	False	False	False
Sample_Mastersheet.xlsx	Trip5	200	Trip5	V23Dr1	23	23	False	False	Site 23	https://rubalkhali.science/kb/RAK_1000023	Deep	False	core_sites_1_60	True	True	True	True		Extracted	QIACube		False		False		1	True	True	True	True
Sample_Mastersheet.xlsx	Trip5	201	Trip5	V23Dr2	23	23	False	False	Site 23	https://rubalkhali.science/kb/RAK_1000023	Deep	False	core_sites_1_60	True	True	True	True					False		False		0	False	False	False	False
Sample_Mastersheet.xlsx	Trip5	202	Trip5	V23Dr3	23	23	False	False	Site 23	https://rubalkhali.science/kb/RAK_1000023	Deep	False	core_sites_1_60	True	True	True	True					False		False		0	False	False	False	False
Sample_Mastersheet.xlsx	Trip5	203	Trip5	V23Sr1	23	23	False	False	Site 23	https://rubalkhali.science/kb/RAK_1000023	Surface	False	core_sites_1_60	True	True	True	True		Extracted	QIACube		False		False		0	False	False	False	True
Sample_Mastersheet.xlsx	Trip5	204	Trip5	V23Sr2	23	23	False	False	Site 23	https://rubalkhali.science/kb/RAK_1000023	Surface	False	core_sites_1_60	True	True	True	True					False		False		0	False	False	False	False
Sample_Mastersheet.xlsx	Trip5	205	Trip5	V23Sr3	23	23	False	False	Site 23	https://rubalkhali.science/kb/RAK_1000023	Surface	False	core_sites_1_60	True	True	True	True					False		False		0	False	False	False	False
Sample_Mastersheet.xlsx	Trip5	206	Trip5	V23PRr1	23	23	False	False	Site 23	https://rubalkhali.science/kb/RAK_1000023	Rhizosphere	False	core_sites_1_60	True	True	True	True		Extracted	QIACube		False		False		1	True	True	True	True
Sample_Mastersheet.xlsx	Trip5	207	Trip5	V23PRr2	23	23	False	False	Site 23	https://rubalkhali.science/kb/RAK_1000023	Rhizosphere	False	core_sites_1_60	True	True	True	True					False		False		1	True	True	True	True
Sample_Mastersheet.xlsx	Trip5	208	Trip5	V23PRr3	23	23	False	False	Site 23	https://rubalkhali.science/kb/RAK_1000023	Rhizosphere	False	core_sites_1_60	True	True	True	True					False		False		0	False	False	False	False
Sample_Mastersheet.xlsx	Trip5	209	Trip5	V24Dr1	24	24	False	False	Site 24	https://rubalkhali.science/kb/RAK_1000024	Deep	False	core_sites_1_60	True	True	True	True		Extracted	QIACube		False		False		1	True	True	True	True
Sample_Mastersheet.xlsx	Trip5	210	Trip5	V24Dr2	24	24	False	False	Site 24	https://rubalkhali.science/kb/RAK_1000024	Deep	False	core_sites_1_60	True	True	True	True					False		False		0	False	False	False	False
Sample_Mastersheet.xlsx	Trip5	211	Trip5	V24Dr3	24	24	False	False	Site 24	https://rubalkhali.science/kb/RAK_1000024	Deep	False	core_sites_1_60	True	True	True	True					False		False		0	False	False	False	False
Sample_Mastersheet.xlsx	Trip5	212	Trip5	V24Sr1	24	24	False	False	Site 24	https://rubalkhali.science/kb/RAK_1000024	Surface	False	core_sites_1_60	True	True	True	True		Extracted	QIACube		False		False		0	False	False	False	True
Sample_Mastersheet.xlsx	Trip5	213	Trip5	V24Sr2	24	24	False	False	Site 24	https://rubalkhali.science/kb/RAK_1000024	Surface	False	core_sites_1_60	True	True	True	True					False		False		0	False	False	False	False
Sample_Mastersheet.xlsx	Trip5	214	Trip5	V24Sr3	24	24	False	False	Site 24	https://rubalkhali.science/kb/RAK_1000024	Surface	False	core_sites_1_60	True	True	True	True					False		False		0	False	False	False	False
Sample_Mastersheet.xlsx	Trip5	215	Trip5	V24PRr1	24	24	False	False	Site 24	https://rubalkhali.science/kb/RAK_1000024	Rhizosphere	False	core_sites_1_60	True	True	True	True		Extracted	QIACube		False		False		1	True	True	True	True
Sample_Mastersheet.xlsx	Trip5	216	Trip5	V24PRr2	24	24	False	False	Site 24	https://rubalkhali.science/kb/RAK_1000024	Rhizosphere	False	core_sites_1_60	True	True	True	True					False		False		0	False	False	False	False
Sample_Mastersheet.xlsx	Trip5	217	Trip5	V24PRr3	24	24	False	False	Site 24	https://rubalkhali.science/kb/RAK_1000024	Rhizosphere	False	core_sites_1_60	True	True	True	True					False		False		1	True	True	True	True
Sample_Mastersheet.xlsx	Trip5	218	Trip5	V25Dr1	25	25	False	False	Site 25	https://rubalkhali.science/kb/RAK_1000025	Deep	False	core_sites_1_60	True	True	True	True		Extracted	QIACube		False		False		0	False	False	False	True
Sample_Mastersheet.xlsx	Trip5	219	Trip5	V25Dr2	25	25	False	False	Site 25	https://rubalkhali.science/kb/RAK_1000025	Deep	False	core_sites_1_60	True	True	True	True					False		False		0	False	False	False	False
Sample_Mastersheet.xlsx	Trip5	220	Trip5	V25Dr3	25	25	False	False	Site 25	https://rubalkhali.science/kb/RAK_1000025	Deep	False	core_sites_1_60	True	True	True	True					False		False		1	True	True	True	True
Sample_Mastersheet.xlsx	Trip5	221	Trip5	V25Sr1	25	25	False	False	Site 25	https://rubalkhali.science/kb/RAK_1000025	Surface	False	core_sites_1_60	True	True	True	True		Extracted	QIACube		False		False		0	False	False	False	True
Sample_Mastersheet.xlsx	Trip5	222	Trip5	V25Sr2	25	25	False	False	Site 25	https://rubalkhali.science/kb/RAK_1000025	Surface	False	core_sites_1_60	True	True	True	True					False		False		1	True	True	True	True
Sample_Mastersheet.xlsx	Trip5	223	Trip5	V25Sr3	25	25	False	False	Site 25	https://rubalkhali.science/kb/RAK_1000025	Surface	False	core_sites_1_60	True	True	True	True					False		False		1	True	True	True	True
Sample_Mastersheet.xlsx	Trip5	224	Trip5	V25PRr1	25	25	False	False	Site 25	https://rubalkhali.science/kb/RAK_1000025	Rhizosphere	False	core_sites_1_60	True	True	True	True		Extracted	QIACube		False		False		1	True	True	True	True
Sample_Mastersheet.xlsx	Trip5	225	Trip5	V25PRr2	25	25	False	False	Site 25	https://rubalkhali.science/kb/RAK_1000025	Rhizosphere	False	core_sites_1_60	True	True	True	True					False		False		1	True	True	True	True
Sample_Mastersheet.xlsx	Trip5	226	Trip5	V25PRr3	25	25	False	False	Site 25	https://rubalkhali.science/kb/RAK_1000025	Rhizosphere	False	core_sites_1_60	True	True	True	True					False		False		1	True	True	True	True
Sample_Mastersheet.xlsx	Trip5	227	Trip5	V26Dr1	26	26	False	False	Site 26	https://rubalkhali.science/kb/RAK_1000026	Deep	False	core_sites_1_60	True	True	True	True		Extracted	QIACube		False		False		0	False	False	False	True
Sample_Mastersheet.xlsx	Trip5	228	Trip5	V26Dr2	26	26	False	False	Site 26	https://rubalkhali.science/kb/RAK_1000026	Deep	False	core_sites_1_60	True	True	True	True					False		False		1	True	True	True	True
Sample_Mastersheet.xlsx	Trip5	229	Trip5	V26Dr3	26	26	False	False	Site 26	https://rubalkhali.science/kb/RAK_1000026	Deep	False	core_sites_1_60	True	True	True	True					False		False		1	True	True	True	True
Sample_Mastersheet.xlsx	Trip5	230	Trip5	V26Sr1	26	26	False	False	Site 26	https://rubalkhali.science/kb/RAK_1000026	Surface	False	core_sites_1_60	True	True	True	True		Extracted	QIACube		False		False		0	False	False	False	True
Sample_Mastersheet.xlsx	Trip5	231	Trip5	V26Sr2	26	26	False	False	Site 26	https://rubalkhali.science/kb/RAK_1000026	Surface	False	core_sites_1_60	True	True	True	True					False		False		1	True	True	True	True
Sample_Mastersheet.xlsx	Trip5	232	Trip5	V26Sr3	26	26	False	False	Site 26	https://rubalkhali.science/kb/RAK_1000026	Surface	False	core_sites_1_60	True	True	True	True					False		False		0	False	False	False	False
Sample_Mastersheet.xlsx	Trip5	233	Trip5	V26PRr1	26	26	False	False	Site 26	https://rubalkhali.science/kb/RAK_1000026	Rhizosphere	False	core_sites_1_60	True	True	True	True		Extracted	QIACube		False		False		1	True	True	True	True
Sample_Mastersheet.xlsx	Trip5	234	Trip5	V26PRr2	26	26	False	False	Site 26	https://rubalkhali.science/kb/RAK_1000026	Rhizosphere	False	core_sites_1_60	True	True	True	True					False		False		1	True	True	True	True
Sample_Mastersheet.xlsx	Trip5	235	Trip5	V26PRr3	26	26	False	False	Site 26	https://rubalkhali.science/kb/RAK_1000026	Rhizosphere	False	core_sites_1_60	True	True	True	True					False		False		0	False	False	False	False
Sample_Mastersheet.xlsx	Trip5	236	Trip5	V27Dr1	27	27	False	False	Site 27	https://rubalkhali.science/kb/RAK_1000027	Deep	False	core_sites_1_60	True	True	True	True		Extracted	QIACube		False		False		0	False	False	False	True
Sample_Mastersheet.xlsx	Trip5	237	Trip5	V27Dr2	27	27	False	False	Site 27	https://rubalkhali.science/kb/RAK_1000027	Deep	False	core_sites_1_60	True	True	True	True					False		False		1	True	True	True	True
Sample_Mastersheet.xlsx	Trip5	238	Trip5	V27Dr3	27	27	False	False	Site 27	https://rubalkhali.science/kb/RAK_1000027	Deep	False	core_sites_1_60	True	True	True	True					False		False		1	True	True	True	True
Sample_Mastersheet.xlsx	Trip5	239	Trip5	V27Sr1	27	27	False	False	Site 27	https://rubalkhali.science/kb/RAK_1000027	Surface	False	core_sites_1_60	True	True	True	True		Extracted	QIACube		False		False		0	False	False	False	True
Sample_Mastersheet.xlsx	Trip5	240	Trip5	V27Sr2	27	27	False	False	Site 27	https://rubalkhali.science/kb/RAK_1000027	Surface	False	core_sites_1_60	True	True	True	True					False		False		0	False	False	False	False
Sample_Mastersheet.xlsx	Trip5	241	Trip5	V27Sr3	27	27	False	False	Site 27	https://rubalkhali.science/kb/RAK_1000027	Surface	False	core_sites_1_60	True	True	True	True					False		False		0	False	False	False	False
Sample_Mastersheet.xlsx	Trip5	242	Trip5	V27PRr1	27	27	False	False	Site 27	https://rubalkhali.science/kb/RAK_1000027	Rhizosphere	False	core_sites_1_60	True	True	True	True		Extracted	QIACube		False		False		1	True	True	True	True
Sample_Mastersheet.xlsx	Trip5	243	Trip5	V27PRr2	27	27	False	False	Site 27	https://rubalkhali.science/kb/RAK_1000027	Rhizosphere	False	core_sites_1_60	True	True	True	True					False		False		1	True	True	True	True
Sample_Mastersheet.xlsx	Trip5	244	Trip5	V27PRr3	27	27	False	False	Site 27	https://rubalkhali.science/kb/RAK_1000027	Rhizosphere	False	core_sites_1_60	True	True	True	True					False		False		1	True	True	True	True
Sample_Mastersheet.xlsx	Trip5	245	Trip5	V28Dr1	28	28	False	False	Site 28	https://rubalkhali.science/kb/RAK_1000028	Deep	False	core_sites_1_60	True	True	True	True		Extracted	QIACube		False		False		1	True	True	True	True
Sample_Mastersheet.xlsx	Trip5	246	Trip5	V28Dr2	28	28	False	False	Site 28	https://rubalkhali.science/kb/RAK_1000028	Deep	False	core_sites_1_60	True	True	True	True					False		False		0	False	False	False	False
Sample_Mastersheet.xlsx	Trip5	247	Trip5	V28Dr3	28	28	False	False	Site 28	https://rubalkhali.science/kb/RAK_1000028	Deep	False	core_sites_1_60	True	True	True	True					False		False		1	True	True	True	True
Sample_Mastersheet.xlsx	Trip5	248	Trip5	V28Sr1	28	28	False	False	Site 28	https://rubalkhali.science/kb/RAK_1000028	Surface	False	core_sites_1_60	True	True	True	True		Extracted	QIACube		False		False		0	False	False	False	True
Sample_Mastersheet.xlsx	Trip5	249	Trip5	V28Sr2	28	28	False	False	Site 28	https://rubalkhali.science/kb/RAK_1000028	Surface	False	core_sites_1_60	True	True	True	True					False		False		0	False	False	False	False
Sample_Mastersheet.xlsx	Trip5	250	Trip5	V28Sr3	28	28	False	False	Site 28	https://rubalkhali.science/kb/RAK_1000028	Surface	False	core_sites_1_60	True	True	True	True					False		False		0	False	False	False	False
Sample_Mastersheet.xlsx	Trip5	251	Trip5	V28PRr1	28	28	False	False	Site 28	https://rubalkhali.science/kb/RAK_1000028	Rhizosphere	False	core_sites_1_60	True	True	True	True		Extracted	QIACube		False		False		1	True	True	True	True
Sample_Mastersheet.xlsx	Trip5	252	Trip5	V28PRr2	28	28	False	False	Site 28	https://rubalkhali.science/kb/RAK_1000028	Rhizosphere	False	core_sites_1_60	True	True	True	True					False		False		1	True	True	True	True
Sample_Mastersheet.xlsx	Trip5	253	Trip5	V28PRr3	28	28	False	False	Site 28	https://rubalkhali.science/kb/RAK_1000028	Rhizosphere	False	core_sites_1_60	True	True	True	True					False		False		1	True	True	True	True
Sample_Mastersheet.xlsx	Trip5	254	Trip5	V29Dr1	29	29	False	False	Site 29	https://rubalkhali.science/kb/RAK_1000029	Deep	False	core_sites_1_60	True	True	True	True		Measured	QIACube	0.236	False		False		0	False	False	False	True
Sample_Mastersheet.xlsx	Trip5	255	Trip5	V29Dr2	29	29	False	False	Site 29	https://rubalkhali.science/kb/RAK_1000029	Deep	False	core_sites_1_60	True	True	True	True					False		False		0	False	False	False	False
Sample_Mastersheet.xlsx	Trip5	256	Trip5	V29Dr3	29	29	False	False	Site 29	https://rubalkhali.science/kb/RAK_1000029	Deep	False	core_sites_1_60	True	True	True	True					False		False		0	False	False	False	False
Sample_Mastersheet.xlsx	Trip5	257	Trip5	V29Sr1	29	29	False	False	Site 29	https://rubalkhali.science/kb/RAK_1000029	Surface	False	core_sites_1_60	True	True	True	True		Measured	QIACube	0.412	False		False		0	False	False	False	True
Sample_Mastersheet.xlsx	Trip5	258	Trip5	V29Sr2	29	29	False	False	Site 29	https://rubalkhali.science/kb/RAK_1000029	Surface	False	core_sites_1_60	True	True	True	True					False		False		0	False	False	False	False
Sample_Mastersheet.xlsx	Trip5	259	Trip5	V29Sr3	29	29	False	False	Site 29	https://rubalkhali.science/kb/RAK_1000029	Surface	False	core_sites_1_60	True	True	True	True					False		False		0	False	False	False	False
Sample_Mastersheet.xlsx	Trip5	260	Trip5	V29PRr1	29	29	False	False	Site 29	https://rubalkhali.science/kb/RAK_1000029	Rhizosphere	False	core_sites_1_60	True	True	True	True		Measured	QIACube	0.514	False		False		0	False	False	False	True
Sample_Mastersheet.xlsx	Trip5	261	Trip5	V29PRr2	29	29	False	False	Site 29	https://rubalkhali.science/kb/RAK_1000029	Rhizosphere	False	core_sites_1_60	True	True	True	True					False		False		1	True	True	True	True
Sample_Mastersheet.xlsx	Trip5	262	Trip5	V29PRr3	29	29	False	False	Site 29	https://rubalkhali.science/kb/RAK_1000029	Rhizosphere	False	core_sites_1_60	True	True	True	True					False		False		1	True	True	True	True
Sample_Mastersheet.xlsx	Trip5	263	Trip5	V30Dr1	30	30	False	False	Site 30	https://rubalkhali.science/kb/RAK_1000030	Deep	False	core_sites_1_60	True	True	True	True		Extracted	QIACube		False		False		0	False	False	False	True
Sample_Mastersheet.xlsx	Trip5	264	Trip5	V30Dr2	30	30	False	False	Site 30	https://rubalkhali.science/kb/RAK_1000030	Deep	False	core_sites_1_60	True	True	True	True					False		False		0	False	False	False	False
Sample_Mastersheet.xlsx	Trip5	265	Trip5	V30Dr3	30	30	False	False	Site 30	https://rubalkhali.science/kb/RAK_1000030	Deep	False	core_sites_1_60	True	True	True	True					False		False		0	False	False	False	False
Sample_Mastersheet.xlsx	Trip5	266	Trip5	V30Sr1	30	30	False	False	Site 30	https://rubalkhali.science/kb/RAK_1000030	Surface	False	core_sites_1_60	True	True	True	True		Extracted	QIACube		False		False		0	False	False	False	True
Sample_Mastersheet.xlsx	Trip5	267	Trip5	V30Sr2	30	30	False	False	Site 30	https://rubalkhali.science/kb/RAK_1000030	Surface	False	core_sites_1_60	True	True	True	True					False		False		1	True	True	True	True
Sample_Mastersheet.xlsx	Trip5	268	Trip5	V30Sr3	30	30	False	False	Site 30	https://rubalkhali.science/kb/RAK_1000030	Surface	False	core_sites_1_60	True	True	True	True					False		False		0	False	False	False	False
Sample_Mastersheet.xlsx	Trip5	269	Trip5	V30PRr1	30	30	False	False	Site 30	https://rubalkhali.science/kb/RAK_1000030	Rhizosphere	False	core_sites_1_60	True	True	True	True		Extracted	QIACube		False		False		1	True	True	True	True
Sample_Mastersheet.xlsx	Trip5	270	Trip5	V30PRr2	30	30	False	False	Site 30	https://rubalkhali.science/kb/RAK_1000030	Rhizosphere	False	core_sites_1_60	True	True	True	True					False		False		1	True	True	True	True
Sample_Mastersheet.xlsx	Trip5	271	Trip5	V30PRr3	30	30	False	False	Site 30	https://rubalkhali.science/kb/RAK_1000030	Rhizosphere	False	core_sites_1_60	True	True	True	True					False		False		1	True	True	True	True
Sample_Mastersheet.xlsx	Trip5	272	Trip5	V31Dr1	31	31	False	False	Site 31	https://rubalkhali.science/kb/RAK_1000031	Deep	False	core_sites_1_60	True	True	True	True		Extracted	QIACube		False		False		1	True	True	True	True
Sample_Mastersheet.xlsx	Trip5	273	Trip5	V31Dr2	31	31	False	False	Site 31	https://rubalkhali.science/kb/RAK_1000031	Deep	False	core_sites_1_60	True	True	True	True					False		False		0	False	False	False	False
Sample_Mastersheet.xlsx	Trip5	274	Trip5	V31Dr3	31	31	False	False	Site 31	https://rubalkhali.science/kb/RAK_1000031	Deep	False	core_sites_1_60	True	True	True	True					False		False		1	True	True	True	True
Sample_Mastersheet.xlsx	Trip5	275	Trip5	V31Sr1	31	31	False	False	Site 31	https://rubalkhali.science/kb/RAK_1000031	Surface	False	core_sites_1_60	True	True	True	True		Extracted	QIACube		False		False		0	False	False	False	True
Sample_Mastersheet.xlsx	Trip5	276	Trip5	V31Sr2	31	31	False	False	Site 31	https://rubalkhali.science/kb/RAK_1000031	Surface	False	core_sites_1_60	True	True	True	True					False		False		0	False	False	False	False
Sample_Mastersheet.xlsx	Trip5	277	Trip5	V31Sr3	31	31	False	False	Site 31	https://rubalkhali.science/kb/RAK_1000031	Surface	False	core_sites_1_60	True	True	True	True					False		False		0	False	False	False	False
Sample_Mastersheet.xlsx	Trip5	278	Trip5	V31PRr1	31	31	False	False	Site 31	https://rubalkhali.science/kb/RAK_1000031	Rhizosphere	False	core_sites_1_60	True	True	True	True		Extracted	QIACube		False		False		0	False	False	False	True
Sample_Mastersheet.xlsx	Trip5	279	Trip5	V31PRr2	31	31	False	False	Site 31	https://rubalkhali.science/kb/RAK_1000031	Rhizosphere	False	core_sites_1_60	True	True	True	True					False		False		0	False	False	False	False
Sample_Mastersheet.xlsx	Trip5	280	Trip5	V31PRr3	31	31	False	False	Site 31	https://rubalkhali.science/kb/RAK_1000031	Rhizosphere	False	core_sites_1_60	True	True	True	True					False		False		0	False	False	False	False
Sample_Mastersheet.xlsx	Trip5	281	Trip5	V32Dr1	32	32	False	False	Site 32	https://rubalkhali.science/kb/RAK_1000032	Deep	False	core_sites_1_60	True	True	True	True		Extracted	QIACube		False		False		0	False	False	False	True
Sample_Mastersheet.xlsx	Trip5	282	Trip5	V32Dr2	32	32	False	False	Site 32	https://rubalkhali.science/kb/RAK_1000032	Deep	False	core_sites_1_60	True	True	True	True					False		False		0	False	False	False	False
Sample_Mastersheet.xlsx	Trip5	283	Trip5	V32Dr3	32	32	False	False	Site 32	https://rubalkhali.science/kb/RAK_1000032	Deep	False	core_sites_1_60	True	True	True	True					False		False		0	False	False	False	False
Sample_Mastersheet.xlsx	Trip5	284	Trip5	V32Sr1	32	32	False	False	Site 32	https://rubalkhali.science/kb/RAK_1000032	Surface	False	core_sites_1_60	True	True	True	True		Extracted	QIACube		False		False		0	False	False	False	True
Sample_Mastersheet.xlsx	Trip5	285	Trip5	V32Sr2	32	32	False	False	Site 32	https://rubalkhali.science/kb/RAK_1000032	Surface	False	core_sites_1_60	True	True	True	True					False		False		0	False	False	False	False
Sample_Mastersheet.xlsx	Trip5	286	Trip5	V32Sr3	32	32	False	False	Site 32	https://rubalkhali.science/kb/RAK_1000032	Surface	False	core_sites_1_60	True	True	True	True					False		False		0	False	False	False	False
Sample_Mastersheet.xlsx	Trip5	287	Trip5	V32PRr1	32	32	False	False	Site 32	https://rubalkhali.science/kb/RAK_1000032	Rhizosphere	False	core_sites_1_60	True	True	True	True		Extracted	QIACube		False		False		1	True	True	True	True
Sample_Mastersheet.xlsx	Trip5	288	Trip5	V32PRr2	32	32	False	False	Site 32	https://rubalkhali.science/kb/RAK_1000032	Rhizosphere	False	core_sites_1_60	True	True	True	True					False		False		1	True	True	True	True
Sample_Mastersheet.xlsx	Trip5	289	Trip5	V32PRr3	32	32	False	False	Site 32	https://rubalkhali.science/kb/RAK_1000032	Rhizosphere	False	core_sites_1_60	True	True	True	True					False		False		1	True	True	True	True
Sample_Mastersheet.xlsx	Trip5	290	Trip5	V33Dr1	33	33	False	False	Site 33	https://rubalkhali.science/kb/RAK_1000033	Deep	False	core_sites_1_60	True	True	True	True		Extracted	QIACube		False		False		0	False	False	False	True
Sample_Mastersheet.xlsx	Trip5	291	Trip5	V33Dr2	33	33	False	False	Site 33	https://rubalkhali.science/kb/RAK_1000033	Deep	False	core_sites_1_60	True	True	True	True					False		False		0	False	False	False	False
Sample_Mastersheet.xlsx	Trip5	292	Trip5	V33Dr3	33	33	False	False	Site 33	https://rubalkhali.science/kb/RAK_1000033	Deep	False	core_sites_1_60	True	True	True	True					False		False		0	False	False	False	False
Sample_Mastersheet.xlsx	Trip5	293	Trip5	V33Sr1	33	33	False	False	Site 33	https://rubalkhali.science/kb/RAK_1000033	Surface	False	core_sites_1_60	True	True	True	True		Extracted	QIACube		False		False		0	False	False	False	True
Sample_Mastersheet.xlsx	Trip5	294	Trip5	V33Sr2	33	33	False	False	Site 33	https://rubalkhali.science/kb/RAK_1000033	Surface	False	core_sites_1_60	True	True	True	True					False		False		0	False	False	False	False
Sample_Mastersheet.xlsx	Trip5	295	Trip5	V33Sr3	33	33	False	False	Site 33	https://rubalkhali.science/kb/RAK_1000033	Surface	False	core_sites_1_60	True	True	True	True					False		False		0	False	False	False	False
Sample_Mastersheet.xlsx	Trip5	296	Trip5	V33PRr1	33	33	False	False	Site 33	https://rubalkhali.science/kb/RAK_1000033	Rhizosphere	False	core_sites_1_60	True	True	True	True		Extracted	QIACube		False		False		1	True	True	True	True
Sample_Mastersheet.xlsx	Trip5	297	Trip5	V33PRr2	33	33	False	False	Site 33	https://rubalkhali.science/kb/RAK_1000033	Rhizosphere	False	core_sites_1_60	True	True	True	True					False		False		1	True	True	True	True
Sample_Mastersheet.xlsx	Trip5	298	Trip5	V33PRr3	33	33	False	False	Site 33	https://rubalkhali.science/kb/RAK_1000033	Rhizosphere	False	core_sites_1_60	True	True	True	True					False		False		1	True	True	True	True
Sample_Mastersheet.xlsx	Trip5	299	Trip5	V34Dr1	34	34	False	False	Site 34	https://rubalkhali.science/kb/RAK_1000034	Deep	False	core_sites_1_60	True	True	True	True		Measured	QIACube	0.06	False		False		0	False	False	False	True
Sample_Mastersheet.xlsx	Trip5	300	Trip5	V34Dr2	34	34	False	False	Site 34	https://rubalkhali.science/kb/RAK_1000034	Deep	False	core_sites_1_60	True	True	True	True					False		False		1	True	True	True	True
Sample_Mastersheet.xlsx	Trip5	301	Trip5	V34Dr3	34	34	False	False	Site 34	https://rubalkhali.science/kb/RAK_1000034	Deep	False	core_sites_1_60	True	True	True	True					False		False		0	False	False	False	False
Sample_Mastersheet.xlsx	Trip5	302	Trip5	V34Sr1	34	34	False	False	Site 34	https://rubalkhali.science/kb/RAK_1000034	Surface	False	core_sites_1_60	True	True	True	True		Measured	QIACube	0.098	False		False		0	False	False	False	True
Sample_Mastersheet.xlsx	Trip5	303	Trip5	V34Sr2	34	34	False	False	Site 34	https://rubalkhali.science/kb/RAK_1000034	Surface	False	core_sites_1_60	True	True	True	True					False		False		0	False	False	False	False
Sample_Mastersheet.xlsx	Trip5	304	Trip5	V34Sr3	34	34	False	False	Site 34	https://rubalkhali.science/kb/RAK_1000034	Surface	False	core_sites_1_60	True	True	True	True					False		False		0	False	False	False	False
Sample_Mastersheet.xlsx	Trip5	305	Trip5	V34PRr1	34	34	False	False	Site 34	https://rubalkhali.science/kb/RAK_1000034	Rhizosphere	False	core_sites_1_60	True	True	True	True		Measured	QIACube	1.45	False		False		1	True	True	True	True
Sample_Mastersheet.xlsx	Trip5	306	Trip5	V34PRr2	34	34	False	False	Site 34	https://rubalkhali.science/kb/RAK_1000034	Rhizosphere	False	core_sites_1_60	True	True	True	True					False		False		1	True	True	True	True
Sample_Mastersheet.xlsx	Trip5	307	Trip5	V34PRr3	34	34	False	False	Site 34	https://rubalkhali.science/kb/RAK_1000034	Rhizosphere	False	core_sites_1_60	True	True	True	True					False		False		1	True	True	True	True
Sample_Mastersheet.xlsx	Trip5	308	Trip5	V35Dr1	35	35	False	False	Site 35	https://rubalkhali.science/kb/RAK_1000035	Deep	False	core_sites_1_60	True	True	True	True		Measured	QIACube		False		False		1	True	True	True	True
Sample_Mastersheet.xlsx	Trip5	309	Trip5	V35Dr2	35	35	False	False	Site 35	https://rubalkhali.science/kb/RAK_1000035	Deep	False	core_sites_1_60	True	True	True	True					False		False		0	False	False	False	False
Sample_Mastersheet.xlsx	Trip5	310	Trip5	V35Dr3	35	35	False	False	Site 35	https://rubalkhali.science/kb/RAK_1000035	Deep	False	core_sites_1_60	True	True	True	True					False		False		0	False	False	False	False
Sample_Mastersheet.xlsx	Trip5	311	Trip5	V35Sr1	35	35	False	False	Site 35	https://rubalkhali.science/kb/RAK_1000035	Surface	False	core_sites_1_60	True	True	True	True		Measured	QIACube		False		False		0	False	False	False	True
Sample_Mastersheet.xlsx	Trip5	312	Trip5	V35Sr2	35	35	False	False	Site 35	https://rubalkhali.science/kb/RAK_1000035	Surface	False	core_sites_1_60	True	True	True	True					False		False		0	False	False	False	False
Sample_Mastersheet.xlsx	Trip5	313	Trip5	V35Sr3	35	35	False	False	Site 35	https://rubalkhali.science/kb/RAK_1000035	Surface	False	core_sites_1_60	True	True	True	True					False		False		0	False	False	False	False
Sample_Mastersheet.xlsx	Trip5	314	Trip5	V35PRr1	35	35	False	False	Site 35	https://rubalkhali.science/kb/RAK_1000035	Rhizosphere	False	core_sites_1_60	True	True	True	True		Measured	QIACube		False		False		1	True	True	True	True
Sample_Mastersheet.xlsx	Trip5	315	Trip5	V35PRr2	35	35	False	False	Site 35	https://rubalkhali.science/kb/RAK_1000035	Rhizosphere	False	core_sites_1_60	True	True	True	True					False		False		1	True	True	True	True
Sample_Mastersheet.xlsx	Trip5	316	Trip5	V35PRr3	35	35	False	False	Site 35	https://rubalkhali.science/kb/RAK_1000035	Rhizosphere	False	core_sites_1_60	True	True	True	True					False		False		2	True	True	True	True
Sample_Mastersheet.xlsx	Trip5	317	Trip5	V36Dr1	36	36	False	False	Site 36	https://rubalkhali.science/kb/RAK_1000036	Deep	False	core_sites_1_60	True	True	True	True		Measured	QIACube		False		False		0	False	False	False	True
Sample_Mastersheet.xlsx	Trip5	318	Trip5	V36Dr2	36	36	False	False	Site 36	https://rubalkhali.science/kb/RAK_1000036	Deep	False	core_sites_1_60	True	True	True	True					False		False		0	False	False	False	False
Sample_Mastersheet.xlsx	Trip5	319	Trip5	V36Dr3	36	36	False	False	Site 36	https://rubalkhali.science/kb/RAK_1000036	Deep	False	core_sites_1_60	True	True	True	True					False		False		0	False	False	False	False
Sample_Mastersheet.xlsx	Trip5	320	Trip5	V36Sr1	36	36	False	False	Site 36	https://rubalkhali.science/kb/RAK_1000036	Surface	False	core_sites_1_60	True	True	True	True		Measured	QIACube		False		False		0	False	False	False	True
Sample_Mastersheet.xlsx	Trip5	321	Trip5	V36Sr2	36	36	False	False	Site 36	https://rubalkhali.science/kb/RAK_1000036	Surface	False	core_sites_1_60	True	True	True	True					False		False		0	False	False	False	False
Sample_Mastersheet.xlsx	Trip5	322	Trip5	V36Sr3	36	36	False	False	Site 36	https://rubalkhali.science/kb/RAK_1000036	Surface	False	core_sites_1_60	True	True	True	True					False		False		0	False	False	False	False
Sample_Mastersheet.xlsx	Trip5	323	Trip5	V36PRr1	36	36	False	False	Site 36	https://rubalkhali.science/kb/RAK_1000036	Rhizosphere	False	core_sites_1_60	True	True	True	True		Measured	QIACube		False		False		0	False	False	False	True
Sample_Mastersheet.xlsx	Trip5	324	Trip5	V36PRr2	36	36	False	False	Site 36	https://rubalkhali.science/kb/RAK_1000036	Rhizosphere	False	core_sites_1_60	True	True	True	True					False		False		0	False	False	False	False
Sample_Mastersheet.xlsx	Trip5	325	Trip5	V36PRr3	36	36	False	False	Site 36	https://rubalkhali.science/kb/RAK_1000036	Rhizosphere	False	core_sites_1_60	True	True	True	True					False		False		0	False	False	False	False
Sample_Mastersheet.xlsx	Trip5	326	Trip5	V37Dr1	37	37	False	False	Site 37	https://rubalkhali.science/kb/RAK_1000037	Deep	False	core_sites_1_60	True	True	True	True		Measured	QIACube		False		False		1	True	True	True	True
Sample_Mastersheet.xlsx	Trip5	327	Trip5	V37Dr2	37	37	False	False	Site 37	https://rubalkhali.science/kb/RAK_1000037	Deep	False	core_sites_1_60	True	True	True	True					False		False		0	False	False	False	False
Sample_Mastersheet.xlsx	Trip5	328	Trip5	V37Dr3	37	37	False	False	Site 37	https://rubalkhali.science/kb/RAK_1000037	Deep	False	core_sites_1_60	True	True	True	True					False		False		0	False	False	False	False
Sample_Mastersheet.xlsx	Trip5	329	Trip5	V37Sr1	37	37	False	False	Site 37	https://rubalkhali.science/kb/RAK_1000037	Surface	False	core_sites_1_60	True	True	True	True		Measured	QIACube		False		False		0	False	False	False	True
Sample_Mastersheet.xlsx	Trip5	330	Trip5	V37Sr2	37	37	False	False	Site 37	https://rubalkhali.science/kb/RAK_1000037	Surface	False	core_sites_1_60	True	True	True	True					False		False		0	False	False	False	False
Sample_Mastersheet.xlsx	Trip5	331	Trip5	V37Sr3	37	37	False	False	Site 37	https://rubalkhali.science/kb/RAK_1000037	Surface	False	core_sites_1_60	True	True	True	True					False		False		0	False	False	False	False
Sample_Mastersheet.xlsx	Trip5	332	Trip5	V37PRr1	37	37	False	False	Site 37	https://rubalkhali.science/kb/RAK_1000037	Rhizosphere	False	core_sites_1_60	True	True	True	True		Measured	QIACube		False		False		0	False	False	False	True
Sample_Mastersheet.xlsx	Trip5	333	Trip5	V37PRr2	37	37	False	False	Site 37	https://rubalkhali.science/kb/RAK_1000037	Rhizosphere	False	core_sites_1_60	True	True	True	True					False		False		1	True	True	True	True
Sample_Mastersheet.xlsx	Trip5	334	Trip5	V37PRr3	37	37	False	False	Site 37	https://rubalkhali.science/kb/RAK_1000037	Rhizosphere	False	core_sites_1_60	True	True	True	True					False		False		1	True	True	True	True
Sample_Mastersheet.xlsx	Trip5	335	Trip5	V38Dr1	38	38	False	False	Site 38	https://rubalkhali.science/kb/RAK_1000038	Deep	False	core_sites_1_60	True	True	True	True		Measured	QIACube		False		False		0	False	False	False	True
Sample_Mastersheet.xlsx	Trip5	336	Trip5	V38Dr2	38	38	False	False	Site 38	https://rubalkhali.science/kb/RAK_1000038	Deep	False	core_sites_1_60	True	True	True	True					False		False		0	False	False	False	False
Sample_Mastersheet.xlsx	Trip5	337	Trip5	V38Dr3	38	38	False	False	Site 38	https://rubalkhali.science/kb/RAK_1000038	Deep	False	core_sites_1_60	True	True	True	True					False		False		0	False	False	False	False
Sample_Mastersheet.xlsx	Trip5	338	Trip5	V38Sr1	38	38	False	False	Site 38	https://rubalkhali.science/kb/RAK_1000038	Surface	False	core_sites_1_60	True	True	True	True		Measured	QIACube		False		False		0	False	False	False	True
Sample_Mastersheet.xlsx	Trip5	339	Trip5	V38Sr2	38	38	False	False	Site 38	https://rubalkhali.science/kb/RAK_1000038	Surface	False	core_sites_1_60	True	True	True	True					False		False		1	True	True	True	True
Sample_Mastersheet.xlsx	Trip5	340	Trip5	V38Sr3	38	38	False	False	Site 38	https://rubalkhali.science/kb/RAK_1000038	Surface	False	core_sites_1_60	True	True	True	True					False		False		0	False	False	False	False
Sample_Mastersheet.xlsx	Trip5	341	Trip5	V38PRr1	38	38	False	False	Site 38	https://rubalkhali.science/kb/RAK_1000038	Rhizosphere	False	core_sites_1_60	True	True	True	True		Measured	QIACube		False		False		0	False	False	False	True
Sample_Mastersheet.xlsx	Trip5	342	Trip5	V38PRr2	38	38	False	False	Site 38	https://rubalkhali.science/kb/RAK_1000038	Rhizosphere	False	core_sites_1_60	True	True	True	True					False		False		0	False	False	False	False
Sample_Mastersheet.xlsx	Trip5	343	Trip5	V38PRr3	38	38	False	False	Site 38	https://rubalkhali.science/kb/RAK_1000038	Rhizosphere	False	core_sites_1_60	True	True	True	True					False		False		1	True	True	True	True
Sample_Mastersheet.xlsx	Trip5	344	Trip5	V39Dr1	39	39	False	False	Site 39	https://rubalkhali.science/kb/RAK_1000039	Deep	False	core_sites_1_60	True	True	True	True		Measured	QIACube		False		False		1	True	True	True	True
Sample_Mastersheet.xlsx	Trip5	345	Trip5	V39Dr2	39	39	False	False	Site 39	https://rubalkhali.science/kb/RAK_1000039	Deep	False	core_sites_1_60	True	True	True	True					False		False		0	False	False	False	False
Sample_Mastersheet.xlsx	Trip5	346	Trip5	V39Dr3	39	39	False	False	Site 39	https://rubalkhali.science/kb/RAK_1000039	Deep	False	core_sites_1_60	True	True	True	True					False		False		1	True	True	True	True
Sample_Mastersheet.xlsx	Trip5	347	Trip5	V39Sr1	39	39	False	False	Site 39	https://rubalkhali.science/kb/RAK_1000039	Surface	False	core_sites_1_60	True	True	True	True		Measured	QIACube		False		False		0	False	False	False	True
Sample_Mastersheet.xlsx	Trip5	348	Trip5	V39Sr2	39	39	False	False	Site 39	https://rubalkhali.science/kb/RAK_1000039	Surface	False	core_sites_1_60	True	True	True	True					False		False		1	True	True	True	True
Sample_Mastersheet.xlsx	Trip5	349	Trip5	V39Sr3	39	39	False	False	Site 39	https://rubalkhali.science/kb/RAK_1000039	Surface	False	core_sites_1_60	True	True	True	True					False		False		0	False	False	False	False
Sample_Mastersheet.xlsx	Trip5	350	Trip5	V39PRr1	39	39	False	False	Site 39	https://rubalkhali.science/kb/RAK_1000039	Rhizosphere	False	core_sites_1_60	True	True	True	True		Measured	QIACube		False		False		1	True	True	True	True
Sample_Mastersheet.xlsx	Trip5	351	Trip5	V39PRr2	39	39	False	False	Site 39	https://rubalkhali.science/kb/RAK_1000039	Rhizosphere	False	core_sites_1_60	True	True	True	True					False		False		1	True	True	True	True
Sample_Mastersheet.xlsx	Trip5	352	Trip5	V39PRr3	39	39	False	False	Site 39	https://rubalkhali.science/kb/RAK_1000039	Rhizosphere	False	core_sites_1_60	True	True	True	True					False		False		1	True	True	True	True
Sample_Mastersheet.xlsx	Trip5	353	Trip5	V40Dr1	40	40	False	False	Site 40	https://rubalkhali.science/kb/RAK_1000040	Deep	False	core_sites_1_60	True	True	True	True		Measured	QIACube		False		False		1	True	True	True	True
Sample_Mastersheet.xlsx	Trip5	354	Trip5	V40Dr2	40	40	False	False	Site 40	https://rubalkhali.science/kb/RAK_1000040	Deep	False	core_sites_1_60	True	True	True	True					False		False		0	False	False	False	False
Sample_Mastersheet.xlsx	Trip5	355	Trip5	V40Dr3	40	40	False	False	Site 40	https://rubalkhali.science/kb/RAK_1000040	Deep	False	core_sites_1_60	True	True	True	True					False		False		0	False	False	False	False
Sample_Mastersheet.xlsx	Trip5	356	Trip5	V40Sr1	40	40	False	False	Site 40	https://rubalkhali.science/kb/RAK_1000040	Surface	False	core_sites_1_60	True	True	True	True		Measured	QIACube		False		False		0	False	False	False	True
Sample_Mastersheet.xlsx	Trip5	357	Trip5	V40Sr2	40	40	False	False	Site 40	https://rubalkhali.science/kb/RAK_1000040	Surface	False	core_sites_1_60	True	True	True	True					False		False		0	False	False	False	False
Sample_Mastersheet.xlsx	Trip5	358	Trip5	V40Sr3	40	40	False	False	Site 40	https://rubalkhali.science/kb/RAK_1000040	Surface	False	core_sites_1_60	True	True	True	True					False		False		1	True	True	True	True
Sample_Mastersheet.xlsx	Trip5	359	Trip5	V40PRr1	40	40	False	False	Site 40	https://rubalkhali.science/kb/RAK_1000040	Rhizosphere	False	core_sites_1_60	True	True	True	True		Measured	QIACube		False		False		1	True	True	True	True
Sample_Mastersheet.xlsx	Trip5	360	Trip5	V40PRr2	40	40	False	False	Site 40	https://rubalkhali.science/kb/RAK_1000040	Rhizosphere	False	core_sites_1_60	True	True	True	True					False		False		1	True	True	True	True
Sample_Mastersheet.xlsx	Trip5	361	Trip5	V40PRr3	40	40	False	False	Site 40	https://rubalkhali.science/kb/RAK_1000040	Rhizosphere	False	core_sites_1_60	True	True	True	True					False		False		1	True	True	True	True
Sample_Mastersheet.xlsx	Trip5	362	Trip5	V41Dr1	41	41	False	False	Site 41	https://rubalkhali.science/kb/RAK_1000041	Deep	False	core_sites_1_60	True	True	True	True		Measured	QIACube		False		False		0	False	False	False	True
Sample_Mastersheet.xlsx	Trip5	363	Trip5	V41Dr2	41	41	False	False	Site 41	https://rubalkhali.science/kb/RAK_1000041	Deep	False	core_sites_1_60	True	True	True	True					False		False		0	False	False	False	False
Sample_Mastersheet.xlsx	Trip5	364	Trip5	V41Dr3	41	41	False	False	Site 41	https://rubalkhali.science/kb/RAK_1000041	Deep	False	core_sites_1_60	True	True	True	True					False		False		1	True	True	True	True
Sample_Mastersheet.xlsx	Trip5	365	Trip5	V41Sr1	41	41	False	False	Site 41	https://rubalkhali.science/kb/RAK_1000041	Surface	False	core_sites_1_60	True	True	True	True		Measured	QIACube		False		False		0	False	False	False	True
Sample_Mastersheet.xlsx	Trip5	366	Trip5	V41Sr2	41	41	False	False	Site 41	https://rubalkhali.science/kb/RAK_1000041	Surface	False	core_sites_1_60	True	True	True	True					False		False		0	False	False	False	False
Sample_Mastersheet.xlsx	Trip5	367	Trip5	V41Sr3	41	41	False	False	Site 41	https://rubalkhali.science/kb/RAK_1000041	Surface	False	core_sites_1_60	True	True	True	True					False		False		0	False	False	False	False
Sample_Mastersheet.xlsx	Trip5	368	Trip5	V41PRr1	41	41	False	False	Site 41	https://rubalkhali.science/kb/RAK_1000041	Rhizosphere	False	core_sites_1_60	True	True	True	True		Measured	QIACube		False		False		0	False	False	False	True
Sample_Mastersheet.xlsx	Trip5	369	Trip5	V41PRr2	41	41	False	False	Site 41	https://rubalkhali.science/kb/RAK_1000041	Rhizosphere	False	core_sites_1_60	True	True	True	True					False		False		0	False	False	False	False
Sample_Mastersheet.xlsx	Trip5	370	Trip5	V41PRr3	41	41	False	False	Site 41	https://rubalkhali.science/kb/RAK_1000041	Rhizosphere	False	core_sites_1_60	True	True	True	True					False		False		0	False	False	False	False
Sample_Mastersheet.xlsx	Trip5	371	Trip5	V42Dr1	42	42	False	False	Site 42	https://rubalkhali.science/kb/RAK_1000042	Deep	False	core_sites_1_60	True	True	True	True		Measured	QIACube		False		False		0	False	False	False	True
Sample_Mastersheet.xlsx	Trip5	372	Trip5	V42Dr2	42	42	False	False	Site 42	https://rubalkhali.science/kb/RAK_1000042	Deep	False	core_sites_1_60	True	True	True	True					False		False		0	False	False	False	False
Sample_Mastersheet.xlsx	Trip5	373	Trip5	V42Dr3	42	42	False	False	Site 42	https://rubalkhali.science/kb/RAK_1000042	Deep	False	core_sites_1_60	True	True	True	True					False		False		0	False	False	False	False
Sample_Mastersheet.xlsx	Trip5	374	Trip5	V42Sr1	42	42	False	False	Site 42	https://rubalkhali.science/kb/RAK_1000042	Surface	False	core_sites_1_60	True	True	True	True		Measured	QIACube		False		False		0	False	False	False	True
Sample_Mastersheet.xlsx	Trip5	375	Trip5	V42Sr2	42	42	False	False	Site 42	https://rubalkhali.science/kb/RAK_1000042	Surface	False	core_sites_1_60	True	True	True	True					False		False		1	True	True	True	True
Sample_Mastersheet.xlsx	Trip5	376	Trip5	V42Sr3	42	42	False	False	Site 42	https://rubalkhali.science/kb/RAK_1000042	Surface	False	core_sites_1_60	True	True	True	True					False		False		0	False	False	False	False
Sample_Mastersheet.xlsx	Trip5	377	Trip5	V42PRr1	42	42	False	False	Site 42	https://rubalkhali.science/kb/RAK_1000042	Rhizosphere	False	core_sites_1_60	True	True	True	True		Measured	QIACube		False		False		0	False	False	False	True
Sample_Mastersheet.xlsx	Trip5	378	Trip5	V42PRr2	42	42	False	False	Site 42	https://rubalkhali.science/kb/RAK_1000042	Rhizosphere	False	core_sites_1_60	True	True	True	True					False		False		1	True	True	True	True
Sample_Mastersheet.xlsx	Trip5	379	Trip5	V42PRr3	42	42	False	False	Site 42	https://rubalkhali.science/kb/RAK_1000042	Rhizosphere	False	core_sites_1_60	True	True	True	True					False		False		0	False	False	False	False
Sample_Mastersheet.xlsx	Trip5	380	Trip5	V43Dr1	43	43	False	False	Site 43	https://rubalkhali.science/kb/RAK_1000043	Deep	False	core_sites_1_60	True	True	True	True		Measured	QIACube		False		False		1	True	True	True	True
Sample_Mastersheet.xlsx	Trip5	381	Trip5	V43Dr2	43	43	False	False	Site 43	https://rubalkhali.science/kb/RAK_1000043	Deep	False	core_sites_1_60	True	True	True	True					False		False		1	True	True	True	True
Sample_Mastersheet.xlsx	Trip5	382	Trip5	V43Dr3	43	43	False	False	Site 43	https://rubalkhali.science/kb/RAK_1000043	Deep	False	core_sites_1_60	True	True	True	True					False		False		1	True	True	True	True
Sample_Mastersheet.xlsx	Trip5	383	Trip5	V43Sr1	43	43	False	False	Site 43	https://rubalkhali.science/kb/RAK_1000043	Surface	False	core_sites_1_60	True	True	True	True		Measured	QIACube		False		False		0	False	False	False	True
Sample_Mastersheet.xlsx	Trip5	384	Trip5	V43Sr2	43	43	False	False	Site 43	https://rubalkhali.science/kb/RAK_1000043	Surface	False	core_sites_1_60	True	True	True	True					False		False		0	False	False	False	False
Sample_Mastersheet.xlsx	Trip5	385	Trip5	V43Sr3	43	43	False	False	Site 43	https://rubalkhali.science/kb/RAK_1000043	Surface	False	core_sites_1_60	True	True	True	True					False		False		0	False	False	False	False
Sample_Mastersheet.xlsx	Trip5	386	Trip5	V43PRr1	43	43	False	False	Site 43	https://rubalkhali.science/kb/RAK_1000043	Rhizosphere	False	core_sites_1_60	True	True	True	True		Measured	QIACube		False		False		1	True	True	True	True
Sample_Mastersheet.xlsx	Trip5	387	Trip5	V43PRr2	43	43	False	False	Site 43	https://rubalkhali.science/kb/RAK_1000043	Rhizosphere	False	core_sites_1_60	True	True	True	True					False		False		1	True	True	True	True
Sample_Mastersheet.xlsx	Trip5	388	Trip5	V43PRr3	43	43	False	False	Site 43	https://rubalkhali.science/kb/RAK_1000043	Rhizosphere	False	core_sites_1_60	True	True	True	True					False		False		1	True	True	True	True
Sample_Mastersheet.xlsx	Trip5	389	Trip5	V44Dr1	44	44	False	False	Site 44	https://rubalkhali.science/kb/RAK_1000044	Deep	False	core_sites_1_60	True	True	True	True		Measured	QIACube		False		False		1	True	True	True	True
Sample_Mastersheet.xlsx	Trip5	390	Trip5	V44Dr2	44	44	False	False	Site 44	https://rubalkhali.science/kb/RAK_1000044	Deep	False	core_sites_1_60	True	True	True	True					False		False		0	False	False	False	False
Sample_Mastersheet.xlsx	Trip5	391	Trip5	V44Dr3	44	44	False	False	Site 44	https://rubalkhali.science/kb/RAK_1000044	Deep	False	core_sites_1_60	True	True	True	True					False		False		0	False	False	False	False
Sample_Mastersheet.xlsx	Trip5	392	Trip5	V44Sr1	44	44	False	False	Site 44	https://rubalkhali.science/kb/RAK_1000044	Surface	False	core_sites_1_60	True	True	True	True		Measured	QIACube		False		False		0	False	False	False	True
Sample_Mastersheet.xlsx	Trip5	393	Trip5	V44Sr2	44	44	False	False	Site 44	https://rubalkhali.science/kb/RAK_1000044	Surface	False	core_sites_1_60	True	True	True	True					False		False		0	False	False	False	False
Sample_Mastersheet.xlsx	Trip5	394	Trip5	V44Sr3	44	44	False	False	Site 44	https://rubalkhali.science/kb/RAK_1000044	Surface	False	core_sites_1_60	True	True	True	True					False		False		0	False	False	False	False
Sample_Mastersheet.xlsx	Trip5	395	Trip5	V44PRr1	44	44	False	False	Site 44	https://rubalkhali.science/kb/RAK_1000044	Rhizosphere	False	core_sites_1_60	True	True	True	True		Measured	QIACube		False		False		1	True	True	True	True
Sample_Mastersheet.xlsx	Trip5	396	Trip5	V44PRr2	44	44	False	False	Site 44	https://rubalkhali.science/kb/RAK_1000044	Rhizosphere	False	core_sites_1_60	True	True	True	True					False		False		1	True	True	True	True
Sample_Mastersheet.xlsx	Trip5	397	Trip5	V44PRr3	44	44	False	False	Site 44	https://rubalkhali.science/kb/RAK_1000044	Rhizosphere	False	core_sites_1_60	True	True	True	True					False		False		0	False	False	False	False
Sample_Mastersheet.xlsx	Trip5	398	Trip5	V45Dr1	45	45	False	False	Site 45	https://rubalkhali.science/kb/RAK_1000045	Deep	False	core_sites_1_60	True	True	True	True		Measured	QIACube		False		False		1	True	True	True	True
Sample_Mastersheet.xlsx	Trip5	399	Trip5	V45Dr2	45	45	False	False	Site 45	https://rubalkhali.science/kb/RAK_1000045	Deep	False	core_sites_1_60	True	True	True	True					False		False		1	True	True	True	True
Sample_Mastersheet.xlsx	Trip5	400	Trip5	V45Dr3	45	45	False	False	Site 45	https://rubalkhali.science/kb/RAK_1000045	Deep	False	core_sites_1_60	True	True	True	True					False		False		1	True	True	True	True
Sample_Mastersheet.xlsx	Trip5	401	Trip5	V45Sr1	45	45	False	False	Site 45	https://rubalkhali.science/kb/RAK_1000045	Surface	False	core_sites_1_60	True	True	True	True		Measured	QIACube		False		False		0	False	False	False	True
Sample_Mastersheet.xlsx	Trip5	402	Trip5	V45Sr2	45	45	False	False	Site 45	https://rubalkhali.science/kb/RAK_1000045	Surface	False	core_sites_1_60	True	True	True	True					False		False		0	False	False	False	False
Sample_Mastersheet.xlsx	Trip5	403	Trip5	V45Sr3	45	45	False	False	Site 45	https://rubalkhali.science/kb/RAK_1000045	Surface	False	core_sites_1_60	True	True	True	True					False		False		1	True	True	True	True
Sample_Mastersheet.xlsx	Trip5	404	Trip5	V45PRr1	45	45	False	False	Site 45	https://rubalkhali.science/kb/RAK_1000045	Rhizosphere	False	core_sites_1_60	True	True	True	True		Measured	QIACube		False		False		1	True	True	True	True
Sample_Mastersheet.xlsx	Trip5	405	Trip5	V45PRr2	45	45	False	False	Site 45	https://rubalkhali.science/kb/RAK_1000045	Rhizosphere	False	core_sites_1_60	True	True	True	True					False		False		1	True	True	True	True
Sample_Mastersheet.xlsx	Trip5	406	Trip5	V45PRr3	45	45	False	False	Site 45	https://rubalkhali.science/kb/RAK_1000045	Rhizosphere	False	core_sites_1_60	True	True	True	True					False		False		1	True	True	True	True
Sample_Mastersheet.xlsx	Trip5	407	Trip5	V46Dr1	46	46	False	False	Site 46	https://rubalkhali.science/kb/RAK_1000046	Deep	False	core_sites_1_60	True	True	True	True		Measured	QIACube		False		False		0	False	False	False	True
Sample_Mastersheet.xlsx	Trip5	408	Trip5	V46Dr2	46	NEBNext	True	False	Site 46	https://rubalkhali.science/kb/RAK_1000046	Deep	False	core_sites_1_60	True	True	True	True					False		False	NEBNext	0	False	False	False	False
Sample_Mastersheet.xlsx	Trip5	409	Trip5	V46Dr3	46	46	False	False	Site 46	https://rubalkhali.science/kb/RAK_1000046	Deep	False	core_sites_1_60	True	True	True	True					False		False		0	False	False	False	False
Sample_Mastersheet.xlsx	Trip5	410	Trip5	V46Sr1	46	46	False	False	Site 46	https://rubalkhali.science/kb/RAK_1000046	Surface	False	core_sites_1_60	True	True	True	True		Measured	QIACube		False		False		0	False	False	False	True
Sample_Mastersheet.xlsx	Trip5	411	Trip5	V46Sr2	46	46	False	False	Site 46	https://rubalkhali.science/kb/RAK_1000046	Surface	False	core_sites_1_60	True	True	True	True					False		False		0	False	False	False	False
Sample_Mastersheet.xlsx	Trip5	412	Trip5	V46Sr3	46	46	False	False	Site 46	https://rubalkhali.science/kb/RAK_1000046	Surface	False	core_sites_1_60	True	True	True	True					False		False		0	False	False	False	False
Sample_Mastersheet.xlsx	Trip5	413	Trip5	V46PRr1	46	46	False	False	Site 46	https://rubalkhali.science/kb/RAK_1000046	Rhizosphere	False	core_sites_1_60	True	True	True	True		Measured	QIACube		False		False		1	True	True	True	True
Sample_Mastersheet.xlsx	Trip5	414	Trip5	V46PRr2	46	46	False	False	Site 46	https://rubalkhali.science/kb/RAK_1000046	Rhizosphere	False	core_sites_1_60	True	True	True	True					False		False		1	True	True	True	True
Sample_Mastersheet.xlsx	Trip5	415	Trip5	V46PRr3	46	46	False	False	Site 46	https://rubalkhali.science/kb/RAK_1000046	Rhizosphere	False	core_sites_1_60	True	True	True	True					False		False		1	True	True	True	True
Sample_Mastersheet.xlsx	Trip5	416	Trip5	V47Dr1	47	47	False	False	Site 47	https://rubalkhali.science/kb/RAK_1000047	Deep	False	core_sites_1_60	True	True	True	True		Measured	QIACube		False		False		0	False	False	False	True
Sample_Mastersheet.xlsx	Trip5	417	Trip5	V47Dr2	47	47	False	False	Site 47	https://rubalkhali.science/kb/RAK_1000047	Deep	False	core_sites_1_60	True	True	True	True					False		False		0	False	False	False	False
Sample_Mastersheet.xlsx	Trip5	418	Trip5	V47Dr3	47	47	False	False	Site 47	https://rubalkhali.science/kb/RAK_1000047	Deep	False	core_sites_1_60	True	True	True	True					False		False		0	False	False	False	False
Sample_Mastersheet.xlsx	Trip5	419	Trip5	V47Sr1	47	47	False	False	Site 47	https://rubalkhali.science/kb/RAK_1000047	Surface	False	core_sites_1_60	True	True	True	True		Measured	QIACube		False		False		0	False	False	False	True
Sample_Mastersheet.xlsx	Trip5	420	Trip5	V47Sr2	47	47	False	False	Site 47	https://rubalkhali.science/kb/RAK_1000047	Surface	False	core_sites_1_60	True	True	True	True					False		False		0	False	False	False	False
Sample_Mastersheet.xlsx	Trip5	421	Trip5	V47Sr3	47	47	False	False	Site 47	https://rubalkhali.science/kb/RAK_1000047	Surface	False	core_sites_1_60	True	True	True	True					False		False		0	False	False	False	False
Sample_Mastersheet.xlsx	Trip5	422	Trip5	V47PRr1	47	47	False	False	Site 47	https://rubalkhali.science/kb/RAK_1000047	Rhizosphere	False	core_sites_1_60	True	True	True	True		Measured	QIACube		False		False		1	True	True	True	True
Sample_Mastersheet.xlsx	Trip5	423	Trip5	V47PRr2	47	47	False	False	Site 47	https://rubalkhali.science/kb/RAK_1000047	Rhizosphere	False	core_sites_1_60	True	True	True	True					False		False		1	True	True	True	True
Sample_Mastersheet.xlsx	Trip5	424	Trip5	V47PRr3	47	47	False	False	Site 47	https://rubalkhali.science/kb/RAK_1000047	Rhizosphere	False	core_sites_1_60	True	True	True	True					False		False		1	True	True	True	True
Sample_Mastersheet.xlsx	Trip5	425	Trip5	V48Dr1	48	48	False	False	Site 48	https://rubalkhali.science/kb/RAK_1000048	Deep	False	core_sites_1_60	True	True	True	True		Measured	QIACube		False		False		1	True	True	True	True
Sample_Mastersheet.xlsx	Trip5	426	Trip5	V48Dr2	48	48	False	False	Site 48	https://rubalkhali.science/kb/RAK_1000048	Deep	False	core_sites_1_60	True	True	True	True					False		False		1	True	True	True	True
Sample_Mastersheet.xlsx	Trip5	427	Trip5	V48Dr3	48	48	False	False	Site 48	https://rubalkhali.science/kb/RAK_1000048	Deep	False	core_sites_1_60	True	True	True	True					False		False		1	True	True	True	True
Sample_Mastersheet.xlsx	Trip5	428	Trip5	V48Sr1	48	48	False	False	Site 48	https://rubalkhali.science/kb/RAK_1000048	Surface	False	core_sites_1_60	True	True	True	True		Measured	QIACube		False		False		0	False	False	False	True
Sample_Mastersheet.xlsx	Trip5	429	Trip5	V48Sr2	48	48	False	False	Site 48	https://rubalkhali.science/kb/RAK_1000048	Surface	False	core_sites_1_60	True	True	True	True					False		False		0	False	False	False	False
Sample_Mastersheet.xlsx	Trip5	430	Trip5	V48Sr3	48	48	False	False	Site 48	https://rubalkhali.science/kb/RAK_1000048	Surface	False	core_sites_1_60	True	True	True	True					False		False		0	False	False	False	False
Sample_Mastersheet.xlsx	Trip5	431	Trip5	V48PRr1	48	48	False	False	Site 48	https://rubalkhali.science/kb/RAK_1000048	Rhizosphere	False	core_sites_1_60	True	True	True	True		Measured	QIACube		False		False		1	True	True	True	True
Sample_Mastersheet.xlsx	Trip5	432	Trip5	V48PRr2	48	48	False	False	Site 48	https://rubalkhali.science/kb/RAK_1000048	Rhizosphere	False	core_sites_1_60	True	True	True	True					False		False		0	False	False	False	False
Sample_Mastersheet.xlsx	Trip5	433	Trip5	V48PRr3	48	48	False	False	Site 48	https://rubalkhali.science/kb/RAK_1000048	Rhizosphere	False	core_sites_1_60	True	True	True	True					False		False		0	False	False	False	False
Sample_Mastersheet.xlsx	Trip5	434	Trip5	V49Dr1	49	49	False	False	Site 49	https://rubalkhali.science/kb/RAK_1000049	Deep	False	core_sites_1_60	True	True	True	True		Measured	QIACube		False		False		0	False	False	False	True
Sample_Mastersheet.xlsx	Trip5	435	Trip5	V49Dr2	49	49	False	False	Site 49	https://rubalkhali.science/kb/RAK_1000049	Deep	False	core_sites_1_60	True	True	True	True					False		False		1	True	True	True	True
Sample_Mastersheet.xlsx	Trip5	436	Trip5	V49Dr3	49	49	False	False	Site 49	https://rubalkhali.science/kb/RAK_1000049	Deep	False	core_sites_1_60	True	True	True	True					False		False		0	False	False	False	False
Sample_Mastersheet.xlsx	Trip5	437	Trip5	V49Sr1	49	49	False	False	Site 49	https://rubalkhali.science/kb/RAK_1000049	Surface	False	core_sites_1_60	True	True	True	True		Measured	QIACube		False		False		0	False	False	False	True
Sample_Mastersheet.xlsx	Trip5	438	Trip5	V49Sr2	49	49	False	False	Site 49	https://rubalkhali.science/kb/RAK_1000049	Surface	False	core_sites_1_60	True	True	True	True					False		False		0	False	False	False	False
Sample_Mastersheet.xlsx	Trip5	439	Trip5	V49Sr3	49	49	False	False	Site 49	https://rubalkhali.science/kb/RAK_1000049	Surface	False	core_sites_1_60	True	True	True	True					False		False		0	False	False	False	False
Sample_Mastersheet.xlsx	Trip5	440	Trip5	V49PRr1	49	49	False	False	Site 49	https://rubalkhali.science/kb/RAK_1000049	Rhizosphere	False	core_sites_1_60	True	True	True	True		Measured	QIACube		False		False		0	False	False	False	True
Sample_Mastersheet.xlsx	Trip5	441	Trip5	V49PRr2	49	49	False	False	Site 49	https://rubalkhali.science/kb/RAK_1000049	Rhizosphere	False	core_sites_1_60	True	True	True	True					False		False		0	False	False	False	False
Sample_Mastersheet.xlsx	Trip5	442	Trip5	V49PRr3	49	49	False	False	Site 49	https://rubalkhali.science/kb/RAK_1000049	Rhizosphere	False	core_sites_1_60	True	True	True	True					False		False		0	False	False	False	False
Sample_Mastersheet.xlsx	Trip5	443	Trip5	V50Dr1	50	50	False	False	Site 50	https://rubalkhali.science/kb/RAK_1000050	Deep	False	core_sites_1_60	True	True	True	True		Measured	QIACube		False		False		0	False	False	False	True
Sample_Mastersheet.xlsx	Trip5	444	Trip5	V50Dr2	50	50	False	False	Site 50	https://rubalkhali.science/kb/RAK_1000050	Deep	False	core_sites_1_60	True	True	True	True					False		False		0	False	False	False	False
Sample_Mastersheet.xlsx	Trip5	445	Trip5	V50Dr3	50	50	False	False	Site 50	https://rubalkhali.science/kb/RAK_1000050	Deep	False	core_sites_1_60	True	True	True	True					False		False		0	False	False	False	False
Sample_Mastersheet.xlsx	Trip5	446	Trip5	V50Sr1	50	50	False	False	Site 50	https://rubalkhali.science/kb/RAK_1000050	Surface	False	core_sites_1_60	True	True	True	True		Measured	QIACube		False		False		0	False	False	False	True
Sample_Mastersheet.xlsx	Trip5	447	Trip5	V50Sr2	50	50	False	False	Site 50	https://rubalkhali.science/kb/RAK_1000050	Surface	False	core_sites_1_60	True	True	True	True					False		False		0	False	False	False	False
Sample_Mastersheet.xlsx	Trip5	448	Trip5	V50Sr3	50	50	False	False	Site 50	https://rubalkhali.science/kb/RAK_1000050	Surface	False	core_sites_1_60	True	True	True	True					False		False		0	False	False	False	False
Sample_Mastersheet.xlsx	Trip5	449	Trip5	V50PRr1	50	50	False	False	Site 50	https://rubalkhali.science/kb/RAK_1000050	Rhizosphere	False	core_sites_1_60	True	True	True	True		Measured	QIACube		False		False		0	False	False	False	True
Sample_Mastersheet.xlsx	Trip5	450	Trip5	V50PRr2	50	50	False	False	Site 50	https://rubalkhali.science/kb/RAK_1000050	Rhizosphere	False	core_sites_1_60	True	True	True	True					False		False		1	True	True	True	True
Sample_Mastersheet.xlsx	Trip5	451	Trip5	V50PRr3	50	50	False	False	Site 50	https://rubalkhali.science/kb/RAK_1000050	Rhizosphere	False	core_sites_1_60	True	True	True	True					False		False		0	False	False	False	False
Sample_Mastersheet.xlsx	Trip5	452	Trip5	V51Dr1	51	51	False	False	Site 51	https://rubalkhali.science/kb/RAK_1000051	Deep	False	core_sites_1_60	True	True	True	True		Measured	QIACube		False		False		0	False	False	False	True
Sample_Mastersheet.xlsx	Trip5	453	Trip5	V51Dr2	51	51	False	False	Site 51	https://rubalkhali.science/kb/RAK_1000051	Deep	False	core_sites_1_60	True	True	True	True					False		False		0	False	False	False	False
Sample_Mastersheet.xlsx	Trip5	454	Trip5	V51Dr3	51	51	False	False	Site 51	https://rubalkhali.science/kb/RAK_1000051	Deep	False	core_sites_1_60	True	True	True	True					False		False		0	False	False	False	False
Sample_Mastersheet.xlsx	Trip5	455	Trip5	V51Sr1	51	51	False	False	Site 51	https://rubalkhali.science/kb/RAK_1000051	Surface	False	core_sites_1_60	True	True	True	True		Measured	QIACube		False		False		0	False	False	False	True
Sample_Mastersheet.xlsx	Trip5	456	Trip5	V51Sr2	51	51	False	False	Site 51	https://rubalkhali.science/kb/RAK_1000051	Surface	False	core_sites_1_60	True	True	True	True					False		False		0	False	False	False	False
Sample_Mastersheet.xlsx	Trip5	457	Trip5	V51Sr3	51	51	False	False	Site 51	https://rubalkhali.science/kb/RAK_1000051	Surface	False	core_sites_1_60	True	True	True	True					False		False		0	False	False	False	False
Sample_Mastersheet.xlsx	Trip5	458	Trip5	V51PRr1	51	51	False	False	Site 51	https://rubalkhali.science/kb/RAK_1000051	Rhizosphere	False	core_sites_1_60	True	True	True	True		Measured	QIACube		False		False		0	False	False	False	True
Sample_Mastersheet.xlsx	Trip5	459	Trip5	V51PRr2	51	51	False	False	Site 51	https://rubalkhali.science/kb/RAK_1000051	Rhizosphere	False	core_sites_1_60	True	True	True	True					False		False		1	True	True	True	True
Sample_Mastersheet.xlsx	Trip5	460	Trip5	V51PRr3	51	51	False	False	Site 51	https://rubalkhali.science/kb/RAK_1000051	Rhizosphere	False	core_sites_1_60	True	True	True	True					False		False		1	True	True	True	True
Sample_Mastersheet.xlsx	Trip5	461	Trip5	V52Dr1	52	52	False	False	Site 52	https://rubalkhali.science/kb/RAK_1000052	Deep	False	core_sites_1_60	True	True	True	True		Measured	QIACube		False		False		0	False	False	False	True
Sample_Mastersheet.xlsx	Trip5	462	Trip5	V52Dr2	52	52	False	False	Site 52	https://rubalkhali.science/kb/RAK_1000052	Deep	False	core_sites_1_60	True	True	True	True					False		False		0	False	False	False	False
Sample_Mastersheet.xlsx	Trip5	463	Trip5	V52Dr3	52	52	False	False	Site 52	https://rubalkhali.science/kb/RAK_1000052	Deep	False	core_sites_1_60	True	True	True	True					False		False		0	False	False	False	False
Sample_Mastersheet.xlsx	Trip5	464	Trip5	V52Sr1	52	52	False	False	Site 52	https://rubalkhali.science/kb/RAK_1000052	Surface	False	core_sites_1_60	True	True	True	True		Measured	QIACube		False		False		0	False	False	False	True
Sample_Mastersheet.xlsx	Trip5	465	Trip5	V52Sr2	52	52	False	False	Site 52	https://rubalkhali.science/kb/RAK_1000052	Surface	False	core_sites_1_60	True	True	True	True					False		False		0	False	False	False	False
Sample_Mastersheet.xlsx	Trip5	466	Trip5	V52Sr3	52	52	False	False	Site 52	https://rubalkhali.science/kb/RAK_1000052	Surface	False	core_sites_1_60	True	True	True	True					False		False		0	False	False	False	False
Sample_Mastersheet.xlsx	Trip5	467	Trip5	V52PRr1	52	52	False	False	Site 52	https://rubalkhali.science/kb/RAK_1000052	Rhizosphere	False	core_sites_1_60	True	True	True	True					False		False		0	False	False	False	False
Sample_Mastersheet.xlsx	Trip5	468	Trip5	V52PRr2	52	52	False	False	Site 52	https://rubalkhali.science/kb/RAK_1000052	Rhizosphere	False	core_sites_1_60	True	True	True	True					False		False		0	False	False	False	False
Sample_Mastersheet.xlsx	Trip5	469	Trip5	V52PRr3	52	52	False	False	Site 52	https://rubalkhali.science/kb/RAK_1000052	Rhizosphere	False	core_sites_1_60	True	True	True	True					False		False		0	False	False	False	False
Sample_Mastersheet.xlsx	Trip5	470	Trip5	V53Dr1	53	53	False	False	Site 53	https://rubalkhali.science/kb/RAK_1000053	Deep	False	core_sites_1_60	True	True	True	True		Measured	QIACube		False		False		0	False	False	False	True
Sample_Mastersheet.xlsx	Trip5	471	Trip5	V53Dr2	53	53	False	False	Site 53	https://rubalkhali.science/kb/RAK_1000053	Deep	False	core_sites_1_60	True	True	True	True					False		False		0	False	False	False	False
Sample_Mastersheet.xlsx	Trip5	472	Trip5	V53Dr3	53	53	False	False	Site 53	https://rubalkhali.science/kb/RAK_1000053	Deep	False	core_sites_1_60	True	True	True	True					False		False		0	False	False	False	False
Sample_Mastersheet.xlsx	Trip5	473	Trip5	V53Sr1	53	53	False	False	Site 53	https://rubalkhali.science/kb/RAK_1000053	Surface	False	core_sites_1_60	True	True	True	True		Measured	QIACube		False		False		0	False	False	False	True
Sample_Mastersheet.xlsx	Trip5	474	Trip5	V53Sr2	53	53	False	False	Site 53	https://rubalkhali.science/kb/RAK_1000053	Surface	False	core_sites_1_60	True	True	True	True					False		False		0	False	False	False	False
Sample_Mastersheet.xlsx	Trip5	475	Trip5	V53Sr3	53	53	False	False	Site 53	https://rubalkhali.science/kb/RAK_1000053	Surface	False	core_sites_1_60	True	True	True	True					False		False		0	False	False	False	False
Sample_Mastersheet.xlsx	Trip5	476	Trip5	V53PRr1	53	53	False	False	Site 53	https://rubalkhali.science/kb/RAK_1000053	Rhizosphere	False	core_sites_1_60	True	True	True	True		Measured	QIACube		False		False		0	False	False	False	True
Sample_Mastersheet.xlsx	Trip5	477	Trip5	V53PRr2	53	53	False	False	Site 53	https://rubalkhali.science/kb/RAK_1000053	Rhizosphere	False	core_sites_1_60	True	True	True	True					False		False		1	True	True	True	True
Sample_Mastersheet.xlsx	Trip5	478	Trip5	V53PRr3	53	53	False	False	Site 53	https://rubalkhali.science/kb/RAK_1000053	Rhizosphere	False	core_sites_1_60	True	True	True	True					False		False		0	False	False	False	False
Sample_Mastersheet.xlsx	Trip5	479	Trip5	V54Dr1	54	54	False	False	Site 54	https://rubalkhali.science/kb/RAK_1000054	Deep	False	core_sites_1_60	True	True	True	True		Measured	QIACube		False		False		0	False	False	False	True
Sample_Mastersheet.xlsx	Trip5	480	Trip5	V54Dr2	54	54	False	False	Site 54	https://rubalkhali.science/kb/RAK_1000054	Deep	False	core_sites_1_60	True	True	True	True					False		False		0	False	False	False	False
Sample_Mastersheet.xlsx	Trip5	481	Trip5	V54Dr3	54	54	False	False	Site 54	https://rubalkhali.science/kb/RAK_1000054	Deep	False	core_sites_1_60	True	True	True	True					False		False		0	False	False	False	False
Sample_Mastersheet.xlsx	Trip5	482	Trip5	V54Sr1	54	54	False	False	Site 54	https://rubalkhali.science/kb/RAK_1000054	Surface	False	core_sites_1_60	True	True	True	True		Measured	QIACube		False		False		0	False	False	False	True
Sample_Mastersheet.xlsx	Trip5	483	Trip5	V54Sr2	54	54	False	False	Site 54	https://rubalkhali.science/kb/RAK_1000054	Surface	False	core_sites_1_60	True	True	True	True					False		False		0	False	False	False	False
Sample_Mastersheet.xlsx	Trip5	484	Trip5	V54Sr3	54	54	False	False	Site 54	https://rubalkhali.science/kb/RAK_1000054	Surface	False	core_sites_1_60	True	True	True	True					False		False		0	False	False	False	False
Sample_Mastersheet.xlsx	Trip5	485	Trip5	V54PRr1	54	54	False	False	Site 54	https://rubalkhali.science/kb/RAK_1000054	Rhizosphere	False	core_sites_1_60	True	True	True	True		Measured	QIACube		False		False		1	True	True	True	True
Sample_Mastersheet.xlsx	Trip5	486	Trip5	V54PRr2	54	54	False	False	Site 54	https://rubalkhali.science/kb/RAK_1000054	Rhizosphere	False	core_sites_1_60	True	True	True	True					False		False		1	True	True	True	True
Sample_Mastersheet.xlsx	Trip5	487	Trip5	V54PRr3	54	54	False	False	Site 54	https://rubalkhali.science/kb/RAK_1000054	Rhizosphere	False	core_sites_1_60	True	True	True	True					False		False		1	True	True	True	True
Sample_Mastersheet.xlsx	Trip5	488	Trip5	V55Dr1	55	55	False	False	Site 55	https://rubalkhali.science/kb/RAK_1000055	Deep	False	core_sites_1_60	True	True	True	True		Measured	QIACube		False		False		1	True	True	True	True
Sample_Mastersheet.xlsx	Trip5	489	Trip5	V55Dr2	55	55	False	False	Site 55	https://rubalkhali.science/kb/RAK_1000055	Deep	False	core_sites_1_60	True	True	True	True					False		False		0	False	False	False	False
Sample_Mastersheet.xlsx	Trip5	490	Trip5	V55Dr3	55	55	False	False	Site 55	https://rubalkhali.science/kb/RAK_1000055	Deep	False	core_sites_1_60	True	True	True	True					False		False		0	False	False	False	False
Sample_Mastersheet.xlsx	Trip5	491	Trip5	V55Sr1	55	55	False	False	Site 55	https://rubalkhali.science/kb/RAK_1000055	Surface	False	core_sites_1_60	True	True	True	True		Measured	QIACube		False		False		0	False	False	False	True
Sample_Mastersheet.xlsx	Trip5	492	Trip5	V55Sr2	55	55	False	False	Site 55	https://rubalkhali.science/kb/RAK_1000055	Surface	False	core_sites_1_60	True	True	True	True					False		False		1	True	True	True	True
Sample_Mastersheet.xlsx	Trip5	493	Trip5	V55Sr3	55	55	False	False	Site 55	https://rubalkhali.science/kb/RAK_1000055	Surface	False	core_sites_1_60	True	True	True	True					False		False		1	True	True	True	True
Sample_Mastersheet.xlsx	Trip5	494	Trip5	V55PRr1	55	55	False	False	Site 55	https://rubalkhali.science/kb/RAK_1000055	Rhizosphere	False	core_sites_1_60	True	True	True	True		Measured	QIACube		False		False		1	True	True	True	True
Sample_Mastersheet.xlsx	Trip5	495	Trip5	V55PRr2	55	55	False	False	Site 55	https://rubalkhali.science/kb/RAK_1000055	Rhizosphere	False	core_sites_1_60	True	True	True	True					False		False		1	True	True	True	True
Sample_Mastersheet.xlsx	Trip5	496	Trip5	V55PRr3	55	55	False	False	Site 55	https://rubalkhali.science/kb/RAK_1000055	Rhizosphere	False	core_sites_1_60	True	True	True	True					False		False		1	True	True	True	True
Sample_Mastersheet.xlsx	Trip5	497	Trip5	V56Dr1	56	56	False	False	Site 56	https://rubalkhali.science/kb/RAK_1000056	Deep	False	core_sites_1_60	True	True	True	True		Measured	QIACube		False		False		0	False	False	False	True
Sample_Mastersheet.xlsx	Trip5	498	Trip5	V56Dr2	56	56	False	False	Site 56	https://rubalkhali.science/kb/RAK_1000056	Deep	False	core_sites_1_60	True	True	True	True					False		False		0	False	False	False	False
Sample_Mastersheet.xlsx	Trip5	499	Trip5	V56Dr3	56	56	False	False	Site 56	https://rubalkhali.science/kb/RAK_1000056	Deep	False	core_sites_1_60	True	True	True	True					False		False		0	False	False	False	False
Sample_Mastersheet.xlsx	Trip5	500	Trip5	V56Sr1	56	56	False	False	Site 56	https://rubalkhali.science/kb/RAK_1000056	Surface	False	core_sites_1_60	True	True	True	True		Measured	QIACube		False		False		0	False	False	False	True
Sample_Mastersheet.xlsx	Trip5	501	Trip5	V56Sr2	56	56	False	False	Site 56	https://rubalkhali.science/kb/RAK_1000056	Surface	False	core_sites_1_60	True	True	True	True					False		False		0	False	False	False	False
Sample_Mastersheet.xlsx	Trip5	502	Trip5	V56Sr3	56	56	False	False	Site 56	https://rubalkhali.science/kb/RAK_1000056	Surface	False	core_sites_1_60	True	True	True	True					False		False		0	False	False	False	False
Sample_Mastersheet.xlsx	Trip5	503	Trip5	V56PRr1	56	56	False	False	Site 56	https://rubalkhali.science/kb/RAK_1000056	Rhizosphere	False	core_sites_1_60	True	True	True	True		Measured	QIACube		False		False		0	False	False	False	True
Sample_Mastersheet.xlsx	Trip5	504	Trip5	V56PRr2	56	56	False	False	Site 56	https://rubalkhali.science/kb/RAK_1000056	Rhizosphere	False	core_sites_1_60	True	True	True	True					False		False		0	False	False	False	False
Sample_Mastersheet.xlsx	Trip5	505	Trip5	V56PRr3	56	56	False	False	Site 56	https://rubalkhali.science/kb/RAK_1000056	Rhizosphere	False	core_sites_1_60	True	True	True	True					False		False		0	False	False	False	False
Sample_Mastersheet.xlsx	Trip5	506	Trip5	V57Dr1	57	57	False	False	Site 57	https://rubalkhali.science/kb/RAK_1000057	Deep	False	core_sites_1_60	True	True	True	True		Measured	QIACube		False		False		0	False	False	False	True
Sample_Mastersheet.xlsx	Trip5	507	Trip5	V57Dr2	57	57	False	False	Site 57	https://rubalkhali.science/kb/RAK_1000057	Deep	False	core_sites_1_60	True	True	True	True					False		False		0	False	False	False	False
Sample_Mastersheet.xlsx	Trip5	508	Trip5	V57Dr3	57	57	False	False	Site 57	https://rubalkhali.science/kb/RAK_1000057	Deep	False	core_sites_1_60	True	True	True	True					False		False		0	False	False	False	False
Sample_Mastersheet.xlsx	Trip5	509	Trip5	V57Sr1	57	57	False	False	Site 57	https://rubalkhali.science/kb/RAK_1000057	Surface	False	core_sites_1_60	True	True	True	True		Measured	QIACube		False		False		0	False	False	False	True
Sample_Mastersheet.xlsx	Trip5	510	Trip5	V57Sr2	57	57	False	False	Site 57	https://rubalkhali.science/kb/RAK_1000057	Surface	False	core_sites_1_60	True	True	True	True					False		False		0	False	False	False	False
Sample_Mastersheet.xlsx	Trip5	511	Trip5	V57Sr3	57	57	False	False	Site 57	https://rubalkhali.science/kb/RAK_1000057	Surface	False	core_sites_1_60	True	True	True	True					False		False		0	False	False	False	False
Sample_Mastersheet.xlsx	Trip5	512	Trip5	V57PRr1	57	57	False	False	Site 57	https://rubalkhali.science/kb/RAK_1000057	Rhizosphere	False	core_sites_1_60	True	True	True	True		Measured	QIACube		False		False		0	False	False	False	True
Sample_Mastersheet.xlsx	Trip5	513	Trip5	V57PRr2	57	57	False	False	Site 57	https://rubalkhali.science/kb/RAK_1000057	Rhizosphere	False	core_sites_1_60	True	True	True	True					False		False		1	True	True	True	True
Sample_Mastersheet.xlsx	Trip5	514	Trip5	V57PRr3	57	57	False	False	Site 57	https://rubalkhali.science/kb/RAK_1000057	Rhizosphere	False	core_sites_1_60	True	True	True	True					False		False		1	True	True	True	True
Sample_Mastersheet.xlsx	Trip5	515	Trip5	V58Dr1	58	58	False	False	Site 58	https://rubalkhali.science/kb/RAK_1000058	Deep	False	core_sites_1_60	True	True	True	True		Measured	QIACube		False		False		0	False	False	False	True
Sample_Mastersheet.xlsx	Trip5	516	Trip5	V58Dr2	58	58	False	False	Site 58	https://rubalkhali.science/kb/RAK_1000058	Deep	False	core_sites_1_60	True	True	True	True					False		False		0	False	False	False	False
Sample_Mastersheet.xlsx	Trip5	517	Trip5	V58Dr3	58	58	False	False	Site 58	https://rubalkhali.science/kb/RAK_1000058	Deep	False	core_sites_1_60	True	True	True	True					False		False		0	False	False	False	False
Sample_Mastersheet.xlsx	Trip5	518	Trip5	V58Sr1	58	58	False	False	Site 58	https://rubalkhali.science/kb/RAK_1000058	Surface	False	core_sites_1_60	True	True	True	True		Measured	QIACube		False		False		0	False	False	False	True
Sample_Mastersheet.xlsx	Trip5	519	Trip5	V58Sr2	58	58	False	False	Site 58	https://rubalkhali.science/kb/RAK_1000058	Surface	False	core_sites_1_60	True	True	True	True					False		False		0	False	False	False	False
Sample_Mastersheet.xlsx	Trip5	520	Trip5	V58Sr3	58	58	False	False	Site 58	https://rubalkhali.science/kb/RAK_1000058	Surface	False	core_sites_1_60	True	True	True	True					False		False		0	False	False	False	False
Sample_Mastersheet.xlsx	Trip5	521	Trip5	V58PRr1	58	58	False	False	Site 58	https://rubalkhali.science/kb/RAK_1000058	Rhizosphere	False	core_sites_1_60	True	True	True	True		Measured	QIACube		False		False		1	True	True	True	True
Sample_Mastersheet.xlsx	Trip5	522	Trip5	V58PRr2	58	58	False	False	Site 58	https://rubalkhali.science/kb/RAK_1000058	Rhizosphere	False	core_sites_1_60	True	True	True	True					False		False		1	True	True	True	True
Sample_Mastersheet.xlsx	Trip5	523	Trip5	V58PRr3	58	58	False	False	Site 58	https://rubalkhali.science/kb/RAK_1000058	Rhizosphere	False	core_sites_1_60	True	True	True	True					False		False		1	True	True	True	True
Sample_Mastersheet.xlsx	Trip5	524	Trip5	V59Dr1	59	59	False	False	Site 59	https://rubalkhali.science/kb/RAK_1000059	Deep	False	core_sites_1_60	True	True	True	True		Measured	QIACube		False		False		0	False	False	False	True
Sample_Mastersheet.xlsx	Trip5	525	Trip5	V59Dr2	59	59	False	False	Site 59	https://rubalkhali.science/kb/RAK_1000059	Deep	False	core_sites_1_60	True	True	True	True					False		False		0	False	False	False	False
Sample_Mastersheet.xlsx	Trip5	526	Trip5	V59Dr3	59	59	False	False	Site 59	https://rubalkhali.science/kb/RAK_1000059	Deep	False	core_sites_1_60	True	True	True	True					False		False		0	False	False	False	False
Sample_Mastersheet.xlsx	Trip5	527	Trip5	V59Sr1	59	59	False	False	Site 59	https://rubalkhali.science/kb/RAK_1000059	Surface	False	core_sites_1_60	True	True	True	True		Measured	QIACube		False		False		0	False	False	False	True
Sample_Mastersheet.xlsx	Trip5	528	Trip5	V59Sr2	59	59	False	False	Site 59	https://rubalkhali.science/kb/RAK_1000059	Surface	False	core_sites_1_60	True	True	True	True					False		False		0	False	False	False	False
Sample_Mastersheet.xlsx	Trip5	529	Trip5	V59Sr3	59	59	False	False	Site 59	https://rubalkhali.science/kb/RAK_1000059	Surface	False	core_sites_1_60	True	True	True	True					False		False		0	False	False	False	False
Sample_Mastersheet.xlsx	Trip5	530	Trip5	V59PRr1	59	59	False	False	Site 59	https://rubalkhali.science/kb/RAK_1000059	Rhizosphere	False	core_sites_1_60	True	True	True	True		Measured	QIACube		False		False		0	False	False	False	True
Sample_Mastersheet.xlsx	Trip5	531	Trip5	V59PRr2	59	59	False	False	Site 59	https://rubalkhali.science/kb/RAK_1000059	Rhizosphere	False	core_sites_1_60	True	True	True	True					False		False		0	False	False	False	False
Sample_Mastersheet.xlsx	Trip5	532	Trip5	V59PRr3	59	59	False	False	Site 59	https://rubalkhali.science/kb/RAK_1000059	Rhizosphere	False	core_sites_1_60	True	True	True	True					False		False		0	False	False	False	False
Sample_Mastersheet.xlsx	Trip5	533	Trip5	V60Dr1	60	60	False	False	Site 60	https://rubalkhali.science/kb/RAK_1000060	Deep	False	core_sites_1_60	True	True	True	True		Measured	QIACube		False		False		0	False	False	False	True
Sample_Mastersheet.xlsx	Trip5	534	Trip5	V60Dr2	60	60	False	False	Site 60	https://rubalkhali.science/kb/RAK_1000060	Deep	False	core_sites_1_60	True	True	True	True					False		False		0	False	False	False	False
Sample_Mastersheet.xlsx	Trip5	535	Trip5	V60Dr3	60	60	False	False	Site 60	https://rubalkhali.science/kb/RAK_1000060	Deep	False	core_sites_1_60	True	True	True	True					False		False		0	False	False	False	False
Sample_Mastersheet.xlsx	Trip5	536	Trip5	V60Sr1	60	60	False	False	Site 60	https://rubalkhali.science/kb/RAK_1000060	Surface	False	core_sites_1_60	True	True	True	True		Measured	QIACube		False		False		0	False	False	False	True
Sample_Mastersheet.xlsx	Trip5	537	Trip5	V60Sr2	60	60	False	False	Site 60	https://rubalkhali.science/kb/RAK_1000060	Surface	False	core_sites_1_60	True	True	True	True					False		False		0	False	False	False	False
Sample_Mastersheet.xlsx	Trip5	538	Trip5	V60Sr3	60	60	False	False	Site 60	https://rubalkhali.science/kb/RAK_1000060	Surface	False	core_sites_1_60	True	True	True	True					False		False		0	False	False	False	False
Sample_Mastersheet.xlsx	Trip5	539	Trip5	V60PRr1	60	60	False	False	Site 60	https://rubalkhali.science/kb/RAK_1000060	Rhizosphere	False	core_sites_1_60	True	True	True	True		Measured	QIACube		False		False		2	True	True	True	True
Sample_Mastersheet.xlsx	Trip5	540	Trip5	V60PRr2	60	60	False	False	Site 60	https://rubalkhali.science/kb/RAK_1000060	Rhizosphere	False	core_sites_1_60	True	True	True	True					False		False		1	True	True	True	True
Sample_Mastersheet.xlsx	Trip5	541	Trip5	V60PRr3	60	60	False	False	Site 60	https://rubalkhali.science/kb/RAK_1000060	Rhizosphere	False	core_sites_1_60	True	True	True	True					False		False		0	False	False	False	False
Sample_Mastersheet.xlsx	Trip5	542	Trip5	- Ctrl 1	61	61	False	False			Deep	True	laboratory_control	False	True	False	False	control_requires_explicit_control_model				False		False		0	False	False	False	False
Sample_Mastersheet.xlsx	Trip5	543	Trip5	- Ctrl 2	61	61	False	False			Deep	True	laboratory_control	False	True	False	False	control_requires_explicit_control_model				False		False		0	False	False	False	False
Sample_Mastersheet.xlsx	Trip5	544	Trip5	- Ctrl 3	61	61	False	False			Deep	True	laboratory_control	False	True	False	False	control_requires_explicit_control_model				False		False		0	False	False	False	False
Sample_Mastersheet.xlsx	Trip5	545	Trip5	=+ Ctrl 1	61	61	False	False			Surface	True	laboratory_control	False	True	False	False	control_requires_explicit_control_model				False		False		0	False	False	False	False
Sample_Mastersheet.xlsx	Trip5	546	Trip5	=+ Ctrl 2	61	61	False	False			Surface	True	laboratory_control	False	True	False	False	control_requires_explicit_control_model				False		False		0	False	False	False	False
Sample_Mastersheet.xlsx	Trip5	547	Trip5	=+ Ctrl 3	61	61	False	False			Surface	True	laboratory_control	False	True	False	False	control_requires_explicit_control_model				False		False		0	False	False	False	False
Sample_Mastersheet.xlsx	Trip5	548	Trip5	Extraction Ctrl	61	61	False	False			Rhizosphere	True	laboratory_control	False	True	False	False	control_requires_explicit_control_model				False		False		0	False	False	False	False
Sample_Mastersheet.xlsx	Trip5	549	Trip5	PCR Ctrl	61	61	False	False			Rhizosphere	True	laboratory_control	False	True	False	False	control_requires_explicit_control_model				False		False		0	False	False	False	False
plants.tsv		2	Trip1	1P	1	1	False	False	Site 1	https://rubalkhali.science/kb/RAK_1000001	plant	False	core_sites_1_60	True	True	True	True					False		False		0	False	False	False	False
plants.tsv		3	Trip2	T1P	1	1	False	False	Site 1	https://rubalkhali.science/kb/RAK_1000001	plant	False	core_sites_1_60	True	True	True	True					False		False		0	False	False	False	False
plants.tsv		4	Trip3	F1P	1	1	False	False	Site 1	https://rubalkhali.science/kb/RAK_1000001	plant	False	core_sites_1_60	True	True	True	True					False		False		0	False	False	False	False
plants.tsv		5	Trip4	S1P	1	1	False	False	Site 1	https://rubalkhali.science/kb/RAK_1000001	plant	False	core_sites_1_60	True	True	True	True					False		False		0	False	False	False	False
plants.tsv		6	Trip5	V1P	1	1	False	False	Site 1	https://rubalkhali.science/kb/RAK_1000001	plant	False	core_sites_1_60	True	True	True	True					False		False		0	False	False	False	False
plants.tsv		7	Trip1	2P	2	2	False	False	Site 2	https://rubalkhali.science/kb/RAK_1000002	plant	False	core_sites_1_60	True	True	True	True					False		False		0	False	False	False	False
plants.tsv		8	Trip2	T2P	2	2	False	False	Site 2	https://rubalkhali.science/kb/RAK_1000002	plant	False	core_sites_1_60	True	True	True	True					False		False		0	False	False	False	False
plants.tsv		9	Trip3	F2P	2	2	False	False	Site 2	https://rubalkhali.science/kb/RAK_1000002	plant	False	core_sites_1_60	True	True	True	True					False		False		0	False	False	False	False
plants.tsv		10	Trip4	S2P	2	2	False	False	Site 2	https://rubalkhali.science/kb/RAK_1000002	plant	False	core_sites_1_60	True	True	True	True					False		False		0	False	False	False	False
plants.tsv		11	Trip5	V2P	2	2	False	False	Site 2	https://rubalkhali.science/kb/RAK_1000002	plant	False	core_sites_1_60	True	True	True	True					False		False		0	False	False	False	False
plants.tsv		12	Trip1	3P	3	3	False	False	Site 3	https://rubalkhali.science/kb/RAK_1000003	plant	False	core_sites_1_60	True	True	True	True					False		False		0	False	False	False	False
plants.tsv		13	Trip2	T3P	3	3	False	False	Site 3	https://rubalkhali.science/kb/RAK_1000003	plant	False	core_sites_1_60	True	True	True	True					False		False		0	False	False	False	False
plants.tsv		14	Trip3	F3P	3	3	False	False	Site 3	https://rubalkhali.science/kb/RAK_1000003	plant	False	core_sites_1_60	True	True	True	True					False		False		0	False	False	False	False
plants.tsv		15	Trip4	S3P	3	3	False	False	Site 3	https://rubalkhali.science/kb/RAK_1000003	plant	False	core_sites_1_60	True	True	True	True					False		False		0	False	False	False	False
plants.tsv		16	Trip5	V3P	3	3	False	False	Site 3	https://rubalkhali.science/kb/RAK_1000003	plant	False	core_sites_1_60	True	True	True	True					False		False		0	False	False	False	False
plants.tsv		17	Trip1	4P	4	4	False	False	Site 4	https://rubalkhali.science/kb/RAK_1000004	plant	False	core_sites_1_60	True	True	True	True					False		False		0	False	False	False	False
plants.tsv		18	Trip2	T4P	4	4	False	False	Site 4	https://rubalkhali.science/kb/RAK_1000004	plant	False	core_sites_1_60	True	True	True	True					False		False		0	False	False	False	False
plants.tsv		19	Trip3	F4P	4	4	False	False	Site 4	https://rubalkhali.science/kb/RAK_1000004	plant	False	core_sites_1_60	True	True	True	True					False		False		0	False	False	False	False
plants.tsv		20	Trip4	S4P	4	4	False	False	Site 4	https://rubalkhali.science/kb/RAK_1000004	plant	False	core_sites_1_60	True	True	True	True					False		False		0	False	False	False	False
plants.tsv		21	Trip5	V4P	4	4	False	False	Site 4	https://rubalkhali.science/kb/RAK_1000004	plant	False	core_sites_1_60	True	True	True	True					False		False		0	False	False	False	False
plants.tsv		22	Trip1	5P	5	5	False	False	Site 5	https://rubalkhali.science/kb/RAK_1000005	plant	False	core_sites_1_60	True	True	True	True					False		False		0	False	False	False	False
plants.tsv		23	Trip2	T5P	5	5	False	False	Site 5	https://rubalkhali.science/kb/RAK_1000005	plant	False	core_sites_1_60	True	True	True	True					False		False		0	False	False	False	False
plants.tsv		24	Trip3	F5P	5	5	False	False	Site 5	https://rubalkhali.science/kb/RAK_1000005	plant	False	core_sites_1_60	True	True	True	True					False		False		0	False	False	False	False
plants.tsv		25	Trip4	S5P	5	5	False	False	Site 5	https://rubalkhali.science/kb/RAK_1000005	plant	False	core_sites_1_60	True	True	True	True					False		False		0	False	False	False	False
plants.tsv		26	Trip5	V5P	5	5	False	False	Site 5	https://rubalkhali.science/kb/RAK_1000005	plant	False	core_sites_1_60	True	True	True	True					False		False		0	False	False	False	False
plants.tsv		27	Trip1	6P	6	6	False	False	Site 6	https://rubalkhali.science/kb/RAK_1000006	plant	False	core_sites_1_60	True	True	True	True					False		False		0	False	False	False	False
plants.tsv		28	Trip2	T6P	6	6	False	False	Site 6	https://rubalkhali.science/kb/RAK_1000006	plant	False	core_sites_1_60	True	True	True	True					False		False		0	False	False	False	False
plants.tsv		29	Trip3	F6P	6	6	False	False	Site 6	https://rubalkhali.science/kb/RAK_1000006	plant	False	core_sites_1_60	True	True	True	True					False		False		0	False	False	False	False
plants.tsv		30	Trip4	S6P	6	6	False	False	Site 6	https://rubalkhali.science/kb/RAK_1000006	plant	False	core_sites_1_60	True	True	True	True					False		False		0	False	False	False	False
plants.tsv		31	Trip5	V6P	6	6	False	False	Site 6	https://rubalkhali.science/kb/RAK_1000006	plant	False	core_sites_1_60	True	True	True	True					False		False		0	False	False	False	False
plants.tsv		32	Trip1	7P	7	7	False	False	Site 7	https://rubalkhali.science/kb/RAK_1000007	plant	False	core_sites_1_60	True	True	True	True					False		False		0	False	False	False	False
plants.tsv		33	Trip2	T7P	7	7	False	False	Site 7	https://rubalkhali.science/kb/RAK_1000007	plant	False	core_sites_1_60	True	True	True	True					False		False		0	False	False	False	False
plants.tsv		34	Trip3	F7P	7	7	False	False	Site 7	https://rubalkhali.science/kb/RAK_1000007	plant	False	core_sites_1_60	True	True	True	True					False		False		0	False	False	False	False
plants.tsv		35	Trip4	S7P	7	7	False	False	Site 7	https://rubalkhali.science/kb/RAK_1000007	plant	False	core_sites_1_60	True	True	True	True					False		False		0	False	False	False	False
plants.tsv		36	Trip5	V7P	7	7	False	False	Site 7	https://rubalkhali.science/kb/RAK_1000007	plant	False	core_sites_1_60	True	True	True	True					False		False		0	False	False	False	False
plants.tsv		37	Trip1	8P	8	8	False	False	Site 8	https://rubalkhali.science/kb/RAK_1000008	plant	False	core_sites_1_60	True	True	True	True					False		False		0	False	False	False	False
plants.tsv		38	Trip2	T8P	8	8	False	False	Site 8	https://rubalkhali.science/kb/RAK_1000008	plant	False	core_sites_1_60	True	True	True	True					False		False		0	False	False	False	False
plants.tsv		39	Trip3	F8P	8	8	False	False	Site 8	https://rubalkhali.science/kb/RAK_1000008	plant	False	core_sites_1_60	True	True	True	True					False		False		0	False	False	False	False
plants.tsv		40	Trip4	S8P	8	8	False	False	Site 8	https://rubalkhali.science/kb/RAK_1000008	plant	False	core_sites_1_60	True	True	True	True					False		False		0	False	False	False	False
plants.tsv		41	Trip5	V8P	8	8	False	False	Site 8	https://rubalkhali.science/kb/RAK_1000008	plant	False	core_sites_1_60	True	True	True	True					False		False		0	False	False	False	False
plants.tsv		42	Trip1	9P	9	9	False	False	Site 9	https://rubalkhali.science/kb/RAK_1000009	plant	False	core_sites_1_60	True	True	True	True					False		False		0	False	False	False	False
plants.tsv		43	Trip3	F9P	9	9	False	False	Site 9	https://rubalkhali.science/kb/RAK_1000009	plant	False	core_sites_1_60	True	True	True	True					False		False		0	False	False	False	False
plants.tsv		44	Trip4	S9P	9	9	False	False	Site 9	https://rubalkhali.science/kb/RAK_1000009	plant	False	core_sites_1_60	True	True	True	True					False		False		0	False	False	False	False
plants.tsv		45	Trip5	V9P	9	9	False	False	Site 9	https://rubalkhali.science/kb/RAK_1000009	plant	False	core_sites_1_60	True	True	True	True					False		False		0	False	False	False	False
plants.tsv		46	Trip1	10P	10	10	False	False	Site 10	https://rubalkhali.science/kb/RAK_1000010	plant	False	core_sites_1_60	True	True	True	True					False		False		0	False	False	False	False
plants.tsv		47	Trip3	F10P	10	10	False	False	Site 10	https://rubalkhali.science/kb/RAK_1000010	plant	False	core_sites_1_60	True	True	True	True					False		False		0	False	False	False	False
plants.tsv		48	Trip4	S10P	10	10	False	False	Site 10	https://rubalkhali.science/kb/RAK_1000010	plant	False	core_sites_1_60	True	True	True	True					False		False		0	False	False	False	False
plants.tsv		49	Trip5	V10P	10	10	False	False	Site 10	https://rubalkhali.science/kb/RAK_1000010	plant	False	core_sites_1_60	True	True	True	True					False		False		0	False	False	False	False
plants.tsv		50	Trip1	11P	11	11	False	False	Site 11	https://rubalkhali.science/kb/RAK_1000011	plant	False	core_sites_1_60	True	True	True	True					False		False		0	False	False	False	False
plants.tsv		51	Trip3	F11P	11	11	False	False	Site 11	https://rubalkhali.science/kb/RAK_1000011	plant	False	core_sites_1_60	True	True	True	True					False		False		0	False	False	False	False
plants.tsv		52	Trip4	S11P	11	11	False	False	Site 11	https://rubalkhali.science/kb/RAK_1000011	plant	False	core_sites_1_60	True	True	True	True					False		False		0	False	False	False	False
plants.tsv		53	Trip5	V11P	11	11	False	False	Site 11	https://rubalkhali.science/kb/RAK_1000011	plant	False	core_sites_1_60	True	True	True	True					False		False		0	False	False	False	False
plants.tsv		54	Trip1	12P	12	12	False	False	Site 12	https://rubalkhali.science/kb/RAK_1000012	plant	False	core_sites_1_60	True	True	True	True					False		False		0	False	False	False	False
plants.tsv		55	Trip3	F12P	12	12	False	False	Site 12	https://rubalkhali.science/kb/RAK_1000012	plant	False	core_sites_1_60	True	True	True	True					False		False		0	False	False	False	False
plants.tsv		56	Trip4	S12P	12	12	False	False	Site 12	https://rubalkhali.science/kb/RAK_1000012	plant	False	core_sites_1_60	True	True	True	True					False		False		0	False	False	False	False
plants.tsv		57	Trip5	V12P	12	12	False	False	Site 12	https://rubalkhali.science/kb/RAK_1000012	plant	False	core_sites_1_60	True	True	True	True					False		False		0	False	False	False	False
plants.tsv		58	Trip1	13P	13	13	False	False	Site 13	https://rubalkhali.science/kb/RAK_1000013	plant	False	core_sites_1_60	True	True	True	True					False		False		0	False	False	False	False
plants.tsv		59	Trip3	F13P	13	13	False	False	Site 13	https://rubalkhali.science/kb/RAK_1000013	plant	False	core_sites_1_60	True	True	True	True					False		False		0	False	False	False	False
plants.tsv		60	Trip4	S13P	13	13	False	False	Site 13	https://rubalkhali.science/kb/RAK_1000013	plant	False	core_sites_1_60	True	True	True	True					False		False		0	False	False	False	False
plants.tsv		61	Trip5	V13P	13	13	False	False	Site 13	https://rubalkhali.science/kb/RAK_1000013	plant	False	core_sites_1_60	True	True	True	True					False		False		0	False	False	False	False
plants.tsv		62	Trip1	14P	14	14	False	False	Site 14	https://rubalkhali.science/kb/RAK_1000014	plant	False	core_sites_1_60	True	True	True	True					False		False		0	False	False	False	False
plants.tsv		63	Trip3	F14P	14	14	False	False	Site 14	https://rubalkhali.science/kb/RAK_1000014	plant	False	core_sites_1_60	True	True	True	True					False		False		0	False	False	False	False
plants.tsv		64	Trip4	S14P	14	14	False	False	Site 14	https://rubalkhali.science/kb/RAK_1000014	plant	False	core_sites_1_60	True	True	True	True					False		False		0	False	False	False	False
plants.tsv		65	Trip5	V14P	14	14	False	False	Site 14	https://rubalkhali.science/kb/RAK_1000014	plant	False	core_sites_1_60	True	True	True	True					False		False		0	False	False	False	False
plants.tsv		66	Trip1	15P	15	15	False	False	Site 15	https://rubalkhali.science/kb/RAK_1000015	plant	False	core_sites_1_60	True	True	True	True					False		False		0	False	False	False	False
plants.tsv		67	Trip3	F15P	15	15	False	False	Site 15	https://rubalkhali.science/kb/RAK_1000015	plant	False	core_sites_1_60	True	True	True	True					False		False		0	False	False	False	False
plants.tsv		68	Trip4	S15P	15	15	False	False	Site 15	https://rubalkhali.science/kb/RAK_1000015	plant	False	core_sites_1_60	True	True	True	True					False		False		0	False	False	False	False
plants.tsv		69	Trip5	V15P	15	15	False	False	Site 15	https://rubalkhali.science/kb/RAK_1000015	plant	False	core_sites_1_60	True	True	True	True					False		False		0	False	False	False	False
plants.tsv		70	Trip1	16P	16	16	False	False	Site 16	https://rubalkhali.science/kb/RAK_1000016	plant	False	core_sites_1_60	True	True	True	True					False		False		0	False	False	False	False
plants.tsv		71	Trip3	F16P	16	16	False	False	Site 16	https://rubalkhali.science/kb/RAK_1000016	plant	False	core_sites_1_60	True	True	True	True					False		False		0	False	False	False	False
plants.tsv		72	Trip4	S16P	16	16	False	False	Site 16	https://rubalkhali.science/kb/RAK_1000016	plant	False	core_sites_1_60	True	True	True	True					False		False		0	False	False	False	False
plants.tsv		73	Trip5	V16P	16	16	False	False	Site 16	https://rubalkhali.science/kb/RAK_1000016	plant	False	core_sites_1_60	True	True	True	True					False		False		0	False	False	False	False
plants.tsv		74	Trip1	17P	17	17	False	False	Site 17	https://rubalkhali.science/kb/RAK_1000017	plant	False	core_sites_1_60	True	True	True	True					False		False		0	False	False	False	False
plants.tsv		75	Trip3	F17P	17	17	False	False	Site 17	https://rubalkhali.science/kb/RAK_1000017	plant	False	core_sites_1_60	True	True	True	True					False		False		0	False	False	False	False
plants.tsv		76	Trip4	S17P	17	17	False	False	Site 17	https://rubalkhali.science/kb/RAK_1000017	plant	False	core_sites_1_60	True	True	True	True					False		False		0	False	False	False	False
plants.tsv		77	Trip5	V17P	17	17	False	False	Site 17	https://rubalkhali.science/kb/RAK_1000017	plant	False	core_sites_1_60	True	True	True	True					False		False		0	False	False	False	False
plants.tsv		78	Trip1	18P	18	18	False	False	Site 18	https://rubalkhali.science/kb/RAK_1000018	plant	False	core_sites_1_60	True	True	True	True					False		False		0	False	False	False	False
plants.tsv		79	Trip3	F18P	18	18	False	False	Site 18	https://rubalkhali.science/kb/RAK_1000018	plant	False	core_sites_1_60	True	True	True	True					False		False		0	False	False	False	False
plants.tsv		80	Trip4	S18P	18	18	False	False	Site 18	https://rubalkhali.science/kb/RAK_1000018	plant	False	core_sites_1_60	True	True	True	True					False		False		0	False	False	False	False
plants.tsv		81	Trip5	V18P	18	18	False	False	Site 18	https://rubalkhali.science/kb/RAK_1000018	plant	False	core_sites_1_60	True	True	True	True					False		False		0	False	False	False	False
plants.tsv		82	Trip1	19P	19	19	False	False	Site 19	https://rubalkhali.science/kb/RAK_1000019	plant	False	core_sites_1_60	True	True	True	True					False		False		0	False	False	False	False
plants.tsv		83	Trip3	F19P	19	19	False	False	Site 19	https://rubalkhali.science/kb/RAK_1000019	plant	False	core_sites_1_60	True	True	True	True					False		False		0	False	False	False	False
plants.tsv		84	Trip4	S19P	19	19	False	False	Site 19	https://rubalkhali.science/kb/RAK_1000019	plant	False	core_sites_1_60	True	True	True	True					False		False		0	False	False	False	False
plants.tsv		85	Trip5	V19P	19	19	False	False	Site 19	https://rubalkhali.science/kb/RAK_1000019	plant	False	core_sites_1_60	True	True	True	True					False		False		0	False	False	False	False
plants.tsv		86	Trip1	20P	20	20	False	False	Site 20	https://rubalkhali.science/kb/RAK_1000020	plant	False	core_sites_1_60	True	True	True	True					False		False		0	False	False	False	False
plants.tsv		87	Trip3	F20P	20	20	False	False	Site 20	https://rubalkhali.science/kb/RAK_1000020	plant	False	core_sites_1_60	True	True	True	True					False		False		0	False	False	False	False
plants.tsv		88	Trip4	S20P	20	20	False	False	Site 20	https://rubalkhali.science/kb/RAK_1000020	plant	False	core_sites_1_60	True	True	True	True					False		False		0	False	False	False	False
plants.tsv		89	Trip5	V20P	20	20	False	False	Site 20	https://rubalkhali.science/kb/RAK_1000020	plant	False	core_sites_1_60	True	True	True	True					False		False		0	False	False	False	False
plants.tsv		90	Trip1	21P	21	21	False	False	Site 21	https://rubalkhali.science/kb/RAK_1000021	plant	False	core_sites_1_60	True	True	True	True					False		False		0	False	False	False	False
plants.tsv		91	Trip3	F21P	21	21	False	False	Site 21	https://rubalkhali.science/kb/RAK_1000021	plant	False	core_sites_1_60	True	True	True	True					False		False		0	False	False	False	False
plants.tsv		92	Trip4	S21P	21	21	False	False	Site 21	https://rubalkhali.science/kb/RAK_1000021	plant	False	core_sites_1_60	True	True	True	True					False		False		0	False	False	False	False
plants.tsv		93	Trip5	V21P	21	21	False	False	Site 21	https://rubalkhali.science/kb/RAK_1000021	plant	False	core_sites_1_60	True	True	True	True					False		False		0	False	False	False	False
plants.tsv		94	Trip1	22P	22	22	False	False	Site 22	https://rubalkhali.science/kb/RAK_1000022	plant	False	core_sites_1_60	True	True	True	True					False		False		0	False	False	False	False
plants.tsv		95	Trip3	F22P	22	22	False	False	Site 22	https://rubalkhali.science/kb/RAK_1000022	plant	False	core_sites_1_60	True	True	True	True					False		False		0	False	False	False	False
plants.tsv		96	Trip4	S22P	22	22	False	False	Site 22	https://rubalkhali.science/kb/RAK_1000022	plant	False	core_sites_1_60	True	True	True	True					False		False		0	False	False	False	False
plants.tsv		97	Trip5	V22P	22	22	False	False	Site 22	https://rubalkhali.science/kb/RAK_1000022	plant	False	core_sites_1_60	True	True	True	True					False		False		0	False	False	False	False
plants.tsv		98	Trip1	23P	23	23	False	False	Site 23	https://rubalkhali.science/kb/RAK_1000023	plant	False	core_sites_1_60	True	True	True	True					False		False		0	False	False	False	False
plants.tsv		99	Trip3	F23P	23	23	False	False	Site 23	https://rubalkhali.science/kb/RAK_1000023	plant	False	core_sites_1_60	True	True	True	True					False		False		0	False	False	False	False
plants.tsv		100	Trip4	S23P	23	23	False	False	Site 23	https://rubalkhali.science/kb/RAK_1000023	plant	False	core_sites_1_60	True	True	True	True					False		False		0	False	False	False	False
plants.tsv		101	Trip5	V23P	23	23	False	False	Site 23	https://rubalkhali.science/kb/RAK_1000023	plant	False	core_sites_1_60	True	True	True	True					False		False		0	False	False	False	False
plants.tsv		102	Trip1	24P	24	24	False	False	Site 24	https://rubalkhali.science/kb/RAK_1000024	plant	False	core_sites_1_60	True	True	True	True					False		False		0	False	False	False	False
plants.tsv		103	Trip3	F24P	24	24	False	False	Site 24	https://rubalkhali.science/kb/RAK_1000024	plant	False	core_sites_1_60	True	True	True	True					False		False		0	False	False	False	False
plants.tsv		104	Trip4	S24P	24	24	False	False	Site 24	https://rubalkhali.science/kb/RAK_1000024	plant	False	core_sites_1_60	True	True	True	True					False		False		0	False	False	False	False
plants.tsv		105	Trip5	V24P	24	24	False	False	Site 24	https://rubalkhali.science/kb/RAK_1000024	plant	False	core_sites_1_60	True	True	True	True					False		False		0	False	False	False	False
plants.tsv		106	Trip1	25P	25	25	False	False	Site 25	https://rubalkhali.science/kb/RAK_1000025	plant	False	core_sites_1_60	True	True	True	True					False		False		0	False	False	False	False
plants.tsv		107	Trip3	F25P	25	25	False	False	Site 25	https://rubalkhali.science/kb/RAK_1000025	plant	False	core_sites_1_60	True	True	True	True					False		False		0	False	False	False	False
plants.tsv		108	Trip4	S25P	25	25	False	False	Site 25	https://rubalkhali.science/kb/RAK_1000025	plant	False	core_sites_1_60	True	True	True	True					False		False		0	False	False	False	False
plants.tsv		109	Trip5	V25P	25	25	False	False	Site 25	https://rubalkhali.science/kb/RAK_1000025	plant	False	core_sites_1_60	True	True	True	True					False		False		0	False	False	False	False
plants.tsv		110	Trip1	26P	26	26	False	False	Site 26	https://rubalkhali.science/kb/RAK_1000026	plant	False	core_sites_1_60	True	True	True	True					False		False		0	False	False	False	False
plants.tsv		111	Trip3	F26P	26	26	False	False	Site 26	https://rubalkhali.science/kb/RAK_1000026	plant	False	core_sites_1_60	True	True	True	True					False		False		0	False	False	False	False
plants.tsv		112	Trip4	S26P	26	26	False	False	Site 26	https://rubalkhali.science/kb/RAK_1000026	plant	False	core_sites_1_60	True	True	True	True					False		False		0	False	False	False	False
plants.tsv		113	Trip5	V26P	26	26	False	False	Site 26	https://rubalkhali.science/kb/RAK_1000026	plant	False	core_sites_1_60	True	True	True	True					False		False		0	False	False	False	False
plants.tsv		114	Trip1	27P	27	27	False	False	Site 27	https://rubalkhali.science/kb/RAK_1000027	plant	False	core_sites_1_60	True	True	True	True					False		False		0	False	False	False	False
plants.tsv		115	Trip3	F27P	27	27	False	False	Site 27	https://rubalkhali.science/kb/RAK_1000027	plant	False	core_sites_1_60	True	True	True	True					False		False		0	False	False	False	False
plants.tsv		116	Trip4	S27P	27	27	False	False	Site 27	https://rubalkhali.science/kb/RAK_1000027	plant	False	core_sites_1_60	True	True	True	True					False		False		0	False	False	False	False
plants.tsv		117	Trip5	V27P	27	27	False	False	Site 27	https://rubalkhali.science/kb/RAK_1000027	plant	False	core_sites_1_60	True	True	True	True					False		False		0	False	False	False	False
plants.tsv		118	Trip1	28P	28	28	False	False	Site 28	https://rubalkhali.science/kb/RAK_1000028	plant	False	core_sites_1_60	True	True	True	True					False		False		0	False	False	False	False
plants.tsv		119	Trip3	F28P	28	28	False	False	Site 28	https://rubalkhali.science/kb/RAK_1000028	plant	False	core_sites_1_60	True	True	True	True					False		False		0	False	False	False	False
plants.tsv		120	Trip4	S28P	28	28	False	False	Site 28	https://rubalkhali.science/kb/RAK_1000028	plant	False	core_sites_1_60	True	True	True	True					False		False		0	False	False	False	False
plants.tsv		121	Trip5	V28P	28	28	False	False	Site 28	https://rubalkhali.science/kb/RAK_1000028	plant	False	core_sites_1_60	True	True	True	True					False		False		0	False	False	False	False
plants.tsv		122	Trip1	29P	29	29	False	False	Site 29	https://rubalkhali.science/kb/RAK_1000029	plant	False	core_sites_1_60	True	True	True	True					False		False		0	False	False	False	False
plants.tsv		123	Trip3	F29P	29	29	False	False	Site 29	https://rubalkhali.science/kb/RAK_1000029	plant	False	core_sites_1_60	True	True	True	True					False		False		0	False	False	False	False
plants.tsv		124	Trip4	S29P	29	29	False	False	Site 29	https://rubalkhali.science/kb/RAK_1000029	plant	False	core_sites_1_60	True	True	True	True					False		False		0	False	False	False	False
plants.tsv		125	Trip5	V29P	29	29	False	False	Site 29	https://rubalkhali.science/kb/RAK_1000029	plant	False	core_sites_1_60	True	True	True	True					False		False		0	False	False	False	False
plants.tsv		126	Trip1	30P	30	30	False	False	Site 30	https://rubalkhali.science/kb/RAK_1000030	plant	False	core_sites_1_60	True	True	True	True					False		False		0	False	False	False	False
plants.tsv		127	Trip3	F30P	30	30	False	False	Site 30	https://rubalkhali.science/kb/RAK_1000030	plant	False	core_sites_1_60	True	True	True	True					False		False		0	False	False	False	False
plants.tsv		128	Trip4	S30P	30	30	False	False	Site 30	https://rubalkhali.science/kb/RAK_1000030	plant	False	core_sites_1_60	True	True	True	True					False		False		0	False	False	False	False
plants.tsv		129	Trip5	V30P	30	30	False	False	Site 30	https://rubalkhali.science/kb/RAK_1000030	plant	False	core_sites_1_60	True	True	True	True					False		False		0	False	False	False	False
plants.tsv		130	Trip1	31P	31	31	False	False	Site 31	https://rubalkhali.science/kb/RAK_1000031	plant	False	core_sites_1_60	True	True	True	True					False		False		0	False	False	False	False
plants.tsv		131	Trip3	F31P	31	31	False	False	Site 31	https://rubalkhali.science/kb/RAK_1000031	plant	False	core_sites_1_60	True	True	True	True					False		False		0	False	False	False	False
plants.tsv		132	Trip4	S31P	31	31	False	False	Site 31	https://rubalkhali.science/kb/RAK_1000031	plant	False	core_sites_1_60	True	True	True	True					False		False		0	False	False	False	False
plants.tsv		133	Trip5	V31P	31	31	False	False	Site 31	https://rubalkhali.science/kb/RAK_1000031	plant	False	core_sites_1_60	True	True	True	True					False		False		0	False	False	False	False
plants.tsv		134	Trip1	32P	32	32	False	False	Site 32	https://rubalkhali.science/kb/RAK_1000032	plant	False	core_sites_1_60	True	True	True	True					False		False		0	False	False	False	False
plants.tsv		135	Trip3	F32P	32	32	False	False	Site 32	https://rubalkhali.science/kb/RAK_1000032	plant	False	core_sites_1_60	True	True	True	True					False		False		0	False	False	False	False
plants.tsv		136	Trip4	S32P	32	32	False	False	Site 32	https://rubalkhali.science/kb/RAK_1000032	plant	False	core_sites_1_60	True	True	True	True					False		False		0	False	False	False	False
plants.tsv		137	Trip5	V32P	32	32	False	False	Site 32	https://rubalkhali.science/kb/RAK_1000032	plant	False	core_sites_1_60	True	True	True	True					False		False		0	False	False	False	False
plants.tsv		138	Trip1	33P	33	33	False	False	Site 33	https://rubalkhali.science/kb/RAK_1000033	plant	False	core_sites_1_60	True	True	True	True					False		False		0	False	False	False	False
plants.tsv		139	Trip3	F33P	33	33	False	False	Site 33	https://rubalkhali.science/kb/RAK_1000033	plant	False	core_sites_1_60	True	True	True	True					False		False		0	False	False	False	False
plants.tsv		140	Trip4	S33P	33	33	False	False	Site 33	https://rubalkhali.science/kb/RAK_1000033	plant	False	core_sites_1_60	True	True	True	True					False		False		0	False	False	False	False
plants.tsv		141	Trip5	V33P	33	33	False	False	Site 33	https://rubalkhali.science/kb/RAK_1000033	plant	False	core_sites_1_60	True	True	True	True					False		False		0	False	False	False	False
plants.tsv		142	Trip1	34P	34	34	False	False	Site 34	https://rubalkhali.science/kb/RAK_1000034	plant	False	core_sites_1_60	True	True	True	True					False		False		0	False	False	False	False
plants.tsv		143	Trip3	F34P	34	34	False	False	Site 34	https://rubalkhali.science/kb/RAK_1000034	plant	False	core_sites_1_60	True	True	True	True					False		False		0	False	False	False	False
plants.tsv		144	Trip4	S34P	34	34	False	False	Site 34	https://rubalkhali.science/kb/RAK_1000034	plant	False	core_sites_1_60	True	True	True	True					False		False		0	False	False	False	False
plants.tsv		145	Trip5	V34P	34	34	False	False	Site 34	https://rubalkhali.science/kb/RAK_1000034	plant	False	core_sites_1_60	True	True	True	True					False		False		0	False	False	False	False
plants.tsv		146	Trip1	35P	35	35	False	False	Site 35	https://rubalkhali.science/kb/RAK_1000035	plant	False	core_sites_1_60	True	True	True	True					False		False		0	False	False	False	False
plants.tsv		147	Trip3	F35P	35	35	False	False	Site 35	https://rubalkhali.science/kb/RAK_1000035	plant	False	core_sites_1_60	True	True	True	True					False		False		0	False	False	False	False
plants.tsv		148	Trip4	S35P	35	35	False	False	Site 35	https://rubalkhali.science/kb/RAK_1000035	plant	False	core_sites_1_60	True	True	True	True					False		False		0	False	False	False	False
plants.tsv		149	Trip5	V35P	35	35	False	False	Site 35	https://rubalkhali.science/kb/RAK_1000035	plant	False	core_sites_1_60	True	True	True	True					False		False		0	False	False	False	False
plants.tsv		150	Trip1	36P	36	36	False	False	Site 36	https://rubalkhali.science/kb/RAK_1000036	plant	False	core_sites_1_60	True	True	True	True					False		False		0	False	False	False	False
plants.tsv		151	Trip3	F36P	36	36	False	False	Site 36	https://rubalkhali.science/kb/RAK_1000036	plant	False	core_sites_1_60	True	True	True	True					False		False		0	False	False	False	False
plants.tsv		152	Trip4	S36P	36	36	False	False	Site 36	https://rubalkhali.science/kb/RAK_1000036	plant	False	core_sites_1_60	True	True	True	True					False		False		0	False	False	False	False
plants.tsv		153	Trip5	V36P	36	36	False	False	Site 36	https://rubalkhali.science/kb/RAK_1000036	plant	False	core_sites_1_60	True	True	True	True					False		False		0	False	False	False	False
plants.tsv		154	Trip1	37P	37	37	False	False	Site 37	https://rubalkhali.science/kb/RAK_1000037	plant	False	core_sites_1_60	True	True	True	True					False		False		0	False	False	False	False
plants.tsv		155	Trip3	F37P	37	37	False	False	Site 37	https://rubalkhali.science/kb/RAK_1000037	plant	False	core_sites_1_60	True	True	True	True					False		False		0	False	False	False	False
plants.tsv		156	Trip4	S37P	37	37	False	False	Site 37	https://rubalkhali.science/kb/RAK_1000037	plant	False	core_sites_1_60	True	True	True	True					False		False		0	False	False	False	False
plants.tsv		157	Trip5	V37P	37	37	False	False	Site 37	https://rubalkhali.science/kb/RAK_1000037	plant	False	core_sites_1_60	True	True	True	True					False		False		0	False	False	False	False
plants.tsv		158	Trip1	38P	38	38	False	False	Site 38	https://rubalkhali.science/kb/RAK_1000038	plant	False	core_sites_1_60	True	True	True	True					False		False		0	False	False	False	False
plants.tsv		159	Trip3	F38P	38	38	False	False	Site 38	https://rubalkhali.science/kb/RAK_1000038	plant	False	core_sites_1_60	True	True	True	True					False		False		0	False	False	False	False
plants.tsv		160	Trip4	S38P	38	38	False	False	Site 38	https://rubalkhali.science/kb/RAK_1000038	plant	False	core_sites_1_60	True	True	True	True					False		False		0	False	False	False	False
plants.tsv		161	Trip5	V38P	38	38	False	False	Site 38	https://rubalkhali.science/kb/RAK_1000038	plant	False	core_sites_1_60	True	True	True	True					False		False		0	False	False	False	False
plants.tsv		162	Trip1	39P	39	39	False	False	Site 39	https://rubalkhali.science/kb/RAK_1000039	plant	False	core_sites_1_60	True	True	True	True					False		False		0	False	False	False	False
plants.tsv		163	Trip3	F39P	39	39	False	False	Site 39	https://rubalkhali.science/kb/RAK_1000039	plant	False	core_sites_1_60	True	True	True	True					False		False		0	False	False	False	False
plants.tsv		164	Trip4	S39P	39	39	False	False	Site 39	https://rubalkhali.science/kb/RAK_1000039	plant	False	core_sites_1_60	True	True	True	True					False		False		0	False	False	False	False
plants.tsv		165	Trip5	V39P	39	39	False	False	Site 39	https://rubalkhali.science/kb/RAK_1000039	plant	False	core_sites_1_60	True	True	True	True					False		False		0	False	False	False	False
plants.tsv		166	Trip1	40P	40	40	False	False	Site 40	https://rubalkhali.science/kb/RAK_1000040	plant	False	core_sites_1_60	True	True	True	True					False		False		0	False	False	False	False
plants.tsv		167	Trip3	F40P	40	40	False	False	Site 40	https://rubalkhali.science/kb/RAK_1000040	plant	False	core_sites_1_60	True	True	True	True					False		False		0	False	False	False	False
plants.tsv		168	Trip4	S40P	40	40	False	False	Site 40	https://rubalkhali.science/kb/RAK_1000040	plant	False	core_sites_1_60	True	True	True	True					False		False		0	False	False	False	False
plants.tsv		169	Trip5	V40P	40	40	False	False	Site 40	https://rubalkhali.science/kb/RAK_1000040	plant	False	core_sites_1_60	True	True	True	True					False		False		0	False	False	False	False
plants.tsv		170	Trip1	41P	41	41	False	False	Site 41	https://rubalkhali.science/kb/RAK_1000041	plant	False	core_sites_1_60	True	True	True	True					False		False		0	False	False	False	False
plants.tsv		171	Trip3	F41P	41	41	False	False	Site 41	https://rubalkhali.science/kb/RAK_1000041	plant	False	core_sites_1_60	True	True	True	True					False		False		0	False	False	False	False
plants.tsv		172	Trip4	S41P	41	41	False	False	Site 41	https://rubalkhali.science/kb/RAK_1000041	plant	False	core_sites_1_60	True	True	True	True					False		False		0	False	False	False	False
plants.tsv		173	Trip5	V41P	41	41	False	False	Site 41	https://rubalkhali.science/kb/RAK_1000041	plant	False	core_sites_1_60	True	True	True	True					False		False		0	False	False	False	False
plants.tsv		174	Trip1	42P	42	42	False	False	Site 42	https://rubalkhali.science/kb/RAK_1000042	plant	False	core_sites_1_60	True	True	True	True					False		False		0	False	False	False	False
plants.tsv		175	Trip3	F42P	42	42	False	False	Site 42	https://rubalkhali.science/kb/RAK_1000042	plant	False	core_sites_1_60	True	True	True	True					False		False		0	False	False	False	False
plants.tsv		176	Trip4	S42P	42	42	False	False	Site 42	https://rubalkhali.science/kb/RAK_1000042	plant	False	core_sites_1_60	True	True	True	True					False		False		0	False	False	False	False
plants.tsv		177	Trip5	V42P	42	42	False	False	Site 42	https://rubalkhali.science/kb/RAK_1000042	plant	False	core_sites_1_60	True	True	True	True					False		False		0	False	False	False	False
plants.tsv		178	Trip1	43P	43	43	False	False	Site 43	https://rubalkhali.science/kb/RAK_1000043	plant	False	core_sites_1_60	True	True	True	True					False		False		0	False	False	False	False
plants.tsv		179	Trip3	F43P	43	43	False	False	Site 43	https://rubalkhali.science/kb/RAK_1000043	plant	False	core_sites_1_60	True	True	True	True					False		False		0	False	False	False	False
plants.tsv		180	Trip4	S43P	43	43	False	False	Site 43	https://rubalkhali.science/kb/RAK_1000043	plant	False	core_sites_1_60	True	True	True	True					False		False		0	False	False	False	False
plants.tsv		181	Trip5	V43P	43	43	False	False	Site 43	https://rubalkhali.science/kb/RAK_1000043	plant	False	core_sites_1_60	True	True	True	True					False		False		0	False	False	False	False
plants.tsv		182	Trip1	44P	44	44	False	False	Site 44	https://rubalkhali.science/kb/RAK_1000044	plant	False	core_sites_1_60	True	True	True	True					False		False		0	False	False	False	False
plants.tsv		183	Trip3	F44P	44	44	False	False	Site 44	https://rubalkhali.science/kb/RAK_1000044	plant	False	core_sites_1_60	True	True	True	True					False		False		0	False	False	False	False
plants.tsv		184	Trip4	S44P	44	44	False	False	Site 44	https://rubalkhali.science/kb/RAK_1000044	plant	False	core_sites_1_60	True	True	True	True					False		False		0	False	False	False	False
plants.tsv		185	Trip5	V44P	44	44	False	False	Site 44	https://rubalkhali.science/kb/RAK_1000044	plant	False	core_sites_1_60	True	True	True	True					False		False		0	False	False	False	False
plants.tsv		186	Trip1	45P	45	45	False	False	Site 45	https://rubalkhali.science/kb/RAK_1000045	plant	False	core_sites_1_60	True	True	True	True					False		False		0	False	False	False	False
plants.tsv		187	Trip3	F45P	45	45	False	False	Site 45	https://rubalkhali.science/kb/RAK_1000045	plant	False	core_sites_1_60	True	True	True	True					False		False		0	False	False	False	False
plants.tsv		188	Trip4	S45P	45	45	False	False	Site 45	https://rubalkhali.science/kb/RAK_1000045	plant	False	core_sites_1_60	True	True	True	True					False		False		0	False	False	False	False
plants.tsv		189	Trip5	V45P	45	45	False	False	Site 45	https://rubalkhali.science/kb/RAK_1000045	plant	False	core_sites_1_60	True	True	True	True					False		False		0	False	False	False	False
plants.tsv		190	Trip1	46P	46	46	False	False	Site 46	https://rubalkhali.science/kb/RAK_1000046	plant	False	core_sites_1_60	True	True	True	True					False		False		0	False	False	False	False
plants.tsv		191	Trip3	F46P	46	46	False	False	Site 46	https://rubalkhali.science/kb/RAK_1000046	plant	False	core_sites_1_60	True	True	True	True					False		False		0	False	False	False	False
plants.tsv		192	Trip4	S46P	46	46	False	False	Site 46	https://rubalkhali.science/kb/RAK_1000046	plant	False	core_sites_1_60	True	True	True	True					False		False		0	False	False	False	False
plants.tsv		193	Trip5	V46P	46	46	False	False	Site 46	https://rubalkhali.science/kb/RAK_1000046	plant	False	core_sites_1_60	True	True	True	True					False		False		0	False	False	False	False
plants.tsv		194	Trip1	47P	47	47	False	False	Site 47	https://rubalkhali.science/kb/RAK_1000047	plant	False	core_sites_1_60	True	True	True	True					False		False		0	False	False	False	False
plants.tsv		195	Trip3	F47P	47	47	False	False	Site 47	https://rubalkhali.science/kb/RAK_1000047	plant	False	core_sites_1_60	True	True	True	True					False		False		0	False	False	False	False
plants.tsv		196	Trip4	S47P	47	47	False	False	Site 47	https://rubalkhali.science/kb/RAK_1000047	plant	False	core_sites_1_60	True	True	True	True					False		False		0	False	False	False	False
plants.tsv		197	Trip5	V47P	47	47	False	False	Site 47	https://rubalkhali.science/kb/RAK_1000047	plant	False	core_sites_1_60	True	True	True	True					False		False		0	False	False	False	False
plants.tsv		198	Trip1	48P	48	48	False	False	Site 48	https://rubalkhali.science/kb/RAK_1000048	plant	False	core_sites_1_60	True	True	True	True					False		False		0	False	False	False	False
plants.tsv		199	Trip3	F48P	48	48	False	False	Site 48	https://rubalkhali.science/kb/RAK_1000048	plant	False	core_sites_1_60	True	True	True	True					False		False		0	False	False	False	False
plants.tsv		200	Trip4	S48P	48	48	False	False	Site 48	https://rubalkhali.science/kb/RAK_1000048	plant	False	core_sites_1_60	True	True	True	True					False		False		0	False	False	False	False
plants.tsv		201	Trip5	V48P	48	48	False	False	Site 48	https://rubalkhali.science/kb/RAK_1000048	plant	False	core_sites_1_60	True	True	True	True					False		False		0	False	False	False	False
plants.tsv		202	Trip1	49P	49	49	False	False	Site 49	https://rubalkhali.science/kb/RAK_1000049	plant	False	core_sites_1_60	True	True	True	True					False		False		0	False	False	False	False
plants.tsv		203	Trip3	F49P	49	49	False	False	Site 49	https://rubalkhali.science/kb/RAK_1000049	plant	False	core_sites_1_60	True	True	True	True					False		False		0	False	False	False	False
plants.tsv		204	Trip4	S49P	49	49	False	False	Site 49	https://rubalkhali.science/kb/RAK_1000049	plant	False	core_sites_1_60	True	True	True	True					False		False		0	False	False	False	False
plants.tsv		205	Trip5	V49P	49	49	False	False	Site 49	https://rubalkhali.science/kb/RAK_1000049	plant	False	core_sites_1_60	True	True	True	True					False		False		0	False	False	False	False
plants.tsv		206	Trip1	50P	50	50	False	False	Site 50	https://rubalkhali.science/kb/RAK_1000050	plant	False	core_sites_1_60	True	True	True	True					False		False		0	False	False	False	False
plants.tsv		207	Trip3	F50P	50	50	False	False	Site 50	https://rubalkhali.science/kb/RAK_1000050	plant	False	core_sites_1_60	True	True	True	True					False		False		0	False	False	False	False
plants.tsv		208	Trip4	S50P	50	50	False	False	Site 50	https://rubalkhali.science/kb/RAK_1000050	plant	False	core_sites_1_60	True	True	True	True					False		False		0	False	False	False	False
plants.tsv		209	Trip5	V50P	50	50	False	False	Site 50	https://rubalkhali.science/kb/RAK_1000050	plant	False	core_sites_1_60	True	True	True	True					False		False		0	False	False	False	False
plants.tsv		210	Trip1	51P	51	51	False	False	Site 51	https://rubalkhali.science/kb/RAK_1000051	plant	False	core_sites_1_60	True	True	True	True					False		False		0	False	False	False	False
plants.tsv		211	Trip3	F51P	51	51	False	False	Site 51	https://rubalkhali.science/kb/RAK_1000051	plant	False	core_sites_1_60	True	True	True	True					False		False		0	False	False	False	False
plants.tsv		212	Trip4	S51P	51	51	False	False	Site 51	https://rubalkhali.science/kb/RAK_1000051	plant	False	core_sites_1_60	True	True	True	True					False		False		0	False	False	False	False
plants.tsv		213	Trip5	V51P	51	51	False	False	Site 51	https://rubalkhali.science/kb/RAK_1000051	plant	False	core_sites_1_60	True	True	True	True					False		False		0	False	False	False	False
plants.tsv		214	Trip1	52P	52	52	False	False	Site 52	https://rubalkhali.science/kb/RAK_1000052	plant	False	core_sites_1_60	True	True	True	True					False		False		0	False	False	False	False
plants.tsv		215	Trip3	F52P	52	52	False	False	Site 52	https://rubalkhali.science/kb/RAK_1000052	plant	False	core_sites_1_60	True	True	True	True					False		False		0	False	False	False	False
plants.tsv		216	Trip4	S52P	52	52	False	False	Site 52	https://rubalkhali.science/kb/RAK_1000052	plant	False	core_sites_1_60	True	True	True	True					False		False		0	False	False	False	False
plants.tsv		217	Trip5	V52P	52	52	False	False	Site 52	https://rubalkhali.science/kb/RAK_1000052	plant	False	core_sites_1_60	True	True	True	True					False		False		0	False	False	False	False
plants.tsv		218	Trip1	53P	53	53	False	False	Site 53	https://rubalkhali.science/kb/RAK_1000053	plant	False	core_sites_1_60	True	True	True	True					False		False		0	False	False	False	False
plants.tsv		219	Trip3	F53P	53	53	False	False	Site 53	https://rubalkhali.science/kb/RAK_1000053	plant	False	core_sites_1_60	True	True	True	True					False		False		0	False	False	False	False
plants.tsv		220	Trip4	S53P	53	53	False	False	Site 53	https://rubalkhali.science/kb/RAK_1000053	plant	False	core_sites_1_60	True	True	True	True					False		False		0	False	False	False	False
plants.tsv		221	Trip5	V53P	53	53	False	False	Site 53	https://rubalkhali.science/kb/RAK_1000053	plant	False	core_sites_1_60	True	True	True	True					False		False		0	False	False	False	False
plants.tsv		222	Trip1	54P	54	54	False	False	Site 54	https://rubalkhali.science/kb/RAK_1000054	plant	False	core_sites_1_60	True	True	True	True					False		False		0	False	False	False	False
plants.tsv		223	Trip3	F54P	54	54	False	False	Site 54	https://rubalkhali.science/kb/RAK_1000054	plant	False	core_sites_1_60	True	True	True	True					False		False		0	False	False	False	False
plants.tsv		224	Trip4	S54P	54	54	False	False	Site 54	https://rubalkhali.science/kb/RAK_1000054	plant	False	core_sites_1_60	True	True	True	True					False		False		0	False	False	False	False
plants.tsv		225	Trip5	V54P	54	54	False	False	Site 54	https://rubalkhali.science/kb/RAK_1000054	plant	False	core_sites_1_60	True	True	True	True					False		False		0	False	False	False	False
plants.tsv		226	Trip1	55P	55	55	False	False	Site 55	https://rubalkhali.science/kb/RAK_1000055	plant	False	core_sites_1_60	True	True	True	True					False		False		0	False	False	False	False
plants.tsv		227	Trip3	F55P	55	55	False	False	Site 55	https://rubalkhali.science/kb/RAK_1000055	plant	False	core_sites_1_60	True	True	True	True					False		False		0	False	False	False	False
plants.tsv		228	Trip4	S55P	55	55	False	False	Site 55	https://rubalkhali.science/kb/RAK_1000055	plant	False	core_sites_1_60	True	True	True	True					False		False		0	False	False	False	False
plants.tsv		229	Trip5	V55P	55	55	False	False	Site 55	https://rubalkhali.science/kb/RAK_1000055	plant	False	core_sites_1_60	True	True	True	True					False		False		0	False	False	False	False
plants.tsv		230	Trip1	56P	56	56	False	False	Site 56	https://rubalkhali.science/kb/RAK_1000056	plant	False	core_sites_1_60	True	True	True	True					False		False		0	False	False	False	False
plants.tsv		231	Trip3	F56P	56	56	False	False	Site 56	https://rubalkhali.science/kb/RAK_1000056	plant	False	core_sites_1_60	True	True	True	True					False		False		0	False	False	False	False
plants.tsv		232	Trip4	S56P	56	56	False	False	Site 56	https://rubalkhali.science/kb/RAK_1000056	plant	False	core_sites_1_60	True	True	True	True					False		False		0	False	False	False	False
plants.tsv		233	Trip5	V56P	56	56	False	False	Site 56	https://rubalkhali.science/kb/RAK_1000056	plant	False	core_sites_1_60	True	True	True	True					False		False		0	False	False	False	False
plants.tsv		234	Trip1	57P	57	57	False	False	Site 57	https://rubalkhali.science/kb/RAK_1000057	plant	False	core_sites_1_60	True	True	True	True					False		False		0	False	False	False	False
plants.tsv		235	Trip3	F57P	57	57	False	False	Site 57	https://rubalkhali.science/kb/RAK_1000057	plant	False	core_sites_1_60	True	True	True	True					False		False		0	False	False	False	False
plants.tsv		236	Trip4	S57P	57	57	False	False	Site 57	https://rubalkhali.science/kb/RAK_1000057	plant	False	core_sites_1_60	True	True	True	True					False		False		0	False	False	False	False
plants.tsv		237	Trip5	V57P	57	57	False	False	Site 57	https://rubalkhali.science/kb/RAK_1000057	plant	False	core_sites_1_60	True	True	True	True					False		False		0	False	False	False	False
plants.tsv		238	Trip1	58P	58	58	False	False	Site 58	https://rubalkhali.science/kb/RAK_1000058	plant	False	core_sites_1_60	True	True	True	True					False		False		0	False	False	False	False
plants.tsv		239	Trip3	F58P	58	58	False	False	Site 58	https://rubalkhali.science/kb/RAK_1000058	plant	False	core_sites_1_60	True	True	True	True					False		False		0	False	False	False	False
plants.tsv		240	Trip4	S58P	58	58	False	False	Site 58	https://rubalkhali.science/kb/RAK_1000058	plant	False	core_sites_1_60	True	True	True	True					False		False		0	False	False	False	False
plants.tsv		241	Trip5	V58P	58	58	False	False	Site 58	https://rubalkhali.science/kb/RAK_1000058	plant	False	core_sites_1_60	True	True	True	True					False		False		0	False	False	False	False
plants.tsv		242	Trip1	59P	59	59	False	False	Site 59	https://rubalkhali.science/kb/RAK_1000059	plant	False	core_sites_1_60	True	True	True	True					False		False		0	False	False	False	False
plants.tsv		243	Trip3	F59P	59	59	False	False	Site 59	https://rubalkhali.science/kb/RAK_1000059	plant	False	core_sites_1_60	True	True	True	True					False		False		0	False	False	False	False
plants.tsv		244	Trip4	S59P	59	59	False	False	Site 59	https://rubalkhali.science/kb/RAK_1000059	plant	False	core_sites_1_60	True	True	True	True					False		False		0	False	False	False	False
plants.tsv		245	Trip5	V59P	59	59	False	False	Site 59	https://rubalkhali.science/kb/RAK_1000059	plant	False	core_sites_1_60	True	True	True	True					False		False		0	False	False	False	False
plants.tsv		246	Trip1	60P	60	60	False	False	Site 60	https://rubalkhali.science/kb/RAK_1000060	plant	False	core_sites_1_60	True	True	True	True					False		False		0	False	False	False	False
plants.tsv		247	Trip3	F60P	60	60	False	False	Site 60	https://rubalkhali.science/kb/RAK_1000060	plant	False	core_sites_1_60	True	True	True	True					False		False		0	False	False	False	False
plants.tsv		248	Trip4	S60P	60	60	False	False	Site 60	https://rubalkhali.science/kb/RAK_1000060	plant	False	core_sites_1_60	True	True	True	True					False		False		0	False	False	False	False
plants.tsv		249	Trip5	V60P	60	60	False	False	Site 60	https://rubalkhali.science/kb/RAK_1000060	plant	False	core_sites_1_60	True	True	True	True					False		False		0	False	False	False	False
