visit	visitLabel	site	siteLabel	sample	fastq	temperatureProcess	tempVal	temp	lineage	relAbundance
https://rubalkhali.science/kb/RAK_3000009	Visit to Site 9 during Trip1 2023 on 2023-03-17 12:44	https://rubalkhali.science/kb/RAK_1000009	Site 9	https://rubalkhali.science/kb/RAK_6000076	https://rubalkhali.science/kb/RAK_7790258	https://rubalkhali.science/kb/RAK_P000025	https://rubalkhali.science/kb/RAK_4000025	35.9	Domain: Bacteria; Phylum: Pseudomonadota; Class: Gammaproteobacteria; Order: Pseudomonadales; Family: Pseudomonadaceae; Genus: Pseudomonas	4.094646386338076e-05
https://rubalkhali.science/kb/RAK_3000009	Visit to Site 9 during Trip1 2023 on 2023-03-17 12:44	https://rubalkhali.science/kb/RAK_1000009	Site 9	https://rubalkhali.science/kb/RAK_6000077	https://rubalkhali.science/kb/RAK_7790259	https://rubalkhali.science/kb/RAK_P000025	https://rubalkhali.science/kb/RAK_4000025	35.9	Domain: Bacteria; Phylum: Pseudomonadota; Class: Gammaproteobacteria; Order: Pseudomonadales; Family: Pseudomonadaceae; Genus: Pseudomonas	0.00017690911471140817
https://rubalkhali.science/kb/RAK_3000009	Visit to Site 9 during Trip1 2023 on 2023-03-17 12:44	https://rubalkhali.science/kb/RAK_1000009	Site 9	https://rubalkhali.science/kb/RAK_6000078	https://rubalkhali.science/kb/RAK_7790260	https://rubalkhali.science/kb/RAK_P000025	https://rubalkhali.science/kb/RAK_4000025	35.9	Domain: Bacteria; Phylum: Pseudomonadota; Class: Gammaproteobacteria; Order: Pseudomonadales; Family: Pseudomonadaceae; Genus: Pseudomonas	0.00011580060679517961
https://rubalkhali.science/kb/RAK_3000009	Visit to Site 9 during Trip1 2023 on 2023-03-17 12:44	https://rubalkhali.science/kb/RAK_1000009	Site 9	https://rubalkhali.science/kb/RAK_6000080	https://rubalkhali.science/kb/RAK_7790261	https://rubalkhali.science/kb/RAK_P000025	https://rubalkhali.science/kb/RAK_4000025	35.9	Domain: Bacteria; Phylum: Pseudomonadota; Class: Gammaproteobacteria; Order: Pseudomonadales; Family: Pseudomonadaceae; Genus: Pseudomonas	0.0001729969120051207
https://rubalkhali.science/kb/RAK_3000009	Visit to Site 9 during Trip1 2023 on 2023-03-17 12:44	https://rubalkhali.science/kb/RAK_1000009	Site 9	https://rubalkhali.science/kb/RAK_6000081	https://rubalkhali.science/kb/RAK_7790262	https://rubalkhali.science/kb/RAK_P000025	https://rubalkhali.science/kb/RAK_4000025	35.9	Domain: Bacteria; Phylum: Pseudomonadota; Class: Gammaproteobacteria; Order: Pseudomonadales; Family: Pseudomonadaceae; Genus: Pseudomonas	0.00040996207850773806
https://rubalkhali.science/kb/RAK_3000039	Visit to Site 39 during Trip1 2023 on 2023-03-19 11:05	https://rubalkhali.science/kb/RAK_1000039	Site 39	https://rubalkhali.science/kb/RAK_6000345	https://rubalkhali.science/kb/RAK_7790438	https://rubalkhali.science/kb/RAK_P000114	https://rubalkhali.science/kb/RAK_4000114	36.4	Domain: Bacteria; Phylum: Pseudomonadota; Class: Gammaproteobacteria; Order: Pseudomonadales; Family: Pseudomonadaceae; Genus: Pseudomonas	0.0018365472910927456
https://rubalkhali.science/kb/RAK_3000039	Visit to Site 39 during Trip1 2023 on 2023-03-19 11:05	https://rubalkhali.science/kb/RAK_1000039	Site 39	https://rubalkhali.science/kb/RAK_6000348	https://rubalkhali.science/kb/RAK_7790439	https://rubalkhali.science/kb/RAK_P000114	https://rubalkhali.science/kb/RAK_4000114	36.4	Domain: Bacteria; Phylum: Pseudomonadota; Class: Gammaproteobacteria; Order: Pseudomonadales; Family: Pseudomonadaceae; Genus: Pseudomonas	0.0007031338600536801
https://rubalkhali.science/kb/RAK_3000039	Visit to Site 39 during Trip1 2023 on 2023-03-19 11:05	https://rubalkhali.science/kb/RAK_1000039	Site 39	https://rubalkhali.science/kb/RAK_6000349	https://rubalkhali.science/kb/RAK_7790440	https://rubalkhali.science/kb/RAK_P000114	https://rubalkhali.science/kb/RAK_4000114	36.4	Domain: Bacteria; Phylum: Pseudomonadota; Class: Gammaproteobacteria; Order: Pseudomonadales; Family: Pseudomonadaceae; Genus: Pseudomonas	0.006308003840254251
https://rubalkhali.science/kb/RAK_3000039	Visit to Site 39 during Trip1 2023 on 2023-03-19 11:05	https://rubalkhali.science/kb/RAK_1000039	Site 39	https://rubalkhali.science/kb/RAK_6000350	https://rubalkhali.science/kb/RAK_7790441	https://rubalkhali.science/kb/RAK_P000114	https://rubalkhali.science/kb/RAK_4000114	36.4	Domain: Bacteria; Phylum: Pseudomonadota; Class: Gammaproteobacteria; Order: Pseudomonadales; Family: Pseudomonadaceae; Genus: Pseudomonas	0.00016229814168627768
https://rubalkhali.science/kb/RAK_3000039	Visit to Site 39 during Trip1 2023 on 2023-03-19 11:05	https://rubalkhali.science/kb/RAK_1000039	Site 39	https://rubalkhali.science/kb/RAK_6000351	https://rubalkhali.science/kb/RAK_7790442	https://rubalkhali.science/kb/RAK_P000114	https://rubalkhali.science/kb/RAK_4000114	36.4	Domain: Bacteria; Phylum: Pseudomonadota; Class: Gammaproteobacteria; Order: Pseudomonadales; Family: Pseudomonadaceae; Genus: Pseudomonas	0.002073997443561904
https://rubalkhali.science/kb/RAK_3000041	Visit to Site 41 during Trip1 2023 on 2023-03-19 12:16	https://rubalkhali.science/kb/RAK_1000041	Site 41	https://rubalkhali.science/kb/RAK_6000368	https://rubalkhali.science/kb/RAK_7790448	https://rubalkhali.science/kb/RAK_P000120	https://rubalkhali.science/kb/RAK_4000120	35.4	Domain: Bacteria; Phylum: Pseudomonadota; Class: Gammaproteobacteria; Order: Pseudomonadales; Family: Pseudomonadaceae; Genus: Pseudomonas	7.5697705753934e-05
https://rubalkhali.science/kb/RAK_3000042	Visit to Site 42 during Trip1 2023 on 2023-03-19 12:41	https://rubalkhali.science/kb/RAK_1000042	Site 42	https://rubalkhali.science/kb/RAK_6000370	https://rubalkhali.science/kb/RAK_7790449	https://rubalkhali.science/kb/RAK_P000123	https://rubalkhali.science/kb/RAK_4000123	35.4	Domain: Bacteria; Phylum: Pseudomonadota; Class: Gammaproteobacteria; Order: Pseudomonadales; Family: Pseudomonadaceae; Genus: Pseudomonas	0.00023495136506743105
https://rubalkhali.science/kb/RAK_3000042	Visit to Site 42 during Trip1 2023 on 2023-03-19 12:41	https://rubalkhali.science/kb/RAK_1000042	Site 42	https://rubalkhali.science/kb/RAK_6000373	https://rubalkhali.science/kb/RAK_7790450	https://rubalkhali.science/kb/RAK_P000123	https://rubalkhali.science/kb/RAK_4000123	35.4	Domain: Bacteria; Phylum: Pseudomonadota; Class: Gammaproteobacteria; Order: Pseudomonadales; Family: Pseudomonadaceae; Genus: Pseudomonas	0.0009503612252620093
https://rubalkhali.science/kb/RAK_3000042	Visit to Site 42 during Trip1 2023 on 2023-03-19 12:41	https://rubalkhali.science/kb/RAK_1000042	Site 42	https://rubalkhali.science/kb/RAK_6000374	https://rubalkhali.science/kb/RAK_7790451	https://rubalkhali.science/kb/RAK_P000123	https://rubalkhali.science/kb/RAK_4000123	35.4	Domain: Bacteria; Phylum: Pseudomonadota; Class: Gammaproteobacteria; Order: Pseudomonadales; Family: Pseudomonadaceae; Genus: Pseudomonas	0.0020463072669826225
https://rubalkhali.science/kb/RAK_3000042	Visit to Site 42 during Trip1 2023 on 2023-03-19 12:41	https://rubalkhali.science/kb/RAK_1000042	Site 42	https://rubalkhali.science/kb/RAK_6000375	https://rubalkhali.science/kb/RAK_7790452	https://rubalkhali.science/kb/RAK_P000123	https://rubalkhali.science/kb/RAK_4000123	35.4	Domain: Bacteria; Phylum: Pseudomonadota; Class: Gammaproteobacteria; Order: Pseudomonadales; Family: Pseudomonadaceae; Genus: Pseudomonas	0.0010290130221597953
https://rubalkhali.science/kb/RAK_3000042	Visit to Site 42 during Trip1 2023 on 2023-03-19 12:41	https://rubalkhali.science/kb/RAK_1000042	Site 42	https://rubalkhali.science/kb/RAK_6000376	https://rubalkhali.science/kb/RAK_7790453	https://rubalkhali.science/kb/RAK_P000123	https://rubalkhali.science/kb/RAK_4000123	35.4	Domain: Bacteria; Phylum: Pseudomonadota; Class: Gammaproteobacteria; Order: Pseudomonadales; Family: Pseudomonadaceae; Genus: Pseudomonas	0.0022796676805295654
https://rubalkhali.science/kb/RAK_3000042	Visit to Site 42 during Trip1 2023 on 2023-03-19 12:41	https://rubalkhali.science/kb/RAK_1000042	Site 42	https://rubalkhali.science/kb/RAK_6000377	https://rubalkhali.science/kb/RAK_7790454	https://rubalkhali.science/kb/RAK_P000123	https://rubalkhali.science/kb/RAK_4000123	35.4	Domain: Bacteria; Phylum: Pseudomonadota; Class: Gammaproteobacteria; Order: Pseudomonadales; Family: Pseudomonadaceae; Genus: Pseudomonas	0.008564719798383715
https://rubalkhali.science/kb/RAK_3000043	Visit to Site 43 during Trip1 2023 on 2023-03-19 13:05	https://rubalkhali.science/kb/RAK_1000043	Site 43	https://rubalkhali.science/kb/RAK_6000379	https://rubalkhali.science/kb/RAK_7790455	https://rubalkhali.science/kb/RAK_P000126	https://rubalkhali.science/kb/RAK_4000126	35.2	Domain: Bacteria; Phylum: Pseudomonadota; Class: Gammaproteobacteria; Order: Pseudomonadales; Family: Pseudomonadaceae; Genus: Pseudomonas	0.014124830225444097
https://rubalkhali.science/kb/RAK_3000043	Visit to Site 43 during Trip1 2023 on 2023-03-19 13:05	https://rubalkhali.science/kb/RAK_1000043	Site 43	https://rubalkhali.science/kb/RAK_6000380	https://rubalkhali.science/kb/RAK_7790456	https://rubalkhali.science/kb/RAK_P000126	https://rubalkhali.science/kb/RAK_4000126	35.2	Domain: Bacteria; Phylum: Pseudomonadota; Class: Gammaproteobacteria; Order: Pseudomonadales; Family: Pseudomonadaceae; Genus: Pseudomonas	0.014198198198198198
https://rubalkhali.science/kb/RAK_3000043	Visit to Site 43 during Trip1 2023 on 2023-03-19 13:05	https://rubalkhali.science/kb/RAK_1000043	Site 43	https://rubalkhali.science/kb/RAK_6000382	https://rubalkhali.science/kb/RAK_7790457	https://rubalkhali.science/kb/RAK_P000126	https://rubalkhali.science/kb/RAK_4000126	35.2	Domain: Bacteria; Phylum: Pseudomonadota; Class: Gammaproteobacteria; Order: Pseudomonadales; Family: Pseudomonadaceae; Genus: Pseudomonas	0.002127428296349209
https://rubalkhali.science/kb/RAK_3000043	Visit to Site 43 during Trip1 2023 on 2023-03-19 13:05	https://rubalkhali.science/kb/RAK_1000043	Site 43	https://rubalkhali.science/kb/RAK_6000383	https://rubalkhali.science/kb/RAK_7790458	https://rubalkhali.science/kb/RAK_P000126	https://rubalkhali.science/kb/RAK_4000126	35.2	Domain: Bacteria; Phylum: Pseudomonadota; Class: Gammaproteobacteria; Order: Pseudomonadales; Family: Pseudomonadaceae; Genus: Pseudomonas	0.010345046244711978
https://rubalkhali.science/kb/RAK_3000043	Visit to Site 43 during Trip1 2023 on 2023-03-19 13:05	https://rubalkhali.science/kb/RAK_1000043	Site 43	https://rubalkhali.science/kb/RAK_6000386	https://rubalkhali.science/kb/RAK_7790459	https://rubalkhali.science/kb/RAK_P000126	https://rubalkhali.science/kb/RAK_4000126	35.2	Domain: Bacteria; Phylum: Pseudomonadota; Class: Gammaproteobacteria; Order: Pseudomonadales; Family: Pseudomonadaceae; Genus: Pseudomonas	0.011166783125308395
https://rubalkhali.science/kb/RAK_3000044	Visit to Site 44 during Trip1 2023 on 2023-03-19 13:40	https://rubalkhali.science/kb/RAK_1000044	Site 44	https://rubalkhali.science/kb/RAK_6000389	https://rubalkhali.science/kb/RAK_7790460	https://rubalkhali.science/kb/RAK_P000129	https://rubalkhali.science/kb/RAK_4000129	38.4	Domain: Bacteria; Phylum: Pseudomonadota; Class: Gammaproteobacteria; Order: Pseudomonadales; Family: Pseudomonadaceae; Genus: Pseudomonas	0.00021410490598355457
https://rubalkhali.science/kb/RAK_3000044	Visit to Site 44 during Trip1 2023 on 2023-03-19 13:40	https://rubalkhali.science/kb/RAK_1000044	Site 44	https://rubalkhali.science/kb/RAK_6000395	https://rubalkhali.science/kb/RAK_7790461	https://rubalkhali.science/kb/RAK_P000129	https://rubalkhali.science/kb/RAK_4000129	38.4	Domain: Bacteria; Phylum: Pseudomonadota; Class: Gammaproteobacteria; Order: Pseudomonadales; Family: Pseudomonadaceae; Genus: Pseudomonas	0.002952992798030104
https://rubalkhali.science/kb/RAK_3000044	Visit to Site 44 during Trip1 2023 on 2023-03-19 13:40	https://rubalkhali.science/kb/RAK_1000044	Site 44	https://rubalkhali.science/kb/RAK_6000396	https://rubalkhali.science/kb/RAK_7790462	https://rubalkhali.science/kb/RAK_P000129	https://rubalkhali.science/kb/RAK_4000129	38.4	Domain: Bacteria; Phylum: Pseudomonadota; Class: Gammaproteobacteria; Order: Pseudomonadales; Family: Pseudomonadaceae; Genus: Pseudomonas	0.0008085381630012937
https://rubalkhali.science/kb/RAK_3000045	Visit to Site 45 during Trip1 2023 on 2023-03-19 13:59	https://rubalkhali.science/kb/RAK_1000045	Site 45	https://rubalkhali.science/kb/RAK_6000397	https://rubalkhali.science/kb/RAK_7790463	https://rubalkhali.science/kb/RAK_P000132	https://rubalkhali.science/kb/RAK_4000132	37.1	Domain: Bacteria; Phylum: Pseudomonadota; Class: Gammaproteobacteria; Order: Pseudomonadales; Family: Pseudomonadaceae; Genus: Pseudomonas	0.002492301884121235
https://rubalkhali.science/kb/RAK_3000045	Visit to Site 45 during Trip1 2023 on 2023-03-19 13:59	https://rubalkhali.science/kb/RAK_1000045	Site 45	https://rubalkhali.science/kb/RAK_6000399	https://rubalkhali.science/kb/RAK_7790464	https://rubalkhali.science/kb/RAK_P000132	https://rubalkhali.science/kb/RAK_4000132	37.1	Domain: Bacteria; Phylum: Pseudomonadota; Class: Gammaproteobacteria; Order: Pseudomonadales; Family: Pseudomonadaceae; Genus: Pseudomonas	6.678866729893272e-05
https://rubalkhali.science/kb/RAK_3000045	Visit to Site 45 during Trip1 2023 on 2023-03-19 13:59	https://rubalkhali.science/kb/RAK_1000045	Site 45	https://rubalkhali.science/kb/RAK_6000400	https://rubalkhali.science/kb/RAK_7790465	https://rubalkhali.science/kb/RAK_P000132	https://rubalkhali.science/kb/RAK_4000132	37.1	Domain: Bacteria; Phylum: Pseudomonadota; Class: Gammaproteobacteria; Order: Pseudomonadales; Family: Pseudomonadaceae; Genus: Pseudomonas	0.0003139913369595107
https://rubalkhali.science/kb/RAK_3000045	Visit to Site 45 during Trip1 2023 on 2023-03-19 13:59	https://rubalkhali.science/kb/RAK_1000045	Site 45	https://rubalkhali.science/kb/RAK_6000404	https://rubalkhali.science/kb/RAK_7790466	https://rubalkhali.science/kb/RAK_P000132	https://rubalkhali.science/kb/RAK_4000132	37.1	Domain: Bacteria; Phylum: Pseudomonadota; Class: Gammaproteobacteria; Order: Pseudomonadales; Family: Pseudomonadaceae; Genus: Pseudomonas	0.003430152787144485
https://rubalkhali.science/kb/RAK_3000046	Visit to Site 46 during Trip1 2023 on 2023-03-19 14:29	https://rubalkhali.science/kb/RAK_1000046	Site 46	https://rubalkhali.science/kb/RAK_6000406	https://rubalkhali.science/kb/RAK_7790467	https://rubalkhali.science/kb/RAK_P000135	https://rubalkhali.science/kb/RAK_4000135	35.7	Domain: Bacteria; Phylum: Pseudomonadota; Class: Gammaproteobacteria; Order: Pseudomonadales; Family: Pseudomonadaceae; Genus: Pseudomonas	0.0010057015541957096
https://rubalkhali.science/kb/RAK_3000046	Visit to Site 46 during Trip1 2023 on 2023-03-19 14:29	https://rubalkhali.science/kb/RAK_1000046	Site 46	https://rubalkhali.science/kb/RAK_6000411	https://rubalkhali.science/kb/RAK_7790468	https://rubalkhali.science/kb/RAK_P000135	https://rubalkhali.science/kb/RAK_4000135	35.7	Domain: Bacteria; Phylum: Pseudomonadota; Class: Gammaproteobacteria; Order: Pseudomonadales; Family: Pseudomonadaceae; Genus: Pseudomonas	0.0025465320863042873
https://rubalkhali.science/kb/RAK_3000047	Visit to Site 47 during Trip1 2023 on 2023-03-19 15:00	https://rubalkhali.science/kb/RAK_1000047	Site 47	https://rubalkhali.science/kb/RAK_6000416	https://rubalkhali.science/kb/RAK_7790470	https://rubalkhali.science/kb/RAK_P000138	https://rubalkhali.science/kb/RAK_4000138	37.3	Domain: Bacteria; Phylum: Pseudomonadota; Class: Gammaproteobacteria; Order: Pseudomonadales; Family: Pseudomonadaceae; Genus: Pseudomonas	6.928539810234993e-05
https://rubalkhali.science/kb/RAK_3000047	Visit to Site 47 during Trip1 2023 on 2023-03-19 15:00	https://rubalkhali.science/kb/RAK_1000047	Site 47	https://rubalkhali.science/kb/RAK_6000417	https://rubalkhali.science/kb/RAK_7790471	https://rubalkhali.science/kb/RAK_P000138	https://rubalkhali.science/kb/RAK_4000138	37.3	Domain: Bacteria; Phylum: Pseudomonadota; Class: Gammaproteobacteria; Order: Pseudomonadales; Family: Pseudomonadaceae; Genus: Pseudomonas	0.0007602736985314713
https://rubalkhali.science/kb/RAK_3000047	Visit to Site 47 during Trip1 2023 on 2023-03-19 15:00	https://rubalkhali.science/kb/RAK_1000047	Site 47	https://rubalkhali.science/kb/RAK_6000418	https://rubalkhali.science/kb/RAK_7790472	https://rubalkhali.science/kb/RAK_P000138	https://rubalkhali.science/kb/RAK_4000138	37.3	Domain: Bacteria; Phylum: Pseudomonadota; Class: Gammaproteobacteria; Order: Pseudomonadales; Family: Pseudomonadaceae; Genus: Pseudomonas	4.447490830320376e-05
https://rubalkhali.science/kb/RAK_3000047	Visit to Site 47 during Trip1 2023 on 2023-03-19 15:00	https://rubalkhali.science/kb/RAK_1000047	Site 47	https://rubalkhali.science/kb/RAK_6000421	https://rubalkhali.science/kb/RAK_7790473	https://rubalkhali.science/kb/RAK_P000138	https://rubalkhali.science/kb/RAK_4000138	37.3	Domain: Bacteria; Phylum: Pseudomonadota; Class: Gammaproteobacteria; Order: Pseudomonadales; Family: Pseudomonadaceae; Genus: Pseudomonas	0.0020871985157699443
https://rubalkhali.science/kb/RAK_3000048	Visit to Site 48 during Trip1 2023 on 2023-03-19 17:00	https://rubalkhali.science/kb/RAK_1000048	Site 48	https://rubalkhali.science/kb/RAK_6000428	https://rubalkhali.science/kb/RAK_7790476	https://rubalkhali.science/kb/RAK_P000141	https://rubalkhali.science/kb/RAK_4000141	35.3	Domain: Bacteria; Phylum: Pseudomonadota; Class: Gammaproteobacteria; Order: Pseudomonadales; Family: Pseudomonadaceae; Genus: Pseudomonas	0.001629211428419432
https://rubalkhali.science/kb/RAK_3000059	Visit to Site 59 during Trip1 2023 on 2023-03-20 12:04	https://rubalkhali.science/kb/RAK_1000059	Site 59	https://rubalkhali.science/kb/RAK_6000531	https://rubalkhali.science/kb/RAK_7790523	https://rubalkhali.science/kb/RAK_P000174	https://rubalkhali.science/kb/RAK_4000174	37.1	Domain: Bacteria; Phylum: Pseudomonadota; Class: Gammaproteobacteria; Order: Pseudomonadales; Family: Pseudomonadaceae; Genus: Pseudomonas	0.005264965090992332
https://rubalkhali.science/kb/RAK_3000066	Visit to Site 2 during Trip2 2023 on 2023-07-14 07:12	https://rubalkhali.science/kb/RAK_1000002	Site 2	https://rubalkhali.science/kb/RAK_6000592	https://rubalkhali.science/kb/RAK_7790023	https://rubalkhali.science/kb/RAK_P000193	https://rubalkhali.science/kb/RAK_4000193	36.7	Domain: Bacteria; Phylum: Pseudomonadota; Class: Gammaproteobacteria; Order: Pseudomonadales; Family: Pseudomonadaceae; Genus: Pseudomonas	0.19764898851831603
https://rubalkhali.science/kb/RAK_3000066	Visit to Site 2 during Trip2 2023 on 2023-07-14 07:12	https://rubalkhali.science/kb/RAK_1000002	Site 2	https://rubalkhali.science/kb/RAK_6000594	https://rubalkhali.science/kb/RAK_7790004	https://rubalkhali.science/kb/RAK_P000193	https://rubalkhali.science/kb/RAK_4000193	36.7	Domain: Bacteria; Phylum: Pseudomonadota; Class: Gammaproteobacteria; Order: Pseudomonadales; Family: Pseudomonadaceae; Genus: Pseudomonas	0.004865463367033578
https://rubalkhali.science/kb/RAK_3000067	Visit to Site 3 during Trip2 2023 on 2023-07-14 07:16	https://rubalkhali.science/kb/RAK_1000003	Site 3	https://rubalkhali.science/kb/RAK_6000596	https://rubalkhali.science/kb/RAK_7790024	https://rubalkhali.science/kb/RAK_P000194	https://rubalkhali.science/kb/RAK_4000194	37.0	Domain: Bacteria; Phylum: Pseudomonadota; Class: Gammaproteobacteria; Order: Pseudomonadales; Family: Pseudomonadaceae; Genus: Pseudomonas	0.0033425374218863536
https://rubalkhali.science/kb/RAK_3000068	Visit to Site 4 during Trip2 2023 on 2023-07-14 07:36	https://rubalkhali.science/kb/RAK_1000004	Site 4	https://rubalkhali.science/kb/RAK_6000607	https://rubalkhali.science/kb/RAK_7790007	https://rubalkhali.science/kb/RAK_P000195	https://rubalkhali.science/kb/RAK_4000195	38.6	Domain: Bacteria; Phylum: Pseudomonadota; Class: Gammaproteobacteria; Order: Pseudomonadales; Family: Pseudomonadaceae; Genus: Pseudomonas	0.011359276816227538
https://rubalkhali.science/kb/RAK_3000068	Visit to Site 4 during Trip2 2023 on 2023-07-14 07:36	https://rubalkhali.science/kb/RAK_1000004	Site 4	https://rubalkhali.science/kb/RAK_6000610	https://rubalkhali.science/kb/RAK_7790005	https://rubalkhali.science/kb/RAK_P000195	https://rubalkhali.science/kb/RAK_4000195	38.6	Domain: Bacteria; Phylum: Pseudomonadota; Class: Gammaproteobacteria; Order: Pseudomonadales; Family: Pseudomonadaceae; Genus: Pseudomonas	0.041225110923691834
https://rubalkhali.science/kb/RAK_3000069	Visit to Site 5 during Trip2 2023 on 2023-07-14 07:43	https://rubalkhali.science/kb/RAK_1000005	Site 5	https://rubalkhali.science/kb/RAK_6000616	https://rubalkhali.science/kb/RAK_7790009	https://rubalkhali.science/kb/RAK_P000196	https://rubalkhali.science/kb/RAK_4000196	39.2	Domain: Bacteria; Phylum: Pseudomonadota; Class: Gammaproteobacteria; Order: Pseudomonadales; Family: Pseudomonadaceae; Genus: Pseudomonas	0.0015762203234485409
https://rubalkhali.science/kb/RAK_3000069	Visit to Site 5 during Trip2 2023 on 2023-07-14 07:43	https://rubalkhali.science/kb/RAK_1000005	Site 5	https://rubalkhali.science/kb/RAK_6000619	https://rubalkhali.science/kb/RAK_7790008	https://rubalkhali.science/kb/RAK_P000196	https://rubalkhali.science/kb/RAK_4000196	39.2	Domain: Bacteria; Phylum: Pseudomonadota; Class: Gammaproteobacteria; Order: Pseudomonadales; Family: Pseudomonadaceae; Genus: Pseudomonas	6.975006227684132e-05
https://rubalkhali.science/kb/RAK_3000070	Visit to Site 6 during Trip2 2023 on 2023-07-14 08:58	https://rubalkhali.science/kb/RAK_1000006	Site 6	https://rubalkhali.science/kb/RAK_6000622	https://rubalkhali.science/kb/RAK_7790011	https://rubalkhali.science/kb/RAK_P000197	https://rubalkhali.science/kb/RAK_4000197	41.2	Domain: Bacteria; Phylum: Pseudomonadota; Class: Gammaproteobacteria; Order: Pseudomonadales; Family: Pseudomonadaceae; Genus: Pseudomonas	0.0026758218809888753
https://rubalkhali.science/kb/RAK_3000070	Visit to Site 6 during Trip2 2023 on 2023-07-14 08:58	https://rubalkhali.science/kb/RAK_1000006	Site 6	https://rubalkhali.science/kb/RAK_6000623	https://rubalkhali.science/kb/RAK_7790012	https://rubalkhali.science/kb/RAK_P000197	https://rubalkhali.science/kb/RAK_4000197	41.2	Domain: Bacteria; Phylum: Pseudomonadota; Class: Gammaproteobacteria; Order: Pseudomonadales; Family: Pseudomonadaceae; Genus: Pseudomonas	0.01226530993777208
https://rubalkhali.science/kb/RAK_3000071	Visit to Site 7 during Trip2 2023 on 2023-07-14 09:20	https://rubalkhali.science/kb/RAK_1000007	Site 7	https://rubalkhali.science/kb/RAK_6000633	https://rubalkhali.science/kb/RAK_7790016	https://rubalkhali.science/kb/RAK_P000198	https://rubalkhali.science/kb/RAK_4000198	41.3	Domain: Bacteria; Phylum: Pseudomonadota; Class: Gammaproteobacteria; Order: Pseudomonadales; Family: Pseudomonadaceae; Genus: Pseudomonas	3.5067601568924495e-06
https://rubalkhali.science/kb/RAK_3000071	Visit to Site 7 during Trip2 2023 on 2023-07-14 09:20	https://rubalkhali.science/kb/RAK_1000007	Site 7	https://rubalkhali.science/kb/RAK_6000638	https://rubalkhali.science/kb/RAK_7790027	https://rubalkhali.science/kb/RAK_P000198	https://rubalkhali.science/kb/RAK_4000198	41.3	Domain: Bacteria; Phylum: Pseudomonadota; Class: Gammaproteobacteria; Order: Pseudomonadales; Family: Pseudomonadaceae; Genus: Pseudomonas	0.0002671867902850883
https://rubalkhali.science/kb/RAK_3000071	Visit to Site 7 during Trip2 2023 on 2023-07-14 09:20	https://rubalkhali.science/kb/RAK_1000007	Site 7	https://rubalkhali.science/kb/RAK_6000639	https://rubalkhali.science/kb/RAK_7790018	https://rubalkhali.science/kb/RAK_P000198	https://rubalkhali.science/kb/RAK_4000198	41.3	Domain: Bacteria; Phylum: Pseudomonadota; Class: Gammaproteobacteria; Order: Pseudomonadales; Family: Pseudomonadaceae; Genus: Pseudomonas	3.486628778633939e-05
https://rubalkhali.science/kb/RAK_3000072	Visit to Site 8 during Trip2 2023 on 2023-07-14 10:20	https://rubalkhali.science/kb/RAK_1000008	Site 8	https://rubalkhali.science/kb/RAK_6000645	https://rubalkhali.science/kb/RAK_7790022	https://rubalkhali.science/kb/RAK_P000199	https://rubalkhali.science/kb/RAK_4000199	41.9	Domain: Bacteria; Phylum: Pseudomonadota; Class: Gammaproteobacteria; Order: Pseudomonadales; Family: Pseudomonadaceae; Genus: Pseudomonas	2.9825372444338398e-05
https://rubalkhali.science/kb/RAK_3000072	Visit to Site 8 during Trip2 2023 on 2023-07-14 10:20	https://rubalkhali.science/kb/RAK_1000008	Site 8	https://rubalkhali.science/kb/RAK_6000648	https://rubalkhali.science/kb/RAK_7790021	https://rubalkhali.science/kb/RAK_P000199	https://rubalkhali.science/kb/RAK_4000199	41.9	Domain: Bacteria; Phylum: Pseudomonadota; Class: Gammaproteobacteria; Order: Pseudomonadales; Family: Pseudomonadaceae; Genus: Pseudomonas	1.935527576429145e-05
https://rubalkhali.science/kb/RAK_3000077	Visit to Site 5 during Trip3 2024 on 2024-02-17 09:51	https://rubalkhali.science/kb/RAK_1000005	Site 5	https://rubalkhali.science/kb/RAK_6000688	https://rubalkhali.science/kb/RAK_7790565	https://rubalkhali.science/kb/RAK_P000212	https://rubalkhali.science/kb/RAK_4000212	35.2	Domain: Bacteria; Phylum: Pseudomonadota; Class: Gammaproteobacteria; Order: Pseudomonadales; Family: Pseudomonadaceae; Genus: Pseudomonas	0.00010795158688832725
https://rubalkhali.science/kb/RAK_3000077	Visit to Site 5 during Trip3 2024 on 2024-02-17 09:51	https://rubalkhali.science/kb/RAK_1000005	Site 5	https://rubalkhali.science/kb/RAK_6000689	https://rubalkhali.science/kb/RAK_7790566	https://rubalkhali.science/kb/RAK_P000212	https://rubalkhali.science/kb/RAK_4000212	35.2	Domain: Bacteria; Phylum: Pseudomonadota; Class: Gammaproteobacteria; Order: Pseudomonadales; Family: Pseudomonadaceae; Genus: Pseudomonas	0.00018700270852310086
https://rubalkhali.science/kb/RAK_3000077	Visit to Site 5 during Trip3 2024 on 2024-02-17 09:51	https://rubalkhali.science/kb/RAK_1000005	Site 5	https://rubalkhali.science/kb/RAK_6000690	https://rubalkhali.science/kb/RAK_7790567	https://rubalkhali.science/kb/RAK_P000212	https://rubalkhali.science/kb/RAK_4000212	35.2	Domain: Bacteria; Phylum: Pseudomonadota; Class: Gammaproteobacteria; Order: Pseudomonadales; Family: Pseudomonadaceae; Genus: Pseudomonas	0.0002401852857918966
https://rubalkhali.science/kb/RAK_3000077	Visit to Site 5 during Trip3 2024 on 2024-02-17 09:51	https://rubalkhali.science/kb/RAK_1000005	Site 5	https://rubalkhali.science/kb/RAK_6000692	https://rubalkhali.science/kb/RAK_7790568	https://rubalkhali.science/kb/RAK_P000212	https://rubalkhali.science/kb/RAK_4000212	35.2	Domain: Bacteria; Phylum: Pseudomonadota; Class: Gammaproteobacteria; Order: Pseudomonadales; Family: Pseudomonadaceae; Genus: Pseudomonas	5.711348449368896e-05
https://rubalkhali.science/kb/RAK_3000078	Visit to Site 6 during Trip3 2024 on 2024-02-17 10:45	https://rubalkhali.science/kb/RAK_1000006	Site 6	https://rubalkhali.science/kb/RAK_6000694	https://rubalkhali.science/kb/RAK_7790569	https://rubalkhali.science/kb/RAK_P000215	https://rubalkhali.science/kb/RAK_4000215	37.1	Domain: Bacteria; Phylum: Pseudomonadota; Class: Gammaproteobacteria; Order: Pseudomonadales; Family: Pseudomonadaceae; Genus: Pseudomonas	0.0004541771147323104
https://rubalkhali.science/kb/RAK_3000078	Visit to Site 6 during Trip3 2024 on 2024-02-17 10:45	https://rubalkhali.science/kb/RAK_1000006	Site 6	https://rubalkhali.science/kb/RAK_6000697	https://rubalkhali.science/kb/RAK_7790570	https://rubalkhali.science/kb/RAK_P000215	https://rubalkhali.science/kb/RAK_4000215	37.1	Domain: Bacteria; Phylum: Pseudomonadota; Class: Gammaproteobacteria; Order: Pseudomonadales; Family: Pseudomonadaceae; Genus: Pseudomonas	0.00019860745618223
https://rubalkhali.science/kb/RAK_3000078	Visit to Site 6 during Trip3 2024 on 2024-02-17 10:45	https://rubalkhali.science/kb/RAK_1000006	Site 6	https://rubalkhali.science/kb/RAK_6000698	https://rubalkhali.science/kb/RAK_7790571	https://rubalkhali.science/kb/RAK_P000215	https://rubalkhali.science/kb/RAK_4000215	37.1	Domain: Bacteria; Phylum: Pseudomonadota; Class: Gammaproteobacteria; Order: Pseudomonadales; Family: Pseudomonadaceae; Genus: Pseudomonas	0.01682604036301231
https://rubalkhali.science/kb/RAK_3000078	Visit to Site 6 during Trip3 2024 on 2024-02-17 10:45	https://rubalkhali.science/kb/RAK_1000006	Site 6	https://rubalkhali.science/kb/RAK_6000699	https://rubalkhali.science/kb/RAK_7790572	https://rubalkhali.science/kb/RAK_P000215	https://rubalkhali.science/kb/RAK_4000215	37.1	Domain: Bacteria; Phylum: Pseudomonadota; Class: Gammaproteobacteria; Order: Pseudomonadales; Family: Pseudomonadaceae; Genus: Pseudomonas	8.091586646353412e-05
https://rubalkhali.science/kb/RAK_3000078	Visit to Site 6 during Trip3 2024 on 2024-02-17 10:45	https://rubalkhali.science/kb/RAK_1000006	Site 6	https://rubalkhali.science/kb/RAK_6000700	https://rubalkhali.science/kb/RAK_7790573	https://rubalkhali.science/kb/RAK_P000215	https://rubalkhali.science/kb/RAK_4000215	37.1	Domain: Bacteria; Phylum: Pseudomonadota; Class: Gammaproteobacteria; Order: Pseudomonadales; Family: Pseudomonadaceae; Genus: Pseudomonas	0.0009168409200579058
https://rubalkhali.science/kb/RAK_3000078	Visit to Site 6 during Trip3 2024 on 2024-02-17 10:45	https://rubalkhali.science/kb/RAK_1000006	Site 6	https://rubalkhali.science/kb/RAK_6000701	https://rubalkhali.science/kb/RAK_7790574	https://rubalkhali.science/kb/RAK_P000215	https://rubalkhali.science/kb/RAK_4000215	37.1	Domain: Bacteria; Phylum: Pseudomonadota; Class: Gammaproteobacteria; Order: Pseudomonadales; Family: Pseudomonadaceae; Genus: Pseudomonas	0.0008918086355668261
https://rubalkhali.science/kb/RAK_3000078	Visit to Site 6 during Trip3 2024 on 2024-02-17 10:45	https://rubalkhali.science/kb/RAK_1000006	Site 6	https://rubalkhali.science/kb/RAK_6000702	https://rubalkhali.science/kb/RAK_7790575	https://rubalkhali.science/kb/RAK_P000215	https://rubalkhali.science/kb/RAK_4000215	37.1	Domain: Bacteria; Phylum: Pseudomonadota; Class: Gammaproteobacteria; Order: Pseudomonadales; Family: Pseudomonadaceae; Genus: Pseudomonas	0.00012248163426984007
https://rubalkhali.science/kb/RAK_3000079	Visit to Site 7 during Trip3 2024 on 2024-02-17 11:28	https://rubalkhali.science/kb/RAK_1000007	Site 7	https://rubalkhali.science/kb/RAK_6000703	https://rubalkhali.science/kb/RAK_7790576	https://rubalkhali.science/kb/RAK_P000218	https://rubalkhali.science/kb/RAK_4000218	37.0	Domain: Bacteria; Phylum: Pseudomonadota; Class: Gammaproteobacteria; Order: Pseudomonadales; Family: Pseudomonadaceae; Genus: Pseudomonas	0.00020393523017089773
https://rubalkhali.science/kb/RAK_3000079	Visit to Site 7 during Trip3 2024 on 2024-02-17 11:28	https://rubalkhali.science/kb/RAK_1000007	Site 7	https://rubalkhali.science/kb/RAK_6000706	https://rubalkhali.science/kb/RAK_7790579	https://rubalkhali.science/kb/RAK_P000218	https://rubalkhali.science/kb/RAK_4000218	37.0	Domain: Bacteria; Phylum: Pseudomonadota; Class: Gammaproteobacteria; Order: Pseudomonadales; Family: Pseudomonadaceae; Genus: Pseudomonas	0.00032417942084099623
https://rubalkhali.science/kb/RAK_3000079	Visit to Site 7 during Trip3 2024 on 2024-02-17 11:28	https://rubalkhali.science/kb/RAK_1000007	Site 7	https://rubalkhali.science/kb/RAK_6000707	https://rubalkhali.science/kb/RAK_7790580	https://rubalkhali.science/kb/RAK_P000218	https://rubalkhali.science/kb/RAK_4000218	37.0	Domain: Bacteria; Phylum: Pseudomonadota; Class: Gammaproteobacteria; Order: Pseudomonadales; Family: Pseudomonadaceae; Genus: Pseudomonas	8.014640075871926e-05
https://rubalkhali.science/kb/RAK_3000079	Visit to Site 7 during Trip3 2024 on 2024-02-17 11:28	https://rubalkhali.science/kb/RAK_1000007	Site 7	https://rubalkhali.science/kb/RAK_6000709	https://rubalkhali.science/kb/RAK_7790582	https://rubalkhali.science/kb/RAK_P000218	https://rubalkhali.science/kb/RAK_4000218	37.0	Domain: Bacteria; Phylum: Pseudomonadota; Class: Gammaproteobacteria; Order: Pseudomonadales; Family: Pseudomonadaceae; Genus: Pseudomonas	0.000676605972604976
https://rubalkhali.science/kb/RAK_3000079	Visit to Site 7 during Trip3 2024 on 2024-02-17 11:28	https://rubalkhali.science/kb/RAK_1000007	Site 7	https://rubalkhali.science/kb/RAK_6000710	https://rubalkhali.science/kb/RAK_7790583	https://rubalkhali.science/kb/RAK_P000218	https://rubalkhali.science/kb/RAK_4000218	37.0	Domain: Bacteria; Phylum: Pseudomonadota; Class: Gammaproteobacteria; Order: Pseudomonadales; Family: Pseudomonadaceae; Genus: Pseudomonas	0.0008894973182813192
https://rubalkhali.science/kb/RAK_3000079	Visit to Site 7 during Trip3 2024 on 2024-02-17 11:28	https://rubalkhali.science/kb/RAK_1000007	Site 7	https://rubalkhali.science/kb/RAK_6000711	https://rubalkhali.science/kb/RAK_7790584	https://rubalkhali.science/kb/RAK_P000218	https://rubalkhali.science/kb/RAK_4000218	37.0	Domain: Bacteria; Phylum: Pseudomonadota; Class: Gammaproteobacteria; Order: Pseudomonadales; Family: Pseudomonadaceae; Genus: Pseudomonas	0.0001201507345578999
https://rubalkhali.science/kb/RAK_3000080	Visit to Site 8 during Trip3 2024 on 2024-02-17 11:50	https://rubalkhali.science/kb/RAK_1000008	Site 8	https://rubalkhali.science/kb/RAK_6000712	https://rubalkhali.science/kb/RAK_7790585	https://rubalkhali.science/kb/RAK_P000221	https://rubalkhali.science/kb/RAK_4000221	39.0	Domain: Bacteria; Phylum: Pseudomonadota; Class: Gammaproteobacteria; Order: Pseudomonadales; Family: Pseudomonadaceae; Genus: Pseudomonas	3.0888454925164135e-05
https://rubalkhali.science/kb/RAK_3000080	Visit to Site 8 during Trip3 2024 on 2024-02-17 11:50	https://rubalkhali.science/kb/RAK_1000008	Site 8	https://rubalkhali.science/kb/RAK_6000714	https://rubalkhali.science/kb/RAK_7790587	https://rubalkhali.science/kb/RAK_P000221	https://rubalkhali.science/kb/RAK_4000221	39.0	Domain: Bacteria; Phylum: Pseudomonadota; Class: Gammaproteobacteria; Order: Pseudomonadales; Family: Pseudomonadaceae; Genus: Pseudomonas	0.0015026714158504007
https://rubalkhali.science/kb/RAK_3000080	Visit to Site 8 during Trip3 2024 on 2024-02-17 11:50	https://rubalkhali.science/kb/RAK_1000008	Site 8	https://rubalkhali.science/kb/RAK_6000715	https://rubalkhali.science/kb/RAK_7790588	https://rubalkhali.science/kb/RAK_P000221	https://rubalkhali.science/kb/RAK_4000221	39.0	Domain: Bacteria; Phylum: Pseudomonadota; Class: Gammaproteobacteria; Order: Pseudomonadales; Family: Pseudomonadaceae; Genus: Pseudomonas	1.9571164875733403e-05
https://rubalkhali.science/kb/RAK_3000080	Visit to Site 8 during Trip3 2024 on 2024-02-17 11:50	https://rubalkhali.science/kb/RAK_1000008	Site 8	https://rubalkhali.science/kb/RAK_6000717	https://rubalkhali.science/kb/RAK_7790590	https://rubalkhali.science/kb/RAK_P000221	https://rubalkhali.science/kb/RAK_4000221	39.0	Domain: Bacteria; Phylum: Pseudomonadota; Class: Gammaproteobacteria; Order: Pseudomonadales; Family: Pseudomonadaceae; Genus: Pseudomonas	8.755884049253751e-05
https://rubalkhali.science/kb/RAK_3000080	Visit to Site 8 during Trip3 2024 on 2024-02-17 11:50	https://rubalkhali.science/kb/RAK_1000008	Site 8	https://rubalkhali.science/kb/RAK_6000718	https://rubalkhali.science/kb/RAK_7790591	https://rubalkhali.science/kb/RAK_P000221	https://rubalkhali.science/kb/RAK_4000221	39.0	Domain: Bacteria; Phylum: Pseudomonadota; Class: Gammaproteobacteria; Order: Pseudomonadales; Family: Pseudomonadaceae; Genus: Pseudomonas	0.00033703045529750596
https://rubalkhali.science/kb/RAK_3000080	Visit to Site 8 during Trip3 2024 on 2024-02-17 11:50	https://rubalkhali.science/kb/RAK_1000008	Site 8	https://rubalkhali.science/kb/RAK_6000719	https://rubalkhali.science/kb/RAK_7790592	https://rubalkhali.science/kb/RAK_P000221	https://rubalkhali.science/kb/RAK_4000221	39.0	Domain: Bacteria; Phylum: Pseudomonadota; Class: Gammaproteobacteria; Order: Pseudomonadales; Family: Pseudomonadaceae; Genus: Pseudomonas	0.0006434708301803262
https://rubalkhali.science/kb/RAK_3000080	Visit to Site 8 during Trip3 2024 on 2024-02-17 11:50	https://rubalkhali.science/kb/RAK_1000008	Site 8	https://rubalkhali.science/kb/RAK_6000720	https://rubalkhali.science/kb/RAK_7790593	https://rubalkhali.science/kb/RAK_P000221	https://rubalkhali.science/kb/RAK_4000221	39.0	Domain: Bacteria; Phylum: Pseudomonadota; Class: Gammaproteobacteria; Order: Pseudomonadales; Family: Pseudomonadaceae; Genus: Pseudomonas	0.0008068763507395501
https://rubalkhali.science/kb/RAK_3000081	Visit to Site 9 during Trip3 2024 on 2024-02-17 12:31	https://rubalkhali.science/kb/RAK_1000009	Site 9	https://rubalkhali.science/kb/RAK_6000721	https://rubalkhali.science/kb/RAK_7790594	https://rubalkhali.science/kb/RAK_P000224	https://rubalkhali.science/kb/RAK_4000224	36.4	Domain: Bacteria; Phylum: Pseudomonadota; Class: Gammaproteobacteria; Order: Pseudomonadales; Family: Pseudomonadaceae; Genus: Pseudomonas	8.868483796256818e-05
https://rubalkhali.science/kb/RAK_3000081	Visit to Site 9 during Trip3 2024 on 2024-02-17 12:31	https://rubalkhali.science/kb/RAK_1000009	Site 9	https://rubalkhali.science/kb/RAK_6000722	https://rubalkhali.science/kb/RAK_7790595	https://rubalkhali.science/kb/RAK_P000224	https://rubalkhali.science/kb/RAK_4000224	36.4	Domain: Bacteria; Phylum: Pseudomonadota; Class: Gammaproteobacteria; Order: Pseudomonadales; Family: Pseudomonadaceae; Genus: Pseudomonas	0.006336135956125545
https://rubalkhali.science/kb/RAK_3000081	Visit to Site 9 during Trip3 2024 on 2024-02-17 12:31	https://rubalkhali.science/kb/RAK_1000009	Site 9	https://rubalkhali.science/kb/RAK_6000723	https://rubalkhali.science/kb/RAK_7790596	https://rubalkhali.science/kb/RAK_P000224	https://rubalkhali.science/kb/RAK_4000224	36.4	Domain: Bacteria; Phylum: Pseudomonadota; Class: Gammaproteobacteria; Order: Pseudomonadales; Family: Pseudomonadaceae; Genus: Pseudomonas	0.000487078812813387
https://rubalkhali.science/kb/RAK_3000081	Visit to Site 9 during Trip3 2024 on 2024-02-17 12:31	https://rubalkhali.science/kb/RAK_1000009	Site 9	https://rubalkhali.science/kb/RAK_6000724	https://rubalkhali.science/kb/RAK_7790597	https://rubalkhali.science/kb/RAK_P000224	https://rubalkhali.science/kb/RAK_4000224	36.4	Domain: Bacteria; Phylum: Pseudomonadota; Class: Gammaproteobacteria; Order: Pseudomonadales; Family: Pseudomonadaceae; Genus: Pseudomonas	0.00013921594763110736
https://rubalkhali.science/kb/RAK_3000081	Visit to Site 9 during Trip3 2024 on 2024-02-17 12:31	https://rubalkhali.science/kb/RAK_1000009	Site 9	https://rubalkhali.science/kb/RAK_6000725	https://rubalkhali.science/kb/RAK_7790598	https://rubalkhali.science/kb/RAK_P000224	https://rubalkhali.science/kb/RAK_4000224	36.4	Domain: Bacteria; Phylum: Pseudomonadota; Class: Gammaproteobacteria; Order: Pseudomonadales; Family: Pseudomonadaceae; Genus: Pseudomonas	0.004088385442077118
https://rubalkhali.science/kb/RAK_3000081	Visit to Site 9 during Trip3 2024 on 2024-02-17 12:31	https://rubalkhali.science/kb/RAK_1000009	Site 9	https://rubalkhali.science/kb/RAK_6000726	https://rubalkhali.science/kb/RAK_7790599	https://rubalkhali.science/kb/RAK_P000224	https://rubalkhali.science/kb/RAK_4000224	36.4	Domain: Bacteria; Phylum: Pseudomonadota; Class: Gammaproteobacteria; Order: Pseudomonadales; Family: Pseudomonadaceae; Genus: Pseudomonas	0.00014797921327286496
https://rubalkhali.science/kb/RAK_3000081	Visit to Site 9 during Trip3 2024 on 2024-02-17 12:31	https://rubalkhali.science/kb/RAK_1000009	Site 9	https://rubalkhali.science/kb/RAK_6000727	https://rubalkhali.science/kb/RAK_7790600	https://rubalkhali.science/kb/RAK_P000224	https://rubalkhali.science/kb/RAK_4000224	36.4	Domain: Bacteria; Phylum: Pseudomonadota; Class: Gammaproteobacteria; Order: Pseudomonadales; Family: Pseudomonadaceae; Genus: Pseudomonas	0.001318668272247757
https://rubalkhali.science/kb/RAK_3000081	Visit to Site 9 during Trip3 2024 on 2024-02-17 12:31	https://rubalkhali.science/kb/RAK_1000009	Site 9	https://rubalkhali.science/kb/RAK_6000728	https://rubalkhali.science/kb/RAK_7790601	https://rubalkhali.science/kb/RAK_P000224	https://rubalkhali.science/kb/RAK_4000224	36.4	Domain: Bacteria; Phylum: Pseudomonadota; Class: Gammaproteobacteria; Order: Pseudomonadales; Family: Pseudomonadaceae; Genus: Pseudomonas	0.00037010867736617206
https://rubalkhali.science/kb/RAK_3000081	Visit to Site 9 during Trip3 2024 on 2024-02-17 12:31	https://rubalkhali.science/kb/RAK_1000009	Site 9	https://rubalkhali.science/kb/RAK_6000729	https://rubalkhali.science/kb/RAK_7790602	https://rubalkhali.science/kb/RAK_P000224	https://rubalkhali.science/kb/RAK_4000224	36.4	Domain: Bacteria; Phylum: Pseudomonadota; Class: Gammaproteobacteria; Order: Pseudomonadales; Family: Pseudomonadaceae; Genus: Pseudomonas	0.003304419661296985
https://rubalkhali.science/kb/RAK_3000082	Visit to Site 10 during Trip3 2024 on 2024-02-17 13:22	https://rubalkhali.science/kb/RAK_1000010	Site 10	https://rubalkhali.science/kb/RAK_6000730	https://rubalkhali.science/kb/RAK_7790603	https://rubalkhali.science/kb/RAK_P000227	https://rubalkhali.science/kb/RAK_4000227	37.1	Domain: Bacteria; Phylum: Pseudomonadota; Class: Gammaproteobacteria; Order: Pseudomonadales; Family: Pseudomonadaceae; Genus: Pseudomonas	0.0005972506225578523
https://rubalkhali.science/kb/RAK_3000082	Visit to Site 10 during Trip3 2024 on 2024-02-17 13:22	https://rubalkhali.science/kb/RAK_1000010	Site 10	https://rubalkhali.science/kb/RAK_6000731	https://rubalkhali.science/kb/RAK_7790604	https://rubalkhali.science/kb/RAK_P000227	https://rubalkhali.science/kb/RAK_4000227	37.1	Domain: Bacteria; Phylum: Pseudomonadota; Class: Gammaproteobacteria; Order: Pseudomonadales; Family: Pseudomonadaceae; Genus: Pseudomonas	0.0007307633548912767
https://rubalkhali.science/kb/RAK_3000082	Visit to Site 10 during Trip3 2024 on 2024-02-17 13:22	https://rubalkhali.science/kb/RAK_1000010	Site 10	https://rubalkhali.science/kb/RAK_6000732	https://rubalkhali.science/kb/RAK_7790605	https://rubalkhali.science/kb/RAK_P000227	https://rubalkhali.science/kb/RAK_4000227	37.1	Domain: Bacteria; Phylum: Pseudomonadota; Class: Gammaproteobacteria; Order: Pseudomonadales; Family: Pseudomonadaceae; Genus: Pseudomonas	0.0005272659028758333
https://rubalkhali.science/kb/RAK_3000082	Visit to Site 10 during Trip3 2024 on 2024-02-17 13:22	https://rubalkhali.science/kb/RAK_1000010	Site 10	https://rubalkhali.science/kb/RAK_6000733	https://rubalkhali.science/kb/RAK_7790606	https://rubalkhali.science/kb/RAK_P000227	https://rubalkhali.science/kb/RAK_4000227	37.1	Domain: Bacteria; Phylum: Pseudomonadota; Class: Gammaproteobacteria; Order: Pseudomonadales; Family: Pseudomonadaceae; Genus: Pseudomonas	0.0010829561498879663
https://rubalkhali.science/kb/RAK_3000082	Visit to Site 10 during Trip3 2024 on 2024-02-17 13:22	https://rubalkhali.science/kb/RAK_1000010	Site 10	https://rubalkhali.science/kb/RAK_6000734	https://rubalkhali.science/kb/RAK_7790607	https://rubalkhali.science/kb/RAK_P000227	https://rubalkhali.science/kb/RAK_4000227	37.1	Domain: Bacteria; Phylum: Pseudomonadota; Class: Gammaproteobacteria; Order: Pseudomonadales; Family: Pseudomonadaceae; Genus: Pseudomonas	0.0006322658379610024
https://rubalkhali.science/kb/RAK_3000082	Visit to Site 10 during Trip3 2024 on 2024-02-17 13:22	https://rubalkhali.science/kb/RAK_1000010	Site 10	https://rubalkhali.science/kb/RAK_6000735	https://rubalkhali.science/kb/RAK_7790608	https://rubalkhali.science/kb/RAK_P000227	https://rubalkhali.science/kb/RAK_4000227	37.1	Domain: Bacteria; Phylum: Pseudomonadota; Class: Gammaproteobacteria; Order: Pseudomonadales; Family: Pseudomonadaceae; Genus: Pseudomonas	0.001890609794578484
https://rubalkhali.science/kb/RAK_3000082	Visit to Site 10 during Trip3 2024 on 2024-02-17 13:22	https://rubalkhali.science/kb/RAK_1000010	Site 10	https://rubalkhali.science/kb/RAK_6000736	https://rubalkhali.science/kb/RAK_7790609	https://rubalkhali.science/kb/RAK_P000227	https://rubalkhali.science/kb/RAK_4000227	37.1	Domain: Bacteria; Phylum: Pseudomonadota; Class: Gammaproteobacteria; Order: Pseudomonadales; Family: Pseudomonadaceae; Genus: Pseudomonas	0.02006725771935188
https://rubalkhali.science/kb/RAK_3000082	Visit to Site 10 during Trip3 2024 on 2024-02-17 13:22	https://rubalkhali.science/kb/RAK_1000010	Site 10	https://rubalkhali.science/kb/RAK_6000737	https://rubalkhali.science/kb/RAK_7790610	https://rubalkhali.science/kb/RAK_P000227	https://rubalkhali.science/kb/RAK_4000227	37.1	Domain: Bacteria; Phylum: Pseudomonadota; Class: Gammaproteobacteria; Order: Pseudomonadales; Family: Pseudomonadaceae; Genus: Pseudomonas	0.01294568526418459
https://rubalkhali.science/kb/RAK_3000083	Visit to Site 11 during Trip3 2024 on 2024-02-17 13:46	https://rubalkhali.science/kb/RAK_1000011	Site 11	https://rubalkhali.science/kb/RAK_6000739	https://rubalkhali.science/kb/RAK_7790611	https://rubalkhali.science/kb/RAK_P000230	https://rubalkhali.science/kb/RAK_4000230	41.2	Domain: Bacteria; Phylum: Pseudomonadota; Class: Gammaproteobacteria; Order: Pseudomonadales; Family: Pseudomonadaceae; Genus: Pseudomonas	0.00012621969963783088
https://rubalkhali.science/kb/RAK_3000083	Visit to Site 11 during Trip3 2024 on 2024-02-17 13:46	https://rubalkhali.science/kb/RAK_1000011	Site 11	https://rubalkhali.science/kb/RAK_6000740	https://rubalkhali.science/kb/RAK_7790612	https://rubalkhali.science/kb/RAK_P000230	https://rubalkhali.science/kb/RAK_4000230	41.2	Domain: Bacteria; Phylum: Pseudomonadota; Class: Gammaproteobacteria; Order: Pseudomonadales; Family: Pseudomonadaceae; Genus: Pseudomonas	0.0001232706883435237
https://rubalkhali.science/kb/RAK_3000083	Visit to Site 11 during Trip3 2024 on 2024-02-17 13:46	https://rubalkhali.science/kb/RAK_1000011	Site 11	https://rubalkhali.science/kb/RAK_6000741	https://rubalkhali.science/kb/RAK_7790613	https://rubalkhali.science/kb/RAK_P000230	https://rubalkhali.science/kb/RAK_4000230	41.2	Domain: Bacteria; Phylum: Pseudomonadota; Class: Gammaproteobacteria; Order: Pseudomonadales; Family: Pseudomonadaceae; Genus: Pseudomonas	5.436826343235908e-05
https://rubalkhali.science/kb/RAK_3000083	Visit to Site 11 during Trip3 2024 on 2024-02-17 13:46	https://rubalkhali.science/kb/RAK_1000011	Site 11	https://rubalkhali.science/kb/RAK_6000742	https://rubalkhali.science/kb/RAK_7790614	https://rubalkhali.science/kb/RAK_P000230	https://rubalkhali.science/kb/RAK_4000230	41.2	Domain: Bacteria; Phylum: Pseudomonadota; Class: Gammaproteobacteria; Order: Pseudomonadales; Family: Pseudomonadaceae; Genus: Pseudomonas	0.1713125584093326
https://rubalkhali.science/kb/RAK_3000083	Visit to Site 11 during Trip3 2024 on 2024-02-17 13:46	https://rubalkhali.science/kb/RAK_1000011	Site 11	https://rubalkhali.science/kb/RAK_6000743	https://rubalkhali.science/kb/RAK_7790615	https://rubalkhali.science/kb/RAK_P000230	https://rubalkhali.science/kb/RAK_4000230	41.2	Domain: Bacteria; Phylum: Pseudomonadota; Class: Gammaproteobacteria; Order: Pseudomonadales; Family: Pseudomonadaceae; Genus: Pseudomonas	0.0007115397670272974
https://rubalkhali.science/kb/RAK_3000083	Visit to Site 11 during Trip3 2024 on 2024-02-17 13:46	https://rubalkhali.science/kb/RAK_1000011	Site 11	https://rubalkhali.science/kb/RAK_6000744	https://rubalkhali.science/kb/RAK_7790616	https://rubalkhali.science/kb/RAK_P000230	https://rubalkhali.science/kb/RAK_4000230	41.2	Domain: Bacteria; Phylum: Pseudomonadota; Class: Gammaproteobacteria; Order: Pseudomonadales; Family: Pseudomonadaceae; Genus: Pseudomonas	0.0022809275017458552
https://rubalkhali.science/kb/RAK_3000083	Visit to Site 11 during Trip3 2024 on 2024-02-17 13:46	https://rubalkhali.science/kb/RAK_1000011	Site 11	https://rubalkhali.science/kb/RAK_6000745	https://rubalkhali.science/kb/RAK_7790617	https://rubalkhali.science/kb/RAK_P000230	https://rubalkhali.science/kb/RAK_4000230	41.2	Domain: Bacteria; Phylum: Pseudomonadota; Class: Gammaproteobacteria; Order: Pseudomonadales; Family: Pseudomonadaceae; Genus: Pseudomonas	3.3879585178359076e-05
https://rubalkhali.science/kb/RAK_3000083	Visit to Site 11 during Trip3 2024 on 2024-02-17 13:46	https://rubalkhali.science/kb/RAK_1000011	Site 11	https://rubalkhali.science/kb/RAK_6000746	https://rubalkhali.science/kb/RAK_7790618	https://rubalkhali.science/kb/RAK_P000230	https://rubalkhali.science/kb/RAK_4000230	41.2	Domain: Bacteria; Phylum: Pseudomonadota; Class: Gammaproteobacteria; Order: Pseudomonadales; Family: Pseudomonadaceae; Genus: Pseudomonas	0.00012241800034277041
https://rubalkhali.science/kb/RAK_3000083	Visit to Site 11 during Trip3 2024 on 2024-02-17 13:46	https://rubalkhali.science/kb/RAK_1000011	Site 11	https://rubalkhali.science/kb/RAK_6000747	https://rubalkhali.science/kb/RAK_7790619	https://rubalkhali.science/kb/RAK_P000230	https://rubalkhali.science/kb/RAK_4000230	41.2	Domain: Bacteria; Phylum: Pseudomonadota; Class: Gammaproteobacteria; Order: Pseudomonadales; Family: Pseudomonadaceae; Genus: Pseudomonas	0.0007685658348524194
https://rubalkhali.science/kb/RAK_3000084	Visit to Site 12 during Trip3 2024 on 2024-02-17 14:04	https://rubalkhali.science/kb/RAK_1000012	Site 12	https://rubalkhali.science/kb/RAK_6000748	https://rubalkhali.science/kb/RAK_7790620	https://rubalkhali.science/kb/RAK_P000233	https://rubalkhali.science/kb/RAK_4000233	39.9	Domain: Bacteria; Phylum: Pseudomonadota; Class: Gammaproteobacteria; Order: Pseudomonadales; Family: Pseudomonadaceae; Genus: Pseudomonas	2.0742584526031943e-05
https://rubalkhali.science/kb/RAK_3000084	Visit to Site 12 during Trip3 2024 on 2024-02-17 14:04	https://rubalkhali.science/kb/RAK_1000012	Site 12	https://rubalkhali.science/kb/RAK_6000749	https://rubalkhali.science/kb/RAK_7790621	https://rubalkhali.science/kb/RAK_P000233	https://rubalkhali.science/kb/RAK_4000233	39.9	Domain: Bacteria; Phylum: Pseudomonadota; Class: Gammaproteobacteria; Order: Pseudomonadales; Family: Pseudomonadaceae; Genus: Pseudomonas	3.70973087139105e-05
https://rubalkhali.science/kb/RAK_3000084	Visit to Site 12 during Trip3 2024 on 2024-02-17 14:04	https://rubalkhali.science/kb/RAK_1000012	Site 12	https://rubalkhali.science/kb/RAK_6000752	https://rubalkhali.science/kb/RAK_7790622	https://rubalkhali.science/kb/RAK_P000233	https://rubalkhali.science/kb/RAK_4000233	39.9	Domain: Bacteria; Phylum: Pseudomonadota; Class: Gammaproteobacteria; Order: Pseudomonadales; Family: Pseudomonadaceae; Genus: Pseudomonas	5.454374160150342e-05
https://rubalkhali.science/kb/RAK_3000084	Visit to Site 12 during Trip3 2024 on 2024-02-17 14:04	https://rubalkhali.science/kb/RAK_1000012	Site 12	https://rubalkhali.science/kb/RAK_6000753	https://rubalkhali.science/kb/RAK_7790623	https://rubalkhali.science/kb/RAK_P000233	https://rubalkhali.science/kb/RAK_4000233	39.9	Domain: Bacteria; Phylum: Pseudomonadota; Class: Gammaproteobacteria; Order: Pseudomonadales; Family: Pseudomonadaceae; Genus: Pseudomonas	0.00024630830762734725
https://rubalkhali.science/kb/RAK_3000084	Visit to Site 12 during Trip3 2024 on 2024-02-17 14:04	https://rubalkhali.science/kb/RAK_1000012	Site 12	https://rubalkhali.science/kb/RAK_6000754	https://rubalkhali.science/kb/RAK_7790624	https://rubalkhali.science/kb/RAK_P000233	https://rubalkhali.science/kb/RAK_4000233	39.9	Domain: Bacteria; Phylum: Pseudomonadota; Class: Gammaproteobacteria; Order: Pseudomonadales; Family: Pseudomonadaceae; Genus: Pseudomonas	0.0003647721314091603
https://rubalkhali.science/kb/RAK_3000084	Visit to Site 12 during Trip3 2024 on 2024-02-17 14:04	https://rubalkhali.science/kb/RAK_1000012	Site 12	https://rubalkhali.science/kb/RAK_6000755	https://rubalkhali.science/kb/RAK_7790625	https://rubalkhali.science/kb/RAK_P000233	https://rubalkhali.science/kb/RAK_4000233	39.9	Domain: Bacteria; Phylum: Pseudomonadota; Class: Gammaproteobacteria; Order: Pseudomonadales; Family: Pseudomonadaceae; Genus: Pseudomonas	0.0008646092495544615
https://rubalkhali.science/kb/RAK_3000084	Visit to Site 12 during Trip3 2024 on 2024-02-17 14:04	https://rubalkhali.science/kb/RAK_1000012	Site 12	https://rubalkhali.science/kb/RAK_6000756	https://rubalkhali.science/kb/RAK_7790626	https://rubalkhali.science/kb/RAK_P000233	https://rubalkhali.science/kb/RAK_4000233	39.9	Domain: Bacteria; Phylum: Pseudomonadota; Class: Gammaproteobacteria; Order: Pseudomonadales; Family: Pseudomonadaceae; Genus: Pseudomonas	0.0015743719624888768
https://rubalkhali.science/kb/RAK_3000085	Visit to Site 13 during Trip3 2024 on 2024-02-17 15:20	https://rubalkhali.science/kb/RAK_1000013	Site 13	https://rubalkhali.science/kb/RAK_6000758	https://rubalkhali.science/kb/RAK_7790628	https://rubalkhali.science/kb/RAK_P000236	https://rubalkhali.science/kb/RAK_4000236	40.0	Domain: Bacteria; Phylum: Pseudomonadota; Class: Gammaproteobacteria; Order: Pseudomonadales; Family: Pseudomonadaceae; Genus: Pseudomonas	5.276816119919416e-05
https://rubalkhali.science/kb/RAK_3000085	Visit to Site 13 during Trip3 2024 on 2024-02-17 15:20	https://rubalkhali.science/kb/RAK_1000013	Site 13	https://rubalkhali.science/kb/RAK_6000759	https://rubalkhali.science/kb/RAK_7790629	https://rubalkhali.science/kb/RAK_P000236	https://rubalkhali.science/kb/RAK_4000236	40.0	Domain: Bacteria; Phylum: Pseudomonadota; Class: Gammaproteobacteria; Order: Pseudomonadales; Family: Pseudomonadaceae; Genus: Pseudomonas	0.00014265851168996087
https://rubalkhali.science/kb/RAK_3000085	Visit to Site 13 during Trip3 2024 on 2024-02-17 15:20	https://rubalkhali.science/kb/RAK_1000013	Site 13	https://rubalkhali.science/kb/RAK_6000760	https://rubalkhali.science/kb/RAK_7790630	https://rubalkhali.science/kb/RAK_P000236	https://rubalkhali.science/kb/RAK_4000236	40.0	Domain: Bacteria; Phylum: Pseudomonadota; Class: Gammaproteobacteria; Order: Pseudomonadales; Family: Pseudomonadaceae; Genus: Pseudomonas	0.0011930132857846964
https://rubalkhali.science/kb/RAK_3000085	Visit to Site 13 during Trip3 2024 on 2024-02-17 15:20	https://rubalkhali.science/kb/RAK_1000013	Site 13	https://rubalkhali.science/kb/RAK_6000761	https://rubalkhali.science/kb/RAK_7790631	https://rubalkhali.science/kb/RAK_P000236	https://rubalkhali.science/kb/RAK_4000236	40.0	Domain: Bacteria; Phylum: Pseudomonadota; Class: Gammaproteobacteria; Order: Pseudomonadales; Family: Pseudomonadaceae; Genus: Pseudomonas	0.0001895313951822044
https://rubalkhali.science/kb/RAK_3000085	Visit to Site 13 during Trip3 2024 on 2024-02-17 15:20	https://rubalkhali.science/kb/RAK_1000013	Site 13	https://rubalkhali.science/kb/RAK_6000762	https://rubalkhali.science/kb/RAK_7790632	https://rubalkhali.science/kb/RAK_P000236	https://rubalkhali.science/kb/RAK_4000236	40.0	Domain: Bacteria; Phylum: Pseudomonadota; Class: Gammaproteobacteria; Order: Pseudomonadales; Family: Pseudomonadaceae; Genus: Pseudomonas	0.00013720275594602442
https://rubalkhali.science/kb/RAK_3000085	Visit to Site 13 during Trip3 2024 on 2024-02-17 15:20	https://rubalkhali.science/kb/RAK_1000013	Site 13	https://rubalkhali.science/kb/RAK_6000763	https://rubalkhali.science/kb/RAK_7790633	https://rubalkhali.science/kb/RAK_P000236	https://rubalkhali.science/kb/RAK_4000236	40.0	Domain: Bacteria; Phylum: Pseudomonadota; Class: Gammaproteobacteria; Order: Pseudomonadales; Family: Pseudomonadaceae; Genus: Pseudomonas	0.0014614763956338392
https://rubalkhali.science/kb/RAK_3000085	Visit to Site 13 during Trip3 2024 on 2024-02-17 15:20	https://rubalkhali.science/kb/RAK_1000013	Site 13	https://rubalkhali.science/kb/RAK_6000764	https://rubalkhali.science/kb/RAK_7790634	https://rubalkhali.science/kb/RAK_P000236	https://rubalkhali.science/kb/RAK_4000236	40.0	Domain: Bacteria; Phylum: Pseudomonadota; Class: Gammaproteobacteria; Order: Pseudomonadales; Family: Pseudomonadaceae; Genus: Pseudomonas	0.0005907700861829303
https://rubalkhali.science/kb/RAK_3000085	Visit to Site 13 during Trip3 2024 on 2024-02-17 15:20	https://rubalkhali.science/kb/RAK_1000013	Site 13	https://rubalkhali.science/kb/RAK_6000765	https://rubalkhali.science/kb/RAK_7790635	https://rubalkhali.science/kb/RAK_P000236	https://rubalkhali.science/kb/RAK_4000236	40.0	Domain: Bacteria; Phylum: Pseudomonadota; Class: Gammaproteobacteria; Order: Pseudomonadales; Family: Pseudomonadaceae; Genus: Pseudomonas	0.00012955264907003728
https://rubalkhali.science/kb/RAK_3000086	Visit to Site 14 during Trip3 2024 on 2024-02-17 15:50	https://rubalkhali.science/kb/RAK_1000014	Site 14	https://rubalkhali.science/kb/RAK_6000766	https://rubalkhali.science/kb/RAK_7790636	https://rubalkhali.science/kb/RAK_P000239	https://rubalkhali.science/kb/RAK_4000239	41.2	Domain: Bacteria; Phylum: Pseudomonadota; Class: Gammaproteobacteria; Order: Pseudomonadales; Family: Pseudomonadaceae; Genus: Pseudomonas	0.0003019968338421114
https://rubalkhali.science/kb/RAK_3000086	Visit to Site 14 during Trip3 2024 on 2024-02-17 15:50	https://rubalkhali.science/kb/RAK_1000014	Site 14	https://rubalkhali.science/kb/RAK_6000767	https://rubalkhali.science/kb/RAK_7790637	https://rubalkhali.science/kb/RAK_P000239	https://rubalkhali.science/kb/RAK_4000239	41.2	Domain: Bacteria; Phylum: Pseudomonadota; Class: Gammaproteobacteria; Order: Pseudomonadales; Family: Pseudomonadaceae; Genus: Pseudomonas	0.0005321271783956366
https://rubalkhali.science/kb/RAK_3000086	Visit to Site 14 during Trip3 2024 on 2024-02-17 15:50	https://rubalkhali.science/kb/RAK_1000014	Site 14	https://rubalkhali.science/kb/RAK_6000768	https://rubalkhali.science/kb/RAK_7790638	https://rubalkhali.science/kb/RAK_P000239	https://rubalkhali.science/kb/RAK_4000239	41.2	Domain: Bacteria; Phylum: Pseudomonadota; Class: Gammaproteobacteria; Order: Pseudomonadales; Family: Pseudomonadaceae; Genus: Pseudomonas	0.0019392353063052723
https://rubalkhali.science/kb/RAK_3000086	Visit to Site 14 during Trip3 2024 on 2024-02-17 15:50	https://rubalkhali.science/kb/RAK_1000014	Site 14	https://rubalkhali.science/kb/RAK_6000769	https://rubalkhali.science/kb/RAK_7790639	https://rubalkhali.science/kb/RAK_P000239	https://rubalkhali.science/kb/RAK_4000239	41.2	Domain: Bacteria; Phylum: Pseudomonadota; Class: Gammaproteobacteria; Order: Pseudomonadales; Family: Pseudomonadaceae; Genus: Pseudomonas	0.0050562232534675546
https://rubalkhali.science/kb/RAK_3000086	Visit to Site 14 during Trip3 2024 on 2024-02-17 15:50	https://rubalkhali.science/kb/RAK_1000014	Site 14	https://rubalkhali.science/kb/RAK_6000770	https://rubalkhali.science/kb/RAK_7790640	https://rubalkhali.science/kb/RAK_P000239	https://rubalkhali.science/kb/RAK_4000239	41.2	Domain: Bacteria; Phylum: Pseudomonadota; Class: Gammaproteobacteria; Order: Pseudomonadales; Family: Pseudomonadaceae; Genus: Pseudomonas	0.01291784281681771
https://rubalkhali.science/kb/RAK_3000086	Visit to Site 14 during Trip3 2024 on 2024-02-17 15:50	https://rubalkhali.science/kb/RAK_1000014	Site 14	https://rubalkhali.science/kb/RAK_6000771	https://rubalkhali.science/kb/RAK_7790641	https://rubalkhali.science/kb/RAK_P000239	https://rubalkhali.science/kb/RAK_4000239	41.2	Domain: Bacteria; Phylum: Pseudomonadota; Class: Gammaproteobacteria; Order: Pseudomonadales; Family: Pseudomonadaceae; Genus: Pseudomonas	0.001631355315013879
https://rubalkhali.science/kb/RAK_3000086	Visit to Site 14 during Trip3 2024 on 2024-02-17 15:50	https://rubalkhali.science/kb/RAK_1000014	Site 14	https://rubalkhali.science/kb/RAK_6000772	https://rubalkhali.science/kb/RAK_7790642	https://rubalkhali.science/kb/RAK_P000239	https://rubalkhali.science/kb/RAK_4000239	41.2	Domain: Bacteria; Phylum: Pseudomonadota; Class: Gammaproteobacteria; Order: Pseudomonadales; Family: Pseudomonadaceae; Genus: Pseudomonas	0.013280418158939116
https://rubalkhali.science/kb/RAK_3000086	Visit to Site 14 during Trip3 2024 on 2024-02-17 15:50	https://rubalkhali.science/kb/RAK_1000014	Site 14	https://rubalkhali.science/kb/RAK_6000773	https://rubalkhali.science/kb/RAK_7790643	https://rubalkhali.science/kb/RAK_P000239	https://rubalkhali.science/kb/RAK_4000239	41.2	Domain: Bacteria; Phylum: Pseudomonadota; Class: Gammaproteobacteria; Order: Pseudomonadales; Family: Pseudomonadaceae; Genus: Pseudomonas	0.010483072886699961
https://rubalkhali.science/kb/RAK_3000086	Visit to Site 14 during Trip3 2024 on 2024-02-17 15:50	https://rubalkhali.science/kb/RAK_1000014	Site 14	https://rubalkhali.science/kb/RAK_6000774	https://rubalkhali.science/kb/RAK_7790644	https://rubalkhali.science/kb/RAK_P000239	https://rubalkhali.science/kb/RAK_4000239	41.2	Domain: Bacteria; Phylum: Pseudomonadota; Class: Gammaproteobacteria; Order: Pseudomonadales; Family: Pseudomonadaceae; Genus: Pseudomonas	0.009637653542845416
https://rubalkhali.science/kb/RAK_3000087	Visit to Site 15 during Trip3 2024 on 2024-02-17 16:13	https://rubalkhali.science/kb/RAK_1000015	Site 15	https://rubalkhali.science/kb/RAK_6000775	https://rubalkhali.science/kb/RAK_7790645	https://rubalkhali.science/kb/RAK_P000242	https://rubalkhali.science/kb/RAK_4000242	38.8	Domain: Bacteria; Phylum: Pseudomonadota; Class: Gammaproteobacteria; Order: Pseudomonadales; Family: Pseudomonadaceae; Genus: Pseudomonas	0.008029027607544155
https://rubalkhali.science/kb/RAK_3000087	Visit to Site 15 during Trip3 2024 on 2024-02-17 16:13	https://rubalkhali.science/kb/RAK_1000015	Site 15	https://rubalkhali.science/kb/RAK_6000776	https://rubalkhali.science/kb/RAK_7790646	https://rubalkhali.science/kb/RAK_P000242	https://rubalkhali.science/kb/RAK_4000242	38.8	Domain: Bacteria; Phylum: Pseudomonadota; Class: Gammaproteobacteria; Order: Pseudomonadales; Family: Pseudomonadaceae; Genus: Pseudomonas	0.03497829216060291
https://rubalkhali.science/kb/RAK_3000087	Visit to Site 15 during Trip3 2024 on 2024-02-17 16:13	https://rubalkhali.science/kb/RAK_1000015	Site 15	https://rubalkhali.science/kb/RAK_6000777	https://rubalkhali.science/kb/RAK_7790647	https://rubalkhali.science/kb/RAK_P000242	https://rubalkhali.science/kb/RAK_4000242	38.8	Domain: Bacteria; Phylum: Pseudomonadota; Class: Gammaproteobacteria; Order: Pseudomonadales; Family: Pseudomonadaceae; Genus: Pseudomonas	0.010993189926495239
https://rubalkhali.science/kb/RAK_3000087	Visit to Site 15 during Trip3 2024 on 2024-02-17 16:13	https://rubalkhali.science/kb/RAK_1000015	Site 15	https://rubalkhali.science/kb/RAK_6000778	https://rubalkhali.science/kb/RAK_7790648	https://rubalkhali.science/kb/RAK_P000242	https://rubalkhali.science/kb/RAK_4000242	38.8	Domain: Bacteria; Phylum: Pseudomonadota; Class: Gammaproteobacteria; Order: Pseudomonadales; Family: Pseudomonadaceae; Genus: Pseudomonas	0.020264342523478737
https://rubalkhali.science/kb/RAK_3000087	Visit to Site 15 during Trip3 2024 on 2024-02-17 16:13	https://rubalkhali.science/kb/RAK_1000015	Site 15	https://rubalkhali.science/kb/RAK_6000779	https://rubalkhali.science/kb/RAK_7790649	https://rubalkhali.science/kb/RAK_P000242	https://rubalkhali.science/kb/RAK_4000242	38.8	Domain: Bacteria; Phylum: Pseudomonadota; Class: Gammaproteobacteria; Order: Pseudomonadales; Family: Pseudomonadaceae; Genus: Pseudomonas	0.00337219986975101
https://rubalkhali.science/kb/RAK_3000087	Visit to Site 15 during Trip3 2024 on 2024-02-17 16:13	https://rubalkhali.science/kb/RAK_1000015	Site 15	https://rubalkhali.science/kb/RAK_6000780	https://rubalkhali.science/kb/RAK_7790650	https://rubalkhali.science/kb/RAK_P000242	https://rubalkhali.science/kb/RAK_4000242	38.8	Domain: Bacteria; Phylum: Pseudomonadota; Class: Gammaproteobacteria; Order: Pseudomonadales; Family: Pseudomonadaceae; Genus: Pseudomonas	0.006256974988511784
https://rubalkhali.science/kb/RAK_3000087	Visit to Site 15 during Trip3 2024 on 2024-02-17 16:13	https://rubalkhali.science/kb/RAK_1000015	Site 15	https://rubalkhali.science/kb/RAK_6000781	https://rubalkhali.science/kb/RAK_7790651	https://rubalkhali.science/kb/RAK_P000242	https://rubalkhali.science/kb/RAK_4000242	38.8	Domain: Bacteria; Phylum: Pseudomonadota; Class: Gammaproteobacteria; Order: Pseudomonadales; Family: Pseudomonadaceae; Genus: Pseudomonas	0.001679680406755039
https://rubalkhali.science/kb/RAK_3000087	Visit to Site 15 during Trip3 2024 on 2024-02-17 16:13	https://rubalkhali.science/kb/RAK_1000015	Site 15	https://rubalkhali.science/kb/RAK_6000781	https://rubalkhali.science/kb/RAK_7790981	https://rubalkhali.science/kb/RAK_P000242	https://rubalkhali.science/kb/RAK_4000242	38.8	Domain: Bacteria; Phylum: Pseudomonadota; Class: Gammaproteobacteria; Order: Pseudomonadales; Family: Pseudomonadaceae; Genus: Pseudomonas	0.005285779606767261
https://rubalkhali.science/kb/RAK_3000087	Visit to Site 15 during Trip3 2024 on 2024-02-17 16:13	https://rubalkhali.science/kb/RAK_1000015	Site 15	https://rubalkhali.science/kb/RAK_6000782	https://rubalkhali.science/kb/RAK_7790652	https://rubalkhali.science/kb/RAK_P000242	https://rubalkhali.science/kb/RAK_4000242	38.8	Domain: Bacteria; Phylum: Pseudomonadota; Class: Gammaproteobacteria; Order: Pseudomonadales; Family: Pseudomonadaceae; Genus: Pseudomonas	0.0014918947062769717
https://rubalkhali.science/kb/RAK_3000087	Visit to Site 15 during Trip3 2024 on 2024-02-17 16:13	https://rubalkhali.science/kb/RAK_1000015	Site 15	https://rubalkhali.science/kb/RAK_6000783	https://rubalkhali.science/kb/RAK_7790653	https://rubalkhali.science/kb/RAK_P000242	https://rubalkhali.science/kb/RAK_4000242	38.8	Domain: Bacteria; Phylum: Pseudomonadota; Class: Gammaproteobacteria; Order: Pseudomonadales; Family: Pseudomonadaceae; Genus: Pseudomonas	0.003912766902312854
https://rubalkhali.science/kb/RAK_3000088	Visit to Site 16 during Trip3 2024 on 2024-02-17 16:34	https://rubalkhali.science/kb/RAK_1000016	Site 16	https://rubalkhali.science/kb/RAK_6000785	https://rubalkhali.science/kb/RAK_7790655	https://rubalkhali.science/kb/RAK_P000245	https://rubalkhali.science/kb/RAK_4000245	39.4	Domain: Bacteria; Phylum: Pseudomonadota; Class: Gammaproteobacteria; Order: Pseudomonadales; Family: Pseudomonadaceae; Genus: Pseudomonas	0.00025518500913162043
https://rubalkhali.science/kb/RAK_3000088	Visit to Site 16 during Trip3 2024 on 2024-02-17 16:34	https://rubalkhali.science/kb/RAK_1000016	Site 16	https://rubalkhali.science/kb/RAK_6000786	https://rubalkhali.science/kb/RAK_7790656	https://rubalkhali.science/kb/RAK_P000245	https://rubalkhali.science/kb/RAK_4000245	39.4	Domain: Bacteria; Phylum: Pseudomonadota; Class: Gammaproteobacteria; Order: Pseudomonadales; Family: Pseudomonadaceae; Genus: Pseudomonas	0.0003066905728036237
https://rubalkhali.science/kb/RAK_3000088	Visit to Site 16 during Trip3 2024 on 2024-02-17 16:34	https://rubalkhali.science/kb/RAK_1000016	Site 16	https://rubalkhali.science/kb/RAK_6000787	https://rubalkhali.science/kb/RAK_7790657	https://rubalkhali.science/kb/RAK_P000245	https://rubalkhali.science/kb/RAK_4000245	39.4	Domain: Bacteria; Phylum: Pseudomonadota; Class: Gammaproteobacteria; Order: Pseudomonadales; Family: Pseudomonadaceae; Genus: Pseudomonas	0.0008668750604234475
https://rubalkhali.science/kb/RAK_3000088	Visit to Site 16 during Trip3 2024 on 2024-02-17 16:34	https://rubalkhali.science/kb/RAK_1000016	Site 16	https://rubalkhali.science/kb/RAK_6000788	https://rubalkhali.science/kb/RAK_7790658	https://rubalkhali.science/kb/RAK_P000245	https://rubalkhali.science/kb/RAK_4000245	39.4	Domain: Bacteria; Phylum: Pseudomonadota; Class: Gammaproteobacteria; Order: Pseudomonadales; Family: Pseudomonadaceae; Genus: Pseudomonas	0.0014835714935833258
https://rubalkhali.science/kb/RAK_3000088	Visit to Site 16 during Trip3 2024 on 2024-02-17 16:34	https://rubalkhali.science/kb/RAK_1000016	Site 16	https://rubalkhali.science/kb/RAK_6000789	https://rubalkhali.science/kb/RAK_7790659	https://rubalkhali.science/kb/RAK_P000245	https://rubalkhali.science/kb/RAK_4000245	39.4	Domain: Bacteria; Phylum: Pseudomonadota; Class: Gammaproteobacteria; Order: Pseudomonadales; Family: Pseudomonadaceae; Genus: Pseudomonas	0.0006031877558978358
https://rubalkhali.science/kb/RAK_3000088	Visit to Site 16 during Trip3 2024 on 2024-02-17 16:34	https://rubalkhali.science/kb/RAK_1000016	Site 16	https://rubalkhali.science/kb/RAK_6000790	https://rubalkhali.science/kb/RAK_7790660	https://rubalkhali.science/kb/RAK_P000245	https://rubalkhali.science/kb/RAK_4000245	39.4	Domain: Bacteria; Phylum: Pseudomonadota; Class: Gammaproteobacteria; Order: Pseudomonadales; Family: Pseudomonadaceae; Genus: Pseudomonas	0.001188713009339429
https://rubalkhali.science/kb/RAK_3000088	Visit to Site 16 during Trip3 2024 on 2024-02-17 16:34	https://rubalkhali.science/kb/RAK_1000016	Site 16	https://rubalkhali.science/kb/RAK_6000791	https://rubalkhali.science/kb/RAK_7790661	https://rubalkhali.science/kb/RAK_P000245	https://rubalkhali.science/kb/RAK_4000245	39.4	Domain: Bacteria; Phylum: Pseudomonadota; Class: Gammaproteobacteria; Order: Pseudomonadales; Family: Pseudomonadaceae; Genus: Pseudomonas	0.0006945264056215784
https://rubalkhali.science/kb/RAK_3000088	Visit to Site 16 during Trip3 2024 on 2024-02-17 16:34	https://rubalkhali.science/kb/RAK_1000016	Site 16	https://rubalkhali.science/kb/RAK_6000792	https://rubalkhali.science/kb/RAK_7790662	https://rubalkhali.science/kb/RAK_P000245	https://rubalkhali.science/kb/RAK_4000245	39.4	Domain: Bacteria; Phylum: Pseudomonadota; Class: Gammaproteobacteria; Order: Pseudomonadales; Family: Pseudomonadaceae; Genus: Pseudomonas	0.0008206097379022231
https://rubalkhali.science/kb/RAK_3000102	Visit to Site 30 during Trip3 2024 on 2024-02-19 08:10	https://rubalkhali.science/kb/RAK_1000030	Site 30	https://rubalkhali.science/kb/RAK_6000910	https://rubalkhali.science/kb/RAK_7790775	https://rubalkhali.science/kb/RAK_P000286	https://rubalkhali.science/kb/RAK_4000286	36.8	Domain: Bacteria; Phylum: Pseudomonadota; Class: Gammaproteobacteria; Order: Pseudomonadales; Family: Pseudomonadaceae; Genus: Pseudomonas	0.02782838616849324
https://rubalkhali.science/kb/RAK_3000102	Visit to Site 30 during Trip3 2024 on 2024-02-19 08:10	https://rubalkhali.science/kb/RAK_1000030	Site 30	https://rubalkhali.science/kb/RAK_6000911	https://rubalkhali.science/kb/RAK_7790776	https://rubalkhali.science/kb/RAK_P000286	https://rubalkhali.science/kb/RAK_4000286	36.8	Domain: Bacteria; Phylum: Pseudomonadota; Class: Gammaproteobacteria; Order: Pseudomonadales; Family: Pseudomonadaceae; Genus: Pseudomonas	0.0022349454150481416
https://rubalkhali.science/kb/RAK_3000102	Visit to Site 30 during Trip3 2024 on 2024-02-19 08:10	https://rubalkhali.science/kb/RAK_1000030	Site 30	https://rubalkhali.science/kb/RAK_6000912	https://rubalkhali.science/kb/RAK_7790777	https://rubalkhali.science/kb/RAK_P000286	https://rubalkhali.science/kb/RAK_4000286	36.8	Domain: Bacteria; Phylum: Pseudomonadota; Class: Gammaproteobacteria; Order: Pseudomonadales; Family: Pseudomonadaceae; Genus: Pseudomonas	0.020073065197301943
https://rubalkhali.science/kb/RAK_3000102	Visit to Site 30 during Trip3 2024 on 2024-02-19 08:10	https://rubalkhali.science/kb/RAK_1000030	Site 30	https://rubalkhali.science/kb/RAK_6000913	https://rubalkhali.science/kb/RAK_7790778	https://rubalkhali.science/kb/RAK_P000286	https://rubalkhali.science/kb/RAK_4000286	36.8	Domain: Bacteria; Phylum: Pseudomonadota; Class: Gammaproteobacteria; Order: Pseudomonadales; Family: Pseudomonadaceae; Genus: Pseudomonas	0.0016142372529198115
https://rubalkhali.science/kb/RAK_3000102	Visit to Site 30 during Trip3 2024 on 2024-02-19 08:10	https://rubalkhali.science/kb/RAK_1000030	Site 30	https://rubalkhali.science/kb/RAK_6000914	https://rubalkhali.science/kb/RAK_7790779	https://rubalkhali.science/kb/RAK_P000286	https://rubalkhali.science/kb/RAK_4000286	36.8	Domain: Bacteria; Phylum: Pseudomonadota; Class: Gammaproteobacteria; Order: Pseudomonadales; Family: Pseudomonadaceae; Genus: Pseudomonas	0.010923259554262082
https://rubalkhali.science/kb/RAK_3000102	Visit to Site 30 during Trip3 2024 on 2024-02-19 08:10	https://rubalkhali.science/kb/RAK_1000030	Site 30	https://rubalkhali.science/kb/RAK_6000915	https://rubalkhali.science/kb/RAK_7790780	https://rubalkhali.science/kb/RAK_P000286	https://rubalkhali.science/kb/RAK_4000286	36.8	Domain: Bacteria; Phylum: Pseudomonadota; Class: Gammaproteobacteria; Order: Pseudomonadales; Family: Pseudomonadaceae; Genus: Pseudomonas	0.03582683243577053
https://rubalkhali.science/kb/RAK_3000102	Visit to Site 30 during Trip3 2024 on 2024-02-19 08:10	https://rubalkhali.science/kb/RAK_1000030	Site 30	https://rubalkhali.science/kb/RAK_6000916	https://rubalkhali.science/kb/RAK_7790781	https://rubalkhali.science/kb/RAK_P000286	https://rubalkhali.science/kb/RAK_4000286	36.8	Domain: Bacteria; Phylum: Pseudomonadota; Class: Gammaproteobacteria; Order: Pseudomonadales; Family: Pseudomonadaceae; Genus: Pseudomonas	4.214667041303737e-05
https://rubalkhali.science/kb/RAK_3000102	Visit to Site 30 during Trip3 2024 on 2024-02-19 08:10	https://rubalkhali.science/kb/RAK_1000030	Site 30	https://rubalkhali.science/kb/RAK_6000918	https://rubalkhali.science/kb/RAK_7790783	https://rubalkhali.science/kb/RAK_P000286	https://rubalkhali.science/kb/RAK_4000286	36.8	Domain: Bacteria; Phylum: Pseudomonadota; Class: Gammaproteobacteria; Order: Pseudomonadales; Family: Pseudomonadaceae; Genus: Pseudomonas	0.0002959734162058899
https://rubalkhali.science/kb/RAK_3000120	Visit to Site 48 during Trip3 2024 on 2024-02-20 12:54	https://rubalkhali.science/kb/RAK_1000048	Site 48	https://rubalkhali.science/kb/RAK_6001072	https://rubalkhali.science/kb/RAK_7790914	https://rubalkhali.science/kb/RAK_P000340	https://rubalkhali.science/kb/RAK_4000340	49.4	Domain: Bacteria; Phylum: Pseudomonadota; Class: Gammaproteobacteria; Order: Pseudomonadales; Family: Pseudomonadaceae; Genus: Pseudomonas	5.204297593301491e-05
https://rubalkhali.science/kb/RAK_3000120	Visit to Site 48 during Trip3 2024 on 2024-02-20 12:54	https://rubalkhali.science/kb/RAK_1000048	Site 48	https://rubalkhali.science/kb/RAK_6001073	https://rubalkhali.science/kb/RAK_7790915	https://rubalkhali.science/kb/RAK_P000340	https://rubalkhali.science/kb/RAK_4000340	49.4	Domain: Bacteria; Phylum: Pseudomonadota; Class: Gammaproteobacteria; Order: Pseudomonadales; Family: Pseudomonadaceae; Genus: Pseudomonas	0.00025299223554781856
https://rubalkhali.science/kb/RAK_3000120	Visit to Site 48 during Trip3 2024 on 2024-02-20 12:54	https://rubalkhali.science/kb/RAK_1000048	Site 48	https://rubalkhali.science/kb/RAK_6001074	https://rubalkhali.science/kb/RAK_7790916	https://rubalkhali.science/kb/RAK_P000340	https://rubalkhali.science/kb/RAK_4000340	49.4	Domain: Bacteria; Phylum: Pseudomonadota; Class: Gammaproteobacteria; Order: Pseudomonadales; Family: Pseudomonadaceae; Genus: Pseudomonas	0.05007264502793463
https://rubalkhali.science/kb/RAK_3000120	Visit to Site 48 during Trip3 2024 on 2024-02-20 12:54	https://rubalkhali.science/kb/RAK_1000048	Site 48	https://rubalkhali.science/kb/RAK_6001075	https://rubalkhali.science/kb/RAK_7790917	https://rubalkhali.science/kb/RAK_P000340	https://rubalkhali.science/kb/RAK_4000340	49.4	Domain: Bacteria; Phylum: Pseudomonadota; Class: Gammaproteobacteria; Order: Pseudomonadales; Family: Pseudomonadaceae; Genus: Pseudomonas	0.009208508962354828
https://rubalkhali.science/kb/RAK_3000120	Visit to Site 48 during Trip3 2024 on 2024-02-20 12:54	https://rubalkhali.science/kb/RAK_1000048	Site 48	https://rubalkhali.science/kb/RAK_6001076	https://rubalkhali.science/kb/RAK_7790918	https://rubalkhali.science/kb/RAK_P000340	https://rubalkhali.science/kb/RAK_4000340	49.4	Domain: Bacteria; Phylum: Pseudomonadota; Class: Gammaproteobacteria; Order: Pseudomonadales; Family: Pseudomonadaceae; Genus: Pseudomonas	0.022402538444629222
https://rubalkhali.science/kb/RAK_3000120	Visit to Site 48 during Trip3 2024 on 2024-02-20 12:54	https://rubalkhali.science/kb/RAK_1000048	Site 48	https://rubalkhali.science/kb/RAK_6001077	https://rubalkhali.science/kb/RAK_7790919	https://rubalkhali.science/kb/RAK_P000340	https://rubalkhali.science/kb/RAK_4000340	49.4	Domain: Bacteria; Phylum: Pseudomonadota; Class: Gammaproteobacteria; Order: Pseudomonadales; Family: Pseudomonadaceae; Genus: Pseudomonas	0.006388565170385139
https://rubalkhali.science/kb/RAK_3000120	Visit to Site 48 during Trip3 2024 on 2024-02-20 12:54	https://rubalkhali.science/kb/RAK_1000048	Site 48	https://rubalkhali.science/kb/RAK_6001078	https://rubalkhali.science/kb/RAK_7790920	https://rubalkhali.science/kb/RAK_P000340	https://rubalkhali.science/kb/RAK_4000340	49.4	Domain: Bacteria; Phylum: Pseudomonadota; Class: Gammaproteobacteria; Order: Pseudomonadales; Family: Pseudomonadaceae; Genus: Pseudomonas	0.32003538314942553
https://rubalkhali.science/kb/RAK_3000120	Visit to Site 48 during Trip3 2024 on 2024-02-20 12:54	https://rubalkhali.science/kb/RAK_1000048	Site 48	https://rubalkhali.science/kb/RAK_6001080	https://rubalkhali.science/kb/RAK_7790922	https://rubalkhali.science/kb/RAK_P000340	https://rubalkhali.science/kb/RAK_4000340	49.4	Domain: Bacteria; Phylum: Pseudomonadota; Class: Gammaproteobacteria; Order: Pseudomonadales; Family: Pseudomonadaceae; Genus: Pseudomonas	0.0007951542365349985
https://rubalkhali.science/kb/RAK_3000120	Visit to Site 48 during Trip3 2024 on 2024-02-20 12:54	https://rubalkhali.science/kb/RAK_1000048	Site 48	https://rubalkhali.science/kb/RAK_6001080	https://rubalkhali.science/kb/RAK_7790992	https://rubalkhali.science/kb/RAK_P000340	https://rubalkhali.science/kb/RAK_4000340	49.4	Domain: Bacteria; Phylum: Pseudomonadota; Class: Gammaproteobacteria; Order: Pseudomonadales; Family: Pseudomonadaceae; Genus: Pseudomonas	0.0024903917412060733
https://rubalkhali.science/kb/RAK_3000123	Visit to Site 51 during Trip3 2024 on 2024-02-20 16:11	https://rubalkhali.science/kb/RAK_1000051	Site 51	https://rubalkhali.science/kb/RAK_6001101	https://rubalkhali.science/kb/RAK_7790941	https://rubalkhali.science/kb/RAK_P000349	https://rubalkhali.science/kb/RAK_4000349	35.9	Domain: Bacteria; Phylum: Pseudomonadota; Class: Gammaproteobacteria; Order: Pseudomonadales; Family: Pseudomonadaceae; Genus: Pseudomonas	0.00037465492309714737
https://rubalkhali.science/kb/RAK_3000123	Visit to Site 51 during Trip3 2024 on 2024-02-20 16:11	https://rubalkhali.science/kb/RAK_1000051	Site 51	https://rubalkhali.science/kb/RAK_6001104	https://rubalkhali.science/kb/RAK_7790942	https://rubalkhali.science/kb/RAK_P000349	https://rubalkhali.science/kb/RAK_4000349	35.9	Domain: Bacteria; Phylum: Pseudomonadota; Class: Gammaproteobacteria; Order: Pseudomonadales; Family: Pseudomonadaceae; Genus: Pseudomonas	0.0015044019649043505
https://rubalkhali.science/kb/RAK_3000123	Visit to Site 51 during Trip3 2024 on 2024-02-20 16:11	https://rubalkhali.science/kb/RAK_1000051	Site 51	https://rubalkhali.science/kb/RAK_6001104	https://rubalkhali.science/kb/RAK_7790993	https://rubalkhali.science/kb/RAK_P000349	https://rubalkhali.science/kb/RAK_4000349	35.9	Domain: Bacteria; Phylum: Pseudomonadota; Class: Gammaproteobacteria; Order: Pseudomonadales; Family: Pseudomonadaceae; Genus: Pseudomonas	0.003925035662728818
https://rubalkhali.science/kb/RAK_3000123	Visit to Site 51 during Trip3 2024 on 2024-02-20 16:11	https://rubalkhali.science/kb/RAK_1000051	Site 51	https://rubalkhali.science/kb/RAK_6001105	https://rubalkhali.science/kb/RAK_7790943	https://rubalkhali.science/kb/RAK_P000349	https://rubalkhali.science/kb/RAK_4000349	35.9	Domain: Bacteria; Phylum: Pseudomonadota; Class: Gammaproteobacteria; Order: Pseudomonadales; Family: Pseudomonadaceae; Genus: Pseudomonas	0.0008876142082827086
https://rubalkhali.science/kb/RAK_3000123	Visit to Site 51 during Trip3 2024 on 2024-02-20 16:11	https://rubalkhali.science/kb/RAK_1000051	Site 51	https://rubalkhali.science/kb/RAK_6001106	https://rubalkhali.science/kb/RAK_7790944	https://rubalkhali.science/kb/RAK_P000349	https://rubalkhali.science/kb/RAK_4000349	35.9	Domain: Bacteria; Phylum: Pseudomonadota; Class: Gammaproteobacteria; Order: Pseudomonadales; Family: Pseudomonadaceae; Genus: Pseudomonas	0.0016814765267463164
https://rubalkhali.science/kb/RAK_3000123	Visit to Site 51 during Trip3 2024 on 2024-02-20 16:11	https://rubalkhali.science/kb/RAK_1000051	Site 51	https://rubalkhali.science/kb/RAK_6001107	https://rubalkhali.science/kb/RAK_7790945	https://rubalkhali.science/kb/RAK_P000349	https://rubalkhali.science/kb/RAK_4000349	35.9	Domain: Bacteria; Phylum: Pseudomonadota; Class: Gammaproteobacteria; Order: Pseudomonadales; Family: Pseudomonadaceae; Genus: Pseudomonas	0.0010537821102836584
https://rubalkhali.science/kb/RAK_3000130	Visit to Site 58 during Trip3 2024 on 2024-02-21 14:29	https://rubalkhali.science/kb/RAK_1000058	Site 58	https://rubalkhali.science/kb/RAK_6001165	https://rubalkhali.science/kb/RAK_7790964	https://rubalkhali.science/kb/RAK_P000370	https://rubalkhali.science/kb/RAK_4000370	35.6	Domain: Bacteria; Phylum: Pseudomonadota; Class: Gammaproteobacteria; Order: Pseudomonadales; Family: Pseudomonadaceae; Genus: Pseudomonas	0.002758123306629242
https://rubalkhali.science/kb/RAK_3000130	Visit to Site 58 during Trip3 2024 on 2024-02-21 14:29	https://rubalkhali.science/kb/RAK_1000058	Site 58	https://rubalkhali.science/kb/RAK_6001167	https://rubalkhali.science/kb/RAK_7790966	https://rubalkhali.science/kb/RAK_P000370	https://rubalkhali.science/kb/RAK_4000370	35.6	Domain: Bacteria; Phylum: Pseudomonadota; Class: Gammaproteobacteria; Order: Pseudomonadales; Family: Pseudomonadaceae; Genus: Pseudomonas	0.0005347515021522279
https://rubalkhali.science/kb/RAK_3000130	Visit to Site 58 during Trip3 2024 on 2024-02-21 14:29	https://rubalkhali.science/kb/RAK_1000058	Site 58	https://rubalkhali.science/kb/RAK_6001167	https://rubalkhali.science/kb/RAK_7791001	https://rubalkhali.science/kb/RAK_P000370	https://rubalkhali.science/kb/RAK_4000370	35.6	Domain: Bacteria; Phylum: Pseudomonadota; Class: Gammaproteobacteria; Order: Pseudomonadales; Family: Pseudomonadaceae; Genus: Pseudomonas	0.0005846212717107081
https://rubalkhali.science/kb/RAK_3000130	Visit to Site 58 during Trip3 2024 on 2024-02-21 14:29	https://rubalkhali.science/kb/RAK_1000058	Site 58	https://rubalkhali.science/kb/RAK_6001168	https://rubalkhali.science/kb/RAK_7790967	https://rubalkhali.science/kb/RAK_P000370	https://rubalkhali.science/kb/RAK_4000370	35.6	Domain: Bacteria; Phylum: Pseudomonadota; Class: Gammaproteobacteria; Order: Pseudomonadales; Family: Pseudomonadaceae; Genus: Pseudomonas	0.005913453105815731
https://rubalkhali.science/kb/RAK_3000130	Visit to Site 58 during Trip3 2024 on 2024-02-21 14:29	https://rubalkhali.science/kb/RAK_1000058	Site 58	https://rubalkhali.science/kb/RAK_6001169	https://rubalkhali.science/kb/RAK_7790968	https://rubalkhali.science/kb/RAK_P000370	https://rubalkhali.science/kb/RAK_4000370	35.6	Domain: Bacteria; Phylum: Pseudomonadota; Class: Gammaproteobacteria; Order: Pseudomonadales; Family: Pseudomonadaceae; Genus: Pseudomonas	0.00450090648729604
https://rubalkhali.science/kb/RAK_3000130	Visit to Site 58 during Trip3 2024 on 2024-02-21 14:29	https://rubalkhali.science/kb/RAK_1000058	Site 58	https://rubalkhali.science/kb/RAK_6001170	https://rubalkhali.science/kb/RAK_7790969	https://rubalkhali.science/kb/RAK_P000370	https://rubalkhali.science/kb/RAK_4000370	35.6	Domain: Bacteria; Phylum: Pseudomonadota; Class: Gammaproteobacteria; Order: Pseudomonadales; Family: Pseudomonadaceae; Genus: Pseudomonas	0.009387101005434937
https://rubalkhali.science/kb/RAK_3000132	Visit to Site 60 during Trip3 2024 on 2024-02-21 13:20	https://rubalkhali.science/kb/RAK_1000060	Site 60	https://rubalkhali.science/kb/RAK_6001187	https://rubalkhali.science/kb/RAK_7790979	https://rubalkhali.science/kb/RAK_P000376	https://rubalkhali.science/kb/RAK_4000376	37.1	Domain: Bacteria; Phylum: Pseudomonadota; Class: Gammaproteobacteria; Order: Pseudomonadales; Family: Pseudomonadaceae; Genus: Pseudomonas	0.0010933165961409975
https://rubalkhali.science/kb/RAK_3000132	Visit to Site 60 during Trip3 2024 on 2024-02-21 13:20	https://rubalkhali.science/kb/RAK_1000060	Site 60	https://rubalkhali.science/kb/RAK_6001187	https://rubalkhali.science/kb/RAK_7791006	https://rubalkhali.science/kb/RAK_P000376	https://rubalkhali.science/kb/RAK_4000376	37.1	Domain: Bacteria; Phylum: Pseudomonadota; Class: Gammaproteobacteria; Order: Pseudomonadales; Family: Pseudomonadaceae; Genus: Pseudomonas	0.0023410860603593057
https://rubalkhali.science/kb/RAK_3000142	Visit to Site 4 during Trip4 2024 on 2024-08-29 07:15	https://rubalkhali.science/kb/RAK_1000004	Site 4	https://rubalkhali.science/kb/RAK_6001222	https://rubalkhali.science/kb/RAK_7790041	https://rubalkhali.science/kb/RAK_P000400	https://rubalkhali.science/kb/RAK_4000400	35.11	Domain: Bacteria; Phylum: Pseudomonadota; Class: Gammaproteobacteria; Order: Pseudomonadales; Family: Pseudomonadaceae; Genus: Pseudomonas	5.6520979559958485e-05
https://rubalkhali.science/kb/RAK_3000143	Visit to Site 5 during Trip4 2024 on 2024-08-29 07:29	https://rubalkhali.science/kb/RAK_1000005	Site 5	https://rubalkhali.science/kb/RAK_6001231	https://rubalkhali.science/kb/RAK_7790044	https://rubalkhali.science/kb/RAK_P000402	https://rubalkhali.science/kb/RAK_4000402	36.67	Domain: Bacteria; Phylum: Pseudomonadota; Class: Gammaproteobacteria; Order: Pseudomonadales; Family: Pseudomonadaceae; Genus: Pseudomonas	9.651152209700235e-05
https://rubalkhali.science/kb/RAK_3000144	Visit to Site 6 during Trip4 2024 on 2024-08-29 08:07	https://rubalkhali.science/kb/RAK_1000006	Site 6	https://rubalkhali.science/kb/RAK_6001237	https://rubalkhali.science/kb/RAK_7790048	https://rubalkhali.science/kb/RAK_P000404	https://rubalkhali.science/kb/RAK_4000404	37.06	Domain: Bacteria; Phylum: Pseudomonadota; Class: Gammaproteobacteria; Order: Pseudomonadales; Family: Pseudomonadaceae; Genus: Pseudomonas	1.2572021970865596e-05
https://rubalkhali.science/kb/RAK_3000145	Visit to Site 7 during Trip4 2024 on 2024-08-29 08:32	https://rubalkhali.science/kb/RAK_1000007	Site 7	https://rubalkhali.science/kb/RAK_6001249	https://rubalkhali.science/kb/RAK_7790050	https://rubalkhali.science/kb/RAK_P000406	https://rubalkhali.science/kb/RAK_4000406	37.56	Domain: Bacteria; Phylum: Pseudomonadota; Class: Gammaproteobacteria; Order: Pseudomonadales; Family: Pseudomonadaceae; Genus: Pseudomonas	7.659072170986533e-05
https://rubalkhali.science/kb/RAK_3000146	Visit to Site 8 during Trip4 2024 on 2024-08-29 08:57	https://rubalkhali.science/kb/RAK_1000008	Site 8	https://rubalkhali.science/kb/RAK_6001255	https://rubalkhali.science/kb/RAK_7790054	https://rubalkhali.science/kb/RAK_P000408	https://rubalkhali.science/kb/RAK_4000408	37.39	Domain: Bacteria; Phylum: Pseudomonadota; Class: Gammaproteobacteria; Order: Pseudomonadales; Family: Pseudomonadaceae; Genus: Pseudomonas	1.287155111384887e-05
https://rubalkhali.science/kb/RAK_3000147	Visit to Site 9 during Trip4 2024 on 2024-08-29 09:28	https://rubalkhali.science/kb/RAK_1000009	Site 9	https://rubalkhali.science/kb/RAK_6001261	https://rubalkhali.science/kb/RAK_7790055	https://rubalkhali.science/kb/RAK_P000410	https://rubalkhali.science/kb/RAK_4000410	39.0	Domain: Bacteria; Phylum: Pseudomonadota; Class: Gammaproteobacteria; Order: Pseudomonadales; Family: Pseudomonadaceae; Genus: Pseudomonas	0.00011774575747317604
https://rubalkhali.science/kb/RAK_3000147	Visit to Site 9 during Trip4 2024 on 2024-08-29 09:28	https://rubalkhali.science/kb/RAK_1000009	Site 9	https://rubalkhali.science/kb/RAK_6001264	https://rubalkhali.science/kb/RAK_7790057	https://rubalkhali.science/kb/RAK_P000410	https://rubalkhali.science/kb/RAK_4000410	39.0	Domain: Bacteria; Phylum: Pseudomonadota; Class: Gammaproteobacteria; Order: Pseudomonadales; Family: Pseudomonadaceae; Genus: Pseudomonas	0.0005130222798247239
https://rubalkhali.science/kb/RAK_3000147	Visit to Site 9 during Trip4 2024 on 2024-08-29 09:28	https://rubalkhali.science/kb/RAK_1000009	Site 9	https://rubalkhali.science/kb/RAK_6001267	https://rubalkhali.science/kb/RAK_7790056	https://rubalkhali.science/kb/RAK_P000410	https://rubalkhali.science/kb/RAK_4000410	39.0	Domain: Bacteria; Phylum: Pseudomonadota; Class: Gammaproteobacteria; Order: Pseudomonadales; Family: Pseudomonadaceae; Genus: Pseudomonas	0.0008982096360737137
https://rubalkhali.science/kb/RAK_3000148	Visit to Site 10 during Trip4 2024 on 2024-08-29 09:50	https://rubalkhali.science/kb/RAK_1000010	Site 10	https://rubalkhali.science/kb/RAK_6001276	https://rubalkhali.science/kb/RAK_7790059	https://rubalkhali.science/kb/RAK_P000412	https://rubalkhali.science/kb/RAK_4000412	39.56	Domain: Bacteria; Phylum: Pseudomonadota; Class: Gammaproteobacteria; Order: Pseudomonadales; Family: Pseudomonadaceae; Genus: Pseudomonas	0.00011953619954576244
https://rubalkhali.science/kb/RAK_3000150	Visit to Site 12 during Trip4 2024 on 2024-08-29 10:35	https://rubalkhali.science/kb/RAK_1000012	Site 12	https://rubalkhali.science/kb/RAK_6001288	https://rubalkhali.science/kb/RAK_7790064	https://rubalkhali.science/kb/RAK_P000416	https://rubalkhali.science/kb/RAK_4000416	42.94	Domain: Bacteria; Phylum: Pseudomonadota; Class: Gammaproteobacteria; Order: Pseudomonadales; Family: Pseudomonadaceae; Genus: Pseudomonas	4.5489197099985256e-05
https://rubalkhali.science/kb/RAK_3000150	Visit to Site 12 during Trip4 2024 on 2024-08-29 10:35	https://rubalkhali.science/kb/RAK_1000012	Site 12	https://rubalkhali.science/kb/RAK_6001291	https://rubalkhali.science/kb/RAK_7790066	https://rubalkhali.science/kb/RAK_P000416	https://rubalkhali.science/kb/RAK_4000416	42.94	Domain: Bacteria; Phylum: Pseudomonadota; Class: Gammaproteobacteria; Order: Pseudomonadales; Family: Pseudomonadaceae; Genus: Pseudomonas	5.773894299241695e-05
https://rubalkhali.science/kb/RAK_3000151	Visit to Site 13 during Trip4 2024 on 2024-08-29 11:30	https://rubalkhali.science/kb/RAK_1000013	Site 13	https://rubalkhali.science/kb/RAK_6001297	https://rubalkhali.science/kb/RAK_7790067	https://rubalkhali.science/kb/RAK_P000418	https://rubalkhali.science/kb/RAK_4000418	41.94	Domain: Bacteria; Phylum: Pseudomonadota; Class: Gammaproteobacteria; Order: Pseudomonadales; Family: Pseudomonadaceae; Genus: Pseudomonas	3.3214205051216304e-06
https://rubalkhali.science/kb/RAK_3000152	Visit to Site 14 during Trip4 2024 on 2024-08-29 11:50	https://rubalkhali.science/kb/RAK_1000014	Site 14	https://rubalkhali.science/kb/RAK_6001306	https://rubalkhali.science/kb/RAK_7790070	https://rubalkhali.science/kb/RAK_P000420	https://rubalkhali.science/kb/RAK_4000420	42.56	Domain: Bacteria; Phylum: Pseudomonadota; Class: Gammaproteobacteria; Order: Pseudomonadales; Family: Pseudomonadaceae; Genus: Pseudomonas	0.0006723898942402683
https://rubalkhali.science/kb/RAK_3000152	Visit to Site 14 during Trip4 2024 on 2024-08-29 11:50	https://rubalkhali.science/kb/RAK_1000014	Site 14	https://rubalkhali.science/kb/RAK_6001309	https://rubalkhali.science/kb/RAK_7790072	https://rubalkhali.science/kb/RAK_P000420	https://rubalkhali.science/kb/RAK_4000420	42.56	Domain: Bacteria; Phylum: Pseudomonadota; Class: Gammaproteobacteria; Order: Pseudomonadales; Family: Pseudomonadaceae; Genus: Pseudomonas	1.2385434728758979e-05
https://rubalkhali.science/kb/RAK_3000153	Visit to Site 15 during Trip4 2024 on 2024-08-29 12:06	https://rubalkhali.science/kb/RAK_1000015	Site 15	https://rubalkhali.science/kb/RAK_6001315	https://rubalkhali.science/kb/RAK_7790073	https://rubalkhali.science/kb/RAK_P000422	https://rubalkhali.science/kb/RAK_4000422	44.11	Domain: Bacteria; Phylum: Pseudomonadota; Class: Gammaproteobacteria; Order: Pseudomonadales; Family: Pseudomonadaceae; Genus: Pseudomonas	3.139809434499389e-05
https://rubalkhali.science/kb/RAK_3000153	Visit to Site 15 during Trip4 2024 on 2024-08-29 12:06	https://rubalkhali.science/kb/RAK_1000015	Site 15	https://rubalkhali.science/kb/RAK_6001321	https://rubalkhali.science/kb/RAK_7790074	https://rubalkhali.science/kb/RAK_P000422	https://rubalkhali.science/kb/RAK_4000422	44.11	Domain: Bacteria; Phylum: Pseudomonadota; Class: Gammaproteobacteria; Order: Pseudomonadales; Family: Pseudomonadaceae; Genus: Pseudomonas	4.214619672720734e-05
https://rubalkhali.science/kb/RAK_3000154	Visit to Site 16 during Trip4 2024 on 2024-08-29 12:21	https://rubalkhali.science/kb/RAK_1000016	Site 16	https://rubalkhali.science/kb/RAK_6001324	https://rubalkhali.science/kb/RAK_7790076	https://rubalkhali.science/kb/RAK_P000424	https://rubalkhali.science/kb/RAK_4000424	43.5	Domain: Bacteria; Phylum: Pseudomonadota; Class: Gammaproteobacteria; Order: Pseudomonadales; Family: Pseudomonadaceae; Genus: Pseudomonas	0.00011787116260958335
https://rubalkhali.science/kb/RAK_3000154	Visit to Site 16 during Trip4 2024 on 2024-08-29 12:21	https://rubalkhali.science/kb/RAK_1000016	Site 16	https://rubalkhali.science/kb/RAK_6001327	https://rubalkhali.science/kb/RAK_7790078	https://rubalkhali.science/kb/RAK_P000424	https://rubalkhali.science/kb/RAK_4000424	43.5	Domain: Bacteria; Phylum: Pseudomonadota; Class: Gammaproteobacteria; Order: Pseudomonadales; Family: Pseudomonadaceae; Genus: Pseudomonas	0.00043200877608839516
https://rubalkhali.science/kb/RAK_3000154	Visit to Site 16 during Trip4 2024 on 2024-08-29 12:21	https://rubalkhali.science/kb/RAK_1000016	Site 16	https://rubalkhali.science/kb/RAK_6001330	https://rubalkhali.science/kb/RAK_7790077	https://rubalkhali.science/kb/RAK_P000424	https://rubalkhali.science/kb/RAK_4000424	43.5	Domain: Bacteria; Phylum: Pseudomonadota; Class: Gammaproteobacteria; Order: Pseudomonadales; Family: Pseudomonadaceae; Genus: Pseudomonas	0.00015098348967580488
https://rubalkhali.science/kb/RAK_3000155	Visit to Site 17 during Trip4 2024 on 2024-08-29 12:49	https://rubalkhali.science/kb/RAK_1000017	Site 17	https://rubalkhali.science/kb/RAK_6001333	https://rubalkhali.science/kb/RAK_7790079	https://rubalkhali.science/kb/RAK_P000426	https://rubalkhali.science/kb/RAK_4000426	43.11	Domain: Bacteria; Phylum: Pseudomonadota; Class: Gammaproteobacteria; Order: Pseudomonadales; Family: Pseudomonadaceae; Genus: Pseudomonas	3.448104117419439e-05
https://rubalkhali.science/kb/RAK_3000155	Visit to Site 17 during Trip4 2024 on 2024-08-29 12:49	https://rubalkhali.science/kb/RAK_1000017	Site 17	https://rubalkhali.science/kb/RAK_6001336	https://rubalkhali.science/kb/RAK_7790081	https://rubalkhali.science/kb/RAK_P000426	https://rubalkhali.science/kb/RAK_4000426	43.11	Domain: Bacteria; Phylum: Pseudomonadota; Class: Gammaproteobacteria; Order: Pseudomonadales; Family: Pseudomonadaceae; Genus: Pseudomonas	0.0009816190280518909
https://rubalkhali.science/kb/RAK_3000155	Visit to Site 17 during Trip4 2024 on 2024-08-29 12:49	https://rubalkhali.science/kb/RAK_1000017	Site 17	https://rubalkhali.science/kb/RAK_6001339	https://rubalkhali.science/kb/RAK_7790080	https://rubalkhali.science/kb/RAK_P000426	https://rubalkhali.science/kb/RAK_4000426	43.11	Domain: Bacteria; Phylum: Pseudomonadota; Class: Gammaproteobacteria; Order: Pseudomonadales; Family: Pseudomonadaceae; Genus: Pseudomonas	0.0007015495539783493
https://rubalkhali.science/kb/RAK_3000156	Visit to Site 18 during Trip4 2024 on 2024-08-29 13:24	https://rubalkhali.science/kb/RAK_1000018	Site 18	https://rubalkhali.science/kb/RAK_6001345	https://rubalkhali.science/kb/RAK_7790528	https://rubalkhali.science/kb/RAK_P000428	https://rubalkhali.science/kb/RAK_4000428	43.83	Domain: Bacteria; Phylum: Pseudomonadota; Class: Gammaproteobacteria; Order: Pseudomonadales; Family: Pseudomonadaceae; Genus: Pseudomonas	0.00015637372655225877
https://rubalkhali.science/kb/RAK_3000156	Visit to Site 18 during Trip4 2024 on 2024-08-29 13:24	https://rubalkhali.science/kb/RAK_1000018	Site 18	https://rubalkhali.science/kb/RAK_6001348	https://rubalkhali.science/kb/RAK_7790529	https://rubalkhali.science/kb/RAK_P000428	https://rubalkhali.science/kb/RAK_4000428	43.83	Domain: Bacteria; Phylum: Pseudomonadota; Class: Gammaproteobacteria; Order: Pseudomonadales; Family: Pseudomonadaceae; Genus: Pseudomonas	0.0011306248586718927
https://rubalkhali.science/kb/RAK_3000157	Visit to Site 19 during Trip4 2024 on 2024-08-29 13:52	https://rubalkhali.science/kb/RAK_1000019	Site 19	https://rubalkhali.science/kb/RAK_6001351	https://rubalkhali.science/kb/RAK_7790082	https://rubalkhali.science/kb/RAK_P000430	https://rubalkhali.science/kb/RAK_4000430	42.83	Domain: Bacteria; Phylum: Pseudomonadota; Class: Gammaproteobacteria; Order: Pseudomonadales; Family: Pseudomonadaceae; Genus: Pseudomonas	0.0002392044061451612
https://rubalkhali.science/kb/RAK_3000157	Visit to Site 19 during Trip4 2024 on 2024-08-29 13:52	https://rubalkhali.science/kb/RAK_1000019	Site 19	https://rubalkhali.science/kb/RAK_6001354	https://rubalkhali.science/kb/RAK_7790084	https://rubalkhali.science/kb/RAK_P000430	https://rubalkhali.science/kb/RAK_4000430	42.83	Domain: Bacteria; Phylum: Pseudomonadota; Class: Gammaproteobacteria; Order: Pseudomonadales; Family: Pseudomonadaceae; Genus: Pseudomonas	0.00017809071753687415
https://rubalkhali.science/kb/RAK_3000157	Visit to Site 19 during Trip4 2024 on 2024-08-29 13:52	https://rubalkhali.science/kb/RAK_1000019	Site 19	https://rubalkhali.science/kb/RAK_6001357	https://rubalkhali.science/kb/RAK_7790083	https://rubalkhali.science/kb/RAK_P000430	https://rubalkhali.science/kb/RAK_4000430	42.83	Domain: Bacteria; Phylum: Pseudomonadota; Class: Gammaproteobacteria; Order: Pseudomonadales; Family: Pseudomonadaceae; Genus: Pseudomonas	0.002398708022609604
https://rubalkhali.science/kb/RAK_3000158	Visit to Site 20 during Trip4 2024 on 2024-08-29 13:57	https://rubalkhali.science/kb/RAK_1000020	Site 20	https://rubalkhali.science/kb/RAK_6001360	https://rubalkhali.science/kb/RAK_7790085	https://rubalkhali.science/kb/RAK_P000432	https://rubalkhali.science/kb/RAK_4000432	41.94	Domain: Bacteria; Phylum: Pseudomonadota; Class: Gammaproteobacteria; Order: Pseudomonadales; Family: Pseudomonadaceae; Genus: Pseudomonas	0.00042206628079700866
https://rubalkhali.science/kb/RAK_3000158	Visit to Site 20 during Trip4 2024 on 2024-08-29 13:57	https://rubalkhali.science/kb/RAK_1000020	Site 20	https://rubalkhali.science/kb/RAK_6001363	https://rubalkhali.science/kb/RAK_7790087	https://rubalkhali.science/kb/RAK_P000432	https://rubalkhali.science/kb/RAK_4000432	41.94	Domain: Bacteria; Phylum: Pseudomonadota; Class: Gammaproteobacteria; Order: Pseudomonadales; Family: Pseudomonadaceae; Genus: Pseudomonas	0.00028291464031636877
https://rubalkhali.science/kb/RAK_3000158	Visit to Site 20 during Trip4 2024 on 2024-08-29 13:57	https://rubalkhali.science/kb/RAK_1000020	Site 20	https://rubalkhali.science/kb/RAK_6001366	https://rubalkhali.science/kb/RAK_7790086	https://rubalkhali.science/kb/RAK_P000432	https://rubalkhali.science/kb/RAK_4000432	41.94	Domain: Bacteria; Phylum: Pseudomonadota; Class: Gammaproteobacteria; Order: Pseudomonadales; Family: Pseudomonadaceae; Genus: Pseudomonas	4.030186093842883e-05
https://rubalkhali.science/kb/RAK_3000159	Visit to Site 21 during Trip4 2024 on 2024-08-29 14:32	https://rubalkhali.science/kb/RAK_1000021	Site 21	https://rubalkhali.science/kb/RAK_6001369	https://rubalkhali.science/kb/RAK_7790088	https://rubalkhali.science/kb/RAK_P000434	https://rubalkhali.science/kb/RAK_4000434	41.72	Domain: Bacteria; Phylum: Pseudomonadota; Class: Gammaproteobacteria; Order: Pseudomonadales; Family: Pseudomonadaceae; Genus: Pseudomonas	0.002608096276011103
https://rubalkhali.science/kb/RAK_3000159	Visit to Site 21 during Trip4 2024 on 2024-08-29 14:32	https://rubalkhali.science/kb/RAK_1000021	Site 21	https://rubalkhali.science/kb/RAK_6001372	https://rubalkhali.science/kb/RAK_7790090	https://rubalkhali.science/kb/RAK_P000434	https://rubalkhali.science/kb/RAK_4000434	41.72	Domain: Bacteria; Phylum: Pseudomonadota; Class: Gammaproteobacteria; Order: Pseudomonadales; Family: Pseudomonadaceae; Genus: Pseudomonas	0.010230867249352986
https://rubalkhali.science/kb/RAK_3000159	Visit to Site 21 during Trip4 2024 on 2024-08-29 14:32	https://rubalkhali.science/kb/RAK_1000021	Site 21	https://rubalkhali.science/kb/RAK_6001375	https://rubalkhali.science/kb/RAK_7790089	https://rubalkhali.science/kb/RAK_P000434	https://rubalkhali.science/kb/RAK_4000434	41.72	Domain: Bacteria; Phylum: Pseudomonadota; Class: Gammaproteobacteria; Order: Pseudomonadales; Family: Pseudomonadaceae; Genus: Pseudomonas	0.02974939486614584
https://rubalkhali.science/kb/RAK_3000160	Visit to Site 22 during Trip4 2024 on 2024-08-29 14:50	https://rubalkhali.science/kb/RAK_1000022	Site 22	https://rubalkhali.science/kb/RAK_6001378	https://rubalkhali.science/kb/RAK_7790091	https://rubalkhali.science/kb/RAK_P000436	https://rubalkhali.science/kb/RAK_4000436	43.33	Domain: Bacteria; Phylum: Pseudomonadota; Class: Gammaproteobacteria; Order: Pseudomonadales; Family: Pseudomonadaceae; Genus: Pseudomonas	0.0005711082009464079
https://rubalkhali.science/kb/RAK_3000160	Visit to Site 22 during Trip4 2024 on 2024-08-29 14:50	https://rubalkhali.science/kb/RAK_1000022	Site 22	https://rubalkhali.science/kb/RAK_6001381	https://rubalkhali.science/kb/RAK_7790093	https://rubalkhali.science/kb/RAK_P000436	https://rubalkhali.science/kb/RAK_4000436	43.33	Domain: Bacteria; Phylum: Pseudomonadota; Class: Gammaproteobacteria; Order: Pseudomonadales; Family: Pseudomonadaceae; Genus: Pseudomonas	0.00017212246392094973
https://rubalkhali.science/kb/RAK_3000162	Visit to Site 24 during Trip4 2024 on 2024-08-29 15:55	https://rubalkhali.science/kb/RAK_1000024	Site 24	https://rubalkhali.science/kb/RAK_6001399	https://rubalkhali.science/kb/RAK_7790099	https://rubalkhali.science/kb/RAK_P000440	https://rubalkhali.science/kb/RAK_4000440	43.17	Domain: Bacteria; Phylum: Pseudomonadota; Class: Gammaproteobacteria; Order: Pseudomonadales; Family: Pseudomonadaceae; Genus: Pseudomonas	0.0015997878734311472
https://rubalkhali.science/kb/RAK_3000162	Visit to Site 24 during Trip4 2024 on 2024-08-29 15:55	https://rubalkhali.science/kb/RAK_1000024	Site 24	https://rubalkhali.science/kb/RAK_6001402	https://rubalkhali.science/kb/RAK_7790098	https://rubalkhali.science/kb/RAK_P000440	https://rubalkhali.science/kb/RAK_4000440	43.17	Domain: Bacteria; Phylum: Pseudomonadota; Class: Gammaproteobacteria; Order: Pseudomonadales; Family: Pseudomonadaceae; Genus: Pseudomonas	0.0008224154116158525
https://rubalkhali.science/kb/RAK_3000163	Visit to Site 25 during Trip4 2024 on 2024-08-29 16:45	https://rubalkhali.science/kb/RAK_1000025	Site 25	https://rubalkhali.science/kb/RAK_6001405	https://rubalkhali.science/kb/RAK_7790100	https://rubalkhali.science/kb/RAK_P000442	https://rubalkhali.science/kb/RAK_4000442	43.5	Domain: Bacteria; Phylum: Pseudomonadota; Class: Gammaproteobacteria; Order: Pseudomonadales; Family: Pseudomonadaceae; Genus: Pseudomonas	0.0014065999624563812
https://rubalkhali.science/kb/RAK_3000163	Visit to Site 25 during Trip4 2024 on 2024-08-29 16:45	https://rubalkhali.science/kb/RAK_1000025	Site 25	https://rubalkhali.science/kb/RAK_6001408	https://rubalkhali.science/kb/RAK_7790102	https://rubalkhali.science/kb/RAK_P000442	https://rubalkhali.science/kb/RAK_4000442	43.5	Domain: Bacteria; Phylum: Pseudomonadota; Class: Gammaproteobacteria; Order: Pseudomonadales; Family: Pseudomonadaceae; Genus: Pseudomonas	0.0037411283698992035
https://rubalkhali.science/kb/RAK_3000164	Visit to Site 26 during Trip4 2024 on 2024-08-29 17:02	https://rubalkhali.science/kb/RAK_1000026	Site 26	https://rubalkhali.science/kb/RAK_6001414	https://rubalkhali.science/kb/RAK_7790103	https://rubalkhali.science/kb/RAK_P000444	https://rubalkhali.science/kb/RAK_4000444	42.83	Domain: Bacteria; Phylum: Pseudomonadota; Class: Gammaproteobacteria; Order: Pseudomonadales; Family: Pseudomonadaceae; Genus: Pseudomonas	0.0028898517388901796
https://rubalkhali.science/kb/RAK_3000164	Visit to Site 26 during Trip4 2024 on 2024-08-29 17:02	https://rubalkhali.science/kb/RAK_1000026	Site 26	https://rubalkhali.science/kb/RAK_6001417	https://rubalkhali.science/kb/RAK_7790105	https://rubalkhali.science/kb/RAK_P000444	https://rubalkhali.science/kb/RAK_4000444	42.83	Domain: Bacteria; Phylum: Pseudomonadota; Class: Gammaproteobacteria; Order: Pseudomonadales; Family: Pseudomonadaceae; Genus: Pseudomonas	0.00535317528139268
https://rubalkhali.science/kb/RAK_3000164	Visit to Site 26 during Trip4 2024 on 2024-08-29 17:02	https://rubalkhali.science/kb/RAK_1000026	Site 26	https://rubalkhali.science/kb/RAK_6001420	https://rubalkhali.science/kb/RAK_7790104	https://rubalkhali.science/kb/RAK_P000444	https://rubalkhali.science/kb/RAK_4000444	42.83	Domain: Bacteria; Phylum: Pseudomonadota; Class: Gammaproteobacteria; Order: Pseudomonadales; Family: Pseudomonadaceae; Genus: Pseudomonas	0.04891488960181166
https://rubalkhali.science/kb/RAK_3000165	Visit to Site 27 during Trip4 2024 on 2024-08-29 17:28	https://rubalkhali.science/kb/RAK_1000027	Site 27	https://rubalkhali.science/kb/RAK_6001423	https://rubalkhali.science/kb/RAK_7790106	https://rubalkhali.science/kb/RAK_P000446	https://rubalkhali.science/kb/RAK_4000446	41.83	Domain: Bacteria; Phylum: Pseudomonadota; Class: Gammaproteobacteria; Order: Pseudomonadales; Family: Pseudomonadaceae; Genus: Pseudomonas	5.890784848901369e-06
https://rubalkhali.science/kb/RAK_3000165	Visit to Site 27 during Trip4 2024 on 2024-08-29 17:28	https://rubalkhali.science/kb/RAK_1000027	Site 27	https://rubalkhali.science/kb/RAK_6001426	https://rubalkhali.science/kb/RAK_7790108	https://rubalkhali.science/kb/RAK_P000446	https://rubalkhali.science/kb/RAK_4000446	41.83	Domain: Bacteria; Phylum: Pseudomonadota; Class: Gammaproteobacteria; Order: Pseudomonadales; Family: Pseudomonadaceae; Genus: Pseudomonas	0.0022864168877099913
https://rubalkhali.science/kb/RAK_3000165	Visit to Site 27 during Trip4 2024 on 2024-08-29 17:28	https://rubalkhali.science/kb/RAK_1000027	Site 27	https://rubalkhali.science/kb/RAK_6001429	https://rubalkhali.science/kb/RAK_7790107	https://rubalkhali.science/kb/RAK_P000446	https://rubalkhali.science/kb/RAK_4000446	41.83	Domain: Bacteria; Phylum: Pseudomonadota; Class: Gammaproteobacteria; Order: Pseudomonadales; Family: Pseudomonadaceae; Genus: Pseudomonas	0.0005283599265275412
https://rubalkhali.science/kb/RAK_3000166	Visit to Site 28 during Trip4 2024 on 2024-08-29 17:56	https://rubalkhali.science/kb/RAK_1000028	Site 28	https://rubalkhali.science/kb/RAK_6001433	https://rubalkhali.science/kb/RAK_7790109	https://rubalkhali.science/kb/RAK_P000448	https://rubalkhali.science/kb/RAK_4000448	40.83	Domain: Bacteria; Phylum: Pseudomonadota; Class: Gammaproteobacteria; Order: Pseudomonadales; Family: Pseudomonadaceae; Genus: Pseudomonas	4.924068623610909e-05
https://rubalkhali.science/kb/RAK_3000166	Visit to Site 28 during Trip4 2024 on 2024-08-29 17:56	https://rubalkhali.science/kb/RAK_1000028	Site 28	https://rubalkhali.science/kb/RAK_6001435	https://rubalkhali.science/kb/RAK_7790111	https://rubalkhali.science/kb/RAK_P000448	https://rubalkhali.science/kb/RAK_4000448	40.83	Domain: Bacteria; Phylum: Pseudomonadota; Class: Gammaproteobacteria; Order: Pseudomonadales; Family: Pseudomonadaceae; Genus: Pseudomonas	0.0024093953805204796
https://rubalkhali.science/kb/RAK_3000166	Visit to Site 28 during Trip4 2024 on 2024-08-29 17:56	https://rubalkhali.science/kb/RAK_1000028	Site 28	https://rubalkhali.science/kb/RAK_6001438	https://rubalkhali.science/kb/RAK_7790110	https://rubalkhali.science/kb/RAK_P000448	https://rubalkhali.science/kb/RAK_4000448	40.83	Domain: Bacteria; Phylum: Pseudomonadota; Class: Gammaproteobacteria; Order: Pseudomonadales; Family: Pseudomonadaceae; Genus: Pseudomonas	0.004204245108799577
https://rubalkhali.science/kb/RAK_3000167	Visit to Site 29 during Trip4 2024 on 2024-08-29 18:21	https://rubalkhali.science/kb/RAK_1000029	Site 29	https://rubalkhali.science/kb/RAK_6001441	https://rubalkhali.science/kb/RAK_7790112	https://rubalkhali.science/kb/RAK_P000450	https://rubalkhali.science/kb/RAK_4000450	40.78	Domain: Bacteria; Phylum: Pseudomonadota; Class: Gammaproteobacteria; Order: Pseudomonadales; Family: Pseudomonadaceae; Genus: Pseudomonas	0.00022601934725612513
https://rubalkhali.science/kb/RAK_3000167	Visit to Site 29 during Trip4 2024 on 2024-08-29 18:21	https://rubalkhali.science/kb/RAK_1000029	Site 29	https://rubalkhali.science/kb/RAK_6001444	https://rubalkhali.science/kb/RAK_7790114	https://rubalkhali.science/kb/RAK_P000450	https://rubalkhali.science/kb/RAK_4000450	40.78	Domain: Bacteria; Phylum: Pseudomonadota; Class: Gammaproteobacteria; Order: Pseudomonadales; Family: Pseudomonadaceae; Genus: Pseudomonas	0.0017424893089849494
https://rubalkhali.science/kb/RAK_3000167	Visit to Site 29 during Trip4 2024 on 2024-08-29 18:21	https://rubalkhali.science/kb/RAK_1000029	Site 29	https://rubalkhali.science/kb/RAK_6001447	https://rubalkhali.science/kb/RAK_7790113	https://rubalkhali.science/kb/RAK_P000450	https://rubalkhali.science/kb/RAK_4000450	40.78	Domain: Bacteria; Phylum: Pseudomonadota; Class: Gammaproteobacteria; Order: Pseudomonadales; Family: Pseudomonadaceae; Genus: Pseudomonas	8.125933918099614e-05
https://rubalkhali.science/kb/RAK_3000168	Visit to Site 30 during Trip4 2024 on 2024-08-30 05:51	https://rubalkhali.science/kb/RAK_1000030	Site 30	https://rubalkhali.science/kb/RAK_6001450	https://rubalkhali.science/kb/RAK_7790115	https://rubalkhali.science/kb/RAK_P000452	https://rubalkhali.science/kb/RAK_4000452	36.5	Domain: Bacteria; Phylum: Pseudomonadota; Class: Gammaproteobacteria; Order: Pseudomonadales; Family: Pseudomonadaceae; Genus: Pseudomonas	0.0002934472671569758
https://rubalkhali.science/kb/RAK_3000168	Visit to Site 30 during Trip4 2024 on 2024-08-30 05:51	https://rubalkhali.science/kb/RAK_1000030	Site 30	https://rubalkhali.science/kb/RAK_6001453	https://rubalkhali.science/kb/RAK_7790117	https://rubalkhali.science/kb/RAK_P000452	https://rubalkhali.science/kb/RAK_4000452	36.5	Domain: Bacteria; Phylum: Pseudomonadota; Class: Gammaproteobacteria; Order: Pseudomonadales; Family: Pseudomonadaceae; Genus: Pseudomonas	4.986816104922611e-05
https://rubalkhali.science/kb/RAK_3000168	Visit to Site 30 during Trip4 2024 on 2024-08-30 05:51	https://rubalkhali.science/kb/RAK_1000030	Site 30	https://rubalkhali.science/kb/RAK_6001456	https://rubalkhali.science/kb/RAK_7790116	https://rubalkhali.science/kb/RAK_P000452	https://rubalkhali.science/kb/RAK_4000452	36.5	Domain: Bacteria; Phylum: Pseudomonadota; Class: Gammaproteobacteria; Order: Pseudomonadales; Family: Pseudomonadaceae; Genus: Pseudomonas	0.0005111339776311631
https://rubalkhali.science/kb/RAK_3000169	Visit to Site 31 during Trip4 2024 on 2024-08-30 06:08	https://rubalkhali.science/kb/RAK_1000031	Site 31	https://rubalkhali.science/kb/RAK_6001462	https://rubalkhali.science/kb/RAK_7790120	https://rubalkhali.science/kb/RAK_P000454	https://rubalkhali.science/kb/RAK_4000454	35.89	Domain: Bacteria; Phylum: Pseudomonadota; Class: Gammaproteobacteria; Order: Pseudomonadales; Family: Pseudomonadaceae; Genus: Pseudomonas	0.00019986318308929985
https://rubalkhali.science/kb/RAK_3000169	Visit to Site 31 during Trip4 2024 on 2024-08-30 06:08	https://rubalkhali.science/kb/RAK_1000031	Site 31	https://rubalkhali.science/kb/RAK_6001465	https://rubalkhali.science/kb/RAK_7790119	https://rubalkhali.science/kb/RAK_P000454	https://rubalkhali.science/kb/RAK_4000454	35.89	Domain: Bacteria; Phylum: Pseudomonadota; Class: Gammaproteobacteria; Order: Pseudomonadales; Family: Pseudomonadaceae; Genus: Pseudomonas	0.00027728482697426796
https://rubalkhali.science/kb/RAK_3000171	Visit to Site 33 during Trip4 2024 on 2024-08-30 06:50	https://rubalkhali.science/kb/RAK_1000033	Site 33	https://rubalkhali.science/kb/RAK_6001480	https://rubalkhali.science/kb/RAK_7790126	https://rubalkhali.science/kb/RAK_P000458	https://rubalkhali.science/kb/RAK_4000458	35.89	Domain: Bacteria; Phylum: Pseudomonadota; Class: Gammaproteobacteria; Order: Pseudomonadales; Family: Pseudomonadaceae; Genus: Pseudomonas	0.02702596256852984
https://rubalkhali.science/kb/RAK_3000171	Visit to Site 33 during Trip4 2024 on 2024-08-30 06:50	https://rubalkhali.science/kb/RAK_1000033	Site 33	https://rubalkhali.science/kb/RAK_6001483	https://rubalkhali.science/kb/RAK_7790125	https://rubalkhali.science/kb/RAK_P000458	https://rubalkhali.science/kb/RAK_4000458	35.89	Domain: Bacteria; Phylum: Pseudomonadota; Class: Gammaproteobacteria; Order: Pseudomonadales; Family: Pseudomonadaceae; Genus: Pseudomonas	3.6230514284274066e-05
https://rubalkhali.science/kb/RAK_3000172	Visit to Site 34 during Trip4 2024 on 2024-08-30 07:11	https://rubalkhali.science/kb/RAK_1000034	Site 34	https://rubalkhali.science/kb/RAK_6001492	https://rubalkhali.science/kb/RAK_7790127	https://rubalkhali.science/kb/RAK_P000460	https://rubalkhali.science/kb/RAK_4000460	36.39	Domain: Bacteria; Phylum: Pseudomonadota; Class: Gammaproteobacteria; Order: Pseudomonadales; Family: Pseudomonadaceae; Genus: Pseudomonas	0.10679195136498237
https://rubalkhali.science/kb/RAK_3000173	Visit to Site 35 during Trip4 2024 on 2024-08-30 07:25	https://rubalkhali.science/kb/RAK_1000035	Site 35	https://rubalkhali.science/kb/RAK_6001498	https://rubalkhali.science/kb/RAK_7790131	https://rubalkhali.science/kb/RAK_P000462	https://rubalkhali.science/kb/RAK_4000462	38.5	Domain: Bacteria; Phylum: Pseudomonadota; Class: Gammaproteobacteria; Order: Pseudomonadales; Family: Pseudomonadaceae; Genus: Pseudomonas	0.0014284656313732639
https://rubalkhali.science/kb/RAK_3000173	Visit to Site 35 during Trip4 2024 on 2024-08-30 07:25	https://rubalkhali.science/kb/RAK_1000035	Site 35	https://rubalkhali.science/kb/RAK_6001501	https://rubalkhali.science/kb/RAK_7790130	https://rubalkhali.science/kb/RAK_P000462	https://rubalkhali.science/kb/RAK_4000462	38.5	Domain: Bacteria; Phylum: Pseudomonadota; Class: Gammaproteobacteria; Order: Pseudomonadales; Family: Pseudomonadaceae; Genus: Pseudomonas	0.00014324061845569425
https://rubalkhali.science/kb/RAK_3000174	Visit to Site 36 during Trip4 2024 on 2024-08-30 08:01	https://rubalkhali.science/kb/RAK_1000036	Site 36	https://rubalkhali.science/kb/RAK_6001507	https://rubalkhali.science/kb/RAK_7790134	https://rubalkhali.science/kb/RAK_P000464	https://rubalkhali.science/kb/RAK_4000464	39.28	Domain: Bacteria; Phylum: Pseudomonadota; Class: Gammaproteobacteria; Order: Pseudomonadales; Family: Pseudomonadaceae; Genus: Pseudomonas	0.0038709769067224783
https://rubalkhali.science/kb/RAK_3000174	Visit to Site 36 during Trip4 2024 on 2024-08-30 08:01	https://rubalkhali.science/kb/RAK_1000036	Site 36	https://rubalkhali.science/kb/RAK_6001510	https://rubalkhali.science/kb/RAK_7790133	https://rubalkhali.science/kb/RAK_P000464	https://rubalkhali.science/kb/RAK_4000464	39.28	Domain: Bacteria; Phylum: Pseudomonadota; Class: Gammaproteobacteria; Order: Pseudomonadales; Family: Pseudomonadaceae; Genus: Pseudomonas	0.018239532423036227
https://rubalkhali.science/kb/RAK_3000175	Visit to Site 37 during Trip4 2024 on 2024-08-30 08:47	https://rubalkhali.science/kb/RAK_1000037	Site 37	https://rubalkhali.science/kb/RAK_6001513	https://rubalkhali.science/kb/RAK_7790135	https://rubalkhali.science/kb/RAK_P000466	https://rubalkhali.science/kb/RAK_4000466	39.44	Domain: Bacteria; Phylum: Pseudomonadota; Class: Gammaproteobacteria; Order: Pseudomonadales; Family: Pseudomonadaceae; Genus: Pseudomonas	0.0003696299004041423
https://rubalkhali.science/kb/RAK_3000175	Visit to Site 37 during Trip4 2024 on 2024-08-30 08:47	https://rubalkhali.science/kb/RAK_1000037	Site 37	https://rubalkhali.science/kb/RAK_6001516	https://rubalkhali.science/kb/RAK_7790137	https://rubalkhali.science/kb/RAK_P000466	https://rubalkhali.science/kb/RAK_4000466	39.44	Domain: Bacteria; Phylum: Pseudomonadota; Class: Gammaproteobacteria; Order: Pseudomonadales; Family: Pseudomonadaceae; Genus: Pseudomonas	0.005447215851626045
https://rubalkhali.science/kb/RAK_3000175	Visit to Site 37 during Trip4 2024 on 2024-08-30 08:47	https://rubalkhali.science/kb/RAK_1000037	Site 37	https://rubalkhali.science/kb/RAK_6001519	https://rubalkhali.science/kb/RAK_7790136	https://rubalkhali.science/kb/RAK_P000466	https://rubalkhali.science/kb/RAK_4000466	39.44	Domain: Bacteria; Phylum: Pseudomonadota; Class: Gammaproteobacteria; Order: Pseudomonadales; Family: Pseudomonadaceae; Genus: Pseudomonas	0.0016612437560148481
https://rubalkhali.science/kb/RAK_3000176	Visit to Site 38 during Trip4 2024 on 2024-08-30 09:14	https://rubalkhali.science/kb/RAK_1000038	Site 38	https://rubalkhali.science/kb/RAK_6001525	https://rubalkhali.science/kb/RAK_7790140	https://rubalkhali.science/kb/RAK_P000468	https://rubalkhali.science/kb/RAK_4000468	41.06	Domain: Bacteria; Phylum: Pseudomonadota; Class: Gammaproteobacteria; Order: Pseudomonadales; Family: Pseudomonadaceae; Genus: Pseudomonas	0.0008297337530809967
https://rubalkhali.science/kb/RAK_3000176	Visit to Site 38 during Trip4 2024 on 2024-08-30 09:14	https://rubalkhali.science/kb/RAK_1000038	Site 38	https://rubalkhali.science/kb/RAK_6001528	https://rubalkhali.science/kb/RAK_7790139	https://rubalkhali.science/kb/RAK_P000468	https://rubalkhali.science/kb/RAK_4000468	41.06	Domain: Bacteria; Phylum: Pseudomonadota; Class: Gammaproteobacteria; Order: Pseudomonadales; Family: Pseudomonadaceae; Genus: Pseudomonas	0.00026294412906800393
https://rubalkhali.science/kb/RAK_3000177	Visit to Site 39 during Trip4 2024 on 2024-08-30 09:20	https://rubalkhali.science/kb/RAK_1000039	Site 39	https://rubalkhali.science/kb/RAK_6001534	https://rubalkhali.science/kb/RAK_7790143	https://rubalkhali.science/kb/RAK_P000470	https://rubalkhali.science/kb/RAK_4000470	42.44	Domain: Bacteria; Phylum: Pseudomonadota; Class: Gammaproteobacteria; Order: Pseudomonadales; Family: Pseudomonadaceae; Genus: Pseudomonas	0.0016798808811738803
https://rubalkhali.science/kb/RAK_3000177	Visit to Site 39 during Trip4 2024 on 2024-08-30 09:20	https://rubalkhali.science/kb/RAK_1000039	Site 39	https://rubalkhali.science/kb/RAK_6001537	https://rubalkhali.science/kb/RAK_7790142	https://rubalkhali.science/kb/RAK_P000470	https://rubalkhali.science/kb/RAK_4000470	42.44	Domain: Bacteria; Phylum: Pseudomonadota; Class: Gammaproteobacteria; Order: Pseudomonadales; Family: Pseudomonadaceae; Genus: Pseudomonas	0.0003290220104379396
https://rubalkhali.science/kb/RAK_3000179	Visit to Site 41 during Trip4 2024 on 2024-08-30 10:25	https://rubalkhali.science/kb/RAK_1000041	Site 41	https://rubalkhali.science/kb/RAK_6001552	https://rubalkhali.science/kb/RAK_7790148	https://rubalkhali.science/kb/RAK_P000474	https://rubalkhali.science/kb/RAK_4000474	43.17	Domain: Bacteria; Phylum: Pseudomonadota; Class: Gammaproteobacteria; Order: Pseudomonadales; Family: Pseudomonadaceae; Genus: Pseudomonas	0.00013135850535555087
https://rubalkhali.science/kb/RAK_3000179	Visit to Site 41 during Trip4 2024 on 2024-08-30 10:25	https://rubalkhali.science/kb/RAK_1000041	Site 41	https://rubalkhali.science/kb/RAK_6001555	https://rubalkhali.science/kb/RAK_7790147	https://rubalkhali.science/kb/RAK_P000474	https://rubalkhali.science/kb/RAK_4000474	43.17	Domain: Bacteria; Phylum: Pseudomonadota; Class: Gammaproteobacteria; Order: Pseudomonadales; Family: Pseudomonadaceae; Genus: Pseudomonas	0.005157170923379175
https://rubalkhali.science/kb/RAK_3000180	Visit to Site 42 during Trip4 2024 on 2024-08-30 10:50	https://rubalkhali.science/kb/RAK_1000042	Site 42	https://rubalkhali.science/kb/RAK_6001561	https://rubalkhali.science/kb/RAK_7790151	https://rubalkhali.science/kb/RAK_P000476	https://rubalkhali.science/kb/RAK_4000476	43.67	Domain: Bacteria; Phylum: Pseudomonadota; Class: Gammaproteobacteria; Order: Pseudomonadales; Family: Pseudomonadaceae; Genus: Pseudomonas	0.00023012850538663626
https://rubalkhali.science/kb/RAK_3000182	Visit to Site 44 during Trip4 2024 on 2024-08-30 11:40	https://rubalkhali.science/kb/RAK_1000044	Site 44	https://rubalkhali.science/kb/RAK_6001579	https://rubalkhali.science/kb/RAK_7790157	https://rubalkhali.science/kb/RAK_P000480	https://rubalkhali.science/kb/RAK_4000480	41.94	Domain: Bacteria; Phylum: Pseudomonadota; Class: Gammaproteobacteria; Order: Pseudomonadales; Family: Pseudomonadaceae; Genus: Pseudomonas	1.9842343561159513e-05
https://rubalkhali.science/kb/RAK_3000183	Visit to Site 45 during Trip4 2024 on 2024-08-30 12:12	https://rubalkhali.science/kb/RAK_1000045	Site 45	https://rubalkhali.science/kb/RAK_6001585	https://rubalkhali.science/kb/RAK_7790158	https://rubalkhali.science/kb/RAK_P000482	https://rubalkhali.science/kb/RAK_4000482	40.94	Domain: Bacteria; Phylum: Pseudomonadota; Class: Gammaproteobacteria; Order: Pseudomonadales; Family: Pseudomonadaceae; Genus: Pseudomonas	1.821337699686912e-05
https://rubalkhali.science/kb/RAK_3000183	Visit to Site 45 during Trip4 2024 on 2024-08-30 12:12	https://rubalkhali.science/kb/RAK_1000045	Site 45	https://rubalkhali.science/kb/RAK_6001588	https://rubalkhali.science/kb/RAK_7790160	https://rubalkhali.science/kb/RAK_P000482	https://rubalkhali.science/kb/RAK_4000482	40.94	Domain: Bacteria; Phylum: Pseudomonadota; Class: Gammaproteobacteria; Order: Pseudomonadales; Family: Pseudomonadaceae; Genus: Pseudomonas	0.0001518468582718159
https://rubalkhali.science/kb/RAK_3000183	Visit to Site 45 during Trip4 2024 on 2024-08-30 12:12	https://rubalkhali.science/kb/RAK_1000045	Site 45	https://rubalkhali.science/kb/RAK_6001591	https://rubalkhali.science/kb/RAK_7790159	https://rubalkhali.science/kb/RAK_P000482	https://rubalkhali.science/kb/RAK_4000482	40.94	Domain: Bacteria; Phylum: Pseudomonadota; Class: Gammaproteobacteria; Order: Pseudomonadales; Family: Pseudomonadaceae; Genus: Pseudomonas	0.00024043599059628127
https://rubalkhali.science/kb/RAK_3000184	Visit to Site 46 during Trip4 2024 on 2024-08-30 12:22	https://rubalkhali.science/kb/RAK_1000046	Site 46	https://rubalkhali.science/kb/RAK_6001597	https://rubalkhali.science/kb/RAK_7790163	https://rubalkhali.science/kb/RAK_P000484	https://rubalkhali.science/kb/RAK_4000484	44.0	Domain: Bacteria; Phylum: Pseudomonadota; Class: Gammaproteobacteria; Order: Pseudomonadales; Family: Pseudomonadaceae; Genus: Pseudomonas	0.006246281975014872
https://rubalkhali.science/kb/RAK_3000184	Visit to Site 46 during Trip4 2024 on 2024-08-30 12:22	https://rubalkhali.science/kb/RAK_1000046	Site 46	https://rubalkhali.science/kb/RAK_6001600	https://rubalkhali.science/kb/RAK_7790162	https://rubalkhali.science/kb/RAK_P000484	https://rubalkhali.science/kb/RAK_4000484	44.0	Domain: Bacteria; Phylum: Pseudomonadota; Class: Gammaproteobacteria; Order: Pseudomonadales; Family: Pseudomonadaceae; Genus: Pseudomonas	0.0011364334418576079
https://rubalkhali.science/kb/RAK_3000187	Visit to Site 49 during Trip4 2024 on 2024-08-30 14:28	https://rubalkhali.science/kb/RAK_1000049	Site 49	https://rubalkhali.science/kb/RAK_6001621	https://rubalkhali.science/kb/RAK_7790170	https://rubalkhali.science/kb/RAK_P000490	https://rubalkhali.science/kb/RAK_4000490	44.0	Domain: Bacteria; Phylum: Pseudomonadota; Class: Gammaproteobacteria; Order: Pseudomonadales; Family: Pseudomonadaceae; Genus: Pseudomonas	0.0009268829768110732
https://rubalkhali.science/kb/RAK_3000187	Visit to Site 49 during Trip4 2024 on 2024-08-30 14:28	https://rubalkhali.science/kb/RAK_1000049	Site 49	https://rubalkhali.science/kb/RAK_6001624	https://rubalkhali.science/kb/RAK_7790172	https://rubalkhali.science/kb/RAK_P000490	https://rubalkhali.science/kb/RAK_4000490	44.0	Domain: Bacteria; Phylum: Pseudomonadota; Class: Gammaproteobacteria; Order: Pseudomonadales; Family: Pseudomonadaceae; Genus: Pseudomonas	0.005328395166840496
https://rubalkhali.science/kb/RAK_3000187	Visit to Site 49 during Trip4 2024 on 2024-08-30 14:28	https://rubalkhali.science/kb/RAK_1000049	Site 49	https://rubalkhali.science/kb/RAK_6001627	https://rubalkhali.science/kb/RAK_7790171	https://rubalkhali.science/kb/RAK_P000490	https://rubalkhali.science/kb/RAK_4000490	44.0	Domain: Bacteria; Phylum: Pseudomonadota; Class: Gammaproteobacteria; Order: Pseudomonadales; Family: Pseudomonadaceae; Genus: Pseudomonas	0.002484844590107748
https://rubalkhali.science/kb/RAK_3000188	Visit to Site 50 during Trip4 2024 on 2024-08-31 06:08	https://rubalkhali.science/kb/RAK_1000050	Site 50	https://rubalkhali.science/kb/RAK_6001636	https://rubalkhali.science/kb/RAK_7790174	https://rubalkhali.science/kb/RAK_P000492	https://rubalkhali.science/kb/RAK_4000492	35.61	Domain: Bacteria; Phylum: Pseudomonadota; Class: Gammaproteobacteria; Order: Pseudomonadales; Family: Pseudomonadaceae; Genus: Pseudomonas	5.630925040321445e-05
https://rubalkhali.science/kb/RAK_3000189	Visit to Site 51 during Trip4 2024 on 2024-08-31 06:34	https://rubalkhali.science/kb/RAK_1000051	Site 51	https://rubalkhali.science/kb/RAK_6001642	https://rubalkhali.science/kb/RAK_7790178	https://rubalkhali.science/kb/RAK_P000494	https://rubalkhali.science/kb/RAK_4000494	36.11	Domain: Bacteria; Phylum: Pseudomonadota; Class: Gammaproteobacteria; Order: Pseudomonadales; Family: Pseudomonadaceae; Genus: Pseudomonas	9.421814641499953e-05
https://rubalkhali.science/kb/RAK_3000189	Visit to Site 51 during Trip4 2024 on 2024-08-31 06:34	https://rubalkhali.science/kb/RAK_1000051	Site 51	https://rubalkhali.science/kb/RAK_6001645	https://rubalkhali.science/kb/RAK_7790177	https://rubalkhali.science/kb/RAK_P000494	https://rubalkhali.science/kb/RAK_4000494	36.11	Domain: Bacteria; Phylum: Pseudomonadota; Class: Gammaproteobacteria; Order: Pseudomonadales; Family: Pseudomonadaceae; Genus: Pseudomonas	0.001869744120409745
https://rubalkhali.science/kb/RAK_3000190	Visit to Site 52 during Trip4 2024 on 2024-08-31 06:54	https://rubalkhali.science/kb/RAK_1000052	Site 52	https://rubalkhali.science/kb/RAK_6001654	https://rubalkhali.science/kb/RAK_7790180	https://rubalkhali.science/kb/RAK_P000496	https://rubalkhali.science/kb/RAK_4000496	36.28	Domain: Bacteria; Phylum: Pseudomonadota; Class: Gammaproteobacteria; Order: Pseudomonadales; Family: Pseudomonadaceae; Genus: Pseudomonas	0.0011754211051057354
https://rubalkhali.science/kb/RAK_3000193	Visit to Site 55 during Trip4 2024 on 2024-08-31 09:48	https://rubalkhali.science/kb/RAK_1000055	Site 55	https://rubalkhali.science/kb/RAK_6001678	https://rubalkhali.science/kb/RAK_7790190	https://rubalkhali.science/kb/RAK_P000502	https://rubalkhali.science/kb/RAK_4000502	40.72	Domain: Bacteria; Phylum: Pseudomonadota; Class: Gammaproteobacteria; Order: Pseudomonadales; Family: Pseudomonadaceae; Genus: Pseudomonas	0.002899106819296114
https://rubalkhali.science/kb/RAK_3000193	Visit to Site 55 during Trip4 2024 on 2024-08-31 09:48	https://rubalkhali.science/kb/RAK_1000055	Site 55	https://rubalkhali.science/kb/RAK_6001681	https://rubalkhali.science/kb/RAK_7790189	https://rubalkhali.science/kb/RAK_P000502	https://rubalkhali.science/kb/RAK_4000502	40.72	Domain: Bacteria; Phylum: Pseudomonadota; Class: Gammaproteobacteria; Order: Pseudomonadales; Family: Pseudomonadaceae; Genus: Pseudomonas	0.0035362866482188987
https://rubalkhali.science/kb/RAK_3000194	Visit to Site 56 during Trip4 2024 on 2024-08-31 10:16	https://rubalkhali.science/kb/RAK_1000056	Site 56	https://rubalkhali.science/kb/RAK_6001684	https://rubalkhali.science/kb/RAK_7790191	https://rubalkhali.science/kb/RAK_P000504	https://rubalkhali.science/kb/RAK_4000504	40.44	Domain: Bacteria; Phylum: Pseudomonadota; Class: Gammaproteobacteria; Order: Pseudomonadales; Family: Pseudomonadaceae; Genus: Pseudomonas	0.00971682398667407
https://rubalkhali.science/kb/RAK_3000194	Visit to Site 56 during Trip4 2024 on 2024-08-31 10:16	https://rubalkhali.science/kb/RAK_1000056	Site 56	https://rubalkhali.science/kb/RAK_6001687	https://rubalkhali.science/kb/RAK_7790193	https://rubalkhali.science/kb/RAK_P000504	https://rubalkhali.science/kb/RAK_4000504	40.44	Domain: Bacteria; Phylum: Pseudomonadota; Class: Gammaproteobacteria; Order: Pseudomonadales; Family: Pseudomonadaceae; Genus: Pseudomonas	0.0006423357664233577
https://rubalkhali.science/kb/RAK_3000194	Visit to Site 56 during Trip4 2024 on 2024-08-31 10:16	https://rubalkhali.science/kb/RAK_1000056	Site 56	https://rubalkhali.science/kb/RAK_6001690	https://rubalkhali.science/kb/RAK_7790192	https://rubalkhali.science/kb/RAK_P000504	https://rubalkhali.science/kb/RAK_4000504	40.44	Domain: Bacteria; Phylum: Pseudomonadota; Class: Gammaproteobacteria; Order: Pseudomonadales; Family: Pseudomonadaceae; Genus: Pseudomonas	0.0007447997020801192
https://rubalkhali.science/kb/RAK_3000195	Visit to Site 57 during Trip4 2024 on 2024-08-31 10:40	https://rubalkhali.science/kb/RAK_1000057	Site 57	https://rubalkhali.science/kb/RAK_6001693	https://rubalkhali.science/kb/RAK_7790194	https://rubalkhali.science/kb/RAK_P000506	https://rubalkhali.science/kb/RAK_4000506	42.78	Domain: Bacteria; Phylum: Pseudomonadota; Class: Gammaproteobacteria; Order: Pseudomonadales; Family: Pseudomonadaceae; Genus: Pseudomonas	0.016730162753766896
https://rubalkhali.science/kb/RAK_3000195	Visit to Site 57 during Trip4 2024 on 2024-08-31 10:40	https://rubalkhali.science/kb/RAK_1000057	Site 57	https://rubalkhali.science/kb/RAK_6001696	https://rubalkhali.science/kb/RAK_7790196	https://rubalkhali.science/kb/RAK_P000506	https://rubalkhali.science/kb/RAK_4000506	42.78	Domain: Bacteria; Phylum: Pseudomonadota; Class: Gammaproteobacteria; Order: Pseudomonadales; Family: Pseudomonadaceae; Genus: Pseudomonas	7.279248516853114e-05
https://rubalkhali.science/kb/RAK_3000195	Visit to Site 57 during Trip4 2024 on 2024-08-31 10:40	https://rubalkhali.science/kb/RAK_1000057	Site 57	https://rubalkhali.science/kb/RAK_6001699	https://rubalkhali.science/kb/RAK_7790195	https://rubalkhali.science/kb/RAK_P000506	https://rubalkhali.science/kb/RAK_4000506	42.78	Domain: Bacteria; Phylum: Pseudomonadota; Class: Gammaproteobacteria; Order: Pseudomonadales; Family: Pseudomonadaceae; Genus: Pseudomonas	0.0005016302984700275
https://rubalkhali.science/kb/RAK_3000197	Visit to Site 59 during Trip4 2024 on 2024-08-31 11:06	https://rubalkhali.science/kb/RAK_1000059	Site 59	https://rubalkhali.science/kb/RAK_6001714	https://rubalkhali.science/kb/RAK_7790202	https://rubalkhali.science/kb/RAK_P000510	https://rubalkhali.science/kb/RAK_4000510	43.0	Domain: Bacteria; Phylum: Pseudomonadota; Class: Gammaproteobacteria; Order: Pseudomonadales; Family: Pseudomonadaceae; Genus: Pseudomonas	0.010700559499644517
https://rubalkhali.science/kb/RAK_3000197	Visit to Site 59 during Trip4 2024 on 2024-08-31 11:06	https://rubalkhali.science/kb/RAK_1000059	Site 59	https://rubalkhali.science/kb/RAK_6001717	https://rubalkhali.science/kb/RAK_7790201	https://rubalkhali.science/kb/RAK_P000510	https://rubalkhali.science/kb/RAK_4000510	43.0	Domain: Bacteria; Phylum: Pseudomonadota; Class: Gammaproteobacteria; Order: Pseudomonadales; Family: Pseudomonadaceae; Genus: Pseudomonas	0.0004915577809024086
https://rubalkhali.science/kb/RAK_3000204	Visit to Site 6 during Trip5 2025 on 2025-10-12 10:50	https://rubalkhali.science/kb/RAK_1000006	Site 6	https://rubalkhali.science/kb/RAK_6001779	https://rubalkhali.science/kb/RAK_7791227	https://rubalkhali.science/kb/RAK_P000529	https://rubalkhali.science/kb/RAK_4000529	36.7	Domain: Bacteria; Phylum: Pseudomonadota; Class: Gammaproteobacteria; Order: Pseudomonadales; Family: Pseudomonadaceae; Genus: Pseudomonas	6.735158596948866e-05
https://rubalkhali.science/kb/RAK_3000204	Visit to Site 6 during Trip5 2025 on 2025-10-12 10:50	https://rubalkhali.science/kb/RAK_1000006	Site 6	https://rubalkhali.science/kb/RAK_6001780	https://rubalkhali.science/kb/RAK_7791223	https://rubalkhali.science/kb/RAK_P000529	https://rubalkhali.science/kb/RAK_4000529	36.7	Domain: Bacteria; Phylum: Pseudomonadota; Class: Gammaproteobacteria; Order: Pseudomonadales; Family: Pseudomonadaceae; Genus: Pseudomonas	0.00019724451532992856
https://rubalkhali.science/kb/RAK_3000204	Visit to Site 6 during Trip5 2025 on 2025-10-12 10:50	https://rubalkhali.science/kb/RAK_1000006	Site 6	https://rubalkhali.science/kb/RAK_6001781	https://rubalkhali.science/kb/RAK_7791224	https://rubalkhali.science/kb/RAK_P000529	https://rubalkhali.science/kb/RAK_4000529	36.7	Domain: Bacteria; Phylum: Pseudomonadota; Class: Gammaproteobacteria; Order: Pseudomonadales; Family: Pseudomonadaceae; Genus: Pseudomonas	5.69261196554506e-05
https://rubalkhali.science/kb/RAK_3000204	Visit to Site 6 during Trip5 2025 on 2025-10-12 10:50	https://rubalkhali.science/kb/RAK_1000006	Site 6	https://rubalkhali.science/kb/RAK_6001782	https://rubalkhali.science/kb/RAK_7791225	https://rubalkhali.science/kb/RAK_P000529	https://rubalkhali.science/kb/RAK_4000529	36.7	Domain: Bacteria; Phylum: Pseudomonadota; Class: Gammaproteobacteria; Order: Pseudomonadales; Family: Pseudomonadaceae; Genus: Pseudomonas	0.00021501619340706597
https://rubalkhali.science/kb/RAK_3000207	Visit to Site 9 during Trip5 2025 on 2025-10-12 12:33	https://rubalkhali.science/kb/RAK_1000009	Site 9	https://rubalkhali.science/kb/RAK_6001807	https://rubalkhali.science/kb/RAK_7791240	https://rubalkhali.science/kb/RAK_P000538	https://rubalkhali.science/kb/RAK_4000538	35.5	Domain: Bacteria; Phylum: Pseudomonadota; Class: Gammaproteobacteria; Order: Pseudomonadales; Family: Pseudomonadaceae; Genus: Pseudomonas	0.0008070124635954305
https://rubalkhali.science/kb/RAK_3000207	Visit to Site 9 during Trip5 2025 on 2025-10-12 12:33	https://rubalkhali.science/kb/RAK_1000009	Site 9	https://rubalkhali.science/kb/RAK_6001808	https://rubalkhali.science/kb/RAK_7791241	https://rubalkhali.science/kb/RAK_P000538	https://rubalkhali.science/kb/RAK_4000538	35.5	Domain: Bacteria; Phylum: Pseudomonadota; Class: Gammaproteobacteria; Order: Pseudomonadales; Family: Pseudomonadaceae; Genus: Pseudomonas	4.200454533395824e-05
https://rubalkhali.science/kb/RAK_3000207	Visit to Site 9 during Trip5 2025 on 2025-10-12 12:33	https://rubalkhali.science/kb/RAK_1000009	Site 9	https://rubalkhali.science/kb/RAK_6001809	https://rubalkhali.science/kb/RAK_7791242	https://rubalkhali.science/kb/RAK_P000538	https://rubalkhali.science/kb/RAK_4000538	35.5	Domain: Bacteria; Phylum: Pseudomonadota; Class: Gammaproteobacteria; Order: Pseudomonadales; Family: Pseudomonadaceae; Genus: Pseudomonas	0.0015594383002877337
https://rubalkhali.science/kb/RAK_3000208	Visit to Site 10 during Trip5 2025 on 2025-10-12 12:58	https://rubalkhali.science/kb/RAK_1000010	Site 10	https://rubalkhali.science/kb/RAK_6001817	https://rubalkhali.science/kb/RAK_7791010	https://rubalkhali.science/kb/RAK_P000541	https://rubalkhali.science/kb/RAK_4000541	35.6	Domain: Bacteria; Phylum: Pseudomonadota; Class: Gammaproteobacteria; Order: Pseudomonadales; Family: Pseudomonadaceae; Genus: Pseudomonas	0.0008141615354989055
https://rubalkhali.science/kb/RAK_3000209	Visit to Site 11 during Trip5 2025 on 2025-10-12 13:30	https://rubalkhali.science/kb/RAK_1000011	Site 11	https://rubalkhali.science/kb/RAK_6001821	https://rubalkhali.science/kb/RAK_7791011	https://rubalkhali.science/kb/RAK_P000544	https://rubalkhali.science/kb/RAK_4000544	35.6	Domain: Bacteria; Phylum: Pseudomonadota; Class: Gammaproteobacteria; Order: Pseudomonadales; Family: Pseudomonadaceae; Genus: Pseudomonas	8.382535662957169e-05
https://rubalkhali.science/kb/RAK_3000209	Visit to Site 11 during Trip5 2025 on 2025-10-12 13:30	https://rubalkhali.science/kb/RAK_1000011	Site 11	https://rubalkhali.science/kb/RAK_6001823	https://rubalkhali.science/kb/RAK_7791014	https://rubalkhali.science/kb/RAK_P000544	https://rubalkhali.science/kb/RAK_4000544	35.6	Domain: Bacteria; Phylum: Pseudomonadota; Class: Gammaproteobacteria; Order: Pseudomonadales; Family: Pseudomonadaceae; Genus: Pseudomonas	1.1389822055011641e-05
https://rubalkhali.science/kb/RAK_3000209	Visit to Site 11 during Trip5 2025 on 2025-10-12 13:30	https://rubalkhali.science/kb/RAK_1000011	Site 11	https://rubalkhali.science/kb/RAK_6001826	https://rubalkhali.science/kb/RAK_7791012	https://rubalkhali.science/kb/RAK_P000544	https://rubalkhali.science/kb/RAK_4000544	35.6	Domain: Bacteria; Phylum: Pseudomonadota; Class: Gammaproteobacteria; Order: Pseudomonadales; Family: Pseudomonadaceae; Genus: Pseudomonas	0.0017928540308370894
https://rubalkhali.science/kb/RAK_3000209	Visit to Site 11 during Trip5 2025 on 2025-10-12 13:30	https://rubalkhali.science/kb/RAK_1000011	Site 11	https://rubalkhali.science/kb/RAK_6001827	https://rubalkhali.science/kb/RAK_7791013	https://rubalkhali.science/kb/RAK_P000544	https://rubalkhali.science/kb/RAK_4000544	35.6	Domain: Bacteria; Phylum: Pseudomonadota; Class: Gammaproteobacteria; Order: Pseudomonadales; Family: Pseudomonadaceae; Genus: Pseudomonas	0.002391320199457419
https://rubalkhali.science/kb/RAK_3000210	Visit to Site 12 during Trip5 2025 on 2025-10-12 13:57	https://rubalkhali.science/kb/RAK_1000012	Site 12	https://rubalkhali.science/kb/RAK_6001831	https://rubalkhali.science/kb/RAK_7791019	https://rubalkhali.science/kb/RAK_P000547	https://rubalkhali.science/kb/RAK_4000547	36.3	Domain: Bacteria; Phylum: Pseudomonadota; Class: Gammaproteobacteria; Order: Pseudomonadales; Family: Pseudomonadaceae; Genus: Pseudomonas	8.502371098740161e-06
https://rubalkhali.science/kb/RAK_3000210	Visit to Site 12 during Trip5 2025 on 2025-10-12 13:57	https://rubalkhali.science/kb/RAK_1000012	Site 12	https://rubalkhali.science/kb/RAK_6001833	https://rubalkhali.science/kb/RAK_7791020	https://rubalkhali.science/kb/RAK_P000547	https://rubalkhali.science/kb/RAK_4000547	36.3	Domain: Bacteria; Phylum: Pseudomonadota; Class: Gammaproteobacteria; Order: Pseudomonadales; Family: Pseudomonadaceae; Genus: Pseudomonas	0.0006163247088085083
https://rubalkhali.science/kb/RAK_3000210	Visit to Site 12 during Trip5 2025 on 2025-10-12 13:57	https://rubalkhali.science/kb/RAK_1000012	Site 12	https://rubalkhali.science/kb/RAK_6001834	https://rubalkhali.science/kb/RAK_7791016	https://rubalkhali.science/kb/RAK_P000547	https://rubalkhali.science/kb/RAK_4000547	36.3	Domain: Bacteria; Phylum: Pseudomonadota; Class: Gammaproteobacteria; Order: Pseudomonadales; Family: Pseudomonadaceae; Genus: Pseudomonas	0.00025140646097955284
https://rubalkhali.science/kb/RAK_3000210	Visit to Site 12 during Trip5 2025 on 2025-10-12 13:57	https://rubalkhali.science/kb/RAK_1000012	Site 12	https://rubalkhali.science/kb/RAK_6001835	https://rubalkhali.science/kb/RAK_7791017	https://rubalkhali.science/kb/RAK_P000547	https://rubalkhali.science/kb/RAK_4000547	36.3	Domain: Bacteria; Phylum: Pseudomonadota; Class: Gammaproteobacteria; Order: Pseudomonadales; Family: Pseudomonadaceae; Genus: Pseudomonas	0.001041406714913712
https://rubalkhali.science/kb/RAK_3000210	Visit to Site 12 during Trip5 2025 on 2025-10-12 13:57	https://rubalkhali.science/kb/RAK_1000012	Site 12	https://rubalkhali.science/kb/RAK_6001836	https://rubalkhali.science/kb/RAK_7791018	https://rubalkhali.science/kb/RAK_P000547	https://rubalkhali.science/kb/RAK_4000547	36.3	Domain: Bacteria; Phylum: Pseudomonadota; Class: Gammaproteobacteria; Order: Pseudomonadales; Family: Pseudomonadaceae; Genus: Pseudomonas	0.000337679302953822
https://rubalkhali.science/kb/RAK_3000211	Visit to Site 13 during Trip5 2025 on 2025-10-12 15:25	https://rubalkhali.science/kb/RAK_1000013	Site 13	https://rubalkhali.science/kb/RAK_6001842	https://rubalkhali.science/kb/RAK_7791023	https://rubalkhali.science/kb/RAK_P000550	https://rubalkhali.science/kb/RAK_4000550	36.5	Domain: Bacteria; Phylum: Pseudomonadota; Class: Gammaproteobacteria; Order: Pseudomonadales; Family: Pseudomonadaceae; Genus: Pseudomonas	0.00021053679770685597
https://rubalkhali.science/kb/RAK_3000211	Visit to Site 13 during Trip5 2025 on 2025-10-12 15:25	https://rubalkhali.science/kb/RAK_1000013	Site 13	https://rubalkhali.science/kb/RAK_6001843	https://rubalkhali.science/kb/RAK_7791021	https://rubalkhali.science/kb/RAK_P000550	https://rubalkhali.science/kb/RAK_4000550	36.5	Domain: Bacteria; Phylum: Pseudomonadota; Class: Gammaproteobacteria; Order: Pseudomonadales; Family: Pseudomonadaceae; Genus: Pseudomonas	0.00017839193114560202
https://rubalkhali.science/kb/RAK_3000211	Visit to Site 13 during Trip5 2025 on 2025-10-12 15:25	https://rubalkhali.science/kb/RAK_1000013	Site 13	https://rubalkhali.science/kb/RAK_6001844	https://rubalkhali.science/kb/RAK_7791022	https://rubalkhali.science/kb/RAK_P000550	https://rubalkhali.science/kb/RAK_4000550	36.5	Domain: Bacteria; Phylum: Pseudomonadota; Class: Gammaproteobacteria; Order: Pseudomonadales; Family: Pseudomonadaceae; Genus: Pseudomonas	3.846470862983213e-05
https://rubalkhali.science/kb/RAK_3000220	Visit to Site 22 during Trip5 2025 on 2025-10-13 10:10	https://rubalkhali.science/kb/RAK_1000022	Site 22	https://rubalkhali.science/kb/RAK_6001925	https://rubalkhali.science/kb/RAK_7791077	https://rubalkhali.science/kb/RAK_P000577	https://rubalkhali.science/kb/RAK_4000577	35.5	Domain: Bacteria; Phylum: Pseudomonadota; Class: Gammaproteobacteria; Order: Pseudomonadales; Family: Pseudomonadaceae; Genus: Pseudomonas	4.919237232595818e-05
https://rubalkhali.science/kb/RAK_3000221	Visit to Site 23 during Trip5 2025 on 2025-10-13 10:56	https://rubalkhali.science/kb/RAK_1000023	Site 23	https://rubalkhali.science/kb/RAK_6001927	https://rubalkhali.science/kb/RAK_7791078	https://rubalkhali.science/kb/RAK_P000580	https://rubalkhali.science/kb/RAK_4000580	36.1	Domain: Bacteria; Phylum: Pseudomonadota; Class: Gammaproteobacteria; Order: Pseudomonadales; Family: Pseudomonadaceae; Genus: Pseudomonas	0.0001747121124807852
https://rubalkhali.science/kb/RAK_3000221	Visit to Site 23 during Trip5 2025 on 2025-10-13 10:56	https://rubalkhali.science/kb/RAK_1000023	Site 23	https://rubalkhali.science/kb/RAK_6001933	https://rubalkhali.science/kb/RAK_7791079	https://rubalkhali.science/kb/RAK_P000580	https://rubalkhali.science/kb/RAK_4000580	36.1	Domain: Bacteria; Phylum: Pseudomonadota; Class: Gammaproteobacteria; Order: Pseudomonadales; Family: Pseudomonadaceae; Genus: Pseudomonas	0.002417067170676663
https://rubalkhali.science/kb/RAK_3000221	Visit to Site 23 during Trip5 2025 on 2025-10-13 10:56	https://rubalkhali.science/kb/RAK_1000023	Site 23	https://rubalkhali.science/kb/RAK_6001934	https://rubalkhali.science/kb/RAK_7791080	https://rubalkhali.science/kb/RAK_P000580	https://rubalkhali.science/kb/RAK_4000580	36.1	Domain: Bacteria; Phylum: Pseudomonadota; Class: Gammaproteobacteria; Order: Pseudomonadales; Family: Pseudomonadaceae; Genus: Pseudomonas	0.00208689091786695
https://rubalkhali.science/kb/RAK_3000222	Visit to Site 24 during Trip5 2025 on 2025-10-13 11:39	https://rubalkhali.science/kb/RAK_1000024	Site 24	https://rubalkhali.science/kb/RAK_6001942	https://rubalkhali.science/kb/RAK_7791082	https://rubalkhali.science/kb/RAK_P000583	https://rubalkhali.science/kb/RAK_4000583	36.3	Domain: Bacteria; Phylum: Pseudomonadota; Class: Gammaproteobacteria; Order: Pseudomonadales; Family: Pseudomonadaceae; Genus: Pseudomonas	0.002095231535772091
https://rubalkhali.science/kb/RAK_3000222	Visit to Site 24 during Trip5 2025 on 2025-10-13 11:39	https://rubalkhali.science/kb/RAK_1000024	Site 24	https://rubalkhali.science/kb/RAK_6001944	https://rubalkhali.science/kb/RAK_7791083	https://rubalkhali.science/kb/RAK_P000583	https://rubalkhali.science/kb/RAK_4000583	36.3	Domain: Bacteria; Phylum: Pseudomonadota; Class: Gammaproteobacteria; Order: Pseudomonadales; Family: Pseudomonadaceae; Genus: Pseudomonas	0.00019585838909121707
https://rubalkhali.science/kb/RAK_3000225	Visit to Site 27 during Trip5 2025 on 2025-10-13 12:42	https://rubalkhali.science/kb/RAK_1000027	Site 27	https://rubalkhali.science/kb/RAK_6001964	https://rubalkhali.science/kb/RAK_7791095	https://rubalkhali.science/kb/RAK_P000592	https://rubalkhali.science/kb/RAK_4000592	36.4	Domain: Bacteria; Phylum: Pseudomonadota; Class: Gammaproteobacteria; Order: Pseudomonadales; Family: Pseudomonadaceae; Genus: Pseudomonas	0.004807866416929948
https://rubalkhali.science/kb/RAK_3000225	Visit to Site 27 during Trip5 2025 on 2025-10-13 12:42	https://rubalkhali.science/kb/RAK_1000027	Site 27	https://rubalkhali.science/kb/RAK_6001965	https://rubalkhali.science/kb/RAK_7791096	https://rubalkhali.science/kb/RAK_P000592	https://rubalkhali.science/kb/RAK_4000592	36.4	Domain: Bacteria; Phylum: Pseudomonadota; Class: Gammaproteobacteria; Order: Pseudomonadales; Family: Pseudomonadaceae; Genus: Pseudomonas	0.0014599962348158418
https://rubalkhali.science/kb/RAK_3000225	Visit to Site 27 during Trip5 2025 on 2025-10-13 12:42	https://rubalkhali.science/kb/RAK_1000027	Site 27	https://rubalkhali.science/kb/RAK_6001969	https://rubalkhali.science/kb/RAK_7791097	https://rubalkhali.science/kb/RAK_P000592	https://rubalkhali.science/kb/RAK_4000592	36.4	Domain: Bacteria; Phylum: Pseudomonadota; Class: Gammaproteobacteria; Order: Pseudomonadales; Family: Pseudomonadaceae; Genus: Pseudomonas	0.0017094428081985936
https://rubalkhali.science/kb/RAK_3000225	Visit to Site 27 during Trip5 2025 on 2025-10-13 12:42	https://rubalkhali.science/kb/RAK_1000027	Site 27	https://rubalkhali.science/kb/RAK_6001970	https://rubalkhali.science/kb/RAK_7791098	https://rubalkhali.science/kb/RAK_P000592	https://rubalkhali.science/kb/RAK_4000592	36.4	Domain: Bacteria; Phylum: Pseudomonadota; Class: Gammaproteobacteria; Order: Pseudomonadales; Family: Pseudomonadaceae; Genus: Pseudomonas	0.013390091764265238
https://rubalkhali.science/kb/RAK_3000225	Visit to Site 27 during Trip5 2025 on 2025-10-13 12:42	https://rubalkhali.science/kb/RAK_1000027	Site 27	https://rubalkhali.science/kb/RAK_6001971	https://rubalkhali.science/kb/RAK_7791099	https://rubalkhali.science/kb/RAK_P000592	https://rubalkhali.science/kb/RAK_4000592	36.4	Domain: Bacteria; Phylum: Pseudomonadota; Class: Gammaproteobacteria; Order: Pseudomonadales; Family: Pseudomonadaceae; Genus: Pseudomonas	0.006706933918106157
https://rubalkhali.science/kb/RAK_3000226	Visit to Site 28 during Trip5 2025 on 2025-10-13 13:08	https://rubalkhali.science/kb/RAK_1000028	Site 28	https://rubalkhali.science/kb/RAK_6001972	https://rubalkhali.science/kb/RAK_7791100	https://rubalkhali.science/kb/RAK_P000595	https://rubalkhali.science/kb/RAK_4000595	38.8	Domain: Bacteria; Phylum: Pseudomonadota; Class: Gammaproteobacteria; Order: Pseudomonadales; Family: Pseudomonadaceae; Genus: Pseudomonas	0.00022290425198261571
https://rubalkhali.science/kb/RAK_3000226	Visit to Site 28 during Trip5 2025 on 2025-10-13 13:08	https://rubalkhali.science/kb/RAK_1000028	Site 28	https://rubalkhali.science/kb/RAK_6001974	https://rubalkhali.science/kb/RAK_7791101	https://rubalkhali.science/kb/RAK_P000595	https://rubalkhali.science/kb/RAK_4000595	38.8	Domain: Bacteria; Phylum: Pseudomonadota; Class: Gammaproteobacteria; Order: Pseudomonadales; Family: Pseudomonadaceae; Genus: Pseudomonas	3.0974727005434876e-05
https://rubalkhali.science/kb/RAK_3000226	Visit to Site 28 during Trip5 2025 on 2025-10-13 13:08	https://rubalkhali.science/kb/RAK_1000028	Site 28	https://rubalkhali.science/kb/RAK_6001978	https://rubalkhali.science/kb/RAK_7791102	https://rubalkhali.science/kb/RAK_P000595	https://rubalkhali.science/kb/RAK_4000595	38.8	Domain: Bacteria; Phylum: Pseudomonadota; Class: Gammaproteobacteria; Order: Pseudomonadales; Family: Pseudomonadaceae; Genus: Pseudomonas	0.00013818015342184308
https://rubalkhali.science/kb/RAK_3000226	Visit to Site 28 during Trip5 2025 on 2025-10-13 13:08	https://rubalkhali.science/kb/RAK_1000028	Site 28	https://rubalkhali.science/kb/RAK_6001979	https://rubalkhali.science/kb/RAK_7791103	https://rubalkhali.science/kb/RAK_P000595	https://rubalkhali.science/kb/RAK_4000595	38.8	Domain: Bacteria; Phylum: Pseudomonadota; Class: Gammaproteobacteria; Order: Pseudomonadales; Family: Pseudomonadaceae; Genus: Pseudomonas	0.0002850176212144316
https://rubalkhali.science/kb/RAK_3000226	Visit to Site 28 during Trip5 2025 on 2025-10-13 13:08	https://rubalkhali.science/kb/RAK_1000028	Site 28	https://rubalkhali.science/kb/RAK_6001980	https://rubalkhali.science/kb/RAK_7791104	https://rubalkhali.science/kb/RAK_P000595	https://rubalkhali.science/kb/RAK_4000595	38.8	Domain: Bacteria; Phylum: Pseudomonadota; Class: Gammaproteobacteria; Order: Pseudomonadales; Family: Pseudomonadaceae; Genus: Pseudomonas	0.0007272162578284641
https://rubalkhali.science/kb/RAK_3000229	Visit to Site 31 during Trip5 2025 on 2025-10-13 14:46	https://rubalkhali.science/kb/RAK_1000031	Site 31	https://rubalkhali.science/kb/RAK_6001999	https://rubalkhali.science/kb/RAK_7791118	https://rubalkhali.science/kb/RAK_P000604	https://rubalkhali.science/kb/RAK_4000604	35.9	Domain: Bacteria; Phylum: Pseudomonadota; Class: Gammaproteobacteria; Order: Pseudomonadales; Family: Pseudomonadaceae; Genus: Pseudomonas	3.919143177322858e-05
https://rubalkhali.science/kb/RAK_3000229	Visit to Site 31 during Trip5 2025 on 2025-10-13 14:46	https://rubalkhali.science/kb/RAK_1000031	Site 31	https://rubalkhali.science/kb/RAK_6002001	https://rubalkhali.science/kb/RAK_7791119	https://rubalkhali.science/kb/RAK_P000604	https://rubalkhali.science/kb/RAK_4000604	35.9	Domain: Bacteria; Phylum: Pseudomonadota; Class: Gammaproteobacteria; Order: Pseudomonadales; Family: Pseudomonadaceae; Genus: Pseudomonas	0.0002884194061888149
https://rubalkhali.science/kb/RAK_3000230	Visit to Site 32 during Trip5 2025 on 2025-10-13 15:38	https://rubalkhali.science/kb/RAK_1000032	Site 32	https://rubalkhali.science/kb/RAK_6002014	https://rubalkhali.science/kb/RAK_7791120	https://rubalkhali.science/kb/RAK_P000607	https://rubalkhali.science/kb/RAK_4000607	39.0	Domain: Bacteria; Phylum: Pseudomonadota; Class: Gammaproteobacteria; Order: Pseudomonadales; Family: Pseudomonadaceae; Genus: Pseudomonas	0.0001888593406256859
https://rubalkhali.science/kb/RAK_3000230	Visit to Site 32 during Trip5 2025 on 2025-10-13 15:38	https://rubalkhali.science/kb/RAK_1000032	Site 32	https://rubalkhali.science/kb/RAK_6002015	https://rubalkhali.science/kb/RAK_7791121	https://rubalkhali.science/kb/RAK_P000607	https://rubalkhali.science/kb/RAK_4000607	39.0	Domain: Bacteria; Phylum: Pseudomonadota; Class: Gammaproteobacteria; Order: Pseudomonadales; Family: Pseudomonadaceae; Genus: Pseudomonas	0.003499166495043657
https://rubalkhali.science/kb/RAK_3000230	Visit to Site 32 during Trip5 2025 on 2025-10-13 15:38	https://rubalkhali.science/kb/RAK_1000032	Site 32	https://rubalkhali.science/kb/RAK_6002016	https://rubalkhali.science/kb/RAK_7791122	https://rubalkhali.science/kb/RAK_P000607	https://rubalkhali.science/kb/RAK_4000607	39.0	Domain: Bacteria; Phylum: Pseudomonadota; Class: Gammaproteobacteria; Order: Pseudomonadales; Family: Pseudomonadaceae; Genus: Pseudomonas	0.0013272307002915966
https://rubalkhali.science/kb/RAK_3000231	Visit to Site 33 during Trip5 2025 on 2025-10-13 16:10	https://rubalkhali.science/kb/RAK_1000033	Site 33	https://rubalkhali.science/kb/RAK_6002023	https://rubalkhali.science/kb/RAK_7791123	https://rubalkhali.science/kb/RAK_P000610	https://rubalkhali.science/kb/RAK_4000610	37.9	Domain: Bacteria; Phylum: Pseudomonadota; Class: Gammaproteobacteria; Order: Pseudomonadales; Family: Pseudomonadaceae; Genus: Pseudomonas	0.0006764374295377678
https://rubalkhali.science/kb/RAK_3000231	Visit to Site 33 during Trip5 2025 on 2025-10-13 16:10	https://rubalkhali.science/kb/RAK_1000033	Site 33	https://rubalkhali.science/kb/RAK_6002025	https://rubalkhali.science/kb/RAK_7791125	https://rubalkhali.science/kb/RAK_P000610	https://rubalkhali.science/kb/RAK_4000610	37.9	Domain: Bacteria; Phylum: Pseudomonadota; Class: Gammaproteobacteria; Order: Pseudomonadales; Family: Pseudomonadaceae; Genus: Pseudomonas	1.3487177066404116e-05
https://rubalkhali.science/kb/RAK_3000233	Visit to Site 35 during Trip5 2025 on 2025-10-14 06:58	https://rubalkhali.science/kb/RAK_1000035	Site 35	https://rubalkhali.science/kb/RAK_6002035	https://rubalkhali.science/kb/RAK_7791130	https://rubalkhali.science/kb/RAK_P000616	https://rubalkhali.science/kb/RAK_4000616	35.1	Domain: Bacteria; Phylum: Pseudomonadota; Class: Gammaproteobacteria; Order: Pseudomonadales; Family: Pseudomonadaceae; Genus: Pseudomonas	0.000226111306047857
https://rubalkhali.science/kb/RAK_3000233	Visit to Site 35 during Trip5 2025 on 2025-10-14 06:58	https://rubalkhali.science/kb/RAK_1000035	Site 35	https://rubalkhali.science/kb/RAK_6002041	https://rubalkhali.science/kb/RAK_7791131	https://rubalkhali.science/kb/RAK_P000616	https://rubalkhali.science/kb/RAK_4000616	35.1	Domain: Bacteria; Phylum: Pseudomonadota; Class: Gammaproteobacteria; Order: Pseudomonadales; Family: Pseudomonadaceae; Genus: Pseudomonas	0.0014093969751713224
https://rubalkhali.science/kb/RAK_3000233	Visit to Site 35 during Trip5 2025 on 2025-10-14 06:58	https://rubalkhali.science/kb/RAK_1000035	Site 35	https://rubalkhali.science/kb/RAK_6002042	https://rubalkhali.science/kb/RAK_7791132	https://rubalkhali.science/kb/RAK_P000616	https://rubalkhali.science/kb/RAK_4000616	35.1	Domain: Bacteria; Phylum: Pseudomonadota; Class: Gammaproteobacteria; Order: Pseudomonadales; Family: Pseudomonadaceae; Genus: Pseudomonas	0.0004033497869189035
https://rubalkhali.science/kb/RAK_3000233	Visit to Site 35 during Trip5 2025 on 2025-10-14 06:58	https://rubalkhali.science/kb/RAK_1000035	Site 35	https://rubalkhali.science/kb/RAK_6002043	https://rubalkhali.science/kb/RAK_7791133	https://rubalkhali.science/kb/RAK_P000616	https://rubalkhali.science/kb/RAK_4000616	35.1	Domain: Bacteria; Phylum: Pseudomonadota; Class: Gammaproteobacteria; Order: Pseudomonadales; Family: Pseudomonadaceae; Genus: Pseudomonas	0.0010481657100074868
https://rubalkhali.science/kb/RAK_3000233	Visit to Site 35 during Trip5 2025 on 2025-10-14 06:58	https://rubalkhali.science/kb/RAK_1000035	Site 35	https://rubalkhali.science/kb/RAK_6002043	https://rubalkhali.science/kb/RAK_7791134	https://rubalkhali.science/kb/RAK_P000616	https://rubalkhali.science/kb/RAK_4000616	35.1	Domain: Bacteria; Phylum: Pseudomonadota; Class: Gammaproteobacteria; Order: Pseudomonadales; Family: Pseudomonadaceae; Genus: Pseudomonas	0.0017745674491842613
https://rubalkhali.science/kb/RAK_3000237	Visit to Site 39 during Trip5 2025 on 2025-10-14 09:50	https://rubalkhali.science/kb/RAK_1000039	Site 39	https://rubalkhali.science/kb/RAK_6002071	https://rubalkhali.science/kb/RAK_7791140	https://rubalkhali.science/kb/RAK_P000628	https://rubalkhali.science/kb/RAK_4000628	37.2	Domain: Bacteria; Phylum: Pseudomonadota; Class: Gammaproteobacteria; Order: Pseudomonadales; Family: Pseudomonadaceae; Genus: Pseudomonas	0.0006279957557602278
https://rubalkhali.science/kb/RAK_3000237	Visit to Site 39 during Trip5 2025 on 2025-10-14 09:50	https://rubalkhali.science/kb/RAK_1000039	Site 39	https://rubalkhali.science/kb/RAK_6002073	https://rubalkhali.science/kb/RAK_7791141	https://rubalkhali.science/kb/RAK_P000628	https://rubalkhali.science/kb/RAK_4000628	37.2	Domain: Bacteria; Phylum: Pseudomonadota; Class: Gammaproteobacteria; Order: Pseudomonadales; Family: Pseudomonadaceae; Genus: Pseudomonas	0.000858909123974132
https://rubalkhali.science/kb/RAK_3000237	Visit to Site 39 during Trip5 2025 on 2025-10-14 09:50	https://rubalkhali.science/kb/RAK_1000039	Site 39	https://rubalkhali.science/kb/RAK_6002075	https://rubalkhali.science/kb/RAK_7791145	https://rubalkhali.science/kb/RAK_P000628	https://rubalkhali.science/kb/RAK_4000628	37.2	Domain: Bacteria; Phylum: Pseudomonadota; Class: Gammaproteobacteria; Order: Pseudomonadales; Family: Pseudomonadaceae; Genus: Pseudomonas	1.1989976379746532e-05
https://rubalkhali.science/kb/RAK_3000237	Visit to Site 39 during Trip5 2025 on 2025-10-14 09:50	https://rubalkhali.science/kb/RAK_1000039	Site 39	https://rubalkhali.science/kb/RAK_6002078	https://rubalkhali.science/kb/RAK_7791143	https://rubalkhali.science/kb/RAK_P000628	https://rubalkhali.science/kb/RAK_4000628	37.2	Domain: Bacteria; Phylum: Pseudomonadota; Class: Gammaproteobacteria; Order: Pseudomonadales; Family: Pseudomonadaceae; Genus: Pseudomonas	0.0003258203583420571
https://rubalkhali.science/kb/RAK_3000238	Visit to Site 40 during Trip5 2025 on 2025-10-14 10:40	https://rubalkhali.science/kb/RAK_1000040	Site 40	https://rubalkhali.science/kb/RAK_6002080	https://rubalkhali.science/kb/RAK_7791149	https://rubalkhali.science/kb/RAK_P000631	https://rubalkhali.science/kb/RAK_4000631	39.0	Domain: Bacteria; Phylum: Pseudomonadota; Class: Gammaproteobacteria; Order: Pseudomonadales; Family: Pseudomonadaceae; Genus: Pseudomonas	0.0027758816837315133
https://rubalkhali.science/kb/RAK_3000238	Visit to Site 40 during Trip5 2025 on 2025-10-14 10:40	https://rubalkhali.science/kb/RAK_1000040	Site 40	https://rubalkhali.science/kb/RAK_6002085	https://rubalkhali.science/kb/RAK_7791153	https://rubalkhali.science/kb/RAK_P000631	https://rubalkhali.science/kb/RAK_4000631	39.0	Domain: Bacteria; Phylum: Pseudomonadota; Class: Gammaproteobacteria; Order: Pseudomonadales; Family: Pseudomonadaceae; Genus: Pseudomonas	8.345168299285047e-06
https://rubalkhali.science/kb/RAK_3000238	Visit to Site 40 during Trip5 2025 on 2025-10-14 10:40	https://rubalkhali.science/kb/RAK_1000040	Site 40	https://rubalkhali.science/kb/RAK_6002086	https://rubalkhali.science/kb/RAK_7791150	https://rubalkhali.science/kb/RAK_P000631	https://rubalkhali.science/kb/RAK_4000631	39.0	Domain: Bacteria; Phylum: Pseudomonadota; Class: Gammaproteobacteria; Order: Pseudomonadales; Family: Pseudomonadaceae; Genus: Pseudomonas	8.523916042009991e-05
https://rubalkhali.science/kb/RAK_3000238	Visit to Site 40 during Trip5 2025 on 2025-10-14 10:40	https://rubalkhali.science/kb/RAK_1000040	Site 40	https://rubalkhali.science/kb/RAK_6002087	https://rubalkhali.science/kb/RAK_7791151	https://rubalkhali.science/kb/RAK_P000631	https://rubalkhali.science/kb/RAK_4000631	39.0	Domain: Bacteria; Phylum: Pseudomonadota; Class: Gammaproteobacteria; Order: Pseudomonadales; Family: Pseudomonadaceae; Genus: Pseudomonas	0.00044508207252237647
https://rubalkhali.science/kb/RAK_3000238	Visit to Site 40 during Trip5 2025 on 2025-10-14 10:40	https://rubalkhali.science/kb/RAK_1000040	Site 40	https://rubalkhali.science/kb/RAK_6002088	https://rubalkhali.science/kb/RAK_7791152	https://rubalkhali.science/kb/RAK_P000631	https://rubalkhali.science/kb/RAK_4000631	39.0	Domain: Bacteria; Phylum: Pseudomonadota; Class: Gammaproteobacteria; Order: Pseudomonadales; Family: Pseudomonadaceae; Genus: Pseudomonas	9.564011931859938e-05
https://rubalkhali.science/kb/RAK_3000239	Visit to Site 41 during Trip5 2025 on 2025-10-14 11:04	https://rubalkhali.science/kb/RAK_1000041	Site 41	https://rubalkhali.science/kb/RAK_6002091	https://rubalkhali.science/kb/RAK_7791154	https://rubalkhali.science/kb/RAK_P000633	https://rubalkhali.science/kb/RAK_4000633	37.1	Domain: Bacteria; Phylum: Pseudomonadota; Class: Gammaproteobacteria; Order: Pseudomonadales; Family: Pseudomonadaceae; Genus: Pseudomonas	0.0015527300863673436
https://rubalkhali.science/kb/RAK_3000241	Visit to Site 43 during Trip5 2025 on 2025-10-14 12:07	https://rubalkhali.science/kb/RAK_1000043	Site 43	https://rubalkhali.science/kb/RAK_6002107	https://rubalkhali.science/kb/RAK_7791157	https://rubalkhali.science/kb/RAK_P000639	https://rubalkhali.science/kb/RAK_4000639	40.4	Domain: Bacteria; Phylum: Pseudomonadota; Class: Gammaproteobacteria; Order: Pseudomonadales; Family: Pseudomonadaceae; Genus: Pseudomonas	0.0011449909225944876
https://rubalkhali.science/kb/RAK_3000241	Visit to Site 43 during Trip5 2025 on 2025-10-14 12:07	https://rubalkhali.science/kb/RAK_1000043	Site 43	https://rubalkhali.science/kb/RAK_6002108	https://rubalkhali.science/kb/RAK_7791158	https://rubalkhali.science/kb/RAK_P000639	https://rubalkhali.science/kb/RAK_4000639	40.4	Domain: Bacteria; Phylum: Pseudomonadota; Class: Gammaproteobacteria; Order: Pseudomonadales; Family: Pseudomonadaceae; Genus: Pseudomonas	0.00015102973964360757
https://rubalkhali.science/kb/RAK_3000241	Visit to Site 43 during Trip5 2025 on 2025-10-14 12:07	https://rubalkhali.science/kb/RAK_1000043	Site 43	https://rubalkhali.science/kb/RAK_6002109	https://rubalkhali.science/kb/RAK_7791159	https://rubalkhali.science/kb/RAK_P000639	https://rubalkhali.science/kb/RAK_4000639	40.4	Domain: Bacteria; Phylum: Pseudomonadota; Class: Gammaproteobacteria; Order: Pseudomonadales; Family: Pseudomonadaceae; Genus: Pseudomonas	0.0004819952601415664
https://rubalkhali.science/kb/RAK_3000241	Visit to Site 43 during Trip5 2025 on 2025-10-14 12:07	https://rubalkhali.science/kb/RAK_1000043	Site 43	https://rubalkhali.science/kb/RAK_6002113	https://rubalkhali.science/kb/RAK_7791160	https://rubalkhali.science/kb/RAK_P000639	https://rubalkhali.science/kb/RAK_4000639	40.4	Domain: Bacteria; Phylum: Pseudomonadota; Class: Gammaproteobacteria; Order: Pseudomonadales; Family: Pseudomonadaceae; Genus: Pseudomonas	0.0002184142571979939
https://rubalkhali.science/kb/RAK_3000241	Visit to Site 43 during Trip5 2025 on 2025-10-14 12:07	https://rubalkhali.science/kb/RAK_1000043	Site 43	https://rubalkhali.science/kb/RAK_6002114	https://rubalkhali.science/kb/RAK_7791161	https://rubalkhali.science/kb/RAK_P000639	https://rubalkhali.science/kb/RAK_4000639	40.4	Domain: Bacteria; Phylum: Pseudomonadota; Class: Gammaproteobacteria; Order: Pseudomonadales; Family: Pseudomonadaceae; Genus: Pseudomonas	0.00017771639509908958
https://rubalkhali.science/kb/RAK_3000241	Visit to Site 43 during Trip5 2025 on 2025-10-14 12:07	https://rubalkhali.science/kb/RAK_1000043	Site 43	https://rubalkhali.science/kb/RAK_6002115	https://rubalkhali.science/kb/RAK_7791162	https://rubalkhali.science/kb/RAK_P000639	https://rubalkhali.science/kb/RAK_4000639	40.4	Domain: Bacteria; Phylum: Pseudomonadota; Class: Gammaproteobacteria; Order: Pseudomonadales; Family: Pseudomonadaceae; Genus: Pseudomonas	3.28520681966546e-05
https://rubalkhali.science/kb/RAK_3000242	Visit to Site 44 during Trip5 2025 on 2025-10-14 13:03	https://rubalkhali.science/kb/RAK_1000044	Site 44	https://rubalkhali.science/kb/RAK_6002122	https://rubalkhali.science/kb/RAK_7791164	https://rubalkhali.science/kb/RAK_P000642	https://rubalkhali.science/kb/RAK_4000642	37.1	Domain: Bacteria; Phylum: Pseudomonadota; Class: Gammaproteobacteria; Order: Pseudomonadales; Family: Pseudomonadaceae; Genus: Pseudomonas	0.0009345420076632445
https://rubalkhali.science/kb/RAK_3000243	Visit to Site 45 during Trip5 2025 on 2025-10-14 13:16	https://rubalkhali.science/kb/RAK_1000045	Site 45	https://rubalkhali.science/kb/RAK_6002130	https://rubalkhali.science/kb/RAK_7791172	https://rubalkhali.science/kb/RAK_P000645	https://rubalkhali.science/kb/RAK_4000645	39.5	Domain: Bacteria; Phylum: Pseudomonadota; Class: Gammaproteobacteria; Order: Pseudomonadales; Family: Pseudomonadaceae; Genus: Pseudomonas	0.000709686726370997
https://rubalkhali.science/kb/RAK_3000243	Visit to Site 45 during Trip5 2025 on 2025-10-14 13:16	https://rubalkhali.science/kb/RAK_1000045	Site 45	https://rubalkhali.science/kb/RAK_6002131	https://rubalkhali.science/kb/RAK_7791169	https://rubalkhali.science/kb/RAK_P000645	https://rubalkhali.science/kb/RAK_4000645	39.5	Domain: Bacteria; Phylum: Pseudomonadota; Class: Gammaproteobacteria; Order: Pseudomonadales; Family: Pseudomonadaceae; Genus: Pseudomonas	0.0003779226014512228
https://rubalkhali.science/kb/RAK_3000243	Visit to Site 45 during Trip5 2025 on 2025-10-14 13:16	https://rubalkhali.science/kb/RAK_1000045	Site 45	https://rubalkhali.science/kb/RAK_6002132	https://rubalkhali.science/kb/RAK_7791170	https://rubalkhali.science/kb/RAK_P000645	https://rubalkhali.science/kb/RAK_4000645	39.5	Domain: Bacteria; Phylum: Pseudomonadota; Class: Gammaproteobacteria; Order: Pseudomonadales; Family: Pseudomonadaceae; Genus: Pseudomonas	0.0002499819724539096
https://rubalkhali.science/kb/RAK_3000243	Visit to Site 45 during Trip5 2025 on 2025-10-14 13:16	https://rubalkhali.science/kb/RAK_1000045	Site 45	https://rubalkhali.science/kb/RAK_6002133	https://rubalkhali.science/kb/RAK_7791171	https://rubalkhali.science/kb/RAK_P000645	https://rubalkhali.science/kb/RAK_4000645	39.5	Domain: Bacteria; Phylum: Pseudomonadota; Class: Gammaproteobacteria; Order: Pseudomonadales; Family: Pseudomonadaceae; Genus: Pseudomonas	0.00035536837287494116
https://rubalkhali.science/kb/RAK_3000244	Visit to Site 46 during Trip5 2025 on 2025-10-14 14:02	https://rubalkhali.science/kb/RAK_1000046	Site 46	https://rubalkhali.science/kb/RAK_6002140	https://rubalkhali.science/kb/RAK_7791173	https://rubalkhali.science/kb/RAK_P000648	https://rubalkhali.science/kb/RAK_4000648	38.6	Domain: Bacteria; Phylum: Pseudomonadota; Class: Gammaproteobacteria; Order: Pseudomonadales; Family: Pseudomonadaceae; Genus: Pseudomonas	0.0002914373098699011
https://rubalkhali.science/kb/RAK_3000244	Visit to Site 46 during Trip5 2025 on 2025-10-14 14:02	https://rubalkhali.science/kb/RAK_1000046	Site 46	https://rubalkhali.science/kb/RAK_6002141	https://rubalkhali.science/kb/RAK_7791174	https://rubalkhali.science/kb/RAK_P000648	https://rubalkhali.science/kb/RAK_4000648	38.6	Domain: Bacteria; Phylum: Pseudomonadota; Class: Gammaproteobacteria; Order: Pseudomonadales; Family: Pseudomonadaceae; Genus: Pseudomonas	0.002531366194550356
https://rubalkhali.science/kb/RAK_3000244	Visit to Site 46 during Trip5 2025 on 2025-10-14 14:02	https://rubalkhali.science/kb/RAK_1000046	Site 46	https://rubalkhali.science/kb/RAK_6002142	https://rubalkhali.science/kb/RAK_7791175	https://rubalkhali.science/kb/RAK_P000648	https://rubalkhali.science/kb/RAK_4000648	38.6	Domain: Bacteria; Phylum: Pseudomonadota; Class: Gammaproteobacteria; Order: Pseudomonadales; Family: Pseudomonadaceae; Genus: Pseudomonas	0.0021768390405695922
https://rubalkhali.science/kb/RAK_3000246	Visit to Site 48 during Trip5 2025 on 2025-10-14 15:30	https://rubalkhali.science/kb/RAK_1000048	Site 48	https://rubalkhali.science/kb/RAK_6002152	https://rubalkhali.science/kb/RAK_7791179	https://rubalkhali.science/kb/RAK_P000654	https://rubalkhali.science/kb/RAK_4000654	36.7	Domain: Bacteria; Phylum: Pseudomonadota; Class: Gammaproteobacteria; Order: Pseudomonadales; Family: Pseudomonadaceae; Genus: Pseudomonas	8.120736613278029e-05
https://rubalkhali.science/kb/RAK_3000246	Visit to Site 48 during Trip5 2025 on 2025-10-14 15:30	https://rubalkhali.science/kb/RAK_1000048	Site 48	https://rubalkhali.science/kb/RAK_6002153	https://rubalkhali.science/kb/RAK_7791180	https://rubalkhali.science/kb/RAK_P000654	https://rubalkhali.science/kb/RAK_4000654	36.7	Domain: Bacteria; Phylum: Pseudomonadota; Class: Gammaproteobacteria; Order: Pseudomonadales; Family: Pseudomonadaceae; Genus: Pseudomonas	0.000111630526999131
https://rubalkhali.science/kb/RAK_3000246	Visit to Site 48 during Trip5 2025 on 2025-10-14 15:30	https://rubalkhali.science/kb/RAK_1000048	Site 48	https://rubalkhali.science/kb/RAK_6002154	https://rubalkhali.science/kb/RAK_7791181	https://rubalkhali.science/kb/RAK_P000654	https://rubalkhali.science/kb/RAK_4000654	36.7	Domain: Bacteria; Phylum: Pseudomonadota; Class: Gammaproteobacteria; Order: Pseudomonadales; Family: Pseudomonadaceae; Genus: Pseudomonas	0.00020638022262717634
https://rubalkhali.science/kb/RAK_3000246	Visit to Site 48 during Trip5 2025 on 2025-10-14 15:30	https://rubalkhali.science/kb/RAK_1000048	Site 48	https://rubalkhali.science/kb/RAK_6002158	https://rubalkhali.science/kb/RAK_7791182	https://rubalkhali.science/kb/RAK_P000654	https://rubalkhali.science/kb/RAK_4000654	36.7	Domain: Bacteria; Phylum: Pseudomonadota; Class: Gammaproteobacteria; Order: Pseudomonadales; Family: Pseudomonadaceae; Genus: Pseudomonas	6.0979969131519074e-05
https://rubalkhali.science/kb/RAK_3000247	Visit to Site 49 during Trip5 2025 on 2025-10-14 16:20	https://rubalkhali.science/kb/RAK_1000049	Site 49	https://rubalkhali.science/kb/RAK_6002162	https://rubalkhali.science/kb/RAK_7791183	https://rubalkhali.science/kb/RAK_P000657	https://rubalkhali.science/kb/RAK_4000657	35.2	Domain: Bacteria; Phylum: Pseudomonadota; Class: Gammaproteobacteria; Order: Pseudomonadales; Family: Pseudomonadaceae; Genus: Pseudomonas	5.308426378251241e-05
https://rubalkhali.science/kb/RAK_3000252	Visit to Site 54 during Trip5 2025 on 2025-10-15 09:14	https://rubalkhali.science/kb/RAK_1000054	Site 54	https://rubalkhali.science/kb/RAK_6002212	https://rubalkhali.science/kb/RAK_7791196	https://rubalkhali.science/kb/RAK_P000672	https://rubalkhali.science/kb/RAK_4000672	37.5	Domain: Bacteria; Phylum: Pseudomonadota; Class: Gammaproteobacteria; Order: Pseudomonadales; Family: Pseudomonadaceae; Genus: Pseudomonas	0.0005416140097490522
https://rubalkhali.science/kb/RAK_3000252	Visit to Site 54 during Trip5 2025 on 2025-10-15 09:14	https://rubalkhali.science/kb/RAK_1000054	Site 54	https://rubalkhali.science/kb/RAK_6002213	https://rubalkhali.science/kb/RAK_7791197	https://rubalkhali.science/kb/RAK_P000672	https://rubalkhali.science/kb/RAK_4000672	37.5	Domain: Bacteria; Phylum: Pseudomonadota; Class: Gammaproteobacteria; Order: Pseudomonadales; Family: Pseudomonadaceae; Genus: Pseudomonas	0.00028754118882307067
https://rubalkhali.science/kb/RAK_3000252	Visit to Site 54 during Trip5 2025 on 2025-10-15 09:14	https://rubalkhali.science/kb/RAK_1000054	Site 54	https://rubalkhali.science/kb/RAK_6002214	https://rubalkhali.science/kb/RAK_7791198	https://rubalkhali.science/kb/RAK_P000672	https://rubalkhali.science/kb/RAK_4000672	37.5	Domain: Bacteria; Phylum: Pseudomonadota; Class: Gammaproteobacteria; Order: Pseudomonadales; Family: Pseudomonadaceae; Genus: Pseudomonas	0.0005926969046069929
https://rubalkhali.science/kb/RAK_3000253	Visit to Site 55 during Trip5 2025 on 2025-10-15 09:59	https://rubalkhali.science/kb/RAK_1000055	Site 55	https://rubalkhali.science/kb/RAK_6002215	https://rubalkhali.science/kb/RAK_7791199	https://rubalkhali.science/kb/RAK_P000675	https://rubalkhali.science/kb/RAK_4000675	39.3	Domain: Bacteria; Phylum: Pseudomonadota; Class: Gammaproteobacteria; Order: Pseudomonadales; Family: Pseudomonadaceae; Genus: Pseudomonas	0.00047761861938098906
https://rubalkhali.science/kb/RAK_3000253	Visit to Site 55 during Trip5 2025 on 2025-10-15 09:59	https://rubalkhali.science/kb/RAK_1000055	Site 55	https://rubalkhali.science/kb/RAK_6002219	https://rubalkhali.science/kb/RAK_7791203	https://rubalkhali.science/kb/RAK_P000675	https://rubalkhali.science/kb/RAK_4000675	39.3	Domain: Bacteria; Phylum: Pseudomonadota; Class: Gammaproteobacteria; Order: Pseudomonadales; Family: Pseudomonadaceae; Genus: Pseudomonas	0.0005372626340264621
https://rubalkhali.science/kb/RAK_3000253	Visit to Site 55 during Trip5 2025 on 2025-10-15 09:59	https://rubalkhali.science/kb/RAK_1000055	Site 55	https://rubalkhali.science/kb/RAK_6002220	https://rubalkhali.science/kb/RAK_7791204	https://rubalkhali.science/kb/RAK_P000675	https://rubalkhali.science/kb/RAK_4000675	39.3	Domain: Bacteria; Phylum: Pseudomonadota; Class: Gammaproteobacteria; Order: Pseudomonadales; Family: Pseudomonadaceae; Genus: Pseudomonas	0.0011210357855239489
https://rubalkhali.science/kb/RAK_3000253	Visit to Site 55 during Trip5 2025 on 2025-10-15 09:59	https://rubalkhali.science/kb/RAK_1000055	Site 55	https://rubalkhali.science/kb/RAK_6002221	https://rubalkhali.science/kb/RAK_7791200	https://rubalkhali.science/kb/RAK_P000675	https://rubalkhali.science/kb/RAK_4000675	39.3	Domain: Bacteria; Phylum: Pseudomonadota; Class: Gammaproteobacteria; Order: Pseudomonadales; Family: Pseudomonadaceae; Genus: Pseudomonas	0.005641157389950512
https://rubalkhali.science/kb/RAK_3000253	Visit to Site 55 during Trip5 2025 on 2025-10-15 09:59	https://rubalkhali.science/kb/RAK_1000055	Site 55	https://rubalkhali.science/kb/RAK_6002222	https://rubalkhali.science/kb/RAK_7791201	https://rubalkhali.science/kb/RAK_P000675	https://rubalkhali.science/kb/RAK_4000675	39.3	Domain: Bacteria; Phylum: Pseudomonadota; Class: Gammaproteobacteria; Order: Pseudomonadales; Family: Pseudomonadaceae; Genus: Pseudomonas	0.006002462175018393
https://rubalkhali.science/kb/RAK_3000253	Visit to Site 55 during Trip5 2025 on 2025-10-15 09:59	https://rubalkhali.science/kb/RAK_1000055	Site 55	https://rubalkhali.science/kb/RAK_6002223	https://rubalkhali.science/kb/RAK_7791202	https://rubalkhali.science/kb/RAK_P000675	https://rubalkhali.science/kb/RAK_4000675	39.3	Domain: Bacteria; Phylum: Pseudomonadota; Class: Gammaproteobacteria; Order: Pseudomonadales; Family: Pseudomonadaceae; Genus: Pseudomonas	0.0049277730327899295
https://rubalkhali.science/kb/RAK_3000255	Visit to Site 57 during Trip5 2025 on 2025-10-15 11:18	https://rubalkhali.science/kb/RAK_1000057	Site 57	https://rubalkhali.science/kb/RAK_6002240	https://rubalkhali.science/kb/RAK_7791205	https://rubalkhali.science/kb/RAK_P000681	https://rubalkhali.science/kb/RAK_4000681	39.4	Domain: Bacteria; Phylum: Pseudomonadota; Class: Gammaproteobacteria; Order: Pseudomonadales; Family: Pseudomonadaceae; Genus: Pseudomonas	0.0029527036759076056
https://rubalkhali.science/kb/RAK_3000255	Visit to Site 57 during Trip5 2025 on 2025-10-15 11:18	https://rubalkhali.science/kb/RAK_1000057	Site 57	https://rubalkhali.science/kb/RAK_6002241	https://rubalkhali.science/kb/RAK_7791206	https://rubalkhali.science/kb/RAK_P000681	https://rubalkhali.science/kb/RAK_4000681	39.4	Domain: Bacteria; Phylum: Pseudomonadota; Class: Gammaproteobacteria; Order: Pseudomonadales; Family: Pseudomonadaceae; Genus: Pseudomonas	0.008226571371317881
https://rubalkhali.science/kb/RAK_3000258	Visit to Site 60 during Trip5 2025 on 2025-10-15 13:55	https://rubalkhali.science/kb/RAK_1000060	Site 60	https://rubalkhali.science/kb/RAK_6002266	https://rubalkhali.science/kb/RAK_7791219	https://rubalkhali.science/kb/RAK_P000690	https://rubalkhali.science/kb/RAK_4000690	35.9	Domain: Bacteria; Phylum: Pseudomonadota; Class: Gammaproteobacteria; Order: Pseudomonadales; Family: Pseudomonadaceae; Genus: Pseudomonas	0.00016575981563646136
https://rubalkhali.science/kb/RAK_3000258	Visit to Site 60 during Trip5 2025 on 2025-10-15 13:55	https://rubalkhali.science/kb/RAK_1000060	Site 60	https://rubalkhali.science/kb/RAK_6002267	https://rubalkhali.science/kb/RAK_7791221	https://rubalkhali.science/kb/RAK_P000690	https://rubalkhali.science/kb/RAK_4000690	35.9	Domain: Bacteria; Phylum: Pseudomonadota; Class: Gammaproteobacteria; Order: Pseudomonadales; Family: Pseudomonadaceae; Genus: Pseudomonas	0.0003577554615722289
